personality_index,scenario_seed,action_seed,step,decision_time,pre_commitment_status,pre_commitment_task_id,pre_task_effort,pre_task_effort_target,pre_task_status,pre_boredom,pre_fatigue,pre_task_pressure,pre_satisfaction,pre_hunger,pre_bathroom_urge,pre_anxiety,pre_screen_strain,pre_purchase_urge,known_action_count,known_use_phone,known_shop_on_phone,known_use_computer,known_study_at_computer,known_study_focused,known_study_halfhearted,known_rest_at_bed,known_sleep_at_bed,known_go_to_bathroom,known_get_meal,known_turn_light_on,known_turn_light_off,known_turn_off_alarm,known_open_curtain,known_close_curtain,known_idle,p_use_phone,p_shop_on_phone,p_use_computer,p_study_at_computer,p_study_focused,p_study_halfhearted,p_rest_at_bed,p_sleep_at_bed,p_go_to_bathroom,p_get_meal,p_turn_light_on,p_turn_light_off,p_turn_off_alarm,p_open_curtain,p_close_curtain,p_idle,chosen_action,accepted,elapsed_minutes,simulation_total_minutes,target_object_id,failure_reason,event_ids,outcome_task_id,outcome_task_effort_gained,outcome_task_settlement_variation,outcome_task_session_interrupted,post_commitment_status,post_commitment_task_id,post_task_effort,post_task_effort_target,post_task_status,post_wallet,post_unread_messages,post_weather,post_temperature_celsius
1,1109,3448111451,1,Day 1 08:00,none,,0.000000,7.926921,active,0.550000,0.150000,0.550000,0.450000,0.250000,0.150000,0.200000,0.050000,0.100000,13,1,1,1,1,1,1,1,1,1,1,0,1,0,0,1,1,0.133888,0.078490,0.109458,0.120964,0.125843,0.113381,0.084719,0.000000,0.077825,0.086580,0.000000,0.000000,0.000000,0.000000,0.000000,0.068853,shop_on_phone,1,20,500,phone,none,,,0.000000,1.000000,0,none,,0.000000,7.926921,active,90,0,clear,23.000000
1,1109,3448111451,2,Day 1 08:20,none,,0.000000,7.926921,active,0.556667,0.162951,0.639227,0.543333,0.266667,0.163333,0.219988,0.110000,0.000000,13,1,1,1,1,1,1,1,1,1,1,0,1,0,0,1,1,0.136122,0.000000,0.111477,0.141952,0.149232,0.126069,0.091402,0.000000,0.081708,0.091204,0.000000,0.000000,0.000000,0.000000,0.000000,0.070834,study_focused,1,35,535,desk,none,,coursework,0.408032,0.983293,0,active,coursework,0.408032,7.926921,active,90,0,clear,23.000000
1,1109,3448111451,3,Day 1 08:55,active,coursework,0.408032,7.926921,active,0.588333,0.286951,0.503047,0.611667,0.295833,0.186667,0.173317,0.075000,0.000000,13,1,1,1,1,1,1,1,1,1,1,0,1,0,0,1,1,0.136768,0.000000,0.113068,0.132248,0.140100,0.132662,0.098665,0.000000,0.082772,0.092933,0.000000,0.000000,0.000000,0.000000,0.000000,0.070783,study_at_computer,1,35,570,computer,none,,coursework,0.860911,0.940662,0,active,coursework,1.268943,7.926921,active,90,0,clear,23.000000
1,1109,3448111451,4,Day 1 09:30,active,coursework,1.268943,7.926921,active,0.620000,0.414665,0.366868,0.680000,0.325000,0.210000,0.123317,0.120000,0.000000,13,1,1,1,1,1,1,1,1,1,1,0,1,0,0,1,1,0.131314,0.000000,0.109841,0.100951,0.107768,0.114483,0.109789,0.000000,0.082354,0.093005,0.000000,0.081025,0.000000,0.000000,0.000000,0.069470,turn_light_off,1,1,571,light,none,,,0.000000,1.000000,0,active,coursework,1.268943,7.926921,active,90,0,clear,23.000000
1,1109,3448111451,5,Day 1 09:31,active,coursework,1.268943,7.926921,active,0.620333,0.415065,0.366868,0.699667,0.325833,0.210667,0.123317,0.119000,0.000000,10,1,1,1,0,0,0,1,1,1,1,1,0,0,0,1,1,0.192465,0.000000,0.160986,0.000000,0.000000,0.000000,0.160795,0.000000,0.120732,0.136370,0.126882,0.000000,0.000000,0.000000,0.000000,0.101770,use_phone,1,25,596,phone,none,,,0.000000,1.000000,0,active,coursework,1.268943,7.926921,active,90,0,clear,23.000000
1,1109,3448111451,6,Day 1 09:56,active,coursework,1.268943,7.926921,active,0.408667,0.512904,0.496094,0.731333,0.346667,0.227333,0.143304,0.214000,0.085000,10,1,1,1,0,0,0,1,1,1,1,1,0,0,0,1,1,0.133185,0.000000,0.118114,0.000000,0.000000,0.000000,0.155204,0.169719,0.103927,0.117879,0.118746,0.000000,0.000000,0.000000,0.000000,0.083226,rest_at_bed,1,60,656,bed,none,,,0.000000,1.000000,0,suspended,coursework,1.268943,7.926921,active,90,0,clear,23.000000
1,1109,3448111451,7,Day 1 10:56,suspended,coursework,1.268943,7.926921,active,0.468667,0.261607,0.585321,0.761333,0.396667,0.267333,0.163292,0.014000,0.049000,10,1,1,1,0,0,0,1,1,1,1,1,0,0,0,1,1,0.183283,0.000000,0.154530,0.000000,0.000000,0.000000,0.133404,0.000000,0.129456,0.148314,0.151854,0.000000,0.000000,0.000000,0.000000,0.099158,get_meal,1,35,691,door,none,,,0.000000,1.000000,0,suspended,coursework,1.268943,7.926921,active,90,0,clear,23.000000
1,1109,3448111451,8,Day 1 11:31,suspended,coursework,1.268943,7.926921,active,0.440333,0.275607,0.585321,0.881269,0.000000,0.290667,0.164610,0.000000,0.028000,10,1,1,1,0,0,0,1,1,1,1,1,0,0,0,1,1,0.211689,0.000000,0.179797,0.000000,0.000000,0.000000,0.157446,0.000000,0.156278,0.000000,0.178573,0.000000,0.000000,0.000000,0.000000,0.116216,go_to_bathroom,1,15,706,door,none,,,0.000000,1.000000,0,suspended,coursework,1.268943,7.926921,active,90,0,clear,23.000000
1,1109,3448111451,9,Day 1 11:46,suspended,coursework,1.268943,7.926921,active,0.445333,0.281607,0.585321,0.967872,0.012500,0.000000,0.165175,0.000000,0.019000,10,1,1,1,0,0,0,1,1,1,1,1,0,0,0,1,1,0.251036,0.000000,0.213171,0.000000,0.000000,0.000000,0.187111,0.000000,0.000000,0.000000,0.211179,0.000000,0.000000,0.000000,0.000000,0.137504,idle,1,10,716,,none,,,0.000000,1.000000,0,suspended,coursework,1.268943,7.926921,active,90,0,clear,23.000000
1,1109,3448111451,10,Day 1 11:56,suspended,coursework,1.268943,7.926921,active,0.568667,0.285607,0.724547,0.914539,0.020833,0.006667,0.185539,0.000000,0.013000,10,1,1,1,0,0,0,1,1,1,1,1,0,0,0,1,1,0.258199,0.000000,0.213917,0.000000,0.000000,0.000000,0.176186,0.000000,0.000000,0.000000,0.221784,0.000000,0.000000,0.000000,0.000000,0.129914,use_phone,1,25,741,phone,none,,,0.000000,1.000000,0,suspended,coursework,1.268943,7.926921,active,90,0,clear,23.000000
1,1109,3448111451,11,Day 1 12:21,suspended,coursework,1.268943,7.926921,active,0.357000,0.383447,0.853774,0.946206,0.041667,0.023333,0.210178,0.095000,0.098000,10,1,1,1,0,0,0,1,1,1,1,1,0,0,0,1,1,0.218023,0.000000,0.191515,0.000000,0.000000,0.000000,0.207404,0.000000,0.000000,0.000000,0.253419,0.000000,0.000000,0.000000,0.000000,0.129639,turn_light_on,1,1,742,light,none,,,0.000000,1.000000,0,suspended,coursework,1.268943,7.926921,active,90,0,clear,23.000000
1,1109,3448111451,12,Day 1 12:22,suspended,coursework,1.268943,7.926921,active,0.357333,0.383847,0.853774,0.965872,0.042500,0.024000,0.210502,0.094000,0.097400,13,1,1,1,1,1,1,1,1,1,1,0,1,0,0,1,1,0.102763,0.000000,0.090265,0.192720,0.212436,0.168624,0.097681,0.000000,0.000000,0.000000,0.000000,0.074437,0.000000,0.000000,0.000000,0.061074,turn_light_off,1,1,743,light,none,,,0.000000,1.000000,0,suspended,coursework,1.268943,7.926921,active,90,0,clear,23.000000
1,1109,3448111451,13,Day 1 12:23,suspended,coursework,1.268943,7.926921,active,0.357667,0.384247,0.853774,0.985539,0.043333,0.024667,0.210826,0.093000,0.096800,10,1,1,1,0,0,0,1,1,1,1,1,0,0,0,1,1,0.218179,0.000000,0.191638,0.000000,0.000000,0.000000,0.207226,0.000000,0.000000,0.000000,0.253354,0.000000,0.000000,0.000000,0.000000,0.129605,rest_at_bed,1,60,803,bed,none,,,0.000000,1.000000,0,suspended,coursework,1.268943,7.926921,active,90,0,clear,23.000000
1,1109,3448111451,14,Day 1 13:23,suspended,coursework,1.268943,7.926921,active,0.417667,0.132950,0.943001,1.000000,0.093333,0.064667,0.250243,0.000000,0.060800,10,1,1,1,0,0,0,1,1,1,1,1,0,0,0,1,1,0.241363,0.000000,0.202034,0.000000,0.000000,0.000000,0.157273,0.000000,0.000000,0.000000,0.270648,0.000000,0.000000,0.000000,0.000000,0.128682,use_phone,1,25,828,phone,none,,,0.000000,1.000000,0,suspended,coursework,1.268943,7.926921,active,90,0,clear,23.000000
1,1109,3448111451,15,Day 1 13:48,suspended,coursework,1.268943,7.926921,active,0.206000,0.230790,1.000000,1.000000,0.114167,0.081333,0.280704,0.095000,0.145800,10,1,1,1,0,0,0,1,1,1,1,1,0,0,0,1,1,0.176800,0.139981,0.156908,0.000000,0.000000,0.000000,0.160501,0.000000,0.000000,0.000000,0.253874,0.000000,0.000000,0.000000,0.000000,0.111936,rest_at_bed,1,60,888,bed,none,,,0.000000,1.000000,0,suspended,coursework,1.268943,7.926921,active,90,0,clear,23.000000
1,1109,3448111451,16,Day 1 14:48,suspended,coursework,1.268943,7.926921,active,0.266000,0.000000,1.000000,1.000000,0.164167,0.121333,0.329474,0.000000,0.109800,10,1,1,1,0,0,0,1,1,1,1,1,0,0,0,1,1,0.226429,0.000000,0.192026,0.000000,0.000000,0.000000,0.000000,0.000000,0.000000,0.157858,0.293977,0.000000,0.000000,0.000000,0.000000,0.129710,get_meal,1,35,923,door,none,task-reminder,,0.000000,1.000000,0,suspended,coursework,1.268943,7.926921,active,90,0,clear,23.000000
1,1109,3448111451,17,Day 1 15:23,suspended,coursework,1.268943,7.926921,active,0.237667,0.014000,1.000000,1.000000,0.000000,0.144667,0.458232,0.000000,0.088800,10,1,1,1,0,0,0,1,1,1,1,1,0,0,0,1,1,0.222802,0.000000,0.190405,0.000000,0.000000,0.000000,0.000000,0.000000,0.156066,0.000000,0.300599,0.000000,0.000000,0.000000,0.000000,0.130128,go_to_bathroom,1,15,938,door,none,,,0.000000,1.000000,0,suspended,coursework,1.268943,7.926921,active,90,0,clear,23.000000
1,1109,3448111451,18,Day 1 15:38,suspended,coursework,1.268943,7.926921,active,0.242667,0.020000,1.000000,1.000000,0.012500,0.000000,0.465427,0.000000,0.079800,10,1,1,1,0,0,0,1,1,1,1,1,0,0,0,1,1,0.264293,0.000000,0.225815,0.000000,0.000000,0.000000,0.000000,0.000000,0.000000,0.000000,0.355883,0.000000,0.000000,0.000000,0.000000,0.154010,use_computer,1,30,968,computer,none,,,0.000000,1.000000,0,suspended,coursework,1.268943,7.926921,active,90,0,clear,23.000000
1,1109,3448111451,19,Day 1 16:08,suspended,coursework,1.268943,7.926921,active,0.092667,0.138602,1.000000,0.990000,0.037500,0.020000,0.499806,0.080000,0.061800,10,1,1,1,0,0,0,1,1,1,1,1,0,0,0,1,1,0.199754,0.000000,0.179131,0.000000,0.000000,0.000000,0.173296,0.000000,0.000000,0.000000,0.314539,0.000000,0.000000,0.000000,0.000000,0.133280,use_phone,1,25,993,phone,none,room-temperature-shift|weather-clear,,0.000000,1.000000,0,suspended,coursework,1.268943,7.926921,active,90,0,clear,17.000000
1,1109,3448111451,20,Day 1 16:33,suspended,coursework,1.268943,7.926921,active,0.000000,0.276441,1.000000,0.961667,0.058333,0.036667,0.531786,0.175000,0.146800,10,1,1,1,0,0,0,1,1,1,1,1,0,0,0,1,1,0.152789,0.143285,0.142549,0.000000,0.000000,0.000000,0.176035,0.000000,0.000000,0.000000,0.271808,0.000000,0.000000,0.000000,0.000000,0.113534,idle,1,10,1003,,none,,,0.000000,1.000000,0,suspended,coursework,1.268943,7.926921,active,90,0,clear,17.000000
1,1109,3448111451,21,Day 1 16:43,suspended,coursework,1.268943,7.926921,active,0.123333,0.280441,1.000000,0.908333,0.066667,0.043333,0.556571,0.165000,0.140800,10,1,1,1,0,0,0,1,1,1,1,1,0,0,0,1,1,0.163267,0.139913,0.148584,0.000000,0.000000,0.000000,0.170587,0.000000,0.000000,0.000000,0.265534,0.000000,0.000000,0.000000,0.000000,0.112115,idle,1,10,1013,,none,,,0.000000,1.000000,0,suspended,coursework,1.268943,7.926921,active,90,0,clear,17.000000
1,1109,3448111451,22,Day 1 16:53,suspended,coursework,1.268943,7.926921,active,0.246667,0.284441,1.000000,0.855000,0.075000,0.050000,0.581356,0.155000,0.134800,10,1,1,1,0,0,0,1,1,1,1,1,0,0,0,1,1,0.174222,0.136432,0.154661,0.000000,0.000000,0.000000,0.165080,0.000000,0.000000,0.000000,0.259046,0.000000,0.000000,0.000000,0.000000,0.110560,rest_at_bed,1,60,1073,bed,none,message-study-group|evening,,0.000000,1.000000,0,suspended,coursework,1.268943,7.926921,active,90,1,clear,17.000000
1,1109,3448111451,23,Day 1 17:53,suspended,coursework,1.268943,7.926921,active,0.306667,0.033144,1.000000,0.885000,0.125000,0.090000,0.680126,0.000000,0.098800,10,1,1,1,0,0,0,1,1,1,1,1,0,0,0,1,1,0.268242,0.000000,0.226615,0.000000,0.000000,0.000000,0.000000,0.000000,0.000000,0.000000,0.354616,0.000000,0.000000,0.000000,0.000000,0.150526,use_phone,1,25,1098,phone,none,,,0.000000,1.000000,0,suspended,coursework,1.268943,7.926921,active,90,1,clear,17.000000
1,1109,3448111451,24,Day 1 18:18,suspended,coursework,1.268943,7.926921,active,0.095000,0.130984,1.000000,0.916667,0.145833,0.106667,0.712106,0.095000,0.183800,10,1,1,1,0,0,0,1,1,1,1,1,0,0,0,1,1,0.148725,0.130123,0.133216,0.000000,0.000000,0.000000,0.126537,0.000000,0.000000,0.120949,0.240961,0.000000,0.000000,0.000000,0.000000,0.099489,use_phone,1,25,1123,phone,none,,,0.000000,1.000000,0,suspended,coursework,1.268943,7.926921,active,90,1,clear,17.000000
1,1109,3448111451,25,Day 1 18:43,suspended,coursework,1.268943,7.926921,active,0.000000,0.228823,1.000000,0.948333,0.166667,0.123333,0.744086,0.190000,0.268800,10,1,1,1,0,0,0,1,1,1,1,1,0,0,0,1,1,0.131906,0.140681,0.122321,0.000000,0.000000,0.000000,0.143581,0.000000,0.000000,0.123071,0.240557,0.000000,0.000000,0.000000,0.000000,0.097883,turn_light_on,1,1,1124,light,none,,,0.000000,1.000000,0,suspended,coursework,1.268943,7.926921,active,90,1,clear,17.000000
1,1109,3448111451,26,Day 1 18:44,suspended,coursework,1.268943,7.926921,active,0.000333,0.229223,1.000000,0.968000,0.167500,0.124000,0.744566,0.189000,0.268200,13,1,1,1,1,1,1,1,1,1,1,0,1,0,0,1,1,0.059239,0.063108,0.054933,0.210750,0.232367,0.215941,0.064431,0.000000,0.000000,0.055294,0.000000,0.000000,0.000000,0.000000,0.000000,0.043938,study_focused,1,35,1159,desk,none,,coursework,0.382999,0.922969,0,active,coursework,1.651943,7.926921,active,90,1,clear,17.000000
1,1109,3448111451,27,Day 1 19:19,active,coursework,1.651943,7.926921,active,0.032000,0.353223,0.863821,1.000000,0.196667,0.147333,0.711355,0.154000,0.247200,13,1,1,1,1,1,1,1,1,1,1,0,1,0,0,1,1,0.065963,0.067634,0.061747,0.182401,0.201833,0.111238,0.076963,0.000000,0.059353,0.062440,0.000000,0.061769,0.000000,0.000000,0.000000,0.048659,study_halfhearted,1,35,1194,desk,none,,coursework,0.232254,0.932828,0,active,coursework,1.884197,7.926921,active,90,1,clear,17.000000
1,1109,3448111451,28,Day 1 19:54,active,coursework,1.884197,7.926921,active,0.093667,0.447223,0.791191,1.000000,0.225833,0.170667,0.703064,0.119000,0.226200,13,1,1,1,1,1,1,1,1,1,1,0,1,0,0,1,1,0.071560,0.068965,0.066939,0.166199,0.183905,0.110395,0.084865,0.000000,0.063260,0.066940,0.000000,0.065859,0.000000,0.000000,0.000000,0.051111,go_to_bathroom,1,15,1209,door,none,,,0.000000,1.000000,0,suspended,coursework,1.884197,7.926921,active,90,1,clear,17.000000
1,1109,3448111451,29,Day 1 20:09,suspended,coursework,1.884197,7.926921,active,0.098667,0.453223,0.791191,1.000000,0.238333,0.000000,0.706921,0.104000,0.217200,13,1,1,1,1,1,1,1,1,1,1,0,1,0,0,1,1,0.076926,0.072879,0.071919,0.177115,0.195983,0.117941,0.090170,0.000000,0.000000,0.072388,0.000000,0.070136,0.000000,0.000000,0.000000,0.054543,idle,1,10,1219,,none,,,0.000000,1.000000,0,suspended,coursework,1.884197,7.926921,active,90,1,clear,17.000000
1,1109,3448111451,30,Day 1 20:19,suspended,coursework,1.884197,7.926921,active,0.222000,0.457223,0.930418,0.946667,0.246667,0.006667,0.729480,0.094000,0.211200,13,1,1,1,1,1,1,1,1,1,1,0,1,0,0,1,1,0.075400,0.065276,0.068761,0.193218,0.212527,0.127845,0.080170,0.000000,0.000000,0.065266,0.000000,0.062593,0.000000,0.000000,0.000000,0.048944,shop_on_phone,1,20,1239,phone,none,,,0.000000,1.000000,0,suspended,coursework,1.884197,7.926921,active,60,1,clear,17.000000
1,1109,3448111451,31,Day 1 20:39,suspended,coursework,1.884197,7.926921,active,0.228667,0.470175,1.000000,1.000000,0.263333,0.020000,0.757578,0.154000,0.000000,13,1,1,1,1,1,1,1,1,1,1,0,1,0,0,1,1,0.067977,0.000000,0.062098,0.195939,0.216813,0.128527,0.076628,0.087781,0.000000,0.060965,0.000000,0.058564,0.000000,0.000000,0.000000,0.044708,study_focused,1,35,1274,desk,none,,coursework,0.432526,1.042320,0,active,coursework,2.316723,7.926921,active,60,1,clear,17.000000
1,1109,3448111451,32,Day 1 21:14,active,coursework,2.316723,7.926921,active,0.260333,0.594175,0.863821,1.000000,0.292500,0.043333,0.724367,0.119000,0.000000,13,1,1,1,1,1,1,1,1,1,1,0,1,0,0,1,1,0.075241,0.000000,0.069387,0.168573,0.186531,0.116610,0.090987,0.108891,0.000000,0.068435,0.000000,0.066127,0.000000,0.000000,0.000000,0.049217,rest_at_bed,1,60,1334,bed,none,,,0.000000,1.000000,0,suspended,coursework,2.316723,7.926921,active,60,1,clear,17.000000
1,1109,3448111451,33,Day 1 22:14,suspended,coursework,2.316723,7.926921,active,0.320333,0.342878,0.953047,1.000000,0.342500,0.083333,0.764427,0.000000,0.000000,13,1,1,1,1,1,1,1,1,1,1,0,1,0,0,1,1,0.092182,0.000000,0.080966,0.225385,0.249395,0.144942,0.074707,0.000000,0.000000,0.078775,0.000000,0.000000,0.000000,0.000000,0.000000,0.053647,rest_at_bed,1,60,1394,bed,none,,,0.000000,1.000000,0,suspended,coursework,2.316723,7.926921,active,60,1,clear,17.000000
1,1109,3448111451,34,Day 1 23:14,suspended,coursework,2.316723,7.926921,active,0.380333,0.091581,1.000000,1.000000,0.392500,0.123333,0.810194,0.000000,0.000000,13,1,1,1,1,1,1,1,1,1,1,0,1,0,0,1,1,0.096176,0.000000,0.080670,0.252003,0.278849,0.159949,0.000000,0.000000,0.000000,0.080373,0.000000,0.000000,0.000000,0.000000,0.000000,0.051980,get_meal,1,35,1429,door,none,,,0.000000,1.000000,0,suspended,coursework,2.316723,7.926921,active,60,1,clear,17.000000
1,1109,3448111451,35,Day 1 23:49,suspended,coursework,2.316723,7.926921,active,0.352000,0.105581,1.000000,1.000000,0.000000,0.146667,0.826984,0.000000,0.000000,13,1,1,1,1,1,1,1,1,1,1,0,1,0,0,1,1,0.095839,0.000000,0.081006,0.256802,0.284159,0.166713,0.000000,0.000000,0.062671,0.000000,0.000000,0.000000,0.000000,0.000000,0.000000,0.052810,study_at_computer,1,35,1464,computer,none,,coursework,0.944089,1.031544,0,active,coursework,3.260811,7.926921,active,60,1,clear,17.000000
1,1109,3448111451,36,Day 2 00:24,active,coursework,3.260811,7.926921,active,0.383667,0.233294,0.863821,1.000000,0.029167,0.170000,0.793773,0.045000,0.000000,13,1,1,1,1,1,1,1,1,1,1,0,1,0,0,1,1,0.102175,0.000000,0.087381,0.218490,0.241766,0.149663,0.073736,0.000000,0.069238,0.000000,0.000000,0.000000,0.000000,0.000000,0.000000,0.057552,study_focused,1,35,1499,desk,none,,coursework,0.451823,1.088824,0,active,coursework,3.712634,7.926921,active,60,1,clear,17.000000
1,1109,3448111451,37,Day 2 00:59,active,coursework,3.712634,7.926921,active,0.415333,0.357294,0.727641,1.000000,0.058333,0.193333,0.755482,0.010000,0.000000,13,1,1,1,1,1,1,1,1,1,1,0,1,0,0,1,1,0.115446,0.000000,0.099667,0.191664,0.212083,0.148166,0.089425,0.000000,0.078875,0.000000,0.000000,0.000000,0.000000,0.000000,0.000000,0.064673,go_to_bathroom,1,15,1514,door,none,,,0.000000,1.000000,0,suspended,coursework,3.712634,7.926921,active,60,1,clear,17.000000
1,1109,3448111451,38,Day 2 01:14,suspended,coursework,3.712634,7.926921,active,0.420333,0.363294,0.727641,1.000000,0.070833,0.000000,0.758322,0.000000,0.000000,13,1,1,1,1,1,1,1,1,1,1,0,1,0,0,1,1,0.125967,0.000000,0.108702,0.207620,0.229738,0.160919,0.096886,0.000000,0.000000,0.000000,0.000000,0.000000,0.000000,0.000000,0.000000,0.070169,study_focused,1,35,1549,desk,none,,coursework,0.391009,0.942271,0,active,coursework,4.103643,7.926921,active,60,1,clear,17.000000
1,1109,3448111451,39,Day 2 01:49,active,coursework,4.103643,7.926921,active,0.452000,0.487294,0.591462,1.000000,0.100000,0.023333,0.714950,0.000000,0.000000,13,1,1,1,1,1,1,1,1,1,1,0,1,0,0,1,1,0.127949,0.000000,0.111548,0.165481,0.183110,0.144821,0.109062,0.000000,0.000000,0.000000,0.000000,0.086304,0.000000,0.000000,0.000000,0.071725,study_focused,1,35,1584,desk,none,,coursework,0.425665,1.025788,0,active,coursework,4.529308,7.926921,active,60,1,clear,17.000000
1,1109,3448111451,40,Day 2 02:24,active,coursework,4.529308,7.926921,active,0.483667,0.611294,0.455282,1.000000,0.129167,0.046667,0.666497,0.000000,0.000000,13,1,1,1,1,1,1,1,1,1,1,0,1,0,0,1,1,0.119752,0.000000,0.105474,0.121393,0.134325,0.120018,0.113189,0.134175,0.000000,0.000000,0.000000,0.084117,0.000000,0.000000,0.000000,0.067556,idle,1,10,1594,,none,,,0.000000,1.000000,0,active,coursework,4.529308,7.926921,active,60,1,clear,17.000000
1,1109,3448111451,41,Day 2 02:34,active,coursework,4.529308,7.926921,active,0.607000,0.615294,0.594509,0.946667,0.137500,0.053333,0.686485,0.000000,0.000000,13,1,1,1,1,1,1,1,1,1,1,0,1,0,0,1,1,0.111852,0.000000,0.096119,0.126550,0.139197,0.120238,0.096791,0.115182,0.000000,0.064148,0.000000,0.071959,0.000000,0.000000,0.000000,0.057963,study_at_computer,1,35,1629,computer,none,task-deadline,coursework,0.833426,0.910630,0,active,coursework,5.362734,7.926921,active,60,1,clear,17.000000
1,1109,3448111451,42,Day 2 03:09,active,coursework,5.362734,7.926921,active,0.638667,0.743008,0.458329,1.000000,0.166667,0.076667,0.638146,0.045000,0.000000,13,1,1,1,1,1,1,1,1,1,1,0,1,0,0,1,1,0.113563,0.000000,0.098741,0.102190,0.113076,0.109746,0.113871,0.142496,0.000000,0.067887,0.000000,0.078275,0.000000,0.000000,0.000000,0.060156,sleep_at_bed,1,480,2109,bed,none,alarm-rings|weather-rain,,0.000000,1.000000,0,suspended,coursework,5.362734,7.926921,active,60,1,rain,17.000000
1,1109,3448111451,43,Day 2 11:09,suspended,coursework,5.362734,7.926921,active,0.778667,0.413605,0.577556,0.920000,0.566667,0.396667,0.694123,0.000000,0.000000,14,1,1,1,1,1,1,1,1,1,1,0,1,1,0,1,1,0.120802,0.000000,0.097551,0.121478,0.133219,0.121321,0.075696,0.000000,0.080032,0.095585,0.000000,0.000000,0.099451,0.000000,0.000000,0.054865,get_meal,1,35,2144,door,none,,,0.000000,1.000000,0,suspended,coursework,5.362734,7.926921,active,60,1,rain,17.000000
1,1109,3448111451,44,Day 2 11:44,suspended,coursework,5.362734,7.926921,active,0.750333,0.427605,0.577556,1.000000,0.045833,0.420000,0.695151,0.000000,0.000000,14,1,1,1,1,1,1,1,1,1,1,0,1,1,0,1,1,0.122003,0.000000,0.099279,0.125020,0.138338,0.127909,0.079108,0.000000,0.084880,0.000000,0.000000,0.064210,0.102759,0.000000,0.000000,0.056494,rest_at_bed,1,60,2204,bed,none,,,0.000000,1.000000,0,suspended,coursework,5.362734,7.926921,active,60,1,rain,17.000000
1,1109,3448111451,45,Day 2 12:44,suspended,coursework,5.362734,7.926921,active,0.810333,0.176309,0.666782,1.000000,0.095833,0.460000,0.716902,0.000000,0.000000,14,1,1,1,1,1,1,1,1,1,1,0,1,1,0,1,1,0.129325,0.000000,0.100499,0.149913,0.165884,0.147740,0.062659,0.000000,0.087111,0.000000,0.000000,0.000000,0.101413,0.000000,0.000000,0.055455,use_phone,1,25,2229,phone,none,room-temperature-shift,,0.000000,1.000000,0,suspended,coursework,5.362734,7.926921,active,60,1,rain,17.000000
1,1109,3448111451,46,Day 2 13:09,suspended,coursework,5.362734,7.926921,active,0.598667,0.274148,0.796009,1.000000,0.116667,0.476667,0.740001,0.095000,0.085000,14,1,1,1,1,1,1,1,1,1,1,0,1,1,0,1,1,0.102538,0.000000,0.084484,0.170196,0.188327,0.148511,0.069272,0.000000,0.085917,0.000000,0.000000,0.000000,0.098793,0.000000,0.000000,0.051961,study_at_computer,1,35,2264,computer,none,,coursework,0.902746,0.986372,0,active,coursework,6.265480,7.926921,active,60,1,rain,17.000000
1,1109,3448111451,47,Day 2 13:44,active,coursework,6.265480,7.926921,active,0.630333,0.401862,0.659829,1.000000,0.145833,0.500000,0.699180,0.140000,0.064000,14,1,1,1,1,1,1,1,1,1,1,0,1,1,0,1,1,0.098791,0.000000,0.082357,0.130637,0.144554,0.116388,0.077270,0.000000,0.085779,0.057260,0.000000,0.060815,0.094974,0.000000,0.000000,0.051173,study_halfhearted,1,35,2299,desk,none,,coursework,0.242264,0.973031,0,active,coursework,6.507744,7.926921,active,60,1,rain,17.000000
1,1109,3448111451,48,Day 2 14:19,active,coursework,6.507744,7.926921,active,0.692000,0.495862,0.587200,1.000000,0.175000,0.523333,0.683278,0.105000,0.043000,14,1,1,1,1,1,1,1,1,1,1,0,1,1,0,1,1,0.096164,0.000000,0.080109,0.106622,0.117980,0.103542,0.076516,0.087476,0.082033,0.055080,0.000000,0.058180,0.088068,0.000000,0.000000,0.048230,go_to_bathroom,1,15,2314,door,none,,,0.000000,1.000000,0,suspended,coursework,6.507744,7.926921,active,60,1,rain,17.000000
1,1109,3448111451,49,Day 2 14:34,suspended,coursework,6.507744,7.926921,active,0.697000,0.501862,0.587200,1.000000,0.187500,0.000000,0.683873,0.090000,0.034000,14,1,1,1,1,1,1,1,1,1,1,0,1,1,0,1,1,0.105425,0.000000,0.087776,0.115793,0.128129,0.112768,0.082941,0.094940,0.000000,0.060744,0.000000,0.063187,0.095807,0.000000,0.000000,0.052489,study_at_computer,1,35,2349,computer,none,,coursework,0.927812,1.013760,0,active,coursework,7.435557,7.926921,active,60,1,rain,17.000000
1,1109,3448111451,50,Day 2 15:09,active,coursework,7.435557,7.926921,active,0.728667,0.629575,0.451021,1.000000,0.216667,0.023333,0.635261,0.135000,0.013000,14,1,1,1,1,1,1,1,1,1,1,0,1,1,0,1,1,0.107418,0.000000,0.090491,0.093830,0.103826,0.103289,0.097927,0.117871,0.000000,0.064512,0.000000,0.068977,0.097191,0.000000,0.000000,0.054669,turn_light_off,1,1,2350,light,none,,,0.000000,1.000000,0,active,coursework,7.435557,7.926921,active,60,1,rain,17.000000
1,1109,3448111451,51,Day 2 15:10,active,coursework,7.435557,7.926921,active,0.729000,0.629975,0.451021,1.000000,0.217500,0.024000,0.635261,0.134000,0.012400,11,1,1,1,0,0,0,1,1,1,1,1,0,1,0,1,1,0.151974,0.000000,0.128021,0.000000,0.000000,0.000000,0.138442,0.166652,0.000000,0.091308,0.108862,0.000000,0.137433,0.000000,0.000000,0.077308,use_computer,1,30,2380,computer,none,,,0.000000,1.000000,0,active,coursework,7.435557,7.926921,active,60,1,rain,17.000000
1,1109,3448111451,52,Day 2 15:40,active,coursework,7.435557,7.926921,active,0.579000,0.748577,0.560248,0.990000,0.242500,0.044000,0.655248,0.214000,0.000000,11,1,1,1,0,0,0,1,1,1,1,1,0,1,0,1,1,0.116338,0.000000,0.102859,0.000000,0.000000,0.000000,0.142289,0.181364,0.000000,0.083670,0.105856,0.000000,0.123194,0.000000,0.077166,0.067265,idle,1,10,2390,,none,,,0.000000,1.000000,0,active,coursework,7.435557,7.926921,active,60,1,rain,17.000000
1,1109,3448111451,53,Day 2 15:50,active,coursework,7.435557,7.926921,active,0.702333,0.752577,0.699474,0.936667,0.250833,0.050667,0.675345,0.204000,0.000000,11,1,1,1,0,0,0,1,1,1,1,1,0,1,0,1,1,0.123722,0.000000,0.106702,0.000000,0.000000,0.000000,0.137299,0.175536,0.000000,0.081850,0.114558,0.000000,0.120084,0.000000,0.074759,0.065490,use_phone,1,25,2415,phone,none,message-study-group,,0.000000,1.000000,0,active,coursework,7.435557,7.926921,active,60,2,rain,17.000000
1,1109,3448111451,54,Day 2 16:15,active,coursework,7.435557,7.926921,active,0.490667,0.850416,0.908701,0.968333,0.271667,0.067333,0.749316,0.299000,0.085000,11,1,1,1,0,0,0,1,1,1,1,1,0,1,0,1,1,0.097156,0.000000,0.088839,0.000000,0.000000,0.000000,0.149480,0.202131,0.000000,0.080288,0.130297,0.000000,0.117526,0.000000,0.073834,0.060449,turn_light_on,1,1,2416,light,none,,,0.000000,1.000000,0,active,coursework,7.435557,7.926921,active,60,2,rain,17.000000
1,1109,3448111451,55,Day 2 16:16,active,coursework,7.435557,7.926921,active,0.491000,0.850816,0.908701,0.988000,0.272500,0.068000,0.749699,0.298000,0.084400,14,1,1,1,1,1,1,1,1,1,1,0,1,1,0,1,1,0.063114,0.000000,0.057709,0.130985,0.144744,0.100097,0.097028,0.131219,0.000000,0.052177,0.000000,0.059427,0.076315,0.000000,0.047936,0.039250,study_focused,1,35,2451,desk,none,,coursework,0.441367,1.063626,0,active,coursework,7.876924,7.926921,active,60,2,rain,17.000000
1,1109,3448111451,56,Day 2 16:51,active,coursework,7.876924,7.926921,active,0.522667,0.974816,0.772521,1.000000,0.301667,0.091333,0.713082,0.263000,0.063400,14,1,1,1,1,1,1,1,1,1,1,0,1,1,0,1,1,0.066485,0.000000,0.061368,0.107167,0.118584,0.092408,0.109689,0.154916,0.000000,0.055742,0.000000,0.063862,0.078137,0.000000,0.050520,0.041121,sleep_at_bed,1,480,2931,bed,none,task-reminder|evening,,0.000000,1.000000,0,suspended,coursework,7.876924,7.926921,active,60,2,rain,17.000000
1,1109,3448111451,57,Day 3 00:51,suspended,coursework,7.876924,7.926921,active,0.602667,0.645414,0.891748,0.920000,0.701667,0.411333,0.846930,0.000000,0.000000,14,1,1,1,1,1,1,1,1,1,1,0,1,1,0,1,1,0.082414,0.000000,0.071172,0.122569,0.134416,0.095182,0.072363,0.088756,0.065113,0.088789,0.000000,0.054017,0.083065,0.000000,0.000000,0.042144,use_computer,1,30,2961,computer,none,,,0.000000,1.000000,0,suspended,coursework,7.876924,7.926921,active,60,2,rain,17.000000
1,1109,3448111451,58,Day 3 01:21,suspended,coursework,7.876924,7.926921,active,0.452667,0.764015,1.000000,0.910000,0.726667,0.431333,0.877847,0.080000,0.000000,14,1,1,1,1,1,1,1,1,1,1,0,1,1,0,1,1,0.066901,0.000000,0.060639,0.131412,0.143951,0.094083,0.078771,0.102428,0.062955,0.086278,0.000000,0.054493,0.079201,0.000000,0.000000,0.038888,study_halfhearted,1,35,2996,desk,none,task-completed,coursework,0.249468,1.001965,0,none,,7.926921,7.926921,completed,60,2,rain,17.000000
1,1109,3448111451,59,Day 3 01:56,none,,7.926921,7.926921,completed,0.514333,0.858015,0.155687,1.000000,0.755833,0.454667,0.324637,0.045000,0.000000,11,1,1,1,0,0,0,1,1,1,1,0,1,1,0,1,1,0.099830,0.000000,0.090420,0.000000,0.000000,0.000000,0.127002,0.160782,0.092294,0.127227,0.000000,0.079917,0.096838,0.000000,0.066509,0.059180,sleep_at_bed,1,480,3476,bed,none,,,0.000000,1.000000,0,none,,7.926921,7.926921,completed,60,2,rain,17.000000
1,1109,3448111451,60,Day 3 09:56,none,,7.926921,7.926921,completed,0.594333,0.528613,0.155687,0.920000,1.000000,0.774667,0.324637,0.000000,0.000000,11,1,1,1,0,0,0,1,1,1,1,0,1,1,0,1,1,0.120659,0.000000,0.102749,0.000000,0.000000,0.000000,0.100845,0.111242,0.142374,0.179006,0.000000,0.074937,0.104036,0.000000,0.000000,0.064152,rest_at_bed,1,60,3536,bed,none,,,0.000000,1.000000,0,none,,7.926921,7.926921,completed,60,2,rain,17.000000
1,1109,3448111451,61,Day 3 10:56,none,,7.926921,7.926921,completed,0.654333,0.277316,0.155687,0.950000,1.000000,0.814667,0.324637,0.000000,0.000000,11,1,1,1,0,0,0,1,1,1,1,0,1,1,0,1,1,0.160057,0.000000,0.130163,0.000000,0.000000,0.000000,0.100203,0.000000,0.182853,0.219735,0.000000,0.000000,0.127707,0.000000,0.000000,0.079281,use_phone,1,25,3561,phone,none,,,0.000000,1.000000,0,none,,7.926921,7.926921,completed,60,2,rain,17.000000
1,1109,3448111451,62,Day 3 11:21,none,,7.926921,7.926921,completed,0.442667,0.375155,0.155687,0.981667,1.000000,0.831333,0.324637,0.095000,0.085000,11,1,1,1,0,0,0,1,1,1,1,0,1,1,0,1,1,0.123810,0.000000,0.106752,0.000000,0.000000,0.000000,0.108357,0.000000,0.175947,0.207490,0.000000,0.083947,0.120590,0.000000,0.000000,0.073106,get_meal,1,35,3596,door,none,,,0.000000,1.000000,0,none,,7.926921,7.926921,completed,60,2,rain,17.000000
1,1109,3448111451,63,Day 3 11:56,none,,7.926921,7.926921,completed,0.414333,0.389155,0.155687,1.000000,0.479167,0.854667,0.324637,0.060000,0.064000,11,1,1,1,0,0,0,1,1,1,1,0,1,1,0,1,1,0.134479,0.000000,0.116752,0.000000,0.000000,0.000000,0.118038,0.000000,0.198341,0.128137,0.000000,0.091843,0.132399,0.000000,0.000000,0.080011,turn_off_alarm,1,1,3597,alarm,none,,,0.000000,1.000000,0,none,,7.926921,7.926921,completed,60,2,rain,17.000000
1,1109,3448111451,64,Day 3 11:57,none,,7.926921,7.926921,completed,0.414667,0.389555,0.155687,1.000000,0.480000,0.855333,0.304637,0.059000,0.063400,10,1,1,1,0,0,0,1,1,1,1,0,1,0,0,1,1,0.154970,0.000000,0.134537,0.000000,0.000000,0.000000,0.136227,0.000000,0.228616,0.147721,0.000000,0.105771,0.000000,0.000000,0.000000,0.092157,rest_at_bed,1,60,3657,bed,none,,,0.000000,1.000000,0,none,,7.926921,7.926921,completed,60,2,rain,17.000000
1,1109,3448111451,65,Day 3 12:57,none,,7.926921,7.926921,completed,0.474667,0.138259,0.155687,1.000000,0.530000,0.895333,0.304637,0.000000,0.027400,10,1,1,1,0,0,0,1,1,1,1,0,1,0,0,1,1,0.188336,0.000000,0.155936,0.000000,0.000000,0.000000,0.117617,0.000000,0.263709,0.172112,0.000000,0.000000,0.000000,0.000000,0.000000,0.102290,get_meal,1,35,3692,door,none,,,0.000000,1.000000,0,none,,7.926921,7.926921,completed,60,2,rain,17.000000
1,1109,3448111451,66,Day 3 13:32,none,,7.926921,7.926921,completed,0.446333,0.152259,0.155687,1.000000,0.009167,0.918667,0.304637,0.000000,0.006400,10,1,1,1,0,0,0,1,1,1,1,0,1,0,0,1,1,0.221986,0.000000,0.185211,0.000000,0.000000,0.000000,0.143471,0.000000,0.326409,0.000000,0.000000,0.000000,0.000000,0.000000,0.000000,0.122923,use_computer,1,30,3722,computer,none,,,0.000000,1.000000,0,none,,7.926921,7.926921,completed,60,2,rain,17.000000
1,1109,3448111451,67,Day 3 14:02,none,,7.926921,7.926921,completed,0.296333,0.270860,0.155687,0.990000,0.034167,0.938667,0.304637,0.080000,0.000000,10,1,1,1,0,0,0,1,1,1,1,0,1,0,0,1,1,0.194903,0.000000,0.170675,0.000000,0.000000,0.000000,0.169505,0.000000,0.341341,0.000000,0.000000,0.000000,0.000000,0.000000,0.000000,0.123576,use_phone,1,25,3747,phone,none,,,0.000000,1.000000,0,none,,7.926921,7.926921,completed,60,2,rain,17.000000
1,1109,3448111451,68,Day 3 14:27,none,,7.926921,7.926921,completed,0.084667,0.368700,0.155687,1.000000,0.055000,0.955333,0.304637,0.175000,0.085000,10,1,1,1,0,0,0,1,1,1,1,0,1,0,0,1,1,0.142892,0.000000,0.132669,0.000000,0.000000,0.000000,0.173728,0.000000,0.311300,0.000000,0.000000,0.131409,0.000000,0.000000,0.000000,0.108001,rest_at_bed,1,60,3807,bed,none,room-temperature-shift|weather-clear,,0.000000,1.000000,0,none,,7.926921,7.926921,completed,60,2,clear,24.000000
1,1109,3448111451,69,Day 3 15:27,none,,7.926921,7.926921,completed,0.144667,0.117403,0.155687,1.000000,0.105000,0.995333,0.304637,0.000000,0.049000,10,1,1,1,0,0,0,1,1,1,1,0,1,0,0,1,1,0.188181,0.000000,0.166197,0.000000,0.000000,0.000000,0.146472,0.000000,0.374222,0.000000,0.000000,0.000000,0.000000,0.000000,0.000000,0.124928,go_to_bathroom,1,15,3822,door,none,,,0.000000,1.000000,0,none,,7.926921,7.926921,completed,60,2,clear,24.000000
1,1109,3448111451,70,Day 3 15:42,none,,7.926921,7.926921,completed,0.149667,0.123403,0.155687,1.000000,0.117500,0.385333,0.304637,0.000000,0.040000,10,1,1,1,0,0,0,1,1,1,1,0,1,0,0,1,1,0.231460,0.000000,0.204376,0.000000,0.000000,0.000000,0.180557,0.000000,0.230297,0.000000,0.000000,0.000000,0.000000,0.000000,0.000000,0.153311,use_phone,1,25,3847,phone,none,,,0.000000,1.000000,0,none,,7.926921,7.926921,completed,60,2,clear,24.000000
1,1109,3448111451,71,Day 3 16:07,none,,7.926921,7.926921,completed,0.000000,0.221243,0.155687,1.000000,0.138333,0.402000,0.304637,0.095000,0.125000,10,1,1,1,0,0,0,1,1,1,1,0,1,0,0,1,1,0.172872,0.000000,0.159805,0.000000,0.000000,0.000000,0.180189,0.000000,0.204506,0.151251,0.000000,0.000000,0.000000,0.000000,0.000000,0.131376,use_phone,1,25,3872,phone,none,,,0.000000,1.000000,0,none,,7.926921,7.926921,completed,60,2,clear,24.000000
1,1109,3448111451,72,Day 3 16:32,none,,7.926921,7.926921,completed,0.000000,0.319082,0.155687,1.000000,0.159167,0.418667,0.304637,0.190000,0.210000,10,1,1,1,0,0,0,1,1,1,1,0,1,0,0,1,1,0.122604,0.124320,0.115084,0.000000,0.000000,0.000000,0.153105,0.000000,0.154622,0.114835,0.000000,0.117953,0.000000,0.000000,0.000000,0.097476,go_to_bathroom,1,15,3887,door,none,,,0.000000,1.000000,0,none,,7.926921,7.926921,completed,60,2,clear,24.000000
1,1109,3448111451,73,Day 3 16:47,none,,7.926921,7.926921,completed,0.005000,0.325082,0.155687,1.000000,0.171667,0.000000,0.304637,0.175000,0.201000,10,1,1,1,0,0,0,1,1,1,1,0,1,0,0,1,1,0.145894,0.145427,0.136871,0.000000,0.000000,0.000000,0.180152,0.000000,0.000000,0.137462,0.000000,0.139046,0.000000,0.000000,0.000000,0.115147,turn_light_off,1,1,3888,light,none,,,0.000000,1.000000,0,none,,7.926921,7.926921,completed,60,2,clear,24.000000
1,1109,3448111451,74,Day 3 16:48,none,,7.926921,7.926921,completed,0.005333,0.325482,0.155687,1.000000,0.172500,0.000667,0.304637,0.174000,0.200400,10,1,1,1,0,0,0,1,1,1,1,1,0,0,0,1,1,0.169517,0.168782,0.159027,0.000000,0.000000,0.000000,0.209165,0.000000,0.000000,0.159783,0.000000,0.000000,0.000000,0.000000,0.000000,0.133726,rest_at_bed,1,60,3948,bed,none,message-study-group,,0.000000,1.000000,0,none,,7.926921,7.926921,completed,60,3,clear,24.000000
1,1109,3448111451,75,Day 3 17:48,none,,7.926921,7.926921,completed,0.065333,0.074185,0.155687,1.000000,0.222500,0.040667,0.304637,0.000000,0.164400,10,1,1,1,0,0,0,1,1,1,1,1,0,0,0,1,1,0.196640,0.165163,0.175479,0.000000,0.000000,0.000000,0.155473,0.000000,0.000000,0.170948,0.000000,0.000000,0.000000,0.000000,0.000000,0.136297,get_meal,1,35,3983,door,none,evening,,0.000000,1.000000,0,none,,7.926921,7.926921,completed,60,3,clear,24.000000
1,1109,3448111451,76,Day 3 18:23,none,,7.926921,7.926921,completed,0.037000,0.088185,0.155687,1.000000,0.000000,0.064000,0.304637,0.000000,0.143400,10,1,1,1,0,0,0,1,1,1,1,1,0,0,0,1,1,0.234603,0.196675,0.210969,0.000000,0.000000,0.000000,0.191964,0.000000,0.000000,0.000000,0.000000,0.000000,0.000000,0.000000,0.000000,0.165789,use_computer,1,30,4013,computer,none,,,0.000000,1.000000,0,none,,7.926921,7.926921,completed,60,3,clear,24.000000
1,1109,3448111451,77,Day 3 18:53,none,,7.926921,7.926921,completed,0.000000,0.206787,0.155687,0.990000,0.025000,0.084000,0.304637,0.080000,0.125400,10,1,1,1,0,0,0,1,1,1,1,1,0,0,0,1,1,0.270931,0.000000,0.249883,0.000000,0.000000,0.000000,0.274722,0.000000,0.000000,0.000000,0.000000,0.000000,0.000000,0.000000,0.000000,0.204464,use_computer,1,30,4043,computer,none,,,0.000000,1.000000,0,none,,7.926921,7.926921,completed,60,3,clear,24.000000
1,1109,3448111451,78,Day 3 19:23,none,,7.926921,7.926921,completed,0.000000,0.325389,0.155687,0.980000,0.050000,0.104000,0.304637,0.160000,0.107400,10,1,1,1,0,0,0,1,1,1,1,1,0,0,0,1,1,0.253185,0.000000,0.237698,0.000000,0.000000,0.000000,0.309675,0.000000,0.000000,0.000000,0.000000,0.000000,0.000000,0.000000,0.000000,0.199442,use_computer,1,30,4073,computer,none,,,0.000000,1.000000,0,none,,7.926921,7.926921,completed,60,3,clear,24.000000
1,1109,3448111451,79,Day 3 19:53,none,,7.926921,7.926921,completed,0.000000,0.443990,0.155687,0.970000,0.075000,0.124000,0.304637,0.240000,0.089400,10,1,1,1,0,0,0,1,1,1,1,1,0,0,0,1,1,0.170817,0.000000,0.163242,0.000000,0.000000,0.000000,0.252020,0.273466,0.000000,0.000000,0.000000,0.000000,0.000000,0.000000,0.000000,0.140454,use_phone,1,25,4098,phone,none,,,0.000000,1.000000,0,none,,7.926921,7.926921,completed,60,3,clear,24.000000
1,1109,3448111451,80,Day 3 20:18,none,,7.926921,7.926921,completed,0.000000,0.541830,0.155687,1.000000,0.095833,0.140667,0.304637,0.335000,0.174400,10,1,1,1,0,0,0,1,1,1,1,1,0,0,0,1,1,0.115436,0.121931,0.112017,0.000000,0.000000,0.000000,0.204044,0.232241,0.115032,0.000000,0.000000,0.000000,0.000000,0.000000,0.000000,0.099299,go_to_bathroom,1,15,4113,door,none,,,0.000000,1.000000,0,none,,7.926921,7.926921,completed,60,3,clear,24.000000
1,1109,3448111451,81,Day 3 20:33,none,,7.926921,7.926921,completed,0.005000,0.547830,0.155687,1.000000,0.108333,0.000000,0.304637,0.320000,0.165400,10,1,1,1,0,0,0,1,1,1,1,1,0,0,0,1,1,0.131550,0.136595,0.127584,0.000000,0.000000,0.000000,0.229927,0.262009,0.000000,0.000000,0.000000,0.000000,0.000000,0.000000,0.000000,0.112335,sleep_at_bed,1,480,4593,bed,none,,,0.000000,1.000000,0,none,,7.926921,7.926921,completed,60,3,clear,24.000000
1,1109,3448111451,82,Day 4 04:33,none,,7.926921,7.926921,completed,0.085000,0.218427,0.155687,0.920000,0.508333,0.320000,0.304637,0.000000,0.000000,10,1,1,1,0,0,0,1,1,1,1,1,0,0,0,1,1,0.176024,0.000000,0.159519,0.000000,0.000000,0.000000,0.157926,0.000000,0.172716,0.210917,0.000000,0.000000,0.000000,0.000000,0.000000,0.122899,get_meal,1,35,4628,door,none,,,0.000000,1.000000,0,none,,7.926921,7.926921,completed,60,3,clear,24.000000
1,1109,3448111451,83,Day 4 05:08,none,,7.926921,7.926921,completed,0.056667,0.232427,0.155687,1.000000,0.000000,0.343333,0.304637,0.000000,0.000000,10,1,1,1,0,0,0,1,1,1,1,1,0,0,0,1,1,0.218152,0.000000,0.199219,0.000000,0.000000,0.000000,0.202555,0.000000,0.224785,0.000000,0.000000,0.000000,0.000000,0.000000,0.000000,0.155290,use_computer,1,30,4658,computer,none,,,0.000000,1.000000,0,none,,7.926921,7.926921,completed,60,3,clear,24.000000
1,1109,3448111451,84,Day 4 05:38,none,,7.926921,7.926921,completed,0.000000,0.351029,0.155687,0.990000,0.025000,0.363333,0.304637,0.080000,0.000000,10,1,1,1,0,0,0,1,1,1,1,1,0,0,0,1,1,0.199059,0.000000,0.187193,0.000000,0.000000,0.000000,0.232349,0.000000,0.228230,0.000000,0.000000,0.000000,0.000000,0.000000,0.000000,0.153169,rest_at_bed,1,60,4718,bed,none,,,0.000000,1.000000,0,none,,7.926921,7.926921,completed,60,3,clear,24.000000
1,1109,3448111451,85,Day 4 06:38,none,,7.926921,7.926921,completed,0.060000,0.099732,0.155687,1.000000,0.075000,0.403333,0.304637,0.000000,0.000000,10,1,1,1,0,0,0,1,1,1,1,1,0,0,0,1,1,0.222787,0.000000,0.199715,0.000000,0.000000,0.000000,0.181296,0.000000,0.240739,0.000000,0.000000,0.000000,0.000000,0.000000,0.000000,0.155463,idle,1,10,4728,,none,,,0.000000,1.000000,0,none,,7.926921,7.926921,completed,60,3,clear,24.000000
1,1109,3448111451,86,Day 4 06:48,none,,7.926921,7.926921,completed,0.183333,0.103732,0.155687,0.946667,0.083333,0.410000,0.304637,0.000000,0.000000,10,1,1,1,0,0,0,1,1,1,1,1,0,0,0,1,1,0.234520,0.000000,0.205117,0.000000,0.000000,0.000000,0.175115,0.000000,0.233505,0.000000,0.000000,0.000000,0.000000,0.000000,0.000000,0.151743,idle,1,10,4738,,none,,,0.000000,1.000000,0,none,,7.926921,7.926921,completed,60,3,clear,24.000000
1,1109,3448111451,87,Day 4 06:58,none,,7.926921,7.926921,completed,0.306667,0.107732,0.155687,0.893333,0.091667,0.416667,0.304637,0.000000,0.000000,10,1,1,1,0,0,0,1,1,1,1,1,0,0,0,1,1,0.246555,0.000000,0.210395,0.000000,0.000000,0.000000,0.168929,0.000000,0.226198,0.000000,0.000000,0.000000,0.000000,0.000000,0.000000,0.147923,use_phone,1,25,4763,phone,none,,,0.000000,1.000000,0,none,,7.926921,7.926921,completed,60,3,clear,24.000000
1,1109,3448111451,88,Day 4 07:23,none,,7.926921,7.926921,completed,0.095000,0.205572,0.155687,0.925000,0.112500,0.433333,0.304637,0.095000,0.085000,10,1,1,1,0,0,0,1,1,1,1,1,0,0,0,1,1,0.211909,0.000000,0.191725,0.000000,0.000000,0.000000,0.202972,0.000000,0.241837,0.000000,0.000000,0.000000,0.000000,0.000000,0.000000,0.151557,idle,1,10,4773,,none,,,0.000000,1.000000,0,none,,7.926921,7.926921,completed,60,3,clear,24.000000
1,1109,3448111451,89,Day 4 07:33,none,,7.926921,7.926921,completed,0.218333,0.209572,0.155687,0.871667,0.120833,0.440000,0.304637,0.085000,0.079000,10,1,1,1,0,0,0,1,1,1,1,1,0,0,0,1,1,0.224088,0.000000,0.197766,0.000000,0.000000,0.000000,0.195189,0.000000,0.234849,0.000000,0.000000,0.000000,0.000000,0.000000,0.000000,0.148108,use_phone,1,25,4798,phone,none,,,0.000000,1.000000,0,none,,7.926921,7.926921,completed,60,3,clear,24.000000
1,1109,3448111451,90,Day 4 07:58,none,,7.926921,7.926921,completed,0.006667,0.307411,0.155687,0.903333,0.141667,0.456667,0.304637,0.180000,0.164000,10,1,1,1,0,0,0,1,1,1,1,1,0,0,0,1,1,0.140622,0.134513,0.131582,0.000000,0.000000,0.000000,0.171233,0.000000,0.183326,0.127930,0.000000,0.000000,0.000000,0.000000,0.000000,0.110795,get_meal,1,35,4833,door,none,alarm-rings,,0.000000,1.000000,0,none,,7.926921,7.926921,completed,60,3,clear,24.000000
1,1109,3448111451,91,Day 4 08:33,none,,7.926921,7.926921,completed,0.008333,0.321411,0.155687,1.000000,0.000000,0.480000,0.340627,0.145000,0.143000,11,1,1,1,0,0,0,1,1,1,1,1,0,1,0,1,1,0.133148,0.123184,0.124683,0.000000,0.000000,0.000000,0.158446,0.000000,0.176254,0.000000,0.000000,0.000000,0.180517,0.000000,0.000000,0.103767,shop_on_phone,1,20,4853,phone,none,,,0.000000,1.000000,0,none,,7.926921,7.926921,completed,30,3,clear,24.000000
1,1109,3448111451,92,Day 4 08:53,none,,7.926921,7.926921,completed,0.015000,0.334362,0.155687,1.000000,0.016667,0.493333,0.340627,0.205000,0.000000,11,1,1,1,0,0,0,1,1,1,1,1,0,1,0,1,1,0.148300,0.000000,0.139111,0.000000,0.000000,0.000000,0.187692,0.000000,0.202724,0.000000,0.000000,0.000000,0.204521,0.000000,0.000000,0.117653,go_to_bathroom,1,15,4868,door,none,,,0.000000,1.000000,0,none,,7.926921,7.926921,completed,30,3,clear,24.000000
1,1109,3448111451,93,Day 4 09:08,none,,7.926921,7.926921,completed,0.020000,0.340362,0.155687,1.000000,0.029167,0.000000,0.340627,0.190000,0.000000,11,1,1,1,0,0,0,1,1,1,1,1,0,1,0,1,1,0.187097,0.000000,0.175408,0.000000,0.000000,0.000000,0.234146,0.000000,0.000000,0.000000,0.000000,0.000000,0.256000,0.000000,0.000000,0.147349,idle,1,10,4878,,none,,,0.000000,1.000000,0,none,,7.926921,7.926921,completed,30,3,clear,24.000000
1,1109,3448111451,94,Day 4 09:18,none,,7.926921,7.926921,completed,0.143333,0.344362,0.155687,0.946667,0.037500,0.006667,0.340627,0.180000,0.000000,11,1,1,1,0,0,0,1,1,1,1,1,0,1,0,1,1,0.198907,0.000000,0.181902,0.000000,0.000000,0.000000,0.226371,0.000000,0.000000,0.000000,0.000000,0.000000,0.248055,0.000000,0.000000,0.144765,use_phone,1,25,4903,phone,none,,,0.000000,1.000000,0,none,,7.926921,7.926921,completed,30,3,clear,24.000000
1,1109,3448111451,95,Day 4 09:43,none,,7.926921,7.926921,completed,0.000000,0.442202,0.155687,0.978333,0.058333,0.023333,0.340627,0.275000,0.085000,11,1,1,1,0,0,0,1,1,1,1,1,0,1,0,1,1,0.135084,0.000000,0.129164,0.000000,0.000000,0.000000,0.204473,0.223265,0.000000,0.000000,0.000000,0.000000,0.195652,0.000000,0.000000,0.112362,turn_off_alarm,1,1,4904,alarm,none,,,0.000000,1.000000,0,none,,7.926921,7.926921,completed,30,3,clear,24.000000
1,1109,3448111451,96,Day 4 09:44,none,,7.926921,7.926921,completed,0.000333,0.442602,0.155687,1.000000,0.059167,0.024000,0.320627,0.274000,0.084400,10,1,1,1,0,0,0,1,1,1,1,1,0,0,0,1,1,0.167923,0.000000,0.160557,0.000000,0.000000,0.000000,0.254559,0.277353,0.000000,0.000000,0.000000,0.000000,0.000000,0.000000,0.000000,0.139608,rest_at_bed,1,60,4964,bed,none,weather-clear,,0.000000,1.000000,0,none,,7.926921,7.926921,completed,30,3,clear,24.000000
1,1109,3448111451,97,Day 4 10:44,none,,7.926921,7.926921,completed,0.060333,0.191305,0.155687,1.000000,0.109167,0.064000,0.320627,0.074000,0.048400,10,1,1,1,0,0,0,1,1,1,1,1,0,0,0,1,1,0.279166,0.000000,0.253762,0.000000,0.000000,0.000000,0.264922,0.000000,0.000000,0.000000,0.000000,0.000000,0.000000,0.000000,0.000000,0.202150,use_phone,1,25,4989,phone,none,,,0.000000,1.000000,0,none,,7.926921,7.926921,completed,30,3,clear,24.000000
1,1109,3448111451,98,Day 4 11:09,none,,7.926921,7.926921,completed,0.000000,0.289144,0.155687,1.000000,0.130000,0.080667,0.320627,0.169000,0.133400,10,1,1,1,0,0,0,1,1,1,1,1,0,0,0,1,1,0.206911,0.191230,0.193348,0.000000,0.000000,0.000000,0.245822,0.000000,0.000000,0.000000,0.000000,0.000000,0.000000,0.000000,0.000000,0.162689,rest_at_bed,1,60,5049,bed,none,,,0.000000,1.000000,0,none,,7.926921,7.926921,completed,30,3,clear,24.000000
1,1109,3448111451,99,Day 4 12:09,none,,7.926921,7.926921,completed,0.060000,0.037848,0.155687,1.000000,0.180000,0.120667,0.320627,0.000000,0.097400,10,1,1,1,0,0,0,1,1,1,1,1,0,0,0,1,1,0.293284,0.000000,0.260731,0.000000,0.000000,0.000000,0.000000,0.000000,0.000000,0.243027,0.000000,0.000000,0.000000,0.000000,0.000000,0.202958,use_computer,1,30,5079,computer,none,,,0.000000,1.000000,0,none,,7.926921,7.926921,completed,30,3,clear,24.000000
1,1109,3448111451,100,Day 4 12:39,none,,7.926921,7.926921,completed,0.000000,0.156449,0.155687,0.990000,0.205000,0.140667,0.320627,0.080000,0.079400,10,1,1,1,0,0,0,1,1,1,1,1,0,0,0,1,1,0.184278,0.000000,0.168814,0.000000,0.000000,0.000000,0.177582,0.000000,0.160016,0.171181,0.000000,0.000000,0.000000,0.000000,0.000000,0.138130,use_phone,1,25,5104,phone,none,room-temperature-shift,,0.000000,1.000000,0,none,,7.926921,7.926921,completed,30,3,clear,17.000000
1,1109,3448111451,101,Day 4 13:04,none,,7.926921,7.926921,completed,0.000000,0.294289,0.155687,0.961667,0.225833,0.157333,0.320627,0.175000,0.164400,10,1,1,1,0,0,0,1,1,1,1,1,0,0,0,1,1,0.146789,0.140602,0.137281,0.000000,0.000000,0.000000,0.176218,0.000000,0.136618,0.146761,0.000000,0.000000,0.000000,0.000000,0.000000,0.115731,idle,1,10,5114,,none,,,0.000000,1.000000,0,none,,7.926921,7.926921,completed,30,3,clear,17.000000
1,1109,3448111451,102,Day 4 13:14,none,,7.926921,7.926921,completed,0.123333,0.298289,0.155687,0.908333,0.234167,0.164000,0.320627,0.165000,0.158400,10,1,1,1,0,0,0,1,1,1,1,1,0,0,0,1,1,0.156685,0.137144,0.142938,0.000000,0.000000,0.000000,0.171054,0.000000,0.133918,0.144101,0.000000,0.000000,0.000000,0.000000,0.000000,0.114160,get_meal,1,35,5149,door,none,,,0.000000,1.000000,0,none,,7.926921,7.926921,completed,30,3,clear,17.000000
1,1109,3448111451,103,Day 4 13:49,none,,7.926921,7.926921,completed,0.095000,0.312289,0.155687,1.000000,0.000000,0.187333,0.320627,0.130000,0.137400,10,1,1,1,0,0,0,1,1,1,1,1,0,0,0,1,1,0.181884,0.157037,0.167071,0.000000,0.000000,0.000000,0.199142,0.000000,0.161337,0.000000,0.000000,0.000000,0.000000,0.000000,0.000000,0.133528,use_computer,1,30,5179,computer,none,,,0.000000,1.000000,0,none,,7.926921,7.926921,completed,30,3,clear,17.000000
1,1109,3448111451,104,Day 4 14:19,none,,7.926921,7.926921,completed,0.000000,0.430890,0.155687,0.990000,0.025000,0.207333,0.320627,0.210000,0.119400,10,1,1,1,0,0,0,1,1,1,1,1,0,0,0,1,1,0.148746,0.000000,0.141804,0.000000,0.000000,0.000000,0.210537,0.227074,0.150976,0.000000,0.000000,0.000000,0.000000,0.000000,0.000000,0.120864,use_computer,1,30,5209,computer,none,,,0.000000,1.000000,0,none,,7.926921,7.926921,completed,30,3,clear,17.000000
1,1109,3448111451,105,Day 4 14:49,none,,7.926921,7.926921,completed,0.000000,0.549492,0.155687,0.980000,0.050000,0.227333,0.320627,0.290000,0.101400,10,1,1,1,0,0,0,1,1,1,1,1,0,0,0,1,1,0.132362,0.000000,0.128445,0.000000,0.000000,0.000000,0.225985,0.257504,0.143439,0.000000,0.000000,0.000000,0.000000,0.000000,0.000000,0.112264,rest_at_bed,1,60,5269,bed,none,,,0.000000,1.000000,0,none,,7.926921,7.926921,completed,30,3,clear,17.000000
1,1109,3448111451,106,Day 4 15:49,none,,7.926921,7.926921,completed,0.060000,0.298195,0.155687,1.000000,0.100000,0.267333,0.320627,0.090000,0.065400,10,1,1,1,0,0,0,1,1,1,1,1,0,0,0,1,1,0.212269,0.000000,0.195832,0.000000,0.000000,0.000000,0.226871,0.000000,0.208218,0.000000,0.000000,0.000000,0.000000,0.000000,0.000000,0.156810,idle,1,10,5279,,none,,,0.000000,1.000000,0,none,,7.926921,7.926921,completed,30,3,clear,17.000000
1,1109,3448111451,107,Day 4 15:59,none,,7.926921,7.926921,completed,0.183333,0.302195,0.155687,0.946667,0.108333,0.274000,0.320627,0.080000,0.059400,10,1,1,1,0,0,0,1,1,1,1,1,0,0,0,1,1,0.224450,0.000000,0.201985,0.000000,0.000000,0.000000,0.218153,0.000000,0.202185,0.000000,0.000000,0.000000,0.000000,0.000000,0.000000,0.153228,rest_at_bed,1,60,5339,bed,none,,,0.000000,1.000000,0,none,,7.926921,7.926921,completed,30,3,clear,17.000000
1,1109,3448111451,108,Day 4 16:59,none,,7.926921,7.926921,completed,0.243333,0.050899,0.155687,0.976667,0.158333,0.314000,0.320627,0.000000,0.023400,10,1,1,1,0,0,0,1,1,1,1,1,0,0,0,1,1,0.247831,0.000000,0.212603,0.000000,0.000000,0.000000,0.000000,0.000000,0.210402,0.175730,0.000000,0.000000,0.000000,0.000000,0.000000,0.153434,use_phone,1,25,5364,phone,none,message-study-group,,0.000000,1.000000,0,none,,7.926921,7.926921,completed,30,4,clear,17.000000
1,1109,3448111451,109,Day 4 17:24,none,,7.926921,7.926921,completed,0.031667,0.148738,0.155687,1.000000,0.179167,0.330667,0.320627,0.095000,0.108400,10,1,1,1,0,0,0,1,1,1,1,1,0,0,0,1,1,0.180615,0.000000,0.164277,0.000000,0.000000,0.000000,0.171092,0.000000,0.190743,0.159976,0.000000,0.000000,0.000000,0.000000,0.000000,0.133299,rest_at_bed,1,60,5424,bed,none,,,0.000000,1.000000,0,none,,7.926921,7.926921,completed,30,4,clear,17.000000
1,1109,3448111451,110,Day 4 18:24,none,,7.926921,7.926921,completed,0.091667,0.000000,0.155687,1.000000,0.229167,0.370667,0.320627,0.000000,0.072400,10,1,1,1,0,0,0,1,1,1,1,1,0,0,0,1,1,0.226828,0.000000,0.199334,0.000000,0.000000,0.000000,0.000000,0.000000,0.227750,0.192937,0.000000,0.000000,0.000000,0.000000,0.000000,0.153151,go_to_bathroom,1,15,5439,door,none,,,0.000000,1.000000,0,none,,7.926921,7.926921,completed,30,4,clear,17.000000
1,1109,3448111451,111,Day 4 18:39,none,,7.926921,7.926921,completed,0.096667,0.006000,0.155687,1.000000,0.241667,0.000000,0.320627,0.000000,0.063400,10,1,1,1,0,0,0,1,1,1,1,1,0,0,0,1,1,0.293064,0.000000,0.257486,0.000000,0.000000,0.000000,0.000000,0.000000,0.000000,0.252027,0.000000,0.000000,0.000000,0.000000,0.000000,0.197422,idle,1,10,5449,,none,,,0.000000,1.000000,0,none,,7.926921,7.926921,completed,30,4,clear,17.000000
1,1109,3448111451,112,Day 4 18:49,none,,7.926921,7.926921,completed,0.220000,0.010000,0.155687,0.946667,0.250000,0.006667,0.320627,0.000000,0.057400,10,1,1,1,0,0,0,1,1,1,1,1,0,0,0,1,1,0.305290,0.000000,0.261700,0.000000,0.000000,0.000000,0.000000,0.000000,0.000000,0.242315,0.000000,0.000000,0.000000,0.000000,0.000000,0.190695,use_phone,1,25,5474,phone,none,,,0.000000,1.000000,0,none,,7.926921,7.926921,completed,30,4,clear,17.000000
1,1109,3448111451,113,Day 4 19:14,none,,7.926921,7.926921,completed,0.008333,0.107839,0.155687,0.978333,0.270833,0.023333,0.320627,0.095000,0.142400,10,1,1,1,0,0,0,1,1,1,1,1,0,0,0,1,1,0.183346,0.161966,0.166637,0.000000,0.000000,0.000000,0.169747,0.000000,0.000000,0.181782,0.000000,0.000000,0.000000,0.000000,0.000000,0.136522,get_meal,1,35,5509,door,none,,,0.000000,1.000000,0,none,,7.926921,7.926921,completed,30,4,clear,17.000000
1,1109,3448111451,114,Day 4 19:49,none,,7.926921,7.926921,completed,0.000000,0.121839,0.155687,1.000000,0.000000,0.046667,0.320627,0.060000,0.121400,10,1,1,1,0,0,0,1,1,1,1,1,0,0,0,1,1,0.280301,0.000000,0.255471,0.000000,0.000000,0.000000,0.256501,0.000000,0.000000,0.000000,0.000000,0.000000,0.000000,0.000000,0.000000,0.207727,rest_at_bed,1,60,5569,bed,none,evening,,0.000000,1.000000,0,none,,7.926921,7.926921,completed,30,4,clear,17.000000
1,1109,3448111451,115,Day 4 20:49,none,,7.926921,7.926921,completed,0.060000,0.000000,0.155687,1.000000,0.050000,0.086667,0.320627,0.000000,0.085400,10,1,1,1,0,0,0,1,1,1,1,1,0,0,0,1,1,0.388653,0.000000,0.343758,0.000000,0.000000,0.000000,0.000000,0.000000,0.000000,0.000000,0.000000,0.000000,0.000000,0.000000,0.000000,0.267589,idle,1,10,5579,,none,,,0.000000,1.000000,0,none,,7.926921,7.926921,completed,30,4,clear,17.000000
1,1109,3448111451,116,Day 4 20:59,none,,7.926921,7.926921,completed,0.183333,0.004000,0.155687,0.946667,0.058333,0.093333,0.320627,0.000000,0.079400,10,1,1,1,0,0,0,1,1,1,1,1,0,0,0,1,1,0.399781,0.000000,0.344996,0.000000,0.000000,0.000000,0.000000,0.000000,0.000000,0.000000,0.000000,0.000000,0.000000,0.000000,0.000000,0.255223,idle,1,10,5589,,none,,,0.000000,1.000000,0,none,,7.926921,7.926921,completed,30,4,clear,17.000000
1,1109,3448111451,117,Day 4 21:09,none,,7.926921,7.926921,completed,0.306667,0.008000,0.155687,0.893333,0.066667,0.100000,0.320627,0.000000,0.073400,10,1,1,1,0,0,0,1,1,1,1,1,0,0,0,1,1,0.410860,0.000000,0.345928,0.000000,0.000000,0.000000,0.000000,0.000000,0.000000,0.000000,0.000000,0.000000,0.000000,0.000000,0.000000,0.243212,idle,1,10,5599,,none,,,0.000000,1.000000,0,none,,7.926921,7.926921,completed,30,4,clear,17.000000
1,1109,3448111451,118,Day 4 21:19,none,,7.926921,7.926921,completed,0.430000,0.012000,0.155687,0.840000,0.075000,0.106667,0.320627,0.000000,0.067400,10,1,1,1,0,0,0,1,1,1,1,1,0,0,0,1,1,0.421877,0.000000,0.346560,0.000000,0.000000,0.000000,0.000000,0.000000,0.000000,0.000000,0.000000,0.000000,0.000000,0.000000,0.000000,0.231563,idle,1,10,5609,,none,,,0.000000,1.000000,0,none,,7.926921,7.926921,completed,30,4,clear,17.000000
1,1109,3448111451,119,Day 4 21:29,none,,7.926921,7.926921,completed,0.553333,0.016000,0.155687,0.786667,0.083333,0.113333,0.320627,0.000000,0.061400,10,1,1,1,0,0,0,1,1,1,1,1,0,0,0,1,1,0.432820,0.000000,0.346896,0.000000,0.000000,0.000000,0.000000,0.000000,0.000000,0.000000,0.000000,0.000000,0.000000,0.000000,0.000000,0.220284,idle,1,10,5619,,none,,,0.000000,1.000000,0,none,,7.926921,7.926921,completed,30,4,clear,17.000000
1,1109,3448111451,120,Day 4 21:39,none,,7.926921,7.926921,completed,0.676667,0.020000,0.155687,0.733333,0.091667,0.120000,0.320627,0.000000,0.055400,10,1,1,1,0,0,0,1,1,1,1,1,0,0,0,1,1,0.443676,0.000000,0.346943,0.000000,0.000000,0.000000,0.000000,0.000000,0.000000,0.000000,0.000000,0.000000,0.000000,0.000000,0.000000,0.209380,idle,1,10,5629,,none,,,0.000000,1.000000,0,none,,7.926921,7.926921,completed,30,4,clear,17.000000
1,1109,3448111451,121,Day 4 21:49,none,,7.926921,7.926921,completed,0.800000,0.024000,0.155687,0.680000,0.100000,0.126667,0.320627,0.000000,0.049400,10,1,1,1,0,0,0,1,1,1,1,1,0,0,0,1,1,0.454436,0.000000,0.346709,0.000000,0.000000,0.000000,0.000000,0.000000,0.000000,0.000000,0.000000,0.000000,0.000000,0.000000,0.000000,0.198854,use_phone,1,25,5654,phone,none,,,0.000000,1.000000,0,none,,7.926921,7.926921,completed,30,4,clear,17.000000
1,1109,3448111451,122,Day 4 22:14,none,,7.926921,7.926921,completed,0.588333,0.121839,0.155687,0.711667,0.120833,0.143333,0.320627,0.095000,0.134400,10,1,1,1,0,0,0,1,1,1,1,1,0,0,0,1,1,0.243150,0.145839,0.196687,0.000000,0.000000,0.000000,0.149522,0.000000,0.137965,0.000000,0.000000,0.000000,0.000000,0.000000,0.000000,0.126836,go_to_bathroom,1,15,5669,door,none,,,0.000000,1.000000,0,none,,7.926921,7.926921,completed,30,4,clear,17.000000
1,1109,3448111451,123,Day 4 22:29,none,,7.926921,7.926921,completed,0.593333,0.127839,0.155687,0.798269,0.133333,0.000000,0.320627,0.080000,0.125400,10,1,1,1,0,0,0,1,1,1,1,1,0,0,0,1,1,0.245177,0.144560,0.198218,0.000000,0.000000,0.000000,0.149082,0.000000,0.000000,0.136003,0.000000,0.000000,0.000000,0.000000,0.000000,0.126960,use_computer,1,30,5699,computer,none,,,0.000000,1.000000,0,none,,7.926921,7.926921,completed,30,4,clear,17.000000
1,1109,3448111451,124,Day 4 22:59,none,,7.926921,7.926921,completed,0.443333,0.246441,0.155687,0.788269,0.158333,0.020000,0.320627,0.160000,0.107400,10,1,1,1,0,0,0,1,1,1,1,1,0,0,0,1,1,0.217870,0.145145,0.184871,0.000000,0.000000,0.000000,0.178266,0.000000,0.000000,0.144669,0.000000,0.000000,0.000000,0.000000,0.000000,0.129179,rest_at_bed,1,60,5759,bed,none,,,0.000000,1.000000,0,none,,7.926921,7.926921,completed,30,4,clear,17.000000
1,1109,3448111451,125,Day 4 23:59,none,,7.926921,7.926921,completed,0.503333,0.000000,0.155687,0.818269,0.208333,0.060000,0.320627,0.000000,0.071400,10,1,1,1,0,0,0,1,1,1,1,1,0,0,0,1,1,0.339277,0.000000,0.274122,0.000000,0.000000,0.000000,0.000000,0.000000,0.000000,0.208900,0.000000,0.000000,0.000000,0.000000,0.000000,0.177701,get_meal,1,35,5794,door,none,,,0.000000,1.000000,0,none,,7.926921,7.926921,completed,30,4,clear,17.000000
1,1109,3448111451,126,Day 5 00:34,none,,7.926921,7.926921,completed,0.475000,0.014000,0.155687,0.938206,0.000000,0.083333,0.320627,0.000000,0.050400,10,1,1,1,0,0,0,1,1,1,1,1,0,0,0,1,1,0.425861,0.000000,0.346727,0.000000,0.000000,0.000000,0.000000,0.000000,0.000000,0.000000,0.000000,0.000000,0.000000,0.000000,0.000000,0.227412,use_phone,1,25,5819,phone,none,,,0.000000,1.000000,0,none,,7.926921,7.926921,completed,30,4,clear,17.000000
1,1109,3448111451,127,Day 5 00:59,none,,7.926921,7.926921,completed,0.263333,0.111839,0.155687,0.969872,0.020833,0.100000,0.320627,0.095000,0.135400,10,1,1,1,0,0,0,1,1,1,1,1,0,0,0,1,1,0.249145,0.184900,0.215070,0.000000,0.000000,0.000000,0.192284,0.000000,0.000000,0.000000,0.000000,0.000000,0.000000,0.000000,0.000000,0.158600,use_phone,1,25,5844,phone,none,,,0.000000,1.000000,0,none,,7.926921,7.926921,completed,30,4,clear,17.000000
1,1109,3448111451,128,Day 5 01:24,none,,7.926921,7.926921,completed,0.051667,0.209679,0.155687,1.000000,0.041667,0.116667,0.320627,0.190000,0.220400,10,1,1,1,0,0,0,1,1,1,1,1,0,0,0,1,1,0.211432,0.206493,0.193512,0.000000,0.000000,0.000000,0.228117,0.000000,0.000000,0.000000,0.000000,0.000000,0.000000,0.000000,0.000000,0.160446,use_phone,1,25,5869,phone,none,,,0.000000,1.000000,0,none,,7.926921,7.926921,completed,30,4,clear,17.000000
1,1109,3448111451,129,Day 5 01:49,none,,7.926921,7.926921,completed,0.000000,0.307518,0.155687,1.000000,0.062500,0.133333,0.320627,0.285000,0.305400,10,1,1,1,0,0,0,1,1,1,1,1,0,0,0,1,1,0.161295,0.186643,0.151490,0.000000,0.000000,0.000000,0.216495,0.000000,0.151879,0.000000,0.000000,0.000000,0.000000,0.000000,0.000000,0.132198,rest_at_bed,1,60,5929,bed,none,,,0.000000,1.000000,0,none,,7.926921,7.926921,completed,30,4,clear,17.000000
1,1109,3448111451,130,Day 5 02:49,none,,7.926921,7.926921,completed,0.060000,0.056222,0.155687,1.000000,0.112500,0.173333,0.320627,0.085000,0.269400,10,1,1,1,0,0,0,1,1,1,1,1,0,0,0,1,1,0.189862,0.183721,0.169529,0.000000,0.000000,0.000000,0.159529,0.000000,0.161824,0.000000,0.000000,0.000000,0.000000,0.000000,0.000000,0.135535,shop_on_phone,1,20,5949,phone,none,,,0.000000,1.000000,0,none,,7.926921,7.926921,completed,0,4,clear,17.000000
1,1109,3448111451,131,Day 5 03:09,none,,7.926921,7.926921,completed,0.066667,0.069173,0.155687,1.000000,0.129167,0.186667,0.320627,0.145000,0.000000,10,1,1,1,0,0,0,1,1,1,1,1,0,0,0,1,1,0.227534,0.000000,0.203518,0.000000,0.000000,0.000000,0.203332,0.000000,0.200268,0.000000,0.000000,0.000000,0.000000,0.000000,0.000000,0.165348,use_phone,1,25,5974,phone,none,,,0.000000,1.000000,0,none,,7.926921,7.926921,completed,0,4,clear,17.000000
1,1109,3448111451,132,Day 5 03:34,none,,7.926921,7.926921,completed,0.000000,0.167012,0.155687,1.000000,0.150000,0.203333,0.320627,0.240000,0.085000,10,1,1,1,0,0,0,1,1,1,1,1,0,0,0,1,1,0.174044,0.000000,0.160240,0.000000,0.000000,0.000000,0.195618,0.000000,0.171442,0.160786,0.000000,0.000000,0.000000,0.000000,0.000000,0.137871,go_to_bathroom,1,15,5989,door,none,,,0.000000,1.000000,0,none,,7.926921,7.926921,completed,0,4,clear,17.000000
1,1109,3448111451,133,Day 5 03:49,none,,7.926921,7.926921,completed,0.005000,0.173012,0.155687,1.000000,0.162500,0.000000,0.320627,0.225000,0.076000,10,1,1,1,0,0,0,1,1,1,1,1,0,0,0,1,1,0.210648,0.000000,0.193834,0.000000,0.000000,0.000000,0.234110,0.000000,0.000000,0.195759,0.000000,0.000000,0.000000,0.000000,0.000000,0.165649,use_computer,1,30,6019,computer,none,,,0.000000,1.000000,0,none,,7.926921,7.926921,completed,0,4,clear,17.000000
1,1109,3448111451,134,Day 5 04:19,none,,7.926921,7.926921,completed,0.000000,0.291614,0.155687,0.990000,0.187500,0.020000,0.320627,0.305000,0.058000,10,1,1,1,0,0,0,1,1,1,1,1,0,0,0,1,1,0.195798,0.000000,0.183584,0.000000,0.000000,0.000000,0.263443,0.000000,0.000000,0.195962,0.000000,0.000000,0.000000,0.000000,0.000000,0.161214,use_computer,1,30,6049,computer,none,,,0.000000,1.000000,0,none,,7.926921,7.926921,completed,0,4,clear,17.000000
1,1109,3448111451,135,Day 5 04:49,none,,7.926921,7.926921,completed,0.000000,0.410216,0.155687,0.980000,0.212500,0.040000,0.320627,0.385000,0.040000,10,1,1,1,0,0,0,1,1,1,1,1,0,0,0,1,1,0.137507,0.000000,0.131239,0.000000,0.000000,0.000000,0.223172,0.242226,0.000000,0.147675,0.000000,0.000000,0.000000,0.000000,0.000000,0.118180,use_phone,1,25,6074,phone,none,,,0.000000,1.000000,0,none,,7.926921,7.926921,completed,0,4,clear,17.000000
1,1109,3448111451,136,Day 5 05:14,none,,7.926921,7.926921,completed,0.000000,0.508055,0.155687,1.000000,0.233333,0.056667,0.320627,0.480000,0.125000,10,1,1,1,0,0,0,1,1,1,1,1,0,0,0,1,1,0.138755,0.000000,0.000000,0.000000,0.000000,0.000000,0.269800,0.307164,0.000000,0.159524,0.000000,0.000000,0.000000,0.000000,0.000000,0.124757,sleep_at_bed,1,480,6554,bed,none,alarm-rings|weather-clear|room-temperature-shift,,0.000000,1.000000,0,none,,7.926921,7.926921,completed,0,4,clear,24.000000
1,1109,3448111451,137,Day 5 13:14,none,,7.926921,7.926921,completed,0.110000,0.178653,0.155687,0.920000,0.633333,0.376667,0.356617,0.000000,0.000000,11,1,1,1,0,0,0,1,1,1,1,1,0,1,0,1,1,0.143473,0.000000,0.128668,0.000000,0.000000,0.000000,0.120878,0.000000,0.146594,0.192772,0.000000,0.000000,0.169503,0.000000,0.000000,0.098112,use_computer,1,30,6584,computer,none,,,0.000000,1.000000,0,none,,7.926921,7.926921,completed,0,4,clear,24.000000
1,1109,3448111451,138,Day 5 13:44,none,,7.926921,7.926921,completed,0.000000,0.297254,0.155687,0.910000,0.658333,0.396667,0.356617,0.080000,0.000000,11,1,1,1,0,0,0,1,1,1,1,1,0,1,0,1,1,0.126920,0.000000,0.118494,0.000000,0.000000,0.000000,0.139756,0.000000,0.150019,0.198267,0.000000,0.000000,0.169586,0.000000,0.000000,0.096956,go_to_bathroom,1,15,6599,door,none,,,0.000000,1.000000,0,none,,7.926921,7.926921,completed,0,4,clear,24.000000
1,1109,3448111451,139,Day 5 13:59,none,,7.926921,7.926921,completed,0.005000,0.303254,0.155687,0.996603,0.670833,0.000000,0.356617,0.065000,0.000000,11,1,1,1,0,0,0,1,1,1,1,1,0,1,0,1,1,0.149760,0.000000,0.139741,0.000000,0.000000,0.000000,0.163061,0.000000,0.000000,0.235336,0.000000,0.000000,0.198532,0.000000,0.000000,0.113569,get_meal,1,35,6634,door,none,,,0.000000,1.000000,0,none,,7.926921,7.926921,completed,0,4,clear,24.000000
1,1109,3448111451,140,Day 5 14:34,none,,7.926921,7.926921,completed,0.000000,0.317254,0.155687,1.000000,0.150000,0.023333,0.356617,0.030000,0.000000,11,1,1,1,0,0,0,1,1,1,1,1,0,1,0,1,1,0.167852,0.000000,0.156954,0.000000,0.000000,0.000000,0.180201,0.000000,0.000000,0.147438,0.000000,0.000000,0.221130,0.000000,0.000000,0.126425,get_meal,1,35,6669,door,none,,,0.000000,1.000000,0,none,,7.926921,7.926921,completed,0,4,clear,24.000000
1,1109,3448111451,141,Day 5 15:09,none,,7.926921,7.926921,completed,0.000000,0.331254,0.155687,1.000000,0.000000,0.046667,0.356617,0.000000,0.000000,11,1,1,1,0,0,0,1,1,1,1,1,0,1,0,1,1,0.198046,0.000000,0.185413,0.000000,0.000000,0.000000,0.209817,0.000000,0.000000,0.000000,0.000000,0.000000,0.258775,0.000000,0.000000,0.147948,idle,1,10,6679,,none,,,0.000000,1.000000,0,none,,7.926921,7.926921,completed,0,4,clear,24.000000
1,1109,3448111451,142,Day 5 15:19,none,,7.926921,7.926921,completed,0.123333,0.335254,0.155687,0.946667,0.008333,0.053333,0.356617,0.000000,0.000000,11,1,1,1,0,0,0,1,1,1,1,1,0,1,0,1,1,0.209505,0.000000,0.191367,0.000000,0.000000,0.000000,0.203664,0.000000,0.000000,0.000000,0.000000,0.000000,0.250343,0.000000,0.000000,0.145121,idle,1,10,6689,,none,,,0.000000,1.000000,0,none,,7.926921,7.926921,completed,0,4,clear,24.000000
1,1109,3448111451,143,Day 5 15:29,none,,7.926921,7.926921,completed,0.246667,0.339254,0.155687,0.893333,0.016667,0.060000,0.356617,0.000000,0.000000,11,1,1,1,0,0,0,1,1,1,1,1,0,1,0,1,1,0.221325,0.000000,0.197244,0.000000,0.000000,0.000000,0.197423,0.000000,0.000000,0.000000,0.000000,0.000000,0.241856,0.000000,0.000000,0.142153,use_computer,1,30,6719,computer,none,,,0.000000,1.000000,0,none,,7.926921,7.926921,completed,0,4,clear,24.000000
1,1109,3448111451,144,Day 5 15:59,none,,7.926921,7.926921,completed,0.096667,0.457856,0.155687,0.883333,0.041667,0.080000,0.356617,0.080000,0.000000,11,1,1,1,0,0,0,1,1,1,1,1,0,1,0,1,1,0.194418,0.000000,0.181853,0.000000,0.000000,0.000000,0.233362,0.000000,0.000000,0.000000,0.000000,0.000000,0.247388,0.000000,0.000000,0.142979,idle,1,10,6729,,none,,,0.000000,1.000000,0,none,,7.926921,7.926921,completed,0,4,clear,24.000000
1,1109,3448111451,145,Day 5 16:09,none,,7.926921,7.926921,completed,0.220000,0.461856,0.155687,0.830000,0.050000,0.086667,0.356617,0.070000,0.000000,11,1,1,1,0,0,0,1,1,1,1,1,0,1,0,1,1,0.206470,0.000000,0.188383,0.000000,0.000000,0.000000,0.225372,0.000000,0.000000,0.000000,0.000000,0.000000,0.239454,0.000000,0.000000,0.140321,rest_at_bed,1,60,6789,bed,none,message-study-group,,0.000000,1.000000,0,none,,7.926921,7.926921,completed,0,5,clear,24.000000
1,1109,3448111451,146,Day 5 17:09,none,,7.926921,7.926921,completed,0.280000,0.210559,0.155687,0.860000,0.100000,0.126667,0.356617,0.000000,0.000000,11,1,1,1,0,0,0,1,1,1,1,1,0,1,0,1,1,0.232319,0.000000,0.202107,0.000000,0.000000,0.000000,0.178386,0.000000,0.000000,0.000000,0.000000,0.000000,0.243520,0.000000,0.000000,0.143668,turn_off_alarm,1,1,6790,alarm,none,,,0.000000,1.000000,0,none,,7.926921,7.926921,completed,0,5,clear,24.000000
1,1109,3448111451,147,Day 5 17:10,none,,7.926921,7.926921,completed,0.280333,0.210959,0.155687,0.889667,0.100833,0.127333,0.336617,0.000000,0.000000,10,1,1,1,0,0,0,1,1,1,1,1,0,0,0,1,1,0.306942,0.000000,0.267021,0.000000,0.000000,0.000000,0.236250,0.000000,0.000000,0.000000,0.000000,0.000000,0.000000,0.000000,0.000000,0.189787,use_phone,1,25,6815,phone,none,,,0.000000,1.000000,0,none,,7.926921,7.926921,completed,0,5,clear,24.000000
1,1109,3448111451,148,Day 5 17:35,none,,7.926921,7.926921,completed,0.068667,0.308799,0.155687,0.921333,0.121667,0.144000,0.336617,0.095000,0.085000,10,1,1,1,0,0,0,1,1,1,1,1,0,0,0,1,1,0.218057,0.000000,0.201126,0.000000,0.000000,0.000000,0.234629,0.000000,0.185461,0.000000,0.000000,0.000000,0.000000,0.000000,0.000000,0.160726,use_phone,1,25,6840,phone,none,,,0.000000,1.000000,0,none,,7.926921,7.926921,completed,0,5,clear,24.000000
1,1109,3448111451,149,Day 5 18:00,none,,7.926921,7.926921,completed,0.000000,0.406638,0.155687,0.953000,0.142500,0.160667,0.336617,0.190000,0.170000,10,1,1,1,0,0,0,1,1,1,1,1,0,0,0,1,1,0.143339,0.140932,0.136143,0.000000,0.000000,0.000000,0.194266,0.000000,0.136638,0.133369,0.000000,0.000000,0.000000,0.000000,0.000000,0.115313,go_to_bathroom,1,15,6855,door,none,,,0.000000,1.000000,0,none,,7.926921,7.926921,completed,0,5,clear,24.000000
1,1109,3448111451,150,Day 5 18:15,none,,7.926921,7.926921,completed,0.005000,0.412638,0.155687,1.000000,0.155000,0.000000,0.336617,0.175000,0.161000,10,1,1,1,0,0,0,1,1,1,1,1,0,0,0,1,1,0.166931,0.161344,0.158463,0.000000,0.000000,0.000000,0.223709,0.000000,0.000000,0.156243,0.000000,0.000000,0.000000,0.000000,0.000000,0.133312,use_computer,1,30,6885,computer,none,,,0.000000,1.000000,0,none,,7.926921,7.926921,completed,0,5,clear,24.000000
1,1109,3448111451,151,Day 5 18:45,none,,7.926921,7.926921,completed,0.000000,0.531240,0.155687,0.990000,0.180000,0.020000,0.336617,0.255000,0.143000,10,1,1,1,0,0,0,1,1,1,1,1,0,0,0,1,1,0.121069,0.120217,0.117106,0.000000,0.000000,0.000000,0.196425,0.221910,0.000000,0.122039,0.000000,0.000000,0.000000,0.000000,0.000000,0.101234,sleep_at_bed,1,480,7365,bed,none,evening,,0.000000,1.000000,0,none,,7.926921,7.926921,completed,0,5,clear,24.000000
1,1109,3448111451,152,Day 6 02:45,none,,7.926921,7.926921,completed,0.080000,0.201837,0.155687,0.910000,0.580000,0.340000,0.336617,0.000000,0.000000,10,1,1,1,0,0,0,1,1,1,1,1,0,0,0,1,1,0.172693,0.000000,0.156312,0.000000,0.000000,0.000000,0.152459,0.000000,0.173569,0.224292,0.000000,0.000000,0.000000,0.000000,0.000000,0.120676,get_meal,1,35,7400,door,none,,,0.000000,1.000000,0,none,,7.926921,7.926921,completed,0,5,clear,24.000000
1,1109,3448111451,153,Day 6 03:20,none,,7.926921,7.926921,completed,0.051667,0.215837,0.155687,1.000000,0.059167,0.363333,0.336617,0.000000,0.000000,10,1,1,1,0,0,0,1,1,1,1,1,0,0,0,1,1,0.217691,0.000000,0.198558,0.000000,0.000000,0.000000,0.198893,0.000000,0.229764,0.000000,0.000000,0.000000,0.000000,0.000000,0.000000,0.155094,rest_at_bed,1,60,7460,bed,none,,,0.000000,1.000000,0,none,,7.926921,7.926921,completed,0,5,clear,24.000000
1,1109,3448111451,154,Day 6 04:20,none,,7.926921,7.926921,completed,0.111667,0.000000,0.155687,1.000000,0.109167,0.403333,0.336617,0.000000,0.000000,10,1,1,1,0,0,0,1,1,1,1,1,0,0,0,1,1,0.280201,0.000000,0.245234,0.000000,0.000000,0.000000,0.000000,0.000000,0.287699,0.000000,0.000000,0.000000,0.000000,0.000000,0.000000,0.186867,idle,1,10,7470,,none,,,0.000000,1.000000,0,none,,7.926921,7.926921,completed,0,5,clear,24.000000
1,1109,3448111451,155,Day 6 04:30,none,,7.926921,7.926921,completed,0.235000,0.004000,0.155687,0.946667,0.117500,0.410000,0.336617,0.000000,0.000000,10,1,1,1,0,0,0,1,1,1,1,1,0,0,0,1,1,0.292537,0.000000,0.249800,0.000000,0.000000,0.000000,0.000000,0.000000,0.276763,0.000000,0.000000,0.000000,0.000000,0.000000,0.000000,0.180900,go_to_bathroom,1,15,7485,door,none,,,0.000000,1.000000,0,none,,7.926921,7.926921,completed,0,5,clear,24.000000
1,1109,3448111451,156,Day 6 04:45,none,,7.926921,7.926921,completed,0.240000,0.010000,0.155687,1.000000,0.130000,0.000000,0.336617,0.000000,0.000000,10,1,1,1,0,0,0,1,1,1,1,1,0,0,0,1,1,0.404743,0.000000,0.345540,0.000000,0.000000,0.000000,0.000000,0.000000,0.000000,0.000000,0.000000,0.000000,0.000000,0.000000,0.000000,0.249717,use_phone,1,25,7510,phone,none,,,0.000000,1.000000,0,none,,7.926921,7.926921,completed,0,5,clear,24.000000
1,1109,3448111451,157,Day 6 05:10,none,,7.926921,7.926921,completed,0.028333,0.107839,0.155687,1.000000,0.150833,0.016667,0.336617,0.095000,0.085000,10,1,1,1,0,0,0,1,1,1,1,1,0,0,0,1,1,0.226899,0.000000,0.205381,0.000000,0.000000,0.000000,0.206658,0.000000,0.000000,0.194180,0.000000,0.000000,0.000000,0.000000,0.000000,0.166881,use_phone,1,25,7535,phone,none,,,0.000000,1.000000,0,none,,7.926921,7.926921,completed,0,5,clear,24.000000
1,1109,3448111451,158,Day 6 05:35,none,,7.926921,7.926921,completed,0.000000,0.205679,0.155687,1.000000,0.171667,0.033333,0.336617,0.190000,0.170000,10,1,1,1,0,0,0,1,1,1,1,1,0,0,0,1,1,0.175019,0.167488,0.161796,0.000000,0.000000,0.000000,0.194965,0.000000,0.000000,0.163691,0.000000,0.000000,0.000000,0.000000,0.000000,0.137041,use_phone,1,25,7560,phone,none,,,0.000000,1.000000,0,none,,7.926921,7.926921,completed,0,5,clear,24.000000
1,1109,3448111451,159,Day 6 06:00,none,,7.926921,7.926921,completed,0.000000,0.303518,0.155687,1.000000,0.192500,0.050000,0.336617,0.285000,0.255000,10,1,1,1,0,0,0,1,1,1,1,1,0,0,0,1,1,0.161557,0.177076,0.151654,0.000000,0.000000,0.000000,0.215615,0.000000,0.000000,0.161757,0.000000,0.000000,0.000000,0.000000,0.000000,0.132341,rest_at_bed,1,60,7620,bed,none,,,0.000000,1.000000,0,none,,7.926921,7.926921,completed,0,5,clear,24.000000
1,1109,3448111451,160,Day 6 07:00,none,,7.926921,7.926921,completed,0.060000,0.052222,0.155687,1.000000,0.242500,0.090000,0.336617,0.085000,0.219000,10,1,1,1,0,0,0,1,1,1,1,1,0,0,0,1,1,0.189633,0.173811,0.169233,0.000000,0.000000,0.000000,0.158432,0.000000,0.000000,0.173592,0.000000,0.000000,0.000000,0.000000,0.000000,0.135299,shop_on_phone,0,0,7620,phone,resource_insufficient,,,0.000000,1.000000,0,none,,7.926921,7.926921,completed,0,5,clear,24.000000
1,1109,3448111451,161,Day 6 07:00,none,,7.926921,7.926921,completed,0.060000,0.052222,0.155687,0.970000,0.242500,0.090000,0.366617,0.085000,0.219000,10,1,1,1,0,0,0,1,1,1,1,1,0,0,0,1,1,0.189734,0.173904,0.169323,0.000000,0.000000,0.000000,0.157984,0.000000,0.000000,0.173684,0.000000,0.000000,0.000000,0.000000,0.000000,0.135371,shop_on_phone,0,0,7620,phone,resource_insufficient,,,0.000000,1.000000,0,none,,7.926921,7.926921,completed,0,5,clear,24.000000
1,1109,3448111451,162,Day 6 07:00,none,,7.926921,7.926921,completed,0.060000,0.052222,0.155687,0.940000,0.242500,0.090000,0.396617,0.085000,0.219000,10,1,1,1,0,0,0,1,1,1,1,1,0,0,0,1,1,0.189835,0.173996,0.169413,0.000000,0.000000,0.000000,0.157537,0.000000,0.000000,0.173776,0.000000,0.000000,0.000000,0.000000,0.000000,0.135442,idle,1,10,7630,,none,,,0.000000,1.000000,0,none,,7.926921,7.926921,completed,0,5,clear,24.000000
1,1109,3448111451,163,Day 6 07:10,none,,7.926921,7.926921,completed,0.183333,0.056222,0.155687,0.886667,0.250833,0.096667,0.396617,0.075000,0.213000,10,1,1,1,0,0,0,1,1,1,1,1,0,0,0,1,1,0.201445,0.168723,0.175360,0.000000,0.000000,0.000000,0.152024,0.000000,0.000000,0.169627,0.000000,0.000000,0.000000,0.000000,0.000000,0.132821,use_phone,1,25,7655,phone,none,,,0.000000,1.000000,0,none,,7.926921,7.926921,completed,0,5,clear,24.000000
1,1109,3448111451,164,Day 6 07:35,none,,7.926921,7.926921,completed,0.000000,0.154061,0.155687,0.918333,0.271667,0.113333,0.396617,0.170000,0.298000,10,1,1,1,0,0,0,1,1,1,1,1,0,0,0,1,1,0.171359,0.185395,0.157246,0.000000,0.000000,0.000000,0.177088,0.000000,0.000000,0.176558,0.000000,0.000000,0.000000,0.000000,0.000000,0.132353,use_phone,1,25,7680,phone,none,,,0.000000,1.000000,0,none,,7.926921,7.926921,completed,0,5,clear,24.000000
1,1109,3448111451,165,Day 6 08:00,none,,7.926921,7.926921,completed,0.000000,0.251901,0.155687,0.950000,0.292500,0.130000,0.396617,0.265000,0.383000,10,1,1,1,0,0,0,1,1,1,1,1,0,0,0,1,1,0.138028,0.171037,0.128612,0.000000,0.000000,0.000000,0.170895,0.000000,0.127653,0.152245,0.000000,0.000000,0.000000,0.000000,0.000000,0.111531,shop_on_phone,0,0,7680,phone,resource_insufficient,,,0.000000,1.000000,0,none,,7.926921,7.926921,completed,0,5,clear,24.000000
1,1109,3448111451,166,Day 6 08:00,none,,7.926921,7.926921,completed,0.000000,0.251901,0.155687,0.920000,0.292500,0.130000,0.426617,0.265000,0.383000,10,1,1,1,0,0,0,1,1,1,1,1,0,0,0,1,1,0.138107,0.171136,0.128686,0.000000,0.000000,0.000000,0.170418,0.000000,0.127726,0.152332,0.000000,0.000000,0.000000,0.000000,0.000000,0.111595,idle,1,10,7690,,none,,,0.000000,1.000000,0,none,,7.926921,7.926921,completed,0,5,clear,24.000000
1,1109,3448111451,167,Day 6 08:10,none,,7.926921,7.926921,completed,0.123333,0.255901,0.155687,0.866667,0.300833,0.136667,0.426617,0.255000,0.377000,10,1,1,1,0,0,0,1,1,1,1,1,0,0,0,1,1,0.147623,0.167159,0.134175,0.000000,0.000000,0.000000,0.165655,0.000000,0.125376,0.149779,0.000000,0.000000,0.000000,0.000000,0.000000,0.110233,rest_at_bed,1,60,7750,bed,none,alarm-rings,,0.000000,1.000000,0,none,,7.926921,7.926921,completed,0,5,clear,24.000000
1,1109,3448111451,168,Day 6 09:10,none,,7.926921,7.926921,completed,0.213333,0.004604,0.155687,0.896667,0.350833,0.176667,0.462607,0.055000,0.341000,11,1,1,1,0,0,0,1,1,1,1,1,0,1,0,1,1,0.161066,0.149542,0.138327,0.000000,0.000000,0.000000,0.000000,0.000000,0.121142,0.146178,0.000000,0.000000,0.180912,0.000000,0.000000,0.102834,get_meal,1,35,7785,door,none,,,0.000000,1.000000,0,none,,7.926921,7.926921,completed,0,5,clear,24.000000
1,1109,3448111451,169,Day 6 09:45,none,,7.926921,7.926921,completed,0.185000,0.018604,0.155687,1.000000,0.000000,0.200000,0.462607,0.020000,0.320000,11,1,1,1,0,0,0,1,1,1,1,1,0,1,0,1,1,0.187270,0.171509,0.161943,0.000000,0.000000,0.000000,0.000000,0.000000,0.146182,0.000000,0.000000,0.000000,0.212621,0.000000,0.000000,0.120475,turn_off_alarm,1,1,7786,alarm,none,,,0.000000,1.000000,0,none,,7.926921,7.926921,completed,0,5,clear,24.000000
1,1109,3448111451,170,Day 6 09:46,none,,7.926921,7.926921,completed,0.185333,0.019004,0.155687,1.000000,0.000833,0.200667,0.442607,0.019000,0.319400,10,1,1,1,0,0,0,1,1,1,1,1,0,0,0,1,1,0.237909,0.217637,0.205725,0.000000,0.000000,0.000000,0.000000,0.000000,0.185752,0.000000,0.000000,0.000000,0.000000,0.000000,0.000000,0.152977,go_to_bathroom,1,15,7801,door,none,,,0.000000,1.000000,0,none,,7.926921,7.926921,completed,0,5,clear,24.000000
1,1109,3448111451,171,Day 6 10:01,none,,7.926921,7.926921,completed,0.190333,0.025004,0.155687,1.000000,0.013333,0.000000,0.442607,0.004000,0.310400,10,1,1,1,0,0,0,1,1,1,1,1,0,0,0,1,1,0.293959,0.264350,0.254053,0.000000,0.000000,0.000000,0.000000,0.000000,0.000000,0.000000,0.000000,0.000000,0.000000,0.000000,0.000000,0.187638,idle,1,10,7811,,none,,,0.000000,1.000000,0,none,,7.926921,7.926921,completed,0,5,clear,24.000000
1,1109,3448111451,172,Day 6 10:11,none,,7.926921,7.926921,completed,0.313667,0.029004,0.155687,0.946667,0.021667,0.006667,0.442607,0.000000,0.304400,10,1,1,1,0,0,0,1,1,1,1,1,0,0,0,1,1,0.306971,0.252766,0.258819,0.000000,0.000000,0.000000,0.000000,0.000000,0.000000,0.000000,0.000000,0.000000,0.000000,0.000000,0.000000,0.181443,use_phone,1,25,7836,phone,none,,,0.000000,1.000000,0,none,,7.926921,7.926921,completed,0,5,clear,24.000000
1,1109,3448111451,173,Day 6 10:36,none,,7.926921,7.926921,completed,0.102000,0.126843,0.155687,0.978333,0.042500,0.023333,0.442607,0.095000,0.389400,10,1,1,1,0,0,0,1,1,1,1,1,0,0,0,1,1,0.219728,0.238097,0.196423,0.000000,0.000000,0.000000,0.190929,0.000000,0.000000,0.000000,0.000000,0.000000,0.000000,0.000000,0.000000,0.154823,shop_on_phone,0,0,7836,phone,resource_insufficient,,,0.000000,1.000000,0,none,,7.926921,7.926921,completed,0,5,clear,24.000000
1,1109,3448111451,174,Day 6 10:36,none,,7.926921,7.926921,completed,0.102000,0.126843,0.155687,0.948333,0.042500,0.023333,0.472607,0.095000,0.389400,10,1,1,1,0,0,0,1,1,1,1,1,0,0,0,1,1,0.219869,0.238250,0.196549,0.000000,0.000000,0.000000,0.190410,0.000000,0.000000,0.000000,0.000000,0.000000,0.000000,0.000000,0.000000,0.154922,rest_at_bed,1,60,7896,bed,none,,,0.000000,1.000000,0,none,,7.926921,7.926921,completed,0,5,clear,24.000000
1,1109,3448111451,175,Day 6 11:36,none,,7.926921,7.926921,completed,0.162000,0.000000,0.155687,0.978333,0.092500,0.063333,0.472607,0.000000,0.353400,10,1,1,1,0,0,0,1,1,1,1,1,0,0,0,1,1,0.288403,0.275307,0.249832,0.000000,0.000000,0.000000,0.000000,0.000000,0.000000,0.000000,0.000000,0.000000,0.000000,0.000000,0.000000,0.186457,use_phone,1,25,7921,phone,none,,,0.000000,1.000000,0,none,,7.926921,7.926921,completed,0,5,clear,24.000000
1,1109,3448111451,176,Day 6 12:01,none,,7.926921,7.926921,completed,0.000000,0.097839,0.155687,1.000000,0.113333,0.080000,0.472607,0.095000,0.438400,10,1,1,1,0,0,0,1,1,1,1,1,0,0,0,1,1,0.209230,0.254413,0.190230,0.000000,0.000000,0.000000,0.189738,0.000000,0.000000,0.000000,0.000000,0.000000,0.000000,0.000000,0.000000,0.156389,rest_at_bed,1,60,7981,bed,none,,,0.000000,1.000000,0,none,,7.926921,7.926921,completed,0,5,clear,24.000000
1,1109,3448111451,177,Day 6 13:01,none,,7.926921,7.926921,completed,0.060000,0.000000,0.155687,1.000000,0.163333,0.120000,0.472607,0.000000,0.402400,10,1,1,1,0,0,0,1,1,1,1,1,0,0,0,1,1,0.224328,0.241236,0.198416,0.000000,0.000000,0.000000,0.000000,0.000000,0.000000,0.181569,0.000000,0.000000,0.000000,0.000000,0.000000,0.154451,get_meal,1,35,8016,door,none,weather-rain|message-study-group,,0.000000,1.000000,0,none,,7.926921,7.926921,completed,0,6,rain,24.000000
1,1109,3448111451,178,Day 6 13:36,none,,7.926921,7.926921,completed,0.031667,0.014000,0.155687,1.000000,0.000000,0.143333,0.472607,0.000000,0.381400,10,1,1,1,0,0,0,1,1,1,1,1,0,0,0,1,1,0.223247,0.239617,0.198979,0.000000,0.000000,0.000000,0.000000,0.000000,0.181444,0.000000,0.000000,0.000000,0.000000,0.000000,0.000000,0.156712,use_phone,1,25,8041,phone,none,,,0.000000,1.000000,0,none,,7.926921,7.926921,completed,0,6,rain,24.000000
1,1109,3448111451,179,Day 6 14:01,none,,7.926921,7.926921,completed,0.000000,0.111839,0.155687,1.000000,0.020833,0.160000,0.472607,0.095000,0.466400,10,1,1,1,0,0,0,1,1,1,1,1,0,0,0,1,1,0.174798,0.219395,0.159225,0.000000,0.000000,0.000000,0.160694,0.000000,0.154990,0.000000,0.000000,0.000000,0.000000,0.000000,0.000000,0.130899,use_phone,1,25,8066,phone,none,,,0.000000,1.000000,0,none,,7.926921,7.926921,completed,0,6,rain,24.000000
1,1109,3448111451,180,Day 6 14:26,none,,7.926921,7.926921,completed,0.000000,0.209679,0.155687,1.000000,0.041667,0.176667,0.472607,0.190000,0.551400,10,1,1,1,0,0,0,1,1,1,1,1,0,0,0,1,1,0.161484,0.232141,0.149364,0.000000,0.000000,0.000000,0.177857,0.000000,0.152644,0.000000,0.000000,0.000000,0.000000,0.000000,0.000000,0.126511,idle,1,10,8076,,none,,,0.000000,1.000000,0,none,,7.926921,7.926921,completed,0,6,rain,24.000000
1,1109,3448111451,181,Day 6 14:36,none,,7.926921,7.926921,completed,0.123333,0.213679,0.155687,0.946667,0.050000,0.183333,0.472607,0.180000,0.545400,10,1,1,1,0,0,0,1,1,1,1,1,0,0,0,1,1,0.172131,0.226118,0.155303,0.000000,0.000000,0.000000,0.172406,0.000000,0.149420,0.000000,0.000000,0.000000,0.000000,0.000000,0.000000,0.124621,rest_at_bed,1,60,8136,bed,none,,,0.000000,1.000000,0,none,,7.926921,7.926921,completed,0,6,rain,24.000000
1,1109,3448111451,182,Day 6 15:36,none,,7.926921,7.926921,completed,0.183333,0.000000,0.155687,0.976667,0.100000,0.223333,0.472607,0.000000,0.509400,10,1,1,1,0,0,0,1,1,1,1,1,0,0,0,1,1,0.226903,0.252213,0.195703,0.000000,0.000000,0.000000,0.000000,0.000000,0.180401,0.000000,0.000000,0.000000,0.000000,0.000000,0.000000,0.144779,use_computer,1,30,8166,computer,none,,,0.000000,1.000000,0,none,,7.926921,7.926921,completed,0,6,rain,24.000000
1,1109,3448111451,183,Day 6 16:06,none,,7.926921,7.926921,completed,0.033333,0.118602,0.155687,0.966667,0.125000,0.243333,0.472607,0.080000,0.491400,10,1,1,1,0,0,0,1,1,1,1,1,0,0,0,1,1,0.174525,0.219190,0.157989,0.000000,0.000000,0.000000,0.155520,0.000000,0.165269,0.000000,0.000000,0.000000,0.000000,0.000000,0.000000,0.127506,rest_at_bed,1,60,8226,bed,none,,,0.000000,1.000000,0,none,,7.926921,7.926921,completed,0,6,rain,24.000000
1,1109,3448111451,184,Day 6 17:06,none,,7.926921,7.926921,completed,0.093333,0.000000,0.155687,0.996667,0.175000,0.283333,0.472607,0.000000,0.455400,10,1,1,1,0,0,0,1,1,1,1,1,0,0,0,1,1,0.186047,0.207113,0.163441,0.000000,0.000000,0.000000,0.000000,0.000000,0.169035,0.148876,0.000000,0.000000,0.000000,0.000000,0.000000,0.125487,use_phone,1,25,8251,phone,none,room-temperature-shift,,0.000000,1.000000,0,none,,7.926921,7.926921,completed,0,6,rain,24.000000
1,1109,3448111451,185,Day 6 17:31,none,,7.926921,7.926921,completed,0.000000,0.097839,0.155687,1.000000,0.195833,0.300000,0.472607,0.095000,0.540400,10,1,1,1,0,0,0,1,1,1,1,1,0,0,0,1,1,0.145502,0.197234,0.132289,0.000000,0.000000,0.000000,0.131947,0.000000,0.150854,0.133419,0.000000,0.000000,0.000000,0.000000,0.000000,0.108755,shop_on_phone,0,0,8251,phone,resource_insufficient,,,0.000000,1.000000,0,none,,7.926921,7.926921,completed,0,6,rain,24.000000
1,1109,3448111451,186,Day 6 17:31,none,,7.926921,7.926921,completed,0.000000,0.097839,0.155687,0.970000,0.195833,0.300000,0.502607,0.095000,0.540400,10,1,1,1,0,0,0,1,1,1,1,1,0,0,0,1,1,0.145566,0.197322,0.132348,0.000000,0.000000,0.000000,0.131562,0.000000,0.150921,0.133478,0.000000,0.000000,0.000000,0.000000,0.000000,0.108803,shop_on_phone,0,0,8251,phone,resource_insufficient,,,0.000000,1.000000,0,none,,7.926921,7.926921,completed,0,6,rain,24.000000
1,1109,3448111451,187,Day 6 17:31,none,,7.926921,7.926921,completed,0.000000,0.097839,0.155687,0.940000,0.195833,0.300000,0.532607,0.095000,0.540400,10,1,1,1,0,0,0,1,1,1,1,1,0,0,0,1,1,0.145631,0.197409,0.132406,0.000000,0.000000,0.000000,0.131178,0.000000,0.150988,0.133537,0.000000,0.000000,0.000000,0.000000,0.000000,0.108851,get_meal,1,35,8286,door,none,,,0.000000,1.000000,0,none,,7.926921,7.926921,completed,0,6,rain,24.000000
1,1109,3448111451,188,Day 6 18:06,none,,7.926921,7.926921,completed,0.000000,0.111839,0.155687,1.000000,0.000000,0.323333,0.532607,0.060000,0.519400,10,1,1,1,0,0,0,1,1,1,1,1,0,0,0,1,1,0.169442,0.222393,0.154225,0.000000,0.000000,0.000000,0.149942,0.000000,0.178596,0.000000,0.000000,0.000000,0.000000,0.000000,0.000000,0.125403,rest_at_bed,1,60,8346,bed,none,,,0.000000,1.000000,0,none,,7.926921,7.926921,completed,0,6,rain,24.000000
1,1109,3448111451,189,Day 6 19:06,none,,7.926921,7.926921,completed,0.060000,0.000000,0.155687,1.000000,0.050000,0.363333,0.532607,0.000000,0.483400,10,1,1,1,0,0,0,1,1,1,1,1,0,0,0,1,1,0.209893,0.246058,0.185648,0.000000,0.000000,0.000000,0.000000,0.000000,0.213888,0.000000,0.000000,0.000000,0.000000,0.000000,0.000000,0.144512,go_to_bathroom,1,15,8361,door,none,,,0.000000,1.000000,0,none,,7.926921,7.926921,completed,0,6,rain,24.000000
1,1109,3448111451,190,Day 6 19:21,none,,7.926921,7.926921,completed,0.065000,0.006000,0.155687,1.000000,0.062500,0.000000,0.532607,0.000000,0.474400,10,1,1,1,0,0,0,1,1,1,1,1,0,0,0,1,1,0.268134,0.310565,0.237110,0.000000,0.000000,0.000000,0.000000,0.000000,0.000000,0.000000,0.000000,0.000000,0.000000,0.000000,0.000000,0.184191,shop_on_phone,0,0,8361,phone,resource_insufficient,,,0.000000,1.000000,0,none,,7.926921,7.926921,completed,0,6,rain,24.000000
1,1109,3448111451,191,Day 6 19:21,none,,7.926921,7.926921,completed,0.065000,0.006000,0.155687,0.970000,0.062500,0.000000,0.562607,0.000000,0.474400,10,1,1,1,0,0,0,1,1,1,1,1,0,0,0,1,1,0.268134,0.310565,0.237110,0.000000,0.000000,0.000000,0.000000,0.000000,0.000000,0.000000,0.000000,0.000000,0.000000,0.000000,0.000000,0.184191,use_phone,1,25,8386,phone,none,,,0.000000,1.000000,0,none,,7.926921,7.926921,completed,0,6,rain,24.000000
1,1109,3448111451,192,Day 6 19:46,none,,7.926921,7.926921,completed,0.000000,0.103839,0.155687,1.000000,0.083333,0.016667,0.562607,0.095000,0.559400,10,1,1,1,0,0,0,1,1,1,1,1,0,0,0,1,1,0.202210,0.279936,0.183996,0.000000,0.000000,0.000000,0.182596,0.000000,0.000000,0.000000,0.000000,0.000000,0.000000,0.000000,0.000000,0.151263,idle,1,10,8396,,none,evening,,0.000000,1.000000,0,none,,7.926921,7.926921,completed,0,6,rain,24.000000
1,1109,3448111451,193,Day 6 19:56,none,,7.926921,7.926921,completed,0.123333,0.107839,0.155687,0.946667,0.091667,0.023333,0.562607,0.085000,0.553400,10,1,1,1,0,0,0,1,1,1,1,1,0,0,0,1,1,0.214357,0.271173,0.190260,0.000000,0.000000,0.000000,0.176026,0.000000,0.000000,0.000000,0.000000,0.000000,0.000000,0.000000,0.000000,0.148184,shop_on_phone,0,0,8396,phone,resource_insufficient,,,0.000000,1.000000,0,none,,7.926921,7.926921,completed,0,6,rain,24.000000
1,1109,3448111451,194,Day 6 19:56,none,,7.926921,7.926921,completed,0.123333,0.107839,0.155687,0.916667,0.091667,0.023333,0.592607,0.085000,0.553400,10,1,1,1,0,0,0,1,1,1,1,1,0,0,0,1,1,0.214484,0.271334,0.190372,0.000000,0.000000,0.000000,0.175538,0.000000,0.000000,0.000000,0.000000,0.000000,0.000000,0.000000,0.000000,0.148272,idle,1,10,8406,,none,,,0.000000,1.000000,0,none,,7.926921,7.926921,completed,0,6,rain,24.000000
1,1109,3448111451,195,Day 6 20:06,none,,7.926921,7.926921,completed,0.246667,0.111839,0.155687,0.863333,0.100000,0.030000,0.592607,0.075000,0.547400,10,1,1,1,0,0,0,1,1,1,1,1,0,0,0,1,1,0.227020,0.262437,0.196551,0.000000,0.000000,0.000000,0.168962,0.000000,0.000000,0.000000,0.000000,0.000000,0.000000,0.000000,0.000000,0.145030,rest_at_bed,1,60,8466,bed,none,,,0.000000,1.000000,0,none,,7.926921,7.926921,completed,0,6,rain,24.000000
1,1109,3448111451,196,Day 6 21:06,none,,7.926921,7.926921,completed,0.306667,0.000000,0.155687,0.893333,0.150000,0.070000,0.592607,0.000000,0.511400,10,1,1,1,0,0,0,1,1,1,1,1,0,0,0,1,1,0.242366,0.248989,0.203843,0.000000,0.000000,0.000000,0.000000,0.000000,0.000000,0.161486,0.000000,0.000000,0.000000,0.000000,0.000000,0.143316,use_phone,1,25,8491,phone,none,,,0.000000,1.000000,0,none,,7.926921,7.926921,completed,0,6,rain,24.000000
1,1109,3448111451,197,Day 6 21:31,none,,7.926921,7.926921,completed,0.095000,0.097839,0.155687,0.925000,0.170833,0.086667,0.592607,0.095000,0.596400,10,1,1,1,0,0,0,1,1,1,1,1,0,0,0,1,1,0.178072,0.240742,0.158792,0.000000,0.000000,0.000000,0.148663,0.000000,0.000000,0.148208,0.000000,0.000000,0.000000,0.000000,0.000000,0.125524,use_phone,1,25,8516,phone,none,,,0.000000,1.000000,0,none,,7.926921,7.926921,completed,0,6,rain,24.000000
1,1109,3448111451,198,Day 6 21:56,none,,7.926921,7.926921,completed,0.000000,0.195679,0.155687,0.956667,0.191667,0.103333,0.592607,0.190000,0.681400,10,1,1,1,0,0,0,1,1,1,1,1,0,0,0,1,1,0.156740,0.258310,0.144704,0.000000,0.000000,0.000000,0.168014,0.000000,0.000000,0.149669,0.000000,0.000000,0.000000,0.000000,0.000000,0.122564,rest_at_bed,1,60,8576,bed,none,,,0.000000,1.000000,0,none,,7.926921,7.926921,completed,0,6,rain,24.000000
1,1109,3448111451,199,Day 6 22:56,none,,7.926921,7.926921,completed,0.060000,0.000000,0.155687,0.986667,0.241667,0.143333,0.592607,0.000000,0.645400,10,1,1,1,0,0,0,1,1,1,1,1,0,0,0,1,1,0.177200,0.246869,0.156731,0.000000,0.000000,0.000000,0.000000,0.000000,0.140809,0.156389,0.000000,0.000000,0.000000,0.000000,0.000000,0.122003,use_computer,1,30,8606,computer,none,,,0.000000,1.000000,0,none,,7.926921,7.926921,completed,0,6,rain,24.000000
1,1109,3448111451,200,Day 6 23:26,none,,7.926921,7.926921,completed,0.000000,0.118602,0.155687,0.976667,0.266667,0.163333,0.592607,0.080000,0.627400,10,1,1,1,0,0,0,1,1,1,1,1,0,0,0,1,1,0.144559,0.214505,0.131755,0.000000,0.000000,0.000000,0.130221,0.000000,0.128130,0.143022,0.000000,0.000000,0.000000,0.000000,0.000000,0.107807,idle,1,10,8616,,none,,,0.000000,1.000000,0,none,,7.926921,7.926921,completed,0,6,rain,24.000000
1,1109,3448111451,201,Day 6 23:36,none,,7.926921,7.926921,completed,0.123333,0.122602,0.155687,0.923333,0.275000,0.170000,0.592607,0.070000,0.621400,10,1,1,1,0,0,0,1,1,1,1,1,0,0,0,1,1,0.154382,0.209336,0.137253,0.000000,0.000000,0.000000,0.126469,0.000000,0.125661,0.140500,0.000000,0.000000,0.000000,0.000000,0.000000,0.106398,idle,1,10,8626,,none,,,0.000000,1.000000,0,none,,7.926921,7.926921,completed,0,6,rain,24.000000
1,1109,3448111451,202,Day 6 23:46,none,,7.926921,7.926921,completed,0.246667,0.126602,0.155687,0.870000,0.283333,0.176667,0.592607,0.060000,0.615400,10,1,1,1,0,0,0,1,1,1,1,1,0,0,0,1,1,0.164669,0.204038,0.142804,0.000000,0.000000,0.000000,0.122673,0.000000,0.123087,0.137852,0.000000,0.000000,0.000000,0.000000,0.000000,0.104876,shop_on_phone,0,0,8626,phone,resource_insufficient,,,0.000000,1.000000,0,none,,7.926921,7.926921,completed,0,6,rain,24.000000
1,1109,3448111451,203,Day 6 23:46,none,,7.926921,7.926921,completed,0.246667,0.126602,0.155687,0.840000,0.283333,0.176667,0.622607,0.060000,0.615400,10,1,1,1,0,0,0,1,1,1,1,1,0,0,0,1,1,0.164737,0.204122,0.142863,0.000000,0.000000,0.000000,0.122311,0.000000,0.123138,0.137909,0.000000,0.000000,0.000000,0.000000,0.000000,0.104920,go_to_bathroom,1,15,8641,door,none,,,0.000000,1.000000,0,none,,7.926921,7.926921,completed,0,6,rain,24.000000
1,1109,3448111451,204,Day 7 00:01,none,,7.926921,7.926921,completed,0.251667,0.132602,0.155687,0.926603,0.295833,0.000000,0.622607,0.045000,0.606400,10,1,1,1,0,0,0,1,1,1,1,1,0,0,0,1,1,0.188917,0.230112,0.163742,0.000000,0.000000,0.000000,0.138695,0.000000,0.000000,0.159091,0.000000,0.000000,0.000000,0.000000,0.000000,0.119442,rest_at_bed,1,60,8701,bed,none,,,0.000000,1.000000,0,none,,7.926921,7.926921,completed,0,6,rain,24.000000
1,1109,3448111451,205,Day 7 01:01,none,,7.926921,7.926921,completed,0.311667,0.000000,0.155687,0.956603,0.345833,0.040000,0.622607,0.000000,0.570400,10,1,1,1,0,0,0,1,1,1,1,1,0,0,0,1,1,0.230186,0.250995,0.193402,0.000000,0.000000,0.000000,0.000000,0.000000,0.000000,0.189723,0.000000,0.000000,0.000000,0.000000,0.000000,0.135695,shop_on_phone,0,0,8701,phone,resource_insufficient,,,0.000000,1.000000,0,none,,7.926921,7.926921,completed,0,6,rain,24.000000
1,1109,3448111451,206,Day 7 01:01,none,,7.926921,7.926921,completed,0.311667,0.000000,0.155687,0.926603,0.345833,0.040000,0.652607,0.000000,0.570400,10,1,1,1,0,0,0,1,1,1,1,1,0,0,0,1,1,0.230186,0.250995,0.193402,0.000000,0.000000,0.000000,0.000000,0.000000,0.000000,0.189723,0.000000,0.000000,0.000000,0.000000,0.000000,0.135695,idle,1,10,8711,,none,,,0.000000,1.000000,0,none,,7.926921,7.926921,completed,0,6,rain,24.000000
1,1109,3448111451,207,Day 7 01:11,none,,7.926921,7.926921,completed,0.435000,0.004000,0.155687,0.873269,0.354167,0.046667,0.652607,0.000000,0.564400,10,1,1,1,0,0,0,1,1,1,1,1,0,0,0,1,1,0.242316,0.242259,0.198638,0.000000,0.000000,0.000000,0.000000,0.000000,0.000000,0.184334,0.000000,0.000000,0.000000,0.000000,0.000000,0.132452,use_phone,1,25,8736,phone,none,,,0.000000,1.000000,0,none,,7.926921,7.926921,completed,0,6,rain,24.000000
1,1109,3448111451,208,Day 7 01:36,none,,7.926921,7.926921,completed,0.223333,0.101839,0.155687,0.904936,0.375000,0.063333,0.652607,0.095000,0.649400,10,1,1,1,0,0,0,1,1,1,1,1,0,0,0,1,1,0.180349,0.237280,0.156749,0.000000,0.000000,0.000000,0.136729,0.000000,0.000000,0.171376,0.000000,0.000000,0.000000,0.000000,0.000000,0.117516,rest_at_bed,1,60,8796,bed,none,,,0.000000,1.000000,0,none,,7.926921,7.926921,completed,0,6,rain,24.000000
1,1109,3448111451,209,Day 7 02:36,none,,7.926921,7.926921,completed,0.283333,0.000000,0.155687,0.934936,0.425000,0.103333,0.652607,0.000000,0.613400,10,1,1,1,0,0,0,1,1,1,1,1,0,0,0,1,1,0.220935,0.256933,0.186705,0.000000,0.000000,0.000000,0.000000,0.000000,0.000000,0.202889,0.000000,0.000000,0.000000,0.000000,0.000000,0.132537,get_meal,1,35,8831,door,none,,,0.000000,1.000000,0,none,,7.926921,7.926921,completed,0,6,rain,24.000000
1,1109,3448111451,210,Day 7 03:11,none,,7.926921,7.926921,completed,0.255000,0.014000,0.155687,1.000000,0.000000,0.126667,0.652607,0.000000,0.592400,10,1,1,1,0,0,0,1,1,1,1,1,0,0,0,1,1,0.275944,0.320296,0.234987,0.000000,0.000000,0.000000,0.000000,0.000000,0.000000,0.000000,0.000000,0.000000,0.000000,0.000000,0.000000,0.168773,use_phone,1,25,8856,phone,none,,,0.000000,1.000000,0,none,,7.926921,7.926921,completed,0,6,rain,24.000000
1,1109,3448111451,211,Day 7 03:36,none,,7.926921,7.926921,completed,0.043333,0.111839,0.155687,1.000000,0.020833,0.143333,0.652607,0.095000,0.677400,10,1,1,1,0,0,0,1,1,1,1,1,0,0,0,1,1,0.170199,0.259978,0.153670,0.000000,0.000000,0.000000,0.148570,0.000000,0.143490,0.000000,0.000000,0.000000,0.000000,0.000000,0.000000,0.124093,use_phone,1,25,8881,phone,none,,,0.000000,1.000000,0,none,,7.926921,7.926921,completed,0,6,rain,24.000000
1,1109,3448111451,212,Day 7 04:01,none,,7.926921,7.926921,completed,0.000000,0.209679,0.155687,1.000000,0.041667,0.160000,0.652607,0.190000,0.762400,10,1,1,1,0,0,0,1,1,1,1,1,0,0,0,1,1,0.153484,0.276264,0.141965,0.000000,0.000000,0.000000,0.165668,0.000000,0.142374,0.000000,0.000000,0.000000,0.000000,0.000000,0.000000,0.120244,shop_on_phone,0,0,8881,phone,resource_insufficient,,,0.000000,1.000000,0,none,,7.926921,7.926921,completed,0,6,rain,24.000000
1,1109,3448111451,213,Day 7 04:01,none,,7.926921,7.926921,completed,0.000000,0.209679,0.155687,0.970000,0.041667,0.160000,0.682607,0.190000,0.762400,10,1,1,1,0,0,0,1,1,1,1,1,0,0,0,1,1,0.134209,0.241570,0.124137,0.000000,0.000000,0.000000,0.144376,0.000000,0.124495,0.000000,0.126069,0.000000,0.000000,0.000000,0.000000,0.105144,go_to_bathroom,1,15,8896,door,none,,,0.000000,1.000000,0,none,,7.926921,7.926921,completed,0,6,rain,24.000000
1,1109,3448111451,214,Day 7 04:16,none,,7.926921,7.926921,completed,0.005000,0.215679,0.155687,1.000000,0.054167,0.000000,0.682607,0.175000,0.753400,10,1,1,1,0,0,0,1,1,1,1,1,0,0,0,1,1,0.154625,0.273596,0.142941,0.000000,0.000000,0.000000,0.164478,0.000000,0.000000,0.000000,0.144106,0.000000,0.000000,0.000000,0.000000,0.120254,idle,1,10,8906,,none,,,0.000000,1.000000,0,none,,7.926921,7.926921,completed,0,6,rain,24.000000
1,1109,3448111451,215,Day 7 04:26,none,,7.926921,7.926921,completed,0.128333,0.219679,0.155687,0.946667,0.062500,0.006667,0.682607,0.165000,0.747400,10,1,1,1,0,0,0,1,1,1,1,1,0,0,0,1,1,0.165177,0.267074,0.148947,0.000000,0.000000,0.000000,0.159782,0.000000,0.000000,0.000000,0.140306,0.000000,0.000000,0.000000,0.000000,0.118714,use_computer,1,30,8936,computer,none,,,0.000000,1.000000,0,none,,7.926921,7.926921,completed,0,6,rain,24.000000
1,1109,3448111451,216,Day 7 04:56,none,,7.926921,7.926921,completed,0.000000,0.338281,0.155687,0.936667,0.087500,0.026667,0.682607,0.245000,0.729400,10,1,1,1,0,0,0,1,1,1,1,1,0,0,0,1,1,0.146837,0.264472,0.138359,0.000000,0.000000,0.000000,0.188139,0.000000,0.000000,0.000000,0.142961,0.000000,0.000000,0.000000,0.000000,0.119231,turn_light_on,1,1,8937,light,none,,,0.000000,1.000000,0,none,,7.926921,7.926921,completed,0,6,rain,24.000000
1,1109,3448111451,217,Day 7 04:57,none,,7.926921,7.926921,completed,0.000333,0.338681,0.155687,0.956333,0.088333,0.027333,0.682607,0.244000,0.728800,10,1,1,1,0,0,0,1,1,1,1,0,1,0,0,1,1,0.146281,0.263170,0.137830,0.000000,0.000000,0.000000,0.187286,0.000000,0.000000,0.000000,0.000000,0.146711,0.000000,0.000000,0.000000,0.118722,shop_on_phone,0,0,8937,phone,resource_insufficient,,,0.000000,1.000000,0,none,,7.926921,7.926921,completed,0,6,rain,24.000000
1,1109,3448111451,218,Day 7 04:57,none,,7.926921,7.926921,completed,0.000333,0.338681,0.155687,0.926333,0.088333,0.027333,0.712607,0.244000,0.728800,10,1,1,1,0,0,0,1,1,1,1,0,1,0,0,1,1,0.146373,0.263336,0.137916,0.000000,0.000000,0.000000,0.186775,0.000000,0.000000,0.000000,0.000000,0.146803,0.000000,0.000000,0.000000,0.118797,rest_at_bed,1,60,8997,bed,none,,,0.000000,1.000000,0,none,,7.926921,7.926921,completed,0,6,rain,24.000000
1,1109,3448111451,219,Day 7 05:57,none,,7.926921,7.926921,completed,0.060333,0.087384,0.155687,0.956333,0.138333,0.067333,0.712607,0.044000,0.692800,10,1,1,1,0,0,0,1,1,1,1,0,1,0,0,1,1,0.203440,0.306066,0.182236,0.000000,0.000000,0.000000,0.000000,0.000000,0.000000,0.164449,0.000000,0.000000,0.000000,0.000000,0.000000,0.143810,shop_on_phone,0,0,8997,phone,resource_insufficient,,,0.000000,1.000000,0,none,,7.926921,7.926921,completed,0,6,rain,24.000000
1,1109,3448111451,220,Day 7 05:57,none,,7.926921,7.926921,completed,0.060333,0.087384,0.155687,0.926333,0.138333,0.067333,0.742607,0.044000,0.692800,10,1,1,1,0,0,0,1,1,1,1,0,1,0,0,1,1,0.203440,0.306066,0.182236,0.000000,0.000000,0.000000,0.000000,0.000000,0.000000,0.164449,0.000000,0.000000,0.000000,0.000000,0.000000,0.143810,shop_on_phone,0,0,8997,phone,resource_insufficient,,,0.000000,1.000000,0,none,,7.926921,7.926921,completed,0,6,rain,24.000000
1,1109,3448111451,221,Day 7 05:57,none,,7.926921,7.926921,completed,0.060333,0.087384,0.155687,0.896333,0.138333,0.067333,0.772607,0.044000,0.692800,10,1,1,1,0,0,0,1,1,1,1,0,1,0,0,1,1,0.203440,0.306066,0.182236,0.000000,0.000000,0.000000,0.000000,0.000000,0.000000,0.164449,0.000000,0.000000,0.000000,0.000000,0.000000,0.143810,use_computer,1,30,9027,computer,none,,,0.000000,1.000000,0,none,,7.926921,7.926921,completed,0,6,rain,24.000000
1,1109,3448111451,222,Day 7 06:27,none,,7.926921,7.926921,completed,0.000000,0.205985,0.155687,0.886333,0.163333,0.087333,0.772607,0.124000,0.674800,10,1,1,1,0,0,0,1,1,1,1,0,1,0,0,1,1,0.161337,0.258582,0.148934,0.000000,0.000000,0.000000,0.161354,0.000000,0.000000,0.146234,0.000000,0.000000,0.000000,0.000000,0.000000,0.123559,use_computer,1,30,9057,computer,none,,,0.000000,1.000000,0,none,,7.926921,7.926921,completed,0,6,rain,24.000000
1,1109,3448111451,223,Day 7 06:57,none,,7.926921,7.926921,completed,0.000000,0.324587,0.155687,0.876333,0.188333,0.107333,0.772607,0.204000,0.656800,10,1,1,1,0,0,0,1,1,1,1,0,1,0,0,1,1,0.132767,0.217896,0.124756,0.000000,0.000000,0.000000,0.160166,0.000000,0.000000,0.129129,0.000000,0.129152,0.000000,0.000000,0.000000,0.106134,use_phone,1,25,9082,phone,none,,,0.000000,1.000000,0,none,,7.926921,7.926921,completed,0,6,rain,24.000000
1,1109,3448111451,224,Day 7 07:22,none,,7.926921,7.926921,completed,0.000000,0.422427,0.155687,0.908000,0.209167,0.124000,0.772607,0.299000,0.741800,10,1,1,1,0,0,0,1,1,1,1,0,1,0,0,1,1,0.101164,0.190160,0.096526,0.000000,0.000000,0.000000,0.146214,0.166571,0.000000,0.105331,0.000000,0.109430,0.000000,0.000000,0.000000,0.084604,get_meal,1,35,9117,door,none,,,0.000000,1.000000,0,none,,7.926921,7.926921,completed,0,6,rain,24.000000
1,1109,3448111451,225,Day 7 07:57,none,,7.926921,7.926921,completed,0.000000,0.436427,0.155687,1.000000,0.000000,0.147333,0.772607,0.264000,0.720800,10,1,1,1,0,0,0,1,1,1,1,0,1,0,0,1,1,0.103316,0.188038,0.098687,0.000000,0.000000,0.000000,0.146698,0.167582,0.099858,0.000000,0.000000,0.110267,0.000000,0.000000,0.000000,0.085553,rest_at_bed,1,60,9177,bed,none,alarm-rings,,0.000000,1.000000,0,none,,7.926921,7.926921,completed,0,6,rain,24.000000
1,1109,3448111451,226,Day 7 08:57,none,,7.926921,7.926921,completed,0.090000,0.185130,0.155687,1.000000,0.050000,0.187333,0.808597,0.064000,0.684800,11,1,1,1,0,0,0,1,1,1,1,0,1,1,0,1,1,0.138570,0.206790,0.125068,0.000000,0.000000,0.000000,0.120019,0.000000,0.118609,0.000000,0.000000,0.000000,0.192833,0.000000,0.000000,0.098110,rest_at_bed,1,60,9237,bed,none,message-study-group,,0.000000,1.000000,0,none,,7.926921,7.926921,completed,0,7,rain,24.000000
1,1109,3448111451,227,Day 7 09:57,none,,7.926921,7.926921,completed,0.150000,0.000000,0.155687,1.000000,0.100000,0.227333,0.808597,0.000000,0.648800,11,1,1,1,0,0,0,1,1,1,1,0,1,1,0,1,1,0.168701,0.222356,0.146498,0.000000,0.000000,0.000000,0.000000,0.000000,0.138050,0.000000,0.000000,0.000000,0.214516,0.000000,0.000000,0.109879,go_to_bathroom,1,15,9252,door,none,,,0.000000,1.000000,0,none,,7.926921,7.926921,completed,0,7,rain,24.000000
1,1109,3448111451,228,Day 7 10:12,none,,7.926921,7.926921,completed,0.155000,0.006000,0.155687,1.000000,0.112500,0.000000,0.808597,0.000000,0.639800,11,1,1,1,0,0,0,1,1,1,1,0,1,1,0,1,1,0.196531,0.255931,0.170628,0.000000,0.000000,0.000000,0.000000,0.000000,0.000000,0.000000,0.000000,0.000000,0.249196,0.000000,0.000000,0.127714,use_computer,1,30,9282,computer,none,,,0.000000,1.000000,0,none,,7.926921,7.926921,completed,0,7,rain,24.000000
1,1109,3448111451,229,Day 7 10:42,none,,7.926921,7.926921,completed,0.005000,0.124602,0.155687,0.990000,0.137500,0.020000,0.808597,0.080000,0.621800,11,1,1,1,0,0,0,1,1,1,1,0,1,1,0,1,1,0.136245,0.200469,0.124151,0.000000,0.000000,0.000000,0.120059,0.000000,0.000000,0.116539,0.000000,0.000000,0.201161,0.000000,0.000000,0.101376,shop_on_phone,0,0,9282,phone,resource_insufficient,,,0.000000,1.000000,0,none,,7.926921,7.926921,completed,0,7,rain,24.000000
1,1109,3448111451,230,Day 7 10:42,none,,7.926921,7.926921,completed,0.005000,0.124602,0.155687,0.960000,0.137500,0.020000,0.838597,0.080000,0.621800,11,1,1,1,0,0,0,1,1,1,1,0,1,1,0,1,1,0.136069,0.200210,0.123990,0.000000,0.000000,0.000000,0.119501,0.000000,0.000000,0.116388,0.000000,0.000000,0.202598,0.000000,0.000000,0.101245,use_computer,1,30,9312,computer,none,,,0.000000,1.000000,0,none,,7.926921,7.926921,completed,0,7,rain,24.000000
1,1109,3448111451,231,Day 7 11:12,none,,7.926921,7.926921,completed,0.000000,0.243203,0.155687,0.950000,0.162500,0.040000,0.838597,0.160000,0.603800,11,1,1,1,0,0,0,1,1,1,1,0,1,1,0,1,1,0.128808,0.194710,0.119599,0.000000,0.000000,0.000000,0.136954,0.000000,0.000000,0.118657,0.000000,0.000000,0.200921,0.000000,0.000000,0.100350,idle,1,10,9322,,none,,,0.000000,1.000000,0,none,,7.926921,7.926921,completed,0,7,rain,24.000000
1,1109,3448111451,232,Day 7 11:22,none,,7.926921,7.926921,completed,0.123333,0.247203,0.155687,0.896667,0.170833,0.046667,0.838597,0.150000,0.597800,11,1,1,1,0,0,0,1,1,1,1,0,1,1,0,1,1,0.138065,0.190714,0.125046,0.000000,0.000000,0.000000,0.133495,0.000000,0.000000,0.116992,0.000000,0.000000,0.196286,0.000000,0.000000,0.099401,use_computer,1,30,9352,computer,none,,,0.000000,1.000000,0,none,,7.926921,7.926921,completed,0,7,rain,24.000000
1,1109,3448111451,233,Day 7 11:52,none,,7.926921,7.926921,completed,0.000000,0.365805,0.155687,0.886667,0.195833,0.066667,0.838597,0.230000,0.579800,11,1,1,1,0,0,0,1,1,1,1,0,1,1,0,1,1,0.108774,0.166825,0.102839,0.000000,0.000000,0.000000,0.138800,0.000000,0.000000,0.108209,0.000000,0.109741,0.176605,0.000000,0.000000,0.088206,use_computer,1,30,9382,computer,none,,,0.000000,1.000000,0,none,,7.926921,7.926921,completed,0,7,rain,24.000000
1,1109,3448111451,234,Day 7 12:22,none,,7.926921,7.926921,completed,0.000000,0.484407,0.155687,0.876667,0.220833,0.086667,0.838597,0.310000,0.561800,11,1,1,1,0,0,0,1,1,1,1,0,1,1,0,1,1,0.086074,0.135176,0.082836,0.000000,0.000000,0.000000,0.132486,0.156078,0.000000,0.091882,0.000000,0.096740,0.145872,0.000000,0.000000,0.072856,use_computer,1,30,9412,computer,none,,,0.000000,1.000000,0,none,,7.926921,7.926921,completed,0,7,rain,24.000000
1,1109,3448111451,235,Day 7 12:52,none,,7.926921,7.926921,completed,0.000000,0.603008,0.155687,0.866667,0.245833,0.106667,0.838597,0.390000,0.543800,11,1,1,1,0,0,0,1,1,1,1,0,1,1,0,1,1,0.072190,0.116092,0.070719,0.000000,0.000000,0.000000,0.134033,0.166820,0.000000,0.082690,0.000000,0.090385,0.127703,0.000000,0.075586,0.063782,sleep_at_bed,1,480,9892,bed,none,weather-clear|evening|room-temperature-shift,,0.000000,1.000000,0,none,,7.926921,7.926921,completed,0,7,clear,24.000000
1,1109,3448111451,236,Day 7 20:52,none,,7.926921,7.926921,completed,0.080000,0.273606,0.155687,0.786667,0.645833,0.426667,0.838597,0.000000,0.255800,11,1,1,1,0,0,0,1,1,1,1,0,1,1,0,1,1,0.119244,0.112318,0.108981,0.000000,0.000000,0.000000,0.106728,0.000000,0.133469,0.168174,0.000000,0.000000,0.166951,0.000000,0.000000,0.084135,rest_at_bed,1,60,9952,bed,none,,,0.000000,1.000000,0,none,,7.926921,7.926921,completed,0,7,clear,24.000000
1,1109,3448111451,237,Day 7 21:52,none,,7.926921,7.926921,completed,0.140000,0.022309,0.155687,0.816667,0.695833,0.466667,0.838597,0.000000,0.219800,11,1,1,1,0,0,0,1,1,1,1,0,1,1,0,1,1,0.140232,0.118145,0.122391,0.000000,0.000000,0.000000,0.000000,0.000000,0.151966,0.193407,0.000000,0.000000,0.181682,0.000000,0.000000,0.092177,idle,1,10,9962,,none,,,0.000000,1.000000,0,none,,7.926921,7.926921,completed,0,7,clear,24.000000
1,1109,3448111451,238,Day 7 22:02,none,,7.926921,7.926921,completed,0.263333,0.026309,0.155687,0.763333,0.704167,0.473333,0.838597,0.000000,0.213800,11,1,1,1,0,0,0,1,1,1,1,0,1,1,0,1,1,0.149482,0.115470,0.127289,0.000000,0.000000,0.000000,0.000000,0.000000,0.149261,0.190281,0.000000,0.000000,0.177108,0.000000,0.000000,0.091108,get_meal,1,35,9997,door,none,,,0.000000,1.000000,0,none,,7.926921,7.926921,completed,0,7,clear,24.000000
1,1109,3448111451,239,Day 7 22:37,none,,7.926921,7.926921,completed,0.235000,0.040309,0.155687,0.883269,0.183333,0.496667,0.838597,0.000000,0.192800,11,1,1,1,0,0,0,1,1,1,1,0,1,1,0,1,1,0.160173,0.123494,0.137443,0.000000,0.000000,0.000000,0.000000,0.000000,0.167955,0.117299,0.000000,0.000000,0.194102,0.000000,0.000000,0.099534,turn_off_alarm,1,1,9998,alarm,none,,,0.000000,1.000000,0,none,,7.926921,7.926921,completed,0,7,clear,24.000000
1,1109,3448111451,240,Day 7 22:38,none,,7.926921,7.926921,completed,0.235333,0.040709,0.155687,0.912936,0.184167,0.497333,0.818597,0.000000,0.192200,10,1,1,1,0,0,0,1,1,1,1,0,1,0,0,1,1,0.198735,0.153103,0.170531,0.000000,0.000000,0.000000,0.000000,0.000000,0.208508,0.145645,0.000000,0.000000,0.000000,0.000000,0.000000,0.123478,shop_on_phone,0,0,9998,phone,resource_insufficient,,,0.000000,1.000000,0,none,,7.926921,7.926921,completed,0,7,clear,24.000000
1,1109,3448111451,241,Day 7 22:38,none,,7.926921,7.926921,completed,0.235333,0.040709,0.155687,0.882936,0.184167,0.497333,0.848597,0.000000,0.192200,10,1,1,1,0,0,0,1,1,1,1,0,1,0,0,1,1,0.198735,0.153103,0.170531,0.000000,0.000000,0.000000,0.000000,0.000000,0.208508,0.145645,0.000000,0.000000,0.000000,0.000000,0.000000,0.123478,get_meal,1,35,10033,door,none,,,0.000000,1.000000,0,none,,7.926921,7.926921,completed,0,7,clear,24.000000
1,1109,3448111451,242,Day 7 23:13,none,,7.926921,7.926921,completed,0.207000,0.054709,0.155687,1.000000,0.000000,0.520667,0.848597,0.000000,0.171200,10,1,1,1,0,0,0,1,1,1,1,0,1,0,0,1,1,0.228893,0.176001,0.197920,0.000000,0.000000,0.000000,0.000000,0.000000,0.252189,0.000000,0.000000,0.000000,0.000000,0.000000,0.000000,0.144996,idle,1,10,10043,,none,,,0.000000,1.000000,0,none,,7.926921,7.926921,completed,0,7,clear,24.000000
1,1109,3448111451,243,Day 7 23:23,none,,7.926921,7.926921,completed,0.330333,0.058709,0.155687,0.946667,0.008333,0.527333,0.848597,0.000000,0.165200,10,1,1,1,0,0,0,1,1,1,1,0,1,0,0,1,1,0.240893,0.169832,0.203227,0.000000,0.000000,0.000000,0.000000,0.000000,0.244554,0.000000,0.000000,0.000000,0.000000,0.000000,0.000000,0.141494,go_to_bathroom,1,15,10058,door,none,,,0.000000,1.000000,0,none,,7.926921,7.926921,completed,0,7,clear,24.000000
1,1109,3448111451,244,Day 7 23:38,none,,7.926921,7.926921,completed,0.335333,0.064709,0.155687,1.000000,0.020833,0.000000,0.848597,0.000000,0.156200,10,1,1,1,0,0,0,1,1,1,1,0,1,0,0,1,1,0.319892,0.222823,0.269816,0.000000,0.000000,0.000000,0.000000,0.000000,0.000000,0.000000,0.000000,0.000000,0.000000,0.000000,0.000000,0.187469,use_computer,1,30,10088,computer,none,,,0.000000,1.000000,0,none,,7.926921,7.926921,completed,0,7,clear,24.000000
1,1109,3448111451,245,Day 8 00:08,none,,7.926921,7.926921,completed,0.185333,0.183311,0.155687,0.990000,0.045833,0.020000,0.848597,0.080000,0.138200,10,1,1,1,0,0,0,1,1,1,1,0,1,0,0,1,1,0.240509,0.189288,0.212914,0.000000,0.000000,0.000000,0.195903,0.000000,0.000000,0.000000,0.000000,0.000000,0.000000,0.000000,0.000000,0.161385,rest_at_bed,1,60,10148,bed,none,,,0.000000,1.000000,0,none,,7.926921,7.926921,completed,0,7,clear,24.000000
1,1109,3448111451,246,Day 8 01:08,none,,7.926921,7.926921,completed,0.245333,0.000000,0.155687,1.000000,0.095833,0.060000,0.848597,0.000000,0.102200,10,1,1,1,0,0,0,1,1,1,1,0,1,0,0,1,1,0.405552,0.000000,0.345389,0.000000,0.000000,0.000000,0.000000,0.000000,0.000000,0.000000,0.000000,0.000000,0.000000,0.000000,0.000000,0.249059,use_computer,1,30,10178,computer,none,,,0.000000,1.000000,0,none,,7.926921,7.926921,completed,0,7,clear,24.000000
1,1109,3448111451,247,Day 8 01:38,none,,7.926921,7.926921,completed,0.095333,0.118602,0.155687,0.990000,0.120833,0.080000,0.848597,0.080000,0.084200,10,1,1,1,0,0,0,1,1,1,1,0,1,0,0,1,1,0.292947,0.000000,0.261854,0.000000,0.000000,0.000000,0.239207,0.000000,0.000000,0.000000,0.000000,0.000000,0.000000,0.000000,0.000000,0.205992,use_computer,1,30,10208,computer,none,,,0.000000,1.000000,0,none,,7.926921,7.926921,completed,0,7,clear,24.000000
1,1109,3448111451,248,Day 8 02:08,none,,7.926921,7.926921,completed,0.000000,0.237203,0.155687,0.980000,0.145833,0.100000,0.848597,0.160000,0.066200,10,1,1,1,0,0,0,1,1,1,1,0,1,0,0,1,1,0.214330,0.000000,0.198846,0.000000,0.000000,0.000000,0.226300,0.000000,0.000000,0.193681,0.000000,0.000000,0.000000,0.000000,0.000000,0.166843,idle,1,10,10218,,none,,,0.000000,1.000000,0,none,,7.926921,7.926921,completed,0,7,clear,24.000000
1,1109,3448111451,249,Day 8 02:18,none,,7.926921,7.926921,completed,0.123333,0.241203,0.155687,0.926667,0.154167,0.106667,0.848597,0.150000,0.060200,10,1,1,1,0,0,0,1,1,1,1,0,1,0,0,1,1,0.226461,0.000000,0.204942,0.000000,0.000000,0.000000,0.217443,0.000000,0.000000,0.188243,0.000000,0.000000,0.000000,0.000000,0.000000,0.162911,use_computer,1,30,10248,computer,none,,,0.000000,1.000000,0,none,,7.926921,7.926921,completed,0,7,clear,24.000000
1,1109,3448111451,250,Day 8 02:48,none,,7.926921,7.926921,completed,0.000000,0.359805,0.155687,0.916667,0.179167,0.126667,0.848597,0.230000,0.042200,10,1,1,1,0,0,0,1,1,1,1,0,1,0,0,1,1,0.166562,0.000000,0.157347,0.000000,0.000000,0.000000,0.211063,0.000000,0.000000,0.162543,0.000000,0.167527,0.000000,0.000000,0.000000,0.134958,rest_at_bed,1,60,10308,bed,none,,,0.000000,1.000000,0,none,,7.926921,7.926921,completed,0,7,clear,24.000000
1,1109,3448111451,251,Day 8 03:48,none,,7.926921,7.926921,completed,0.060000,0.108508,0.155687,0.946667,0.229167,0.166667,0.848597,0.030000,0.006200,10,1,1,1,0,0,0,1,1,1,1,0,1,0,0,1,1,0.230823,0.000000,0.207303,0.000000,0.000000,0.000000,0.000000,0.000000,0.193032,0.205945,0.000000,0.000000,0.000000,0.000000,0.000000,0.162897,go_to_bathroom,1,15,10323,door,none,,,0.000000,1.000000,0,none,,7.926921,7.926921,completed,0,7,clear,24.000000
1,1109,3448111451,252,Day 8 04:03,none,,7.926921,7.926921,completed,0.065000,0.114508,0.155687,1.000000,0.241667,0.000000,0.848597,0.015000,0.000000,10,1,1,1,0,0,0,1,1,1,1,0,1,0,0,1,1,0.286066,0.000000,0.256775,0.000000,0.000000,0.000000,0.000000,0.000000,0.000000,0.256750,0.000000,0.000000,0.000000,0.000000,0.000000,0.200409,idle,1,10,10333,,none,,,0.000000,1.000000,0,none,,7.926921,7.926921,completed,0,7,clear,24.000000
1,1109,3448111451,253,Day 8 04:13,none,,7.926921,7.926921,completed,0.188333,0.118508,0.155687,0.946667,0.250000,0.006667,0.848597,0.005000,0.000000,10,1,1,1,0,0,0,1,1,1,1,0,1,0,0,1,1,0.298634,0.000000,0.261475,0.000000,0.000000,0.000000,0.000000,0.000000,0.000000,0.246551,0.000000,0.000000,0.000000,0.000000,0.000000,0.193340,get_meal,1,35,10368,door,none,,,0.000000,1.000000,0,none,,7.926921,7.926921,completed,0,7,clear,24.000000
1,1109,3448111451,254,Day 8 04:48,none,,7.926921,7.926921,completed,0.160000,0.132508,0.155687,1.000000,0.000000,0.030000,0.848597,0.000000,0.000000,10,1,1,1,0,0,0,1,1,1,1,0,1,0,0,1,1,0.393519,0.000000,0.347166,0.000000,0.000000,0.000000,0.000000,0.000000,0.000000,0.000000,0.000000,0.000000,0.000000,0.000000,0.000000,0.259315,use_computer,1,30,10398,computer,none,,,0.000000,1.000000,0,none,,7.926921,7.926921,completed,0,7,clear,24.000000
1,1109,3448111451,255,Day 8 05:18,none,,7.926921,7.926921,completed,0.010000,0.251110,0.155687,0.990000,0.025000,0.050000,0.848597,0.080000,0.000000,10,1,1,1,0,0,0,1,1,1,1,0,1,0,0,1,1,0.272527,0.000000,0.252343,0.000000,0.000000,0.000000,0.269504,0.000000,0.000000,0.000000,0.000000,0.000000,0.000000,0.000000,0.000000,0.205626,rest_at_bed,1,60,10458,bed,none,,,0.000000,1.000000,0,none,,7.926921,7.926921,completed,0,7,clear,24.000000
1,1109,3448111451,256,Day 8 06:18,none,,7.926921,7.926921,completed,0.070000,0.000000,0.155687,1.000000,0.075000,0.090000,0.848597,0.000000,0.000000,10,1,1,1,0,0,0,1,1,1,1,0,1,0,0,1,1,0.389567,0.000000,0.343864,0.000000,0.000000,0.000000,0.000000,0.000000,0.000000,0.000000,0.000000,0.000000,0.000000,0.000000,0.000000,0.266569,use_phone,1,25,10483,phone,none,,,0.000000,1.000000,0,none,,7.926921,7.926921,completed,0,7,clear,24.000000
