personality_index,scenario_seed,action_seed,step,decision_time,pre_commitment_status,pre_commitment_task_id,pre_task_effort,pre_task_effort_target,pre_task_status,pre_boredom,pre_fatigue,pre_task_pressure,pre_satisfaction,pre_hunger,pre_bathroom_urge,pre_anxiety,pre_screen_strain,pre_purchase_urge,known_action_count,known_use_phone,known_shop_on_phone,known_use_computer,known_study_at_computer,known_study_focused,known_study_halfhearted,known_rest_at_bed,known_sleep_at_bed,known_go_to_bathroom,known_get_meal,known_turn_light_on,known_turn_light_off,known_turn_off_alarm,known_open_curtain,known_close_curtain,known_idle,p_use_phone,p_shop_on_phone,p_use_computer,p_study_at_computer,p_study_focused,p_study_halfhearted,p_rest_at_bed,p_sleep_at_bed,p_go_to_bathroom,p_get_meal,p_turn_light_on,p_turn_light_off,p_turn_off_alarm,p_open_curtain,p_close_curtain,p_idle,chosen_action,accepted,elapsed_minutes,simulation_total_minutes,target_object_id,failure_reason,event_ids,outcome_task_id,outcome_task_effort_gained,outcome_task_settlement_variation,outcome_task_session_interrupted,post_commitment_status,post_commitment_task_id,post_task_effort,post_task_effort_target,post_task_status,post_wallet,post_unread_messages,post_weather,post_temperature_celsius
16,1112,3448150343,1,Day 1 08:00,none,,0.000000,7.479986,active,0.550000,0.150000,0.550000,0.450000,0.250000,0.150000,0.200000,0.050000,0.100000,13,1,1,1,1,1,1,1,1,1,1,0,1,0,0,1,1,0.122260,0.000000,0.104724,0.155060,0.162893,0.121025,0.082938,0.000000,0.083739,0.093282,0.000000,0.000000,0.000000,0.000000,0.000000,0.074080,study_focused,1,35,515,desk,none,,coursework,0.465594,1.035826,0,active,coursework,0.465594,7.479986,active,120,0,clear,23.000000
16,1112,3448150343,2,Day 1 08:35,active,coursework,0.465594,7.479986,active,0.581667,0.274000,0.403417,0.518333,0.279167,0.173333,0.150000,0.015000,0.079000,13,1,1,1,1,1,1,1,1,1,1,0,1,0,0,1,1,0.125083,0.000000,0.108111,0.141312,0.149539,0.126332,0.090892,0.000000,0.086424,0.096859,0.000000,0.000000,0.000000,0.000000,0.000000,0.075448,use_phone,1,25,540,phone,none,,,0.000000,1.000000,0,active,coursework,0.465594,7.479986,active,120,0,clear,23.000000
16,1112,3448150343,3,Day 1 09:00,active,coursework,0.465594,7.479986,active,0.370000,0.364986,0.500152,0.550000,0.300000,0.190000,0.189868,0.110000,0.164000,13,1,1,1,1,1,1,1,1,1,1,0,1,0,0,1,1,0.093507,0.079286,0.085380,0.145820,0.154833,0.113369,0.092526,0.000000,0.079535,0.089526,0.000000,0.000000,0.000000,0.000000,0.000000,0.066216,use_phone,1,25,565,phone,none,,,0.000000,1.000000,0,active,coursework,0.465594,7.479986,active,120,0,clear,23.000000
16,1112,3448150343,4,Day 1 09:25,active,coursework,0.465594,7.479986,active,0.158333,0.455972,0.596887,0.581667,0.320833,0.206667,0.229735,0.205000,0.249000,13,1,1,1,1,1,1,1,1,1,1,0,1,0,0,1,1,0.069444,0.076436,0.066987,0.149486,0.159264,0.101070,0.093573,0.000000,0.072716,0.082206,0.000000,0.071085,0.000000,0.000000,0.000000,0.057734,turn_light_off,1,1,566,light,none,,,0.000000,1.000000,0,active,coursework,0.465594,7.479986,active,120,0,clear,23.000000
16,1112,3448150343,5,Day 1 09:26,active,coursework,0.465594,7.479986,active,0.158667,0.456372,0.596887,0.601333,0.321667,0.207333,0.229835,0.204000,0.248400,10,1,1,1,0,0,0,1,1,1,1,1,0,0,0,1,1,0.112702,0.123913,0.108710,0.000000,0.000000,0.000000,0.151750,0.000000,0.118039,0.133469,0.157765,0.000000,0.000000,0.000000,0.000000,0.093653,get_meal,1,35,601,door,none,,,0.000000,1.000000,0,suspended,coursework,0.465594,7.479986,active,120,0,clear,23.000000
16,1112,3448150343,6,Day 1 10:01,suspended,coursework,0.465594,7.479986,active,0.130333,0.470372,0.596887,0.728493,0.000000,0.230667,0.233324,0.169000,0.227400,10,1,1,1,0,0,0,1,1,1,1,1,0,0,0,1,1,0.129135,0.140141,0.125381,0.000000,0.000000,0.000000,0.174295,0.000000,0.140253,0.000000,0.182708,0.000000,0.000000,0.000000,0.000000,0.108087,rest_at_bed,1,60,661,bed,none,,,0.000000,1.000000,0,suspended,coursework,0.465594,7.479986,active,120,0,clear,23.000000
16,1112,3448150343,7,Day 1 11:01,suspended,coursework,0.465594,7.479986,active,0.190333,0.258177,0.653621,0.758493,0.050000,0.270667,0.279173,0.000000,0.191400,10,1,1,1,0,0,0,1,1,1,1,1,0,0,0,1,1,0.146192,0.135799,0.136034,0.000000,0.000000,0.000000,0.133786,0.000000,0.146793,0.000000,0.192910,0.000000,0.000000,0.000000,0.000000,0.108487,use_phone,1,25,686,phone,none,,,0.000000,1.000000,0,suspended,coursework,0.465594,7.479986,active,120,0,clear,23.000000
16,1112,3448150343,8,Day 1 11:26,suspended,coursework,0.465594,7.479986,active,0.000000,0.349163,0.750356,0.790160,0.070833,0.287333,0.324549,0.095000,0.276400,10,1,1,1,0,0,0,1,1,1,1,1,0,0,0,1,1,0.138707,0.165037,0.000000,0.000000,0.000000,0.000000,0.170209,0.000000,0.168935,0.000000,0.237775,0.000000,0.000000,0.000000,0.000000,0.119338,shop_on_phone,1,20,706,phone,none,,,0.000000,1.000000,0,suspended,coursework,0.465594,7.479986,active,90,0,clear,23.000000
16,1112,3448150343,9,Day 1 11:46,suspended,coursework,0.465594,7.479986,active,0.006667,0.357786,0.807091,0.883493,0.087500,0.300667,0.372937,0.155000,0.000000,10,1,1,1,0,0,0,1,1,1,1,1,0,0,0,1,1,0.159894,0.000000,0.000000,0.000000,0.000000,0.000000,0.206174,0.000000,0.200792,0.000000,0.293803,0.000000,0.000000,0.000000,0.000000,0.139338,idle,1,10,716,,none,,,0.000000,1.000000,0,suspended,coursework,0.465594,7.479986,active,90,0,clear,23.000000
16,1112,3448150343,10,Day 1 11:56,suspended,coursework,0.465594,7.479986,active,0.130000,0.361786,0.913826,0.830160,0.095833,0.307333,0.418271,0.145000,0.000000,10,1,1,1,0,0,0,1,1,1,1,1,0,0,0,1,1,0.144073,0.000000,0.137888,0.000000,0.000000,0.000000,0.168869,0.000000,0.166852,0.000000,0.266661,0.000000,0.000000,0.000000,0.000000,0.115657,rest_at_bed,1,60,776,bed,none,,,0.000000,1.000000,0,suspended,coursework,0.465594,7.479986,active,90,0,clear,23.000000
16,1112,3448150343,11,Day 1 12:56,suspended,coursework,0.465594,7.479986,active,0.190000,0.149591,0.970561,0.860160,0.145833,0.347333,0.504554,0.000000,0.000000,10,1,1,1,0,0,0,1,1,1,1,1,0,0,0,1,1,0.158191,0.000000,0.145172,0.000000,0.000000,0.000000,0.000000,0.000000,0.170683,0.136000,0.276494,0.000000,0.000000,0.000000,0.000000,0.113460,turn_light_on,1,1,777,light,none,,,0.000000,1.000000,0,suspended,coursework,0.465594,7.479986,active,90,0,clear,23.000000
16,1112,3448150343,12,Day 1 12:57,suspended,coursework,0.465594,7.479986,active,0.190333,0.149991,0.970561,0.879827,0.146667,0.348000,0.505448,0.000000,0.000000,13,1,1,1,1,1,1,1,1,1,1,0,1,0,0,1,1,0.066507,0.000000,0.061033,0.257898,0.283669,0.154179,0.000000,0.000000,0.071800,0.057220,0.000000,0.000000,0.000000,0.000000,0.000000,0.047694,use_phone,1,25,802,phone,none,room-temperature-shift,,0.000000,1.000000,0,suspended,coursework,0.465594,7.479986,active,90,0,clear,24.000000
16,1112,3448150343,13,Day 1 13:22,suspended,coursework,0.465594,7.479986,active,0.000000,0.240977,1.000000,0.911493,0.167500,0.364667,0.567671,0.095000,0.085000,13,1,1,1,1,1,1,1,1,1,1,0,1,0,0,1,1,0.055468,0.000000,0.000000,0.265017,0.292488,0.149969,0.059970,0.000000,0.072634,0.058136,0.000000,0.000000,0.000000,0.000000,0.000000,0.046317,study_focused,1,35,837,desk,none,,coursework,0.416521,0.926652,0,active,coursework,0.882115,7.479986,active,90,0,clear,24.000000
16,1112,3448150343,14,Day 1 13:57,active,coursework,0.882115,7.479986,active,0.031667,0.364977,0.853417,0.979827,0.196667,0.388000,0.551160,0.060000,0.064000,13,1,1,1,1,1,1,1,1,1,1,0,1,0,0,1,1,0.063143,0.000000,0.061513,0.228100,0.253590,0.117731,0.072864,0.000000,0.083407,0.067167,0.000000,0.000000,0.000000,0.000000,0.000000,0.052487,study_at_computer,1,35,872,computer,none,message-study-group|task-deadline,coursework,0.748771,1.076763,0,active,coursework,1.630886,7.479986,active,90,1,clear,24.000000
16,1112,3448150343,15,Day 1 14:32,active,coursework,1.630886,7.479986,active,0.063333,0.489444,0.785011,1.000000,0.225833,0.411333,0.573740,0.105000,0.043000,13,1,1,1,1,1,1,1,1,1,1,0,1,0,0,1,1,0.061807,0.000000,0.060863,0.196975,0.219460,0.109550,0.081212,0.000000,0.084504,0.068465,0.000000,0.064950,0.000000,0.000000,0.000000,0.052214,study_at_computer,1,35,907,computer,none,,coursework,0.749956,1.078468,0,active,coursework,2.380842,7.479986,active,90,1,clear,24.000000
16,1112,3448150343,16,Day 1 15:07,active,coursework,2.380842,7.479986,active,0.095000,0.613911,0.638428,1.000000,0.255000,0.434667,0.541230,0.150000,0.022000,13,1,1,1,1,1,1,1,1,1,1,0,1,0,0,1,1,0.060332,0.000000,0.060055,0.148638,0.165605,0.094534,0.090801,0.105401,0.085379,0.069595,0.000000,0.067601,0.000000,0.000000,0.000000,0.052059,use_computer,1,30,937,computer,none,,,0.000000,1.000000,0,active,coursework,2.380842,7.479986,active,90,1,clear,24.000000
16,1112,3448150343,17,Day 1 15:37,active,coursework,2.380842,7.479986,active,0.000000,0.726741,0.715163,0.990000,0.280000,0.454667,0.586738,0.230000,0.004000,13,1,1,1,1,1,1,1,1,1,1,0,1,0,0,1,1,0.000000,0.000000,0.000000,0.171713,0.191110,0.100974,0.108171,0.132665,0.091476,0.074955,0.000000,0.075206,0.000000,0.000000,0.000000,0.053729,rest_at_bed,1,60,997,bed,none,weather-clear,,0.000000,1.000000,0,suspended,coursework,2.380842,7.479986,active,90,1,clear,24.000000
16,1112,3448150343,18,Day 1 16:37,suspended,coursework,2.380842,7.479986,active,0.060000,0.514546,0.771898,1.000000,0.330000,0.494667,0.647676,0.030000,0.000000,13,1,1,1,1,1,1,1,1,1,1,0,1,0,0,1,1,0.062285,0.000000,0.061474,0.192710,0.214708,0.107627,0.078131,0.000000,0.091746,0.075963,0.000000,0.063678,0.000000,0.000000,0.000000,0.051677,go_to_bathroom,1,15,1012,door,none,,,0.000000,1.000000,0,suspended,coursework,2.380842,7.479986,active,90,1,clear,24.000000
16,1112,3448150343,19,Day 1 16:52,suspended,coursework,2.380842,7.479986,active,0.065000,0.520546,0.771898,1.000000,0.342500,0.000000,0.654754,0.015000,0.000000,13,1,1,1,1,1,1,1,1,1,1,0,1,0,0,1,1,0.068695,0.000000,0.067765,0.210933,0.235011,0.121897,0.085188,0.000000,0.000000,0.084307,0.000000,0.069605,0.000000,0.000000,0.000000,0.056599,rest_at_bed,1,60,1072,bed,none,,,0.000000,1.000000,0,suspended,coursework,2.380842,7.479986,active,90,1,clear,24.000000
16,1112,3448150343,20,Day 1 17:52,suspended,coursework,2.380842,7.479986,active,0.125000,0.308352,0.828633,1.000000,0.392500,0.040000,0.722930,0.000000,0.000000,13,1,1,1,1,1,1,1,1,1,1,0,1,0,0,1,1,0.072269,0.000000,0.068548,0.241563,0.269137,0.136810,0.069155,0.000000,0.000000,0.087053,0.000000,0.000000,0.000000,0.000000,0.000000,0.055465,study_focused,1,35,1107,desk,none,evening|task-reminder,coursework,0.451758,1.005044,0,active,coursework,2.832600,7.479986,active,90,1,clear,24.000000
16,1112,3448150343,21,Day 1 18:27,active,coursework,2.832600,7.479986,active,0.156667,0.432352,0.818861,1.000000,0.421667,0.063333,0.817454,0.000000,0.000000,13,1,1,1,1,1,1,1,1,1,1,0,1,0,0,1,1,0.073567,0.000000,0.070463,0.237665,0.264795,0.129706,0.076508,0.000000,0.000000,0.090953,0.000000,0.000000,0.000000,0.000000,0.000000,0.056343,study_halfhearted,1,35,1142,desk,none,,coursework,0.292971,1.086306,0,active,coursework,3.125571,7.479986,active,90,1,clear,24.000000
16,1112,3448150343,22,Day 1 19:02,active,coursework,3.125571,7.479986,active,0.218333,0.526352,0.740683,1.000000,0.450833,0.086667,0.817462,0.000000,0.000000,13,1,1,1,1,1,1,1,1,1,1,0,1,0,0,1,1,0.075270,0.000000,0.072098,0.203874,0.227146,0.121857,0.081848,0.000000,0.000000,0.093182,0.000000,0.068175,0.000000,0.000000,0.000000,0.056552,rest_at_bed,1,60,1202,bed,none,,,0.000000,1.000000,0,suspended,coursework,3.125571,7.479986,active,90,1,clear,24.000000
16,1112,3448150343,23,Day 1 20:02,suspended,coursework,3.125571,7.479986,active,0.278333,0.314157,0.797418,1.000000,0.500833,0.126667,0.881656,0.000000,0.000000,13,1,1,1,1,1,1,1,1,1,1,0,1,0,0,1,1,0.074382,0.000000,0.068529,0.220187,0.245322,0.124956,0.063246,0.000000,0.060254,0.090817,0.000000,0.000000,0.000000,0.000000,0.000000,0.052307,study_focused,1,35,1237,desk,none,,coursework,0.474324,1.055247,0,active,coursework,3.599895,7.479986,active,90,1,clear,24.000000
16,1112,3448150343,24,Day 1 20:37,active,coursework,3.599895,7.479986,active,0.310000,0.438157,0.650834,1.000000,0.530000,0.150000,0.850069,0.000000,0.000000,13,1,1,1,1,1,1,1,1,1,1,0,1,0,0,1,1,0.084117,0.000000,0.078257,0.189781,0.211445,0.123142,0.078786,0.000000,0.069513,0.105410,0.000000,0.000000,0.000000,0.000000,0.000000,0.059550,get_meal,1,35,1272,door,none,,,0.000000,1.000000,0,suspended,coursework,3.599895,7.479986,active,90,1,clear,24.000000
16,1112,3448150343,25,Day 1 21:12,suspended,coursework,3.599895,7.479986,active,0.281667,0.452157,0.650834,1.000000,0.009167,0.173333,0.857573,0.000000,0.000000,13,1,1,1,1,1,1,1,1,1,1,0,1,0,0,1,1,0.092309,0.000000,0.086509,0.212334,0.236572,0.136448,0.089264,0.000000,0.079997,0.000000,0.000000,0.000000,0.000000,0.000000,0.000000,0.066567,study_at_computer,1,35,1307,computer,none,,coursework,0.744968,1.071295,0,active,coursework,4.344863,7.479986,active,90,1,clear,24.000000
16,1112,3448150343,26,Day 1 21:47,active,coursework,4.344863,7.479986,active,0.313333,0.576624,0.504251,1.000000,0.038333,0.196667,0.815077,0.045000,0.000000,13,1,1,1,1,1,1,1,1,1,1,0,1,0,0,1,1,0.094008,0.000000,0.089054,0.166808,0.185849,0.122697,0.104235,0.000000,0.084324,0.000000,0.000000,0.083780,0.000000,0.000000,0.000000,0.069244,use_phone,1,25,1332,phone,none,,,0.000000,1.000000,0,active,coursework,4.344863,7.479986,active,90,1,clear,24.000000
16,1112,3448150343,27,Day 1 22:12,active,coursework,4.344863,7.479986,active,0.101667,0.667610,0.600986,1.000000,0.059167,0.213333,0.854945,0.140000,0.085000,13,1,1,1,1,1,1,1,1,1,1,0,1,0,0,1,1,0.065736,0.000000,0.065787,0.161009,0.179388,0.102994,0.099254,0.121551,0.072589,0.000000,0.000000,0.074846,0.000000,0.000000,0.000000,0.056845,go_to_bathroom,1,15,1347,door,none,,,0.000000,1.000000,0,suspended,coursework,4.344863,7.479986,active,90,1,clear,24.000000
16,1112,3448150343,28,Day 1 22:27,suspended,coursework,4.344863,7.479986,active,0.106667,0.673610,0.600986,1.000000,0.071667,0.000000,0.856571,0.125000,0.076000,13,1,1,1,1,1,1,1,1,1,1,0,1,0,0,1,1,0.077218,0.000000,0.077237,0.157997,0.176033,0.101331,0.115326,0.141416,0.000000,0.000000,0.000000,0.087134,0.000000,0.000000,0.000000,0.066309,study_focused,1,35,1382,desk,none,,coursework,0.477831,1.063050,0,active,coursework,4.822694,7.479986,active,90,1,clear,24.000000
16,1112,3448150343,29,Day 1 23:02,active,coursework,4.822694,7.479986,active,0.138333,0.797610,0.454403,1.000000,0.100833,0.023333,0.810365,0.090000,0.055000,13,1,1,1,1,1,1,1,1,1,1,0,1,0,0,1,1,0.077815,0.000000,0.078538,0.141944,0.158147,0.104234,0.124439,0.158870,0.000000,0.000000,0.000000,0.089493,0.000000,0.000000,0.000000,0.066520,turn_light_off,1,1,1383,light,none,,,0.000000,1.000000,0,active,coursework,4.822694,7.479986,active,90,1,clear,24.000000
16,1112,3448150343,30,Day 1 23:03,active,coursework,4.822694,7.479986,active,0.138667,0.798010,0.454403,1.000000,0.101667,0.024000,0.810365,0.089000,0.054400,10,1,1,1,0,0,0,1,1,1,1,1,0,0,0,1,1,0.127251,0.000000,0.128428,0.000000,0.000000,0.000000,0.203348,0.259631,0.000000,0.000000,0.172612,0.000000,0.000000,0.000000,0.000000,0.108729,idle,1,10,1393,,none,,,0.000000,1.000000,0,active,coursework,4.822694,7.479986,active,90,1,clear,24.000000
16,1112,3448150343,31,Day 1 23:13,active,coursework,4.822694,7.479986,active,0.262000,0.802010,0.561138,0.946667,0.110000,0.030667,0.850233,0.079000,0.048400,10,1,1,1,0,0,0,1,1,1,1,1,0,0,0,1,1,0.134107,0.000000,0.132177,0.000000,0.000000,0.000000,0.194919,0.250119,0.000000,0.000000,0.183121,0.000000,0.000000,0.000000,0.000000,0.105558,sleep_at_bed,1,480,1873,bed,none,,,0.000000,1.000000,0,suspended,coursework,4.822694,7.479986,active,90,1,clear,24.000000
16,1112,3448150343,32,Day 2 07:13,suspended,coursework,4.822694,7.479986,active,0.342000,0.523863,0.647873,0.866667,0.510000,0.350667,0.901468,0.000000,0.000000,10,1,1,1,0,0,0,1,1,1,1,1,0,0,0,1,1,0.139391,0.000000,0.130300,0.000000,0.000000,0.000000,0.137526,0.000000,0.142506,0.168960,0.183387,0.000000,0.000000,0.000000,0.000000,0.097931,use_phone,1,25,1898,phone,none,,,0.000000,1.000000,0,suspended,coursework,4.822694,7.479986,active,90,1,clear,24.000000
16,1112,3448150343,33,Day 2 07:38,suspended,coursework,4.822694,7.479986,active,0.130333,0.614849,0.744608,0.898333,0.530833,0.367333,0.946538,0.095000,0.085000,10,1,1,1,0,0,0,1,1,1,1,1,0,0,0,1,1,0.097389,0.000000,0.096175,0.000000,0.000000,0.000000,0.130771,0.157880,0.122571,0.145956,0.168929,0.000000,0.000000,0.000000,0.000000,0.080328,turn_light_on,1,1,1899,light,none,,,0.000000,1.000000,0,suspended,coursework,4.822694,7.479986,active,90,1,clear,24.000000
16,1112,3448150343,34,Day 2 07:39,suspended,coursework,4.822694,7.479986,active,0.130667,0.615249,0.744608,0.918000,0.531667,0.368000,0.946952,0.094000,0.084400,13,1,1,1,1,1,1,1,1,1,1,0,1,0,0,1,1,0.056077,0.000000,0.055376,0.169967,0.187716,0.104433,0.075241,0.090850,0.070594,0.084077,0.000000,0.059436,0.000000,0.000000,0.000000,0.046232,study_at_computer,1,35,1934,computer,none,,coursework,0.633018,0.910306,0,active,coursework,5.455711,7.479986,active,90,1,clear,24.000000
16,1112,3448150343,35,Day 2 08:14,active,coursework,5.455711,7.479986,active,0.162333,0.739716,0.598024,0.986333,0.560833,0.391333,0.911434,0.139000,0.063400,13,1,1,1,1,1,1,1,1,1,1,0,1,0,0,1,1,0.059489,0.000000,0.059382,0.139298,0.154973,0.091819,0.091455,0.115863,0.077514,0.092882,0.000000,0.067230,0.000000,0.000000,0.000000,0.050095,get_meal,1,35,1969,door,none,alarm-rings,,0.000000,1.000000,0,suspended,coursework,5.455711,7.479986,active,90,1,clear,24.000000
16,1112,3448150343,36,Day 2 08:49,suspended,coursework,5.455711,7.479986,active,0.164000,0.753716,0.598024,1.000000,0.040000,0.414667,0.966902,0.104000,0.042400,14,1,1,1,1,1,1,1,1,1,1,0,1,1,0,1,1,0.063154,0.000000,0.063086,0.124318,0.138509,0.081720,0.094786,0.121114,0.083572,0.000000,0.000000,0.070382,0.106731,0.000000,0.000000,0.052630,go_to_bathroom,1,15,1984,door,none,,,0.000000,1.000000,0,suspended,coursework,5.455711,7.479986,active,90,1,clear,24.000000
16,1112,3448150343,37,Day 2 09:04,suspended,coursework,5.455711,7.479986,active,0.169000,0.759716,0.598024,1.000000,0.052500,0.000000,0.968434,0.089000,0.033400,14,1,1,1,1,1,1,1,1,1,1,0,1,1,0,1,1,0.069225,0.000000,0.069114,0.135075,0.150494,0.091925,0.102772,0.131487,0.000000,0.000000,0.000000,0.076460,0.116162,0.000000,0.000000,0.057288,sleep_at_bed,1,480,2464,bed,none,weather-rain|task-reminder|message-study-group,,0.000000,1.000000,0,suspended,coursework,5.455711,7.479986,active,90,2,rain,24.000000
16,1112,3448150343,38,Day 2 17:04,suspended,coursework,5.455711,7.479986,active,0.249000,0.481568,0.764759,0.920000,0.452500,0.320000,1.000000,0.000000,0.000000,14,1,1,1,1,1,1,1,1,1,1,0,1,1,0,1,1,0.065449,0.000000,0.061961,0.188423,0.208143,0.116692,0.065533,0.000000,0.068603,0.079005,0.000000,0.000000,0.098248,0.000000,0.000000,0.047943,study_halfhearted,1,35,2499,desk,none,room-temperature-shift,coursework,0.273680,1.014777,0,active,coursework,5.729391,7.479986,active,90,2,rain,24.000000
16,1112,3448150343,39,Day 2 17:39,active,coursework,5.729391,7.479986,active,0.310667,0.575568,0.686582,0.928333,0.481667,0.343333,0.995982,0.000000,0.000000,14,1,1,1,1,1,1,1,1,1,1,0,1,1,0,1,1,0.067106,0.000000,0.063534,0.161838,0.178936,0.102989,0.070286,0.000000,0.070007,0.081114,0.000000,0.058391,0.097576,0.000000,0.000000,0.048223,study_halfhearted,1,35,2534,desk,none,evening,coursework,0.274035,1.016095,0,active,coursework,6.003426,7.479986,active,90,2,rain,24.000000
16,1112,3448150343,40,Day 2 18:14,active,coursework,6.003426,7.479986,active,0.372333,0.669568,0.608404,0.936667,0.510833,0.366667,0.986147,0.000000,0.000000,14,1,1,1,1,1,1,1,1,1,1,0,1,1,0,1,1,0.065439,0.000000,0.061959,0.132039,0.146118,0.092112,0.071741,0.088170,0.067945,0.079204,0.000000,0.057119,0.092023,0.000000,0.000000,0.046131,go_to_bathroom,1,15,2549,door,none,,,0.000000,1.000000,0,suspended,coursework,6.003426,7.479986,active,90,2,rain,24.000000
16,1112,3448150343,41,Day 2 18:29,suspended,coursework,6.003426,7.479986,active,0.377333,0.675568,0.608404,1.000000,0.523333,0.000000,0.988009,0.000000,0.000000,14,1,1,1,1,1,1,1,1,1,1,0,1,1,0,1,1,0.074812,0.000000,0.070819,0.126718,0.141183,0.088629,0.082173,0.101247,0.000000,0.091556,0.000000,0.065265,0.104972,0.000000,0.000000,0.052624,turn_light_off,1,1,2550,light,none,,,0.000000,1.000000,0,suspended,coursework,6.003426,7.479986,active,90,2,rain,24.000000
16,1112,3448150343,42,Day 2 18:30,suspended,coursework,6.003426,7.479986,active,0.377667,0.675968,0.608404,1.000000,0.524167,0.000667,0.988134,0.000000,0.000000,11,1,1,1,0,0,0,1,1,1,1,1,0,1,0,1,1,0.111006,0.000000,0.105079,0.000000,0.000000,0.000000,0.121943,0.150274,0.000000,0.135951,0.141941,0.000000,0.155734,0.000000,0.000000,0.078072,rest_at_bed,1,60,2610,bed,none,,,0.000000,1.000000,0,suspended,coursework,6.003426,7.479986,active,90,2,rain,24.000000
16,1112,3448150343,43,Day 2 19:30,suspended,coursework,6.003426,7.479986,active,0.437667,0.463774,0.665139,1.000000,0.574167,0.040667,1.000000,0.000000,0.000000,11,1,1,1,0,0,0,1,1,1,1,1,0,1,0,1,1,0.138733,0.000000,0.126315,0.000000,0.000000,0.000000,0.119839,0.000000,0.000000,0.167571,0.173967,0.000000,0.182247,0.000000,0.000000,0.091327,turn_off_alarm,1,1,2611,alarm,none,,,0.000000,1.000000,0,suspended,coursework,6.003426,7.479986,active,90,2,rain,24.000000
16,1112,3448150343,44,Day 2 19:31,suspended,coursework,6.003426,7.479986,active,0.438000,0.464174,0.665139,1.000000,0.575000,0.041333,0.980245,0.000000,0.000000,10,1,1,1,0,0,0,1,1,1,1,1,0,0,0,1,1,0.169663,0.000000,0.154475,0.000000,0.000000,0.000000,0.146888,0.000000,0.000000,0.205082,0.212221,0.000000,0.000000,0.000000,0.000000,0.111672,idle,1,10,2621,,none,,,0.000000,1.000000,0,suspended,coursework,6.003426,7.479986,active,90,2,rain,24.000000
16,1112,3448150343,45,Day 2 19:41,suspended,coursework,6.003426,7.479986,active,0.561333,0.468174,0.771874,0.946667,0.583333,0.048000,1.000000,0.000000,0.000000,10,1,1,1,0,0,0,1,1,1,1,1,0,0,0,1,1,0.176242,0.000000,0.156740,0.000000,0.000000,0.000000,0.140274,0.000000,0.000000,0.197438,0.222101,0.000000,0.000000,0.000000,0.000000,0.107205,get_meal,1,35,2656,door,none,,,0.000000,1.000000,0,suspended,coursework,6.003426,7.479986,active,90,2,rain,24.000000
16,1112,3448150343,46,Day 2 20:16,suspended,coursework,6.003426,7.479986,active,0.533000,0.482174,0.771874,1.000000,0.062500,0.071333,1.000000,0.000000,0.000000,10,1,1,1,0,0,0,1,1,1,1,1,0,0,0,1,1,0.216195,0.000000,0.193683,0.000000,0.000000,0.000000,0.177796,0.000000,0.000000,0.000000,0.278368,0.000000,0.000000,0.000000,0.000000,0.133958,turn_light_on,1,1,2657,light,none,,,0.000000,1.000000,0,suspended,coursework,6.003426,7.479986,active,90,2,rain,24.000000
16,1112,3448150343,47,Day 2 20:17,suspended,coursework,6.003426,7.479986,active,0.533333,0.482574,0.771874,1.000000,0.063333,0.072000,1.000000,0.000000,0.000000,13,1,1,1,1,1,1,1,1,1,1,0,1,0,0,1,1,0.097519,0.000000,0.087363,0.232910,0.259497,0.182086,0.080210,0.000000,0.000000,0.000000,0.000000,0.000000,0.000000,0.000000,0.000000,0.060415,study_at_computer,1,35,2692,computer,none,,coursework,0.713636,1.026238,0,active,coursework,6.717062,7.479986,active,90,2,rain,24.000000
16,1112,3448150343,48,Day 2 20:52,active,coursework,6.717062,7.479986,active,0.565000,0.607041,0.625290,1.000000,0.092500,0.095333,0.966512,0.045000,0.000000,13,1,1,1,1,1,1,1,1,1,1,0,1,0,0,1,1,0.094021,0.000000,0.085141,0.173556,0.193367,0.128007,0.088586,0.106427,0.000000,0.000000,0.000000,0.071400,0.000000,0.000000,0.000000,0.059496,turn_light_off,1,1,2693,light,none,,,0.000000,1.000000,0,active,coursework,6.717062,7.479986,active,90,2,rain,24.000000
16,1112,3448150343,49,Day 2 20:53,active,coursework,6.717062,7.479986,active,0.565333,0.607441,0.625290,1.000000,0.093333,0.096000,0.966672,0.044000,0.000000,10,1,1,1,0,0,0,1,1,1,1,1,0,0,0,1,1,0.173840,0.000000,0.157417,0.000000,0.000000,0.000000,0.163671,0.196652,0.000000,0.000000,0.198466,0.000000,0.000000,0.000000,0.000000,0.109954,turn_light_on,1,1,2694,light,none,,,0.000000,1.000000,0,active,coursework,6.717062,7.479986,active,90,2,rain,24.000000
16,1112,3448150343,50,Day 2 20:54,active,coursework,6.717062,7.479986,active,0.565667,0.607841,0.625290,1.000000,0.094167,0.096667,0.966832,0.043000,0.000000,13,1,1,1,1,1,1,1,1,1,1,0,1,0,0,1,1,0.094109,0.000000,0.085215,0.173519,0.193327,0.128023,0.088539,0.106390,0.000000,0.000000,0.000000,0.071382,0.000000,0.000000,0.000000,0.059496,study_halfhearted,1,35,2729,desk,none,,coursework,0.276241,1.024273,0,active,coursework,6.993303,7.479986,active,90,2,rain,24.000000
16,1112,3448150343,51,Day 2 21:29,active,coursework,6.993303,7.479986,active,0.627333,0.701841,0.547113,1.000000,0.123333,0.120000,0.952435,0.008000,0.000000,13,1,1,1,1,1,1,1,1,1,1,0,1,0,0,1,1,0.101403,0.000000,0.091756,0.154529,0.172169,0.125040,0.096957,0.120305,0.000000,0.000000,0.000000,0.075653,0.000000,0.000000,0.000000,0.062186,study_focused,1,35,2764,desk,none,,coursework,0.457163,1.017068,0,active,coursework,7.450465,7.479986,active,90,2,rain,24.000000
16,1112,3448150343,52,Day 2 22:04,active,coursework,7.450465,7.479986,active,0.659000,0.825841,0.400529,1.000000,0.152500,0.143333,0.902435,0.000000,0.000000,13,1,1,1,1,1,1,1,1,1,1,0,1,0,0,1,1,0.094578,0.000000,0.086404,0.109138,0.121596,0.101152,0.099131,0.128289,0.063973,0.064484,0.000000,0.073014,0.000000,0.000000,0.000000,0.058241,rest_at_bed,1,60,2824,bed,none,,,0.000000,1.000000,0,suspended,coursework,7.450465,7.479986,active,90,2,rain,24.000000
16,1112,3448150343,53,Day 2 23:04,suspended,coursework,7.450465,7.479986,active,0.719000,0.613646,0.457264,1.000000,0.202500,0.183333,0.942303,0.000000,0.000000,13,1,1,1,1,1,1,1,1,1,1,0,1,0,0,1,1,0.099804,0.000000,0.087700,0.125216,0.139509,0.110445,0.082012,0.098172,0.065890,0.067112,0.000000,0.066615,0.000000,0.000000,0.000000,0.057525,get_meal,1,35,2859,door,none,,,0.000000,1.000000,0,suspended,coursework,7.450465,7.479986,active,90,2,rain,24.000000
16,1112,3448150343,54,Day 2 23:39,suspended,coursework,7.450465,7.479986,active,0.690667,0.627646,0.457264,1.000000,0.000000,0.206667,0.942303,0.000000,0.000000,13,1,1,1,1,1,1,1,1,1,1,0,1,0,0,1,1,0.104453,0.000000,0.092459,0.133395,0.148622,0.120411,0.088687,0.106739,0.072316,0.000000,0.000000,0.071593,0.000000,0.000000,0.000000,0.061326,turn_light_off,1,1,2860,light,none,,,0.000000,1.000000,0,suspended,coursework,7.450465,7.479986,active,90,2,rain,24.000000
16,1112,3448150343,55,Day 2 23:40,suspended,coursework,7.450465,7.479986,active,0.691000,0.628046,0.457264,1.000000,0.000833,0.207333,0.942303,0.000000,0.000000,10,1,1,1,0,0,0,1,1,1,1,1,0,0,0,1,1,0.168610,0.000000,0.149246,0.000000,0.000000,0.000000,0.143180,0.172351,0.116800,0.000000,0.150832,0.000000,0.000000,0.000000,0.000000,0.098980,rest_at_bed,1,60,2920,bed,none,,,0.000000,1.000000,0,suspended,coursework,7.450465,7.479986,active,90,2,rain,24.000000
16,1112,3448150343,56,Day 3 00:40,suspended,coursework,7.450465,7.479986,active,0.751000,0.415851,0.513999,1.000000,0.050833,0.247333,0.982170,0.000000,0.000000,10,1,1,1,0,0,0,1,1,1,1,1,0,0,0,1,1,0.216316,0.000000,0.184168,0.000000,0.000000,0.000000,0.144011,0.000000,0.146254,0.000000,0.190395,0.000000,0.000000,0.000000,0.000000,0.118856,use_phone,1,25,2945,phone,none,,,0.000000,1.000000,0,suspended,coursework,7.450465,7.479986,active,90,2,rain,24.000000
16,1112,3448150343,57,Day 3 01:05,suspended,coursework,7.450465,7.479986,active,0.539333,0.506837,0.610734,1.000000,0.071667,0.264000,1.000000,0.095000,0.085000,10,1,1,1,0,0,0,1,1,1,1,1,0,0,0,1,1,0.183747,0.000000,0.165267,0.000000,0.000000,0.000000,0.166972,0.000000,0.152938,0.000000,0.212547,0.000000,0.000000,0.000000,0.000000,0.118529,use_computer,1,30,2975,computer,none,,,0.000000,1.000000,0,suspended,coursework,7.450465,7.479986,active,90,2,rain,24.000000
16,1112,3448150343,58,Day 3 01:35,suspended,coursework,7.450465,7.479986,active,0.389333,0.619667,0.687469,0.990000,0.096667,0.284000,1.000000,0.175000,0.067000,10,1,1,1,0,0,0,1,1,1,1,1,0,0,0,1,1,0.129056,0.000000,0.121466,0.000000,0.000000,0.000000,0.154805,0.189531,0.126906,0.000000,0.184049,0.000000,0.000000,0.000000,0.000000,0.094187,rest_at_bed,1,60,3035,bed,none,,,0.000000,1.000000,0,suspended,coursework,7.450465,7.479986,active,90,2,rain,24.000000
16,1112,3448150343,59,Day 3 02:35,suspended,coursework,7.450465,7.479986,active,0.449333,0.407472,0.744204,1.000000,0.146667,0.324000,1.000000,0.000000,0.031000,10,1,1,1,0,0,0,1,1,1,1,1,0,0,0,1,1,0.157946,0.000000,0.142449,0.000000,0.000000,0.000000,0.128428,0.000000,0.143315,0.117315,0.208546,0.000000,0.000000,0.000000,0.000000,0.102002,rest_at_bed,1,60,3095,bed,none,,,0.000000,1.000000,0,suspended,coursework,7.450465,7.479986,active,90,2,rain,24.000000
16,1112,3448150343,60,Day 3 03:35,suspended,coursework,7.450465,7.479986,active,0.509333,0.195278,0.800939,1.000000,0.196667,0.364000,1.000000,0.000000,0.000000,10,1,1,1,0,0,0,1,1,1,1,1,0,0,0,1,1,0.185765,0.000000,0.161147,0.000000,0.000000,0.000000,0.000000,0.000000,0.164516,0.136080,0.240203,0.000000,0.000000,0.000000,0.000000,0.112288,idle,1,10,3105,,none,,,0.000000,1.000000,0,suspended,coursework,7.450465,7.479986,active,90,2,rain,24.000000
16,1112,3448150343,61,Day 3 03:45,suspended,coursework,7.450465,7.479986,active,0.632667,0.199278,0.907674,0.946667,0.205000,0.370667,1.000000,0.000000,0.000000,10,1,1,1,0,0,0,1,1,1,1,1,0,0,0,1,1,0.192163,0.000000,0.162827,0.000000,0.000000,0.000000,0.000000,0.000000,0.157449,0.130461,0.249755,0.000000,0.000000,0.000000,0.000000,0.107346,turn_light_on,1,1,3106,light,none,,,0.000000,1.000000,0,suspended,coursework,7.450465,7.479986,active,90,2,rain,24.000000
16,1112,3448150343,62,Day 3 03:46,suspended,coursework,7.450465,7.479986,active,0.633000,0.199678,0.907674,0.966333,0.205833,0.371333,1.000000,0.000000,0.000000,13,1,1,1,1,1,1,1,1,1,1,0,1,0,0,1,1,0.082175,0.000000,0.069629,0.234747,0.260604,0.183748,0.000000,0.000000,0.067368,0.055831,0.000000,0.000000,0.000000,0.000000,0.000000,0.045898,idle,1,10,3116,,none,,,0.000000,1.000000,0,suspended,coursework,7.450465,7.479986,active,90,2,rain,24.000000
16,1112,3448150343,63,Day 3 03:56,suspended,coursework,7.450465,7.479986,active,0.756333,0.203678,1.000000,0.913000,0.214167,0.378000,1.000000,0.000000,0.000000,13,1,1,1,1,1,1,1,1,1,1,0,1,0,0,1,1,0.080062,0.000000,0.066264,0.241838,0.266949,0.192385,0.000000,0.000000,0.060725,0.050413,0.000000,0.000000,0.000000,0.000000,0.000000,0.041365,study_at_computer,1,35,3151,computer,none,task-completed,coursework,0.654071,0.940581,0,none,,7.479986,7.479986,completed,90,2,rain,24.000000
16,1112,3448150343,64,Day 3 04:31,none,,7.479986,7.479986,completed,0.788000,0.328145,0.022779,1.000000,0.243333,0.401333,0.433489,0.045000,0.000000,10,1,1,1,0,0,0,1,1,1,1,0,1,0,0,1,1,0.222567,0.000000,0.186204,0.000000,0.000000,0.000000,0.146677,0.000000,0.174729,0.145940,0.000000,0.000000,0.000000,0.000000,0.000000,0.123883,get_meal,1,35,3186,door,none,,,0.000000,1.000000,0,none,,7.479986,7.479986,completed,90,2,rain,24.000000
16,1112,3448150343,65,Day 3 05:06,none,,7.479986,7.479986,completed,0.759667,0.342145,0.022779,1.000000,0.000000,0.424667,0.433489,0.010000,0.000000,10,1,1,1,0,0,0,1,1,1,1,0,1,0,0,1,1,0.257883,0.000000,0.217170,0.000000,0.000000,0.000000,0.170424,0.000000,0.209941,0.000000,0.000000,0.000000,0.000000,0.000000,0.000000,0.144582,use_computer,1,30,3216,computer,none,,,0.000000,1.000000,0,none,,7.479986,7.479986,completed,90,2,rain,24.000000
16,1112,3448150343,66,Day 3 05:36,none,,7.479986,7.479986,completed,0.609667,0.454975,0.022779,0.990000,0.025000,0.444667,0.433489,0.090000,0.000000,10,1,1,1,0,0,0,1,1,1,1,0,1,0,0,1,1,0.229737,0.000000,0.202449,0.000000,0.000000,0.000000,0.200411,0.000000,0.220960,0.000000,0.000000,0.000000,0.000000,0.000000,0.000000,0.146443,go_to_bathroom,1,15,3231,door,none,,,0.000000,1.000000,0,none,,7.479986,7.479986,completed,90,2,rain,24.000000
16,1112,3448150343,67,Day 3 05:51,none,,7.479986,7.479986,completed,0.614667,0.460975,0.022779,1.000000,0.037500,0.000000,0.433489,0.075000,0.000000,10,1,1,1,0,0,0,1,1,1,1,0,1,0,0,1,1,0.296138,0.000000,0.260827,0.000000,0.000000,0.000000,0.255580,0.000000,0.000000,0.000000,0.000000,0.000000,0.000000,0.000000,0.000000,0.187455,use_phone,1,25,3256,phone,none,,,0.000000,1.000000,0,none,,7.479986,7.479986,completed,90,2,rain,24.000000
16,1112,3448150343,68,Day 3 06:16,none,,7.479986,7.479986,completed,0.403000,0.551961,0.022779,1.000000,0.058333,0.016667,0.433489,0.170000,0.085000,10,1,1,1,0,0,0,1,1,1,1,0,1,0,0,1,1,0.164737,0.000000,0.153282,0.000000,0.000000,0.000000,0.194433,0.218165,0.000000,0.000000,0.000000,0.146197,0.000000,0.000000,0.000000,0.123186,use_phone,1,25,3281,phone,none,,,0.000000,1.000000,0,none,,7.479986,7.479986,completed,90,2,rain,24.000000
16,1112,3448150343,69,Day 3 06:41,none,,7.479986,7.479986,completed,0.191333,0.642947,0.022779,1.000000,0.079167,0.033333,0.433489,0.265000,0.170000,10,1,1,1,0,0,0,1,1,1,1,0,1,0,0,1,1,0.117046,0.121612,0.115053,0.000000,0.000000,0.000000,0.188921,0.221269,0.000000,0.000000,0.000000,0.132705,0.000000,0.000000,0.000000,0.103394,rest_at_bed,1,60,3341,bed,none,,,0.000000,1.000000,0,none,,7.479986,7.479986,completed,90,2,rain,24.000000
16,1112,3448150343,70,Day 3 07:41,none,,7.479986,7.479986,completed,0.251333,0.430752,0.022779,1.000000,0.129167,0.073333,0.433489,0.065000,0.134000,10,1,1,1,0,0,0,1,1,1,1,0,1,0,0,1,1,0.180915,0.159304,0.170319,0.000000,0.000000,0.000000,0.193756,0.000000,0.000000,0.154906,0.000000,0.000000,0.000000,0.000000,0.000000,0.140800,use_computer,1,30,3371,computer,none,,,0.000000,1.000000,0,none,,7.479986,7.479986,completed,90,2,rain,24.000000
16,1112,3448150343,71,Day 3 08:11,none,,7.479986,7.479986,completed,0.101333,0.543582,0.022779,0.990000,0.154167,0.093333,0.433489,0.145000,0.116000,10,1,1,1,0,0,0,1,1,1,1,0,1,0,0,1,1,0.125733,0.000000,0.123865,0.000000,0.000000,0.000000,0.177751,0.198403,0.000000,0.127854,0.000000,0.135139,0.000000,0.000000,0.000000,0.111255,rest_at_bed,1,60,3431,bed,none,alarm-rings,,0.000000,1.000000,0,none,,7.479986,7.479986,completed,90,2,rain,24.000000
16,1112,3448150343,72,Day 3 09:11,none,,7.479986,7.479986,completed,0.191333,0.331388,0.022779,1.000000,0.204167,0.133333,0.485383,0.000000,0.080000,11,1,1,1,0,0,0,1,1,1,1,0,1,1,0,1,1,0.146661,0.000000,0.137731,0.000000,0.000000,0.000000,0.140443,0.000000,0.127434,0.137501,0.000000,0.000000,0.195897,0.000000,0.000000,0.114333,go_to_bathroom,1,15,3446,door,none,,,0.000000,1.000000,0,none,,7.479986,7.479986,completed,90,2,rain,24.000000
16,1112,3448150343,73,Day 3 09:26,none,,7.479986,7.479986,completed,0.196333,0.337388,0.022779,1.000000,0.216667,0.000000,0.485383,0.000000,0.071000,11,1,1,1,0,0,0,1,1,1,1,0,1,1,0,1,1,0.167883,0.000000,0.157630,0.000000,0.000000,0.000000,0.161105,0.000000,0.000000,0.159149,0.000000,0.000000,0.223638,0.000000,0.000000,0.130594,use_phone,1,25,3471,phone,none,,,0.000000,1.000000,0,none,,7.479986,7.479986,completed,90,2,rain,24.000000
16,1112,3448150343,74,Day 3 09:51,none,,7.479986,7.479986,completed,0.000000,0.428373,0.022779,1.000000,0.237500,0.016667,0.485383,0.095000,0.156000,11,1,1,1,0,0,0,1,1,1,1,0,1,1,0,1,1,0.142349,0.151404,0.000000,0.000000,0.000000,0.000000,0.184830,0.000000,0.000000,0.165077,0.000000,0.000000,0.226705,0.000000,0.000000,0.129635,turn_off_alarm,1,1,3472,alarm,none,,,0.000000,1.000000,0,none,,7.479986,7.479986,completed,90,2,rain,24.000000
16,1112,3448150343,75,Day 3 09:52,none,,7.479986,7.479986,completed,0.000333,0.428773,0.022779,1.000000,0.238333,0.017333,0.465383,0.094000,0.155400,10,1,1,1,0,0,0,1,1,1,1,0,1,0,0,1,1,0.184056,0.195550,0.000000,0.000000,0.000000,0.000000,0.239324,0.000000,0.000000,0.213532,0.000000,0.000000,0.000000,0.000000,0.000000,0.167538,use_phone,1,25,3497,phone,none,,,0.000000,1.000000,0,none,,7.479986,7.479986,completed,90,2,rain,24.000000
16,1112,3448150343,76,Day 3 10:17,none,,7.479986,7.479986,completed,0.000000,0.519759,0.022779,1.000000,0.259167,0.034000,0.465383,0.189000,0.240400,10,1,1,1,0,0,0,1,1,1,1,0,1,0,0,1,1,0.000000,0.154725,0.000000,0.000000,0.000000,0.000000,0.196583,0.218919,0.000000,0.158577,0.000000,0.149602,0.000000,0.000000,0.000000,0.121593,shop_on_phone,1,20,3517,phone,none,,,0.000000,1.000000,0,none,,7.479986,7.479986,completed,60,2,rain,24.000000
16,1112,3448150343,77,Day 3 10:37,none,,7.479986,7.479986,completed,0.006667,0.528382,0.022779,1.000000,0.275833,0.047333,0.465383,0.249000,0.000000,10,1,1,1,0,0,0,1,1,1,1,0,1,0,0,1,1,0.000000,0.000000,0.000000,0.000000,0.000000,0.000000,0.235122,0.263981,0.000000,0.185792,0.000000,0.175135,0.000000,0.000000,0.000000,0.139969,get_meal,1,35,3552,door,none,weather-rain,,0.000000,1.000000,0,none,,7.479986,7.479986,completed,60,2,rain,24.000000
16,1112,3448150343,78,Day 3 11:12,none,,7.479986,7.479986,completed,0.000000,0.542382,0.022779,1.000000,0.000000,0.070667,0.465383,0.214000,0.000000,10,1,1,1,0,0,0,1,1,1,1,0,1,0,0,1,1,0.000000,0.000000,0.000000,0.000000,0.000000,0.000000,0.287938,0.324127,0.000000,0.000000,0.000000,0.215360,0.000000,0.000000,0.000000,0.172575,rest_at_bed,1,60,3612,bed,none,,,0.000000,1.000000,0,none,,7.479986,7.479986,completed,60,2,rain,24.000000
16,1112,3448150343,79,Day 3 12:12,none,,7.479986,7.479986,completed,0.060000,0.330187,0.022779,1.000000,0.050000,0.110667,0.465383,0.014000,0.000000,10,1,1,1,0,0,0,1,1,1,1,0,1,0,0,1,1,0.258247,0.000000,0.248838,0.000000,0.000000,0.000000,0.274480,0.000000,0.000000,0.000000,0.000000,0.000000,0.000000,0.000000,0.000000,0.218434,rest_at_bed,1,60,3672,bed,none,,,0.000000,1.000000,0,none,,7.479986,7.479986,completed,60,2,rain,24.000000
16,1112,3448150343,80,Day 3 13:12,none,,7.479986,7.479986,completed,0.120000,0.117993,0.022779,1.000000,0.100000,0.150667,0.465383,0.000000,0.000000,10,1,1,1,0,0,0,1,1,1,1,0,1,0,0,1,1,0.275991,0.000000,0.255712,0.000000,0.000000,0.000000,0.000000,0.000000,0.249983,0.000000,0.000000,0.000000,0.000000,0.000000,0.000000,0.218314,use_computer,1,30,3702,computer,none,,,0.000000,1.000000,0,none,,7.479986,7.479986,completed,60,2,rain,24.000000
16,1112,3448150343,81,Day 3 13:42,none,,7.479986,7.479986,completed,0.000000,0.230823,0.022779,0.990000,0.125000,0.170667,0.465383,0.080000,0.000000,10,1,1,1,0,0,0,1,1,1,1,0,1,0,0,1,1,0.249962,0.000000,0.000000,0.000000,0.000000,0.000000,0.267200,0.000000,0.261965,0.000000,0.000000,0.000000,0.000000,0.000000,0.000000,0.220873,use_phone,1,25,3727,phone,none,room-temperature-shift,,0.000000,1.000000,0,none,,7.479986,7.479986,completed,60,2,rain,17.000000
16,1112,3448150343,82,Day 3 14:07,none,,7.479986,7.479986,completed,0.000000,0.361809,0.022779,0.961667,0.145833,0.187333,0.465383,0.175000,0.085000,10,1,1,1,0,0,0,1,1,1,1,0,1,0,0,1,1,0.184437,0.000000,0.000000,0.000000,0.000000,0.000000,0.241559,0.000000,0.206458,0.196682,0.000000,0.000000,0.000000,0.000000,0.000000,0.170864,use_phone,1,25,3752,phone,none,,,0.000000,1.000000,0,none,,7.479986,7.479986,completed,60,2,rain,17.000000
16,1112,3448150343,83,Day 3 14:32,none,,7.479986,7.479986,completed,0.000000,0.452795,0.022779,0.993333,0.166667,0.204000,0.465383,0.270000,0.170000,10,1,1,1,0,0,0,1,1,1,1,0,1,0,0,1,1,0.000000,0.159698,0.000000,0.000000,0.000000,0.000000,0.215689,0.000000,0.165947,0.158777,0.000000,0.165084,0.000000,0.000000,0.000000,0.134805,rest_at_bed,1,60,3812,bed,none,message-study-group,,0.000000,1.000000,0,none,,7.479986,7.479986,completed,60,3,rain,17.000000
16,1112,3448150343,84,Day 3 15:32,none,,7.479986,7.479986,completed,0.060000,0.240600,0.022779,1.000000,0.216667,0.244000,0.465383,0.070000,0.134000,10,1,1,1,0,0,0,1,1,1,1,0,1,0,0,1,1,0.167436,0.000000,0.159683,0.000000,0.000000,0.000000,0.171765,0.000000,0.182312,0.176261,0.000000,0.000000,0.000000,0.000000,0.000000,0.142542,get_meal,1,35,3847,door,none,,,0.000000,1.000000,0,none,,7.479986,7.479986,completed,60,3,rain,17.000000
16,1112,3448150343,85,Day 3 16:07,none,,7.479986,7.479986,completed,0.031667,0.254600,0.022779,1.000000,0.000000,0.267333,0.465383,0.035000,0.113000,10,1,1,1,0,0,0,1,1,1,1,0,1,0,0,1,1,0.200993,0.000000,0.192948,0.000000,0.000000,0.000000,0.206763,0.000000,0.226944,0.000000,0.000000,0.000000,0.000000,0.000000,0.000000,0.172352,use_phone,1,25,3872,phone,none,,,0.000000,1.000000,0,none,,7.479986,7.479986,completed,60,3,rain,17.000000
16,1112,3448150343,86,Day 3 16:32,none,,7.479986,7.479986,completed,0.000000,0.345586,0.022779,1.000000,0.020833,0.284000,0.465383,0.130000,0.198000,10,1,1,1,0,0,0,1,1,1,1,0,1,0,0,1,1,0.182156,0.202310,0.000000,0.000000,0.000000,0.000000,0.226124,0.000000,0.223422,0.000000,0.000000,0.000000,0.000000,0.000000,0.000000,0.165987,use_phone,1,25,3897,phone,none,,,0.000000,1.000000,0,none,,7.479986,7.479986,completed,60,3,rain,17.000000
16,1112,3448150343,87,Day 3 16:57,none,,7.479986,7.479986,completed,0.000000,0.436572,0.022779,1.000000,0.041667,0.300667,0.465383,0.225000,0.283000,10,1,1,1,0,0,0,1,1,1,1,0,1,0,0,1,1,0.000000,0.206130,0.000000,0.000000,0.000000,0.000000,0.239177,0.000000,0.212732,0.000000,0.000000,0.186831,0.000000,0.000000,0.000000,0.155131,shop_on_phone,1,20,3917,phone,none,,,0.000000,1.000000,0,none,,7.479986,7.479986,completed,30,3,rain,17.000000
16,1112,3448150343,88,Day 3 17:17,none,,7.479986,7.479986,completed,0.006667,0.445195,0.022779,1.000000,0.058333,0.314000,0.465383,0.285000,0.000000,10,1,1,1,0,0,0,1,1,1,1,0,1,0,0,1,1,0.000000,0.000000,0.000000,0.000000,0.000000,0.000000,0.307026,0.000000,0.266574,0.000000,0.000000,0.234742,0.000000,0.000000,0.000000,0.191658,rest_at_bed,1,60,3977,bed,none,,,0.000000,1.000000,0,none,,7.479986,7.479986,completed,30,3,rain,17.000000
16,1112,3448150343,89,Day 3 18:17,none,,7.479986,7.479986,completed,0.066667,0.233000,0.022779,1.000000,0.108333,0.354000,0.465383,0.085000,0.000000,10,1,1,1,0,0,0,1,1,1,1,0,1,0,0,1,1,0.197619,0.000000,0.188101,0.000000,0.000000,0.000000,0.202957,0.000000,0.243100,0.000000,0.000000,0.000000,0.000000,0.000000,0.000000,0.168224,go_to_bathroom,1,15,3992,door,none,evening,,0.000000,1.000000,0,none,,7.479986,7.479986,completed,30,3,rain,17.000000
16,1112,3448150343,90,Day 3 18:32,none,,7.479986,7.479986,completed,0.071667,0.239000,0.022779,1.000000,0.120833,0.000000,0.465383,0.070000,0.000000,10,1,1,1,0,0,0,1,1,1,1,0,1,0,0,1,1,0.262280,0.000000,0.249517,0.000000,0.000000,0.000000,0.266491,0.000000,0.000000,0.000000,0.000000,0.000000,0.000000,0.000000,0.000000,0.221713,use_computer,1,30,4022,computer,none,,,0.000000,1.000000,0,none,,7.479986,7.479986,completed,30,3,rain,17.000000
16,1112,3448150343,91,Day 3 19:02,none,,7.479986,7.479986,completed,0.000000,0.351830,0.022779,0.990000,0.145833,0.020000,0.465383,0.150000,0.000000,10,1,1,1,0,0,0,1,1,1,1,0,1,0,0,1,1,0.235599,0.000000,0.000000,0.000000,0.000000,0.000000,0.299247,0.000000,0.000000,0.248914,0.000000,0.000000,0.000000,0.000000,0.000000,0.216240,idle,1,10,4032,,none,,,0.000000,1.000000,0,none,,7.479986,7.479986,completed,30,3,rain,17.000000
16,1112,3448150343,92,Day 3 19:12,none,,7.479986,7.479986,completed,0.123333,0.355830,0.022779,0.936667,0.154167,0.026667,0.465383,0.140000,0.000000,10,1,1,1,0,0,0,1,1,1,1,0,1,0,0,1,1,0.202224,0.000000,0.193625,0.000000,0.000000,0.000000,0.234618,0.000000,0.000000,0.197377,0.000000,0.000000,0.000000,0.000000,0.000000,0.172157,use_computer,1,30,4062,computer,none,,,0.000000,1.000000,0,none,,7.479986,7.479986,completed,30,3,rain,17.000000
16,1112,3448150343,93,Day 3 19:42,none,,7.479986,7.479986,completed,0.000000,0.468660,0.022779,0.926667,0.179167,0.046667,0.465383,0.220000,0.000000,10,1,1,1,0,0,0,1,1,1,1,0,1,0,0,1,1,0.000000,0.000000,0.000000,0.000000,0.000000,0.000000,0.316257,0.000000,0.000000,0.239366,0.000000,0.243928,0.000000,0.000000,0.000000,0.200449,rest_at_bed,1,60,4122,bed,none,,,0.000000,1.000000,0,none,,7.479986,7.479986,completed,30,3,rain,17.000000
16,1112,3448150343,94,Day 3 20:42,none,,7.479986,7.479986,completed,0.060000,0.256466,0.022779,0.956667,0.229167,0.086667,0.465383,0.020000,0.000000,10,1,1,1,0,0,0,1,1,1,1,0,1,0,0,1,1,0.206437,0.000000,0.197069,0.000000,0.000000,0.000000,0.205925,0.000000,0.000000,0.217268,0.000000,0.000000,0.000000,0.000000,0.000000,0.173301,rest_at_bed,1,60,4182,bed,none,,,0.000000,1.000000,0,none,,7.479986,7.479986,completed,30,3,rain,17.000000
16,1112,3448150343,95,Day 3 21:42,none,,7.479986,7.479986,completed,0.120000,0.044271,0.022779,0.986667,0.279167,0.126667,0.465383,0.000000,0.000000,10,1,1,1,0,0,0,1,1,1,1,0,1,0,0,1,1,0.217097,0.000000,0.199252,0.000000,0.000000,0.000000,0.000000,0.000000,0.189638,0.223902,0.000000,0.000000,0.000000,0.000000,0.000000,0.170111,use_phone,1,25,4207,phone,none,,,0.000000,1.000000,0,none,,7.479986,7.479986,completed,30,3,rain,17.000000
16,1112,3448150343,96,Day 3 22:07,none,,7.479986,7.479986,completed,0.000000,0.135257,0.022779,1.000000,0.300000,0.143333,0.465383,0.095000,0.085000,10,1,1,1,0,0,0,1,1,1,1,0,1,0,0,1,1,0.197116,0.000000,0.000000,0.000000,0.000000,0.000000,0.195275,0.000000,0.198884,0.235841,0.000000,0.000000,0.000000,0.000000,0.000000,0.172884,idle,1,10,4217,,none,,,0.000000,1.000000,0,none,,7.479986,7.479986,completed,30,3,rain,17.000000
16,1112,3448150343,97,Day 3 22:17,none,,7.479986,7.479986,completed,0.123333,0.139257,0.022779,0.946667,0.308333,0.150000,0.465383,0.085000,0.079000,10,1,1,1,0,0,0,1,1,1,1,0,1,0,0,1,1,0.175922,0.000000,0.163632,0.000000,0.000000,0.000000,0.159190,0.000000,0.163694,0.194449,0.000000,0.000000,0.000000,0.000000,0.000000,0.143114,rest_at_bed,1,60,4277,bed,none,,,0.000000,1.000000,0,none,,7.479986,7.479986,completed,30,3,rain,17.000000
16,1112,3448150343,98,Day 3 23:17,none,,7.479986,7.479986,completed,0.183333,0.000000,0.022779,0.976667,0.358333,0.190000,0.465383,0.000000,0.043000,10,1,1,1,0,0,0,1,1,1,1,0,1,0,0,1,1,0.216690,0.000000,0.195329,0.000000,0.000000,0.000000,0.000000,0.000000,0.193301,0.232023,0.000000,0.000000,0.000000,0.000000,0.000000,0.162657,use_phone,1,25,4302,phone,none,,,0.000000,1.000000,0,none,,7.479986,7.479986,completed,30,3,rain,17.000000
16,1112,3448150343,99,Day 3 23:42,none,,7.479986,7.479986,completed,0.000000,0.090986,0.022779,1.000000,0.379167,0.206667,0.465383,0.095000,0.128000,10,1,1,1,0,0,0,1,1,1,1,0,1,0,0,1,1,0.235463,0.000000,0.000000,0.000000,0.000000,0.000000,0.000000,0.000000,0.253538,0.305652,0.000000,0.000000,0.000000,0.000000,0.000000,0.205347,get_meal,1,35,4337,door,none,,,0.000000,1.000000,0,none,,7.479986,7.479986,completed,30,3,rain,17.000000
16,1112,3448150343,100,Day 4 00:17,none,,7.479986,7.479986,completed,0.000000,0.104986,0.022779,1.000000,0.000000,0.230000,0.465383,0.060000,0.107000,10,1,1,1,0,0,0,1,1,1,1,0,1,0,0,1,1,0.255966,0.000000,0.242668,0.000000,0.000000,0.000000,0.000000,0.000000,0.280234,0.000000,0.000000,0.000000,0.000000,0.000000,0.000000,0.221132,use_computer,1,30,4367,computer,none,,,0.000000,1.000000,0,none,,7.479986,7.479986,completed,30,3,rain,17.000000
16,1112,3448150343,101,Day 4 00:47,none,,7.479986,7.479986,completed,0.000000,0.217816,0.022779,0.990000,0.025000,0.250000,0.465383,0.140000,0.089000,10,1,1,1,0,0,0,1,1,1,1,0,1,0,0,1,1,0.239440,0.000000,0.000000,0.000000,0.000000,0.000000,0.266192,0.000000,0.279040,0.000000,0.000000,0.000000,0.000000,0.000000,0.000000,0.215328,go_to_bathroom,1,15,4382,door,none,,,0.000000,1.000000,0,none,,7.479986,7.479986,completed,30,3,rain,17.000000
16,1112,3448150343,102,Day 4 01:02,none,,7.479986,7.479986,completed,0.005000,0.223816,0.022779,1.000000,0.037500,0.000000,0.465383,0.125000,0.080000,10,1,1,1,0,0,0,1,1,1,1,0,1,0,0,1,1,0.334124,0.000000,0.000000,0.000000,0.000000,0.000000,0.367491,0.000000,0.000000,0.000000,0.000000,0.000000,0.000000,0.000000,0.000000,0.298385,use_phone,1,25,4407,phone,none,,,0.000000,1.000000,0,none,,7.479986,7.479986,completed,30,3,rain,17.000000
16,1112,3448150343,103,Day 4 01:27,none,,7.479986,7.479986,completed,0.000000,0.314802,0.022779,1.000000,0.058333,0.016667,0.465383,0.220000,0.165000,10,1,1,1,0,0,0,1,1,1,1,0,1,0,0,1,1,0.000000,0.329854,0.000000,0.000000,0.000000,0.000000,0.390289,0.000000,0.000000,0.000000,0.000000,0.000000,0.000000,0.000000,0.000000,0.279857,shop_on_phone,1,20,4427,phone,none,,,0.000000,1.000000,0,none,,7.479986,7.479986,completed,0,3,rain,17.000000
16,1112,3448150343,104,Day 4 01:47,none,,7.479986,7.479986,completed,0.006667,0.323425,0.022779,1.000000,0.075000,0.030000,0.465383,0.280000,0.000000,10,1,1,1,0,0,0,1,1,1,1,0,1,0,0,1,1,0.000000,0.000000,0.000000,0.000000,0.000000,0.000000,0.591674,0.000000,0.000000,0.000000,0.000000,0.000000,0.000000,0.000000,0.000000,0.408326,rest_at_bed,1,60,4487,bed,none,,,0.000000,1.000000,0,none,,7.479986,7.479986,completed,0,3,rain,17.000000
16,1112,3448150343,105,Day 4 02:47,none,,7.479986,7.479986,completed,0.066667,0.111230,0.022779,1.000000,0.125000,0.070000,0.465383,0.080000,0.000000,10,1,1,1,0,0,0,1,1,1,1,0,1,0,0,1,1,0.360530,0.000000,0.337809,0.000000,0.000000,0.000000,0.000000,0.000000,0.000000,0.000000,0.000000,0.000000,0.000000,0.000000,0.000000,0.301660,use_computer,1,30,4517,computer,none,,,0.000000,1.000000,0,none,,7.479986,7.479986,completed,0,3,rain,17.000000
16,1112,3448150343,106,Day 4 03:17,none,,7.479986,7.479986,completed,0.000000,0.224060,0.022779,0.990000,0.150000,0.090000,0.465383,0.160000,0.000000,10,1,1,1,0,0,0,1,1,1,1,0,1,0,0,1,1,0.244452,0.000000,0.000000,0.000000,0.000000,0.000000,0.278064,0.000000,0.000000,0.256057,0.000000,0.000000,0.000000,0.000000,0.000000,0.221427,get_meal,1,35,4552,door,none,,,0.000000,1.000000,0,none,,7.479986,7.479986,completed,0,3,rain,17.000000
16,1112,3448150343,107,Day 4 03:52,none,,7.479986,7.479986,completed,0.000000,0.238060,0.022779,1.000000,0.000000,0.113333,0.465383,0.125000,0.000000,10,1,1,1,0,0,0,1,1,1,1,0,1,0,0,1,1,0.331595,0.000000,0.000000,0.000000,0.000000,0.000000,0.370862,0.000000,0.000000,0.000000,0.000000,0.000000,0.000000,0.000000,0.000000,0.297543,use_phone,1,25,4577,phone,none,,,0.000000,1.000000,0,none,,7.479986,7.479986,completed,0,3,rain,17.000000
16,1112,3448150343,108,Day 4 04:17,none,,7.479986,7.479986,completed,0.000000,0.329046,0.022779,1.000000,0.020833,0.130000,0.465383,0.220000,0.085000,10,1,1,1,0,0,0,1,1,1,1,0,1,0,0,1,1,0.000000,0.000000,0.000000,0.000000,0.000000,0.000000,0.398029,0.000000,0.319805,0.000000,0.000000,0.000000,0.000000,0.000000,0.000000,0.282166,idle,1,10,4587,,none,,,0.000000,1.000000,0,none,,7.479986,7.479986,completed,0,3,rain,17.000000
16,1112,3448150343,109,Day 4 04:27,none,,7.479986,7.479986,completed,0.123333,0.333046,0.022779,0.946667,0.029167,0.136667,0.465383,0.210000,0.079000,10,1,1,1,0,0,0,1,1,1,1,0,1,0,0,1,1,0.199663,0.000000,0.190900,0.000000,0.000000,0.000000,0.240783,0.000000,0.195325,0.000000,0.000000,0.000000,0.000000,0.000000,0.000000,0.173329,go_to_bathroom,1,15,4602,door,none,,,0.000000,1.000000,0,none,,7.479986,7.479986,completed,0,3,rain,17.000000
16,1112,3448150343,110,Day 4 04:42,none,,7.479986,7.479986,completed,0.128333,0.339046,0.022779,1.000000,0.041667,0.000000,0.465383,0.195000,0.070000,10,1,1,1,0,0,0,1,1,1,1,0,1,0,0,1,1,0.249329,0.000000,0.238262,0.000000,0.000000,0.000000,0.297471,0.000000,0.000000,0.000000,0.000000,0.000000,0.000000,0.000000,0.000000,0.214939,idle,1,10,4612,,none,,,0.000000,1.000000,0,none,,7.479986,7.479986,completed,0,3,rain,17.000000
16,1112,3448150343,111,Day 4 04:52,none,,7.479986,7.479986,completed,0.251667,0.343046,0.022779,0.946667,0.050000,0.006667,0.465383,0.185000,0.064000,10,1,1,1,0,0,0,1,1,1,1,0,1,0,0,1,1,0.261601,0.000000,0.244133,0.000000,0.000000,0.000000,0.285091,0.000000,0.000000,0.000000,0.000000,0.000000,0.000000,0.000000,0.000000,0.209175,use_phone,1,25,4637,phone,none,,,0.000000,1.000000,0,none,,7.479986,7.479986,completed,0,3,rain,17.000000
16,1112,3448150343,112,Day 4 05:17,none,,7.479986,7.479986,completed,0.040000,0.434032,0.022779,0.978333,0.070833,0.023333,0.465383,0.280000,0.149000,10,1,1,1,0,0,0,1,1,1,1,0,1,0,0,1,1,0.000000,0.233933,0.000000,0.000000,0.000000,0.000000,0.318760,0.000000,0.000000,0.000000,0.000000,0.245278,0.000000,0.000000,0.000000,0.202029,idle,1,10,4647,,none,,,0.000000,1.000000,0,none,,7.479986,7.479986,completed,0,3,rain,17.000000
16,1112,3448150343,113,Day 4 05:27,none,,7.479986,7.479986,completed,0.163333,0.438032,0.022779,0.925000,0.079167,0.030000,0.465383,0.270000,0.143000,10,1,1,1,0,0,0,1,1,1,1,0,1,0,0,1,1,0.159932,0.160520,0.153982,0.000000,0.000000,0.000000,0.217719,0.000000,0.000000,0.000000,0.000000,0.167726,0.000000,0.000000,0.000000,0.140121,rest_at_bed,1,60,4707,bed,none,,,0.000000,1.000000,0,none,,7.479986,7.479986,completed,0,3,rain,17.000000
16,1112,3448150343,114,Day 4 06:27,none,,7.479986,7.479986,completed,0.223333,0.225837,0.022779,0.955000,0.129167,0.070000,0.465383,0.070000,0.107000,10,1,1,1,0,0,0,1,1,1,1,0,1,0,0,1,1,0.224767,0.000000,0.207260,0.000000,0.000000,0.000000,0.203026,0.000000,0.000000,0.191451,0.000000,0.000000,0.000000,0.000000,0.000000,0.173496,get_meal,1,35,4742,door,none,,,0.000000,1.000000,0,none,,7.479986,7.479986,completed,0,3,rain,17.000000
16,1112,3448150343,115,Day 4 07:02,none,,7.479986,7.479986,completed,0.195000,0.239837,0.022779,1.000000,0.000000,0.093333,0.465383,0.035000,0.086000,10,1,1,1,0,0,0,1,1,1,1,0,1,0,0,1,1,0.276897,0.000000,0.257010,0.000000,0.000000,0.000000,0.250809,0.000000,0.000000,0.000000,0.000000,0.000000,0.000000,0.000000,0.000000,0.215285,rest_at_bed,1,60,4802,bed,none,,,0.000000,1.000000,0,none,,7.479986,7.479986,completed,0,3,rain,17.000000
16,1112,3448150343,116,Day 4 08:02,none,,7.479986,7.479986,completed,0.255000,0.027643,0.022779,1.000000,0.050000,0.133333,0.465383,0.000000,0.050000,10,1,1,1,0,0,0,1,1,1,1,0,1,0,0,1,1,0.292926,0.000000,0.261318,0.000000,0.000000,0.000000,0.000000,0.000000,0.234199,0.000000,0.000000,0.000000,0.000000,0.000000,0.000000,0.211557,go_to_bathroom,1,15,4817,door,none,,,0.000000,1.000000,0,none,,7.479986,7.479986,completed,0,3,rain,17.000000
16,1112,3448150343,117,Day 4 08:17,none,,7.479986,7.479986,completed,0.260000,0.033643,0.022779,1.000000,0.062500,0.000000,0.465383,0.000000,0.041000,10,1,1,1,0,0,0,1,1,1,1,0,1,0,0,1,1,0.382765,0.000000,0.341394,0.000000,0.000000,0.000000,0.000000,0.000000,0.000000,0.000000,0.000000,0.000000,0.000000,0.000000,0.000000,0.275842,use_computer,1,30,4847,computer,none,alarm-rings,,0.000000,1.000000,0,none,,7.479986,7.479986,completed,0,3,rain,17.000000
16,1112,3448150343,118,Day 4 08:47,none,,7.479986,7.479986,completed,0.140000,0.146473,0.022779,0.990000,0.087500,0.020000,0.517277,0.080000,0.023000,11,1,1,1,0,0,0,1,1,1,1,0,1,1,0,1,1,0.242031,0.000000,0.224578,0.000000,0.000000,0.000000,0.000000,0.000000,0.000000,0.000000,0.000000,0.000000,0.338550,0.000000,0.000000,0.194841,turn_off_alarm,1,1,4848,alarm,none,,,0.000000,1.000000,0,none,,7.479986,7.479986,completed,0,3,rain,17.000000
16,1112,3448150343,119,Day 4 08:48,none,,7.479986,7.479986,completed,0.140333,0.146873,0.022779,1.000000,0.088333,0.020667,0.497277,0.079000,0.022400,10,1,1,1,0,0,0,1,1,1,1,0,1,0,0,1,1,0.275826,0.000000,0.255927,0.000000,0.000000,0.000000,0.246302,0.000000,0.000000,0.000000,0.000000,0.000000,0.000000,0.000000,0.000000,0.221944,use_phone,1,25,4873,phone,none,,,0.000000,1.000000,0,none,,7.479986,7.479986,completed,0,3,rain,17.000000
16,1112,3448150343,120,Day 4 09:13,none,,7.479986,7.479986,completed,0.000000,0.237859,0.022779,1.000000,0.109167,0.037333,0.497277,0.174000,0.107400,10,1,1,1,0,0,0,1,1,1,1,0,1,0,0,1,1,0.325351,0.000000,0.000000,0.000000,0.000000,0.000000,0.378092,0.000000,0.000000,0.000000,0.000000,0.000000,0.000000,0.000000,0.000000,0.296557,idle,1,10,4883,,none,,,0.000000,1.000000,0,none,,7.479986,7.479986,completed,0,3,rain,17.000000
16,1112,3448150343,121,Day 4 09:23,none,,7.479986,7.479986,completed,0.123333,0.241859,0.022779,0.946667,0.117500,0.044000,0.497277,0.164000,0.101400,10,1,1,1,0,0,0,1,1,1,1,0,1,0,0,1,1,0.259673,0.000000,0.245147,0.000000,0.000000,0.000000,0.275641,0.000000,0.000000,0.000000,0.000000,0.000000,0.000000,0.000000,0.000000,0.219539,use_computer,1,30,4913,computer,none,,,0.000000,1.000000,0,none,,7.479986,7.479986,completed,0,3,rain,17.000000
16,1112,3448150343,122,Day 4 09:53,none,,7.479986,7.479986,completed,0.000000,0.354689,0.022779,0.936667,0.142500,0.064000,0.497277,0.244000,0.083400,10,1,1,1,0,0,0,1,1,1,1,0,1,0,0,1,1,0.000000,0.000000,0.000000,0.000000,0.000000,0.000000,0.403717,0.000000,0.000000,0.318539,0.000000,0.000000,0.000000,0.000000,0.000000,0.277744,get_meal,1,35,4948,door,none,,,0.000000,1.000000,0,none,,7.479986,7.479986,completed,0,3,rain,17.000000
16,1112,3448150343,123,Day 4 10:28,none,,7.479986,7.479986,completed,0.000000,0.368689,0.022779,1.000000,0.000000,0.087333,0.497277,0.209000,0.062400,10,1,1,1,0,0,0,1,1,1,1,0,1,0,0,1,1,0.000000,0.000000,0.000000,0.000000,0.000000,0.000000,0.590621,0.000000,0.000000,0.000000,0.000000,0.000000,0.000000,0.000000,0.000000,0.409379,idle,1,10,4958,,none,,,0.000000,1.000000,0,none,,7.479986,7.479986,completed,0,3,rain,17.000000
16,1112,3448150343,124,Day 4 10:38,none,,7.479986,7.479986,completed,0.123333,0.372689,0.022779,0.946667,0.008333,0.094000,0.497277,0.199000,0.056400,10,1,1,1,0,0,0,1,1,1,1,0,1,0,0,1,1,0.245970,0.000000,0.236318,0.000000,0.000000,0.000000,0.303850,0.000000,0.000000,0.000000,0.000000,0.000000,0.000000,0.000000,0.000000,0.213862,use_phone,1,25,4983,phone,none,,,0.000000,1.000000,0,none,,7.479986,7.479986,completed,0,3,rain,17.000000
16,1112,3448150343,125,Day 4 11:03,none,,7.479986,7.479986,completed,0.000000,0.463675,0.022779,0.978333,0.029167,0.110667,0.497277,0.294000,0.141400,10,1,1,1,0,0,0,1,1,1,1,0,1,0,0,1,1,0.000000,0.000000,0.000000,0.000000,0.000000,0.000000,0.287741,0.317276,0.000000,0.000000,0.000000,0.218379,0.000000,0.000000,0.000000,0.176604,rest_at_bed,1,60,5043,bed,none,message-study-group,,0.000000,1.000000,0,none,,7.479986,7.479986,completed,0,4,rain,17.000000
16,1112,3448150343,126,Day 4 12:03,none,,7.479986,7.479986,completed,0.060000,0.251480,0.022779,1.000000,0.079167,0.150667,0.497277,0.094000,0.105400,10,1,1,1,0,0,0,1,1,1,1,0,1,0,0,1,1,0.205809,0.000000,0.196655,0.000000,0.000000,0.000000,0.216961,0.000000,0.203763,0.000000,0.000000,0.000000,0.000000,0.000000,0.000000,0.176811,use_computer,1,30,5073,computer,none,weather-rain,,0.000000,1.000000,0,none,,7.479986,7.479986,completed,0,4,rain,17.000000
16,1112,3448150343,127,Day 4 12:33,none,,7.479986,7.479986,completed,0.000000,0.364311,0.022779,0.990000,0.104167,0.170667,0.497277,0.174000,0.087400,10,1,1,1,0,0,0,1,1,1,1,0,1,0,0,1,1,0.230822,0.000000,0.000000,0.000000,0.000000,0.000000,0.301725,0.000000,0.253618,0.000000,0.000000,0.000000,0.000000,0.000000,0.000000,0.213836,idle,1,10,5083,,none,,,0.000000,1.000000,0,none,,7.479986,7.479986,completed,0,4,rain,17.000000
16,1112,3448150343,128,Day 4 12:43,none,,7.479986,7.479986,completed,0.123333,0.368311,0.022779,0.936667,0.112500,0.177333,0.497277,0.164000,0.081400,10,1,1,1,0,0,0,1,1,1,1,0,1,0,0,1,1,0.198962,0.000000,0.190905,0.000000,0.000000,0.000000,0.237562,0.000000,0.201608,0.000000,0.000000,0.000000,0.000000,0.000000,0.000000,0.170963,idle,1,10,5093,,none,,,0.000000,1.000000,0,none,,7.479986,7.479986,completed,0,4,rain,17.000000
16,1112,3448150343,129,Day 4 12:53,none,,7.479986,7.479986,completed,0.246667,0.372311,0.022779,0.883333,0.120833,0.184000,0.497277,0.154000,0.075400,10,1,1,1,0,0,0,1,1,1,1,0,1,0,0,1,1,0.210122,0.000000,0.196890,0.000000,0.000000,0.000000,0.229166,0.000000,0.196355,0.000000,0.000000,0.000000,0.000000,0.000000,0.000000,0.167468,use_computer,1,30,5123,computer,none,,,0.000000,1.000000,0,none,,7.479986,7.479986,completed,0,4,rain,17.000000
16,1112,3448150343,130,Day 4 13:23,none,,7.479986,7.479986,completed,0.096667,0.485141,0.022779,0.873333,0.145833,0.204000,0.497277,0.234000,0.057400,10,1,1,1,0,0,0,1,1,1,1,0,1,0,0,1,1,0.109202,0.000000,0.107076,0.000000,0.000000,0.000000,0.157214,0.173961,0.120562,0.112735,0.000000,0.120296,0.000000,0.000000,0.000000,0.098954,rest_at_bed,1,60,5183,bed,none,,,0.000000,1.000000,0,none,,7.479986,7.479986,completed,0,4,rain,17.000000
16,1112,3448150343,131,Day 4 14:23,none,,7.479986,7.479986,completed,0.156667,0.272946,0.022779,0.903333,0.195833,0.244000,0.497277,0.034000,0.021400,10,1,1,1,0,0,0,1,1,1,1,0,1,0,0,1,1,0.176736,0.000000,0.165971,0.000000,0.000000,0.000000,0.168828,0.000000,0.178607,0.168762,0.000000,0.000000,0.000000,0.000000,0.000000,0.141097,go_to_bathroom,1,15,5198,door,none,,,0.000000,1.000000,0,none,,7.479986,7.479986,completed,0,4,rain,17.000000
16,1112,3448150343,132,Day 4 14:38,none,,7.479986,7.479986,completed,0.161667,0.278946,0.022779,0.997160,0.208333,0.000000,0.497277,0.019000,0.012400,10,1,1,1,0,0,0,1,1,1,1,0,1,0,0,1,1,0.215641,0.000000,0.202401,0.000000,0.000000,0.000000,0.203795,0.000000,0.000000,0.207203,0.000000,0.000000,0.000000,0.000000,0.000000,0.170959,get_meal,1,35,5233,door,none,,,0.000000,1.000000,0,none,,7.479986,7.479986,completed,0,4,rain,17.000000
16,1112,3448150343,133,Day 4 15:13,none,,7.479986,7.479986,completed,0.133333,0.292946,0.022779,1.000000,0.000000,0.023333,0.497277,0.000000,0.000000,10,1,1,1,0,0,0,1,1,1,1,0,1,0,0,1,1,0.269650,0.000000,0.254847,0.000000,0.000000,0.000000,0.259067,0.000000,0.000000,0.000000,0.000000,0.000000,0.000000,0.000000,0.000000,0.216436,idle,1,10,5243,,none,,,0.000000,1.000000,0,none,,7.479986,7.479986,completed,0,4,rain,17.000000
16,1112,3448150343,134,Day 4 15:23,none,,7.479986,7.479986,completed,0.256667,0.296946,0.022779,0.946667,0.008333,0.030000,0.497277,0.000000,0.000000,10,1,1,1,0,0,0,1,1,1,1,0,1,0,0,1,1,0.281281,0.000000,0.259668,0.000000,0.000000,0.000000,0.248966,0.000000,0.000000,0.000000,0.000000,0.000000,0.000000,0.000000,0.000000,0.210084,use_phone,1,25,5268,phone,none,,,0.000000,1.000000,0,none,,7.479986,7.479986,completed,0,4,rain,17.000000
16,1112,3448150343,135,Day 4 15:48,none,,7.479986,7.479986,completed,0.045000,0.387932,0.022779,0.978333,0.029167,0.046667,0.497277,0.095000,0.085000,10,1,1,1,0,0,0,1,1,1,1,0,1,0,0,1,1,0.245820,0.000000,0.239739,0.000000,0.000000,0.000000,0.297552,0.000000,0.000000,0.000000,0.000000,0.000000,0.000000,0.000000,0.000000,0.216889,idle,1,10,5278,,none,,,0.000000,1.000000,0,none,,7.479986,7.479986,completed,0,4,rain,17.000000
16,1112,3448150343,136,Day 4 15:58,none,,7.479986,7.479986,completed,0.168333,0.391932,0.022779,0.925000,0.037500,0.053333,0.497277,0.085000,0.079000,10,1,1,1,0,0,0,1,1,1,1,0,1,0,0,1,1,0.257969,0.000000,0.245694,0.000000,0.000000,0.000000,0.285223,0.000000,0.000000,0.000000,0.000000,0.000000,0.000000,0.000000,0.000000,0.211114,idle,1,10,5288,,none,,,0.000000,1.000000,0,none,,7.479986,7.479986,completed,0,4,rain,17.000000
16,1112,3448150343,137,Day 4 16:08,none,,7.479986,7.479986,completed,0.291667,0.395932,0.022779,0.871667,0.045833,0.060000,0.497277,0.075000,0.073000,10,1,1,1,0,0,0,1,1,1,1,0,1,0,0,1,1,0.270336,0.000000,0.251441,0.000000,0.000000,0.000000,0.273020,0.000000,0.000000,0.000000,0.000000,0.000000,0.000000,0.000000,0.000000,0.205202,rest_at_bed,1,60,5348,bed,none,,,0.000000,1.000000,0,none,,7.479986,7.479986,completed,0,4,rain,17.000000
16,1112,3448150343,138,Day 4 17:08,none,,7.479986,7.479986,completed,0.351667,0.183737,0.022779,0.901667,0.095833,0.100000,0.497277,0.000000,0.037000,10,1,1,1,0,0,0,1,1,1,1,0,1,0,0,1,1,0.386206,0.000000,0.344952,0.000000,0.000000,0.000000,0.000000,0.000000,0.000000,0.000000,0.000000,0.000000,0.000000,0.000000,0.000000,0.268842,idle,1,10,5358,,none,,,0.000000,1.000000,0,none,,7.479986,7.479986,completed,0,4,rain,17.000000
16,1112,3448150343,139,Day 4 17:18,none,,7.479986,7.479986,completed,0.475000,0.187737,0.022779,0.848333,0.104167,0.106667,0.497277,0.000000,0.031000,10,1,1,1,0,0,0,1,1,1,1,0,1,0,0,1,1,0.396796,0.000000,0.346183,0.000000,0.000000,0.000000,0.000000,0.000000,0.000000,0.000000,0.000000,0.000000,0.000000,0.000000,0.000000,0.257021,idle,1,10,5368,,none,,,0.000000,1.000000,0,none,,7.479986,7.479986,completed,0,4,rain,17.000000
16,1112,3448150343,140,Day 4 17:28,none,,7.479986,7.479986,completed,0.598333,0.191737,0.022779,0.795000,0.112500,0.113333,0.497277,0.000000,0.025000,10,1,1,1,0,0,0,1,1,1,1,0,1,0,0,1,1,0.407345,0.000000,0.347136,0.000000,0.000000,0.000000,0.000000,0.000000,0.000000,0.000000,0.000000,0.000000,0.000000,0.000000,0.000000,0.245519,use_computer,1,30,5398,computer,none,,,0.000000,1.000000,0,none,,7.479986,7.479986,completed,0,4,rain,17.000000
16,1112,3448150343,141,Day 4 17:58,none,,7.479986,7.479986,completed,0.448333,0.304568,0.022779,0.785000,0.137500,0.133333,0.497277,0.080000,0.007000,10,1,1,1,0,0,0,1,1,1,1,0,1,0,0,1,1,0.204054,0.000000,0.181967,0.000000,0.000000,0.000000,0.170487,0.000000,0.151632,0.152027,0.000000,0.000000,0.000000,0.000000,0.000000,0.139834,idle,1,10,5408,,none,,,0.000000,1.000000,0,none,,7.479986,7.479986,completed,0,4,rain,17.000000
16,1112,3448150343,142,Day 4 18:08,none,,7.479986,7.479986,completed,0.571667,0.308568,0.022779,0.731667,0.145833,0.140000,0.497277,0.070000,0.001000,10,1,1,1,0,0,0,1,1,1,1,0,1,0,0,1,1,0.215368,0.000000,0.187557,0.000000,0.000000,0.000000,0.164361,0.000000,0.147591,0.148232,0.000000,0.000000,0.000000,0.000000,0.000000,0.136892,get_meal,1,35,5443,door,none,,,0.000000,1.000000,0,none,,7.479986,7.479986,completed,0,4,rain,17.000000
16,1112,3448150343,143,Day 4 18:43,none,,7.479986,7.479986,completed,0.543333,0.322568,0.022779,0.858827,0.000000,0.163333,0.497277,0.035000,0.000000,10,1,1,1,0,0,0,1,1,1,1,0,1,0,0,1,1,0.250453,0.000000,0.219548,0.000000,0.000000,0.000000,0.191668,0.000000,0.177982,0.000000,0.000000,0.000000,0.000000,0.000000,0.000000,0.160348,go_to_bathroom,1,15,5458,door,none,,,0.000000,1.000000,0,none,,7.479986,7.479986,completed,0,4,rain,17.000000
16,1112,3448150343,144,Day 4 18:58,none,,7.479986,7.479986,completed,0.548333,0.328568,0.022779,0.952653,0.012500,0.000000,0.497277,0.020000,0.000000,10,1,1,1,0,0,0,1,1,1,1,0,1,0,0,1,1,0.305900,0.000000,0.268012,0.000000,0.000000,0.000000,0.231603,0.000000,0.000000,0.000000,0.000000,0.000000,0.000000,0.000000,0.000000,0.194484,use_phone,1,25,5483,phone,none,room-temperature-shift|evening,,0.000000,1.000000,0,none,,7.479986,7.479986,completed,0,4,rain,24.000000
16,1112,3448150343,145,Day 4 19:23,none,,7.479986,7.479986,completed,0.336667,0.419554,0.022779,0.984320,0.033333,0.016667,0.497277,0.115000,0.085000,10,1,1,1,0,0,0,1,1,1,1,0,1,0,0,1,1,0.269393,0.000000,0.249347,0.000000,0.000000,0.000000,0.278931,0.000000,0.000000,0.000000,0.000000,0.000000,0.000000,0.000000,0.000000,0.202329,idle,1,10,5493,,none,,,0.000000,1.000000,0,none,,7.479986,7.479986,completed,0,4,rain,24.000000
16,1112,3448150343,146,Day 4 19:33,none,,7.479986,7.479986,completed,0.460000,0.423554,0.022779,0.930986,0.041667,0.023333,0.497277,0.105000,0.079000,10,1,1,1,0,0,0,1,1,1,1,0,1,0,0,1,1,0.281984,0.000000,0.254887,0.000000,0.000000,0.000000,0.266691,0.000000,0.000000,0.000000,0.000000,0.000000,0.000000,0.000000,0.000000,0.196438,use_computer,1,30,5523,computer,none,,,0.000000,1.000000,0,none,,7.479986,7.479986,completed,0,4,rain,24.000000
16,1112,3448150343,147,Day 4 20:03,none,,7.479986,7.479986,completed,0.310000,0.536384,0.022779,0.920986,0.066667,0.043333,0.497277,0.185000,0.061000,10,1,1,1,0,0,0,1,1,1,1,0,1,0,0,1,1,0.157793,0.000000,0.149251,0.000000,0.000000,0.000000,0.196994,0.221479,0.000000,0.000000,0.000000,0.149504,0.000000,0.000000,0.000000,0.124978,rest_at_bed,1,60,5583,bed,none,,,0.000000,1.000000,0,none,,7.479986,7.479986,completed,0,4,rain,24.000000
16,1112,3448150343,148,Day 4 21:03,none,,7.479986,7.479986,completed,0.370000,0.324189,0.022779,0.950986,0.116667,0.083333,0.497277,0.000000,0.025000,10,1,1,1,0,0,0,1,1,1,1,0,1,0,0,1,1,0.290156,0.000000,0.262935,0.000000,0.000000,0.000000,0.243460,0.000000,0.000000,0.000000,0.000000,0.000000,0.000000,0.000000,0.000000,0.203449,rest_at_bed,1,60,5643,bed,none,,,0.000000,1.000000,0,none,,7.479986,7.479986,completed,0,4,rain,24.000000
16,1112,3448150343,149,Day 4 22:03,none,,7.479986,7.479986,completed,0.430000,0.111994,0.022779,0.980986,0.166667,0.123333,0.497277,0.000000,0.000000,10,1,1,1,0,0,0,1,1,1,1,0,1,0,0,1,1,0.305696,0.000000,0.266447,0.000000,0.000000,0.000000,0.000000,0.000000,0.000000,0.226503,0.000000,0.000000,0.000000,0.000000,0.000000,0.201355,use_phone,1,25,5668,phone,none,,,0.000000,1.000000,0,none,,7.479986,7.479986,completed,0,4,rain,24.000000
16,1112,3448150343,150,Day 4 22:28,none,,7.479986,7.479986,completed,0.218333,0.202980,0.022779,1.000000,0.187500,0.140000,0.497277,0.095000,0.085000,10,1,1,1,0,0,0,1,1,1,1,0,1,0,0,1,1,0.185539,0.000000,0.170844,0.000000,0.000000,0.000000,0.167624,0.000000,0.161647,0.169975,0.000000,0.000000,0.000000,0.000000,0.000000,0.144370,rest_at_bed,1,60,5728,bed,none,,,0.000000,1.000000,0,none,,7.479986,7.479986,completed,0,4,rain,24.000000
16,1112,3448150343,151,Day 4 23:28,none,,7.479986,7.479986,completed,0.278333,0.000000,0.022779,1.000000,0.237500,0.180000,0.497277,0.000000,0.049000,10,1,1,1,0,0,0,1,1,1,1,0,1,0,0,1,1,0.232667,0.000000,0.205889,0.000000,0.000000,0.000000,0.000000,0.000000,0.192135,0.204148,0.000000,0.000000,0.000000,0.000000,0.000000,0.165160,go_to_bathroom,1,15,5743,door,none,,,0.000000,1.000000,0,none,,7.479986,7.479986,completed,0,4,rain,24.000000
16,1112,3448150343,152,Day 4 23:43,none,,7.479986,7.479986,completed,0.283333,0.006000,0.022779,1.000000,0.250000,0.000000,0.497277,0.000000,0.040000,10,1,1,1,0,0,0,1,1,1,1,0,1,0,0,1,1,0.287337,0.000000,0.254216,0.000000,0.000000,0.000000,0.000000,0.000000,0.000000,0.254922,0.000000,0.000000,0.000000,0.000000,0.000000,0.203526,use_phone,1,25,5768,phone,none,,,0.000000,1.000000,0,none,,7.479986,7.479986,completed,0,4,rain,24.000000
16,1112,3448150343,153,Day 5 00:08,none,,7.479986,7.479986,completed,0.071667,0.096986,0.022779,1.000000,0.270833,0.016667,0.497277,0.095000,0.125000,10,1,1,1,0,0,0,1,1,1,1,0,1,0,0,1,1,0.258509,0.000000,0.241618,0.000000,0.000000,0.000000,0.000000,0.000000,0.000000,0.283566,0.000000,0.000000,0.000000,0.000000,0.000000,0.216307,use_phone,1,25,5793,phone,none,,,0.000000,1.000000,0,none,,7.479986,7.479986,completed,0,4,rain,24.000000
16,1112,3448150343,154,Day 5 00:33,none,,7.479986,7.479986,completed,0.000000,0.187972,0.022779,1.000000,0.291667,0.033333,0.497277,0.190000,0.210000,10,1,1,1,0,0,0,1,1,1,1,0,1,0,0,1,1,0.185573,0.208429,0.000000,0.000000,0.000000,0.000000,0.208713,0.000000,0.000000,0.228349,0.000000,0.000000,0.000000,0.000000,0.000000,0.168935,get_meal,1,35,5828,door,none,,,0.000000,1.000000,0,none,,7.479986,7.479986,completed,0,4,rain,24.000000
16,1112,3448150343,155,Day 5 01:08,none,,7.479986,7.479986,completed,0.000000,0.201972,0.022779,1.000000,0.000000,0.056667,0.497277,0.155000,0.189000,10,1,1,1,0,0,0,1,1,1,1,0,1,0,0,1,1,0.244095,0.265853,0.000000,0.000000,0.000000,0.000000,0.269927,0.000000,0.000000,0.000000,0.000000,0.000000,0.000000,0.000000,0.000000,0.220124,use_phone,1,25,5853,phone,none,,,0.000000,1.000000,0,none,,7.479986,7.479986,completed,0,4,rain,24.000000
16,1112,3448150343,156,Day 5 01:33,none,,7.479986,7.479986,completed,0.000000,0.292958,0.022779,1.000000,0.020833,0.073333,0.497277,0.250000,0.274000,10,1,1,1,0,0,0,1,1,1,1,0,1,0,0,1,1,0.000000,0.355425,0.000000,0.000000,0.000000,0.000000,0.374629,0.000000,0.000000,0.000000,0.000000,0.000000,0.000000,0.000000,0.000000,0.269945,idle,1,10,5863,,none,,,0.000000,1.000000,0,none,,7.479986,7.479986,completed,0,4,rain,24.000000
16,1112,3448150343,157,Day 5 01:43,none,,7.479986,7.479986,completed,0.123333,0.296958,0.022779,0.946667,0.029167,0.080000,0.497277,0.240000,0.268000,10,1,1,1,0,0,0,1,1,1,1,0,1,0,0,1,1,0.194038,0.220522,0.184784,0.000000,0.000000,0.000000,0.231366,0.000000,0.000000,0.000000,0.000000,0.000000,0.000000,0.000000,0.000000,0.169290,use_phone,1,25,5888,phone,none,,,0.000000,1.000000,0,none,,7.479986,7.479986,completed,0,4,rain,24.000000
16,1112,3448150343,158,Day 5 02:08,none,,7.479986,7.479986,completed,0.000000,0.387944,0.022779,0.978333,0.050000,0.096667,0.497277,0.335000,0.353000,10,1,1,1,0,0,0,1,1,1,1,0,1,0,0,1,1,0.000000,0.273882,0.000000,0.000000,0.000000,0.000000,0.300873,0.000000,0.000000,0.000000,0.000000,0.233272,0.000000,0.000000,0.000000,0.191972,rest_at_bed,1,60,5948,bed,none,,,0.000000,1.000000,0,none,,7.479986,7.479986,completed,0,4,rain,24.000000
16,1112,3448150343,159,Day 5 03:08,none,,7.479986,7.479986,completed,0.060000,0.175749,0.022779,1.000000,0.100000,0.136667,0.497277,0.135000,0.317000,10,1,1,1,0,0,0,1,1,1,1,0,1,0,0,1,1,0.167006,0.197577,0.158173,0.000000,0.000000,0.000000,0.169935,0.000000,0.163341,0.000000,0.000000,0.000000,0.000000,0.000000,0.000000,0.143969,use_phone,1,25,5973,phone,none,,,0.000000,1.000000,0,none,,7.479986,7.479986,completed,0,4,rain,24.000000
16,1112,3448150343,160,Day 5 03:33,none,,7.479986,7.479986,completed,0.000000,0.266735,0.022779,1.000000,0.120833,0.153333,0.497277,0.230000,0.402000,10,1,1,1,0,0,0,1,1,1,1,0,1,0,0,1,1,0.000000,0.299462,0.000000,0.000000,0.000000,0.000000,0.268503,0.000000,0.232325,0.000000,0.000000,0.000000,0.000000,0.000000,0.000000,0.199710,rest_at_bed,1,60,6033,bed,none,,,0.000000,1.000000,0,none,,7.479986,7.479986,completed,0,4,rain,24.000000
16,1112,3448150343,161,Day 5 04:33,none,,7.479986,7.479986,completed,0.060000,0.054540,0.022779,1.000000,0.170833,0.193333,0.497277,0.030000,0.366000,10,1,1,1,0,0,0,1,1,1,1,0,1,0,0,1,1,0.169738,0.200918,0.157925,0.000000,0.000000,0.000000,0.000000,0.000000,0.168360,0.163765,0.000000,0.000000,0.000000,0.000000,0.000000,0.139294,use_phone,1,25,6058,phone,none,,,0.000000,1.000000,0,none,,7.479986,7.479986,completed,0,4,rain,24.000000
16,1112,3448150343,162,Day 5 04:58,none,,7.479986,7.479986,completed,0.000000,0.145526,0.022779,1.000000,0.191667,0.210000,0.497277,0.125000,0.451000,10,1,1,1,0,0,0,1,1,1,1,0,1,0,0,1,1,0.154337,0.215682,0.000000,0.000000,0.000000,0.000000,0.157837,0.000000,0.169601,0.165689,0.000000,0.000000,0.000000,0.000000,0.000000,0.136853,shop_on_phone,0,0,6058,phone,resource_insufficient,,,0.000000,1.000000,0,none,,7.479986,7.479986,completed,0,4,rain,24.000000
16,1112,3448150343,163,Day 5 04:58,none,,7.479986,7.479986,completed,0.000000,0.145526,0.022779,0.970000,0.191667,0.210000,0.527277,0.125000,0.451000,10,1,1,1,0,0,0,1,1,1,1,0,1,0,0,1,1,0.154415,0.215792,0.000000,0.000000,0.000000,0.000000,0.157411,0.000000,0.169686,0.165773,0.000000,0.000000,0.000000,0.000000,0.000000,0.136923,rest_at_bed,1,60,6118,bed,none,,,0.000000,1.000000,0,none,,7.479986,7.479986,completed,0,4,rain,24.000000
16,1112,3448150343,164,Day 5 05:58,none,,7.479986,7.479986,completed,0.060000,0.000000,0.022779,1.000000,0.241667,0.250000,0.527277,0.000000,0.415000,10,1,1,1,0,0,0,1,1,1,1,0,1,0,0,1,1,0.166136,0.203283,0.153396,0.000000,0.000000,0.000000,0.000000,0.000000,0.172655,0.170440,0.000000,0.000000,0.000000,0.000000,0.000000,0.134091,idle,1,10,6128,,none,,,0.000000,1.000000,0,none,,7.479986,7.479986,completed,0,4,rain,24.000000
16,1112,3448150343,165,Day 5 06:08,none,,7.479986,7.479986,completed,0.183333,0.004000,0.022779,0.946667,0.250000,0.256667,0.527277,0.000000,0.409000,10,1,1,1,0,0,0,1,1,1,1,0,1,0,0,1,1,0.175696,0.197911,0.158458,0.000000,0.000000,0.000000,0.000000,0.000000,0.168930,0.167052,0.000000,0.000000,0.000000,0.000000,0.000000,0.131953,use_phone,1,25,6153,phone,none,,,0.000000,1.000000,0,none,,7.479986,7.479986,completed,0,4,rain,24.000000
16,1112,3448150343,166,Day 5 06:33,none,,7.479986,7.479986,completed,0.000000,0.094986,0.022779,0.978333,0.270833,0.273333,0.527277,0.095000,0.494000,10,1,1,1,0,0,0,1,1,1,1,0,1,0,0,1,1,0.177863,0.255507,0.000000,0.000000,0.000000,0.000000,0.000000,0.000000,0.206421,0.205015,0.000000,0.000000,0.000000,0.000000,0.000000,0.155193,shop_on_phone,0,0,6153,phone,resource_insufficient,,,0.000000,1.000000,0,none,,7.479986,7.479986,completed,0,4,rain,24.000000
16,1112,3448150343,167,Day 5 06:33,none,,7.479986,7.479986,completed,0.000000,0.094986,0.022779,0.948333,0.270833,0.273333,0.557277,0.095000,0.494000,10,1,1,1,0,0,0,1,1,1,1,0,1,0,0,1,1,0.177863,0.255507,0.000000,0.000000,0.000000,0.000000,0.000000,0.000000,0.206421,0.205015,0.000000,0.000000,0.000000,0.000000,0.000000,0.155193,shop_on_phone,0,0,6153,phone,resource_insufficient,,,0.000000,1.000000,0,none,,7.479986,7.479986,completed,0,4,rain,24.000000
16,1112,3448150343,168,Day 5 06:33,none,,7.479986,7.479986,completed,0.000000,0.094986,0.022779,0.918333,0.270833,0.273333,0.587277,0.095000,0.494000,10,1,1,1,0,0,0,1,1,1,1,0,1,0,0,1,1,0.177863,0.255507,0.000000,0.000000,0.000000,0.000000,0.000000,0.000000,0.206421,0.205015,0.000000,0.000000,0.000000,0.000000,0.000000,0.155193,get_meal,1,35,6188,door,none,,,0.000000,1.000000,0,none,,7.479986,7.479986,completed,0,4,rain,24.000000
16,1112,3448150343,169,Day 5 07:08,none,,7.479986,7.479986,completed,0.000000,0.108986,0.022779,1.000000,0.000000,0.296667,0.587277,0.060000,0.473000,10,1,1,1,0,0,0,1,1,1,1,0,1,0,0,1,1,0.185669,0.258641,0.176114,0.000000,0.000000,0.000000,0.000000,0.000000,0.219092,0.000000,0.000000,0.000000,0.000000,0.000000,0.000000,0.160484,use_phone,1,25,6213,phone,none,,,0.000000,1.000000,0,none,,7.479986,7.479986,completed,0,4,rain,24.000000
16,1112,3448150343,170,Day 5 07:33,none,,7.479986,7.479986,completed,0.000000,0.199972,0.022779,1.000000,0.020833,0.313333,0.587277,0.155000,0.558000,10,1,1,1,0,0,0,1,1,1,1,0,1,0,0,1,1,0.171446,0.271576,0.000000,0.000000,0.000000,0.000000,0.187425,0.000000,0.214982,0.000000,0.000000,0.000000,0.000000,0.000000,0.000000,0.154570,use_phone,1,25,6238,phone,none,,,0.000000,1.000000,0,none,,7.479986,7.479986,completed,0,4,rain,24.000000
16,1112,3448150343,171,Day 5 07:58,none,,7.479986,7.479986,completed,0.000000,0.290958,0.022779,1.000000,0.041667,0.330000,0.587277,0.250000,0.643000,10,1,1,1,0,0,0,1,1,1,1,0,1,0,0,1,1,0.000000,0.335763,0.000000,0.000000,0.000000,0.000000,0.240557,0.000000,0.248386,0.000000,0.000000,0.000000,0.000000,0.000000,0.000000,0.175295,idle,1,10,6248,,none,,,0.000000,1.000000,0,none,,7.479986,7.479986,completed,0,4,rain,24.000000
16,1112,3448150343,172,Day 5 08:08,none,,7.479986,7.479986,completed,0.123333,0.294958,0.022779,0.946667,0.050000,0.336667,0.587277,0.240000,0.637000,10,1,1,1,0,0,0,1,1,1,1,0,1,0,0,1,1,0.145248,0.240079,0.138285,0.000000,0.000000,0.000000,0.171213,0.000000,0.178486,0.000000,0.000000,0.000000,0.000000,0.000000,0.000000,0.126690,use_computer,1,30,6278,computer,none,alarm-rings,,0.000000,1.000000,0,none,,7.479986,7.479986,completed,0,4,rain,24.000000
16,1112,3448150343,173,Day 5 08:38,none,,7.479986,7.479986,completed,0.003333,0.407788,0.022779,0.936667,0.075000,0.356667,0.639171,0.320000,0.619000,11,1,1,1,0,0,0,1,1,1,1,0,1,1,0,1,1,0.000000,0.209435,0.000000,0.000000,0.000000,0.000000,0.174284,0.000000,0.163517,0.000000,0.000000,0.136597,0.204112,0.000000,0.000000,0.112054,shop_on_phone,0,0,6278,phone,resource_insufficient,,,0.000000,1.000000,0,none,,7.479986,7.479986,completed,0,4,rain,24.000000
16,1112,3448150343,174,Day 5 08:38,none,,7.479986,7.479986,completed,0.003333,0.407788,0.022779,0.906667,0.075000,0.356667,0.669171,0.320000,0.619000,11,1,1,1,0,0,0,1,1,1,1,0,1,1,0,1,1,0.000000,0.209208,0.000000,0.000000,0.000000,0.000000,0.173538,0.000000,0.163339,0.000000,0.000000,0.136449,0.205533,0.000000,0.000000,0.111933,turn_off_alarm,1,1,6279,alarm,none,,,0.000000,1.000000,0,none,,7.479986,7.479986,completed,0,4,rain,24.000000
16,1112,3448150343,175,Day 5 08:39,none,,7.479986,7.479986,completed,0.003667,0.408188,0.022779,0.936333,0.075833,0.357333,0.649171,0.319000,0.618400,10,1,1,1,0,0,0,1,1,1,1,0,1,0,0,1,1,0.000000,0.263070,0.000000,0.000000,0.000000,0.000000,0.218764,0.000000,0.205665,0.000000,0.000000,0.171662,0.000000,0.000000,0.000000,0.140838,turn_light_off,1,1,6280,light,none,,,0.000000,1.000000,0,none,,7.479986,7.479986,completed,0,4,rain,24.000000
16,1112,3448150343,176,Day 5 08:40,none,,7.479986,7.479986,completed,0.004000,0.408588,0.022779,0.956000,0.076667,0.358000,0.649171,0.318000,0.617800,10,1,1,1,0,0,0,1,1,1,1,1,0,0,0,1,1,0.000000,0.317418,0.000000,0.000000,0.000000,0.000000,0.264058,0.000000,0.248484,0.000000,0.000000,0.000000,0.000000,0.000000,0.000000,0.170040,shop_on_phone,0,0,6280,phone,resource_insufficient,,,0.000000,1.000000,0,none,,7.479986,7.479986,completed,0,4,rain,24.000000
16,1112,3448150343,177,Day 5 08:40,none,,7.479986,7.479986,completed,0.004000,0.408588,0.022779,0.926000,0.076667,0.358000,0.679171,0.318000,0.617800,10,1,1,1,0,0,0,1,1,1,1,1,0,0,0,1,1,0.000000,0.317687,0.000000,0.000000,0.000000,0.000000,0.263435,0.000000,0.248695,0.000000,0.000000,0.000000,0.000000,0.000000,0.000000,0.170184,rest_at_bed,1,60,6340,bed,none,,,0.000000,1.000000,0,none,,7.479986,7.479986,completed,0,4,rain,24.000000
16,1112,3448150343,178,Day 5 09:40,none,,7.479986,7.479986,completed,0.064000,0.196393,0.022779,0.956000,0.126667,0.398000,0.679171,0.118000,0.581800,10,1,1,1,0,0,0,1,1,1,1,1,0,0,0,1,1,0.131439,0.202416,0.124674,0.000000,0.000000,0.000000,0.131415,0.000000,0.171150,0.126180,0.000000,0.000000,0.000000,0.000000,0.000000,0.112725,use_phone,1,25,6365,phone,none,,,0.000000,1.000000,0,none,,7.479986,7.479986,completed,0,4,rain,24.000000
16,1112,3448150343,179,Day 5 10:05,none,,7.479986,7.479986,completed,0.000000,0.287379,0.022779,0.987667,0.147500,0.414667,0.679171,0.213000,0.666800,10,1,1,1,0,0,0,1,1,1,1,1,0,0,0,1,1,0.000000,0.280271,0.000000,0.000000,0.000000,0.000000,0.189741,0.000000,0.222447,0.164712,0.000000,0.000000,0.000000,0.000000,0.000000,0.142829,get_meal,1,35,6400,door,none,,,0.000000,1.000000,0,none,,7.479986,7.479986,completed,0,4,rain,24.000000
16,1112,3448150343,180,Day 5 10:40,none,,7.479986,7.479986,completed,0.000000,0.301379,0.022779,1.000000,0.000000,0.438000,0.679171,0.178000,0.645800,10,1,1,1,0,0,0,1,1,1,1,1,0,0,0,1,1,0.156943,0.277392,0.000000,0.000000,0.000000,0.000000,0.190410,0.000000,0.230845,0.000000,0.000000,0.000000,0.000000,0.000000,0.000000,0.144409,rest_at_bed,1,60,6460,bed,none,message-study-group,,0.000000,1.000000,0,none,,7.479986,7.479986,completed,0,5,rain,24.000000
16,1112,3448150343,181,Day 5 11:40,none,,7.479986,7.479986,completed,0.060000,0.089185,0.022779,1.000000,0.050000,0.478000,0.679171,0.000000,0.609800,10,1,1,1,0,0,0,1,1,1,1,1,0,0,0,1,1,0.178101,0.268666,0.166337,0.000000,0.000000,0.000000,0.000000,0.000000,0.241493,0.000000,0.000000,0.000000,0.000000,0.000000,0.000000,0.145402,shop_on_phone,0,0,6460,phone,resource_insufficient,,,0.000000,1.000000,0,none,,7.479986,7.479986,completed,0,5,rain,24.000000
16,1112,3448150343,182,Day 5 11:40,none,,7.479986,7.479986,completed,0.060000,0.089185,0.022779,0.970000,0.050000,0.478000,0.709171,0.000000,0.609800,10,1,1,1,0,0,0,1,1,1,1,1,0,0,0,1,1,0.178101,0.268666,0.166337,0.000000,0.000000,0.000000,0.000000,0.000000,0.241493,0.000000,0.000000,0.000000,0.000000,0.000000,0.000000,0.145402,idle,1,10,6470,,none,,,0.000000,1.000000,0,none,,7.479986,7.479986,completed,0,5,rain,24.000000
16,1112,3448150343,183,Day 5 11:50,none,,7.479986,7.479986,completed,0.183333,0.093185,0.022779,0.916667,0.058333,0.484667,0.709171,0.000000,0.603800,10,1,1,1,0,0,0,1,1,1,1,1,0,0,0,1,1,0.188141,0.261277,0.171635,0.000000,0.000000,0.000000,0.000000,0.000000,0.236021,0.000000,0.000000,0.000000,0.000000,0.000000,0.000000,0.142926,use_phone,1,25,6495,phone,none,,,0.000000,1.000000,0,none,,7.479986,7.479986,completed,0,5,rain,24.000000
16,1112,3448150343,184,Day 5 12:15,none,,7.479986,7.479986,completed,0.000000,0.184170,0.022779,0.948333,0.079167,0.501333,0.709171,0.095000,0.688800,10,1,1,1,0,0,0,1,1,1,1,1,0,0,0,1,1,0.161866,0.286670,0.000000,0.000000,0.000000,0.000000,0.163501,0.000000,0.245102,0.000000,0.000000,0.000000,0.000000,0.000000,0.000000,0.142861,shop_on_phone,0,0,6495,phone,resource_insufficient,,,0.000000,1.000000,0,none,,7.479986,7.479986,completed,0,5,rain,24.000000
16,1112,3448150343,185,Day 5 12:15,none,,7.479986,7.479986,completed,0.000000,0.184170,0.022779,0.918333,0.079167,0.501333,0.739171,0.095000,0.688800,10,1,1,1,0,0,0,1,1,1,1,1,0,0,0,1,1,0.161951,0.286820,0.000000,0.000000,0.000000,0.000000,0.163063,0.000000,0.245231,0.000000,0.000000,0.000000,0.000000,0.000000,0.000000,0.142936,idle,1,10,6505,,none,,,0.000000,1.000000,0,none,,7.479986,7.479986,completed,0,5,rain,24.000000
16,1112,3448150343,186,Day 5 12:25,none,,7.479986,7.479986,completed,0.123333,0.188170,0.022779,0.865000,0.087500,0.508000,0.739171,0.085000,0.682800,10,1,1,1,0,0,0,1,1,1,1,1,0,0,0,1,1,0.149344,0.242712,0.139785,0.000000,0.000000,0.000000,0.137351,0.000000,0.208551,0.000000,0.000000,0.000000,0.000000,0.000000,0.000000,0.122257,use_phone,1,25,6530,phone,none,,,0.000000,1.000000,0,none,,7.479986,7.479986,completed,0,5,rain,24.000000
16,1112,3448150343,187,Day 5 12:50,none,,7.479986,7.479986,completed,0.000000,0.279156,0.022779,0.896667,0.108333,0.524667,0.739171,0.180000,0.767800,10,1,1,1,0,0,0,1,1,1,1,1,0,0,0,1,1,0.148944,0.297329,0.000000,0.000000,0.000000,0.000000,0.176177,0.000000,0.240804,0.000000,0.000000,0.000000,0.000000,0.000000,0.000000,0.136746,use_phone,1,25,6555,phone,none,,,0.000000,1.000000,0,none,,7.479986,7.479986,completed,0,5,rain,24.000000
16,1112,3448150343,188,Day 5 13:15,none,,7.479986,7.479986,completed,0.000000,0.370142,0.022779,0.928333,0.129167,0.541333,0.739171,0.275000,0.852800,10,1,1,1,0,0,0,1,1,1,1,1,0,0,0,1,1,0.000000,0.305752,0.000000,0.000000,0.000000,0.000000,0.188074,0.000000,0.231408,0.145777,0.000000,0.000000,0.000000,0.000000,0.000000,0.128988,rest_at_bed,1,60,6615,bed,none,,,0.000000,1.000000,0,none,,7.479986,7.479986,completed,0,5,rain,24.000000
16,1112,3448150343,189,Day 5 14:15,none,,7.479986,7.479986,completed,0.060000,0.157948,0.022779,0.958333,0.179167,0.581333,0.739171,0.075000,0.816800,10,1,1,1,0,0,0,1,1,1,1,1,0,0,0,1,1,0.137271,0.264075,0.129548,0.000000,0.000000,0.000000,0.000000,0.000000,0.215875,0.137416,0.000000,0.000000,0.000000,0.000000,0.000000,0.115815,idle,1,10,6625,,none,,,0.000000,1.000000,0,none,,7.479986,7.479986,completed,0,5,rain,24.000000
16,1112,3448150343,190,Day 5 14:25,none,,7.479986,7.479986,completed,0.183333,0.161948,0.022779,0.905000,0.187500,0.588000,0.739171,0.065000,0.810800,10,1,1,1,0,0,0,1,1,1,1,1,0,0,0,1,1,0.146100,0.257915,0.134650,0.000000,0.000000,0.000000,0.000000,0.000000,0.211889,0.135113,0.000000,0.000000,0.000000,0.000000,0.000000,0.114331,shop_on_phone,0,0,6625,phone,resource_insufficient,,,0.000000,1.000000,0,none,,7.479986,7.479986,completed,0,5,rain,24.000000
16,1112,3448150343,191,Day 5 14:25,none,,7.479986,7.479986,completed,0.183333,0.161948,0.022779,0.875000,0.187500,0.588000,0.769171,0.065000,0.810800,10,1,1,1,0,0,0,1,1,1,1,1,0,0,0,1,1,0.146100,0.257915,0.134650,0.000000,0.000000,0.000000,0.000000,0.000000,0.211889,0.135113,0.000000,0.000000,0.000000,0.000000,0.000000,0.114331,shop_on_phone,0,0,6625,phone,resource_insufficient,,,0.000000,1.000000,0,none,,7.479986,7.479986,completed,0,5,rain,24.000000
16,1112,3448150343,192,Day 5 14:25,none,,7.479986,7.479986,completed,0.183333,0.161948,0.022779,0.845000,0.187500,0.588000,0.799171,0.065000,0.810800,10,1,1,1,0,0,0,1,1,1,1,1,0,0,0,1,1,0.146100,0.257915,0.134650,0.000000,0.000000,0.000000,0.000000,0.000000,0.211889,0.135113,0.000000,0.000000,0.000000,0.000000,0.000000,0.114331,get_meal,1,35,6660,door,none,weather-clear,,0.000000,1.000000,0,none,,7.479986,7.479986,completed,0,5,clear,24.000000
16,1112,3448150343,193,Day 5 15:00,none,,7.479986,7.479986,completed,0.155000,0.175948,0.022779,0.972160,0.000000,0.611333,0.799171,0.030000,0.789800,10,1,1,1,0,0,0,1,1,1,1,1,0,0,0,1,1,0.167720,0.292245,0.155593,0.000000,0.000000,0.000000,0.000000,0.000000,0.252239,0.000000,0.000000,0.000000,0.000000,0.000000,0.000000,0.132203,use_computer,1,30,6690,computer,none,,,0.000000,1.000000,0,none,,7.479986,7.479986,completed,0,5,clear,24.000000
16,1112,3448150343,194,Day 5 15:30,none,,7.479986,7.479986,completed,0.005000,0.288778,0.022779,0.962160,0.025000,0.631333,0.799171,0.110000,0.771800,10,1,1,1,0,0,0,1,1,1,1,1,0,0,0,1,1,0.148320,0.290138,0.000000,0.000000,0.000000,0.000000,0.165086,0.000000,0.263533,0.000000,0.000000,0.000000,0.000000,0.000000,0.000000,0.132923,shop_on_phone,0,0,6690,phone,resource_insufficient,,,0.000000,1.000000,0,none,,7.479986,7.479986,completed,0,5,clear,24.000000
16,1112,3448150343,195,Day 5 15:30,none,,7.479986,7.479986,completed,0.005000,0.288778,0.022779,0.932160,0.025000,0.631333,0.829171,0.110000,0.771800,10,1,1,1,0,0,0,1,1,1,1,1,0,0,0,1,1,0.148398,0.290291,0.000000,0.000000,0.000000,0.000000,0.164645,0.000000,0.263673,0.000000,0.000000,0.000000,0.000000,0.000000,0.000000,0.132993,go_to_bathroom,1,15,6705,door,none,,,0.000000,1.000000,0,none,,7.479986,7.479986,completed,0,5,clear,24.000000
16,1112,3448150343,196,Day 5 15:45,none,,7.479986,7.479986,completed,0.010000,0.294778,0.022779,1.000000,0.037500,0.021333,0.829171,0.095000,0.762800,10,1,1,1,0,0,0,1,1,1,1,1,0,0,0,1,1,0.170000,0.327166,0.164943,0.000000,0.000000,0.000000,0.186599,0.000000,0.000000,0.000000,0.000000,0.000000,0.000000,0.000000,0.000000,0.151292,idle,1,10,6715,,none,,,0.000000,1.000000,0,none,,7.479986,7.479986,completed,0,5,clear,24.000000
16,1112,3448150343,197,Day 5 15:55,none,,7.479986,7.479986,completed,0.133333,0.298778,0.022779,0.946667,0.045833,0.028000,0.829171,0.085000,0.756800,10,1,1,1,0,0,0,1,1,1,1,1,0,0,0,1,1,0.180452,0.318684,0.170984,0.000000,0.000000,0.000000,0.180924,0.000000,0.000000,0.000000,0.000000,0.000000,0.000000,0.000000,0.000000,0.148956,rest_at_bed,1,60,6775,bed,none,room-temperature-shift,,0.000000,1.000000,0,none,,7.479986,7.479986,completed,0,5,clear,24.000000
16,1112,3448150343,198,Day 5 16:55,none,,7.479986,7.479986,completed,0.193333,0.086583,0.022779,0.976667,0.095833,0.068000,0.829171,0.000000,0.720800,10,1,1,1,0,0,0,1,1,1,1,1,0,0,0,1,1,0.237123,0.368233,0.215716,0.000000,0.000000,0.000000,0.000000,0.000000,0.000000,0.000000,0.000000,0.000000,0.000000,0.000000,0.000000,0.178928,idle,1,10,6785,,none,,,0.000000,1.000000,0,none,,7.479986,7.479986,completed,0,5,clear,24.000000
16,1112,3448150343,199,Day 5 17:05,none,,7.479986,7.479986,completed,0.316667,0.090583,0.022779,0.923333,0.104167,0.074667,0.829171,0.000000,0.714800,10,1,1,1,0,0,0,1,1,1,1,1,0,0,0,1,1,0.248734,0.355594,0.221025,0.000000,0.000000,0.000000,0.000000,0.000000,0.000000,0.000000,0.000000,0.000000,0.000000,0.000000,0.000000,0.174647,use_phone,1,25,6810,phone,none,,,0.000000,1.000000,0,none,,7.479986,7.479986,completed,0,5,clear,24.000000
16,1112,3448150343,200,Day 5 17:30,none,,7.479986,7.479986,completed,0.105000,0.181569,0.022779,0.955000,0.125000,0.091333,0.829171,0.095000,0.799800,10,1,1,1,0,0,0,1,1,1,1,1,0,0,0,1,1,0.180220,0.334448,0.169181,0.000000,0.000000,0.000000,0.166667,0.000000,0.000000,0.000000,0.000000,0.000000,0.000000,0.000000,0.000000,0.149485,idle,1,10,6820,,none,,,0.000000,1.000000,0,none,,7.479986,7.479986,completed,0,5,clear,24.000000
16,1112,3448150343,201,Day 5 17:40,none,,7.479986,7.479986,completed,0.228333,0.185569,0.022779,0.901667,0.133333,0.098000,0.829171,0.085000,0.793800,10,1,1,1,0,0,0,1,1,1,1,1,0,0,0,1,1,0.190786,0.324900,0.174904,0.000000,0.000000,0.000000,0.000000,0.000000,0.000000,0.162629,0.000000,0.000000,0.000000,0.000000,0.000000,0.146781,shop_on_phone,0,0,6820,phone,resource_insufficient,,,0.000000,1.000000,0,none,,7.479986,7.479986,completed,0,5,clear,24.000000
16,1112,3448150343,202,Day 5 17:40,none,,7.479986,7.479986,completed,0.228333,0.185569,0.022779,0.871667,0.133333,0.098000,0.859171,0.085000,0.793800,10,1,1,1,0,0,0,1,1,1,1,1,0,0,0,1,1,0.190786,0.324900,0.174904,0.000000,0.000000,0.000000,0.000000,0.000000,0.000000,0.162629,0.000000,0.000000,0.000000,0.000000,0.000000,0.146781,shop_on_phone,0,0,6820,phone,resource_insufficient,,,0.000000,1.000000,0,none,,7.479986,7.479986,completed,0,5,clear,24.000000
16,1112,3448150343,203,Day 5 17:40,none,,7.479986,7.479986,completed,0.228333,0.185569,0.022779,0.841667,0.133333,0.098000,0.889171,0.085000,0.793800,10,1,1,1,0,0,0,1,1,1,1,1,0,0,0,1,1,0.190786,0.324900,0.174904,0.000000,0.000000,0.000000,0.000000,0.000000,0.000000,0.162629,0.000000,0.000000,0.000000,0.000000,0.000000,0.146781,shop_on_phone,0,0,6820,phone,resource_insufficient,,,0.000000,1.000000,0,none,,7.479986,7.479986,completed,0,5,clear,24.000000
16,1112,3448150343,204,Day 5 17:40,none,,7.479986,7.479986,completed,0.228333,0.185569,0.022779,0.811667,0.133333,0.098000,0.919171,0.085000,0.793800,10,1,1,1,0,0,0,1,1,1,1,1,0,0,0,1,1,0.190786,0.324900,0.174904,0.000000,0.000000,0.000000,0.000000,0.000000,0.000000,0.162629,0.000000,0.000000,0.000000,0.000000,0.000000,0.146781,shop_on_phone,0,0,6820,phone,resource_insufficient,,,0.000000,1.000000,0,none,,7.479986,7.479986,completed,0,5,clear,24.000000
16,1112,3448150343,205,Day 5 17:40,none,,7.479986,7.479986,completed,0.228333,0.185569,0.022779,0.781667,0.133333,0.098000,0.949171,0.085000,0.793800,10,1,1,1,0,0,0,1,1,1,1,1,0,0,0,1,1,0.190786,0.324900,0.174904,0.000000,0.000000,0.000000,0.000000,0.000000,0.000000,0.162629,0.000000,0.000000,0.000000,0.000000,0.000000,0.146781,shop_on_phone,0,0,6820,phone,resource_insufficient,,,0.000000,1.000000,0,none,,7.479986,7.479986,completed,0,5,clear,24.000000
16,1112,3448150343,206,Day 5 17:40,none,,7.479986,7.479986,completed,0.228333,0.185569,0.022779,0.751667,0.133333,0.098000,0.979171,0.085000,0.793800,10,1,1,1,0,0,0,1,1,1,1,1,0,0,0,1,1,0.190786,0.324900,0.174904,0.000000,0.000000,0.000000,0.000000,0.000000,0.000000,0.162629,0.000000,0.000000,0.000000,0.000000,0.000000,0.146781,shop_on_phone,0,0,6820,phone,resource_insufficient,,,0.000000,1.000000,0,none,,7.479986,7.479986,completed,0,5,clear,24.000000
16,1112,3448150343,207,Day 5 17:40,none,,7.479986,7.479986,completed,0.228333,0.185569,0.022779,0.721667,0.133333,0.098000,1.000000,0.085000,0.793800,10,1,1,1,0,0,0,1,1,1,1,1,0,0,0,1,1,0.190786,0.324900,0.174904,0.000000,0.000000,0.000000,0.000000,0.000000,0.000000,0.162629,0.000000,0.000000,0.000000,0.000000,0.000000,0.146781,shop_on_phone,0,0,6820,phone,resource_insufficient,,,0.000000,1.000000,0,none,,7.479986,7.479986,completed,0,5,clear,24.000000
16,1112,3448150343,208,Day 5 17:40,none,,7.479986,7.479986,completed,0.228333,0.185569,0.022779,0.691667,0.133333,0.098000,1.000000,0.085000,0.793800,10,1,1,1,0,0,0,1,1,1,1,1,0,0,0,1,1,0.190786,0.324900,0.174904,0.000000,0.000000,0.000000,0.000000,0.000000,0.000000,0.162629,0.000000,0.000000,0.000000,0.000000,0.000000,0.146781,use_computer,1,30,6850,computer,none,,,0.000000,1.000000,0,none,,7.479986,7.479986,completed,0,5,clear,24.000000
16,1112,3448150343,209,Day 5 18:10,none,,7.479986,7.479986,completed,0.078333,0.298399,0.022779,0.681667,0.158333,0.118000,1.000000,0.165000,0.775800,10,1,1,1,0,0,0,1,1,1,1,1,0,0,0,1,1,0.145920,0.278972,0.139984,0.000000,0.000000,0.000000,0.159766,0.000000,0.000000,0.147720,0.000000,0.000000,0.000000,0.000000,0.000000,0.127639,rest_at_bed,1,60,6910,bed,none,,,0.000000,1.000000,0,none,,7.479986,7.479986,completed,0,5,clear,24.000000
16,1112,3448150343,210,Day 5 19:10,none,,7.479986,7.479986,completed,0.138333,0.086204,0.022779,0.711667,0.208333,0.158000,1.000000,0.000000,0.739800,10,1,1,1,0,0,0,1,1,1,1,1,0,0,0,1,1,0.161753,0.265036,0.148727,0.000000,0.000000,0.000000,0.000000,0.000000,0.145251,0.153170,0.000000,0.000000,0.000000,0.000000,0.000000,0.126062,get_meal,1,35,6945,door,none,,,0.000000,1.000000,0,none,,7.479986,7.479986,completed,0,5,clear,24.000000
16,1112,3448150343,211,Day 5 19:45,none,,7.479986,7.479986,completed,0.110000,0.100204,0.022779,0.838827,0.000000,0.181333,1.000000,0.000000,0.718800,10,1,1,1,0,0,0,1,1,1,1,1,0,0,0,1,1,0.188774,0.308750,0.174845,0.000000,0.000000,0.000000,0.000000,0.000000,0.177769,0.000000,0.000000,0.000000,0.000000,0.000000,0.000000,0.149862,idle,1,10,6955,,none,,,0.000000,1.000000,0,none,,7.479986,7.479986,completed,0,5,clear,24.000000
16,1112,3448150343,212,Day 5 19:55,none,,7.479986,7.479986,completed,0.233333,0.104204,0.022779,0.785493,0.008333,0.188000,1.000000,0.000000,0.712800,10,1,1,1,0,0,0,1,1,1,1,1,0,0,0,1,1,0.199189,0.299917,0.180209,0.000000,0.000000,0.000000,0.000000,0.000000,0.173543,0.000000,0.000000,0.000000,0.000000,0.000000,0.000000,0.147142,idle,1,10,6965,,none,,,0.000000,1.000000,0,none,,7.479986,7.479986,completed,0,5,clear,24.000000
16,1112,3448150343,213,Day 5 20:05,none,,7.479986,7.479986,completed,0.356667,0.108204,0.022779,0.732160,0.016667,0.194667,1.000000,0.000000,0.706800,10,1,1,1,0,0,0,1,1,1,1,1,0,0,0,1,1,0.209940,0.291005,0.185525,0.000000,0.000000,0.000000,0.000000,0.000000,0.169224,0.000000,0.000000,0.000000,0.000000,0.000000,0.000000,0.144307,use_phone,1,25,6990,phone,none,evening,,0.000000,1.000000,0,none,,7.479986,7.479986,completed,0,5,clear,24.000000
16,1112,3448150343,214,Day 5 20:30,none,,7.479986,7.479986,completed,0.145000,0.199190,0.022779,0.763827,0.037500,0.211333,1.000000,0.095000,0.791800,10,1,1,1,0,0,0,1,1,1,1,1,0,0,0,1,1,0.180596,0.324953,0.168600,0.000000,0.000000,0.000000,0.000000,0.000000,0.179206,0.000000,0.000000,0.000000,0.000000,0.000000,0.000000,0.146645,shop_on_phone,0,0,6990,phone,resource_insufficient,,,0.000000,1.000000,0,none,,7.479986,7.479986,completed,0,5,clear,24.000000
16,1112,3448150343,215,Day 5 20:30,none,,7.479986,7.479986,completed,0.145000,0.199190,0.022779,0.733827,0.037500,0.211333,1.000000,0.095000,0.791800,10,1,1,1,0,0,0,1,1,1,1,1,0,0,0,1,1,0.180596,0.324953,0.168600,0.000000,0.000000,0.000000,0.000000,0.000000,0.179206,0.000000,0.000000,0.000000,0.000000,0.000000,0.000000,0.146645,shop_on_phone,0,0,6990,phone,resource_insufficient,,,0.000000,1.000000,0,none,,7.479986,7.479986,completed,0,5,clear,24.000000
16,1112,3448150343,216,Day 5 20:30,none,,7.479986,7.479986,completed,0.145000,0.199190,0.022779,0.703827,0.037500,0.211333,1.000000,0.095000,0.791800,10,1,1,1,0,0,0,1,1,1,1,1,0,0,0,1,1,0.180596,0.324953,0.168600,0.000000,0.000000,0.000000,0.000000,0.000000,0.179206,0.000000,0.000000,0.000000,0.000000,0.000000,0.000000,0.146645,shop_on_phone,0,0,6990,phone,resource_insufficient,,,0.000000,1.000000,0,none,,7.479986,7.479986,completed,0,5,clear,24.000000
16,1112,3448150343,217,Day 5 20:30,none,,7.479986,7.479986,completed,0.145000,0.199190,0.022779,0.673827,0.037500,0.211333,1.000000,0.095000,0.791800,10,1,1,1,0,0,0,1,1,1,1,1,0,0,0,1,1,0.180596,0.324953,0.168600,0.000000,0.000000,0.000000,0.000000,0.000000,0.179206,0.000000,0.000000,0.000000,0.000000,0.000000,0.000000,0.146645,use_computer,1,30,7020,computer,none,,,0.000000,1.000000,0,none,,7.479986,7.479986,completed,0,5,clear,24.000000
16,1112,3448150343,218,Day 5 21:00,none,,7.479986,7.479986,completed,0.000000,0.312021,0.022779,0.663827,0.062500,0.231333,1.000000,0.175000,0.773800,10,1,1,1,0,0,0,1,1,1,1,1,0,0,0,1,1,0.159148,0.320478,0.000000,0.000000,0.000000,0.000000,0.187947,0.000000,0.185929,0.000000,0.000000,0.000000,0.000000,0.000000,0.000000,0.146498,rest_at_bed,1,60,7080,bed,none,,,0.000000,1.000000,0,none,,7.479986,7.479986,completed,0,5,clear,24.000000
16,1112,3448150343,219,Day 5 22:00,none,,7.479986,7.479986,completed,0.060000,0.099826,0.022779,0.693827,0.112500,0.271333,1.000000,0.000000,0.737800,10,1,1,1,0,0,0,1,1,1,1,1,0,0,0,1,1,0.180145,0.309908,0.168476,0.000000,0.000000,0.000000,0.000000,0.000000,0.194199,0.000000,0.000000,0.000000,0.000000,0.000000,0.000000,0.147272,shop_on_phone,0,0,7080,phone,resource_insufficient,,,0.000000,1.000000,0,none,,7.479986,7.479986,completed,0,5,clear,24.000000
16,1112,3448150343,220,Day 5 22:00,none,,7.479986,7.479986,completed,0.060000,0.099826,0.022779,0.663827,0.112500,0.271333,1.000000,0.000000,0.737800,10,1,1,1,0,0,0,1,1,1,1,1,0,0,0,1,1,0.180145,0.309908,0.168476,0.000000,0.000000,0.000000,0.000000,0.000000,0.194199,0.000000,0.000000,0.000000,0.000000,0.000000,0.000000,0.147272,shop_on_phone,0,0,7080,phone,resource_insufficient,,,0.000000,1.000000,0,none,,7.479986,7.479986,completed,0,5,clear,24.000000
16,1112,3448150343,221,Day 5 22:00,none,,7.479986,7.479986,completed,0.060000,0.099826,0.022779,0.633827,0.112500,0.271333,1.000000,0.000000,0.737800,10,1,1,1,0,0,0,1,1,1,1,1,0,0,0,1,1,0.180145,0.309908,0.168476,0.000000,0.000000,0.000000,0.000000,0.000000,0.194199,0.000000,0.000000,0.000000,0.000000,0.000000,0.000000,0.147272,idle,1,10,7090,,none,,,0.000000,1.000000,0,none,,7.479986,7.479986,completed,0,5,clear,24.000000
16,1112,3448150343,222,Day 5 22:10,none,,7.479986,7.479986,completed,0.183333,0.103826,0.022779,0.580493,0.120833,0.278000,1.000000,0.000000,0.731800,10,1,1,1,0,0,0,1,1,1,1,1,0,0,0,1,1,0.190284,0.301357,0.173827,0.000000,0.000000,0.000000,0.000000,0.000000,0.189781,0.000000,0.000000,0.000000,0.000000,0.000000,0.000000,0.144751,shop_on_phone,0,0,7090,phone,resource_insufficient,,,0.000000,1.000000,0,none,,7.479986,7.479986,completed,0,5,clear,24.000000
16,1112,3448150343,223,Day 5 22:10,none,,7.479986,7.479986,completed,0.183333,0.103826,0.022779,0.550493,0.120833,0.278000,1.000000,0.000000,0.731800,10,1,1,1,0,0,0,1,1,1,1,1,0,0,0,1,1,0.190284,0.301357,0.173827,0.000000,0.000000,0.000000,0.000000,0.000000,0.189781,0.000000,0.000000,0.000000,0.000000,0.000000,0.000000,0.144751,shop_on_phone,0,0,7090,phone,resource_insufficient,,,0.000000,1.000000,0,none,,7.479986,7.479986,completed,0,5,clear,24.000000
16,1112,3448150343,224,Day 5 22:10,none,,7.479986,7.479986,completed,0.183333,0.103826,0.022779,0.520493,0.120833,0.278000,1.000000,0.000000,0.731800,10,1,1,1,0,0,0,1,1,1,1,1,0,0,0,1,1,0.190284,0.301357,0.173827,0.000000,0.000000,0.000000,0.000000,0.000000,0.189781,0.000000,0.000000,0.000000,0.000000,0.000000,0.000000,0.144751,idle,1,10,7100,,none,,,0.000000,1.000000,0,none,,7.479986,7.479986,completed,0,5,clear,24.000000
16,1112,3448150343,225,Day 5 22:20,none,,7.479986,7.479986,completed,0.306667,0.107826,0.022779,0.467160,0.129167,0.284667,1.000000,0.000000,0.725800,10,1,1,1,0,0,0,1,1,1,1,1,0,0,0,1,1,0.173761,0.253339,0.155047,0.000000,0.000000,0.000000,0.000000,0.000000,0.160335,0.134522,0.000000,0.000000,0.000000,0.000000,0.000000,0.122997,shop_on_phone,0,0,7100,phone,resource_insufficient,,,0.000000,1.000000,0,none,,7.479986,7.479986,completed,0,5,clear,24.000000
16,1112,3448150343,226,Day 5 22:20,none,,7.479986,7.479986,completed,0.306667,0.107826,0.022779,0.437160,0.129167,0.284667,1.000000,0.000000,0.725800,10,1,1,1,0,0,0,1,1,1,1,1,0,0,0,1,1,0.173761,0.253339,0.155047,0.000000,0.000000,0.000000,0.000000,0.000000,0.160335,0.134522,0.000000,0.000000,0.000000,0.000000,0.000000,0.122997,use_phone,1,25,7125,phone,none,,,0.000000,1.000000,0,none,,7.479986,7.479986,completed,0,5,clear,24.000000
16,1112,3448150343,227,Day 5 22:45,none,,7.479986,7.479986,completed,0.095000,0.198812,0.022779,0.468827,0.150000,0.301333,1.000000,0.095000,0.810800,10,1,1,1,0,0,0,1,1,1,1,1,0,0,0,1,1,0.147828,0.279779,0.139352,0.000000,0.000000,0.000000,0.000000,0.000000,0.167924,0.141502,0.000000,0.000000,0.000000,0.000000,0.000000,0.123614,use_phone,1,25,7150,phone,none,,,0.000000,1.000000,0,none,,7.479986,7.479986,completed,0,5,clear,24.000000
16,1112,3448150343,228,Day 5 23:10,none,,7.479986,7.479986,completed,0.000000,0.289798,0.022779,0.500493,0.170833,0.318000,1.000000,0.190000,0.895800,10,1,1,1,0,0,0,1,1,1,1,1,0,0,0,1,1,0.128887,0.294361,0.000000,0.000000,0.000000,0.000000,0.151021,0.000000,0.166199,0.140657,0.000000,0.000000,0.000000,0.000000,0.000000,0.118875,get_meal,1,35,7185,door,none,,,0.000000,1.000000,0,none,,7.479986,7.479986,completed,0,5,clear,24.000000
16,1112,3448150343,229,Day 5 23:45,none,,7.479986,7.479986,completed,0.000000,0.303798,0.022779,0.627653,0.000000,0.341333,1.000000,0.155000,0.874800,10,1,1,1,0,0,0,1,1,1,1,1,0,0,0,1,1,0.151710,0.335989,0.000000,0.000000,0.000000,0.000000,0.174782,0.000000,0.198908,0.000000,0.000000,0.000000,0.000000,0.000000,0.000000,0.138611,rest_at_bed,1,60,7245,bed,none,,,0.000000,1.000000,0,none,,7.479986,7.479986,completed,0,5,clear,24.000000
16,1112,3448150343,230,Day 6 00:45,none,,7.479986,7.479986,completed,0.060000,0.091603,0.022779,0.657653,0.050000,0.381333,1.000000,0.000000,0.838800,10,1,1,1,0,0,0,1,1,1,1,1,0,0,0,1,1,0.170280,0.324245,0.159082,0.000000,0.000000,0.000000,0.000000,0.000000,0.207332,0.000000,0.000000,0.000000,0.000000,0.000000,0.000000,0.139061,shop_on_phone,0,0,7245,phone,resource_insufficient,,,0.000000,1.000000,0,none,,7.479986,7.479986,completed,0,5,clear,24.000000
16,1112,3448150343,231,Day 6 00:45,none,,7.479986,7.479986,completed,0.060000,0.091603,0.022779,0.627653,0.050000,0.381333,1.000000,0.000000,0.838800,10,1,1,1,0,0,0,1,1,1,1,1,0,0,0,1,1,0.170280,0.324245,0.159082,0.000000,0.000000,0.000000,0.000000,0.000000,0.207332,0.000000,0.000000,0.000000,0.000000,0.000000,0.000000,0.139061,go_to_bathroom,1,15,7260,door,none,,,0.000000,1.000000,0,none,,7.479986,7.479986,completed,0,5,clear,24.000000
16,1112,3448150343,232,Day 6 01:00,none,,7.479986,7.479986,completed,0.065000,0.097603,0.022779,0.721480,0.062500,0.000000,1.000000,0.000000,0.829800,10,1,1,1,0,0,0,1,1,1,1,1,0,0,0,1,1,0.215920,0.406450,0.201679,0.000000,0.000000,0.000000,0.000000,0.000000,0.000000,0.000000,0.000000,0.000000,0.000000,0.000000,0.000000,0.175950,shop_on_phone,0,0,7260,phone,resource_insufficient,,,0.000000,1.000000,0,none,,7.479986,7.479986,completed,0,5,clear,24.000000
16,1112,3448150343,233,Day 6 01:00,none,,7.479986,7.479986,completed,0.065000,0.097603,0.022779,0.691480,0.062500,0.000000,1.000000,0.000000,0.829800,10,1,1,1,0,0,0,1,1,1,1,1,0,0,0,1,1,0.215920,0.406450,0.201679,0.000000,0.000000,0.000000,0.000000,0.000000,0.000000,0.000000,0.000000,0.000000,0.000000,0.000000,0.000000,0.175950,use_phone,1,25,7285,phone,none,,,0.000000,1.000000,0,none,,7.479986,7.479986,completed,0,5,clear,24.000000
16,1112,3448150343,234,Day 6 01:25,none,,7.479986,7.479986,completed,0.000000,0.188589,0.022779,0.723146,0.083333,0.016667,1.000000,0.095000,0.914800,10,1,1,1,0,0,0,1,1,1,1,1,0,0,0,1,1,0.243165,0.542099,0.000000,0.000000,0.000000,0.000000,0.000000,0.000000,0.000000,0.000000,0.000000,0.000000,0.000000,0.000000,0.000000,0.214736,shop_on_phone,0,0,7285,phone,resource_insufficient,,,0.000000,1.000000,0,none,,7.479986,7.479986,completed,0,5,clear,24.000000
16,1112,3448150343,235,Day 6 01:25,none,,7.479986,7.479986,completed,0.000000,0.188589,0.022779,0.693146,0.083333,0.016667,1.000000,0.095000,0.914800,10,1,1,1,0,0,0,1,1,1,1,1,0,0,0,1,1,0.243165,0.542099,0.000000,0.000000,0.000000,0.000000,0.000000,0.000000,0.000000,0.000000,0.000000,0.000000,0.000000,0.000000,0.000000,0.214736,shop_on_phone,0,0,7285,phone,resource_insufficient,,,0.000000,1.000000,0,none,,7.479986,7.479986,completed,0,5,clear,24.000000
16,1112,3448150343,236,Day 6 01:25,none,,7.479986,7.479986,completed,0.000000,0.188589,0.022779,0.663146,0.083333,0.016667,1.000000,0.095000,0.914800,10,1,1,1,0,0,0,1,1,1,1,1,0,0,0,1,1,0.243165,0.542099,0.000000,0.000000,0.000000,0.000000,0.000000,0.000000,0.000000,0.000000,0.000000,0.000000,0.000000,0.000000,0.000000,0.214736,shop_on_phone,0,0,7285,phone,resource_insufficient,,,0.000000,1.000000,0,none,,7.479986,7.479986,completed,0,5,clear,24.000000
16,1112,3448150343,237,Day 6 01:25,none,,7.479986,7.479986,completed,0.000000,0.188589,0.022779,0.633146,0.083333,0.016667,1.000000,0.095000,0.914800,10,1,1,1,0,0,0,1,1,1,1,1,0,0,0,1,1,0.243165,0.542099,0.000000,0.000000,0.000000,0.000000,0.000000,0.000000,0.000000,0.000000,0.000000,0.000000,0.000000,0.000000,0.000000,0.214736,shop_on_phone,0,0,7285,phone,resource_insufficient,,,0.000000,1.000000,0,none,,7.479986,7.479986,completed,0,5,clear,24.000000
16,1112,3448150343,238,Day 6 01:25,none,,7.479986,7.479986,completed,0.000000,0.188589,0.022779,0.603146,0.083333,0.016667,1.000000,0.095000,0.914800,10,1,1,1,0,0,0,1,1,1,1,1,0,0,0,1,1,0.243165,0.542099,0.000000,0.000000,0.000000,0.000000,0.000000,0.000000,0.000000,0.000000,0.000000,0.000000,0.000000,0.000000,0.000000,0.214736,idle,1,10,7295,,none,,,0.000000,1.000000,0,none,,7.479986,7.479986,completed,0,5,clear,24.000000
16,1112,3448150343,239,Day 6 01:35,none,,7.479986,7.479986,completed,0.123333,0.192589,0.022779,0.549813,0.091667,0.023333,1.000000,0.085000,0.908800,10,1,1,1,0,0,0,1,1,1,1,1,0,0,0,1,1,0.208273,0.426077,0.195054,0.000000,0.000000,0.000000,0.000000,0.000000,0.000000,0.000000,0.000000,0.000000,0.000000,0.000000,0.000000,0.170595,use_phone,1,25,7320,phone,none,,,0.000000,1.000000,0,none,,7.479986,7.479986,completed,0,5,clear,24.000000
16,1112,3448150343,240,Day 6 02:00,none,,7.479986,7.479986,completed,0.000000,0.283575,0.022779,0.581480,0.112500,0.040000,1.000000,0.180000,0.993800,10,1,1,1,0,0,0,1,1,1,1,1,0,0,0,1,1,0.179003,0.449805,0.000000,0.000000,0.000000,0.000000,0.206756,0.000000,0.000000,0.000000,0.000000,0.000000,0.000000,0.000000,0.000000,0.164437,rest_at_bed,1,60,7380,bed,none,,,0.000000,1.000000,0,none,,7.479986,7.479986,completed,0,5,clear,24.000000
16,1112,3448150343,241,Day 6 03:00,none,,7.479986,7.479986,completed,0.060000,0.071380,0.022779,0.611480,0.162500,0.080000,1.000000,0.000000,0.957800,10,1,1,1,0,0,0,1,1,1,1,1,0,0,0,1,1,0.171276,0.367094,0.159598,0.000000,0.000000,0.000000,0.000000,0.000000,0.000000,0.162521,0.000000,0.000000,0.000000,0.000000,0.000000,0.139511,shop_on_phone,0,0,7380,phone,resource_insufficient,,,0.000000,1.000000,0,none,,7.479986,7.479986,completed,0,5,clear,24.000000
16,1112,3448150343,242,Day 6 03:00,none,,7.479986,7.479986,completed,0.060000,0.071380,0.022779,0.581480,0.162500,0.080000,1.000000,0.000000,0.957800,10,1,1,1,0,0,0,1,1,1,1,1,0,0,0,1,1,0.171276,0.367094,0.159598,0.000000,0.000000,0.000000,0.000000,0.000000,0.000000,0.162521,0.000000,0.000000,0.000000,0.000000,0.000000,0.139511,use_computer,1,30,7410,computer,none,,,0.000000,1.000000,0,none,,7.479986,7.479986,completed,0,5,clear,24.000000
16,1112,3448150343,243,Day 6 03:30,none,,7.479986,7.479986,completed,0.000000,0.184210,0.022779,0.571480,0.187500,0.100000,1.000000,0.080000,0.939800,10,1,1,1,0,0,0,1,1,1,1,1,0,0,0,1,1,0.191889,0.436438,0.000000,0.000000,0.000000,0.000000,0.000000,0.000000,0.000000,0.203126,0.000000,0.000000,0.000000,0.000000,0.000000,0.168547,shop_on_phone,0,0,7410,phone,resource_insufficient,,,0.000000,1.000000,0,none,,7.479986,7.479986,completed,0,5,clear,24.000000
16,1112,3448150343,244,Day 6 03:30,none,,7.479986,7.479986,completed,0.000000,0.184210,0.022779,0.541480,0.187500,0.100000,1.000000,0.080000,0.939800,10,1,1,1,0,0,0,1,1,1,1,1,0,0,0,1,1,0.191889,0.436438,0.000000,0.000000,0.000000,0.000000,0.000000,0.000000,0.000000,0.203126,0.000000,0.000000,0.000000,0.000000,0.000000,0.168547,shop_on_phone,0,0,7410,phone,resource_insufficient,,,0.000000,1.000000,0,none,,7.479986,7.479986,completed,0,5,clear,24.000000
16,1112,3448150343,245,Day 6 03:30,none,,7.479986,7.479986,completed,0.000000,0.184210,0.022779,0.511480,0.187500,0.100000,1.000000,0.080000,0.939800,10,1,1,1,0,0,0,1,1,1,1,1,0,0,0,1,1,0.191889,0.436438,0.000000,0.000000,0.000000,0.000000,0.000000,0.000000,0.000000,0.203126,0.000000,0.000000,0.000000,0.000000,0.000000,0.168547,idle,1,10,7420,,none,,,0.000000,1.000000,0,none,,7.479986,7.479986,completed,0,5,clear,24.000000
16,1112,3448150343,246,Day 6 03:40,none,,7.479986,7.479986,completed,0.123333,0.188210,0.022779,0.458146,0.195833,0.106667,1.000000,0.070000,0.933800,10,1,1,1,0,0,0,1,1,1,1,1,0,0,0,1,1,0.171955,0.358894,0.160899,0.000000,0.000000,0.000000,0.000000,0.000000,0.000000,0.168159,0.000000,0.000000,0.000000,0.000000,0.000000,0.140093,shop_on_phone,0,0,7420,phone,resource_insufficient,,,0.000000,1.000000,0,none,,7.479986,7.479986,completed,0,5,clear,24.000000
16,1112,3448150343,247,Day 6 03:40,none,,7.479986,7.479986,completed,0.123333,0.188210,0.022779,0.428146,0.195833,0.106667,1.000000,0.070000,0.933800,10,1,1,1,0,0,0,1,1,1,1,1,0,0,0,1,1,0.171955,0.358894,0.160899,0.000000,0.000000,0.000000,0.000000,0.000000,0.000000,0.168159,0.000000,0.000000,0.000000,0.000000,0.000000,0.140093,idle,1,10,7430,,none,,,0.000000,1.000000,0,none,,7.479986,7.479986,completed,0,5,clear,24.000000
16,1112,3448150343,248,Day 6 03:50,none,,7.479986,7.479986,completed,0.246667,0.192210,0.022779,0.374813,0.204167,0.113333,1.000000,0.060000,0.927800,10,1,1,1,0,0,0,1,1,1,1,1,0,0,0,1,1,0.182211,0.348982,0.166502,0.000000,0.000000,0.000000,0.000000,0.000000,0.000000,0.164615,0.000000,0.000000,0.000000,0.000000,0.000000,0.137690,get_meal,1,35,7465,door,none,,,0.000000,1.000000,0,none,,7.479986,7.479986,completed,0,5,clear,24.000000
16,1112,3448150343,249,Day 6 04:25,none,,7.479986,7.479986,completed,0.218333,0.206210,0.022779,0.501973,0.000000,0.136667,1.000000,0.025000,0.906800,10,1,1,1,0,0,0,1,1,1,1,1,0,0,0,1,1,0.184486,0.348761,0.169690,0.000000,0.000000,0.000000,0.000000,0.000000,0.156642,0.000000,0.000000,0.000000,0.000000,0.000000,0.000000,0.140421,idle,1,10,7475,,none,,,0.000000,1.000000,0,none,,7.479986,7.479986,completed,0,5,clear,24.000000
16,1112,3448150343,250,Day 6 04:35,none,,7.479986,7.479986,completed,0.341667,0.210210,0.022779,0.448639,0.008333,0.143333,1.000000,0.015000,0.900800,10,1,1,1,0,0,0,1,1,1,1,1,0,0,0,1,1,0.195235,0.338687,0.175370,0.000000,0.000000,0.000000,0.000000,0.000000,0.152874,0.000000,0.000000,0.000000,0.000000,0.000000,0.000000,0.137834,idle,1,10,7485,,none,,,0.000000,1.000000,0,none,,7.479986,7.479986,completed,0,5,clear,24.000000
16,1112,3448150343,251,Day 6 04:45,none,,7.479986,7.479986,completed,0.465000,0.214210,0.022779,0.395306,0.016667,0.150000,1.000000,0.005000,0.894800,10,1,1,1,0,0,0,1,1,1,1,1,0,0,0,1,1,0.206353,0.328495,0.181015,0.000000,0.000000,0.000000,0.000000,0.000000,0.149012,0.000000,0.000000,0.000000,0.000000,0.000000,0.000000,0.135125,shop_on_phone,0,0,7485,phone,resource_insufficient,,,0.000000,1.000000,0,none,,7.479986,7.479986,completed,0,5,clear,24.000000
16,1112,3448150343,252,Day 6 04:45,none,,7.479986,7.479986,completed,0.465000,0.214210,0.022779,0.365306,0.016667,0.150000,1.000000,0.005000,0.894800,10,1,1,1,0,0,0,1,1,1,1,1,0,0,0,1,1,0.206353,0.328495,0.181015,0.000000,0.000000,0.000000,0.000000,0.000000,0.149012,0.000000,0.000000,0.000000,0.000000,0.000000,0.000000,0.135125,idle,1,10,7495,,none,,,0.000000,1.000000,0,none,,7.479986,7.479986,completed,0,5,clear,24.000000
16,1112,3448150343,253,Day 6 04:55,none,,7.479986,7.479986,completed,0.588333,0.218210,0.022779,0.311973,0.025000,0.156667,1.000000,0.000000,0.888800,10,1,1,1,0,0,0,1,1,1,1,1,0,0,0,1,1,0.217614,0.318404,0.186442,0.000000,0.000000,0.000000,0.000000,0.000000,0.145154,0.000000,0.000000,0.000000,0.000000,0.000000,0.000000,0.132385,idle,1,10,7505,,none,,,0.000000,1.000000,0,none,,7.479986,7.479986,completed,0,5,clear,24.000000
16,1112,3448150343,254,Day 6 05:05,none,,7.479986,7.479986,completed,0.711667,0.222210,0.022779,0.258639,0.033333,0.163333,1.000000,0.000000,0.882800,10,1,1,1,0,0,0,1,1,1,1,1,0,0,0,1,1,0.228988,0.308443,0.191632,0.000000,0.000000,0.000000,0.000000,0.000000,0.141313,0.000000,0.000000,0.000000,0.000000,0.000000,0.000000,0.129624,go_to_bathroom,1,15,7520,door,none,,,0.000000,1.000000,0,none,,7.479986,7.479986,completed,0,5,clear,24.000000
16,1112,3448150343,255,Day 6 05:20,none,,7.479986,7.479986,completed,0.716667,0.228210,0.022779,0.352466,0.045833,0.000000,1.000000,0.000000,0.873800,10,1,1,1,0,0,0,1,1,1,1,1,0,0,0,1,1,0.267872,0.356694,0.224128,0.000000,0.000000,0.000000,0.000000,0.000000,0.000000,0.000000,0.000000,0.000000,0.000000,0.000000,0.000000,0.151307,shop_on_phone,0,0,7520,phone,resource_insufficient,,,0.000000,1.000000,0,none,,7.479986,7.479986,completed,0,5,clear,24.000000
16,1112,3448150343,256,Day 6 05:20,none,,7.479986,7.479986,completed,0.716667,0.228210,0.022779,0.322466,0.045833,0.000000,1.000000,0.000000,0.873800,10,1,1,1,0,0,0,1,1,1,1,1,0,0,0,1,1,0.267872,0.356694,0.224128,0.000000,0.000000,0.000000,0.000000,0.000000,0.000000,0.000000,0.000000,0.000000,0.000000,0.000000,0.000000,0.151307,use_phone,1,25,7545,phone,none,,,0.000000,1.000000,0,none,,7.479986,7.479986,completed,0,5,clear,24.000000
