personality_index,scenario_seed,action_seed,step,decision_time,pre_commitment_status,pre_commitment_task_id,pre_task_effort,pre_task_effort_target,pre_task_status,pre_boredom,pre_fatigue,pre_task_pressure,pre_satisfaction,pre_hunger,pre_bathroom_urge,pre_anxiety,pre_screen_strain,pre_purchase_urge,known_action_count,known_use_phone,known_shop_on_phone,known_use_computer,known_study_at_computer,known_study_focused,known_study_halfhearted,known_rest_at_bed,known_sleep_at_bed,known_go_to_bathroom,known_get_meal,known_turn_light_on,known_turn_light_off,known_turn_off_alarm,known_open_curtain,known_close_curtain,known_idle,p_use_phone,p_shop_on_phone,p_use_computer,p_study_at_computer,p_study_focused,p_study_halfhearted,p_rest_at_bed,p_sleep_at_bed,p_go_to_bathroom,p_get_meal,p_turn_light_on,p_turn_light_off,p_turn_off_alarm,p_open_curtain,p_close_curtain,p_idle,chosen_action,accepted,elapsed_minutes,simulation_total_minutes,target_object_id,failure_reason,event_ids,outcome_task_id,outcome_task_effort_gained,outcome_task_settlement_variation,outcome_task_session_interrupted,post_commitment_status,post_commitment_task_id,post_task_effort,post_task_effort_target,post_task_status,post_wallet,post_unread_messages,post_weather,post_temperature_celsius
2,1106,3448088703,1,Day 1 08:00,none,,0.000000,7.811698,active,0.550000,0.150000,0.550000,0.450000,0.250000,0.150000,0.200000,0.050000,0.100000,13,1,1,1,1,1,1,1,1,1,1,0,1,0,0,1,1,0.125427,0.089104,0.110234,0.102062,0.105099,0.110213,0.094144,0.000000,0.088088,0.093716,0.000000,0.000000,0.000000,0.000000,0.000000,0.081913,get_meal,1,35,515,door,none,,,0.000000,1.000000,0,none,,0.000000,7.811698,active,120,0,clear,23.000000
2,1106,3448088703,2,Day 1 08:35,none,,0.000000,7.811698,active,0.521667,0.164000,0.550000,0.558474,0.000000,0.173333,0.200000,0.015000,0.079000,13,1,1,1,1,1,1,1,1,1,1,0,1,0,0,1,1,0.152615,0.000000,0.134724,0.124733,0.129455,0.133881,0.114765,0.000000,0.109671,0.000000,0.000000,0.000000,0.000000,0.000000,0.000000,0.100156,study_halfhearted,1,35,550,desk,none,,coursework,0.228325,0.918998,0,active,coursework,0.228325,7.811698,active,120,0,clear,23.000000
2,1106,3448088703,3,Day 1 09:10,active,coursework,0.228325,7.811698,active,0.583333,0.258000,0.490497,0.566807,0.029167,0.196667,0.180000,0.000000,0.058000,13,1,1,1,1,1,1,1,1,1,1,0,1,0,0,1,1,0.149542,0.000000,0.131988,0.126772,0.131650,0.141901,0.115060,0.000000,0.106603,0.000000,0.000000,0.000000,0.000000,0.000000,0.000000,0.096484,study_at_computer,1,35,585,computer,none,message-study-group,coursework,0.630413,0.912926,0,active,coursework,0.858738,7.811698,active,120,1,clear,23.000000
2,1106,3448088703,4,Day 1 09:45,active,coursework,0.858738,7.811698,active,0.615000,0.383174,0.438431,0.635140,0.058333,0.220000,0.180000,0.045000,0.037000,13,1,1,1,1,1,1,1,1,1,1,0,1,0,0,1,1,0.134973,0.000000,0.120006,0.109103,0.113862,0.126323,0.113607,0.000000,0.098333,0.000000,0.000000,0.095810,0.000000,0.000000,0.000000,0.087983,go_to_bathroom,1,15,600,door,none,,,0.000000,1.000000,0,suspended,coursework,0.858738,7.811698,active,120,1,clear,23.000000
2,1106,3448088703,5,Day 1 10:00,suspended,coursework,0.858738,7.811698,active,0.620000,0.389174,0.438431,0.710281,0.070833,0.000000,0.180000,0.030000,0.028000,13,1,1,1,1,1,1,1,1,1,1,0,1,0,0,1,1,0.150217,0.000000,0.133513,0.120679,0.126629,0.139988,0.125526,0.000000,0.000000,0.000000,0.000000,0.105987,0.000000,0.000000,0.000000,0.097460,study_focused,1,35,635,desk,none,,coursework,0.425158,1.026747,0,active,coursework,1.283897,7.811698,active,120,1,clear,23.000000
2,1106,3448088703,6,Day 1 10:35,active,coursework,1.283897,7.811698,active,0.651667,0.513174,0.326863,0.778614,0.100000,0.023333,0.130000,0.000000,0.007000,13,1,1,1,1,1,1,1,1,1,1,0,1,0,0,1,1,0.134737,0.000000,0.120494,0.097350,0.102655,0.119044,0.118285,0.123846,0.000000,0.000000,0.000000,0.096477,0.000000,0.000000,0.000000,0.087111,idle,1,10,645,,none,,,0.000000,1.000000,0,active,coursework,1.283897,7.811698,active,120,1,clear,23.000000
2,1106,3448088703,7,Day 1 10:45,active,coursework,1.283897,7.811698,active,0.775000,0.517174,0.450095,0.725281,0.108333,0.030000,0.149933,0.000000,0.001000,13,1,1,1,1,1,1,1,1,1,1,0,1,0,0,1,1,0.137472,0.000000,0.121004,0.101060,0.106157,0.123387,0.114018,0.119675,0.000000,0.000000,0.000000,0.093019,0.000000,0.000000,0.000000,0.084207,rest_at_bed,1,60,705,bed,none,weather-rain,,0.000000,1.000000,0,suspended,coursework,1.283897,7.811698,active,120,1,rain,23.000000
2,1106,3448088703,8,Day 1 11:45,suspended,coursework,1.283897,7.811698,active,0.865000,0.262047,0.523326,0.755281,0.158333,0.070000,0.169866,0.000000,0.000000,13,1,1,1,1,1,1,1,1,1,1,0,1,0,0,1,1,0.162225,0.000000,0.138026,0.122617,0.129081,0.146552,0.109714,0.000000,0.000000,0.098299,0.000000,0.000000,0.000000,0.000000,0.000000,0.093485,use_computer,1,30,735,computer,none,,,0.000000,1.000000,0,suspended,coursework,1.283897,7.811698,active,120,1,rain,23.000000
2,1106,3448088703,9,Day 1 12:15,suspended,coursework,1.283897,7.811698,active,0.715000,0.376135,0.616558,0.745281,0.183333,0.090000,0.189799,0.080000,0.000000,13,1,1,1,1,1,1,1,1,1,1,0,1,0,0,1,1,0.134077,0.000000,0.117641,0.115983,0.122009,0.134167,0.109315,0.000000,0.000000,0.091068,0.000000,0.091808,0.000000,0.000000,0.000000,0.083932,study_focused,1,35,770,desk,none,,coursework,0.425614,1.027847,0,active,coursework,1.709510,7.811698,active,120,1,rain,23.000000
2,1106,3448088703,10,Day 1 12:50,active,coursework,1.709510,7.811698,active,0.746667,0.500135,0.504990,0.813614,0.212500,0.113333,0.142276,0.045000,0.000000,13,1,1,1,1,1,1,1,1,1,1,0,1,0,0,1,1,0.122570,0.000000,0.108200,0.095289,0.100736,0.113690,0.104665,0.109576,0.000000,0.083882,0.000000,0.085013,0.000000,0.000000,0.000000,0.076378,idle,1,10,780,,none,,,0.000000,1.000000,0,active,coursework,1.709510,7.811698,active,120,1,rain,23.000000
2,1106,3448088703,11,Day 1 13:00,active,coursework,1.709510,7.811698,active,0.870000,0.504135,0.628222,0.760281,0.220833,0.120000,0.162209,0.035000,0.000000,13,1,1,1,1,1,1,1,1,1,1,0,1,0,0,1,1,0.125578,0.000000,0.109095,0.099116,0.104379,0.118072,0.100725,0.105657,0.000000,0.081404,0.000000,0.081996,0.000000,0.000000,0.000000,0.073979,study_halfhearted,1,35,815,desk,none,,coursework,0.225268,0.906696,0,active,coursework,1.934779,7.811698,active,120,1,rain,23.000000
2,1106,3448088703,12,Day 1 13:35,active,coursework,1.934779,7.811698,active,0.931667,0.598135,0.568718,0.768614,0.250000,0.143333,0.145120,0.000000,0.000000,13,1,1,1,1,1,1,1,1,1,1,0,1,0,0,1,1,0.118926,0.000000,0.103268,0.086395,0.091037,0.107307,0.096457,0.103377,0.071474,0.076390,0.000000,0.076790,0.000000,0.000000,0.000000,0.068580,use_phone,1,25,840,phone,none,,,0.000000,1.000000,0,active,coursework,1.934779,7.811698,active,120,1,rain,23.000000
2,1106,3448088703,13,Day 1 14:00,active,coursework,1.934779,7.811698,active,0.720000,0.690614,0.681950,0.800281,0.270833,0.160000,0.165550,0.095000,0.085000,13,1,1,1,1,1,1,1,1,1,1,0,1,0,0,1,1,0.096819,0.067047,0.087259,0.084294,0.089027,0.096866,0.096967,0.107178,0.066894,0.071659,0.000000,0.073803,0.000000,0.000000,0.000000,0.062186,turn_light_off,1,1,841,light,none,,,0.000000,1.000000,0,active,coursework,1.934779,7.811698,active,120,1,rain,23.000000
2,1106,3448088703,14,Day 1 14:01,active,coursework,1.934779,7.811698,active,0.720333,0.691014,0.681950,0.819947,0.271667,0.160667,0.165691,0.094000,0.084400,10,1,1,1,0,0,0,1,1,1,1,1,0,0,0,1,1,0.132435,0.091644,0.119356,0.000000,0.000000,0.000000,0.132573,0.146542,0.091513,0.098041,0.102861,0.000000,0.000000,0.000000,0.000000,0.085035,rest_at_bed,1,60,901,bed,none,,,0.000000,1.000000,0,suspended,coursework,1.934779,7.811698,active,120,1,rain,23.000000
2,1106,3448088703,15,Day 1 15:01,suspended,coursework,1.934779,7.811698,active,0.780333,0.435887,0.755182,0.849947,0.321667,0.200667,0.194040,0.000000,0.048400,10,1,1,1,0,0,0,1,1,1,1,1,0,0,0,1,1,0.186098,0.000000,0.162541,0.000000,0.000000,0.000000,0.145828,0.000000,0.123159,0.132675,0.138231,0.000000,0.000000,0.000000,0.000000,0.111469,turn_light_on,1,1,902,light,none,,,0.000000,1.000000,0,suspended,coursework,1.934779,7.811698,active,120,1,rain,23.000000
2,1106,3448088703,16,Day 1 15:02,suspended,coursework,1.934779,7.811698,active,0.780667,0.436287,0.755182,0.869614,0.322500,0.201333,0.194259,0.000000,0.047800,13,1,1,1,1,1,1,1,1,1,1,0,1,0,0,1,1,0.122876,0.000000,0.107320,0.109378,0.116099,0.124721,0.096294,0.000000,0.081346,0.087639,0.000000,0.080734,0.000000,0.000000,0.000000,0.073593,study_focused,1,35,937,desk,none,,coursework,0.426200,1.029262,0,active,coursework,2.360978,7.811698,active,120,1,rain,23.000000
2,1106,3448088703,17,Day 1 15:37,active,coursework,2.360978,7.811698,active,0.812333,0.560287,0.643613,0.937947,0.351667,0.224667,0.151893,0.000000,0.026800,13,1,1,1,1,1,1,1,1,1,1,0,1,0,0,1,1,0.112485,0.000000,0.098894,0.090740,0.096792,0.106682,0.094177,0.099987,0.075359,0.081451,0.000000,0.075862,0.000000,0.000000,0.000000,0.067572,go_to_bathroom,1,15,952,door,none,,,0.000000,1.000000,0,suspended,coursework,2.360978,7.811698,active,120,1,rain,23.000000
2,1106,3448088703,18,Day 1 15:52,suspended,coursework,2.360978,7.811698,active,0.817333,0.566287,0.643613,1.000000,0.364167,0.000000,0.153386,0.000000,0.017800,13,1,1,1,1,1,1,1,1,1,1,0,1,0,0,1,1,0.121569,0.000000,0.106866,0.097803,0.104796,0.115190,0.101916,0.108385,0.000000,0.088595,0.000000,0.081959,0.000000,0.000000,0.000000,0.072922,turn_light_off,1,1,953,light,none,,,0.000000,1.000000,0,suspended,coursework,2.360978,7.811698,active,120,1,rain,23.000000
2,1106,3448088703,19,Day 1 15:53,suspended,coursework,2.360978,7.811698,active,0.817667,0.566687,0.643613,1.000000,0.365000,0.000667,0.153485,0.000000,0.017200,10,1,1,1,0,0,0,1,1,1,1,1,0,0,0,1,1,0.177063,0.000000,0.155647,0.000000,0.000000,0.000000,0.148452,0.157893,0.000000,0.129093,0.125654,0.000000,0.000000,0.000000,0.000000,0.106199,idle,1,10,963,,none,,,0.000000,1.000000,0,suspended,coursework,2.360978,7.811698,active,120,1,rain,23.000000
2,1106,3448088703,20,Day 1 16:03,suspended,coursework,2.360978,7.811698,active,0.941000,0.570687,0.766845,0.946667,0.373333,0.007333,0.174414,0.000000,0.011200,10,1,1,1,0,0,0,1,1,1,1,1,0,0,0,1,1,0.183130,0.000000,0.158446,0.000000,0.000000,0.000000,0.145045,0.154664,0.000000,0.126742,0.127908,0.000000,0.000000,0.000000,0.000000,0.104065,get_meal,1,35,998,door,none,room-temperature-shift|task-deadline,,0.000000,1.000000,0,suspended,coursework,2.360978,7.811698,active,120,1,rain,24.000000
2,1106,3448088703,21,Day 1 16:38,suspended,coursework,2.360978,7.811698,active,0.912667,0.584687,0.766845,1.000000,0.000000,0.030667,0.182482,0.000000,0.000000,10,1,1,1,0,0,0,1,1,1,1,1,0,0,0,1,1,0.207045,0.000000,0.180024,0.000000,0.000000,0.000000,0.167554,0.179426,0.000000,0.000000,0.146821,0.000000,0.000000,0.000000,0.000000,0.119131,sleep_at_bed,1,480,1478,bed,none,task-reminder|evening,,0.000000,1.000000,0,suspended,coursework,2.360978,7.811698,active,120,1,rain,24.000000
2,1106,3448088703,22,Day 2 00:38,suspended,coursework,2.360978,7.811698,active,0.992667,0.250264,1.000000,0.920000,0.400000,0.350667,0.404962,0.000000,0.000000,10,1,1,1,0,0,0,1,1,1,1,1,0,0,0,1,1,0.198261,0.000000,0.165708,0.000000,0.000000,0.000000,0.123241,0.000000,0.129542,0.132569,0.144409,0.000000,0.000000,0.000000,0.000000,0.106271,use_phone,1,25,1503,phone,none,,,0.000000,1.000000,0,suspended,coursework,2.360978,7.811698,active,120,1,rain,24.000000
2,1106,3448088703,23,Day 2 01:03,suspended,coursework,2.360978,7.811698,active,0.781000,0.342743,1.000000,0.951667,0.420833,0.367333,0.436855,0.095000,0.085000,10,1,1,1,0,0,0,1,1,1,1,1,0,0,0,1,1,0.160235,0.104927,0.139005,0.000000,0.000000,0.000000,0.122892,0.000000,0.120362,0.123458,0.132985,0.000000,0.000000,0.000000,0.000000,0.096135,get_meal,1,35,1538,door,none,,,0.000000,1.000000,0,suspended,coursework,2.360978,7.811698,active,120,1,rain,24.000000
2,1106,3448088703,24,Day 2 01:38,suspended,coursework,2.360978,7.811698,active,0.752667,0.356743,1.000000,1.000000,0.000000,0.390667,0.453599,0.060000,0.064000,10,1,1,1,0,0,0,1,1,1,1,1,0,0,0,1,1,0.206307,0.000000,0.179767,0.000000,0.000000,0.000000,0.158332,0.000000,0.158568,0.000000,0.172642,0.000000,0.000000,0.000000,0.000000,0.124383,use_phone,1,25,1563,phone,none,,,0.000000,1.000000,0,suspended,coursework,2.360978,7.811698,active,120,1,rain,24.000000
2,1106,3448088703,25,Day 2 02:03,suspended,coursework,2.360978,7.811698,active,0.541000,0.449221,1.000000,1.000000,0.020833,0.407333,0.485492,0.155000,0.149000,10,1,1,1,0,0,0,1,1,1,1,1,0,0,0,1,1,0.139933,0.108350,0.126555,0.000000,0.000000,0.000000,0.132502,0.141157,0.123646,0.000000,0.133426,0.000000,0.000000,0.000000,0.000000,0.094430,rest_at_bed,1,60,1623,bed,none,,,0.000000,1.000000,0,suspended,coursework,2.360978,7.811698,active,120,1,rain,24.000000
2,1106,3448088703,26,Day 2 03:03,suspended,coursework,2.360978,7.811698,active,0.601000,0.194095,1.000000,1.000000,0.070833,0.447333,0.534129,0.000000,0.113000,10,1,1,1,0,0,0,1,1,1,1,1,0,0,0,1,1,0.177767,0.123830,0.155671,0.000000,0.000000,0.000000,0.127015,0.000000,0.148461,0.000000,0.156466,0.000000,0.000000,0.000000,0.000000,0.110789,use_phone,1,25,1648,phone,none,,,0.000000,1.000000,0,suspended,coursework,2.360978,7.811698,active,120,1,rain,24.000000
2,1106,3448088703,27,Day 2 03:28,suspended,coursework,2.360978,7.811698,active,0.389333,0.286573,1.000000,1.000000,0.091667,0.464000,0.566022,0.095000,0.198000,10,1,1,1,0,0,0,1,1,1,1,1,0,0,0,1,1,0.159185,0.132275,0.144685,0.000000,0.000000,0.000000,0.140331,0.000000,0.152834,0.000000,0.159646,0.000000,0.000000,0.000000,0.000000,0.111043,go_to_bathroom,1,15,1663,door,none,,,0.000000,1.000000,0,suspended,coursework,2.360978,7.811698,active,120,1,rain,24.000000
2,1106,3448088703,28,Day 2 03:43,suspended,coursework,2.360978,7.811698,active,0.394333,0.292573,1.000000,1.000000,0.104167,0.000000,0.573198,0.080000,0.189000,10,1,1,1,0,0,0,1,1,1,1,1,0,0,0,1,1,0.188756,0.155128,0.171501,0.000000,0.000000,0.000000,0.165113,0.000000,0.000000,0.000000,0.188451,0.000000,0.000000,0.000000,0.000000,0.131052,idle,1,10,1673,,none,,,0.000000,1.000000,0,suspended,coursework,2.360978,7.811698,active,120,1,rain,24.000000
2,1106,3448088703,29,Day 2 03:53,suspended,coursework,2.360978,7.811698,active,0.517667,0.296573,1.000000,0.946667,0.112500,0.006667,0.597915,0.070000,0.183000,10,1,1,1,0,0,0,1,1,1,1,1,0,0,0,1,1,0.196339,0.152259,0.175557,0.000000,0.000000,0.000000,0.161266,0.000000,0.000000,0.000000,0.185019,0.000000,0.000000,0.000000,0.000000,0.129561,use_phone,1,25,1698,phone,none,,,0.000000,1.000000,0,suspended,coursework,2.360978,7.811698,active,120,1,rain,24.000000
2,1106,3448088703,30,Day 2 04:18,suspended,coursework,2.360978,7.811698,active,0.306000,0.389052,1.000000,0.978333,0.133333,0.023333,0.629808,0.165000,0.268000,10,1,1,1,0,0,0,1,1,1,1,1,0,0,0,1,1,0.176091,0.162898,0.163422,0.000000,0.000000,0.000000,0.178452,0.000000,0.000000,0.000000,0.189075,0.000000,0.000000,0.000000,0.000000,0.130063,shop_on_phone,1,20,1718,phone,none,,,0.000000,1.000000,0,suspended,coursework,2.360978,7.811698,active,90,1,rain,24.000000
2,1106,3448088703,31,Day 2 04:38,suspended,coursework,2.360978,7.811698,active,0.312667,0.398618,1.000000,1.000000,0.150000,0.036667,0.659309,0.225000,0.000000,10,1,1,1,0,0,0,1,1,1,1,1,0,0,0,1,1,0.147812,0.000000,0.137290,0.000000,0.000000,0.000000,0.155195,0.165845,0.000000,0.122660,0.160795,0.000000,0.000000,0.000000,0.000000,0.110403,idle,1,10,1728,,none,,,0.000000,1.000000,0,suspended,coursework,2.360978,7.811698,active,90,1,rain,24.000000
2,1106,3448088703,32,Day 2 04:48,suspended,coursework,2.360978,7.811698,active,0.436000,0.402618,1.000000,0.946667,0.158333,0.043333,0.684026,0.215000,0.000000,10,1,1,1,0,0,0,1,1,1,1,1,0,0,0,1,1,0.154354,0.000000,0.141090,0.000000,0.000000,0.000000,0.152175,0.162990,0.000000,0.121328,0.158487,0.000000,0.000000,0.000000,0.000000,0.109577,sleep_at_bed,1,480,2208,bed,none,alarm-rings|weather-rain,,0.000000,1.000000,0,suspended,coursework,2.360978,7.811698,active,90,1,rain,24.000000
2,1106,3448088703,33,Day 2 12:48,suspended,coursework,2.360978,7.811698,active,0.546000,0.068195,1.000000,0.866667,0.558333,0.363333,0.969536,0.000000,0.000000,11,1,1,1,0,0,0,1,1,1,1,1,0,1,0,1,1,0.163004,0.000000,0.142219,0.000000,0.000000,0.000000,0.000000,0.000000,0.130431,0.146894,0.150754,0.000000,0.163992,0.000000,0.000000,0.102706,get_meal,1,35,2243,door,none,message-study-group|task-reminder,,0.000000,1.000000,0,suspended,coursework,2.360978,7.811698,active,90,2,rain,24.000000
2,1106,3448088703,34,Day 2 13:23,suspended,coursework,2.360978,7.811698,active,0.517667,0.082195,1.000000,0.975140,0.037500,0.386667,1.000000,0.000000,0.000000,11,1,1,1,0,0,0,1,1,1,1,1,0,1,0,1,1,0.188437,0.000000,0.165222,0.000000,0.000000,0.000000,0.000000,0.000000,0.155458,0.000000,0.177252,0.000000,0.193412,0.000000,0.000000,0.120220,turn_off_alarm,1,1,2244,alarm,none,,,0.000000,1.000000,0,suspended,coursework,2.360978,7.811698,active,90,2,rain,24.000000
2,1106,3448088703,35,Day 2 13:24,suspended,coursework,2.360978,7.811698,active,0.518000,0.082595,1.000000,1.000000,0.038333,0.387333,0.980478,0.000000,0.000000,10,1,1,1,0,0,0,1,1,1,1,1,0,0,0,1,1,0.233696,0.000000,0.204904,0.000000,0.000000,0.000000,0.000000,0.000000,0.192861,0.000000,0.219458,0.000000,0.000000,0.000000,0.000000,0.149080,use_phone,1,25,2269,phone,none,,,0.000000,1.000000,0,suspended,coursework,2.360978,7.811698,active,90,2,rain,24.000000
2,1106,3448088703,36,Day 2 13:49,suspended,coursework,2.360978,7.811698,active,0.306333,0.175074,1.000000,1.000000,0.059167,0.404000,1.000000,0.095000,0.085000,10,1,1,1,0,0,0,1,1,1,1,1,0,0,0,1,1,0.182816,0.000000,0.166371,0.000000,0.000000,0.000000,0.151407,0.000000,0.173447,0.000000,0.195423,0.000000,0.000000,0.000000,0.000000,0.130536,use_computer,1,30,2299,computer,none,,,0.000000,1.000000,0,suspended,coursework,2.360978,7.811698,active,90,2,rain,24.000000
2,1106,3448088703,37,Day 2 14:19,suspended,coursework,2.360978,7.811698,active,0.156333,0.289161,1.000000,0.990000,0.084167,0.424000,1.000000,0.175000,0.067000,10,1,1,1,0,0,0,1,1,1,1,1,0,0,0,1,1,0.167890,0.000000,0.157561,0.000000,0.000000,0.000000,0.167865,0.000000,0.178055,0.000000,0.197878,0.000000,0.000000,0.000000,0.000000,0.130751,use_phone,1,25,2324,phone,none,,,0.000000,1.000000,0,suspended,coursework,2.360978,7.811698,active,90,2,rain,24.000000
2,1106,3448088703,38,Day 2 14:44,suspended,coursework,2.360978,7.811698,active,0.000000,0.381640,1.000000,1.000000,0.105000,0.440667,1.000000,0.270000,0.152000,10,1,1,1,0,0,0,1,1,1,1,1,0,0,0,1,1,0.113269,0.112586,0.109532,0.000000,0.000000,0.000000,0.136463,0.149161,0.134560,0.000000,0.147839,0.000000,0.000000,0.000000,0.000000,0.096590,sleep_at_bed,1,480,2804,bed,none,room-temperature-shift|evening,,0.000000,1.000000,0,suspended,coursework,2.360978,7.811698,active,90,2,rain,24.000000
2,1106,3448088703,39,Day 2 22:44,suspended,coursework,2.360978,7.811698,active,0.080000,0.047217,1.000000,0.920000,0.505000,0.760667,1.000000,0.000000,0.000000,10,1,1,1,0,0,0,1,1,1,1,1,0,0,0,1,1,0.160737,0.000000,0.148830,0.000000,0.000000,0.000000,0.000000,0.000000,0.209917,0.173731,0.185130,0.000000,0.000000,0.000000,0.000000,0.121655,go_to_bathroom,1,15,2819,door,none,,,0.000000,1.000000,0,suspended,coursework,2.360978,7.811698,active,90,2,rain,24.000000
2,1106,3448088703,40,Day 2 22:59,suspended,coursework,2.360978,7.811698,active,0.085000,0.053217,1.000000,0.995140,0.517500,0.150667,1.000000,0.000000,0.000000,10,1,1,1,0,0,0,1,1,1,1,1,0,0,0,1,1,0.173117,0.000000,0.160272,0.000000,0.000000,0.000000,0.000000,0.000000,0.148436,0.188317,0.199025,0.000000,0.000000,0.000000,0.000000,0.130833,use_phone,1,25,2844,phone,none,,,0.000000,1.000000,0,suspended,coursework,2.360978,7.811698,active,90,2,rain,24.000000
2,1106,3448088703,41,Day 2 23:24,suspended,coursework,2.360978,7.811698,active,0.000000,0.145696,1.000000,1.000000,0.538333,0.167333,1.000000,0.095000,0.085000,10,1,1,1,0,0,0,1,1,1,1,1,0,0,0,1,1,0.142262,0.000000,0.134442,0.000000,0.000000,0.000000,0.133557,0.000000,0.132133,0.168021,0.175150,0.000000,0.000000,0.000000,0.000000,0.114434,use_computer,1,30,2874,computer,none,,,0.000000,1.000000,0,suspended,coursework,2.360978,7.811698,active,90,2,rain,24.000000
2,1106,3448088703,42,Day 2 23:54,suspended,coursework,2.360978,7.811698,active,0.000000,0.259783,1.000000,0.990000,0.563333,0.187333,1.000000,0.175000,0.067000,10,1,1,1,0,0,0,1,1,1,1,1,0,0,0,1,1,0.136890,0.000000,0.130803,0.000000,0.000000,0.000000,0.144601,0.000000,0.132461,0.168903,0.173189,0.000000,0.000000,0.000000,0.000000,0.113153,turn_light_on,1,1,2875,light,none,,,0.000000,1.000000,0,suspended,coursework,2.360978,7.811698,active,90,2,rain,24.000000
2,1106,3448088703,43,Day 2 23:55,suspended,coursework,2.360978,7.811698,active,0.000333,0.260183,1.000000,1.000000,0.564167,0.188000,1.000000,0.174000,0.066400,13,1,1,1,1,1,1,1,1,1,1,0,1,0,0,1,1,0.082679,0.000000,0.079001,0.145492,0.155894,0.199269,0.087294,0.000000,0.080014,0.102036,0.000000,0.000000,0.000000,0.000000,0.000000,0.068321,study_at_computer,1,35,2910,computer,none,,coursework,0.688069,0.996419,0,active,coursework,3.049047,7.811698,active,90,2,rain,24.000000
2,1106,3448088703,44,Day 3 00:30,active,coursework,3.049047,7.811698,active,0.032000,0.385358,0.888431,1.000000,0.593333,0.211333,0.966744,0.219000,0.045400,13,1,1,1,1,1,1,1,1,1,1,0,1,0,0,1,1,0.084019,0.000000,0.080872,0.135462,0.145146,0.113659,0.097277,0.000000,0.083098,0.106312,0.000000,0.083830,0.000000,0.000000,0.000000,0.070326,use_phone,1,25,2935,phone,none,,,0.000000,1.000000,0,active,coursework,3.049047,7.811698,active,90,2,rain,24.000000
2,1106,3448088703,45,Day 3 00:55,active,coursework,3.049047,7.811698,active,0.000000,0.477836,1.000000,1.000000,0.614167,0.228000,0.995672,0.314000,0.130400,13,1,1,1,1,1,1,1,1,1,1,0,1,0,0,1,1,0.065697,0.065500,0.064102,0.116703,0.125047,0.094918,0.086274,0.096908,0.068656,0.088037,0.000000,0.071124,0.000000,0.000000,0.000000,0.057033,study_focused,1,35,2970,desk,none,,coursework,0.412683,0.996618,0,active,coursework,3.461729,7.811698,active,90,2,rain,24.000000
2,1106,3448088703,46,Day 3 01:30,active,coursework,3.461729,7.811698,active,0.031667,0.601836,0.888431,1.000000,0.643333,0.251333,0.962416,0.279000,0.109400,13,1,1,1,1,1,1,1,1,1,1,0,1,0,0,1,1,0.071492,0.000000,0.070181,0.114370,0.122546,0.097952,0.098229,0.113489,0.075036,0.096528,0.000000,0.078397,0.000000,0.000000,0.000000,0.061780,study_halfhearted,1,35,3005,desk,none,,coursework,0.257273,1.035512,0,active,coursework,3.719002,7.811698,active,90,2,rain,24.000000
2,1106,3448088703,47,Day 3 02:05,active,coursework,3.719002,7.811698,active,0.093333,0.695836,0.828928,1.000000,0.672500,0.274667,0.955008,0.244000,0.088400,13,1,1,1,1,1,1,1,1,1,1,0,1,0,0,1,1,0.068257,0.000000,0.066975,0.100643,0.107839,0.089817,0.094767,0.111946,0.070760,0.091321,0.000000,0.074019,0.000000,0.000000,0.065919,0.057738,go_to_bathroom,1,15,3020,door,none,,,0.000000,1.000000,0,suspended,coursework,3.719002,7.811698,active,90,2,rain,24.000000
2,1106,3448088703,48,Day 3 02:20,suspended,coursework,3.719002,7.811698,active,0.098333,0.701836,0.828928,1.000000,0.685000,0.000000,0.959456,0.229000,0.079400,13,1,1,1,1,1,1,1,1,1,1,0,1,0,0,1,1,0.076428,0.000000,0.074966,0.099838,0.106976,0.089239,0.105312,0.124537,0.000000,0.102578,0.000000,0.082380,0.000000,0.000000,0.073401,0.064346,use_computer,1,30,3050,computer,none,,,0.000000,1.000000,0,suspended,coursework,3.719002,7.811698,active,90,2,rain,24.000000
2,1106,3448088703,49,Day 3 02:50,suspended,coursework,3.719002,7.811698,active,0.000000,0.815924,0.922160,0.990000,0.710000,0.020000,0.988285,0.309000,0.061400,13,1,1,1,1,1,1,1,1,1,1,0,1,0,0,1,1,0.068754,0.000000,0.069074,0.100454,0.107558,0.088027,0.111400,0.136605,0.000000,0.100957,0.000000,0.083074,0.000000,0.000000,0.072492,0.061603,sleep_at_bed,1,480,3530,bed,none,alarm-rings,,0.000000,1.000000,0,suspended,coursework,3.719002,7.811698,active,90,2,rain,24.000000
2,1106,3448088703,50,Day 3 10:50,suspended,coursework,3.719002,7.811698,active,0.110000,0.481501,1.000000,0.910000,1.000000,0.340000,1.000000,0.000000,0.000000,14,1,1,1,1,1,1,1,1,1,1,0,1,1,0,1,1,0.079117,0.000000,0.075767,0.111109,0.118281,0.097116,0.082458,0.000000,0.079244,0.121369,0.000000,0.072296,0.101801,0.000000,0.000000,0.061441,use_phone,1,25,3555,phone,none,message-study-group|task-reminder,,0.000000,1.000000,0,suspended,coursework,3.719002,7.811698,active,90,3,rain,24.000000
2,1106,3448088703,51,Day 3 11:15,suspended,coursework,3.719002,7.811698,active,0.000000,0.573980,1.000000,0.941667,1.000000,0.356667,1.000000,0.095000,0.085000,14,1,1,1,1,1,1,1,1,1,1,0,1,1,0,1,1,0.066534,0.000000,0.065255,0.099569,0.106239,0.087181,0.081756,0.093093,0.073040,0.110595,0.000000,0.068429,0.092764,0.000000,0.000000,0.055544,get_meal,1,35,3590,door,none,,,0.000000,1.000000,0,suspended,coursework,3.719002,7.811698,active,90,3,rain,24.000000
2,1106,3448088703,52,Day 3 11:50,suspended,coursework,3.719002,7.811698,active,0.000000,0.587980,1.000000,1.000000,0.479167,0.380000,1.000000,0.060000,0.064000,14,1,1,1,1,1,1,1,1,1,1,0,1,1,0,1,1,0.066502,0.000000,0.065270,0.110726,0.118642,0.099204,0.080789,0.092154,0.073714,0.077896,0.000000,0.067808,0.092131,0.000000,0.000000,0.055165,study_halfhearted,1,35,3625,desk,none,,coursework,0.252636,1.016848,0,active,coursework,3.971638,7.811698,active,90,3,rain,24.000000
2,1106,3448088703,53,Day 3 12:25,active,coursework,3.971638,7.811698,active,0.061667,0.681980,0.940497,1.000000,0.508333,0.403333,0.996744,0.025000,0.043000,14,1,1,1,1,1,1,1,1,1,1,0,1,1,0,1,1,0.068698,0.000000,0.067394,0.105488,0.113029,0.090279,0.084306,0.098353,0.075212,0.079735,0.000000,0.069269,0.092455,0.000000,0.000000,0.055782,study_at_computer,1,35,3660,computer,none,,coursework,0.715068,1.035518,0,active,coursework,4.686706,7.811698,active,90,3,rain,24.000000
2,1106,3448088703,54,Day 3 13:00,active,coursework,4.686706,7.811698,active,0.093333,0.807154,0.828928,1.000000,0.537500,0.426667,0.961274,0.070000,0.022000,14,1,1,1,1,1,1,1,1,1,1,0,1,1,0,1,1,0.064079,0.000000,0.063326,0.090122,0.096565,0.081239,0.086247,0.103957,0.071698,0.076255,0.000000,0.067489,0.086180,0.000000,0.060138,0.052704,study_halfhearted,1,35,3695,desk,none,,coursework,0.233737,0.940783,0,active,coursework,4.920443,7.811698,active,90,3,rain,24.000000
2,1106,3448088703,55,Day 3 13:35,active,coursework,4.920443,7.811698,active,0.155000,0.901154,0.769425,1.000000,0.566667,0.450000,0.951652,0.035000,0.001000,14,1,1,1,1,1,1,1,1,1,1,0,1,1,0,1,1,0.065437,0.000000,0.064638,0.084798,0.090860,0.079662,0.089013,0.109680,0.072318,0.077162,0.000000,0.068154,0.085395,0.000000,0.060199,0.052684,get_meal,1,35,3730,door,none,weather-rain,,0.000000,1.000000,0,suspended,coursework,4.920443,7.811698,active,90,3,rain,24.000000
2,1106,3448088703,56,Day 3 14:10,suspended,coursework,4.920443,7.811698,active,0.126667,0.915154,0.769425,1.000000,0.045833,0.473333,0.959817,0.000000,0.000000,14,1,1,1,1,1,1,1,1,1,1,0,1,1,0,1,1,0.072716,0.000000,0.072146,0.084415,0.090450,0.078782,0.099041,0.122325,0.082228,0.000000,0.000000,0.076088,0.095694,0.000000,0.067285,0.058831,rest_at_bed,1,60,3790,bed,none,,,0.000000,1.000000,0,suspended,coursework,4.920443,7.811698,active,90,3,rain,24.000000
2,1106,3448088703,57,Day 3 15:10,suspended,coursework,4.920443,7.811698,active,0.186667,0.660027,0.842657,1.000000,0.095833,0.513333,0.993746,0.000000,0.000000,14,1,1,1,1,1,1,1,1,1,1,0,1,1,0,1,1,0.082669,0.000000,0.079598,0.100276,0.107445,0.092808,0.093024,0.107733,0.091374,0.000000,0.000000,0.077300,0.104094,0.000000,0.000000,0.063678,study_at_computer,1,35,3825,computer,none,,coursework,0.694761,1.006110,0,active,coursework,5.615204,7.811698,active,90,3,rain,24.000000
2,1106,3448088703,58,Day 3 15:45,active,coursework,5.615204,7.811698,active,0.218333,0.785201,0.731088,1.000000,0.125000,0.536667,0.954635,0.045000,0.000000,14,1,1,1,1,1,1,1,1,1,1,0,1,1,0,1,1,0.079387,0.000000,0.077000,0.098953,0.106027,0.094418,0.098001,0.117232,0.089677,0.000000,0.000000,0.077536,0.099828,0.000000,0.000000,0.061940,study_focused,1,35,3860,desk,none,,coursework,0.403085,0.973441,0,active,coursework,6.018289,7.811698,active,90,3,rain,24.000000
2,1106,3448088703,59,Day 3 16:20,active,coursework,6.018289,7.811698,active,0.250000,0.909201,0.619520,1.000000,0.154167,0.560000,0.911374,0.010000,0.000000,14,1,1,1,1,1,1,1,1,1,1,0,1,1,0,1,1,0.070572,0.000000,0.068868,0.079104,0.084760,0.079533,0.091216,0.112154,0.080064,0.060338,0.000000,0.069818,0.087028,0.000000,0.061734,0.054811,study_focused,1,35,3895,desk,none,room-temperature-shift,coursework,0.378072,0.913034,0,active,coursework,6.396361,7.811698,active,90,3,rain,24.000000
2,1106,3448088703,60,Day 3 16:55,active,coursework,6.396361,7.811698,active,0.281667,1.000000,0.507951,1.000000,0.183333,0.583333,0.863960,0.000000,0.000000,14,1,1,1,1,1,1,1,1,1,1,0,1,1,0,1,1,0.071134,0.000000,0.069664,0.072274,0.077441,0.076350,0.095680,0.119995,0.081257,0.061434,0.000000,0.071177,0.086180,0.000000,0.062280,0.055135,rest_at_bed,1,60,3955,bed,none,,,0.000000,1.000000,0,suspended,coursework,6.396361,7.811698,active,90,3,rain,24.000000
2,1106,3448088703,61,Day 3 17:55,suspended,coursework,6.396361,7.811698,active,0.341667,0.744873,0.581183,1.000000,0.233333,0.623333,0.883893,0.000000,0.000000,14,1,1,1,1,1,1,1,1,1,1,0,1,1,0,1,1,0.083010,0.000000,0.078891,0.078347,0.083948,0.080392,0.092337,0.108475,0.092684,0.070461,0.000000,0.074222,0.095979,0.000000,0.000000,0.061255,turn_light_off,1,1,3956,light,none,,,0.000000,1.000000,0,suspended,coursework,6.396361,7.811698,active,90,3,rain,24.000000
2,1106,3448088703,62,Day 3 17:56,suspended,coursework,6.396361,7.811698,active,0.342000,0.745273,0.581183,1.000000,0.234167,0.624000,0.883927,0.000000,0.000000,11,1,1,1,0,0,0,1,1,1,1,1,0,1,0,1,1,0.109102,0.000000,0.103688,0.000000,0.000000,0.000000,0.121372,0.142600,0.121858,0.092649,0.102097,0.000000,0.126134,0.000000,0.000000,0.080501,turn_light_on,1,1,3957,light,none,,,0.000000,1.000000,0,suspended,coursework,6.396361,7.811698,active,90,3,rain,24.000000
2,1106,3448088703,63,Day 3 17:57,suspended,coursework,6.396361,7.811698,active,0.342333,0.745673,0.581183,1.000000,0.235000,0.624667,0.883960,0.000000,0.000000,14,1,1,1,1,1,1,1,1,1,1,0,1,1,0,1,1,0.082709,0.000000,0.078604,0.078033,0.083612,0.083638,0.092020,0.108126,0.092410,0.070266,0.000000,0.073950,0.095610,0.000000,0.000000,0.061021,rest_at_bed,1,60,4017,bed,none,,,0.000000,1.000000,0,suspended,coursework,6.396361,7.811698,active,90,3,rain,24.000000
2,1106,3448088703,64,Day 3 18:57,suspended,coursework,6.396361,7.811698,active,0.402333,0.490546,0.654415,1.000000,0.285000,0.664667,0.905882,0.000000,0.000000,14,1,1,1,1,1,1,1,1,1,1,0,1,1,0,1,1,0.095605,0.000000,0.088174,0.094084,0.100811,0.100083,0.087953,0.000000,0.104409,0.079829,0.000000,0.076385,0.105513,0.000000,0.000000,0.067154,go_to_bathroom,1,15,4032,door,none,,,0.000000,1.000000,0,suspended,coursework,6.396361,7.811698,active,90,3,rain,24.000000
2,1106,3448088703,65,Day 3 19:12,suspended,coursework,6.396361,7.811698,active,0.407333,0.496546,0.654415,1.000000,0.297500,0.054667,0.907547,0.000000,0.000000,14,1,1,1,1,1,1,1,1,1,1,0,1,1,0,1,1,0.102379,0.000000,0.094408,0.112793,0.120857,0.122829,0.094307,0.000000,0.000000,0.086035,0.000000,0.081768,0.112817,0.000000,0.000000,0.071806,rest_at_bed,1,60,4092,bed,none,evening,,0.000000,1.000000,0,suspended,coursework,6.396361,7.811698,active,90,3,rain,24.000000
2,1106,3448088703,66,Day 3 20:12,suspended,coursework,6.396361,7.811698,active,0.467333,0.241419,0.727646,1.000000,0.347500,0.094667,0.934140,0.000000,0.000000,14,1,1,1,1,1,1,1,1,1,1,0,1,1,0,1,1,0.113282,0.000000,0.101375,0.130268,0.139581,0.140748,0.086256,0.000000,0.000000,0.093565,0.000000,0.000000,0.119281,0.000000,0.000000,0.075644,study_focused,1,35,4127,desk,none,,coursework,0.415244,1.002804,0,active,coursework,6.811605,7.811698,active,90,3,rain,24.000000
2,1106,3448088703,67,Day 3 20:47,active,coursework,6.811605,7.811698,active,0.499000,0.365419,0.616078,1.000000,0.376667,0.118000,0.890750,0.000000,0.000000,14,1,1,1,1,1,1,1,1,1,1,0,1,1,0,1,1,0.117842,0.000000,0.106153,0.122787,0.131565,0.125436,0.095869,0.000000,0.000000,0.098815,0.000000,0.000000,0.122608,0.000000,0.000000,0.078926,study_halfhearted,1,35,4162,desk,none,,coursework,0.258141,1.039009,0,active,coursework,7.069746,7.811698,active,90,3,rain,24.000000
2,1106,3448088703,68,Day 3 21:22,active,coursework,7.069746,7.811698,active,0.560667,0.459419,0.556575,1.000000,0.405833,0.141333,0.873209,0.000000,0.000000,14,1,1,1,1,1,1,1,1,1,1,0,1,1,0,1,1,0.102830,0.000000,0.092634,0.099361,0.106464,0.105838,0.086324,0.000000,0.072582,0.086093,0.000000,0.075491,0.104454,0.000000,0.000000,0.067930,turn_light_off,1,1,4163,light,none,,,0.000000,1.000000,0,active,coursework,7.069746,7.811698,active,90,3,rain,24.000000
2,1106,3448088703,69,Day 3 21:23,active,coursework,7.069746,7.811698,active,0.561000,0.459819,0.556575,1.000000,0.406667,0.142000,0.873216,0.000000,0.000000,11,1,1,1,0,0,0,1,1,1,1,1,0,1,0,1,1,0.147564,0.000000,0.132930,0.000000,0.000000,0.000000,0.123888,0.000000,0.104192,0.123598,0.120481,0.000000,0.149876,0.000000,0.000000,0.097471,get_meal,1,35,4198,door,none,,,0.000000,1.000000,0,suspended,coursework,7.069746,7.811698,active,90,3,rain,24.000000
2,1106,3448088703,70,Day 3 21:58,suspended,coursework,7.069746,7.811698,active,0.532667,0.473819,0.556575,1.000000,0.000000,0.165333,0.873461,0.000000,0.000000,11,1,1,1,0,0,0,1,1,1,1,1,0,1,0,1,1,0.166130,0.000000,0.150396,0.000000,0.000000,0.000000,0.142590,0.000000,0.120938,0.000000,0.137625,0.000000,0.171208,0.000000,0.000000,0.111112,idle,1,10,4208,,none,,,0.000000,1.000000,0,suspended,coursework,7.069746,7.811698,active,90,3,rain,24.000000
2,1106,3448088703,71,Day 3 22:08,suspended,coursework,7.069746,7.811698,active,0.656000,0.477819,0.679807,0.946667,0.008333,0.172000,0.893464,0.000000,0.000000,11,1,1,1,0,0,0,1,1,1,1,1,0,1,0,1,1,0.171889,0.000000,0.153160,0.000000,0.000000,0.000000,0.139381,0.000000,0.118673,0.000000,0.140138,0.000000,0.167839,0.000000,0.000000,0.108921,use_computer,1,30,4238,computer,none,,,0.000000,1.000000,0,suspended,coursework,7.069746,7.811698,active,90,3,rain,24.000000
2,1106,3448088703,72,Day 3 22:38,suspended,coursework,7.069746,7.811698,active,0.506000,0.591907,0.773038,0.936667,0.033333,0.192000,0.917537,0.080000,0.000000,11,1,1,1,0,0,0,1,1,1,1,1,0,1,0,1,1,0.133755,0.000000,0.122905,0.000000,0.000000,0.000000,0.130713,0.148530,0.103227,0.000000,0.124166,0.000000,0.144630,0.000000,0.000000,0.092072,sleep_at_bed,1,480,4718,bed,none,,,0.000000,1.000000,0,suspended,coursework,7.069746,7.811698,active,90,3,rain,24.000000
2,1106,3448088703,73,Day 4 06:38,suspended,coursework,7.069746,7.811698,active,0.586000,0.257484,0.876270,0.856667,0.433333,0.512000,1.000000,0.000000,0.000000,11,1,1,1,0,0,0,1,1,1,1,1,0,1,0,1,1,0.145991,0.000000,0.128803,0.000000,0.000000,0.000000,0.105700,0.000000,0.129069,0.120860,0.129712,0.000000,0.147336,0.000000,0.000000,0.092528,turn_light_on,1,1,4719,light,none,,,0.000000,1.000000,0,suspended,coursework,7.069746,7.811698,active,90,3,rain,24.000000
2,1106,3448088703,74,Day 4 06:39,suspended,coursework,7.069746,7.811698,active,0.586333,0.257884,0.876270,0.876333,0.434167,0.512667,1.000000,0.000000,0.000000,14,1,1,1,1,1,1,1,1,1,1,0,1,1,0,1,1,0.103304,0.000000,0.091141,0.123616,0.131275,0.129235,0.074801,0.000000,0.091360,0.085558,0.000000,0.000000,0.104243,0.000000,0.000000,0.065467,use_computer,1,30,4749,computer,none,,,0.000000,1.000000,0,suspended,coursework,7.069746,7.811698,active,90,3,rain,24.000000
2,1106,3448088703,75,Day 4 07:09,suspended,coursework,7.069746,7.811698,active,0.436333,0.371971,0.969502,0.866333,0.459167,0.532667,1.000000,0.080000,0.000000,14,1,1,1,1,1,1,1,1,1,1,0,1,1,0,1,1,0.087111,0.000000,0.079256,0.118955,0.126235,0.120522,0.076150,0.000000,0.086117,0.080871,0.000000,0.067893,0.096920,0.000000,0.000000,0.059970,study_focused,1,35,4784,desk,none,,coursework,0.406220,0.981010,0,active,coursework,7.475966,7.811698,active,90,3,rain,24.000000
2,1106,3448088703,76,Day 4 07:44,active,coursework,7.475966,7.811698,active,0.468000,0.495971,0.857933,0.934667,0.488333,0.556000,0.965609,0.045000,0.000000,14,1,1,1,1,1,1,1,1,1,1,0,1,1,0,1,1,0.082924,0.000000,0.075907,0.101962,0.108737,0.097618,0.075851,0.084184,0.082334,0.077567,0.000000,0.065466,0.090624,0.000000,0.000000,0.056827,study_focused,1,35,4819,desk,none,task-completed,coursework,0.450374,1.087643,0,none,,7.811698,7.811698,completed,90,3,rain,24.000000
2,1106,3448088703,77,Day 4 08:19,none,,7.811698,7.811698,completed,0.499667,0.619971,0.114143,1.000000,0.517500,0.579333,0.377067,0.010000,0.000000,11,1,1,1,0,0,0,1,1,1,1,0,1,1,0,1,1,0.118747,0.000000,0.109360,0.000000,0.000000,0.000000,0.118295,0.129733,0.118411,0.111915,0.000000,0.094957,0.115329,0.000000,0.000000,0.083253,use_phone,1,25,4844,phone,none,,,0.000000,1.000000,0,none,,7.811698,7.811698,completed,90,3,rain,24.000000
2,1106,3448088703,78,Day 4 08:44,none,,7.811698,7.811698,completed,0.288000,0.712450,0.114143,1.000000,0.538333,0.596000,0.377067,0.105000,0.085000,11,1,1,1,0,0,0,1,1,1,1,0,1,1,0,1,1,0.103690,0.000000,0.099115,0.000000,0.000000,0.000000,0.127741,0.144267,0.118868,0.112606,0.000000,0.097887,0.114456,0.000000,0.000000,0.081370,sleep_at_bed,1,355,5199,bed,none,message-study-group|weather-clear|room-temperature-shift,,0.000000,1.000000,0,none,,7.811698,7.811698,completed,90,4,clear,17.000000
2,1106,3448088703,79,Day 4 14:39,none,,7.811698,7.811698,completed,0.326333,0.369408,0.114143,0.901667,0.834167,0.832667,0.377067,0.000000,0.000000,11,1,1,1,0,0,0,1,1,1,1,0,1,1,0,1,1,0.141066,0.000000,0.130036,0.000000,0.000000,0.000000,0.129484,0.000000,0.177306,0.173542,0.000000,0.000000,0.145115,0.000000,0.000000,0.103451,idle,1,10,5209,,none,,,0.000000,1.000000,0,none,,7.811698,7.811698,completed,90,4,clear,17.000000
2,1106,3448088703,80,Day 4 14:49,none,,7.811698,7.811698,completed,0.449667,0.373408,0.114143,0.848333,0.842500,0.839333,0.377067,0.000000,0.000000,11,1,1,1,0,0,0,1,1,1,1,0,1,1,0,1,1,0.146945,0.000000,0.133323,0.000000,0.000000,0.000000,0.127612,0.000000,0.175165,0.171603,0.000000,0.000000,0.142707,0.000000,0.000000,0.102645,go_to_bathroom,1,15,5224,door,none,,,0.000000,1.000000,0,none,,7.811698,7.811698,completed,90,4,clear,17.000000
2,1106,3448088703,81,Day 4 15:04,none,,7.811698,7.811698,completed,0.454667,0.379408,0.114143,0.923474,0.855000,0.229333,0.377067,0.000000,0.000000,11,1,1,1,0,0,0,1,1,1,1,0,1,1,0,1,1,0.156209,0.000000,0.141708,0.000000,0.000000,0.000000,0.135850,0.000000,0.122254,0.183596,0.000000,0.000000,0.151427,0.000000,0.000000,0.108956,go_to_bathroom,1,15,5239,door,none,,,0.000000,1.000000,0,none,,7.811698,7.811698,completed,90,4,clear,17.000000
2,1106,3448088703,82,Day 4 15:19,none,,7.811698,7.811698,completed,0.459667,0.385408,0.114143,0.998614,0.867500,0.000000,0.377067,0.000000,0.000000,11,1,1,1,0,0,0,1,1,1,1,0,1,1,0,1,1,0.177780,0.000000,0.161254,0.000000,0.000000,0.000000,0.154829,0.000000,0.000000,0.210295,0.000000,0.000000,0.172022,0.000000,0.000000,0.123820,turn_off_alarm,1,1,5240,alarm,none,,,0.000000,1.000000,0,none,,7.811698,7.811698,completed,90,4,clear,17.000000
2,1106,3448088703,83,Day 4 15:20,none,,7.811698,7.811698,completed,0.460000,0.385808,0.114143,1.000000,0.868333,0.000667,0.357067,0.000000,0.000000,10,1,1,1,0,0,0,1,1,1,1,0,1,0,0,1,1,0.214634,0.000000,0.194681,0.000000,0.000000,0.000000,0.187214,0.000000,0.000000,0.253998,0.000000,0.000000,0.000000,0.000000,0.000000,0.149474,use_phone,1,25,5265,phone,none,,,0.000000,1.000000,0,none,,7.811698,7.811698,completed,90,4,clear,17.000000
2,1106,3448088703,84,Day 4 15:45,none,,7.811698,7.811698,completed,0.248333,0.478287,0.114143,1.000000,0.889167,0.017333,0.357067,0.095000,0.085000,10,1,1,1,0,0,0,1,1,1,1,0,1,0,0,1,1,0.139015,0.000000,0.130873,0.000000,0.000000,0.000000,0.149951,0.158962,0.000000,0.189561,0.000000,0.123277,0.000000,0.000000,0.000000,0.108361,idle,1,10,5275,,none,,,0.000000,1.000000,0,none,,7.811698,7.811698,completed,90,4,clear,17.000000
2,1106,3448088703,85,Day 4 15:55,none,,7.811698,7.811698,completed,0.371667,0.482287,0.114143,0.946667,0.897500,0.024000,0.357067,0.085000,0.079000,10,1,1,1,0,0,0,1,1,1,1,0,1,0,0,1,1,0.145251,0.000000,0.134572,0.000000,0.000000,0.000000,0.147380,0.156316,0.000000,0.187609,0.000000,0.121260,0.000000,0.000000,0.000000,0.107612,idle,1,10,5285,,none,,,0.000000,1.000000,0,none,,7.811698,7.811698,completed,90,4,clear,17.000000
2,1106,3448088703,86,Day 4 16:05,none,,7.811698,7.811698,completed,0.495000,0.486287,0.114143,0.893333,0.905833,0.030667,0.357067,0.075000,0.073000,10,1,1,1,0,0,0,1,1,1,1,0,1,0,0,1,1,0.151687,0.000000,0.138302,0.000000,0.000000,0.000000,0.144777,0.153632,0.000000,0.185579,0.000000,0.119213,0.000000,0.000000,0.000000,0.106811,idle,1,10,5295,,none,,,0.000000,1.000000,0,none,,7.811698,7.811698,completed,90,4,clear,17.000000
2,1106,3448088703,87,Day 4 16:15,none,,7.811698,7.811698,completed,0.618333,0.490287,0.114143,0.840000,0.914167,0.037333,0.357067,0.065000,0.067000,10,1,1,1,0,0,0,1,1,1,1,0,1,0,0,1,1,0.158321,0.000000,0.142058,0.000000,0.000000,0.000000,0.142142,0.150912,0.000000,0.183471,0.000000,0.117136,0.000000,0.000000,0.000000,0.105959,get_meal,1,35,5330,door,none,,,0.000000,1.000000,0,none,,7.811698,7.811698,completed,90,4,clear,17.000000
2,1106,3448088703,88,Day 4 16:50,none,,7.811698,7.811698,completed,0.590000,0.504287,0.114143,0.948474,0.393333,0.060667,0.357067,0.030000,0.046000,10,1,1,1,0,0,0,1,1,1,1,0,1,0,0,1,1,0.166643,0.000000,0.150189,0.000000,0.000000,0.000000,0.149894,0.159425,0.000000,0.137905,0.000000,0.123869,0.000000,0.000000,0.000000,0.112075,get_meal,1,35,5365,door,none,,,0.000000,1.000000,0,none,,7.811698,7.811698,completed,90,4,clear,17.000000
2,1106,3448088703,89,Day 4 17:25,none,,7.811698,7.811698,completed,0.561667,0.518287,0.114143,1.000000,0.000000,0.084000,0.357067,0.000000,0.025000,10,1,1,1,0,0,0,1,1,1,1,0,1,0,0,1,1,0.192415,0.000000,0.174199,0.000000,0.000000,0.000000,0.173902,0.185337,0.000000,0.000000,0.000000,0.143966,0.000000,0.000000,0.000000,0.130182,idle,1,10,5375,,none,,,0.000000,1.000000,0,none,,7.811698,7.811698,completed,90,4,clear,17.000000
2,1106,3448088703,90,Day 4 17:35,none,,7.811698,7.811698,completed,0.685000,0.522287,0.114143,0.946667,0.008333,0.090667,0.357067,0.000000,0.019000,10,1,1,1,0,0,0,1,1,1,1,0,1,0,0,1,1,0.199605,0.000000,0.177864,0.000000,0.000000,0.000000,0.170678,0.182092,0.000000,0.000000,0.000000,0.141129,0.000000,0.000000,0.000000,0.128633,sleep_at_bed,1,480,5855,bed,none,evening,,0.000000,1.000000,0,none,,7.811698,7.811698,completed,90,4,clear,17.000000
2,1106,3448088703,91,Day 5 01:35,none,,7.811698,7.811698,completed,0.765000,0.187864,0.114143,0.866667,0.408333,0.410667,0.357067,0.000000,0.000000,10,1,1,1,0,0,0,1,1,1,1,0,1,0,0,1,1,0.216066,0.000000,0.185073,0.000000,0.000000,0.000000,0.144212,0.000000,0.162829,0.160789,0.000000,0.000000,0.000000,0.000000,0.000000,0.131031,rest_at_bed,1,60,5915,bed,none,,,0.000000,1.000000,0,none,,7.811698,7.811698,completed,90,4,clear,17.000000
2,1106,3448088703,92,Day 5 02:35,none,,7.811698,7.811698,completed,0.825000,0.000000,0.114143,0.896667,0.458333,0.450667,0.357067,0.000000,0.000000,10,1,1,1,0,0,0,1,1,1,1,0,1,0,0,1,1,0.256720,0.000000,0.214645,0.000000,0.000000,0.000000,0.000000,0.000000,0.190209,0.188864,0.000000,0.000000,0.000000,0.000000,0.000000,0.149562,use_computer,1,30,5945,computer,none,,,0.000000,1.000000,0,none,,7.811698,7.811698,completed,90,4,clear,17.000000
2,1106,3448088703,93,Day 5 03:05,none,,7.811698,7.811698,completed,0.675000,0.114087,0.114143,0.886667,0.483333,0.470667,0.357067,0.080000,0.000000,10,1,1,1,0,0,0,1,1,1,1,0,1,0,0,1,1,0.206327,0.000000,0.177900,0.000000,0.000000,0.000000,0.143637,0.000000,0.170885,0.170146,0.000000,0.000000,0.000000,0.000000,0.000000,0.131106,use_computer,1,30,5975,computer,none,,,0.000000,1.000000,0,none,,7.811698,7.811698,completed,90,4,clear,17.000000
2,1106,3448088703,94,Day 5 03:35,none,,7.811698,7.811698,completed,0.525000,0.228175,0.114143,0.876667,0.508333,0.490667,0.357067,0.160000,0.000000,10,1,1,1,0,0,0,1,1,1,1,0,1,0,0,1,1,0.189650,0.000000,0.168630,0.000000,0.000000,0.000000,0.159393,0.000000,0.175581,0.175305,0.000000,0.000000,0.000000,0.000000,0.000000,0.131440,get_meal,1,35,6010,door,none,,,0.000000,1.000000,0,none,,7.811698,7.811698,completed,90,4,clear,17.000000
2,1106,3448088703,95,Day 5 04:10,none,,7.811698,7.811698,completed,0.496667,0.242175,0.114143,0.985140,0.000000,0.514000,0.357067,0.125000,0.000000,10,1,1,1,0,0,0,1,1,1,1,0,1,0,0,1,1,0.228366,0.000000,0.203958,0.000000,0.000000,0.000000,0.192293,0.000000,0.216335,0.000000,0.000000,0.000000,0.000000,0.000000,0.000000,0.159048,use_phone,1,25,6035,phone,none,,,0.000000,1.000000,0,none,,7.811698,7.811698,completed,90,4,clear,17.000000
2,1106,3448088703,96,Day 5 04:35,none,,7.811698,7.811698,completed,0.285000,0.334654,0.114143,1.000000,0.020833,0.530667,0.357067,0.220000,0.085000,10,1,1,1,0,0,0,1,1,1,1,0,1,0,0,1,1,0.175177,0.000000,0.162386,0.000000,0.000000,0.000000,0.182414,0.000000,0.190779,0.000000,0.000000,0.152685,0.000000,0.000000,0.000000,0.136559,go_to_bathroom,1,15,6050,door,none,,,0.000000,1.000000,0,none,,7.811698,7.811698,completed,90,4,clear,17.000000
2,1106,3448088703,97,Day 5 04:50,none,,7.811698,7.811698,completed,0.290000,0.340654,0.114143,1.000000,0.033333,0.000000,0.357067,0.205000,0.076000,10,1,1,1,0,0,0,1,1,1,1,0,1,0,0,1,1,0.217265,0.000000,0.201330,0.000000,0.000000,0.000000,0.224607,0.000000,0.000000,0.000000,0.000000,0.188226,0.000000,0.000000,0.000000,0.168572,rest_at_bed,1,60,6110,bed,none,,,0.000000,1.000000,0,none,,7.811698,7.811698,completed,90,4,clear,17.000000
2,1106,3448088703,98,Day 5 05:50,none,,7.811698,7.811698,completed,0.350000,0.085527,0.114143,1.000000,0.083333,0.040000,0.357067,0.005000,0.040000,10,1,1,1,0,0,0,1,1,1,1,0,1,0,0,1,1,0.296825,0.000000,0.266154,0.000000,0.000000,0.000000,0.226395,0.000000,0.000000,0.000000,0.000000,0.000000,0.000000,0.000000,0.000000,0.210627,use_computer,1,30,6140,computer,none,,,0.000000,1.000000,0,none,,7.811698,7.811698,completed,90,4,clear,17.000000
2,1106,3448088703,99,Day 5 06:20,none,,7.811698,7.811698,completed,0.200000,0.199614,0.114143,0.990000,0.108333,0.060000,0.357067,0.085000,0.022000,10,1,1,1,0,0,0,1,1,1,1,0,1,0,0,1,1,0.276284,0.000000,0.255476,0.000000,0.000000,0.000000,0.254406,0.000000,0.000000,0.000000,0.000000,0.000000,0.000000,0.000000,0.000000,0.213834,use_phone,1,25,6165,phone,none,,,0.000000,1.000000,0,none,,7.811698,7.811698,completed,90,4,clear,17.000000
2,1106,3448088703,100,Day 5 06:45,none,,7.811698,7.811698,completed,0.000000,0.292093,0.114143,1.000000,0.129167,0.076667,0.357067,0.180000,0.107000,10,1,1,1,0,0,0,1,1,1,1,0,1,0,0,1,1,0.203220,0.000000,0.194741,0.000000,0.000000,0.000000,0.230149,0.000000,0.000000,0.000000,0.000000,0.196655,0.000000,0.000000,0.000000,0.175235,turn_light_off,1,1,6166,light,none,,,0.000000,1.000000,0,none,,7.811698,7.811698,completed,90,4,clear,17.000000
2,1106,3448088703,101,Day 5 06:46,none,,7.811698,7.811698,completed,0.000333,0.292493,0.114143,1.000000,0.130000,0.077333,0.357067,0.179000,0.106400,10,1,1,1,0,0,0,1,1,1,1,1,0,0,0,1,1,0.253021,0.000000,0.242459,0.000000,0.000000,0.000000,0.286411,0.000000,0.000000,0.000000,0.000000,0.000000,0.000000,0.000000,0.000000,0.218109,idle,1,10,6176,,none,,,0.000000,1.000000,0,none,,7.811698,7.811698,completed,90,4,clear,17.000000
2,1106,3448088703,102,Day 5 06:56,none,,7.811698,7.811698,completed,0.123667,0.296493,0.114143,0.946667,0.138333,0.084000,0.357067,0.169000,0.100400,10,1,1,1,0,0,0,1,1,1,1,1,0,0,0,1,1,0.261293,0.000000,0.246408,0.000000,0.000000,0.000000,0.278222,0.000000,0.000000,0.000000,0.000000,0.000000,0.000000,0.000000,0.000000,0.214078,rest_at_bed,1,60,6236,bed,none,alarm-rings,,0.000000,1.000000,0,none,,7.811698,7.811698,completed,90,4,clear,17.000000
2,1106,3448088703,103,Day 5 07:56,none,,7.811698,7.811698,completed,0.213667,0.041366,0.114143,0.976667,0.188333,0.124000,0.393013,0.000000,0.064400,11,1,1,1,0,0,0,1,1,1,1,1,0,1,0,1,1,0.220495,0.000000,0.200503,0.000000,0.000000,0.000000,0.000000,0.000000,0.000000,0.181527,0.000000,0.000000,0.233112,0.000000,0.000000,0.164363,use_computer,1,30,6266,computer,none,,,0.000000,1.000000,0,none,,7.811698,7.811698,completed,90,4,clear,17.000000
2,1106,3448088703,104,Day 5 08:26,none,,7.811698,7.811698,completed,0.063667,0.155454,0.114143,0.966667,0.213333,0.144000,0.393013,0.080000,0.046400,11,1,1,1,0,0,0,1,1,1,1,1,0,1,0,1,1,0.149838,0.000000,0.140510,0.000000,0.000000,0.000000,0.142285,0.000000,0.132605,0.138274,0.000000,0.000000,0.174663,0.000000,0.000000,0.121824,turn_off_alarm,1,1,6267,alarm,none,,,0.000000,1.000000,0,none,,7.811698,7.811698,completed,90,4,clear,17.000000
2,1106,3448088703,105,Day 5 08:27,none,,7.811698,7.811698,completed,0.064000,0.155854,0.114143,0.996333,0.214167,0.144667,0.373013,0.079000,0.045800,10,1,1,1,0,0,0,1,1,1,1,1,0,0,0,1,1,0.181517,0.000000,0.170213,0.000000,0.000000,0.000000,0.172533,0.000000,0.160660,0.167544,0.000000,0.000000,0.000000,0.000000,0.000000,0.147534,rest_at_bed,1,60,6327,bed,none,message-study-group,,0.000000,1.000000,0,none,,7.811698,7.811698,completed,90,5,clear,17.000000
2,1106,3448088703,106,Day 5 09:27,none,,7.811698,7.811698,completed,0.124000,0.000000,0.114143,1.000000,0.264167,0.184667,0.373013,0.000000,0.009800,10,1,1,1,0,0,0,1,1,1,1,1,0,0,0,1,1,0.225032,0.000000,0.206315,0.000000,0.000000,0.000000,0.000000,0.000000,0.193031,0.202416,0.000000,0.000000,0.000000,0.000000,0.000000,0.173206,idle,1,10,6337,,none,,,0.000000,1.000000,0,none,,7.811698,7.811698,completed,90,5,clear,17.000000
2,1106,3448088703,107,Day 5 09:37,none,,7.811698,7.811698,completed,0.247333,0.004000,0.114143,0.946667,0.272500,0.191333,0.373013,0.000000,0.003800,10,1,1,1,0,0,0,1,1,1,1,1,0,0,0,1,1,0.232400,0.000000,0.209716,0.000000,0.000000,0.000000,0.000000,0.000000,0.189063,0.198438,0.000000,0.000000,0.000000,0.000000,0.000000,0.170383,use_phone,1,25,6362,phone,none,,,0.000000,1.000000,0,none,,7.811698,7.811698,completed,90,5,clear,17.000000
2,1106,3448088703,108,Day 5 10:02,none,,7.811698,7.811698,completed,0.035667,0.096479,0.114143,0.978333,0.293333,0.208000,0.373013,0.095000,0.088800,10,1,1,1,0,0,0,1,1,1,1,1,0,0,0,1,1,0.178160,0.000000,0.166866,0.000000,0.000000,0.000000,0.166861,0.000000,0.166624,0.175289,0.000000,0.000000,0.000000,0.000000,0.000000,0.146199,idle,1,10,6372,,none,,,0.000000,1.000000,0,none,,7.811698,7.811698,completed,90,5,clear,17.000000
2,1106,3448088703,109,Day 5 10:12,none,,7.811698,7.811698,completed,0.159000,0.100479,0.114143,0.925000,0.301667,0.214667,0.373013,0.085000,0.082800,10,1,1,1,0,0,0,1,1,1,1,1,0,0,0,1,1,0.185196,0.000000,0.170701,0.000000,0.000000,0.000000,0.163157,0.000000,0.163911,0.172593,0.000000,0.000000,0.000000,0.000000,0.000000,0.144442,idle,1,10,6382,,none,,,0.000000,1.000000,0,none,,7.811698,7.811698,completed,90,5,clear,17.000000
2,1106,3448088703,110,Day 5 10:22,none,,7.811698,7.811698,completed,0.282333,0.104479,0.114143,0.871667,0.310000,0.221333,0.373013,0.075000,0.076800,10,1,1,1,0,0,0,1,1,1,1,1,0,0,0,1,1,0.192403,0.000000,0.174526,0.000000,0.000000,0.000000,0.159448,0.000000,0.161152,0.169844,0.000000,0.000000,0.000000,0.000000,0.000000,0.142627,get_meal,1,35,6417,door,none,,,0.000000,1.000000,0,none,,7.811698,7.811698,completed,90,5,clear,17.000000
2,1106,3448088703,111,Day 5 10:57,none,,7.811698,7.811698,completed,0.254000,0.118479,0.114143,0.980140,0.000000,0.244667,0.373013,0.040000,0.055800,10,1,1,1,0,0,0,1,1,1,1,1,0,0,0,1,1,0.230238,0.000000,0.209773,0.000000,0.000000,0.000000,0.191160,0.000000,0.197319,0.000000,0.000000,0.000000,0.000000,0.000000,0.000000,0.171510,idle,1,10,6427,,none,,,0.000000,1.000000,0,none,,7.811698,7.811698,completed,90,5,clear,17.000000
2,1106,3448088703,112,Day 5 11:07,none,,7.811698,7.811698,completed,0.377333,0.122479,0.114143,0.926807,0.008333,0.251333,0.373013,0.030000,0.049800,10,1,1,1,0,0,0,1,1,1,1,1,0,0,0,1,1,0.238283,0.000000,0.213655,0.000000,0.000000,0.000000,0.186099,0.000000,0.193256,0.000000,0.000000,0.000000,0.000000,0.000000,0.000000,0.168707,rest_at_bed,1,60,6487,bed,none,,,0.000000,1.000000,0,none,,7.811698,7.811698,completed,90,5,clear,17.000000
2,1106,3448088703,113,Day 5 12:07,none,,7.811698,7.811698,completed,0.437333,0.000000,0.114143,0.956807,0.058333,0.291333,0.373013,0.000000,0.013800,10,1,1,1,0,0,0,1,1,1,1,1,0,0,0,1,1,0.297962,0.000000,0.262153,0.000000,0.000000,0.000000,0.000000,0.000000,0.237390,0.000000,0.000000,0.000000,0.000000,0.000000,0.000000,0.202495,go_to_bathroom,1,15,6502,door,none,,,0.000000,1.000000,0,none,,7.811698,7.811698,completed,90,5,clear,17.000000
2,1106,3448088703,114,Day 5 12:22,none,,7.811698,7.811698,completed,0.442333,0.006000,0.114143,1.000000,0.070833,0.000000,0.373013,0.000000,0.004800,10,1,1,1,0,0,0,1,1,1,1,1,0,0,0,1,1,0.390884,0.000000,0.343861,0.000000,0.000000,0.000000,0.000000,0.000000,0.000000,0.000000,0.000000,0.000000,0.000000,0.000000,0.000000,0.265255,idle,1,10,6512,,none,,,0.000000,1.000000,0,none,,7.811698,7.811698,completed,90,5,clear,17.000000
2,1106,3448088703,115,Day 5 12:32,none,,7.811698,7.811698,completed,0.565667,0.010000,0.114143,0.946667,0.079167,0.006667,0.373013,0.000000,0.000000,10,1,1,1,0,0,0,1,1,1,1,1,0,0,0,1,1,0.398053,0.000000,0.344655,0.000000,0.000000,0.000000,0.000000,0.000000,0.000000,0.000000,0.000000,0.000000,0.000000,0.000000,0.000000,0.257292,use_computer,1,30,6542,computer,none,,,0.000000,1.000000,0,none,,7.811698,7.811698,completed,90,5,clear,17.000000
2,1106,3448088703,116,Day 5 13:02,none,,7.811698,7.811698,completed,0.415667,0.124087,0.114143,0.936667,0.104167,0.026667,0.373013,0.080000,0.000000,10,1,1,1,0,0,0,1,1,1,1,1,0,0,0,1,1,0.295136,0.000000,0.263528,0.000000,0.000000,0.000000,0.233263,0.000000,0.000000,0.000000,0.000000,0.000000,0.000000,0.000000,0.000000,0.208073,use_phone,1,25,6567,phone,none,,,0.000000,1.000000,0,none,,7.811698,7.811698,completed,90,5,clear,17.000000
2,1106,3448088703,117,Day 5 13:27,none,,7.811698,7.811698,completed,0.204000,0.216566,0.114143,0.968333,0.125000,0.043333,0.373013,0.175000,0.085000,10,1,1,1,0,0,0,1,1,1,1,1,0,0,0,1,1,0.270762,0.000000,0.250933,0.000000,0.000000,0.000000,0.264643,0.000000,0.000000,0.000000,0.000000,0.000000,0.000000,0.000000,0.000000,0.213662,use_phone,1,25,6592,phone,none,,,0.000000,1.000000,0,none,,7.811698,7.811698,completed,90,5,clear,17.000000
2,1106,3448088703,118,Day 5 13:52,none,,7.811698,7.811698,completed,0.000000,0.309045,0.114143,1.000000,0.145833,0.060000,0.373013,0.270000,0.170000,10,1,1,1,0,0,0,1,1,1,1,1,0,0,0,1,1,0.166494,0.166495,0.159990,0.000000,0.000000,0.000000,0.200519,0.000000,0.000000,0.159891,0.000000,0.000000,0.000000,0.000000,0.000000,0.146609,use_phone,1,25,6617,phone,none,room-temperature-shift,,0.000000,1.000000,0,none,,7.811698,7.811698,completed,90,5,clear,24.000000
2,1106,3448088703,119,Day 5 14:17,none,,7.811698,7.811698,completed,0.000000,0.401524,0.114143,1.000000,0.166667,0.076667,0.373013,0.365000,0.255000,10,1,1,1,0,0,0,1,1,1,1,1,0,0,0,1,1,0.129188,0.140923,0.125313,0.000000,0.000000,0.000000,0.174206,0.183879,0.000000,0.129432,0.000000,0.000000,0.000000,0.000000,0.000000,0.117060,sleep_at_bed,1,480,7097,bed,none,weather-clear|evening,,0.000000,1.000000,0,none,,7.811698,7.811698,completed,90,5,clear,24.000000
2,1106,3448088703,120,Day 5 22:17,none,,7.811698,7.811698,completed,0.080000,0.067101,0.114143,0.920000,0.566667,0.396667,0.373013,0.000000,0.000000,10,1,1,1,0,0,0,1,1,1,1,1,0,0,0,1,1,0.175000,0.000000,0.162317,0.000000,0.000000,0.000000,0.149169,0.000000,0.178300,0.197342,0.000000,0.000000,0.000000,0.000000,0.000000,0.137872,rest_at_bed,1,60,7157,bed,none,,,0.000000,1.000000,0,none,,7.811698,7.811698,completed,90,5,clear,24.000000
2,1106,3448088703,121,Day 5 23:17,none,,7.811698,7.811698,completed,0.140000,0.000000,0.114143,0.950000,0.616667,0.436667,0.373013,0.000000,0.000000,10,1,1,1,0,0,0,1,1,1,1,1,0,0,0,1,1,0.207534,0.000000,0.189872,0.000000,0.000000,0.000000,0.000000,0.000000,0.210073,0.233795,0.000000,0.000000,0.000000,0.000000,0.000000,0.158726,idle,1,10,7167,,none,,,0.000000,1.000000,0,none,,7.811698,7.811698,completed,90,5,clear,24.000000
2,1106,3448088703,122,Day 5 23:27,none,,7.811698,7.811698,completed,0.263333,0.004000,0.114143,0.896667,0.625000,0.443333,0.373013,0.000000,0.000000,10,1,1,1,0,0,0,1,1,1,1,1,0,0,0,1,1,0.214667,0.000000,0.193306,0.000000,0.000000,0.000000,0.000000,0.000000,0.206080,0.229562,0.000000,0.000000,0.000000,0.000000,0.000000,0.156384,idle,1,10,7177,,none,,,0.000000,1.000000,0,none,,7.811698,7.811698,completed,90,5,clear,24.000000
2,1106,3448088703,123,Day 5 23:37,none,,7.811698,7.811698,completed,0.386667,0.008000,0.114143,0.843333,0.633333,0.450000,0.373013,0.000000,0.000000,10,1,1,1,0,0,0,1,1,1,1,1,0,0,0,1,1,0.221936,0.000000,0.196706,0.000000,0.000000,0.000000,0.000000,0.000000,0.202063,0.225295,0.000000,0.000000,0.000000,0.000000,0.000000,0.154001,use_phone,1,25,7202,phone,none,,,0.000000,1.000000,0,none,,7.811698,7.811698,completed,90,5,clear,24.000000
2,1106,3448088703,124,Day 6 00:02,none,,7.811698,7.811698,completed,0.175000,0.100479,0.114143,0.875000,0.654167,0.466667,0.373013,0.095000,0.085000,10,1,1,1,0,0,0,1,1,1,1,1,0,0,0,1,1,0.172638,0.000000,0.158814,0.000000,0.000000,0.000000,0.151830,0.000000,0.180697,0.201937,0.000000,0.000000,0.000000,0.000000,0.000000,0.134085,use_computer,1,30,7232,computer,none,,,0.000000,1.000000,0,none,,7.811698,7.811698,completed,90,5,clear,24.000000
2,1106,3448088703,125,Day 6 00:32,none,,7.811698,7.811698,completed,0.025000,0.214566,0.114143,0.865000,0.679167,0.486667,0.373013,0.175000,0.067000,10,1,1,1,0,0,0,1,1,1,1,1,0,0,0,1,1,0.157760,0.000000,0.149662,0.000000,0.000000,0.000000,0.167504,0.000000,0.184583,0.206849,0.000000,0.000000,0.000000,0.000000,0.000000,0.133643,go_to_bathroom,1,15,7247,door,none,,,0.000000,1.000000,0,none,,7.811698,7.811698,completed,90,5,clear,24.000000
2,1106,3448088703,126,Day 6 00:47,none,,7.811698,7.811698,completed,0.030000,0.220566,0.114143,0.940140,0.691667,0.000000,0.373013,0.160000,0.058000,10,1,1,1,0,0,0,1,1,1,1,1,0,0,0,1,1,0.193765,0.000000,0.183753,0.000000,0.000000,0.000000,0.204247,0.000000,0.000000,0.254863,0.000000,0.000000,0.000000,0.000000,0.000000,0.163371,use_computer,1,30,7277,computer,none,,,0.000000,1.000000,0,none,,7.811698,7.811698,completed,90,5,clear,24.000000
2,1106,3448088703,127,Day 6 01:17,none,,7.811698,7.811698,completed,0.000000,0.334654,0.114143,0.930140,0.716667,0.020000,0.373013,0.240000,0.040000,10,1,1,1,0,0,0,1,1,1,1,1,0,0,0,1,1,0.183961,0.000000,0.177091,0.000000,0.000000,0.000000,0.221281,0.000000,0.000000,0.256369,0.000000,0.000000,0.000000,0.000000,0.000000,0.161298,rest_at_bed,1,60,7337,bed,none,,,0.000000,1.000000,0,none,,7.811698,7.811698,completed,90,5,clear,24.000000
2,1106,3448088703,128,Day 6 02:17,none,,7.811698,7.811698,completed,0.060000,0.079527,0.114143,0.960140,0.766667,0.060000,0.373013,0.040000,0.004000,10,1,1,1,0,0,0,1,1,1,1,1,0,0,0,1,1,0.202738,0.000000,0.188851,0.000000,0.000000,0.000000,0.179923,0.000000,0.000000,0.265912,0.000000,0.000000,0.000000,0.000000,0.000000,0.162576,use_phone,1,25,7362,phone,none,,,0.000000,1.000000,0,none,,7.811698,7.811698,completed,90,5,clear,24.000000
2,1106,3448088703,129,Day 6 02:42,none,,7.811698,7.811698,completed,0.000000,0.172006,0.114143,0.991807,0.787500,0.076667,0.373013,0.135000,0.089000,10,1,1,1,0,0,0,1,1,1,1,1,0,0,0,1,1,0.191486,0.000000,0.181479,0.000000,0.000000,0.000000,0.195708,0.000000,0.000000,0.269506,0.000000,0.000000,0.000000,0.000000,0.000000,0.161821,idle,1,10,7372,,none,,,0.000000,1.000000,0,none,,7.811698,7.811698,completed,90,5,clear,24.000000
2,1106,3448088703,130,Day 6 02:52,none,,7.811698,7.811698,completed,0.123333,0.176006,0.114143,0.938474,0.795833,0.083333,0.373013,0.125000,0.083000,10,1,1,1,0,0,0,1,1,1,1,1,0,0,0,1,1,0.198790,0.000000,0.185408,0.000000,0.000000,0.000000,0.191116,0.000000,0.000000,0.265016,0.000000,0.000000,0.000000,0.000000,0.000000,0.159669,get_meal,1,35,7407,door,none,,,0.000000,1.000000,0,none,,7.811698,7.811698,completed,90,5,clear,24.000000
2,1106,3448088703,131,Day 6 03:27,none,,7.811698,7.811698,completed,0.095000,0.190006,0.114143,1.000000,0.275000,0.106667,0.373013,0.090000,0.062000,10,1,1,1,0,0,0,1,1,1,1,1,0,0,0,1,1,0.214630,0.000000,0.201071,0.000000,0.000000,0.000000,0.206732,0.000000,0.000000,0.204331,0.000000,0.000000,0.000000,0.000000,0.000000,0.173236,rest_at_bed,1,60,7467,bed,none,,,0.000000,1.000000,0,none,,7.811698,7.811698,completed,90,5,clear,24.000000
2,1106,3448088703,132,Day 6 04:27,none,,7.811698,7.811698,completed,0.155000,0.000000,0.114143,1.000000,0.325000,0.146667,0.373013,0.000000,0.026000,10,1,1,1,0,0,0,1,1,1,1,1,0,0,0,1,1,0.226255,0.000000,0.206592,0.000000,0.000000,0.000000,0.000000,0.000000,0.186348,0.208790,0.000000,0.000000,0.000000,0.000000,0.000000,0.172016,use_phone,1,25,7492,phone,none,,,0.000000,1.000000,0,none,,7.811698,7.811698,completed,90,5,clear,24.000000
2,1106,3448088703,133,Day 6 04:52,none,,7.811698,7.811698,completed,0.000000,0.092479,0.114143,1.000000,0.345833,0.163333,0.373013,0.095000,0.111000,10,1,1,1,0,0,0,1,1,1,1,1,0,0,0,1,1,0.176053,0.000000,0.165610,0.000000,0.000000,0.000000,0.167251,0.000000,0.162320,0.182286,0.000000,0.000000,0.000000,0.000000,0.000000,0.146481,use_computer,1,30,7522,computer,none,,,0.000000,1.000000,0,none,,7.811698,7.811698,completed,90,5,clear,24.000000
2,1106,3448088703,134,Day 6 05:22,none,,7.811698,7.811698,completed,0.000000,0.206566,0.114143,0.990000,0.370833,0.183333,0.373013,0.175000,0.093000,10,1,1,1,0,0,0,1,1,1,1,1,0,0,0,1,1,0.168997,0.000000,0.160738,0.000000,0.000000,0.000000,0.180643,0.000000,0.162329,0.182801,0.000000,0.000000,0.000000,0.000000,0.000000,0.144491,go_to_bathroom,1,15,7537,door,none,,,0.000000,1.000000,0,none,,7.811698,7.811698,completed,90,5,clear,24.000000
2,1106,3448088703,135,Day 6 05:37,none,,7.811698,7.811698,completed,0.005000,0.212566,0.114143,1.000000,0.383333,0.000000,0.373013,0.160000,0.084000,10,1,1,1,0,0,0,1,1,1,1,1,0,0,0,1,1,0.202099,0.000000,0.192154,0.000000,0.000000,0.000000,0.214467,0.000000,0.000000,0.219301,0.000000,0.000000,0.000000,0.000000,0.000000,0.171980,use_computer,1,30,7567,computer,none,,,0.000000,1.000000,0,none,,7.811698,7.811698,completed,90,5,clear,24.000000
2,1106,3448088703,136,Day 6 06:07,none,,7.811698,7.811698,completed,0.000000,0.326654,0.114143,0.990000,0.408333,0.020000,0.373013,0.240000,0.066000,10,1,1,1,0,0,0,1,1,1,1,1,0,0,0,1,1,0.193375,0.000000,0.186025,0.000000,0.000000,0.000000,0.231438,0.000000,0.000000,0.219728,0.000000,0.000000,0.000000,0.000000,0.000000,0.169435,idle,1,10,7577,,none,,,0.000000,1.000000,0,none,,7.811698,7.811698,completed,90,5,clear,24.000000
2,1106,3448088703,137,Day 6 06:17,none,,7.811698,7.811698,completed,0.123333,0.330654,0.114143,0.936667,0.416667,0.026667,0.373013,0.230000,0.060000,10,1,1,1,0,0,0,1,1,1,1,1,0,0,0,1,1,0.200739,0.000000,0.190041,0.000000,0.000000,0.000000,0.225994,0.000000,0.000000,0.216054,0.000000,0.000000,0.000000,0.000000,0.000000,0.167171,rest_at_bed,1,60,7637,bed,none,,,0.000000,1.000000,0,none,,7.811698,7.811698,completed,90,5,clear,24.000000
2,1106,3448088703,138,Day 6 07:17,none,,7.811698,7.811698,completed,0.183333,0.075527,0.114143,0.966667,0.466667,0.066667,0.373013,0.030000,0.024000,10,1,1,1,0,0,0,1,1,1,1,1,0,0,0,1,1,0.221176,0.000000,0.202613,0.000000,0.000000,0.000000,0.183711,0.000000,0.000000,0.224044,0.000000,0.000000,0.000000,0.000000,0.000000,0.168456,use_computer,1,30,7667,computer,none,,,0.000000,1.000000,0,none,,7.811698,7.811698,completed,90,5,clear,24.000000
2,1106,3448088703,139,Day 6 07:47,none,,7.811698,7.811698,completed,0.033333,0.189614,0.114143,0.956667,0.491667,0.086667,0.373013,0.110000,0.006000,10,1,1,1,0,0,0,1,1,1,1,1,0,0,0,1,1,0.203515,0.000000,0.192259,0.000000,0.000000,0.000000,0.204080,0.000000,0.000000,0.231083,0.000000,0.000000,0.000000,0.000000,0.000000,0.169064,idle,1,10,7677,,none,,,0.000000,1.000000,0,none,,7.811698,7.811698,completed,90,5,clear,24.000000
2,1106,3448088703,140,Day 6 07:57,none,,7.811698,7.811698,completed,0.156667,0.193614,0.114143,0.903333,0.500000,0.093333,0.373013,0.100000,0.000000,10,1,1,1,0,0,0,1,1,1,1,1,0,0,0,1,1,0.211058,0.000000,0.196218,0.000000,0.000000,0.000000,0.199085,0.000000,0.000000,0.226997,0.000000,0.000000,0.000000,0.000000,0.000000,0.166642,idle,1,10,7687,,none,alarm-rings,,0.000000,1.000000,0,none,,7.811698,7.811698,completed,90,5,clear,24.000000
2,1106,3448088703,141,Day 6 08:07,none,,7.811698,7.811698,completed,0.310000,0.197614,0.114143,0.850000,0.508333,0.100000,0.408960,0.090000,0.000000,11,1,1,1,0,0,0,1,1,1,1,1,0,1,0,1,1,0.179295,0.000000,0.163395,0.000000,0.000000,0.000000,0.156455,0.000000,0.000000,0.180101,0.000000,0.000000,0.187799,0.000000,0.000000,0.132955,rest_at_bed,1,60,7747,bed,none,,,0.000000,1.000000,0,none,,7.811698,7.811698,completed,90,5,clear,24.000000
2,1106,3448088703,142,Day 6 09:07,none,,7.811698,7.811698,completed,0.370000,0.000000,0.114143,0.880000,0.558333,0.140000,0.408960,0.000000,0.000000,11,1,1,1,0,0,0,1,1,1,1,1,0,1,0,1,1,0.189339,0.000000,0.168066,0.000000,0.000000,0.000000,0.000000,0.000000,0.140325,0.184234,0.000000,0.000000,0.185874,0.000000,0.000000,0.132163,use_phone,1,25,7772,phone,none,,,0.000000,1.000000,0,none,,7.811698,7.811698,completed,90,5,clear,24.000000
2,1106,3448088703,143,Day 6 09:32,none,,7.811698,7.811698,completed,0.158333,0.092479,0.114143,0.911667,0.579167,0.156667,0.408960,0.095000,0.085000,11,1,1,1,0,0,0,1,1,1,1,1,0,1,0,1,1,0.149897,0.000000,0.138101,0.000000,0.000000,0.000000,0.131857,0.000000,0.127716,0.168066,0.000000,0.000000,0.167248,0.000000,0.000000,0.117115,turn_off_alarm,1,1,7773,alarm,none,,,0.000000,1.000000,0,none,,7.811698,7.811698,completed,90,5,clear,24.000000
2,1106,3448088703,144,Day 6 09:33,none,,7.811698,7.811698,completed,0.158667,0.092879,0.114143,0.941333,0.580000,0.157333,0.388960,0.094000,0.084400,10,1,1,1,0,0,0,1,1,1,1,1,0,0,0,1,1,0.179973,0.000000,0.165806,0.000000,0.000000,0.000000,0.158465,0.000000,0.153359,0.201829,0.000000,0.000000,0.000000,0.000000,0.000000,0.140568,use_phone,1,25,7798,phone,none,,,0.000000,1.000000,0,none,,7.811698,7.811698,completed,90,5,clear,24.000000
2,1106,3448088703,145,Day 6 09:58,none,,7.811698,7.811698,completed,0.000000,0.185358,0.114143,0.973000,0.600833,0.174000,0.388960,0.189000,0.169400,10,1,1,1,0,0,0,1,1,1,1,1,0,0,0,1,1,0.141735,0.137728,0.134588,0.000000,0.000000,0.000000,0.150537,0.000000,0.135435,0.178650,0.000000,0.000000,0.000000,0.000000,0.000000,0.121327,go_to_bathroom,1,15,7813,door,none,,,0.000000,1.000000,0,none,,7.811698,7.811698,completed,90,5,clear,24.000000
2,1106,3448088703,146,Day 6 10:13,none,,7.811698,7.811698,completed,0.005000,0.191358,0.114143,1.000000,0.613333,0.000000,0.388960,0.174000,0.160400,10,1,1,1,0,0,0,1,1,1,1,1,0,0,0,1,1,0.164441,0.158041,0.156094,0.000000,0.000000,0.000000,0.173393,0.000000,0.000000,0.207928,0.000000,0.000000,0.000000,0.000000,0.000000,0.140102,use_computer,1,30,7843,computer,none,,,0.000000,1.000000,0,none,,7.811698,7.811698,completed,90,5,clear,24.000000
2,1106,3448088703,147,Day 6 10:43,none,,7.811698,7.811698,completed,0.000000,0.305445,0.114143,0.990000,0.638333,0.020000,0.388960,0.254000,0.142400,10,1,1,1,0,0,0,1,1,1,1,1,0,0,0,1,1,0.158016,0.154467,0.151761,0.000000,0.000000,0.000000,0.187914,0.000000,0.000000,0.209224,0.000000,0.000000,0.000000,0.000000,0.000000,0.138619,use_computer,1,30,7873,computer,none,,,0.000000,1.000000,0,none,,7.811698,7.811698,completed,90,5,clear,24.000000
2,1106,3448088703,148,Day 6 11:13,none,,7.811698,7.811698,completed,0.000000,0.419533,0.114143,0.980000,0.663333,0.040000,0.388960,0.334000,0.124400,10,1,1,1,0,0,0,1,1,1,1,1,0,0,0,1,1,0.142610,0.000000,0.138486,0.000000,0.000000,0.000000,0.190821,0.202261,0.000000,0.197264,0.000000,0.000000,0.000000,0.000000,0.000000,0.128557,rest_at_bed,1,60,7933,bed,none,,,0.000000,1.000000,0,none,,7.811698,7.811698,completed,90,5,clear,24.000000
2,1106,3448088703,149,Day 6 12:13,none,,7.811698,7.811698,completed,0.060000,0.164406,0.114143,1.000000,0.713333,0.080000,0.388960,0.134000,0.088400,10,1,1,1,0,0,0,1,1,1,1,1,0,0,0,1,1,0.197896,0.000000,0.185954,0.000000,0.000000,0.000000,0.195364,0.000000,0.000000,0.257631,0.000000,0.000000,0.000000,0.000000,0.000000,0.163155,use_computer,1,30,7963,computer,none,,,0.000000,1.000000,0,none,,7.811698,7.811698,completed,90,5,clear,24.000000
2,1106,3448088703,150,Day 6 12:43,none,,7.811698,7.811698,completed,0.000000,0.278493,0.114143,0.990000,0.738333,0.100000,0.388960,0.214000,0.070400,10,1,1,1,0,0,0,1,1,1,1,1,0,0,0,1,1,0.186335,0.000000,0.178438,0.000000,0.000000,0.000000,0.212891,0.000000,0.000000,0.260664,0.000000,0.000000,0.000000,0.000000,0.000000,0.161672,rest_at_bed,1,60,8023,bed,none,room-temperature-shift,,0.000000,1.000000,0,none,,7.811698,7.811698,completed,90,5,clear,24.000000
2,1106,3448088703,151,Day 6 13:43,none,,7.811698,7.811698,completed,0.060000,0.023366,0.114143,1.000000,0.788333,0.140000,0.388960,0.014000,0.034400,10,1,1,1,0,0,0,1,1,1,1,1,0,0,0,1,1,0.204150,0.000000,0.189172,0.000000,0.000000,0.000000,0.000000,0.000000,0.175897,0.268782,0.000000,0.000000,0.000000,0.000000,0.000000,0.161998,get_meal,1,35,8058,door,none,,,0.000000,1.000000,0,none,,7.811698,7.811698,completed,90,5,clear,24.000000
2,1106,3448088703,152,Day 6 14:18,none,,7.811698,7.811698,completed,0.031667,0.037366,0.114143,1.000000,0.267500,0.163333,0.388960,0.000000,0.013400,10,1,1,1,0,0,0,1,1,1,1,1,0,0,0,1,1,0.219193,0.000000,0.204076,0.000000,0.000000,0.000000,0.000000,0.000000,0.194125,0.207023,0.000000,0.000000,0.000000,0.000000,0.000000,0.175584,go_to_bathroom,1,15,8073,door,none,,,0.000000,1.000000,0,none,,7.811698,7.811698,completed,90,5,clear,24.000000
2,1106,3448088703,153,Day 6 14:33,none,,7.811698,7.811698,completed,0.036667,0.043366,0.114143,1.000000,0.280000,0.000000,0.388960,0.000000,0.004400,10,1,1,1,0,0,0,1,1,1,1,1,0,0,0,1,1,0.271640,0.000000,0.252871,0.000000,0.000000,0.000000,0.000000,0.000000,0.000000,0.258210,0.000000,0.000000,0.000000,0.000000,0.000000,0.217278,use_computer,1,30,8103,computer,none,,,0.000000,1.000000,0,none,,7.811698,7.811698,completed,90,5,clear,24.000000
2,1106,3448088703,154,Day 6 15:03,none,,7.811698,7.811698,completed,0.000000,0.157454,0.114143,0.990000,0.305000,0.020000,0.388960,0.080000,0.000000,10,1,1,1,0,0,0,1,1,1,1,1,0,0,0,1,1,0.209643,0.000000,0.198278,0.000000,0.000000,0.000000,0.205435,0.000000,0.000000,0.211799,0.000000,0.000000,0.000000,0.000000,0.000000,0.174845,use_computer,1,30,8133,computer,none,,,0.000000,1.000000,0,none,,7.811698,7.811698,completed,90,5,clear,24.000000
2,1106,3448088703,155,Day 6 15:33,none,,7.811698,7.811698,completed,0.000000,0.271541,0.114143,0.980000,0.330000,0.040000,0.388960,0.160000,0.000000,10,1,1,1,0,0,0,1,1,1,1,1,0,0,0,1,1,0.201152,0.000000,0.192361,0.000000,0.000000,0.000000,0.221788,0.000000,0.000000,0.212304,0.000000,0.000000,0.000000,0.000000,0.000000,0.172394,get_meal,1,35,8168,door,none,,,0.000000,1.000000,0,none,,7.811698,7.811698,completed,90,5,clear,24.000000
2,1106,3448088703,156,Day 6 16:08,none,,7.811698,7.811698,completed,0.000000,0.285541,0.114143,1.000000,0.000000,0.063333,0.388960,0.125000,0.000000,10,1,1,1,0,0,0,1,1,1,1,1,0,0,0,1,1,0.256501,0.000000,0.245465,0.000000,0.000000,0.000000,0.279601,0.000000,0.000000,0.000000,0.000000,0.000000,0.000000,0.000000,0.000000,0.218434,use_phone,1,25,8193,phone,none,,,0.000000,1.000000,0,none,,7.811698,7.811698,completed,90,5,clear,24.000000
2,1106,3448088703,157,Day 6 16:33,none,,7.811698,7.811698,completed,0.000000,0.378020,0.114143,1.000000,0.020833,0.080000,0.388960,0.220000,0.085000,10,1,1,1,0,0,0,1,1,1,1,1,0,0,0,1,1,0.246136,0.000000,0.237768,0.000000,0.000000,0.000000,0.300407,0.000000,0.000000,0.000000,0.000000,0.000000,0.000000,0.000000,0.000000,0.215689,rest_at_bed,1,60,8253,bed,none,weather-rain,,0.000000,1.000000,0,none,,7.811698,7.811698,completed,90,5,rain,24.000000
2,1106,3448088703,158,Day 6 17:33,none,,7.811698,7.811698,completed,0.060000,0.122893,0.114143,1.000000,0.070833,0.120000,0.388960,0.020000,0.049000,10,1,1,1,0,0,0,1,1,1,1,1,0,0,0,1,1,0.274978,0.000000,0.257034,0.000000,0.000000,0.000000,0.247608,0.000000,0.000000,0.000000,0.000000,0.000000,0.000000,0.000000,0.000000,0.220379,use_computer,1,30,8283,computer,none,message-study-group,,0.000000,1.000000,0,none,,7.811698,7.811698,completed,90,6,rain,24.000000
2,1106,3448088703,159,Day 6 18:03,none,,7.811698,7.811698,completed,0.000000,0.236981,0.114143,0.990000,0.095833,0.140000,0.388960,0.100000,0.031000,10,1,1,1,0,0,0,1,1,1,1,1,0,0,0,1,1,0.210175,0.000000,0.200215,0.000000,0.000000,0.000000,0.219029,0.000000,0.193313,0.000000,0.000000,0.000000,0.000000,0.000000,0.000000,0.177268,idle,1,10,8293,,none,,,0.000000,1.000000,0,none,,7.811698,7.811698,completed,90,6,rain,24.000000
2,1106,3448088703,160,Day 6 18:13,none,,7.811698,7.811698,completed,0.123333,0.240981,0.114143,0.936667,0.104167,0.146667,0.388960,0.090000,0.025000,10,1,1,1,0,0,0,1,1,1,1,1,0,0,0,1,1,0.217874,0.000000,0.204252,0.000000,0.000000,0.000000,0.213578,0.000000,0.189641,0.000000,0.000000,0.000000,0.000000,0.000000,0.000000,0.174655,go_to_bathroom,1,15,8308,door,none,,,0.000000,1.000000,0,none,,7.811698,7.811698,completed,90,6,rain,24.000000
2,1106,3448088703,161,Day 6 18:28,none,,7.811698,7.811698,completed,0.128333,0.246981,0.114143,1.000000,0.116667,0.000000,0.388960,0.075000,0.016000,10,1,1,1,0,0,0,1,1,1,1,1,0,0,0,1,1,0.269672,0.000000,0.252721,0.000000,0.000000,0.000000,0.262446,0.000000,0.000000,0.000000,0.000000,0.000000,0.000000,0.000000,0.000000,0.215161,use_computer,1,30,8338,computer,none,,,0.000000,1.000000,0,none,,7.811698,7.811698,completed,90,6,rain,24.000000
2,1106,3448088703,162,Day 6 18:58,none,,7.811698,7.811698,completed,0.000000,0.361068,0.114143,0.990000,0.141667,0.020000,0.388960,0.155000,0.000000,10,1,1,1,0,0,0,1,1,1,1,1,0,0,0,1,1,0.250659,0.000000,0.241554,0.000000,0.000000,0.000000,0.291525,0.000000,0.000000,0.000000,0.000000,0.000000,0.000000,0.000000,0.000000,0.216262,use_computer,1,30,8368,computer,none,,,0.000000,1.000000,0,none,,7.811698,7.811698,completed,90,6,rain,24.000000
2,1106,3448088703,163,Day 6 19:28,none,,7.811698,7.811698,completed,0.000000,0.475156,0.114143,0.980000,0.166667,0.040000,0.388960,0.235000,0.000000,10,1,1,1,0,0,0,1,1,1,1,1,0,0,0,1,1,0.152677,0.000000,0.148766,0.000000,0.000000,0.000000,0.199795,0.213731,0.000000,0.149668,0.000000,0.000000,0.000000,0.000000,0.000000,0.135362,sleep_at_bed,1,480,8848,bed,none,evening,,0.000000,1.000000,0,none,,7.811698,7.811698,completed,90,6,rain,24.000000
2,1106,3448088703,164,Day 7 03:28,none,,7.811698,7.811698,completed,0.080000,0.140733,0.114143,0.900000,0.566667,0.360000,0.388960,0.000000,0.000000,10,1,1,1,0,0,0,1,1,1,1,1,0,0,0,1,1,0.173827,0.000000,0.162261,0.000000,0.000000,0.000000,0.155008,0.000000,0.173806,0.197274,0.000000,0.000000,0.000000,0.000000,0.000000,0.137824,use_computer,1,30,8878,computer,none,,,0.000000,1.000000,0,none,,7.811698,7.811698,completed,90,6,rain,24.000000
2,1106,3448088703,165,Day 7 03:58,none,,7.811698,7.811698,completed,0.000000,0.254820,0.114143,0.890000,0.591667,0.380000,0.388960,0.080000,0.000000,10,1,1,1,0,0,0,1,1,1,1,1,0,0,0,1,1,0.162623,0.000000,0.155111,0.000000,0.000000,0.000000,0.169414,0.000000,0.175886,0.200187,0.000000,0.000000,0.000000,0.000000,0.000000,0.136779,go_to_bathroom,1,15,8893,door,none,,,0.000000,1.000000,0,none,,7.811698,7.811698,completed,90,6,rain,24.000000
2,1106,3448088703,166,Day 7 04:13,none,,7.811698,7.811698,completed,0.005000,0.260820,0.114143,0.965140,0.604167,0.000000,0.388960,0.065000,0.000000,10,1,1,1,0,0,0,1,1,1,1,1,0,0,0,1,1,0.197639,0.000000,0.188443,0.000000,0.000000,0.000000,0.204407,0.000000,0.000000,0.244064,0.000000,0.000000,0.000000,0.000000,0.000000,0.165448,rest_at_bed,1,60,8953,bed,none,,,0.000000,1.000000,0,none,,7.811698,7.811698,completed,90,6,rain,24.000000
2,1106,3448088703,167,Day 7 05:13,none,,7.811698,7.811698,completed,0.065000,0.005693,0.114143,0.995140,0.654167,0.040000,0.388960,0.000000,0.000000,10,1,1,1,0,0,0,1,1,1,1,1,0,0,0,1,1,0.255787,0.000000,0.236454,0.000000,0.000000,0.000000,0.000000,0.000000,0.000000,0.306112,0.000000,0.000000,0.000000,0.000000,0.000000,0.201647,get_meal,1,35,8988,door,none,,,0.000000,1.000000,0,none,,7.811698,7.811698,completed,90,6,rain,24.000000
2,1106,3448088703,168,Day 7 05:48,none,,7.811698,7.811698,completed,0.036667,0.019693,0.114143,1.000000,0.133333,0.063333,0.388960,0.000000,0.000000,10,1,1,1,0,0,0,1,1,1,1,1,0,0,0,1,1,0.366673,0.000000,0.340637,0.000000,0.000000,0.000000,0.000000,0.000000,0.000000,0.000000,0.000000,0.000000,0.000000,0.000000,0.000000,0.292690,use_phone,1,25,9013,phone,none,,,0.000000,1.000000,0,none,,7.811698,7.811698,completed,90,6,rain,24.000000
2,1106,3448088703,169,Day 7 06:13,none,,7.811698,7.811698,completed,0.000000,0.112172,0.114143,1.000000,0.154167,0.080000,0.388960,0.095000,0.085000,10,1,1,1,0,0,0,1,1,1,1,1,0,0,0,1,1,0.215034,0.000000,0.202624,0.000000,0.000000,0.000000,0.206588,0.000000,0.000000,0.196534,0.000000,0.000000,0.000000,0.000000,0.000000,0.179220,use_phone,1,25,9038,phone,none,,,0.000000,1.000000,0,none,,7.811698,7.811698,completed,90,6,rain,24.000000
2,1106,3448088703,170,Day 7 06:38,none,,7.811698,7.811698,completed,0.000000,0.204651,0.114143,1.000000,0.175000,0.096667,0.388960,0.190000,0.170000,10,1,1,1,0,0,0,1,1,1,1,1,0,0,0,1,1,0.172059,0.167579,0.163659,0.000000,0.000000,0.000000,0.185081,0.000000,0.000000,0.164059,0.000000,0.000000,0.000000,0.000000,0.000000,0.147564,use_phone,1,25,9063,phone,none,,,0.000000,1.000000,0,none,,7.811698,7.811698,completed,90,6,rain,24.000000
2,1106,3448088703,171,Day 7 07:03,none,,7.811698,7.811698,completed,0.000000,0.297130,0.114143,1.000000,0.195833,0.113333,0.388960,0.285000,0.255000,10,1,1,1,0,0,0,1,1,1,1,1,0,0,0,1,1,0.163820,0.174047,0.157292,0.000000,0.000000,0.000000,0.197304,0.000000,0.000000,0.162961,0.000000,0.000000,0.000000,0.000000,0.000000,0.144575,rest_at_bed,1,60,9123,bed,none,,,0.000000,1.000000,0,none,,7.811698,7.811698,completed,90,6,rain,24.000000
2,1106,3448088703,172,Day 7 08:03,none,,7.811698,7.811698,completed,0.060000,0.042003,0.114143,1.000000,0.245833,0.153333,0.388960,0.085000,0.219000,10,1,1,1,0,0,0,1,1,1,1,1,0,0,0,1,1,0.156446,0.148079,0.145351,0.000000,0.000000,0.000000,0.139016,0.000000,0.138367,0.146468,0.000000,0.000000,0.000000,0.000000,0.000000,0.126272,go_to_bathroom,1,15,9138,door,none,alarm-rings,,0.000000,1.000000,0,none,,7.811698,7.811698,completed,90,6,rain,24.000000
2,1106,3448088703,173,Day 7 08:18,none,,7.811698,7.811698,completed,0.095000,0.048003,0.114143,1.000000,0.258333,0.000000,0.424906,0.070000,0.210000,11,1,1,1,0,0,0,1,1,1,1,1,0,1,0,1,1,0.151999,0.140501,0.140614,0.000000,0.000000,0.000000,0.131871,0.000000,0.000000,0.140760,0.000000,0.000000,0.173598,0.000000,0.000000,0.120659,rest_at_bed,1,60,9198,bed,none,,,0.000000,1.000000,0,none,,7.811698,7.811698,completed,90,6,rain,24.000000
2,1106,3448088703,174,Day 7 09:18,none,,7.811698,7.811698,completed,0.155000,0.000000,0.114143,1.000000,0.308333,0.040000,0.424906,0.000000,0.174000,11,1,1,1,0,0,0,1,1,1,1,1,0,1,0,1,1,0.180584,0.155733,0.164890,0.000000,0.000000,0.000000,0.000000,0.000000,0.000000,0.164822,0.000000,0.000000,0.196677,0.000000,0.000000,0.137294,use_phone,1,25,9223,phone,none,message-study-group,,0.000000,1.000000,0,none,,7.811698,7.811698,completed,90,7,rain,24.000000
2,1106,3448088703,175,Day 7 09:43,none,,7.811698,7.811698,completed,0.000000,0.092479,0.114143,1.000000,0.329167,0.056667,0.424906,0.095000,0.259000,11,1,1,1,0,0,0,1,1,1,1,1,0,1,0,1,1,0.143824,0.144456,0.135292,0.000000,0.000000,0.000000,0.136121,0.000000,0.000000,0.147287,0.000000,0.000000,0.173354,0.000000,0.000000,0.119665,use_computer,1,30,9253,computer,none,,,0.000000,1.000000,0,none,,7.811698,7.811698,completed,90,7,rain,24.000000
2,1106,3448088703,176,Day 7 10:13,none,,7.811698,7.811698,completed,0.000000,0.206566,0.114143,0.990000,0.354167,0.076667,0.424906,0.175000,0.241000,11,1,1,1,0,0,0,1,1,1,1,1,0,1,0,1,1,0.138909,0.141611,0.132121,0.000000,0.000000,0.000000,0.147927,0.000000,0.000000,0.148613,0.000000,0.000000,0.172052,0.000000,0.000000,0.118767,rest_at_bed,1,60,9313,bed,none,,,0.000000,1.000000,0,none,,7.811698,7.811698,completed,90,7,rain,24.000000
2,1106,3448088703,177,Day 7 11:13,none,,7.811698,7.811698,completed,0.060000,0.000000,0.114143,1.000000,0.404167,0.116667,0.424906,0.000000,0.205000,11,1,1,1,0,0,0,1,1,1,1,1,0,1,0,1,1,0.172815,0.158474,0.159779,0.000000,0.000000,0.000000,0.000000,0.000000,0.000000,0.175691,0.000000,0.000000,0.196801,0.000000,0.000000,0.136440,use_phone,1,25,9338,phone,none,,,0.000000,1.000000,0,none,,7.811698,7.811698,completed,90,7,rain,24.000000
2,1106,3448088703,178,Day 7 11:38,none,,7.811698,7.811698,completed,0.000000,0.092479,0.114143,1.000000,0.425000,0.133333,0.424906,0.095000,0.290000,11,1,1,1,0,0,0,1,1,1,1,1,0,1,0,1,1,0.142017,0.145708,0.133593,0.000000,0.000000,0.000000,0.134412,0.000000,0.000000,0.154931,0.000000,0.000000,0.171177,0.000000,0.000000,0.118162,get_meal,1,35,9373,door,none,,,0.000000,1.000000,0,none,,7.811698,7.811698,completed,90,7,rain,24.000000
2,1106,3448088703,179,Day 7 12:13,none,,7.811698,7.811698,completed,0.000000,0.106479,0.114143,1.000000,0.000000,0.156667,0.424906,0.060000,0.269000,11,1,1,1,0,0,0,1,1,1,1,1,0,1,0,1,1,0.146664,0.147381,0.138062,0.000000,0.000000,0.000000,0.137233,0.000000,0.133751,0.000000,0.000000,0.000000,0.175655,0.000000,0.000000,0.121254,rest_at_bed,1,60,9433,bed,none,room-temperature-shift,,0.000000,1.000000,0,none,,7.811698,7.811698,completed,90,7,rain,17.000000
2,1106,3448088703,180,Day 7 13:13,none,,7.811698,7.811698,completed,0.060000,0.000000,0.114143,0.970000,0.050000,0.196667,0.424906,0.000000,0.233000,11,1,1,1,0,0,0,1,1,1,1,1,0,1,0,1,1,0.176088,0.164608,0.162806,0.000000,0.000000,0.000000,0.000000,0.000000,0.156943,0.000000,0.000000,0.000000,0.200529,0.000000,0.000000,0.139025,use_phone,1,25,9458,phone,none,,,0.000000,1.000000,0,none,,7.811698,7.811698,completed,90,7,rain,17.000000
2,1106,3448088703,181,Day 7 13:38,none,,7.811698,7.811698,completed,0.000000,0.092479,0.114143,1.000000,0.070833,0.213333,0.424906,0.095000,0.318000,11,1,1,1,0,0,0,1,1,1,1,1,0,1,0,1,1,0.144413,0.151041,0.135847,0.000000,0.000000,0.000000,0.136679,0.000000,0.137799,0.000000,0.000000,0.000000,0.174065,0.000000,0.000000,0.120156,idle,1,10,9468,,none,,,0.000000,1.000000,0,none,,7.811698,7.811698,completed,90,7,rain,17.000000
2,1106,3448088703,182,Day 7 13:48,none,,7.811698,7.811698,completed,0.123333,0.096479,0.114143,0.946667,0.079167,0.220000,0.424906,0.085000,0.312000,11,1,1,1,0,0,0,1,1,1,1,1,0,1,0,1,1,0.150780,0.148806,0.139583,0.000000,0.000000,0.000000,0.134237,0.000000,0.136155,0.000000,0.000000,0.000000,0.171202,0.000000,0.000000,0.119237,use_phone,1,25,9493,phone,none,weather-clear,,0.000000,1.000000,0,none,,7.811698,7.811698,completed,90,7,clear,17.000000
2,1106,3448088703,183,Day 7 14:13,none,,7.811698,7.811698,completed,0.000000,0.188958,0.114143,0.978333,0.100000,0.236667,0.424906,0.180000,0.397000,11,1,1,1,0,0,0,1,1,1,1,1,0,1,0,1,1,0.138337,0.156893,0.131385,0.000000,0.000000,0.000000,0.146117,0.000000,0.137775,0.000000,0.000000,0.000000,0.171267,0.000000,0.000000,0.118225,shop_on_phone,1,20,9513,phone,none,,,0.000000,1.000000,0,none,,7.811698,7.811698,completed,60,7,clear,17.000000
2,1106,3448088703,184,Day 7 14:33,none,,7.811698,7.811698,completed,0.006667,0.198523,0.114143,1.000000,0.116667,0.250000,0.424906,0.240000,0.000000,11,1,1,1,0,0,0,1,1,1,1,1,0,1,0,1,1,0.161846,0.000000,0.153839,0.000000,0.000000,0.000000,0.177491,0.000000,0.164422,0.000000,0.000000,0.000000,0.202529,0.000000,0.000000,0.139872,turn_off_alarm,1,1,9514,alarm,none,,,0.000000,1.000000,0,none,,7.811698,7.811698,completed,60,7,clear,17.000000
2,1106,3448088703,185,Day 7 14:34,none,,7.811698,7.811698,completed,0.007000,0.198923,0.114143,1.000000,0.117500,0.250667,0.404906,0.239000,0.000000,10,1,1,1,0,0,0,1,1,1,1,1,0,0,0,1,1,0.202913,0.000000,0.192870,0.000000,0.000000,0.000000,0.222742,0.000000,0.206167,0.000000,0.000000,0.000000,0.000000,0.000000,0.000000,0.175308,go_to_bathroom,1,15,9529,door,none,,,0.000000,1.000000,0,none,,7.811698,7.811698,completed,60,7,clear,17.000000
2,1106,3448088703,186,Day 7 14:49,none,,7.811698,7.811698,completed,0.012000,0.204923,0.114143,1.000000,0.130000,0.000000,0.404906,0.224000,0.000000,10,1,1,1,0,0,0,1,1,1,1,1,0,0,0,1,1,0.256420,0.000000,0.243642,0.000000,0.000000,0.000000,0.279445,0.000000,0.000000,0.000000,0.000000,0.000000,0.000000,0.000000,0.000000,0.220493,idle,1,10,9539,,none,,,0.000000,1.000000,0,none,,7.811698,7.811698,completed,60,7,clear,17.000000
2,1106,3448088703,187,Day 7 14:59,none,,7.811698,7.811698,completed,0.135333,0.208923,0.114143,0.946667,0.138333,0.006667,0.404906,0.214000,0.000000,10,1,1,1,0,0,0,1,1,1,1,1,0,0,0,1,1,0.264727,0.000000,0.247540,0.000000,0.000000,0.000000,0.271378,0.000000,0.000000,0.000000,0.000000,0.000000,0.000000,0.000000,0.000000,0.216356,use_phone,1,25,9564,phone,none,,,0.000000,1.000000,0,none,,7.811698,7.811698,completed,60,7,clear,17.000000
2,1106,3448088703,188,Day 7 15:24,none,,7.811698,7.811698,completed,0.000000,0.301402,0.114143,0.978333,0.159167,0.023333,0.404906,0.309000,0.085000,10,1,1,1,0,0,0,1,1,1,1,1,0,0,0,1,1,0.198107,0.000000,0.190349,0.000000,0.000000,0.000000,0.242302,0.000000,0.000000,0.193432,0.000000,0.000000,0.000000,0.000000,0.000000,0.175810,idle,1,10,9574,,none,,,0.000000,1.000000,0,none,,7.811698,7.811698,completed,60,7,clear,17.000000
2,1106,3448088703,189,Day 7 15:34,none,,7.811698,7.811698,completed,0.123333,0.305402,0.114143,0.925000,0.167500,0.030000,0.404906,0.299000,0.079000,10,1,1,1,0,0,0,1,1,1,1,1,0,0,0,1,1,0.205574,0.000000,0.194386,0.000000,0.000000,0.000000,0.236515,0.000000,0.000000,0.190127,0.000000,0.000000,0.000000,0.000000,0.000000,0.173397,rest_at_bed,1,60,9634,bed,none,,,0.000000,1.000000,0,none,,7.811698,7.811698,completed,60,7,clear,17.000000
2,1106,3448088703,190,Day 7 16:34,none,,7.811698,7.811698,completed,0.183333,0.050275,0.114143,0.955000,0.217500,0.070000,0.404906,0.099000,0.043000,10,1,1,1,0,0,0,1,1,1,1,1,0,0,0,1,1,0.226980,0.000000,0.207682,0.000000,0.000000,0.000000,0.192668,0.000000,0.000000,0.197572,0.000000,0.000000,0.000000,0.000000,0.000000,0.175097,rest_at_bed,1,60,9694,bed,none,evening,,0.000000,1.000000,0,none,,7.811698,7.811698,completed,60,7,clear,17.000000
2,1106,3448088703,191,Day 7 17:34,none,,7.811698,7.811698,completed,0.243333,0.000000,0.114143,0.985000,0.267500,0.110000,0.404906,0.000000,0.007000,10,1,1,1,0,0,0,1,1,1,1,1,0,0,0,1,1,0.286618,0.000000,0.258688,0.000000,0.000000,0.000000,0.000000,0.000000,0.000000,0.244301,0.000000,0.000000,0.000000,0.000000,0.000000,0.210393,use_phone,1,25,9719,phone,none,,,0.000000,1.000000,0,none,,7.811698,7.811698,completed,60,7,clear,17.000000
2,1106,3448088703,192,Day 7 17:59,none,,7.811698,7.811698,completed,0.031667,0.092479,0.114143,1.000000,0.288333,0.126667,0.404906,0.095000,0.092000,10,1,1,1,0,0,0,1,1,1,1,1,0,0,0,1,1,0.213932,0.000000,0.200406,0.000000,0.000000,0.000000,0.199776,0.000000,0.000000,0.210113,0.000000,0.000000,0.000000,0.000000,0.000000,0.175772,use_computer,1,30,9749,computer,none,,,0.000000,1.000000,0,none,,7.811698,7.811698,completed,60,7,clear,17.000000
2,1106,3448088703,193,Day 7 18:29,none,,7.811698,7.811698,completed,0.000000,0.206566,0.114143,0.990000,0.313333,0.146667,0.404906,0.175000,0.074000,10,1,1,1,0,0,0,1,1,1,1,1,0,0,0,1,1,0.170921,0.000000,0.162568,0.000000,0.000000,0.000000,0.182280,0.000000,0.160095,0.178000,0.000000,0.000000,0.000000,0.000000,0.000000,0.146136,use_computer,1,30,9779,computer,none,,,0.000000,1.000000,0,none,,7.811698,7.811698,completed,60,7,clear,17.000000
2,1106,3448088703,194,Day 7 18:59,none,,7.811698,7.811698,completed,0.000000,0.320654,0.114143,0.980000,0.338333,0.166667,0.404906,0.255000,0.056000,10,1,1,1,0,0,0,1,1,1,1,1,0,0,0,1,1,0.163827,0.000000,0.157551,0.000000,0.000000,0.000000,0.196582,0.000000,0.159866,0.178236,0.000000,0.000000,0.000000,0.000000,0.000000,0.143937,go_to_bathroom,1,15,9794,door,none,,,0.000000,1.000000,0,none,,7.811698,7.811698,completed,60,7,clear,17.000000
2,1106,3448088703,195,Day 7 19:14,none,,7.811698,7.811698,completed,0.005000,0.326654,0.114143,1.000000,0.350833,0.000000,0.404906,0.240000,0.047000,10,1,1,1,0,0,0,1,1,1,1,1,0,0,0,1,1,0.195370,0.000000,0.187820,0.000000,0.000000,0.000000,0.232740,0.000000,0.000000,0.213228,0.000000,0.000000,0.000000,0.000000,0.000000,0.170843,use_computer,1,30,9824,computer,none,,,0.000000,1.000000,0,none,,7.811698,7.811698,completed,60,7,clear,17.000000
2,1106,3448088703,196,Day 7 19:44,none,,7.811698,7.811698,completed,0.000000,0.440741,0.114143,0.990000,0.375833,0.020000,0.404906,0.320000,0.029000,10,1,1,1,0,0,0,1,1,1,1,1,0,0,0,1,1,0.147231,0.000000,0.143208,0.000000,0.000000,0.000000,0.197811,0.210921,0.000000,0.168266,0.000000,0.000000,0.000000,0.000000,0.000000,0.132564,use_phone,1,25,9849,phone,none,,,0.000000,1.000000,0,none,,7.811698,7.811698,completed,60,7,clear,17.000000
2,1106,3448088703,197,Day 7 20:09,none,,7.811698,7.811698,completed,0.000000,0.533220,0.114143,1.000000,0.396667,0.036667,0.404906,0.415000,0.114000,10,1,1,1,0,0,0,1,1,1,1,1,0,0,0,1,1,0.159365,0.000000,0.000000,0.000000,0.000000,0.000000,0.239733,0.263238,0.000000,0.190012,0.000000,0.000000,0.000000,0.000000,0.000000,0.147652,rest_at_bed,1,60,9909,bed,none,,,0.000000,1.000000,0,none,,7.811698,7.811698,completed,60,7,clear,17.000000
2,1106,3448088703,198,Day 7 21:09,none,,7.811698,7.811698,completed,0.060000,0.278093,0.114143,1.000000,0.446667,0.076667,0.404906,0.215000,0.078000,10,1,1,1,0,0,0,1,1,1,1,1,0,0,0,1,1,0.198829,0.000000,0.188903,0.000000,0.000000,0.000000,0.220673,0.000000,0.000000,0.223116,0.000000,0.000000,0.000000,0.000000,0.000000,0.168479,use_computer,1,30,9939,computer,none,,,0.000000,1.000000,0,none,,7.811698,7.811698,completed,60,7,clear,17.000000
2,1106,3448088703,199,Day 7 21:39,none,,7.811698,7.811698,completed,0.000000,0.392181,0.114143,0.990000,0.471667,0.096667,0.404906,0.295000,0.060000,10,1,1,1,0,0,0,1,1,1,1,1,0,0,0,1,1,0.149238,0.000000,0.144498,0.000000,0.000000,0.000000,0.191691,0.201539,0.000000,0.179951,0.000000,0.000000,0.000000,0.000000,0.000000,0.133083,rest_at_bed,1,60,9999,bed,none,,,0.000000,1.000000,0,none,,7.811698,7.811698,completed,60,7,clear,17.000000
2,1106,3448088703,200,Day 7 22:39,none,,7.811698,7.811698,completed,0.060000,0.137054,0.114143,1.000000,0.521667,0.136667,0.404906,0.095000,0.024000,10,1,1,1,0,0,0,1,1,1,1,1,0,0,0,1,1,0.206825,0.000000,0.193776,0.000000,0.000000,0.000000,0.196001,0.000000,0.000000,0.234716,0.000000,0.000000,0.000000,0.000000,0.000000,0.168681,use_phone,1,25,10024,phone,none,,,0.000000,1.000000,0,none,,7.811698,7.811698,completed,60,7,clear,17.000000
2,1106,3448088703,201,Day 7 23:04,none,,7.811698,7.811698,completed,0.000000,0.229533,0.114143,1.000000,0.542500,0.153333,0.404906,0.190000,0.109000,10,1,1,1,0,0,0,1,1,1,1,1,0,0,0,1,1,0.164805,0.000000,0.157098,0.000000,0.000000,0.000000,0.179865,0.000000,0.155890,0.200696,0.000000,0.000000,0.000000,0.000000,0.000000,0.141648,use_phone,1,25,10049,phone,none,,,0.000000,1.000000,0,none,,7.811698,7.811698,completed,60,7,clear,17.000000
2,1106,3448088703,202,Day 7 23:29,none,,7.811698,7.811698,completed,0.000000,0.322012,0.114143,1.000000,0.563333,0.170000,0.404906,0.285000,0.194000,10,1,1,1,0,0,0,1,1,1,1,1,0,0,0,1,1,0.136152,0.139021,0.131009,0.000000,0.000000,0.000000,0.166374,0.000000,0.134050,0.172976,0.000000,0.000000,0.000000,0.000000,0.000000,0.120417,use_phone,1,25,10074,phone,none,,,0.000000,1.000000,0,none,,7.811698,7.811698,completed,60,7,clear,17.000000
2,1106,3448088703,203,Day 7 23:54,none,,7.811698,7.811698,completed,0.000000,0.414490,0.114143,1.000000,0.584167,0.186667,0.404906,0.380000,0.279000,10,1,1,1,0,0,0,1,1,1,1,1,0,0,0,1,1,0.109085,0.121500,0.105954,0.000000,0.000000,0.000000,0.149248,0.158564,0.111789,0.144583,0.000000,0.000000,0.000000,0.000000,0.000000,0.099277,get_meal,1,35,10109,door,none,,,0.000000,1.000000,0,none,,7.811698,7.811698,completed,60,7,clear,17.000000
2,1106,3448088703,204,Day 8 00:29,none,,7.811698,7.811698,completed,0.000000,0.428490,0.114143,1.000000,0.063333,0.210000,0.404906,0.345000,0.258000,10,1,1,1,0,0,0,1,1,1,1,1,0,0,0,1,1,0.128301,0.139964,0.124707,0.000000,0.000000,0.000000,0.173545,0.184703,0.132757,0.000000,0.000000,0.000000,0.000000,0.000000,0.000000,0.116024,rest_at_bed,1,60,10169,bed,none,,,0.000000,1.000000,0,none,,7.811698,7.811698,completed,60,7,clear,17.000000
2,1106,3448088703,205,Day 8 01:29,none,,7.811698,7.811698,completed,0.060000,0.173364,0.114143,1.000000,0.113333,0.250000,0.404906,0.145000,0.222000,10,1,1,1,0,0,0,1,1,1,1,1,0,0,0,1,1,0.175256,0.170329,0.164835,0.000000,0.000000,0.000000,0.174899,0.000000,0.169733,0.000000,0.000000,0.000000,0.000000,0.000000,0.000000,0.144947,rest_at_bed,1,60,10229,bed,none,,,0.000000,1.000000,0,none,,7.811698,7.811698,completed,60,7,clear,17.000000
2,1106,3448088703,206,Day 8 02:29,none,,7.811698,7.811698,completed,0.120000,0.000000,0.114143,1.000000,0.163333,0.290000,0.404906,0.000000,0.186000,10,1,1,1,0,0,0,1,1,1,1,1,0,0,0,1,1,0.187344,0.165326,0.171852,0.000000,0.000000,0.000000,0.000000,0.000000,0.173083,0.157966,0.000000,0.000000,0.000000,0.000000,0.000000,0.144428,get_meal,1,35,10264,door,none,,,0.000000,1.000000,0,none,,7.811698,7.811698,completed,60,7,clear,17.000000
2,1106,3448088703,207,Day 8 03:04,none,,7.811698,7.811698,completed,0.091667,0.014000,0.114143,1.000000,0.000000,0.313333,0.404906,0.000000,0.165000,10,1,1,1,0,0,0,1,1,1,1,1,0,0,0,1,1,0.220441,0.194295,0.203213,0.000000,0.000000,0.000000,0.000000,0.000000,0.209977,0.000000,0.000000,0.000000,0.000000,0.000000,0.000000,0.172075,idle,1,10,10274,,none,,,0.000000,1.000000,0,none,,7.811698,7.811698,completed,60,7,clear,17.000000
2,1106,3448088703,208,Day 8 03:14,none,,7.811698,7.811698,completed,0.215000,0.018000,0.114143,0.946667,0.008333,0.320000,0.404906,0.000000,0.159000,10,1,1,1,0,0,0,1,1,1,1,1,0,0,0,1,1,0.227909,0.189958,0.206790,0.000000,0.000000,0.000000,0.000000,0.000000,0.205887,0.000000,0.000000,0.000000,0.000000,0.000000,0.000000,0.169456,idle,1,10,10284,,none,,,0.000000,1.000000,0,none,,7.811698,7.811698,completed,60,7,clear,17.000000
2,1106,3448088703,209,Day 8 03:24,none,,7.811698,7.811698,completed,0.338333,0.022000,0.114143,0.893333,0.016667,0.326667,0.404906,0.000000,0.153000,10,1,1,1,0,0,0,1,1,1,1,1,0,0,0,1,1,0.235505,0.185620,0.210318,0.000000,0.000000,0.000000,0.000000,0.000000,0.201770,0.000000,0.000000,0.000000,0.000000,0.000000,0.000000,0.166788,use_computer,1,30,10314,computer,none,,,0.000000,1.000000,0,none,,7.811698,7.811698,completed,60,7,clear,17.000000
2,1106,3448088703,210,Day 8 03:54,none,,7.811698,7.811698,completed,0.188333,0.136087,0.114143,0.883333,0.041667,0.346667,0.404906,0.080000,0.135000,10,1,1,1,0,0,0,1,1,1,1,1,0,0,0,1,1,0.185616,0.158208,0.170944,0.000000,0.000000,0.000000,0.164086,0.000000,0.177766,0.000000,0.000000,0.000000,0.000000,0.000000,0.000000,0.143379,go_to_bathroom,1,15,10329,door,none,,,0.000000,1.000000,0,none,,7.811698,7.811698,completed,60,7,clear,17.000000
2,1106,3448088703,211,Day 8 04:09,none,,7.811698,7.811698,completed,0.193333,0.142087,0.114143,0.958474,0.054167,0.000000,0.404906,0.065000,0.126000,10,1,1,1,0,0,0,1,1,1,1,1,0,0,0,1,1,0.226754,0.191153,0.208756,0.000000,0.000000,0.000000,0.199005,0.000000,0.000000,0.000000,0.000000,0.000000,0.000000,0.000000,0.000000,0.174332,shop_on_phone,1,20,10349,phone,none,,,0.000000,1.000000,0,none,,7.811698,7.811698,completed,30,7,clear,17.000000
2,1106,3448088703,212,Day 8 04:29,none,,7.811698,7.811698,completed,0.200000,0.151653,0.114143,1.000000,0.070833,0.013333,0.404906,0.125000,0.000000,10,1,1,1,0,0,0,1,1,1,1,1,0,0,0,1,1,0.277004,0.000000,0.255226,0.000000,0.000000,0.000000,0.252410,0.000000,0.000000,0.000000,0.000000,0.000000,0.000000,0.000000,0.000000,0.215360,idle,1,10,10359,,none,,,0.000000,1.000000,0,none,,7.811698,7.811698,completed,30,7,clear,17.000000
2,1106,3448088703,213,Day 8 04:39,none,,7.811698,7.811698,completed,0.323333,0.155653,0.114143,0.946667,0.079167,0.020000,0.404906,0.115000,0.000000,10,1,1,1,0,0,0,1,1,1,1,1,0,0,0,1,1,0.285484,0.000000,0.258861,0.000000,0.000000,0.000000,0.244700,0.000000,0.000000,0.000000,0.000000,0.000000,0.000000,0.000000,0.000000,0.210955,use_computer,1,30,10389,computer,none,,,0.000000,1.000000,0,none,,7.811698,7.811698,completed,30,7,clear,17.000000
2,1106,3448088703,214,Day 8 05:09,none,,7.811698,7.811698,completed,0.173333,0.269741,0.114143,0.936667,0.104167,0.040000,0.404906,0.195000,0.000000,10,1,1,1,0,0,0,1,1,1,1,1,0,0,0,1,1,0.264842,0.000000,0.247647,0.000000,0.000000,0.000000,0.274059,0.000000,0.000000,0.000000,0.000000,0.000000,0.000000,0.000000,0.000000,0.213452,use_phone,1,25,10414,phone,none,,,0.000000,1.000000,0,none,,7.811698,7.811698,completed,30,7,clear,17.000000
2,1106,3448088703,215,Day 8 05:34,none,,7.811698,7.811698,completed,0.000000,0.362219,0.114143,0.968333,0.125000,0.056667,0.404906,0.290000,0.085000,10,1,1,1,0,0,0,1,1,1,1,1,0,0,0,1,1,0.184442,0.000000,0.178107,0.000000,0.000000,0.000000,0.231819,0.241759,0.000000,0.000000,0.000000,0.000000,0.000000,0.000000,0.000000,0.163873,use_phone,1,25,10439,phone,none,,,0.000000,1.000000,0,none,,7.811698,7.811698,completed,30,7,clear,17.000000
2,1106,3448088703,216,Day 8 05:59,none,,7.811698,7.811698,completed,0.000000,0.454698,0.114143,1.000000,0.145833,0.073333,0.404906,0.385000,0.170000,10,1,1,1,0,0,0,1,1,1,1,1,0,0,0,1,1,0.127503,0.132382,0.124285,0.000000,0.000000,0.000000,0.179429,0.192699,0.000000,0.127131,0.000000,0.000000,0.000000,0.000000,0.000000,0.116571,get_meal,1,35,10474,door,none,,,0.000000,1.000000,0,none,,7.811698,7.811698,completed,30,7,clear,17.000000
2,1106,3448088703,217,Day 8 06:34,none,,7.811698,7.811698,completed,0.000000,0.468698,0.114143,1.000000,0.000000,0.096667,0.404906,0.350000,0.149000,10,1,1,1,0,0,0,1,1,1,1,1,0,0,0,1,1,0.147299,0.149791,0.143684,0.000000,0.000000,0.000000,0.204933,0.220479,0.000000,0.000000,0.000000,0.000000,0.000000,0.000000,0.000000,0.133814,use_phone,1,25,10499,phone,none,,,0.000000,1.000000,0,none,,7.811698,7.811698,completed,30,7,clear,17.000000
2,1106,3448088703,218,Day 8 06:59,none,,7.811698,7.811698,completed,0.000000,0.561177,0.114143,1.000000,0.020833,0.113333,0.404906,0.445000,0.234000,10,1,1,1,0,0,0,1,1,1,1,1,0,0,0,1,1,0.135698,0.150527,0.000000,0.000000,0.000000,0.000000,0.211383,0.234194,0.000000,0.000000,0.000000,0.000000,0.000000,0.000000,0.141346,0.126852,rest_at_bed,1,60,10559,bed,none,,,0.000000,1.000000,0,none,,7.811698,7.811698,completed,30,7,clear,17.000000
2,1106,3448088703,219,Day 8 07:59,none,,7.811698,7.811698,completed,0.060000,0.306050,0.114143,1.000000,0.070833,0.153333,0.404906,0.245000,0.198000,10,1,1,1,0,0,0,1,1,1,1,1,0,0,0,1,1,0.170006,0.168010,0.161981,0.000000,0.000000,0.000000,0.195386,0.000000,0.159270,0.000000,0.000000,0.000000,0.000000,0.000000,0.000000,0.145348,rest_at_bed,1,60,10619,bed,none,alarm-rings,,0.000000,1.000000,0,none,,7.811698,7.811698,completed,30,7,clear,17.000000
2,1106,3448088703,220,Day 8 08:59,none,,7.811698,7.811698,completed,0.150000,0.050923,0.114143,1.000000,0.120833,0.193333,0.440853,0.045000,0.162000,11,1,1,1,0,0,0,1,1,1,1,1,0,1,0,1,1,0.157003,0.136491,0.144181,0.000000,0.000000,0.000000,0.130926,0.000000,0.135746,0.000000,0.000000,0.000000,0.174343,0.000000,0.000000,0.121309,use_computer,1,30,10649,computer,none,,,0.000000,1.000000,0,none,,7.811698,7.811698,completed,30,7,clear,17.000000
2,1106,3448088703,221,Day 8 09:29,none,,7.811698,7.811698,completed,0.000000,0.165011,0.114143,0.990000,0.145833,0.213333,0.440853,0.125000,0.144000,11,1,1,1,0,0,0,1,1,1,1,1,0,1,0,1,1,0.127444,0.119813,0.120693,0.000000,0.000000,0.000000,0.128305,0.000000,0.123173,0.117132,0.000000,0.000000,0.156038,0.000000,0.000000,0.107402,turn_off_alarm,1,1,10650,alarm,none,,,0.000000,1.000000,0,none,,7.811698,7.811698,completed,30,7,clear,17.000000
2,1106,3448088703,222,Day 8 09:30,none,,7.811698,7.811698,completed,0.000333,0.165411,0.114143,1.000000,0.146667,0.214000,0.420853,0.124000,0.143400,10,1,1,1,0,0,0,1,1,1,1,1,0,0,0,1,1,0.151000,0.141854,0.142998,0.000000,0.000000,0.000000,0.152166,0.000000,0.145957,0.138811,0.000000,0.000000,0.000000,0.000000,0.000000,0.127214,use_phone,1,25,10675,phone,none,,,0.000000,1.000000,0,none,,7.811698,7.811698,completed,30,7,clear,17.000000
2,1106,3448088703,223,Day 8 09:55,none,,7.811698,7.811698,completed,0.000000,0.257890,0.114143,1.000000,0.167500,0.230667,0.420853,0.219000,0.228400,10,1,1,1,0,0,0,1,1,1,1,1,0,0,0,1,1,0.144054,0.147641,0.137713,0.000000,0.000000,0.000000,0.162562,0.000000,0.144955,0.138176,0.000000,0.000000,0.000000,0.000000,0.000000,0.124900,get_meal,1,35,10710,door,none,,,0.000000,1.000000,0,none,,7.811698,7.811698,completed,30,7,clear,17.000000
2,1106,3448088703,224,Day 8 10:30,none,,7.811698,7.811698,completed,0.000000,0.271890,0.114143,1.000000,0.000000,0.254000,0.420853,0.184000,0.207400,10,1,1,1,0,0,0,1,1,1,1,1,0,0,0,1,1,0.167963,0.168605,0.160683,0.000000,0.000000,0.000000,0.187389,0.000000,0.170654,0.000000,0.000000,0.000000,0.000000,0.000000,0.000000,0.144705,idle,1,10,10720,,none,,,0.000000,1.000000,0,none,,7.811698,7.811698,completed,30,7,clear,17.000000
2,1106,3448088703,225,Day 8 10:40,none,,7.811698,7.811698,completed,0.123333,0.275890,0.114143,0.946667,0.008333,0.260667,0.420853,0.174000,0.201400,10,1,1,1,0,0,0,1,1,1,1,1,0,0,0,1,1,0.174873,0.165640,0.164636,0.000000,0.000000,0.000000,0.183520,0.000000,0.168140,0.000000,0.000000,0.000000,0.000000,0.000000,0.000000,0.143192,go_to_bathroom,1,15,10735,door,none,,,0.000000,1.000000,0,none,,7.811698,7.811698,completed,30,7,clear,17.000000
2,1106,3448088703,226,Day 8 10:55,none,,7.811698,7.811698,completed,0.128333,0.281890,0.114143,1.000000,0.020833,0.000000,0.420853,0.159000,0.192400,10,1,1,1,0,0,0,1,1,1,1,1,0,0,0,1,1,0.211202,0.197858,0.198768,0.000000,0.000000,0.000000,0.220046,0.000000,0.000000,0.000000,0.000000,0.000000,0.000000,0.000000,0.000000,0.172126,use_computer,1,30,10765,computer,none,,,0.000000,1.000000,0,none,,7.811698,7.811698,completed,30,7,clear,17.000000
2,1106,3448088703,227,Day 8 11:25,none,,7.811698,7.811698,completed,0.000000,0.395977,0.114143,0.990000,0.045833,0.020000,0.420853,0.239000,0.174400,10,1,1,1,0,0,0,1,1,1,1,1,0,0,0,1,1,0.156106,0.156707,0.151075,0.000000,0.000000,0.000000,0.194367,0.204171,0.000000,0.000000,0.000000,0.000000,0.000000,0.000000,0.000000,0.137574,rest_at_bed,1,60,10825,bed,none,message-study-group,,0.000000,1.000000,0,none,,7.811698,7.811698,completed,30,8,clear,17.000000
2,1106,3448088703,228,Day 8 12:25,none,,7.811698,7.811698,completed,0.060000,0.140850,0.114143,1.000000,0.095833,0.060000,0.420853,0.039000,0.138400,10,1,1,1,0,0,0,1,1,1,1,1,0,0,0,1,1,0.219519,0.196323,0.205570,0.000000,0.000000,0.000000,0.201655,0.000000,0.000000,0.000000,0.000000,0.000000,0.000000,0.000000,0.000000,0.176933,shop_on_phone,1,20,10845,phone,none,,,0.000000,1.000000,0,none,,7.811698,7.811698,completed,0,8,clear,17.000000
2,1106,3448088703,229,Day 8 12:45,none,,7.811698,7.811698,completed,0.066667,0.150416,0.114143,1.000000,0.112500,0.073333,0.420853,0.099000,0.000000,10,1,1,1,0,0,0,1,1,1,1,1,0,0,0,1,1,0.269828,0.000000,0.252889,0.000000,0.000000,0.000000,0.257355,0.000000,0.000000,0.000000,0.000000,0.000000,0.000000,0.000000,0.000000,0.219927,rest_at_bed,1,60,10905,bed,none,weather-clear,,0.000000,1.000000,0,none,,7.811698,7.811698,completed,0,8,clear,17.000000
2,1106,3448088703,230,Day 8 13:45,none,,7.811698,7.811698,completed,0.126667,0.000000,0.114143,1.000000,0.162500,0.113333,0.420853,0.000000,0.000000,10,1,1,1,0,0,0,1,1,1,1,1,0,0,0,1,1,0.283650,0.000000,0.259966,0.000000,0.000000,0.000000,0.000000,0.000000,0.000000,0.238291,0.000000,0.000000,0.000000,0.000000,0.000000,0.218093,use_computer,1,30,10935,computer,none,,,0.000000,1.000000,0,none,,7.811698,7.811698,completed,0,8,clear,17.000000
2,1106,3448088703,231,Day 8 14:15,none,,7.811698,7.811698,completed,0.000000,0.114087,0.114143,0.990000,0.187500,0.133333,0.420853,0.080000,0.000000,10,1,1,1,0,0,0,1,1,1,1,1,0,0,0,1,1,0.214780,0.000000,0.202375,0.000000,0.000000,0.000000,0.204339,0.000000,0.000000,0.200049,0.000000,0.000000,0.000000,0.000000,0.000000,0.178457,rest_at_bed,1,60,10995,bed,none,,,0.000000,1.000000,0,none,,7.811698,7.811698,completed,0,8,clear,17.000000
2,1106,3448088703,232,Day 8 15:15,none,,7.811698,7.811698,completed,0.060000,0.000000,0.114143,1.000000,0.237500,0.173333,0.420853,0.000000,0.000000,10,1,1,1,0,0,0,1,1,1,1,1,0,0,0,1,1,0.222125,0.000000,0.205370,0.000000,0.000000,0.000000,0.000000,0.000000,0.194827,0.202305,0.000000,0.000000,0.000000,0.000000,0.000000,0.175372,get_meal,1,35,11030,door,none,,,0.000000,1.000000,0,none,,7.811698,7.811698,completed,0,8,clear,17.000000
2,1106,3448088703,233,Day 8 15:50,none,,7.811698,7.811698,completed,0.031667,0.014000,0.114143,1.000000,0.000000,0.196667,0.420853,0.000000,0.000000,10,1,1,1,0,0,0,1,1,1,1,1,0,0,0,1,1,0.275263,0.000000,0.255760,0.000000,0.000000,0.000000,0.000000,0.000000,0.248923,0.000000,0.000000,0.000000,0.000000,0.000000,0.000000,0.220053,idle,1,10,11040,,none,,,0.000000,1.000000,0,none,,7.811698,7.811698,completed,0,8,clear,17.000000
2,1106,3448088703,234,Day 8 16:00,none,,7.811698,7.811698,completed,0.155000,0.018000,0.114143,0.946667,0.008333,0.203333,0.420853,0.000000,0.000000,10,1,1,1,0,0,0,1,1,1,1,1,0,0,0,1,1,0.282996,0.000000,0.258805,0.000000,0.000000,0.000000,0.000000,0.000000,0.242709,0.000000,0.000000,0.000000,0.000000,0.000000,0.000000,0.215490,use_computer,1,30,11070,computer,none,,,0.000000,1.000000,0,none,,7.811698,7.811698,completed,0,8,clear,17.000000
2,1106,3448088703,235,Day 8 16:30,none,,7.811698,7.811698,completed,0.005000,0.132087,0.114143,0.936667,0.033333,0.223333,0.420853,0.080000,0.000000,10,1,1,1,0,0,0,1,1,1,1,1,0,0,0,1,1,0.213116,0.000000,0.200988,0.000000,0.000000,0.000000,0.204582,0.000000,0.204315,0.000000,0.000000,0.000000,0.000000,0.000000,0.000000,0.176999,use_phone,1,25,11095,phone,none,,,0.000000,1.000000,0,none,,7.811698,7.811698,completed,0,8,clear,17.000000
2,1106,3448088703,236,Day 8 16:55,none,,7.811698,7.811698,completed,0.000000,0.224566,0.114143,0.968333,0.054167,0.240000,0.420853,0.175000,0.085000,10,1,1,1,0,0,0,1,1,1,1,1,0,0,0,1,1,0.204645,0.000000,0.194948,0.000000,0.000000,0.000000,0.220473,0.000000,0.204691,0.000000,0.000000,0.000000,0.000000,0.000000,0.000000,0.175243,use_phone,1,25,11120,phone,none,,,0.000000,1.000000,0,none,,7.811698,7.811698,completed,0,8,clear,17.000000
2,1106,3448088703,237,Day 8 17:20,none,,7.811698,7.811698,completed,0.000000,0.317045,0.114143,1.000000,0.075000,0.256667,0.420853,0.270000,0.170000,10,1,1,1,0,0,0,1,1,1,1,1,0,0,0,1,1,0.164181,0.164296,0.157877,0.000000,0.000000,0.000000,0.198044,0.000000,0.170928,0.000000,0.000000,0.000000,0.000000,0.000000,0.000000,0.144673,rest_at_bed,1,60,11180,bed,none,evening,,0.000000,1.000000,0,none,,7.811698,7.811698,completed,0,8,clear,17.000000
2,1106,3448088703,238,Day 8 18:20,none,,7.811698,7.811698,completed,0.060000,0.061918,0.114143,1.000000,0.125000,0.296667,0.420853,0.070000,0.134000,10,1,1,1,0,0,0,1,1,1,1,1,0,0,0,1,1,0.182072,0.162322,0.169416,0.000000,0.000000,0.000000,0.162038,0.000000,0.177420,0.000000,0.000000,0.000000,0.000000,0.000000,0.000000,0.146732,idle,1,10,11190,,none,,,0.000000,1.000000,0,none,,7.811698,7.811698,completed,0,8,clear,17.000000
2,1106,3448088703,239,Day 8 18:30,none,,7.811698,7.811698,completed,0.183333,0.065918,0.114143,0.946667,0.133333,0.303333,0.420853,0.060000,0.128000,10,1,1,1,0,0,0,1,1,1,1,1,0,0,0,1,1,0.189314,0.159259,0.173356,0.000000,0.000000,0.000000,0.158485,0.000000,0.174578,0.000000,0.000000,0.000000,0.000000,0.000000,0.000000,0.145008,idle,1,10,11200,,none,,,0.000000,1.000000,0,none,,7.811698,7.811698,completed,0,8,clear,17.000000
2,1106,3448088703,240,Day 8 18:40,none,,7.811698,7.811698,completed,0.306667,0.069918,0.114143,0.893333,0.141667,0.310000,0.420853,0.050000,0.122000,10,1,1,1,0,0,0,1,1,1,1,1,0,0,0,1,1,0.196730,0.156162,0.177285,0.000000,0.000000,0.000000,0.154920,0.000000,0.171681,0.000000,0.000000,0.000000,0.000000,0.000000,0.000000,0.143222,shop_on_phone,0,0,11200,phone,resource_insufficient,,,0.000000,1.000000,0,none,,7.811698,7.811698,completed,0,8,clear,17.000000
2,1106,3448088703,241,Day 8 18:40,none,,7.811698,7.811698,completed,0.306667,0.069918,0.114143,0.863333,0.141667,0.310000,0.450853,0.050000,0.122000,10,1,1,1,0,0,0,1,1,1,1,1,0,0,0,1,1,0.196796,0.156215,0.177345,0.000000,0.000000,0.000000,0.154636,0.000000,0.171739,0.000000,0.000000,0.000000,0.000000,0.000000,0.000000,0.143270,idle,1,10,11210,,none,,,0.000000,1.000000,0,none,,7.811698,7.811698,completed,0,8,clear,17.000000
2,1106,3448088703,242,Day 8 18:50,none,,7.811698,7.811698,completed,0.430000,0.073918,0.114143,0.810000,0.150000,0.316667,0.450853,0.040000,0.116000,10,1,1,1,0,0,0,1,1,1,1,1,0,0,0,1,1,0.177735,0.133127,0.157624,0.000000,0.000000,0.000000,0.131371,0.000000,0.146782,0.130379,0.000000,0.000000,0.000000,0.000000,0.000000,0.122982,go_to_bathroom,1,15,11225,door,none,,,0.000000,1.000000,0,none,,7.811698,7.811698,completed,0,8,clear,17.000000
2,1106,3448088703,243,Day 8 19:05,none,,7.811698,7.811698,completed,0.435000,0.079918,0.114143,0.885140,0.162500,0.000000,0.450853,0.025000,0.107000,10,1,1,1,0,0,0,1,1,1,1,1,0,0,0,1,1,0.208956,0.154796,0.185245,0.000000,0.000000,0.000000,0.153332,0.000000,0.000000,0.153767,0.000000,0.000000,0.000000,0.000000,0.000000,0.143904,idle,1,10,11235,,none,,,0.000000,1.000000,0,none,,7.811698,7.811698,completed,0,8,clear,17.000000
2,1106,3448088703,244,Day 8 19:15,none,,7.811698,7.811698,completed,0.558333,0.083918,0.114143,0.831807,0.170833,0.006667,0.450853,0.015000,0.101000,10,1,1,1,0,0,0,1,1,1,1,1,0,0,0,1,1,0.216764,0.151523,0.189115,0.000000,0.000000,0.000000,0.149623,0.000000,0.000000,0.151092,0.000000,0.000000,0.000000,0.000000,0.000000,0.141884,idle,1,10,11245,,none,room-temperature-shift,,0.000000,1.000000,0,none,,7.811698,7.811698,completed,0,8,clear,17.000000
2,1106,3448088703,245,Day 8 19:25,none,,7.811698,7.811698,completed,0.681667,0.087918,0.114143,0.778474,0.179167,0.013333,0.450853,0.005000,0.095000,10,1,1,1,0,0,0,1,1,1,1,1,0,0,0,1,1,0.224727,0.148229,0.192948,0.000000,0.000000,0.000000,0.145914,0.000000,0.000000,0.148374,0.000000,0.000000,0.000000,0.000000,0.000000,0.139807,get_meal,1,35,11280,door,none,,,0.000000,1.000000,0,none,,7.811698,7.811698,completed,0,8,clear,17.000000
2,1106,3448088703,246,Day 8 20:00,none,,7.811698,7.811698,completed,0.653333,0.101918,0.114143,0.886947,0.000000,0.036667,0.450853,0.000000,0.074000,10,1,1,1,0,0,0,1,1,1,1,1,0,0,0,1,1,0.317067,0.000000,0.273558,0.000000,0.000000,0.000000,0.209863,0.000000,0.000000,0.000000,0.000000,0.000000,0.000000,0.000000,0.000000,0.199512,use_phone,1,25,11305,phone,none,,,0.000000,1.000000,0,none,,7.811698,7.811698,completed,0,8,clear,17.000000
2,1106,3448088703,247,Day 8 20:25,none,,7.811698,7.811698,completed,0.441667,0.194397,0.114143,0.918614,0.020833,0.053333,0.450853,0.095000,0.159000,10,1,1,1,0,0,0,1,1,1,1,1,0,0,0,1,1,0.237905,0.186759,0.213043,0.000000,0.000000,0.000000,0.194733,0.000000,0.000000,0.000000,0.000000,0.000000,0.000000,0.000000,0.000000,0.167560,use_computer,1,30,11335,computer,none,,,0.000000,1.000000,0,none,,7.811698,7.811698,completed,0,8,clear,17.000000
2,1106,3448088703,248,Day 8 20:55,none,,7.811698,7.811698,completed,0.291667,0.308485,0.114143,0.908614,0.045833,0.073333,0.450853,0.175000,0.141000,10,1,1,1,0,0,0,1,1,1,1,1,0,0,0,1,1,0.220810,0.187450,0.203912,0.000000,0.000000,0.000000,0.218202,0.000000,0.000000,0.000000,0.000000,0.000000,0.000000,0.000000,0.000000,0.169626,use_computer,1,30,11365,computer,none,,,0.000000,1.000000,0,none,,7.811698,7.811698,completed,0,8,clear,17.000000
2,1106,3448088703,249,Day 8 21:25,none,,7.811698,7.811698,completed,0.141667,0.422572,0.114143,0.898614,0.070833,0.093333,0.450853,0.255000,0.123000,10,1,1,1,0,0,0,1,1,1,1,1,0,0,0,1,1,0.162152,0.148861,0.154422,0.000000,0.000000,0.000000,0.193451,0.205251,0.000000,0.000000,0.000000,0.000000,0.000000,0.000000,0.000000,0.135863,use_phone,1,25,11390,phone,none,,,0.000000,1.000000,0,none,,7.811698,7.811698,completed,0,8,clear,17.000000
2,1106,3448088703,250,Day 8 21:50,none,,7.811698,7.811698,completed,0.000000,0.515051,0.114143,0.930281,0.091667,0.110000,0.450853,0.350000,0.208000,10,1,1,1,0,0,0,1,1,1,1,1,0,0,0,1,1,0.144046,0.153150,0.141076,0.000000,0.000000,0.000000,0.205648,0.224694,0.000000,0.000000,0.000000,0.000000,0.000000,0.000000,0.000000,0.131386,idle,1,10,11400,,none,,,0.000000,1.000000,0,none,,7.811698,7.811698,completed,0,8,clear,17.000000
2,1106,3448088703,251,Day 8 22:00,none,,7.811698,7.811698,completed,0.123333,0.519051,0.114143,0.876947,0.100000,0.116667,0.450853,0.340000,0.202000,10,1,1,1,0,0,0,1,1,1,1,1,0,0,0,1,1,0.150490,0.150976,0.145046,0.000000,0.000000,0.000000,0.202098,0.220927,0.000000,0.000000,0.000000,0.000000,0.000000,0.000000,0.000000,0.130462,idle,1,10,11410,,none,,,0.000000,1.000000,0,none,,7.811698,7.811698,completed,0,8,clear,17.000000
2,1106,3448088703,252,Day 8 22:10,none,,7.811698,7.811698,completed,0.246667,0.523051,0.114143,0.823614,0.108333,0.123333,0.450853,0.330000,0.196000,10,1,1,1,0,0,0,1,1,1,1,1,0,0,0,1,1,0.157135,0.148750,0.149044,0.000000,0.000000,0.000000,0.198498,0.217101,0.000000,0.000000,0.000000,0.000000,0.000000,0.000000,0.000000,0.129472,idle,1,10,11420,,none,,,0.000000,1.000000,0,none,,7.811698,7.811698,completed,0,8,clear,17.000000
2,1106,3448088703,253,Day 8 22:20,none,,7.811698,7.811698,completed,0.370000,0.527051,0.114143,0.770281,0.116667,0.130000,0.450853,0.320000,0.190000,10,1,1,1,0,0,0,1,1,1,1,1,0,0,0,1,1,0.163978,0.146472,0.153065,0.000000,0.000000,0.000000,0.194850,0.213220,0.000000,0.000000,0.000000,0.000000,0.000000,0.000000,0.000000,0.128415,idle,1,10,11430,,none,,,0.000000,1.000000,0,none,,7.811698,7.811698,completed,0,8,clear,17.000000
2,1106,3448088703,254,Day 8 22:30,none,,7.811698,7.811698,completed,0.493333,0.531051,0.114143,0.716947,0.125000,0.136667,0.450853,0.310000,0.184000,10,1,1,1,0,0,0,1,1,1,1,1,0,0,0,1,1,0.171019,0.144145,0.157101,0.000000,0.000000,0.000000,0.191157,0.209284,0.000000,0.000000,0.000000,0.000000,0.000000,0.000000,0.000000,0.127293,use_computer,1,30,11460,computer,none,,,0.000000,1.000000,0,none,,7.811698,7.811698,completed,0,8,clear,17.000000
2,1106,3448088703,255,Day 8 23:00,none,,7.811698,7.811698,completed,0.343333,0.645138,0.114143,0.706947,0.150000,0.156667,0.450853,0.390000,0.166000,10,1,1,1,0,0,0,1,1,1,1,1,0,0,0,1,1,0.108981,0.099333,0.103239,0.000000,0.000000,0.000000,0.147063,0.166612,0.095202,0.094385,0.000000,0.000000,0.000000,0.000000,0.096712,0.088474,shop_on_phone,0,0,11460,phone,resource_insufficient,,,0.000000,1.000000,0,none,,7.811698,7.811698,completed,0,8,clear,17.000000
2,1106,3448088703,256,Day 8 23:00,none,,7.811698,7.811698,completed,0.343333,0.645138,0.114143,0.676947,0.150000,0.156667,0.480853,0.390000,0.166000,10,1,1,1,0,0,0,1,1,1,1,1,0,0,0,1,1,0.109015,0.099365,0.103272,0.000000,0.000000,0.000000,0.146791,0.166665,0.095232,0.094415,0.000000,0.000000,0.000000,0.000000,0.096742,0.088502,sleep_at_bed,1,480,11940,bed,none,,,0.000000,1.000000,0,none,,7.811698,7.811698,completed,0,8,clear,17.000000
