personality_index,scenario_seed,action_seed,step,decision_time,pre_commitment_status,pre_commitment_task_id,pre_task_effort,pre_task_effort_target,pre_task_status,pre_boredom,pre_fatigue,pre_task_pressure,pre_satisfaction,pre_hunger,pre_bathroom_urge,pre_anxiety,pre_screen_strain,pre_purchase_urge,known_action_count,known_use_phone,known_shop_on_phone,known_use_computer,known_study_at_computer,known_study_focused,known_study_halfhearted,known_rest_at_bed,known_sleep_at_bed,known_go_to_bathroom,known_get_meal,known_turn_light_on,known_turn_light_off,known_turn_off_alarm,known_open_curtain,known_close_curtain,known_idle,p_use_phone,p_shop_on_phone,p_use_computer,p_study_at_computer,p_study_focused,p_study_halfhearted,p_rest_at_bed,p_sleep_at_bed,p_go_to_bathroom,p_get_meal,p_turn_light_on,p_turn_light_off,p_turn_off_alarm,p_open_curtain,p_close_curtain,p_idle,chosen_action,accepted,elapsed_minutes,simulation_total_minutes,target_object_id,failure_reason,event_ids,outcome_task_id,outcome_task_effort_gained,outcome_task_settlement_variation,outcome_task_session_interrupted,post_commitment_status,post_commitment_task_id,post_task_effort,post_task_effort_target,post_task_status,post_wallet,post_unread_messages,post_weather,post_temperature_celsius
11,1120,3448208650,1,Day 1 08:00,none,,0.000000,7.863635,active,0.550000,0.150000,0.550000,0.450000,0.250000,0.150000,0.200000,0.050000,0.100000,13,1,1,1,1,1,1,1,1,1,1,0,1,0,0,1,1,0.167606,0.070039,0.120792,0.112925,0.120276,0.121624,0.081565,0.000000,0.068306,0.080136,0.000000,0.000000,0.000000,0.000000,0.000000,0.056731,shop_on_phone,1,20,500,phone,none,,,0.000000,1.000000,0,none,,0.000000,7.863635,active,90,0,clear,23.000000
11,1120,3448208650,2,Day 1 08:20,none,,0.000000,7.863635,active,0.556667,0.162489,0.638768,0.543333,0.266667,0.163333,0.201865,0.110000,0.000000,13,1,1,1,1,1,1,1,1,1,1,0,1,0,0,1,1,0.165383,0.000000,0.119506,0.134305,0.145446,0.135248,0.088662,0.000000,0.070867,0.083546,0.000000,0.000000,0.000000,0.000000,0.000000,0.057036,study_focused,1,35,535,desk,none,,coursework,0.402964,0.904914,0,active,coursework,0.402964,7.863635,active,90,0,clear,23.000000
11,1120,3448208650,3,Day 1 08:55,active,coursework,0.402964,7.863635,active,0.588333,0.286489,0.514566,0.611667,0.295833,0.186667,0.152174,0.075000,0.000000,13,1,1,1,1,1,1,1,1,1,1,0,1,0,0,1,1,0.162206,0.000000,0.118981,0.125657,0.137746,0.148589,0.097503,0.000000,0.070321,0.083610,0.000000,0.000000,0.000000,0.000000,0.000000,0.055387,study_at_computer,1,35,570,computer,none,,coursework,0.938888,0.990383,0,active,coursework,1.341852,7.863635,active,90,0,clear,23.000000
11,1120,3448208650,4,Day 1 09:30,active,coursework,1.341852,7.863635,active,0.620000,0.413855,0.390364,0.680000,0.325000,0.210000,0.102174,0.120000,0.000000,13,1,1,1,1,1,1,1,1,1,1,0,1,0,0,1,1,0.157389,0.000000,0.117610,0.091209,0.101208,0.126753,0.119515,0.000000,0.072099,0.086457,0.000000,0.072187,0.000000,0.000000,0.000000,0.055574,use_computer,1,30,600,computer,none,,,0.000000,1.000000,0,active,coursework,1.341852,7.863635,active,90,0,clear,23.000000
11,1120,3448208650,5,Day 1 10:00,active,coursework,1.341852,7.863635,active,0.470000,0.531840,0.499132,0.670000,0.350000,0.230000,0.104039,0.200000,0.000000,13,1,1,1,1,1,1,1,1,1,1,0,1,0,0,1,1,0.103419,0.000000,0.083440,0.088648,0.098192,0.104987,0.125664,0.146060,0.062455,0.075440,0.000000,0.066947,0.000000,0.000000,0.000000,0.044748,study_halfhearted,1,35,635,desk,none,,coursework,0.252094,0.943520,0,active,coursework,1.593946,7.863635,active,90,0,clear,23.000000
11,1120,3448208650,6,Day 1 10:35,active,coursework,1.593946,7.863635,active,0.531667,0.625840,0.432891,0.678333,0.379167,0.253333,0.084039,0.165000,0.000000,13,1,1,1,1,1,1,1,1,1,1,0,1,0,0,1,1,0.108162,0.000000,0.087166,0.072798,0.080755,0.097187,0.135153,0.165548,0.063421,0.077262,0.000000,0.068117,0.000000,0.000000,0.000000,0.044431,go_to_bathroom,1,15,650,door,none,,,0.000000,1.000000,0,suspended,coursework,1.593946,7.863635,active,90,0,clear,23.000000
11,1120,3448208650,7,Day 1 10:50,suspended,coursework,1.593946,7.863635,active,0.536667,0.631840,0.432891,0.758336,0.391667,0.000000,0.084039,0.150000,0.000000,13,1,1,1,1,1,1,1,1,1,1,0,1,0,0,1,1,0.116501,0.000000,0.093805,0.077228,0.086899,0.103577,0.142996,0.175482,0.000000,0.083928,0.000000,0.072282,0.000000,0.000000,0.000000,0.047303,sleep_at_bed,1,480,1130,bed,none,task-reminder|message-study-group|weather-rain|room-temperature-shift|task-deadline,,0.000000,1.000000,0,suspended,coursework,1.593946,7.863635,active,90,1,rain,24.000000
11,1120,3448208650,8,Day 1 18:50,suspended,coursework,1.593946,7.863635,active,0.646667,0.290165,0.771659,0.678336,0.791667,0.320000,0.198888,0.000000,0.000000,13,1,1,1,1,1,1,1,1,1,1,0,1,0,0,1,1,0.147593,0.000000,0.106034,0.126367,0.140179,0.131164,0.074327,0.000000,0.072484,0.157329,0.000000,0.000000,0.000000,0.000000,0.000000,0.044524,study_focused,1,35,1165,desk,none,evening,coursework,0.430358,0.966430,0,active,coursework,2.024304,7.863635,active,90,1,rain,24.000000
11,1120,3448208650,9,Day 1 19:25,active,coursework,2.024304,7.863635,active,0.678333,0.414165,0.647457,0.746670,0.820833,0.343333,0.149659,0.000000,0.000000,13,1,1,1,1,1,1,1,1,1,1,0,1,0,0,1,1,0.135977,0.000000,0.099287,0.113173,0.127081,0.130753,0.080700,0.000000,0.068838,0.150691,0.000000,0.052120,0.000000,0.000000,0.000000,0.041381,rest_at_bed,1,60,1225,bed,none,,,0.000000,1.000000,0,suspended,coursework,2.024304,7.863635,active,90,1,rain,24.000000
11,1120,3448208650,10,Day 1 20:25,suspended,coursework,2.024304,7.863635,active,0.738333,0.153505,0.736224,0.776670,0.870833,0.383333,0.152106,0.000000,0.000000,13,1,1,1,1,1,1,1,1,1,1,0,1,0,0,1,1,0.161705,0.000000,0.109525,0.118351,0.133606,0.124174,0.059755,0.000000,0.077427,0.171983,0.000000,0.000000,0.000000,0.000000,0.000000,0.043473,study_halfhearted,1,35,1260,desk,none,,coursework,0.275065,1.029495,0,active,coursework,2.299369,7.863635,active,90,1,rain,24.000000
11,1120,3448208650,11,Day 1 21:00,active,coursework,2.299369,7.863635,active,0.800000,0.247505,0.669984,0.785003,0.900000,0.406667,0.132754,0.000000,0.000000,13,1,1,1,1,1,1,1,1,1,1,0,1,0,0,1,1,0.154996,0.000000,0.104991,0.120703,0.136464,0.142743,0.061904,0.000000,0.073419,0.164473,0.000000,0.000000,0.000000,0.000000,0.000000,0.040307,use_phone,1,25,1285,phone,none,,,0.000000,1.000000,0,active,coursework,2.299369,7.863635,active,90,1,rain,24.000000
11,1120,3448208650,12,Day 1 21:25,active,coursework,2.299369,7.863635,active,0.588333,0.344612,0.798751,0.816670,0.920833,0.423333,0.134917,0.095000,0.085000,13,1,1,1,1,1,1,1,1,1,1,0,1,0,0,1,1,0.106495,0.000000,0.079149,0.138508,0.157479,0.131315,0.072294,0.000000,0.071262,0.160614,0.000000,0.046782,0.000000,0.000000,0.000000,0.036101,study_focused,1,35,1320,desk,none,,coursework,0.479201,1.076113,0,active,coursework,2.778569,7.863635,active,90,1,rain,24.000000
11,1120,3448208650,13,Day 1 22:00,active,coursework,2.778569,7.863635,active,0.620000,0.468612,0.674550,0.885003,0.950000,0.446667,0.085783,0.060000,0.064000,13,1,1,1,1,1,1,1,1,1,1,0,1,0,0,1,1,0.106412,0.000000,0.080281,0.099308,0.114293,0.110548,0.080989,0.088407,0.072041,0.163758,0.000000,0.048249,0.000000,0.000000,0.000000,0.035715,study_halfhearted,1,35,1355,desk,none,,coursework,0.287835,1.077290,0,active,coursework,3.066404,7.863635,active,90,1,rain,24.000000
11,1120,3448208650,14,Day 1 22:35,active,coursework,3.066404,7.863635,active,0.681667,0.562612,0.608309,0.893336,0.979167,0.470000,0.066217,0.025000,0.043000,13,1,1,1,1,1,1,1,1,1,1,0,1,0,0,1,1,0.112895,0.000000,0.085074,0.082739,0.095366,0.103818,0.088352,0.101645,0.074210,0.170128,0.000000,0.049799,0.000000,0.000000,0.000000,0.035974,rest_at_bed,1,60,1415,bed,none,,,0.000000,1.000000,0,suspended,coursework,3.066404,7.863635,active,90,1,rain,24.000000
11,1120,3448208650,15,Day 1 23:35,suspended,coursework,3.066404,7.863635,active,0.741667,0.301953,0.697076,0.923336,1.000000,0.510000,0.068430,0.000000,0.007000,13,1,1,1,1,1,1,1,1,1,1,0,1,0,0,1,1,0.153469,0.000000,0.107181,0.097586,0.113081,0.111203,0.072171,0.000000,0.094149,0.208532,0.000000,0.000000,0.000000,0.000000,0.000000,0.042628,use_computer,1,30,1445,computer,none,,,0.000000,1.000000,0,suspended,coursework,3.066404,7.863635,active,90,1,rain,24.000000
11,1120,3448208650,16,Day 2 00:05,suspended,coursework,3.066404,7.863635,active,0.591667,0.419938,0.805844,0.913336,1.000000,0.530000,0.070733,0.080000,0.000000,13,1,1,1,1,1,1,1,1,1,1,0,1,0,0,1,1,0.113162,0.000000,0.085330,0.106450,0.123132,0.109041,0.085147,0.000000,0.091517,0.195784,0.000000,0.051921,0.000000,0.000000,0.000000,0.038517,study_at_computer,1,35,1480,computer,none,,coursework,1.016868,1.072641,0,active,coursework,4.083272,7.863635,active,90,1,rain,24.000000
11,1120,3448208650,17,Day 2 00:40,active,coursework,4.083272,7.863635,active,0.623333,0.547304,0.681642,0.981670,1.000000,0.553333,0.021624,0.125000,0.000000,13,1,1,1,1,1,1,1,1,1,1,0,1,0,0,1,1,0.096331,0.000000,0.073999,0.090166,0.105573,0.102883,0.091551,0.104856,0.082321,0.169117,0.000000,0.049298,0.000000,0.000000,0.000000,0.033906,use_phone,1,25,1505,phone,none,,,0.000000,1.000000,0,active,coursework,4.083272,7.863635,active,90,1,rain,24.000000
11,1120,3448208650,18,Day 2 01:05,active,coursework,4.083272,7.863635,active,0.411667,0.644411,0.810410,1.000000,1.000000,0.570000,0.023816,0.220000,0.085000,13,1,1,1,1,1,1,1,1,1,1,0,1,0,0,1,1,0.066084,0.000000,0.055698,0.103305,0.121353,0.094499,0.106749,0.131887,0.079777,0.159217,0.000000,0.051111,0.000000,0.000000,0.000000,0.030320,rest_at_bed,1,60,1565,bed,none,,,0.000000,1.000000,0,suspended,coursework,4.083272,7.863635,active,90,1,rain,24.000000
11,1120,3448208650,19,Day 2 02:05,suspended,coursework,4.083272,7.863635,active,0.471667,0.383752,0.899177,1.000000,1.000000,0.610000,0.027235,0.020000,0.049000,13,1,1,1,1,1,1,1,1,1,1,0,1,0,0,1,1,0.099690,0.000000,0.077386,0.123194,0.144716,0.102324,0.075394,0.000000,0.102291,0.190449,0.000000,0.048245,0.000000,0.000000,0.000000,0.036311,study_at_computer,1,35,1600,computer,none,,coursework,0.885757,0.934339,0,active,coursework,4.969030,7.863635,active,90,1,rain,24.000000
11,1120,3448208650,20,Day 2 02:40,active,coursework,4.969030,7.863635,active,0.503333,0.511118,0.774976,1.000000,1.000000,0.633333,0.000000,0.065000,0.028000,13,1,1,1,1,1,1,1,1,1,1,0,1,0,0,1,1,0.085956,0.000000,0.067974,0.106520,0.125129,0.103599,0.081790,0.090434,0.093196,0.166627,0.000000,0.046398,0.000000,0.000000,0.000000,0.032376,study_at_computer,1,35,1635,computer,none,,coursework,0.953682,1.005989,0,active,coursework,5.922711,7.863635,active,90,1,rain,24.000000
11,1120,3448208650,21,Day 2 03:15,active,coursework,5.922711,7.863635,active,0.535000,0.638485,0.650774,1.000000,1.000000,0.656667,0.000000,0.110000,0.007000,13,1,1,1,1,1,1,1,1,1,1,0,1,0,0,1,1,0.085746,0.000000,0.069078,0.080918,0.095054,0.091751,0.102157,0.123372,0.098237,0.168665,0.000000,0.051625,0.000000,0.000000,0.000000,0.033397,use_phone,1,25,1660,phone,none,,,0.000000,1.000000,0,active,coursework,5.922711,7.863635,active,90,1,rain,24.000000
11,1120,3448208650,22,Day 2 03:40,active,coursework,5.922711,7.863635,active,0.323333,0.735592,0.779542,1.000000,1.000000,0.673333,0.002115,0.205000,0.092000,13,1,1,1,1,1,1,1,1,1,1,0,1,0,0,1,1,0.056115,0.000000,0.049601,0.088440,0.103891,0.080394,0.113635,0.148036,0.090821,0.151484,0.000000,0.051060,0.000000,0.000000,0.038033,0.028491,close_curtain,1,1,1661,window,none,,,0.000000,1.000000,0,active,coursework,5.922711,7.863635,active,90,1,rain,24.000000
11,1120,3448208650,23,Day 2 03:41,active,coursework,5.922711,7.863635,active,0.323667,0.735992,0.779542,1.000000,1.000000,0.674000,0.002138,0.204000,0.091400,13,1,1,1,1,1,1,1,1,1,1,0,1,0,1,0,1,0.058378,0.000000,0.051597,0.091913,0.107970,0.083576,0.118075,0.153839,0.094512,0.157459,0.000000,0.053065,0.000000,0.000000,0.000000,0.029616,sleep_at_bed,1,480,2141,bed,none,alarm-rings|message-study-group|task-reminder,,0.000000,1.000000,0,suspended,coursework,5.922711,7.863635,active,90,2,rain,24.000000
11,1120,3448208650,24,Day 2 11:41,suspended,coursework,5.922711,7.863635,active,0.433667,0.394316,0.978309,0.920000,1.000000,0.994000,0.086454,0.000000,0.000000,14,1,1,1,1,1,1,1,1,1,1,0,1,1,1,0,1,0.078857,0.000000,0.062068,0.118871,0.137663,0.089566,0.060924,0.000000,0.163326,0.156103,0.000000,0.039479,0.063829,0.000000,0.000000,0.029313,study_at_computer,1,35,2176,computer,none,,coursework,0.915367,0.965573,0,active,coursework,6.838079,7.863635,active,90,2,rain,24.000000
11,1120,3448208650,25,Day 2 12:16,active,coursework,6.838079,7.863635,active,0.465333,0.521683,0.854107,0.988333,1.000000,1.000000,0.037945,0.045000,0.000000,14,1,1,1,1,1,1,1,1,1,1,0,1,1,1,0,1,0.069763,0.000000,0.055939,0.104662,0.122691,0.092655,0.068069,0.076089,0.148152,0.140133,0.000000,0.038956,0.056074,0.000000,0.000000,0.026816,study_focused,1,35,2211,desk,none,,coursework,0.417090,0.936634,0,active,coursework,7.255168,7.863635,active,90,2,rain,24.000000
11,1120,3448208650,26,Day 2 12:51,active,coursework,7.255168,7.863635,active,0.497000,0.645683,0.729906,1.000000,1.000000,1.000000,0.000000,0.010000,0.000000,14,1,1,1,1,1,1,1,1,1,1,0,1,1,1,0,1,0.074493,0.000000,0.060633,0.080511,0.094577,0.083538,0.081327,0.097366,0.153696,0.145376,0.000000,0.042934,0.057198,0.000000,0.000000,0.028351,use_computer,1,30,2241,computer,none,,,0.000000,1.000000,0,active,coursework,7.255168,7.863635,active,90,2,rain,24.000000
11,1120,3448208650,27,Day 2 13:21,active,coursework,7.255168,7.863635,active,0.347000,0.763668,0.838673,0.990000,1.000000,1.000000,0.002402,0.090000,0.000000,14,1,1,1,1,1,1,1,1,1,1,0,1,1,1,0,1,0.055049,0.000000,0.048378,0.088019,0.103213,0.077824,0.096159,0.125622,0.144617,0.136789,0.000000,0.044780,0.053877,0.000000,0.000000,0.025673,idle,1,10,2251,,none,,,0.000000,1.000000,0,active,coursework,7.255168,7.863635,active,90,2,rain,24.000000
11,1120,3448208650,28,Day 2 13:31,active,coursework,7.255168,7.863635,active,0.470333,0.767668,0.977441,0.936667,1.000000,1.000000,0.004554,0.080000,0.000000,14,1,1,1,1,1,1,1,1,1,1,0,1,1,1,0,1,0.058649,0.000000,0.049547,0.104585,0.121479,0.089187,0.088072,0.115245,0.132979,0.125781,0.000000,0.041110,0.049589,0.000000,0.000000,0.023776,rest_at_bed,1,60,2311,bed,none,,,0.000000,1.000000,0,suspended,coursework,7.255168,7.863635,active,90,2,rain,24.000000
11,1120,3448208650,29,Day 2 14:31,suspended,coursework,7.255168,7.863635,active,0.530333,0.507008,1.000000,0.966667,1.000000,1.000000,0.008970,0.000000,0.000000,14,1,1,1,1,1,1,1,1,1,1,0,1,1,1,0,1,0.078236,0.000000,0.061134,0.104039,0.121491,0.085122,0.065249,0.071446,0.149970,0.141852,0.000000,0.038389,0.056035,0.000000,0.000000,0.027037,turn_light_off,1,1,2312,light,none,,,0.000000,1.000000,0,suspended,coursework,7.255168,7.863635,active,90,2,rain,24.000000
11,1120,3448208650,30,Day 2 14:32,suspended,coursework,7.255168,7.863635,active,0.530667,0.507408,1.000000,0.986333,1.000000,1.000000,0.009014,0.000000,0.000000,11,1,1,1,0,0,0,1,1,1,1,1,0,1,1,0,1,0.108214,0.000000,0.084558,0.000000,0.000000,0.000000,0.090272,0.098871,0.207373,0.196149,0.099690,0.000000,0.077485,0.000000,0.000000,0.037388,sleep_at_bed,1,480,2792,bed,none,weather-rain|room-temperature-shift|evening,,0.000000,1.000000,0,suspended,coursework,7.255168,7.863635,active,90,2,rain,24.000000
11,1120,3448208650,31,Day 2 22:32,suspended,coursework,7.255168,7.863635,active,0.610667,0.165733,1.000000,0.906333,1.000000,1.000000,0.032363,0.000000,0.000000,11,1,1,1,0,0,0,1,1,1,1,1,0,1,1,0,1,0.142700,0.000000,0.101000,0.000000,0.000000,0.000000,0.063643,0.000000,0.231718,0.219175,0.111903,0.000000,0.087486,0.000000,0.000000,0.042376,go_to_bathroom,1,15,2807,door,none,,,0.000000,1.000000,0,suspended,coursework,7.255168,7.863635,active,90,2,rain,24.000000
11,1120,3448208650,32,Day 2 22:47,suspended,coursework,7.255168,7.863635,active,0.615667,0.171733,1.000000,0.986336,1.000000,0.390000,0.033034,0.000000,0.000000,11,1,1,1,0,0,0,1,1,1,1,1,0,1,1,0,1,0.168586,0.000000,0.119281,0.000000,0.000000,0.000000,0.075443,0.000000,0.094489,0.257770,0.131626,0.000000,0.102922,0.000000,0.000000,0.049883,turn_off_alarm,1,1,2808,alarm,none,,,0.000000,1.000000,0,suspended,coursework,7.255168,7.863635,active,90,2,rain,24.000000
11,1120,3448208650,33,Day 2 22:48,suspended,coursework,7.255168,7.863635,active,0.616000,0.172133,1.000000,1.000000,1.000000,0.390667,0.013079,0.000000,0.000000,10,1,1,1,0,0,0,1,1,1,1,1,0,0,1,0,1,0.187986,0.000000,0.133004,0.000000,0.000000,0.000000,0.084444,0.000000,0.105453,0.287347,0.146156,0.000000,0.000000,0.000000,0.000000,0.055610,get_meal,1,35,2843,door,none,,,0.000000,1.000000,0,suspended,coursework,7.255168,7.863635,active,90,2,rain,24.000000
11,1120,3448208650,34,Day 2 23:23,suspended,coursework,7.255168,7.863635,active,0.587667,0.186133,1.000000,1.000000,0.479167,0.414000,0.014646,0.000000,0.000000,10,1,1,1,0,0,0,1,1,1,1,1,0,0,1,0,1,0.218957,0.000000,0.156814,0.000000,0.000000,0.000000,0.103835,0.000000,0.132565,0.144542,0.176493,0.000000,0.000000,0.000000,0.000000,0.066794,use_computer,1,30,2873,computer,none,,,0.000000,1.000000,0,suspended,coursework,7.255168,7.863635,active,90,2,rain,24.000000
11,1120,3448208650,35,Day 2 23:53,suspended,coursework,7.255168,7.863635,active,0.437667,0.304118,1.000000,0.990000,0.504167,0.434000,0.017853,0.080000,0.000000,10,1,1,1,0,0,0,1,1,1,1,1,0,0,1,0,1,0.178194,0.000000,0.137792,0.000000,0.000000,0.000000,0.135188,0.000000,0.142224,0.156208,0.183004,0.000000,0.000000,0.000000,0.000000,0.067390,turn_light_on,1,1,2874,light,none,,,0.000000,1.000000,0,suspended,coursework,7.255168,7.863635,active,90,2,rain,24.000000
11,1120,3448208650,36,Day 2 23:54,suspended,coursework,7.255168,7.863635,active,0.438000,0.304518,1.000000,1.000000,0.505000,0.434667,0.017898,0.079000,0.000000,13,1,1,1,1,1,1,1,1,1,1,0,1,0,1,0,1,0.086342,0.000000,0.066761,0.186318,0.218869,0.198991,0.065425,0.000000,0.068935,0.075731,0.000000,0.000000,0.000000,0.000000,0.000000,0.032628,study_at_computer,1,35,2909,computer,none,task-completed,coursework,0.990495,1.044822,0,none,,7.863635,7.863635,completed,90,2,rain,24.000000
11,1120,3448208650,37,Day 3 00:29,none,,7.863635,7.863635,completed,0.469667,0.431884,0.171989,1.000000,0.534167,0.458000,0.000000,0.124000,0.000000,10,1,1,1,0,0,0,1,1,1,1,0,1,0,1,0,1,0.181978,0.000000,0.143346,0.000000,0.000000,0.000000,0.173204,0.000000,0.153525,0.170102,0.000000,0.101179,0.000000,0.000000,0.000000,0.076666,get_meal,1,35,2944,door,none,,,0.000000,1.000000,0,none,,7.863635,7.863635,completed,90,2,rain,24.000000
11,1120,3448208650,38,Day 3 01:04,none,,7.863635,7.863635,completed,0.441333,0.445884,0.171989,1.000000,0.013333,0.481333,0.000000,0.089000,0.000000,10,1,1,1,0,0,0,1,1,1,1,0,1,0,1,0,1,0.215748,0.000000,0.171814,0.000000,0.000000,0.000000,0.206297,0.000000,0.192808,0.000000,0.000000,0.121339,0.000000,0.000000,0.000000,0.091994,use_phone,1,25,2969,phone,none,,,0.000000,1.000000,0,none,,7.863635,7.863635,completed,90,2,rain,24.000000
11,1120,3448208650,39,Day 3 01:29,none,,7.863635,7.863635,completed,0.229667,0.542991,0.171989,1.000000,0.034167,0.498000,0.000000,0.184000,0.085000,10,1,1,1,0,0,0,1,1,1,1,0,1,0,1,0,1,0.124377,0.000000,0.108675,0.000000,0.000000,0.000000,0.202222,0.231898,0.157021,0.000000,0.000000,0.105718,0.000000,0.000000,0.000000,0.070089,rest_at_bed,1,60,3029,bed,none,,,0.000000,1.000000,0,none,,7.863635,7.863635,completed,90,2,rain,24.000000
11,1120,3448208650,40,Day 3 02:29,none,,7.863635,7.863635,completed,0.289667,0.282332,0.171989,1.000000,0.084167,0.538000,0.000000,0.000000,0.049000,10,1,1,1,0,0,0,1,1,1,1,0,1,0,1,0,1,0.242588,0.000000,0.195333,0.000000,0.000000,0.000000,0.189034,0.000000,0.262543,0.000000,0.000000,0.000000,0.000000,0.000000,0.000000,0.110502,use_phone,1,25,3054,phone,none,,,0.000000,1.000000,0,none,,7.863635,7.863635,completed,90,2,rain,24.000000
11,1120,3448208650,41,Day 3 02:54,none,,7.863635,7.863635,completed,0.078000,0.379439,0.171989,1.000000,0.105000,0.554667,0.000000,0.095000,0.134000,10,1,1,1,0,0,0,1,1,1,1,0,1,0,1,0,1,0.144219,0.112296,0.127411,0.000000,0.000000,0.000000,0.191089,0.000000,0.220493,0.000000,0.000000,0.117671,0.000000,0.000000,0.000000,0.086821,idle,1,10,3064,,none,,,0.000000,1.000000,0,none,,7.863635,7.863635,completed,90,2,rain,24.000000
11,1120,3448208650,42,Day 3 03:04,none,,7.863635,7.863635,completed,0.201333,0.383439,0.171989,0.946667,0.113333,0.561333,0.000000,0.085000,0.128000,10,1,1,1,0,0,0,1,1,1,1,0,1,0,1,0,1,0.160446,0.108269,0.136260,0.000000,0.000000,0.000000,0.182827,0.000000,0.214178,0.000000,0.000000,0.112804,0.000000,0.000000,0.000000,0.085215,go_to_bathroom,1,15,3079,door,none,,,0.000000,1.000000,0,none,,7.863635,7.863635,completed,90,2,rain,24.000000
11,1120,3448208650,43,Day 3 03:19,none,,7.863635,7.863635,completed,0.206333,0.389439,0.171989,1.000000,0.125833,0.000000,0.000000,0.070000,0.119000,10,1,1,1,0,0,0,1,1,1,1,0,1,0,1,0,1,0.206519,0.135624,0.175235,0.000000,0.000000,0.000000,0.231161,0.000000,0.000000,0.000000,0.000000,0.143045,0.000000,0.000000,0.000000,0.108416,idle,1,10,3089,,none,,,0.000000,1.000000,0,none,,7.863635,7.863635,completed,90,2,rain,24.000000
11,1120,3448208650,44,Day 3 03:29,none,,7.863635,7.863635,completed,0.329667,0.393439,0.171989,0.946667,0.134167,0.006667,0.000000,0.060000,0.113000,10,1,1,1,0,0,0,1,1,1,1,0,1,0,1,0,1,0.226891,0.129131,0.185068,0.000000,0.000000,0.000000,0.218408,0.000000,0.000000,0.000000,0.000000,0.135418,0.000000,0.000000,0.000000,0.105084,rest_at_bed,1,60,3149,bed,none,,,0.000000,1.000000,0,none,,7.863635,7.863635,completed,90,2,rain,24.000000
11,1120,3448208650,45,Day 3 04:29,none,,7.863635,7.863635,completed,0.389667,0.132779,0.171989,0.976667,0.184167,0.046667,0.000000,0.000000,0.077000,10,1,1,1,0,0,0,1,1,1,1,0,1,0,1,0,1,0.311970,0.000000,0.235538,0.000000,0.000000,0.000000,0.171741,0.000000,0.000000,0.155956,0.000000,0.000000,0.000000,0.000000,0.000000,0.124794,use_computer,1,30,3179,computer,none,,,0.000000,1.000000,0,none,,7.863635,7.863635,completed,90,2,rain,24.000000
11,1120,3448208650,46,Day 3 04:59,none,,7.863635,7.863635,completed,0.239667,0.250764,0.171989,0.966667,0.209167,0.066667,0.000000,0.080000,0.059000,10,1,1,1,0,0,0,1,1,1,1,0,1,0,1,0,1,0.259328,0.000000,0.211398,0.000000,0.000000,0.000000,0.228517,0.000000,0.000000,0.172153,0.000000,0.000000,0.000000,0.000000,0.000000,0.128604,use_phone,1,25,3204,phone,none,,,0.000000,1.000000,0,none,,7.863635,7.863635,completed,90,2,rain,24.000000
11,1120,3448208650,47,Day 3 05:24,none,,7.863635,7.863635,completed,0.028000,0.347871,0.171989,0.998333,0.230000,0.083333,0.000000,0.175000,0.144000,10,1,1,1,0,0,0,1,1,1,1,0,1,0,1,0,1,0.147830,0.127852,0.132219,0.000000,0.000000,0.000000,0.221500,0.000000,0.000000,0.139478,0.000000,0.134233,0.000000,0.000000,0.000000,0.096887,idle,1,10,3214,,none,,,0.000000,1.000000,0,none,,7.863635,7.863635,completed,90,2,rain,24.000000
11,1120,3448208650,48,Day 3 05:34,none,,7.863635,7.863635,completed,0.151333,0.351871,0.171989,0.945000,0.238333,0.090000,0.000000,0.165000,0.138000,10,1,1,1,0,0,0,1,1,1,1,0,1,0,1,0,1,0.164358,0.123189,0.141311,0.000000,0.000000,0.000000,0.211786,0.000000,0.000000,0.135725,0.000000,0.128598,0.000000,0.000000,0.000000,0.095034,turn_light_off,1,1,3215,light,none,,,0.000000,1.000000,0,none,,7.863635,7.863635,completed,90,2,rain,24.000000
11,1120,3448208650,49,Day 3 05:35,none,,7.863635,7.863635,completed,0.151667,0.352271,0.171989,0.964667,0.239167,0.090667,0.000000,0.164000,0.137400,10,1,1,1,0,0,0,1,1,1,1,1,0,0,1,0,1,0.188717,0.141190,0.162245,0.000000,0.000000,0.000000,0.242885,0.000000,0.000000,0.155929,0.000000,0.000000,0.000000,0.000000,0.000000,0.109034,use_phone,1,25,3240,phone,none,,,0.000000,1.000000,0,none,,7.863635,7.863635,completed,90,2,rain,24.000000
11,1120,3448208650,50,Day 3 06:00,none,,7.863635,7.863635,completed,0.000000,0.449378,0.171989,0.996333,0.260000,0.107333,0.000000,0.259000,0.222400,10,1,1,1,0,0,0,1,1,1,1,1,0,0,1,0,1,0.109950,0.119488,0.101715,0.000000,0.000000,0.000000,0.224472,0.244757,0.000000,0.120455,0.000000,0.000000,0.000000,0.000000,0.000000,0.079163,sleep_at_bed,1,480,3720,bed,none,alarm-rings|message-study-group|weather-clear,,0.000000,1.000000,0,none,,7.863635,7.863635,completed,90,3,clear,24.000000
11,1120,3448208650,51,Day 3 14:00,none,,7.863635,7.863635,completed,0.110000,0.107703,0.171989,0.916333,0.660000,0.427333,0.021492,0.000000,0.000000,11,1,1,1,0,0,0,1,1,1,1,1,0,1,1,0,1,0.148389,0.000000,0.122009,0.000000,0.000000,0.000000,0.108200,0.000000,0.157179,0.226937,0.000000,0.000000,0.159638,0.000000,0.000000,0.077647,turn_off_alarm,1,1,3721,alarm,none,,,0.000000,1.000000,0,none,,7.863635,7.863635,completed,90,3,clear,24.000000
11,1120,3448208650,52,Day 3 14:01,none,,7.863635,7.863635,completed,0.110333,0.108103,0.171989,0.946000,0.660833,0.428000,0.001492,0.000000,0.000000,10,1,1,1,0,0,0,1,1,1,1,1,0,0,1,0,1,0.176415,0.000000,0.145049,0.000000,0.000000,0.000000,0.129125,0.000000,0.187026,0.270095,0.000000,0.000000,0.000000,0.000000,0.000000,0.092290,rest_at_bed,1,60,3781,bed,none,,,0.000000,1.000000,0,none,,7.863635,7.863635,completed,90,3,clear,24.000000
11,1120,3448208650,53,Day 3 15:01,none,,7.863635,7.863635,completed,0.170333,0.000000,0.171989,0.976000,0.710833,0.468000,0.001492,0.000000,0.000000,10,1,1,1,0,0,0,1,1,1,1,1,0,0,1,0,1,0.207300,0.000000,0.163342,0.000000,0.000000,0.000000,0.000000,0.000000,0.214749,0.314688,0.000000,0.000000,0.000000,0.000000,0.000000,0.099922,use_phone,1,25,3806,phone,none,,,0.000000,1.000000,0,none,,7.863635,7.863635,completed,90,3,clear,24.000000
11,1120,3448208650,54,Day 3 15:26,none,,7.863635,7.863635,completed,0.000000,0.097107,0.171989,1.000000,0.731667,0.484667,0.001492,0.095000,0.085000,10,1,1,1,0,0,0,1,1,1,1,1,0,0,1,0,1,0.145928,0.000000,0.124480,0.000000,0.000000,0.000000,0.136605,0.000000,0.203578,0.300136,0.000000,0.000000,0.000000,0.000000,0.000000,0.089272,idle,1,10,3816,,none,,,0.000000,1.000000,0,none,,7.863635,7.863635,completed,90,3,clear,24.000000
11,1120,3448208650,55,Day 3 15:36,none,,7.863635,7.863635,completed,0.123333,0.101107,0.171989,0.946667,0.740000,0.491333,0.001492,0.085000,0.079000,10,1,1,1,0,0,0,1,1,1,1,1,0,0,1,0,1,0.161735,0.000000,0.132623,0.000000,0.000000,0.000000,0.130206,0.000000,0.197001,0.291146,0.000000,0.000000,0.000000,0.000000,0.000000,0.087290,use_phone,1,25,3841,phone,none,,,0.000000,1.000000,0,none,,7.863635,7.863635,completed,90,3,clear,24.000000
11,1120,3448208650,56,Day 3 16:01,none,,7.863635,7.863635,completed,0.000000,0.198214,0.171989,0.978333,0.760833,0.508000,0.001492,0.180000,0.164000,10,1,1,1,0,0,0,1,1,1,1,1,0,0,1,0,1,0.117343,0.104962,0.102592,0.000000,0.000000,0.000000,0.145016,0.000000,0.182285,0.271040,0.000000,0.000000,0.000000,0.000000,0.000000,0.076761,shop_on_phone,1,20,3861,phone,none,,,0.000000,1.000000,0,none,,7.863635,7.863635,completed,60,3,clear,24.000000
11,1120,3448208650,57,Day 3 16:21,none,,7.863635,7.863635,completed,0.006667,0.210703,0.171989,1.000000,0.777500,0.521333,0.001492,0.240000,0.000000,10,1,1,1,0,0,0,1,1,1,1,1,0,0,1,0,1,0.125232,0.000000,0.109780,0.000000,0.000000,0.000000,0.170550,0.000000,0.204548,0.305625,0.000000,0.000000,0.000000,0.000000,0.000000,0.084265,get_meal,1,35,3896,door,none,,,0.000000,1.000000,0,none,,7.863635,7.863635,completed,60,3,clear,24.000000
11,1120,3448208650,58,Day 3 16:56,none,,7.863635,7.863635,completed,0.000000,0.224703,0.171989,1.000000,0.256667,0.544667,0.001492,0.205000,0.000000,10,1,1,1,0,0,0,1,1,1,1,1,0,0,1,0,1,0.152040,0.000000,0.133801,0.000000,0.000000,0.000000,0.202866,0.000000,0.256545,0.153381,0.000000,0.000000,0.000000,0.000000,0.000000,0.101368,rest_at_bed,1,60,3956,bed,none,room-temperature-shift,,0.000000,1.000000,0,none,,7.863635,7.863635,completed,60,3,clear,17.000000
11,1120,3448208650,59,Day 3 17:56,none,,7.863635,7.863635,completed,0.060000,0.000000,0.171989,0.970000,0.306667,0.584667,0.001492,0.005000,0.000000,10,1,1,1,0,0,0,1,1,1,1,1,0,0,1,0,1,0.187330,0.000000,0.153009,0.000000,0.000000,0.000000,0.123805,0.000000,0.270740,0.164245,0.000000,0.000000,0.000000,0.000000,0.000000,0.100871,go_to_bathroom,1,15,3971,door,none,,,0.000000,1.000000,0,none,,7.863635,7.863635,completed,60,3,clear,17.000000
11,1120,3448208650,60,Day 3 18:11,none,,7.863635,7.863635,completed,0.065000,0.006000,0.171989,1.000000,0.319167,0.000000,0.001492,0.000000,0.000000,10,1,1,1,0,0,0,1,1,1,1,1,0,0,1,0,1,0.256480,0.000000,0.209381,0.000000,0.000000,0.000000,0.168894,0.000000,0.000000,0.228005,0.000000,0.000000,0.000000,0.000000,0.000000,0.137240,get_meal,1,35,4006,door,none,,,0.000000,1.000000,0,none,,7.863635,7.863635,completed,60,3,clear,17.000000
11,1120,3448208650,61,Day 3 18:46,none,,7.863635,7.863635,completed,0.036667,0.020000,0.171989,1.000000,0.000000,0.023333,0.001492,0.000000,0.000000,10,1,1,1,0,0,0,1,1,1,1,1,0,0,1,0,1,0.325357,0.000000,0.268864,0.000000,0.000000,0.000000,0.226249,0.000000,0.000000,0.000000,0.000000,0.000000,0.000000,0.000000,0.000000,0.179531,use_phone,1,25,4031,phone,none,,,0.000000,1.000000,0,none,,7.863635,7.863635,completed,60,3,clear,17.000000
11,1120,3448208650,62,Day 3 19:11,none,,7.863635,7.863635,completed,0.000000,0.117107,0.171989,1.000000,0.020833,0.040000,0.001492,0.095000,0.085000,10,1,1,1,0,0,0,1,1,1,1,1,0,0,1,0,1,0.290983,0.000000,0.249278,0.000000,0.000000,0.000000,0.280966,0.000000,0.000000,0.000000,0.000000,0.000000,0.000000,0.000000,0.000000,0.178773,use_phone,1,25,4056,phone,none,evening,,0.000000,1.000000,0,none,,7.863635,7.863635,completed,60,3,clear,17.000000
11,1120,3448208650,63,Day 3 19:36,none,,7.863635,7.863635,completed,0.000000,0.214214,0.171989,1.000000,0.041667,0.056667,0.001492,0.190000,0.170000,10,1,1,1,0,0,0,1,1,1,1,1,0,0,1,0,1,0.211232,0.192554,0.185378,0.000000,0.000000,0.000000,0.271440,0.000000,0.000000,0.000000,0.000000,0.000000,0.000000,0.000000,0.000000,0.139396,use_phone,1,25,4081,phone,none,,,0.000000,1.000000,0,none,,7.863635,7.863635,completed,60,3,clear,17.000000
11,1120,3448208650,64,Day 3 20:01,none,,7.863635,7.863635,completed,0.000000,0.311321,0.171989,1.000000,0.062500,0.073333,0.001492,0.285000,0.255000,10,1,1,1,0,0,0,1,1,1,1,1,0,0,1,0,1,0.183532,0.207499,0.165003,0.000000,0.000000,0.000000,0.313871,0.000000,0.000000,0.000000,0.000000,0.000000,0.000000,0.000000,0.000000,0.130094,shop_on_phone,1,20,4101,phone,none,,,0.000000,1.000000,0,none,,7.863635,7.863635,completed,30,3,clear,17.000000
11,1120,3448208650,65,Day 3 20:21,none,,7.863635,7.863635,completed,0.006667,0.323810,0.171989,1.000000,0.079167,0.086667,0.001492,0.345000,0.000000,10,1,1,1,0,0,0,1,1,1,1,1,0,0,1,0,1,0.155462,0.000000,0.140138,0.000000,0.000000,0.000000,0.292983,0.298068,0.000000,0.000000,0.000000,0.000000,0.000000,0.000000,0.000000,0.113349,idle,1,10,4111,,none,,,0.000000,1.000000,0,none,,7.863635,7.863635,completed,30,3,clear,17.000000
11,1120,3448208650,66,Day 3 20:31,none,,7.863635,7.863635,completed,0.130000,0.327810,0.171989,0.946667,0.087500,0.093333,0.001492,0.335000,0.000000,10,1,1,1,0,0,0,1,1,1,1,1,0,0,1,0,1,0.172967,0.000000,0.149881,0.000000,0.000000,0.000000,0.280336,0.285556,0.000000,0.000000,0.000000,0.000000,0.000000,0.000000,0.000000,0.111260,sleep_at_bed,1,480,4591,bed,none,,,0.000000,1.000000,0,none,,7.863635,7.863635,completed,30,3,clear,17.000000
11,1120,3448208650,67,Day 4 04:31,none,,7.863635,7.863635,completed,0.210000,0.000000,0.171989,0.866667,0.487500,0.413333,0.001492,0.000000,0.000000,10,1,1,1,0,0,0,1,1,1,1,1,0,0,1,0,1,0.241692,0.000000,0.188009,0.000000,0.000000,0.000000,0.000000,0.000000,0.217484,0.240756,0.000000,0.000000,0.000000,0.000000,0.000000,0.112060,get_meal,1,35,4626,door,none,,,0.000000,1.000000,0,none,,7.863635,7.863635,completed,30,3,clear,17.000000
11,1120,3448208650,68,Day 4 05:06,none,,7.863635,7.863635,completed,0.181667,0.014000,0.171989,0.980003,0.000000,0.436667,0.001492,0.000000,0.000000,10,1,1,1,0,0,0,1,1,1,1,1,0,0,1,0,1,0.261834,0.000000,0.206172,0.000000,0.000000,0.000000,0.152516,0.000000,0.254290,0.000000,0.000000,0.000000,0.000000,0.000000,0.000000,0.125189,use_phone,1,25,4651,phone,none,,,0.000000,1.000000,0,none,,7.863635,7.863635,completed,30,3,clear,17.000000
11,1120,3448208650,69,Day 4 05:31,none,,7.863635,7.863635,completed,0.000000,0.111107,0.171989,1.000000,0.020833,0.453333,0.001492,0.095000,0.085000,10,1,1,1,0,0,0,1,1,1,1,1,0,0,1,0,1,0.210484,0.000000,0.180086,0.000000,0.000000,0.000000,0.201358,0.000000,0.278921,0.000000,0.000000,0.000000,0.000000,0.000000,0.000000,0.129151,rest_at_bed,1,60,4711,bed,none,,,0.000000,1.000000,0,none,,7.863635,7.863635,completed,30,3,clear,17.000000
11,1120,3448208650,70,Day 4 06:31,none,,7.863635,7.863635,completed,0.060000,0.000000,0.171989,1.000000,0.070833,0.493333,0.001492,0.000000,0.049000,10,1,1,1,0,0,0,1,1,1,1,1,0,0,1,0,1,0.279043,0.000000,0.227878,0.000000,0.000000,0.000000,0.000000,0.000000,0.343224,0.000000,0.000000,0.000000,0.000000,0.000000,0.000000,0.149854,use_phone,1,25,4736,phone,none,,,0.000000,1.000000,0,none,,7.863635,7.863635,completed,30,3,clear,17.000000
11,1120,3448208650,71,Day 4 06:56,none,,7.863635,7.863635,completed,0.000000,0.097107,0.171989,1.000000,0.091667,0.510000,0.001492,0.095000,0.134000,10,1,1,1,0,0,0,1,1,1,1,1,0,0,1,0,1,0.176872,0.140633,0.150876,0.000000,0.000000,0.000000,0.165573,0.000000,0.257844,0.000000,0.000000,0.000000,0.000000,0.000000,0.000000,0.108203,rest_at_bed,1,60,4796,bed,none,alarm-rings,,0.000000,1.000000,0,none,,7.863635,7.863635,completed,30,3,clear,17.000000
11,1120,3448208650,72,Day 4 07:56,none,,7.863635,7.863635,completed,0.090000,0.000000,0.171989,1.000000,0.141667,0.550000,0.022984,0.000000,0.098000,11,1,1,1,0,0,0,1,1,1,1,1,0,1,1,0,1,0.186645,0.000000,0.150947,0.000000,0.000000,0.000000,0.000000,0.000000,0.244666,0.119457,0.000000,0.000000,0.200954,0.000000,0.000000,0.097331,go_to_bathroom,1,15,4811,door,none,,,0.000000,1.000000,0,none,,7.863635,7.863635,completed,30,3,clear,17.000000
11,1120,3448208650,73,Day 4 08:11,none,,7.863635,7.863635,completed,0.095000,0.006000,0.171989,1.000000,0.154167,0.000000,0.022984,0.000000,0.089000,11,1,1,1,0,0,0,1,1,1,1,1,0,1,1,0,1,0.213485,0.000000,0.172595,0.000000,0.000000,0.000000,0.135265,0.000000,0.000000,0.138910,0.000000,0.000000,0.228819,0.000000,0.000000,0.110926,use_computer,1,30,4841,computer,none,,,0.000000,1.000000,0,none,,7.863635,7.863635,completed,30,3,clear,17.000000
11,1120,3448208650,74,Day 4 08:41,none,,7.863635,7.863635,completed,0.000000,0.123985,0.171989,0.990000,0.179167,0.020000,0.022984,0.080000,0.071000,11,1,1,1,0,0,0,1,1,1,1,1,0,1,1,0,1,0.181462,0.000000,0.155600,0.000000,0.000000,0.000000,0.172686,0.000000,0.000000,0.147121,0.000000,0.000000,0.232373,0.000000,0.000000,0.110759,rest_at_bed,1,60,4901,bed,none,,,0.000000,1.000000,0,none,,7.863635,7.863635,completed,30,3,clear,17.000000
11,1120,3448208650,75,Day 4 09:41,none,,7.863635,7.863635,completed,0.060000,0.000000,0.171989,1.000000,0.229167,0.060000,0.022984,0.000000,0.035000,11,1,1,1,0,0,0,1,1,1,1,1,0,1,1,0,1,0.236071,0.000000,0.192785,0.000000,0.000000,0.000000,0.000000,0.000000,0.000000,0.181215,0.000000,0.000000,0.263152,0.000000,0.000000,0.126777,use_computer,1,30,4931,computer,none,,,0.000000,1.000000,0,none,,7.863635,7.863635,completed,30,3,clear,17.000000
11,1120,3448208650,76,Day 4 10:11,none,,7.863635,7.863635,completed,0.000000,0.117985,0.171989,0.990000,0.254167,0.080000,0.022984,0.080000,0.017000,11,1,1,1,0,0,0,1,1,1,1,1,0,1,1,0,1,0.178374,0.000000,0.152755,0.000000,0.000000,0.000000,0.168176,0.000000,0.000000,0.163836,0.000000,0.000000,0.228125,0.000000,0.000000,0.108734,turn_off_alarm,1,1,4932,alarm,none,,,0.000000,1.000000,0,none,,7.863635,7.863635,completed,30,3,clear,17.000000
11,1120,3448208650,77,Day 4 10:12,none,,7.863635,7.863635,completed,0.000333,0.118385,0.171989,1.000000,0.255000,0.080667,0.002984,0.079000,0.016400,10,1,1,1,0,0,0,1,1,1,1,1,0,0,1,0,1,0.230972,0.000000,0.197788,0.000000,0.000000,0.000000,0.218284,0.000000,0.000000,0.212268,0.000000,0.000000,0.000000,0.000000,0.000000,0.140688,use_phone,1,25,4957,phone,none,,,0.000000,1.000000,0,none,,7.863635,7.863635,completed,30,3,clear,17.000000
11,1120,3448208650,78,Day 4 10:37,none,,7.863635,7.863635,completed,0.000000,0.215492,0.171989,1.000000,0.275833,0.097333,0.002984,0.174000,0.101400,10,1,1,1,0,0,0,1,1,1,1,1,0,0,1,0,1,0.207781,0.000000,0.182295,0.000000,0.000000,0.000000,0.261434,0.000000,0.000000,0.212501,0.000000,0.000000,0.000000,0.000000,0.000000,0.135988,get_meal,1,35,4992,door,none,,,0.000000,1.000000,0,none,,7.863635,7.863635,completed,30,3,clear,17.000000
11,1120,3448208650,79,Day 4 11:12,none,,7.863635,7.863635,completed,0.000000,0.229492,0.171989,1.000000,0.000000,0.120667,0.002984,0.139000,0.080400,10,1,1,1,0,0,0,1,1,1,1,1,0,0,1,0,1,0.266921,0.000000,0.234591,0.000000,0.000000,0.000000,0.326516,0.000000,0.000000,0.000000,0.000000,0.000000,0.000000,0.000000,0.000000,0.171972,idle,1,10,5002,,none,,,0.000000,1.000000,0,none,,7.863635,7.863635,completed,30,3,clear,17.000000
11,1120,3448208650,80,Day 4 11:22,none,,7.863635,7.863635,completed,0.123333,0.233492,0.171989,0.946667,0.008333,0.127333,0.002984,0.129000,0.074400,10,1,1,1,0,0,0,1,1,1,1,1,0,0,1,0,1,0.288578,0.000000,0.243807,0.000000,0.000000,0.000000,0.303587,0.000000,0.000000,0.000000,0.000000,0.000000,0.000000,0.000000,0.000000,0.164029,use_computer,1,30,5032,computer,none,,,0.000000,1.000000,0,none,,7.863635,7.863635,completed,30,3,clear,17.000000
11,1120,3448208650,81,Day 4 11:52,none,,7.863635,7.863635,completed,0.000000,0.351477,0.171989,0.936667,0.033333,0.147333,0.002984,0.209000,0.056400,10,1,1,1,0,0,0,1,1,1,1,1,0,0,1,0,1,0.196268,0.000000,0.177493,0.000000,0.000000,0.000000,0.320456,0.000000,0.171045,0.000000,0.000000,0.000000,0.000000,0.000000,0.000000,0.134737,rest_at_bed,1,60,5092,bed,none,,,0.000000,1.000000,0,none,,7.863635,7.863635,completed,30,3,clear,17.000000
11,1120,3448208650,82,Day 4 12:52,none,,7.863635,7.863635,completed,0.060000,0.090817,0.171989,0.966667,0.083333,0.187333,0.002984,0.009000,0.020400,10,1,1,1,0,0,0,1,1,1,1,1,0,0,1,0,1,0.257153,0.000000,0.214186,0.000000,0.000000,0.000000,0.196695,0.000000,0.190481,0.000000,0.000000,0.000000,0.000000,0.000000,0.000000,0.141484,use_computer,1,30,5122,computer,none,,,0.000000,1.000000,0,none,,7.863635,7.863635,completed,30,3,clear,17.000000
11,1120,3448208650,83,Day 4 13:22,none,,7.863635,7.863635,completed,0.000000,0.208802,0.171989,0.956667,0.108333,0.207333,0.002984,0.089000,0.002400,10,1,1,1,0,0,0,1,1,1,1,1,0,0,1,0,1,0.223161,0.000000,0.194918,0.000000,0.000000,0.000000,0.246195,0.000000,0.196354,0.000000,0.000000,0.000000,0.000000,0.000000,0.000000,0.139371,rest_at_bed,1,60,5182,bed,none,weather-clear,,0.000000,1.000000,0,none,,7.863635,7.863635,completed,30,3,clear,17.000000
11,1120,3448208650,84,Day 4 14:22,none,,7.863635,7.863635,completed,0.060000,0.000000,0.171989,0.986667,0.158333,0.247333,0.002984,0.000000,0.000000,10,1,1,1,0,0,0,1,1,1,1,1,0,0,1,0,1,0.260584,0.000000,0.212803,0.000000,0.000000,0.000000,0.000000,0.000000,0.209092,0.177580,0.000000,0.000000,0.000000,0.000000,0.000000,0.139941,get_meal,1,35,5217,door,none,,,0.000000,1.000000,0,none,,7.863635,7.863635,completed,30,3,clear,17.000000
11,1120,3448208650,85,Day 4 14:57,none,,7.863635,7.863635,completed,0.031667,0.014000,0.171989,1.000000,0.000000,0.270667,0.002984,0.000000,0.000000,10,1,1,1,0,0,0,1,1,1,1,1,0,0,1,0,1,0.253857,0.000000,0.209849,0.000000,0.000000,0.000000,0.175863,0.000000,0.219846,0.000000,0.000000,0.000000,0.000000,0.000000,0.000000,0.140585,go_to_bathroom,1,15,5232,door,none,,,0.000000,1.000000,0,none,,7.863635,7.863635,completed,30,3,clear,17.000000
11,1120,3448208650,86,Day 4 15:12,none,,7.863635,7.863635,completed,0.036667,0.020000,0.171989,1.000000,0.012500,0.000000,0.002984,0.000000,0.000000,10,1,1,1,0,0,0,1,1,1,1,1,0,0,1,0,1,0.325376,0.000000,0.268880,0.000000,0.000000,0.000000,0.226202,0.000000,0.000000,0.000000,0.000000,0.000000,0.000000,0.000000,0.000000,0.179542,use_phone,1,25,5257,phone,none,message-study-group,,0.000000,1.000000,0,none,,7.863635,7.863635,completed,30,4,clear,17.000000
11,1120,3448208650,87,Day 4 15:37,none,,7.863635,7.863635,completed,0.000000,0.117107,0.171989,1.000000,0.033333,0.016667,0.002984,0.095000,0.085000,10,1,1,1,0,0,0,1,1,1,1,1,0,0,1,0,1,0.291005,0.000000,0.249296,0.000000,0.000000,0.000000,0.280913,0.000000,0.000000,0.000000,0.000000,0.000000,0.000000,0.000000,0.000000,0.178786,use_computer,1,30,5287,computer,none,,,0.000000,1.000000,0,none,,7.863635,7.863635,completed,30,4,clear,17.000000
11,1120,3448208650,88,Day 4 16:07,none,,7.863635,7.863635,completed,0.000000,0.235092,0.171989,0.990000,0.058333,0.036667,0.002984,0.175000,0.067000,10,1,1,1,0,0,0,1,1,1,1,1,0,0,1,0,1,0.260586,0.000000,0.229591,0.000000,0.000000,0.000000,0.338467,0.000000,0.000000,0.000000,0.000000,0.000000,0.000000,0.000000,0.000000,0.171356,use_phone,1,25,5312,phone,none,,,0.000000,1.000000,0,none,,7.863635,7.863635,completed,30,4,clear,17.000000
11,1120,3448208650,89,Day 4 16:32,none,,7.863635,7.863635,completed,0.000000,0.332199,0.171989,1.000000,0.079167,0.053333,0.002984,0.270000,0.152000,10,1,1,1,0,0,0,1,1,1,1,1,0,0,1,0,1,0.189254,0.179112,0.170817,0.000000,0.000000,0.000000,0.327142,0.000000,0.000000,0.000000,0.000000,0.000000,0.000000,0.000000,0.000000,0.133675,idle,1,10,5322,,none,,,0.000000,1.000000,0,none,,7.863635,7.863635,completed,30,4,clear,17.000000
11,1120,3448208650,90,Day 4 16:42,none,,7.863635,7.863635,completed,0.123333,0.336199,0.171989,0.946667,0.087500,0.060000,0.002984,0.260000,0.146000,10,1,1,1,0,0,0,1,1,1,1,1,0,0,1,0,1,0.208439,0.170960,0.180851,0.000000,0.000000,0.000000,0.309863,0.000000,0.000000,0.000000,0.000000,0.000000,0.000000,0.000000,0.000000,0.129887,rest_at_bed,1,60,5382,bed,none,room-temperature-shift,,0.000000,1.000000,0,none,,7.863635,7.863635,completed,30,4,clear,24.000000
11,1120,3448208650,91,Day 4 17:42,none,,7.863635,7.863635,completed,0.183333,0.075540,0.171989,0.976667,0.137500,0.100000,0.002984,0.060000,0.110000,10,1,1,1,0,0,0,1,1,1,1,1,0,0,1,0,1,0.333895,0.000000,0.266820,0.000000,0.000000,0.000000,0.232532,0.000000,0.000000,0.000000,0.000000,0.000000,0.000000,0.000000,0.000000,0.166753,use_computer,1,30,5412,computer,none,,,0.000000,1.000000,0,none,,7.863635,7.863635,completed,30,4,clear,24.000000
11,1120,3448208650,92,Day 4 18:12,none,,7.863635,7.863635,completed,0.033333,0.193525,0.171989,0.966667,0.162500,0.120000,0.002984,0.140000,0.092000,10,1,1,1,0,0,0,1,1,1,1,1,0,0,1,0,1,0.227705,0.000000,0.196465,0.000000,0.000000,0.000000,0.253835,0.000000,0.000000,0.181015,0.000000,0.000000,0.000000,0.000000,0.000000,0.140981,use_phone,1,25,5437,phone,none,,,0.000000,1.000000,0,none,,7.863635,7.863635,completed,30,4,clear,24.000000
11,1120,3448208650,93,Day 4 18:37,none,,7.863635,7.863635,completed,0.000000,0.290632,0.171989,0.998333,0.183333,0.136667,0.002984,0.235000,0.177000,10,1,1,1,0,0,0,1,1,1,1,1,0,0,1,0,1,0.145808,0.140040,0.130278,0.000000,0.000000,0.000000,0.224826,0.000000,0.124849,0.134013,0.000000,0.000000,0.000000,0.000000,0.000000,0.100186,get_meal,1,35,5472,door,none,evening,,0.000000,1.000000,0,none,,7.863635,7.863635,completed,30,4,clear,24.000000
11,1120,3448208650,94,Day 4 19:12,none,,7.863635,7.863635,completed,0.000000,0.304632,0.171989,1.000000,0.000000,0.160000,0.002984,0.200000,0.156000,10,1,1,1,0,0,0,1,1,1,1,1,0,0,1,0,1,0.170626,0.155691,0.152718,0.000000,0.000000,0.000000,0.255784,0.000000,0.149769,0.000000,0.000000,0.000000,0.000000,0.000000,0.000000,0.115411,use_computer,1,30,5502,computer,none,,,0.000000,1.000000,0,none,,7.863635,7.863635,completed,30,4,clear,24.000000
11,1120,3448208650,95,Day 4 19:42,none,,7.863635,7.863635,completed,0.000000,0.422617,0.171989,0.990000,0.025000,0.180000,0.002984,0.280000,0.138000,10,1,1,1,0,0,0,1,1,1,1,1,0,0,1,0,1,0.114279,0.108261,0.105196,0.000000,0.000000,0.000000,0.230510,0.247862,0.111158,0.000000,0.000000,0.000000,0.000000,0.000000,0.000000,0.082734,rest_at_bed,1,60,5562,bed,none,,,0.000000,1.000000,0,none,,7.863635,7.863635,completed,30,4,clear,24.000000
11,1120,3448208650,96,Day 4 20:42,none,,7.863635,7.863635,completed,0.060000,0.161957,0.171989,1.000000,0.075000,0.220000,0.002984,0.080000,0.102000,10,1,1,1,0,0,0,1,1,1,1,1,0,0,1,0,1,0.238111,0.000000,0.201874,0.000000,0.000000,0.000000,0.225001,0.000000,0.196857,0.000000,0.000000,0.000000,0.000000,0.000000,0.000000,0.138157,go_to_bathroom,1,15,5577,door,none,,,0.000000,1.000000,0,none,,7.863635,7.863635,completed,30,4,clear,24.000000
11,1120,3448208650,97,Day 4 20:57,none,,7.863635,7.863635,completed,0.065000,0.167957,0.171989,1.000000,0.087500,0.000000,0.002984,0.065000,0.093000,10,1,1,1,0,0,0,1,1,1,1,1,0,0,1,0,1,0.298615,0.000000,0.252949,0.000000,0.000000,0.000000,0.277178,0.000000,0.000000,0.000000,0.000000,0.000000,0.000000,0.000000,0.000000,0.171259,idle,1,10,5587,,none,,,0.000000,1.000000,0,none,,7.863635,7.863635,completed,30,4,clear,24.000000
11,1120,3448208650,98,Day 4 21:07,none,,7.863635,7.863635,completed,0.188333,0.171957,0.171989,0.946667,0.095833,0.006667,0.002984,0.055000,0.087000,10,1,1,1,0,0,0,1,1,1,1,1,0,0,1,0,1,0.320665,0.000000,0.261113,0.000000,0.000000,0.000000,0.255975,0.000000,0.000000,0.000000,0.000000,0.000000,0.000000,0.000000,0.000000,0.162247,use_phone,1,25,5612,phone,none,,,0.000000,1.000000,0,none,,7.863635,7.863635,completed,30,4,clear,24.000000
11,1120,3448208650,99,Day 4 21:32,none,,7.863635,7.863635,completed,0.000000,0.269064,0.171989,0.978333,0.116667,0.023333,0.002984,0.150000,0.172000,10,1,1,1,0,0,0,1,1,1,1,1,0,0,1,0,1,0.209762,0.190019,0.185993,0.000000,0.000000,0.000000,0.277129,0.000000,0.000000,0.000000,0.000000,0.000000,0.000000,0.000000,0.000000,0.137096,shop_on_phone,1,20,5632,phone,none,,,0.000000,1.000000,0,none,,7.863635,7.863635,completed,0,4,clear,24.000000
11,1120,3448208650,100,Day 4 21:52,none,,7.863635,7.863635,completed,0.006667,0.281553,0.171989,1.000000,0.133333,0.036667,0.002984,0.210000,0.000000,10,1,1,1,0,0,0,1,1,1,1,1,0,0,1,0,1,0.248929,0.000000,0.221307,0.000000,0.000000,0.000000,0.362417,0.000000,0.000000,0.000000,0.000000,0.000000,0.000000,0.000000,0.000000,0.167348,rest_at_bed,1,60,5692,bed,none,,,0.000000,1.000000,0,none,,7.863635,7.863635,completed,0,4,clear,24.000000
11,1120,3448208650,101,Day 4 22:52,none,,7.863635,7.863635,completed,0.066667,0.020893,0.171989,1.000000,0.183333,0.076667,0.002984,0.010000,0.000000,10,1,1,1,0,0,0,1,1,1,1,1,0,0,1,0,1,0.266534,0.000000,0.218243,0.000000,0.000000,0.000000,0.181790,0.000000,0.000000,0.189826,0.000000,0.000000,0.000000,0.000000,0.000000,0.143606,get_meal,1,35,5727,door,none,,,0.000000,1.000000,0,none,,7.863635,7.863635,completed,0,4,clear,24.000000
11,1120,3448208650,102,Day 4 23:27,none,,7.863635,7.863635,completed,0.038333,0.034893,0.171989,1.000000,0.000000,0.100000,0.002984,0.000000,0.000000,10,1,1,1,0,0,0,1,1,1,1,1,0,0,1,0,1,0.323492,0.000000,0.268030,0.000000,0.000000,0.000000,0.229699,0.000000,0.000000,0.000000,0.000000,0.000000,0.000000,0.000000,0.000000,0.178779,use_phone,1,25,5752,phone,none,,,0.000000,1.000000,0,none,,7.863635,7.863635,completed,0,4,clear,24.000000
11,1120,3448208650,103,Day 4 23:52,none,,7.863635,7.863635,completed,0.000000,0.132000,0.171989,1.000000,0.020833,0.116667,0.002984,0.095000,0.085000,10,1,1,1,0,0,0,1,1,1,1,1,0,0,1,0,1,0.288717,0.000000,0.248125,0.000000,0.000000,0.000000,0.285211,0.000000,0.000000,0.000000,0.000000,0.000000,0.000000,0.000000,0.000000,0.177946,use_phone,1,25,5777,phone,none,,,0.000000,1.000000,0,none,,7.863635,7.863635,completed,0,4,clear,24.000000
11,1120,3448208650,104,Day 5 00:17,none,,7.863635,7.863635,completed,0.000000,0.229107,0.171989,1.000000,0.041667,0.133333,0.002984,0.190000,0.170000,10,1,1,1,0,0,0,1,1,1,1,1,0,0,1,0,1,0.178833,0.163539,0.157445,0.000000,0.000000,0.000000,0.235108,0.000000,0.146684,0.000000,0.000000,0.000000,0.000000,0.000000,0.000000,0.118391,shop_on_phone,0,0,5777,phone,resource_insufficient,,,0.000000,1.000000,0,none,,7.863635,7.863635,completed,0,4,clear,24.000000
11,1120,3448208650,105,Day 5 00:17,none,,7.863635,7.863635,completed,0.000000,0.229107,0.171989,0.970000,0.041667,0.133333,0.032984,0.190000,0.170000,10,1,1,1,0,0,0,1,1,1,1,1,0,0,1,0,1,0.179057,0.163744,0.157642,0.000000,0.000000,0.000000,0.234148,0.000000,0.146868,0.000000,0.000000,0.000000,0.000000,0.000000,0.000000,0.118540,use_computer,1,30,5807,computer,none,,,0.000000,1.000000,0,none,,7.863635,7.863635,completed,0,4,clear,24.000000
11,1120,3448208650,106,Day 5 00:47,none,,7.863635,7.863635,completed,0.000000,0.347092,0.171989,0.960000,0.066667,0.153333,0.032984,0.270000,0.152000,10,1,1,1,0,0,0,1,1,1,1,1,0,0,1,0,1,0.160464,0.152349,0.145294,0.000000,0.000000,0.000000,0.282340,0.000000,0.145851,0.000000,0.000000,0.000000,0.000000,0.000000,0.000000,0.113701,rest_at_bed,1,60,5867,bed,none,,,0.000000,1.000000,0,none,,7.863635,7.863635,completed,0,4,clear,24.000000
11,1120,3448208650,107,Day 5 01:47,none,,7.863635,7.863635,completed,0.060000,0.086433,0.171989,0.990000,0.116667,0.193333,0.032984,0.070000,0.116000,10,1,1,1,0,0,0,1,1,1,1,1,0,0,1,0,1,0.250083,0.000000,0.208555,0.000000,0.000000,0.000000,0.206139,0.000000,0.193204,0.000000,0.000000,0.000000,0.000000,0.000000,0.000000,0.142019,go_to_bathroom,1,15,5882,door,none,,,0.000000,1.000000,0,none,,7.863635,7.863635,completed,0,4,clear,24.000000
11,1120,3448208650,108,Day 5 02:02,none,,7.863635,7.863635,completed,0.065000,0.092433,0.171989,1.000000,0.129167,0.000000,0.032984,0.055000,0.107000,10,1,1,1,0,0,0,1,1,1,1,1,0,0,1,0,1,0.312088,0.000000,0.260036,0.000000,0.000000,0.000000,0.252694,0.000000,0.000000,0.000000,0.000000,0.000000,0.000000,0.000000,0.000000,0.175181,use_phone,1,25,5907,phone,none,,,0.000000,1.000000,0,none,,7.863635,7.863635,completed,0,4,clear,24.000000
11,1120,3448208650,109,Day 5 02:27,none,,7.863635,7.863635,completed,0.000000,0.189540,0.171989,1.000000,0.150000,0.016667,0.032984,0.150000,0.192000,10,1,1,1,0,0,0,1,1,1,1,1,0,0,1,0,1,0.184841,0.170288,0.161134,0.000000,0.000000,0.000000,0.214745,0.000000,0.000000,0.150219,0.000000,0.000000,0.000000,0.000000,0.000000,0.118773,rest_at_bed,1,60,5967,bed,none,,,0.000000,1.000000,0,none,,7.863635,7.863635,completed,0,4,clear,24.000000
11,1120,3448208650,110,Day 5 03:27,none,,7.863635,7.863635,completed,0.060000,0.000000,0.171989,1.000000,0.200000,0.056667,0.032984,0.000000,0.156000,10,1,1,1,0,0,0,1,1,1,1,1,0,0,1,0,1,0.262721,0.189619,0.214548,0.000000,0.000000,0.000000,0.000000,0.000000,0.000000,0.192024,0.000000,0.000000,0.000000,0.000000,0.000000,0.141088,get_meal,1,35,6002,door,none,,,0.000000,1.000000,0,none,,7.863635,7.863635,completed,0,4,clear,24.000000
11,1120,3448208650,111,Day 5 04:02,none,,7.863635,7.863635,completed,0.031667,0.014000,0.171989,1.000000,0.000000,0.080000,0.032984,0.000000,0.135000,10,1,1,1,0,0,0,1,1,1,1,1,0,0,1,0,1,0.263916,0.189907,0.218164,0.000000,0.000000,0.000000,0.181858,0.000000,0.000000,0.000000,0.000000,0.000000,0.000000,0.000000,0.000000,0.146155,rest_at_bed,1,60,6062,bed,none,,,0.000000,1.000000,0,none,,7.863635,7.863635,completed,0,4,clear,24.000000
11,1120,3448208650,112,Day 5 05:02,none,,7.863635,7.863635,completed,0.091667,0.000000,0.171989,1.000000,0.050000,0.120000,0.032984,0.000000,0.099000,10,1,1,1,0,0,0,1,1,1,1,1,0,0,1,0,1,0.429382,0.000000,0.347070,0.000000,0.000000,0.000000,0.000000,0.000000,0.000000,0.000000,0.000000,0.000000,0.000000,0.000000,0.000000,0.223547,idle,1,10,6072,,none,,,0.000000,1.000000,0,none,,7.863635,7.863635,completed,0,4,clear,24.000000
11,1120,3448208650,113,Day 5 05:12,none,,7.863635,7.863635,completed,0.215000,0.004000,0.171989,0.946667,0.058333,0.126667,0.032984,0.000000,0.093000,10,1,1,1,0,0,0,1,1,1,1,1,0,0,1,0,1,0.446615,0.000000,0.347149,0.000000,0.000000,0.000000,0.000000,0.000000,0.000000,0.000000,0.000000,0.000000,0.000000,0.000000,0.000000,0.206236,use_phone,1,25,6097,phone,none,,,0.000000,1.000000,0,none,,7.863635,7.863635,completed,0,4,clear,24.000000
11,1120,3448208650,114,Day 5 05:37,none,,7.863635,7.863635,completed,0.003333,0.101107,0.171989,0.978333,0.079167,0.143333,0.032984,0.095000,0.178000,10,1,1,1,0,0,0,1,1,1,1,1,0,0,1,0,1,0.199227,0.170204,0.169906,0.000000,0.000000,0.000000,0.185890,0.000000,0.153188,0.000000,0.000000,0.000000,0.000000,0.000000,0.000000,0.121585,idle,1,10,6107,,none,,,0.000000,1.000000,0,none,,7.863635,7.863635,completed,0,4,clear,24.000000
11,1120,3448208650,115,Day 5 05:47,none,,7.863635,7.863635,completed,0.126667,0.105107,0.171989,0.925000,0.087500,0.150000,0.032984,0.085000,0.172000,10,1,1,1,0,0,0,1,1,1,1,1,0,0,1,0,1,0.218704,0.161925,0.179297,0.000000,0.000000,0.000000,0.175494,0.000000,0.146827,0.000000,0.000000,0.000000,0.000000,0.000000,0.000000,0.117753,use_computer,1,30,6137,computer,none,,,0.000000,1.000000,0,none,,7.863635,7.863635,completed,0,4,clear,24.000000
11,1120,3448208650,116,Day 5 06:17,none,,7.863635,7.863635,completed,0.000000,0.223092,0.171989,0.915000,0.112500,0.170000,0.032984,0.165000,0.154000,10,1,1,1,0,0,0,1,1,1,1,1,0,0,1,0,1,0.181171,0.158908,0.159156,0.000000,0.000000,0.000000,0.226501,0.000000,0.156069,0.000000,0.000000,0.000000,0.000000,0.000000,0.000000,0.118195,rest_at_bed,1,60,6197,bed,none,alarm-rings,,0.000000,1.000000,0,none,,7.863635,7.863635,completed,0,4,clear,24.000000
11,1120,3448208650,117,Day 5 07:17,none,,7.863635,7.863635,completed,0.090000,0.000000,0.171989,0.945000,0.162500,0.210000,0.054476,0.000000,0.118000,11,1,1,1,0,0,0,1,1,1,1,1,0,1,1,0,1,0.207845,0.000000,0.168092,0.000000,0.000000,0.000000,0.000000,0.000000,0.150971,0.137767,0.000000,0.000000,0.226940,0.000000,0.000000,0.108386,go_to_bathroom,1,15,6212,door,none,,,0.000000,1.000000,0,none,,7.863635,7.863635,completed,0,4,clear,24.000000
11,1120,3448208650,118,Day 5 07:32,none,,7.863635,7.863635,completed,0.095000,0.006000,0.171989,1.000000,0.175000,0.000000,0.054476,0.000000,0.109000,11,1,1,1,0,0,0,1,1,1,1,1,0,1,1,0,1,0.244565,0.000000,0.197722,0.000000,0.000000,0.000000,0.000000,0.000000,0.000000,0.164804,0.000000,0.000000,0.265833,0.000000,0.000000,0.127075,turn_off_alarm,1,1,6213,alarm,none,,,0.000000,1.000000,0,none,,7.863635,7.863635,completed,0,4,clear,24.000000
11,1120,3448208650,119,Day 5 07:33,none,,7.863635,7.863635,completed,0.095333,0.006400,0.171989,1.000000,0.175833,0.000667,0.034476,0.000000,0.108400,10,1,1,1,0,0,0,1,1,1,1,1,0,0,1,0,1,0.333053,0.000000,0.269256,0.000000,0.000000,0.000000,0.000000,0.000000,0.000000,0.224680,0.000000,0.000000,0.000000,0.000000,0.000000,0.173011,get_meal,1,35,6248,door,none,,,0.000000,1.000000,0,none,,7.863635,7.863635,completed,0,4,clear,24.000000
11,1120,3448208650,120,Day 5 08:08,none,,7.863635,7.863635,completed,0.067000,0.020400,0.171989,1.000000,0.000000,0.024000,0.034476,0.000000,0.087400,10,1,1,1,0,0,0,1,1,1,1,1,0,0,1,0,1,0.330916,0.000000,0.270805,0.000000,0.000000,0.000000,0.221010,0.000000,0.000000,0.000000,0.000000,0.000000,0.000000,0.000000,0.000000,0.177268,use_computer,1,30,6278,computer,none,,,0.000000,1.000000,0,none,,7.863635,7.863635,completed,0,4,clear,24.000000
11,1120,3448208650,121,Day 5 08:38,none,,7.863635,7.863635,completed,0.000000,0.138385,0.171989,0.990000,0.025000,0.044000,0.034476,0.080000,0.069400,10,1,1,1,0,0,0,1,1,1,1,1,0,0,1,0,1,0.290403,0.000000,0.249782,0.000000,0.000000,0.000000,0.282016,0.000000,0.000000,0.000000,0.000000,0.000000,0.000000,0.000000,0.000000,0.177799,rest_at_bed,1,60,6338,bed,none,message-study-group,,0.000000,1.000000,0,none,,7.863635,7.863635,completed,0,5,clear,24.000000
11,1120,3448208650,122,Day 5 09:38,none,,7.863635,7.863635,completed,0.060000,0.000000,0.171989,1.000000,0.075000,0.084000,0.034476,0.000000,0.033400,10,1,1,1,0,0,0,1,1,1,1,1,0,0,1,0,1,0.424869,0.000000,0.346965,0.000000,0.000000,0.000000,0.000000,0.000000,0.000000,0.000000,0.000000,0.000000,0.000000,0.000000,0.000000,0.228166,idle,1,10,6348,,none,,,0.000000,1.000000,0,none,,7.863635,7.863635,completed,0,5,clear,24.000000
11,1120,3448208650,123,Day 5 09:48,none,,7.863635,7.863635,completed,0.183333,0.004000,0.171989,0.946667,0.083333,0.090667,0.034476,0.000000,0.027400,10,1,1,1,0,0,0,1,1,1,1,1,0,0,1,0,1,0.442158,0.000000,0.347231,0.000000,0.000000,0.000000,0.000000,0.000000,0.000000,0.000000,0.000000,0.000000,0.000000,0.000000,0.000000,0.210610,use_phone,1,25,6373,phone,none,,,0.000000,1.000000,0,none,,7.863635,7.863635,completed,0,5,clear,24.000000
11,1120,3448208650,124,Day 5 10:13,none,,7.863635,7.863635,completed,0.000000,0.101107,0.171989,0.978333,0.104167,0.107333,0.034476,0.095000,0.112400,10,1,1,1,0,0,0,1,1,1,1,1,0,0,1,0,1,0.293906,0.000000,0.250923,0.000000,0.000000,0.000000,0.275219,0.000000,0.000000,0.000000,0.000000,0.000000,0.000000,0.000000,0.000000,0.179952,rest_at_bed,1,60,6433,bed,none,,,0.000000,1.000000,0,none,,7.863635,7.863635,completed,0,5,clear,24.000000
11,1120,3448208650,125,Day 5 11:13,none,,7.863635,7.863635,completed,0.060000,0.000000,0.171989,1.000000,0.154167,0.147333,0.034476,0.000000,0.076400,10,1,1,1,0,0,0,1,1,1,1,1,0,0,1,0,1,0.269915,0.000000,0.220423,0.000000,0.000000,0.000000,0.000000,0.000000,0.182055,0.182655,0.000000,0.000000,0.000000,0.000000,0.000000,0.144952,use_phone,1,25,6458,phone,none,,,0.000000,1.000000,0,none,,7.863635,7.863635,completed,0,5,clear,24.000000
11,1120,3448208650,126,Day 5 11:38,none,,7.863635,7.863635,completed,0.000000,0.097107,0.171989,1.000000,0.175000,0.164000,0.034476,0.095000,0.161400,10,1,1,1,0,0,0,1,1,1,1,1,0,0,1,0,1,0.171392,0.142742,0.146201,0.000000,0.000000,0.000000,0.159503,0.000000,0.137012,0.138301,0.000000,0.000000,0.000000,0.000000,0.000000,0.104850,get_meal,1,35,6493,door,none,,,0.000000,1.000000,0,none,,7.863635,7.863635,completed,0,5,clear,24.000000
11,1120,3448208650,127,Day 5 12:13,none,,7.863635,7.863635,completed,0.000000,0.111107,0.171989,1.000000,0.000000,0.187333,0.034476,0.060000,0.140400,10,1,1,1,0,0,0,1,1,1,1,1,0,0,1,0,1,0.201117,0.159132,0.171857,0.000000,0.000000,0.000000,0.181966,0.000000,0.164813,0.000000,0.000000,0.000000,0.000000,0.000000,0.000000,0.121117,shop_on_phone,0,0,6493,phone,resource_insufficient,,,0.000000,1.000000,0,none,,7.863635,7.863635,completed,0,5,clear,24.000000
11,1120,3448208650,128,Day 5 12:13,none,,7.863635,7.863635,completed,0.000000,0.111107,0.171989,0.970000,0.000000,0.187333,0.064476,0.060000,0.140400,10,1,1,1,0,0,0,1,1,1,1,1,0,0,1,0,1,0.201312,0.159286,0.172023,0.000000,0.000000,0.000000,0.181172,0.000000,0.164972,0.000000,0.000000,0.000000,0.000000,0.000000,0.000000,0.121234,shop_on_phone,0,0,6493,phone,resource_insufficient,,,0.000000,1.000000,0,none,,7.863635,7.863635,completed,0,5,clear,24.000000
11,1120,3448208650,129,Day 5 12:13,none,,7.863635,7.863635,completed,0.000000,0.111107,0.171989,0.940000,0.000000,0.187333,0.094476,0.060000,0.140400,10,1,1,1,0,0,0,1,1,1,1,1,0,0,1,0,1,0.201507,0.159440,0.172190,0.000000,0.000000,0.000000,0.180381,0.000000,0.165132,0.000000,0.000000,0.000000,0.000000,0.000000,0.000000,0.121351,rest_at_bed,1,60,6553,bed,none,weather-rain,,0.000000,1.000000,0,none,,7.863635,7.863635,completed,0,5,rain,24.000000
11,1120,3448208650,130,Day 5 13:13,none,,7.863635,7.863635,completed,0.060000,0.000000,0.171989,0.970000,0.050000,0.227333,0.094476,0.000000,0.104400,10,1,1,1,0,0,0,1,1,1,1,1,0,0,1,0,1,0.319624,0.000000,0.261018,0.000000,0.000000,0.000000,0.000000,0.000000,0.247712,0.000000,0.000000,0.000000,0.000000,0.000000,0.000000,0.171647,idle,1,10,6563,,none,,,0.000000,1.000000,0,none,,7.863635,7.863635,completed,0,5,rain,24.000000
11,1120,3448208650,131,Day 5 13:23,none,,7.863635,7.863635,completed,0.183333,0.004000,0.171989,0.916667,0.058333,0.234000,0.094476,0.000000,0.098400,10,1,1,1,0,0,0,1,1,1,1,1,0,0,1,0,1,0.339912,0.000000,0.266936,0.000000,0.000000,0.000000,0.000000,0.000000,0.231243,0.000000,0.000000,0.000000,0.000000,0.000000,0.000000,0.161908,use_phone,1,25,6588,phone,none,,,0.000000,1.000000,0,none,,7.863635,7.863635,completed,0,5,rain,24.000000
11,1120,3448208650,132,Day 5 13:48,none,,7.863635,7.863635,completed,0.000000,0.101107,0.171989,0.948333,0.079167,0.250667,0.094476,0.095000,0.183400,10,1,1,1,0,0,0,1,1,1,1,1,0,0,1,0,1,0.192764,0.166772,0.164573,0.000000,0.000000,0.000000,0.178589,0.000000,0.179276,0.000000,0.000000,0.000000,0.000000,0.000000,0.000000,0.118025,idle,1,10,6598,,none,,,0.000000,1.000000,0,none,,7.863635,7.863635,completed,0,5,rain,24.000000
11,1120,3448208650,133,Day 5 13:58,none,,7.863635,7.863635,completed,0.123333,0.105107,0.171989,0.895000,0.087500,0.257333,0.094476,0.085000,0.177400,10,1,1,1,0,0,0,1,1,1,1,1,0,0,1,0,1,0.211890,0.158871,0.173898,0.000000,0.000000,0.000000,0.168825,0.000000,0.172060,0.000000,0.000000,0.000000,0.000000,0.000000,0.000000,0.114457,use_phone,1,25,6623,phone,none,,,0.000000,1.000000,0,none,,7.863635,7.863635,completed,0,5,rain,24.000000
11,1120,3448208650,134,Day 5 14:23,none,,7.863635,7.863635,completed,0.000000,0.202214,0.171989,0.926667,0.108333,0.274000,0.094476,0.180000,0.262400,10,1,1,1,0,0,0,1,1,1,1,1,0,0,1,0,1,0.171060,0.180884,0.149685,0.000000,0.000000,0.000000,0.209222,0.000000,0.177153,0.000000,0.000000,0.000000,0.000000,0.000000,0.000000,0.111996,shop_on_phone,0,0,6623,phone,resource_insufficient,,,0.000000,1.000000,0,none,,7.863635,7.863635,completed,0,5,rain,24.000000
11,1120,3448208650,135,Day 5 14:23,none,,7.863635,7.863635,completed,0.000000,0.202214,0.171989,0.896667,0.108333,0.274000,0.124476,0.180000,0.262400,10,1,1,1,0,0,0,1,1,1,1,1,0,0,1,0,1,0.171251,0.181086,0.149852,0.000000,0.000000,0.000000,0.208339,0.000000,0.177351,0.000000,0.000000,0.000000,0.000000,0.000000,0.000000,0.112121,go_to_bathroom,1,15,6638,door,none,,,0.000000,1.000000,0,none,,7.863635,7.863635,completed,0,5,rain,24.000000
11,1120,3448208650,136,Day 5 14:38,none,,7.863635,7.863635,completed,0.005000,0.208214,0.171989,0.976670,0.120833,0.000000,0.124476,0.165000,0.253400,10,1,1,1,0,0,0,1,1,1,1,1,0,0,1,0,1,0.210723,0.216853,0.184232,0.000000,0.000000,0.000000,0.251822,0.000000,0.000000,0.000000,0.000000,0.000000,0.000000,0.000000,0.000000,0.136370,use_phone,1,25,6663,phone,none,,,0.000000,1.000000,0,none,,7.863635,7.863635,completed,0,5,rain,24.000000
11,1120,3448208650,137,Day 5 15:03,none,,7.863635,7.863635,completed,0.000000,0.305321,0.171989,1.000000,0.141667,0.016667,0.124476,0.260000,0.338400,10,1,1,1,0,0,0,1,1,1,1,1,0,0,1,0,1,0.157494,0.202065,0.141287,0.000000,0.000000,0.000000,0.251933,0.000000,0.000000,0.137207,0.000000,0.000000,0.000000,0.000000,0.000000,0.110015,use_phone,1,25,6688,phone,none,,,0.000000,1.000000,0,none,,7.863635,7.863635,completed,0,5,rain,24.000000
11,1120,3448208650,138,Day 5 15:28,none,,7.863635,7.863635,completed,0.000000,0.402429,0.171989,1.000000,0.162500,0.033333,0.124476,0.355000,0.423400,10,1,1,1,0,0,0,1,1,1,1,1,0,0,1,0,1,0.103192,0.164205,0.094834,0.000000,0.000000,0.000000,0.219681,0.240657,0.000000,0.100005,0.000000,0.000000,0.000000,0.000000,0.000000,0.077427,use_phone,1,25,6713,phone,none,,,0.000000,1.000000,0,none,,7.863635,7.863635,completed,0,5,rain,24.000000
11,1120,3448208650,139,Day 5 15:53,none,,7.863635,7.863635,completed,0.000000,0.499536,0.171989,1.000000,0.183333,0.050000,0.124476,0.450000,0.508400,10,1,1,1,0,0,0,1,1,1,1,1,0,0,1,0,1,0.090601,0.178807,0.000000,0.000000,0.000000,0.000000,0.256688,0.303214,0.000000,0.097672,0.000000,0.000000,0.000000,0.000000,0.000000,0.073018,use_phone,1,25,6738,phone,none,,,0.000000,1.000000,0,none,,7.863635,7.863635,completed,0,5,rain,24.000000
11,1120,3448208650,140,Day 5 16:18,none,,7.863635,7.863635,completed,0.000000,0.596643,0.171989,1.000000,0.204167,0.066667,0.124476,0.545000,0.593400,10,1,1,1,0,0,0,1,1,1,1,1,0,0,1,0,1,0.070993,0.173774,0.000000,0.000000,0.000000,0.000000,0.267681,0.340957,0.000000,0.085138,0.000000,0.000000,0.000000,0.000000,0.000000,0.061457,shop_on_phone,0,0,6738,phone,resource_insufficient,,,0.000000,1.000000,0,none,,7.863635,7.863635,completed,0,5,rain,24.000000
11,1120,3448208650,141,Day 5 16:18,none,,7.863635,7.863635,completed,0.000000,0.596643,0.171989,0.970000,0.204167,0.066667,0.154476,0.545000,0.593400,10,1,1,1,0,0,0,1,1,1,1,1,0,0,1,0,1,0.071095,0.174022,0.000000,0.000000,0.000000,0.000000,0.266635,0.341444,0.000000,0.085259,0.000000,0.000000,0.000000,0.000000,0.000000,0.061545,sleep_at_bed,1,199,6937,bed,none,evening|room-temperature-shift,,0.000000,1.000000,0,none,,7.863635,7.863635,completed,0,5,rain,17.000000
11,1120,3448208650,142,Day 5 19:37,none,,7.863635,7.863635,completed,0.000000,0.191211,0.171989,0.923667,0.370000,0.199333,0.154476,0.046000,0.474000,10,1,1,1,0,0,0,1,1,1,1,1,0,0,1,0,1,0.146573,0.205907,0.127347,0.000000,0.000000,0.000000,0.144063,0.000000,0.123832,0.163153,0.000000,0.000000,0.000000,0.000000,0.000000,0.089124,use_computer,1,30,6967,computer,none,,,0.000000,1.000000,0,none,,7.863635,7.863635,completed,0,5,rain,17.000000
11,1120,3448208650,143,Day 5 20:07,none,,7.863635,7.863635,completed,0.000000,0.309196,0.171989,0.913667,0.395000,0.219333,0.154476,0.126000,0.456000,10,1,1,1,0,0,0,1,1,1,1,1,0,0,1,0,1,0.133261,0.194360,0.119076,0.000000,0.000000,0.000000,0.176236,0.000000,0.124760,0.165579,0.000000,0.000000,0.000000,0.000000,0.000000,0.086728,idle,1,10,6977,,none,,,0.000000,1.000000,0,none,,7.863635,7.863635,completed,0,5,rain,17.000000
11,1120,3448208650,144,Day 5 20:17,none,,7.863635,7.863635,completed,0.123333,0.313196,0.171989,0.860333,0.403333,0.226000,0.154476,0.116000,0.450000,10,1,1,1,0,0,0,1,1,1,1,1,0,0,1,0,1,0.148381,0.187552,0.127455,0.000000,0.000000,0.000000,0.168761,0.000000,0.121290,0.161365,0.000000,0.000000,0.000000,0.000000,0.000000,0.085196,rest_at_bed,1,60,7037,bed,none,,,0.000000,1.000000,0,none,,7.863635,7.863635,completed,0,5,rain,17.000000
11,1120,3448208650,145,Day 5 21:17,none,,7.863635,7.863635,completed,0.183333,0.052537,0.171989,0.890333,0.453333,0.266000,0.154476,0.000000,0.414000,10,1,1,1,0,0,0,1,1,1,1,1,0,0,1,0,1,0.179334,0.178113,0.142301,0.000000,0.000000,0.000000,0.107700,0.000000,0.130317,0.175922,0.000000,0.000000,0.000000,0.000000,0.000000,0.086312,go_to_bathroom,1,15,7052,door,none,,,0.000000,1.000000,0,none,,7.863635,7.863635,completed,0,5,rain,17.000000
11,1120,3448208650,146,Day 5 21:32,none,,7.863635,7.863635,completed,0.188333,0.058537,0.171989,0.970336,0.465833,0.000000,0.154476,0.000000,0.405000,10,1,1,1,0,0,0,1,1,1,1,1,0,0,1,0,1,0.206309,0.201017,0.163651,0.000000,0.000000,0.000000,0.124335,0.000000,0.000000,0.205751,0.000000,0.000000,0.000000,0.000000,0.000000,0.098936,idle,1,10,7062,,none,,,0.000000,1.000000,0,none,,7.863635,7.863635,completed,0,5,rain,17.000000
11,1120,3448208650,147,Day 5 21:42,none,,7.863635,7.863635,completed,0.311667,0.062537,0.171989,0.917003,0.474167,0.006667,0.154476,0.000000,0.399000,10,1,1,1,0,0,0,1,1,1,1,1,0,0,1,0,1,0.225207,0.191185,0.171787,0.000000,0.000000,0.000000,0.118398,0.000000,0.000000,0.197631,0.000000,0.000000,0.000000,0.000000,0.000000,0.095791,use_phone,1,25,7087,phone,none,,,0.000000,1.000000,0,none,,7.863635,7.863635,completed,0,5,rain,17.000000
11,1120,3448208650,148,Day 5 22:07,none,,7.863635,7.863635,completed,0.100000,0.159644,0.171989,0.948670,0.495000,0.023333,0.154476,0.095000,0.484000,10,1,1,1,0,0,0,1,1,1,1,1,0,0,1,0,1,0.170855,0.224278,0.142993,0.000000,0.000000,0.000000,0.152732,0.000000,0.000000,0.213098,0.000000,0.000000,0.000000,0.000000,0.000000,0.096044,rest_at_bed,1,60,7147,bed,none,,,0.000000,1.000000,0,none,,7.863635,7.863635,completed,0,5,rain,17.000000
11,1120,3448208650,149,Day 5 23:07,none,,7.863635,7.863635,completed,0.160000,0.000000,0.171989,0.978670,0.545000,0.063333,0.154476,0.000000,0.448000,10,1,1,1,0,0,0,1,1,1,1,1,0,0,1,0,1,0.221929,0.236543,0.175456,0.000000,0.000000,0.000000,0.000000,0.000000,0.000000,0.258011,0.000000,0.000000,0.000000,0.000000,0.000000,0.108061,get_meal,1,35,7182,door,none,,,0.000000,1.000000,0,none,,7.863635,7.863635,completed,0,5,rain,17.000000
11,1120,3448208650,150,Day 5 23:42,none,,7.863635,7.863635,completed,0.131667,0.014000,0.171989,1.000000,0.024167,0.086667,0.154476,0.000000,0.427000,10,1,1,1,0,0,0,1,1,1,1,1,0,0,1,0,1,0.297173,0.315788,0.237822,0.000000,0.000000,0.000000,0.000000,0.000000,0.000000,0.000000,0.000000,0.000000,0.000000,0.000000,0.000000,0.149217,use_phone,1,25,7207,phone,none,,,0.000000,1.000000,0,none,,7.863635,7.863635,completed,0,5,rain,17.000000
11,1120,3448208650,151,Day 6 00:07,none,,7.863635,7.863635,completed,0.000000,0.111107,0.171989,1.000000,0.045000,0.103333,0.154476,0.095000,0.512000,10,1,1,1,0,0,0,1,1,1,1,1,0,0,1,0,1,0.203590,0.307774,0.174187,0.000000,0.000000,0.000000,0.189528,0.000000,0.000000,0.000000,0.000000,0.000000,0.000000,0.000000,0.000000,0.124921,use_computer,1,30,7237,computer,none,,,0.000000,1.000000,0,none,,7.863635,7.863635,completed,0,5,rain,17.000000
11,1120,3448208650,152,Day 6 00:37,none,,7.863635,7.863635,completed,0.000000,0.229092,0.171989,0.990000,0.070000,0.123333,0.154476,0.175000,0.494000,10,1,1,1,0,0,0,1,1,1,1,1,0,0,1,0,1,0.186610,0.292885,0.164204,0.000000,0.000000,0.000000,0.233747,0.000000,0.000000,0.000000,0.000000,0.000000,0.000000,0.000000,0.000000,0.122554,use_phone,1,25,7262,phone,none,,,0.000000,1.000000,0,none,,7.863635,7.863635,completed,0,5,rain,17.000000
11,1120,3448208650,153,Day 6 01:02,none,,7.863635,7.863635,completed,0.000000,0.326199,0.171989,1.000000,0.090833,0.140000,0.154476,0.270000,0.579000,10,1,1,1,0,0,0,1,1,1,1,1,0,0,1,0,1,0.140754,0.273990,0.126879,0.000000,0.000000,0.000000,0.234637,0.000000,0.124451,0.000000,0.000000,0.000000,0.000000,0.000000,0.000000,0.099290,shop_on_phone,0,0,7262,phone,resource_insufficient,,,0.000000,1.000000,0,none,,7.863635,7.863635,completed,0,5,rain,17.000000
11,1120,3448208650,154,Day 6 01:02,none,,7.863635,7.863635,completed,0.000000,0.326199,0.171989,0.970000,0.090833,0.140000,0.184476,0.270000,0.579000,10,1,1,1,0,0,0,1,1,1,1,1,0,0,1,0,1,0.140930,0.274333,0.127038,0.000000,0.000000,0.000000,0.233679,0.000000,0.124606,0.000000,0.000000,0.000000,0.000000,0.000000,0.000000,0.099414,rest_at_bed,1,60,7322,bed,none,,,0.000000,1.000000,0,none,,7.863635,7.863635,completed,0,5,rain,17.000000
11,1120,3448208650,155,Day 6 02:02,none,,7.863635,7.863635,completed,0.060000,0.065540,0.171989,1.000000,0.140833,0.180000,0.184476,0.070000,0.543000,10,1,1,1,0,0,0,1,1,1,1,1,0,0,1,0,1,0.164394,0.240415,0.136485,0.000000,0.000000,0.000000,0.127699,0.000000,0.123545,0.114521,0.000000,0.000000,0.000000,0.000000,0.000000,0.092941,rest_at_bed,1,60,7382,bed,none,,,0.000000,1.000000,0,none,,7.863635,7.863635,completed,0,5,rain,17.000000
11,1120,3448208650,156,Day 6 03:02,none,,7.863635,7.863635,completed,0.120000,0.000000,0.171989,1.000000,0.190833,0.220000,0.184476,0.000000,0.507000,10,1,1,1,0,0,0,1,1,1,1,1,0,0,1,0,1,0.203234,0.249542,0.162772,0.000000,0.000000,0.000000,0.000000,0.000000,0.145080,0.136459,0.000000,0.000000,0.000000,0.000000,0.000000,0.102913,shop_on_phone,0,0,7382,phone,resource_insufficient,,,0.000000,1.000000,0,none,,7.863635,7.863635,completed,0,5,rain,17.000000
11,1120,3448208650,157,Day 6 03:02,none,,7.863635,7.863635,completed,0.120000,0.000000,0.171989,0.970000,0.190833,0.220000,0.214476,0.000000,0.507000,10,1,1,1,0,0,0,1,1,1,1,1,0,0,1,0,1,0.203234,0.249542,0.162772,0.000000,0.000000,0.000000,0.000000,0.000000,0.145080,0.136459,0.000000,0.000000,0.000000,0.000000,0.000000,0.102913,shop_on_phone,0,0,7382,phone,resource_insufficient,,,0.000000,1.000000,0,none,,7.863635,7.863635,completed,0,5,rain,17.000000
11,1120,3448208650,158,Day 6 03:02,none,,7.863635,7.863635,completed,0.120000,0.000000,0.171989,0.940000,0.190833,0.220000,0.244476,0.000000,0.507000,10,1,1,1,0,0,0,1,1,1,1,1,0,0,1,0,1,0.203234,0.249542,0.162772,0.000000,0.000000,0.000000,0.000000,0.000000,0.145080,0.136459,0.000000,0.000000,0.000000,0.000000,0.000000,0.102913,use_computer,1,30,7412,computer,none,,,0.000000,1.000000,0,none,,7.863635,7.863635,completed,0,5,rain,17.000000
11,1120,3448208650,159,Day 6 03:32,none,,7.863635,7.863635,completed,0.000000,0.117985,0.171989,0.930000,0.215833,0.240000,0.244476,0.080000,0.489000,10,1,1,1,0,0,0,1,1,1,1,1,0,0,1,0,1,0.151814,0.219303,0.130010,0.000000,0.000000,0.000000,0.137599,0.000000,0.137991,0.130740,0.000000,0.000000,0.000000,0.000000,0.000000,0.092544,get_meal,1,35,7447,door,none,,,0.000000,1.000000,0,none,,7.863635,7.863635,completed,0,5,rain,17.000000
11,1120,3448208650,160,Day 6 04:07,none,,7.863635,7.863635,completed,0.000000,0.131985,0.171989,1.000000,0.000000,0.263333,0.244476,0.045000,0.468000,10,1,1,1,0,0,0,1,1,1,1,1,0,0,1,0,1,0.177201,0.243190,0.152016,0.000000,0.000000,0.000000,0.156146,0.000000,0.165112,0.000000,0.000000,0.000000,0.000000,0.000000,0.000000,0.106335,rest_at_bed,1,60,7507,bed,none,,,0.000000,1.000000,0,none,,7.863635,7.863635,completed,0,5,rain,17.000000
11,1120,3448208650,161,Day 6 05:07,none,,7.863635,7.863635,completed,0.060000,0.000000,0.171989,1.000000,0.050000,0.303333,0.244476,0.000000,0.432000,10,1,1,1,0,0,0,1,1,1,1,1,0,0,1,0,1,0.227826,0.262296,0.186052,0.000000,0.000000,0.000000,0.000000,0.000000,0.201477,0.000000,0.000000,0.000000,0.000000,0.000000,0.000000,0.122349,shop_on_phone,0,0,7507,phone,resource_insufficient,,,0.000000,1.000000,0,none,,7.863635,7.863635,completed,0,5,rain,17.000000
11,1120,3448208650,162,Day 6 05:07,none,,7.863635,7.863635,completed,0.060000,0.000000,0.171989,0.970000,0.050000,0.303333,0.274476,0.000000,0.432000,10,1,1,1,0,0,0,1,1,1,1,1,0,0,1,0,1,0.227826,0.262296,0.186052,0.000000,0.000000,0.000000,0.000000,0.000000,0.201477,0.000000,0.000000,0.000000,0.000000,0.000000,0.000000,0.122349,use_phone,1,25,7532,phone,none,,,0.000000,1.000000,0,none,,7.863635,7.863635,completed,0,5,rain,17.000000
11,1120,3448208650,163,Day 6 05:32,none,,7.863635,7.863635,completed,0.000000,0.097107,0.171989,1.000000,0.070833,0.320000,0.274476,0.095000,0.517000,10,1,1,1,0,0,0,1,1,1,1,1,0,0,1,0,1,0.168788,0.256560,0.143979,0.000000,0.000000,0.000000,0.150506,0.000000,0.176910,0.000000,0.000000,0.000000,0.000000,0.000000,0.000000,0.103257,go_to_bathroom,1,15,7547,door,none,,,0.000000,1.000000,0,none,,7.863635,7.863635,completed,0,5,rain,17.000000
11,1120,3448208650,164,Day 6 05:47,none,,7.863635,7.863635,completed,0.005000,0.103107,0.171989,1.000000,0.083333,0.000000,0.274476,0.080000,0.508000,10,1,1,1,0,0,0,1,1,1,1,1,0,0,1,0,1,0.207808,0.307405,0.177110,0.000000,0.000000,0.000000,0.182020,0.000000,0.000000,0.000000,0.000000,0.000000,0.000000,0.000000,0.000000,0.125657,use_phone,1,25,7572,phone,none,,,0.000000,1.000000,0,none,,7.863635,7.863635,completed,0,5,rain,17.000000
11,1120,3448208650,165,Day 6 06:12,none,,7.863635,7.863635,completed,0.000000,0.200214,0.171989,1.000000,0.104167,0.016667,0.274476,0.175000,0.593000,10,1,1,1,0,0,0,1,1,1,1,1,0,0,1,0,1,0.180377,0.332665,0.157742,0.000000,0.000000,0.000000,0.211485,0.000000,0.000000,0.000000,0.000000,0.000000,0.000000,0.000000,0.000000,0.117731,shop_on_phone,0,0,7572,phone,resource_insufficient,,,0.000000,1.000000,0,none,,7.863635,7.863635,completed,0,5,rain,17.000000
11,1120,3448208650,166,Day 6 06:12,none,,7.863635,7.863635,completed,0.000000,0.200214,0.171989,0.970000,0.104167,0.016667,0.304476,0.175000,0.593000,10,1,1,1,0,0,0,1,1,1,1,1,0,0,1,0,1,0.180581,0.333040,0.157920,0.000000,0.000000,0.000000,0.210595,0.000000,0.000000,0.000000,0.000000,0.000000,0.000000,0.000000,0.000000,0.117864,idle,1,10,7582,,none,,,0.000000,1.000000,0,none,,7.863635,7.863635,completed,0,5,rain,17.000000
11,1120,3448208650,167,Day 6 06:22,none,,7.863635,7.863635,completed,0.123333,0.204214,0.171989,0.916667,0.112500,0.023333,0.304476,0.165000,0.587000,10,1,1,1,0,0,0,1,1,1,1,1,0,0,1,0,1,0.199292,0.318532,0.167538,0.000000,0.000000,0.000000,0.199879,0.000000,0.000000,0.000000,0.000000,0.000000,0.000000,0.000000,0.000000,0.114759,rest_at_bed,1,60,7642,bed,none,,,0.000000,1.000000,0,none,,7.863635,7.863635,completed,0,5,rain,17.000000
11,1120,3448208650,168,Day 6 07:22,none,,7.863635,7.863635,completed,0.183333,0.000000,0.171989,0.946667,0.162500,0.063333,0.304476,0.000000,0.551000,10,1,1,1,0,0,0,1,1,1,1,1,0,0,1,0,1,0.244272,0.302479,0.191665,0.000000,0.000000,0.000000,0.000000,0.000000,0.000000,0.145330,0.000000,0.000000,0.000000,0.000000,0.000000,0.116253,shop_on_phone,0,0,7642,phone,resource_insufficient,,,0.000000,1.000000,0,none,,7.863635,7.863635,completed,0,5,rain,17.000000
11,1120,3448208650,169,Day 6 07:22,none,,7.863635,7.863635,completed,0.183333,0.000000,0.171989,0.916667,0.162500,0.063333,0.334476,0.000000,0.551000,10,1,1,1,0,0,0,1,1,1,1,1,0,0,1,0,1,0.244272,0.302479,0.191665,0.000000,0.000000,0.000000,0.000000,0.000000,0.000000,0.145330,0.000000,0.000000,0.000000,0.000000,0.000000,0.116253,idle,1,10,7652,,none,,,0.000000,1.000000,0,none,,7.863635,7.863635,completed,0,5,rain,17.000000
11,1120,3448208650,170,Day 6 07:32,none,,7.863635,7.863635,completed,0.306667,0.004000,0.171989,0.863333,0.170833,0.070000,0.334476,0.000000,0.545000,10,1,1,1,0,0,0,1,1,1,1,1,0,0,1,0,1,0.264615,0.285493,0.199662,0.000000,0.000000,0.000000,0.000000,0.000000,0.000000,0.138531,0.000000,0.000000,0.000000,0.000000,0.000000,0.111699,get_meal,1,35,7687,door,none,,,0.000000,1.000000,0,none,,7.863635,7.863635,completed,0,5,rain,17.000000
11,1120,3448208650,171,Day 6 08:07,none,,7.863635,7.863635,completed,0.278333,0.018000,0.171989,0.976670,0.000000,0.093333,0.334476,0.000000,0.524000,10,1,1,1,0,0,0,1,1,1,1,1,0,0,1,0,1,0.305369,0.328469,0.233234,0.000000,0.000000,0.000000,0.000000,0.000000,0.000000,0.000000,0.000000,0.000000,0.000000,0.000000,0.000000,0.132927,shop_on_phone,0,0,7687,phone,resource_insufficient,,,0.000000,1.000000,0,none,,7.863635,7.863635,completed,0,5,rain,17.000000
11,1120,3448208650,172,Day 6 08:07,none,,7.863635,7.863635,completed,0.278333,0.018000,0.171989,0.946670,0.000000,0.093333,0.364476,0.000000,0.524000,10,1,1,1,0,0,0,1,1,1,1,1,0,0,1,0,1,0.305369,0.328469,0.233234,0.000000,0.000000,0.000000,0.000000,0.000000,0.000000,0.000000,0.000000,0.000000,0.000000,0.000000,0.000000,0.132927,shop_on_phone,0,0,7687,phone,resource_insufficient,,,0.000000,1.000000,0,none,,7.863635,7.863635,completed,0,5,rain,17.000000
11,1120,3448208650,173,Day 6 08:07,none,,7.863635,7.863635,completed,0.278333,0.018000,0.171989,0.916670,0.000000,0.093333,0.394476,0.000000,0.524000,10,1,1,1,0,0,0,1,1,1,1,1,0,0,1,0,1,0.305369,0.328469,0.233234,0.000000,0.000000,0.000000,0.000000,0.000000,0.000000,0.000000,0.000000,0.000000,0.000000,0.000000,0.000000,0.132927,use_phone,1,25,7712,phone,none,,,0.000000,1.000000,0,none,,7.863635,7.863635,completed,0,5,rain,17.000000
11,1120,3448208650,174,Day 6 08:32,none,,7.863635,7.863635,completed,0.066667,0.115107,0.171989,0.948336,0.020833,0.110000,0.394476,0.095000,0.609000,10,1,1,1,0,0,0,1,1,1,1,1,0,0,1,0,1,0.203774,0.338925,0.170763,0.000000,0.000000,0.000000,0.169308,0.000000,0.000000,0.000000,0.000000,0.000000,0.000000,0.000000,0.000000,0.117229,shop_on_phone,0,0,7712,phone,resource_insufficient,,,0.000000,1.000000,0,none,,7.863635,7.863635,completed,0,5,rain,17.000000
11,1120,3448208650,175,Day 6 08:32,none,,7.863635,7.863635,completed,0.066667,0.115107,0.171989,0.918336,0.020833,0.110000,0.424476,0.095000,0.609000,10,1,1,1,0,0,0,1,1,1,1,1,0,0,1,0,1,0.203958,0.339231,0.170918,0.000000,0.000000,0.000000,0.168558,0.000000,0.000000,0.000000,0.000000,0.000000,0.000000,0.000000,0.000000,0.117335,rest_at_bed,1,60,7772,bed,none,alarm-rings,,0.000000,1.000000,0,none,,7.863635,7.863635,completed,0,5,rain,17.000000
11,1120,3448208650,176,Day 6 09:32,none,,7.863635,7.863635,completed,0.156667,0.000000,0.171989,0.948336,0.070833,0.150000,0.445968,0.000000,0.573000,11,1,1,1,0,0,0,1,1,1,1,1,0,1,1,0,1,0.184824,0.244237,0.146279,0.000000,0.000000,0.000000,0.000000,0.000000,0.111982,0.000000,0.000000,0.000000,0.222389,0.000000,0.000000,0.090289,use_phone,1,25,7797,phone,none,,,0.000000,1.000000,0,none,,7.863635,7.863635,completed,0,5,rain,17.000000
11,1120,3448208650,177,Day 6 09:57,none,,7.863635,7.863635,completed,0.000000,0.097107,0.171989,0.980003,0.091667,0.166667,0.445968,0.095000,0.658000,11,1,1,1,0,0,0,1,1,1,1,1,0,1,1,0,1,0.131376,0.253495,0.112067,0.000000,0.000000,0.000000,0.113623,0.000000,0.105510,0.000000,0.000000,0.000000,0.203559,0.000000,0.000000,0.080370,turn_off_alarm,1,1,7798,alarm,none,,,0.000000,1.000000,0,none,,7.863635,7.863635,completed,0,5,rain,17.000000
11,1120,3448208650,178,Day 6 09:58,none,,7.863635,7.863635,completed,0.000333,0.097507,0.171989,1.000000,0.092500,0.167333,0.425968,0.094000,0.657400,10,1,1,1,0,0,0,1,1,1,1,1,0,0,1,0,1,0.165000,0.317798,0.140741,0.000000,0.000000,0.000000,0.143042,0.000000,0.132557,0.000000,0.000000,0.000000,0.000000,0.000000,0.000000,0.100861,use_phone,1,25,7823,phone,none,,,0.000000,1.000000,0,none,,7.863635,7.863635,completed,0,5,rain,17.000000
11,1120,3448208650,179,Day 6 10:23,none,,7.863635,7.863635,completed,0.000000,0.194614,0.171989,1.000000,0.113333,0.184000,0.425968,0.189000,0.742400,10,1,1,1,0,0,0,1,1,1,1,1,0,0,1,0,1,0.143613,0.343183,0.125504,0.000000,0.000000,0.000000,0.165756,0.000000,0.127616,0.000000,0.000000,0.000000,0.000000,0.000000,0.000000,0.094327,rest_at_bed,1,60,7883,bed,none,,,0.000000,1.000000,0,none,,7.863635,7.863635,completed,0,5,rain,17.000000
11,1120,3448208650,180,Day 6 11:23,none,,7.863635,7.863635,completed,0.060000,0.000000,0.171989,1.000000,0.163333,0.224000,0.425968,0.000000,0.706400,10,1,1,1,0,0,0,1,1,1,1,1,0,0,1,0,1,0.177212,0.324568,0.144719,0.000000,0.000000,0.000000,0.000000,0.000000,0.136549,0.121784,0.000000,0.000000,0.000000,0.000000,0.000000,0.095168,get_meal,1,35,7918,door,none,,,0.000000,1.000000,0,none,,7.863635,7.863635,completed,0,5,rain,17.000000
11,1120,3448208650,181,Day 6 11:58,none,,7.863635,7.863635,completed,0.031667,0.014000,0.171989,1.000000,0.000000,0.247333,0.425968,0.000000,0.685400,10,1,1,1,0,0,0,1,1,1,1,1,0,0,1,0,1,0.198488,0.362440,0.164079,0.000000,0.000000,0.000000,0.000000,0.000000,0.165070,0.000000,0.000000,0.000000,0.000000,0.000000,0.000000,0.109922,use_computer,1,30,7948,computer,none,,,0.000000,1.000000,0,none,,7.863635,7.863635,completed,0,5,rain,17.000000
11,1120,3448208650,182,Day 6 12:28,none,,7.863635,7.863635,completed,0.000000,0.131985,0.171989,0.990000,0.025000,0.267333,0.425968,0.080000,0.667400,10,1,1,1,0,0,0,1,1,1,1,1,0,0,1,0,1,0.159173,0.311878,0.136720,0.000000,0.000000,0.000000,0.142743,0.000000,0.152166,0.000000,0.000000,0.000000,0.000000,0.000000,0.000000,0.097320,shop_on_phone,0,0,7948,phone,resource_insufficient,,,0.000000,1.000000,0,none,,7.863635,7.863635,completed,0,5,rain,17.000000
11,1120,3448208650,183,Day 6 12:28,none,,7.863635,7.863635,completed,0.000000,0.131985,0.171989,0.960000,0.025000,0.267333,0.455968,0.080000,0.667400,10,1,1,1,0,0,0,1,1,1,1,1,0,0,1,0,1,0.159294,0.312116,0.136824,0.000000,0.000000,0.000000,0.142090,0.000000,0.152282,0.000000,0.000000,0.000000,0.000000,0.000000,0.000000,0.097394,use_phone,1,25,7973,phone,none,weather-clear,,0.000000,1.000000,0,none,,7.863635,7.863635,completed,0,5,clear,17.000000
11,1120,3448208650,184,Day 6 12:53,none,,7.863635,7.863635,completed,0.000000,0.229092,0.171989,0.991667,0.045833,0.284000,0.455968,0.175000,0.752400,10,1,1,1,0,0,0,1,1,1,1,1,0,0,1,0,1,0.138679,0.337008,0.122027,0.000000,0.000000,0.000000,0.164627,0.000000,0.146584,0.000000,0.000000,0.000000,0.000000,0.000000,0.000000,0.091075,shop_on_phone,0,0,7973,phone,resource_insufficient,,,0.000000,1.000000,0,none,,7.863635,7.863635,completed,0,5,clear,17.000000
11,1120,3448208650,185,Day 6 12:53,none,,7.863635,7.863635,completed,0.000000,0.229092,0.171989,0.961667,0.045833,0.284000,0.485968,0.175000,0.752400,10,1,1,1,0,0,0,1,1,1,1,1,0,0,1,0,1,0.138801,0.337304,0.122135,0.000000,0.000000,0.000000,0.163894,0.000000,0.146712,0.000000,0.000000,0.000000,0.000000,0.000000,0.000000,0.091155,go_to_bathroom,1,15,7988,door,none,,,0.000000,1.000000,0,none,,7.863635,7.863635,completed,0,5,clear,17.000000
11,1120,3448208650,186,Day 6 13:08,none,,7.863635,7.863635,completed,0.005000,0.235092,0.171989,1.000000,0.058333,0.000000,0.485968,0.160000,0.743400,10,1,1,1,0,0,0,1,1,1,1,1,0,0,1,0,1,0.165202,0.390703,0.145239,0.000000,0.000000,0.000000,0.191615,0.000000,0.000000,0.000000,0.000000,0.000000,0.000000,0.000000,0.000000,0.107240,shop_on_phone,0,0,7988,phone,resource_insufficient,,,0.000000,1.000000,0,none,,7.863635,7.863635,completed,0,5,clear,17.000000
11,1120,3448208650,187,Day 6 13:08,none,,7.863635,7.863635,completed,0.005000,0.235092,0.171989,0.970000,0.058333,0.000000,0.515968,0.160000,0.743400,10,1,1,1,0,0,0,1,1,1,1,1,0,0,1,0,1,0.165371,0.391103,0.145388,0.000000,0.000000,0.000000,0.190789,0.000000,0.000000,0.000000,0.000000,0.000000,0.000000,0.000000,0.000000,0.107349,use_phone,1,25,8013,phone,none,,,0.000000,1.000000,0,none,,7.863635,7.863635,completed,0,5,clear,17.000000
11,1120,3448208650,188,Day 6 13:33,none,,7.863635,7.863635,completed,0.000000,0.332199,0.171989,1.000000,0.079167,0.016667,0.515968,0.255000,0.828400,10,1,1,1,0,0,0,1,1,1,1,1,0,0,1,0,1,0.140932,0.415542,0.127135,0.000000,0.000000,0.000000,0.217642,0.000000,0.000000,0.000000,0.000000,0.000000,0.000000,0.000000,0.000000,0.098749,use_computer,1,30,8043,computer,none,,,0.000000,1.000000,0,none,,7.863635,7.863635,completed,0,5,clear,17.000000
11,1120,3448208650,189,Day 6 14:03,none,,7.863635,7.863635,completed,0.000000,0.450184,0.171989,0.990000,0.104167,0.036667,0.515968,0.335000,0.810400,10,1,1,1,0,0,0,1,1,1,1,1,0,0,1,0,1,0.096831,0.296421,0.089838,0.000000,0.000000,0.000000,0.201207,0.243085,0.000000,0.000000,0.000000,0.000000,0.000000,0.000000,0.000000,0.072619,rest_at_bed,1,60,8103,bed,none,,,0.000000,1.000000,0,none,,7.863635,7.863635,completed,0,5,clear,17.000000
11,1120,3448208650,190,Day 6 15:03,none,,7.863635,7.863635,completed,0.060000,0.189525,0.171989,1.000000,0.154167,0.076667,0.515968,0.135000,0.774400,10,1,1,1,0,0,0,1,1,1,1,1,0,0,1,0,1,0.154174,0.354571,0.131741,0.000000,0.000000,0.000000,0.150079,0.000000,0.000000,0.116770,0.000000,0.000000,0.000000,0.000000,0.000000,0.092666,shop_on_phone,0,0,8103,phone,resource_insufficient,,,0.000000,1.000000,0,none,,7.863635,7.863635,completed,0,5,clear,17.000000
11,1120,3448208650,191,Day 6 15:03,none,,7.863635,7.863635,completed,0.060000,0.189525,0.171989,0.970000,0.154167,0.076667,0.545968,0.135000,0.774400,10,1,1,1,0,0,0,1,1,1,1,1,0,0,1,0,1,0.154297,0.354854,0.131846,0.000000,0.000000,0.000000,0.149399,0.000000,0.000000,0.116863,0.000000,0.000000,0.000000,0.000000,0.000000,0.092741,idle,1,10,8113,,none,,,0.000000,1.000000,0,none,,7.863635,7.863635,completed,0,5,clear,17.000000
11,1120,3448208650,192,Day 6 15:13,none,,7.863635,7.863635,completed,0.183333,0.193525,0.171989,0.916667,0.162500,0.083333,0.545968,0.125000,0.768400,10,1,1,1,0,0,0,1,1,1,1,1,0,0,1,0,1,0.171221,0.341262,0.140645,0.000000,0.000000,0.000000,0.142576,0.000000,0.000000,0.113503,0.000000,0.000000,0.000000,0.000000,0.000000,0.090794,use_phone,1,25,8138,phone,none,,,0.000000,1.000000,0,none,,7.863635,7.863635,completed,0,5,clear,17.000000
11,1120,3448208650,193,Day 6 15:38,none,,7.863635,7.863635,completed,0.000000,0.290632,0.171989,0.948333,0.183333,0.100000,0.545968,0.220000,0.853400,10,1,1,1,0,0,0,1,1,1,1,1,0,0,1,0,1,0.127407,0.381233,0.113776,0.000000,0.000000,0.000000,0.174574,0.000000,0.000000,0.116166,0.000000,0.000000,0.000000,0.000000,0.000000,0.086844,rest_at_bed,1,60,8198,bed,none,message-study-group,,0.000000,1.000000,0,none,,7.863635,7.863635,completed,0,6,clear,17.000000
11,1120,3448208650,194,Day 6 16:38,none,,7.863635,7.863635,completed,0.060000,0.029972,0.171989,0.978333,0.233333,0.140000,0.545968,0.020000,0.817400,10,1,1,1,0,0,0,1,1,1,1,1,0,0,1,0,1,0.164459,0.369703,0.135263,0.000000,0.000000,0.000000,0.000000,0.000000,0.111411,0.129322,0.000000,0.000000,0.000000,0.000000,0.000000,0.089842,use_phone,1,25,8223,phone,none,,,0.000000,1.000000,0,none,,7.863635,7.863635,completed,0,6,clear,17.000000
11,1120,3448208650,195,Day 6 17:03,none,,7.863635,7.863635,completed,0.000000,0.127079,0.171989,1.000000,0.254167,0.156667,0.545968,0.115000,0.902400,10,1,1,1,0,0,0,1,1,1,1,1,0,0,1,0,1,0.123371,0.366159,0.105990,0.000000,0.000000,0.000000,0.112972,0.000000,0.099054,0.115680,0.000000,0.000000,0.000000,0.000000,0.000000,0.076774,shop_on_phone,0,0,8223,phone,resource_insufficient,,,0.000000,1.000000,0,none,,7.863635,7.863635,completed,0,6,clear,17.000000
11,1120,3448208650,196,Day 6 17:03,none,,7.863635,7.863635,completed,0.000000,0.127079,0.171989,0.970000,0.254167,0.156667,0.575968,0.115000,0.902400,10,1,1,1,0,0,0,1,1,1,1,1,0,0,1,0,1,0.123445,0.366380,0.106054,0.000000,0.000000,0.000000,0.112438,0.000000,0.099114,0.115750,0.000000,0.000000,0.000000,0.000000,0.000000,0.076820,use_phone,1,25,8248,phone,none,,,0.000000,1.000000,0,none,,7.863635,7.863635,completed,0,6,clear,17.000000
11,1120,3448208650,197,Day 6 17:28,none,,7.863635,7.863635,completed,0.000000,0.224186,0.171989,1.000000,0.275000,0.173333,0.575968,0.210000,0.987400,10,1,1,1,0,0,0,1,1,1,1,1,0,0,1,0,1,0.106695,0.392747,0.093902,0.000000,0.000000,0.000000,0.129333,0.000000,0.094717,0.111289,0.000000,0.000000,0.000000,0.000000,0.000000,0.071318,get_meal,1,35,8283,door,none,room-temperature-shift,,0.000000,1.000000,0,none,,7.863635,7.863635,completed,0,6,clear,17.000000
11,1120,3448208650,198,Day 6 18:03,none,,7.863635,7.863635,completed,0.000000,0.238186,0.171989,1.000000,0.000000,0.196667,0.575968,0.175000,0.966400,10,1,1,1,0,0,0,1,1,1,1,1,0,0,1,0,1,0.123071,0.430402,0.108505,0.000000,0.000000,0.000000,0.145040,0.000000,0.112000,0.000000,0.000000,0.000000,0.000000,0.000000,0.000000,0.080983,go_to_bathroom,1,15,8298,door,none,,,0.000000,1.000000,0,none,,7.863635,7.863635,completed,0,6,clear,17.000000
11,1120,3448208650,199,Day 6 18:18,none,,7.863635,7.863635,completed,0.005000,0.244186,0.171989,1.000000,0.012500,0.000000,0.575968,0.160000,0.957400,10,1,1,1,0,0,0,1,1,1,1,1,0,0,1,0,1,0.140997,0.479875,0.124200,0.000000,0.000000,0.000000,0.163223,0.000000,0.000000,0.000000,0.000000,0.000000,0.000000,0.000000,0.000000,0.091705,shop_on_phone,0,0,8298,phone,resource_insufficient,,,0.000000,1.000000,0,none,,7.863635,7.863635,completed,0,6,clear,17.000000
11,1120,3448208650,200,Day 6 18:18,none,,7.863635,7.863635,completed,0.005000,0.244186,0.171989,0.970000,0.012500,0.000000,0.605968,0.160000,0.957400,10,1,1,1,0,0,0,1,1,1,1,1,0,0,1,0,1,0.141120,0.480293,0.124308,0.000000,0.000000,0.000000,0.162495,0.000000,0.000000,0.000000,0.000000,0.000000,0.000000,0.000000,0.000000,0.091785,use_computer,1,30,8328,computer,none,,,0.000000,1.000000,0,none,,7.863635,7.863635,completed,0,6,clear,17.000000
11,1120,3448208650,201,Day 6 18:48,none,,7.863635,7.863635,completed,0.000000,0.362171,0.171989,0.960000,0.037500,0.020000,0.605968,0.240000,0.939400,10,1,1,1,0,0,0,1,1,1,1,1,0,0,1,0,1,0.129580,0.460262,0.117582,0.000000,0.000000,0.000000,0.201928,0.000000,0.000000,0.000000,0.000000,0.000000,0.000000,0.000000,0.000000,0.090649,shop_on_phone,0,0,8328,phone,resource_insufficient,,,0.000000,1.000000,0,none,,7.863635,7.863635,completed,0,6,clear,17.000000
11,1120,3448208650,202,Day 6 18:48,none,,7.863635,7.863635,completed,0.000000,0.362171,0.171989,0.930000,0.037500,0.020000,0.635968,0.240000,0.939400,10,1,1,1,0,0,0,1,1,1,1,1,0,0,1,0,1,0.129719,0.460758,0.117709,0.000000,0.000000,0.000000,0.201068,0.000000,0.000000,0.000000,0.000000,0.000000,0.000000,0.000000,0.000000,0.090746,shop_on_phone,0,0,8328,phone,resource_insufficient,,,0.000000,1.000000,0,none,,7.863635,7.863635,completed,0,6,clear,17.000000
11,1120,3448208650,203,Day 6 18:48,none,,7.863635,7.863635,completed,0.000000,0.362171,0.171989,0.900000,0.037500,0.020000,0.665968,0.240000,0.939400,10,1,1,1,0,0,0,1,1,1,1,1,0,0,1,0,1,0.129858,0.461252,0.117835,0.000000,0.000000,0.000000,0.200211,0.000000,0.000000,0.000000,0.000000,0.000000,0.000000,0.000000,0.000000,0.090844,use_phone,1,25,8353,phone,none,evening,,0.000000,1.000000,0,none,,7.863635,7.863635,completed,0,6,clear,17.000000
11,1120,3448208650,204,Day 6 19:13,none,,7.863635,7.863635,completed,0.000000,0.459278,0.171989,0.931667,0.058333,0.036667,0.665968,0.335000,1.000000,10,1,1,1,0,0,0,1,1,1,1,1,0,0,1,0,1,0.086798,0.366910,0.080685,0.000000,0.000000,0.000000,0.178095,0.222290,0.000000,0.000000,0.000000,0.000000,0.000000,0.000000,0.000000,0.065221,idle,1,10,8363,,none,,,0.000000,1.000000,0,none,,7.863635,7.863635,completed,0,6,clear,17.000000
11,1120,3448208650,205,Day 6 19:23,none,,7.863635,7.863635,completed,0.123333,0.463278,0.171989,0.878333,0.066667,0.043333,0.665968,0.325000,0.994000,10,1,1,1,0,0,0,1,1,1,1,1,0,0,1,0,1,0.098137,0.359521,0.087695,0.000000,0.000000,0.000000,0.173172,0.216415,0.000000,0.000000,0.000000,0.000000,0.000000,0.000000,0.000000,0.065058,shop_on_phone,0,0,8363,phone,resource_insufficient,,,0.000000,1.000000,0,none,,7.863635,7.863635,completed,0,6,clear,17.000000
11,1120,3448208650,206,Day 6 19:23,none,,7.863635,7.863635,completed,0.123333,0.463278,0.171989,0.848333,0.066667,0.043333,0.695968,0.325000,0.994000,10,1,1,1,0,0,0,1,1,1,1,1,0,0,1,0,1,0.098228,0.359854,0.087776,0.000000,0.000000,0.000000,0.172409,0.216615,0.000000,0.000000,0.000000,0.000000,0.000000,0.000000,0.000000,0.065118,idle,1,10,8373,,none,,,0.000000,1.000000,0,none,,7.863635,7.863635,completed,0,6,clear,17.000000
11,1120,3448208650,207,Day 6 19:33,none,,7.863635,7.863635,completed,0.246667,0.467278,0.171989,0.795000,0.075000,0.050000,0.695968,0.315000,0.988000,10,1,1,1,0,0,0,1,1,1,1,1,0,0,1,0,1,0.110778,0.351707,0.095159,0.000000,0.000000,0.000000,0.167215,0.210352,0.000000,0.000000,0.000000,0.000000,0.000000,0.000000,0.000000,0.064789,rest_at_bed,1,60,8433,bed,none,,,0.000000,1.000000,0,none,,7.863635,7.863635,completed,0,6,clear,17.000000
11,1120,3448208650,208,Day 6 20:33,none,,7.863635,7.863635,completed,0.306667,0.206619,0.171989,0.825000,0.125000,0.090000,0.695968,0.115000,0.952000,10,1,1,1,0,0,0,1,1,1,1,1,0,0,1,0,1,0.186838,0.445647,0.147818,0.000000,0.000000,0.000000,0.132120,0.000000,0.000000,0.000000,0.000000,0.000000,0.000000,0.000000,0.000000,0.087577,rest_at_bed,1,60,8493,bed,none,,,0.000000,1.000000,0,none,,7.863635,7.863635,completed,0,6,clear,17.000000
11,1120,3448208650,209,Day 6 21:33,none,,7.863635,7.863635,completed,0.366667,0.000000,0.171989,0.855000,0.175000,0.130000,0.695968,0.000000,0.916000,10,1,1,1,0,0,0,1,1,1,1,1,0,0,1,0,1,0.220973,0.419183,0.163381,0.000000,0.000000,0.000000,0.000000,0.000000,0.000000,0.108586,0.000000,0.000000,0.000000,0.000000,0.000000,0.087878,use_phone,1,25,8518,phone,none,,,0.000000,1.000000,0,none,,7.863635,7.863635,completed,0,6,clear,17.000000
11,1120,3448208650,210,Day 6 21:58,none,,7.863635,7.863635,completed,0.155000,0.097107,0.171989,0.886667,0.195833,0.146667,0.695968,0.095000,1.000000,10,1,1,1,0,0,0,1,1,1,1,1,0,0,1,0,1,0.136927,0.400964,0.111079,0.000000,0.000000,0.000000,0.094662,0.000000,0.088769,0.095632,0.000000,0.000000,0.000000,0.000000,0.000000,0.071966,get_meal,1,35,8553,door,none,,,0.000000,1.000000,0,none,,7.863635,7.863635,completed,0,6,clear,17.000000
11,1120,3448208650,211,Day 6 22:33,none,,7.863635,7.863635,completed,0.126667,0.111107,0.171989,1.000000,0.000000,0.170000,0.695968,0.060000,0.979000,10,1,1,1,0,0,0,1,1,1,1,1,0,0,1,0,1,0.151544,0.434232,0.124287,0.000000,0.000000,0.000000,0.105253,0.000000,0.104070,0.000000,0.000000,0.000000,0.000000,0.000000,0.000000,0.080614,use_computer,1,30,8583,computer,none,,,0.000000,1.000000,0,none,,7.863635,7.863635,completed,0,6,clear,17.000000
11,1120,3448208650,212,Day 6 23:03,none,,7.863635,7.863635,completed,0.000000,0.229092,0.171989,0.990000,0.025000,0.190000,0.695968,0.140000,0.961000,10,1,1,1,0,0,0,1,1,1,1,1,0,0,1,0,1,0.126883,0.430714,0.111509,0.000000,0.000000,0.000000,0.137302,0.000000,0.111807,0.000000,0.000000,0.000000,0.000000,0.000000,0.000000,0.081785,use_phone,1,25,8608,phone,none,,,0.000000,1.000000,0,none,,7.863635,7.863635,completed,0,6,clear,17.000000
11,1120,3448208650,213,Day 6 23:28,none,,7.863635,7.863635,completed,0.000000,0.326199,0.171989,1.000000,0.045833,0.206667,0.695968,0.235000,1.000000,10,1,1,1,0,0,0,1,1,1,1,1,0,0,1,0,1,0.112335,0.437533,0.101135,0.000000,0.000000,0.000000,0.161775,0.000000,0.109447,0.000000,0.000000,0.000000,0.000000,0.000000,0.000000,0.077775,use_phone,1,25,8633,phone,none,,,0.000000,1.000000,0,none,,7.863635,7.863635,completed,0,6,clear,17.000000
11,1120,3448208650,214,Day 6 23:53,none,,7.863635,7.863635,completed,0.000000,0.423306,0.171989,1.000000,0.066667,0.223333,0.695968,0.330000,1.000000,10,1,1,1,0,0,0,1,1,1,1,1,0,0,1,0,1,0.082023,0.343156,0.075650,0.000000,0.000000,0.000000,0.157204,0.192609,0.088360,0.000000,0.000000,0.000000,0.000000,0.000000,0.000000,0.060999,shop_on_phone,0,0,8633,phone,resource_insufficient,,,0.000000,1.000000,0,none,,7.863635,7.863635,completed,0,6,clear,17.000000
11,1120,3448208650,215,Day 6 23:53,none,,7.863635,7.863635,completed,0.000000,0.423306,0.171989,0.970000,0.066667,0.223333,0.725968,0.330000,1.000000,10,1,1,1,0,0,0,1,1,1,1,1,0,0,1,0,1,0.082092,0.343444,0.075713,0.000000,0.000000,0.000000,0.156497,0.192770,0.088434,0.000000,0.000000,0.000000,0.000000,0.000000,0.000000,0.061050,shop_on_phone,0,0,8633,phone,resource_insufficient,,,0.000000,1.000000,0,none,,7.863635,7.863635,completed,0,6,clear,17.000000
11,1120,3448208650,216,Day 6 23:53,none,,7.863635,7.863635,completed,0.000000,0.423306,0.171989,0.940000,0.066667,0.223333,0.755968,0.330000,1.000000,10,1,1,1,0,0,0,1,1,1,1,1,0,0,1,0,1,0.075967,0.317818,0.070064,0.000000,0.000000,0.000000,0.144049,0.178387,0.081835,0.000000,0.075386,0.000000,0.000000,0.000000,0.000000,0.056495,rest_at_bed,1,60,8693,bed,none,,,0.000000,1.000000,0,none,,7.863635,7.863635,completed,0,6,clear,17.000000
11,1120,3448208650,217,Day 7 00:53,none,,7.863635,7.863635,completed,0.060000,0.162647,0.171989,0.970000,0.116667,0.263333,0.755968,0.130000,0.964000,10,1,1,1,0,0,0,1,1,1,1,1,0,0,1,0,1,0.122259,0.384268,0.103853,0.000000,0.000000,0.000000,0.108605,0.000000,0.111944,0.000000,0.096202,0.000000,0.000000,0.000000,0.000000,0.072868,go_to_bathroom,1,15,8708,door,none,,,0.000000,1.000000,0,none,,7.863635,7.863635,completed,0,6,clear,17.000000
11,1120,3448208650,218,Day 7 01:08,none,,7.863635,7.863635,completed,0.065000,0.168647,0.171989,1.000000,0.129167,0.000000,0.755968,0.115000,0.955000,10,1,1,1,0,0,0,1,1,1,1,1,0,0,1,0,1,0.139932,0.428027,0.118762,0.000000,0.000000,0.000000,0.122103,0.000000,0.000000,0.000000,0.108738,0.000000,0.000000,0.000000,0.000000,0.082437,turn_light_on,1,1,8709,light,none,,,0.000000,1.000000,0,none,,7.863635,7.863635,completed,0,6,clear,17.000000
11,1120,3448208650,219,Day 7 01:09,none,,7.863635,7.863635,completed,0.065333,0.169047,0.171989,1.000000,0.130000,0.000667,0.755968,0.114000,0.954400,10,1,1,1,0,0,0,1,1,1,1,0,1,0,1,0,1,0.157179,0.479913,0.133392,0.000000,0.000000,0.000000,0.136990,0.000000,0.000000,0.000000,0.000000,0.000000,0.000000,0.000000,0.000000,0.092526,shop_on_phone,0,0,8709,phone,resource_insufficient,,,0.000000,1.000000,0,none,,7.863635,7.863635,completed,0,6,clear,17.000000
11,1120,3448208650,220,Day 7 01:09,none,,7.863635,7.863635,completed,0.065333,0.169047,0.171989,0.970000,0.130000,0.000667,0.785968,0.114000,0.954400,10,1,1,1,0,0,0,1,1,1,1,0,1,0,1,0,1,0.157294,0.480264,0.133489,0.000000,0.000000,0.000000,0.136359,0.000000,0.000000,0.000000,0.000000,0.000000,0.000000,0.000000,0.000000,0.092594,rest_at_bed,1,60,8769,bed,none,,,0.000000,1.000000,0,none,,7.863635,7.863635,completed,0,6,clear,17.000000
11,1120,3448208650,221,Day 7 02:09,none,,7.863635,7.863635,completed,0.125333,0.000000,0.171989,1.000000,0.180000,0.040667,0.785968,0.000000,0.918400,10,1,1,1,0,0,0,1,1,1,1,0,1,0,1,0,1,0.184920,0.452907,0.147849,0.000000,0.000000,0.000000,0.000000,0.000000,0.000000,0.121172,0.000000,0.000000,0.000000,0.000000,0.000000,0.093151,use_phone,1,25,8794,phone,none,,,0.000000,1.000000,0,none,,7.863635,7.863635,completed,0,6,clear,17.000000
11,1120,3448208650,222,Day 7 02:34,none,,7.863635,7.863635,completed,0.000000,0.097107,0.171989,1.000000,0.200833,0.057333,0.785968,0.095000,1.000000,10,1,1,1,0,0,0,1,1,1,1,0,1,0,1,0,1,0.132221,0.455041,0.112788,0.000000,0.000000,0.000000,0.107635,0.000000,0.000000,0.111427,0.000000,0.000000,0.000000,0.000000,0.000000,0.080887,shop_on_phone,0,0,8794,phone,resource_insufficient,,,0.000000,1.000000,0,none,,7.863635,7.863635,completed,0,6,clear,17.000000
11,1120,3448208650,223,Day 7 02:34,none,,7.863635,7.863635,completed,0.000000,0.097107,0.171989,0.970000,0.200833,0.057333,0.815968,0.095000,1.000000,10,1,1,1,0,0,0,1,1,1,1,0,1,0,1,0,1,0.132297,0.455302,0.112852,0.000000,0.000000,0.000000,0.107123,0.000000,0.000000,0.111491,0.000000,0.000000,0.000000,0.000000,0.000000,0.080933,get_meal,1,35,8829,door,none,,,0.000000,1.000000,0,none,,7.863635,7.863635,completed,0,6,clear,17.000000
11,1120,3448208650,224,Day 7 03:09,none,,7.863635,7.863635,completed,0.000000,0.111107,0.171989,1.000000,0.000000,0.080667,0.815968,0.060000,0.979000,10,1,1,1,0,0,0,1,1,1,1,0,1,0,1,0,1,0.153526,0.501970,0.131189,0.000000,0.000000,0.000000,0.120859,0.000000,0.000000,0.000000,0.000000,0.000000,0.000000,0.000000,0.000000,0.092456,use_phone,1,25,8854,phone,none,,,0.000000,1.000000,0,none,,7.863635,7.863635,completed,0,6,clear,17.000000
11,1120,3448208650,225,Day 7 03:34,none,,7.863635,7.863635,completed,0.000000,0.208214,0.171989,1.000000,0.020833,0.097333,0.815968,0.155000,1.000000,10,1,1,1,0,0,0,1,1,1,1,0,1,0,1,0,1,0.138717,0.504792,0.121431,0.000000,0.000000,0.000000,0.145329,0.000000,0.000000,0.000000,0.000000,0.000000,0.000000,0.000000,0.000000,0.089731,use_phone,1,25,8879,phone,none,,,0.000000,1.000000,0,none,,7.863635,7.863635,completed,0,6,clear,17.000000
11,1120,3448208650,226,Day 7 03:59,none,,7.863635,7.863635,completed,0.000000,0.305321,0.171989,1.000000,0.041667,0.114000,0.815968,0.250000,1.000000,10,1,1,1,0,0,0,1,1,1,1,0,1,0,1,0,1,0.112785,0.440851,0.101143,0.000000,0.000000,0.000000,0.157254,0.000000,0.000000,0.000000,0.000000,0.109603,0.000000,0.000000,0.000000,0.078365,use_phone,1,25,8904,phone,none,,,0.000000,1.000000,0,none,,7.863635,7.863635,completed,0,6,clear,17.000000
11,1120,3448208650,227,Day 7 04:24,none,,7.863635,7.863635,completed,0.000000,0.402429,0.171989,1.000000,0.062500,0.130667,0.815968,0.345000,1.000000,10,1,1,1,0,0,0,1,1,1,1,0,1,0,1,0,1,0.082205,0.345141,0.075521,0.000000,0.000000,0.000000,0.152537,0.188750,0.000000,0.000000,0.000000,0.094495,0.000000,0.000000,0.000000,0.061351,shop_on_phone,0,0,8904,phone,resource_insufficient,,,0.000000,1.000000,0,none,,7.863635,7.863635,completed,0,6,clear,17.000000
11,1120,3448208650,228,Day 7 04:24,none,,7.863635,7.863635,completed,0.000000,0.402429,0.171989,0.970000,0.062500,0.130667,0.845968,0.345000,1.000000,10,1,1,1,0,0,0,1,1,1,1,0,1,0,1,0,1,0.082272,0.345421,0.075582,0.000000,0.000000,0.000000,0.151848,0.188903,0.000000,0.000000,0.000000,0.094572,0.000000,0.000000,0.000000,0.061401,rest_at_bed,1,60,8964,bed,none,,,0.000000,1.000000,0,none,,7.863635,7.863635,completed,0,6,clear,17.000000
11,1120,3448208650,229,Day 7 05:24,none,,7.863635,7.863635,completed,0.060000,0.141769,0.171989,1.000000,0.112500,0.170667,0.845968,0.145000,0.964000,10,1,1,1,0,0,0,1,1,1,1,0,1,0,1,0,1,0.138018,0.435341,0.116779,0.000000,0.000000,0.000000,0.119336,0.000000,0.107972,0.000000,0.000000,0.000000,0.000000,0.000000,0.000000,0.082553,shop_on_phone,0,0,8964,phone,resource_insufficient,,,0.000000,1.000000,0,none,,7.863635,7.863635,completed,0,6,clear,17.000000
11,1120,3448208650,230,Day 7 05:24,none,,7.863635,7.863635,completed,0.060000,0.141769,0.171989,0.970000,0.112500,0.170667,0.875968,0.145000,0.964000,10,1,1,1,0,0,0,1,1,1,1,0,1,0,1,0,1,0.138105,0.435618,0.116854,0.000000,0.000000,0.000000,0.118776,0.000000,0.108041,0.000000,0.000000,0.000000,0.000000,0.000000,0.000000,0.082606,go_to_bathroom,1,15,8979,door,none,,,0.000000,1.000000,0,none,,7.863635,7.863635,completed,0,6,clear,17.000000
11,1120,3448208650,231,Day 7 05:39,none,,7.863635,7.863635,completed,0.065000,0.147769,0.171989,1.000000,0.125000,0.000000,0.875968,0.130000,0.955000,10,1,1,1,0,0,0,1,1,1,1,0,1,0,1,0,1,0.157453,0.483333,0.133108,0.000000,0.000000,0.000000,0.133018,0.000000,0.000000,0.000000,0.000000,0.000000,0.000000,0.000000,0.000000,0.093089,shop_on_phone,0,0,8979,phone,resource_insufficient,,,0.000000,1.000000,0,none,,7.863635,7.863635,completed,0,6,clear,17.000000
11,1120,3448208650,232,Day 7 05:39,none,,7.863635,7.863635,completed,0.065000,0.147769,0.171989,0.970000,0.125000,0.000000,0.905968,0.130000,0.955000,10,1,1,1,0,0,0,1,1,1,1,0,1,0,1,0,1,0.157564,0.483676,0.133202,0.000000,0.000000,0.000000,0.132403,0.000000,0.000000,0.000000,0.000000,0.000000,0.000000,0.000000,0.000000,0.093155,shop_on_phone,0,0,8979,phone,resource_insufficient,,,0.000000,1.000000,0,none,,7.863635,7.863635,completed,0,6,clear,17.000000
11,1120,3448208650,233,Day 7 05:39,none,,7.863635,7.863635,completed,0.065000,0.147769,0.171989,0.940000,0.125000,0.000000,0.935968,0.130000,0.955000,10,1,1,1,0,0,0,1,1,1,1,0,1,0,1,0,1,0.157675,0.484017,0.133296,0.000000,0.000000,0.000000,0.131790,0.000000,0.000000,0.000000,0.000000,0.000000,0.000000,0.000000,0.000000,0.093221,shop_on_phone,0,0,8979,phone,resource_insufficient,,,0.000000,1.000000,0,none,,7.863635,7.863635,completed,0,6,clear,17.000000
11,1120,3448208650,234,Day 7 05:39,none,,7.863635,7.863635,completed,0.065000,0.147769,0.171989,0.910000,0.125000,0.000000,0.965968,0.130000,0.955000,10,1,1,1,0,0,0,1,1,1,1,0,1,0,1,0,1,0.157786,0.484357,0.133390,0.000000,0.000000,0.000000,0.131180,0.000000,0.000000,0.000000,0.000000,0.000000,0.000000,0.000000,0.000000,0.093287,shop_on_phone,0,0,8979,phone,resource_insufficient,,,0.000000,1.000000,0,none,,7.863635,7.863635,completed,0,6,clear,17.000000
11,1120,3448208650,235,Day 7 05:39,none,,7.863635,7.863635,completed,0.065000,0.147769,0.171989,0.880000,0.125000,0.000000,0.995968,0.130000,0.955000,10,1,1,1,0,0,0,1,1,1,1,0,1,0,1,0,1,0.157897,0.484696,0.133483,0.000000,0.000000,0.000000,0.130573,0.000000,0.000000,0.000000,0.000000,0.000000,0.000000,0.000000,0.000000,0.093352,shop_on_phone,0,0,8979,phone,resource_insufficient,,,0.000000,1.000000,0,none,,7.863635,7.863635,completed,0,6,clear,17.000000
11,1120,3448208650,236,Day 7 05:39,none,,7.863635,7.863635,completed,0.065000,0.147769,0.171989,0.850000,0.125000,0.000000,1.000000,0.130000,0.955000,10,1,1,1,0,0,0,1,1,1,1,0,1,0,1,0,1,0.157911,0.484741,0.133496,0.000000,0.000000,0.000000,0.130491,0.000000,0.000000,0.000000,0.000000,0.000000,0.000000,0.000000,0.000000,0.093361,shop_on_phone,0,0,8979,phone,resource_insufficient,,,0.000000,1.000000,0,none,,7.863635,7.863635,completed,0,6,clear,17.000000
11,1120,3448208650,237,Day 7 05:39,none,,7.863635,7.863635,completed,0.065000,0.147769,0.171989,0.820000,0.125000,0.000000,1.000000,0.130000,0.955000,10,1,1,1,0,0,0,1,1,1,1,0,1,0,1,0,1,0.157911,0.484741,0.133496,0.000000,0.000000,0.000000,0.130491,0.000000,0.000000,0.000000,0.000000,0.000000,0.000000,0.000000,0.000000,0.093361,idle,1,10,8989,,none,,,0.000000,1.000000,0,none,,7.863635,7.863635,completed,0,6,clear,17.000000
11,1120,3448208650,238,Day 7 05:49,none,,7.863635,7.863635,completed,0.188333,0.151769,0.171989,0.766667,0.133333,0.006667,1.000000,0.120000,0.949000,10,1,1,1,0,0,0,1,1,1,1,0,1,0,1,0,1,0.175277,0.466294,0.142441,0.000000,0.000000,0.000000,0.124564,0.000000,0.000000,0.000000,0.000000,0.000000,0.000000,0.000000,0.000000,0.091424,use_computer,1,30,9019,computer,none,,,0.000000,1.000000,0,none,,7.863635,7.863635,completed,0,6,clear,17.000000
11,1120,3448208650,239,Day 7 06:19,none,,7.863635,7.863635,completed,0.038333,0.269754,0.171989,0.756667,0.158333,0.026667,1.000000,0.200000,0.931000,10,1,1,1,0,0,0,1,1,1,1,0,1,0,1,0,1,0.116600,0.376522,0.102308,0.000000,0.000000,0.000000,0.132639,0.000000,0.000000,0.096047,0.000000,0.100487,0.000000,0.000000,0.000000,0.075397,shop_on_phone,0,0,9019,phone,resource_insufficient,,,0.000000,1.000000,0,none,,7.863635,7.863635,completed,0,6,clear,17.000000
11,1120,3448208650,240,Day 7 06:19,none,,7.863635,7.863635,completed,0.038333,0.269754,0.171989,0.726667,0.158333,0.026667,1.000000,0.200000,0.931000,10,1,1,1,0,0,0,1,1,1,1,0,1,0,1,0,1,0.116600,0.376522,0.102308,0.000000,0.000000,0.000000,0.132639,0.000000,0.000000,0.096047,0.000000,0.100487,0.000000,0.000000,0.000000,0.075397,shop_on_phone,0,0,9019,phone,resource_insufficient,,,0.000000,1.000000,0,none,,7.863635,7.863635,completed,0,6,clear,17.000000
11,1120,3448208650,241,Day 7 06:19,none,,7.863635,7.863635,completed,0.038333,0.269754,0.171989,0.696667,0.158333,0.026667,1.000000,0.200000,0.931000,10,1,1,1,0,0,0,1,1,1,1,0,1,0,1,0,1,0.116600,0.376522,0.102308,0.000000,0.000000,0.000000,0.132639,0.000000,0.000000,0.096047,0.000000,0.100487,0.000000,0.000000,0.000000,0.075397,use_phone,1,25,9044,phone,none,,,0.000000,1.000000,0,none,,7.863635,7.863635,completed,0,6,clear,17.000000
11,1120,3448208650,242,Day 7 06:44,none,,7.863635,7.863635,completed,0.000000,0.366861,0.171989,0.728333,0.179167,0.043333,1.000000,0.295000,1.000000,10,1,1,1,0,0,0,1,1,1,1,0,1,0,1,0,1,0.081574,0.330938,0.074241,0.000000,0.000000,0.000000,0.129099,0.160249,0.000000,0.078140,0.000000,0.086931,0.000000,0.000000,0.000000,0.058827,sleep_at_bed,1,425,9469,bed,none,alarm-rings|weather-rain|room-temperature-shift,,0.000000,1.000000,0,none,,7.863635,7.863635,completed,0,6,rain,17.000000
11,1120,3448208650,243,Day 7 13:49,none,,7.863635,7.863635,completed,0.091667,0.005812,0.171989,0.666667,0.533333,0.326667,1.000000,0.000000,0.745000,11,1,1,1,0,0,0,1,1,1,1,0,1,1,1,0,1,0.124826,0.236424,0.101023,0.000000,0.000000,0.000000,0.000000,0.000000,0.110954,0.154208,0.000000,0.000000,0.207496,0.000000,0.000000,0.065069,go_to_bathroom,1,15,9484,door,none,,,0.000000,1.000000,0,none,,7.863635,7.863635,completed,0,6,rain,17.000000
11,1120,3448208650,244,Day 7 14:04,none,,7.863635,7.863635,completed,0.096667,0.011812,0.171989,0.746670,0.545833,0.000000,1.000000,0.000000,0.736000,11,1,1,1,0,0,0,1,1,1,1,0,1,1,1,0,1,0.140899,0.261804,0.113992,0.000000,0.000000,0.000000,0.000000,0.000000,0.000000,0.176961,0.000000,0.000000,0.233161,0.000000,0.000000,0.073182,use_phone,1,25,9509,phone,none,,,0.000000,1.000000,0,none,,7.863635,7.863635,completed,0,6,rain,17.000000
11,1120,3448208650,245,Day 7 14:29,none,,7.863635,7.863635,completed,0.000000,0.108919,0.171989,0.778336,0.566667,0.016667,1.000000,0.095000,0.821000,11,1,1,1,0,0,0,1,1,1,1,0,1,1,1,0,1,0.106772,0.272131,0.091309,0.000000,0.000000,0.000000,0.085213,0.000000,0.000000,0.166836,0.000000,0.000000,0.212256,0.000000,0.000000,0.065483,use_computer,1,30,9539,computer,none,,,0.000000,1.000000,0,none,,7.863635,7.863635,completed,0,6,rain,17.000000
11,1120,3448208650,246,Day 7 14:59,none,,7.863635,7.863635,completed,0.000000,0.226904,0.171989,0.768336,0.591667,0.036667,1.000000,0.175000,0.803000,11,1,1,1,0,0,0,1,1,1,1,0,1,1,1,0,1,0.098738,0.261271,0.086842,0.000000,0.000000,0.000000,0.106029,0.000000,0.000000,0.172218,0.000000,0.000000,0.210087,0.000000,0.000000,0.064814,shop_on_phone,0,0,9539,phone,resource_insufficient,,,0.000000,1.000000,0,none,,7.863635,7.863635,completed,0,6,rain,17.000000
11,1120,3448208650,247,Day 7 14:59,none,,7.863635,7.863635,completed,0.000000,0.226904,0.171989,0.738336,0.591667,0.036667,1.000000,0.175000,0.803000,11,1,1,1,0,0,0,1,1,1,1,0,1,1,1,0,1,0.098738,0.261271,0.086842,0.000000,0.000000,0.000000,0.106029,0.000000,0.000000,0.172218,0.000000,0.000000,0.210087,0.000000,0.000000,0.064814,shop_on_phone,0,0,9539,phone,resource_insufficient,,,0.000000,1.000000,0,none,,7.863635,7.863635,completed,0,6,rain,17.000000
11,1120,3448208650,248,Day 7 14:59,none,,7.863635,7.863635,completed,0.000000,0.226904,0.171989,0.708336,0.591667,0.036667,1.000000,0.175000,0.803000,11,1,1,1,0,0,0,1,1,1,1,0,1,1,1,0,1,0.098738,0.261271,0.086842,0.000000,0.000000,0.000000,0.106029,0.000000,0.000000,0.172218,0.000000,0.000000,0.210087,0.000000,0.000000,0.064814,get_meal,1,35,9574,door,none,,,0.000000,1.000000,0,none,,7.863635,7.863635,completed,0,6,rain,17.000000
11,1120,3448208650,249,Day 7 15:34,none,,7.863635,7.863635,completed,0.000000,0.240904,0.171989,0.821673,0.070833,0.060000,1.000000,0.140000,0.782000,11,1,1,1,0,0,0,1,1,1,1,0,1,1,1,0,1,0.122253,0.307336,0.107711,0.000000,0.000000,0.000000,0.127633,0.000000,0.000000,0.000000,0.000000,0.000000,0.256066,0.000000,0.000000,0.079000,use_phone,1,25,9599,phone,none,message-study-group,,0.000000,1.000000,0,none,,7.863635,7.863635,completed,0,7,rain,17.000000
11,1120,3448208650,250,Day 7 15:59,none,,7.863635,7.863635,completed,0.000000,0.338011,0.171989,0.853339,0.091667,0.076667,1.000000,0.235000,0.867000,11,1,1,1,0,0,0,1,1,1,1,0,1,1,1,0,1,0.096731,0.301600,0.087307,0.000000,0.000000,0.000000,0.134399,0.000000,0.000000,0.000000,0.000000,0.095195,0.217628,0.000000,0.000000,0.067141,shop_on_phone,0,0,9599,phone,resource_insufficient,,,0.000000,1.000000,0,none,,7.863635,7.863635,completed,0,7,rain,17.000000
11,1120,3448208650,251,Day 7 15:59,none,,7.863635,7.863635,completed,0.000000,0.338011,0.171989,0.823339,0.091667,0.076667,1.000000,0.235000,0.867000,11,1,1,1,0,0,0,1,1,1,1,0,1,1,1,0,1,0.096731,0.301600,0.087307,0.000000,0.000000,0.000000,0.134399,0.000000,0.000000,0.000000,0.000000,0.095195,0.217628,0.000000,0.000000,0.067141,shop_on_phone,0,0,9599,phone,resource_insufficient,,,0.000000,1.000000,0,none,,7.863635,7.863635,completed,0,7,rain,17.000000
11,1120,3448208650,252,Day 7 15:59,none,,7.863635,7.863635,completed,0.000000,0.338011,0.171989,0.793339,0.091667,0.076667,1.000000,0.235000,0.867000,11,1,1,1,0,0,0,1,1,1,1,0,1,1,1,0,1,0.096731,0.301600,0.087307,0.000000,0.000000,0.000000,0.134399,0.000000,0.000000,0.000000,0.000000,0.095195,0.217628,0.000000,0.000000,0.067141,turn_off_alarm,1,1,9600,alarm,none,,,0.000000,1.000000,0,none,,7.863635,7.863635,completed,0,7,rain,17.000000
11,1120,3448208650,253,Day 7 16:00,none,,7.863635,7.863635,completed,0.000333,0.338411,0.171989,0.823006,0.092500,0.077333,0.980000,0.234000,0.866400,10,1,1,1,0,0,0,1,1,1,1,0,1,0,1,0,1,0.123698,0.384983,0.111640,0.000000,0.000000,0.000000,0.172275,0.000000,0.000000,0.000000,0.000000,0.121612,0.000000,0.000000,0.000000,0.085792,shop_on_phone,0,0,9600,phone,resource_insufficient,,,0.000000,1.000000,0,none,,7.863635,7.863635,completed,0,7,rain,17.000000
11,1120,3448208650,254,Day 7 16:00,none,,7.863635,7.863635,completed,0.000333,0.338411,0.171989,0.793006,0.092500,0.077333,1.000000,0.234000,0.866400,10,1,1,1,0,0,0,1,1,1,1,0,1,0,1,0,1,0.123773,0.385219,0.111709,0.000000,0.000000,0.000000,0.171768,0.000000,0.000000,0.000000,0.000000,0.121687,0.000000,0.000000,0.000000,0.085844,use_phone,1,25,9625,phone,none,,,0.000000,1.000000,0,none,,7.863635,7.863635,completed,0,7,rain,17.000000
11,1120,3448208650,255,Day 7 16:25,none,,7.863635,7.863635,completed,0.000000,0.435518,0.171989,0.824673,0.113333,0.094000,1.000000,0.329000,0.951400,10,1,1,1,0,0,0,1,1,1,1,0,1,0,1,0,1,0.083678,0.323115,0.077375,0.000000,0.000000,0.000000,0.154604,0.201519,0.000000,0.000000,0.000000,0.097350,0.000000,0.000000,0.000000,0.062359,rest_at_bed,1,60,9685,bed,none,,,0.000000,1.000000,0,none,,7.863635,7.863635,completed,0,7,rain,17.000000
11,1120,3448208650,256,Day 7 17:25,none,,7.863635,7.863635,completed,0.060000,0.174859,0.171989,0.854673,0.163333,0.134000,1.000000,0.129000,0.915400,10,1,1,1,0,0,0,1,1,1,1,0,1,0,1,0,1,0.129657,0.376131,0.110421,0.000000,0.000000,0.000000,0.112224,0.000000,0.095034,0.099095,0.000000,0.000000,0.000000,0.000000,0.000000,0.077438,rest_at_bed,1,60,9745,bed,none,,,0.000000,1.000000,0,none,,7.863635,7.863635,completed,0,7,rain,17.000000
