personality_index,scenario_seed,action_seed,step,decision_time,pre_commitment_status,pre_commitment_task_id,pre_task_effort,pre_task_effort_target,pre_task_status,pre_boredom,pre_fatigue,pre_task_pressure,pre_satisfaction,pre_hunger,pre_bathroom_urge,pre_anxiety,pre_screen_strain,pre_purchase_urge,known_action_count,known_use_phone,known_shop_on_phone,known_use_computer,known_study_at_computer,known_study_focused,known_study_halfhearted,known_rest_at_bed,known_sleep_at_bed,known_go_to_bathroom,known_get_meal,known_turn_light_on,known_turn_light_off,known_turn_off_alarm,known_open_curtain,known_close_curtain,known_idle,p_use_phone,p_shop_on_phone,p_use_computer,p_study_at_computer,p_study_focused,p_study_halfhearted,p_rest_at_bed,p_sleep_at_bed,p_go_to_bathroom,p_get_meal,p_turn_light_on,p_turn_light_off,p_turn_off_alarm,p_open_curtain,p_close_curtain,p_idle,chosen_action,accepted,elapsed_minutes,simulation_total_minutes,target_object_id,failure_reason,event_ids,outcome_task_id,outcome_task_effort_gained,outcome_task_settlement_variation,outcome_task_session_interrupted,post_commitment_status,post_commitment_task_id,post_task_effort,post_task_effort_target,post_task_status,post_wallet,post_unread_messages,post_weather,post_temperature_celsius
18,1124,3448247389,1,Day 1 08:00,none,,0.000000,8.262116,active,0.550000,0.150000,0.550000,0.450000,0.250000,0.150000,0.200000,0.050000,0.100000,13,1,1,1,1,1,1,1,1,1,1,0,1,0,0,1,1,0.170387,0.059435,0.115861,0.149890,0.160851,0.109537,0.064813,0.000000,0.056397,0.065829,0.000000,0.000000,0.000000,0.000000,0.000000,0.046999,idle,1,10,490,,none,,,0.000000,1.000000,0,none,,0.000000,8.262116,active,120,0,clear,23.000000
18,1124,3448247389,2,Day 1 08:10,none,,0.000000,8.262116,active,0.673333,0.154000,0.680099,0.396667,0.258333,0.156667,0.231981,0.040000,0.094000,13,1,1,1,1,1,1,1,1,1,1,0,1,0,0,1,1,0.164172,0.049384,0.107166,0.176927,0.188009,0.119598,0.053112,0.000000,0.047202,0.055220,0.000000,0.000000,0.000000,0.000000,0.000000,0.039210,rest_at_bed,1,60,550,bed,none,alarm-rings,,0.000000,1.000000,0,none,,0.000000,8.262116,active,120,0,clear,23.000000
18,1124,3448247389,3,Day 1 09:10,none,,0.000000,8.262116,active,0.763333,0.000000,0.760198,0.426667,0.308333,0.196667,0.322860,0.000000,0.058000,14,1,1,1,1,1,1,1,1,1,1,0,1,1,0,1,1,0.160485,0.000000,0.098097,0.201577,0.215390,0.124787,0.000000,0.000000,0.041972,0.049775,0.000000,0.000000,0.075130,0.000000,0.000000,0.032786,use_computer,1,30,580,computer,none,,,0.000000,1.000000,0,none,,0.000000,8.262116,active,120,0,clear,23.000000
18,1124,3448247389,4,Day 1 09:40,none,,0.000000,8.262116,active,0.613333,0.118648,0.860297,0.416667,0.333333,0.216667,0.365597,0.080000,0.040000,14,1,1,1,1,1,1,1,1,1,1,0,1,1,0,1,1,0.113117,0.000000,0.074864,0.228924,0.244161,0.116286,0.038453,0.000000,0.039329,0.046960,0.000000,0.000000,0.069357,0.000000,0.000000,0.028549,study_halfhearted,1,35,615,desk,none,,coursework,0.228879,0.902536,0,active,coursework,0.228879,8.262116,active,120,0,clear,23.000000
18,1124,3448247389,5,Day 1 10:15,active,coursework,0.228879,8.262116,active,0.675000,0.212648,0.782072,0.425000,0.362500,0.240000,0.364121,0.045000,0.019000,14,1,1,1,1,1,1,1,1,1,1,0,1,1,0,1,1,0.113701,0.000000,0.075161,0.223500,0.238742,0.132848,0.039651,0.000000,0.038286,0.046079,0.000000,0.000000,0.064800,0.000000,0.000000,0.027231,use_computer,1,30,645,computer,none,,,0.000000,1.000000,0,active,coursework,0.228879,8.262116,active,120,0,clear,23.000000
18,1124,3448247389,6,Day 1 10:45,active,coursework,0.228879,8.262116,active,0.525000,0.331296,0.882171,0.415000,0.387500,0.260000,0.407976,0.125000,0.001000,14,1,1,1,1,1,1,1,1,1,1,0,1,1,0,1,1,0.080620,0.000000,0.057702,0.255442,0.272360,0.124566,0.045423,0.000000,0.036090,0.043733,0.000000,0.000000,0.060209,0.000000,0.000000,0.023854,use_phone,1,25,670,phone,none,,,0.000000,1.000000,0,active,coursework,0.228879,8.262116,active,120,0,clear,23.000000
18,1124,3448247389,7,Day 1 11:10,active,coursework,0.228879,8.262116,active,0.313333,0.429190,1.000000,0.446667,0.408333,0.276667,0.454121,0.220000,0.086000,14,1,1,1,1,1,1,1,1,1,1,0,1,1,0,1,1,0.046210,0.000000,0.036412,0.270130,0.289706,0.101022,0.044768,0.051815,0.029548,0.036009,0.000000,0.027445,0.048922,0.000000,0.000000,0.018013,sleep_at_bed,1,480,1150,bed,none,room-temperature-shift|message-study-group|weather-rain|task-reminder|evening|task-deadline,,0.000000,1.000000,0,suspended,coursework,0.228879,8.262116,active,120,1,rain,24.000000
18,1124,3448247389,8,Day 1 19:10,suspended,coursework,0.228879,8.262116,active,0.393333,0.106569,1.000000,0.366667,0.808333,0.596667,1.000000,0.000000,0.000000,14,1,1,1,1,1,1,1,1,1,1,0,1,1,0,1,1,0.062303,0.000000,0.044142,0.288272,0.304639,0.096119,0.000000,0.000000,0.051938,0.070577,0.000000,0.000000,0.063544,0.000000,0.000000,0.018465,study_focused,1,35,1185,desk,none,,coursework,0.394008,0.932211,0,active,coursework,0.622887,8.262116,active,120,1,rain,24.000000
18,1124,3448247389,9,Day 1 19:45,active,coursework,0.622887,8.262116,active,0.425000,0.230569,0.853328,0.435000,0.837500,0.620000,0.976864,0.000000,0.000000,14,1,1,1,1,1,1,1,1,1,1,0,1,1,0,1,1,0.065917,0.000000,0.047494,0.257119,0.275160,0.107880,0.026678,0.000000,0.056617,0.077550,0.000000,0.000000,0.065822,0.000000,0.000000,0.019762,study_focused,1,35,1220,desk,none,,coursework,0.411365,0.973278,0,active,coursework,1.034252,8.262116,active,120,1,rain,24.000000
18,1124,3448247389,10,Day 1 20:20,active,coursework,1.034252,8.262116,active,0.456667,0.354569,0.706656,0.503333,0.866667,0.643333,0.944972,0.000000,0.000000,14,1,1,1,1,1,1,1,1,1,1,0,1,1,0,1,1,0.083534,0.000000,0.061207,0.203889,0.220960,0.107803,0.039943,0.000000,0.073926,0.102065,0.000000,0.000000,0.081338,0.000000,0.000000,0.025335,study_focused,1,35,1255,desk,none,,coursework,0.417472,0.987726,0,active,coursework,1.451724,8.262116,active,120,1,rain,24.000000
18,1124,3448247389,11,Day 1 20:55,active,coursework,1.451724,8.262116,active,0.488333,0.478569,0.559984,0.571667,0.895833,0.666667,0.904324,0.000000,0.000000,14,1,1,1,1,1,1,1,1,1,1,0,1,1,0,1,1,0.096535,0.000000,0.071931,0.146962,0.161285,0.098062,0.054623,0.000000,0.088023,0.122497,0.000000,0.039177,0.091288,0.000000,0.000000,0.029618,rest_at_bed,1,60,1315,bed,none,,,0.000000,1.000000,0,suspended,coursework,1.451724,8.262116,active,120,1,rain,24.000000
18,1124,3448247389,12,Day 1 21:55,suspended,coursework,1.451724,8.262116,active,0.548333,0.232445,0.640083,0.601667,0.945833,0.706667,0.937326,0.000000,0.000000,14,1,1,1,1,1,1,1,1,1,1,0,1,1,0,1,1,0.110933,0.000000,0.076722,0.155444,0.171539,0.091962,0.039133,0.000000,0.095543,0.134785,0.000000,0.000000,0.093874,0.000000,0.000000,0.030063,rest_at_bed,1,60,1375,bed,none,,,0.000000,1.000000,0,suspended,coursework,1.451724,8.262116,active,120,1,rain,24.000000
18,1124,3448247389,13,Day 1 22:55,suspended,coursework,1.451724,8.262116,active,0.608333,0.000000,0.720182,0.631667,0.995833,0.746667,0.978526,0.000000,0.000000,14,1,1,1,1,1,1,1,1,1,1,0,1,1,0,1,1,0.108178,0.000000,0.069652,0.187318,0.207860,0.104039,0.000000,0.000000,0.088270,0.126232,0.000000,0.000000,0.082477,0.000000,0.000000,0.025974,use_phone,1,25,1400,phone,none,,,0.000000,1.000000,0,suspended,coursework,1.451724,8.262116,active,120,1,rain,24.000000
18,1124,3448247389,14,Day 1 23:20,suspended,coursework,1.451724,8.262116,active,0.396667,0.097894,0.840281,0.663333,1.000000,0.763333,1.000000,0.095000,0.085000,14,1,1,1,1,1,1,1,1,1,1,0,1,1,0,1,1,0.071097,0.000000,0.050397,0.226438,0.252740,0.102073,0.000000,0.000000,0.082866,0.115931,0.000000,0.000000,0.075973,0.000000,0.000000,0.022483,study_halfhearted,1,35,1435,desk,none,,coursework,0.231003,0.910909,0,active,coursework,1.682727,8.262116,active,120,1,rain,24.000000
18,1124,3448247389,15,Day 1 23:55,active,coursework,1.682727,8.262116,active,0.458333,0.191894,0.762056,0.671667,1.000000,0.786667,0.997329,0.060000,0.064000,14,1,1,1,1,1,1,1,1,1,1,0,1,1,0,1,1,0.071157,0.000000,0.050380,0.220026,0.245961,0.103932,0.028307,0.000000,0.080322,0.107923,0.000000,0.000000,0.070638,0.000000,0.000000,0.021353,study_at_computer,1,35,1470,computer,none,,coursework,0.832946,0.979415,0,active,coursework,2.515673,8.262116,active,120,1,rain,24.000000
18,1124,3448247389,16,Day 2 00:30,active,coursework,2.515673,8.262116,active,0.490000,0.319634,0.615384,0.740000,1.000000,0.810000,0.959988,0.105000,0.043000,14,1,1,1,1,1,1,1,1,1,1,0,1,1,0,1,1,0.085769,0.000000,0.061907,0.169637,0.192036,0.101159,0.043378,0.000000,0.102350,0.132076,0.000000,0.000000,0.084972,0.000000,0.000000,0.026715,study_at_computer,1,35,1505,computer,none,,coursework,0.844328,0.992798,0,active,coursework,3.360002,8.262116,active,120,1,rain,24.000000
18,1124,3448247389,17,Day 2 01:05,active,coursework,3.360002,8.262116,active,0.521667,0.447373,0.468712,0.808333,1.000000,0.833333,0.913891,0.150000,0.022000,14,1,1,1,1,1,1,1,1,1,1,0,1,1,0,1,1,0.094256,0.000000,0.069357,0.118859,0.136258,0.089611,0.060704,0.000000,0.118907,0.147367,0.000000,0.041392,0.092818,0.000000,0.000000,0.030472,use_computer,1,30,1535,computer,none,,,0.000000,1.000000,0,active,coursework,3.360002,8.262116,active,120,1,rain,24.000000
18,1124,3448247389,18,Day 2 01:35,active,coursework,3.360002,8.262116,active,0.371667,0.566021,0.568811,0.798333,1.000000,0.853333,0.945872,0.230000,0.004000,14,1,1,1,1,1,1,1,1,1,1,0,1,1,0,1,1,0.062978,0.000000,0.050176,0.127453,0.145841,0.078988,0.065674,0.091313,0.105623,0.126448,0.000000,0.039526,0.080824,0.000000,0.000000,0.025154,turn_off_alarm,1,1,1536,alarm,none,,,0.000000,1.000000,0,active,coursework,3.360002,8.262116,active,120,1,rain,24.000000
18,1124,3448247389,19,Day 2 01:36,active,coursework,3.360002,8.262116,active,0.372000,0.566421,0.568811,0.828000,1.000000,0.854000,0.925904,0.229000,0.003400,13,1,1,1,1,1,1,1,1,1,1,0,1,0,0,1,1,0.068662,0.000000,0.054701,0.137793,0.158536,0.085706,0.071777,0.099444,0.115189,0.137741,0.000000,0.043049,0.000000,0.000000,0.000000,0.027402,study_focused,1,35,1571,desk,none,,coursework,0.419542,0.992624,0,active,coursework,3.779544,8.262116,active,120,1,rain,24.000000
18,1124,3448247389,20,Day 2 02:11,active,coursework,3.779544,8.262116,active,0.403667,0.690421,0.422139,0.896333,1.000000,0.877333,0.877027,0.194000,0.000000,13,1,1,1,1,1,1,1,1,1,1,0,1,0,0,1,1,0.076741,0.000000,0.062093,0.093931,0.109441,0.073832,0.090295,0.134036,0.130106,0.149420,0.000000,0.049716,0.000000,0.000000,0.000000,0.030388,use_computer,1,30,1601,computer,none,,,0.000000,1.000000,0,active,coursework,3.779544,8.262116,active,120,1,rain,24.000000
18,1124,3448247389,21,Day 2 02:41,active,coursework,3.779544,8.262116,active,0.253667,0.809069,0.522237,0.886333,1.000000,0.897333,0.909008,0.274000,0.000000,13,1,1,1,1,1,1,1,1,1,1,0,1,0,0,1,1,0.051954,0.000000,0.045515,0.102055,0.118688,0.065941,0.098981,0.161768,0.117100,0.129906,0.000000,0.048102,0.000000,0.000000,0.034573,0.025416,study_focused,1,35,1636,desk,none,,coursework,0.416636,0.985748,0,active,coursework,4.196179,8.262116,active,120,1,rain,24.000000
18,1124,3448247389,22,Day 2 03:16,active,coursework,4.196179,8.262116,active,0.285333,0.933069,0.375565,0.954667,1.000000,0.920667,0.859008,0.239000,0.000000,13,1,1,1,1,1,1,1,1,1,1,0,1,0,0,1,1,0.054980,0.000000,0.048920,0.065844,0.077546,0.053774,0.117923,0.206448,0.125234,0.133429,0.000000,0.052599,0.000000,0.000000,0.036614,0.026688,rest_at_bed,1,60,1696,bed,none,,,0.000000,1.000000,0,suspended,coursework,4.196179,8.262116,active,120,1,rain,24.000000
18,1124,3448247389,23,Day 2 04:16,suspended,coursework,4.196179,8.262116,active,0.345333,0.686945,0.455664,0.984667,1.000000,0.960667,0.890989,0.039000,0.000000,13,1,1,1,1,1,1,1,1,1,1,0,1,0,0,1,1,0.083656,0.000000,0.068580,0.082530,0.097736,0.059770,0.083311,0.121078,0.161145,0.160204,0.000000,0.049878,0.000000,0.000000,0.000000,0.032114,turn_light_off,1,1,1697,light,none,,,0.000000,1.000000,0,suspended,coursework,4.196179,8.262116,active,120,1,rain,24.000000
18,1124,3448247389,24,Day 2 04:17,suspended,coursework,4.196179,8.262116,active,0.345667,0.687345,0.455664,1.000000,1.000000,0.961333,0.890989,0.038000,0.000000,10,1,1,1,0,0,0,1,1,1,1,1,0,0,0,1,1,0.107313,0.000000,0.087968,0.000000,0.000000,0.000000,0.106739,0.155146,0.206776,0.205331,0.089563,0.000000,0.000000,0.000000,0.000000,0.041162,turn_light_on,1,1,1698,light,none,,,0.000000,1.000000,0,suspended,coursework,4.196179,8.262116,active,120,1,rain,24.000000
18,1124,3448247389,25,Day 2 04:18,suspended,coursework,4.196179,8.262116,active,0.346000,0.687745,0.455664,1.000000,1.000000,0.962000,0.890989,0.037000,0.000000,13,1,1,1,1,1,1,1,1,1,1,0,1,0,0,1,1,0.083159,0.000000,0.068164,0.081869,0.097227,0.066264,0.082612,0.120094,0.160282,0.158978,0.000000,0.049480,0.000000,0.000000,0.000000,0.031872,go_to_bathroom,1,15,1713,door,none,,,0.000000,1.000000,0,suspended,coursework,4.196179,8.262116,active,120,1,rain,24.000000
18,1124,3448247389,26,Day 2 04:33,suspended,coursework,4.196179,8.262116,active,0.351000,0.693745,0.455664,1.000000,1.000000,0.352000,0.890989,0.022000,0.000000,13,1,1,1,1,1,1,1,1,1,1,0,1,0,0,1,1,0.093623,0.000000,0.076672,0.090733,0.107754,0.077983,0.091305,0.132986,0.061958,0.176679,0.000000,0.054852,0.000000,0.000000,0.000000,0.035453,sleep_at_bed,1,480,2193,bed,none,alarm-rings,,0.000000,1.000000,0,suspended,coursework,4.196179,8.262116,active,120,1,rain,24.000000
18,1124,3448247389,27,Day 2 12:33,suspended,coursework,4.196179,8.262116,active,0.461000,0.371124,0.565763,0.920000,1.000000,0.672000,0.968554,0.000000,0.000000,14,1,1,1,1,1,1,1,1,1,1,0,1,1,0,1,1,0.103605,0.000000,0.076081,0.129477,0.151517,0.101356,0.050390,0.000000,0.096206,0.157650,0.000000,0.000000,0.101827,0.000000,0.000000,0.031892,use_computer,1,30,2223,computer,none,,,0.000000,1.000000,0,suspended,coursework,4.196179,8.262116,active,120,1,rain,24.000000
18,1124,3448247389,28,Day 2 13:03,suspended,coursework,4.196179,8.262116,active,0.311000,0.489772,0.665862,0.910000,1.000000,0.692000,1.000000,0.080000,0.000000,14,1,1,1,1,1,1,1,1,1,1,0,1,1,0,1,1,0.067933,0.000000,0.054013,0.136221,0.159115,0.092647,0.053504,0.069941,0.083863,0.132747,0.000000,0.037187,0.086993,0.000000,0.000000,0.025835,study_halfhearted,1,35,2258,desk,none,weather-rain,coursework,0.274683,1.083153,0,active,coursework,4.470862,8.262116,active,120,1,rain,24.000000
18,1124,3448247389,29,Day 2 13:38,active,coursework,4.470862,8.262116,active,0.372667,0.583772,0.587637,0.918333,1.000000,0.715333,0.986917,0.045000,0.000000,14,1,1,1,1,1,1,1,1,1,1,0,1,1,0,1,1,0.070453,0.000000,0.055951,0.136634,0.159842,0.082637,0.057045,0.078829,0.084233,0.128054,0.000000,0.037484,0.083413,0.000000,0.000000,0.025425,turn_off_alarm,1,1,2259,alarm,none,,,0.000000,1.000000,0,active,coursework,4.470862,8.262116,active,120,1,rain,24.000000
18,1124,3448247389,30,Day 2 13:39,active,coursework,4.470862,8.262116,active,0.373000,0.584172,0.587637,0.948000,1.000000,0.716000,0.966981,0.044000,0.000000,13,1,1,1,1,1,1,1,1,1,1,0,1,0,0,1,1,0.077041,0.000000,0.061179,0.148161,0.174277,0.089935,0.062532,0.086105,0.092136,0.139907,0.000000,0.040946,0.000000,0.000000,0.000000,0.027780,study_halfhearted,1,35,2294,desk,none,,coursework,0.242930,0.957942,0,active,coursework,4.713792,8.262116,active,120,1,rain,24.000000
18,1124,3448247389,31,Day 2 14:14,active,coursework,4.713792,8.262116,active,0.434667,0.678172,0.509412,0.956333,1.000000,0.739333,0.949228,0.009000,0.000000,13,1,1,1,1,1,1,1,1,1,1,0,1,0,0,1,1,0.086616,0.000000,0.068701,0.119758,0.141084,0.085293,0.072336,0.105205,0.100321,0.146305,0.000000,0.044743,0.000000,0.000000,0.000000,0.029638,study_at_computer,1,35,2329,computer,none,,coursework,0.926857,1.089839,0,active,coursework,5.640649,8.262116,active,120,1,rain,24.000000
18,1124,3448247389,32,Day 2 14:49,active,coursework,5.640649,8.262116,active,0.466333,0.805911,0.362740,1.000000,1.000000,0.762667,0.899228,0.054000,0.000000,13,1,1,1,1,1,1,1,1,1,1,0,1,0,0,1,1,0.089723,0.000000,0.072551,0.078980,0.093797,0.071162,0.095487,0.150792,0.109860,0.153874,0.000000,0.051908,0.000000,0.000000,0.000000,0.031866,go_to_bathroom,1,15,2344,door,none,,,0.000000,1.000000,0,suspended,coursework,5.640649,8.262116,active,120,1,rain,24.000000
18,1124,3448247389,33,Day 2 15:04,suspended,coursework,5.640649,8.262116,active,0.471333,0.811911,0.362740,1.000000,1.000000,0.152667,0.899228,0.039000,0.000000,13,1,1,1,1,1,1,1,1,1,1,0,1,0,0,1,1,0.104873,0.000000,0.084725,0.067671,0.080366,0.061263,0.109566,0.173361,0.044090,0.177541,0.000000,0.059743,0.000000,0.000000,0.000000,0.036801,rest_at_bed,1,60,2404,bed,none,,,0.000000,1.000000,0,suspended,coursework,5.640649,8.262116,active,120,1,rain,24.000000
18,1124,3448247389,34,Day 2 16:04,suspended,coursework,5.640649,8.262116,active,0.531333,0.565788,0.442839,1.000000,1.000000,0.192667,0.931208,0.000000,0.000000,13,1,1,1,1,1,1,1,1,1,1,0,1,0,0,1,1,0.123064,0.000000,0.092146,0.096024,0.114038,0.081470,0.075689,0.101654,0.047826,0.179701,0.000000,0.051055,0.000000,0.000000,0.000000,0.037331,sleep_at_bed,1,480,2884,bed,none,room-temperature-shift|message-study-group|task-reminder|evening,,0.000000,1.000000,0,suspended,coursework,5.640649,8.262116,active,120,2,rain,24.000000
18,1124,3448247389,35,Day 3 00:04,suspended,coursework,5.640649,8.262116,active,0.611333,0.243167,0.632938,0.920000,1.000000,0.512667,1.000000,0.000000,0.000000,13,1,1,1,1,1,1,1,1,1,1,0,1,0,0,1,1,0.128336,0.000000,0.087109,0.167019,0.195448,0.115154,0.042218,0.000000,0.073431,0.158552,0.000000,0.000000,0.000000,0.000000,0.000000,0.032732,use_phone,1,25,2909,phone,none,,,0.000000,1.000000,0,suspended,coursework,5.640649,8.262116,active,120,2,rain,24.000000
18,1124,3448247389,36,Day 3 00:29,suspended,coursework,5.640649,8.262116,active,0.399667,0.341061,0.753037,0.951667,1.000000,0.529333,1.000000,0.095000,0.085000,13,1,1,1,1,1,1,1,1,1,1,0,1,0,0,1,1,0.085548,0.000000,0.063926,0.203164,0.239137,0.114091,0.048804,0.000000,0.069919,0.146674,0.000000,0.000000,0.000000,0.000000,0.000000,0.028737,use_phone,1,25,2934,phone,none,,,0.000000,1.000000,0,suspended,coursework,5.640649,8.262116,active,120,2,rain,24.000000
18,1124,3448247389,37,Day 3 00:54,suspended,coursework,5.640649,8.262116,active,0.188000,0.438955,0.873136,0.983333,1.000000,0.546000,1.000000,0.190000,0.170000,13,1,1,1,1,1,1,1,1,1,1,0,1,0,0,1,1,0.047929,0.032157,0.039429,0.207710,0.245919,0.095007,0.047417,0.060834,0.055954,0.114041,0.000000,0.032397,0.000000,0.000000,0.000000,0.021205,study_halfhearted,1,35,2969,desk,none,,coursework,0.271647,1.071182,0,active,coursework,5.912296,8.262116,active,120,2,rain,24.000000
18,1124,3448247389,38,Day 3 01:29,active,coursework,5.912296,8.262116,active,0.249667,0.532955,0.794911,0.991667,1.000000,0.569333,0.999290,0.155000,0.149000,13,1,1,1,1,1,1,1,1,1,1,0,1,0,0,1,1,0.049379,0.029923,0.040574,0.207906,0.246530,0.089190,0.050107,0.068111,0.055829,0.109281,0.000000,0.032440,0.000000,0.000000,0.000000,0.020731,study_at_computer,1,35,3004,computer,none,,coursework,0.929380,1.092806,0,active,coursework,6.841676,8.262116,active,120,2,rain,24.000000
18,1124,3448247389,39,Day 3 02:04,active,coursework,6.841676,8.262116,active,0.281333,0.660695,0.648239,1.000000,1.000000,0.592667,0.963911,0.200000,0.128000,13,1,1,1,1,1,1,1,1,1,1,0,1,0,0,1,1,0.056818,0.033824,0.047596,0.153132,0.181859,0.082906,0.073275,0.108443,0.067913,0.127671,0.000000,0.041805,0.000000,0.000000,0.000000,0.024760,study_focused,1,35,3039,desk,none,,coursework,0.386570,0.914614,0,active,coursework,7.228247,8.262116,active,120,2,rain,24.000000
18,1124,3448247389,40,Day 3 02:39,active,coursework,7.228247,8.262116,active,0.313000,0.784695,0.501567,1.000000,1.000000,0.616000,0.919775,0.165000,0.107000,13,1,1,1,1,1,1,1,1,1,1,0,1,0,0,1,1,0.062365,0.034865,0.053058,0.102694,0.121959,0.070206,0.090446,0.143541,0.075332,0.136011,0.000000,0.047413,0.000000,0.000000,0.035145,0.026965,use_phone,1,25,3064,phone,none,,,0.000000,1.000000,0,active,coursework,7.228247,8.262116,active,120,2,rain,24.000000
18,1124,3448247389,41,Day 3 03:04,active,coursework,7.228247,8.262116,active,0.101333,0.882589,0.621665,1.000000,1.000000,0.632667,0.951756,0.260000,0.192000,13,1,1,1,1,1,1,1,1,1,1,0,1,0,0,1,1,0.039704,0.034851,0.037188,0.120721,0.143367,0.063269,0.099271,0.171423,0.068505,0.120169,0.000000,0.046309,0.000000,0.000000,0.032612,0.022611,idle,1,10,3074,,none,,,0.000000,1.000000,0,active,coursework,7.228247,8.262116,active,120,2,rain,24.000000
18,1124,3448247389,42,Day 3 03:14,active,coursework,7.228247,8.262116,active,0.224667,0.886589,0.751764,0.946667,1.000000,0.639333,0.984959,0.250000,0.186000,13,1,1,1,1,1,1,1,1,1,1,0,1,0,0,1,1,0.040501,0.030657,0.036416,0.150928,0.177488,0.073152,0.086103,0.149791,0.060701,0.105256,0.000000,0.040495,0.000000,0.000000,0.028542,0.019971,use_computer,1,30,3104,computer,none,,,0.000000,1.000000,0,active,coursework,7.228247,8.262116,active,120,2,rain,24.000000
18,1124,3448247389,43,Day 3 03:44,active,coursework,7.228247,8.262116,active,0.074667,1.000000,0.851863,0.936667,1.000000,0.659333,1.000000,0.330000,0.168000,13,1,1,1,1,1,1,1,1,1,1,0,1,0,0,1,1,0.027433,0.025350,0.026676,0.163248,0.191623,0.065143,0.093937,0.178736,0.054597,0.091450,0.000000,0.039028,0.000000,0.000000,0.026088,0.016692,sleep_at_bed,1,480,3584,bed,none,alarm-rings,,0.000000,1.000000,0,suspended,coursework,7.228247,8.262116,active,120,2,rain,24.000000
18,1124,3448247389,44,Day 3 11:44,suspended,coursework,7.228247,8.262116,active,0.184667,0.677379,0.961962,0.856667,1.000000,0.979333,1.000000,0.000000,0.000000,14,1,1,1,1,1,1,1,1,1,1,0,1,1,0,1,1,0.042512,0.000000,0.036650,0.199115,0.230304,0.069361,0.046767,0.068535,0.100130,0.096380,0.000000,0.029350,0.063160,0.000000,0.000000,0.017735,study_halfhearted,1,35,3619,desk,none,message-study-group,coursework,0.236253,0.931611,0,active,coursework,7.464499,8.262116,active,120,3,rain,24.000000
18,1124,3448247389,45,Day 3 12:19,active,coursework,7.464499,8.262116,active,0.246333,0.771379,0.961962,0.865000,1.000000,1.000000,1.000000,0.000000,0.000000,14,1,1,1,1,1,1,1,1,1,1,0,1,1,0,1,1,0.037993,0.000000,0.032757,0.217013,0.251392,0.080547,0.045134,0.070428,0.087952,0.081682,0.000000,0.026372,0.053529,0.000000,0.000000,0.015202,study_at_computer,1,35,3654,computer,none,task-completed,coursework,0.920635,1.082523,0,none,,8.262116,8.262116,completed,120,3,rain,24.000000
18,1124,3448247389,46,Day 3 12:54,none,,8.262116,8.262116,completed,0.278000,0.899118,0.000000,1.000000,1.000000,1.000000,0.424593,0.045000,0.000000,11,1,1,1,0,0,0,1,1,1,1,0,1,1,0,1,1,0.073833,0.000000,0.064898,0.000000,0.000000,0.000000,0.123134,0.189377,0.173535,0.161164,0.000000,0.057398,0.081022,0.000000,0.042083,0.033557,sleep_at_bed,1,265,3919,bed,none,weather-clear|room-temperature-shift,,0.000000,1.000000,0,none,,8.262116,8.262116,completed,120,3,clear,17.000000
18,1124,3448247389,47,Day 3 17:19,none,,8.262116,8.262116,completed,0.286333,0.538248,0.000000,0.931667,1.000000,1.000000,0.424593,0.000000,0.000000,11,1,1,1,0,0,0,1,1,1,1,0,1,1,0,1,1,0.103252,0.000000,0.083423,0.000000,0.000000,0.000000,0.089458,0.107443,0.216392,0.200966,0.000000,0.056127,0.101032,0.000000,0.000000,0.041908,get_meal,1,35,3954,door,none,evening,,0.000000,1.000000,0,none,,8.262116,8.262116,completed,120,3,clear,17.000000
18,1124,3448247389,48,Day 3 17:54,none,,8.262116,8.262116,completed,0.258000,0.552248,0.000000,1.000000,0.479167,1.000000,0.424593,0.000000,0.000000,11,1,1,1,0,0,0,1,1,1,1,0,1,1,0,1,1,0.112658,0.000000,0.092177,0.000000,0.000000,0.000000,0.103269,0.125195,0.245012,0.095985,0.000000,0.064106,0.114394,0.000000,0.000000,0.047204,use_computer,1,30,3984,computer,none,,,0.000000,1.000000,0,none,,8.262116,8.262116,completed,120,3,clear,17.000000
18,1124,3448247389,49,Day 3 18:24,none,,8.262116,8.262116,completed,0.108000,0.670896,0.000000,0.990000,0.504167,1.000000,0.424593,0.080000,0.000000,11,1,1,1,0,0,0,1,1,1,1,0,1,1,0,1,1,0.083794,0.000000,0.074233,0.000000,0.000000,0.000000,0.125107,0.166005,0.234030,0.095561,0.000000,0.068145,0.109267,0.000000,0.000000,0.043859,use_phone,1,25,4009,phone,none,,,0.000000,1.000000,0,none,,8.262116,8.262116,completed,120,3,clear,17.000000
18,1124,3448247389,50,Day 3 18:49,none,,8.262116,8.262116,completed,0.000000,0.768790,0.000000,1.000000,0.525000,1.000000,0.424593,0.175000,0.085000,11,1,1,1,0,0,0,1,1,1,1,0,1,1,0,1,1,0.060497,0.000000,0.056986,0.000000,0.000000,0.000000,0.138345,0.198568,0.207101,0.087536,0.000000,0.066665,0.096694,0.000000,0.049561,0.038048,sleep_at_bed,1,480,4489,bed,none,,,0.000000,1.000000,0,none,,8.262116,8.262116,completed,120,3,clear,17.000000
18,1124,3448247389,51,Day 4 02:49,none,,8.262116,8.262116,completed,0.080000,0.446169,0.000000,0.920000,0.925000,1.000000,0.424593,0.000000,0.000000,11,1,1,1,0,0,0,1,1,1,1,0,1,1,0,1,1,0.100473,0.000000,0.085241,0.000000,0.000000,0.000000,0.096159,0.000000,0.264169,0.216662,0.000000,0.064706,0.123338,0.000000,0.000000,0.049252,go_to_bathroom,1,15,4504,door,none,,,0.000000,1.000000,0,none,,8.262116,8.262116,completed,120,3,clear,17.000000
18,1124,3448247389,52,Day 4 03:04,none,,8.262116,8.262116,completed,0.085000,0.452169,0.000000,0.992894,0.937500,0.390000,0.424593,0.000000,0.000000,11,1,1,1,0,0,0,1,1,1,1,0,1,1,0,1,1,0.121008,0.000000,0.102627,0.000000,0.000000,0.000000,0.116234,0.000000,0.110151,0.265168,0.000000,0.077858,0.147856,0.000000,0.000000,0.059098,get_meal,1,35,4539,door,none,,,0.000000,1.000000,0,none,,8.262116,8.262116,completed,120,3,clear,17.000000
18,1124,3448247389,53,Day 4 03:39,none,,8.262116,8.262116,completed,0.056667,0.466169,0.000000,1.000000,0.416667,0.413333,0.424593,0.000000,0.000000,11,1,1,1,0,0,0,1,1,1,1,0,1,1,0,1,1,0.137673,0.000000,0.118241,0.000000,0.000000,0.000000,0.139913,0.000000,0.135410,0.132061,0.000000,0.092727,0.174566,0.000000,0.000000,0.069410,use_computer,1,30,4569,computer,none,,,0.000000,1.000000,0,none,,8.262116,8.262116,completed,120,3,clear,17.000000
18,1124,3448247389,54,Day 4 04:09,none,,8.262116,8.262116,completed,0.000000,0.584817,0.000000,0.990000,0.441667,0.433333,0.424593,0.080000,0.000000,11,1,1,1,0,0,0,1,1,1,1,0,1,1,0,1,1,0.095758,0.000000,0.086302,0.000000,0.000000,0.000000,0.141739,0.177566,0.111968,0.109944,0.000000,0.082426,0.139433,0.000000,0.000000,0.054865,get_meal,1,35,4604,door,none,,,0.000000,1.000000,0,none,,8.262116,8.262116,completed,120,3,clear,17.000000
18,1124,3448247389,55,Day 4 04:44,none,,8.262116,8.262116,completed,0.000000,0.598817,0.000000,1.000000,0.000000,0.456667,0.424593,0.045000,0.000000,11,1,1,1,0,0,0,1,1,1,1,0,1,1,0,1,1,0.108863,0.000000,0.098290,0.000000,0.000000,0.000000,0.156506,0.196953,0.130401,0.000000,0.000000,0.091661,0.155958,0.000000,0.000000,0.061367,turn_off_alarm,1,1,4605,alarm,none,,,0.000000,1.000000,0,none,,8.262116,8.262116,completed,120,3,clear,17.000000
18,1124,3448247389,56,Day 4 04:45,none,,8.262116,8.262116,completed,0.000333,0.599217,0.000000,1.000000,0.000833,0.457333,0.404593,0.044000,0.000000,10,1,1,1,0,0,0,1,1,1,1,0,1,0,0,1,1,0.128969,0.000000,0.116437,0.000000,0.000000,0.000000,0.185868,0.233072,0.154530,0.000000,0.000000,0.108479,0.000000,0.000000,0.000000,0.072643,go_to_bathroom,1,15,4620,door,none,,,0.000000,1.000000,0,none,,8.262116,8.262116,completed,120,3,clear,17.000000
18,1124,3448247389,57,Day 4 05:00,none,,8.262116,8.262116,completed,0.005333,0.605217,0.000000,1.000000,0.013333,0.000000,0.404593,0.029000,0.000000,10,1,1,1,0,0,0,1,1,1,1,0,1,0,0,1,1,0.154342,0.000000,0.139219,0.000000,0.000000,0.000000,0.218362,0.274349,0.000000,0.000000,0.000000,0.127832,0.000000,0.000000,0.000000,0.085895,rest_at_bed,1,60,4680,bed,none,,,0.000000,1.000000,0,none,,8.262116,8.262116,completed,120,3,clear,17.000000
18,1124,3448247389,58,Day 4 06:00,none,,8.262116,8.262116,completed,0.065333,0.359094,0.000000,1.000000,0.063333,0.040000,0.404593,0.000000,0.000000,10,1,1,1,0,0,0,1,1,1,1,0,1,0,0,1,1,0.314997,0.000000,0.263439,0.000000,0.000000,0.000000,0.267826,0.000000,0.000000,0.000000,0.000000,0.000000,0.000000,0.000000,0.000000,0.153738,use_phone,1,25,4705,phone,none,,,0.000000,1.000000,0,none,,8.262116,8.262116,completed,120,3,clear,17.000000
18,1124,3448247389,59,Day 4 06:25,none,,8.262116,8.262116,completed,0.000000,0.456988,0.000000,1.000000,0.084167,0.056667,0.404593,0.095000,0.085000,10,1,1,1,0,0,0,1,1,1,1,0,1,0,0,1,1,0.224226,0.000000,0.196561,0.000000,0.000000,0.000000,0.277461,0.000000,0.000000,0.000000,0.000000,0.175822,0.000000,0.000000,0.000000,0.125930,turn_light_off,1,1,4706,light,none,,,0.000000,1.000000,0,none,,8.262116,8.262116,completed,120,3,clear,17.000000
18,1124,3448247389,60,Day 4 06:26,none,,8.262116,8.262116,completed,0.000333,0.457388,0.000000,1.000000,0.085000,0.057333,0.404593,0.094000,0.084400,10,1,1,1,0,0,0,1,1,1,1,1,0,0,0,1,1,0.272210,0.000000,0.238611,0.000000,0.000000,0.000000,0.336423,0.000000,0.000000,0.000000,0.000000,0.000000,0.000000,0.000000,0.000000,0.152756,rest_at_bed,1,60,4766,bed,none,,,0.000000,1.000000,0,none,,8.262116,8.262116,completed,120,3,clear,17.000000
18,1124,3448247389,61,Day 4 07:26,none,,8.262116,8.262116,completed,0.060333,0.211264,0.000000,1.000000,0.135000,0.097333,0.404593,0.000000,0.048400,10,1,1,1,0,0,0,1,1,1,1,1,0,0,0,1,1,0.337790,0.000000,0.273875,0.000000,0.000000,0.000000,0.227964,0.000000,0.000000,0.000000,0.000000,0.000000,0.000000,0.000000,0.000000,0.160371,use_phone,1,25,4791,phone,none,alarm-rings,,0.000000,1.000000,0,none,,8.262116,8.262116,completed,120,3,clear,17.000000
18,1124,3448247389,62,Day 4 07:51,none,,8.262116,8.262116,completed,0.000000,0.309159,0.000000,1.000000,0.155833,0.114000,0.450178,0.095000,0.133400,11,1,1,1,0,0,0,1,1,1,1,1,0,1,0,1,1,0.162689,0.115596,0.138030,0.000000,0.000000,0.000000,0.157506,0.000000,0.000000,0.110346,0.000000,0.000000,0.227402,0.000000,0.000000,0.088431,turn_off_alarm,1,1,4792,alarm,none,,,0.000000,1.000000,0,none,,8.262116,8.262116,completed,120,3,clear,17.000000
18,1124,3448247389,63,Day 4 07:52,none,,8.262116,8.262116,completed,0.000333,0.309559,0.000000,1.000000,0.156667,0.114667,0.430178,0.094000,0.132800,10,1,1,1,0,0,0,1,1,1,1,1,0,0,0,1,1,0.210533,0.149312,0.178612,0.000000,0.000000,0.000000,0.204327,0.000000,0.000000,0.142871,0.000000,0.000000,0.000000,0.000000,0.000000,0.114345,idle,1,10,4802,,none,,,0.000000,1.000000,0,none,,8.262116,8.262116,completed,120,3,clear,17.000000
18,1124,3448247389,64,Day 4 08:02,none,,8.262116,8.262116,completed,0.123667,0.313559,0.000000,0.946667,0.165000,0.121333,0.430178,0.084000,0.126800,10,1,1,1,0,0,0,1,1,1,1,1,0,0,0,1,1,0.231258,0.141432,0.188341,0.000000,0.000000,0.000000,0.192011,0.000000,0.000000,0.136629,0.000000,0.000000,0.000000,0.000000,0.000000,0.110329,use_computer,1,30,4832,computer,none,,,0.000000,1.000000,0,none,,8.262116,8.262116,completed,120,3,clear,17.000000
18,1124,3448247389,65,Day 4 08:32,none,,8.262116,8.262116,completed,0.000000,0.432207,0.000000,0.936667,0.190000,0.141333,0.430178,0.164000,0.108800,10,1,1,1,0,0,0,1,1,1,1,1,0,0,0,1,1,0.190649,0.000000,0.166637,0.000000,0.000000,0.000000,0.249819,0.000000,0.136182,0.146086,0.000000,0.000000,0.000000,0.000000,0.000000,0.110627,get_meal,1,35,4867,door,none,,,0.000000,1.000000,0,none,,8.262116,8.262116,completed,120,3,clear,17.000000
18,1124,3448247389,66,Day 4 09:07,none,,8.262116,8.262116,completed,0.000000,0.446207,0.000000,1.000000,0.000000,0.164667,0.430178,0.129000,0.087800,10,1,1,1,0,0,0,1,1,1,1,1,0,0,0,1,1,0.224668,0.000000,0.196726,0.000000,0.000000,0.000000,0.285937,0.000000,0.164403,0.000000,0.000000,0.000000,0.000000,0.000000,0.000000,0.128266,use_phone,1,25,4892,phone,none,,,0.000000,1.000000,0,none,,8.262116,8.262116,completed,120,3,clear,17.000000
18,1124,3448247389,67,Day 4 09:32,none,,8.262116,8.262116,completed,0.000000,0.544101,0.000000,1.000000,0.020833,0.181333,0.430178,0.224000,0.172800,10,1,1,1,0,0,0,1,1,1,1,1,0,0,0,1,1,0.124528,0.107237,0.111818,0.000000,0.000000,0.000000,0.213296,0.265540,0.101013,0.000000,0.000000,0.000000,0.000000,0.000000,0.000000,0.076568,rest_at_bed,1,60,4952,bed,none,weather-clear,,0.000000,1.000000,0,none,,8.262116,8.262116,completed,120,3,clear,17.000000
18,1124,3448247389,68,Day 4 10:32,none,,8.262116,8.262116,completed,0.060000,0.297977,0.000000,1.000000,0.070833,0.221333,0.430178,0.024000,0.136800,10,1,1,1,0,0,0,1,1,1,1,1,0,0,0,1,1,0.224896,0.144525,0.186057,0.000000,0.000000,0.000000,0.179915,0.000000,0.154277,0.000000,0.000000,0.000000,0.000000,0.000000,0.000000,0.110331,use_phone,1,25,4977,phone,none,,,0.000000,1.000000,0,none,,8.262116,8.262116,completed,120,3,clear,17.000000
18,1124,3448247389,69,Day 4 10:57,none,,8.262116,8.262116,completed,0.000000,0.395872,0.000000,1.000000,0.091667,0.238000,0.430178,0.119000,0.221800,10,1,1,1,0,0,0,1,1,1,1,1,0,0,0,1,1,0.190191,0.162958,0.164633,0.000000,0.000000,0.000000,0.220025,0.000000,0.155404,0.000000,0.000000,0.000000,0.000000,0.000000,0.000000,0.106789,rest_at_bed,1,60,5037,bed,none,,,0.000000,1.000000,0,none,,8.262116,8.262116,completed,120,3,clear,17.000000
18,1124,3448247389,70,Day 4 11:57,none,,8.262116,8.262116,completed,0.060000,0.149748,0.000000,1.000000,0.141667,0.278000,0.430178,0.000000,0.185800,10,1,1,1,0,0,0,1,1,1,1,1,0,0,0,1,1,0.234269,0.156650,0.187396,0.000000,0.000000,0.000000,0.142636,0.000000,0.169294,0.000000,0.000000,0.000000,0.000000,0.000000,0.000000,0.109757,go_to_bathroom,1,15,5052,door,none,,,0.000000,1.000000,0,none,,8.262116,8.262116,completed,120,3,clear,17.000000
18,1124,3448247389,71,Day 4 12:12,none,,8.262116,8.262116,completed,0.065000,0.155748,0.000000,1.000000,0.154167,0.000000,0.430178,0.000000,0.176800,10,1,1,1,0,0,0,1,1,1,1,1,0,0,0,1,1,0.243491,0.159622,0.194704,0.000000,0.000000,0.000000,0.148790,0.000000,0.000000,0.139742,0.000000,0.000000,0.000000,0.000000,0.000000,0.113651,get_meal,1,35,5087,door,none,,,0.000000,1.000000,0,none,,8.262116,8.262116,completed,120,3,clear,17.000000
18,1124,3448247389,72,Day 4 12:47,none,,8.262116,8.262116,completed,0.036667,0.169748,0.000000,1.000000,0.000000,0.023333,0.430178,0.000000,0.155800,10,1,1,1,0,0,0,1,1,1,1,1,0,0,0,1,1,0.278424,0.181953,0.225461,0.000000,0.000000,0.000000,0.180005,0.000000,0.000000,0.000000,0.000000,0.000000,0.000000,0.000000,0.000000,0.134157,use_phone,1,25,5112,phone,none,,,0.000000,1.000000,0,none,,8.262116,8.262116,completed,120,3,clear,17.000000
18,1124,3448247389,73,Day 4 13:12,none,,8.262116,8.262116,completed,0.000000,0.267643,0.000000,1.000000,0.020833,0.040000,0.430178,0.095000,0.240800,10,1,1,1,0,0,0,1,1,1,1,1,0,0,0,1,1,0.241658,0.205331,0.203155,0.000000,0.000000,0.000000,0.219702,0.000000,0.000000,0.000000,0.000000,0.000000,0.000000,0.000000,0.000000,0.130154,use_computer,1,30,5142,computer,none,,,0.000000,1.000000,0,none,,8.262116,8.262116,completed,120,3,clear,17.000000
18,1124,3448247389,74,Day 4 13:42,none,,8.262116,8.262116,completed,0.000000,0.386290,0.000000,0.990000,0.045833,0.060000,0.430178,0.175000,0.222800,10,1,1,1,0,0,0,1,1,1,1,1,0,0,0,1,1,0.219098,0.193557,0.189645,0.000000,0.000000,0.000000,0.271083,0.000000,0.000000,0.000000,0.000000,0.000000,0.000000,0.000000,0.000000,0.126618,rest_at_bed,1,60,5202,bed,none,,,0.000000,1.000000,0,none,,8.262116,8.262116,completed,120,3,clear,17.000000
18,1124,3448247389,75,Day 4 14:42,none,,8.262116,8.262116,completed,0.060000,0.140167,0.000000,1.000000,0.095833,0.100000,0.430178,0.000000,0.186800,10,1,1,1,0,0,0,1,1,1,1,1,0,0,0,1,1,0.282986,0.189157,0.225886,0.000000,0.000000,0.000000,0.169671,0.000000,0.000000,0.000000,0.000000,0.000000,0.000000,0.000000,0.000000,0.132300,use_computer,1,30,5232,computer,none,message-study-group,,0.000000,1.000000,0,none,,8.262116,8.262116,completed,120,4,clear,17.000000
18,1124,3448247389,76,Day 4 15:12,none,,8.262116,8.262116,completed,0.000000,0.258815,0.000000,0.990000,0.120833,0.120000,0.430178,0.080000,0.168800,10,1,1,1,0,0,0,1,1,1,1,1,0,0,0,1,1,0.250636,0.185826,0.210176,0.000000,0.000000,0.000000,0.219749,0.000000,0.000000,0.000000,0.000000,0.000000,0.000000,0.000000,0.000000,0.133614,rest_at_bed,1,60,5292,bed,none,room-temperature-shift,,0.000000,1.000000,0,none,,8.262116,8.262116,completed,120,4,clear,24.000000
18,1124,3448247389,77,Day 4 16:12,none,,8.262116,8.262116,completed,0.060000,0.012692,0.000000,1.000000,0.170833,0.160000,0.430178,0.000000,0.132800,10,1,1,1,0,0,0,1,1,1,1,1,0,0,0,1,1,0.251992,0.148986,0.195556,0.000000,0.000000,0.000000,0.000000,0.000000,0.144023,0.144907,0.000000,0.000000,0.000000,0.000000,0.000000,0.114536,idle,1,10,5302,,none,,,0.000000,1.000000,0,none,,8.262116,8.262116,completed,120,4,clear,24.000000
18,1124,3448247389,78,Day 4 16:22,none,,8.262116,8.262116,completed,0.183333,0.016692,0.000000,0.946667,0.179167,0.166667,0.430178,0.000000,0.126800,10,1,1,1,0,0,0,1,1,1,1,1,0,0,0,1,1,0.273074,0.139997,0.203509,0.000000,0.000000,0.000000,0.000000,0.000000,0.136321,0.137470,0.000000,0.000000,0.000000,0.000000,0.000000,0.109630,go_to_bathroom,1,15,5317,door,none,,,0.000000,1.000000,0,none,,8.262116,8.262116,completed,120,4,clear,24.000000
18,1124,3448247389,79,Day 4 16:37,none,,8.262116,8.262116,completed,0.188333,0.022692,0.000000,1.000000,0.191667,0.000000,0.430178,0.000000,0.117800,10,1,1,1,0,0,0,1,1,1,1,1,0,0,0,1,1,0.316542,0.159098,0.235821,0.000000,0.000000,0.000000,0.000000,0.000000,0.000000,0.161931,0.000000,0.000000,0.000000,0.000000,0.000000,0.126607,idle,1,10,5327,,none,,,0.000000,1.000000,0,none,,8.262116,8.262116,completed,120,4,clear,24.000000
18,1124,3448247389,80,Day 4 16:47,none,,8.262116,8.262116,completed,0.311667,0.026692,0.000000,0.946667,0.200000,0.006667,0.430178,0.000000,0.111800,10,1,1,1,0,0,0,1,1,1,1,1,0,0,0,1,1,0.338709,0.147618,0.242325,0.000000,0.000000,0.000000,0.000000,0.000000,0.000000,0.151688,0.000000,0.000000,0.000000,0.000000,0.000000,0.119660,use_phone,1,25,5352,phone,none,,,0.000000,1.000000,0,none,,8.262116,8.262116,completed,120,4,clear,24.000000
18,1124,3448247389,81,Day 4 17:12,none,,8.262116,8.262116,completed,0.100000,0.124586,0.000000,0.978333,0.220833,0.023333,0.430178,0.095000,0.196800,10,1,1,1,0,0,0,1,1,1,1,1,0,0,0,1,1,0.236518,0.161849,0.186289,0.000000,0.000000,0.000000,0.151661,0.000000,0.000000,0.152160,0.000000,0.000000,0.000000,0.000000,0.000000,0.111523,use_phone,1,25,5377,phone,none,,,0.000000,1.000000,0,none,,8.262116,8.262116,completed,120,4,clear,24.000000
18,1124,3448247389,82,Day 4 17:37,none,,8.262116,8.262116,completed,0.000000,0.222480,0.000000,1.000000,0.241667,0.040000,0.430178,0.190000,0.281800,10,1,1,1,0,0,0,1,1,1,1,1,0,0,0,1,1,0.194892,0.185649,0.162782,0.000000,0.000000,0.000000,0.189586,0.000000,0.000000,0.157563,0.000000,0.000000,0.000000,0.000000,0.000000,0.109528,use_computer,1,30,5407,computer,none,evening,,0.000000,1.000000,0,none,,8.262116,8.262116,completed,120,4,clear,24.000000
18,1124,3448247389,83,Day 4 18:07,none,,8.262116,8.262116,completed,0.000000,0.341128,0.000000,0.990000,0.266667,0.060000,0.430178,0.270000,0.263800,10,1,1,1,0,0,0,1,1,1,1,1,0,0,0,1,1,0.176012,0.174323,0.151366,0.000000,0.000000,0.000000,0.233015,0.000000,0.000000,0.159147,0.000000,0.000000,0.000000,0.000000,0.000000,0.106138,idle,1,10,5417,,none,,,0.000000,1.000000,0,none,,8.262116,8.262116,completed,120,4,clear,24.000000
18,1124,3448247389,84,Day 4 18:17,none,,8.262116,8.262116,completed,0.123333,0.345128,0.000000,0.936667,0.275000,0.066667,0.430178,0.260000,0.257800,10,1,1,1,0,0,0,1,1,1,1,1,0,0,0,1,1,0.194967,0.166515,0.160956,0.000000,0.000000,0.000000,0.220814,0.000000,0.000000,0.153476,0.000000,0.000000,0.000000,0.000000,0.000000,0.103273,rest_at_bed,1,60,5477,bed,none,,,0.000000,1.000000,0,none,,8.262116,8.262116,completed,120,4,clear,24.000000
18,1124,3448247389,85,Day 4 19:17,none,,8.262116,8.262116,completed,0.183333,0.099005,0.000000,0.966667,0.325000,0.106667,0.430178,0.060000,0.221800,10,1,1,1,0,0,0,1,1,1,1,1,0,0,0,1,1,0.248483,0.158370,0.189001,0.000000,0.000000,0.000000,0.131443,0.000000,0.000000,0.167686,0.000000,0.000000,0.000000,0.000000,0.000000,0.105017,idle,1,10,5487,,none,,,0.000000,1.000000,0,none,,8.262116,8.262116,completed,120,4,clear,24.000000
18,1124,3448247389,86,Day 4 19:27,none,,8.262116,8.262116,completed,0.306667,0.103005,0.000000,0.913333,0.333333,0.113333,0.430178,0.050000,0.215800,10,1,1,1,0,0,0,1,1,1,1,1,0,0,0,1,1,0.270922,0.148902,0.197821,0.000000,0.000000,0.000000,0.122605,0.000000,0.000000,0.159172,0.000000,0.000000,0.000000,0.000000,0.000000,0.100578,rest_at_bed,1,60,5547,bed,none,,,0.000000,1.000000,0,none,,8.262116,8.262116,completed,120,4,clear,24.000000
18,1124,3448247389,87,Day 4 20:27,none,,8.262116,8.262116,completed,0.366667,0.000000,0.000000,0.943333,0.383333,0.153333,0.430178,0.000000,0.179800,10,1,1,1,0,0,0,1,1,1,1,1,0,0,0,1,1,0.290248,0.133496,0.202659,0.000000,0.000000,0.000000,0.000000,0.000000,0.113254,0.163935,0.000000,0.000000,0.000000,0.000000,0.000000,0.096409,use_phone,1,25,5572,phone,none,,,0.000000,1.000000,0,none,,8.262116,8.262116,completed,120,4,clear,24.000000
18,1124,3448247389,88,Day 4 20:52,none,,8.262116,8.262116,completed,0.155000,0.097894,0.000000,0.975000,0.404167,0.170000,0.430178,0.095000,0.264800,10,1,1,1,0,0,0,1,1,1,1,1,0,0,0,1,1,0.204998,0.148041,0.157579,0.000000,0.000000,0.000000,0.117914,0.000000,0.114258,0.166328,0.000000,0.000000,0.000000,0.000000,0.000000,0.090882,idle,1,10,5582,,none,,,0.000000,1.000000,0,none,,8.262116,8.262116,completed,120,4,clear,24.000000
18,1124,3448247389,89,Day 4 21:02,none,,8.262116,8.262116,completed,0.278333,0.101894,0.000000,0.921667,0.412500,0.176667,0.430178,0.085000,0.258800,10,1,1,1,0,0,0,1,1,1,1,1,0,0,0,1,1,0.225596,0.140489,0.166472,0.000000,0.000000,0.000000,0.111012,0.000000,0.109221,0.159357,0.000000,0.000000,0.000000,0.000000,0.000000,0.087853,rest_at_bed,1,60,5642,bed,none,,,0.000000,1.000000,0,none,,8.262116,8.262116,completed,120,4,clear,24.000000
18,1124,3448247389,90,Day 4 22:02,none,,8.262116,8.262116,completed,0.338333,0.000000,0.000000,0.951667,0.462500,0.216667,0.430178,0.000000,0.222800,10,1,1,1,0,0,0,1,1,1,1,1,0,0,0,1,1,0.272132,0.139135,0.191824,0.000000,0.000000,0.000000,0.000000,0.000000,0.122581,0.181301,0.000000,0.000000,0.000000,0.000000,0.000000,0.093026,idle,1,10,5652,,none,,,0.000000,1.000000,0,none,,8.262116,8.262116,completed,120,4,clear,24.000000
18,1124,3448247389,91,Day 4 22:12,none,,8.262116,8.262116,completed,0.461667,0.004000,0.000000,0.898333,0.470833,0.223333,0.430178,0.000000,0.216800,10,1,1,1,0,0,0,1,1,1,1,1,0,0,0,1,1,0.294214,0.130437,0.199162,0.000000,0.000000,0.000000,0.000000,0.000000,0.115756,0.171596,0.000000,0.000000,0.000000,0.000000,0.000000,0.088835,idle,1,10,5662,,none,,,0.000000,1.000000,0,none,,8.262116,8.262116,completed,120,4,clear,24.000000
18,1124,3448247389,92,Day 4 22:22,none,,8.262116,8.262116,completed,0.585000,0.008000,0.000000,0.845000,0.479167,0.230000,0.430178,0.000000,0.210800,10,1,1,1,0,0,0,1,1,1,1,1,0,0,0,1,1,0.316913,0.121831,0.206017,0.000000,0.000000,0.000000,0.000000,0.000000,0.108908,0.161811,0.000000,0.000000,0.000000,0.000000,0.000000,0.084519,get_meal,1,35,5697,door,none,,,0.000000,1.000000,0,none,,8.262116,8.262116,completed,120,4,clear,24.000000
18,1124,3448247389,93,Day 4 22:57,none,,8.262116,8.262116,completed,0.556667,0.022000,0.000000,0.951227,0.000000,0.253333,0.430178,0.000000,0.189800,10,1,1,1,0,0,0,1,1,1,1,1,0,0,0,1,1,0.371998,0.142561,0.244893,0.000000,0.000000,0.000000,0.000000,0.000000,0.138130,0.000000,0.000000,0.000000,0.000000,0.000000,0.000000,0.102417,shop_on_phone,1,20,5717,phone,none,,,0.000000,1.000000,0,none,,8.262116,8.262116,completed,90,4,clear,24.000000
18,1124,3448247389,94,Day 4 23:17,none,,8.262116,8.262116,completed,0.563333,0.034986,0.000000,1.000000,0.016667,0.266667,0.430178,0.060000,0.000000,10,1,1,1,0,0,0,1,1,1,1,1,0,0,0,1,1,0.428358,0.000000,0.282799,0.000000,0.000000,0.000000,0.000000,0.000000,0.167403,0.000000,0.000000,0.000000,0.000000,0.000000,0.000000,0.121439,use_phone,1,25,5742,phone,none,,,0.000000,1.000000,0,none,,8.262116,8.262116,completed,90,4,clear,24.000000
18,1124,3448247389,95,Day 4 23:42,none,,8.262116,8.262116,completed,0.351667,0.132880,0.000000,1.000000,0.037500,0.283333,0.430178,0.155000,0.085000,10,1,1,1,0,0,0,1,1,1,1,1,0,0,0,1,1,0.313621,0.000000,0.227944,0.000000,0.000000,0.000000,0.164697,0.000000,0.175070,0.000000,0.000000,0.000000,0.000000,0.000000,0.000000,0.118668,use_phone,1,25,5767,phone,none,,,0.000000,1.000000,0,none,,8.262116,8.262116,completed,90,4,clear,24.000000
18,1124,3448247389,96,Day 5 00:07,none,,8.262116,8.262116,completed,0.140000,0.230774,0.000000,1.000000,0.058333,0.300000,0.430178,0.250000,0.170000,10,1,1,1,0,0,0,1,1,1,1,1,0,0,0,1,1,0.212280,0.148069,0.169858,0.000000,0.000000,0.000000,0.193323,0.000000,0.169264,0.000000,0.000000,0.000000,0.000000,0.000000,0.000000,0.107206,use_phone,1,25,5792,phone,none,,,0.000000,1.000000,0,none,,8.262116,8.262116,completed,90,4,clear,24.000000
18,1124,3448247389,97,Day 5 00:32,none,,8.262116,8.262116,completed,0.000000,0.328669,0.000000,1.000000,0.079167,0.316667,0.430178,0.345000,0.255000,10,1,1,1,0,0,0,1,1,1,1,1,0,0,0,1,1,0.166800,0.169095,0.143445,0.000000,0.000000,0.000000,0.241758,0.000000,0.174349,0.000000,0.000000,0.000000,0.000000,0.000000,0.000000,0.104553,rest_at_bed,1,60,5852,bed,none,,,0.000000,1.000000,0,none,,8.262116,8.262116,completed,90,4,clear,24.000000
18,1124,3448247389,98,Day 5 01:32,none,,8.262116,8.262116,completed,0.060000,0.082545,0.000000,1.000000,0.129167,0.356667,0.430178,0.145000,0.219000,10,1,1,1,0,0,0,1,1,1,1,1,0,0,0,1,1,0.216925,0.164107,0.171879,0.000000,0.000000,0.000000,0.146848,0.000000,0.191753,0.000000,0.000000,0.000000,0.000000,0.000000,0.000000,0.108489,shop_on_phone,1,20,5872,phone,none,,,0.000000,1.000000,0,none,,8.262116,8.262116,completed,60,4,clear,24.000000
18,1124,3448247389,99,Day 5 01:52,none,,8.262116,8.262116,completed,0.066667,0.095531,0.000000,1.000000,0.145833,0.370000,0.430178,0.205000,0.000000,10,1,1,1,0,0,0,1,1,1,1,1,0,0,0,1,1,0.216761,0.000000,0.172239,0.000000,0.000000,0.000000,0.162378,0.000000,0.201662,0.135331,0.000000,0.000000,0.000000,0.000000,0.000000,0.111629,rest_at_bed,1,60,5932,bed,none,,,0.000000,1.000000,0,none,,8.262116,8.262116,completed,60,4,clear,24.000000
18,1124,3448247389,100,Day 5 02:52,none,,8.262116,8.262116,completed,0.126667,0.000000,0.000000,1.000000,0.195833,0.410000,0.430178,0.005000,0.000000,10,1,1,1,0,0,0,1,1,1,1,1,0,0,0,1,1,0.281812,0.000000,0.213302,0.000000,0.000000,0.000000,0.000000,0.000000,0.229230,0.155940,0.000000,0.000000,0.000000,0.000000,0.000000,0.119716,use_phone,1,25,5957,phone,none,,,0.000000,1.000000,0,none,,8.262116,8.262116,completed,60,4,clear,24.000000
18,1124,3448247389,101,Day 5 03:17,none,,8.262116,8.262116,completed,0.000000,0.097894,0.000000,1.000000,0.216667,0.426667,0.430178,0.100000,0.085000,10,1,1,1,0,0,0,1,1,1,1,1,0,0,0,1,1,0.208548,0.000000,0.168893,0.000000,0.000000,0.000000,0.145496,0.000000,0.218852,0.149727,0.000000,0.000000,0.000000,0.000000,0.000000,0.108483,go_to_bathroom,1,15,5972,door,none,,,0.000000,1.000000,0,none,,8.262116,8.262116,completed,60,4,clear,24.000000
18,1124,3448247389,102,Day 5 03:32,none,,8.262116,8.262116,completed,0.005000,0.103894,0.000000,1.000000,0.229167,0.000000,0.430178,0.085000,0.076000,10,1,1,1,0,0,0,1,1,1,1,1,0,0,0,1,1,0.267988,0.000000,0.216835,0.000000,0.000000,0.000000,0.183541,0.000000,0.000000,0.193901,0.000000,0.000000,0.000000,0.000000,0.000000,0.137735,rest_at_bed,1,60,6032,bed,none,,,0.000000,1.000000,0,none,,8.262116,8.262116,completed,60,4,clear,24.000000
18,1124,3448247389,103,Day 5 04:32,none,,8.262116,8.262116,completed,0.065000,0.000000,0.000000,1.000000,0.279167,0.040000,0.430178,0.000000,0.040000,10,1,1,1,0,0,0,1,1,1,1,1,0,0,0,1,1,0.344159,0.000000,0.265886,0.000000,0.000000,0.000000,0.000000,0.000000,0.000000,0.234755,0.000000,0.000000,0.000000,0.000000,0.000000,0.155201,use_phone,1,25,6057,phone,none,,,0.000000,1.000000,0,none,,8.262116,8.262116,completed,60,4,clear,24.000000
18,1124,3448247389,104,Day 5 04:57,none,,8.262116,8.262116,completed,0.000000,0.097894,0.000000,1.000000,0.300000,0.056667,0.430178,0.095000,0.125000,10,1,1,1,0,0,0,1,1,1,1,1,0,0,0,1,1,0.221671,0.148122,0.179487,0.000000,0.000000,0.000000,0.153516,0.000000,0.000000,0.182214,0.000000,0.000000,0.000000,0.000000,0.000000,0.114991,idle,1,10,6067,,none,,,0.000000,1.000000,0,none,,8.262116,8.262116,completed,60,4,clear,24.000000
18,1124,3448247389,105,Day 5 05:07,none,,8.262116,8.262116,completed,0.123333,0.101894,0.000000,0.946667,0.308333,0.063333,0.430178,0.085000,0.119000,10,1,1,1,0,0,0,1,1,1,1,1,0,0,0,1,1,0.242877,0.139951,0.188787,0.000000,0.000000,0.000000,0.143899,0.000000,0.000000,0.173813,0.000000,0.000000,0.000000,0.000000,0.000000,0.110672,shop_on_phone,1,20,6087,phone,none,,,0.000000,1.000000,0,none,,8.262116,8.262116,completed,30,4,clear,24.000000
18,1124,3448247389,106,Day 5 05:27,none,,8.262116,8.262116,completed,0.130000,0.114880,0.000000,1.000000,0.325000,0.076667,0.430178,0.145000,0.000000,10,1,1,1,0,0,0,1,1,1,1,1,0,0,0,1,1,0.273152,0.000000,0.212925,0.000000,0.000000,0.000000,0.179086,0.000000,0.000000,0.206671,0.000000,0.000000,0.000000,0.000000,0.000000,0.128166,use_computer,1,30,6117,computer,none,,,0.000000,1.000000,0,none,,8.262116,8.262116,completed,30,4,clear,24.000000
18,1124,3448247389,107,Day 5 05:57,none,,8.262116,8.262116,completed,0.000000,0.233528,0.000000,0.990000,0.350000,0.096667,0.430178,0.225000,0.000000,10,1,1,1,0,0,0,1,1,1,1,1,0,0,0,1,1,0.225018,0.000000,0.188646,0.000000,0.000000,0.000000,0.234601,0.000000,0.000000,0.222492,0.000000,0.000000,0.000000,0.000000,0.000000,0.129244,idle,1,10,6127,,none,,,0.000000,1.000000,0,none,,8.262116,8.262116,completed,30,4,clear,24.000000
18,1124,3448247389,108,Day 5 06:07,none,,8.262116,8.262116,completed,0.123333,0.237528,0.000000,0.936667,0.358333,0.103333,0.430178,0.215000,0.000000,10,1,1,1,0,0,0,1,1,1,1,1,0,0,0,1,1,0.246177,0.000000,0.198125,0.000000,0.000000,0.000000,0.219576,0.000000,0.000000,0.211918,0.000000,0.000000,0.000000,0.000000,0.000000,0.124204,get_meal,1,35,6162,door,none,,,0.000000,1.000000,0,none,,8.262116,8.262116,completed,30,4,clear,24.000000
18,1124,3448247389,109,Day 5 06:42,none,,8.262116,8.262116,completed,0.095000,0.251528,0.000000,1.000000,0.000000,0.126667,0.430178,0.180000,0.000000,10,1,1,1,0,0,0,1,1,1,1,1,0,0,0,1,1,0.310458,0.000000,0.252701,0.000000,0.000000,0.000000,0.278240,0.000000,0.000000,0.000000,0.000000,0.000000,0.000000,0.000000,0.000000,0.158601,use_computer,1,30,6192,computer,none,,,0.000000,1.000000,0,none,,8.262116,8.262116,completed,30,4,clear,24.000000
18,1124,3448247389,110,Day 5 07:12,none,,8.262116,8.262116,completed,0.000000,0.370176,0.000000,0.990000,0.025000,0.146667,0.430178,0.260000,0.000000,10,1,1,1,0,0,0,1,1,1,1,1,0,0,0,1,1,0.218088,0.000000,0.188689,0.000000,0.000000,0.000000,0.298055,0.000000,0.163538,0.000000,0.000000,0.000000,0.000000,0.000000,0.000000,0.131629,use_phone,1,25,6217,phone,none,,,0.000000,1.000000,0,none,,8.262116,8.262116,completed,30,4,clear,24.000000
18,1124,3448247389,111,Day 5 07:37,none,,8.262116,8.262116,completed,0.000000,0.468070,0.000000,1.000000,0.045833,0.163333,0.430178,0.355000,0.085000,10,1,1,1,0,0,0,1,1,1,1,1,0,0,0,1,1,0.134699,0.000000,0.119510,0.000000,0.000000,0.000000,0.247750,0.298515,0.111968,0.000000,0.000000,0.000000,0.000000,0.000000,0.000000,0.087558,use_phone,1,25,6242,phone,none,,,0.000000,1.000000,0,none,,8.262116,8.262116,completed,30,4,clear,24.000000
18,1124,3448247389,112,Day 5 08:02,none,,8.262116,8.262116,completed,0.000000,0.565964,0.000000,1.000000,0.066667,0.180000,0.430178,0.450000,0.170000,10,1,1,1,0,0,0,1,1,1,1,1,0,0,0,1,1,0.089968,0.087780,0.081856,0.000000,0.000000,0.000000,0.222700,0.290253,0.082901,0.000000,0.000000,0.000000,0.000000,0.000000,0.081558,0.062984,rest_at_bed,1,60,6302,bed,none,alarm-rings,,0.000000,1.000000,0,none,,8.262116,8.262116,completed,30,4,clear,24.000000
18,1124,3448247389,113,Day 5 09:02,none,,8.262116,8.262116,completed,0.090000,0.319841,0.000000,1.000000,0.116667,0.220000,0.475762,0.250000,0.134000,11,1,1,1,0,0,0,1,1,1,1,1,0,1,0,1,1,0.158201,0.111521,0.131287,0.000000,0.000000,0.000000,0.174969,0.000000,0.118927,0.000000,0.000000,0.000000,0.219375,0.000000,0.000000,0.085720,idle,1,10,6312,,none,,,0.000000,1.000000,0,none,,8.262116,8.262116,completed,30,4,clear,24.000000
18,1124,3448247389,114,Day 5 09:12,none,,8.262116,8.262116,completed,0.213333,0.323841,0.000000,0.946667,0.125000,0.226667,0.475762,0.240000,0.128000,11,1,1,1,0,0,0,1,1,1,1,1,0,1,0,1,1,0.176355,0.107205,0.140495,0.000000,0.000000,0.000000,0.166864,0.000000,0.115159,0.000000,0.000000,0.000000,0.209986,0.000000,0.000000,0.083937,turn_off_alarm,1,1,6313,alarm,none,,,0.000000,1.000000,0,none,,8.262116,8.262116,completed,30,4,clear,24.000000
18,1124,3448247389,115,Day 5 09:13,none,,8.262116,8.262116,completed,0.213667,0.324241,0.000000,0.976333,0.125833,0.227333,0.455762,0.239000,0.127400,10,1,1,1,0,0,0,1,1,1,1,1,0,0,0,1,1,0.223183,0.135417,0.177790,0.000000,0.000000,0.000000,0.211691,0.000000,0.145779,0.000000,0.000000,0.000000,0.000000,0.000000,0.000000,0.106140,rest_at_bed,1,60,6373,bed,none,message-study-group,,0.000000,1.000000,0,none,,8.262116,8.262116,completed,30,5,clear,24.000000
18,1124,3448247389,116,Day 5 10:13,none,,8.262116,8.262116,completed,0.273667,0.078118,0.000000,1.000000,0.175833,0.267333,0.455762,0.039000,0.091400,10,1,1,1,0,0,0,1,1,1,1,1,0,0,0,1,1,0.279785,0.000000,0.205350,0.000000,0.000000,0.000000,0.123948,0.000000,0.154549,0.130204,0.000000,0.000000,0.000000,0.000000,0.000000,0.106164,rest_at_bed,1,60,6433,bed,none,,,0.000000,1.000000,0,none,,8.262116,8.262116,completed,30,5,clear,24.000000
18,1124,3448247389,117,Day 5 11:13,none,,8.262116,8.262116,completed,0.333667,0.000000,0.000000,1.000000,0.225833,0.307333,0.455762,0.000000,0.055400,10,1,1,1,0,0,0,1,1,1,1,1,0,0,0,1,1,0.329815,0.000000,0.232848,0.000000,0.000000,0.000000,0.000000,0.000000,0.174787,0.149272,0.000000,0.000000,0.000000,0.000000,0.000000,0.113278,idle,1,10,6443,,none,,,0.000000,1.000000,0,none,,8.262116,8.262116,completed,30,5,clear,24.000000
18,1124,3448247389,118,Day 5 11:23,none,,8.262116,8.262116,completed,0.457000,0.004000,0.000000,0.946667,0.234167,0.314000,0.455762,0.000000,0.049400,10,1,1,1,0,0,0,1,1,1,1,1,0,0,0,1,1,0.352055,0.000000,0.238690,0.000000,0.000000,0.000000,0.000000,0.000000,0.162963,0.139490,0.000000,0.000000,0.000000,0.000000,0.000000,0.106803,go_to_bathroom,1,15,6458,door,none,weather-clear,,0.000000,1.000000,0,none,,8.262116,8.262116,completed,30,5,clear,24.000000
18,1124,3448247389,119,Day 5 11:38,none,,8.262116,8.262116,completed,0.462000,0.010000,0.000000,1.000000,0.246667,0.000000,0.455762,0.000000,0.040400,10,1,1,1,0,0,0,1,1,1,1,1,0,0,0,1,1,0.419706,0.000000,0.284457,0.000000,0.000000,0.000000,0.000000,0.000000,0.000000,0.168986,0.000000,0.000000,0.000000,0.000000,0.000000,0.126851,use_phone,1,25,6483,phone,none,,,0.000000,1.000000,0,none,,8.262116,8.262116,completed,30,5,clear,24.000000
18,1124,3448247389,120,Day 5 12:03,none,,8.262116,8.262116,completed,0.250333,0.107894,0.000000,1.000000,0.267500,0.016667,0.455762,0.095000,0.125400,10,1,1,1,0,0,0,1,1,1,1,1,0,0,0,1,1,0.266061,0.136131,0.198520,0.000000,0.000000,0.000000,0.138076,0.000000,0.000000,0.153886,0.000000,0.000000,0.000000,0.000000,0.000000,0.107327,get_meal,1,35,6518,door,none,room-temperature-shift,,0.000000,1.000000,0,none,,8.262116,8.262116,completed,30,5,clear,17.000000
18,1124,3448247389,121,Day 5 12:38,none,,8.262116,8.262116,completed,0.222000,0.161894,0.000000,1.000000,0.000000,0.040000,0.455762,0.060000,0.104400,10,1,1,1,0,0,0,1,1,1,1,1,0,0,0,1,1,0.309202,0.156063,0.235407,0.000000,0.000000,0.000000,0.171913,0.000000,0.000000,0.000000,0.000000,0.000000,0.000000,0.000000,0.000000,0.127416,use_computer,1,30,6548,computer,none,,,0.000000,1.000000,0,none,,8.262116,8.262116,completed,30,5,clear,17.000000
18,1124,3448247389,122,Day 5 13:08,none,,8.262116,8.262116,completed,0.072000,0.280542,0.000000,0.990000,0.025000,0.060000,0.455762,0.140000,0.086400,10,1,1,1,0,0,0,1,1,1,1,1,0,0,0,1,1,0.308198,0.000000,0.254056,0.000000,0.000000,0.000000,0.279097,0.000000,0.000000,0.000000,0.000000,0.000000,0.000000,0.000000,0.000000,0.158649,rest_at_bed,1,60,6608,bed,none,,,0.000000,1.000000,0,none,,8.262116,8.262116,completed,30,5,clear,17.000000
18,1124,3448247389,123,Day 5 14:08,none,,8.262116,8.262116,completed,0.132000,0.034419,0.000000,1.000000,0.075000,0.100000,0.455762,0.000000,0.050400,10,1,1,1,0,0,0,1,1,1,1,1,0,0,0,1,1,0.457511,0.000000,0.348244,0.000000,0.000000,0.000000,0.000000,0.000000,0.000000,0.000000,0.000000,0.000000,0.000000,0.000000,0.000000,0.194245,use_phone,1,25,6633,phone,none,,,0.000000,1.000000,0,none,,8.262116,8.262116,completed,30,5,clear,17.000000
18,1124,3448247389,124,Day 5 14:33,none,,8.262116,8.262116,completed,0.000000,0.132313,0.000000,1.000000,0.095833,0.116667,0.455762,0.095000,0.135400,10,1,1,1,0,0,0,1,1,1,1,1,0,0,0,1,1,0.266477,0.182719,0.217416,0.000000,0.000000,0.000000,0.194098,0.000000,0.000000,0.000000,0.000000,0.000000,0.000000,0.000000,0.000000,0.139290,shop_on_phone,1,20,6653,phone,none,,,0.000000,1.000000,0,none,,8.262116,8.262116,completed,0,5,clear,17.000000
18,1124,3448247389,125,Day 5 14:53,none,,8.262116,8.262116,completed,0.006667,0.145299,0.000000,1.000000,0.112500,0.130000,0.455762,0.155000,0.000000,10,1,1,1,0,0,0,1,1,1,1,1,0,0,0,1,1,0.316207,0.000000,0.258725,0.000000,0.000000,0.000000,0.254871,0.000000,0.000000,0.000000,0.000000,0.000000,0.000000,0.000000,0.000000,0.170196,use_phone,1,25,6678,phone,none,,,0.000000,1.000000,0,none,,8.262116,8.262116,completed,0,5,clear,17.000000
18,1124,3448247389,126,Day 5 15:18,none,,8.262116,8.262116,completed,0.000000,0.243193,0.000000,1.000000,0.133333,0.146667,0.455762,0.250000,0.085000,10,1,1,1,0,0,0,1,1,1,1,1,0,0,0,1,1,0.235678,0.000000,0.198189,0.000000,0.000000,0.000000,0.257703,0.000000,0.170887,0.000000,0.000000,0.000000,0.000000,0.000000,0.000000,0.137544,rest_at_bed,1,60,6738,bed,none,,,0.000000,1.000000,0,none,,8.262116,8.262116,completed,0,5,clear,17.000000
18,1124,3448247389,127,Day 5 16:18,none,,8.262116,8.262116,completed,0.060000,0.000000,0.000000,1.000000,0.183333,0.186667,0.455762,0.050000,0.049000,10,1,1,1,0,0,0,1,1,1,1,1,0,0,0,1,1,0.289295,0.000000,0.224288,0.000000,0.000000,0.000000,0.000000,0.000000,0.177509,0.174111,0.000000,0.000000,0.000000,0.000000,0.000000,0.134797,go_to_bathroom,1,15,6753,door,none,,,0.000000,1.000000,0,none,,8.262116,8.262116,completed,0,5,clear,17.000000
18,1124,3448247389,128,Day 5 16:33,none,,8.262116,8.262116,completed,0.065000,0.006000,0.000000,1.000000,0.195833,0.000000,0.455762,0.035000,0.040000,10,1,1,1,0,0,0,1,1,1,1,1,0,0,0,1,1,0.351926,0.000000,0.272599,0.000000,0.000000,0.000000,0.000000,0.000000,0.000000,0.213456,0.000000,0.000000,0.000000,0.000000,0.000000,0.162019,use_phone,1,25,6778,phone,none,,,0.000000,1.000000,0,none,,8.262116,8.262116,completed,0,5,clear,17.000000
18,1124,3448247389,129,Day 5 16:58,none,,8.262116,8.262116,completed,0.000000,0.103894,0.000000,1.000000,0.216667,0.016667,0.455762,0.130000,0.125000,10,1,1,1,0,0,0,1,1,1,1,1,0,0,0,1,1,0.222851,0.152022,0.180916,0.000000,0.000000,0.000000,0.163305,0.000000,0.000000,0.162888,0.000000,0.000000,0.000000,0.000000,0.000000,0.118019,get_meal,1,35,6813,door,none,,,0.000000,1.000000,0,none,,8.262116,8.262116,completed,0,5,clear,17.000000
18,1124,3448247389,130,Day 5 17:33,none,,8.262116,8.262116,completed,0.000000,0.117894,0.000000,1.000000,0.000000,0.040000,0.455762,0.095000,0.104000,10,1,1,1,0,0,0,1,1,1,1,1,0,0,0,1,1,0.328291,0.000000,0.266996,0.000000,0.000000,0.000000,0.233658,0.000000,0.000000,0.000000,0.000000,0.000000,0.000000,0.000000,0.000000,0.171055,use_computer,1,30,6843,computer,none,evening,,0.000000,1.000000,0,none,,8.262116,8.262116,completed,0,5,clear,17.000000
18,1124,3448247389,131,Day 5 18:03,none,,8.262116,8.262116,completed,0.000000,0.236542,0.000000,0.990000,0.025000,0.060000,0.455762,0.175000,0.086000,10,1,1,1,0,0,0,1,1,1,1,1,0,0,0,1,1,0.297170,0.000000,0.248843,0.000000,0.000000,0.000000,0.287844,0.000000,0.000000,0.000000,0.000000,0.000000,0.000000,0.000000,0.000000,0.166143,use_computer,1,30,6873,computer,none,,,0.000000,1.000000,0,none,,8.262116,8.262116,completed,0,5,clear,17.000000
18,1124,3448247389,132,Day 5 18:33,none,,8.262116,8.262116,completed,0.000000,0.355190,0.000000,0.980000,0.050000,0.080000,0.455762,0.255000,0.068000,10,1,1,1,0,0,0,1,1,1,1,1,0,0,0,1,1,0.264531,0.000000,0.228072,0.000000,0.000000,0.000000,0.348705,0.000000,0.000000,0.000000,0.000000,0.000000,0.000000,0.000000,0.000000,0.158692,use_computer,1,30,6903,computer,none,,,0.000000,1.000000,0,none,,8.262116,8.262116,completed,0,5,clear,17.000000
18,1124,3448247389,133,Day 5 19:03,none,,8.262116,8.262116,completed,0.000000,0.473838,0.000000,0.970000,0.075000,0.100000,0.455762,0.335000,0.050000,10,1,1,1,0,0,0,1,1,1,1,1,0,0,0,1,1,0.153858,0.000000,0.136582,0.000000,0.000000,0.000000,0.276015,0.334507,0.000000,0.000000,0.000000,0.000000,0.000000,0.000000,0.000000,0.099038,sleep_at_bed,1,480,7383,bed,none,,,0.000000,1.000000,0,none,,8.262116,8.262116,completed,0,5,clear,17.000000
18,1124,3448247389,134,Day 6 03:03,none,,8.262116,8.262116,completed,0.080000,0.151217,0.000000,0.890000,0.475000,0.420000,0.455762,0.000000,0.000000,10,1,1,1,0,0,0,1,1,1,1,1,0,0,0,1,1,0.212407,0.000000,0.168827,0.000000,0.000000,0.000000,0.125966,0.000000,0.191689,0.203561,0.000000,0.000000,0.000000,0.000000,0.000000,0.097549,use_computer,1,30,7413,computer,none,,,0.000000,1.000000,0,none,,8.262116,8.262116,completed,0,5,clear,17.000000
18,1124,3448247389,135,Day 6 03:33,none,,8.262116,8.262116,completed,0.000000,0.269864,0.000000,0.880000,0.500000,0.440000,0.455762,0.080000,0.000000,10,1,1,1,0,0,0,1,1,1,1,1,0,0,0,1,1,0.180306,0.000000,0.151569,0.000000,0.000000,0.000000,0.160154,0.000000,0.198926,0.212689,0.000000,0.000000,0.000000,0.000000,0.000000,0.096356,go_to_bathroom,1,15,7428,door,none,,,0.000000,1.000000,0,none,,8.262116,8.262116,completed,0,5,clear,17.000000
18,1124,3448247389,136,Day 6 03:48,none,,8.262116,8.262116,completed,0.005000,0.275864,0.000000,0.952894,0.512500,0.000000,0.455762,0.065000,0.000000,10,1,1,1,0,0,0,1,1,1,1,1,0,0,0,1,1,0.225803,0.000000,0.189644,0.000000,0.000000,0.000000,0.196894,0.000000,0.000000,0.268433,0.000000,0.000000,0.000000,0.000000,0.000000,0.119227,use_phone,1,25,7453,phone,none,,,0.000000,1.000000,0,none,,8.262116,8.262116,completed,0,5,clear,17.000000
18,1124,3448247389,137,Day 6 04:13,none,,8.262116,8.262116,completed,0.000000,0.373759,0.000000,0.984561,0.533333,0.016667,0.455762,0.160000,0.085000,10,1,1,1,0,0,0,1,1,1,1,1,0,0,0,1,1,0.202100,0.000000,0.174351,0.000000,0.000000,0.000000,0.238590,0.000000,0.000000,0.269449,0.000000,0.000000,0.000000,0.000000,0.000000,0.115510,get_meal,1,35,7488,door,none,,,0.000000,1.000000,0,none,,8.262116,8.262116,completed,0,5,clear,17.000000
18,1124,3448247389,138,Day 6 04:48,none,,8.262116,8.262116,completed,0.000000,0.387759,0.000000,1.000000,0.012500,0.040000,0.455762,0.125000,0.064000,10,1,1,1,0,0,0,1,1,1,1,1,0,0,0,1,1,0.279859,0.000000,0.241870,0.000000,0.000000,0.000000,0.320897,0.000000,0.000000,0.000000,0.000000,0.000000,0.000000,0.000000,0.000000,0.157375,use_phone,1,25,7513,phone,none,,,0.000000,1.000000,0,none,,8.262116,8.262116,completed,0,5,clear,17.000000
18,1124,3448247389,139,Day 6 05:13,none,,8.262116,8.262116,completed,0.000000,0.485653,0.000000,1.000000,0.033333,0.056667,0.455762,0.220000,0.149000,10,1,1,1,0,0,0,1,1,1,1,1,0,0,0,1,1,0.149166,0.121361,0.132201,0.000000,0.000000,0.000000,0.230187,0.276745,0.000000,0.000000,0.000000,0.000000,0.000000,0.000000,0.000000,0.090339,rest_at_bed,1,60,7573,bed,none,,,0.000000,1.000000,0,none,,8.262116,8.262116,completed,0,5,clear,17.000000
18,1124,3448247389,140,Day 6 06:13,none,,8.262116,8.262116,completed,0.060000,0.239530,0.000000,1.000000,0.083333,0.096667,0.455762,0.020000,0.113000,10,1,1,1,0,0,0,1,1,1,1,1,0,0,0,1,1,0.331069,0.000000,0.270337,0.000000,0.000000,0.000000,0.238616,0.000000,0.000000,0.000000,0.000000,0.000000,0.000000,0.000000,0.000000,0.159977,use_computer,1,30,7603,computer,none,,,0.000000,1.000000,0,none,,8.262116,8.262116,completed,0,5,clear,17.000000
18,1124,3448247389,141,Day 6 06:43,none,,8.262116,8.262116,completed,0.000000,0.358177,0.000000,0.990000,0.108333,0.116667,0.455762,0.100000,0.095000,10,1,1,1,0,0,0,1,1,1,1,1,0,0,0,1,1,0.288784,0.000000,0.247728,0.000000,0.000000,0.000000,0.304367,0.000000,0.000000,0.000000,0.000000,0.000000,0.000000,0.000000,0.000000,0.159120,idle,1,10,7613,,none,,,0.000000,1.000000,0,none,,8.262116,8.262116,completed,0,5,clear,17.000000
18,1124,3448247389,142,Day 6 06:53,none,,8.262116,8.262116,completed,0.123333,0.362177,0.000000,0.936667,0.116667,0.123333,0.455762,0.090000,0.089000,10,1,1,1,0,0,0,1,1,1,1,1,0,0,0,1,1,0.311607,0.000000,0.256607,0.000000,0.000000,0.000000,0.280967,0.000000,0.000000,0.000000,0.000000,0.000000,0.000000,0.000000,0.000000,0.150819,rest_at_bed,1,60,7673,bed,none,alarm-rings,,0.000000,1.000000,0,none,,8.262116,8.262116,completed,0,5,clear,17.000000
18,1124,3448247389,143,Day 6 07:53,none,,8.262116,8.262116,completed,0.213333,0.116054,0.000000,0.966667,0.166667,0.163333,0.501347,0.000000,0.053000,11,1,1,1,0,0,0,1,1,1,1,1,0,1,0,1,1,0.216942,0.000000,0.163614,0.000000,0.000000,0.000000,0.102787,0.000000,0.106184,0.105490,0.000000,0.000000,0.218619,0.000000,0.000000,0.086364,use_phone,1,25,7698,phone,none,,,0.000000,1.000000,0,none,,8.262116,8.262116,completed,0,5,clear,17.000000
18,1124,3448247389,144,Day 6 08:18,none,,8.262116,8.262116,completed,0.001667,0.213948,0.000000,0.998333,0.187500,0.180000,0.501347,0.095000,0.138000,11,1,1,1,0,0,0,1,1,1,1,1,0,1,0,1,1,0.149711,0.104813,0.124303,0.000000,0.000000,0.000000,0.123010,0.000000,0.104669,0.104576,0.000000,0.000000,0.209371,0.000000,0.000000,0.079547,use_computer,1,30,7728,computer,none,,,0.000000,1.000000,0,none,,8.262116,8.262116,completed,0,5,clear,17.000000
18,1124,3448247389,145,Day 6 08:48,none,,8.262116,8.262116,completed,0.000000,0.332596,0.000000,0.988333,0.212500,0.200000,0.501347,0.175000,0.120000,11,1,1,1,0,0,0,1,1,1,1,1,0,1,0,1,1,0.136228,0.099340,0.116523,0.000000,0.000000,0.000000,0.152633,0.000000,0.106007,0.106637,0.000000,0.000000,0.204832,0.000000,0.000000,0.077798,get_meal,1,35,7763,door,none,,,0.000000,1.000000,0,none,,8.262116,8.262116,completed,0,5,clear,17.000000
18,1124,3448247389,146,Day 6 09:23,none,,8.262116,8.262116,completed,0.000000,0.346596,0.000000,1.000000,0.000000,0.223333,0.501347,0.140000,0.099000,11,1,1,1,0,0,0,1,1,1,1,1,0,1,0,1,1,0.172904,0.000000,0.148162,0.000000,0.000000,0.000000,0.188160,0.000000,0.137835,0.000000,0.000000,0.000000,0.255787,0.000000,0.000000,0.097152,turn_off_alarm,1,1,7764,alarm,none,,,0.000000,1.000000,0,none,,8.262116,8.262116,completed,0,5,clear,17.000000
18,1124,3448247389,147,Day 6 09:24,none,,8.262116,8.262116,completed,0.000333,0.346996,0.000000,1.000000,0.000833,0.224000,0.481347,0.139000,0.098400,10,1,1,1,0,0,0,1,1,1,1,1,0,0,0,1,1,0.232202,0.000000,0.198962,0.000000,0.000000,0.000000,0.253311,0.000000,0.185160,0.000000,0.000000,0.000000,0.000000,0.000000,0.000000,0.130365,go_to_bathroom,1,15,7779,door,none,,,0.000000,1.000000,0,none,,8.262116,8.262116,completed,0,5,clear,17.000000
18,1124,3448247389,148,Day 6 09:39,none,,8.262116,8.262116,completed,0.005333,0.352996,0.000000,1.000000,0.013333,0.000000,0.481347,0.124000,0.089400,10,1,1,1,0,0,0,1,1,1,1,1,0,0,0,1,1,0.287215,0.000000,0.245877,0.000000,0.000000,0.000000,0.307586,0.000000,0.000000,0.000000,0.000000,0.000000,0.000000,0.000000,0.000000,0.159322,use_phone,1,25,7804,phone,none,,,0.000000,1.000000,0,none,,8.262116,8.262116,completed,0,5,clear,17.000000
18,1124,3448247389,149,Day 6 10:04,none,,8.262116,8.262116,completed,0.000000,0.450890,0.000000,1.000000,0.034167,0.016667,0.481347,0.219000,0.174400,10,1,1,1,0,0,0,1,1,1,1,1,0,0,0,1,1,0.154181,0.130068,0.135594,0.000000,0.000000,0.000000,0.223640,0.263906,0.000000,0.000000,0.000000,0.000000,0.000000,0.000000,0.000000,0.092610,use_phone,1,25,7829,phone,none,,,0.000000,1.000000,0,none,,8.262116,8.262116,completed,0,5,clear,17.000000
18,1124,3448247389,150,Day 6 10:29,none,,8.262116,8.262116,completed,0.000000,0.548785,0.000000,1.000000,0.055000,0.033333,0.481347,0.314000,0.259400,10,1,1,1,0,0,0,1,1,1,1,1,0,0,0,1,1,0.124271,0.131022,0.112073,0.000000,0.000000,0.000000,0.242589,0.309653,0.000000,0.000000,0.000000,0.000000,0.000000,0.000000,0.000000,0.080391,sleep_at_bed,1,450,8279,bed,none,message-study-group|weather-rain|room-temperature-shift,,0.000000,1.000000,0,none,,8.262116,8.262116,completed,0,6,rain,17.000000
18,1124,3448247389,151,Day 6 17:59,none,,8.262116,8.262116,completed,0.070000,0.216185,0.000000,0.930000,0.430000,0.333333,0.481347,0.000000,0.000000,10,1,1,1,0,0,0,1,1,1,1,1,0,0,0,1,1,0.214901,0.000000,0.173863,0.000000,0.000000,0.000000,0.142466,0.000000,0.171374,0.196253,0.000000,0.000000,0.000000,0.000000,0.000000,0.101142,use_computer,1,30,8309,computer,none,,,0.000000,1.000000,0,none,,8.262116,8.262116,completed,0,6,rain,17.000000
18,1124,3448247389,152,Day 6 18:29,none,,8.262116,8.262116,completed,0.000000,0.334833,0.000000,0.920000,0.455000,0.353333,0.481347,0.080000,0.000000,10,1,1,1,0,0,0,1,1,1,1,1,0,0,0,1,1,0.183486,0.000000,0.156474,0.000000,0.000000,0.000000,0.180020,0.000000,0.176752,0.203793,0.000000,0.000000,0.000000,0.000000,0.000000,0.099475,use_computer,1,30,8339,computer,none,,,0.000000,1.000000,0,none,,8.262116,8.262116,completed,0,6,rain,17.000000
18,1124,3448247389,153,Day 6 18:59,none,,8.262116,8.262116,completed,0.000000,0.453481,0.000000,0.910000,0.480000,0.373333,0.481347,0.160000,0.000000,10,1,1,1,0,0,0,1,1,1,1,1,0,0,0,1,1,0.130332,0.000000,0.114437,0.000000,0.000000,0.000000,0.174020,0.204038,0.139461,0.161895,0.000000,0.000000,0.000000,0.000000,0.000000,0.075816,get_meal,1,35,8374,door,none,evening,,0.000000,1.000000,0,none,,8.262116,8.262116,completed,0,6,rain,17.000000
18,1124,3448247389,154,Day 6 19:34,none,,8.262116,8.262116,completed,0.000000,0.467481,0.000000,1.000000,0.000000,0.396667,0.481347,0.125000,0.000000,10,1,1,1,0,0,0,1,1,1,1,1,0,0,0,1,1,0.156926,0.000000,0.138037,0.000000,0.000000,0.000000,0.203509,0.239693,0.172021,0.000000,0.000000,0.000000,0.000000,0.000000,0.000000,0.089815,use_computer,1,30,8404,computer,none,,,0.000000,1.000000,0,none,,8.262116,8.262116,completed,0,6,rain,17.000000
18,1124,3448247389,155,Day 6 20:04,none,,8.262116,8.262116,completed,0.000000,0.586129,0.000000,0.990000,0.025000,0.416667,0.481347,0.205000,0.000000,10,1,1,1,0,0,0,1,1,1,1,1,0,0,0,1,1,0.128576,0.000000,0.116449,0.000000,0.000000,0.000000,0.226922,0.292531,0.156561,0.000000,0.000000,0.000000,0.000000,0.000000,0.000000,0.078961,go_to_bathroom,1,15,8419,door,none,,,0.000000,1.000000,0,none,,8.262116,8.262116,completed,0,6,rain,17.000000
18,1124,3448247389,156,Day 6 20:19,none,,8.262116,8.262116,completed,0.005000,0.592129,0.000000,1.000000,0.037500,0.000000,0.481347,0.190000,0.000000,10,1,1,1,0,0,0,1,1,1,1,1,0,0,0,1,1,0.154273,0.000000,0.139596,0.000000,0.000000,0.000000,0.267288,0.345235,0.000000,0.000000,0.000000,0.000000,0.000000,0.000000,0.000000,0.093609,sleep_at_bed,1,480,8899,bed,none,,,0.000000,1.000000,0,none,,8.262116,8.262116,completed,0,6,rain,17.000000
18,1124,3448247389,157,Day 7 04:19,none,,8.262116,8.262116,completed,0.085000,0.269508,0.000000,0.920000,0.437500,0.320000,0.481347,0.000000,0.000000,10,1,1,1,0,0,0,1,1,1,1,1,0,0,0,1,1,0.213391,0.000000,0.173813,0.000000,0.000000,0.000000,0.151347,0.000000,0.165263,0.196096,0.000000,0.000000,0.000000,0.000000,0.000000,0.100090,idle,1,10,8909,,none,,,0.000000,1.000000,0,none,,8.262116,8.262116,completed,0,6,rain,17.000000
18,1124,3448247389,158,Day 7 04:29,none,,8.262116,8.262116,completed,0.208333,0.273508,0.000000,0.866667,0.445833,0.326667,0.481347,0.000000,0.000000,10,1,1,1,0,0,0,1,1,1,1,1,0,0,0,1,1,0.232925,0.000000,0.182197,0.000000,0.000000,0.000000,0.143430,0.000000,0.157564,0.187384,0.000000,0.000000,0.000000,0.000000,0.000000,0.096500,use_computer,1,30,8939,computer,none,,,0.000000,1.000000,0,none,,8.262116,8.262116,completed,0,6,rain,17.000000
18,1124,3448247389,159,Day 7 04:59,none,,8.262116,8.262116,completed,0.058333,0.392155,0.000000,0.856667,0.470833,0.346667,0.481347,0.080000,0.000000,10,1,1,1,0,0,0,1,1,1,1,1,0,0,0,1,1,0.187141,0.000000,0.158496,0.000000,0.000000,0.000000,0.187696,0.000000,0.168298,0.201517,0.000000,0.000000,0.000000,0.000000,0.000000,0.096852,use_computer,1,30,8969,computer,none,,,0.000000,1.000000,0,none,,8.262116,8.262116,completed,0,6,rain,17.000000
18,1124,3448247389,160,Day 7 05:29,none,,8.262116,8.262116,completed,0.000000,0.510803,0.000000,0.846667,0.495833,0.366667,0.481347,0.160000,0.000000,10,1,1,1,0,0,0,1,1,1,1,1,0,0,0,1,1,0.123640,0.000000,0.109946,0.000000,0.000000,0.000000,0.180974,0.220474,0.132449,0.159676,0.000000,0.000000,0.000000,0.000000,0.000000,0.072841,get_meal,1,35,9004,door,none,,,0.000000,1.000000,0,none,,8.262116,8.262116,completed,0,6,rain,17.000000
18,1124,3448247389,161,Day 7 06:04,none,,8.262116,8.262116,completed,0.000000,0.524803,0.000000,0.952894,0.000000,0.390000,0.481347,0.125000,0.000000,10,1,1,1,0,0,0,1,1,1,1,1,0,0,0,1,1,0.148602,0.000000,0.132382,0.000000,0.000000,0.000000,0.211263,0.258538,0.163080,0.000000,0.000000,0.000000,0.000000,0.000000,0.000000,0.086135,use_phone,1,25,9029,phone,none,,,0.000000,1.000000,0,none,,8.262116,8.262116,completed,0,6,rain,17.000000
18,1124,3448247389,162,Day 7 06:29,none,,8.262116,8.262116,completed,0.000000,0.622698,0.000000,0.984561,0.020833,0.406667,0.481347,0.220000,0.085000,10,1,1,1,0,0,0,1,1,1,1,1,0,0,0,1,1,0.121946,0.000000,0.111403,0.000000,0.000000,0.000000,0.233319,0.308855,0.148350,0.000000,0.000000,0.000000,0.000000,0.000000,0.000000,0.076127,go_to_bathroom,1,15,9044,door,none,,,0.000000,1.000000,0,none,,8.262116,8.262116,completed,0,6,rain,17.000000
18,1124,3448247389,163,Day 7 06:44,none,,8.262116,8.262116,completed,0.005000,0.628698,0.000000,1.000000,0.033333,0.000000,0.481347,0.205000,0.076000,10,1,1,1,0,0,0,1,1,1,1,1,0,0,0,1,1,0.144950,0.000000,0.132298,0.000000,0.000000,0.000000,0.272254,0.361093,0.000000,0.000000,0.000000,0.000000,0.000000,0.000000,0.000000,0.089405,use_computer,1,30,9074,computer,none,,,0.000000,1.000000,0,none,,8.262116,8.262116,completed,0,6,rain,17.000000
18,1124,3448247389,164,Day 7 07:14,none,,8.262116,8.262116,completed,0.000000,0.747345,0.000000,0.990000,0.058333,0.020000,0.481347,0.285000,0.058000,10,1,1,1,0,0,0,1,1,1,1,1,0,0,0,1,1,0.102133,0.000000,0.096139,0.000000,0.000000,0.000000,0.262633,0.381256,0.000000,0.000000,0.000000,0.000000,0.000000,0.000000,0.089902,0.067937,rest_at_bed,1,60,9134,bed,none,,,0.000000,1.000000,0,none,,8.262116,8.262116,completed,0,6,rain,17.000000
18,1124,3448247389,165,Day 7 08:14,none,,8.262116,8.262116,completed,0.060000,0.501222,0.000000,1.000000,0.108333,0.060000,0.481347,0.085000,0.022000,10,1,1,1,0,0,0,1,1,1,1,1,0,0,0,1,1,0.198495,0.000000,0.172151,0.000000,0.000000,0.000000,0.238400,0.285606,0.000000,0.000000,0.000000,0.000000,0.000000,0.000000,0.000000,0.105348,use_phone,1,25,9159,phone,none,alarm-rings,,0.000000,1.000000,0,none,,8.262116,8.262116,completed,0,6,rain,17.000000
18,1124,3448247389,166,Day 7 08:39,none,,8.262116,8.262116,completed,0.000000,0.599116,0.000000,1.000000,0.129167,0.076667,0.526931,0.180000,0.107000,11,1,1,1,0,0,0,1,1,1,1,1,0,1,0,1,1,0.123364,0.000000,0.111946,0.000000,0.000000,0.000000,0.212468,0.277653,0.000000,0.000000,0.000000,0.000000,0.199634,0.000000,0.000000,0.074935,rest_at_bed,1,60,9219,bed,none,,,0.000000,1.000000,0,none,,8.262116,8.262116,completed,0,6,rain,17.000000
18,1124,3448247389,167,Day 7 09:39,none,,8.262116,8.262116,completed,0.060000,0.352993,0.000000,1.000000,0.179167,0.116667,0.526931,0.000000,0.071000,11,1,1,1,0,0,0,1,1,1,1,1,0,1,0,1,1,0.197045,0.000000,0.164865,0.000000,0.000000,0.000000,0.163248,0.000000,0.000000,0.123864,0.000000,0.000000,0.254417,0.000000,0.000000,0.096561,get_meal,1,35,9254,door,none,,,0.000000,1.000000,0,none,,8.262116,8.262116,completed,0,6,rain,17.000000
18,1124,3448247389,168,Day 7 10:14,none,,8.262116,8.262116,completed,0.031667,0.366993,0.000000,1.000000,0.000000,0.140000,0.526931,0.000000,0.050000,11,1,1,1,0,0,0,1,1,1,1,1,0,1,0,1,1,0.192779,0.000000,0.163341,0.000000,0.000000,0.000000,0.168977,0.000000,0.119078,0.000000,0.000000,0.000000,0.258300,0.000000,0.000000,0.097524,use_computer,1,30,9284,computer,none,,,0.000000,1.000000,0,none,,8.262116,8.262116,completed,0,6,rain,17.000000
18,1124,3448247389,169,Day 7 10:44,none,,8.262116,8.262116,completed,0.000000,0.485641,0.000000,0.990000,0.025000,0.160000,0.526931,0.080000,0.032000,11,1,1,1,0,0,0,1,1,1,1,1,0,1,0,1,1,0.169861,0.000000,0.149767,0.000000,0.000000,0.000000,0.210458,0.000000,0.121054,0.000000,0.000000,0.000000,0.253649,0.000000,0.000000,0.095211,use_phone,1,25,9309,phone,none,,,0.000000,1.000000,0,none,,8.262116,8.262116,completed,0,6,rain,17.000000
18,1124,3448247389,170,Day 7 11:09,none,,8.262116,8.262116,completed,0.000000,0.583535,0.000000,1.000000,0.045833,0.176667,0.526931,0.175000,0.117000,11,1,1,1,0,0,0,1,1,1,1,1,0,1,0,1,1,0.114567,0.000000,0.103587,0.000000,0.000000,0.000000,0.191036,0.246891,0.090508,0.000000,0.000000,0.000000,0.184251,0.000000,0.000000,0.069161,sleep_at_bed,1,313,9622,bed,none,weather-rain|message-study-group|room-temperature-shift,,0.000000,1.000000,0,none,,8.262116,8.262116,completed,0,7,rain,17.000000
18,1124,3448247389,171,Day 7 16:22,none,,8.262116,8.262116,completed,0.024333,0.205370,0.000000,0.975667,0.306667,0.385333,0.526931,0.000000,0.000000,11,1,1,1,0,0,0,1,1,1,1,1,0,1,0,1,1,0.166617,0.000000,0.136553,0.000000,0.000000,0.000000,0.113702,0.000000,0.153193,0.130690,0.000000,0.000000,0.217308,0.000000,0.000000,0.081936,use_phone,1,25,9647,phone,none,,,0.000000,1.000000,0,none,,8.262116,8.262116,completed,0,7,rain,17.000000
18,1124,3448247389,172,Day 7 16:47,none,,8.262116,8.262116,completed,0.000000,0.303264,0.000000,1.000000,0.327500,0.402000,0.526931,0.095000,0.085000,11,1,1,1,0,0,0,1,1,1,1,1,0,1,0,1,1,0.148553,0.000000,0.125873,0.000000,0.000000,0.000000,0.140467,0.000000,0.155885,0.133743,0.000000,0.000000,0.214837,0.000000,0.000000,0.080642,turn_off_alarm,1,1,9648,alarm,none,,,0.000000,1.000000,0,none,,8.262116,8.262116,completed,0,7,rain,17.000000
18,1124,3448247389,173,Day 7 16:48,none,,8.262116,8.262116,completed,0.000333,0.303664,0.000000,1.000000,0.328333,0.402667,0.506931,0.094000,0.084400,10,1,1,1,0,0,0,1,1,1,1,1,0,0,0,1,1,0.189107,0.000000,0.160225,0.000000,0.000000,0.000000,0.179253,0.000000,0.198498,0.170342,0.000000,0.000000,0.000000,0.000000,0.000000,0.102574,get_meal,1,35,9683,door,none,,,0.000000,1.000000,0,none,,8.262116,8.262116,completed,0,7,rain,17.000000
18,1124,3448247389,174,Day 7 17:23,none,,8.262116,8.262116,completed,0.000000,0.317664,0.000000,1.000000,0.000000,0.426000,0.506931,0.059000,0.063400,10,1,1,1,0,0,0,1,1,1,1,1,0,0,0,1,1,0.228336,0.000000,0.193834,0.000000,0.000000,0.000000,0.210303,0.000000,0.245629,0.000000,0.000000,0.000000,0.000000,0.000000,0.000000,0.121897,rest_at_bed,1,60,9743,bed,none,evening,,0.000000,1.000000,0,none,,8.262116,8.262116,completed,0,7,rain,17.000000
18,1124,3448247389,175,Day 7 18:23,none,,8.262116,8.262116,completed,0.060000,0.071541,0.000000,1.000000,0.050000,0.466000,0.506931,0.000000,0.027400,10,1,1,1,0,0,0,1,1,1,1,1,0,0,0,1,1,0.309582,0.000000,0.243395,0.000000,0.000000,0.000000,0.000000,0.000000,0.304468,0.000000,0.000000,0.000000,0.000000,0.000000,0.000000,0.142555,use_phone,1,25,9768,phone,none,,,0.000000,1.000000,0,none,,8.262116,8.262116,completed,0,7,rain,17.000000
18,1124,3448247389,176,Day 7 18:48,none,,8.262116,8.262116,completed,0.000000,0.169435,0.000000,1.000000,0.070833,0.482667,0.506931,0.095000,0.112400,10,1,1,1,0,0,0,1,1,1,1,1,0,0,0,1,1,0.233271,0.000000,0.191892,0.000000,0.000000,0.000000,0.178638,0.000000,0.273262,0.000000,0.000000,0.000000,0.000000,0.000000,0.000000,0.122938,use_phone,1,25,9793,phone,none,,,0.000000,1.000000,0,none,,8.262116,8.262116,completed,0,7,rain,17.000000
18,1124,3448247389,177,Day 7 19:13,none,,8.262116,8.262116,completed,0.000000,0.267329,0.000000,1.000000,0.091667,0.499333,0.506931,0.190000,0.197400,10,1,1,1,0,0,0,1,1,1,1,1,0,0,0,1,1,0.179525,0.148992,0.151441,0.000000,0.000000,0.000000,0.185022,0.000000,0.233123,0.000000,0.000000,0.000000,0.000000,0.000000,0.000000,0.101897,shop_on_phone,0,0,9793,phone,resource_insufficient,,,0.000000,1.000000,0,none,,8.262116,8.262116,completed,0,7,rain,17.000000
18,1124,3448247389,178,Day 7 19:13,none,,8.262116,8.262116,completed,0.000000,0.267329,0.000000,0.970000,0.091667,0.499333,0.536931,0.190000,0.197400,10,1,1,1,0,0,0,1,1,1,1,1,0,0,0,1,1,0.179709,0.149144,0.151596,0.000000,0.000000,0.000000,0.184189,0.000000,0.233361,0.000000,0.000000,0.000000,0.000000,0.000000,0.000000,0.102001,shop_on_phone,0,0,9793,phone,resource_insufficient,,,0.000000,1.000000,0,none,,8.262116,8.262116,completed,0,7,rain,17.000000
18,1124,3448247389,179,Day 7 19:13,none,,8.262116,8.262116,completed,0.000000,0.267329,0.000000,0.940000,0.091667,0.499333,0.566931,0.190000,0.197400,10,1,1,1,0,0,0,1,1,1,1,1,0,0,0,1,1,0.179891,0.149295,0.151750,0.000000,0.000000,0.000000,0.183360,0.000000,0.233598,0.000000,0.000000,0.000000,0.000000,0.000000,0.000000,0.102105,shop_on_phone,0,0,9793,phone,resource_insufficient,,,0.000000,1.000000,0,none,,8.262116,8.262116,completed,0,7,rain,17.000000
18,1124,3448247389,180,Day 7 19:13,none,,8.262116,8.262116,completed,0.000000,0.267329,0.000000,0.910000,0.091667,0.499333,0.596931,0.190000,0.197400,10,1,1,1,0,0,0,1,1,1,1,1,0,0,0,1,1,0.180073,0.149446,0.151903,0.000000,0.000000,0.000000,0.182534,0.000000,0.233835,0.000000,0.000000,0.000000,0.000000,0.000000,0.000000,0.102208,rest_at_bed,1,60,9853,bed,none,,,0.000000,1.000000,0,none,,8.262116,8.262116,completed,0,7,rain,17.000000
18,1124,3448247389,181,Day 7 20:13,none,,8.262116,8.262116,completed,0.060000,0.021206,0.000000,0.940000,0.141667,0.539333,0.596931,0.000000,0.161400,10,1,1,1,0,0,0,1,1,1,1,1,0,0,0,1,1,0.252532,0.157267,0.196344,0.000000,0.000000,0.000000,0.000000,0.000000,0.278859,0.000000,0.000000,0.000000,0.000000,0.000000,0.000000,0.114998,use_phone,1,25,9878,phone,none,,,0.000000,1.000000,0,none,,8.262116,8.262116,completed,0,7,rain,17.000000
18,1124,3448247389,182,Day 7 20:38,none,,8.262116,8.262116,completed,0.000000,0.119100,0.000000,0.971667,0.162500,0.556000,0.596931,0.095000,0.246400,10,1,1,1,0,0,0,1,1,1,1,1,0,0,0,1,1,0.171448,0.142357,0.139474,0.000000,0.000000,0.000000,0.119123,0.000000,0.225503,0.112739,0.000000,0.000000,0.000000,0.000000,0.000000,0.089356,get_meal,1,35,9913,door,none,,,0.000000,1.000000,0,none,,8.262116,8.262116,completed,0,7,rain,17.000000
18,1124,3448247389,183,Day 7 21:13,none,,8.262116,8.262116,completed,0.000000,0.133100,0.000000,1.000000,0.000000,0.579333,0.596931,0.060000,0.225400,10,1,1,1,0,0,0,1,1,1,1,1,0,0,0,1,1,0.194648,0.153275,0.158634,0.000000,0.000000,0.000000,0.131357,0.000000,0.262274,0.000000,0.000000,0.000000,0.000000,0.000000,0.000000,0.099812,go_to_bathroom,1,15,9928,door,none,,,0.000000,1.000000,0,none,,8.262116,8.262116,completed,0,7,rain,17.000000
18,1124,3448247389,184,Day 7 21:28,none,,8.262116,8.262116,completed,0.005000,0.139100,0.000000,1.000000,0.012500,0.000000,0.596931,0.045000,0.216400,10,1,1,1,0,0,0,1,1,1,1,1,0,0,0,1,1,0.266738,0.204220,0.217190,0.000000,0.000000,0.000000,0.176710,0.000000,0.000000,0.000000,0.000000,0.000000,0.000000,0.000000,0.000000,0.135143,idle,1,10,9938,,none,,,0.000000,1.000000,0,none,,8.262116,8.262116,completed,0,7,rain,17.000000
18,1124,3448247389,185,Day 7 21:38,none,,8.262116,8.262116,completed,0.128333,0.143100,0.000000,0.946667,0.020833,0.006667,0.596931,0.035000,0.210400,10,1,1,1,0,0,0,1,1,1,1,1,0,0,0,1,1,0.289546,0.191166,0.226324,0.000000,0.000000,0.000000,0.164104,0.000000,0.000000,0.000000,0.000000,0.000000,0.000000,0.000000,0.000000,0.128861,use_phone,1,25,9963,phone,none,,,0.000000,1.000000,0,none,,8.262116,8.262116,completed,0,7,rain,17.000000
18,1124,3448247389,186,Day 7 22:03,none,,8.262116,8.262116,completed,0.000000,0.240994,0.000000,0.978333,0.041667,0.023333,0.596931,0.130000,0.295400,10,1,1,1,0,0,0,1,1,1,1,1,0,0,0,1,1,0.236980,0.224555,0.198308,0.000000,0.000000,0.000000,0.210793,0.000000,0.000000,0.000000,0.000000,0.000000,0.000000,0.000000,0.000000,0.129364,idle,1,10,9973,,none,,,0.000000,1.000000,0,none,,8.262116,8.262116,completed,0,7,rain,17.000000
18,1124,3448247389,187,Day 7 22:13,none,,8.262116,8.262116,completed,0.123333,0.244994,0.000000,0.925000,0.050000,0.030000,0.596931,0.120000,0.289400,10,1,1,1,0,0,0,1,1,1,1,1,0,0,0,1,1,0.259005,0.211640,0.208064,0.000000,0.000000,0.000000,0.197095,0.000000,0.000000,0.000000,0.000000,0.000000,0.000000,0.000000,0.000000,0.124195,idle,1,10,9983,,none,,,0.000000,1.000000,0,none,,8.262116,8.262116,completed,0,7,rain,17.000000
18,1124,3448247389,188,Day 7 22:23,none,,8.262116,8.262116,completed,0.246667,0.248994,0.000000,0.871667,0.058333,0.036667,0.596931,0.110000,0.283400,10,1,1,1,0,0,0,1,1,1,1,1,0,0,0,1,1,0.281846,0.198601,0.217351,0.000000,0.000000,0.000000,0.183487,0.000000,0.000000,0.000000,0.000000,0.000000,0.000000,0.000000,0.000000,0.118715,use_phone,1,25,10008,phone,none,,,0.000000,1.000000,0,none,,8.262116,8.262116,completed,0,7,rain,17.000000
18,1124,3448247389,189,Day 7 22:48,none,,8.262116,8.262116,completed,0.035000,0.346889,0.000000,0.903333,0.079167,0.053333,0.596931,0.205000,0.368400,10,1,1,1,0,0,0,1,1,1,1,1,0,0,0,1,1,0.215215,0.238108,0.182715,0.000000,0.000000,0.000000,0.242973,0.000000,0.000000,0.000000,0.000000,0.000000,0.000000,0.000000,0.000000,0.120989,use_computer,1,30,10038,computer,none,,,0.000000,1.000000,0,none,,8.262116,8.262116,completed,0,7,rain,17.000000
18,1124,3448247389,190,Day 7 23:18,none,,8.262116,8.262116,completed,0.000000,0.465536,0.000000,0.893333,0.104167,0.073333,0.596931,0.285000,0.350400,10,1,1,1,0,0,0,1,1,1,1,1,0,0,0,1,1,0.137467,0.164211,0.121583,0.000000,0.000000,0.000000,0.220252,0.270571,0.000000,0.000000,0.000000,0.000000,0.000000,0.000000,0.000000,0.085917,sleep_at_bed,1,480,10518,bed,none,,,0.000000,1.000000,0,none,,8.262116,8.262116,completed,0,7,rain,17.000000
18,1124,3448247389,191,Day 8 07:18,none,,8.262116,8.262116,completed,0.080000,0.142915,0.000000,0.813333,0.504167,0.393333,0.596931,0.000000,0.062400,10,1,1,1,0,0,0,1,1,1,1,1,0,0,0,1,1,0.213398,0.000000,0.169303,0.000000,0.000000,0.000000,0.121674,0.000000,0.183557,0.214244,0.000000,0.000000,0.000000,0.000000,0.000000,0.097824,use_phone,1,25,10543,phone,none,,,0.000000,1.000000,0,none,,8.262116,8.262116,completed,0,7,rain,17.000000
18,1124,3448247389,192,Day 8 07:43,none,,8.262116,8.262116,completed,0.000000,0.240810,0.000000,0.845000,0.525000,0.410000,0.596931,0.095000,0.147400,10,1,1,1,0,0,0,1,1,1,1,1,0,0,0,1,1,0.160926,0.115423,0.134486,0.000000,0.000000,0.000000,0.135904,0.000000,0.168874,0.198228,0.000000,0.000000,0.000000,0.000000,0.000000,0.086160,get_meal,1,35,10578,door,none,,,0.000000,1.000000,0,none,,8.262116,8.262116,completed,0,7,rain,17.000000
18,1124,3448247389,193,Day 8 08:18,none,,8.262116,8.262116,completed,0.000000,0.254810,0.000000,0.951227,0.004167,0.433333,0.596931,0.060000,0.126400,10,1,1,1,0,0,0,1,1,1,1,1,0,0,0,1,1,0.202451,0.137709,0.169494,0.000000,0.000000,0.000000,0.166060,0.000000,0.217642,0.000000,0.000000,0.000000,0.000000,0.000000,0.000000,0.106645,use_phone,1,25,10603,phone,none,alarm-rings,,0.000000,1.000000,0,none,,8.262116,8.262116,completed,0,7,rain,17.000000
18,1124,3448247389,194,Day 8 08:43,none,,8.262116,8.262116,completed,0.000000,0.352704,0.000000,0.982894,0.025000,0.450000,0.642516,0.155000,0.211400,11,1,1,1,0,0,0,1,1,1,1,1,0,1,0,1,1,0.139735,0.118791,0.119967,0.000000,0.000000,0.000000,0.152963,0.000000,0.166521,0.000000,0.000000,0.000000,0.222747,0.000000,0.000000,0.079275,turn_off_alarm,1,1,10604,alarm,none,,,0.000000,1.000000,0,none,,8.262116,8.262116,completed,0,7,rain,17.000000
18,1124,3448247389,195,Day 8 08:44,none,,8.262116,8.262116,completed,0.000333,0.353104,0.000000,1.000000,0.025833,0.450667,0.622516,0.154000,0.210800,10,1,1,1,0,0,0,1,1,1,1,1,0,0,0,1,1,0.179751,0.152522,0.154313,0.000000,0.000000,0.000000,0.197250,0.000000,0.214270,0.000000,0.000000,0.000000,0.000000,0.000000,0.000000,0.101895,shop_on_phone,0,0,10604,phone,resource_insufficient,,,0.000000,1.000000,0,none,,8.262116,8.262116,completed,0,7,rain,17.000000
18,1124,3448247389,196,Day 8 08:44,none,,8.262116,8.262116,completed,0.000333,0.353104,0.000000,0.970000,0.025833,0.450667,0.652516,0.154000,0.210800,10,1,1,1,0,0,0,1,1,1,1,1,0,0,0,1,1,0.179946,0.152688,0.154481,0.000000,0.000000,0.000000,0.196376,0.000000,0.214503,0.000000,0.000000,0.000000,0.000000,0.000000,0.000000,0.102006,use_computer,1,30,10634,computer,none,,,0.000000,1.000000,0,none,,8.262116,8.262116,completed,0,7,rain,17.000000
18,1124,3448247389,197,Day 8 09:14,none,,8.262116,8.262116,completed,0.000000,0.471752,0.000000,0.960000,0.050833,0.470667,0.652516,0.234000,0.192800,10,1,1,1,0,0,0,1,1,1,1,1,0,0,0,1,1,0.124625,0.109987,0.110169,0.000000,0.000000,0.000000,0.185163,0.229142,0.165085,0.000000,0.000000,0.000000,0.000000,0.000000,0.000000,0.075829,sleep_at_bed,1,480,11114,bed,none,weather-clear|message-study-group,,0.000000,1.000000,0,none,,8.262116,8.262116,completed,0,8,clear,17.000000
18,1124,3448247389,198,Day 8 17:14,none,,8.262116,8.262116,completed,0.080000,0.149131,0.000000,0.880000,0.450833,0.790667,0.652516,0.000000,0.000000,10,1,1,1,0,0,0,1,1,1,1,1,0,0,0,1,1,0.183236,0.000000,0.145574,0.000000,0.000000,0.000000,0.104447,0.000000,0.313999,0.168632,0.000000,0.000000,0.000000,0.000000,0.000000,0.084113,use_phone,1,25,11139,phone,none,,,0.000000,1.000000,0,none,,8.262116,8.262116,completed,0,8,clear,17.000000
18,1124,3448247389,199,Day 8 17:39,none,,8.262116,8.262116,completed,0.000000,0.247025,0.000000,0.911667,0.471667,0.807333,0.652516,0.095000,0.085000,10,1,1,1,0,0,0,1,1,1,1,1,0,0,0,1,1,0.155351,0.000000,0.130006,0.000000,0.000000,0.000000,0.131159,0.000000,0.324780,0.175414,0.000000,0.000000,0.000000,0.000000,0.000000,0.083290,use_computer,1,30,11169,computer,none,evening,,0.000000,1.000000,0,none,,8.262116,8.262116,completed,0,8,clear,17.000000
18,1124,3448247389,200,Day 8 18:09,none,,8.262116,8.262116,completed,0.000000,0.365673,0.000000,0.901667,0.496667,0.827333,0.652516,0.175000,0.067000,10,1,1,1,0,0,0,1,1,1,1,1,0,0,0,1,1,0.139450,0.000000,0.120155,0.000000,0.000000,0.000000,0.160227,0.000000,0.323842,0.176103,0.000000,0.000000,0.000000,0.000000,0.000000,0.080223,go_to_bathroom,1,15,11184,door,none,,,0.000000,1.000000,0,none,,8.262116,8.262116,completed,0,8,clear,17.000000
18,1124,3448247389,201,Day 8 18:24,none,,8.262116,8.262116,completed,0.005000,0.371673,0.000000,0.974561,0.509167,0.217333,0.652516,0.160000,0.058000,10,1,1,1,0,0,0,1,1,1,1,1,0,0,0,1,1,0.177707,0.000000,0.152980,0.000000,0.000000,0.000000,0.200444,0.000000,0.141696,0.226163,0.000000,0.000000,0.000000,0.000000,0.000000,0.101009,get_meal,1,35,11219,door,none,,,0.000000,1.000000,0,none,,8.262116,8.262116,completed,0,8,clear,17.000000
18,1124,3448247389,202,Day 8 18:59,none,,8.262116,8.262116,completed,0.000000,0.385673,0.000000,1.000000,0.000000,0.240667,0.652516,0.125000,0.037000,10,1,1,1,0,0,0,1,1,1,1,1,0,0,0,1,1,0.229896,0.000000,0.198597,0.000000,0.000000,0.000000,0.253372,0.000000,0.188916,0.000000,0.000000,0.000000,0.000000,0.000000,0.000000,0.129219,idle,1,10,11229,,none,,,0.000000,1.000000,0,none,,8.262116,8.262116,completed,0,8,clear,17.000000
18,1124,3448247389,203,Day 8 19:09,none,,8.262116,8.262116,completed,0.123333,0.389673,0.000000,0.946667,0.008333,0.247333,0.652516,0.115000,0.031000,10,1,1,1,0,0,0,1,1,1,1,1,0,0,0,1,1,0.251276,0.000000,0.208379,0.000000,0.000000,0.000000,0.236921,0.000000,0.179360,0.000000,0.000000,0.000000,0.000000,0.000000,0.000000,0.124063,go_to_bathroom,1,15,11244,door,none,room-temperature-shift,,0.000000,1.000000,0,none,,8.262116,8.262116,completed,0,8,clear,17.000000
18,1124,3448247389,204,Day 8 19:24,none,,8.262116,8.262116,completed,0.128333,0.395673,0.000000,1.000000,0.020833,0.000000,0.652516,0.100000,0.022000,10,1,1,1,0,0,0,1,1,1,1,1,0,0,0,1,1,0.308455,0.000000,0.255566,0.000000,0.000000,0.000000,0.285507,0.000000,0.000000,0.000000,0.000000,0.000000,0.000000,0.000000,0.000000,0.150472,use_computer,1,30,11274,computer,none,,,0.000000,1.000000,0,none,,8.262116,8.262116,completed,0,8,clear,17.000000
18,1124,3448247389,205,Day 8 19:54,none,,8.262116,8.262116,completed,0.000000,0.514320,0.000000,0.990000,0.045833,0.020000,0.652516,0.180000,0.004000,10,1,1,1,0,0,0,1,1,1,1,1,0,0,0,1,1,0.172054,0.000000,0.153230,0.000000,0.000000,0.000000,0.252743,0.319403,0.000000,0.000000,0.000000,0.000000,0.000000,0.000000,0.000000,0.102570,use_computer,1,30,11304,computer,none,,,0.000000,1.000000,0,none,,8.262116,8.262116,completed,0,8,clear,17.000000
18,1124,3448247389,206,Day 8 20:24,none,,8.262116,8.262116,completed,0.000000,0.632968,0.000000,0.980000,0.070833,0.040000,0.652516,0.260000,0.000000,10,1,1,1,0,0,0,1,1,1,1,1,0,0,0,1,1,0.136594,0.000000,0.125252,0.000000,0.000000,0.000000,0.273070,0.377709,0.000000,0.000000,0.000000,0.000000,0.000000,0.000000,0.000000,0.087375,idle,1,10,11314,,none,,,0.000000,1.000000,0,none,,8.262116,8.262116,completed,0,8,clear,17.000000
18,1124,3448247389,207,Day 8 20:34,none,,8.262116,8.262116,completed,0.123333,0.636968,0.000000,0.926667,0.079167,0.046667,0.652516,0.250000,0.000000,10,1,1,1,0,0,0,1,1,1,1,1,0,0,0,1,1,0.153347,0.000000,0.134986,0.000000,0.000000,0.000000,0.262267,0.363235,0.000000,0.000000,0.000000,0.000000,0.000000,0.000000,0.000000,0.086165,sleep_at_bed,1,480,11794,bed,none,,,0.000000,1.000000,0,none,,8.262116,8.262116,completed,0,8,clear,17.000000
18,1124,3448247389,208,Day 9 04:34,none,,8.262116,8.262116,completed,0.203333,0.314347,0.000000,0.846667,0.479167,0.366667,0.652516,0.000000,0.000000,10,1,1,1,0,0,0,1,1,1,1,1,0,0,0,1,1,0.224687,0.000000,0.177645,0.000000,0.000000,0.000000,0.143992,0.000000,0.165354,0.193914,0.000000,0.000000,0.000000,0.000000,0.000000,0.094408,use_computer,1,30,11824,computer,none,,,0.000000,1.000000,0,none,,8.262116,8.262116,completed,0,8,clear,17.000000
18,1124,3448247389,209,Day 9 05:04,none,,8.262116,8.262116,completed,0.053333,0.432995,0.000000,0.836667,0.504167,0.386667,0.652516,0.080000,0.000000,10,1,1,1,0,0,0,1,1,1,1,1,0,0,0,1,1,0.179911,0.000000,0.154012,0.000000,0.000000,0.000000,0.187793,0.000000,0.176020,0.207833,0.000000,0.000000,0.000000,0.000000,0.000000,0.094432,use_computer,1,30,11854,computer,none,,,0.000000,1.000000,0,none,,8.262116,8.262116,completed,0,8,clear,17.000000
18,1124,3448247389,210,Day 9 05:34,none,,8.262116,8.262116,completed,0.000000,0.551643,0.000000,0.826667,0.529167,0.406667,0.652516,0.160000,0.000000,10,1,1,1,0,0,0,1,1,1,1,1,0,0,0,1,1,0.117672,0.000000,0.105588,0.000000,0.000000,0.000000,0.178183,0.230226,0.136320,0.162057,0.000000,0.000000,0.000000,0.000000,0.000000,0.069954,sleep_at_bed,1,480,12334,bed,none,alarm-rings,,0.000000,1.000000,0,none,,8.262116,8.262116,completed,0,8,clear,17.000000
18,1124,3448247389,211,Day 9 13:34,none,,8.262116,8.262116,completed,0.110000,0.229021,0.000000,0.746667,0.929167,0.726667,0.698101,0.000000,0.000000,11,1,1,1,0,0,0,1,1,1,1,1,0,1,0,1,1,0.130607,0.000000,0.104555,0.000000,0.000000,0.000000,0.080951,0.000000,0.196713,0.260761,0.000000,0.000000,0.167217,0.000000,0.000000,0.059196,get_meal,1,35,12369,door,none,,,0.000000,1.000000,0,none,,8.262116,8.262116,completed,0,8,clear,17.000000
18,1124,3448247389,212,Day 9 14:09,none,,8.262116,8.262116,completed,0.081667,0.243021,0.000000,0.852894,0.408333,0.750000,0.698101,0.000000,0.000000,11,1,1,1,0,0,0,1,1,1,1,1,0,1,0,1,1,0.147836,0.000000,0.119847,0.000000,0.000000,0.000000,0.096944,0.000000,0.240586,0.129202,0.000000,0.000000,0.196415,0.000000,0.000000,0.069170,go_to_bathroom,1,15,12384,door,none,,,0.000000,1.000000,0,none,,8.262116,8.262116,completed,0,8,clear,17.000000
18,1124,3448247389,213,Day 9 14:24,none,,8.262116,8.262116,completed,0.086667,0.249021,0.000000,0.925788,0.420833,0.140000,0.698101,0.000000,0.000000,11,1,1,1,0,0,0,1,1,1,1,1,0,1,0,1,1,0.175174,0.000000,0.141959,0.000000,0.000000,0.000000,0.115289,0.000000,0.098696,0.155572,0.000000,0.000000,0.231654,0.000000,0.000000,0.081655,use_computer,1,30,12414,computer,none,message-study-group,,0.000000,1.000000,0,none,,8.262116,8.262116,completed,0,9,clear,17.000000
18,1124,3448247389,214,Day 9 14:54,none,,8.262116,8.262116,completed,0.000000,0.367669,0.000000,0.915788,0.445833,0.160000,0.698101,0.080000,0.000000,11,1,1,1,0,0,0,1,1,1,1,1,0,1,0,1,1,0.147729,0.000000,0.126900,0.000000,0.000000,0.000000,0.146791,0.000000,0.102570,0.162783,0.000000,0.000000,0.232554,0.000000,0.000000,0.080673,rest_at_bed,1,60,12474,bed,none,weather-clear,,0.000000,1.000000,0,none,,8.262116,8.262116,completed,0,9,clear,17.000000
18,1124,3448247389,215,Day 9 15:54,none,,8.262116,8.262116,completed,0.060000,0.121546,0.000000,0.945788,0.495833,0.200000,0.698101,0.000000,0.000000,11,1,1,1,0,0,0,1,1,1,1,1,0,1,0,1,1,0.191395,0.000000,0.152148,0.000000,0.000000,0.000000,0.000000,0.000000,0.120089,0.193198,0.000000,0.000000,0.254057,0.000000,0.000000,0.089112,get_meal,1,35,12509,door,none,,,0.000000,1.000000,0,none,,8.262116,8.262116,completed,0,9,clear,17.000000
18,1124,3448247389,216,Day 9 16:29,none,,8.262116,8.262116,completed,0.031667,0.135546,0.000000,1.000000,0.000000,0.223333,0.698101,0.000000,0.000000,11,1,1,1,0,0,0,1,1,1,1,1,0,1,0,1,1,0.202958,0.000000,0.163386,0.000000,0.000000,0.000000,0.118940,0.000000,0.137596,0.000000,0.000000,0.000000,0.279570,0.000000,0.000000,0.097551,use_computer,1,30,12539,computer,none,,,0.000000,1.000000,0,none,,8.262116,8.262116,completed,0,9,clear,17.000000
18,1124,3448247389,217,Day 9 16:59,none,,8.262116,8.262116,completed,0.000000,0.254194,0.000000,0.990000,0.025000,0.243333,0.698101,0.080000,0.000000,11,1,1,1,0,0,0,1,1,1,1,1,0,1,0,1,1,0.181291,0.000000,0.151870,0.000000,0.000000,0.000000,0.150176,0.000000,0.141803,0.000000,0.000000,0.000000,0.278314,0.000000,0.000000,0.096547,use_computer,1,30,12569,computer,none,,,0.000000,1.000000,0,none,,8.262116,8.262116,completed,0,9,clear,17.000000
18,1124,3448247389,218,Day 9 17:29,none,,8.262116,8.262116,completed,0.000000,0.372842,0.000000,0.980000,0.050000,0.263333,0.698101,0.160000,0.000000,11,1,1,1,0,0,0,1,1,1,1,1,0,1,0,1,1,0.164544,0.000000,0.141923,0.000000,0.000000,0.000000,0.185496,0.000000,0.142966,0.000000,0.000000,0.000000,0.271046,0.000000,0.000000,0.094026,use_phone,1,25,12594,phone,none,,,0.000000,1.000000,0,none,,8.262116,8.262116,completed,0,9,clear,17.000000
18,1124,3448247389,219,Day 9 17:54,none,,8.262116,8.262116,completed,0.000000,0.470736,0.000000,1.000000,0.070833,0.280000,0.698101,0.255000,0.085000,11,1,1,1,0,0,0,1,1,1,1,1,0,1,0,1,1,0.115581,0.000000,0.102231,0.000000,0.000000,0.000000,0.175358,0.219327,0.111322,0.000000,0.000000,0.000000,0.205050,0.000000,0.000000,0.071132,go_to_bathroom,1,15,12609,door,none,room-temperature-shift,,0.000000,1.000000,0,none,,8.262116,8.262116,completed,0,9,clear,24.000000
18,1124,3448247389,220,Day 9 18:09,none,,8.262116,8.262116,completed,0.005000,0.476736,0.000000,1.000000,0.083333,0.000000,0.698101,0.240000,0.076000,11,1,1,1,0,0,0,1,1,1,1,1,0,1,0,1,1,0.131599,0.000000,0.116293,0.000000,0.000000,0.000000,0.196003,0.245623,0.000000,0.000000,0.000000,0.000000,0.230461,0.000000,0.000000,0.080021,turn_off_alarm,1,1,12610,alarm,none,,,0.000000,1.000000,0,none,,8.262116,8.262116,completed,0,9,clear,24.000000
18,1124,3448247389,221,Day 9 18:10,none,,8.262116,8.262116,completed,0.005333,0.477136,0.000000,1.000000,0.084167,0.000667,0.678101,0.239000,0.075400,10,1,1,1,0,0,0,1,1,1,1,1,0,0,0,1,1,0.170979,0.000000,0.151084,0.000000,0.000000,0.000000,0.255281,0.318773,0.000000,0.000000,0.000000,0.000000,0.000000,0.000000,0.000000,0.103883,use_phone,1,25,12635,phone,none,,,0.000000,1.000000,0,none,,8.262116,8.262116,completed,0,9,clear,24.000000
18,1124,3448247389,222,Day 9 18:35,none,,8.262116,8.262116,completed,0.000000,0.575030,0.000000,1.000000,0.105000,0.017333,0.678101,0.334000,0.160400,10,1,1,1,0,0,0,1,1,1,1,1,0,0,0,1,1,0.121639,0.109674,0.110420,0.000000,0.000000,0.000000,0.245985,0.332256,0.000000,0.000000,0.000000,0.000000,0.000000,0.000000,0.000000,0.080027,sleep_at_bed,1,480,13115,bed,none,evening,,0.000000,1.000000,0,none,,8.262116,8.262116,completed,0,9,clear,24.000000
18,1124,3448247389,223,Day 10 02:35,none,,8.262116,8.262116,completed,0.080000,0.252409,0.000000,0.920000,0.505000,0.337333,0.678101,0.000000,0.000000,10,1,1,1,0,0,0,1,1,1,1,1,0,0,0,1,1,0.209128,0.000000,0.169982,0.000000,0.000000,0.000000,0.140010,0.000000,0.167264,0.215400,0.000000,0.000000,0.000000,0.000000,0.000000,0.098216,use_computer,1,30,13145,computer,none,,,0.000000,1.000000,0,none,,8.262116,8.262116,completed,0,9,clear,24.000000
18,1124,3448247389,224,Day 10 03:05,none,,8.262116,8.262116,completed,0.000000,0.371057,0.000000,0.910000,0.530000,0.357333,0.678101,0.080000,0.000000,10,1,1,1,0,0,0,1,1,1,1,1,0,0,0,1,1,0.176851,0.000000,0.152029,0.000000,0.000000,0.000000,0.177338,0.000000,0.172924,0.224209,0.000000,0.000000,0.000000,0.000000,0.000000,0.096649,use_phone,1,25,13170,phone,none,,,0.000000,1.000000,0,none,,8.262116,8.262116,completed,0,9,clear,24.000000
18,1124,3448247389,225,Day 10 03:30,none,,8.262116,8.262116,completed,0.000000,0.468951,0.000000,0.941667,0.550833,0.374000,0.678101,0.175000,0.085000,10,1,1,1,0,0,0,1,1,1,1,1,0,0,0,1,1,0.125344,0.000000,0.110495,0.000000,0.000000,0.000000,0.169152,0.208221,0.135860,0.177155,0.000000,0.000000,0.000000,0.000000,0.000000,0.073773,sleep_at_bed,1,480,13650,bed,none,alarm-rings|weather-rain,,0.000000,1.000000,0,none,,8.262116,8.262116,completed,0,9,rain,24.000000
18,1124,3448247389,226,Day 10 11:30,none,,8.262116,8.262116,completed,0.110000,0.146330,0.000000,0.861667,0.950833,0.694000,0.723685,0.000000,0.000000,11,1,1,1,0,0,0,1,1,1,1,1,0,1,0,1,1,0.133817,0.000000,0.105183,0.000000,0.000000,0.000000,0.072301,0.000000,0.187014,0.271918,0.000000,0.000000,0.170216,0.000000,0.000000,0.059551,use_phone,1,25,13675,phone,none,,,0.000000,1.000000,0,none,,8.262116,8.262116,completed,0,9,rain,24.000000
18,1124,3448247389,227,Day 10 11:55,none,,8.262116,8.262116,completed,0.000000,0.244224,0.000000,0.893333,0.971667,0.710667,0.723685,0.095000,0.085000,11,1,1,1,0,0,0,1,1,1,1,1,0,1,0,1,1,0.109694,0.000000,0.091740,0.000000,0.000000,0.000000,0.090996,0.000000,0.193869,0.283489,0.000000,0.000000,0.171437,0.000000,0.000000,0.058775,use_phone,1,25,13700,phone,none,room-temperature-shift|message-study-group,,0.000000,1.000000,0,none,,8.262116,8.262116,completed,0,10,rain,24.000000
18,1124,3448247389,228,Day 10 12:20,none,,8.262116,8.262116,completed,0.000000,0.342118,0.000000,0.925000,0.992500,0.727333,0.723685,0.190000,0.170000,11,1,1,1,0,0,0,1,1,1,1,1,0,1,0,1,1,0.091922,0.073928,0.078835,0.000000,0.000000,0.000000,0.102623,0.000000,0.180089,0.264837,0.000000,0.000000,0.154722,0.000000,0.000000,0.053044,turn_off_alarm,1,1,13701,alarm,none,,,0.000000,1.000000,0,none,,8.262116,8.262116,completed,0,10,rain,24.000000
18,1124,3448247389,229,Day 10 12:21,none,,8.262116,8.262116,completed,0.000333,0.342518,0.000000,0.954667,0.993333,0.728000,0.703685,0.189000,0.169400,10,1,1,1,0,0,0,1,1,1,1,1,0,0,0,1,1,0.108715,0.087269,0.093232,0.000000,0.000000,0.000000,0.121668,0.000000,0.213050,0.313381,0.000000,0.000000,0.000000,0.000000,0.000000,0.062684,use_phone,1,25,13726,phone,none,,,0.000000,1.000000,0,none,,8.262116,8.262116,completed,0,10,rain,24.000000
18,1124,3448247389,230,Day 10 12:46,none,,8.262116,8.262116,completed,0.000000,0.440413,0.000000,0.986333,1.000000,0.744667,0.703685,0.284000,0.254400,10,1,1,1,0,0,0,1,1,1,1,1,0,0,0,1,1,0.082097,0.082393,0.072206,0.000000,0.000000,0.000000,0.123701,0.152381,0.178417,0.257806,0.000000,0.000000,0.000000,0.000000,0.000000,0.050998,go_to_bathroom,1,15,13741,door,none,,,0.000000,1.000000,0,none,,8.262116,8.262116,completed,0,10,rain,24.000000
18,1124,3448247389,231,Day 10 13:01,none,,8.262116,8.262116,completed,0.005000,0.446413,0.000000,1.000000,1.000000,0.134667,0.703685,0.269000,0.245400,10,1,1,1,0,0,0,1,1,1,1,1,0,0,0,1,1,0.101287,0.098835,0.089004,0.000000,0.000000,0.000000,0.149821,0.184914,0.000000,0.313974,0.000000,0.000000,0.000000,0.000000,0.000000,0.062166,use_phone,1,25,13766,phone,none,,,0.000000,1.000000,0,none,,8.262116,8.262116,completed,0,10,rain,24.000000
18,1124,3448247389,232,Day 10 13:26,none,,8.262116,8.262116,completed,0.000000,0.544307,0.000000,1.000000,1.000000,0.151333,0.703685,0.364000,0.330400,10,1,1,1,0,0,0,1,1,1,1,1,0,0,0,1,1,0.078989,0.096849,0.071297,0.000000,0.000000,0.000000,0.158186,0.211187,0.065728,0.265286,0.000000,0.000000,0.000000,0.000000,0.000000,0.052478,go_to_bathroom,1,15,13781,door,none,,,0.000000,1.000000,0,none,,8.262116,8.262116,completed,0,10,rain,24.000000
18,1124,3448247389,233,Day 10 13:41,none,,8.262116,8.262116,completed,0.005000,0.550307,0.000000,1.000000,1.000000,0.000000,0.703685,0.349000,0.321400,10,1,1,1,0,0,0,1,1,1,1,1,0,0,0,1,1,0.085753,0.102229,0.077332,0.000000,0.000000,0.000000,0.168588,0.225510,0.000000,0.284298,0.000000,0.000000,0.000000,0.000000,0.000000,0.056291,shop_on_phone,0,0,13781,phone,resource_insufficient,,,0.000000,1.000000,0,none,,8.262116,8.262116,completed,0,10,rain,24.000000
18,1124,3448247389,234,Day 10 13:41,none,,8.262116,8.262116,completed,0.005000,0.550307,0.000000,0.970000,1.000000,0.000000,0.733685,0.349000,0.321400,10,1,1,1,0,0,0,1,1,1,1,1,0,0,0,1,1,0.085833,0.102324,0.077404,0.000000,0.000000,0.000000,0.167814,0.225719,0.000000,0.284563,0.000000,0.000000,0.000000,0.000000,0.000000,0.056343,rest_at_bed,1,60,13841,bed,none,,,0.000000,1.000000,0,none,,8.262116,8.262116,completed,0,10,rain,24.000000
18,1124,3448247389,235,Day 10 14:41,none,,8.262116,8.262116,completed,0.065000,0.304184,0.000000,1.000000,1.000000,0.040000,0.733685,0.149000,0.285400,10,1,1,1,0,0,0,1,1,1,1,1,0,0,0,1,1,0.147634,0.131338,0.122665,0.000000,0.000000,0.000000,0.134813,0.000000,0.000000,0.386227,0.000000,0.000000,0.000000,0.000000,0.000000,0.077323,use_computer,1,30,13871,computer,none,,,0.000000,1.000000,0,none,,8.262116,8.262116,completed,0,10,rain,24.000000
18,1124,3448247389,236,Day 10 15:11,none,,8.262116,8.262116,completed,0.000000,0.422831,0.000000,0.990000,1.000000,0.060000,0.733685,0.229000,0.267400,10,1,1,1,0,0,0,1,1,1,1,1,0,0,0,1,1,0.105524,0.104690,0.092263,0.000000,0.000000,0.000000,0.141756,0.172225,0.000000,0.320201,0.000000,0.000000,0.000000,0.000000,0.000000,0.063341,get_meal,1,35,13906,door,none,,,0.000000,1.000000,0,none,,8.262116,8.262116,completed,0,10,rain,24.000000
18,1124,3448247389,237,Day 10 15:46,none,,8.262116,8.262116,completed,0.000000,0.436831,0.000000,1.000000,0.479167,0.083333,0.733685,0.194000,0.246400,10,1,1,1,0,0,0,1,1,1,1,1,0,0,0,1,1,0.132208,0.124390,0.115803,0.000000,0.000000,0.000000,0.172499,0.210525,0.000000,0.166496,0.000000,0.000000,0.000000,0.000000,0.000000,0.078079,rest_at_bed,1,60,13966,bed,none,,,0.000000,1.000000,0,none,,8.262116,8.262116,completed,0,10,rain,24.000000
18,1124,3448247389,238,Day 10 16:46,none,,8.262116,8.262116,completed,0.060000,0.190708,0.000000,1.000000,0.529167,0.123333,0.733685,0.000000,0.210400,10,1,1,1,0,0,0,1,1,1,1,1,0,0,0,1,1,0.213564,0.150447,0.172388,0.000000,0.000000,0.000000,0.131302,0.000000,0.000000,0.231332,0.000000,0.000000,0.000000,0.000000,0.000000,0.100967,get_meal,1,35,14001,door,none,,,0.000000,1.000000,0,none,,8.262116,8.262116,completed,0,10,rain,24.000000
18,1124,3448247389,239,Day 10 17:21,none,,8.262116,8.262116,completed,0.031667,0.204708,0.000000,1.000000,0.008333,0.146667,0.733685,0.000000,0.189400,10,1,1,1,0,0,0,1,1,1,1,1,0,0,0,1,1,0.234684,0.164809,0.191838,0.000000,0.000000,0.000000,0.152656,0.000000,0.141476,0.000000,0.000000,0.000000,0.000000,0.000000,0.000000,0.114538,shop_on_phone,0,0,14001,phone,resource_insufficient,,,0.000000,1.000000,0,none,,8.262116,8.262116,completed,0,10,rain,24.000000
18,1124,3448247389,240,Day 10 17:21,none,,8.262116,8.262116,completed,0.031667,0.204708,0.000000,0.970000,0.008333,0.146667,0.763685,0.000000,0.189400,10,1,1,1,0,0,0,1,1,1,1,1,0,0,0,1,1,0.234882,0.164948,0.191999,0.000000,0.000000,0.000000,0.151942,0.000000,0.141595,0.000000,0.000000,0.000000,0.000000,0.000000,0.000000,0.114634,idle,1,10,14011,,none,,,0.000000,1.000000,0,none,,8.262116,8.262116,completed,0,10,rain,24.000000
18,1124,3448247389,241,Day 10 17:31,none,,8.262116,8.262116,completed,0.155000,0.208708,0.000000,0.916667,0.016667,0.153333,0.763685,0.000000,0.183400,10,1,1,1,0,0,0,1,1,1,1,1,0,0,0,1,1,0.255544,0.155612,0.200603,0.000000,0.000000,0.000000,0.143523,0.000000,0.134556,0.000000,0.000000,0.000000,0.000000,0.000000,0.000000,0.110161,use_phone,1,25,14036,phone,none,,,0.000000,1.000000,0,none,,8.262116,8.262116,completed,0,10,rain,24.000000
18,1124,3448247389,242,Day 10 17:56,none,,8.262116,8.262116,completed,0.000000,0.306602,0.000000,0.948333,0.037500,0.170000,0.763685,0.095000,0.268400,10,1,1,1,0,0,0,1,1,1,1,1,0,0,0,1,1,0.203937,0.183432,0.172928,0.000000,0.000000,0.000000,0.185595,0.000000,0.143320,0.000000,0.000000,0.000000,0.000000,0.000000,0.000000,0.110789,use_phone,1,25,14061,phone,none,,,0.000000,1.000000,0,none,,8.262116,8.262116,completed,0,10,rain,24.000000
18,1124,3448247389,243,Day 10 18:21,none,,8.262116,8.262116,completed,0.000000,0.404497,0.000000,0.980000,0.058333,0.186667,0.763685,0.190000,0.353400,10,1,1,1,0,0,0,1,1,1,1,1,0,0,0,1,1,0.179130,0.201365,0.155762,0.000000,0.000000,0.000000,0.219393,0.000000,0.139547,0.000000,0.000000,0.000000,0.000000,0.000000,0.000000,0.104804,shop_on_phone,0,0,14061,phone,resource_insufficient,,,0.000000,1.000000,0,none,,8.262116,8.262116,completed,0,10,rain,24.000000
18,1124,3448247389,244,Day 10 18:21,none,,8.262116,8.262116,completed,0.000000,0.404497,0.000000,0.950000,0.058333,0.186667,0.793685,0.190000,0.353400,10,1,1,1,0,0,0,1,1,1,1,1,0,0,0,1,1,0.179347,0.201609,0.155950,0.000000,0.000000,0.000000,0.218447,0.000000,0.139716,0.000000,0.000000,0.000000,0.000000,0.000000,0.000000,0.104931,rest_at_bed,1,60,14121,bed,none,,,0.000000,1.000000,0,none,,8.262116,8.262116,completed,0,10,rain,24.000000
18,1124,3448247389,245,Day 10 19:21,none,,8.262116,8.262116,completed,0.060000,0.158373,0.000000,0.980000,0.108333,0.226667,0.793685,0.000000,0.317400,10,1,1,1,0,0,0,1,1,1,1,1,0,0,0,1,1,0.229665,0.193729,0.184064,0.000000,0.000000,0.000000,0.132593,0.000000,0.152144,0.000000,0.000000,0.000000,0.000000,0.000000,0.000000,0.107805,rest_at_bed,1,60,14181,bed,none,,,0.000000,1.000000,0,none,,8.262116,8.262116,completed,0,10,rain,24.000000
18,1124,3448247389,246,Day 10 20:21,none,,8.262116,8.262116,completed,0.120000,0.000000,0.000000,1.000000,0.158333,0.266667,0.793685,0.000000,0.281400,10,1,1,1,0,0,0,1,1,1,1,1,0,0,0,1,1,0.246153,0.176455,0.186694,0.000000,0.000000,0.000000,0.000000,0.000000,0.157042,0.128671,0.000000,0.000000,0.000000,0.000000,0.000000,0.104986,go_to_bathroom,1,15,14196,door,none,evening,,0.000000,1.000000,0,none,,8.262116,8.262116,completed,0,10,rain,24.000000
18,1124,3448247389,247,Day 10 20:36,none,,8.262116,8.262116,completed,0.125000,0.006000,0.000000,1.000000,0.170833,0.000000,0.793685,0.000000,0.272400,10,1,1,1,0,0,0,1,1,1,1,1,0,0,0,1,1,0.292649,0.205669,0.221881,0.000000,0.000000,0.000000,0.000000,0.000000,0.000000,0.155451,0.000000,0.000000,0.000000,0.000000,0.000000,0.124351,shop_on_phone,0,0,14196,phone,resource_insufficient,,,0.000000,1.000000,0,none,,8.262116,8.262116,completed,0,10,rain,24.000000
18,1124,3448247389,248,Day 10 20:36,none,,8.262116,8.262116,completed,0.125000,0.006000,0.000000,0.970000,0.170833,0.000000,0.823685,0.000000,0.272400,10,1,1,1,0,0,0,1,1,1,1,1,0,0,0,1,1,0.292649,0.205669,0.221881,0.000000,0.000000,0.000000,0.000000,0.000000,0.000000,0.155451,0.000000,0.000000,0.000000,0.000000,0.000000,0.124351,shop_on_phone,0,0,14196,phone,resource_insufficient,,,0.000000,1.000000,0,none,,8.262116,8.262116,completed,0,10,rain,24.000000
18,1124,3448247389,249,Day 10 20:36,none,,8.262116,8.262116,completed,0.125000,0.006000,0.000000,0.940000,0.170833,0.000000,0.853685,0.000000,0.272400,10,1,1,1,0,0,0,1,1,1,1,1,0,0,0,1,1,0.292649,0.205669,0.221881,0.000000,0.000000,0.000000,0.000000,0.000000,0.000000,0.155451,0.000000,0.000000,0.000000,0.000000,0.000000,0.124351,get_meal,1,35,14231,door,none,,,0.000000,1.000000,0,none,,8.262116,8.262116,completed,0,10,rain,24.000000
18,1124,3448247389,250,Day 10 21:11,none,,8.262116,8.262116,completed,0.096667,0.020000,0.000000,1.000000,0.000000,0.023333,0.853685,0.000000,0.251400,10,1,1,1,0,0,0,1,1,1,1,1,0,0,0,1,1,0.343993,0.240999,0.264116,0.000000,0.000000,0.000000,0.000000,0.000000,0.000000,0.000000,0.000000,0.000000,0.000000,0.000000,0.000000,0.150892,idle,1,10,14241,,none,,,0.000000,1.000000,0,none,,8.262116,8.262116,completed,0,10,rain,24.000000
18,1124,3448247389,251,Day 10 21:21,none,,8.262116,8.262116,completed,0.220000,0.024000,0.000000,0.946667,0.008333,0.030000,0.853685,0.000000,0.245400,10,1,1,1,0,0,0,1,1,1,1,1,0,0,0,1,1,0.365995,0.222341,0.269860,0.000000,0.000000,0.000000,0.000000,0.000000,0.000000,0.000000,0.000000,0.000000,0.000000,0.000000,0.000000,0.141804,use_computer,1,30,14271,computer,none,,,0.000000,1.000000,0,none,,8.262116,8.262116,completed,0,10,rain,24.000000
18,1124,3448247389,252,Day 10 21:51,none,,8.262116,8.262116,completed,0.070000,0.142648,0.000000,0.936667,0.033333,0.050000,0.853685,0.080000,0.227400,10,1,1,1,0,0,0,1,1,1,1,1,0,0,0,1,1,0.274437,0.203766,0.219094,0.000000,0.000000,0.000000,0.169878,0.000000,0.000000,0.000000,0.000000,0.000000,0.000000,0.000000,0.000000,0.132826,use_phone,1,25,14296,phone,none,,,0.000000,1.000000,0,none,,8.262116,8.262116,completed,0,10,rain,24.000000
18,1124,3448247389,253,Day 10 22:16,none,,8.262116,8.262116,completed,0.000000,0.240542,0.000000,0.968333,0.054167,0.066667,0.853685,0.175000,0.312400,10,1,1,1,0,0,0,1,1,1,1,1,0,0,0,1,1,0.232326,0.232484,0.194716,0.000000,0.000000,0.000000,0.210469,0.000000,0.000000,0.000000,0.000000,0.000000,0.000000,0.000000,0.000000,0.130005,rest_at_bed,1,60,14356,bed,none,,,0.000000,1.000000,0,none,,8.262116,8.262116,completed,0,10,rain,24.000000
18,1124,3448247389,254,Day 10 23:16,none,,8.262116,8.262116,completed,0.060000,0.000000,0.000000,0.998333,0.104167,0.106667,0.853685,0.000000,0.276400,10,1,1,1,0,0,0,1,1,1,1,1,0,0,0,1,1,0.334986,0.253948,0.259234,0.000000,0.000000,0.000000,0.000000,0.000000,0.000000,0.000000,0.000000,0.000000,0.000000,0.000000,0.000000,0.151832,use_computer,1,30,14386,computer,none,,,0.000000,1.000000,0,none,,8.262116,8.262116,completed,0,10,rain,24.000000
18,1124,3448247389,255,Day 10 23:46,none,,8.262116,8.262116,completed,0.000000,0.118648,0.000000,0.988333,0.129167,0.126667,0.853685,0.080000,0.258400,10,1,1,1,0,0,0,1,1,1,1,1,0,0,0,1,1,0.261890,0.220213,0.212910,0.000000,0.000000,0.000000,0.169635,0.000000,0.000000,0.000000,0.000000,0.000000,0.000000,0.000000,0.000000,0.135352,use_computer,1,30,14416,computer,none,,,0.000000,1.000000,0,none,,8.262116,8.262116,completed,0,10,rain,24.000000
18,1124,3448247389,256,Day 11 00:16,none,,8.262116,8.262116,completed,0.000000,0.237296,0.000000,0.978333,0.154167,0.146667,0.853685,0.160000,0.240400,10,1,1,1,0,0,0,1,1,1,1,1,0,0,0,1,1,0.180947,0.158195,0.151463,0.000000,0.000000,0.000000,0.159507,0.000000,0.124672,0.124869,0.000000,0.000000,0.000000,0.000000,0.000000,0.100346,shop_on_phone,0,0,14416,phone,resource_insufficient,,,0.000000,1.000000,0,none,,8.262116,8.262116,completed,0,10,rain,24.000000
