personality_index,scenario_seed,action_seed,step,decision_time,pre_commitment_status,pre_commitment_task_id,pre_task_effort,pre_task_effort_target,pre_task_status,pre_boredom,pre_fatigue,pre_task_pressure,pre_satisfaction,pre_hunger,pre_bathroom_urge,pre_anxiety,pre_screen_strain,pre_purchase_urge,known_action_count,known_use_phone,known_shop_on_phone,known_use_computer,known_study_at_computer,known_study_focused,known_study_halfhearted,known_rest_at_bed,known_sleep_at_bed,known_go_to_bathroom,known_get_meal,known_turn_light_on,known_turn_light_off,known_turn_off_alarm,known_open_curtain,known_close_curtain,known_idle,p_use_phone,p_shop_on_phone,p_use_computer,p_study_at_computer,p_study_focused,p_study_halfhearted,p_rest_at_bed,p_sleep_at_bed,p_go_to_bathroom,p_get_meal,p_turn_light_on,p_turn_light_off,p_turn_off_alarm,p_open_curtain,p_close_curtain,p_idle,chosen_action,accepted,elapsed_minutes,simulation_total_minutes,target_object_id,failure_reason,event_ids,outcome_task_id,outcome_task_effort_gained,outcome_task_settlement_variation,outcome_task_session_interrupted,post_commitment_status,post_commitment_task_id,post_task_effort,post_task_effort_target,post_task_status,post_wallet,post_unread_messages,post_weather,post_temperature_celsius
2,1123,3448223326,1,Day 1 08:00,none,,0.000000,8.072416,active,0.550000,0.150000,0.550000,0.450000,0.250000,0.150000,0.200000,0.050000,0.100000,13,1,1,1,1,1,1,1,1,1,1,0,1,0,0,1,1,0.125427,0.089104,0.110234,0.102062,0.105099,0.110213,0.094144,0.000000,0.088088,0.093716,0.000000,0.000000,0.000000,0.000000,0.000000,0.081913,shop_on_phone,1,20,500,phone,none,,,0.000000,1.000000,0,none,,0.000000,8.072416,active,90,0,clear,23.000000
2,1123,3448223326,2,Day 1 08:20,none,,0.000000,8.072416,active,0.556667,0.159566,0.623232,0.543333,0.266667,0.163333,0.219933,0.110000,0.000000,13,1,1,1,1,1,1,1,1,1,1,0,1,0,0,1,1,0.134067,0.000000,0.117923,0.115268,0.119501,0.122240,0.104330,0.000000,0.096044,0.102369,0.000000,0.000000,0.000000,0.000000,0.000000,0.088259,go_to_bathroom,1,15,515,door,none,,,0.000000,1.000000,0,none,,0.000000,8.072416,active,90,0,clear,23.000000
2,1123,3448223326,3,Day 1 08:35,none,,0.000000,8.072416,active,0.561667,0.165566,0.623232,0.618474,0.279167,0.000000,0.221101,0.095000,0.000000,13,1,1,1,1,1,1,1,1,1,1,0,1,0,0,1,1,0.148667,0.000000,0.130719,0.127057,0.132440,0.134983,0.114846,0.000000,0.000000,0.113877,0.000000,0.000000,0.000000,0.000000,0.000000,0.097411,get_meal,1,35,550,door,none,,,0.000000,1.000000,0,none,,0.000000,8.072416,active,90,0,clear,23.000000
2,1123,3448223326,4,Day 1 09:10,none,,0.000000,8.072416,active,0.533333,0.179566,0.623232,0.726947,0.000000,0.023333,0.223826,0.060000,0.000000,13,1,1,1,1,1,1,1,1,1,1,0,1,0,0,1,1,0.167140,0.000000,0.147615,0.143532,0.150789,0.151538,0.129334,0.000000,0.000000,0.000000,0.000000,0.000000,0.000000,0.000000,0.000000,0.110051,use_computer,1,30,580,computer,none,alarm-rings|message-study-group,,0.000000,1.000000,0,none,,0.000000,8.072416,active,90,1,clear,23.000000
2,1123,3448223326,5,Day 1 09:40,none,,0.000000,8.072416,active,0.413333,0.293653,0.796464,0.716947,0.025000,0.043333,0.332041,0.140000,0.000000,14,1,1,1,1,1,1,1,1,1,1,0,1,1,0,1,1,0.130769,0.000000,0.118633,0.134555,0.141256,0.131990,0.119517,0.000000,0.000000,0.000000,0.000000,0.000000,0.131174,0.000000,0.000000,0.092106,rest_at_bed,1,60,640,bed,none,,,0.000000,1.000000,0,none,,0.000000,8.072416,active,90,1,clear,23.000000
2,1123,3448223326,6,Day 1 10:40,none,,0.000000,8.072416,active,0.473333,0.038526,0.869695,0.746947,0.075000,0.083333,0.367695,0.000000,0.000000,14,1,1,1,1,1,1,1,1,1,1,0,1,1,0,1,1,0.151645,0.000000,0.133235,0.158204,0.166444,0.150585,0.000000,0.000000,0.000000,0.000000,0.000000,0.000000,0.141237,0.000000,0.000000,0.098650,use_phone,1,25,665,phone,none,,,0.000000,1.000000,0,none,,0.000000,8.072416,active,90,1,clear,23.000000
2,1123,3448223326,7,Day 1 11:05,none,,0.000000,8.072416,active,0.261667,0.131005,0.982927,0.778614,0.095833,0.100000,0.396125,0.095000,0.085000,14,1,1,1,1,1,1,1,1,1,1,0,1,1,0,1,1,0.121458,0.000000,0.110759,0.152036,0.160321,0.133819,0.104371,0.000000,0.000000,0.000000,0.000000,0.000000,0.129230,0.000000,0.000000,0.088006,turn_off_alarm,1,1,666,alarm,none,,,0.000000,1.000000,0,none,,0.000000,8.072416,active,90,1,clear,23.000000
2,1123,3448223326,8,Day 1 11:06,none,,0.000000,8.072416,active,0.262000,0.131405,0.982927,0.808281,0.096667,0.100667,0.376585,0.094000,0.084400,13,1,1,1,1,1,1,1,1,1,1,0,1,0,0,1,1,0.139619,0.000000,0.127317,0.174205,0.184092,0.153545,0.120089,0.000000,0.000000,0.000000,0.000000,0.000000,0.000000,0.000000,0.000000,0.101133,use_computer,1,30,696,computer,none,,,0.000000,1.000000,0,none,,0.000000,8.072416,active,90,1,clear,23.000000
2,1123,3448223326,9,Day 1 11:36,none,,0.000000,8.072416,active,0.112000,0.245493,1.000000,0.798281,0.121667,0.120667,0.410326,0.174000,0.066400,13,1,1,1,1,1,1,1,1,1,1,0,1,0,0,1,1,0.129158,0.000000,0.121458,0.176683,0.186576,0.150370,0.133791,0.000000,0.000000,0.000000,0.000000,0.000000,0.000000,0.000000,0.000000,0.101966,study_focused,1,35,731,desk,none,,coursework,0.388036,1.008294,0,active,coursework,0.388036,8.072416,active,90,1,clear,23.000000
2,1123,3448223326,10,Day 1 12:11,active,coursework,0.388036,8.072416,active,0.143667,0.369493,0.888431,0.866614,0.150833,0.144000,0.377070,0.139000,0.045400,13,1,1,1,1,1,1,1,1,1,1,0,1,0,0,1,1,0.094529,0.000000,0.089435,0.130723,0.138725,0.117153,0.102451,0.000000,0.083138,0.083190,0.000000,0.086370,0.000000,0.000000,0.000000,0.074286,study_focused,1,35,766,desk,none,room-temperature-shift,coursework,0.370861,0.963664,0,active,coursework,0.758897,8.072416,active,90,1,clear,24.000000
2,1123,3448223326,11,Day 1 12:46,active,coursework,0.758897,8.072416,active,0.175333,0.493493,0.776863,0.934947,0.180000,0.167333,0.339662,0.104000,0.024400,13,1,1,1,1,1,1,1,1,1,1,0,1,0,0,1,1,0.086827,0.000000,0.082649,0.108067,0.115251,0.102012,0.098488,0.104742,0.076695,0.076990,0.000000,0.080358,0.000000,0.000000,0.000000,0.067921,use_phone,1,25,791,phone,none,,,0.000000,1.000000,0,active,coursework,0.758897,8.072416,active,90,1,clear,24.000000
2,1123,3448223326,12,Day 1 13:11,active,coursework,0.758897,8.072416,active,0.000000,0.585971,0.890095,0.966614,0.200833,0.184000,0.365625,0.199000,0.109400,13,1,1,1,1,1,1,1,1,1,1,0,1,0,0,1,1,0.076130,0.000000,0.074857,0.111729,0.119428,0.098470,0.104787,0.114978,0.076000,0.076469,0.000000,0.081772,0.000000,0.000000,0.000000,0.065381,turn_light_off,1,1,792,light,none,,,0.000000,1.000000,0,active,coursework,0.758897,8.072416,active,90,1,clear,24.000000
2,1123,3448223326,13,Day 1 13:12,active,coursework,0.758897,8.072416,active,0.000333,0.586371,0.890095,0.986281,0.201667,0.184667,0.365986,0.198000,0.108800,10,1,1,1,0,0,0,1,1,1,1,1,0,0,0,1,1,0.111979,0.000000,0.110104,0.000000,0.000000,0.000000,0.154053,0.169048,0.111802,0.112502,0.134372,0.000000,0.000000,0.000000,0.000000,0.096139,rest_at_bed,1,60,852,bed,none,,,0.000000,1.000000,0,suspended,coursework,0.758897,8.072416,active,90,1,clear,24.000000
2,1123,3448223326,14,Day 1 14:12,suspended,coursework,0.758897,8.072416,active,0.060333,0.331245,0.963326,1.000000,0.251667,0.224667,0.407613,0.000000,0.072800,10,1,1,1,0,0,0,1,1,1,1,1,0,0,0,1,1,0.148111,0.000000,0.140922,0.000000,0.000000,0.000000,0.150055,0.000000,0.138469,0.140107,0.166357,0.000000,0.000000,0.000000,0.000000,0.115979,get_meal,1,35,887,door,none,task-reminder,,0.000000,1.000000,0,suspended,coursework,0.758897,8.072416,active,90,1,clear,24.000000
2,1123,3448223326,15,Day 1 14:47,suspended,coursework,0.758897,8.072416,active,0.032000,0.345245,1.000000,1.000000,0.000000,0.248000,0.534818,0.000000,0.051800,10,1,1,1,0,0,0,1,1,1,1,1,0,0,0,1,1,0.169407,0.000000,0.161982,0.000000,0.000000,0.000000,0.173861,0.000000,0.163291,0.000000,0.197354,0.000000,0.000000,0.000000,0.000000,0.134106,turn_light_on,1,1,888,light,none,,,0.000000,1.000000,0,suspended,coursework,0.758897,8.072416,active,90,1,clear,24.000000
2,1123,3448223326,16,Day 1 14:48,suspended,coursework,0.758897,8.072416,active,0.032333,0.345645,1.000000,1.000000,0.000833,0.248667,0.535297,0.000000,0.051200,13,1,1,1,1,1,1,1,1,1,1,0,1,0,0,1,1,0.107578,0.000000,0.102862,0.166579,0.178488,0.145200,0.110413,0.000000,0.103729,0.000000,0.000000,0.000000,0.000000,0.000000,0.000000,0.085152,rest_at_bed,1,60,948,bed,none,,,0.000000,1.000000,0,suspended,coursework,0.758897,8.072416,active,90,1,clear,24.000000
2,1123,3448223326,17,Day 1 15:48,suspended,coursework,0.758897,8.072416,active,0.092333,0.090518,1.000000,1.000000,0.050833,0.288667,0.583934,0.000000,0.015200,13,1,1,1,1,1,1,1,1,1,1,0,1,0,0,1,1,0.121798,0.000000,0.113016,0.189129,0.202650,0.166539,0.000000,0.000000,0.114790,0.000000,0.000000,0.000000,0.000000,0.000000,0.000000,0.092078,use_computer,1,30,978,computer,none,,,0.000000,1.000000,0,suspended,coursework,0.758897,8.072416,active,90,1,clear,24.000000
2,1123,3448223326,18,Day 1 16:18,suspended,coursework,0.758897,8.072416,active,0.000000,0.204605,1.000000,0.990000,0.075833,0.308667,0.618219,0.080000,0.000000,13,1,1,1,1,1,1,1,1,1,1,0,1,0,0,1,1,0.103905,0.000000,0.098675,0.170455,0.182509,0.151020,0.103159,0.000000,0.106542,0.000000,0.000000,0.000000,0.000000,0.000000,0.000000,0.083735,rest_at_bed,1,60,1038,bed,none,weather-clear,,0.000000,1.000000,0,suspended,coursework,0.758897,8.072416,active,90,1,clear,24.000000
2,1123,3448223326,19,Day 1 17:18,suspended,coursework,0.758897,8.072416,active,0.060000,0.000000,1.000000,1.000000,0.125833,0.348667,0.666856,0.000000,0.000000,13,1,1,1,1,1,1,1,1,1,1,0,1,0,0,1,1,0.118284,0.000000,0.109362,0.190341,0.203949,0.171170,0.000000,0.000000,0.117024,0.000000,0.000000,0.000000,0.000000,0.000000,0.000000,0.089870,study_halfhearted,1,35,1073,desk,none,,coursework,0.238849,1.034394,0,active,coursework,0.997746,8.072416,active,90,1,clear,24.000000
2,1123,3448223326,20,Day 1 17:53,active,coursework,0.997746,8.072416,active,0.121667,0.094000,0.940497,1.000000,0.155000,0.372000,0.663600,0.000000,0.000000,13,1,1,1,1,1,1,1,1,1,1,0,1,0,0,1,1,0.112892,0.000000,0.104381,0.168815,0.180884,0.141905,0.000000,0.000000,0.111157,0.095367,0.000000,0.000000,0.000000,0.000000,0.000000,0.084600,study_focused,1,35,1108,desk,none,,coursework,0.371166,0.964457,0,active,coursework,1.368912,8.072416,active,90,1,clear,24.000000
2,1123,3448223326,21,Day 1 18:28,active,coursework,1.368912,8.072416,active,0.153333,0.218000,0.828928,1.000000,0.184167,0.395333,0.628129,0.000000,0.000000,13,1,1,1,1,1,1,1,1,1,1,0,1,0,0,1,1,0.105975,0.000000,0.098633,0.143754,0.154031,0.127265,0.094205,0.000000,0.105595,0.090888,0.000000,0.000000,0.000000,0.000000,0.000000,0.079655,idle,1,10,1118,,none,,,0.000000,1.000000,0,active,coursework,1.368912,8.072416,active,90,1,clear,24.000000
2,1123,3448223326,22,Day 1 18:38,active,coursework,1.368912,8.072416,active,0.276667,0.222000,0.952160,0.946667,0.192500,0.402000,0.651028,0.000000,0.000000,13,1,1,1,1,1,1,1,1,1,1,0,1,0,0,1,1,0.107507,0.000000,0.098483,0.148441,0.158442,0.131184,0.090267,0.000000,0.101594,0.087524,0.000000,0.000000,0.000000,0.000000,0.000000,0.076559,study_at_computer,1,35,1153,computer,none,,coursework,0.897980,1.022850,0,active,coursework,2.266892,8.072416,active,90,1,clear,24.000000
2,1123,3448223326,23,Day 1 19:13,active,coursework,2.266892,8.072416,active,0.308333,0.347174,0.840591,1.000000,0.221667,0.425333,0.615992,0.045000,0.000000,13,1,1,1,1,1,1,1,1,1,1,0,1,0,0,1,1,0.109139,0.000000,0.100714,0.138032,0.147901,0.128482,0.100501,0.000000,0.105404,0.091100,0.000000,0.000000,0.000000,0.000000,0.000000,0.078727,study_focused,1,35,1188,desk,none,evening,coursework,0.411622,1.069580,0,active,coursework,2.678514,8.072416,active,90,1,clear,24.000000
2,1123,3448223326,24,Day 1 19:48,active,coursework,2.678514,8.072416,active,0.340000,0.471174,0.729023,1.000000,0.250833,0.448667,0.576804,0.010000,0.000000,13,1,1,1,1,1,1,1,1,1,1,0,1,0,0,1,1,0.102932,0.000000,0.095566,0.117137,0.125512,0.114858,0.099215,0.000000,0.099840,0.086569,0.000000,0.084461,0.000000,0.000000,0.000000,0.073910,study_at_computer,1,35,1223,computer,none,,coursework,0.850866,0.969186,0,active,coursework,3.529380,8.072416,active,90,1,clear,24.000000
2,1123,3448223326,25,Day 1 20:23,active,coursework,3.529380,8.072416,active,0.371667,0.596348,0.617454,1.000000,0.280000,0.472000,0.533465,0.055000,0.000000,13,1,1,1,1,1,1,1,1,1,1,0,1,0,0,1,1,0.092315,0.000000,0.086340,0.096113,0.102985,0.099316,0.097647,0.107901,0.091512,0.079604,0.000000,0.079123,0.000000,0.000000,0.000000,0.067144,go_to_bathroom,1,15,1238,door,none,,,0.000000,1.000000,0,suspended,coursework,3.529380,8.072416,active,90,1,clear,24.000000
2,1123,3448223326,26,Day 1 20:38,suspended,coursework,3.529380,8.072416,active,0.376667,0.602348,0.617454,1.000000,0.292500,0.000000,0.534541,0.040000,0.000000,13,1,1,1,1,1,1,1,1,1,1,0,1,0,0,1,1,0.102017,0.000000,0.095381,0.105578,0.113127,0.109293,0.107123,0.118470,0.000000,0.088249,0.000000,0.086911,0.000000,0.000000,0.000000,0.073852,get_meal,1,35,1273,door,none,task-deadline,,0.000000,1.000000,0,suspended,coursework,3.529380,8.072416,active,90,1,clear,24.000000
2,1123,3448223326,27,Day 1 21:13,suspended,coursework,3.529380,8.072416,active,0.348333,0.616348,0.617454,1.000000,0.000000,0.023333,0.537051,0.005000,0.000000,13,1,1,1,1,1,1,1,1,1,1,0,1,0,0,1,1,0.111271,0.000000,0.104495,0.115706,0.123978,0.121642,0.117038,0.129688,0.000000,0.000000,0.000000,0.095237,0.000000,0.000000,0.000000,0.080946,use_computer,1,30,1303,computer,none,,,0.000000,1.000000,0,suspended,coursework,3.529380,8.072416,active,90,1,clear,24.000000
2,1123,3448223326,28,Day 1 21:43,suspended,coursework,3.529380,8.072416,active,0.198333,0.730436,0.710686,0.990000,0.025000,0.043333,0.559135,0.085000,0.000000,13,1,1,1,1,1,1,1,1,1,1,0,1,0,0,1,1,0.102664,0.000000,0.099424,0.108876,0.116576,0.110767,0.130159,0.149485,0.000000,0.000000,0.000000,0.100920,0.000000,0.000000,0.000000,0.081130,sleep_at_bed,1,480,1783,bed,none,,,0.000000,1.000000,0,suspended,coursework,3.529380,8.072416,active,90,1,clear,24.000000
2,1123,3448223326,29,Day 2 05:43,suspended,coursework,3.529380,8.072416,active,0.278333,0.396013,0.813918,0.910000,0.425000,0.363333,0.661065,0.000000,0.000000,13,1,1,1,1,1,1,1,1,1,1,0,1,0,0,1,1,0.107293,0.000000,0.099760,0.134418,0.143095,0.133648,0.100347,0.000000,0.100157,0.103299,0.000000,0.000000,0.000000,0.000000,0.000000,0.077983,use_phone,1,25,1808,phone,none,,,0.000000,1.000000,0,suspended,coursework,3.529380,8.072416,active,90,1,clear,24.000000
2,1123,3448223326,30,Day 2 06:08,suspended,coursework,3.529380,8.072416,active,0.066667,0.488492,0.927150,0.941667,0.445833,0.380000,0.688012,0.095000,0.085000,13,1,1,1,1,1,1,1,1,1,1,0,1,0,0,1,1,0.077786,0.000000,0.075067,0.116903,0.124734,0.109847,0.089792,0.097752,0.083477,0.086294,0.000000,0.075376,0.000000,0.000000,0.000000,0.062971,idle,1,10,1818,,none,,,0.000000,1.000000,0,suspended,coursework,3.529380,8.072416,active,90,1,clear,24.000000
2,1123,3448223326,31,Day 2 06:18,suspended,coursework,3.529380,8.072416,active,0.190000,0.492492,1.000000,0.888333,0.454167,0.386667,0.711955,0.085000,0.079000,13,1,1,1,1,1,1,1,1,1,1,0,1,0,0,1,1,0.080265,0.000000,0.076229,0.118951,0.126431,0.115547,0.087005,0.094929,0.081515,0.084344,0.000000,0.073221,0.000000,0.000000,0.000000,0.061563,sleep_at_bed,1,480,2298,bed,none,alarm-rings|message-study-group,,0.000000,1.000000,0,suspended,coursework,3.529380,8.072416,active,90,2,clear,24.000000
2,1123,3448223326,32,Day 2 14:18,suspended,coursework,3.529380,8.072416,active,0.300000,0.158069,1.000000,0.808333,0.854167,0.706667,1.000000,0.000000,0.000000,14,1,1,1,1,1,1,1,1,1,1,0,1,1,0,1,1,0.091529,0.000000,0.083128,0.121195,0.128074,0.117744,0.071202,0.000000,0.104880,0.113419,0.000000,0.000000,0.104742,0.000000,0.000000,0.064089,study_focused,1,35,2333,desk,none,,coursework,0.359395,0.933871,0,active,coursework,3.888775,8.072416,active,90,2,clear,24.000000
2,1123,3448223326,33,Day 2 14:53,active,coursework,3.888775,8.072416,active,0.331667,0.282069,0.888431,0.876667,0.883333,0.730000,0.966744,0.000000,0.000000,14,1,1,1,1,1,1,1,1,1,1,0,1,1,0,1,1,0.090990,0.000000,0.083184,0.122723,0.130330,0.110242,0.075572,0.000000,0.105511,0.114469,0.000000,0.000000,0.103076,0.000000,0.000000,0.063903,turn_off_alarm,1,1,2334,alarm,none,,,0.000000,1.000000,0,active,coursework,3.888775,8.072416,active,90,2,clear,24.000000
2,1123,3448223326,34,Day 2 14:54,active,coursework,3.888775,8.072416,active,0.332000,0.282469,0.888431,0.906333,0.884167,0.730667,0.947104,0.000000,0.000000,13,1,1,1,1,1,1,1,1,1,1,0,1,0,0,1,1,0.101500,0.000000,0.092792,0.136484,0.145256,0.122776,0.084429,0.000000,0.117739,0.127746,0.000000,0.000000,0.000000,0.000000,0.000000,0.071278,study_at_computer,1,35,2369,computer,none,weather-rain,coursework,0.907689,1.033910,0,active,coursework,4.796465,8.072416,active,90,2,rain,24.000000
2,1123,3448223326,35,Day 2 15:29,active,coursework,4.796465,8.072416,active,0.363667,0.407643,0.776863,0.974667,0.913333,0.754000,0.909696,0.045000,0.000000,13,1,1,1,1,1,1,1,1,1,1,0,1,0,0,1,1,0.094870,0.000000,0.087369,0.116810,0.124932,0.110691,0.086562,0.000000,0.112468,0.122421,0.000000,0.076393,0.000000,0.000000,0.000000,0.067484,go_to_bathroom,1,15,2384,door,none,,,0.000000,1.000000,0,suspended,coursework,4.796465,8.072416,active,90,2,rain,24.000000
2,1123,3448223326,36,Day 2 15:44,suspended,coursework,4.796465,8.072416,active,0.368667,0.413643,0.776863,1.000000,0.925833,0.144000,0.913314,0.030000,0.000000,13,1,1,1,1,1,1,1,1,1,1,0,1,0,0,1,1,0.103098,0.000000,0.094913,0.112449,0.120488,0.106732,0.093366,0.000000,0.079984,0.133461,0.000000,0.082518,0.000000,0.000000,0.000000,0.072991,use_phone,1,25,2409,phone,none,room-temperature-shift,,0.000000,1.000000,0,suspended,coursework,4.796465,8.072416,active,90,2,rain,24.000000
2,1123,3448223326,37,Day 2 16:09,suspended,coursework,4.796465,8.072416,active,0.157000,0.506122,0.890095,1.000000,0.946667,0.160667,0.939276,0.125000,0.085000,13,1,1,1,1,1,1,1,1,1,1,0,1,0,0,1,1,0.081163,0.000000,0.077553,0.106180,0.113771,0.095251,0.090726,0.101208,0.072389,0.121066,0.000000,0.076691,0.000000,0.000000,0.000000,0.064002,study_focused,1,35,2444,desk,none,,coursework,0.352492,0.915933,0,active,coursework,5.148956,8.072416,active,90,2,rain,24.000000
2,1123,3448223326,38,Day 2 16:44,active,coursework,5.148956,8.072416,active,0.188667,0.630122,0.778526,1.000000,0.975833,0.184000,0.901931,0.090000,0.064000,13,1,1,1,1,1,1,1,1,1,1,0,1,0,0,1,1,0.079529,0.000000,0.076455,0.105115,0.112630,0.097193,0.093041,0.106724,0.071239,0.119526,0.000000,0.076118,0.000000,0.000000,0.000000,0.062427,study_halfhearted,1,35,2479,desk,none,,coursework,0.210063,0.909730,0,active,coursework,5.359019,8.072416,active,90,2,rain,24.000000
2,1123,3448223326,39,Day 2 17:19,active,coursework,5.359019,8.072416,active,0.250333,0.724122,0.719023,1.000000,1.000000,0.207333,0.890434,0.055000,0.043000,13,1,1,1,1,1,1,1,1,1,1,0,1,0,0,1,1,0.081240,0.000000,0.078064,0.098910,0.105981,0.095322,0.096068,0.112635,0.071877,0.120588,0.000000,0.076892,0.000000,0.000000,0.000000,0.062423,sleep_at_bed,1,480,2959,bed,none,evening|task-reminder,,0.000000,1.000000,0,suspended,coursework,5.359019,8.072416,active,90,2,rain,24.000000
2,1123,3448223326,40,Day 3 01:19,suspended,coursework,5.359019,8.072416,active,0.330333,0.389699,0.822255,0.920000,1.000000,0.527333,0.996618,0.000000,0.000000,13,1,1,1,1,1,1,1,1,1,1,0,1,0,0,1,1,0.106994,0.000000,0.098749,0.122997,0.131031,0.113329,0.094938,0.000000,0.109029,0.146828,0.000000,0.000000,0.000000,0.000000,0.000000,0.076106,idle,1,10,2969,,none,,,0.000000,1.000000,0,suspended,coursework,5.359019,8.072416,active,90,2,rain,24.000000
2,1123,3448223326,41,Day 3 01:29,suspended,coursework,5.359019,8.072416,active,0.453667,0.393699,0.945486,0.866667,1.000000,0.534000,1.000000,0.000000,0.000000,13,1,1,1,1,1,1,1,1,1,1,0,1,0,0,1,1,0.108851,0.000000,0.098882,0.127012,0.134788,0.119534,0.091358,0.000000,0.105197,0.141021,0.000000,0.000000,0.000000,0.000000,0.000000,0.073357,idle,1,10,2979,,none,,,0.000000,1.000000,0,suspended,coursework,5.359019,8.072416,active,90,2,rain,24.000000
2,1123,3448223326,42,Day 3 01:39,suspended,coursework,5.359019,8.072416,active,0.577000,0.397699,1.000000,0.813333,1.000000,0.540667,1.000000,0.000000,0.000000,13,1,1,1,1,1,1,1,1,1,1,0,1,0,0,1,1,0.112111,0.000000,0.100240,0.127442,0.134724,0.124790,0.089023,0.000000,0.102756,0.137119,0.000000,0.000000,0.000000,0.000000,0.000000,0.071796,use_phone,1,25,3004,phone,none,,,0.000000,1.000000,0,suspended,coursework,5.359019,8.072416,active,90,2,rain,24.000000
2,1123,3448223326,43,Day 3 02:04,suspended,coursework,5.359019,8.072416,active,0.365333,0.490178,1.000000,0.845000,1.000000,0.557333,1.000000,0.095000,0.085000,13,1,1,1,1,1,1,1,1,1,1,0,1,0,0,1,1,0.084476,0.000000,0.078395,0.107332,0.113725,0.102535,0.082954,0.092406,0.089012,0.117427,0.000000,0.071187,0.000000,0.000000,0.000000,0.060552,use_computer,1,30,3034,computer,none,,,0.000000,1.000000,0,suspended,coursework,5.359019,8.072416,active,90,2,rain,24.000000
2,1123,3448223326,44,Day 3 02:34,suspended,coursework,5.359019,8.072416,active,0.215333,0.604265,1.000000,0.835000,1.000000,0.577333,1.000000,0.175000,0.067000,13,1,1,1,1,1,1,1,1,1,1,0,1,0,0,1,1,0.076353,0.000000,0.073071,0.104783,0.110944,0.099439,0.090518,0.104342,0.089933,0.117024,0.000000,0.073899,0.000000,0.000000,0.000000,0.059694,study_at_computer,1,35,3069,computer,none,,coursework,0.949695,1.081757,0,active,coursework,6.308714,8.072416,active,90,2,rain,24.000000
2,1123,3448223326,45,Day 3 03:09,active,coursework,6.308714,8.072416,active,0.247000,0.729439,0.888431,0.903333,1.000000,0.600667,0.966744,0.220000,0.046000,13,1,1,1,1,1,1,1,1,1,1,0,1,0,0,1,1,0.069128,0.000000,0.066644,0.097569,0.103817,0.089416,0.089869,0.107050,0.083215,0.106560,0.000000,0.069885,0.000000,0.000000,0.062101,0.054745,use_computer,1,30,3099,computer,none,,,0.000000,1.000000,0,active,coursework,6.308714,8.072416,active,90,2,rain,24.000000
2,1123,3448223326,46,Day 3 03:39,active,coursework,6.308714,8.072416,active,0.097000,0.843527,0.981663,0.893333,1.000000,0.620667,0.997471,0.300000,0.028000,13,1,1,1,1,1,1,1,1,1,1,0,1,0,0,1,1,0.061300,0.000000,0.060943,0.099174,0.105449,0.086020,0.095997,0.118591,0.082486,0.104187,0.000000,0.071175,0.000000,0.000000,0.061942,0.052735,go_to_bathroom,1,15,3114,door,none,,,0.000000,1.000000,0,suspended,coursework,6.308714,8.072416,active,90,2,rain,24.000000
2,1123,3448223326,47,Day 3 03:54,suspended,coursework,6.308714,8.072416,active,0.102000,0.849527,0.981663,0.968474,1.000000,0.010667,1.000000,0.285000,0.019000,13,1,1,1,1,1,1,1,1,1,1,0,1,0,0,1,1,0.069510,0.000000,0.069081,0.099604,0.106482,0.086539,0.108049,0.133606,0.000000,0.117543,0.000000,0.080221,0.000000,0.000000,0.069849,0.059517,close_curtain,1,1,3115,window,none,,,0.000000,1.000000,0,suspended,coursework,6.308714,8.072416,active,90,2,rain,24.000000
2,1123,3448223326,48,Day 3 03:55,suspended,coursework,6.308714,8.072416,active,0.102333,0.849927,0.981663,0.978140,1.000000,0.011333,1.000000,0.284000,0.018400,13,1,1,1,1,1,1,1,1,1,1,0,1,0,1,0,1,0.074597,0.000000,0.074135,0.106849,0.114307,0.094879,0.115900,0.143321,0.000000,0.126102,0.000000,0.086057,0.000000,0.000000,0.000000,0.063852,study_focused,1,35,3150,desk,none,,coursework,0.349425,0.907965,0,active,coursework,6.658140,8.072416,active,90,2,rain,24.000000
2,1123,3448223326,49,Day 3 04:30,active,coursework,6.658140,8.072416,active,0.134000,0.973927,0.870095,1.000000,1.000000,0.034667,0.966062,0.249000,0.000000,13,1,1,1,1,1,1,1,1,1,1,0,1,0,1,0,1,0.072947,0.000000,0.072938,0.105615,0.113166,0.096644,0.118588,0.150827,0.000000,0.121878,0.000000,0.085242,0.000000,0.000000,0.000000,0.062155,sleep_at_bed,1,480,3630,bed,none,alarm-rings|weather-rain|room-temperature-shift,,0.000000,1.000000,0,suspended,coursework,6.658140,8.072416,active,90,2,rain,24.000000
2,1123,3448223326,50,Day 3 12:30,suspended,coursework,6.658140,8.072416,active,0.244000,0.639504,0.973326,0.920000,1.000000,0.354667,1.000000,0.000000,0.000000,14,1,1,1,1,1,1,1,1,1,1,0,1,1,1,0,1,0.074880,0.000000,0.071429,0.095772,0.102028,0.084841,0.080933,0.093269,0.072120,0.109351,0.000000,0.067696,0.091721,0.000000,0.000000,0.055960,idle,1,10,3640,,none,,,0.000000,1.000000,0,suspended,coursework,6.658140,8.072416,active,90,2,rain,24.000000
2,1123,3448223326,51,Day 3 12:40,suspended,coursework,6.658140,8.072416,active,0.367333,0.643504,1.000000,0.866667,1.000000,0.361333,1.000000,0.000000,0.000000,14,1,1,1,1,1,1,1,1,1,1,0,1,1,1,0,1,0.078005,0.000000,0.073239,0.095613,0.101467,0.088780,0.079767,0.092022,0.071253,0.107543,0.000000,0.066642,0.090205,0.000000,0.000000,0.055463,sleep_at_bed,1,480,4120,bed,none,task-reminder|message-study-group|evening,,0.000000,1.000000,0,suspended,coursework,6.658140,8.072416,active,90,3,rain,24.000000
2,1123,3448223326,52,Day 3 20:40,suspended,coursework,6.658140,8.072416,active,0.447333,0.309081,1.000000,0.786667,1.000000,0.681333,1.000000,0.000000,0.000000,14,1,1,1,1,1,1,1,1,1,1,0,1,1,1,0,1,0.095661,0.000000,0.086336,0.116535,0.122956,0.109411,0.076356,0.000000,0.101848,0.123393,0.000000,0.000000,0.103499,0.000000,0.000000,0.064006,use_phone,1,25,4145,phone,none,,,0.000000,1.000000,0,suspended,coursework,6.658140,8.072416,active,90,3,rain,24.000000
2,1123,3448223326,53,Day 3 21:05,suspended,coursework,6.658140,8.072416,active,0.235667,0.401559,1.000000,0.818333,1.000000,0.698000,1.000000,0.095000,0.085000,14,1,1,1,1,1,1,1,1,1,1,0,1,1,1,0,1,0.079930,0.000000,0.074874,0.108834,0.115094,0.099689,0.078898,0.000000,0.097833,0.117180,0.000000,0.069519,0.098287,0.000000,0.000000,0.059861,idle,1,10,4155,,none,,,0.000000,1.000000,0,suspended,coursework,6.658140,8.072416,active,90,3,rain,24.000000
2,1123,3448223326,54,Day 3 21:15,suspended,coursework,6.658140,8.072416,active,0.359000,0.405559,1.000000,0.765000,1.000000,0.704667,1.000000,0.085000,0.079000,14,1,1,1,1,1,1,1,1,1,1,0,1,1,1,0,1,0.083682,0.000000,0.077144,0.107259,0.112992,0.103710,0.077700,0.000000,0.096930,0.115567,0.000000,0.068517,0.096935,0.000000,0.000000,0.059566,rest_at_bed,1,60,4215,bed,none,,,0.000000,1.000000,0,suspended,coursework,6.658140,8.072416,active,90,3,rain,24.000000
2,1123,3448223326,55,Day 3 22:15,suspended,coursework,6.658140,8.072416,active,0.419000,0.150433,1.000000,0.795000,1.000000,0.744667,1.000000,0.000000,0.043000,14,1,1,1,1,1,1,1,1,1,1,0,1,1,1,0,1,0.101553,0.000000,0.090740,0.127252,0.134345,0.124691,0.000000,0.000000,0.112878,0.130935,0.000000,0.000000,0.109825,0.000000,0.000000,0.067780,idle,1,10,4225,,none,,,0.000000,1.000000,0,suspended,coursework,6.658140,8.072416,active,90,3,rain,24.000000
2,1123,3448223326,56,Day 3 22:25,suspended,coursework,6.658140,8.072416,active,0.542333,0.154433,1.000000,0.741667,1.000000,0.751333,1.000000,0.000000,0.037000,14,1,1,1,1,1,1,1,1,1,1,0,1,1,1,0,1,0.098540,0.000000,0.086661,0.116484,0.122504,0.120488,0.068255,0.000000,0.103876,0.119942,0.000000,0.000000,0.100605,0.000000,0.000000,0.062645,idle,1,10,4235,,none,,,0.000000,1.000000,0,suspended,coursework,6.658140,8.072416,active,90,3,rain,24.000000
2,1123,3448223326,57,Day 3 22:35,suspended,coursework,6.658140,8.072416,active,0.665667,0.158433,1.000000,0.688333,1.000000,0.758000,1.000000,0.000000,0.031000,14,1,1,1,1,1,1,1,1,1,1,0,1,1,1,0,1,0.096104,0.000000,0.083188,0.107172,0.112278,0.117021,0.062981,0.000000,0.096080,0.110434,0.000000,0.000000,0.092629,0.063919,0.000000,0.058195,use_phone,1,25,4260,phone,none,,,0.000000,1.000000,0,suspended,coursework,6.658140,8.072416,active,90,3,rain,24.000000
2,1123,3448223326,58,Day 3 23:00,suspended,coursework,6.658140,8.072416,active,0.454000,0.250911,1.000000,0.720000,1.000000,0.774667,1.000000,0.095000,0.116000,14,1,1,1,1,1,1,1,1,1,1,0,1,1,1,0,1,0.086337,0.065785,0.077568,0.107615,0.113000,0.114639,0.069970,0.000000,0.099231,0.112758,0.000000,0.000000,0.094578,0.000000,0.000000,0.058518,use_computer,1,30,4290,computer,none,,,0.000000,1.000000,0,suspended,coursework,6.658140,8.072416,active,90,3,rain,24.000000
2,1123,3448223326,59,Day 3 23:30,suspended,coursework,6.658140,8.072416,active,0.304000,0.364999,1.000000,0.710000,1.000000,0.794667,1.000000,0.175000,0.098000,14,1,1,1,1,1,1,1,1,1,1,0,1,1,1,0,1,0.079251,0.000000,0.073426,0.106695,0.111953,0.112908,0.077540,0.000000,0.101819,0.114120,0.000000,0.067981,0.095721,0.000000,0.000000,0.058587,turn_off_alarm,1,1,4291,alarm,none,,,0.000000,1.000000,0,suspended,coursework,6.658140,8.072416,active,90,3,rain,24.000000
2,1123,3448223326,60,Day 3 23:31,suspended,coursework,6.658140,8.072416,active,0.304333,0.365399,1.000000,0.739667,1.000000,0.795333,0.980478,0.174000,0.097400,13,1,1,1,1,1,1,1,1,1,1,0,1,0,1,0,1,0.087466,0.000000,0.081036,0.117375,0.123424,0.127109,0.085657,0.000000,0.112388,0.125908,0.000000,0.074998,0.000000,0.000000,0.000000,0.064640,study_halfhearted,1,35,4326,desk,none,,coursework,0.208909,0.904732,0,active,coursework,6.867048,8.072416,active,90,3,rain,24.000000
2,1123,3448223326,61,Day 4 00:06,active,coursework,6.867048,8.072416,active,0.366000,0.459399,0.940497,0.748000,1.000000,0.818667,0.977222,0.139000,0.076400,13,1,1,1,1,1,1,1,1,1,1,0,1,0,1,0,1,0.080894,0.000000,0.074912,0.112382,0.118244,0.102077,0.080028,0.088497,0.102666,0.113188,0.000000,0.068593,0.000000,0.000000,0.000000,0.058520,idle,1,10,4336,,none,,,0.000000,1.000000,0,active,coursework,6.867048,8.072416,active,90,3,rain,24.000000
2,1123,3448223326,62,Day 4 00:16,active,coursework,6.867048,8.072416,active,0.489333,0.463399,1.000000,0.694667,1.000000,0.825333,1.000000,0.129000,0.070400,13,1,1,1,1,1,1,1,1,1,1,0,1,0,1,0,1,0.083966,0.000000,0.076521,0.114105,0.119595,0.105226,0.078009,0.086450,0.100846,0.110674,0.000000,0.067026,0.000000,0.000000,0.000000,0.057583,idle,1,10,4346,,none,,,0.000000,1.000000,0,active,coursework,6.867048,8.072416,active,90,3,rain,24.000000
2,1123,3448223326,63,Day 4 00:26,active,coursework,6.867048,8.072416,active,0.612667,0.467399,1.000000,0.641333,1.000000,0.832000,1.000000,0.119000,0.064400,13,1,1,1,1,1,1,1,1,1,1,0,1,0,1,0,1,0.088069,0.000000,0.078986,0.112660,0.117627,0.107320,0.076966,0.085337,0.100098,0.109351,0.000000,0.066182,0.000000,0.000000,0.000000,0.057404,idle,1,10,4356,,none,,,0.000000,1.000000,0,active,coursework,6.867048,8.072416,active,90,3,rain,24.000000
2,1123,3448223326,64,Day 4 00:36,active,coursework,6.867048,8.072416,active,0.736000,0.471399,1.000000,0.588000,1.000000,0.838667,1.000000,0.109000,0.058400,13,1,1,1,1,1,1,1,1,1,1,0,1,0,1,0,1,0.086843,0.000000,0.076649,0.104575,0.108765,0.102904,0.071391,0.079196,0.093408,0.101577,0.000000,0.061437,0.000000,0.059454,0.000000,0.053800,rest_at_bed,1,60,4416,bed,none,,,0.000000,1.000000,0,suspended,coursework,6.867048,8.072416,active,90,3,rain,24.000000
2,1123,3448223326,65,Day 4 01:36,suspended,coursework,6.867048,8.072416,active,0.796000,0.216272,1.000000,0.618000,1.000000,0.878667,1.000000,0.000000,0.022400,13,1,1,1,1,1,1,1,1,1,1,0,1,0,1,0,1,0.111406,0.000000,0.095272,0.116229,0.121149,0.113420,0.071217,0.000000,0.114390,0.121023,0.000000,0.000000,0.000000,0.071515,0.000000,0.064379,study_halfhearted,1,35,4451,desk,none,,coursework,0.224004,0.970107,0,active,coursework,7.091053,8.072416,active,90,3,rain,24.000000
2,1123,3448223326,66,Day 4 02:11,active,coursework,7.091053,8.072416,active,0.857667,0.310272,0.940497,0.626333,1.000000,0.902000,0.996744,0.000000,0.001400,13,1,1,1,1,1,1,1,1,1,1,0,1,0,1,0,1,0.109475,0.000000,0.093625,0.119140,0.124258,0.121111,0.072140,0.000000,0.111872,0.116477,0.000000,0.000000,0.000000,0.069506,0.000000,0.062397,study_halfhearted,1,35,4486,desk,none,,coursework,0.229620,0.994427,0,active,coursework,7.320673,8.072416,active,90,3,rain,24.000000
2,1123,3448223326,67,Day 4 02:46,active,coursework,7.320673,8.072416,active,0.919333,0.404272,0.880994,0.634667,1.000000,0.925333,0.991274,0.000000,0.000000,13,1,1,1,1,1,1,1,1,1,1,0,1,0,1,0,1,0.104935,0.000000,0.089746,0.106087,0.110711,0.112358,0.071291,0.000000,0.106720,0.109347,0.000000,0.063920,0.000000,0.065894,0.000000,0.058991,open_curtain,1,1,4487,window,none,,,0.000000,1.000000,0,active,coursework,7.320673,8.072416,active,90,3,rain,24.000000
2,1123,3448223326,68,Day 4 02:47,active,coursework,7.320673,8.072416,active,0.949667,0.404672,0.880994,0.644333,1.000000,0.926000,0.991626,0.000000,0.000000,13,1,1,1,1,1,1,1,1,1,1,0,1,0,0,1,1,0.113509,0.000000,0.096695,0.113134,0.118147,0.120772,0.076042,0.000000,0.113864,0.116613,0.000000,0.068174,0.000000,0.000000,0.000000,0.063049,study_halfhearted,1,35,4522,desk,none,,coursework,0.239384,1.036713,0,active,coursework,7.560056,8.072416,active,90,3,rain,24.000000
2,1123,3448223326,69,Day 4 03:22,active,coursework,7.560056,8.072416,active,1.000000,0.498672,0.821490,0.652667,1.000000,0.949333,0.983941,0.000000,0.000000,13,1,1,1,1,1,1,1,1,1,1,0,1,0,0,1,1,0.115563,0.000000,0.098596,0.107536,0.112369,0.119269,0.080256,0.000000,0.115987,0.116899,0.000000,0.069926,0.000000,0.000000,0.000000,0.063598,turn_light_off,1,1,4523,light,none,,,0.000000,1.000000,0,active,coursework,7.560056,8.072416,active,90,3,rain,24.000000
2,1123,3448223326,70,Day 4 03:23,active,coursework,7.560056,8.072416,active,1.000000,0.499072,0.821490,0.672333,1.000000,0.950000,0.984230,0.000000,0.000000,10,1,1,1,0,0,0,1,1,1,1,1,0,0,0,1,1,0.171031,0.000000,0.145926,0.000000,0.000000,0.000000,0.118805,0.000000,0.171743,0.173015,0.125353,0.000000,0.000000,0.000000,0.000000,0.094127,rest_at_bed,1,60,4583,bed,none,,,0.000000,1.000000,0,suspended,coursework,7.560056,8.072416,active,90,3,rain,24.000000
2,1123,3448223326,71,Day 4 04:23,suspended,coursework,7.560056,8.072416,active,1.000000,0.243945,0.894722,0.702333,1.000000,0.990000,1.000000,0.000000,0.000000,10,1,1,1,0,0,0,1,1,1,1,1,0,0,0,1,1,0.175553,0.000000,0.146507,0.000000,0.000000,0.000000,0.103762,0.000000,0.177230,0.173704,0.129041,0.000000,0.000000,0.000000,0.000000,0.094203,get_meal,1,35,4618,door,none,,,0.000000,1.000000,0,suspended,coursework,7.560056,8.072416,active,90,3,rain,24.000000
2,1123,3448223326,72,Day 4 04:58,suspended,coursework,7.560056,8.072416,active,0.971667,0.257945,0.894722,0.810807,0.479167,1.000000,1.000000,0.000000,0.000000,10,1,1,1,0,0,0,1,1,1,1,1,0,0,0,1,1,0.182634,0.000000,0.153171,0.000000,0.000000,0.000000,0.110360,0.000000,0.188364,0.130030,0.136209,0.000000,0.000000,0.000000,0.000000,0.099232,get_meal,1,35,4653,door,none,,,0.000000,1.000000,0,suspended,coursework,7.560056,8.072416,active,90,3,rain,24.000000
2,1123,3448223326,73,Day 4 05:33,suspended,coursework,7.560056,8.072416,active,0.943333,0.271945,0.894722,0.919281,0.000000,1.000000,1.000000,0.000000,0.000000,10,1,1,1,0,0,0,1,1,1,1,1,0,0,0,1,1,0.207730,0.000000,0.175082,0.000000,0.000000,0.000000,0.128330,0.000000,0.217381,0.000000,0.157192,0.000000,0.000000,0.000000,0.000000,0.114285,rest_at_bed,1,60,4713,bed,none,,,0.000000,1.000000,0,suspended,coursework,7.560056,8.072416,active,90,3,rain,24.000000
2,1123,3448223326,74,Day 4 06:33,suspended,coursework,7.560056,8.072416,active,1.000000,0.016818,0.967954,0.949281,0.050000,1.000000,1.000000,0.000000,0.000000,10,1,1,1,0,0,0,1,1,1,1,1,0,0,0,1,1,0.245248,0.000000,0.200681,0.000000,0.000000,0.000000,0.000000,0.000000,0.244437,0.000000,0.181007,0.000000,0.000000,0.000000,0.000000,0.128627,use_computer,1,30,4743,computer,none,,,0.000000,1.000000,0,suspended,coursework,7.560056,8.072416,active,90,3,rain,24.000000
2,1123,3448223326,75,Day 4 07:03,suspended,coursework,7.560056,8.072416,active,0.850000,0.130906,1.000000,0.939281,0.075000,1.000000,1.000000,0.080000,0.000000,10,1,1,1,0,0,0,1,1,1,1,1,0,0,0,1,1,0.201818,0.000000,0.170303,0.000000,0.000000,0.000000,0.124854,0.000000,0.221786,0.000000,0.165951,0.000000,0.000000,0.000000,0.000000,0.115289,rest_at_bed,1,60,4803,bed,none,alarm-rings,,0.000000,1.000000,0,suspended,coursework,7.560056,8.072416,active,90,3,rain,24.000000
2,1123,3448223326,76,Day 4 08:03,suspended,coursework,7.560056,8.072416,active,0.940000,0.000000,1.000000,0.969281,0.125000,1.000000,1.000000,0.000000,0.000000,11,1,1,1,0,0,0,1,1,1,1,1,0,1,0,1,1,0.200618,0.000000,0.165220,0.000000,0.000000,0.000000,0.000000,0.000000,0.205368,0.000000,0.153666,0.000000,0.167675,0.000000,0.000000,0.107452,go_to_bathroom,1,15,4818,door,none,,,0.000000,1.000000,0,suspended,coursework,7.560056,8.072416,active,90,3,rain,24.000000
2,1123,3448223326,77,Day 4 08:18,suspended,coursework,7.560056,8.072416,active,0.945000,0.006000,1.000000,1.000000,0.137500,0.390000,1.000000,0.000000,0.000000,11,1,1,1,0,0,0,1,1,1,1,1,0,1,0,1,1,0.216020,0.000000,0.177881,0.000000,0.000000,0.000000,0.000000,0.000000,0.145186,0.000000,0.165162,0.000000,0.180219,0.000000,0.000000,0.115532,use_phone,1,25,4843,phone,none,,,0.000000,1.000000,0,suspended,coursework,7.560056,8.072416,active,90,3,rain,24.000000
2,1123,3448223326,78,Day 4 08:43,suspended,coursework,7.560056,8.072416,active,0.733333,0.098479,1.000000,1.000000,0.158333,0.406667,1.000000,0.095000,0.085000,11,1,1,1,0,0,0,1,1,1,1,1,0,1,0,1,1,0.143023,0.093560,0.122237,0.000000,0.000000,0.000000,0.092375,0.000000,0.110508,0.092784,0.124282,0.000000,0.135612,0.000000,0.000000,0.085617,go_to_bathroom,1,15,4858,door,none,,,0.000000,1.000000,0,suspended,coursework,7.560056,8.072416,active,90,3,rain,24.000000
2,1123,3448223326,79,Day 4 08:58,suspended,coursework,7.560056,8.072416,active,0.738333,0.104479,1.000000,1.000000,0.170833,0.000000,1.000000,0.080000,0.076000,11,1,1,1,0,0,0,1,1,1,1,1,0,1,0,1,1,0.180176,0.000000,0.153936,0.000000,0.000000,0.000000,0.115531,0.000000,0.000000,0.117257,0.155774,0.000000,0.169975,0.000000,0.000000,0.107350,turn_light_on,1,1,4859,light,none,,,0.000000,1.000000,0,suspended,coursework,7.560056,8.072416,active,90,3,rain,24.000000
2,1123,3448223326,80,Day 4 08:59,suspended,coursework,7.560056,8.072416,active,0.738667,0.104879,1.000000,1.000000,0.171667,0.000667,1.000000,0.079000,0.075400,14,1,1,1,1,1,1,1,1,1,1,0,1,1,0,1,1,0.115251,0.000000,0.098464,0.142533,0.152723,0.164809,0.073865,0.000000,0.000000,0.075020,0.000000,0.000000,0.108689,0.000000,0.000000,0.068645,turn_off_alarm,1,1,4860,alarm,none,,,0.000000,1.000000,0,suspended,coursework,7.560056,8.072416,active,90,3,rain,24.000000
2,1123,3448223326,81,Day 4 09:00,suspended,coursework,7.560056,8.072416,active,0.739000,0.105279,1.000000,1.000000,0.172500,0.001333,0.980478,0.078000,0.074800,13,1,1,1,1,1,1,1,1,1,1,0,1,0,0,1,1,0.128956,0.000000,0.110171,0.158969,0.170334,0.188102,0.082725,0.000000,0.000000,0.083959,0.000000,0.000000,0.000000,0.000000,0.000000,0.076784,study_at_computer,1,35,4895,computer,none,task-completed,coursework,0.844911,0.962402,0,none,,8.072416,8.072416,completed,90,3,rain,24.000000
2,1123,3448223326,82,Day 4 09:35,none,,8.072416,8.072416,completed,0.770667,0.230453,0.256210,1.000000,0.201667,0.024667,0.397222,0.123000,0.053800,10,1,1,1,0,0,0,1,1,1,1,0,1,0,0,1,1,0.257731,0.000000,0.221808,0.000000,0.000000,0.000000,0.188652,0.000000,0.000000,0.172044,0.000000,0.000000,0.000000,0.000000,0.000000,0.159765,use_computer,1,30,4925,computer,none,,,0.000000,1.000000,0,none,,8.072416,8.072416,completed,90,3,rain,24.000000
2,1123,3448223326,83,Day 4 10:05,none,,8.072416,8.072416,completed,0.620667,0.344541,0.256210,0.990000,0.226667,0.044667,0.397222,0.203000,0.035800,10,1,1,1,0,0,0,1,1,1,1,0,1,0,0,1,1,0.202523,0.000000,0.179740,0.000000,0.000000,0.000000,0.178968,0.000000,0.000000,0.151539,0.000000,0.150301,0.000000,0.000000,0.000000,0.136929,rest_at_bed,1,60,4985,bed,none,,,0.000000,1.000000,0,none,,8.072416,8.072416,completed,90,3,rain,24.000000
2,1123,3448223326,84,Day 4 11:05,none,,8.072416,8.072416,completed,0.680667,0.089414,0.256210,1.000000,0.276667,0.084667,0.397222,0.003000,0.000000,10,1,1,1,0,0,0,1,1,1,1,0,1,0,0,1,1,0.260868,0.000000,0.224030,0.000000,0.000000,0.000000,0.170081,0.000000,0.000000,0.183711,0.000000,0.000000,0.000000,0.000000,0.000000,0.161310,idle,1,10,4995,,none,,,0.000000,1.000000,0,none,,8.072416,8.072416,completed,90,3,rain,24.000000
2,1123,3448223326,85,Day 4 11:15,none,,8.072416,8.072416,completed,0.804000,0.093414,0.256210,0.946667,0.285000,0.091333,0.397222,0.000000,0.000000,10,1,1,1,0,0,0,1,1,1,1,0,1,0,0,1,1,0.268985,0.000000,0.227354,0.000000,0.000000,0.000000,0.165634,0.000000,0.000000,0.179700,0.000000,0.000000,0.000000,0.000000,0.000000,0.158327,use_computer,1,30,5025,computer,none,,,0.000000,1.000000,0,none,,8.072416,8.072416,completed,90,3,rain,24.000000
2,1123,3448223326,86,Day 4 11:45,none,,8.072416,8.072416,completed,0.654000,0.207501,0.256210,0.936667,0.310000,0.111333,0.397222,0.080000,0.000000,10,1,1,1,0,0,0,1,1,1,1,0,1,0,0,1,1,0.249632,0.000000,0.217589,0.000000,0.000000,0.000000,0.185579,0.000000,0.000000,0.186937,0.000000,0.000000,0.000000,0.000000,0.000000,0.160263,use_computer,1,30,5055,computer,none,,,0.000000,1.000000,0,none,,8.072416,8.072416,completed,90,3,rain,24.000000
2,1123,3448223326,87,Day 4 12:15,none,,8.072416,8.072416,completed,0.504000,0.321589,0.256210,0.926667,0.335000,0.131333,0.397222,0.160000,0.000000,10,1,1,1,0,0,0,1,1,1,1,0,1,0,0,1,1,0.196023,0.000000,0.176200,0.000000,0.000000,0.000000,0.175931,0.000000,0.000000,0.164543,0.000000,0.150040,0.000000,0.000000,0.000000,0.137262,use_computer,1,30,5085,computer,none,weather-clear,,0.000000,1.000000,0,none,,8.072416,8.072416,completed,90,3,clear,24.000000
2,1123,3448223326,88,Day 4 12:45,none,,8.072416,8.072416,completed,0.354000,0.435676,0.256210,0.916667,0.360000,0.151333,0.397222,0.240000,0.000000,10,1,1,1,0,0,0,1,1,1,1,0,1,0,0,1,1,0.132176,0.000000,0.122522,0.000000,0.000000,0.000000,0.143217,0.151762,0.108813,0.124366,0.000000,0.116196,0.000000,0.000000,0.000000,0.100949,use_phone,1,25,5110,phone,none,,,0.000000,1.000000,0,none,,8.072416,8.072416,completed,90,3,clear,24.000000
2,1123,3448223326,89,Day 4 13:10,none,,8.072416,8.072416,completed,0.142333,0.528155,0.256210,0.948333,0.380833,0.168000,0.397222,0.335000,0.085000,10,1,1,1,0,0,0,1,1,1,1,0,1,0,0,1,1,0.115107,0.000000,0.110745,0.000000,0.000000,0.000000,0.154238,0.168311,0.108940,0.124798,0.000000,0.119461,0.000000,0.000000,0.000000,0.098400,get_meal,1,35,5145,door,none,,,0.000000,1.000000,0,none,,8.072416,8.072416,completed,90,3,clear,24.000000
2,1123,3448223326,90,Day 4 13:45,none,,8.072416,8.072416,completed,0.114000,0.542155,0.256210,1.000000,0.000000,0.191333,0.397222,0.300000,0.064000,10,1,1,1,0,0,0,1,1,1,1,0,1,0,0,1,1,0.130778,0.000000,0.126382,0.000000,0.000000,0.000000,0.175566,0.191925,0.126646,0.000000,0.000000,0.136359,0.000000,0.000000,0.000000,0.112345,idle,1,10,5155,,none,,,0.000000,1.000000,0,none,,8.072416,8.072416,completed,90,3,clear,24.000000
2,1123,3448223326,91,Day 4 13:55,none,,8.072416,8.072416,completed,0.237333,0.546155,0.256210,0.946667,0.008333,0.198000,0.397222,0.290000,0.058000,10,1,1,1,0,0,0,1,1,1,1,0,1,0,0,1,1,0.136808,0.000000,0.130109,0.000000,0.000000,0.000000,0.172762,0.188955,0.125376,0.000000,0.000000,0.134288,0.000000,0.000000,0.000000,0.111701,use_phone,1,25,5180,phone,none,,,0.000000,1.000000,0,none,,8.072416,8.072416,completed,90,3,clear,24.000000
2,1123,3448223326,92,Day 4 14:20,none,,8.072416,8.072416,completed,0.025667,0.638634,0.256210,0.978333,0.029167,0.214667,0.397222,0.385000,0.143000,10,1,1,1,0,0,0,1,1,1,1,0,1,0,0,1,1,0.095369,0.097697,0.094138,0.000000,0.000000,0.000000,0.148933,0.167747,0.100477,0.000000,0.000000,0.110513,0.000000,0.000000,0.097969,0.087156,use_computer,1,30,5210,computer,none,,,0.000000,1.000000,0,none,,8.072416,8.072416,completed,90,3,clear,24.000000
2,1123,3448223326,93,Day 4 14:50,none,,8.072416,8.072416,completed,0.000000,0.752721,0.256210,0.968333,0.054167,0.234667,0.397222,0.465000,0.125000,10,1,1,1,0,0,0,1,1,1,1,0,1,0,0,1,1,0.000000,0.000000,0.000000,0.000000,0.000000,0.000000,0.215403,0.251057,0.134555,0.000000,0.000000,0.152058,0.000000,0.000000,0.132016,0.114910,sleep_at_bed,1,480,5690,bed,none,message-study-group|evening|room-temperature-shift,,0.000000,1.000000,0,none,,8.072416,8.072416,completed,90,4,clear,24.000000
2,1123,3448223326,94,Day 4 22:50,none,,8.072416,8.072416,completed,0.080000,0.418298,0.256210,0.888333,0.454167,0.554667,0.397222,0.000000,0.000000,10,1,1,1,0,0,0,1,1,1,1,0,1,0,0,1,1,0.143222,0.000000,0.136948,0.000000,0.000000,0.000000,0.151967,0.000000,0.167676,0.154588,0.000000,0.129988,0.000000,0.000000,0.000000,0.115610,idle,1,10,5700,,none,,,0.000000,1.000000,0,none,,8.072416,8.072416,completed,90,4,clear,24.000000
2,1123,3448223326,95,Day 4 23:00,none,,8.072416,8.072416,completed,0.203333,0.422298,0.256210,0.835000,0.462500,0.561333,0.397222,0.000000,0.000000,10,1,1,1,0,0,0,1,1,1,1,0,1,0,0,1,1,0.149110,0.000000,0.140333,0.000000,0.000000,0.000000,0.149688,0.000000,0.165559,0.152778,0.000000,0.127886,0.000000,0.000000,0.000000,0.114646,go_to_bathroom,1,15,5715,door,none,,,0.000000,1.000000,0,none,,8.072416,8.072416,completed,90,4,clear,24.000000
2,1123,3448223326,96,Day 4 23:15,none,,8.072416,8.072416,completed,0.208333,0.428298,0.256210,0.910140,0.475000,0.000000,0.397222,0.000000,0.000000,10,1,1,1,0,0,0,1,1,1,1,0,1,0,0,1,1,0.178488,0.000000,0.167959,0.000000,0.000000,0.000000,0.179435,0.000000,0.000000,0.184057,0.000000,0.153027,0.000000,0.000000,0.000000,0.137034,turn_light_off,1,1,5716,light,none,,,0.000000,1.000000,0,none,,8.072416,8.072416,completed,90,4,clear,24.000000
2,1123,3448223326,97,Day 4 23:16,none,,8.072416,8.072416,completed,0.208667,0.428698,0.256210,0.929807,0.475833,0.000667,0.397222,0.000000,0.000000,10,1,1,1,0,0,0,1,1,1,1,1,0,0,0,1,1,0.210717,0.000000,0.198285,0.000000,0.000000,0.000000,0.211854,0.000000,0.000000,0.217383,0.000000,0.000000,0.000000,0.000000,0.000000,0.161761,get_meal,1,35,5751,door,none,,,0.000000,1.000000,0,none,,8.072416,8.072416,completed,90,4,clear,24.000000
2,1123,3448223326,98,Day 4 23:51,none,,8.072416,8.072416,completed,0.180333,0.442698,0.256210,1.000000,0.000000,0.024000,0.397222,0.000000,0.000000,10,1,1,1,0,0,0,1,1,1,1,1,0,0,0,1,1,0.266607,0.000000,0.252120,0.000000,0.000000,0.000000,0.274037,0.000000,0.000000,0.000000,0.000000,0.000000,0.000000,0.000000,0.000000,0.207235,rest_at_bed,1,60,5811,bed,none,,,0.000000,1.000000,0,none,,8.072416,8.072416,completed,90,4,clear,24.000000
2,1123,3448223326,99,Day 5 00:51,none,,8.072416,8.072416,completed,0.240333,0.187571,0.256210,1.000000,0.050000,0.064000,0.397222,0.000000,0.000000,10,1,1,1,0,0,0,1,1,1,1,1,0,0,0,1,1,0.284789,0.000000,0.261353,0.000000,0.000000,0.000000,0.242432,0.000000,0.000000,0.000000,0.000000,0.000000,0.000000,0.000000,0.000000,0.211425,use_phone,1,25,5836,phone,none,,,0.000000,1.000000,0,none,,8.072416,8.072416,completed,90,4,clear,24.000000
2,1123,3448223326,100,Day 5 01:16,none,,8.072416,8.072416,completed,0.028667,0.280050,0.256210,1.000000,0.070833,0.080667,0.397222,0.095000,0.085000,10,1,1,1,0,0,0,1,1,1,1,1,0,0,0,1,1,0.260675,0.000000,0.248295,0.000000,0.000000,0.000000,0.274420,0.000000,0.000000,0.000000,0.000000,0.000000,0.000000,0.000000,0.000000,0.216610,idle,1,10,5846,,none,,,0.000000,1.000000,0,none,,8.072416,8.072416,completed,90,4,clear,24.000000
2,1123,3448223326,101,Day 5 01:26,none,,8.072416,8.072416,completed,0.152000,0.284050,0.256210,0.946667,0.079167,0.087333,0.397222,0.085000,0.079000,10,1,1,1,0,0,0,1,1,1,1,1,0,0,0,1,1,0.269004,0.000000,0.252158,0.000000,0.000000,0.000000,0.266383,0.000000,0.000000,0.000000,0.000000,0.000000,0.000000,0.000000,0.000000,0.212455,use_computer,1,30,5876,computer,none,,,0.000000,1.000000,0,none,,8.072416,8.072416,completed,90,4,clear,24.000000
2,1123,3448223326,102,Day 5 01:56,none,,8.072416,8.072416,completed,0.002000,0.398138,0.256210,0.936667,0.104167,0.107333,0.397222,0.165000,0.061000,10,1,1,1,0,0,0,1,1,1,1,1,0,0,0,1,1,0.248534,0.000000,0.240249,0.000000,0.000000,0.000000,0.297125,0.000000,0.000000,0.000000,0.000000,0.000000,0.000000,0.000000,0.000000,0.214092,use_phone,1,25,5901,phone,none,,,0.000000,1.000000,0,none,,8.072416,8.072416,completed,90,4,clear,24.000000
2,1123,3448223326,103,Day 5 02:21,none,,8.072416,8.072416,completed,0.000000,0.490617,0.256210,0.968333,0.125000,0.124000,0.397222,0.260000,0.146000,10,1,1,1,0,0,0,1,1,1,1,1,0,0,0,1,1,0.150557,0.150123,0.146950,0.000000,0.000000,0.000000,0.201720,0.217088,0.000000,0.000000,0.000000,0.000000,0.000000,0.000000,0.000000,0.133562,rest_at_bed,1,60,5961,bed,none,,,0.000000,1.000000,0,none,,8.072416,8.072416,completed,90,4,clear,24.000000
2,1123,3448223326,104,Day 5 03:21,none,,8.072416,8.072416,completed,0.060000,0.235490,0.256210,0.998333,0.175000,0.164000,0.397222,0.060000,0.110000,10,1,1,1,0,0,0,1,1,1,1,1,0,0,0,1,1,0.180210,0.000000,0.170200,0.000000,0.000000,0.000000,0.178138,0.000000,0.162390,0.162851,0.000000,0.000000,0.000000,0.000000,0.000000,0.146211,go_to_bathroom,1,15,5976,door,none,,,0.000000,1.000000,0,none,,8.072416,8.072416,completed,90,4,clear,24.000000
2,1123,3448223326,105,Day 5 03:36,none,,8.072416,8.072416,completed,0.065000,0.241490,0.256210,1.000000,0.187500,0.000000,0.397222,0.045000,0.101000,10,1,1,1,0,0,0,1,1,1,1,1,0,0,0,1,1,0.215538,0.000000,0.203494,0.000000,0.000000,0.000000,0.211522,0.000000,0.000000,0.195395,0.000000,0.000000,0.000000,0.000000,0.000000,0.174051,get_meal,1,35,6011,door,none,,,0.000000,1.000000,0,none,,8.072416,8.072416,completed,90,4,clear,24.000000
2,1123,3448223326,106,Day 5 04:11,none,,8.072416,8.072416,completed,0.036667,0.255490,0.256210,1.000000,0.000000,0.023333,0.397222,0.010000,0.080000,10,1,1,1,0,0,0,1,1,1,1,1,0,0,0,1,1,0.267165,0.000000,0.253357,0.000000,0.000000,0.000000,0.262680,0.000000,0.000000,0.000000,0.000000,0.000000,0.000000,0.000000,0.000000,0.216797,idle,1,10,6021,,none,,,0.000000,1.000000,0,none,,8.072416,8.072416,completed,90,4,clear,24.000000
2,1123,3448223326,107,Day 5 04:21,none,,8.072416,8.072416,completed,0.160000,0.259490,0.256210,0.946667,0.008333,0.030000,0.397222,0.000000,0.074000,10,1,1,1,0,0,0,1,1,1,1,1,0,0,0,1,1,0.275529,0.000000,0.257138,0.000000,0.000000,0.000000,0.254827,0.000000,0.000000,0.000000,0.000000,0.000000,0.000000,0.000000,0.000000,0.212505,use_phone,1,25,6046,phone,none,,,0.000000,1.000000,0,none,,8.072416,8.072416,completed,90,4,clear,24.000000
2,1123,3448223326,108,Day 5 04:46,none,,8.072416,8.072416,completed,0.000000,0.351969,0.256210,0.978333,0.029167,0.046667,0.397222,0.095000,0.159000,10,1,1,1,0,0,0,1,1,1,1,1,0,0,0,1,1,0.204781,0.196409,0.197017,0.000000,0.000000,0.000000,0.228603,0.000000,0.000000,0.000000,0.000000,0.000000,0.000000,0.000000,0.000000,0.173190,rest_at_bed,1,60,6106,bed,none,,,0.000000,1.000000,0,none,,8.072416,8.072416,completed,90,4,clear,24.000000
2,1123,3448223326,109,Day 5 05:46,none,,8.072416,8.072416,completed,0.060000,0.096842,0.256210,1.000000,0.079167,0.086667,0.397222,0.000000,0.123000,10,1,1,1,0,0,0,1,1,1,1,1,0,0,0,1,1,0.277871,0.000000,0.259077,0.000000,0.000000,0.000000,0.243176,0.000000,0.000000,0.000000,0.000000,0.000000,0.000000,0.000000,0.000000,0.219876,use_phone,1,25,6131,phone,none,,,0.000000,1.000000,0,none,,8.072416,8.072416,completed,90,4,clear,24.000000
2,1123,3448223326,110,Day 5 06:11,none,,8.072416,8.072416,completed,0.000000,0.189321,0.256210,1.000000,0.100000,0.103333,0.397222,0.095000,0.208000,10,1,1,1,0,0,0,1,1,1,1,1,0,0,0,1,1,0.209715,0.205106,0.198938,0.000000,0.000000,0.000000,0.211362,0.000000,0.000000,0.000000,0.000000,0.000000,0.000000,0.000000,0.000000,0.174879,idle,1,10,6141,,none,,,0.000000,1.000000,0,none,,8.072416,8.072416,completed,90,4,clear,24.000000
2,1123,3448223326,111,Day 5 06:21,none,,8.072416,8.072416,completed,0.123333,0.193321,0.256210,0.946667,0.108333,0.110000,0.397222,0.085000,0.202000,10,1,1,1,0,0,0,1,1,1,1,1,0,0,0,1,1,0.217532,0.200752,0.203076,0.000000,0.000000,0.000000,0.206230,0.000000,0.000000,0.000000,0.000000,0.000000,0.000000,0.000000,0.000000,0.172410,use_computer,1,30,6171,computer,none,,,0.000000,1.000000,0,none,,8.072416,8.072416,completed,90,4,clear,24.000000
2,1123,3448223326,112,Day 5 06:51,none,,8.072416,8.072416,completed,0.000000,0.307408,0.256210,0.936667,0.133333,0.130000,0.397222,0.165000,0.184000,10,1,1,1,0,0,0,1,1,1,1,1,0,0,0,1,1,0.202765,0.200090,0.194522,0.000000,0.000000,0.000000,0.229188,0.000000,0.000000,0.000000,0.000000,0.000000,0.000000,0.000000,0.000000,0.173435,rest_at_bed,1,60,6231,bed,none,,,0.000000,1.000000,0,none,,8.072416,8.072416,completed,90,4,clear,24.000000
2,1123,3448223326,113,Day 5 07:51,none,,8.072416,8.072416,completed,0.060000,0.052281,0.256210,0.966667,0.183333,0.170000,0.397222,0.000000,0.148000,10,1,1,1,0,0,0,1,1,1,1,1,0,0,0,1,1,0.186403,0.165124,0.173126,0.000000,0.000000,0.000000,0.000000,0.000000,0.163863,0.164555,0.000000,0.000000,0.000000,0.000000,0.000000,0.146930,use_computer,1,30,6261,computer,none,,,0.000000,1.000000,0,none,,8.072416,8.072416,completed,90,4,clear,24.000000
2,1123,3448223326,114,Day 5 08:21,none,,8.072416,8.072416,completed,0.000000,0.166369,0.256210,0.956667,0.208333,0.190000,0.397222,0.080000,0.130000,10,1,1,1,0,0,0,1,1,1,1,1,0,0,0,1,1,0.152121,0.140287,0.143986,0.000000,0.000000,0.000000,0.149816,0.000000,0.143299,0.144301,0.000000,0.000000,0.000000,0.000000,0.000000,0.126190,get_meal,1,35,6296,door,none,,,0.000000,1.000000,0,none,,8.072416,8.072416,completed,90,4,clear,24.000000
2,1123,3448223326,115,Day 5 08:56,none,,8.072416,8.072416,completed,0.000000,0.180369,0.256210,1.000000,0.000000,0.213333,0.397222,0.045000,0.109000,10,1,1,1,0,0,0,1,1,1,1,1,0,0,0,1,1,0.212936,0.000000,0.201691,0.000000,0.000000,0.000000,0.207326,0.000000,0.202532,0.000000,0.000000,0.000000,0.000000,0.000000,0.000000,0.175516,use_computer,1,30,6326,computer,none,alarm-rings,,0.000000,1.000000,0,none,,8.072416,8.072416,completed,90,4,clear,24.000000
2,1123,3448223326,116,Day 5 09:26,none,,8.072416,8.072416,completed,0.000000,0.294456,0.256210,0.990000,0.025000,0.233333,0.433169,0.125000,0.091000,11,1,1,1,0,0,0,1,1,1,1,1,0,1,0,1,1,0.163271,0.000000,0.156367,0.000000,0.000000,0.000000,0.178404,0.000000,0.161787,0.000000,0.000000,0.000000,0.201878,0.000000,0.000000,0.138293,go_to_bathroom,1,15,6341,door,none,,,0.000000,1.000000,0,none,,8.072416,8.072416,completed,90,4,clear,24.000000
2,1123,3448223326,117,Day 5 09:41,none,,8.072416,8.072416,completed,0.005000,0.300456,0.256210,1.000000,0.037500,0.000000,0.433169,0.110000,0.082000,11,1,1,1,0,0,0,1,1,1,1,1,0,1,0,1,1,0.195488,0.000000,0.187155,0.000000,0.000000,0.000000,0.212065,0.000000,0.000000,0.000000,0.000000,0.000000,0.240489,0.000000,0.000000,0.164802,use_computer,1,30,6371,computer,none,,,0.000000,1.000000,0,none,,8.072416,8.072416,completed,90,4,clear,24.000000
2,1123,3448223326,118,Day 5 10:11,none,,8.072416,8.072416,completed,0.000000,0.414544,0.256210,0.990000,0.062500,0.020000,0.433169,0.190000,0.064000,11,1,1,1,0,0,0,1,1,1,1,1,0,1,0,1,1,0.151140,0.000000,0.146401,0.000000,0.000000,0.000000,0.184912,0.194842,0.000000,0.000000,0.000000,0.000000,0.191513,0.000000,0.000000,0.131193,rest_at_bed,1,60,6431,bed,none,weather-rain,,0.000000,1.000000,0,none,,8.072416,8.072416,completed,90,4,rain,24.000000
2,1123,3448223326,119,Day 5 11:11,none,,8.072416,8.072416,completed,0.060000,0.159417,0.256210,1.000000,0.112500,0.060000,0.433169,0.000000,0.028000,11,1,1,1,0,0,0,1,1,1,1,1,0,1,0,1,1,0.208452,0.000000,0.195410,0.000000,0.000000,0.000000,0.189249,0.000000,0.000000,0.000000,0.000000,0.000000,0.241047,0.000000,0.000000,0.165842,use_computer,1,30,6461,computer,none,,,0.000000,1.000000,0,none,,8.072416,8.072416,completed,90,4,rain,24.000000
2,1123,3448223326,120,Day 5 11:41,none,,8.072416,8.072416,completed,0.000000,0.273504,0.256210,0.990000,0.137500,0.080000,0.433169,0.080000,0.010000,11,1,1,1,0,0,0,1,1,1,1,1,0,1,0,1,1,0.197411,0.000000,0.188597,0.000000,0.000000,0.000000,0.207421,0.000000,0.000000,0.000000,0.000000,0.000000,0.241283,0.000000,0.000000,0.165287,use_computer,1,30,6491,computer,none,,,0.000000,1.000000,0,none,,8.072416,8.072416,completed,90,4,rain,24.000000
2,1123,3448223326,121,Day 5 12:11,none,,8.072416,8.072416,completed,0.000000,0.387592,0.256210,0.980000,0.162500,0.100000,0.433169,0.160000,0.000000,11,1,1,1,0,0,0,1,1,1,1,1,0,1,0,1,1,0.160795,0.000000,0.155322,0.000000,0.000000,0.000000,0.190096,0.000000,0.000000,0.153489,0.000000,0.000000,0.201954,0.000000,0.000000,0.138345,use_computer,1,30,6521,computer,none,,,0.000000,1.000000,0,none,,8.072416,8.072416,completed,90,4,rain,24.000000
2,1123,3448223326,122,Day 5 12:41,none,,8.072416,8.072416,completed,0.000000,0.501679,0.256210,0.970000,0.187500,0.120000,0.433169,0.240000,0.000000,11,1,1,1,0,0,0,1,1,1,1,1,0,1,0,1,1,0.126314,0.000000,0.123370,0.000000,0.000000,0.000000,0.168024,0.181624,0.000000,0.125964,0.000000,0.000000,0.163026,0.000000,0.000000,0.111678,use_phone,1,25,6546,phone,none,,,0.000000,1.000000,0,none,,8.072416,8.072416,completed,90,4,rain,24.000000
2,1123,3448223326,123,Day 5 13:06,none,,8.072416,8.072416,completed,0.000000,0.594158,0.256210,1.000000,0.208333,0.136667,0.433169,0.335000,0.085000,11,1,1,1,0,0,0,1,1,1,1,1,0,1,0,1,1,0.118886,0.000000,0.117211,0.000000,0.000000,0.000000,0.177065,0.197101,0.000000,0.123685,0.000000,0.000000,0.157891,0.000000,0.000000,0.108161,turn_off_alarm,1,1,6547,alarm,none,,,0.000000,1.000000,0,none,,8.072416,8.072416,completed,90,4,rain,24.000000
2,1123,3448223326,124,Day 5 13:07,none,,8.072416,8.072416,completed,0.000333,0.594558,0.256210,1.000000,0.209167,0.137333,0.413169,0.334000,0.084400,10,1,1,1,0,0,0,1,1,1,1,1,0,0,0,1,1,0.123761,0.000000,0.122015,0.000000,0.000000,0.000000,0.184504,0.205096,0.123278,0.128784,0.000000,0.000000,0.000000,0.000000,0.000000,0.112561,use_computer,1,30,6577,computer,none,,,0.000000,1.000000,0,none,,8.072416,8.072416,completed,90,4,rain,24.000000
2,1123,3448223326,125,Day 5 13:37,none,,8.072416,8.072416,completed,0.000000,0.708645,0.256210,0.990000,0.234167,0.157333,0.413169,0.414000,0.066400,10,1,1,1,0,0,0,1,1,1,1,1,0,0,0,1,1,0.114531,0.000000,0.000000,0.000000,0.000000,0.000000,0.192144,0.221022,0.118872,0.124525,0.000000,0.000000,0.000000,0.000000,0.121851,0.107055,idle,1,10,6587,,none,,,0.000000,1.000000,0,none,,8.072416,8.072416,completed,90,4,rain,24.000000
2,1123,3448223326,126,Day 5 13:47,none,,8.072416,8.072416,completed,0.123333,0.712645,0.256210,0.936667,0.242500,0.164000,0.413169,0.404000,0.060400,10,1,1,1,0,0,0,1,1,1,1,1,0,0,0,1,1,0.107785,0.000000,0.105741,0.000000,0.000000,0.000000,0.170096,0.195759,0.105868,0.111004,0.000000,0.000000,0.000000,0.000000,0.107991,0.095757,get_meal,1,35,6622,door,none,,,0.000000,1.000000,0,none,,8.072416,8.072416,completed,90,4,rain,24.000000
2,1123,3448223326,127,Day 5 14:22,none,,8.072416,8.072416,completed,0.095000,0.726645,0.256210,1.000000,0.000000,0.187333,0.413169,0.369000,0.039400,10,1,1,1,0,0,0,1,1,1,1,1,0,0,0,1,1,0.120557,0.000000,0.118797,0.000000,0.000000,0.000000,0.190609,0.219755,0.121162,0.000000,0.000000,0.000000,0.000000,0.000000,0.121492,0.107628,sleep_at_bed,1,480,7102,bed,none,room-temperature-shift|message-study-group|evening,,0.000000,1.000000,0,none,,8.072416,8.072416,completed,90,5,rain,24.000000
2,1123,3448223326,128,Day 5 22:22,none,,8.072416,8.072416,completed,0.175000,0.392222,0.256210,0.920000,0.400000,0.507333,0.413169,0.000000,0.000000,10,1,1,1,0,0,0,1,1,1,1,1,0,0,0,1,1,0.172710,0.000000,0.162726,0.000000,0.000000,0.000000,0.172213,0.000000,0.186769,0.171636,0.000000,0.000000,0.000000,0.000000,0.000000,0.133946,go_to_bathroom,1,15,7117,door,none,,,0.000000,1.000000,0,none,,8.072416,8.072416,completed,90,5,rain,24.000000
2,1123,3448223326,129,Day 5 22:37,none,,8.072416,8.072416,completed,0.180000,0.398222,0.256210,0.995140,0.412500,0.000000,0.413169,0.000000,0.000000,10,1,1,1,0,0,0,1,1,1,1,1,0,0,0,1,1,0.212080,0.000000,0.199793,0.000000,0.000000,0.000000,0.211771,0.000000,0.000000,0.212118,0.000000,0.000000,0.000000,0.000000,0.000000,0.164238,rest_at_bed,1,60,7177,bed,none,,,0.000000,1.000000,0,none,,8.072416,8.072416,completed,90,5,rain,24.000000
2,1123,3448223326,130,Day 5 23:37,none,,8.072416,8.072416,completed,0.240000,0.143095,0.256210,1.000000,0.462500,0.040000,0.413169,0.000000,0.000000,10,1,1,1,0,0,0,1,1,1,1,1,0,0,0,1,1,0.224021,0.000000,0.204804,0.000000,0.000000,0.000000,0.185262,0.000000,0.000000,0.220219,0.000000,0.000000,0.000000,0.000000,0.000000,0.165694,use_computer,1,30,7207,computer,none,,,0.000000,1.000000,0,none,,8.072416,8.072416,completed,90,5,rain,24.000000
2,1123,3448223326,131,Day 6 00:07,none,,8.072416,8.072416,completed,0.090000,0.257183,0.256210,0.990000,0.487500,0.060000,0.413169,0.080000,0.000000,10,1,1,1,0,0,0,1,1,1,1,1,0,0,0,1,1,0.206194,0.000000,0.194396,0.000000,0.000000,0.000000,0.205863,0.000000,0.000000,0.227205,0.000000,0.000000,0.000000,0.000000,0.000000,0.166341,get_meal,1,35,7242,door,none,,,0.000000,1.000000,0,none,,8.072416,8.072416,completed,90,5,rain,24.000000
2,1123,3448223326,132,Day 6 00:42,none,,8.072416,8.072416,completed,0.061667,0.271183,0.256210,1.000000,0.000000,0.083333,0.413169,0.045000,0.000000,10,1,1,1,0,0,0,1,1,1,1,1,0,0,0,1,1,0.266105,0.000000,0.251994,0.000000,0.000000,0.000000,0.266177,0.000000,0.000000,0.000000,0.000000,0.000000,0.000000,0.000000,0.000000,0.215724,idle,1,10,7252,,none,,,0.000000,1.000000,0,none,,8.072416,8.072416,completed,90,5,rain,24.000000
2,1123,3448223326,133,Day 6 00:52,none,,8.072416,8.072416,completed,0.185000,0.275183,0.256210,0.946667,0.008333,0.090000,0.413169,0.035000,0.000000,10,1,1,1,0,0,0,1,1,1,1,1,0,0,0,1,1,0.274473,0.000000,0.255789,0.000000,0.000000,0.000000,0.258255,0.000000,0.000000,0.000000,0.000000,0.000000,0.000000,0.000000,0.000000,0.211482,use_phone,1,25,7277,phone,none,,,0.000000,1.000000,0,none,,8.072416,8.072416,completed,90,5,rain,24.000000
2,1123,3448223326,134,Day 6 01:17,none,,8.072416,8.072416,completed,0.000000,0.367662,0.256210,0.978333,0.029167,0.106667,0.413169,0.130000,0.085000,10,1,1,1,0,0,0,1,1,1,1,1,0,0,0,1,1,0.252123,0.000000,0.243017,0.000000,0.000000,0.000000,0.289715,0.000000,0.000000,0.000000,0.000000,0.000000,0.000000,0.000000,0.000000,0.215145,rest_at_bed,1,60,7337,bed,none,,,0.000000,1.000000,0,none,,8.072416,8.072416,completed,90,5,rain,24.000000
2,1123,3448223326,135,Day 6 02:17,none,,8.072416,8.072416,completed,0.060000,0.112535,0.256210,1.000000,0.079167,0.146667,0.413169,0.000000,0.049000,10,1,1,1,0,0,0,1,1,1,1,1,0,0,0,1,1,0.223293,0.000000,0.208474,0.000000,0.000000,0.000000,0.197122,0.000000,0.194183,0.000000,0.000000,0.000000,0.000000,0.000000,0.000000,0.176929,go_to_bathroom,1,15,7352,door,none,,,0.000000,1.000000,0,none,,8.072416,8.072416,completed,90,5,rain,24.000000
2,1123,3448223326,136,Day 6 02:32,none,,8.072416,8.072416,completed,0.065000,0.118535,0.256210,1.000000,0.091667,0.000000,0.413169,0.000000,0.040000,10,1,1,1,0,0,0,1,1,1,1,1,0,0,0,1,1,0.277103,0.000000,0.258678,0.000000,0.000000,0.000000,0.244974,0.000000,0.000000,0.000000,0.000000,0.000000,0.000000,0.000000,0.000000,0.219245,use_phone,1,25,7377,phone,none,,,0.000000,1.000000,0,none,,8.072416,8.072416,completed,90,5,rain,24.000000
2,1123,3448223326,137,Day 6 02:57,none,,8.072416,8.072416,completed,0.000000,0.211014,0.256210,1.000000,0.112500,0.016667,0.413169,0.095000,0.125000,10,1,1,1,0,0,0,1,1,1,1,1,0,0,0,1,1,0.262717,0.000000,0.249686,0.000000,0.000000,0.000000,0.268106,0.000000,0.000000,0.000000,0.000000,0.000000,0.000000,0.000000,0.000000,0.219490,rest_at_bed,1,60,7437,bed,none,,,0.000000,1.000000,0,none,,8.072416,8.072416,completed,90,5,rain,24.000000
2,1123,3448223326,138,Day 6 03:57,none,,8.072416,8.072416,completed,0.060000,0.000000,0.256210,1.000000,0.162500,0.056667,0.413169,0.000000,0.089000,10,1,1,1,0,0,0,1,1,1,1,1,0,0,0,1,1,0.279639,0.000000,0.258546,0.000000,0.000000,0.000000,0.000000,0.000000,0.000000,0.242391,0.000000,0.000000,0.000000,0.000000,0.000000,0.219425,use_computer,1,30,7467,computer,none,,,0.000000,1.000000,0,none,,8.072416,8.072416,completed,90,5,rain,24.000000
2,1123,3448223326,139,Day 6 04:27,none,,8.072416,8.072416,completed,0.000000,0.114087,0.256210,0.990000,0.187500,0.076667,0.413169,0.080000,0.071000,10,1,1,1,0,0,0,1,1,1,1,1,0,0,0,1,1,0.214991,0.000000,0.202574,0.000000,0.000000,0.000000,0.204653,0.000000,0.000000,0.200246,0.000000,0.000000,0.000000,0.000000,0.000000,0.177536,use_phone,1,25,7492,phone,none,,,0.000000,1.000000,0,none,,8.072416,8.072416,completed,90,5,rain,24.000000
2,1123,3448223326,140,Day 6 04:52,none,,8.072416,8.072416,completed,0.000000,0.206566,0.256210,1.000000,0.208333,0.093333,0.413169,0.175000,0.156000,10,1,1,1,0,0,0,1,1,1,1,1,0,0,0,1,1,0.172411,0.165805,0.163986,0.000000,0.000000,0.000000,0.183759,0.000000,0.000000,0.167533,0.000000,0.000000,0.000000,0.000000,0.000000,0.146506,use_computer,1,30,7522,computer,none,,,0.000000,1.000000,0,none,,8.072416,8.072416,completed,90,5,rain,24.000000
2,1123,3448223326,141,Day 6 05:22,none,,8.072416,8.072416,completed,0.000000,0.320654,0.256210,0.990000,0.233333,0.113333,0.413169,0.255000,0.138000,10,1,1,1,0,0,0,1,1,1,1,1,0,0,0,1,1,0.165966,0.161998,0.159608,0.000000,0.000000,0.000000,0.199030,0.000000,0.000000,0.168477,0.000000,0.000000,0.000000,0.000000,0.000000,0.144921,rest_at_bed,1,60,7582,bed,none,,,0.000000,1.000000,0,none,,8.072416,8.072416,completed,90,5,rain,24.000000
2,1123,3448223326,142,Day 6 06:22,none,,8.072416,8.072416,completed,0.060000,0.065527,0.256210,1.000000,0.283333,0.153333,0.413169,0.055000,0.102000,10,1,1,1,0,0,0,1,1,1,1,1,0,0,0,1,1,0.183491,0.000000,0.170752,0.000000,0.000000,0.000000,0.162348,0.000000,0.161564,0.175308,0.000000,0.000000,0.000000,0.000000,0.000000,0.146537,idle,1,10,7592,,none,,,0.000000,1.000000,0,none,,8.072416,8.072416,completed,90,5,rain,24.000000
2,1123,3448223326,143,Day 6 06:32,none,,8.072416,8.072416,completed,0.183333,0.069527,0.256210,0.946667,0.291667,0.160000,0.413169,0.045000,0.096000,10,1,1,1,0,0,0,1,1,1,1,1,0,0,0,1,1,0.190646,0.000000,0.174592,0.000000,0.000000,0.000000,0.158669,0.000000,0.158857,0.172529,0.000000,0.000000,0.000000,0.000000,0.000000,0.144706,use_computer,1,30,7622,computer,none,,,0.000000,1.000000,0,none,,8.072416,8.072416,completed,90,5,rain,24.000000
2,1123,3448223326,144,Day 6 07:02,none,,8.072416,8.072416,completed,0.033333,0.183614,0.256210,0.936667,0.316667,0.180000,0.413169,0.125000,0.078000,10,1,1,1,0,0,0,1,1,1,1,1,0,0,0,1,1,0.174736,0.000000,0.165022,0.000000,0.000000,0.000000,0.175572,0.000000,0.162757,0.177253,0.000000,0.000000,0.000000,0.000000,0.000000,0.144660,idle,1,10,7632,,none,,,0.000000,1.000000,0,none,,8.072416,8.072416,completed,90,5,rain,24.000000
2,1123,3448223326,145,Day 6 07:12,none,,8.072416,8.072416,completed,0.156667,0.187614,0.256210,0.883333,0.325000,0.186667,0.413169,0.115000,0.072000,10,1,1,1,0,0,0,1,1,1,1,1,0,0,0,1,1,0.181695,0.000000,0.168868,0.000000,0.000000,0.000000,0.171730,0.000000,0.160157,0.174582,0.000000,0.000000,0.000000,0.000000,0.000000,0.142968,idle,1,10,7642,,none,,,0.000000,1.000000,0,none,,8.072416,8.072416,completed,90,5,rain,24.000000
2,1123,3448223326,146,Day 6 07:22,none,,8.072416,8.072416,completed,0.280000,0.191614,0.256210,0.830000,0.333333,0.193333,0.413169,0.105000,0.066000,10,1,1,1,0,0,0,1,1,1,1,1,0,0,0,1,1,0.188826,0.000000,0.172708,0.000000,0.000000,0.000000,0.167879,0.000000,0.157512,0.171857,0.000000,0.000000,0.000000,0.000000,0.000000,0.141217,get_meal,1,35,7677,door,none,,,0.000000,1.000000,0,none,,8.072416,8.072416,completed,90,5,rain,24.000000
2,1123,3448223326,147,Day 6 07:57,none,,8.072416,8.072416,completed,0.251667,0.205614,0.256210,0.938474,0.000000,0.216667,0.413169,0.070000,0.045000,10,1,1,1,0,0,0,1,1,1,1,1,0,0,0,1,1,0.226526,0.000000,0.208111,0.000000,0.000000,0.000000,0.201775,0.000000,0.193348,0.000000,0.000000,0.000000,0.000000,0.000000,0.000000,0.170241,rest_at_bed,1,60,7737,bed,none,,,0.000000,1.000000,0,none,,8.072416,8.072416,completed,90,5,rain,24.000000
2,1123,3448223326,148,Day 6 08:57,none,,8.072416,8.072416,completed,0.311667,0.000000,0.256210,0.968474,0.050000,0.256667,0.413169,0.000000,0.009000,10,1,1,1,0,0,0,1,1,1,1,1,0,0,0,1,1,0.291567,0.000000,0.260801,0.000000,0.000000,0.000000,0.000000,0.000000,0.240617,0.000000,0.000000,0.000000,0.000000,0.000000,0.000000,0.207015,use_phone,1,25,7762,phone,none,alarm-rings,,0.000000,1.000000,0,none,,8.072416,8.072416,completed,90,5,rain,24.000000
2,1123,3448223326,149,Day 6 09:22,none,,8.072416,8.072416,completed,0.130000,0.092479,0.256210,1.000000,0.070833,0.273333,0.449115,0.095000,0.094000,11,1,1,1,0,0,0,1,1,1,1,1,0,1,0,1,1,0.176265,0.000000,0.163000,0.000000,0.000000,0.000000,0.156673,0.000000,0.164890,0.000000,0.000000,0.000000,0.200752,0.000000,0.000000,0.138420,go_to_bathroom,1,15,7777,door,none,,,0.000000,1.000000,0,none,,8.072416,8.072416,completed,90,5,rain,24.000000
2,1123,3448223326,150,Day 6 09:37,none,,8.072416,8.072416,completed,0.135000,0.098479,0.256210,1.000000,0.083333,0.000000,0.449115,0.080000,0.085000,11,1,1,1,0,0,0,1,1,1,1,1,0,1,0,1,1,0.211793,0.000000,0.195784,0.000000,0.000000,0.000000,0.186892,0.000000,0.000000,0.000000,0.000000,0.000000,0.239993,0.000000,0.000000,0.165537,turn_off_alarm,1,1,7778,alarm,none,,,0.000000,1.000000,0,none,,8.072416,8.072416,completed,90,5,rain,24.000000
2,1123,3448223326,151,Day 6 09:38,none,,8.072416,8.072416,completed,0.135333,0.098879,0.256210,1.000000,0.084167,0.000667,0.429115,0.079000,0.084400,10,1,1,1,0,0,0,1,1,1,1,1,0,0,0,1,1,0.278627,0.000000,0.257561,0.000000,0.000000,0.000000,0.246106,0.000000,0.000000,0.000000,0.000000,0.000000,0.000000,0.000000,0.000000,0.217706,use_computer,1,30,7808,computer,none,,,0.000000,1.000000,0,none,,8.072416,8.072416,completed,90,5,rain,24.000000
2,1123,3448223326,152,Day 6 10:08,none,,8.072416,8.072416,completed,0.000000,0.212966,0.256210,0.990000,0.109167,0.020667,0.429115,0.159000,0.066400,10,1,1,1,0,0,0,1,1,1,1,1,0,0,0,1,1,0.259218,0.000000,0.246630,0.000000,0.000000,0.000000,0.274523,0.000000,0.000000,0.000000,0.000000,0.000000,0.000000,0.000000,0.000000,0.219629,rest_at_bed,1,60,7868,bed,none,weather-clear,,0.000000,1.000000,0,none,,8.072416,8.072416,completed,90,5,clear,24.000000
2,1123,3448223326,153,Day 6 11:08,none,,8.072416,8.072416,completed,0.060000,0.000000,0.256210,1.000000,0.159167,0.060667,0.429115,0.000000,0.030400,10,1,1,1,0,0,0,1,1,1,1,1,0,0,0,1,1,0.279788,0.000000,0.258683,0.000000,0.000000,0.000000,0.000000,0.000000,0.000000,0.241987,0.000000,0.000000,0.000000,0.000000,0.000000,0.219542,idle,1,10,7878,,none,,,0.000000,1.000000,0,none,,8.072416,8.072416,completed,90,5,clear,24.000000
2,1123,3448223326,154,Day 6 11:18,none,,8.072416,8.072416,completed,0.183333,0.004000,0.256210,0.946667,0.167500,0.067333,0.429115,0.000000,0.024400,10,1,1,1,0,0,0,1,1,1,1,1,0,0,0,1,1,0.287485,0.000000,0.261616,0.000000,0.000000,0.000000,0.000000,0.000000,0.000000,0.236030,0.000000,0.000000,0.000000,0.000000,0.000000,0.214869,use_computer,1,30,7908,computer,none,,,0.000000,1.000000,0,none,,8.072416,8.072416,completed,90,5,clear,24.000000
2,1123,3448223326,155,Day 6 11:48,none,,8.072416,8.072416,completed,0.033333,0.118087,0.256210,0.936667,0.192500,0.087333,0.429115,0.080000,0.006400,10,1,1,1,0,0,0,1,1,1,1,1,0,0,0,1,1,0.216809,0.000000,0.203464,0.000000,0.000000,0.000000,0.203455,0.000000,0.000000,0.199529,0.000000,0.000000,0.000000,0.000000,0.000000,0.176743,rest_at_bed,1,60,7968,bed,none,message-study-group,,0.000000,1.000000,0,none,,8.072416,8.072416,completed,90,6,clear,24.000000
2,1123,3448223326,156,Day 6 12:48,none,,8.072416,8.072416,completed,0.093333,0.000000,0.256210,0.966667,0.242500,0.127333,0.429115,0.000000,0.000000,10,1,1,1,0,0,0,1,1,1,1,1,0,0,0,1,1,0.278205,0.000000,0.256096,0.000000,0.000000,0.000000,0.000000,0.000000,0.000000,0.250271,0.000000,0.000000,0.000000,0.000000,0.000000,0.215428,get_meal,1,35,8003,door,none,,,0.000000,1.000000,0,none,,8.072416,8.072416,completed,90,6,clear,24.000000
2,1123,3448223326,157,Day 6 13:23,none,,8.072416,8.072416,completed,0.065000,0.014000,0.256210,1.000000,0.000000,0.150667,0.429115,0.000000,0.000000,10,1,1,1,0,0,0,1,1,1,1,1,0,0,0,1,1,0.279976,0.000000,0.259002,0.000000,0.000000,0.000000,0.000000,0.000000,0.241502,0.000000,0.000000,0.000000,0.000000,0.000000,0.000000,0.219520,go_to_bathroom,1,15,8018,door,none,,,0.000000,1.000000,0,none,,8.072416,8.072416,completed,90,6,clear,24.000000
2,1123,3448223326,158,Day 6 13:38,none,,8.072416,8.072416,completed,0.070000,0.020000,0.256210,1.000000,0.012500,0.000000,0.429115,0.000000,0.000000,10,1,1,1,0,0,0,1,1,1,1,1,0,0,0,1,1,0.369293,0.000000,0.341581,0.000000,0.000000,0.000000,0.000000,0.000000,0.000000,0.000000,0.000000,0.000000,0.000000,0.000000,0.000000,0.289126,use_phone,1,25,8043,phone,none,,,0.000000,1.000000,0,none,,8.072416,8.072416,completed,90,6,clear,24.000000
2,1123,3448223326,159,Day 6 14:03,none,,8.072416,8.072416,completed,0.000000,0.112479,0.256210,1.000000,0.033333,0.016667,0.429115,0.095000,0.085000,10,1,1,1,0,0,0,1,1,1,1,1,0,0,0,1,1,0.268183,0.000000,0.252713,0.000000,0.000000,0.000000,0.256953,0.000000,0.000000,0.000000,0.000000,0.000000,0.000000,0.000000,0.000000,0.222151,rest_at_bed,1,60,8103,bed,none,,,0.000000,1.000000,0,none,,8.072416,8.072416,completed,90,6,clear,24.000000
2,1123,3448223326,160,Day 6 15:03,none,,8.072416,8.072416,completed,0.060000,0.000000,0.256210,1.000000,0.083333,0.056667,0.429115,0.000000,0.049000,10,1,1,1,0,0,0,1,1,1,1,1,0,0,0,1,1,0.369107,0.000000,0.341265,0.000000,0.000000,0.000000,0.000000,0.000000,0.000000,0.000000,0.000000,0.000000,0.000000,0.000000,0.000000,0.289628,use_phone,1,25,8128,phone,none,,,0.000000,1.000000,0,none,,8.072416,8.072416,completed,90,6,clear,24.000000
2,1123,3448223326,161,Day 6 15:28,none,,8.072416,8.072416,completed,0.000000,0.092479,0.256210,1.000000,0.104167,0.073333,0.429115,0.095000,0.134000,10,1,1,1,0,0,0,1,1,1,1,1,0,0,0,1,1,0.215722,0.198859,0.202926,0.000000,0.000000,0.000000,0.204108,0.000000,0.000000,0.000000,0.000000,0.000000,0.000000,0.000000,0.000000,0.178385,use_phone,1,25,8153,phone,none,,,0.000000,1.000000,0,none,,8.072416,8.072416,completed,90,6,clear,24.000000
2,1123,3448223326,162,Day 6 15:53,none,,8.072416,8.072416,completed,0.000000,0.184958,0.256210,1.000000,0.125000,0.090000,0.429115,0.190000,0.219000,10,1,1,1,0,0,0,1,1,1,1,1,0,0,0,1,1,0.205533,0.206675,0.195165,0.000000,0.000000,0.000000,0.217736,0.000000,0.000000,0.000000,0.000000,0.000000,0.000000,0.000000,0.000000,0.174891,use_phone,1,25,8178,phone,none,room-temperature-shift,,0.000000,1.000000,0,none,,8.072416,8.072416,completed,90,6,clear,17.000000
2,1123,3448223326,163,Day 6 16:18,none,,8.072416,8.072416,completed,0.000000,0.317437,0.256210,0.971667,0.145833,0.106667,0.429115,0.285000,0.304000,10,1,1,1,0,0,0,1,1,1,1,1,0,0,0,1,1,0.163354,0.179803,0.157121,0.000000,0.000000,0.000000,0.198692,0.000000,0.000000,0.157500,0.000000,0.000000,0.000000,0.000000,0.000000,0.143531,get_meal,1,35,8213,door,none,,,0.000000,1.000000,0,none,,8.072416,8.072416,completed,90,6,clear,17.000000
2,1123,3448223326,164,Day 6 16:53,none,,8.072416,8.072416,completed,0.000000,0.331437,0.256210,1.000000,0.000000,0.130000,0.429115,0.250000,0.283000,10,1,1,1,0,0,0,1,1,1,1,1,0,0,0,1,1,0.195459,0.210716,0.188134,0.000000,0.000000,0.000000,0.235041,0.000000,0.000000,0.000000,0.000000,0.000000,0.000000,0.000000,0.000000,0.170649,idle,1,10,8223,,none,,,0.000000,1.000000,0,none,,8.072416,8.072416,completed,90,6,clear,17.000000
2,1123,3448223326,165,Day 6 17:03,none,,8.072416,8.072416,completed,0.123333,0.335437,0.256210,0.946667,0.008333,0.136667,0.429115,0.240000,0.277000,10,1,1,1,0,0,0,1,1,1,1,1,0,0,0,1,1,0.203027,0.206530,0.192315,0.000000,0.000000,0.000000,0.229654,0.000000,0.000000,0.000000,0.000000,0.000000,0.000000,0.000000,0.000000,0.168473,rest_at_bed,1,60,8283,bed,none,,,0.000000,1.000000,0,none,,8.072416,8.072416,completed,90,6,clear,17.000000
2,1123,3448223326,166,Day 6 18:03,none,,8.072416,8.072416,completed,0.183333,0.080310,0.256210,0.976667,0.058333,0.176667,0.429115,0.040000,0.241000,10,1,1,1,0,0,0,1,1,1,1,1,0,0,0,1,1,0.190148,0.172326,0.174287,0.000000,0.000000,0.000000,0.158689,0.000000,0.160242,0.000000,0.000000,0.000000,0.000000,0.000000,0.000000,0.144307,use_computer,1,30,8313,computer,none,evening,,0.000000,1.000000,0,none,,8.072416,8.072416,completed,90,6,clear,17.000000
2,1123,3448223326,167,Day 6 18:33,none,,8.072416,8.072416,completed,0.033333,0.194397,0.256210,0.966667,0.083333,0.196667,0.429115,0.120000,0.223000,10,1,1,1,0,0,0,1,1,1,1,1,0,0,0,1,1,0.175359,0.171860,0.165753,0.000000,0.000000,0.000000,0.176680,0.000000,0.165193,0.000000,0.000000,0.000000,0.000000,0.000000,0.000000,0.145154,use_phone,1,25,8338,phone,none,,,0.000000,1.000000,0,none,,8.072416,8.072416,completed,90,6,clear,17.000000
2,1123,3448223326,168,Day 6 18:58,none,,8.072416,8.072416,completed,0.000000,0.286876,0.256210,0.998333,0.104167,0.213333,0.429115,0.215000,0.308000,10,1,1,1,0,0,0,1,1,1,1,1,0,0,0,1,1,0.165356,0.179284,0.158465,0.000000,0.000000,0.000000,0.189479,0.000000,0.164692,0.000000,0.000000,0.000000,0.000000,0.000000,0.000000,0.142724,use_phone,1,25,8363,phone,none,,,0.000000,1.000000,0,none,,8.072416,8.072416,completed,90,6,clear,17.000000
2,1123,3448223326,169,Day 6 19:23,none,,8.072416,8.072416,completed,0.000000,0.379355,0.256210,1.000000,0.125000,0.230000,0.429115,0.310000,0.393000,10,1,1,1,0,0,0,1,1,1,1,1,0,0,0,1,1,0.129773,0.153483,0.125538,0.000000,0.000000,0.000000,0.166498,0.174913,0.134534,0.000000,0.000000,0.000000,0.000000,0.000000,0.000000,0.115261,idle,1,10,8373,,none,,,0.000000,1.000000,0,none,,8.072416,8.072416,completed,90,6,clear,17.000000
2,1123,3448223326,170,Day 6 19:33,none,,8.072416,8.072416,completed,0.123333,0.383355,0.256210,0.946667,0.133333,0.236667,0.429115,0.300000,0.387000,10,1,1,1,0,0,0,1,1,1,1,1,0,0,0,1,1,0.135711,0.151454,0.129197,0.000000,0.000000,0.000000,0.163785,0.172149,0.133141,0.000000,0.000000,0.000000,0.000000,0.000000,0.000000,0.114563,use_phone,1,25,8398,phone,none,,,0.000000,1.000000,0,none,,8.072416,8.072416,completed,90,6,clear,17.000000
2,1123,3448223326,171,Day 6 19:58,none,,8.072416,8.072416,completed,0.000000,0.475834,0.256210,0.978333,0.154167,0.253333,0.429115,0.395000,0.472000,10,1,1,1,0,0,0,1,1,1,1,1,0,0,0,1,1,0.120991,0.155171,0.000000,0.000000,0.000000,0.000000,0.173240,0.187513,0.130916,0.121790,0.000000,0.000000,0.000000,0.000000,0.000000,0.110379,use_phone,1,25,8423,phone,none,,,0.000000,1.000000,0,none,,8.072416,8.072416,completed,90,6,clear,17.000000
2,1123,3448223326,172,Day 6 20:23,none,,8.072416,8.072416,completed,0.000000,0.568313,0.256210,1.000000,0.175000,0.270000,0.429115,0.490000,0.557000,10,1,1,1,0,0,0,1,1,1,1,1,0,0,0,1,1,0.100387,0.140440,0.000000,0.000000,0.000000,0.000000,0.160938,0.179388,0.113061,0.105421,0.000000,0.000000,0.000000,0.000000,0.106125,0.094240,shop_on_phone,1,20,8443,phone,none,,,0.000000,1.000000,0,none,,8.072416,8.072416,completed,60,6,clear,17.000000
2,1123,3448223326,173,Day 6 20:43,none,,8.072416,8.072416,completed,0.006667,0.577878,0.256210,1.000000,0.191667,0.283333,0.429115,0.550000,0.000000,10,1,1,1,0,0,0,1,1,1,1,1,0,0,0,1,1,0.000000,0.000000,0.000000,0.000000,0.000000,0.000000,0.214037,0.239953,0.147727,0.137998,0.000000,0.000000,0.000000,0.000000,0.138214,0.122071,go_to_bathroom,1,15,8458,door,none,,,0.000000,1.000000,0,none,,8.072416,8.072416,completed,60,6,clear,17.000000
2,1123,3448223326,174,Day 6 20:58,none,,8.072416,8.072416,completed,0.011667,0.583878,0.256210,1.000000,0.204167,0.000000,0.429115,0.535000,0.000000,10,1,1,1,0,0,0,1,1,1,1,1,0,0,0,1,1,0.000000,0.000000,0.000000,0.000000,0.000000,0.000000,0.250499,0.281043,0.000000,0.163198,0.000000,0.000000,0.000000,0.000000,0.162033,0.143228,idle,1,10,8468,,none,,,0.000000,1.000000,0,none,,8.072416,8.072416,completed,60,6,clear,17.000000
2,1123,3448223326,175,Day 6 21:08,none,,8.072416,8.072416,completed,0.135000,0.587878,0.256210,0.946667,0.212500,0.006667,0.429115,0.525000,0.000000,10,1,1,1,0,0,0,1,1,1,1,1,0,0,0,1,1,0.122035,0.000000,0.118459,0.000000,0.000000,0.000000,0.189696,0.212933,0.000000,0.124446,0.000000,0.000000,0.000000,0.000000,0.122841,0.109591,sleep_at_bed,1,480,8948,bed,none,,,0.000000,1.000000,0,none,,8.072416,8.072416,completed,60,6,clear,17.000000
2,1123,3448223326,176,Day 7 05:08,none,,8.072416,8.072416,completed,0.215000,0.253455,0.256210,0.866667,0.612500,0.326667,0.429115,0.000000,0.000000,10,1,1,1,0,0,0,1,1,1,1,1,0,0,0,1,1,0.178223,0.000000,0.165042,0.000000,0.000000,0.000000,0.159654,0.000000,0.165076,0.197590,0.000000,0.000000,0.000000,0.000000,0.000000,0.134415,idle,1,10,8958,,none,,,0.000000,1.000000,0,none,,8.072416,8.072416,completed,60,6,clear,17.000000
2,1123,3448223326,177,Day 7 05:18,none,,8.072416,8.072416,completed,0.338333,0.257455,0.256210,0.813333,0.620833,0.333333,0.429115,0.000000,0.000000,10,1,1,1,0,0,0,1,1,1,1,1,0,0,0,1,1,0.184903,0.000000,0.168533,0.000000,0.000000,0.000000,0.156712,0.000000,0.162425,0.194596,0.000000,0.000000,0.000000,0.000000,0.000000,0.132831,use_computer,1,30,8988,computer,none,,,0.000000,1.000000,0,none,,8.072416,8.072416,completed,60,6,clear,17.000000
2,1123,3448223326,178,Day 7 05:48,none,,8.072416,8.072416,completed,0.188333,0.371543,0.256210,0.803333,0.645833,0.353333,0.429115,0.080000,0.000000,10,1,1,1,0,0,0,1,1,1,1,1,0,0,0,1,1,0.169253,0.000000,0.159088,0.000000,0.000000,0.000000,0.173181,0.000000,0.166197,0.199665,0.000000,0.000000,0.000000,0.000000,0.000000,0.132616,go_to_bathroom,1,15,9003,door,none,,,0.000000,1.000000,0,none,,8.072416,8.072416,completed,60,6,clear,17.000000
2,1123,3448223326,179,Day 7 06:03,none,,8.072416,8.072416,completed,0.193333,0.377543,0.256210,0.878474,0.658333,0.000000,0.429115,0.065000,0.000000,10,1,1,1,0,0,0,1,1,1,1,1,0,0,0,1,1,0.203305,0.000000,0.191028,0.000000,0.000000,0.000000,0.206521,0.000000,0.000000,0.240597,0.000000,0.000000,0.000000,0.000000,0.000000,0.158548,use_phone,1,25,9028,phone,none,,,0.000000,1.000000,0,none,,8.072416,8.072416,completed,60,6,clear,17.000000
2,1123,3448223326,180,Day 7 06:28,none,,8.072416,8.072416,completed,0.000000,0.470022,0.256210,0.910140,0.679167,0.016667,0.429115,0.160000,0.085000,10,1,1,1,0,0,0,1,1,1,1,1,0,0,0,1,1,0.147802,0.000000,0.143795,0.000000,0.000000,0.000000,0.184079,0.196426,0.000000,0.199820,0.000000,0.000000,0.000000,0.000000,0.000000,0.128078,use_phone,1,25,9053,phone,none,,,0.000000,1.000000,0,none,,8.072416,8.072416,completed,60,6,clear,17.000000
2,1123,3448223326,181,Day 7 06:53,none,,8.072416,8.072416,completed,0.000000,0.562500,0.256210,0.941807,0.700000,0.033333,0.429115,0.255000,0.170000,10,1,1,1,0,0,0,1,1,1,1,1,0,0,0,1,1,0.121508,0.123805,0.119329,0.000000,0.000000,0.000000,0.169440,0.186192,0.000000,0.171379,0.000000,0.000000,0.000000,0.000000,0.000000,0.108348,get_meal,1,35,9088,door,none,,,0.000000,1.000000,0,none,,8.072416,8.072416,completed,60,6,clear,17.000000
2,1123,3448223326,182,Day 7 07:28,none,,8.072416,8.072416,completed,0.000000,0.576500,0.256210,1.000000,0.179167,0.056667,0.429115,0.220000,0.149000,10,1,1,1,0,0,0,1,1,1,1,1,0,0,0,1,1,0.128918,0.128653,0.126696,0.000000,0.000000,0.000000,0.177730,0.195648,0.000000,0.128130,0.000000,0.000000,0.000000,0.000000,0.000000,0.114226,use_phone,1,25,9113,phone,none,,,0.000000,1.000000,0,none,,8.072416,8.072416,completed,60,6,clear,17.000000
2,1123,3448223326,183,Day 7 07:53,none,,8.072416,8.072416,completed,0.000000,0.668979,0.256210,1.000000,0.200000,0.073333,0.429115,0.315000,0.234000,10,1,1,1,0,0,0,1,1,1,1,1,0,0,0,1,1,0.106981,0.116458,0.106129,0.000000,0.000000,0.000000,0.165135,0.187200,0.000000,0.110927,0.000000,0.000000,0.000000,0.000000,0.109631,0.097539,use_phone,1,25,9138,phone,none,alarm-rings,,0.000000,1.000000,0,none,,8.072416,8.072416,completed,60,6,clear,17.000000
2,1123,3448223326,184,Day 7 08:18,none,,8.072416,8.072416,completed,0.000000,0.761458,0.256210,1.000000,0.220833,0.090000,0.465062,0.410000,0.319000,11,1,1,1,0,0,0,1,1,1,1,1,0,1,0,1,1,0.096148,0.114173,0.000000,0.000000,0.000000,0.000000,0.165742,0.193990,0.000000,0.104008,0.000000,0.000000,0.132443,0.000000,0.103290,0.090207,sleep_at_bed,1,388,9526,bed,none,room-temperature-shift,,0.000000,1.000000,0,none,,8.072416,8.072416,completed,60,6,clear,17.000000
2,1123,3448223326,185,Day 7 14:46,none,,8.072416,8.072416,completed,0.049333,0.395317,0.256210,0.950667,0.544167,0.348667,0.465062,0.000000,0.086200,11,1,1,1,0,0,0,1,1,1,1,1,0,1,0,1,1,0.138674,0.000000,0.132870,0.000000,0.000000,0.000000,0.146415,0.000000,0.142692,0.160820,0.000000,0.000000,0.165443,0.000000,0.000000,0.113085,go_to_bathroom,1,15,9541,door,none,weather-rain,,0.000000,1.000000,0,none,,8.072416,8.072416,completed,60,6,rain,17.000000
2,1123,3448223326,186,Day 7 15:01,none,,8.072416,8.072416,completed,0.054333,0.401317,0.256210,1.000000,0.556667,0.000000,0.465062,0.000000,0.077200,11,1,1,1,0,0,0,1,1,1,1,1,0,1,0,1,1,0.161612,0.000000,0.154827,0.000000,0.000000,0.000000,0.170877,0.000000,0.000000,0.188628,0.000000,0.000000,0.192457,0.000000,0.000000,0.131598,turn_off_alarm,1,1,9542,alarm,none,,,0.000000,1.000000,0,none,,8.072416,8.072416,completed,60,6,rain,17.000000
2,1123,3448223326,187,Day 7 15:02,none,,8.072416,8.072416,completed,0.054667,0.401717,0.256210,1.000000,0.557500,0.000667,0.445062,0.000000,0.076600,10,1,1,1,0,0,0,1,1,1,1,1,0,0,0,1,1,0.200047,0.000000,0.191646,0.000000,0.000000,0.000000,0.211841,0.000000,0.000000,0.233588,0.000000,0.000000,0.000000,0.000000,0.000000,0.162879,get_meal,1,35,9577,door,none,,,0.000000,1.000000,0,none,,8.072416,8.072416,completed,60,6,rain,17.000000
2,1123,3448223326,188,Day 7 15:37,none,,8.072416,8.072416,completed,0.026333,0.415717,0.256210,1.000000,0.036667,0.024000,0.445062,0.000000,0.055600,10,1,1,1,0,0,0,1,1,1,1,1,0,0,0,1,1,0.258412,0.000000,0.248786,0.000000,0.000000,0.000000,0.279762,0.000000,0.000000,0.000000,0.000000,0.000000,0.000000,0.000000,0.000000,0.213040,use_phone,1,25,9602,phone,none,,,0.000000,1.000000,0,none,,8.072416,8.072416,completed,60,6,rain,17.000000
2,1123,3448223326,189,Day 7 16:02,none,,8.072416,8.072416,completed,0.000000,0.508195,0.256210,1.000000,0.057500,0.040667,0.445062,0.095000,0.140600,10,1,1,1,0,0,0,1,1,1,1,1,0,0,0,1,1,0.157746,0.151435,0.153834,0.000000,0.000000,0.000000,0.193594,0.208160,0.000000,0.000000,0.000000,0.000000,0.000000,0.000000,0.000000,0.135230,sleep_at_bed,1,480,10082,bed,none,message-study-group|evening,,0.000000,1.000000,0,none,,8.072416,8.072416,completed,60,7,rain,17.000000
2,1123,3448223326,190,Day 8 00:02,none,,8.072416,8.072416,completed,0.080000,0.173772,0.256210,0.920000,0.457500,0.360667,0.445062,0.000000,0.000000,10,1,1,1,0,0,0,1,1,1,1,1,0,0,0,1,1,0.175579,0.000000,0.164366,0.000000,0.000000,0.000000,0.159209,0.000000,0.176142,0.185947,0.000000,0.000000,0.000000,0.000000,0.000000,0.138756,get_meal,1,35,10117,door,none,,,0.000000,1.000000,0,none,,8.072416,8.072416,completed,60,7,rain,17.000000
2,1123,3448223326,191,Day 8 00:37,none,,8.072416,8.072416,completed,0.051667,0.187772,0.256210,1.000000,0.000000,0.384000,0.445062,0.000000,0.000000,10,1,1,1,0,0,0,1,1,1,1,1,0,0,0,1,1,0.212661,0.000000,0.200066,0.000000,0.000000,0.000000,0.197144,0.000000,0.219960,0.000000,0.000000,0.000000,0.000000,0.000000,0.000000,0.170170,go_to_bathroom,1,15,10132,door,none,,,0.000000,1.000000,0,none,,8.072416,8.072416,completed,60,7,rain,17.000000
2,1123,3448223326,192,Day 8 00:52,none,,8.072416,8.072416,completed,0.056667,0.193772,0.256210,1.000000,0.012500,0.000000,0.445062,0.000000,0.000000,10,1,1,1,0,0,0,1,1,1,1,1,0,0,0,1,1,0.272627,0.000000,0.256445,0.000000,0.000000,0.000000,0.253094,0.000000,0.000000,0.000000,0.000000,0.000000,0.000000,0.000000,0.000000,0.217835,idle,1,10,10142,,none,,,0.000000,1.000000,0,none,,8.072416,8.072416,completed,60,7,rain,17.000000
2,1123,3448223326,193,Day 8 01:02,none,,8.072416,8.072416,completed,0.180000,0.197772,0.256210,0.946667,0.020833,0.006667,0.445062,0.000000,0.000000,10,1,1,1,0,0,0,1,1,1,1,1,0,0,0,1,1,0.280487,0.000000,0.259684,0.000000,0.000000,0.000000,0.246358,0.000000,0.000000,0.000000,0.000000,0.000000,0.000000,0.000000,0.000000,0.213471,idle,1,10,10152,,none,,,0.000000,1.000000,0,none,,8.072416,8.072416,completed,60,7,rain,17.000000
2,1123,3448223326,194,Day 8 01:12,none,,8.072416,8.072416,completed,0.303333,0.201772,0.256210,0.893333,0.029167,0.013333,0.445062,0.000000,0.000000,10,1,1,1,0,0,0,1,1,1,1,1,0,0,0,1,1,0.288419,0.000000,0.262824,0.000000,0.000000,0.000000,0.239673,0.000000,0.000000,0.000000,0.000000,0.000000,0.000000,0.000000,0.000000,0.209084,idle,1,10,10162,,none,,,0.000000,1.000000,0,none,,8.072416,8.072416,completed,60,7,rain,17.000000
2,1123,3448223326,195,Day 8 01:22,none,,8.072416,8.072416,completed,0.426667,0.205772,0.256210,0.840000,0.037500,0.020000,0.445062,0.000000,0.000000,10,1,1,1,0,0,0,1,1,1,1,1,0,0,0,1,1,0.296417,0.000000,0.265861,0.000000,0.000000,0.000000,0.233045,0.000000,0.000000,0.000000,0.000000,0.000000,0.000000,0.000000,0.000000,0.204677,rest_at_bed,1,60,10222,bed,none,,,0.000000,1.000000,0,none,,8.072416,8.072416,completed,60,7,rain,17.000000
2,1123,3448223326,196,Day 8 02:22,none,,8.072416,8.072416,completed,0.486667,0.000000,0.256210,0.870000,0.087500,0.060000,0.445062,0.000000,0.000000,10,1,1,1,0,0,0,1,1,1,1,1,0,0,0,1,1,0.394251,0.000000,0.344629,0.000000,0.000000,0.000000,0.000000,0.000000,0.000000,0.000000,0.000000,0.000000,0.000000,0.000000,0.000000,0.261120,idle,1,10,10232,,none,,,0.000000,1.000000,0,none,,8.072416,8.072416,completed,60,7,rain,17.000000
2,1123,3448223326,197,Day 8 02:32,none,,8.072416,8.072416,completed,0.610000,0.004000,0.256210,0.816667,0.095833,0.066667,0.445062,0.000000,0.000000,10,1,1,1,0,0,0,1,1,1,1,1,0,0,0,1,1,0.401407,0.000000,0.345359,0.000000,0.000000,0.000000,0.000000,0.000000,0.000000,0.000000,0.000000,0.000000,0.000000,0.000000,0.000000,0.253234,idle,1,10,10242,,none,,,0.000000,1.000000,0,none,,8.072416,8.072416,completed,60,7,rain,17.000000
2,1123,3448223326,198,Day 8 02:42,none,,8.072416,8.072416,completed,0.733333,0.008000,0.256210,0.763333,0.104167,0.073333,0.445062,0.000000,0.000000,10,1,1,1,0,0,0,1,1,1,1,1,0,0,0,1,1,0.408541,0.000000,0.345964,0.000000,0.000000,0.000000,0.000000,0.000000,0.000000,0.000000,0.000000,0.000000,0.000000,0.000000,0.000000,0.245494,use_computer,1,30,10272,computer,none,,,0.000000,1.000000,0,none,,8.072416,8.072416,completed,60,7,rain,17.000000
2,1123,3448223326,199,Day 8 03:12,none,,8.072416,8.072416,completed,0.583333,0.122087,0.256210,0.753333,0.129167,0.093333,0.445062,0.080000,0.000000,10,1,1,1,0,0,0,1,1,1,1,1,0,0,0,1,1,0.307266,0.000000,0.268331,0.000000,0.000000,0.000000,0.223018,0.000000,0.000000,0.000000,0.000000,0.000000,0.000000,0.000000,0.000000,0.201385,rest_at_bed,1,60,10332,bed,none,,,0.000000,1.000000,0,none,,8.072416,8.072416,completed,60,7,rain,17.000000
2,1123,3448223326,200,Day 8 04:12,none,,8.072416,8.072416,completed,0.643333,0.000000,0.256210,0.783333,0.179167,0.133333,0.445062,0.000000,0.000000,10,1,1,1,0,0,0,1,1,1,1,1,0,0,0,1,1,0.317958,0.000000,0.272272,0.000000,0.000000,0.000000,0.000000,0.000000,0.000000,0.211889,0.000000,0.000000,0.000000,0.000000,0.000000,0.197881,get_meal,1,35,10367,door,none,,,0.000000,1.000000,0,none,,8.072416,8.072416,completed,60,7,rain,17.000000
2,1123,3448223326,201,Day 8 04:47,none,,8.072416,8.072416,completed,0.615000,0.014000,0.256210,0.891807,0.000000,0.156667,0.445062,0.000000,0.000000,10,1,1,1,0,0,0,1,1,1,1,1,0,0,0,1,1,0.316484,0.000000,0.272351,0.000000,0.000000,0.000000,0.000000,0.000000,0.211730,0.000000,0.000000,0.000000,0.000000,0.000000,0.000000,0.199435,go_to_bathroom,1,15,10382,door,none,,,0.000000,1.000000,0,none,,8.072416,8.072416,completed,60,7,rain,17.000000
2,1123,3448223326,202,Day 8 05:02,none,,8.072416,8.072416,completed,0.620000,0.020000,0.256210,0.966947,0.012500,0.000000,0.445062,0.000000,0.000000,10,1,1,1,0,0,0,1,1,1,1,1,0,0,0,1,1,0.401660,0.000000,0.345602,0.000000,0.000000,0.000000,0.000000,0.000000,0.000000,0.000000,0.000000,0.000000,0.000000,0.000000,0.000000,0.252738,use_phone,1,25,10407,phone,none,,,0.000000,1.000000,0,none,,8.072416,8.072416,completed,60,7,rain,17.000000
2,1123,3448223326,203,Day 8 05:27,none,,8.072416,8.072416,completed,0.408333,0.112479,0.256210,0.998614,0.033333,0.016667,0.445062,0.095000,0.085000,10,1,1,1,0,0,0,1,1,1,1,1,0,0,0,1,1,0.295210,0.000000,0.263641,0.000000,0.000000,0.000000,0.233231,0.000000,0.000000,0.000000,0.000000,0.000000,0.000000,0.000000,0.000000,0.207917,use_computer,1,30,10437,computer,none,,,0.000000,1.000000,0,none,,8.072416,8.072416,completed,60,7,rain,17.000000
2,1123,3448223326,204,Day 8 05:57,none,,8.072416,8.072416,completed,0.258333,0.226566,0.256210,0.988614,0.058333,0.036667,0.445062,0.175000,0.067000,10,1,1,1,0,0,0,1,1,1,1,1,0,0,0,1,1,0.274502,0.000000,0.252807,0.000000,0.000000,0.000000,0.261822,0.000000,0.000000,0.000000,0.000000,0.000000,0.000000,0.000000,0.000000,0.210869,rest_at_bed,1,60,10497,bed,none,,,0.000000,1.000000,0,none,,8.072416,8.072416,completed,60,7,rain,17.000000
2,1123,3448223326,205,Day 8 06:57,none,,8.072416,8.072416,completed,0.318333,0.000000,0.256210,1.000000,0.108333,0.076667,0.445062,0.000000,0.031000,10,1,1,1,0,0,0,1,1,1,1,1,0,0,0,1,1,0.384346,0.000000,0.343488,0.000000,0.000000,0.000000,0.000000,0.000000,0.000000,0.000000,0.000000,0.000000,0.000000,0.000000,0.000000,0.272167,use_phone,1,25,10522,phone,none,,,0.000000,1.000000,0,none,,8.072416,8.072416,completed,60,7,rain,17.000000
2,1123,3448223326,206,Day 8 07:22,none,,8.072416,8.072416,completed,0.106667,0.092479,0.256210,1.000000,0.129167,0.093333,0.445062,0.095000,0.116000,10,1,1,1,0,0,0,1,1,1,1,1,0,0,0,1,1,0.276312,0.000000,0.256303,0.000000,0.000000,0.000000,0.248378,0.000000,0.000000,0.000000,0.000000,0.000000,0.000000,0.000000,0.000000,0.219007,idle,1,10,10532,,none,,,0.000000,1.000000,0,none,,8.072416,8.072416,completed,60,7,rain,17.000000
2,1123,3448223326,207,Day 8 07:32,none,,8.072416,8.072416,completed,0.230000,0.096479,0.256210,0.946667,0.137500,0.100000,0.445062,0.085000,0.110000,10,1,1,1,0,0,0,1,1,1,1,1,0,0,0,1,1,0.284759,0.000000,0.259942,0.000000,0.000000,0.000000,0.240781,0.000000,0.000000,0.000000,0.000000,0.000000,0.000000,0.000000,0.000000,0.214518,idle,1,10,10542,,none,,,0.000000,1.000000,0,none,,8.072416,8.072416,completed,60,7,rain,17.000000
2,1123,3448223326,208,Day 8 07:42,none,,8.072416,8.072416,completed,0.353333,0.100479,0.256210,0.893333,0.145833,0.106667,0.445062,0.075000,0.104000,10,1,1,1,0,0,0,1,1,1,1,1,0,0,0,1,1,0.239485,0.000000,0.215141,0.000000,0.000000,0.000000,0.190482,0.000000,0.000000,0.183420,0.000000,0.000000,0.000000,0.000000,0.000000,0.171472,use_phone,1,25,10567,phone,none,,,0.000000,1.000000,0,none,,8.072416,8.072416,completed,60,7,rain,17.000000
2,1123,3448223326,209,Day 8 08:07,none,,8.072416,8.072416,completed,0.141667,0.192958,0.256210,0.925000,0.166667,0.123333,0.445062,0.170000,0.189000,10,1,1,1,0,0,0,1,1,1,1,1,0,0,0,1,1,0.181015,0.167339,0.168780,0.000000,0.000000,0.000000,0.178048,0.000000,0.000000,0.159749,0.000000,0.000000,0.000000,0.000000,0.000000,0.145069,rest_at_bed,1,60,10627,bed,none,alarm-rings,,0.000000,1.000000,0,none,,8.072416,8.072416,completed,60,7,rain,17.000000
2,1123,3448223326,210,Day 8 09:07,none,,8.072416,8.072416,completed,0.231667,0.000000,0.256210,0.955000,0.216667,0.163333,0.481008,0.000000,0.153000,11,1,1,1,0,0,0,1,1,1,1,1,0,1,0,1,1,0.162508,0.133736,0.146897,0.000000,0.000000,0.000000,0.000000,0.000000,0.130599,0.134682,0.000000,0.000000,0.172470,0.000000,0.000000,0.119108,use_computer,1,30,10657,computer,none,,,0.000000,1.000000,0,none,,8.072416,8.072416,completed,60,7,rain,17.000000
2,1123,3448223326,211,Day 8 09:37,none,,8.072416,8.072416,completed,0.081667,0.114087,0.256210,0.945000,0.241667,0.183333,0.481008,0.080000,0.135000,11,1,1,1,0,0,0,1,1,1,1,1,0,1,0,1,1,0.132790,0.118175,0.123784,0.000000,0.000000,0.000000,0.121055,0.000000,0.119291,0.123361,0.000000,0.000000,0.155388,0.000000,0.000000,0.106155,idle,1,10,10667,,none,,,0.000000,1.000000,0,none,,8.072416,8.072416,completed,60,7,rain,17.000000
2,1123,3448223326,212,Day 8 09:47,none,,8.072416,8.072416,completed,0.205000,0.118087,0.256210,0.891667,0.250000,0.190000,0.481008,0.070000,0.129000,11,1,1,1,0,0,0,1,1,1,1,1,0,1,0,1,1,0.138757,0.116520,0.127291,0.000000,0.000000,0.000000,0.118987,0.000000,0.117962,0.122099,0.000000,0.000000,0.152955,0.000000,0.000000,0.105428,idle,1,10,10677,,none,,,0.000000,1.000000,0,none,,8.072416,8.072416,completed,60,7,rain,17.000000
2,1123,3448223326,213,Day 8 09:57,none,,8.072416,8.072416,completed,0.328333,0.122087,0.256210,0.838333,0.258333,0.196667,0.481008,0.060000,0.123000,11,1,1,1,0,0,0,1,1,1,1,1,0,1,0,1,1,0.144919,0.114831,0.130833,0.000000,0.000000,0.000000,0.116897,0.000000,0.116590,0.120790,0.000000,0.000000,0.150486,0.000000,0.000000,0.104654,get_meal,1,35,10712,door,none,,,0.000000,1.000000,0,none,,8.072416,8.072416,completed,60,7,rain,17.000000
2,1123,3448223326,214,Day 8 10:32,none,,8.072416,8.072416,completed,0.300000,0.136087,0.256210,0.946807,0.000000,0.220000,0.481008,0.025000,0.102000,11,1,1,1,0,0,0,1,1,1,1,1,0,1,0,1,1,0.188342,0.000000,0.170790,0.000000,0.000000,0.000000,0.152209,0.000000,0.155043,0.000000,0.000000,0.000000,0.196937,0.000000,0.000000,0.136678,turn_off_alarm,1,1,10713,alarm,none,,,0.000000,1.000000,0,none,,8.072416,8.072416,completed,60,7,rain,17.000000
2,1123,3448223326,215,Day 8 10:33,none,,8.072416,8.072416,completed,0.300333,0.136487,0.256210,0.976474,0.000833,0.220667,0.461008,0.024000,0.101400,10,1,1,1,0,0,0,1,1,1,1,1,0,0,0,1,1,0.234495,0.000000,0.212637,0.000000,0.000000,0.000000,0.189690,0.000000,0.193060,0.000000,0.000000,0.000000,0.000000,0.000000,0.000000,0.170118,idle,1,10,10723,,none,,,0.000000,1.000000,0,none,,8.072416,8.072416,completed,60,7,rain,17.000000
2,1123,3448223326,216,Day 8 10:43,none,,8.072416,8.072416,completed,0.423667,0.140487,0.256210,0.923140,0.009167,0.227333,0.461008,0.014000,0.095400,10,1,1,1,0,0,0,1,1,1,1,1,0,0,0,1,1,0.242604,0.000000,0.216496,0.000000,0.000000,0.000000,0.184604,0.000000,0.189018,0.000000,0.000000,0.000000,0.000000,0.000000,0.000000,0.167279,go_to_bathroom,1,15,10738,door,none,,,0.000000,1.000000,0,none,,8.072416,8.072416,completed,60,7,rain,17.000000
2,1123,3448223326,217,Day 8 10:58,none,,8.072416,8.072416,completed,0.428667,0.146487,0.256210,0.998281,0.021667,0.000000,0.461008,0.000000,0.086400,10,1,1,1,0,0,0,1,1,1,1,1,0,0,0,1,1,0.299907,0.000000,0.267541,0.000000,0.000000,0.000000,0.226690,0.000000,0.000000,0.000000,0.000000,0.000000,0.000000,0.000000,0.000000,0.205862,idle,1,10,10748,,none,,,0.000000,1.000000,0,none,,8.072416,8.072416,completed,60,7,rain,17.000000
2,1123,3448223326,218,Day 8 11:08,none,,8.072416,8.072416,completed,0.552000,0.150487,0.256210,0.944947,0.030000,0.006667,0.461008,0.000000,0.080400,10,1,1,1,0,0,0,1,1,1,1,1,0,0,0,1,1,0.307977,0.000000,0.270415,0.000000,0.000000,0.000000,0.220245,0.000000,0.000000,0.000000,0.000000,0.000000,0.000000,0.000000,0.000000,0.201362,rest_at_bed,1,60,10808,bed,none,weather-clear,,0.000000,1.000000,0,none,,8.072416,8.072416,completed,60,7,clear,17.000000
2,1123,3448223326,219,Day 8 12:08,none,,8.072416,8.072416,completed,0.612000,0.000000,0.256210,0.974947,0.080000,0.046667,0.461008,0.000000,0.044400,10,1,1,1,0,0,0,1,1,1,1,1,0,0,0,1,1,0.401608,0.000000,0.345321,0.000000,0.000000,0.000000,0.000000,0.000000,0.000000,0.000000,0.000000,0.000000,0.000000,0.000000,0.000000,0.253071,use_phone,1,25,10833,phone,none,,,0.000000,1.000000,0,none,,8.072416,8.072416,completed,60,7,clear,17.000000
2,1123,3448223326,220,Day 8 12:33,none,,8.072416,8.072416,completed,0.400333,0.092479,0.256210,1.000000,0.100833,0.063333,0.461008,0.095000,0.129400,10,1,1,1,0,0,0,1,1,1,1,1,0,0,0,1,1,0.240622,0.186699,0.214744,0.000000,0.000000,0.000000,0.188219,0.000000,0.000000,0.000000,0.000000,0.000000,0.000000,0.000000,0.000000,0.169716,shop_on_phone,1,20,10853,phone,none,,,0.000000,1.000000,0,none,,8.072416,8.072416,completed,30,7,clear,17.000000
2,1123,3448223326,221,Day 8 12:53,none,,8.072416,8.072416,completed,0.407000,0.102044,0.256210,1.000000,0.117500,0.076667,0.461008,0.155000,0.000000,10,1,1,1,0,0,0,1,1,1,1,1,0,0,0,1,1,0.292518,0.000000,0.261273,0.000000,0.000000,0.000000,0.237569,0.000000,0.000000,0.000000,0.000000,0.000000,0.000000,0.000000,0.000000,0.208639,idle,1,10,10863,,none,,,0.000000,1.000000,0,none,,8.072416,8.072416,completed,30,7,clear,17.000000
2,1123,3448223326,222,Day 8 13:03,none,,8.072416,8.072416,completed,0.530333,0.106044,0.256210,0.946667,0.125833,0.083333,0.461008,0.145000,0.000000,10,1,1,1,0,0,0,1,1,1,1,1,0,0,0,1,1,0.301127,0.000000,0.264689,0.000000,0.000000,0.000000,0.230048,0.000000,0.000000,0.000000,0.000000,0.000000,0.000000,0.000000,0.000000,0.204137,use_phone,1,25,10888,phone,none,,,0.000000,1.000000,0,none,,8.072416,8.072416,completed,30,7,clear,17.000000
2,1123,3448223326,223,Day 8 13:28,none,,8.072416,8.072416,completed,0.318667,0.198523,0.256210,0.978333,0.146667,0.100000,0.461008,0.240000,0.085000,10,1,1,1,0,0,0,1,1,1,1,1,0,0,0,1,1,0.225734,0.000000,0.205943,0.000000,0.000000,0.000000,0.213262,0.000000,0.000000,0.183778,0.000000,0.000000,0.000000,0.000000,0.000000,0.171283,rest_at_bed,1,60,10948,bed,none,room-temperature-shift,,0.000000,1.000000,0,none,,8.072416,8.072416,completed,30,7,clear,17.000000
2,1123,3448223326,224,Day 8 14:28,none,,8.072416,8.072416,completed,0.378667,0.000000,0.256210,1.000000,0.196667,0.140000,0.461008,0.040000,0.049000,10,1,1,1,0,0,0,1,1,1,1,1,0,0,0,1,1,0.243958,0.000000,0.216426,0.000000,0.000000,0.000000,0.000000,0.000000,0.181638,0.187847,0.000000,0.000000,0.000000,0.000000,0.000000,0.170130,use_computer,1,30,10978,computer,none,,,0.000000,1.000000,0,none,,8.072416,8.072416,completed,30,7,clear,17.000000
2,1123,3448223326,225,Day 8 14:58,none,,8.072416,8.072416,completed,0.228667,0.114087,0.256210,0.990000,0.221667,0.160000,0.461008,0.120000,0.031000,10,1,1,1,0,0,0,1,1,1,1,1,0,0,0,1,1,0.190735,0.000000,0.174497,0.000000,0.000000,0.000000,0.166317,0.000000,0.158745,0.164626,0.000000,0.000000,0.000000,0.000000,0.000000,0.145079,get_meal,1,35,11013,door,none,,,0.000000,1.000000,0,none,,8.072416,8.072416,completed,30,7,clear,17.000000
2,1123,3448223326,226,Day 8 15:33,none,,8.072416,8.072416,completed,0.200333,0.128087,0.256210,1.000000,0.000000,0.183333,0.461008,0.085000,0.010000,10,1,1,1,0,0,0,1,1,1,1,1,0,0,0,1,1,0.226834,0.000000,0.208445,0.000000,0.000000,0.000000,0.198166,0.000000,0.193174,0.000000,0.000000,0.000000,0.000000,0.000000,0.000000,0.173382,use_computer,1,30,11043,computer,none,message-study-group,,0.000000,1.000000,0,none,,8.072416,8.072416,completed,30,8,clear,17.000000
2,1123,3448223326,227,Day 8 16:03,none,,8.072416,8.072416,completed,0.050333,0.242175,0.256210,0.990000,0.025000,0.203333,0.461008,0.165000,0.000000,10,1,1,1,0,0,0,1,1,1,1,1,0,0,0,1,1,0.208856,0.000000,0.197921,0.000000,0.000000,0.000000,0.220280,0.000000,0.198823,0.000000,0.000000,0.000000,0.000000,0.000000,0.000000,0.174121,use_phone,1,25,11068,phone,none,,,0.000000,1.000000,0,none,,8.072416,8.072416,completed,30,8,clear,17.000000
2,1123,3448223326,228,Day 8 16:28,none,,8.072416,8.072416,completed,0.000000,0.334654,0.256210,1.000000,0.045833,0.220000,0.461008,0.260000,0.085000,10,1,1,1,0,0,0,1,1,1,1,1,0,0,0,1,1,0.197557,0.000000,0.190234,0.000000,0.000000,0.000000,0.238874,0.000000,0.200433,0.000000,0.000000,0.000000,0.000000,0.000000,0.000000,0.172903,idle,1,10,11078,,none,,,0.000000,1.000000,0,none,,8.072416,8.072416,completed,30,8,clear,17.000000
2,1123,3448223326,229,Day 8 16:38,none,,8.072416,8.072416,completed,0.123333,0.338654,0.256210,0.946667,0.054167,0.226667,0.461008,0.250000,0.079000,10,1,1,1,0,0,0,1,1,1,1,1,0,0,0,1,1,0.205045,0.000000,0.194308,0.000000,0.000000,0.000000,0.233215,0.000000,0.196867,0.000000,0.000000,0.000000,0.000000,0.000000,0.000000,0.170564,rest_at_bed,1,60,11138,bed,none,,,0.000000,1.000000,0,none,,8.072416,8.072416,completed,30,8,clear,17.000000
2,1123,3448223326,230,Day 8 17:38,none,,8.072416,8.072416,completed,0.183333,0.083527,0.256210,0.976667,0.104167,0.266667,0.461008,0.050000,0.043000,10,1,1,1,0,0,0,1,1,1,1,1,0,0,0,1,1,0.226472,0.000000,0.207669,0.000000,0.000000,0.000000,0.190045,0.000000,0.203519,0.000000,0.000000,0.000000,0.000000,0.000000,0.000000,0.172295,use_computer,1,30,11168,computer,none,evening,,0.000000,1.000000,0,none,,8.072416,8.072416,completed,30,8,clear,17.000000
2,1123,3448223326,231,Day 8 18:08,none,,8.072416,8.072416,completed,0.033333,0.197614,0.256210,0.966667,0.129167,0.286667,0.461008,0.130000,0.025000,10,1,1,1,0,0,0,1,1,1,1,1,0,0,0,1,1,0.208636,0.000000,0.197291,0.000000,0.000000,0.000000,0.211367,0.000000,0.209584,0.000000,0.000000,0.000000,0.000000,0.000000,0.000000,0.173123,use_phone,1,25,11193,phone,none,,,0.000000,1.000000,0,none,,8.072416,8.072416,completed,30,8,clear,17.000000
2,1123,3448223326,232,Day 8 18:33,none,,8.072416,8.072416,completed,0.000000,0.290093,0.256210,0.998333,0.150000,0.303333,0.461008,0.225000,0.110000,10,1,1,1,0,0,0,1,1,1,1,1,0,0,0,1,1,0.166935,0.000000,0.160047,0.000000,0.000000,0.000000,0.192343,0.000000,0.177300,0.158935,0.000000,0.000000,0.000000,0.000000,0.000000,0.144440,use_phone,1,25,11218,phone,none,,,0.000000,1.000000,0,none,,8.072416,8.072416,completed,30,8,clear,17.000000
2,1123,3448223326,233,Day 8 18:58,none,,8.072416,8.072416,completed,0.000000,0.382572,0.256210,1.000000,0.170833,0.320000,0.461008,0.320000,0.195000,10,1,1,1,0,0,0,1,1,1,1,1,0,0,0,1,1,0.115711,0.119758,0.111983,0.000000,0.000000,0.000000,0.149276,0.157400,0.127917,0.114931,0.000000,0.000000,0.000000,0.000000,0.000000,0.103024,idle,1,10,11228,,none,,,0.000000,1.000000,0,none,,8.072416,8.072416,completed,30,8,clear,17.000000
2,1123,3448223326,234,Day 8 19:08,none,,8.072416,8.072416,completed,0.123333,0.386572,0.256210,0.946667,0.179167,0.326667,0.461008,0.310000,0.189000,10,1,1,1,0,0,0,1,1,1,1,1,0,0,0,1,1,0.121125,0.118290,0.115360,0.000000,0.000000,0.000000,0.146987,0.155064,0.126717,0.113957,0.000000,0.000000,0.000000,0.000000,0.000000,0.102500,use_phone,1,25,11253,phone,none,,,0.000000,1.000000,0,none,,8.072416,8.072416,completed,30,8,clear,17.000000
2,1123,3448223326,235,Day 8 19:33,none,,8.072416,8.072416,completed,0.000000,0.479051,0.256210,0.978333,0.200000,0.343333,0.461008,0.405000,0.274000,10,1,1,1,0,0,0,1,1,1,1,1,0,0,0,1,1,0.121440,0.136291,0.000000,0.000000,0.000000,0.000000,0.174840,0.189945,0.140122,0.126303,0.000000,0.000000,0.000000,0.000000,0.000000,0.111059,sleep_at_bed,1,480,11733,bed,none,,,0.000000,1.000000,0,none,,8.072416,8.072416,completed,30,8,clear,17.000000
2,1123,3448223326,236,Day 9 03:33,none,,8.072416,8.072416,completed,0.080000,0.144628,0.256210,0.898333,0.600000,0.663333,0.461008,0.000000,0.000000,10,1,1,1,0,0,0,1,1,1,1,1,0,0,0,1,1,0.166563,0.000000,0.155532,0.000000,0.000000,0.000000,0.148122,0.000000,0.205185,0.193299,0.000000,0.000000,0.000000,0.000000,0.000000,0.131299,get_meal,1,35,11768,door,none,,,0.000000,1.000000,0,none,,8.072416,8.072416,completed,30,8,clear,17.000000
2,1123,3448223326,237,Day 9 04:08,none,,8.072416,8.072416,completed,0.051667,0.158628,0.256210,1.000000,0.079167,0.686667,0.461008,0.000000,0.000000,10,1,1,1,0,0,0,1,1,1,1,1,0,0,0,1,1,0.203425,0.000000,0.190894,0.000000,0.000000,0.000000,0.184946,0.000000,0.258366,0.000000,0.000000,0.000000,0.000000,0.000000,0.000000,0.162369,rest_at_bed,1,60,11828,bed,none,,,0.000000,1.000000,0,none,,8.072416,8.072416,completed,30,8,clear,17.000000
2,1123,3448223326,238,Day 9 05:08,none,,8.072416,8.072416,completed,0.111667,0.000000,0.256210,1.000000,0.129167,0.726667,0.461008,0.000000,0.000000,10,1,1,1,0,0,0,1,1,1,1,1,0,0,0,1,1,0.253878,0.000000,0.233139,0.000000,0.000000,0.000000,0.000000,0.000000,0.317819,0.000000,0.000000,0.000000,0.000000,0.000000,0.000000,0.195163,go_to_bathroom,1,15,11843,door,none,,,0.000000,1.000000,0,none,,8.072416,8.072416,completed,30,8,clear,17.000000
2,1123,3448223326,239,Day 9 05:23,none,,8.072416,8.072416,completed,0.116667,0.006000,0.256210,1.000000,0.141667,0.116667,0.461008,0.000000,0.000000,10,1,1,1,0,0,0,1,1,1,1,1,0,0,0,1,1,0.372330,0.000000,0.341868,0.000000,0.000000,0.000000,0.000000,0.000000,0.000000,0.000000,0.000000,0.000000,0.000000,0.000000,0.000000,0.285802,idle,1,10,11853,,none,,,0.000000,1.000000,0,none,,8.072416,8.072416,completed,30,8,clear,17.000000
2,1123,3448223326,240,Day 9 05:33,none,,8.072416,8.072416,completed,0.240000,0.010000,0.256210,0.946667,0.150000,0.123333,0.461008,0.000000,0.000000,10,1,1,1,0,0,0,1,1,1,1,1,0,0,0,1,1,0.291922,0.000000,0.263819,0.000000,0.000000,0.000000,0.000000,0.000000,0.000000,0.230820,0.000000,0.000000,0.000000,0.000000,0.000000,0.213439,get_meal,1,35,11888,door,none,,,0.000000,1.000000,0,none,,8.072416,8.072416,completed,30,8,clear,17.000000
2,1123,3448223326,241,Day 9 06:08,none,,8.072416,8.072416,completed,0.211667,0.024000,0.256210,1.000000,0.000000,0.146667,0.461008,0.000000,0.000000,10,1,1,1,0,0,0,1,1,1,1,1,0,0,0,1,1,0.289671,0.000000,0.263080,0.000000,0.000000,0.000000,0.000000,0.000000,0.232798,0.000000,0.000000,0.000000,0.000000,0.000000,0.000000,0.214450,use_phone,1,25,11913,phone,none,,,0.000000,1.000000,0,none,,8.072416,8.072416,completed,30,8,clear,17.000000
2,1123,3448223326,242,Day 9 06:33,none,,8.072416,8.072416,completed,0.000000,0.116479,0.256210,1.000000,0.020833,0.163333,0.461008,0.095000,0.085000,10,1,1,1,0,0,0,1,1,1,1,1,0,0,0,1,1,0.214891,0.000000,0.202565,0.000000,0.000000,0.000000,0.205936,0.000000,0.198541,0.000000,0.000000,0.000000,0.000000,0.000000,0.000000,0.178068,use_computer,1,30,11943,computer,none,,,0.000000,1.000000,0,none,,8.072416,8.072416,completed,30,8,clear,17.000000
2,1123,3448223326,243,Day 9 07:03,none,,8.072416,8.072416,completed,0.000000,0.230566,0.256210,0.990000,0.045833,0.183333,0.461008,0.175000,0.067000,10,1,1,1,0,0,0,1,1,1,1,1,0,0,0,1,1,0.206379,0.000000,0.196702,0.000000,0.000000,0.000000,0.222535,0.000000,0.198649,0.000000,0.000000,0.000000,0.000000,0.000000,0.000000,0.175735,rest_at_bed,1,60,12003,bed,none,alarm-rings,,0.000000,1.000000,0,none,,8.072416,8.072416,completed,30,8,clear,17.000000
2,1123,3448223326,244,Day 9 08:03,none,,8.072416,8.072416,completed,0.090000,0.000000,0.256210,1.000000,0.095833,0.223333,0.496955,0.000000,0.031000,11,1,1,1,0,0,0,1,1,1,1,1,0,1,0,1,1,0.211464,0.000000,0.194744,0.000000,0.000000,0.000000,0.000000,0.000000,0.189272,0.000000,0.000000,0.000000,0.240556,0.000000,0.000000,0.163964,use_computer,1,30,12033,computer,none,,,0.000000,1.000000,0,none,,8.072416,8.072416,completed,30,8,clear,17.000000
2,1123,3448223326,245,Day 9 08:33,none,,8.072416,8.072416,completed,0.000000,0.114087,0.256210,0.990000,0.120833,0.243333,0.496955,0.080000,0.013000,11,1,1,1,0,0,0,1,1,1,1,1,0,1,0,1,1,0.169309,0.000000,0.159530,0.000000,0.000000,0.000000,0.160195,0.000000,0.164692,0.000000,0.000000,0.000000,0.206461,0.000000,0.000000,0.139813,idle,1,10,12043,,none,,,0.000000,1.000000,0,none,,8.072416,8.072416,completed,30,8,clear,17.000000
2,1123,3448223326,246,Day 9 08:43,none,,8.072416,8.072416,completed,0.123333,0.118087,0.256210,0.936667,0.129167,0.250000,0.496955,0.070000,0.007000,11,1,1,1,0,0,0,1,1,1,1,1,0,1,0,1,1,0.176323,0.000000,0.163500,0.000000,0.000000,0.000000,0.156931,0.000000,0.162311,0.000000,0.000000,0.000000,0.202546,0.000000,0.000000,0.138389,idle,1,10,12053,,none,,,0.000000,1.000000,0,none,,8.072416,8.072416,completed,30,8,clear,17.000000
2,1123,3448223326,247,Day 9 08:53,none,,8.072416,8.072416,completed,0.246667,0.122087,0.256210,0.883333,0.137500,0.256667,0.496955,0.060000,0.001000,11,1,1,1,0,0,0,1,1,1,1,1,0,1,0,1,1,0.183521,0.000000,0.167471,0.000000,0.000000,0.000000,0.153645,0.000000,0.159871,0.000000,0.000000,0.000000,0.198591,0.000000,0.000000,0.136901,rest_at_bed,1,60,12113,bed,none,,,0.000000,1.000000,0,none,,8.072416,8.072416,completed,30,8,clear,17.000000
2,1123,3448223326,248,Day 9 09:53,none,,8.072416,8.072416,completed,0.306667,0.000000,0.256210,0.913333,0.187500,0.296667,0.496955,0.000000,0.000000,11,1,1,1,0,0,0,1,1,1,1,1,0,1,0,1,1,0.189786,0.000000,0.169871,0.000000,0.000000,0.000000,0.000000,0.000000,0.161362,0.148952,0.000000,0.000000,0.195011,0.000000,0.000000,0.135017,get_meal,1,35,12148,door,none,,,0.000000,1.000000,0,none,,8.072416,8.072416,completed,30,8,clear,17.000000
2,1123,3448223326,249,Day 9 10:28,none,,8.072416,8.072416,completed,0.278333,0.014000,0.256210,1.000000,0.000000,0.320000,0.496955,0.000000,0.000000,11,1,1,1,0,0,0,1,1,1,1,1,0,1,0,1,1,0.220313,0.000000,0.198171,0.000000,0.000000,0.000000,0.000000,0.000000,0.193126,0.000000,0.000000,0.000000,0.229689,0.000000,0.000000,0.158702,go_to_bathroom,1,15,12163,door,none,,,0.000000,1.000000,0,none,,8.072416,8.072416,completed,30,8,clear,17.000000
2,1123,3448223326,250,Day 9 10:43,none,,8.072416,8.072416,completed,0.283333,0.020000,0.256210,1.000000,0.012500,0.000000,0.496955,0.000000,0.000000,11,1,1,1,0,0,0,1,1,1,1,1,0,1,0,1,1,0.273275,0.000000,0.245776,0.000000,0.000000,0.000000,0.000000,0.000000,0.000000,0.000000,0.000000,0.000000,0.284385,0.000000,0.000000,0.196564,use_phone,1,25,12188,phone,none,,,0.000000,1.000000,0,none,,8.072416,8.072416,completed,30,8,clear,17.000000
2,1123,3448223326,251,Day 9 11:08,none,,8.072416,8.072416,completed,0.071667,0.112479,0.256210,1.000000,0.033333,0.016667,0.496955,0.095000,0.085000,11,1,1,1,0,0,0,1,1,1,1,1,0,1,0,1,1,0.206474,0.000000,0.192739,0.000000,0.000000,0.000000,0.190347,0.000000,0.000000,0.000000,0.000000,0.000000,0.244207,0.000000,0.000000,0.166233,turn_off_alarm,1,1,12189,alarm,none,,,0.000000,1.000000,0,none,,8.072416,8.072416,completed,30,8,clear,17.000000
2,1123,3448223326,252,Day 9 11:09,none,,8.072416,8.072416,completed,0.072000,0.112879,0.256210,1.000000,0.034167,0.017333,0.476955,0.094000,0.084400,10,1,1,1,0,0,0,1,1,1,1,1,0,0,0,1,1,0.273143,0.000000,0.254967,0.000000,0.000000,0.000000,0.252051,0.000000,0.000000,0.000000,0.000000,0.000000,0.000000,0.000000,0.000000,0.219839,rest_at_bed,1,60,12249,bed,none,,,0.000000,1.000000,0,none,,8.072416,8.072416,completed,30,8,clear,17.000000
2,1123,3448223326,253,Day 9 12:09,none,,8.072416,8.072416,completed,0.132000,0.000000,0.256210,1.000000,0.084167,0.057333,0.476955,0.000000,0.048400,10,1,1,1,0,0,0,1,1,1,1,1,0,0,0,1,1,0.373357,0.000000,0.341942,0.000000,0.000000,0.000000,0.000000,0.000000,0.000000,0.000000,0.000000,0.000000,0.000000,0.000000,0.000000,0.284701,use_phone,1,25,12274,phone,none,,,0.000000,1.000000,0,none,,8.072416,8.072416,completed,30,8,clear,17.000000
2,1123,3448223326,254,Day 9 12:34,none,,8.072416,8.072416,completed,0.000000,0.092479,0.256210,1.000000,0.105000,0.074000,0.476955,0.095000,0.133400,10,1,1,1,0,0,0,1,1,1,1,1,0,0,0,1,1,0.215892,0.198933,0.203086,0.000000,0.000000,0.000000,0.203564,0.000000,0.000000,0.000000,0.000000,0.000000,0.000000,0.000000,0.000000,0.178526,shop_on_phone,1,20,12294,phone,none,message-study-group,,0.000000,1.000000,0,none,,8.072416,8.072416,completed,0,9,clear,17.000000
2,1123,3448223326,255,Day 9 12:54,none,,8.072416,8.072416,completed,0.006667,0.102044,0.256210,1.000000,0.121667,0.087333,0.476955,0.155000,0.000000,10,1,1,1,0,0,0,1,1,1,1,1,0,0,0,1,1,0.266194,0.000000,0.250610,0.000000,0.000000,0.000000,0.260599,0.000000,0.000000,0.000000,0.000000,0.000000,0.000000,0.000000,0.000000,0.222597,use_computer,1,30,12324,computer,none,weather-clear,,0.000000,1.000000,0,none,,8.072416,8.072416,completed,0,9,clear,17.000000
2,1123,3448223326,256,Day 9 13:24,none,,8.072416,8.072416,completed,0.000000,0.216132,0.256210,0.990000,0.146667,0.107333,0.476955,0.235000,0.000000,10,1,1,1,0,0,0,1,1,1,1,1,0,0,0,1,1,0.205539,0.000000,0.195826,0.000000,0.000000,0.000000,0.227115,0.000000,0.000000,0.194431,0.000000,0.000000,0.000000,0.000000,0.000000,0.177088,use_phone,1,25,12349,phone,none,,,0.000000,1.000000,0,none,,8.072416,8.072416,completed,0,9,clear,17.000000
