personality_index,scenario_seed,action_seed,step,decision_time,pre_commitment_status,pre_commitment_task_id,pre_task_effort,pre_task_effort_target,pre_task_status,pre_boredom,pre_fatigue,pre_task_pressure,pre_satisfaction,pre_hunger,pre_bathroom_urge,pre_anxiety,pre_screen_strain,pre_purchase_urge,known_action_count,known_use_phone,known_shop_on_phone,known_use_computer,known_study_at_computer,known_study_focused,known_study_halfhearted,known_rest_at_bed,known_sleep_at_bed,known_go_to_bathroom,known_get_meal,known_turn_light_on,known_turn_light_off,known_turn_off_alarm,known_open_curtain,known_close_curtain,known_idle,p_use_phone,p_shop_on_phone,p_use_computer,p_study_at_computer,p_study_focused,p_study_halfhearted,p_rest_at_bed,p_sleep_at_bed,p_go_to_bathroom,p_get_meal,p_turn_light_on,p_turn_light_off,p_turn_off_alarm,p_open_curtain,p_close_curtain,p_idle,chosen_action,accepted,elapsed_minutes,simulation_total_minutes,target_object_id,failure_reason,event_ids,outcome_task_id,outcome_task_effort_gained,outcome_task_settlement_variation,outcome_task_session_interrupted,post_commitment_status,post_commitment_task_id,post_task_effort,post_task_effort_target,post_task_status,post_wallet,post_unread_messages,post_weather,post_temperature_celsius
20,1103,3448083108,1,Day 1 08:00,none,,0.000000,7.513805,active,0.550000,0.150000,0.550000,0.450000,0.250000,0.150000,0.200000,0.050000,0.100000,13,1,1,1,1,1,1,1,1,1,1,0,1,0,0,1,1,0.148343,0.079481,0.117940,0.105991,0.110768,0.110840,0.092232,0.000000,0.078189,0.087172,0.000000,0.000000,0.000000,0.000000,0.000000,0.069043,shop_on_phone,1,20,500,phone,none,,,0.000000,1.000000,0,none,,0.000000,7.513805,active,90,0,clear,23.000000
20,1103,3448083108,2,Day 1 08:20,none,,0.000000,7.513805,active,0.556667,0.160611,0.626772,0.543333,0.266667,0.163333,0.208595,0.110000,0.000000,13,1,1,1,1,1,1,1,1,1,1,0,1,0,0,1,1,0.153853,0.000000,0.122493,0.121437,0.128241,0.122698,0.101391,0.000000,0.083725,0.093666,0.000000,0.000000,0.000000,0.000000,0.000000,0.072494,use_phone,1,25,525,phone,none,,,0.000000,1.000000,0,none,,0.000000,7.513805,active,90,0,clear,23.000000
20,1103,3448083108,3,Day 1 08:45,none,,0.000000,7.513805,active,0.345000,0.254745,0.743543,0.575000,0.287500,0.180000,0.218069,0.205000,0.085000,13,1,1,1,1,1,1,1,1,1,1,0,1,0,0,1,1,0.116500,0.000000,0.098277,0.124349,0.131782,0.110333,0.106728,0.000000,0.078796,0.088532,0.000000,0.079840,0.000000,0.000000,0.000000,0.064863,study_halfhearted,1,35,560,desk,none,,coursework,0.289182,1.055906,0,active,coursework,0.289182,7.513805,active,90,0,clear,23.000000
20,1103,3448083108,4,Day 1 09:20,active,coursework,0.289182,7.513805,active,0.406667,0.348745,0.679227,0.583333,0.316667,0.203333,0.201175,0.170000,0.064000,13,1,1,1,1,1,1,1,1,1,1,0,1,0,0,1,1,0.114493,0.000000,0.096515,0.126514,0.134201,0.120614,0.106710,0.000000,0.076110,0.086031,0.000000,0.077120,0.000000,0.000000,0.000000,0.061692,rest_at_bed,1,60,620,bed,none,message-study-group,,0.000000,1.000000,0,suspended,coursework,0.289182,7.513805,active,90,1,clear,23.000000
20,1103,3448083108,5,Day 1 10:20,suspended,coursework,0.289182,7.513805,active,0.466667,0.060926,0.835998,0.613333,0.366667,0.243333,0.263324,0.000000,0.028000,13,1,1,1,1,1,1,1,1,1,1,0,1,0,0,1,1,0.128106,0.000000,0.102247,0.160633,0.170967,0.138423,0.073680,0.000000,0.077551,0.088569,0.000000,0.000000,0.000000,0.000000,0.000000,0.059824,study_at_computer,1,35,655,computer,none,,coursework,0.753680,1.078443,0,active,coursework,1.042862,7.513805,active,90,1,clear,23.000000
20,1103,3448083108,6,Day 1 10:55,active,coursework,1.042862,7.513805,active,0.498333,0.186884,0.715405,0.681667,0.395833,0.266667,0.217912,0.045000,0.007000,13,1,1,1,1,1,1,1,1,1,1,0,1,0,0,1,1,0.133375,0.000000,0.107681,0.141351,0.151597,0.133938,0.088670,0.000000,0.083670,0.096136,0.000000,0.000000,0.000000,0.000000,0.000000,0.063582,study_halfhearted,1,35,690,desk,none,,coursework,0.290752,1.061638,0,active,coursework,1.333613,7.513805,active,90,1,clear,23.000000
20,1103,3448083108,7,Day 1 11:30,active,coursework,1.333613,7.513805,active,0.560000,0.280884,0.651089,0.690000,0.425000,0.290000,0.200566,0.010000,0.000000,13,1,1,1,1,1,1,1,1,1,1,0,1,0,0,1,1,0.140652,0.000000,0.113474,0.129018,0.138500,0.131363,0.095136,0.000000,0.086722,0.100244,0.000000,0.000000,0.000000,0.000000,0.000000,0.064891,idle,1,10,700,,none,,,0.000000,1.000000,0,active,coursework,1.333613,7.513805,active,90,1,clear,23.000000
20,1103,3448083108,8,Day 1 11:40,active,coursework,1.333613,7.513805,active,0.683333,0.284884,0.777860,0.636667,0.433333,0.296667,0.209624,0.000000,0.000000,13,1,1,1,1,1,1,1,1,1,1,0,1,0,0,1,1,0.142851,0.000000,0.112426,0.137338,0.146555,0.138025,0.087802,0.000000,0.080912,0.093689,0.000000,0.000000,0.000000,0.000000,0.000000,0.060402,use_computer,1,30,730,computer,none,,,0.000000,1.000000,0,active,coursework,1.333613,7.513805,active,90,1,clear,23.000000
20,1103,3448083108,9,Day 1 12:10,active,coursework,1.333613,7.513805,active,0.533333,0.400366,0.874632,0.626667,0.458333,0.316667,0.221352,0.080000,0.000000,13,1,1,1,1,1,1,1,1,1,1,0,1,0,0,1,1,0.113820,0.000000,0.093966,0.137380,0.146436,0.125884,0.093652,0.000000,0.076739,0.089318,0.000000,0.068099,0.000000,0.000000,0.000000,0.054706,study_at_computer,1,35,765,computer,none,,coursework,0.643025,0.920106,0,active,coursework,1.976638,7.513805,active,90,1,clear,23.000000
20,1103,3448083108,10,Day 1 12:45,active,coursework,1.976638,7.513805,active,0.565000,0.526324,0.754039,0.695000,0.487500,0.340000,0.176561,0.125000,0.000000,13,1,1,1,1,1,1,1,1,1,1,0,1,0,0,1,1,0.103816,0.000000,0.086695,0.105921,0.113770,0.106718,0.098731,0.109472,0.072534,0.084933,0.000000,0.066474,0.000000,0.000000,0.000000,0.050937,study_halfhearted,1,35,800,desk,none,room-temperature-shift,coursework,0.296598,1.082988,0,active,coursework,2.273236,7.513805,active,90,1,clear,24.000000
20,1103,3448083108,11,Day 1 13:20,active,coursework,2.273236,7.513805,active,0.626667,0.620324,0.689723,0.703333,0.516667,0.363333,0.159834,0.090000,0.000000,13,1,1,1,1,1,1,1,1,1,1,0,1,0,0,1,1,0.107530,0.000000,0.089732,0.094971,0.102103,0.102809,0.104036,0.119260,0.073840,0.086985,0.000000,0.067672,0.000000,0.000000,0.000000,0.051059,go_to_bathroom,1,15,815,door,none,task-deadline,,0.000000,1.000000,0,suspended,coursework,2.273236,7.513805,active,90,1,clear,24.000000
20,1103,3448083108,12,Day 1 13:35,suspended,coursework,2.273236,7.513805,active,0.631667,0.626324,0.689723,0.792631,0.529167,0.000000,0.160795,0.075000,0.000000,13,1,1,1,1,1,1,1,1,1,1,0,1,0,0,1,1,0.116653,0.000000,0.097292,0.102072,0.110839,0.110805,0.111591,0.128085,0.000000,0.094946,0.000000,0.072729,0.000000,0.000000,0.000000,0.054988,get_meal,1,35,850,door,none,,,0.000000,1.000000,0,suspended,coursework,2.273236,7.513805,active,90,1,clear,24.000000
20,1103,3448083108,13,Day 1 14:10,suspended,coursework,2.273236,7.513805,active,0.603333,0.640324,0.689723,0.915262,0.008333,0.023333,0.163036,0.040000,0.000000,13,1,1,1,1,1,1,1,1,1,1,0,1,0,0,1,1,0.127585,0.000000,0.107142,0.112458,0.123803,0.125039,0.122373,0.140882,0.000000,0.000000,0.000000,0.080120,0.000000,0.000000,0.000000,0.060598,use_phone,1,25,875,phone,none,,,0.000000,1.000000,0,suspended,coursework,2.273236,7.513805,active,90,1,clear,24.000000
20,1103,3448083108,14,Day 1 14:35,suspended,coursework,2.273236,7.513805,active,0.391667,0.734458,0.806494,0.946929,0.029167,0.040000,0.173232,0.135000,0.085000,13,1,1,1,1,1,1,1,1,1,1,0,1,0,0,1,1,0.100173,0.000000,0.089132,0.099855,0.110318,0.100818,0.133555,0.161198,0.000000,0.000000,0.000000,0.081407,0.000000,0.000000,0.067326,0.056219,close_curtain,1,1,876,window,none,,,0.000000,1.000000,0,suspended,coursework,2.273236,7.513805,active,90,1,clear,24.000000
20,1103,3448083108,15,Day 1 14:36,suspended,coursework,2.273236,7.513805,active,0.392000,0.734858,0.806494,0.956596,0.030000,0.040667,0.173350,0.134000,0.084400,13,1,1,1,1,1,1,1,1,1,1,0,1,0,1,0,1,0.107049,0.000000,0.095246,0.106643,0.117946,0.111367,0.142614,0.172147,0.000000,0.000000,0.000000,0.086940,0.000000,0.000000,0.000000,0.060048,turn_light_off,1,1,877,light,none,,,0.000000,1.000000,0,suspended,coursework,2.273236,7.513805,active,90,1,clear,24.000000
20,1103,3448083108,16,Day 1 14:37,suspended,coursework,2.273236,7.513805,active,0.392333,0.735258,0.806494,0.976262,0.030833,0.041333,0.173468,0.133000,0.083800,10,1,1,1,0,0,0,1,1,1,1,1,0,0,1,0,1,0.158798,0.000000,0.141285,0.000000,0.000000,0.000000,0.211396,0.255196,0.000000,0.000000,0.144291,0.000000,0.000000,0.000000,0.000000,0.089033,rest_at_bed,1,60,937,bed,none,task-reminder,,0.000000,1.000000,0,suspended,coursework,2.273236,7.513805,active,90,1,clear,24.000000
20,1103,3448083108,17,Day 1 15:37,suspended,coursework,2.273236,7.513805,active,0.452333,0.447439,1.000000,1.000000,0.080833,0.081333,0.262869,0.000000,0.047800,10,1,1,1,0,0,0,1,1,1,1,1,0,0,1,0,1,0.200086,0.000000,0.168692,0.000000,0.000000,0.000000,0.169386,0.181750,0.000000,0.000000,0.181888,0.000000,0.000000,0.000000,0.000000,0.098198,rest_at_bed,1,60,997,bed,none,weather-clear,,0.000000,1.000000,0,suspended,coursework,2.273236,7.513805,active,90,1,clear,24.000000
20,1103,3448083108,18,Day 1 16:37,suspended,coursework,2.273236,7.513805,active,0.512333,0.159620,1.000000,1.000000,0.130833,0.121333,0.283840,0.000000,0.011800,10,1,1,1,0,0,0,1,1,1,1,1,0,0,1,0,1,0.236563,0.000000,0.189560,0.000000,0.000000,0.000000,0.144551,0.000000,0.000000,0.123094,0.198580,0.000000,0.000000,0.000000,0.000000,0.107653,get_meal,1,35,1032,door,none,,,0.000000,1.000000,0,suspended,coursework,2.273236,7.513805,active,90,1,clear,24.000000
20,1103,3448083108,19,Day 1 17:12,suspended,coursework,2.273236,7.513805,active,0.484000,0.173620,1.000000,1.000000,0.000000,0.144667,0.291060,0.000000,0.000000,10,1,1,1,0,0,0,1,1,1,1,1,0,0,1,0,1,0.232305,0.000000,0.187576,0.000000,0.000000,0.000000,0.146772,0.000000,0.125956,0.000000,0.199615,0.000000,0.000000,0.000000,0.000000,0.107776,use_computer,1,30,1062,computer,none,,,0.000000,1.000000,0,suspended,coursework,2.273236,7.513805,active,90,1,clear,24.000000
20,1103,3448083108,20,Day 1 17:42,suspended,coursework,2.273236,7.513805,active,0.334000,0.289101,1.000000,0.990000,0.025000,0.164667,0.305843,0.080000,0.000000,10,1,1,1,0,0,0,1,1,1,1,1,0,0,1,0,1,0.205329,0.000000,0.173915,0.000000,0.000000,0.000000,0.173603,0.000000,0.132520,0.000000,0.205646,0.000000,0.000000,0.000000,0.000000,0.108987,rest_at_bed,1,60,1122,bed,none,,,0.000000,1.000000,0,suspended,coursework,2.273236,7.513805,active,90,1,clear,24.000000
20,1103,3448083108,21,Day 1 18:42,suspended,coursework,2.273236,7.513805,active,0.394000,0.001282,1.000000,1.000000,0.075000,0.204667,0.326814,0.000000,0.000000,10,1,1,1,0,0,0,1,1,1,1,1,0,0,1,0,1,0.229518,0.000000,0.184437,0.000000,0.000000,0.000000,0.130393,0.000000,0.139033,0.000000,0.206648,0.000000,0.000000,0.000000,0.000000,0.109971,rest_at_bed,1,60,1182,bed,none,evening,,0.000000,1.000000,0,suspended,coursework,2.273236,7.513805,active,90,1,clear,24.000000
20,1103,3448083108,22,Day 1 19:42,suspended,coursework,2.273236,7.513805,active,0.454000,0.000000,1.000000,1.000000,0.125000,0.244667,0.347785,0.000000,0.000000,10,1,1,1,0,0,0,1,1,1,1,1,0,0,1,0,1,0.234289,0.000000,0.185953,0.000000,0.000000,0.000000,0.126965,0.000000,0.142194,0.000000,0.202428,0.000000,0.000000,0.000000,0.000000,0.108171,idle,1,10,1192,,none,,,0.000000,1.000000,0,suspended,coursework,2.273236,7.513805,active,90,1,clear,24.000000
20,1103,3448083108,23,Day 1 19:52,suspended,coursework,2.273236,7.513805,active,0.577333,0.004000,1.000000,0.946667,0.133333,0.251333,0.358443,0.000000,0.000000,10,1,1,1,0,0,0,1,1,1,1,1,0,0,1,0,1,0.220380,0.000000,0.170668,0.000000,0.000000,0.000000,0.109481,0.000000,0.123283,0.107420,0.174403,0.000000,0.000000,0.000000,0.000000,0.094366,use_phone,1,25,1217,phone,none,,,0.000000,1.000000,0,suspended,coursework,2.273236,7.513805,active,90,1,clear,24.000000
20,1103,3448083108,24,Day 1 20:17,suspended,coursework,2.273236,7.513805,active,0.365667,0.098134,1.000000,0.978333,0.154167,0.268000,0.372195,0.095000,0.085000,10,1,1,1,0,0,0,1,1,1,1,1,0,0,1,0,1,0.188996,0.000000,0.155080,0.000000,0.000000,0.000000,0.130458,0.000000,0.131404,0.114990,0.182695,0.000000,0.000000,0.000000,0.000000,0.096377,go_to_bathroom,1,15,1232,door,none,,,0.000000,1.000000,0,suspended,coursework,2.273236,7.513805,active,90,1,clear,24.000000
20,1103,3448083108,25,Day 1 20:32,suspended,coursework,2.273236,7.513805,active,0.370667,0.104134,1.000000,1.000000,0.166667,0.000000,0.375289,0.080000,0.076000,10,1,1,1,0,0,0,1,1,1,1,1,0,0,1,0,1,0.218327,0.000000,0.179049,0.000000,0.000000,0.000000,0.148972,0.000000,0.000000,0.133654,0.209474,0.000000,0.000000,0.000000,0.000000,0.110524,idle,1,10,1242,,none,,,0.000000,1.000000,0,suspended,coursework,2.273236,7.513805,active,90,1,clear,24.000000
20,1103,3448083108,26,Day 1 20:42,suspended,coursework,2.273236,7.513805,active,0.494000,0.108134,1.000000,0.946667,0.175000,0.006667,0.385946,0.070000,0.070000,10,1,1,1,0,0,0,1,1,1,1,1,0,0,1,0,1,0.231104,0.000000,0.184886,0.000000,0.000000,0.000000,0.143269,0.000000,0.000000,0.130189,0.202413,0.000000,0.000000,0.000000,0.000000,0.108139,get_meal,1,35,1277,door,none,,,0.000000,1.000000,0,suspended,coursework,2.273236,7.513805,active,90,1,clear,24.000000
20,1103,3448083108,27,Day 1 21:17,suspended,coursework,2.273236,7.513805,active,0.465667,0.122134,1.000000,1.000000,0.000000,0.030000,0.393166,0.035000,0.049000,10,1,1,1,0,0,0,1,1,1,1,1,0,0,1,0,1,0.264248,0.000000,0.212858,0.000000,0.000000,0.000000,0.164160,0.000000,0.000000,0.000000,0.234147,0.000000,0.000000,0.000000,0.000000,0.124587,use_phone,1,25,1302,phone,none,,,0.000000,1.000000,0,suspended,coursework,2.273236,7.513805,active,90,1,clear,24.000000
20,1103,3448083108,28,Day 1 21:42,suspended,coursework,2.273236,7.513805,active,0.254000,0.216268,1.000000,1.000000,0.020833,0.046667,0.406918,0.130000,0.134000,10,1,1,1,0,0,0,1,1,1,1,1,0,0,1,0,1,0.197657,0.138111,0.168699,0.000000,0.000000,0.000000,0.170616,0.000000,0.000000,0.000000,0.213935,0.000000,0.000000,0.000000,0.000000,0.110981,use_computer,1,30,1332,computer,none,,,0.000000,1.000000,0,suspended,coursework,2.273236,7.513805,active,90,1,clear,24.000000
20,1103,3448083108,29,Day 1 22:12,suspended,coursework,2.273236,7.513805,active,0.104000,0.331749,1.000000,0.990000,0.045833,0.066667,0.421701,0.210000,0.116000,10,1,1,1,0,0,0,1,1,1,1,1,0,0,1,0,1,0.174117,0.137360,0.155887,0.000000,0.000000,0.000000,0.201129,0.000000,0.000000,0.000000,0.219657,0.000000,0.000000,0.000000,0.000000,0.111850,rest_at_bed,1,60,1392,bed,none,,,0.000000,1.000000,0,suspended,coursework,2.273236,7.513805,active,90,1,clear,24.000000
20,1103,3448083108,30,Day 1 23:12,suspended,coursework,2.273236,7.513805,active,0.164000,0.043930,1.000000,1.000000,0.095833,0.106667,0.442672,0.010000,0.080000,10,1,1,1,0,0,0,1,1,1,1,1,0,0,1,0,1,0.238629,0.000000,0.202147,0.000000,0.000000,0.000000,0.166362,0.000000,0.000000,0.000000,0.259948,0.000000,0.000000,0.000000,0.000000,0.132914,use_computer,1,30,1422,computer,none,,,0.000000,1.000000,0,suspended,coursework,2.273236,7.513805,active,90,1,clear,24.000000
20,1103,3448083108,31,Day 1 23:42,suspended,coursework,2.273236,7.513805,active,0.014000,0.159412,1.000000,0.990000,0.120833,0.126667,0.457455,0.090000,0.062000,10,1,1,1,0,0,0,1,1,1,1,1,0,0,1,0,1,0.211483,0.000000,0.187927,0.000000,0.000000,0.000000,0.197302,0.000000,0.000000,0.000000,0.268519,0.000000,0.000000,0.000000,0.000000,0.134767,rest_at_bed,1,60,1482,bed,none,,,0.000000,1.000000,0,suspended,coursework,2.273236,7.513805,active,90,1,clear,24.000000
20,1103,3448083108,32,Day 2 00:42,suspended,coursework,2.273236,7.513805,active,0.074000,0.000000,1.000000,1.000000,0.170833,0.166667,0.478427,0.000000,0.026000,10,1,1,1,0,0,0,1,1,1,1,1,0,0,1,0,1,0.173415,0.000000,0.148707,0.000000,0.000000,0.000000,0.122081,0.000000,0.126908,0.127036,0.200705,0.000000,0.000000,0.000000,0.000000,0.101149,use_phone,1,25,1507,phone,none,,,0.000000,1.000000,0,suspended,coursework,2.273236,7.513805,active,90,1,clear,24.000000
20,1103,3448083108,33,Day 2 01:07,suspended,coursework,2.273236,7.513805,active,0.000000,0.094134,1.000000,1.000000,0.191667,0.183333,0.492178,0.095000,0.111000,10,1,1,1,0,0,0,1,1,1,1,1,0,0,1,0,1,0.157827,0.000000,0.139437,0.000000,0.000000,0.000000,0.139679,0.000000,0.129881,0.130573,0.201874,0.000000,0.000000,0.000000,0.000000,0.100729,go_to_bathroom,1,15,1522,door,none,,,0.000000,1.000000,0,suspended,coursework,2.273236,7.513805,active,90,1,clear,24.000000
20,1103,3448083108,34,Day 2 01:22,suspended,coursework,2.273236,7.513805,active,0.005000,0.100134,1.000000,1.000000,0.204167,0.000000,0.495273,0.080000,0.102000,10,1,1,1,0,0,0,1,1,1,1,1,0,0,1,0,1,0.182038,0.000000,0.160738,0.000000,0.000000,0.000000,0.159253,0.000000,0.000000,0.151531,0.231105,0.000000,0.000000,0.000000,0.000000,0.115335,rest_at_bed,1,60,1582,bed,none,,,0.000000,1.000000,0,suspended,coursework,2.273236,7.513805,active,90,1,clear,24.000000
20,1103,3448083108,35,Day 2 02:22,suspended,coursework,2.273236,7.513805,active,0.065000,0.000000,1.000000,1.000000,0.254167,0.040000,0.516244,0.000000,0.066000,10,1,1,1,0,0,0,1,1,1,1,1,0,0,1,0,1,0.194888,0.000000,0.167427,0.000000,0.000000,0.000000,0.137515,0.000000,0.000000,0.157768,0.228097,0.000000,0.000000,0.000000,0.000000,0.114305,use_computer,1,30,1612,computer,none,,,0.000000,1.000000,0,suspended,coursework,2.273236,7.513805,active,90,1,clear,24.000000
20,1103,3448083108,36,Day 2 02:52,suspended,coursework,2.273236,7.513805,active,0.000000,0.115481,1.000000,0.990000,0.279167,0.060000,0.531027,0.080000,0.048000,10,1,1,1,0,0,0,1,1,1,1,1,0,0,1,0,1,0.178469,0.000000,0.158073,0.000000,0.000000,0.000000,0.158422,0.000000,0.000000,0.162507,0.228873,0.000000,0.000000,0.000000,0.000000,0.113656,turn_light_on,1,1,1613,light,none,,,0.000000,1.000000,0,suspended,coursework,2.273236,7.513805,active,90,1,clear,24.000000
20,1103,3448083108,37,Day 2 02:53,suspended,coursework,2.273236,7.513805,active,0.000333,0.115881,1.000000,1.000000,0.280000,0.060667,0.531233,0.079000,0.047400,13,1,1,1,1,1,1,1,1,1,1,0,1,0,1,0,1,0.079781,0.000000,0.070661,0.181680,0.201913,0.271742,0.070765,0.000000,0.000000,0.072675,0.000000,0.000000,0.000000,0.000000,0.000000,0.050783,study_focused,1,35,1648,desk,none,,coursework,0.429607,0.941189,0,active,coursework,2.702843,7.513805,active,90,1,clear,24.000000
20,1103,3448083108,38,Day 2 03:28,active,coursework,2.702843,7.513805,active,0.032000,0.239881,0.879407,1.000000,0.309167,0.084000,0.488453,0.044000,0.026400,13,1,1,1,1,1,1,1,1,1,1,0,1,0,1,0,1,0.103145,0.000000,0.092218,0.193434,0.214975,0.137432,0.098230,0.000000,0.000000,0.095336,0.000000,0.000000,0.000000,0.000000,0.000000,0.065230,study_halfhearted,1,35,1683,desk,none,,coursework,0.292871,1.069378,0,active,coursework,2.995714,7.513805,active,90,1,clear,24.000000
20,1103,3448083108,39,Day 2 04:03,active,coursework,2.995714,7.513805,active,0.093667,0.333881,0.815091,1.000000,0.338333,0.107333,0.473738,0.009000,0.005400,13,1,1,1,1,1,1,1,1,1,1,0,1,0,1,0,1,0.101830,0.000000,0.090976,0.165385,0.183803,0.126227,0.098637,0.000000,0.000000,0.093065,0.000000,0.077754,0.000000,0.000000,0.000000,0.062324,study_focused,1,35,1718,desk,none,,coursework,0.492980,1.080029,0,active,coursework,3.488694,7.513805,active,90,1,clear,24.000000
20,1103,3448083108,40,Day 2 04:38,active,coursework,3.488694,7.513805,active,0.125333,0.457881,0.694497,1.000000,0.367500,0.130667,0.427991,0.000000,0.000000,13,1,1,1,1,1,1,1,1,1,1,0,1,0,1,0,1,0.089498,0.000000,0.080762,0.120674,0.134113,0.101249,0.095302,0.104607,0.064392,0.083721,0.000000,0.070782,0.000000,0.000000,0.000000,0.054899,study_halfhearted,1,35,1753,desk,none,,coursework,0.260874,0.952543,0,active,coursework,3.749568,7.513805,active,90,1,clear,24.000000
20,1103,3448083108,41,Day 2 05:13,active,coursework,3.749568,7.513805,active,0.187000,0.551881,0.630181,1.000000,0.396667,0.154000,0.410309,0.000000,0.000000,13,1,1,1,1,1,1,1,1,1,1,0,1,0,1,0,1,0.091781,0.000000,0.082827,0.108368,0.120436,0.097703,0.102602,0.116763,0.065669,0.085897,0.000000,0.072825,0.000000,0.000000,0.000000,0.055129,study_at_computer,1,35,1788,computer,none,,coursework,0.648451,0.927871,0,active,coursework,4.398019,7.513805,active,90,1,clear,24.000000
20,1103,3448083108,42,Day 2 05:48,active,coursework,4.398019,7.513805,active,0.218667,0.677840,0.509588,1.000000,0.425833,0.177333,0.361596,0.045000,0.000000,13,1,1,1,1,1,1,1,1,1,1,0,1,0,1,0,1,0.090703,0.000000,0.082799,0.090450,0.100522,0.089700,0.117248,0.140187,0.067252,0.088500,0.000000,0.077023,0.000000,0.000000,0.000000,0.055617,rest_at_bed,1,60,1848,bed,none,,,0.000000,1.000000,0,suspended,coursework,4.398019,7.513805,active,90,1,clear,24.000000
20,1103,3448083108,43,Day 2 06:48,suspended,coursework,4.398019,7.513805,active,0.278667,0.390021,0.586359,1.000000,0.475833,0.217333,0.370190,0.000000,0.000000,13,1,1,1,1,1,1,1,1,1,1,0,1,0,1,0,1,0.112330,0.000000,0.097360,0.120013,0.133379,0.112502,0.100811,0.000000,0.079096,0.105165,0.000000,0.076757,0.000000,0.000000,0.000000,0.062587,idle,1,10,1858,,none,,,0.000000,1.000000,0,suspended,coursework,4.398019,7.513805,active,90,1,clear,24.000000
20,1103,3448083108,44,Day 2 06:58,suspended,coursework,4.398019,7.513805,active,0.402000,0.394021,0.713131,0.946667,0.484167,0.224000,0.378952,0.000000,0.000000,13,1,1,1,1,1,1,1,1,1,1,0,1,0,1,0,1,0.114154,0.000000,0.096540,0.128250,0.141685,0.122720,0.093936,0.000000,0.074088,0.098677,0.000000,0.071460,0.000000,0.000000,0.000000,0.058488,rest_at_bed,1,60,1918,bed,none,alarm-rings,,0.000000,1.000000,0,suspended,coursework,4.398019,7.513805,active,90,1,clear,24.000000
20,1103,3448083108,45,Day 2 07:58,suspended,coursework,4.398019,7.513805,active,0.492000,0.106202,0.789903,0.976667,0.534167,0.264000,0.418909,0.000000,0.000000,14,1,1,1,1,1,1,1,1,1,1,0,1,1,1,0,1,0.114048,0.000000,0.091111,0.137320,0.152215,0.129593,0.066137,0.000000,0.069823,0.093962,0.000000,0.000000,0.092872,0.000000,0.000000,0.052919,use_computer,1,30,1948,computer,none,,,0.000000,1.000000,0,suspended,coursework,4.398019,7.513805,active,90,1,clear,24.000000
20,1103,3448083108,46,Day 2 08:28,suspended,coursework,4.398019,7.513805,active,0.342000,0.221683,0.886674,0.966667,0.559167,0.284000,0.430803,0.080000,0.000000,14,1,1,1,1,1,1,1,1,1,1,0,1,1,1,0,1,0.096737,0.000000,0.081066,0.146234,0.161914,0.130119,0.075096,0.000000,0.070497,0.095360,0.000000,0.000000,0.091956,0.000000,0.000000,0.051021,get_meal,1,35,1983,door,none,,,0.000000,1.000000,0,suspended,coursework,4.398019,7.513805,active,90,1,clear,24.000000
20,1103,3448083108,47,Day 2 09:03,suspended,coursework,4.398019,7.513805,active,0.313667,0.235683,0.886674,1.000000,0.038333,0.307333,0.436205,0.045000,0.000000,14,1,1,1,1,1,1,1,1,1,1,0,1,1,1,0,1,0.105509,0.000000,0.089027,0.160780,0.178685,0.146484,0.082094,0.000000,0.079820,0.000000,0.000000,0.000000,0.101530,0.000000,0.000000,0.056071,turn_off_alarm,1,1,1984,alarm,none,,,0.000000,1.000000,0,suspended,coursework,4.398019,7.513805,active,90,1,clear,24.000000
20,1103,3448083108,48,Day 2 09:04,suspended,coursework,4.398019,7.513805,active,0.314000,0.236083,0.886674,1.000000,0.039167,0.308000,0.416359,0.044000,0.000000,13,1,1,1,1,1,1,1,1,1,1,0,1,0,1,0,1,0.117047,0.000000,0.098759,0.177460,0.197222,0.167564,0.091206,0.000000,0.088570,0.000000,0.000000,0.000000,0.000000,0.000000,0.000000,0.062172,study_focused,1,35,2019,desk,none,,coursework,0.413198,0.905241,0,active,coursework,4.811217,7.513805,active,90,1,clear,24.000000
20,1103,3448083108,49,Day 2 09:39,active,coursework,4.811217,7.513805,active,0.345667,0.360083,0.766081,1.000000,0.068333,0.331333,0.371760,0.009000,0.000000,13,1,1,1,1,1,1,1,1,1,1,0,1,0,1,0,1,0.119700,0.000000,0.101952,0.149393,0.166031,0.131108,0.100166,0.000000,0.091353,0.000000,0.000000,0.077127,0.000000,0.000000,0.000000,0.063170,idle,1,10,2029,,none,,,0.000000,1.000000,0,active,coursework,4.811217,7.513805,active,90,1,clear,24.000000
20,1103,3448083108,50,Day 2 09:49,active,coursework,4.811217,7.513805,active,0.469000,0.364083,0.892853,0.946667,0.076667,0.338000,0.381346,0.000000,0.000000,13,1,1,1,1,1,1,1,1,1,1,0,1,0,1,0,1,0.121177,0.000000,0.100686,0.158584,0.175197,0.137367,0.092223,0.000000,0.084985,0.000000,0.000000,0.071152,0.000000,0.000000,0.000000,0.058629,rest_at_bed,1,60,2089,bed,none,,,0.000000,1.000000,0,suspended,coursework,4.811217,7.513805,active,90,1,clear,24.000000
20,1103,3448083108,51,Day 2 10:49,suspended,coursework,4.811217,7.513805,active,0.529000,0.076264,0.969624,0.976667,0.126667,0.378000,0.399370,0.000000,0.000000,13,1,1,1,1,1,1,1,1,1,1,0,1,0,1,0,1,0.130955,0.000000,0.103416,0.186803,0.207065,0.152805,0.071961,0.000000,0.088547,0.000000,0.000000,0.000000,0.000000,0.000000,0.000000,0.058449,study_at_computer,1,35,2124,computer,none,,coursework,0.675248,0.966215,0,active,coursework,5.486465,7.513805,active,90,1,clear,24.000000
20,1103,3448083108,52,Day 2 11:24,active,coursework,5.486465,7.513805,active,0.560667,0.202222,0.849031,1.000000,0.155833,0.401333,0.356102,0.045000,0.000000,13,1,1,1,1,1,1,1,1,1,1,0,1,0,1,0,1,0.129046,0.000000,0.103084,0.155658,0.172992,0.139979,0.081948,0.000000,0.090422,0.068074,0.000000,0.000000,0.000000,0.000000,0.000000,0.058797,go_to_bathroom,1,15,2139,door,none,,,0.000000,1.000000,0,suspended,coursework,5.486465,7.513805,active,90,1,clear,24.000000
20,1103,3448083108,53,Day 2 11:39,suspended,coursework,5.486465,7.513805,active,0.565667,0.208222,0.849031,1.000000,0.168333,0.000000,0.358159,0.030000,0.000000,13,1,1,1,1,1,1,1,1,1,1,0,1,0,1,0,1,0.142637,0.000000,0.113878,0.170496,0.189483,0.153734,0.089547,0.000000,0.000000,0.075707,0.000000,0.000000,0.000000,0.000000,0.000000,0.064516,rest_at_bed,1,60,2199,bed,none,,,0.000000,1.000000,0,suspended,coursework,5.486465,7.513805,active,90,1,clear,24.000000
20,1103,3448083108,54,Day 2 12:39,suspended,coursework,5.486465,7.513805,active,0.625667,0.000000,0.925803,1.000000,0.218333,0.040000,0.374978,0.000000,0.000000,13,1,1,1,1,1,1,1,1,1,1,0,1,0,1,0,1,0.142755,0.000000,0.109413,0.181961,0.202225,0.162113,0.068078,0.000000,0.000000,0.073854,0.000000,0.000000,0.000000,0.000000,0.000000,0.059601,study_at_computer,1,35,2234,computer,none,,coursework,0.666077,0.953091,0,active,coursework,6.152542,7.513805,active,90,1,clear,24.000000
20,1103,3448083108,55,Day 2 13:14,active,coursework,6.152542,7.513805,active,0.657333,0.125958,0.805209,1.000000,0.247500,0.063333,0.331007,0.045000,0.000000,13,1,1,1,1,1,1,1,1,1,1,0,1,0,1,0,1,0.141364,0.000000,0.109596,0.152342,0.169308,0.144297,0.077912,0.000000,0.000000,0.076246,0.000000,0.000000,0.000000,0.068687,0.000000,0.060249,study_at_computer,1,35,2269,computer,none,task-reminder,coursework,0.698958,1.000142,0,active,coursework,6.851500,7.513805,active,90,1,clear,24.000000
20,1103,3448083108,56,Day 2 13:49,active,coursework,6.851500,7.513805,active,0.689000,0.251916,0.684616,1.000000,0.276667,0.086667,0.285101,0.090000,0.000000,13,1,1,1,1,1,1,1,1,1,1,0,1,0,1,0,1,0.147399,0.000000,0.115593,0.134241,0.149191,0.139823,0.093908,0.000000,0.000000,0.082883,0.000000,0.000000,0.000000,0.072831,0.000000,0.064130,get_meal,1,35,2304,door,none,,,0.000000,1.000000,0,suspended,coursework,6.851500,7.513805,active,90,1,clear,24.000000
20,1103,3448083108,57,Day 2 14:24,suspended,coursework,6.851500,7.513805,active,0.660667,0.265916,0.684616,1.000000,0.000000,0.110000,0.287261,0.055000,0.000000,13,1,1,1,1,1,1,1,1,1,1,0,1,0,1,0,1,0.160098,0.000000,0.126416,0.146875,0.163231,0.151522,0.102271,0.000000,0.000000,0.000000,0.000000,0.000000,0.000000,0.079404,0.000000,0.070184,open_curtain,1,1,2305,window,none,,,0.000000,1.000000,0,suspended,coursework,6.851500,7.513805,active,90,1,clear,24.000000
20,1103,3448083108,58,Day 2 14:25,suspended,coursework,6.851500,7.513805,active,0.661000,0.266316,0.684616,1.000000,0.000833,0.110667,0.287323,0.054000,0.000000,13,1,1,1,1,1,1,1,1,1,1,0,1,0,0,1,1,0.173006,0.000000,0.136603,0.158618,0.176282,0.169251,0.110433,0.000000,0.000000,0.000000,0.000000,0.000000,0.000000,0.000000,0.000000,0.075806,study_halfhearted,1,35,2340,desk,none,room-temperature-shift,coursework,0.276215,1.008560,0,active,coursework,7.127715,7.513805,active,90,1,clear,17.000000
20,1103,3448083108,59,Day 2 15:00,active,coursework,7.127715,7.513805,active,0.722667,0.400316,0.620300,0.948333,0.030000,0.134000,0.269483,0.019000,0.000000,13,1,1,1,1,1,1,1,1,1,1,0,1,0,0,1,1,0.156120,0.000000,0.123844,0.123157,0.136083,0.137350,0.105419,0.000000,0.072939,0.000000,0.000000,0.078530,0.000000,0.000000,0.000000,0.066560,study_focused,1,35,2375,desk,none,task-completed,coursework,0.498096,1.091237,0,none,,7.513805,7.513805,completed,90,1,clear,17.000000
20,1103,3448083108,60,Day 2 15:35,none,,7.513805,7.513805,completed,0.754333,0.524316,0.000000,1.000000,0.059167,0.157333,0.000000,0.000000,0.000000,10,1,1,1,0,0,0,1,1,1,1,0,1,0,0,1,1,0.208407,0.000000,0.166945,0.000000,0.000000,0.000000,0.157210,0.168984,0.098730,0.000000,0.000000,0.107945,0.000000,0.000000,0.000000,0.091779,go_to_bathroom,1,15,2390,door,none,,,0.000000,1.000000,0,none,,7.513805,7.513805,completed,90,1,clear,17.000000
20,1103,3448083108,61,Day 2 15:50,none,,7.513805,7.513805,completed,0.759333,0.530316,0.000000,1.000000,0.071667,0.000000,0.000000,0.000000,0.000000,10,1,1,1,0,0,0,1,1,1,1,0,1,0,0,1,1,0.231025,0.000000,0.185024,0.000000,0.000000,0.000000,0.174656,0.188194,0.000000,0.000000,0.000000,0.119592,0.000000,0.000000,0.000000,0.101509,sleep_at_bed,1,480,2870,bed,none,weather-clear|message-study-group|evening,,0.000000,1.000000,0,none,,7.513805,7.513805,completed,90,2,clear,17.000000
20,1103,3448083108,62,Day 2 23:50,none,,7.513805,7.513805,completed,0.839333,0.153040,0.000000,0.920000,0.471667,0.320000,0.000000,0.000000,0.000000,10,1,1,1,0,0,0,1,1,1,1,0,1,0,0,1,1,0.266556,0.000000,0.199663,0.000000,0.000000,0.000000,0.131713,0.000000,0.136006,0.160071,0.000000,0.000000,0.000000,0.000000,0.000000,0.105991,use_computer,1,30,2900,computer,none,,,0.000000,1.000000,0,none,,7.513805,7.513805,completed,90,2,clear,17.000000
20,1103,3448083108,63,Day 3 00:20,none,,7.513805,7.513805,completed,0.689333,0.268521,0.000000,0.910000,0.496667,0.340000,0.000000,0.080000,0.000000,10,1,1,1,0,0,0,1,1,1,1,0,1,0,0,1,1,0.211498,0.000000,0.166182,0.000000,0.000000,0.000000,0.140084,0.000000,0.128453,0.151964,0.000000,0.105603,0.000000,0.000000,0.000000,0.096216,turn_light_off,1,1,2901,light,none,,,0.000000,1.000000,0,none,,7.513805,7.513805,completed,90,2,clear,17.000000
20,1103,3448083108,64,Day 3 00:21,none,,7.513805,7.513805,completed,0.689667,0.268921,0.000000,0.929667,0.497500,0.340667,0.000000,0.079000,0.000000,10,1,1,1,0,0,0,1,1,1,1,1,0,0,0,1,1,0.236487,0.000000,0.185809,0.000000,0.000000,0.000000,0.156518,0.000000,0.143664,0.169989,0.000000,0.000000,0.000000,0.000000,0.000000,0.107532,go_to_bathroom,1,15,2916,door,none,,,0.000000,1.000000,0,none,,7.513805,7.513805,completed,90,2,clear,17.000000
20,1103,3448083108,65,Day 3 00:36,none,,7.513805,7.513805,completed,0.694667,0.274921,0.000000,1.000000,0.510000,0.000000,0.000000,0.064000,0.000000,10,1,1,1,0,0,0,1,1,1,1,1,0,0,0,1,1,0.276673,0.000000,0.217265,0.000000,0.000000,0.000000,0.181073,0.000000,0.000000,0.200100,0.000000,0.000000,0.000000,0.000000,0.000000,0.124889,get_meal,1,35,2951,door,none,,,0.000000,1.000000,0,none,,7.513805,7.513805,completed,90,2,clear,17.000000
20,1103,3448083108,66,Day 3 01:11,none,,7.513805,7.513805,completed,0.666333,0.288921,0.000000,1.000000,0.000000,0.023333,0.000000,0.029000,0.000000,10,1,1,1,0,0,0,1,1,1,1,1,0,0,0,1,1,0.344605,0.000000,0.272473,0.000000,0.000000,0.000000,0.226187,0.000000,0.000000,0.000000,0.000000,0.000000,0.000000,0.000000,0.000000,0.156735,use_computer,1,30,2981,computer,none,,,0.000000,1.000000,0,none,,7.513805,7.513805,completed,90,2,clear,17.000000
20,1103,3448083108,67,Day 3 01:41,none,,7.513805,7.513805,completed,0.516333,0.404403,0.000000,0.990000,0.025000,0.043333,0.000000,0.109000,0.000000,10,1,1,1,0,0,0,1,1,1,1,1,0,0,0,1,1,0.241622,0.000000,0.200405,0.000000,0.000000,0.000000,0.212582,0.219660,0.000000,0.000000,0.000000,0.000000,0.000000,0.000000,0.000000,0.125731,rest_at_bed,1,60,3041,bed,none,,,0.000000,1.000000,0,none,,7.513805,7.513805,completed,90,2,clear,17.000000
20,1103,3448083108,68,Day 3 02:41,none,,7.513805,7.513805,completed,0.576333,0.116584,0.000000,1.000000,0.075000,0.083333,0.000000,0.000000,0.000000,10,1,1,1,0,0,0,1,1,1,1,1,0,0,0,1,1,0.353489,0.000000,0.277977,0.000000,0.000000,0.000000,0.204100,0.000000,0.000000,0.000000,0.000000,0.000000,0.000000,0.000000,0.000000,0.164434,use_phone,1,25,3066,phone,none,,,0.000000,1.000000,0,none,,7.513805,7.513805,completed,90,2,clear,17.000000
20,1103,3448083108,69,Day 3 03:06,none,,7.513805,7.513805,completed,0.364667,0.210718,0.000000,1.000000,0.095833,0.100000,0.000000,0.095000,0.085000,10,1,1,1,0,0,0,1,1,1,1,1,0,0,0,1,1,0.313412,0.000000,0.261137,0.000000,0.000000,0.000000,0.251828,0.000000,0.000000,0.000000,0.000000,0.000000,0.000000,0.000000,0.000000,0.173623,rest_at_bed,1,60,3126,bed,none,,,0.000000,1.000000,0,none,,7.513805,7.513805,completed,90,2,clear,17.000000
20,1103,3448083108,70,Day 3 04:06,none,,7.513805,7.513805,completed,0.424667,0.000000,0.000000,1.000000,0.145833,0.140000,0.000000,0.000000,0.049000,10,1,1,1,0,0,0,1,1,1,1,1,0,0,0,1,1,0.251327,0.000000,0.200671,0.000000,0.000000,0.000000,0.144652,0.000000,0.138260,0.138740,0.000000,0.000000,0.000000,0.000000,0.000000,0.126350,use_computer,1,30,3156,computer,none,,,0.000000,1.000000,0,none,,7.513805,7.513805,completed,90,2,clear,17.000000
20,1103,3448083108,71,Day 3 04:36,none,,7.513805,7.513805,completed,0.274667,0.115481,0.000000,0.990000,0.170833,0.160000,0.000000,0.080000,0.031000,10,1,1,1,0,0,0,1,1,1,1,1,0,0,0,1,1,0.222245,0.000000,0.186142,0.000000,0.000000,0.000000,0.171459,0.000000,0.145532,0.146793,0.000000,0.000000,0.000000,0.000000,0.000000,0.127829,use_computer,1,30,3186,computer,none,,,0.000000,1.000000,0,none,,7.513805,7.513805,completed,90,2,clear,17.000000
20,1103,3448083108,72,Day 3 05:06,none,,7.513805,7.513805,completed,0.124667,0.230963,0.000000,0.980000,0.195833,0.180000,0.000000,0.160000,0.013000,10,1,1,1,0,0,0,1,1,1,1,1,0,0,0,1,1,0.194533,0.000000,0.170913,0.000000,0.000000,0.000000,0.201171,0.000000,0.151632,0.153737,0.000000,0.000000,0.000000,0.000000,0.000000,0.128013,go_to_bathroom,1,15,3201,door,none,,,0.000000,1.000000,0,none,,7.513805,7.513805,completed,90,2,clear,17.000000
20,1103,3448083108,73,Day 3 05:21,none,,7.513805,7.513805,completed,0.129667,0.236963,0.000000,1.000000,0.208333,0.000000,0.000000,0.145000,0.004000,10,1,1,1,0,0,0,1,1,1,1,1,0,0,0,1,1,0.229932,0.000000,0.201903,0.000000,0.000000,0.000000,0.235126,0.000000,0.000000,0.182833,0.000000,0.000000,0.000000,0.000000,0.000000,0.150206,get_meal,1,35,3236,door,none,,,0.000000,1.000000,0,none,,7.513805,7.513805,completed,90,2,clear,17.000000
20,1103,3448083108,74,Day 3 05:56,none,,7.513805,7.513805,completed,0.101333,0.250963,0.000000,1.000000,0.000000,0.023333,0.000000,0.110000,0.000000,10,1,1,1,0,0,0,1,1,1,1,1,0,0,0,1,1,0.280275,0.000000,0.247804,0.000000,0.000000,0.000000,0.287439,0.000000,0.000000,0.000000,0.000000,0.000000,0.000000,0.000000,0.000000,0.184483,use_phone,1,25,3261,phone,none,,,0.000000,1.000000,0,none,,7.513805,7.513805,completed,90,2,clear,17.000000
20,1103,3448083108,75,Day 3 06:21,none,,7.513805,7.513805,completed,0.000000,0.345097,0.000000,1.000000,0.020833,0.040000,0.000000,0.205000,0.085000,10,1,1,1,0,0,0,1,1,1,1,1,0,0,0,1,1,0.188499,0.000000,0.172664,0.000000,0.000000,0.000000,0.248289,0.252485,0.000000,0.000000,0.000000,0.000000,0.000000,0.000000,0.000000,0.138064,idle,1,10,3271,,none,,,0.000000,1.000000,0,none,,7.513805,7.513805,completed,90,2,clear,17.000000
20,1103,3448083108,76,Day 3 06:31,none,,7.513805,7.513805,completed,0.123333,0.349097,0.000000,0.946667,0.029167,0.046667,0.000000,0.195000,0.079000,10,1,1,1,0,0,0,1,1,1,1,1,0,0,0,1,1,0.200477,0.000000,0.179139,0.000000,0.000000,0.000000,0.240203,0.244454,0.000000,0.000000,0.000000,0.000000,0.000000,0.000000,0.000000,0.135727,sleep_at_bed,1,480,3751,bed,none,alarm-rings|message-study-group,,0.000000,1.000000,0,none,,7.513805,7.513805,completed,90,3,clear,17.000000
20,1103,3448083108,77,Day 3 14:31,none,,7.513805,7.513805,completed,0.233333,0.000000,0.000000,0.866667,0.429167,0.366667,0.026876,0.000000,0.000000,11,1,1,1,0,0,0,1,1,1,1,1,0,1,0,1,1,0.178127,0.000000,0.147873,0.000000,0.000000,0.000000,0.117467,0.000000,0.145901,0.155230,0.000000,0.000000,0.154667,0.000000,0.000000,0.100735,rest_at_bed,1,60,3811,bed,none,,,0.000000,1.000000,0,none,,7.513805,7.513805,completed,90,3,clear,17.000000
20,1103,3448083108,78,Day 3 15:31,none,,7.513805,7.513805,completed,0.293333,0.000000,0.000000,0.896667,0.479167,0.406667,0.026876,0.000000,0.000000,11,1,1,1,0,0,0,1,1,1,1,1,0,1,0,1,1,0.180806,0.000000,0.148275,0.000000,0.000000,0.000000,0.114145,0.000000,0.148404,0.159532,0.000000,0.000000,0.150293,0.000000,0.000000,0.098545,use_phone,1,25,3836,phone,none,weather-rain|room-temperature-shift,,0.000000,1.000000,0,none,,7.513805,7.513805,completed,90,3,rain,24.000000
20,1103,3448083108,79,Day 3 15:56,none,,7.513805,7.513805,completed,0.081667,0.094134,0.000000,0.928333,0.500000,0.423333,0.026876,0.095000,0.085000,11,1,1,1,0,0,0,1,1,1,1,1,0,1,0,1,1,0.153100,0.000000,0.133031,0.000000,0.000000,0.000000,0.134506,0.000000,0.156183,0.168618,0.000000,0.000000,0.155188,0.000000,0.000000,0.099374,go_to_bathroom,1,15,3851,door,none,,,0.000000,1.000000,0,none,,7.513805,7.513805,completed,90,3,rain,24.000000
20,1103,3448083108,80,Day 3 16:11,none,,7.513805,7.513805,completed,0.086667,0.100134,0.000000,1.000000,0.512500,0.000000,0.026876,0.080000,0.076000,11,1,1,1,0,0,0,1,1,1,1,1,0,1,0,1,1,0.181971,0.000000,0.158030,0.000000,0.000000,0.000000,0.158087,0.000000,0.000000,0.201650,0.000000,0.000000,0.183008,0.000000,0.000000,0.117254,use_computer,1,30,3881,computer,none,,,0.000000,1.000000,0,none,,7.513805,7.513805,completed,90,3,rain,24.000000
20,1103,3448083108,81,Day 3 16:41,none,,7.513805,7.513805,completed,0.000000,0.215615,0.000000,0.990000,0.537500,0.020000,0.026876,0.160000,0.058000,11,1,1,1,0,0,0,1,1,1,1,1,0,1,0,1,1,0.163825,0.000000,0.147328,0.000000,0.000000,0.000000,0.182188,0.000000,0.000000,0.207440,0.000000,0.000000,0.183062,0.000000,0.000000,0.116157,idle,1,10,3891,,none,,,0.000000,1.000000,0,none,,7.513805,7.513805,completed,90,3,rain,24.000000
20,1103,3448083108,82,Day 3 16:51,none,,7.513805,7.513805,completed,0.123333,0.219615,0.000000,0.936667,0.545833,0.026667,0.026876,0.150000,0.052000,11,1,1,1,0,0,0,1,1,1,1,1,0,1,0,1,1,0.174575,0.000000,0.153152,0.000000,0.000000,0.000000,0.176599,0.000000,0.000000,0.203417,0.000000,0.000000,0.177843,0.000000,0.000000,0.114414,use_phone,1,25,3916,phone,none,,,0.000000,1.000000,0,none,,7.513805,7.513805,completed,90,3,rain,24.000000
20,1103,3448083108,83,Day 3 17:16,none,,7.513805,7.513805,completed,0.000000,0.313749,0.000000,0.968333,0.566667,0.043333,0.026876,0.245000,0.137000,11,1,1,1,0,0,0,1,1,1,1,1,0,1,0,1,1,0.135631,0.118214,0.123826,0.000000,0.000000,0.000000,0.179059,0.000000,0.000000,0.184999,0.000000,0.000000,0.158009,0.000000,0.000000,0.100261,shop_on_phone,1,20,3936,phone,none,,,0.000000,1.000000,0,none,,7.513805,7.513805,completed,60,3,rain,24.000000
20,1103,3448083108,84,Day 3 17:36,none,,7.513805,7.513805,completed,0.006667,0.324360,0.000000,1.000000,0.583333,0.056667,0.026876,0.305000,0.000000,11,1,1,1,0,0,0,1,1,1,1,1,0,1,0,1,1,0.123556,0.000000,0.112961,0.000000,0.000000,0.000000,0.173060,0.176511,0.000000,0.174600,0.000000,0.000000,0.146368,0.000000,0.000000,0.092943,idle,1,10,3946,,none,,,0.000000,1.000000,0,none,,7.513805,7.513805,completed,60,3,rain,24.000000
20,1103,3448083108,85,Day 3 17:46,none,,7.513805,7.513805,completed,0.130000,0.328360,0.000000,0.946667,0.591667,0.063333,0.026876,0.295000,0.000000,11,1,1,1,0,0,0,1,1,1,1,1,0,1,0,1,1,0.132588,0.000000,0.118251,0.000000,0.000000,0.000000,0.168929,0.172433,0.000000,0.172416,0.000000,0.000000,0.143194,0.000000,0.000000,0.092191,use_phone,1,25,3971,phone,none,,,0.000000,1.000000,0,none,,7.513805,7.513805,completed,60,3,rain,24.000000
20,1103,3448083108,86,Day 3 18:11,none,,7.513805,7.513805,completed,0.000000,0.422494,0.000000,0.978333,0.612500,0.080000,0.026876,0.390000,0.085000,11,1,1,1,0,0,0,1,1,1,1,1,0,1,0,1,1,0.111802,0.000000,0.103908,0.000000,0.000000,0.000000,0.186803,0.199680,0.000000,0.171014,0.000000,0.000000,0.138752,0.000000,0.000000,0.088042,turn_off_alarm,1,1,3972,alarm,none,,,0.000000,1.000000,0,none,,7.513805,7.513805,completed,60,3,rain,24.000000
20,1103,3448083108,87,Day 3 18:12,none,,7.513805,7.513805,completed,0.000333,0.422894,0.000000,1.000000,0.613333,0.080667,0.006876,0.389000,0.084400,10,1,1,1,0,0,0,1,1,1,1,1,0,0,0,1,1,0.129788,0.000000,0.120620,0.000000,0.000000,0.000000,0.217179,0.231649,0.000000,0.198608,0.000000,0.000000,0.000000,0.000000,0.000000,0.102156,use_computer,1,30,4002,computer,none,,,0.000000,1.000000,0,none,,7.513805,7.513805,completed,60,3,rain,24.000000
20,1103,3448083108,88,Day 3 18:42,none,,7.513805,7.513805,completed,0.000000,0.538376,0.000000,0.990000,0.638333,0.100667,0.006876,0.469000,0.066400,10,1,1,1,0,0,0,1,1,1,1,1,0,0,0,1,1,0.103489,0.000000,0.097862,0.000000,0.000000,0.000000,0.208192,0.234275,0.000000,0.169946,0.000000,0.000000,0.000000,0.000000,0.101240,0.084996,get_meal,1,35,4037,door,none,,,0.000000,1.000000,0,none,,7.513805,7.513805,completed,60,3,rain,24.000000
20,1103,3448083108,89,Day 3 19:17,none,,7.513805,7.513805,completed,0.000000,0.552376,0.000000,1.000000,0.117500,0.124000,0.006876,0.434000,0.045400,10,1,1,1,0,0,0,1,1,1,1,1,0,0,0,1,1,0.126047,0.000000,0.119325,0.000000,0.000000,0.000000,0.249127,0.281107,0.000000,0.000000,0.000000,0.000000,0.000000,0.000000,0.121888,0.102507,sleep_at_bed,1,480,4517,bed,none,evening,,0.000000,1.000000,0,none,,7.513805,7.513805,completed,60,3,rain,24.000000
20,1103,3448083108,90,Day 4 03:17,none,,7.513805,7.513805,completed,0.080000,0.175099,0.000000,0.920000,0.517500,0.444000,0.006876,0.000000,0.000000,10,1,1,1,0,0,0,1,1,1,1,1,0,0,0,1,1,0.181344,0.000000,0.159010,0.000000,0.000000,0.000000,0.158879,0.000000,0.185702,0.199687,0.000000,0.000000,0.000000,0.000000,0.000000,0.115378,idle,1,10,4527,,none,,,0.000000,1.000000,0,none,,7.513805,7.513805,completed,60,3,rain,24.000000
20,1103,3448083108,91,Day 4 03:27,none,,7.513805,7.513805,completed,0.203333,0.179099,0.000000,0.866667,0.525833,0.450667,0.006876,0.000000,0.000000,10,1,1,1,0,0,0,1,1,1,1,1,0,0,0,1,1,0.191927,0.000000,0.164204,0.000000,0.000000,0.000000,0.154329,0.000000,0.181155,0.195134,0.000000,0.000000,0.000000,0.000000,0.000000,0.113251,rest_at_bed,1,60,4587,bed,none,,,0.000000,1.000000,0,none,,7.513805,7.513805,completed,60,3,rain,24.000000
20,1103,3448083108,92,Day 4 04:27,none,,7.513805,7.513805,completed,0.263333,0.000000,0.000000,0.896667,0.575833,0.490667,0.006876,0.000000,0.000000,10,1,1,1,0,0,0,1,1,1,1,1,0,0,0,1,1,0.201804,0.000000,0.166509,0.000000,0.000000,0.000000,0.130502,0.000000,0.186342,0.202804,0.000000,0.000000,0.000000,0.000000,0.000000,0.112039,use_computer,1,30,4617,computer,none,,,0.000000,1.000000,0,none,,7.513805,7.513805,completed,60,3,rain,24.000000
20,1103,3448083108,93,Day 4 04:57,none,,7.513805,7.513805,completed,0.113333,0.115481,0.000000,0.886667,0.600833,0.510667,0.006876,0.080000,0.000000,10,1,1,1,0,0,0,1,1,1,1,1,0,0,0,1,1,0.176396,0.000000,0.152673,0.000000,0.000000,0.000000,0.152904,0.000000,0.193882,0.212102,0.000000,0.000000,0.000000,0.000000,0.000000,0.112043,go_to_bathroom,1,15,4632,door,none,,,0.000000,1.000000,0,none,,7.513805,7.513805,completed,60,3,rain,24.000000
20,1103,3448083108,94,Day 4 05:12,none,,7.513805,7.513805,completed,0.118333,0.121481,0.000000,0.975964,0.613333,0.000000,0.006876,0.065000,0.000000,10,1,1,1,0,0,0,1,1,1,1,1,0,0,0,1,1,0.219174,0.000000,0.189594,0.000000,0.000000,0.000000,0.187866,0.000000,0.000000,0.265164,0.000000,0.000000,0.000000,0.000000,0.000000,0.138202,get_meal,1,35,4667,door,none,,,0.000000,1.000000,0,none,,7.513805,7.513805,completed,60,3,rain,24.000000
20,1103,3448083108,95,Day 4 05:47,none,,7.513805,7.513805,completed,0.090000,0.135481,0.000000,1.000000,0.092500,0.023333,0.006876,0.030000,0.000000,10,1,1,1,0,0,0,1,1,1,1,1,0,0,0,1,1,0.297089,0.000000,0.258764,0.000000,0.000000,0.000000,0.255392,0.000000,0.000000,0.000000,0.000000,0.000000,0.000000,0.000000,0.000000,0.188755,use_phone,1,25,4692,phone,none,,,0.000000,1.000000,0,none,,7.513805,7.513805,completed,60,3,rain,24.000000
20,1103,3448083108,96,Day 4 06:12,none,,7.513805,7.513805,completed,0.000000,0.229615,0.000000,1.000000,0.113333,0.040000,0.006876,0.125000,0.085000,10,1,1,1,0,0,0,1,1,1,1,1,0,0,0,1,1,0.270460,0.000000,0.243493,0.000000,0.000000,0.000000,0.296163,0.000000,0.000000,0.000000,0.000000,0.000000,0.000000,0.000000,0.000000,0.189883,use_computer,1,30,4722,computer,none,,,0.000000,1.000000,0,none,,7.513805,7.513805,completed,60,3,rain,24.000000
20,1103,3448083108,97,Day 4 06:42,none,,7.513805,7.513805,completed,0.000000,0.345097,0.000000,0.990000,0.138333,0.060000,0.006876,0.205000,0.067000,10,1,1,1,0,0,0,1,1,1,1,1,0,0,0,1,1,0.162856,0.000000,0.149175,0.000000,0.000000,0.000000,0.214348,0.218138,0.000000,0.136200,0.000000,0.000000,0.000000,0.000000,0.000000,0.119283,use_phone,1,25,4747,phone,none,,,0.000000,1.000000,0,none,,7.513805,7.513805,completed,60,3,rain,24.000000
20,1103,3448083108,98,Day 4 07:07,none,,7.513805,7.513805,completed,0.000000,0.439231,0.000000,1.000000,0.159167,0.076667,0.006876,0.300000,0.152000,10,1,1,1,0,0,0,1,1,1,1,1,0,0,0,1,1,0.129002,0.118347,0.119921,0.000000,0.000000,0.000000,0.202583,0.215899,0.000000,0.115462,0.000000,0.000000,0.000000,0.000000,0.000000,0.098786,rest_at_bed,1,60,4807,bed,none,,,0.000000,1.000000,0,none,,7.513805,7.513805,completed,60,3,rain,24.000000
20,1103,3448083108,99,Day 4 08:07,none,,7.513805,7.513805,completed,0.060000,0.151412,0.000000,1.000000,0.209167,0.116667,0.006876,0.100000,0.116000,10,1,1,1,0,0,0,1,1,1,1,1,0,0,0,1,1,0.197135,0.150573,0.173398,0.000000,0.000000,0.000000,0.187279,0.000000,0.000000,0.160722,0.000000,0.000000,0.000000,0.000000,0.000000,0.130894,idle,1,10,4817,,none,,,0.000000,1.000000,0,none,,7.513805,7.513805,completed,60,3,rain,24.000000
20,1103,3448083108,100,Day 4 08:17,none,,7.513805,7.513805,completed,0.183333,0.155412,0.000000,0.946667,0.217500,0.123333,0.006876,0.090000,0.110000,10,1,1,1,0,0,0,1,1,1,1,1,0,0,0,1,1,0.209016,0.145923,0.179346,0.000000,0.000000,0.000000,0.180621,0.000000,0.000000,0.156813,0.000000,0.000000,0.000000,0.000000,0.000000,0.128281,use_phone,1,25,4842,phone,none,,,0.000000,1.000000,0,none,,7.513805,7.513805,completed,60,3,rain,24.000000
20,1103,3448083108,101,Day 4 08:42,none,,7.513805,7.513805,completed,0.000000,0.249546,0.000000,0.978333,0.238333,0.140000,0.006876,0.185000,0.195000,10,1,1,1,0,0,0,1,1,1,1,1,0,0,0,1,1,0.155218,0.139808,0.140304,0.000000,0.000000,0.000000,0.182855,0.000000,0.127932,0.142395,0.000000,0.000000,0.000000,0.000000,0.000000,0.111489,get_meal,1,35,4877,door,none,alarm-rings,,0.000000,1.000000,0,none,,7.513805,7.513805,completed,60,3,rain,24.000000
20,1103,3448083108,102,Day 4 09:17,none,,7.513805,7.513805,completed,0.001667,0.263546,0.000000,1.000000,0.000000,0.163333,0.033752,0.150000,0.174000,11,1,1,1,0,0,0,1,1,1,1,1,0,1,0,1,1,0.151569,0.132054,0.137109,0.000000,0.000000,0.000000,0.174686,0.000000,0.126885,0.000000,0.000000,0.000000,0.170009,0.000000,0.000000,0.107688,shop_on_phone,1,20,4897,phone,none,,,0.000000,1.000000,0,none,,7.513805,7.513805,completed,30,3,rain,24.000000
20,1103,3448083108,103,Day 4 09:37,none,,7.513805,7.513805,completed,0.008333,0.274157,0.000000,1.000000,0.016667,0.176667,0.033752,0.210000,0.000000,11,1,1,1,0,0,0,1,1,1,1,1,0,1,0,1,1,0.170750,0.000000,0.154678,0.000000,0.000000,0.000000,0.208787,0.000000,0.147582,0.000000,0.000000,0.000000,0.194751,0.000000,0.000000,0.123452,go_to_bathroom,1,15,4912,door,none,,,0.000000,1.000000,0,none,,7.513805,7.513805,completed,30,3,rain,24.000000
20,1103,3448083108,104,Day 4 09:52,none,,7.513805,7.513805,completed,0.013333,0.280157,0.000000,1.000000,0.029167,0.000000,0.033752,0.195000,0.000000,11,1,1,1,0,0,0,1,1,1,1,1,0,1,0,1,1,0.201455,0.000000,0.182394,0.000000,0.000000,0.000000,0.243585,0.000000,0.000000,0.000000,0.000000,0.000000,0.227974,0.000000,0.000000,0.144593,idle,1,10,4922,,none,,,0.000000,1.000000,0,none,,7.513805,7.513805,completed,30,3,rain,24.000000
20,1103,3448083108,105,Day 4 10:02,none,,7.513805,7.513805,completed,0.136667,0.284157,0.000000,0.946667,0.037500,0.006667,0.033752,0.185000,0.000000,11,1,1,1,0,0,0,1,1,1,1,1,0,1,0,1,1,0.213759,0.000000,0.188794,0.000000,0.000000,0.000000,0.235104,0.000000,0.000000,0.000000,0.000000,0.000000,0.220530,0.000000,0.000000,0.141814,turn_off_alarm,1,1,4923,alarm,none,,,0.000000,1.000000,0,none,,7.513805,7.513805,completed,30,3,rain,24.000000
20,1103,3448083108,106,Day 4 10:03,none,,7.513805,7.513805,completed,0.137000,0.284557,0.000000,0.976333,0.038333,0.007333,0.013752,0.184000,0.000000,10,1,1,1,0,0,0,1,1,1,1,1,0,0,0,1,1,0.274139,0.000000,0.242113,0.000000,0.000000,0.000000,0.301964,0.000000,0.000000,0.000000,0.000000,0.000000,0.000000,0.000000,0.000000,0.181784,rest_at_bed,1,60,4983,bed,none,,,0.000000,1.000000,0,none,,7.513805,7.513805,completed,30,3,rain,24.000000
20,1103,3448083108,107,Day 4 11:03,none,,7.513805,7.513805,completed,0.197000,0.000000,0.000000,1.000000,0.088333,0.047333,0.013752,0.000000,0.000000,10,1,1,1,0,0,0,1,1,1,1,1,0,0,0,1,1,0.323339,0.000000,0.270414,0.000000,0.000000,0.000000,0.219258,0.000000,0.000000,0.000000,0.000000,0.000000,0.000000,0.000000,0.000000,0.186989,use_computer,1,30,5013,computer,none,,,0.000000,1.000000,0,none,,7.513805,7.513805,completed,30,3,rain,24.000000
20,1103,3448083108,108,Day 4 11:33,none,,7.513805,7.513805,completed,0.047000,0.115481,0.000000,0.990000,0.113333,0.067333,0.013752,0.080000,0.000000,10,1,1,1,0,0,0,1,1,1,1,1,0,0,0,1,1,0.290035,0.000000,0.254442,0.000000,0.000000,0.000000,0.263627,0.000000,0.000000,0.000000,0.000000,0.000000,0.000000,0.000000,0.000000,0.191897,use_phone,1,25,5038,phone,none,,,0.000000,1.000000,0,none,,7.513805,7.513805,completed,30,3,rain,24.000000
20,1103,3448083108,109,Day 4 11:58,none,,7.513805,7.513805,completed,0.000000,0.209615,0.000000,1.000000,0.134167,0.084000,0.013752,0.175000,0.085000,10,1,1,1,0,0,0,1,1,1,1,1,0,0,0,1,1,0.220150,0.000000,0.197889,0.000000,0.000000,0.000000,0.247052,0.000000,0.000000,0.178154,0.000000,0.000000,0.000000,0.000000,0.000000,0.156755,rest_at_bed,1,60,5098,bed,none,,,0.000000,1.000000,0,none,,7.513805,7.513805,completed,30,3,rain,24.000000
20,1103,3448083108,110,Day 4 12:58,none,,7.513805,7.513805,completed,0.060000,0.000000,0.000000,1.000000,0.184167,0.124000,0.013752,0.000000,0.049000,10,1,1,1,0,0,0,1,1,1,1,1,0,0,0,1,1,0.250663,0.000000,0.215562,0.000000,0.000000,0.000000,0.187776,0.000000,0.000000,0.188295,0.000000,0.000000,0.000000,0.000000,0.000000,0.157705,use_phone,1,25,5123,phone,none,,,0.000000,1.000000,0,none,,7.513805,7.513805,completed,30,3,rain,24.000000
20,1103,3448083108,111,Day 4 13:23,none,,7.513805,7.513805,completed,0.000000,0.094134,0.000000,1.000000,0.205000,0.140667,0.013752,0.095000,0.134000,10,1,1,1,0,0,0,1,1,1,1,1,0,0,0,1,1,0.168766,0.135380,0.149101,0.000000,0.000000,0.000000,0.157569,0.000000,0.132275,0.141724,0.000000,0.000000,0.000000,0.000000,0.000000,0.115186,use_phone,1,25,5148,phone,none,room-temperature-shift,,0.000000,1.000000,0,none,,7.513805,7.513805,completed,30,3,rain,24.000000
20,1103,3448083108,112,Day 4 13:48,none,,7.513805,7.513805,completed,0.000000,0.188268,0.000000,1.000000,0.225833,0.157333,0.013752,0.190000,0.219000,10,1,1,1,0,0,0,1,1,1,1,1,0,0,0,1,1,0.156837,0.143969,0.140622,0.000000,0.000000,0.000000,0.174714,0.000000,0.130991,0.140953,0.000000,0.000000,0.000000,0.000000,0.000000,0.111916,idle,1,10,5158,,none,,,0.000000,1.000000,0,none,,7.513805,7.513805,completed,30,3,rain,24.000000
20,1103,3448083108,113,Day 4 13:58,none,,7.513805,7.513805,completed,0.123333,0.192268,0.000000,0.946667,0.234167,0.164000,0.013752,0.180000,0.213000,10,1,1,1,0,0,0,1,1,1,1,1,0,0,0,1,1,0.167199,0.140287,0.146242,0.000000,0.000000,0.000000,0.169426,0.000000,0.128284,0.138278,0.000000,0.000000,0.000000,0.000000,0.000000,0.110283,use_computer,1,30,5188,computer,none,weather-rain,,0.000000,1.000000,0,none,,7.513805,7.513805,completed,30,3,rain,24.000000
20,1103,3448083108,114,Day 4 14:28,none,,7.513805,7.513805,completed,0.000000,0.307749,0.000000,0.936667,0.259167,0.184000,0.013752,0.260000,0.195000,10,1,1,1,0,0,0,1,1,1,1,1,0,0,0,1,1,0.147399,0.137216,0.134507,0.000000,0.000000,0.000000,0.196365,0.000000,0.132033,0.143056,0.000000,0.000000,0.000000,0.000000,0.000000,0.109422,shop_on_phone,1,20,5208,phone,none,,,0.000000,1.000000,0,none,,7.513805,7.513805,completed,0,3,rain,24.000000
20,1103,3448083108,115,Day 4 14:48,none,,7.513805,7.513805,completed,0.006667,0.318360,0.000000,1.000000,0.275833,0.197333,0.013752,0.320000,0.000000,10,1,1,1,0,0,0,1,1,1,1,1,0,0,0,1,1,0.134215,0.000000,0.122648,0.000000,0.000000,0.000000,0.189699,0.192971,0.124126,0.134952,0.000000,0.000000,0.000000,0.000000,0.000000,0.101389,go_to_bathroom,1,15,5223,door,none,,,0.000000,1.000000,0,none,,7.513805,7.513805,completed,0,3,rain,24.000000
20,1103,3448083108,116,Day 4 15:03,none,,7.513805,7.513805,completed,0.011667,0.324360,0.000000,1.000000,0.288333,0.000000,0.013752,0.305000,0.000000,10,1,1,1,0,0,0,1,1,1,1,1,0,0,0,1,1,0.153942,0.000000,0.140598,0.000000,0.000000,0.000000,0.215153,0.219122,0.000000,0.155741,0.000000,0.000000,0.000000,0.000000,0.000000,0.115445,idle,1,10,5233,,none,,,0.000000,1.000000,0,none,,7.513805,7.513805,completed,0,3,rain,24.000000
20,1103,3448083108,117,Day 4 15:13,none,,7.513805,7.513805,completed,0.135000,0.328360,0.000000,0.946667,0.296667,0.006667,0.013752,0.295000,0.000000,10,1,1,1,0,0,0,1,1,1,1,1,0,0,0,1,1,0.164413,0.000000,0.146485,0.000000,0.000000,0.000000,0.209023,0.213046,0.000000,0.153065,0.000000,0.000000,0.000000,0.000000,0.000000,0.113968,rest_at_bed,1,60,5293,bed,none,message-study-group,,0.000000,1.000000,0,none,,7.513805,7.513805,completed,0,4,rain,24.000000
20,1103,3448083108,118,Day 4 16:13,none,,7.513805,7.513805,completed,0.195000,0.040541,0.000000,0.976667,0.346667,0.046667,0.013752,0.095000,0.000000,10,1,1,1,0,0,0,1,1,1,1,1,0,0,0,1,1,0.246235,0.000000,0.207579,0.000000,0.000000,0.000000,0.189376,0.000000,0.000000,0.208814,0.000000,0.000000,0.000000,0.000000,0.000000,0.147996,idle,1,10,5303,,none,,,0.000000,1.000000,0,none,,7.513805,7.513805,completed,0,4,rain,24.000000
20,1103,3448083108,119,Day 4 16:23,none,,7.513805,7.513805,completed,0.318333,0.044541,0.000000,0.923333,0.355000,0.053333,0.013752,0.085000,0.000000,10,1,1,1,0,0,0,1,1,1,1,1,0,0,0,1,1,0.259210,0.000000,0.213166,0.000000,0.000000,0.000000,0.181339,0.000000,0.000000,0.202280,0.000000,0.000000,0.000000,0.000000,0.000000,0.144005,use_computer,1,30,5333,computer,none,,,0.000000,1.000000,0,none,,7.513805,7.513805,completed,0,4,rain,24.000000
20,1103,3448083108,120,Day 4 16:53,none,,7.513805,7.513805,completed,0.168333,0.160023,0.000000,0.913333,0.380000,0.073333,0.013752,0.165000,0.000000,10,1,1,1,0,0,0,1,1,1,1,1,0,0,0,1,1,0.228848,0.000000,0.197416,0.000000,0.000000,0.000000,0.214601,0.000000,0.000000,0.213678,0.000000,0.000000,0.000000,0.000000,0.000000,0.145457,rest_at_bed,1,60,5393,bed,none,,,0.000000,1.000000,0,none,,7.513805,7.513805,completed,0,4,rain,24.000000
20,1103,3448083108,121,Day 4 17:53,none,,7.513805,7.513805,completed,0.228333,0.000000,0.000000,0.943333,0.430000,0.113333,0.013752,0.000000,0.000000,10,1,1,1,0,0,0,1,1,1,1,1,0,0,0,1,1,0.254030,0.000000,0.211099,0.000000,0.000000,0.000000,0.168379,0.000000,0.000000,0.222390,0.000000,0.000000,0.000000,0.000000,0.000000,0.144103,use_phone,1,25,5418,phone,none,,,0.000000,1.000000,0,none,,7.513805,7.513805,completed,0,4,rain,24.000000
20,1103,3448083108,122,Day 4 18:18,none,,7.513805,7.513805,completed,0.016667,0.094134,0.000000,0.975000,0.450833,0.130000,0.013752,0.095000,0.085000,10,1,1,1,0,0,0,1,1,1,1,1,0,0,0,1,1,0.187400,0.000000,0.165003,0.000000,0.000000,0.000000,0.172860,0.000000,0.143354,0.204783,0.000000,0.000000,0.000000,0.000000,0.000000,0.126600,get_meal,1,35,5453,door,none,,,0.000000,1.000000,0,none,,7.513805,7.513805,completed,0,4,rain,24.000000
20,1103,3448083108,123,Day 4 18:53,none,,7.513805,7.513805,completed,0.000000,0.108134,0.000000,1.000000,0.000000,0.153333,0.013752,0.060000,0.064000,10,1,1,1,0,0,0,1,1,1,1,1,0,0,0,1,1,0.234470,0.000000,0.207376,0.000000,0.000000,0.000000,0.215074,0.000000,0.184621,0.000000,0.000000,0.000000,0.000000,0.000000,0.000000,0.158459,use_computer,1,30,5483,computer,none,evening,,0.000000,1.000000,0,none,,7.513805,7.513805,completed,0,4,rain,24.000000
20,1103,3448083108,124,Day 4 19:23,none,,7.513805,7.513805,completed,0.000000,0.223615,0.000000,0.990000,0.025000,0.173333,0.013752,0.140000,0.046000,10,1,1,1,0,0,0,1,1,1,1,1,0,0,0,1,1,0.219883,0.000000,0.197866,0.000000,0.000000,0.000000,0.242426,0.000000,0.184798,0.000000,0.000000,0.000000,0.000000,0.000000,0.000000,0.155028,use_computer,1,30,5513,computer,none,,,0.000000,1.000000,0,none,,7.513805,7.513805,completed,0,4,rain,24.000000
20,1103,3448083108,125,Day 4 19:53,none,,7.513805,7.513805,completed,0.000000,0.339097,0.000000,0.980000,0.050000,0.193333,0.013752,0.220000,0.028000,10,1,1,1,0,0,0,1,1,1,1,1,0,0,0,1,1,0.160736,0.000000,0.147164,0.000000,0.000000,0.000000,0.213003,0.216682,0.144188,0.000000,0.000000,0.000000,0.000000,0.000000,0.000000,0.118228,rest_at_bed,1,60,5573,bed,none,,,0.000000,1.000000,0,none,,7.513805,7.513805,completed,0,4,rain,24.000000
20,1103,3448083108,126,Day 4 20:53,none,,7.513805,7.513805,completed,0.060000,0.051278,0.000000,1.000000,0.100000,0.233333,0.013752,0.020000,0.000000,10,1,1,1,0,0,0,1,1,1,1,1,0,0,0,1,1,0.243046,0.000000,0.210549,0.000000,0.000000,0.000000,0.194840,0.000000,0.196558,0.000000,0.000000,0.000000,0.000000,0.000000,0.000000,0.155006,go_to_bathroom,1,15,5588,door,none,,,0.000000,1.000000,0,none,,7.513805,7.513805,completed,0,4,rain,24.000000
20,1103,3448083108,127,Day 4 21:08,none,,7.513805,7.513805,completed,0.065000,0.057278,0.000000,1.000000,0.112500,0.000000,0.013752,0.005000,0.000000,10,1,1,1,0,0,0,1,1,1,1,1,0,0,0,1,1,0.303798,0.000000,0.263034,0.000000,0.000000,0.000000,0.240826,0.000000,0.000000,0.000000,0.000000,0.000000,0.000000,0.000000,0.000000,0.192342,idle,1,10,5598,,none,,,0.000000,1.000000,0,none,,7.513805,7.513805,completed,0,4,rain,24.000000
20,1103,3448083108,128,Day 4 21:18,none,,7.513805,7.513805,completed,0.188333,0.061278,0.000000,0.946667,0.120833,0.006667,0.013752,0.000000,0.000000,10,1,1,1,0,0,0,1,1,1,1,1,0,0,0,1,1,0.316935,0.000000,0.267718,0.000000,0.000000,0.000000,0.229560,0.000000,0.000000,0.000000,0.000000,0.000000,0.000000,0.000000,0.000000,0.185787,rest_at_bed,1,60,5658,bed,none,,,0.000000,1.000000,0,none,,7.513805,7.513805,completed,0,4,rain,24.000000
20,1103,3448083108,129,Day 4 22:18,none,,7.513805,7.513805,completed,0.248333,0.000000,0.000000,0.976667,0.170833,0.046667,0.013752,0.000000,0.000000,10,1,1,1,0,0,0,1,1,1,1,1,0,0,0,1,1,0.271254,0.000000,0.224497,0.000000,0.000000,0.000000,0.177201,0.000000,0.000000,0.175056,0.000000,0.000000,0.000000,0.000000,0.000000,0.151992,use_phone,1,25,5683,phone,none,,,0.000000,1.000000,0,none,,7.513805,7.513805,completed,0,4,rain,24.000000
20,1103,3448083108,130,Day 4 22:43,none,,7.513805,7.513805,completed,0.036667,0.094134,0.000000,1.000000,0.191667,0.063333,0.013752,0.095000,0.085000,10,1,1,1,0,0,0,1,1,1,1,1,0,0,0,1,1,0.234805,0.000000,0.205902,0.000000,0.000000,0.000000,0.213460,0.000000,0.000000,0.189148,0.000000,0.000000,0.000000,0.000000,0.000000,0.156685,use_phone,1,25,5708,phone,none,,,0.000000,1.000000,0,none,,7.513805,7.513805,completed,0,4,rain,24.000000
20,1103,3448083108,131,Day 4 23:08,none,,7.513805,7.513805,completed,0.000000,0.188268,0.000000,1.000000,0.212500,0.080000,0.013752,0.190000,0.170000,10,1,1,1,0,0,0,1,1,1,1,1,0,0,0,1,1,0.182450,0.158984,0.163587,0.000000,0.000000,0.000000,0.203246,0.000000,0.000000,0.161540,0.000000,0.000000,0.000000,0.000000,0.000000,0.130193,idle,1,10,5718,,none,,,0.000000,1.000000,0,none,,7.513805,7.513805,completed,0,4,rain,24.000000
20,1103,3448083108,132,Day 4 23:18,none,,7.513805,7.513805,completed,0.123333,0.192268,0.000000,0.946667,0.220833,0.086667,0.013752,0.180000,0.164000,10,1,1,1,0,0,0,1,1,1,1,1,0,0,0,1,1,0.193843,0.154392,0.169547,0.000000,0.000000,0.000000,0.196425,0.000000,0.000000,0.157936,0.000000,0.000000,0.000000,0.000000,0.000000,0.127857,use_computer,1,30,5748,computer,none,,,0.000000,1.000000,0,none,,7.513805,7.513805,completed,0,4,rain,24.000000
20,1103,3448083108,133,Day 4 23:48,none,,7.513805,7.513805,completed,0.000000,0.307749,0.000000,0.936667,0.245833,0.106667,0.013752,0.260000,0.146000,10,1,1,1,0,0,0,1,1,1,1,1,0,0,0,1,1,0.171617,0.151656,0.156607,0.000000,0.000000,0.000000,0.228628,0.000000,0.000000,0.164091,0.000000,0.000000,0.000000,0.000000,0.000000,0.127400,use_computer,1,30,5778,computer,none,,,0.000000,1.000000,0,none,,7.513805,7.513805,completed,0,4,rain,24.000000
20,1103,3448083108,134,Day 5 00:18,none,,7.513805,7.513805,completed,0.000000,0.423231,0.000000,0.926667,0.270833,0.126667,0.013752,0.340000,0.128000,10,1,1,1,0,0,0,1,1,1,1,1,0,0,0,1,1,0.125994,0.113955,0.116979,0.000000,0.000000,0.000000,0.201746,0.214500,0.000000,0.129249,0.000000,0.000000,0.000000,0.000000,0.000000,0.097577,sleep_at_bed,1,480,6258,bed,none,alarm-rings,,0.000000,1.000000,0,none,,7.513805,7.513805,completed,0,4,rain,24.000000
20,1103,3448083108,135,Day 5 08:18,none,,7.513805,7.513805,completed,0.110000,0.045954,0.000000,0.846667,0.670833,0.446667,0.040628,0.000000,0.000000,11,1,1,1,0,0,0,1,1,1,1,1,0,1,0,1,1,0.155571,0.000000,0.133250,0.000000,0.000000,0.000000,0.117167,0.000000,0.153662,0.195610,0.000000,0.000000,0.149240,0.000000,0.000000,0.095501,use_computer,1,30,6288,computer,none,,,0.000000,1.000000,0,none,,7.513805,7.513805,completed,0,4,rain,24.000000
20,1103,3448083108,136,Day 5 08:48,none,,7.513805,7.513805,completed,0.000000,0.161436,0.000000,0.836667,0.695833,0.466667,0.040628,0.080000,0.000000,11,1,1,1,0,0,0,1,1,1,1,1,0,1,0,1,1,0.138035,0.000000,0.123016,0.000000,0.000000,0.000000,0.135358,0.000000,0.157641,0.201715,0.000000,0.000000,0.149646,0.000000,0.000000,0.094590,use_phone,1,25,6313,phone,none,,,0.000000,1.000000,0,none,,7.513805,7.513805,completed,0,4,rain,24.000000
20,1103,3448083108,137,Day 5 09:13,none,,7.513805,7.513805,completed,0.000000,0.255570,0.000000,0.868333,0.716667,0.483333,0.040628,0.175000,0.085000,11,1,1,1,0,0,0,1,1,1,1,1,0,1,0,1,1,0.129782,0.000000,0.117381,0.000000,0.000000,0.000000,0.151845,0.000000,0.157940,0.202969,0.000000,0.000000,0.147102,0.000000,0.000000,0.092982,go_to_bathroom,1,15,6328,door,none,,,0.000000,1.000000,0,none,,7.513805,7.513805,completed,0,4,rain,24.000000
20,1103,3448083108,138,Day 5 09:28,none,,7.513805,7.513805,completed,0.005000,0.261570,0.000000,0.957631,0.729167,0.000000,0.040628,0.160000,0.076000,11,1,1,1,0,0,0,1,1,1,1,1,0,1,0,1,1,0.154553,0.000000,0.139708,0.000000,0.000000,0.000000,0.178810,0.000000,0.000000,0.243198,0.000000,0.000000,0.173807,0.000000,0.000000,0.109923,rest_at_bed,1,60,6388,bed,none,,,0.000000,1.000000,0,none,,7.513805,7.513805,completed,0,4,rain,24.000000
20,1103,3448083108,139,Day 5 10:28,none,,7.513805,7.513805,completed,0.065000,0.000000,0.000000,0.987631,0.779167,0.040000,0.040628,0.000000,0.040000,11,1,1,1,0,0,0,1,1,1,1,1,0,1,0,1,1,0.176260,0.000000,0.151424,0.000000,0.000000,0.000000,0.131166,0.000000,0.000000,0.256960,0.000000,0.000000,0.173636,0.000000,0.000000,0.110554,use_computer,1,30,6418,computer,none,,,0.000000,1.000000,0,none,,7.513805,7.513805,completed,0,4,rain,24.000000
20,1103,3448083108,140,Day 5 10:58,none,,7.513805,7.513805,completed,0.000000,0.115481,0.000000,0.977631,0.804167,0.060000,0.040628,0.080000,0.022000,11,1,1,1,0,0,0,1,1,1,1,1,0,1,0,1,1,0.160728,0.000000,0.142359,0.000000,0.000000,0.000000,0.150717,0.000000,0.000000,0.263558,0.000000,0.000000,0.173175,0.000000,0.000000,0.109462,use_phone,1,25,6443,phone,none,,,0.000000,1.000000,0,none,,7.513805,7.513805,completed,0,4,rain,24.000000
20,1103,3448083108,141,Day 5 11:23,none,,7.513805,7.513805,completed,0.000000,0.209615,0.000000,1.000000,0.825000,0.076667,0.040628,0.175000,0.107000,11,1,1,1,0,0,0,1,1,1,1,1,0,1,0,1,1,0.151260,0.000000,0.135965,0.000000,0.000000,0.000000,0.169235,0.000000,0.000000,0.265446,0.000000,0.000000,0.170392,0.000000,0.000000,0.107703,turn_off_alarm,1,1,6444,alarm,none,,,0.000000,1.000000,0,none,,7.513805,7.513805,completed,0,4,rain,24.000000
20,1103,3448083108,142,Day 5 11:24,none,,7.513805,7.513805,completed,0.000333,0.210015,0.000000,1.000000,0.825833,0.077333,0.020628,0.174000,0.106400,10,1,1,1,0,0,0,1,1,1,1,1,0,0,0,1,1,0.182260,0.000000,0.163825,0.000000,0.000000,0.000000,0.204223,0.000000,0.000000,0.319980,0.000000,0.000000,0.000000,0.000000,0.000000,0.129713,use_phone,1,25,6469,phone,none,,,0.000000,1.000000,0,none,,7.513805,7.513805,completed,0,4,rain,24.000000
20,1103,3448083108,143,Day 5 11:49,none,,7.513805,7.513805,completed,0.000000,0.304149,0.000000,1.000000,0.846667,0.094000,0.020628,0.269000,0.191400,10,1,1,1,0,0,0,1,1,1,1,1,0,0,0,1,1,0.122691,0.114068,0.111928,0.000000,0.000000,0.000000,0.164068,0.165358,0.000000,0.230577,0.000000,0.000000,0.000000,0.000000,0.000000,0.091311,use_computer,1,30,6499,computer,none,,,0.000000,1.000000,0,none,,7.513805,7.513805,completed,0,4,rain,24.000000
20,1103,3448083108,144,Day 5 12:19,none,,7.513805,7.513805,completed,0.000000,0.419631,0.000000,0.990000,0.871667,0.114000,0.020628,0.349000,0.173400,10,1,1,1,0,0,0,1,1,1,1,1,0,0,0,1,1,0.111250,0.105860,0.103260,0.000000,0.000000,0.000000,0.178812,0.190128,0.000000,0.224314,0.000000,0.000000,0.000000,0.000000,0.000000,0.086377,rest_at_bed,1,60,6559,bed,none,room-temperature-shift,,0.000000,1.000000,0,none,,7.513805,7.513805,completed,0,4,rain,24.000000
20,1103,3448083108,145,Day 5 13:19,none,,7.513805,7.513805,completed,0.060000,0.131812,0.000000,1.000000,0.921667,0.154000,0.020628,0.149000,0.137400,10,1,1,1,0,0,0,1,1,1,1,1,0,0,0,1,1,0.144251,0.114280,0.126686,0.000000,0.000000,0.000000,0.140259,0.000000,0.112473,0.264938,0.000000,0.000000,0.000000,0.000000,0.000000,0.097111,idle,1,10,6569,,none,,,0.000000,1.000000,0,none,,7.513805,7.513805,completed,0,4,rain,24.000000
20,1103,3448083108,146,Day 5 13:29,none,,7.513805,7.513805,completed,0.183333,0.135812,0.000000,0.946667,0.930000,0.160667,0.020628,0.139000,0.131400,10,1,1,1,0,0,0,1,1,1,1,1,0,0,0,1,1,0.153988,0.111508,0.131927,0.000000,0.000000,0.000000,0.136197,0.000000,0.110297,0.260260,0.000000,0.000000,0.000000,0.000000,0.000000,0.095823,get_meal,1,35,6604,door,none,message-study-group,,0.000000,1.000000,0,none,,7.513805,7.513805,completed,0,5,rain,24.000000
20,1103,3448083108,147,Day 5 14:04,none,,7.513805,7.513805,completed,0.155000,0.149812,0.000000,1.000000,0.409167,0.184000,0.020628,0.104000,0.110400,10,1,1,1,0,0,0,1,1,1,1,1,0,0,0,1,1,0.172782,0.123422,0.149048,0.000000,0.000000,0.000000,0.153264,0.000000,0.128474,0.164676,0.000000,0.000000,0.000000,0.000000,0.000000,0.108334,rest_at_bed,1,60,6664,bed,none,,,0.000000,1.000000,0,none,,7.513805,7.513805,completed,0,5,rain,24.000000
20,1103,3448083108,148,Day 5 15:04,none,,7.513805,7.513805,completed,0.215000,0.000000,0.000000,1.000000,0.459167,0.224000,0.020628,0.000000,0.074400,10,1,1,1,0,0,0,1,1,1,1,1,0,0,0,1,1,0.213104,0.000000,0.177571,0.000000,0.000000,0.000000,0.142518,0.000000,0.150288,0.194637,0.000000,0.000000,0.000000,0.000000,0.000000,0.121882,get_meal,1,35,6699,door,none,,,0.000000,1.000000,0,none,,7.513805,7.513805,completed,0,5,rain,24.000000
20,1103,3448083108,149,Day 5 15:39,none,,7.513805,7.513805,completed,0.186667,0.014000,0.000000,1.000000,0.000000,0.247333,0.020628,0.000000,0.053400,10,1,1,1,0,0,0,1,1,1,1,1,0,0,0,1,1,0.259367,0.000000,0.217778,0.000000,0.000000,0.000000,0.179496,0.000000,0.192125,0.000000,0.000000,0.000000,0.000000,0.000000,0.000000,0.151234,use_phone,1,25,6724,phone,none,weather-rain,,0.000000,1.000000,0,none,,7.513805,7.513805,completed,0,5,rain,24.000000
20,1103,3448083108,150,Day 5 16:04,none,,7.513805,7.513805,completed,0.000000,0.108134,0.000000,1.000000,0.020833,0.264000,0.020628,0.095000,0.138400,10,1,1,1,0,0,0,1,1,1,1,1,0,0,0,1,1,0.191344,0.154500,0.169366,0.000000,0.000000,0.000000,0.180960,0.000000,0.172988,0.000000,0.000000,0.000000,0.000000,0.000000,0.000000,0.130842,go_to_bathroom,1,15,6739,door,none,,,0.000000,1.000000,0,none,,7.513805,7.513805,completed,0,5,rain,24.000000
20,1103,3448083108,151,Day 5 16:19,none,,7.513805,7.513805,completed,0.005000,0.114134,0.000000,1.000000,0.033333,0.000000,0.020628,0.080000,0.129400,10,1,1,1,0,0,0,1,1,1,1,1,0,0,0,1,1,0.232967,0.184927,0.206095,0.000000,0.000000,0.000000,0.217867,0.000000,0.000000,0.000000,0.000000,0.000000,0.000000,0.000000,0.000000,0.158145,rest_at_bed,1,60,6799,bed,none,,,0.000000,1.000000,0,none,,7.513805,7.513805,completed,0,5,rain,24.000000
20,1103,3448083108,152,Day 5 17:19,none,,7.513805,7.513805,completed,0.065000,0.000000,0.000000,1.000000,0.083333,0.040000,0.020628,0.000000,0.093400,10,1,1,1,0,0,0,1,1,1,1,1,0,0,0,1,1,0.309393,0.000000,0.265797,0.000000,0.000000,0.000000,0.230753,0.000000,0.000000,0.000000,0.000000,0.000000,0.000000,0.000000,0.000000,0.194058,rest_at_bed,1,60,6859,bed,none,,,0.000000,1.000000,0,none,,7.513805,7.513805,completed,0,5,rain,24.000000
20,1103,3448083108,153,Day 5 18:19,none,,7.513805,7.513805,completed,0.125000,0.000000,0.000000,1.000000,0.133333,0.080000,0.020628,0.000000,0.057400,10,1,1,1,0,0,0,1,1,1,1,1,0,0,0,1,1,0.260146,0.000000,0.220776,0.000000,0.000000,0.000000,0.185742,0.000000,0.000000,0.176079,0.000000,0.000000,0.000000,0.000000,0.000000,0.157257,use_computer,1,30,6889,computer,none,evening,,0.000000,1.000000,0,none,,7.513805,7.513805,completed,0,5,rain,24.000000
20,1103,3448083108,154,Day 5 18:49,none,,7.513805,7.513805,completed,0.000000,0.115481,0.000000,0.990000,0.158333,0.100000,0.020628,0.080000,0.039400,10,1,1,1,0,0,0,1,1,1,1,1,0,0,0,1,1,0.232459,0.000000,0.205892,0.000000,0.000000,0.000000,0.218469,0.000000,0.000000,0.184865,0.000000,0.000000,0.000000,0.000000,0.000000,0.158314,rest_at_bed,1,60,6949,bed,none,,,0.000000,1.000000,0,none,,7.513805,7.513805,completed,0,5,rain,24.000000
20,1103,3448083108,155,Day 5 19:49,none,,7.513805,7.513805,completed,0.060000,0.000000,0.000000,1.000000,0.208333,0.140000,0.020628,0.000000,0.003400,10,1,1,1,0,0,0,1,1,1,1,1,0,0,0,1,1,0.211569,0.000000,0.181942,0.000000,0.000000,0.000000,0.158368,0.000000,0.151720,0.163290,0.000000,0.000000,0.000000,0.000000,0.000000,0.133110,get_meal,1,35,6984,door,none,,,0.000000,1.000000,0,none,,7.513805,7.513805,completed,0,5,rain,24.000000
20,1103,3448083108,156,Day 5 20:24,none,,7.513805,7.513805,completed,0.031667,0.014000,0.000000,1.000000,0.000000,0.163333,0.020628,0.000000,0.000000,10,1,1,1,0,0,0,1,1,1,1,1,0,0,0,1,1,0.247781,0.000000,0.214719,0.000000,0.000000,0.000000,0.191931,0.000000,0.186637,0.000000,0.000000,0.000000,0.000000,0.000000,0.000000,0.158932,idle,1,10,6994,,none,,,0.000000,1.000000,0,none,,7.513805,7.513805,completed,0,5,rain,24.000000
20,1103,3448083108,157,Day 5 20:34,none,,7.513805,7.513805,completed,0.155000,0.018000,0.000000,0.946667,0.008333,0.170000,0.020628,0.000000,0.000000,10,1,1,1,0,0,0,1,1,1,1,1,0,0,0,1,1,0.260036,0.000000,0.219870,0.000000,0.000000,0.000000,0.184868,0.000000,0.180536,0.000000,0.000000,0.000000,0.000000,0.000000,0.000000,0.154690,use_computer,1,30,7024,computer,none,,,0.000000,1.000000,0,none,,7.513805,7.513805,completed,0,5,rain,24.000000
20,1103,3448083108,158,Day 5 21:04,none,,7.513805,7.513805,completed,0.005000,0.133481,0.000000,0.936667,0.033333,0.190000,0.020628,0.080000,0.000000,10,1,1,1,0,0,0,1,1,1,1,1,0,0,0,1,1,0.230048,0.000000,0.204042,0.000000,0.000000,0.000000,0.219225,0.000000,0.190116,0.000000,0.000000,0.000000,0.000000,0.000000,0.000000,0.156569,go_to_bathroom,1,15,7039,door,none,,,0.000000,1.000000,0,none,,7.513805,7.513805,completed,0,5,rain,24.000000
20,1103,3448083108,159,Day 5 21:19,none,,7.513805,7.513805,completed,0.010000,0.139481,0.000000,1.000000,0.045833,0.000000,0.020628,0.065000,0.000000,10,1,1,1,0,0,0,1,1,1,1,1,0,0,0,1,1,0.285353,0.000000,0.252956,0.000000,0.000000,0.000000,0.268895,0.000000,0.000000,0.000000,0.000000,0.000000,0.000000,0.000000,0.000000,0.192796,use_computer,1,30,7069,computer,none,,,0.000000,1.000000,0,none,,7.513805,7.513805,completed,0,5,rain,24.000000
20,1103,3448083108,160,Day 5 21:49,none,,7.513805,7.513805,completed,0.000000,0.254963,0.000000,0.990000,0.070833,0.020000,0.020628,0.145000,0.000000,10,1,1,1,0,0,0,1,1,1,1,1,0,0,0,1,1,0.266392,0.000000,0.240756,0.000000,0.000000,0.000000,0.303924,0.000000,0.000000,0.000000,0.000000,0.000000,0.000000,0.000000,0.000000,0.188928,idle,1,10,7079,,none,,,0.000000,1.000000,0,none,,7.513805,7.513805,completed,0,5,rain,24.000000
20,1103,3448083108,161,Day 5 21:59,none,,7.513805,7.513805,completed,0.123333,0.258963,0.000000,0.936667,0.079167,0.026667,0.020628,0.135000,0.000000,10,1,1,1,0,0,0,1,1,1,1,1,0,0,0,1,1,0.279723,0.000000,0.246613,0.000000,0.000000,0.000000,0.290293,0.000000,0.000000,0.000000,0.000000,0.000000,0.000000,0.000000,0.000000,0.183371,use_phone,1,25,7104,phone,none,,,0.000000,1.000000,0,none,,7.513805,7.513805,completed,0,5,rain,24.000000
20,1103,3448083108,162,Day 5 22:24,none,,7.513805,7.513805,completed,0.000000,0.353097,0.000000,0.968333,0.100000,0.043333,0.020628,0.230000,0.085000,10,1,1,1,0,0,0,1,1,1,1,1,0,0,0,1,1,0.185216,0.000000,0.169933,0.000000,0.000000,0.000000,0.250852,0.257050,0.000000,0.000000,0.000000,0.000000,0.000000,0.000000,0.000000,0.136949,sleep_at_bed,1,480,7584,bed,none,,,0.000000,1.000000,0,none,,7.513805,7.513805,completed,0,5,rain,24.000000
20,1103,3448083108,163,Day 6 06:24,none,,7.513805,7.513805,completed,0.080000,0.000000,0.000000,0.888333,0.500000,0.363333,0.020628,0.000000,0.000000,10,1,1,1,0,0,0,1,1,1,1,1,0,0,0,1,1,0.192955,0.000000,0.165261,0.000000,0.000000,0.000000,0.142350,0.000000,0.176011,0.203508,0.000000,0.000000,0.000000,0.000000,0.000000,0.119914,use_computer,1,30,7614,computer,none,,,0.000000,1.000000,0,none,,7.513805,7.513805,completed,0,5,rain,24.000000
20,1103,3448083108,164,Day 6 06:54,none,,7.513805,7.513805,completed,0.000000,0.115481,0.000000,0.878333,0.525000,0.383333,0.020628,0.080000,0.000000,10,1,1,1,0,0,0,1,1,1,1,1,0,0,0,1,1,0.174282,0.000000,0.154364,0.000000,0.000000,0.000000,0.163793,0.000000,0.179848,0.209020,0.000000,0.000000,0.000000,0.000000,0.000000,0.118693,use_computer,1,30,7644,computer,none,,,0.000000,1.000000,0,none,,7.513805,7.513805,completed,0,5,rain,24.000000
20,1103,3448083108,165,Day 6 07:24,none,,7.513805,7.513805,completed,0.000000,0.230963,0.000000,0.868333,0.550000,0.403333,0.020628,0.160000,0.000000,10,1,1,1,0,0,0,1,1,1,1,1,0,0,0,1,1,0.163147,0.000000,0.147021,0.000000,0.000000,0.000000,0.184292,0.000000,0.179698,0.209927,0.000000,0.000000,0.000000,0.000000,0.000000,0.115915,use_phone,1,25,7669,phone,none,,,0.000000,1.000000,0,none,,7.513805,7.513805,completed,0,5,rain,24.000000
20,1103,3448083108,166,Day 6 07:49,none,,7.513805,7.513805,completed,0.000000,0.325097,0.000000,0.900000,0.570833,0.420000,0.020628,0.255000,0.085000,10,1,1,1,0,0,0,1,1,1,1,1,0,0,0,1,1,0.126193,0.000000,0.115411,0.000000,0.000000,0.000000,0.170082,0.172679,0.148115,0.173778,0.000000,0.000000,0.000000,0.000000,0.000000,0.093741,rest_at_bed,1,60,7729,bed,none,alarm-rings,,0.000000,1.000000,0,none,,7.513805,7.513805,completed,0,5,rain,24.000000
20,1103,3448083108,167,Day 6 08:49,none,,7.513805,7.513805,completed,0.090000,0.037278,0.000000,0.930000,0.620833,0.460000,0.047503,0.055000,0.049000,11,1,1,1,0,0,0,1,1,1,1,1,0,1,0,1,1,0.152844,0.000000,0.131457,0.000000,0.000000,0.000000,0.121566,0.000000,0.158243,0.187588,0.000000,0.000000,0.151657,0.000000,0.000000,0.096645,turn_off_alarm,1,1,7730,alarm,none,,,0.000000,1.000000,0,none,,7.513805,7.513805,completed,0,5,rain,24.000000
20,1103,3448083108,168,Day 6 08:50,none,,7.513805,7.513805,completed,0.090333,0.037678,0.000000,0.959667,0.621667,0.460667,0.027503,0.054000,0.048400,10,1,1,1,0,0,0,1,1,1,1,1,0,0,0,1,1,0.180116,0.000000,0.154908,0.000000,0.000000,0.000000,0.143470,0.000000,0.186523,0.221149,0.000000,0.000000,0.000000,0.000000,0.000000,0.113834,use_phone,1,25,7755,phone,none,,,0.000000,1.000000,0,none,,7.513805,7.513805,completed,0,5,rain,24.000000
20,1103,3448083108,169,Day 6 09:15,none,,7.513805,7.513805,completed,0.000000,0.131812,0.000000,0.991333,0.642500,0.477333,0.027503,0.149000,0.133400,10,1,1,1,0,0,0,1,1,1,1,1,0,0,0,1,1,0.142765,0.117133,0.126922,0.000000,0.000000,0.000000,0.144892,0.000000,0.168236,0.200328,0.000000,0.000000,0.000000,0.000000,0.000000,0.099724,go_to_bathroom,1,15,7770,door,none,,,0.000000,1.000000,0,none,,7.513805,7.513805,completed,0,5,rain,24.000000
20,1103,3448083108,170,Day 6 09:30,none,,7.513805,7.513805,completed,0.005000,0.137812,0.000000,1.000000,0.655000,0.000000,0.027503,0.134000,0.124400,10,1,1,1,0,0,0,1,1,1,1,1,0,0,0,1,1,0.172295,0.138970,0.153092,0.000000,0.000000,0.000000,0.172912,0.000000,0.000000,0.243255,0.000000,0.000000,0.000000,0.000000,0.000000,0.119476,get_meal,1,35,7805,door,none,,,0.000000,1.000000,0,none,,7.513805,7.513805,completed,0,5,rain,24.000000
20,1103,3448083108,171,Day 6 10:05,none,,7.513805,7.513805,completed,0.000000,0.151812,0.000000,1.000000,0.134167,0.023333,0.027503,0.099000,0.103400,10,1,1,1,0,0,0,1,1,1,1,1,0,0,0,1,1,0.229805,0.000000,0.204624,0.000000,0.000000,0.000000,0.227408,0.000000,0.000000,0.179885,0.000000,0.000000,0.000000,0.000000,0.000000,0.158278,idle,1,10,7815,,none,,,0.000000,1.000000,0,none,,7.513805,7.513805,completed,0,5,rain,24.000000
20,1103,3448083108,172,Day 6 10:15,none,,7.513805,7.513805,completed,0.123333,0.155812,0.000000,0.946667,0.142500,0.030000,0.027503,0.089000,0.097400,10,1,1,1,0,0,0,1,1,1,1,1,0,0,0,1,1,0.242382,0.000000,0.210538,0.000000,0.000000,0.000000,0.218179,0.000000,0.000000,0.174593,0.000000,0.000000,0.000000,0.000000,0.000000,0.154308,rest_at_bed,1,60,7875,bed,none,,,0.000000,1.000000,0,none,,7.513805,7.513805,completed,0,5,rain,24.000000
20,1103,3448083108,173,Day 6 11:15,none,,7.513805,7.513805,completed,0.183333,0.000000,0.000000,0.976667,0.192500,0.070000,0.027503,0.000000,0.061400,10,1,1,1,0,0,0,1,1,1,1,1,0,0,0,1,1,0.263236,0.000000,0.220762,0.000000,0.000000,0.000000,0.180007,0.000000,0.000000,0.182478,0.000000,0.000000,0.000000,0.000000,0.000000,0.153516,get_meal,1,35,7910,door,none,,,0.000000,1.000000,0,none,,7.513805,7.513805,completed,0,5,rain,24.000000
20,1103,3448083108,174,Day 6 11:50,none,,7.513805,7.513805,completed,0.155000,0.014000,0.000000,1.000000,0.000000,0.093333,0.027503,0.000000,0.040400,10,1,1,1,0,0,0,1,1,1,1,1,0,0,0,1,1,0.317736,0.000000,0.268513,0.000000,0.000000,0.000000,0.224838,0.000000,0.000000,0.000000,0.000000,0.000000,0.000000,0.000000,0.000000,0.188912,idle,1,10,7920,,none,,,0.000000,1.000000,0,none,,7.513805,7.513805,completed,0,5,rain,24.000000
20,1103,3448083108,175,Day 6 12:00,none,,7.513805,7.513805,completed,0.278333,0.018000,0.000000,0.946667,0.008333,0.100000,0.027503,0.000000,0.034400,10,1,1,1,0,0,0,1,1,1,1,1,0,0,0,1,1,0.330529,0.000000,0.272545,0.000000,0.000000,0.000000,0.214667,0.000000,0.000000,0.000000,0.000000,0.000000,0.000000,0.000000,0.000000,0.182259,use_phone,1,25,7945,phone,none,,,0.000000,1.000000,0,none,,7.513805,7.513805,completed,0,5,rain,24.000000
20,1103,3448083108,176,Day 6 12:25,none,,7.513805,7.513805,completed,0.066667,0.112134,0.000000,0.978333,0.029167,0.116667,0.027503,0.095000,0.119400,10,1,1,1,0,0,0,1,1,1,1,1,0,0,0,1,1,0.238543,0.180803,0.208410,0.000000,0.000000,0.000000,0.215597,0.000000,0.000000,0.000000,0.000000,0.000000,0.000000,0.000000,0.000000,0.156647,shop_on_phone,0,0,7945,phone,resource_insufficient,,,0.000000,1.000000,0,none,,7.513805,7.513805,completed,0,5,rain,24.000000
20,1103,3448083108,177,Day 6 12:25,none,,7.513805,7.513805,completed,0.066667,0.112134,0.000000,0.948333,0.029167,0.116667,0.057503,0.095000,0.119400,10,1,1,1,0,0,0,1,1,1,1,1,0,0,0,1,1,0.238716,0.180933,0.208560,0.000000,0.000000,0.000000,0.215030,0.000000,0.000000,0.000000,0.000000,0.000000,0.000000,0.000000,0.000000,0.156760,use_computer,1,30,7975,computer,none,,,0.000000,1.000000,0,none,,7.513805,7.513805,completed,0,5,rain,24.000000
20,1103,3448083108,178,Day 6 12:55,none,,7.513805,7.513805,completed,0.000000,0.227615,0.000000,0.938333,0.054167,0.136667,0.057503,0.175000,0.101400,10,1,1,1,0,0,0,1,1,1,1,1,0,0,0,1,1,0.218953,0.000000,0.197289,0.000000,0.000000,0.000000,0.248830,0.000000,0.178648,0.000000,0.000000,0.000000,0.000000,0.000000,0.000000,0.156280,use_computer,1,30,8005,computer,none,,,0.000000,1.000000,0,none,,7.513805,7.513805,completed,0,5,rain,24.000000
20,1103,3448083108,179,Day 6 13:25,none,,7.513805,7.513805,completed,0.000000,0.343097,0.000000,0.928333,0.079167,0.156667,0.057503,0.255000,0.083400,10,1,1,1,0,0,0,1,1,1,1,1,0,0,0,1,1,0.158705,0.000000,0.145496,0.000000,0.000000,0.000000,0.216785,0.222623,0.138213,0.000000,0.000000,0.000000,0.000000,0.000000,0.000000,0.118177,rest_at_bed,1,60,8065,bed,none,,,0.000000,1.000000,0,none,,7.513805,7.513805,completed,0,5,rain,24.000000
20,1103,3448083108,180,Day 6 14:25,none,,7.513805,7.513805,completed,0.060000,0.055278,0.000000,0.958333,0.129167,0.196667,0.057503,0.055000,0.047400,10,1,1,1,0,0,0,1,1,1,1,1,0,0,0,1,1,0.242451,0.000000,0.210311,0.000000,0.000000,0.000000,0.200345,0.000000,0.190356,0.000000,0.000000,0.000000,0.000000,0.000000,0.000000,0.156537,use_computer,1,30,8095,computer,none,,,0.000000,1.000000,0,none,,7.513805,7.513805,completed,0,5,rain,24.000000
20,1103,3448083108,181,Day 6 14:55,none,,7.513805,7.513805,completed,0.000000,0.170759,0.000000,0.948333,0.154167,0.216667,0.057503,0.135000,0.029400,10,1,1,1,0,0,0,1,1,1,1,1,0,0,0,1,1,0.188059,0.000000,0.168014,0.000000,0.000000,0.000000,0.195110,0.000000,0.164623,0.152761,0.000000,0.000000,0.000000,0.000000,0.000000,0.131433,use_phone,1,25,8120,phone,none,,,0.000000,1.000000,0,none,,7.513805,7.513805,completed,0,5,rain,24.000000
20,1103,3448083108,182,Day 6 15:20,none,,7.513805,7.513805,completed,0.000000,0.264893,0.000000,0.980000,0.175000,0.233333,0.057503,0.230000,0.114400,10,1,1,1,0,0,0,1,1,1,1,1,0,0,0,1,1,0.176137,0.000000,0.159702,0.000000,0.000000,0.000000,0.218035,0.000000,0.164303,0.153121,0.000000,0.000000,0.000000,0.000000,0.000000,0.128703,rest_at_bed,1,60,8180,bed,none,room-temperature-shift|weather-clear,,0.000000,1.000000,0,none,,7.513805,7.513805,completed,0,5,clear,17.000000
20,1103,3448083108,183,Day 6 16:20,none,,7.513805,7.513805,completed,0.060000,0.015968,0.000000,0.950000,0.225000,0.273333,0.057503,0.030000,0.078400,10,1,1,1,0,0,0,1,1,1,1,1,0,0,0,1,1,0.203319,0.000000,0.175340,0.000000,0.000000,0.000000,0.158127,0.000000,0.171879,0.161845,0.000000,0.000000,0.000000,0.000000,0.000000,0.129490,go_to_bathroom,1,15,8195,door,none,,,0.000000,1.000000,0,none,,7.513805,7.513805,completed,0,5,clear,17.000000
20,1103,3448083108,184,Day 6 16:35,none,,7.513805,7.513805,completed,0.065000,0.021968,0.000000,1.000000,0.237500,0.000000,0.057503,0.015000,0.069400,10,1,1,1,0,0,0,1,1,1,1,1,0,0,0,1,1,0.246054,0.000000,0.212079,0.000000,0.000000,0.000000,0.189230,0.000000,0.000000,0.197070,0.000000,0.000000,0.000000,0.000000,0.000000,0.155567,use_phone,1,25,8220,phone,none,,,0.000000,1.000000,0,none,,7.513805,7.513805,completed,0,5,clear,17.000000
20,1103,3448083108,185,Day 6 17:00,none,,7.513805,7.513805,completed,0.000000,0.116102,0.000000,1.000000,0.258333,0.016667,0.057503,0.110000,0.154400,10,1,1,1,0,0,0,1,1,1,1,1,0,0,0,1,1,0.190067,0.157056,0.168472,0.000000,0.000000,0.000000,0.182843,0.000000,0.000000,0.170799,0.000000,0.000000,0.000000,0.000000,0.000000,0.130764,shop_on_phone,0,0,8220,phone,resource_insufficient,,,0.000000,1.000000,0,none,,7.513805,7.513805,completed,0,5,clear,17.000000
20,1103,3448083108,186,Day 6 17:00,none,,7.513805,7.513805,completed,0.000000,0.116102,0.000000,0.970000,0.258333,0.016667,0.087503,0.110000,0.154400,10,1,1,1,0,0,0,1,1,1,1,1,0,0,0,1,1,0.190183,0.157152,0.168575,0.000000,0.000000,0.000000,0.182342,0.000000,0.000000,0.170903,0.000000,0.000000,0.000000,0.000000,0.000000,0.130844,use_computer,1,30,8250,computer,none,message-study-group,,0.000000,1.000000,0,none,,7.513805,7.513805,completed,0,6,clear,17.000000
20,1103,3448083108,187,Day 6 17:30,none,,7.513805,7.513805,completed,0.000000,0.231584,0.000000,0.960000,0.283333,0.036667,0.087503,0.190000,0.136400,10,1,1,1,0,0,0,1,1,1,1,1,0,0,0,1,1,0.179153,0.151514,0.161567,0.000000,0.000000,0.000000,0.206455,0.000000,0.000000,0.172725,0.000000,0.000000,0.000000,0.000000,0.000000,0.128586,idle,1,10,8260,,none,,,0.000000,1.000000,0,none,,7.513805,7.513805,completed,0,6,clear,17.000000
20,1103,3448083108,188,Day 6 17:40,none,,7.513805,7.513805,completed,0.123333,0.235584,0.000000,0.906667,0.291667,0.043333,0.087503,0.180000,0.130400,10,1,1,1,0,0,0,1,1,1,1,1,0,0,0,1,1,0.190415,0.147196,0.167519,0.000000,0.000000,0.000000,0.199604,0.000000,0.000000,0.168938,0.000000,0.000000,0.000000,0.000000,0.000000,0.126328,use_computer,1,30,8290,computer,none,evening,,0.000000,1.000000,0,none,,7.513805,7.513805,completed,0,6,clear,17.000000
20,1103,3448083108,189,Day 6 18:10,none,,7.513805,7.513805,completed,0.000000,0.351065,0.000000,0.896667,0.316667,0.063333,0.087503,0.260000,0.112400,10,1,1,1,0,0,0,1,1,1,1,1,0,0,0,1,1,0.153633,0.000000,0.141013,0.000000,0.000000,0.000000,0.211727,0.218957,0.000000,0.159956,0.000000,0.000000,0.000000,0.000000,0.000000,0.114715,rest_at_bed,1,60,8350,bed,none,,,0.000000,1.000000,0,none,,7.513805,7.513805,completed,0,6,clear,17.000000
20,1103,3448083108,190,Day 6 19:10,none,,7.513805,7.513805,completed,0.060000,0.063246,0.000000,0.926667,0.366667,0.103333,0.087503,0.060000,0.076400,10,1,1,1,0,0,0,1,1,1,1,1,0,0,0,1,1,0.232668,0.000000,0.202063,0.000000,0.000000,0.000000,0.193975,0.000000,0.000000,0.220660,0.000000,0.000000,0.000000,0.000000,0.000000,0.150634,idle,1,10,8360,,none,,,0.000000,1.000000,0,none,,7.513805,7.513805,completed,0,6,clear,17.000000
20,1103,3448083108,191,Day 6 19:20,none,,7.513805,7.513805,completed,0.183333,0.067246,0.000000,0.873333,0.375000,0.110000,0.087503,0.050000,0.070400,10,1,1,1,0,0,0,1,1,1,1,1,0,0,0,1,1,0.245296,0.000000,0.207814,0.000000,0.000000,0.000000,0.186022,0.000000,0.000000,0.214076,0.000000,0.000000,0.000000,0.000000,0.000000,0.146793,use_computer,1,30,8390,computer,none,,,0.000000,1.000000,0,none,,7.513805,7.513805,completed,0,6,clear,17.000000
20,1103,3448083108,192,Day 6 19:50,none,,7.513805,7.513805,completed,0.033333,0.182727,0.000000,0.863333,0.400000,0.130000,0.087503,0.130000,0.052400,10,1,1,1,0,0,0,1,1,1,1,1,0,0,0,1,1,0.184914,0.000000,0.164332,0.000000,0.000000,0.000000,0.187969,0.000000,0.143091,0.193090,0.000000,0.000000,0.000000,0.000000,0.000000,0.126603,go_to_bathroom,1,15,8405,door,none,,,0.000000,1.000000,0,none,,7.513805,7.513805,completed,0,6,clear,17.000000
20,1103,3448083108,193,Day 6 20:05,none,,7.513805,7.513805,completed,0.038333,0.188727,0.000000,0.952631,0.412500,0.000000,0.087503,0.115000,0.043400,10,1,1,1,0,0,0,1,1,1,1,1,0,0,0,1,1,0.216276,0.000000,0.192098,0.000000,0.000000,0.000000,0.217397,0.000000,0.000000,0.227231,0.000000,0.000000,0.000000,0.000000,0.000000,0.146998,use_phone,1,25,8430,phone,none,,,0.000000,1.000000,0,none,,7.513805,7.513805,completed,0,6,clear,17.000000
20,1103,3448083108,194,Day 6 20:30,none,,7.513805,7.513805,completed,0.000000,0.282861,0.000000,0.984298,0.433333,0.016667,0.087503,0.210000,0.128400,10,1,1,1,0,0,0,1,1,1,1,1,0,0,0,1,1,0.170198,0.144676,0.154621,0.000000,0.000000,0.000000,0.209892,0.000000,0.000000,0.196781,0.000000,0.000000,0.000000,0.000000,0.000000,0.123831,use_phone,1,25,8455,phone,none,,,0.000000,1.000000,0,none,,7.513805,7.513805,completed,0,6,clear,17.000000
20,1103,3448083108,195,Day 6 20:55,none,,7.513805,7.513805,completed,0.000000,0.376995,0.000000,1.000000,0.454167,0.033333,0.087503,0.305000,0.213400,10,1,1,1,0,0,0,1,1,1,1,1,0,0,0,1,1,0.126459,0.123010,0.116592,0.000000,0.000000,0.000000,0.186073,0.195196,0.000000,0.156475,0.000000,0.000000,0.000000,0.000000,0.000000,0.096195,rest_at_bed,1,60,8515,bed,none,,,0.000000,1.000000,0,none,,7.513805,7.513805,completed,0,6,clear,17.000000
20,1103,3448083108,196,Day 6 21:55,none,,7.513805,7.513805,completed,0.060000,0.089176,0.000000,1.000000,0.504167,0.073333,0.087503,0.105000,0.177400,10,1,1,1,0,0,0,1,1,1,1,1,0,0,0,1,1,0.186601,0.151122,0.162785,0.000000,0.000000,0.000000,0.166098,0.000000,0.000000,0.210319,0.000000,0.000000,0.000000,0.000000,0.000000,0.123075,get_meal,1,35,8550,door,none,,,0.000000,1.000000,0,none,,7.513805,7.513805,completed,0,6,clear,17.000000
20,1103,3448083108,197,Day 6 22:30,none,,7.513805,7.513805,completed,0.031667,0.103176,0.000000,1.000000,0.000000,0.096667,0.087503,0.070000,0.156400,10,1,1,1,0,0,0,1,1,1,1,1,0,0,0,1,1,0.236152,0.188661,0.207430,0.000000,0.000000,0.000000,0.210817,0.000000,0.000000,0.000000,0.000000,0.000000,0.000000,0.000000,0.000000,0.156939,use_phone,1,25,8575,phone,none,,,0.000000,1.000000,0,none,,7.513805,7.513805,completed,0,6,clear,17.000000
20,1103,3448083108,198,Day 6 22:55,none,,7.513805,7.513805,completed,0.000000,0.197310,0.000000,1.000000,0.020833,0.113333,0.087503,0.165000,0.241400,10,1,1,1,0,0,0,1,1,1,1,1,0,0,0,1,1,0.216031,0.201631,0.193823,0.000000,0.000000,0.000000,0.235461,0.000000,0.000000,0.000000,0.000000,0.000000,0.000000,0.000000,0.000000,0.153054,shop_on_phone,0,0,8575,phone,resource_insufficient,,,0.000000,1.000000,0,none,,7.513805,7.513805,completed,0,6,clear,17.000000
20,1103,3448083108,199,Day 6 22:55,none,,7.513805,7.513805,completed,0.000000,0.197310,0.000000,0.970000,0.020833,0.113333,0.117503,0.165000,0.241400,10,1,1,1,0,0,0,1,1,1,1,1,0,0,0,1,1,0.216201,0.201790,0.193976,0.000000,0.000000,0.000000,0.234858,0.000000,0.000000,0.000000,0.000000,0.000000,0.000000,0.000000,0.000000,0.153175,idle,1,10,8585,,none,,,0.000000,1.000000,0,none,,7.513805,7.513805,completed,0,6,clear,17.000000
20,1103,3448083108,200,Day 6 23:05,none,,7.513805,7.513805,completed,0.123333,0.201310,0.000000,0.916667,0.029167,0.120000,0.117503,0.155000,0.235400,10,1,1,1,0,0,0,1,1,1,1,1,0,0,0,1,1,0.228763,0.195159,0.200220,0.000000,0.000000,0.000000,0.226047,0.000000,0.000000,0.000000,0.000000,0.000000,0.000000,0.000000,0.000000,0.149811,use_phone,1,25,8610,phone,none,,,0.000000,1.000000,0,none,,7.513805,7.513805,completed,0,6,clear,17.000000
20,1103,3448083108,201,Day 6 23:30,none,,7.513805,7.513805,completed,0.000000,0.295444,0.000000,0.948333,0.050000,0.136667,0.117503,0.250000,0.320400,10,1,1,1,0,0,0,1,1,1,1,1,0,0,0,1,1,0.171184,0.181160,0.155918,0.000000,0.000000,0.000000,0.220753,0.000000,0.144541,0.000000,0.000000,0.000000,0.000000,0.000000,0.000000,0.126444,idle,1,10,8620,,none,,,0.000000,1.000000,0,none,,7.513805,7.513805,completed,0,6,clear,17.000000
20,1103,3448083108,202,Day 6 23:40,none,,7.513805,7.513805,completed,0.123333,0.299444,0.000000,0.895000,0.058333,0.143333,0.117503,0.240000,0.314400,10,1,1,1,0,0,0,1,1,1,1,1,0,0,0,1,1,0.182240,0.176281,0.161924,0.000000,0.000000,0.000000,0.213773,0.000000,0.141357,0.000000,0.000000,0.000000,0.000000,0.000000,0.000000,0.124425,go_to_bathroom,1,15,8635,door,none,,,0.000000,1.000000,0,none,,7.513805,7.513805,completed,0,6,clear,17.000000
20,1103,3448083108,203,Day 6 23:55,none,,7.513805,7.513805,completed,0.128333,0.305444,0.000000,0.984298,0.070833,0.000000,0.117503,0.225000,0.305400,10,1,1,1,0,0,0,1,1,1,1,1,0,0,0,1,1,0.213826,0.203335,0.189885,0.000000,0.000000,0.000000,0.248027,0.000000,0.000000,0.000000,0.000000,0.000000,0.000000,0.000000,0.000000,0.144928,shop_on_phone,0,0,8635,phone,resource_insufficient,,,0.000000,1.000000,0,none,,7.513805,7.513805,completed,0,6,clear,17.000000
20,1103,3448083108,204,Day 6 23:55,none,,7.513805,7.513805,completed,0.128333,0.305444,0.000000,0.954298,0.070833,0.000000,0.147503,0.225000,0.305400,10,1,1,1,0,0,0,1,1,1,1,1,0,0,0,1,1,0.214004,0.203504,0.190043,0.000000,0.000000,0.000000,0.247402,0.000000,0.000000,0.000000,0.000000,0.000000,0.000000,0.000000,0.000000,0.145048,shop_on_phone,0,0,8635,phone,resource_insufficient,,,0.000000,1.000000,0,none,,7.513805,7.513805,completed,0,6,clear,17.000000
20,1103,3448083108,205,Day 6 23:55,none,,7.513805,7.513805,completed,0.128333,0.305444,0.000000,0.924298,0.070833,0.000000,0.177503,0.225000,0.305400,10,1,1,1,0,0,0,1,1,1,1,1,0,0,0,1,1,0.214181,0.203673,0.190200,0.000000,0.000000,0.000000,0.246777,0.000000,0.000000,0.000000,0.000000,0.000000,0.000000,0.000000,0.000000,0.145168,use_computer,1,30,8665,computer,none,,,0.000000,1.000000,0,none,,7.513805,7.513805,completed,0,6,clear,17.000000
20,1103,3448083108,206,Day 7 00:25,none,,7.513805,7.513805,completed,0.000000,0.420926,0.000000,0.914298,0.095833,0.020000,0.177503,0.305000,0.287400,10,1,1,1,0,0,0,1,1,1,1,1,0,0,0,1,1,0.144690,0.153157,0.134190,0.000000,0.000000,0.000000,0.219971,0.237279,0.000000,0.000000,0.000000,0.000000,0.000000,0.000000,0.000000,0.110714,idle,1,10,8675,,none,,,0.000000,1.000000,0,none,,7.513805,7.513805,completed,0,6,clear,17.000000
20,1103,3448083108,207,Day 7 00:35,none,,7.513805,7.513805,completed,0.123333,0.424926,0.000000,0.860964,0.104167,0.026667,0.177503,0.295000,0.281400,10,1,1,1,0,0,0,1,1,1,1,1,0,0,0,1,1,0.154911,0.149880,0.140151,0.000000,0.000000,0.000000,0.214227,0.231265,0.000000,0.000000,0.000000,0.000000,0.000000,0.000000,0.000000,0.109565,use_computer,1,30,8705,computer,none,,,0.000000,1.000000,0,none,,7.513805,7.513805,completed,0,6,clear,17.000000
20,1103,3448083108,208,Day 7 01:05,none,,7.513805,7.513805,completed,0.000000,0.540407,0.000000,0.850964,0.129167,0.046667,0.177503,0.375000,0.263400,10,1,1,1,0,0,0,1,1,1,1,1,0,0,0,1,1,0.115745,0.124248,0.109251,0.000000,0.000000,0.000000,0.210435,0.239662,0.000000,0.000000,0.000000,0.000000,0.000000,0.000000,0.108523,0.092136,sleep_at_bed,1,480,9185,bed,none,,,0.000000,1.000000,0,none,,7.513805,7.513805,completed,0,6,clear,17.000000
20,1103,3448083108,209,Day 7 09:05,none,,7.513805,7.513805,completed,0.080000,0.163131,0.000000,0.770964,0.529167,0.366667,0.177503,0.000000,0.000000,10,1,1,1,0,0,0,1,1,1,1,1,0,0,0,1,1,0.184842,0.000000,0.161816,0.000000,0.000000,0.000000,0.157042,0.000000,0.173000,0.205886,0.000000,0.000000,0.000000,0.000000,0.000000,0.117415,get_meal,1,35,9220,door,none,alarm-rings,,0.000000,1.000000,0,none,,7.513805,7.513805,completed,0,6,clear,17.000000
20,1103,3448083108,210,Day 7 09:40,none,,7.513805,7.513805,completed,0.081667,0.177131,0.000000,0.893596,0.008333,0.390000,0.204379,0.000000,0.000000,11,1,1,1,0,0,0,1,1,1,1,1,0,1,0,1,1,0.186033,0.000000,0.163110,0.000000,0.000000,0.000000,0.159548,0.000000,0.178938,0.000000,0.000000,0.000000,0.194098,0.000000,0.000000,0.118272,idle,1,10,9230,,none,,,0.000000,1.000000,0,none,,7.513805,7.513805,completed,0,6,clear,17.000000
20,1103,3448083108,211,Day 7 09:50,none,,7.513805,7.513805,completed,0.205000,0.181131,0.000000,0.840262,0.016667,0.396667,0.204379,0.000000,0.000000,11,1,1,1,0,0,0,1,1,1,1,1,0,1,0,1,1,0.197113,0.000000,0.168630,0.000000,0.000000,0.000000,0.155156,0.000000,0.174755,0.000000,0.000000,0.000000,0.188123,0.000000,0.000000,0.116223,go_to_bathroom,1,15,9245,door,none,,,0.000000,1.000000,0,none,,7.513805,7.513805,completed,0,6,clear,17.000000
20,1103,3448083108,212,Day 7 10:05,none,,7.513805,7.513805,completed,0.210000,0.187131,0.000000,0.929560,0.029167,0.000000,0.204379,0.000000,0.000000,11,1,1,1,0,0,0,1,1,1,1,1,0,1,0,1,1,0.238995,0.000000,0.204417,0.000000,0.000000,0.000000,0.188538,0.000000,0.000000,0.000000,0.000000,0.000000,0.227450,0.000000,0.000000,0.140599,turn_off_alarm,1,1,9246,alarm,none,,,0.000000,1.000000,0,none,,7.513805,7.513805,completed,0,6,clear,17.000000
20,1103,3448083108,213,Day 7 10:06,none,,7.513805,7.513805,completed,0.210333,0.187531,0.000000,0.959227,0.030000,0.000667,0.184379,0.000000,0.000000,10,1,1,1,0,0,0,1,1,1,1,1,0,0,0,1,1,0.309189,0.000000,0.264452,0.000000,0.000000,0.000000,0.244494,0.000000,0.000000,0.000000,0.000000,0.000000,0.000000,0.000000,0.000000,0.181866,idle,1,10,9256,,none,,,0.000000,1.000000,0,none,,7.513805,7.513805,completed,0,6,clear,17.000000
20,1103,3448083108,214,Day 7 10:16,none,,7.513805,7.513805,completed,0.333667,0.191531,0.000000,0.905893,0.038333,0.007333,0.184379,0.000000,0.000000,10,1,1,1,0,0,0,1,1,1,1,1,0,0,0,1,1,0.321974,0.000000,0.268704,0.000000,0.000000,0.000000,0.233678,0.000000,0.000000,0.000000,0.000000,0.000000,0.000000,0.000000,0.000000,0.175644,use_phone,1,25,9281,phone,none,,,0.000000,1.000000,0,none,,7.513805,7.513805,completed,0,6,clear,17.000000
20,1103,3448083108,215,Day 7 10:41,none,,7.513805,7.513805,completed,0.122000,0.285665,0.000000,0.937560,0.059167,0.024000,0.184379,0.095000,0.085000,10,1,1,1,0,0,0,1,1,1,1,1,0,0,0,1,1,0.282175,0.000000,0.249513,0.000000,0.000000,0.000000,0.284994,0.000000,0.000000,0.000000,0.000000,0.000000,0.000000,0.000000,0.000000,0.183318,rest_at_bed,1,60,9341,bed,none,,,0.000000,1.000000,0,none,,7.513805,7.513805,completed,0,6,clear,17.000000
20,1103,3448083108,216,Day 7 11:41,none,,7.513805,7.513805,completed,0.182000,0.000000,0.000000,0.967560,0.109167,0.064000,0.184379,0.000000,0.049000,10,1,1,1,0,0,0,1,1,1,1,1,0,0,0,1,1,0.323089,0.000000,0.271031,0.000000,0.000000,0.000000,0.217303,0.000000,0.000000,0.000000,0.000000,0.000000,0.000000,0.000000,0.000000,0.188577,rest_at_bed,1,60,9401,bed,none,,,0.000000,1.000000,0,none,,7.513805,7.513805,completed,0,6,clear,17.000000
20,1103,3448083108,217,Day 7 12:41,none,,7.513805,7.513805,completed,0.242000,0.000000,0.000000,0.997560,0.159167,0.104000,0.184379,0.000000,0.013000,10,1,1,1,0,0,0,1,1,1,1,1,0,0,0,1,1,0.272109,0.000000,0.225494,0.000000,0.000000,0.000000,0.175204,0.000000,0.000000,0.174126,0.000000,0.000000,0.000000,0.000000,0.000000,0.153066,use_phone,1,25,9426,phone,none,,,0.000000,1.000000,0,none,,7.513805,7.513805,completed,0,6,clear,17.000000
20,1103,3448083108,218,Day 7 13:06,none,,7.513805,7.513805,completed,0.030333,0.094134,0.000000,1.000000,0.180000,0.120667,0.184379,0.095000,0.098000,10,1,1,1,0,0,0,1,1,1,1,1,0,0,0,1,1,0.235697,0.000000,0.206951,0.000000,0.000000,0.000000,0.211191,0.000000,0.000000,0.188266,0.000000,0.000000,0.000000,0.000000,0.000000,0.157894,use_phone,1,25,9451,phone,none,,,0.000000,1.000000,0,none,,7.513805,7.513805,completed,0,6,clear,17.000000
20,1103,3448083108,219,Day 7 13:31,none,,7.513805,7.513805,completed,0.000000,0.188268,0.000000,1.000000,0.200833,0.137333,0.184379,0.190000,0.183000,10,1,1,1,0,0,0,1,1,1,1,1,0,0,0,1,1,0.159315,0.140756,0.142844,0.000000,0.000000,0.000000,0.174120,0.000000,0.130055,0.139225,0.000000,0.000000,0.000000,0.000000,0.000000,0.113685,get_meal,1,35,9486,door,none,room-temperature-shift|message-study-group,,0.000000,1.000000,0,none,,7.513805,7.513805,completed,0,7,clear,17.000000
20,1103,3448083108,220,Day 7 14:06,none,,7.513805,7.513805,completed,0.000000,0.202268,0.000000,1.000000,0.000000,0.160667,0.184379,0.155000,0.162000,10,1,1,1,0,0,0,1,1,1,1,1,0,0,0,1,1,0.186441,0.159506,0.167349,0.000000,0.000000,0.000000,0.200193,0.000000,0.154776,0.000000,0.000000,0.000000,0.000000,0.000000,0.000000,0.131735,go_to_bathroom,1,15,9501,door,none,,,0.000000,1.000000,0,none,,7.513805,7.513805,completed,0,7,clear,17.000000
20,1103,3448083108,221,Day 7 14:21,none,,7.513805,7.513805,completed,0.005000,0.208268,0.000000,1.000000,0.012500,0.000000,0.184379,0.140000,0.153000,10,1,1,1,0,0,0,1,1,1,1,1,0,0,0,1,1,0.222154,0.186844,0.199295,0.000000,0.000000,0.000000,0.235879,0.000000,0.000000,0.000000,0.000000,0.000000,0.000000,0.000000,0.000000,0.155827,rest_at_bed,1,60,9561,bed,none,,,0.000000,1.000000,0,none,,7.513805,7.513805,completed,0,7,clear,17.000000
20,1103,3448083108,222,Day 7 15:21,none,,7.513805,7.513805,completed,0.065000,0.000000,0.000000,1.000000,0.062500,0.040000,0.184379,0.000000,0.117000,10,1,1,1,0,0,0,1,1,1,1,1,0,0,0,1,1,0.253759,0.183251,0.218002,0.000000,0.000000,0.000000,0.185825,0.000000,0.000000,0.000000,0.000000,0.000000,0.000000,0.000000,0.000000,0.159163,use_computer,1,30,9591,computer,none,,,0.000000,1.000000,0,none,,7.513805,7.513805,completed,0,7,clear,17.000000
20,1103,3448083108,223,Day 7 15:51,none,,7.513805,7.513805,completed,0.000000,0.115481,0.000000,0.990000,0.087500,0.060000,0.184379,0.080000,0.099000,10,1,1,1,0,0,0,1,1,1,1,1,0,0,0,1,1,0.286572,0.000000,0.253821,0.000000,0.000000,0.000000,0.264438,0.000000,0.000000,0.000000,0.000000,0.000000,0.000000,0.000000,0.000000,0.195168,idle,1,10,9601,,none,,,0.000000,1.000000,0,none,,7.513805,7.513805,completed,0,7,clear,17.000000
20,1103,3448083108,224,Day 7 16:01,none,,7.513805,7.513805,completed,0.123333,0.119481,0.000000,0.936667,0.095833,0.066667,0.184379,0.070000,0.093000,10,1,1,1,0,0,0,1,1,1,1,1,0,0,0,1,1,0.300038,0.000000,0.259241,0.000000,0.000000,0.000000,0.251845,0.000000,0.000000,0.000000,0.000000,0.000000,0.000000,0.000000,0.000000,0.188877,use_computer,1,30,9631,computer,none,weather-rain,,0.000000,1.000000,0,none,,7.513805,7.513805,completed,0,7,rain,17.000000
20,1103,3448083108,225,Day 7 16:31,none,,7.513805,7.513805,completed,0.000000,0.234963,0.000000,0.926667,0.120833,0.086667,0.184379,0.150000,0.075000,10,1,1,1,0,0,0,1,1,1,1,1,0,0,0,1,1,0.269291,0.000000,0.242750,0.000000,0.000000,0.000000,0.297168,0.000000,0.000000,0.000000,0.000000,0.000000,0.000000,0.000000,0.000000,0.190792,use_computer,1,30,9661,computer,none,,,0.000000,1.000000,0,none,,7.513805,7.513805,completed,0,7,rain,17.000000
20,1103,3448083108,226,Day 7 17:01,none,,7.513805,7.513805,completed,0.000000,0.350444,0.000000,0.916667,0.145833,0.106667,0.184379,0.230000,0.057000,10,1,1,1,0,0,0,1,1,1,1,1,0,0,0,1,1,0.160861,0.000000,0.147536,0.000000,0.000000,0.000000,0.213362,0.222435,0.000000,0.136908,0.000000,0.000000,0.000000,0.000000,0.000000,0.118899,rest_at_bed,1,60,9721,bed,none,,,0.000000,1.000000,0,none,,7.513805,7.513805,completed,0,7,rain,17.000000
20,1103,3448083108,227,Day 7 18:01,none,,7.513805,7.513805,completed,0.060000,0.062625,0.000000,0.946667,0.195833,0.146667,0.184379,0.030000,0.021000,10,1,1,1,0,0,0,1,1,1,1,1,0,0,0,1,1,0.207365,0.000000,0.179953,0.000000,0.000000,0.000000,0.166387,0.000000,0.152636,0.160762,0.000000,0.000000,0.000000,0.000000,0.000000,0.132897,use_phone,1,25,9746,phone,none,,,0.000000,1.000000,0,none,,7.513805,7.513805,completed,0,7,rain,17.000000
20,1103,3448083108,228,Day 7 18:26,none,,7.513805,7.513805,completed,0.000000,0.156759,0.000000,0.978333,0.216667,0.163333,0.184379,0.125000,0.106000,10,1,1,1,0,0,0,1,1,1,1,1,0,0,0,1,1,0.189651,0.000000,0.169080,0.000000,0.000000,0.000000,0.189660,0.000000,0.155388,0.164367,0.000000,0.000000,0.000000,0.000000,0.000000,0.131854,rest_at_bed,1,60,9806,bed,none,evening,,0.000000,1.000000,0,none,,7.513805,7.513805,completed,0,7,rain,17.000000
20,1103,3448083108,229,Day 7 19:26,none,,7.513805,7.513805,completed,0.060000,0.000000,0.000000,1.000000,0.266667,0.203333,0.184379,0.000000,0.070000,10,1,1,1,0,0,0,1,1,1,1,1,0,0,0,1,1,0.207514,0.000000,0.178455,0.000000,0.000000,0.000000,0.152514,0.000000,0.159979,0.170979,0.000000,0.000000,0.000000,0.000000,0.000000,0.130559,idle,1,10,9816,,none,,,0.000000,1.000000,0,none,,7.513805,7.513805,completed,0,7,rain,17.000000
20,1103,3448083108,230,Day 7 19:36,none,,7.513805,7.513805,completed,0.183333,0.004000,0.000000,0.946667,0.275000,0.210000,0.184379,0.000000,0.064000,10,1,1,1,0,0,0,1,1,1,1,1,0,0,0,1,1,0.218891,0.000000,0.183671,0.000000,0.000000,0.000000,0.147653,0.000000,0.155541,0.166522,0.000000,0.000000,0.000000,0.000000,0.000000,0.127723,use_phone,1,25,9841,phone,none,,,0.000000,1.000000,0,none,,7.513805,7.513805,completed,0,7,rain,17.000000
20,1103,3448083108,231,Day 7 20:01,none,,7.513805,7.513805,completed,0.000000,0.098134,0.000000,0.978333,0.295833,0.226667,0.184379,0.095000,0.149000,10,1,1,1,0,0,0,1,1,1,1,1,0,0,0,1,1,0.164007,0.133747,0.144974,0.000000,0.000000,0.000000,0.150817,0.000000,0.141892,0.152565,0.000000,0.000000,0.000000,0.000000,0.000000,0.111998,idle,1,10,9851,,none,,,0.000000,1.000000,0,none,,7.513805,7.513805,completed,0,7,rain,17.000000
20,1103,3448083108,232,Day 7 20:11,none,,7.513805,7.513805,completed,0.123333,0.102134,0.000000,0.925000,0.304167,0.233333,0.184379,0.085000,0.143000,10,1,1,1,0,0,0,1,1,1,1,1,0,0,0,1,1,0.174636,0.130173,0.150590,0.000000,0.000000,0.000000,0.146079,0.000000,0.138796,0.149493,0.000000,0.000000,0.000000,0.000000,0.000000,0.110233,get_meal,1,35,9886,door,none,,,0.000000,1.000000,0,none,,7.513805,7.513805,completed,0,7,rain,17.000000
20,1103,3448083108,233,Day 7 20:46,none,,7.513805,7.513805,completed,0.095000,0.116134,0.000000,1.000000,0.000000,0.256667,0.184379,0.050000,0.122000,10,1,1,1,0,0,0,1,1,1,1,1,0,0,0,1,1,0.203936,0.149953,0.177066,0.000000,0.000000,0.000000,0.171084,0.000000,0.168257,0.000000,0.000000,0.000000,0.000000,0.000000,0.000000,0.129704,rest_at_bed,1,60,9946,bed,none,,,0.000000,1.000000,0,none,,7.513805,7.513805,completed,0,7,rain,17.000000
20,1103,3448083108,234,Day 7 21:46,none,,7.513805,7.513805,completed,0.155000,0.000000,0.000000,1.000000,0.050000,0.296667,0.184379,0.000000,0.086000,10,1,1,1,0,0,0,1,1,1,1,1,0,0,0,1,1,0.254888,0.000000,0.214997,0.000000,0.000000,0.000000,0.174831,0.000000,0.204022,0.000000,0.000000,0.000000,0.000000,0.000000,0.000000,0.151261,use_phone,1,25,9971,phone,none,,,0.000000,1.000000,0,none,,7.513805,7.513805,completed,0,7,rain,17.000000
20,1103,3448083108,235,Day 7 22:11,none,,7.513805,7.513805,completed,0.000000,0.094134,0.000000,1.000000,0.070833,0.313333,0.184379,0.095000,0.171000,10,1,1,1,0,0,0,1,1,1,1,1,0,0,0,1,1,0.189716,0.158287,0.167610,0.000000,0.000000,0.000000,0.173781,0.000000,0.181121,0.000000,0.000000,0.000000,0.000000,0.000000,0.000000,0.129485,use_computer,1,30,10001,computer,none,,,0.000000,1.000000,0,none,,7.513805,7.513805,completed,0,7,rain,17.000000
20,1103,3448083108,236,Day 7 22:41,none,,7.513805,7.513805,completed,0.000000,0.209615,0.000000,0.990000,0.095833,0.333333,0.184379,0.175000,0.153000,10,1,1,1,0,0,0,1,1,1,1,1,0,0,0,1,1,0.179056,0.152902,0.160950,0.000000,0.000000,0.000000,0.197139,0.000000,0.182458,0.000000,0.000000,0.000000,0.000000,0.000000,0.000000,0.127495,shop_on_phone,0,0,10001,phone,resource_insufficient,,,0.000000,1.000000,0,none,,7.513805,7.513805,completed,0,7,rain,17.000000
20,1103,3448083108,237,Day 7 22:41,none,,7.513805,7.513805,completed,0.000000,0.209615,0.000000,0.960000,0.095833,0.333333,0.214379,0.175000,0.153000,10,1,1,1,0,0,0,1,1,1,1,1,0,0,0,1,1,0.179174,0.153003,0.161057,0.000000,0.000000,0.000000,0.196608,0.000000,0.182579,0.000000,0.000000,0.000000,0.000000,0.000000,0.000000,0.127579,shop_on_phone,0,0,10001,phone,resource_insufficient,,,0.000000,1.000000,0,none,,7.513805,7.513805,completed,0,7,rain,17.000000
20,1103,3448083108,238,Day 7 22:41,none,,7.513805,7.513805,completed,0.000000,0.209615,0.000000,0.930000,0.095833,0.333333,0.244379,0.175000,0.153000,10,1,1,1,0,0,0,1,1,1,1,1,0,0,0,1,1,0.179292,0.153104,0.161163,0.000000,0.000000,0.000000,0.196079,0.000000,0.182699,0.000000,0.000000,0.000000,0.000000,0.000000,0.000000,0.127663,shop_on_phone,0,0,10001,phone,resource_insufficient,,,0.000000,1.000000,0,none,,7.513805,7.513805,completed,0,7,rain,17.000000
20,1103,3448083108,239,Day 7 22:41,none,,7.513805,7.513805,completed,0.000000,0.209615,0.000000,0.900000,0.095833,0.333333,0.274379,0.175000,0.153000,10,1,1,1,0,0,0,1,1,1,1,1,0,0,0,1,1,0.179410,0.153204,0.161269,0.000000,0.000000,0.000000,0.195551,0.000000,0.182819,0.000000,0.000000,0.000000,0.000000,0.000000,0.000000,0.127747,use_computer,1,30,10031,computer,none,,,0.000000,1.000000,0,none,,7.513805,7.513805,completed,0,7,rain,17.000000
20,1103,3448083108,240,Day 7 23:11,none,,7.513805,7.513805,completed,0.000000,0.325097,0.000000,0.890000,0.120833,0.353333,0.274379,0.255000,0.135000,10,1,1,1,0,0,0,1,1,1,1,1,0,0,0,1,1,0.137034,0.119766,0.125325,0.000000,0.000000,0.000000,0.179525,0.187513,0.149044,0.000000,0.000000,0.000000,0.000000,0.000000,0.000000,0.101793,sleep_at_bed,1,480,10511,bed,none,,,0.000000,1.000000,0,none,,7.513805,7.513805,completed,0,7,rain,17.000000
20,1103,3448083108,241,Day 8 07:11,none,,7.513805,7.513805,completed,0.080000,0.000000,0.000000,0.810000,0.520833,0.673333,0.274379,0.000000,0.000000,10,1,1,1,0,0,0,1,1,1,1,1,0,0,0,1,1,0.179389,0.000000,0.153642,0.000000,0.000000,0.000000,0.128639,0.000000,0.233178,0.193669,0.000000,0.000000,0.000000,0.000000,0.000000,0.111483,idle,1,10,10521,,none,,,0.000000,1.000000,0,none,,7.513805,7.513805,completed,0,7,rain,17.000000
20,1103,3448083108,242,Day 8 07:21,none,,7.513805,7.513805,completed,0.203333,0.004000,0.000000,0.756667,0.529167,0.680000,0.274379,0.000000,0.000000,10,1,1,1,0,0,0,1,1,1,1,1,0,0,0,1,1,0.189929,0.000000,0.158721,0.000000,0.000000,0.000000,0.125003,0.000000,0.227555,0.189323,0.000000,0.000000,0.000000,0.000000,0.000000,0.109469,get_meal,1,35,10556,door,none,alarm-rings,,0.000000,1.000000,0,none,,7.513805,7.513805,completed,0,7,rain,17.000000
20,1103,3448083108,243,Day 8 07:56,none,,7.513805,7.513805,completed,0.205000,0.018000,0.000000,0.879298,0.008333,0.703333,0.301255,0.000000,0.000000,11,1,1,1,0,0,0,1,1,1,1,1,0,1,0,1,1,0.189794,0.000000,0.158853,0.000000,0.000000,0.000000,0.126094,0.000000,0.233693,0.000000,0.000000,0.000000,0.182081,0.000000,0.000000,0.109485,go_to_bathroom,1,15,10571,door,none,,,0.000000,1.000000,0,none,,7.513805,7.513805,completed,0,7,rain,17.000000
20,1103,3448083108,244,Day 8 08:11,none,,7.513805,7.513805,completed,0.210000,0.024000,0.000000,0.968596,0.020833,0.093333,0.301255,0.000000,0.000000,11,1,1,1,0,0,0,1,1,1,1,1,0,1,0,1,1,0.247841,0.000000,0.207393,0.000000,0.000000,0.000000,0.165022,0.000000,0.000000,0.000000,0.000000,0.000000,0.237097,0.000000,0.000000,0.142646,rest_at_bed,1,60,10631,bed,none,,,0.000000,1.000000,0,none,,7.513805,7.513805,completed,0,7,rain,17.000000
20,1103,3448083108,245,Day 8 09:11,none,,7.513805,7.513805,completed,0.270000,0.000000,0.000000,0.998596,0.070833,0.133333,0.301255,0.000000,0.000000,11,1,1,1,0,0,0,1,1,1,1,1,0,1,0,1,1,0.221073,0.000000,0.182160,0.000000,0.000000,0.000000,0.137664,0.000000,0.135057,0.000000,0.000000,0.000000,0.201812,0.000000,0.000000,0.122234,rest_at_bed,1,60,10691,bed,none,,,0.000000,1.000000,0,none,,7.513805,7.513805,completed,0,7,rain,17.000000
20,1103,3448083108,246,Day 8 10:11,none,,7.513805,7.513805,completed,0.330000,0.000000,0.000000,1.000000,0.120833,0.173333,0.301255,0.000000,0.000000,11,1,1,1,0,0,0,1,1,1,1,1,0,1,0,1,1,0.225780,0.000000,0.183780,0.000000,0.000000,0.000000,0.134594,0.000000,0.138220,0.000000,0.000000,0.000000,0.197312,0.000000,0.000000,0.120313,use_computer,1,30,10721,computer,none,weather-rain,,0.000000,1.000000,0,none,,7.513805,7.513805,completed,0,7,rain,17.000000
20,1103,3448083108,247,Day 8 10:41,none,,7.513805,7.513805,completed,0.180000,0.115481,0.000000,0.990000,0.145833,0.193333,0.301255,0.080000,0.000000,11,1,1,1,0,0,0,1,1,1,1,1,0,1,0,1,1,0.175560,0.000000,0.149902,0.000000,0.000000,0.000000,0.140285,0.000000,0.127932,0.120788,0.000000,0.000000,0.178501,0.000000,0.000000,0.107032,use_computer,1,30,10751,computer,none,,,0.000000,1.000000,0,none,,7.513805,7.513805,completed,0,7,rain,17.000000
20,1103,3448083108,248,Day 8 11:11,none,,7.513805,7.513805,completed,0.030000,0.230963,0.000000,0.980000,0.170833,0.213333,0.301255,0.160000,0.000000,11,1,1,1,0,0,0,1,1,1,1,1,0,1,0,1,1,0.152956,0.000000,0.136999,0.000000,0.000000,0.000000,0.163830,0.000000,0.132675,0.125914,0.000000,0.000000,0.180937,0.000000,0.000000,0.106688,idle,1,10,10761,,none,,,0.000000,1.000000,0,none,,7.513805,7.513805,completed,0,7,rain,17.000000
20,1103,3448083108,249,Day 8 11:21,none,,7.513805,7.513805,completed,0.153333,0.234963,0.000000,0.926667,0.179167,0.220000,0.301255,0.150000,0.000000,11,1,1,1,0,0,0,1,1,1,1,1,0,1,0,1,1,0.163250,0.000000,0.142638,0.000000,0.000000,0.000000,0.159055,0.000000,0.130083,0.123667,0.000000,0.000000,0.176056,0.000000,0.000000,0.105252,idle,1,10,10771,,none,,,0.000000,1.000000,0,none,,7.513805,7.513805,completed,0,7,rain,17.000000
20,1103,3448083108,250,Day 8 11:31,none,,7.513805,7.513805,completed,0.276667,0.238963,0.000000,0.873333,0.187500,0.226667,0.301255,0.140000,0.000000,11,1,1,1,0,0,0,1,1,1,1,1,0,1,0,1,1,0.174009,0.000000,0.148316,0.000000,0.000000,0.000000,0.154217,0.000000,0.127375,0.121301,0.000000,0.000000,0.171083,0.000000,0.000000,0.103699,get_meal,1,35,10806,door,none,,,0.000000,1.000000,0,none,,7.513805,7.513805,completed,0,7,rain,17.000000
20,1103,3448083108,251,Day 8 12:06,none,,7.513805,7.513805,completed,0.248333,0.252963,0.000000,0.995964,0.000000,0.250000,0.301255,0.105000,0.000000,11,1,1,1,0,0,0,1,1,1,1,1,0,1,0,1,1,0.196032,0.000000,0.168238,0.000000,0.000000,0.000000,0.174240,0.000000,0.148963,0.000000,0.000000,0.000000,0.194815,0.000000,0.000000,0.117711,turn_off_alarm,1,1,10807,alarm,none,,,0.000000,1.000000,0,none,,7.513805,7.513805,completed,0,7,rain,17.000000
20,1103,3448083108,252,Day 8 12:07,none,,7.513805,7.513805,completed,0.248667,0.253363,0.000000,1.000000,0.000833,0.250667,0.281255,0.104000,0.000000,10,1,1,1,0,0,0,1,1,1,1,1,0,0,0,1,1,0.243392,0.000000,0.208876,0.000000,0.000000,0.000000,0.216658,0.000000,0.184996,0.000000,0.000000,0.000000,0.000000,0.000000,0.000000,0.146078,go_to_bathroom,1,15,10822,door,none,,,0.000000,1.000000,0,none,,7.513805,7.513805,completed,0,7,rain,17.000000
20,1103,3448083108,253,Day 8 12:22,none,,7.513805,7.513805,completed,0.253667,0.259363,0.000000,1.000000,0.013333,0.000000,0.281255,0.089000,0.000000,10,1,1,1,0,0,0,1,1,1,1,1,0,0,0,1,1,0.299962,0.000000,0.257282,0.000000,0.000000,0.000000,0.264036,0.000000,0.000000,0.000000,0.000000,0.000000,0.000000,0.000000,0.000000,0.178720,rest_at_bed,1,60,10882,bed,none,,,0.000000,1.000000,0,none,,7.513805,7.513805,completed,0,7,rain,17.000000
20,1103,3448083108,254,Day 8 13:22,none,,7.513805,7.513805,completed,0.313667,0.000000,0.000000,1.000000,0.063333,0.040000,0.281255,0.000000,0.000000,10,1,1,1,0,0,0,1,1,1,1,1,0,0,0,1,1,0.337889,0.000000,0.275951,0.000000,0.000000,0.000000,0.204288,0.000000,0.000000,0.000000,0.000000,0.000000,0.000000,0.000000,0.000000,0.181872,rest_at_bed,1,60,10942,bed,none,room-temperature-shift|message-study-group,,0.000000,1.000000,0,none,,7.513805,7.513805,completed,0,8,rain,24.000000
20,1103,3448083108,255,Day 8 14:22,none,,7.513805,7.513805,completed,0.373667,0.000000,0.000000,1.000000,0.113333,0.080000,0.281255,0.000000,0.000000,10,1,1,1,0,0,0,1,1,1,1,1,0,0,0,1,1,0.344314,0.000000,0.277784,0.000000,0.000000,0.000000,0.199288,0.000000,0.000000,0.000000,0.000000,0.000000,0.000000,0.000000,0.000000,0.178614,idle,1,10,10952,,none,,,0.000000,1.000000,0,none,,7.513805,7.513805,completed,0,8,rain,24.000000
20,1103,3448083108,256,Day 8 14:32,none,,7.513805,7.513805,completed,0.497000,0.004000,0.000000,0.946667,0.121667,0.086667,0.281255,0.000000,0.000000,10,1,1,1,0,0,0,1,1,1,1,1,0,0,0,1,1,0.357202,0.000000,0.281189,0.000000,0.000000,0.000000,0.189755,0.000000,0.000000,0.000000,0.000000,0.000000,0.000000,0.000000,0.000000,0.171855,rest_at_bed,1,60,11012,bed,none,,,0.000000,1.000000,0,none,,7.513805,7.513805,completed,0,8,rain,24.000000
