personality_index,scenario_seed,action_seed,step,decision_time,pre_commitment_status,pre_commitment_task_id,pre_task_effort,pre_task_effort_target,pre_task_status,pre_boredom,pre_fatigue,pre_task_pressure,pre_satisfaction,pre_hunger,pre_bathroom_urge,pre_anxiety,pre_screen_strain,pre_purchase_urge,known_action_count,known_use_phone,known_shop_on_phone,known_use_computer,known_study_at_computer,known_study_focused,known_study_halfhearted,known_rest_at_bed,known_sleep_at_bed,known_go_to_bathroom,known_get_meal,known_turn_light_on,known_turn_light_off,known_turn_off_alarm,known_open_curtain,known_close_curtain,known_idle,p_use_phone,p_shop_on_phone,p_use_computer,p_study_at_computer,p_study_focused,p_study_halfhearted,p_rest_at_bed,p_sleep_at_bed,p_go_to_bathroom,p_get_meal,p_turn_light_on,p_turn_light_off,p_turn_off_alarm,p_open_curtain,p_close_curtain,p_idle,chosen_action,accepted,elapsed_minutes,simulation_total_minutes,target_object_id,failure_reason,event_ids,outcome_task_id,outcome_task_effort_gained,outcome_task_settlement_variation,outcome_task_session_interrupted,post_commitment_status,post_commitment_task_id,post_task_effort,post_task_effort_target,post_task_status,post_wallet,post_unread_messages,post_weather,post_temperature_celsius
2,1128,3448262921,1,Day 1 08:00,none,,0.000000,8.804782,active,0.550000,0.150000,0.550000,0.450000,0.250000,0.150000,0.200000,0.050000,0.100000,13,1,1,1,1,1,1,1,1,1,1,0,1,0,0,1,1,0.125427,0.089104,0.110234,0.102062,0.105099,0.110213,0.094144,0.000000,0.088088,0.093716,0.000000,0.000000,0.000000,0.000000,0.000000,0.081913,use_computer,1,30,510,computer,none,,,0.000000,1.000000,0,none,,0.000000,8.804782,active,120,0,clear,23.000000
2,1128,3448262921,2,Day 1 08:30,none,,0.000000,8.804782,active,0.400000,0.264087,0.643232,0.440000,0.275000,0.170000,0.219933,0.130000,0.082000,13,1,1,1,1,1,1,1,1,1,1,0,1,0,0,1,1,0.125231,0.000000,0.113500,0.116625,0.120008,0.119277,0.113317,0.000000,0.098314,0.104885,0.000000,0.000000,0.000000,0.000000,0.000000,0.088844,go_to_bathroom,1,15,525,door,none,,,0.000000,1.000000,0,none,,0.000000,8.804782,active,120,0,clear,23.000000
2,1128,3448262921,3,Day 1 08:45,none,,0.000000,8.804782,active,0.405000,0.270087,0.643232,0.515140,0.287500,0.000000,0.221420,0.115000,0.073000,13,1,1,1,1,1,1,1,1,1,1,0,1,0,0,1,1,0.139226,0.000000,0.126140,0.128889,0.133350,0.132054,0.125057,0.000000,0.000000,0.116976,0.000000,0.000000,0.000000,0.000000,0.000000,0.098307,rest_at_bed,1,60,585,bed,none,,,0.000000,1.000000,0,none,,0.000000,8.804782,active,120,0,clear,23.000000
2,1128,3448262921,4,Day 1 09:45,none,,0.000000,8.804782,active,0.465000,0.014961,0.716464,0.545140,0.337500,0.040000,0.247300,0.000000,0.037000,13,1,1,1,1,1,1,1,1,1,1,0,1,0,0,1,1,0.161397,0.000000,0.141668,0.152099,0.157705,0.151306,0.000000,0.000000,0.000000,0.129997,0.000000,0.000000,0.000000,0.000000,0.000000,0.105828,use_phone,1,25,610,phone,none,,,0.000000,1.000000,0,none,,0.000000,8.804782,active,120,0,clear,23.000000
2,1128,3448262921,5,Day 1 10:10,none,,0.000000,8.804782,active,0.253333,0.107439,0.829695,0.576807,0.358333,0.056667,0.271657,0.095000,0.122000,13,1,1,1,1,1,1,1,1,1,1,0,1,0,0,1,1,0.116360,0.095708,0.106010,0.131496,0.136655,0.120994,0.099800,0.000000,0.000000,0.107994,0.000000,0.000000,0.000000,0.000000,0.000000,0.084982,study_halfhearted,1,35,645,desk,none,,coursework,0.216245,0.946568,0,active,coursework,0.216245,8.804782,active,120,0,clear,23.000000
2,1128,3448262921,6,Day 1 10:45,active,coursework,0.216245,8.804782,active,0.315000,0.201439,0.770192,0.585140,0.387500,0.080000,0.262064,0.060000,0.101000,13,1,1,1,1,1,1,1,1,1,1,0,1,0,0,1,1,0.126310,0.000000,0.115021,0.147635,0.153519,0.141570,0.109487,0.000000,0.000000,0.116161,0.000000,0.000000,0.000000,0.000000,0.000000,0.090298,study_at_computer,1,35,680,computer,none,,coursework,0.712197,0.946296,0,active,coursework,0.928442,8.804782,active,120,0,clear,23.000000
2,1128,3448262921,7,Day 1 11:20,active,coursework,0.928442,8.804782,active,0.346667,0.326614,0.658624,0.653474,0.416667,0.103333,0.220257,0.105000,0.080000,13,1,1,1,1,1,1,1,1,1,1,0,1,0,0,1,1,0.128147,0.000000,0.117553,0.137063,0.143231,0.138493,0.121884,0.000000,0.000000,0.120831,0.000000,0.000000,0.000000,0.000000,0.000000,0.092797,study_halfhearted,1,35,715,desk,none,message-study-group,coursework,0.225045,0.985088,0,active,coursework,1.153487,8.804782,active,120,1,clear,23.000000
2,1128,3448262921,8,Day 1 11:55,active,coursework,1.153487,8.804782,active,0.408333,0.420614,0.658624,0.661807,0.445833,0.126667,0.254299,0.070000,0.059000,13,1,1,1,1,1,1,1,1,1,1,0,1,0,0,1,1,0.117941,0.000000,0.108140,0.121146,0.126674,0.125214,0.113014,0.000000,0.000000,0.110195,0.000000,0.094289,0.000000,0.000000,0.000000,0.083386,use_computer,1,30,745,computer,none,,,0.000000,1.000000,0,active,coursework,1.153487,8.804782,active,120,1,clear,23.000000
2,1128,3448262921,9,Day 1 12:25,active,coursework,1.153487,8.804782,active,0.258333,0.534701,0.751855,0.651807,0.470833,0.146667,0.277697,0.150000,0.041000,13,1,1,1,1,1,1,1,1,1,1,0,1,0,0,1,1,0.087121,0.000000,0.082378,0.102469,0.107067,0.100285,0.100615,0.107951,0.073965,0.091243,0.000000,0.079995,0.000000,0.000000,0.000000,0.066912,study_at_computer,1,35,780,computer,none,room-temperature-shift,coursework,0.737450,0.979849,0,active,coursework,1.890937,8.804782,active,120,1,clear,17.000000
2,1128,3448262921,10,Day 1 13:00,active,coursework,1.890937,8.804782,active,0.290000,0.699875,0.640287,0.660140,0.500000,0.170000,0.235207,0.195000,0.020000,13,1,1,1,1,1,1,1,1,1,1,0,1,0,0,1,1,0.085367,0.000000,0.081596,0.091526,0.095691,0.094748,0.110939,0.124210,0.074327,0.091986,0.000000,0.082964,0.000000,0.000000,0.000000,0.066644,rest_at_bed,1,60,840,bed,none,,,0.000000,1.000000,0,suspended,coursework,1.890937,8.804782,active,120,1,clear,17.000000
2,1128,3448262921,11,Day 1 14:00,suspended,coursework,1.890937,8.804782,active,0.350000,0.444748,0.713519,0.690140,0.550000,0.210000,0.260900,0.000000,0.000000,13,1,1,1,1,1,1,1,1,1,1,0,1,0,0,1,1,0.105158,0.000000,0.097268,0.112796,0.118184,0.113375,0.100930,0.000000,0.085790,0.106760,0.000000,0.084815,0.000000,0.000000,0.000000,0.074925,study_halfhearted,1,35,875,desk,none,weather-clear,coursework,0.224379,0.982173,0,active,coursework,2.115316,8.804782,active,120,1,clear,17.000000
2,1128,3448262921,12,Day 1 14:35,active,coursework,2.115316,8.804782,active,0.411667,0.538748,0.654015,0.698474,0.579167,0.233333,0.246984,0.000000,0.000000,13,1,1,1,1,1,1,1,1,1,1,0,1,0,0,1,1,0.096287,0.000000,0.089066,0.095827,0.100465,0.100407,0.095337,0.101343,0.078178,0.097601,0.000000,0.077824,0.000000,0.000000,0.000000,0.067666,sleep_at_bed,1,480,1355,bed,none,task-reminder|evening,,0.000000,1.000000,0,suspended,coursework,2.115316,8.804782,active,120,1,clear,17.000000
2,1128,3448262921,13,Day 1 22:35,suspended,coursework,2.115316,8.804782,active,0.491667,0.204325,0.897247,0.618474,0.979167,0.553333,0.411888,0.000000,0.000000,13,1,1,1,1,1,1,1,1,1,1,0,1,0,0,1,1,0.116043,0.000000,0.103182,0.120877,0.125998,0.116229,0.088623,0.000000,0.109819,0.143292,0.000000,0.000000,0.000000,0.000000,0.000000,0.075936,go_to_bathroom,1,15,1370,door,none,,,0.000000,1.000000,0,suspended,coursework,2.115316,8.804782,active,120,1,clear,17.000000
2,1128,3448262921,14,Day 1 22:50,suspended,coursework,2.115316,8.804782,active,0.496667,0.210325,0.897247,0.693614,0.991667,0.000000,0.417425,0.000000,0.000000,13,1,1,1,1,1,1,1,1,1,1,0,1,0,0,1,1,0.129845,0.000000,0.115438,0.134968,0.141452,0.132821,0.099265,0.000000,0.000000,0.161367,0.000000,0.000000,0.000000,0.000000,0.000000,0.084843,study_focused,1,35,1405,desk,none,,coursework,0.410769,1.078835,0,active,coursework,2.526085,8.804782,active,120,1,clear,17.000000
2,1128,3448262921,15,Day 1 23:25,active,coursework,2.526085,8.804782,active,0.528333,0.334325,0.785679,0.761947,1.000000,0.023333,0.380346,0.000000,0.000000,13,1,1,1,1,1,1,1,1,1,1,0,1,0,0,1,1,0.127270,0.000000,0.113897,0.134678,0.141846,0.136605,0.103908,0.000000,0.000000,0.158385,0.000000,0.000000,0.000000,0.000000,0.000000,0.083411,study_at_computer,1,35,1440,computer,none,task-deadline,coursework,0.718394,0.954530,0,active,coursework,3.244479,8.804782,active,120,1,clear,17.000000
2,1128,3448262921,16,Day 2 00:00,active,coursework,3.244479,8.804782,active,0.560000,0.459500,0.674110,0.830281,1.000000,0.046667,0.339115,0.045000,0.000000,13,1,1,1,1,1,1,1,1,1,1,0,1,0,0,1,1,0.117809,0.000000,0.106206,0.114090,0.120757,0.121935,0.105535,0.000000,0.000000,0.147454,0.000000,0.088006,0.000000,0.000000,0.000000,0.078209,study_focused,1,35,1475,desk,none,,coursework,0.399542,1.049347,0,active,coursework,3.644021,8.804782,active,120,1,clear,17.000000
2,1128,3448262921,17,Day 2 00:35,active,coursework,3.644021,8.804782,active,0.591667,0.583500,0.562542,0.898614,1.000000,0.070000,0.293733,0.010000,0.000000,13,1,1,1,1,1,1,1,1,1,1,0,1,0,0,1,1,0.107645,0.000000,0.097635,0.093716,0.099684,0.105554,0.100981,0.109034,0.000000,0.133164,0.000000,0.081452,0.000000,0.000000,0.000000,0.071135,study_halfhearted,1,35,1510,desk,none,,coursework,0.218255,0.955367,0,active,coursework,3.862276,8.804782,active,120,1,clear,17.000000
2,1128,3448262921,18,Day 2 01:10,active,coursework,3.862276,8.804782,active,0.653333,0.677500,0.503038,0.906947,1.000000,0.093333,0.274200,0.000000,0.000000,13,1,1,1,1,1,1,1,1,1,1,0,1,0,0,1,1,0.109219,0.000000,0.099053,0.087963,0.093620,0.103317,0.105130,0.116116,0.000000,0.132043,0.000000,0.082505,0.000000,0.000000,0.000000,0.071034,get_meal,1,35,1545,door,none,,,0.000000,1.000000,0,suspended,coursework,3.862276,8.804782,active,120,1,clear,17.000000
2,1128,3448262921,19,Day 2 01:45,suspended,coursework,3.862276,8.804782,active,0.625000,0.691500,0.503038,1.000000,0.479167,0.116667,0.274200,0.000000,0.000000,13,1,1,1,1,1,1,1,1,1,1,0,1,0,0,1,1,0.115797,0.000000,0.105538,0.084083,0.090094,0.098164,0.113953,0.126323,0.000000,0.100734,0.000000,0.089056,0.000000,0.000000,0.000000,0.076257,study_at_computer,1,35,1580,computer,none,,coursework,0.715230,0.950326,0,active,coursework,4.577506,8.804782,active,120,1,clear,17.000000
2,1128,3448262921,20,Day 2 02:20,active,coursework,4.577506,8.804782,active,0.656667,0.816674,0.391470,1.000000,0.508333,0.140000,0.224200,0.045000,0.000000,13,1,1,1,1,1,1,1,1,1,1,0,1,0,0,1,1,0.095458,0.000000,0.087642,0.071115,0.076200,0.087532,0.103136,0.118003,0.067024,0.085140,0.000000,0.076683,0.000000,0.000000,0.068392,0.063676,rest_at_bed,1,60,1640,bed,none,,,0.000000,1.000000,0,suspended,coursework,4.577506,8.804782,active,120,1,clear,17.000000
2,1128,3448262921,21,Day 2 03:20,suspended,coursework,4.577506,8.804782,active,0.716667,0.561547,0.464702,1.000000,0.558333,0.180000,0.244133,0.000000,0.000000,13,1,1,1,1,1,1,1,1,1,1,0,1,0,0,1,1,0.110041,0.000000,0.097981,0.084656,0.090709,0.101210,0.095800,0.102423,0.074787,0.095528,0.000000,0.077656,0.000000,0.000000,0.000000,0.069207,get_meal,1,35,1675,door,none,,,0.000000,1.000000,0,suspended,coursework,4.577506,8.804782,active,120,1,clear,17.000000
2,1128,3448262921,22,Day 2 03:55,suspended,coursework,4.577506,8.804782,active,0.688333,0.575547,0.464702,1.000000,0.037500,0.203333,0.244133,0.000000,0.000000,13,1,1,1,1,1,1,1,1,1,1,0,1,0,0,1,1,0.119700,0.000000,0.107108,0.093197,0.099860,0.113175,0.106537,0.114321,0.083874,0.000000,0.000000,0.086001,0.000000,0.000000,0.000000,0.076226,use_phone,1,25,1700,phone,none,,,0.000000,1.000000,0,suspended,coursework,4.577506,8.804782,active,120,1,clear,17.000000
2,1128,3448262921,23,Day 2 04:20,suspended,coursework,4.577506,8.804782,active,0.476667,0.668026,0.577933,1.000000,0.058333,0.220000,0.264066,0.095000,0.085000,13,1,1,1,1,1,1,1,1,1,1,0,1,0,0,1,1,0.107719,0.000000,0.100043,0.089538,0.095939,0.102805,0.118393,0.131018,0.086774,0.000000,0.000000,0.091367,0.000000,0.000000,0.000000,0.076405,go_to_bathroom,1,15,1715,door,none,,,0.000000,1.000000,0,suspended,coursework,4.577506,8.804782,active,120,1,clear,17.000000
2,1128,3448262921,24,Day 2 04:35,suspended,coursework,4.577506,8.804782,active,0.481667,0.674026,0.577933,1.000000,0.070833,0.000000,0.264512,0.080000,0.076000,13,1,1,1,1,1,1,1,1,1,1,0,1,0,0,1,1,0.118210,0.000000,0.109748,0.097661,0.104643,0.114798,0.128981,0.142848,0.000000,0.000000,0.000000,0.099660,0.000000,0.000000,0.000000,0.083451,turn_light_off,1,1,1716,light,none,,,0.000000,1.000000,0,suspended,coursework,4.577506,8.804782,active,120,1,clear,17.000000
2,1128,3448262921,25,Day 2 04:36,suspended,coursework,4.577506,8.804782,active,0.482000,0.674426,0.577933,1.000000,0.071667,0.000667,0.264541,0.079000,0.075400,10,1,1,1,0,0,0,1,1,1,1,1,0,0,0,1,1,0.173157,0.000000,0.160757,0.000000,0.000000,0.000000,0.188843,0.209156,0.000000,0.000000,0.145884,0.000000,0.000000,0.000000,0.000000,0.122203,turn_light_on,1,1,1717,light,none,,,0.000000,1.000000,0,suspended,coursework,4.577506,8.804782,active,120,1,clear,17.000000
2,1128,3448262921,26,Day 2 04:37,suspended,coursework,4.577506,8.804782,active,0.482333,0.674826,0.577933,1.000000,0.072500,0.001333,0.264571,0.078000,0.074800,13,1,1,1,1,1,1,1,1,1,1,0,1,0,0,1,1,0.117685,0.000000,0.109255,0.097148,0.104093,0.119283,0.128283,0.142090,0.000000,0.000000,0.000000,0.099137,0.000000,0.000000,0.000000,0.083028,study_halfhearted,1,35,1752,desk,none,,coursework,0.212346,0.929501,0,active,coursework,4.789852,8.804782,active,120,1,clear,17.000000
2,1128,3448262921,27,Day 2 05:12,active,coursework,4.789852,8.804782,active,0.544000,0.768826,0.518430,1.000000,0.101667,0.024667,0.245610,0.043000,0.053800,13,1,1,1,1,1,1,1,1,1,1,0,1,0,0,1,1,0.116997,0.000000,0.108566,0.099757,0.106889,0.114610,0.128978,0.145942,0.000000,0.000000,0.000000,0.097463,0.000000,0.000000,0.000000,0.080799,idle,1,10,1762,,none,,,0.000000,1.000000,0,active,coursework,4.789852,8.804782,active,120,1,clear,17.000000
2,1128,3448262921,28,Day 2 05:22,active,coursework,4.789852,8.804782,active,0.667333,0.772826,0.641662,0.946667,0.110000,0.031333,0.265544,0.033000,0.047800,13,1,1,1,1,1,1,1,1,1,1,0,1,0,0,1,1,0.119870,0.000000,0.109465,0.103765,0.110756,0.119029,0.124124,0.140724,0.000000,0.000000,0.000000,0.094005,0.000000,0.000000,0.000000,0.078262,rest_at_bed,1,60,1822,bed,none,,,0.000000,1.000000,0,suspended,coursework,4.789852,8.804782,active,120,1,clear,17.000000
2,1128,3448262921,29,Day 2 06:22,suspended,coursework,4.789852,8.804782,active,0.727333,0.517699,0.714894,0.976667,0.160000,0.071333,0.291323,0.000000,0.011800,13,1,1,1,1,1,1,1,1,1,1,0,1,0,0,1,1,0.118446,0.000000,0.104917,0.106245,0.113649,0.118334,0.099473,0.105496,0.000000,0.078366,0.000000,0.081974,0.000000,0.000000,0.000000,0.073100,study_at_computer,1,35,1857,computer,none,,coursework,0.726411,0.965182,0,active,coursework,5.516263,8.804782,active,120,1,clear,17.000000
2,1128,3448262921,30,Day 2 06:57,active,coursework,5.516263,8.804782,active,0.759000,0.642873,0.603325,1.000000,0.189167,0.094667,0.247459,0.045000,0.000000,13,1,1,1,1,1,1,1,1,1,1,0,1,0,0,1,1,0.117473,0.000000,0.104822,0.096396,0.103287,0.113147,0.108268,0.118562,0.000000,0.079688,0.000000,0.084920,0.000000,0.000000,0.000000,0.073437,rest_at_bed,1,60,1917,bed,none,,,0.000000,1.000000,0,suspended,coursework,5.516263,8.804782,active,120,1,clear,17.000000
2,1128,3448262921,31,Day 2 07:57,suspended,coursework,5.516263,8.804782,active,0.819000,0.387746,0.676557,1.000000,0.239167,0.134667,0.270794,0.000000,0.000000,13,1,1,1,1,1,1,1,1,1,1,0,1,0,0,1,1,0.151976,0.000000,0.131515,0.128842,0.138054,0.146863,0.112834,0.000000,0.000000,0.100342,0.000000,0.000000,0.000000,0.000000,0.000000,0.089574,use_computer,1,30,1947,computer,none,,,0.000000,1.000000,0,suspended,coursework,5.516263,8.804782,active,120,1,clear,17.000000
2,1128,3448262921,32,Day 2 08:27,suspended,coursework,5.516263,8.804782,active,0.669000,0.501834,0.769789,0.990000,0.264167,0.154667,0.294763,0.080000,0.000000,13,1,1,1,1,1,1,1,1,1,1,0,1,0,0,1,1,0.103964,0.000000,0.092778,0.100931,0.108069,0.111320,0.093026,0.098700,0.071879,0.076942,0.000000,0.075828,0.000000,0.000000,0.000000,0.066564,study_halfhearted,1,35,1982,desk,none,,coursework,0.233790,1.023367,0,active,coursework,5.750052,8.804782,active,120,1,clear,17.000000
2,1128,3448262921,33,Day 2 09:02,active,coursework,5.750052,8.804782,active,0.730667,0.595834,0.710286,0.998333,0.293333,0.178000,0.282941,0.045000,0.000000,13,1,1,1,1,1,1,1,1,1,1,0,1,0,0,1,1,0.106386,0.000000,0.094895,0.095133,0.101922,0.107020,0.096221,0.104347,0.072649,0.078018,0.000000,0.076733,0.000000,0.000000,0.000000,0.066676,study_halfhearted,1,35,2017,desk,none,alarm-rings,coursework,0.212891,0.931889,0,active,coursework,5.962944,8.804782,active,120,1,clear,17.000000
2,1128,3448262921,34,Day 2 09:37,active,coursework,5.962944,8.804782,active,0.822333,0.689834,0.650782,1.000000,0.322500,0.201333,0.304852,0.010000,0.000000,14,1,1,1,1,1,1,1,1,1,1,0,1,1,0,1,1,0.100408,0.000000,0.089169,0.081946,0.087804,0.096624,0.090292,0.100326,0.066777,0.071943,0.000000,0.070616,0.083225,0.000000,0.000000,0.060870,use_computer,1,30,2047,computer,none,,,0.000000,1.000000,0,active,coursework,5.962944,8.804782,active,120,1,clear,17.000000
2,1128,3448262921,35,Day 2 10:07,active,coursework,5.962944,8.804782,active,0.672333,0.803921,0.744014,0.990000,0.347500,0.221333,0.327999,0.090000,0.000000,14,1,1,1,1,1,1,1,1,1,1,0,1,1,0,1,1,0.084205,0.000000,0.077116,0.078687,0.084252,0.087856,0.091264,0.105111,0.062600,0.067630,0.000000,0.068016,0.077277,0.000000,0.060532,0.055453,get_meal,1,35,2082,door,none,,,0.000000,1.000000,0,suspended,coursework,5.962944,8.804782,active,120,1,clear,17.000000
2,1128,3448262921,36,Day 2 10:42,suspended,coursework,5.962944,8.804782,active,0.644000,0.817921,0.744014,1.000000,0.000000,0.244667,0.335218,0.055000,0.000000,14,1,1,1,1,1,1,1,1,1,1,0,1,1,0,1,1,0.092569,0.000000,0.085153,0.077482,0.083021,0.085948,0.100465,0.115974,0.070417,0.000000,0.000000,0.075121,0.085656,0.000000,0.066933,0.061259,go_to_bathroom,1,15,2097,door,none,,,0.000000,1.000000,0,suspended,coursework,5.962944,8.804782,active,120,1,clear,17.000000
2,1128,3448262921,37,Day 2 10:57,suspended,coursework,5.962944,8.804782,active,0.649000,0.823921,0.744014,1.000000,0.012500,0.000000,0.338312,0.040000,0.000000,14,1,1,1,1,1,1,1,1,1,1,0,1,1,0,1,1,0.099841,0.000000,0.091809,0.083092,0.089033,0.094347,0.107551,0.124275,0.000000,0.000000,0.000000,0.080533,0.091968,0.000000,0.071791,0.065761,turn_off_alarm,1,1,2098,alarm,none,,,0.000000,1.000000,0,suspended,coursework,5.962944,8.804782,active,120,1,clear,17.000000
2,1128,3448262921,38,Day 2 10:58,suspended,coursework,5.962944,8.804782,active,0.649333,0.824321,0.744014,1.000000,0.013333,0.000667,0.318518,0.039000,0.000000,13,1,1,1,1,1,1,1,1,1,1,0,1,0,0,1,1,0.109797,0.000000,0.100962,0.091079,0.097591,0.105831,0.118388,0.136608,0.000000,0.000000,0.000000,0.088528,0.000000,0.000000,0.078921,0.072295,use_computer,1,30,2128,computer,none,,,0.000000,1.000000,0,suspended,coursework,5.962944,8.804782,active,120,1,clear,17.000000
2,1128,3448262921,39,Day 2 11:28,suspended,coursework,5.962944,8.804782,active,0.499333,0.938409,0.837246,0.990000,0.038333,0.020667,0.344639,0.119000,0.000000,13,1,1,1,1,1,1,1,1,1,1,0,1,0,0,1,1,0.097205,0.000000,0.092176,0.092366,0.098898,0.103834,0.126296,0.151091,0.000000,0.000000,0.000000,0.090016,0.000000,0.000000,0.078590,0.069528,turn_light_off,1,1,2129,light,none,,,0.000000,1.000000,0,suspended,coursework,5.962944,8.804782,active,120,1,clear,17.000000
2,1128,3448262921,40,Day 2 11:29,suspended,coursework,5.962944,8.804782,active,0.499667,0.938809,0.837246,1.000000,0.039167,0.021333,0.344944,0.118000,0.000000,10,1,1,1,0,0,0,1,1,1,1,1,0,0,0,1,1,0.137596,0.000000,0.130474,0.000000,0.000000,0.000000,0.178685,0.213780,0.000000,0.000000,0.129872,0.000000,0.000000,0.000000,0.111205,0.098388,close_curtain,1,1,2130,window,none,,,0.000000,1.000000,0,suspended,coursework,5.962944,8.804782,active,120,1,clear,17.000000
2,1128,3448262921,41,Day 2 11:30,suspended,coursework,5.962944,8.804782,active,0.500000,0.939209,0.837246,1.000000,0.040000,0.022000,0.345250,0.117000,0.000000,10,1,1,1,0,0,0,1,1,1,1,1,0,0,1,0,1,0.154856,0.000000,0.146838,0.000000,0.000000,0.000000,0.200999,0.240494,0.000000,0.000000,0.146117,0.000000,0.000000,0.000000,0.000000,0.110695,sleep_at_bed,1,114,2244,bed,none,room-temperature-shift,,0.000000,1.000000,0,suspended,coursework,5.962944,8.804782,active,120,1,clear,17.000000
2,1128,3448262921,42,Day 2 13:24,suspended,coursework,5.962944,8.804782,active,0.458000,0.478601,0.940478,1.000000,0.135000,0.098000,0.399995,0.000000,0.000000,10,1,1,1,0,0,0,1,1,1,1,1,0,0,1,0,1,0.224647,0.000000,0.205463,0.000000,0.000000,0.000000,0.207266,0.000000,0.000000,0.000000,0.210341,0.000000,0.000000,0.000000,0.000000,0.152283,use_phone,1,25,2269,phone,none,,,0.000000,1.000000,0,suspended,coursework,5.962944,8.804782,active,120,1,clear,17.000000
2,1128,3448262921,43,Day 2 13:49,suspended,coursework,5.962944,8.804782,active,0.246333,0.571080,1.000000,1.000000,0.155833,0.114667,0.430306,0.095000,0.085000,10,1,1,1,0,0,0,1,1,1,1,1,0,0,1,0,1,0.142382,0.000000,0.135161,0.000000,0.000000,0.000000,0.162099,0.177001,0.000000,0.120756,0.154846,0.000000,0.000000,0.000000,0.000000,0.107754,get_meal,1,35,2304,door,none,message-study-group,,0.000000,1.000000,0,suspended,coursework,5.962944,8.804782,active,120,2,clear,17.000000
2,1128,3448262921,44,Day 2 14:24,suspended,coursework,5.962944,8.804782,active,0.218000,0.585080,1.000000,1.000000,0.000000,0.138000,0.516983,0.060000,0.064000,10,1,1,1,0,0,0,1,1,1,1,1,0,0,1,0,1,0.141944,0.000000,0.135344,0.000000,0.000000,0.000000,0.160894,0.177101,0.120250,0.000000,0.156518,0.000000,0.000000,0.000000,0.000000,0.107948,turn_light_on,1,1,2305,light,none,,,0.000000,1.000000,0,suspended,coursework,5.962944,8.804782,active,120,2,clear,17.000000
2,1128,3448262921,45,Day 2 14:25,suspended,coursework,5.962944,8.804782,active,0.218333,0.585480,1.000000,1.000000,0.000833,0.138667,0.517462,0.059000,0.063400,13,1,1,1,1,1,1,1,1,1,1,0,1,0,1,0,1,0.088561,0.000000,0.084441,0.124126,0.133000,0.135327,0.100332,0.110448,0.075035,0.000000,0.000000,0.081403,0.000000,0.000000,0.000000,0.067329,use_computer,1,30,2335,computer,none,weather-rain,,0.000000,1.000000,0,suspended,coursework,5.962944,8.804782,active,120,2,rain,17.000000
2,1128,3448262921,46,Day 2 14:55,suspended,coursework,5.962944,8.804782,active,0.068333,0.699568,1.000000,0.990000,0.025833,0.158667,0.551747,0.139000,0.045400,13,1,1,1,1,1,1,1,1,1,1,0,1,0,1,0,1,0.083273,0.000000,0.081880,0.112860,0.120842,0.121961,0.113613,0.129742,0.078868,0.000000,0.000000,0.087910,0.000000,0.000000,0.000000,0.069051,use_phone,1,25,2360,phone,none,,,0.000000,1.000000,0,suspended,coursework,5.962944,8.804782,active,120,2,rain,17.000000
2,1128,3448262921,47,Day 2 15:20,suspended,coursework,5.962944,8.804782,active,0.000000,0.792046,1.000000,1.000000,0.046667,0.175333,0.583640,0.234000,0.130400,13,1,1,1,1,1,1,1,1,1,1,0,1,0,1,0,1,0.071438,0.071932,0.071545,0.101642,0.108908,0.110998,0.112427,0.132519,0.072720,0.000000,0.000000,0.083237,0.000000,0.000000,0.000000,0.062634,shop_on_phone,1,20,2380,phone,none,task-reminder,,0.000000,1.000000,0,suspended,coursework,5.962944,8.804782,active,90,2,rain,17.000000
2,1128,3448262921,48,Day 2 15:40,suspended,coursework,5.962944,8.804782,active,0.006667,0.801612,1.000000,1.000000,0.063333,0.188667,0.613141,0.294000,0.000000,13,1,1,1,1,1,1,1,1,1,1,0,1,0,1,0,1,0.075280,0.000000,0.075455,0.108536,0.116295,0.121210,0.122747,0.145828,0.078168,0.000000,0.000000,0.089736,0.000000,0.000000,0.000000,0.066745,study_halfhearted,1,35,2415,desk,none,,coursework,0.249053,1.090177,0,active,coursework,6.211997,8.804782,active,90,2,rain,17.000000
2,1128,3448262921,49,Day 2 16:15,active,coursework,6.211997,8.804782,active,0.068333,0.895612,0.940497,1.000000,0.092500,0.212000,0.609885,0.259000,0.000000,13,1,1,1,1,1,1,1,1,1,1,0,1,0,1,0,1,0.076027,0.000000,0.076168,0.113475,0.121588,0.101783,0.125226,0.152157,0.077973,0.000000,0.000000,0.089620,0.000000,0.000000,0.000000,0.065983,turn_light_off,1,1,2416,light,none,,,0.000000,1.000000,0,active,coursework,6.211997,8.804782,active,90,2,rain,17.000000
2,1128,3448262921,50,Day 2 16:16,active,coursework,6.211997,8.804782,active,0.068667,0.896012,0.940497,1.000000,0.093333,0.212667,0.610300,0.258000,0.000000,10,1,1,1,0,0,0,1,1,1,1,1,0,0,1,0,1,0.113697,0.000000,0.113906,0.000000,0.000000,0.000000,0.187178,0.227450,0.116622,0.000000,0.142503,0.000000,0.000000,0.000000,0.000000,0.098645,use_phone,1,25,2441,phone,none,,,0.000000,1.000000,0,active,coursework,6.211997,8.804782,active,90,2,rain,17.000000
2,1128,3448262921,51,Day 2 16:41,active,coursework,6.211997,8.804782,active,0.000000,0.988491,1.000000,1.000000,0.114167,0.229333,0.640612,0.353000,0.085000,10,1,1,1,0,0,0,1,1,1,1,1,0,0,1,0,1,0.000000,0.000000,0.117549,0.000000,0.000000,0.000000,0.218809,0.274410,0.127014,0.000000,0.156803,0.000000,0.000000,0.000000,0.000000,0.105415,rest_at_bed,1,60,2501,bed,none,,,0.000000,1.000000,0,suspended,coursework,6.211997,8.804782,active,90,2,rain,17.000000
2,1128,3448262921,52,Day 2 17:41,suspended,coursework,6.211997,8.804782,active,0.060000,0.733364,1.000000,1.000000,0.164167,0.269333,0.689248,0.153000,0.049000,10,1,1,1,0,0,0,1,1,1,1,1,0,0,1,0,1,0.110139,0.000000,0.108755,0.000000,0.000000,0.000000,0.153812,0.179114,0.113667,0.105280,0.137053,0.000000,0.000000,0.000000,0.000000,0.092180,idle,1,10,2511,,none,,,0.000000,1.000000,0,suspended,coursework,6.211997,8.804782,active,90,2,rain,17.000000
2,1128,3448262921,53,Day 2 17:51,suspended,coursework,6.211997,8.804782,active,0.183333,0.737364,1.000000,0.946667,0.172500,0.276000,0.713966,0.143000,0.043000,10,1,1,1,0,0,0,1,1,1,1,1,0,0,1,0,1,0.115398,0.000000,0.112138,0.000000,0.000000,0.000000,0.151323,0.176620,0.112704,0.104484,0.135537,0.000000,0.000000,0.000000,0.000000,0.091796,rest_at_bed,1,60,2571,bed,none,,,0.000000,1.000000,0,suspended,coursework,6.211997,8.804782,active,90,2,rain,17.000000
2,1128,3448262921,54,Day 2 18:51,suspended,coursework,6.211997,8.804782,active,0.243333,0.482237,1.000000,0.976667,0.222500,0.316000,0.762602,0.000000,0.007000,10,1,1,1,0,0,0,1,1,1,1,1,0,0,1,0,1,0.152689,0.000000,0.143693,0.000000,0.000000,0.000000,0.152134,0.000000,0.141313,0.131731,0.165976,0.000000,0.000000,0.000000,0.000000,0.112465,get_meal,1,35,2606,door,none,,,0.000000,1.000000,0,suspended,coursework,6.211997,8.804782,active,90,2,rain,17.000000
2,1128,3448262921,55,Day 2 19:26,suspended,coursework,6.211997,8.804782,active,0.215000,0.496237,1.000000,1.000000,0.000000,0.339333,0.779346,0.000000,0.000000,10,1,1,1,0,0,0,1,1,1,1,1,0,0,1,0,1,0.173384,0.000000,0.163977,0.000000,0.000000,0.000000,0.176402,0.000000,0.165443,0.000000,0.191483,0.000000,0.000000,0.000000,0.000000,0.129311,use_phone,1,25,2631,phone,none,,,0.000000,1.000000,0,suspended,coursework,6.211997,8.804782,active,90,2,rain,17.000000
2,1128,3448262921,56,Day 2 19:51,suspended,coursework,6.211997,8.804782,active,0.003333,0.588716,1.000000,1.000000,0.020833,0.356000,0.811239,0.095000,0.085000,10,1,1,1,0,0,0,1,1,1,1,1,0,0,1,0,1,0.127511,0.000000,0.125165,0.000000,0.000000,0.000000,0.160063,0.180485,0.139876,0.000000,0.160456,0.000000,0.000000,0.000000,0.000000,0.106443,go_to_bathroom,1,15,2646,door,none,evening,,0.000000,1.000000,0,suspended,coursework,6.211997,8.804782,active,90,2,rain,17.000000
2,1128,3448262921,57,Day 2 20:06,suspended,coursework,6.211997,8.804782,active,0.008333,0.594716,1.000000,1.000000,0.033333,0.000000,0.818415,0.080000,0.076000,10,1,1,1,0,0,0,1,1,1,1,1,0,0,1,0,1,0.148883,0.000000,0.146092,0.000000,0.000000,0.000000,0.185445,0.209373,0.000000,0.000000,0.186507,0.000000,0.000000,0.000000,0.000000,0.123699,use_phone,1,25,2671,phone,none,,,0.000000,1.000000,0,suspended,coursework,6.211997,8.804782,active,90,2,rain,17.000000
2,1128,3448262921,58,Day 2 20:31,suspended,coursework,6.211997,8.804782,active,0.000000,0.687195,1.000000,1.000000,0.054167,0.016667,0.850308,0.175000,0.161000,10,1,1,1,0,0,0,1,1,1,1,1,0,0,1,0,1,0.122286,0.123025,0.121259,0.000000,0.000000,0.000000,0.170817,0.199063,0.000000,0.000000,0.158654,0.000000,0.000000,0.000000,0.000000,0.104896,idle,1,10,2681,,none,,,0.000000,1.000000,0,suspended,coursework,6.211997,8.804782,active,90,2,rain,17.000000
2,1128,3448262921,59,Day 2 20:41,suspended,coursework,6.211997,8.804782,active,0.123333,0.691195,1.000000,0.946667,0.062500,0.023333,0.875026,0.165000,0.155000,10,1,1,1,0,0,0,1,1,1,1,1,0,0,1,0,1,0.128063,0.121570,0.124970,0.000000,0.000000,0.000000,0.167971,0.196195,0.000000,0.000000,0.156823,0.000000,0.000000,0.000000,0.000000,0.104408,sleep_at_bed,1,480,3161,bed,none,,,0.000000,1.000000,0,suspended,coursework,6.211997,8.804782,active,90,2,rain,17.000000
2,1128,3448262921,60,Day 3 04:41,suspended,coursework,6.211997,8.804782,active,0.203333,0.356772,1.000000,0.866667,0.462500,0.343333,1.000000,0.000000,0.000000,10,1,1,1,0,0,0,1,1,1,1,1,0,0,1,0,1,0.149606,0.000000,0.140003,0.000000,0.000000,0.000000,0.137985,0.000000,0.142203,0.152418,0.167037,0.000000,0.000000,0.000000,0.000000,0.110748,use_computer,1,30,3191,computer,none,,,0.000000,1.000000,0,suspended,coursework,6.211997,8.804782,active,90,2,rain,17.000000
2,1128,3448262921,61,Day 3 05:11,suspended,coursework,6.211997,8.804782,active,0.053333,0.470859,1.000000,0.856667,0.487500,0.363333,1.000000,0.080000,0.000000,10,1,1,1,0,0,0,1,1,1,1,1,0,0,1,0,1,0.116895,0.000000,0.112810,0.000000,0.000000,0.000000,0.130163,0.144147,0.124204,0.133494,0.143905,0.000000,0.000000,0.000000,0.000000,0.094382,use_phone,1,25,3216,phone,none,,,0.000000,1.000000,0,suspended,coursework,6.211997,8.804782,active,90,2,rain,17.000000
2,1128,3448262921,62,Day 3 05:36,suspended,coursework,6.211997,8.804782,active,0.000000,0.563338,1.000000,0.888333,0.508333,0.380000,1.000000,0.175000,0.085000,10,1,1,1,0,0,0,1,1,1,1,1,0,0,1,0,1,0.108456,0.000000,0.106396,0.000000,0.000000,0.000000,0.138645,0.158115,0.122987,0.132490,0.140873,0.000000,0.000000,0.000000,0.000000,0.092039,sleep_at_bed,1,439,3655,bed,none,alarm-rings|room-temperature-shift,,0.000000,1.000000,0,suspended,coursework,6.211997,8.804782,active,90,2,rain,17.000000
2,1128,3448262921,63,Day 3 12:55,suspended,coursework,6.211997,8.804782,active,0.096333,0.214780,1.000000,0.822000,0.874167,0.672667,1.000000,0.000000,0.000000,11,1,1,1,0,0,0,1,1,1,1,1,0,1,1,0,1,0.115757,0.000000,0.108517,0.000000,0.000000,0.000000,0.102682,0.000000,0.143287,0.160720,0.134241,0.000000,0.146479,0.000000,0.000000,0.088318,use_computer,1,30,3685,computer,none,task-reminder,,0.000000,1.000000,0,suspended,coursework,6.211997,8.804782,active,90,2,rain,17.000000
2,1128,3448262921,64,Day 3 13:25,suspended,coursework,6.211997,8.804782,active,0.000000,0.328867,1.000000,0.812000,0.899167,0.692667,1.000000,0.080000,0.000000,11,1,1,1,0,0,0,1,1,1,1,1,0,1,1,0,1,0.107608,0.000000,0.103298,0.000000,0.000000,0.000000,0.112371,0.000000,0.145191,0.163306,0.134169,0.000000,0.146400,0.000000,0.000000,0.087659,turn_off_alarm,1,1,3686,alarm,none,,,0.000000,1.000000,0,suspended,coursework,6.211997,8.804782,active,90,2,rain,17.000000
2,1128,3448262921,65,Day 3 13:26,suspended,coursework,6.211997,8.804782,active,0.000333,0.329267,1.000000,0.841667,0.900000,0.693333,0.980478,0.079000,0.000000,10,1,1,1,0,0,0,1,1,1,1,1,0,0,1,0,1,0.126082,0.000000,0.121030,0.000000,0.000000,0.000000,0.131785,0.000000,0.170138,0.191383,0.156906,0.000000,0.000000,0.000000,0.000000,0.102676,use_computer,1,30,3716,computer,none,,,0.000000,1.000000,0,suspended,coursework,6.211997,8.804782,active,90,2,rain,17.000000
2,1128,3448262921,66,Day 3 13:56,suspended,coursework,6.211997,8.804782,active,0.000000,0.443355,1.000000,0.831667,0.925000,0.713333,1.000000,0.159000,0.000000,10,1,1,1,0,0,0,1,1,1,1,1,0,0,1,0,1,0.104688,0.000000,0.101613,0.000000,0.000000,0.000000,0.122965,0.135778,0.147197,0.166035,0.134106,0.000000,0.000000,0.000000,0.000000,0.087618,go_to_bathroom,1,15,3731,door,none,,,0.000000,1.000000,0,suspended,coursework,6.211997,8.804782,active,90,2,rain,17.000000
2,1128,3448262921,67,Day 3 14:11,suspended,coursework,6.211997,8.804782,active,0.005000,0.449355,1.000000,0.906807,0.937500,0.103333,1.000000,0.144000,0.000000,10,1,1,1,0,0,0,1,1,1,1,1,0,0,1,0,1,0.123099,0.000000,0.119441,0.000000,0.000000,0.000000,0.143547,0.158624,0.000000,0.195855,0.156892,0.000000,0.000000,0.000000,0.000000,0.102542,get_meal,1,35,3766,door,none,,,0.000000,1.000000,0,suspended,coursework,6.211997,8.804782,active,90,2,rain,17.000000
2,1128,3448262921,68,Day 3 14:46,suspended,coursework,6.211997,8.804782,active,0.000000,0.463355,1.000000,1.000000,0.416667,0.126667,1.000000,0.109000,0.000000,10,1,1,1,0,0,0,1,1,1,1,1,0,0,1,0,1,0.131079,0.000000,0.127359,0.000000,0.000000,0.000000,0.151471,0.167678,0.000000,0.147307,0.166393,0.000000,0.000000,0.000000,0.000000,0.108712,rest_at_bed,1,60,3826,bed,none,,,0.000000,1.000000,0,suspended,coursework,6.211997,8.804782,active,90,2,rain,17.000000
2,1128,3448262921,69,Day 3 15:46,suspended,coursework,6.211997,8.804782,active,0.060000,0.208228,1.000000,1.000000,0.466667,0.166667,1.000000,0.000000,0.000000,10,1,1,1,0,0,0,1,1,1,1,1,0,0,1,0,1,0.147921,0.000000,0.139255,0.000000,0.000000,0.000000,0.132923,0.000000,0.131503,0.159569,0.174394,0.000000,0.000000,0.000000,0.000000,0.114435,rest_at_bed,1,60,3886,bed,none,weather-clear,,0.000000,1.000000,0,suspended,coursework,6.211997,8.804782,active,90,2,clear,17.000000
2,1128,3448262921,70,Day 3 16:46,suspended,coursework,6.211997,8.804782,active,0.120000,0.000000,1.000000,1.000000,0.516667,0.206667,1.000000,0.000000,0.000000,10,1,1,1,0,0,0,1,1,1,1,1,0,0,1,0,1,0.174766,0.000000,0.160314,0.000000,0.000000,0.000000,0.000000,0.000000,0.152481,0.186049,0.196735,0.000000,0.000000,0.000000,0.000000,0.129655,idle,1,10,3896,,none,,,0.000000,1.000000,0,suspended,coursework,6.211997,8.804782,active,90,2,clear,17.000000
2,1128,3448262921,71,Day 3 16:56,suspended,coursework,6.211997,8.804782,active,0.243333,0.004000,1.000000,0.946667,0.525000,0.213333,1.000000,0.000000,0.000000,10,1,1,1,0,0,0,1,1,1,1,1,0,0,1,0,1,0.181479,0.000000,0.163851,0.000000,0.000000,0.000000,0.000000,0.000000,0.150167,0.183394,0.192865,0.000000,0.000000,0.000000,0.000000,0.128242,idle,1,10,3906,,none,,,0.000000,1.000000,0,suspended,coursework,6.211997,8.804782,active,90,2,clear,17.000000
2,1128,3448262921,72,Day 3 17:06,suspended,coursework,6.211997,8.804782,active,0.366667,0.008000,1.000000,0.893333,0.533333,0.220000,1.000000,0.000000,0.000000,10,1,1,1,0,0,0,1,1,1,1,1,0,0,1,0,1,0.188357,0.000000,0.167383,0.000000,0.000000,0.000000,0.000000,0.000000,0.147815,0.180687,0.188976,0.000000,0.000000,0.000000,0.000000,0.126781,use_computer,1,30,3936,computer,none,,,0.000000,1.000000,0,suspended,coursework,6.211997,8.804782,active,90,2,clear,17.000000
2,1128,3448262921,73,Day 3 17:36,suspended,coursework,6.211997,8.804782,active,0.216667,0.122087,1.000000,0.883333,0.558333,0.240000,1.000000,0.080000,0.000000,10,1,1,1,0,0,0,1,1,1,1,1,0,0,1,0,1,0.152962,0.000000,0.140176,0.000000,0.000000,0.000000,0.126698,0.000000,0.134183,0.164477,0.169208,0.000000,0.000000,0.000000,0.000000,0.112296,go_to_bathroom,1,15,3951,door,none,message-study-group,,0.000000,1.000000,0,suspended,coursework,6.211997,8.804782,active,90,3,clear,17.000000
2,1128,3448262921,74,Day 3 17:51,suspended,coursework,6.211997,8.804782,active,0.221667,0.128087,1.000000,0.958474,0.570833,0.000000,1.000000,0.065000,0.000000,10,1,1,1,0,0,0,1,1,1,1,1,0,0,1,0,1,0.177041,0.000000,0.162186,0.000000,0.000000,0.000000,0.145584,0.000000,0.000000,0.190974,0.194853,0.000000,0.000000,0.000000,0.000000,0.129362,idle,1,10,3961,,none,,,0.000000,1.000000,0,suspended,coursework,6.211997,8.804782,active,90,3,clear,17.000000
2,1128,3448262921,75,Day 3 18:01,suspended,coursework,6.211997,8.804782,active,0.345000,0.132087,1.000000,0.905140,0.579167,0.006667,1.000000,0.055000,0.000000,10,1,1,1,0,0,0,1,1,1,1,1,0,0,1,0,1,0.184227,0.000000,0.166088,0.000000,0.000000,0.000000,0.142503,0.000000,0.000000,0.188235,0.191005,0.000000,0.000000,0.000000,0.000000,0.127942,use_computer,1,30,3991,computer,none,,,0.000000,1.000000,0,suspended,coursework,6.211997,8.804782,active,90,3,clear,17.000000
2,1128,3448262921,76,Day 3 18:31,suspended,coursework,6.211997,8.804782,active,0.195000,0.246175,1.000000,0.895140,0.604167,0.026667,1.000000,0.135000,0.000000,10,1,1,1,0,0,0,1,1,1,1,1,0,0,1,0,1,0.169219,0.000000,0.157324,0.000000,0.000000,0.000000,0.158026,0.000000,0.000000,0.193808,0.193444,0.000000,0.000000,0.000000,0.000000,0.128179,use_phone,1,25,4016,phone,none,evening,,0.000000,1.000000,0,suspended,coursework,6.211997,8.804782,active,90,3,clear,17.000000
2,1128,3448262921,77,Day 3 18:56,suspended,coursework,6.211997,8.804782,active,0.000000,0.338654,1.000000,0.926807,0.625000,0.043333,1.000000,0.230000,0.085000,10,1,1,1,0,0,0,1,1,1,1,1,0,0,1,0,1,0.152684,0.000000,0.147011,0.000000,0.000000,0.000000,0.174953,0.000000,0.000000,0.199928,0.196828,0.000000,0.000000,0.000000,0.000000,0.128597,idle,1,10,4026,,none,,,0.000000,1.000000,0,suspended,coursework,6.211997,8.804782,active,90,3,clear,17.000000
2,1128,3448262921,78,Day 3 19:06,suspended,coursework,6.211997,8.804782,active,0.123333,0.342654,1.000000,0.873474,0.633333,0.050000,1.000000,0.220000,0.079000,10,1,1,1,0,0,0,1,1,1,1,1,0,0,1,0,1,0.159221,0.000000,0.150870,0.000000,0.000000,0.000000,0.171617,0.000000,0.000000,0.197482,0.193353,0.000000,0.000000,0.000000,0.000000,0.127457,use_computer,1,30,4056,computer,none,,,0.000000,1.000000,0,suspended,coursework,6.211997,8.804782,active,90,3,clear,17.000000
2,1128,3448262921,79,Day 3 19:36,suspended,coursework,6.211997,8.804782,active,0.000000,0.456741,1.000000,0.863474,0.658333,0.070000,1.000000,0.300000,0.061000,10,1,1,1,0,0,0,1,1,1,1,1,0,0,1,0,1,0.121170,0.000000,0.117988,0.000000,0.000000,0.000000,0.155712,0.173864,0.000000,0.166364,0.160222,0.000000,0.000000,0.000000,0.000000,0.104680,rest_at_bed,1,60,4116,bed,none,,,0.000000,1.000000,0,suspended,coursework,6.211997,8.804782,active,90,3,clear,17.000000
2,1128,3448262921,80,Day 3 20:36,suspended,coursework,6.211997,8.804782,active,0.060000,0.201614,1.000000,0.893474,0.708333,0.110000,1.000000,0.100000,0.025000,10,1,1,1,0,0,0,1,1,1,1,1,0,0,1,0,1,0.161897,0.000000,0.152544,0.000000,0.000000,0.000000,0.153497,0.000000,0.000000,0.209204,0.194941,0.000000,0.000000,0.000000,0.000000,0.127917,use_computer,1,30,4146,computer,none,,,0.000000,1.000000,0,suspended,coursework,6.211997,8.804782,active,90,3,clear,17.000000
2,1128,3448262921,81,Day 3 21:06,suspended,coursework,6.211997,8.804782,active,0.000000,0.315702,1.000000,0.883474,0.733333,0.130000,1.000000,0.180000,0.007000,10,1,1,1,0,0,0,1,1,1,1,1,0,0,1,0,1,0.152666,0.000000,0.146596,0.000000,0.000000,0.000000,0.167517,0.000000,0.000000,0.211981,0.194297,0.000000,0.000000,0.000000,0.000000,0.126943,use_computer,1,30,4176,computer,none,,,0.000000,1.000000,0,suspended,coursework,6.211997,8.804782,active,90,3,clear,17.000000
2,1128,3448262921,82,Day 3 21:36,suspended,coursework,6.211997,8.804782,active,0.000000,0.429789,1.000000,0.873474,0.758333,0.150000,1.000000,0.260000,0.000000,10,1,1,1,0,0,0,1,1,1,1,1,0,0,1,0,1,0.109180,0.000000,0.106003,0.000000,0.000000,0.000000,0.134795,0.149127,0.106444,0.158374,0.142787,0.000000,0.000000,0.000000,0.000000,0.093290,go_to_bathroom,1,15,4191,door,none,,,0.000000,1.000000,0,suspended,coursework,6.211997,8.804782,active,90,3,clear,17.000000
2,1128,3448262921,83,Day 3 21:51,suspended,coursework,6.211997,8.804782,active,0.005000,0.435789,1.000000,0.948614,0.770833,0.000000,1.000000,0.245000,0.000000,10,1,1,1,0,0,0,1,1,1,1,1,0,0,1,0,1,0.122547,0.000000,0.118939,0.000000,0.000000,0.000000,0.150206,0.166303,0.000000,0.178329,0.159457,0.000000,0.000000,0.000000,0.000000,0.104219,get_meal,1,35,4226,door,none,,,0.000000,1.000000,0,suspended,coursework,6.211997,8.804782,active,90,3,clear,17.000000
2,1128,3448262921,84,Day 3 22:26,suspended,coursework,6.211997,8.804782,active,0.000000,0.449789,1.000000,1.000000,0.250000,0.023333,1.000000,0.210000,0.000000,10,1,1,1,0,0,0,1,1,1,1,1,0,0,1,0,1,0.129799,0.000000,0.126150,0.000000,0.000000,0.000000,0.157657,0.174861,0.000000,0.133413,0.168216,0.000000,0.000000,0.000000,0.000000,0.109903,rest_at_bed,1,60,4286,bed,none,,,0.000000,1.000000,0,suspended,coursework,6.211997,8.804782,active,90,3,clear,17.000000
2,1128,3448262921,85,Day 3 23:26,suspended,coursework,6.211997,8.804782,active,0.060000,0.194662,1.000000,1.000000,0.300000,0.063333,1.000000,0.010000,0.000000,10,1,1,1,0,0,0,1,1,1,1,1,0,0,1,0,1,0.173657,0.000000,0.163314,0.000000,0.000000,0.000000,0.155621,0.000000,0.000000,0.167990,0.204939,0.000000,0.000000,0.000000,0.000000,0.134478,turn_light_on,1,1,4287,light,none,,,0.000000,1.000000,0,suspended,coursework,6.211997,8.804782,active,90,3,clear,17.000000
2,1128,3448262921,86,Day 3 23:27,suspended,coursework,6.211997,8.804782,active,0.060333,0.195062,1.000000,1.000000,0.300833,0.064000,1.000000,0.009000,0.000000,13,1,1,1,1,1,1,1,1,1,1,0,1,0,1,0,1,0.092513,0.000000,0.087001,0.153651,0.164636,0.258204,0.082865,0.000000,0.000000,0.089513,0.000000,0.000000,0.000000,0.000000,0.000000,0.071618,use_computer,1,30,4317,computer,none,,,0.000000,1.000000,0,suspended,coursework,6.211997,8.804782,active,90,3,clear,17.000000
2,1128,3448262921,87,Day 3 23:57,suspended,coursework,6.211997,8.804782,active,0.000000,0.309150,1.000000,0.990000,0.325833,0.084000,1.000000,0.089000,0.000000,13,1,1,1,1,1,1,1,1,1,1,0,1,0,1,0,1,0.088103,0.000000,0.084441,0.151532,0.162248,0.258930,0.091344,0.000000,0.000000,0.091615,0.000000,0.000000,0.000000,0.000000,0.000000,0.071787,study_focused,1,35,4352,desk,none,,coursework,0.344248,0.904124,0,active,coursework,6.556244,8.804782,active,90,3,clear,17.000000
2,1128,3448262921,88,Day 4 00:32,active,coursework,6.556244,8.804782,active,0.031667,0.433150,0.888431,1.000000,0.355000,0.107333,0.966744,0.054000,0.000000,13,1,1,1,1,1,1,1,1,1,1,0,1,0,1,0,1,0.096394,0.000000,0.092951,0.149307,0.159981,0.125829,0.104564,0.000000,0.000000,0.100994,0.000000,0.091796,0.000000,0.000000,0.000000,0.078184,study_halfhearted,1,35,4387,desk,none,,coursework,0.227881,0.997502,0,active,coursework,6.784125,8.804782,active,90,3,clear,17.000000
2,1128,3448262921,89,Day 4 01:07,active,coursework,6.784125,8.804782,active,0.093333,0.527150,0.828928,1.000000,0.384167,0.130667,0.959336,0.019000,0.000000,13,1,1,1,1,1,1,1,1,1,1,0,1,0,1,0,1,0.088739,0.000000,0.085529,0.126685,0.135742,0.111249,0.097269,0.108638,0.000000,0.092127,0.000000,0.083568,0.000000,0.000000,0.000000,0.070453,study_halfhearted,1,35,4422,desk,none,,coursework,0.230007,1.006806,0,active,coursework,7.014132,8.804782,active,90,3,clear,17.000000
2,1128,3448262921,90,Day 4 01:42,active,coursework,7.014132,8.804782,active,0.155000,0.621150,0.769425,1.000000,0.413333,0.154000,0.949715,0.000000,0.000000,13,1,1,1,1,1,1,1,1,1,1,0,1,0,1,0,1,0.083862,0.000000,0.080810,0.110695,0.118609,0.101305,0.093765,0.107150,0.073259,0.086571,0.000000,0.078574,0.000000,0.000000,0.000000,0.065401,study_halfhearted,1,35,4457,desk,none,,coursework,0.243610,1.066351,0,active,coursework,7.257742,8.804782,active,90,3,clear,17.000000
2,1128,3448262921,91,Day 4 02:17,active,coursework,7.257742,8.804782,active,0.216667,0.715150,0.709922,1.000000,0.442500,0.177333,0.937879,0.000000,0.000000,13,1,1,1,1,1,1,1,1,1,1,0,1,0,1,0,1,0.084882,0.000000,0.081796,0.103988,0.111422,0.099192,0.097892,0.114555,0.073797,0.087487,0.000000,0.079698,0.000000,0.000000,0.000000,0.065291,go_to_bathroom,1,15,4472,door,none,,,0.000000,1.000000,0,suspended,coursework,7.257742,8.804782,active,90,3,clear,17.000000
2,1128,3448262921,92,Day 4 02:32,suspended,coursework,7.257742,8.804782,active,0.221667,0.721150,0.709922,1.000000,0.455000,0.000000,0.940430,0.000000,0.000000,13,1,1,1,1,1,1,1,1,1,1,0,1,0,1,0,1,0.095139,0.000000,0.091667,0.103567,0.110971,0.098959,0.109856,0.128782,0.000000,0.098690,0.000000,0.089295,0.000000,0.000000,0.000000,0.073073,idle,1,10,4482,,none,,,0.000000,1.000000,0,suspended,coursework,7.257742,8.804782,active,90,3,clear,17.000000
2,1128,3448262921,93,Day 4 02:42,suspended,coursework,7.257742,8.804782,active,0.345000,0.725150,0.833154,0.946667,0.463333,0.006667,0.962063,0.000000,0.000000,13,1,1,1,1,1,1,1,1,1,1,0,1,0,1,0,1,0.097174,0.000000,0.092155,0.107656,0.114909,0.104943,0.105994,0.124579,0.000000,0.095688,0.000000,0.086188,0.000000,0.000000,0.000000,0.070714,sleep_at_bed,1,480,4962,bed,none,alarm-rings,,0.000000,1.000000,0,suspended,coursework,7.257742,8.804782,active,90,3,clear,17.000000
2,1128,3448262921,94,Day 4 10:42,suspended,coursework,7.257742,8.804782,active,0.455000,0.390727,0.936385,0.866667,0.863333,0.326667,1.000000,0.000000,0.000000,14,1,1,1,1,1,1,1,1,1,1,0,1,1,1,0,1,0.099654,0.000000,0.090488,0.115617,0.122695,0.111470,0.083430,0.000000,0.083452,0.117868,0.000000,0.000000,0.108194,0.000000,0.000000,0.067132,study_halfhearted,1,35,4997,desk,none,,coursework,0.242898,1.063236,0,active,coursework,7.500640,8.804782,active,90,3,clear,17.000000
2,1128,3448262921,95,Day 4 11:17,active,coursework,7.500640,8.804782,active,0.516667,0.484727,0.876882,0.875000,0.892500,0.350000,0.994377,0.000000,0.000000,14,1,1,1,1,1,1,1,1,1,1,0,1,1,1,0,1,0.091523,0.000000,0.083108,0.110725,0.117574,0.106507,0.078999,0.000000,0.076278,0.108083,0.000000,0.069169,0.097222,0.000000,0.000000,0.060812,use_phone,1,25,5022,phone,none,weather-rain,,0.000000,1.000000,0,active,coursework,7.500640,8.804782,active,90,3,rain,17.000000
2,1128,3448262921,96,Day 4 11:42,active,coursework,7.500640,8.804782,active,0.305000,0.577206,0.990114,0.906667,0.913333,0.366667,1.000000,0.095000,0.085000,14,1,1,1,1,1,1,1,1,1,1,0,1,1,1,0,1,0.073203,0.000000,0.068993,0.105912,0.112721,0.094347,0.078107,0.089013,0.070138,0.099612,0.000000,0.065312,0.088469,0.000000,0.000000,0.054175,study_halfhearted,1,35,5057,desk,none,,coursework,0.239501,1.048368,0,active,coursework,7.740141,8.804782,active,90,3,rain,17.000000
2,1128,3448262921,97,Day 4 12:17,active,coursework,7.740141,8.804782,active,0.366667,0.671206,0.930611,0.915000,0.942500,0.390000,0.996376,0.060000,0.064000,14,1,1,1,1,1,1,1,1,1,1,0,1,1,1,0,1,0.074935,0.000000,0.070593,0.099982,0.106474,0.092782,0.080771,0.094140,0.070915,0.101040,0.000000,0.066115,0.087969,0.000000,0.000000,0.054285,study_focused,1,35,5092,desk,none,,coursework,0.350004,0.919243,0,active,coursework,8.090145,8.804782,active,90,3,rain,17.000000
2,1128,3448262921,98,Day 4 12:52,active,coursework,8.090145,8.804782,active,0.398333,0.795206,0.819042,0.983333,0.971667,0.413333,0.960538,0.025000,0.043000,14,1,1,1,1,1,1,1,1,1,1,0,1,1,1,0,1,0.075959,0.000000,0.071994,0.091237,0.097643,0.089172,0.085680,0.102696,0.072196,0.103196,0.000000,0.067885,0.087566,0.000000,0.000000,0.054775,study_at_computer,1,35,5127,computer,none,task-completed,coursework,0.822597,1.092985,0,none,,8.804782,8.804782,completed,90,3,rain,17.000000
2,1128,3448262921,99,Day 4 13:27,none,,8.804782,8.804782,completed,0.430000,0.920380,0.075252,1.000000,1.000000,0.436667,0.370549,0.070000,0.022000,11,1,1,1,0,0,0,1,1,1,1,0,1,1,1,0,1,0.101374,0.000000,0.096789,0.000000,0.000000,0.000000,0.130537,0.155307,0.098471,0.141129,0.000000,0.094632,0.105656,0.000000,0.000000,0.076105,turn_off_alarm,1,1,5128,alarm,none,,,0.000000,1.000000,0,none,,8.804782,8.804782,completed,90,3,rain,17.000000
2,1128,3448262921,100,Day 4 13:28,none,,8.804782,8.804782,completed,0.430333,0.920780,0.075252,1.000000,1.000000,0.437333,0.350549,0.069000,0.021400,10,1,1,1,0,0,0,1,1,1,1,0,1,0,1,0,1,0.113355,0.000000,0.108226,0.000000,0.000000,0.000000,0.146106,0.173588,0.110122,0.157756,0.000000,0.105774,0.000000,0.000000,0.000000,0.085073,turn_light_off,1,1,5129,light,none,,,0.000000,1.000000,0,none,,8.804782,8.804782,completed,90,3,rain,17.000000
2,1128,3448262921,101,Day 4 13:29,none,,8.804782,8.804782,completed,0.430667,0.921180,0.075252,1.000000,1.000000,0.438000,0.350549,0.068000,0.020800,10,1,1,1,0,0,0,1,1,1,1,1,0,0,1,0,1,0.126794,0.000000,0.121054,0.000000,0.000000,0.000000,0.163349,0.194083,0.123192,0.176399,0.000000,0.000000,0.000000,0.000000,0.000000,0.095129,get_meal,1,35,5164,door,none,,,0.000000,1.000000,0,none,,8.804782,8.804782,completed,90,3,rain,17.000000
2,1128,3448262921,102,Day 4 14:04,none,,8.804782,8.804782,completed,0.402333,0.935180,0.075252,1.000000,0.479167,0.461333,0.350549,0.033000,0.000000,10,1,1,1,0,0,0,1,1,1,1,1,0,0,1,0,1,0.132845,0.000000,0.127395,0.000000,0.000000,0.000000,0.171466,0.204089,0.132069,0.131980,0.000000,0.000000,0.000000,0.000000,0.000000,0.100157,use_computer,1,30,5194,computer,none,room-temperature-shift,,0.000000,1.000000,0,none,,8.804782,8.804782,completed,90,3,rain,24.000000
2,1128,3448262921,103,Day 4 14:34,none,,8.804782,8.804782,completed,0.252333,1.000000,0.075252,0.990000,0.504167,0.481333,0.350549,0.113000,0.000000,10,1,1,1,0,0,0,1,1,1,1,1,0,0,1,0,1,0.119522,0.000000,0.117696,0.000000,0.000000,0.000000,0.180568,0.219551,0.132260,0.132536,0.000000,0.000000,0.000000,0.000000,0.000000,0.097867,sleep_at_bed,1,480,5674,bed,none,message-study-group|evening,,0.000000,1.000000,0,none,,8.804782,8.804782,completed,90,4,rain,24.000000
2,1128,3448262921,104,Day 4 22:34,none,,8.804782,8.804782,completed,0.332333,0.665577,0.075252,0.910000,0.904167,0.801333,0.350549,0.000000,0.000000,10,1,1,1,0,0,0,1,1,1,1,1,0,0,1,0,1,0.131555,0.000000,0.124323,0.000000,0.000000,0.000000,0.145326,0.160897,0.165573,0.173409,0.000000,0.000000,0.000000,0.000000,0.000000,0.098916,get_meal,1,35,5709,door,none,,,0.000000,1.000000,0,none,,8.804782,8.804782,completed,90,4,rain,24.000000
2,1128,3448262921,105,Day 4 23:09,none,,8.804782,8.804782,completed,0.304000,0.679577,0.075252,1.000000,0.383333,0.824667,0.350549,0.000000,0.000000,10,1,1,1,0,0,0,1,1,1,1,1,0,0,1,0,1,0.136212,0.000000,0.129362,0.000000,0.000000,0.000000,0.153834,0.170942,0.176752,0.129194,0.000000,0.000000,0.000000,0.000000,0.000000,0.103703,use_computer,1,30,5739,computer,none,,,0.000000,1.000000,0,none,,8.804782,8.804782,completed,90,4,rain,24.000000
2,1128,3448262921,106,Day 4 23:39,none,,8.804782,8.804782,completed,0.154000,0.793664,0.075252,0.990000,0.408333,0.844667,0.350549,0.080000,0.000000,10,1,1,1,0,0,0,1,1,1,1,1,0,0,1,0,1,0.121142,0.000000,0.118645,0.000000,0.000000,0.000000,0.165173,0.189930,0.175720,0.128795,0.000000,0.000000,0.000000,0.000000,0.000000,0.100596,use_phone,1,25,5764,phone,none,,,0.000000,1.000000,0,none,,8.804782,8.804782,completed,90,4,rain,24.000000
2,1128,3448262921,107,Day 5 00:04,none,,8.804782,8.804782,completed,0.000000,0.886143,0.075252,1.000000,0.429167,0.861333,0.350549,0.175000,0.085000,10,1,1,1,0,0,0,1,1,1,1,1,0,0,1,0,1,0.107331,0.000000,0.108280,0.000000,0.000000,0.000000,0.176140,0.208575,0.174200,0.127975,0.000000,0.000000,0.000000,0.000000,0.000000,0.097500,idle,1,10,5774,,none,,,0.000000,1.000000,0,none,,8.804782,8.804782,completed,90,4,rain,24.000000
2,1128,3448262921,108,Day 5 00:14,none,,8.804782,8.804782,completed,0.123333,0.890143,0.075252,0.946667,0.437500,0.868000,0.350549,0.165000,0.079000,10,1,1,1,0,0,0,1,1,1,1,1,0,0,1,0,1,0.112434,0.000000,0.111626,0.000000,0.000000,0.000000,0.173564,0.205630,0.172690,0.126982,0.000000,0.000000,0.000000,0.000000,0.000000,0.097074,sleep_at_bed,1,480,6254,bed,none,alarm-rings,,0.000000,1.000000,0,none,,8.804782,8.804782,completed,90,4,rain,24.000000
2,1128,3448262921,109,Day 5 08:14,none,,8.804782,8.804782,completed,0.233333,0.555720,0.075252,0.866667,0.837500,1.000000,0.386495,0.000000,0.000000,11,1,1,1,0,0,0,1,1,1,1,1,0,1,1,0,1,0.112843,0.000000,0.107013,0.000000,0.000000,0.000000,0.121559,0.131107,0.168913,0.147703,0.000000,0.000000,0.123447,0.000000,0.000000,0.087414,use_phone,1,25,6279,phone,none,,,0.000000,1.000000,0,none,,8.804782,8.804782,completed,90,4,rain,24.000000
2,1128,3448262921,110,Day 5 08:39,none,,8.804782,8.804782,completed,0.021667,0.648199,0.075252,0.898333,0.858333,1.000000,0.386495,0.095000,0.085000,11,1,1,1,0,0,0,1,1,1,1,1,0,1,1,0,1,0.098853,0.000000,0.097301,0.000000,0.000000,0.000000,0.131690,0.146266,0.168176,0.149094,0.000000,0.000000,0.122909,0.000000,0.000000,0.085712,go_to_bathroom,1,15,6294,door,none,,,0.000000,1.000000,0,none,,8.804782,8.804782,completed,90,4,rain,24.000000
2,1128,3448262921,111,Day 5 08:54,none,,8.804782,8.804782,completed,0.026667,0.654199,0.075252,0.973474,0.870833,0.390000,0.386495,0.080000,0.076000,11,1,1,1,0,0,0,1,1,1,1,1,0,1,1,0,1,0.105230,0.000000,0.103541,0.000000,0.000000,0.000000,0.139173,0.154695,0.117158,0.159216,0.000000,0.000000,0.130175,0.000000,0.000000,0.090812,idle,1,10,6304,,none,,,0.000000,1.000000,0,none,,8.804782,8.804782,completed,90,4,rain,24.000000
2,1128,3448262921,112,Day 5 09:04,none,,8.804782,8.804782,completed,0.150000,0.658199,0.075252,0.920140,0.879167,0.396667,0.386495,0.070000,0.070000,11,1,1,1,0,0,0,1,1,1,1,1,0,1,1,0,1,0.110275,0.000000,0.106782,0.000000,0.000000,0.000000,0.137191,0.152568,0.116186,0.158042,0.000000,0.000000,0.128506,0.000000,0.000000,0.090450,sleep_at_bed,1,480,6784,bed,none,room-temperature-shift|message-study-group|weather-rain,,0.000000,1.000000,0,none,,8.804782,8.804782,completed,90,5,rain,24.000000
2,1128,3448262921,113,Day 5 17:04,none,,8.804782,8.804782,completed,0.230000,0.323776,0.075252,0.840140,1.000000,0.716667,0.386495,0.000000,0.000000,11,1,1,1,0,0,0,1,1,1,1,1,0,1,1,0,1,0.136306,0.000000,0.126747,0.000000,0.000000,0.000000,0.127116,0.000000,0.164871,0.194959,0.000000,0.000000,0.146376,0.000000,0.000000,0.103625,use_phone,1,25,6809,phone,none,,,0.000000,1.000000,0,none,,8.804782,8.804782,completed,90,5,rain,24.000000
2,1128,3448262921,114,Day 5 17:29,none,,8.804782,8.804782,completed,0.018333,0.416255,0.075252,0.871807,1.000000,0.733333,0.386495,0.095000,0.085000,11,1,1,1,0,0,0,1,1,1,1,1,0,1,1,0,1,0.121862,0.000000,0.117612,0.000000,0.000000,0.000000,0.140541,0.000000,0.169455,0.198099,0.000000,0.000000,0.148734,0.000000,0.000000,0.103696,use_phone,1,25,6834,phone,none,,,0.000000,1.000000,0,none,,8.804782,8.804782,completed,90,5,rain,24.000000
2,1128,3448262921,115,Day 5 17:54,none,,8.804782,8.804782,completed,0.000000,0.508734,0.075252,0.903474,1.000000,0.750000,0.386495,0.190000,0.170000,11,1,1,1,0,0,0,1,1,1,1,1,0,1,1,0,1,0.091101,0.091099,0.088968,0.000000,0.000000,0.000000,0.118653,0.127716,0.132997,0.153708,0.000000,0.000000,0.115405,0.000000,0.000000,0.080353,shop_on_phone,1,20,6854,phone,none,,,0.000000,1.000000,0,none,,8.804782,8.804782,completed,60,5,rain,24.000000
2,1128,3448262921,116,Day 5 18:14,none,,8.804782,8.804782,completed,0.006667,0.518299,0.075252,0.996807,1.000000,0.763333,0.386495,0.250000,0.000000,11,1,1,1,0,0,0,1,1,1,1,1,0,1,1,0,1,0.098420,0.000000,0.096194,0.000000,0.000000,0.000000,0.133092,0.144084,0.146564,0.167844,0.000000,0.000000,0.126018,0.000000,0.000000,0.087785,turn_off_alarm,1,1,6855,alarm,none,,,0.000000,1.000000,0,none,,8.804782,8.804782,completed,60,5,rain,24.000000
2,1128,3448262921,117,Day 5 18:15,none,,8.804782,8.804782,completed,0.007000,0.518699,0.075252,1.000000,1.000000,0.764000,0.366495,0.249000,0.000000,10,1,1,1,0,0,0,1,1,1,1,1,0,0,1,0,1,0.112611,0.000000,0.110062,0.000000,0.000000,0.000000,0.152429,0.164789,0.167717,0.191981,0.000000,0.000000,0.000000,0.000000,0.000000,0.100412,get_meal,1,35,6890,door,none,,,0.000000,1.000000,0,none,,8.804782,8.804782,completed,60,5,rain,24.000000
2,1128,3448262921,118,Day 5 18:50,none,,8.804782,8.804782,completed,0.000000,0.532699,0.075252,1.000000,0.479167,0.787333,0.366495,0.214000,0.000000,10,1,1,1,0,0,0,1,1,1,1,1,0,0,1,0,1,0.119358,0.000000,0.116847,0.000000,0.000000,0.000000,0.160252,0.173553,0.180082,0.143861,0.000000,0.000000,0.000000,0.000000,0.000000,0.106047,sleep_at_bed,1,480,7370,bed,none,evening,,0.000000,1.000000,0,none,,8.804782,8.804782,completed,60,5,rain,24.000000
2,1128,3448262921,119,Day 6 02:50,none,,8.804782,8.804782,completed,0.080000,0.198276,0.075252,0.920000,0.879167,1.000000,0.366495,0.000000,0.000000,10,1,1,1,0,0,0,1,1,1,1,1,0,0,1,0,1,0.150973,0.000000,0.141632,0.000000,0.000000,0.000000,0.139813,0.000000,0.235451,0.211625,0.000000,0.000000,0.000000,0.000000,0.000000,0.120506,get_meal,1,35,7405,door,none,,,0.000000,1.000000,0,none,,8.804782,8.804782,completed,60,5,rain,24.000000
2,1128,3448262921,120,Day 6 03:25,none,,8.804782,8.804782,completed,0.051667,0.212276,0.075252,1.000000,0.358333,1.000000,0.366495,0.000000,0.000000,10,1,1,1,0,0,0,1,1,1,1,1,0,0,1,0,1,0.159014,0.000000,0.149914,0.000000,0.000000,0.000000,0.150551,0.000000,0.251619,0.160384,0.000000,0.000000,0.000000,0.000000,0.000000,0.128517,go_to_bathroom,1,15,7420,door,none,,,0.000000,1.000000,0,none,,8.804782,8.804782,completed,60,5,rain,24.000000
2,1128,3448262921,121,Day 6 03:40,none,,8.804782,8.804782,completed,0.056667,0.218276,0.075252,1.000000,0.370833,0.390000,0.366495,0.000000,0.000000,10,1,1,1,0,0,0,1,1,1,1,1,0,0,1,0,1,0.173858,0.000000,0.163887,0.000000,0.000000,0.000000,0.164840,0.000000,0.180621,0.176486,0.000000,0.000000,0.000000,0.000000,0.000000,0.140308,go_to_bathroom,1,15,7435,door,none,,,0.000000,1.000000,0,none,,8.804782,8.804782,completed,60,5,rain,24.000000
2,1128,3448262921,122,Day 6 03:55,none,,8.804782,8.804782,completed,0.061667,0.224276,0.075252,1.000000,0.383333,0.000000,0.366495,0.000000,0.000000,10,1,1,1,0,0,0,1,1,1,1,1,0,0,1,0,1,0.211888,0.000000,0.199707,0.000000,0.000000,0.000000,0.201182,0.000000,0.000000,0.216475,0.000000,0.000000,0.000000,0.000000,0.000000,0.170748,use_computer,1,30,7465,computer,none,,,0.000000,1.000000,0,none,,8.804782,8.804782,completed,60,5,rain,24.000000
2,1128,3448262921,123,Day 6 04:25,none,,8.804782,8.804782,completed,0.000000,0.338364,0.075252,0.990000,0.408333,0.020000,0.366495,0.080000,0.000000,10,1,1,1,0,0,0,1,1,1,1,1,0,0,1,0,1,0.199691,0.000000,0.191851,0.000000,0.000000,0.000000,0.219602,0.000000,0.000000,0.219394,0.000000,0.000000,0.000000,0.000000,0.000000,0.169463,use_computer,1,30,7495,computer,none,,,0.000000,1.000000,0,none,,8.804782,8.804782,completed,60,5,rain,24.000000
2,1128,3448262921,124,Day 6 04:55,none,,8.804782,8.804782,completed,0.000000,0.452451,0.075252,0.980000,0.433333,0.040000,0.366495,0.160000,0.000000,10,1,1,1,0,0,0,1,1,1,1,1,0,0,1,0,1,0.152977,0.000000,0.148603,0.000000,0.000000,0.000000,0.189287,0.200148,0.000000,0.175582,0.000000,0.000000,0.000000,0.000000,0.000000,0.133403,idle,1,10,7505,,none,,,0.000000,1.000000,0,none,,8.804782,8.804782,completed,60,5,rain,24.000000
2,1128,3448262921,125,Day 6 05:05,none,,8.804782,8.804782,completed,0.123333,0.456451,0.075252,0.926667,0.441667,0.046667,0.366495,0.150000,0.000000,10,1,1,1,0,0,0,1,1,1,1,1,0,0,1,0,1,0.159559,0.000000,0.152536,0.000000,0.000000,0.000000,0.185716,0.196471,0.000000,0.173470,0.000000,0.000000,0.000000,0.000000,0.000000,0.132248,rest_at_bed,1,60,7565,bed,none,,,0.000000,1.000000,0,none,,8.804782,8.804782,completed,60,5,rain,24.000000
2,1128,3448262921,126,Day 6 06:05,none,,8.804782,8.804782,completed,0.183333,0.201324,0.075252,0.956667,0.491667,0.086667,0.366495,0.000000,0.000000,10,1,1,1,0,0,0,1,1,1,1,1,0,0,1,0,1,0.216907,0.000000,0.200794,0.000000,0.000000,0.000000,0.191726,0.000000,0.000000,0.224359,0.000000,0.000000,0.000000,0.000000,0.000000,0.166213,use_phone,1,25,7590,phone,none,,,0.000000,1.000000,0,none,,8.804782,8.804782,completed,60,5,rain,24.000000
2,1128,3448262921,127,Day 6 06:30,none,,8.804782,8.804782,completed,0.000000,0.293803,0.075252,0.988333,0.512500,0.103333,0.366495,0.095000,0.085000,10,1,1,1,0,0,0,1,1,1,1,1,0,0,1,0,1,0.197624,0.000000,0.189175,0.000000,0.000000,0.000000,0.213167,0.000000,0.000000,0.232429,0.000000,0.000000,0.000000,0.000000,0.000000,0.167606,use_computer,1,30,7620,computer,none,,,0.000000,1.000000,0,none,,8.804782,8.804782,completed,60,5,rain,24.000000
2,1128,3448262921,128,Day 6 07:00,none,,8.804782,8.804782,completed,0.000000,0.407891,0.075252,0.978333,0.537500,0.123333,0.366495,0.175000,0.067000,10,1,1,1,0,0,0,1,1,1,1,1,0,0,1,0,1,0.189332,0.000000,0.183250,0.000000,0.000000,0.000000,0.229785,0.000000,0.000000,0.232628,0.000000,0.000000,0.000000,0.000000,0.000000,0.165005,rest_at_bed,1,60,7680,bed,none,alarm-rings,,0.000000,1.000000,0,none,,8.804782,8.804782,completed,60,5,rain,24.000000
2,1128,3448262921,129,Day 6 08:00,none,,8.804782,8.804782,completed,0.090000,0.152764,0.075252,1.000000,0.587500,0.163333,0.402442,0.000000,0.031000,11,1,1,1,0,0,0,1,1,1,1,1,0,1,1,0,1,0.147743,0.000000,0.137874,0.000000,0.000000,0.000000,0.131997,0.000000,0.128591,0.169372,0.000000,0.000000,0.167426,0.000000,0.000000,0.116997,go_to_bathroom,1,15,7695,door,none,,,0.000000,1.000000,0,none,,8.804782,8.804782,completed,60,5,rain,24.000000
2,1128,3448262921,130,Day 6 08:15,none,,8.804782,8.804782,completed,0.095000,0.158764,0.075252,1.000000,0.600000,0.000000,0.402442,0.000000,0.022000,11,1,1,1,0,0,0,1,1,1,1,1,0,1,1,0,1,0.169392,0.000000,0.158056,0.000000,0.000000,0.000000,0.151555,0.000000,0.000000,0.195442,0.000000,0.000000,0.191610,0.000000,0.000000,0.133945,use_computer,1,30,7725,computer,none,,,0.000000,1.000000,0,none,,8.804782,8.804782,completed,60,5,rain,24.000000
2,1128,3448262921,131,Day 6 08:45,none,,8.804782,8.804782,completed,0.000000,0.272851,0.075252,0.990000,0.625000,0.020000,0.402442,0.080000,0.004000,11,1,1,1,0,0,0,1,1,1,1,1,0,1,1,0,1,0.158041,0.000000,0.150977,0.000000,0.000000,0.000000,0.166356,0.000000,0.000000,0.199185,0.000000,0.000000,0.192084,0.000000,0.000000,0.133358,rest_at_bed,1,60,7785,bed,none,message-study-group,,0.000000,1.000000,0,none,,8.804782,8.804782,completed,60,6,rain,24.000000
2,1128,3448262921,132,Day 6 09:45,none,,8.804782,8.804782,completed,0.060000,0.017724,0.075252,1.000000,0.675000,0.060000,0.402442,0.000000,0.000000,11,1,1,1,0,0,0,1,1,1,1,1,0,1,1,0,1,0.197184,0.000000,0.182590,0.000000,0.000000,0.000000,0.000000,0.000000,0.000000,0.240057,0.000000,0.000000,0.223987,0.000000,0.000000,0.156183,get_meal,1,35,7820,door,none,,,0.000000,1.000000,0,none,,8.804782,8.804782,completed,60,6,rain,24.000000
2,1128,3448262921,133,Day 6 10:20,none,,8.804782,8.804782,completed,0.031667,0.031724,0.075252,1.000000,0.154167,0.083333,0.402442,0.000000,0.000000,11,1,1,1,0,0,0,1,1,1,1,1,0,1,1,0,1,0.210035,0.000000,0.195453,0.000000,0.000000,0.000000,0.000000,0.000000,0.000000,0.183990,0.000000,0.000000,0.242073,0.000000,0.000000,0.168449,idle,1,10,7830,,none,,,0.000000,1.000000,0,none,,8.804782,8.804782,completed,60,6,rain,24.000000
2,1128,3448262921,134,Day 6 10:30,none,,8.804782,8.804782,completed,0.155000,0.035724,0.075252,0.946667,0.162500,0.090000,0.402442,0.000000,0.000000,11,1,1,1,0,0,0,1,1,1,1,1,0,1,1,0,1,0.217416,0.000000,0.199137,0.000000,0.000000,0.000000,0.000000,0.000000,0.000000,0.180794,0.000000,0.000000,0.236564,0.000000,0.000000,0.166088,use_phone,1,25,7855,phone,none,,,0.000000,1.000000,0,none,,8.804782,8.804782,completed,60,6,rain,24.000000
2,1128,3448262921,135,Day 6 10:55,none,,8.804782,8.804782,completed,0.000000,0.128203,0.075252,0.978333,0.183333,0.106667,0.402442,0.095000,0.085000,11,1,1,1,0,0,0,1,1,1,1,1,0,1,1,0,1,0.169885,0.000000,0.160304,0.000000,0.000000,0.000000,0.164706,0.000000,0.000000,0.158507,0.000000,0.000000,0.204571,0.000000,0.000000,0.142027,use_computer,1,30,7885,computer,none,,,0.000000,1.000000,0,none,,8.804782,8.804782,completed,60,6,rain,24.000000
2,1128,3448262921,136,Day 6 11:25,none,,8.804782,8.804782,completed,0.000000,0.242291,0.075252,0.968333,0.208333,0.126667,0.402442,0.175000,0.067000,11,1,1,1,0,0,0,1,1,1,1,1,0,1,1,0,1,0.163501,0.000000,0.155993,0.000000,0.000000,0.000000,0.178357,0.000000,0.000000,0.159368,0.000000,0.000000,0.202317,0.000000,0.000000,0.140463,get_meal,1,35,7920,door,none,weather-rain,,0.000000,1.000000,0,none,,8.804782,8.804782,completed,60,6,rain,24.000000
2,1128,3448262921,137,Day 6 12:00,none,,8.804782,8.804782,completed,0.000000,0.256291,0.075252,1.000000,0.000000,0.150000,0.402442,0.140000,0.046000,11,1,1,1,0,0,0,1,1,1,1,1,0,1,1,0,1,0.165231,0.000000,0.157755,0.000000,0.000000,0.000000,0.178196,0.000000,0.154613,0.000000,0.000000,0.000000,0.203159,0.000000,0.000000,0.141047,use_computer,1,30,7950,computer,none,,,0.000000,1.000000,0,none,,8.804782,8.804782,completed,60,6,rain,24.000000
2,1128,3448262921,138,Day 6 12:30,none,,8.804782,8.804782,completed,0.000000,0.370378,0.075252,0.990000,0.025000,0.170000,0.402442,0.220000,0.028000,11,1,1,1,0,0,0,1,1,1,1,1,0,1,1,0,1,0.158872,0.000000,0.153369,0.000000,0.000000,0.000000,0.192785,0.000000,0.154879,0.000000,0.000000,0.000000,0.200732,0.000000,0.000000,0.139362,use_phone,1,25,7975,phone,none,,,0.000000,1.000000,0,none,,8.804782,8.804782,completed,60,6,rain,24.000000
2,1128,3448262921,139,Day 6 12:55,none,,8.804782,8.804782,completed,0.000000,0.462857,0.075252,1.000000,0.045833,0.186667,0.402442,0.315000,0.113000,11,1,1,1,0,0,0,1,1,1,1,1,0,1,1,0,1,0.124889,0.000000,0.121701,0.000000,0.000000,0.000000,0.169682,0.181897,0.126725,0.000000,0.000000,0.000000,0.162374,0.000000,0.000000,0.112732,use_computer,1,30,8005,computer,none,,,0.000000,1.000000,0,none,,8.804782,8.804782,completed,60,6,rain,24.000000
2,1128,3448262921,140,Day 6 13:25,none,,8.804782,8.804782,completed,0.000000,0.576945,0.075252,0.990000,0.070833,0.206667,0.402442,0.395000,0.095000,11,1,1,1,0,0,0,1,1,1,1,1,0,1,1,0,1,0.132534,0.000000,0.000000,0.000000,0.000000,0.000000,0.202607,0.224751,0.140105,0.000000,0.000000,0.000000,0.177069,0.000000,0.000000,0.122934,sleep_at_bed,1,224,8229,bed,none,room-temperature-shift,,0.000000,1.000000,0,none,,8.804782,8.804782,completed,60,6,rain,17.000000
2,1128,3448262921,141,Day 6 17:09,none,,8.804782,8.804782,completed,0.000000,0.188738,0.075252,0.935333,0.257500,0.356000,0.402442,0.000000,0.000000,11,1,1,1,0,0,0,1,1,1,1,1,0,1,1,0,1,0.144630,0.000000,0.137002,0.000000,0.000000,0.000000,0.137876,0.000000,0.150360,0.139553,0.000000,0.000000,0.171507,0.000000,0.000000,0.119072,use_computer,1,30,8259,computer,none,,,0.000000,1.000000,0,none,,8.804782,8.804782,completed,60,6,rain,17.000000
2,1128,3448262921,142,Day 6 17:39,none,,8.804782,8.804782,completed,0.000000,0.302825,0.075252,0.925333,0.282500,0.376000,0.402442,0.080000,0.000000,11,1,1,1,0,0,0,1,1,1,1,1,0,1,1,0,1,0.139157,0.000000,0.133283,0.000000,0.000000,0.000000,0.149264,0.000000,0.150720,0.140274,0.000000,0.000000,0.169573,0.000000,0.000000,0.117729,turn_off_alarm,1,1,8260,alarm,none,,,0.000000,1.000000,0,none,,8.804782,8.804782,completed,60,6,rain,17.000000
2,1128,3448262921,143,Day 6 17:40,none,,8.804782,8.804782,completed,0.000333,0.303225,0.075252,0.955000,0.283333,0.376667,0.382442,0.079000,0.000000,10,1,1,1,0,0,0,1,1,1,1,1,0,0,1,0,1,0.167543,0.000000,0.160466,0.000000,0.000000,0.000000,0.179884,0.000000,0.181486,0.168922,0.000000,0.000000,0.000000,0.000000,0.000000,0.141699,use_phone,1,25,8285,phone,none,,,0.000000,1.000000,0,none,,8.804782,8.804782,completed,60,6,rain,17.000000
2,1128,3448262921,144,Day 6 18:05,none,,8.804782,8.804782,completed,0.000000,0.395704,0.075252,0.986667,0.304167,0.393333,0.382442,0.174000,0.085000,10,1,1,1,0,0,0,1,1,1,1,1,0,0,1,0,1,0.160791,0.000000,0.155459,0.000000,0.000000,0.000000,0.193322,0.000000,0.181318,0.169155,0.000000,0.000000,0.000000,0.000000,0.000000,0.139953,go_to_bathroom,1,15,8300,door,none,,,0.000000,1.000000,0,none,,8.804782,8.804782,completed,60,6,rain,17.000000
2,1128,3448262921,145,Day 6 18:20,none,,8.804782,8.804782,completed,0.005000,0.401704,0.075252,1.000000,0.316667,0.000000,0.382442,0.159000,0.076000,10,1,1,1,0,0,0,1,1,1,1,1,0,0,1,0,1,0.196781,0.000000,0.190188,0.000000,0.000000,0.000000,0.234885,0.000000,0.000000,0.207674,0.000000,0.000000,0.000000,0.000000,0.000000,0.170473,rest_at_bed,1,60,8360,bed,none,,,0.000000,1.000000,0,none,,8.804782,8.804782,completed,60,6,rain,17.000000
2,1128,3448262921,146,Day 6 19:20,none,,8.804782,8.804782,completed,0.065000,0.146577,0.075252,1.000000,0.366667,0.040000,0.382442,0.000000,0.040000,10,1,1,1,0,0,0,1,1,1,1,1,0,0,1,0,1,0.215561,0.000000,0.201718,0.000000,0.000000,0.000000,0.194387,0.000000,0.000000,0.216019,0.000000,0.000000,0.000000,0.000000,0.000000,0.172314,get_meal,1,35,8395,door,none,evening,,0.000000,1.000000,0,none,,8.804782,8.804782,completed,60,6,rain,17.000000
2,1128,3448262921,147,Day 6 19:55,none,,8.804782,8.804782,completed,0.036667,0.160577,0.075252,1.000000,0.000000,0.063333,0.382442,0.000000,0.019000,10,1,1,1,0,0,0,1,1,1,1,1,0,0,1,0,1,0.272350,0.000000,0.256121,0.000000,0.000000,0.000000,0.251087,0.000000,0.000000,0.000000,0.000000,0.000000,0.000000,0.000000,0.000000,0.220442,idle,1,10,8405,,none,,,0.000000,1.000000,0,none,,8.804782,8.804782,completed,60,6,rain,17.000000
2,1128,3448262921,148,Day 6 20:05,none,,8.804782,8.804782,completed,0.160000,0.164577,0.075252,0.946667,0.008333,0.070000,0.382442,0.000000,0.013000,10,1,1,1,0,0,0,1,1,1,1,1,0,0,1,0,1,0.280205,0.000000,0.259359,0.000000,0.000000,0.000000,0.244407,0.000000,0.000000,0.000000,0.000000,0.000000,0.000000,0.000000,0.000000,0.216029,idle,1,10,8415,,none,,,0.000000,1.000000,0,none,,8.804782,8.804782,completed,60,6,rain,17.000000
2,1128,3448262921,149,Day 6 20:15,none,,8.804782,8.804782,completed,0.283333,0.168577,0.075252,0.893333,0.016667,0.076667,0.382442,0.000000,0.007000,10,1,1,1,0,0,0,1,1,1,1,1,0,0,1,0,1,0.288133,0.000000,0.262499,0.000000,0.000000,0.000000,0.237777,0.000000,0.000000,0.000000,0.000000,0.000000,0.000000,0.000000,0.000000,0.211591,use_phone,1,25,8440,phone,none,,,0.000000,1.000000,0,none,,8.804782,8.804782,completed,60,6,rain,17.000000
2,1128,3448262921,150,Day 6 20:40,none,,8.804782,8.804782,completed,0.071667,0.261056,0.075252,0.925000,0.037500,0.093333,0.382442,0.095000,0.092000,10,1,1,1,0,0,0,1,1,1,1,1,0,0,1,0,1,0.263987,0.000000,0.249620,0.000000,0.000000,0.000000,0.269407,0.000000,0.000000,0.000000,0.000000,0.000000,0.000000,0.000000,0.000000,0.216986,rest_at_bed,1,60,8500,bed,none,,,0.000000,1.000000,0,none,,8.804782,8.804782,completed,60,6,rain,17.000000
2,1128,3448262921,151,Day 6 21:40,none,,8.804782,8.804782,completed,0.131667,0.005929,0.075252,0.955000,0.087500,0.133333,0.382442,0.000000,0.056000,10,1,1,1,0,0,0,1,1,1,1,1,0,0,1,0,1,0.372382,0.000000,0.341240,0.000000,0.000000,0.000000,0.000000,0.000000,0.000000,0.000000,0.000000,0.000000,0.000000,0.000000,0.000000,0.286378,use_computer,1,30,8530,computer,none,,,0.000000,1.000000,0,none,,8.804782,8.804782,completed,60,6,rain,17.000000
2,1128,3448262921,152,Day 6 22:10,none,,8.804782,8.804782,completed,0.000000,0.120017,0.075252,0.945000,0.112500,0.153333,0.382442,0.080000,0.038000,10,1,1,1,0,0,0,1,1,1,1,1,0,0,1,0,1,0.215150,0.000000,0.202828,0.000000,0.000000,0.000000,0.206026,0.000000,0.196839,0.000000,0.000000,0.000000,0.000000,0.000000,0.000000,0.179158,rest_at_bed,1,60,8590,bed,none,,,0.000000,1.000000,0,none,,8.804782,8.804782,completed,60,6,rain,17.000000
2,1128,3448262921,153,Day 6 23:10,none,,8.804782,8.804782,completed,0.060000,0.000000,0.075252,0.975000,0.162500,0.193333,0.382442,0.000000,0.002000,10,1,1,1,0,0,0,1,1,1,1,1,0,0,1,0,1,0.223641,0.000000,0.206772,0.000000,0.000000,0.000000,0.000000,0.000000,0.198870,0.193852,0.000000,0.000000,0.000000,0.000000,0.000000,0.176866,go_to_bathroom,1,15,8605,door,none,,,0.000000,1.000000,0,none,,8.804782,8.804782,completed,60,6,rain,17.000000
2,1128,3448262921,154,Day 6 23:25,none,,8.804782,8.804782,completed,0.065000,0.006000,0.075252,1.000000,0.175000,0.000000,0.382442,0.000000,0.000000,10,1,1,1,0,0,0,1,1,1,1,1,0,0,1,0,1,0.278822,0.000000,0.257755,0.000000,0.000000,0.000000,0.000000,0.000000,0.000000,0.243239,0.000000,0.000000,0.000000,0.000000,0.000000,0.220183,get_meal,1,35,8640,door,none,,,0.000000,1.000000,0,none,,8.804782,8.804782,completed,60,6,rain,17.000000
2,1128,3448262921,155,Day 7 00:00,none,,8.804782,8.804782,completed,0.036667,0.020000,0.075252,1.000000,0.000000,0.023333,0.382442,0.000000,0.000000,10,1,1,1,0,0,0,1,1,1,1,1,0,0,1,0,1,0.366485,0.000000,0.340472,0.000000,0.000000,0.000000,0.000000,0.000000,0.000000,0.000000,0.000000,0.000000,0.000000,0.000000,0.000000,0.293042,idle,1,10,8650,,none,,,0.000000,1.000000,0,none,,8.804782,8.804782,completed,60,6,rain,17.000000
2,1128,3448262921,156,Day 7 00:10,none,,8.804782,8.804782,completed,0.160000,0.024000,0.075252,0.946667,0.008333,0.030000,0.382442,0.000000,0.000000,10,1,1,1,0,0,0,1,1,1,1,1,0,0,1,0,1,0.373689,0.000000,0.341699,0.000000,0.000000,0.000000,0.000000,0.000000,0.000000,0.000000,0.000000,0.000000,0.000000,0.000000,0.000000,0.284612,use_phone,1,25,8675,phone,none,,,0.000000,1.000000,0,none,,8.804782,8.804782,completed,60,6,rain,17.000000
2,1128,3448262921,157,Day 7 00:35,none,,8.804782,8.804782,completed,0.000000,0.116479,0.075252,0.978333,0.029167,0.046667,0.382442,0.095000,0.085000,10,1,1,1,0,0,0,1,1,1,1,1,0,0,1,0,1,0.267266,0.000000,0.251936,0.000000,0.000000,0.000000,0.257586,0.000000,0.000000,0.000000,0.000000,0.000000,0.000000,0.000000,0.000000,0.223212,use_phone,1,25,8700,phone,none,,,0.000000,1.000000,0,none,,8.804782,8.804782,completed,60,6,rain,17.000000
2,1128,3448262921,158,Day 7 01:00,none,,8.804782,8.804782,completed,0.000000,0.208958,0.075252,1.000000,0.050000,0.063333,0.382442,0.190000,0.170000,10,1,1,1,0,0,0,1,1,1,1,1,0,0,1,0,1,0.205576,0.200299,0.195613,0.000000,0.000000,0.000000,0.221839,0.000000,0.000000,0.000000,0.000000,0.000000,0.000000,0.000000,0.000000,0.176673,use_phone,1,25,8725,phone,none,,,0.000000,1.000000,0,none,,8.804782,8.804782,completed,60,6,rain,17.000000
2,1128,3448262921,159,Day 7 01:25,none,,8.804782,8.804782,completed,0.000000,0.301437,0.075252,1.000000,0.070833,0.080000,0.382442,0.285000,0.255000,10,1,1,1,0,0,0,1,1,1,1,1,0,0,1,0,1,0.195469,0.207749,0.187750,0.000000,0.000000,0.000000,0.236171,0.000000,0.000000,0.000000,0.000000,0.000000,0.000000,0.000000,0.000000,0.172861,use_computer,1,30,8755,computer,none,,,0.000000,1.000000,0,none,,8.804782,8.804782,completed,60,6,rain,17.000000
2,1128,3448262921,160,Day 7 01:55,none,,8.804782,8.804782,completed,0.000000,0.415524,0.075252,0.990000,0.095833,0.100000,0.382442,0.365000,0.237000,10,1,1,1,0,0,0,1,1,1,1,1,0,0,1,0,1,0.147944,0.159594,0.143680,0.000000,0.000000,0.000000,0.201124,0.213215,0.000000,0.000000,0.000000,0.000000,0.000000,0.000000,0.000000,0.134444,use_computer,1,30,8785,computer,none,,,0.000000,1.000000,0,none,,8.804782,8.804782,completed,60,6,rain,17.000000
2,1128,3448262921,161,Day 7 02:25,none,,8.804782,8.804782,completed,0.000000,0.529612,0.075252,0.980000,0.120833,0.120000,0.382442,0.445000,0.219000,10,1,1,1,0,0,0,1,1,1,1,1,0,0,1,0,1,0.160349,0.175569,0.000000,0.000000,0.000000,0.000000,0.245274,0.269069,0.000000,0.000000,0.000000,0.000000,0.000000,0.000000,0.000000,0.149739,sleep_at_bed,1,480,9265,bed,none,alarm-rings,,0.000000,1.000000,0,none,,8.804782,8.804782,completed,60,6,rain,17.000000
2,1128,3448262921,162,Day 7 10:25,none,,8.804782,8.804782,completed,0.110000,0.195188,0.075252,0.900000,0.520833,0.440000,0.418388,0.000000,0.000000,11,1,1,1,0,0,0,1,1,1,1,1,0,1,1,0,1,0.144970,0.000000,0.135428,0.000000,0.000000,0.000000,0.131625,0.000000,0.151711,0.158135,0.000000,0.000000,0.163819,0.000000,0.000000,0.114312,use_computer,1,30,9295,computer,none,,,0.000000,1.000000,0,none,,8.804782,8.804782,completed,60,6,rain,17.000000
2,1128,3448262921,163,Day 7 10:55,none,,8.804782,8.804782,completed,0.000000,0.309276,0.075252,0.890000,0.545833,0.460000,0.418388,0.080000,0.000000,11,1,1,1,0,0,0,1,1,1,1,1,0,1,1,0,1,0.134204,0.000000,0.128610,0.000000,0.000000,0.000000,0.144369,0.000000,0.154073,0.161041,0.000000,0.000000,0.164100,0.000000,0.000000,0.113602,get_meal,1,35,9330,door,none,,,0.000000,1.000000,0,none,,8.804782,8.804782,completed,60,6,rain,17.000000
2,1128,3448262921,164,Day 7 11:30,none,,8.804782,8.804782,completed,0.000000,0.323276,0.075252,0.998474,0.025000,0.483333,0.418388,0.045000,0.000000,11,1,1,1,0,0,0,1,1,1,1,1,0,1,1,0,1,0.160312,0.000000,0.153740,0.000000,0.000000,0.000000,0.170496,0.000000,0.185833,0.000000,0.000000,0.000000,0.194779,0.000000,0.000000,0.134840,rest_at_bed,1,60,9390,bed,none,,,0.000000,1.000000,0,none,,8.804782,8.804782,completed,60,6,rain,17.000000
2,1128,3448262921,165,Day 7 12:30,none,,8.804782,8.804782,completed,0.060000,0.068149,0.075252,1.000000,0.075000,0.523333,0.418388,0.000000,0.000000,11,1,1,1,0,0,0,1,1,1,1,1,0,1,1,0,1,0.200328,0.000000,0.186314,0.000000,0.000000,0.000000,0.000000,0.000000,0.224776,0.000000,0.000000,0.000000,0.229214,0.000000,0.000000,0.159368,go_to_bathroom,1,15,9405,door,none,,,0.000000,1.000000,0,none,,8.804782,8.804782,completed,60,6,rain,17.000000
2,1128,3448262921,166,Day 7 12:45,none,,8.804782,8.804782,completed,0.065000,0.074149,0.075252,1.000000,0.087500,0.000000,0.418388,0.000000,0.000000,11,1,1,1,0,0,0,1,1,1,1,1,0,1,1,0,1,0.211604,0.000000,0.196775,0.000000,0.000000,0.000000,0.181854,0.000000,0.000000,0.000000,0.000000,0.000000,0.241674,0.000000,0.000000,0.168092,turn_off_alarm,1,1,9406,alarm,none,,,0.000000,1.000000,0,none,,8.804782,8.804782,completed,60,6,rain,17.000000
2,1128,3448262921,167,Day 7 12:46,none,,8.804782,8.804782,completed,0.065333,0.074549,0.075252,1.000000,0.088333,0.000667,0.398388,0.000000,0.000000,10,1,1,1,0,0,0,1,1,1,1,1,0,0,1,0,1,0.278945,0.000000,0.259394,0.000000,0.000000,0.000000,0.240097,0.000000,0.000000,0.000000,0.000000,0.000000,0.000000,0.000000,0.000000,0.221564,use_computer,1,30,9436,computer,none,,,0.000000,1.000000,0,none,,8.804782,8.804782,completed,60,6,rain,17.000000
2,1128,3448262921,168,Day 7 13:16,none,,8.804782,8.804782,completed,0.000000,0.188637,0.075252,0.990000,0.113333,0.020667,0.398388,0.080000,0.000000,10,1,1,1,0,0,0,1,1,1,1,1,0,0,1,0,1,0.264224,0.000000,0.250577,0.000000,0.000000,0.000000,0.263865,0.000000,0.000000,0.000000,0.000000,0.000000,0.000000,0.000000,0.000000,0.221335,use_computer,1,30,9466,computer,none,,,0.000000,1.000000,0,none,,8.804782,8.804782,completed,60,6,rain,17.000000
2,1128,3448262921,169,Day 7 13:46,none,,8.804782,8.804782,completed,0.000000,0.302724,0.075252,0.980000,0.138333,0.040667,0.398388,0.160000,0.000000,10,1,1,1,0,0,0,1,1,1,1,1,0,0,1,0,1,0.253593,0.000000,0.243166,0.000000,0.000000,0.000000,0.284947,0.000000,0.000000,0.000000,0.000000,0.000000,0.000000,0.000000,0.000000,0.218293,use_computer,1,30,9496,computer,none,room-temperature-shift|weather-rain,,0.000000,1.000000,0,none,,8.804782,8.804782,completed,60,6,rain,17.000000
2,1128,3448262921,170,Day 7 14:16,none,,8.804782,8.804782,completed,0.000000,0.416811,0.075252,0.970000,0.163333,0.060667,0.398388,0.240000,0.000000,10,1,1,1,0,0,0,1,1,1,1,1,0,0,1,0,1,0.155621,0.000000,0.150880,0.000000,0.000000,0.000000,0.196749,0.207479,0.000000,0.151615,0.000000,0.000000,0.000000,0.000000,0.000000,0.137656,rest_at_bed,1,60,9556,bed,none,,,0.000000,1.000000,0,none,,8.804782,8.804782,completed,60,6,rain,17.000000
2,1128,3448262921,171,Day 7 15:16,none,,8.804782,8.804782,completed,0.060000,0.161685,0.075252,1.000000,0.213333,0.100667,0.398388,0.040000,0.000000,10,1,1,1,0,0,0,1,1,1,1,1,0,0,1,0,1,0.217539,0.000000,0.204087,0.000000,0.000000,0.000000,0.202916,0.000000,0.000000,0.199469,0.000000,0.000000,0.000000,0.000000,0.000000,0.175988,use_computer,1,30,9586,computer,none,,,0.000000,1.000000,0,none,,8.804782,8.804782,completed,60,6,rain,17.000000
2,1128,3448262921,172,Day 7 15:46,none,,8.804782,8.804782,completed,0.000000,0.275772,0.075252,0.990000,0.238333,0.120667,0.398388,0.120000,0.000000,10,1,1,1,0,0,0,1,1,1,1,1,0,0,1,0,1,0.205243,0.000000,0.196231,0.000000,0.000000,0.000000,0.221564,0.000000,0.000000,0.202222,0.000000,0.000000,0.000000,0.000000,0.000000,0.174740,get_meal,1,35,9621,door,none,,,0.000000,1.000000,0,none,,8.804782,8.804782,completed,60,6,rain,17.000000
2,1128,3448262921,173,Day 7 16:21,none,,8.804782,8.804782,completed,0.000000,0.289772,0.075252,1.000000,0.000000,0.144000,0.398388,0.085000,0.000000,10,1,1,1,0,0,0,1,1,1,1,1,0,0,1,0,1,0.208615,0.000000,0.199597,0.000000,0.000000,0.000000,0.222645,0.000000,0.192661,0.000000,0.000000,0.000000,0.000000,0.000000,0.000000,0.176483,use_phone,1,25,9646,phone,none,message-study-group,,0.000000,1.000000,0,none,,8.804782,8.804782,completed,60,7,rain,17.000000
2,1128,3448262921,174,Day 7 16:46,none,,8.804782,8.804782,completed,0.000000,0.382251,0.075252,1.000000,0.020833,0.160667,0.398388,0.180000,0.085000,10,1,1,1,0,0,0,1,1,1,1,1,0,0,1,0,1,0.200299,0.000000,0.193448,0.000000,0.000000,0.000000,0.239349,0.000000,0.192540,0.000000,0.000000,0.000000,0.000000,0.000000,0.000000,0.174364,use_phone,1,25,9671,phone,none,,,0.000000,1.000000,0,none,,8.804782,8.804782,completed,60,7,rain,17.000000
2,1128,3448262921,175,Day 7 17:11,none,,8.804782,8.804782,completed,0.000000,0.474730,0.075252,1.000000,0.041667,0.177333,0.398388,0.275000,0.170000,10,1,1,1,0,0,0,1,1,1,1,1,0,0,1,0,1,0.130549,0.132582,0.127274,0.000000,0.000000,0.000000,0.174668,0.187363,0.130620,0.000000,0.000000,0.000000,0.000000,0.000000,0.000000,0.116944,sleep_at_bed,1,480,10151,bed,none,evening,,0.000000,1.000000,0,none,,8.804782,8.804782,completed,60,7,rain,17.000000
2,1128,3448262921,176,Day 8 01:11,none,,8.804782,8.804782,completed,0.080000,0.140307,0.075252,0.920000,0.441667,0.497333,0.398388,0.000000,0.000000,10,1,1,1,0,0,0,1,1,1,1,1,0,0,1,0,1,0.173543,0.000000,0.161990,0.000000,0.000000,0.000000,0.154609,0.000000,0.190678,0.181353,0.000000,0.000000,0.000000,0.000000,0.000000,0.137827,use_phone,1,25,10176,phone,none,,,0.000000,1.000000,0,none,,8.804782,8.804782,completed,60,7,rain,17.000000
2,1128,3448262921,177,Day 8 01:36,none,,8.804782,8.804782,completed,0.000000,0.232786,0.075252,0.951667,0.462500,0.514000,0.398388,0.095000,0.085000,10,1,1,1,0,0,0,1,1,1,1,1,0,0,1,0,1,0.162579,0.000000,0.154807,0.000000,0.000000,0.000000,0.168379,0.000000,0.193048,0.184030,0.000000,0.000000,0.000000,0.000000,0.000000,0.137157,rest_at_bed,1,60,10236,bed,none,,,0.000000,1.000000,0,none,,8.804782,8.804782,completed,60,7,rain,17.000000
2,1128,3448262921,178,Day 8 02:36,none,,8.804782,8.804782,completed,0.060000,0.000000,0.075252,0.981667,0.512500,0.554000,0.398388,0.000000,0.049000,10,1,1,1,0,0,0,1,1,1,1,1,0,0,1,0,1,0.202160,0.000000,0.186911,0.000000,0.000000,0.000000,0.000000,0.000000,0.230296,0.220754,0.000000,0.000000,0.000000,0.000000,0.000000,0.159879,use_phone,1,25,10261,phone,none,,,0.000000,1.000000,0,none,,8.804782,8.804782,completed,60,7,rain,17.000000
2,1128,3448262921,179,Day 8 03:01,none,,8.804782,8.804782,completed,0.000000,0.092479,0.075252,1.000000,0.533333,0.570667,0.398388,0.095000,0.134000,10,1,1,1,0,0,0,1,1,1,1,1,0,0,1,0,1,0.142135,0.131024,0.133704,0.000000,0.000000,0.000000,0.134781,0.000000,0.173349,0.166548,0.000000,0.000000,0.000000,0.000000,0.000000,0.118460,idle,1,10,10271,,none,,,0.000000,1.000000,0,none,,8.804782,8.804782,completed,60,7,rain,17.000000
2,1128,3448262921,180,Day 8 03:11,none,,8.804782,8.804782,completed,0.123333,0.096479,0.075252,0.946667,0.541667,0.577333,0.398388,0.085000,0.128000,10,1,1,1,0,0,0,1,1,1,1,1,0,0,1,0,1,0.148285,0.128983,0.137273,0.000000,0.000000,0.000000,0.132269,0.000000,0.171145,0.164583,0.000000,0.000000,0.000000,0.000000,0.000000,0.117462,use_phone,1,25,10296,phone,none,,,0.000000,1.000000,0,none,,8.804782,8.804782,completed,60,7,rain,17.000000
2,1128,3448262921,181,Day 8 03:36,none,,8.804782,8.804782,completed,0.000000,0.188958,0.075252,0.978333,0.562500,0.594000,0.398388,0.180000,0.213000,10,1,1,1,0,0,0,1,1,1,1,1,0,0,1,0,1,0.135803,0.135749,0.128979,0.000000,0.000000,0.000000,0.143716,0.000000,0.172871,0.166625,0.000000,0.000000,0.000000,0.000000,0.000000,0.116255,go_to_bathroom,1,15,10311,door,none,,,0.000000,1.000000,0,none,,8.804782,8.804782,completed,60,7,rain,17.000000
2,1128,3448262921,182,Day 8 03:51,none,,8.804782,8.804782,completed,0.005000,0.194958,0.075252,1.000000,0.575000,0.000000,0.398388,0.165000,0.204000,10,1,1,1,0,0,0,1,1,1,1,1,0,0,1,0,1,0.164702,0.162832,0.156370,0.000000,0.000000,0.000000,0.173040,0.000000,0.000000,0.202724,0.000000,0.000000,0.000000,0.000000,0.000000,0.140331,rest_at_bed,1,60,10371,bed,none,,,0.000000,1.000000,0,none,,8.804782,8.804782,completed,60,7,rain,17.000000
2,1128,3448262921,183,Day 8 04:51,none,,8.804782,8.804782,completed,0.065000,0.000000,0.075252,1.000000,0.625000,0.040000,0.398388,0.000000,0.168000,10,1,1,1,0,0,0,1,1,1,1,1,0,0,1,0,1,0.209260,0.186689,0.193349,0.000000,0.000000,0.000000,0.000000,0.000000,0.000000,0.245537,0.000000,0.000000,0.000000,0.000000,0.000000,0.165165,get_meal,1,35,10406,door,none,,,0.000000,1.000000,0,none,,8.804782,8.804782,completed,60,7,rain,17.000000
2,1128,3448262921,184,Day 8 05:26,none,,8.804782,8.804782,completed,0.036667,0.014000,0.075252,1.000000,0.104167,0.063333,0.398388,0.000000,0.147000,10,1,1,1,0,0,0,1,1,1,1,1,0,0,1,0,1,0.276337,0.246229,0.256589,0.000000,0.000000,0.000000,0.000000,0.000000,0.000000,0.000000,0.000000,0.000000,0.000000,0.000000,0.000000,0.220845,idle,1,10,10416,,none,,,0.000000,1.000000,0,none,,8.804782,8.804782,completed,60,7,rain,17.000000
2,1128,3448262921,185,Day 8 05:36,none,,8.804782,8.804782,completed,0.160000,0.018000,0.075252,0.946667,0.112500,0.070000,0.398388,0.000000,0.141000,10,1,1,1,0,0,0,1,1,1,1,1,0,0,1,0,1,0.284272,0.239530,0.259801,0.000000,0.000000,0.000000,0.000000,0.000000,0.000000,0.000000,0.000000,0.000000,0.000000,0.000000,0.000000,0.216397,use_computer,1,30,10446,computer,none,,,0.000000,1.000000,0,none,,8.804782,8.804782,completed,60,7,rain,17.000000
2,1128,3448262921,186,Day 8 06:06,none,,8.804782,8.804782,completed,0.010000,0.132087,0.075252,0.936667,0.137500,0.090000,0.398388,0.080000,0.123000,10,1,1,1,0,0,0,1,1,1,1,1,0,0,1,0,1,0.267952,0.000000,0.252538,0.000000,0.000000,0.000000,0.257035,0.000000,0.000000,0.000000,0.000000,0.000000,0.000000,0.000000,0.000000,0.222475,use_computer,1,30,10476,computer,none,,,0.000000,1.000000,0,none,,8.804782,8.804782,completed,60,7,rain,17.000000
2,1128,3448262921,187,Day 8 06:36,none,,8.804782,8.804782,completed,0.000000,0.246175,0.075252,0.926667,0.162500,0.110000,0.398388,0.160000,0.105000,10,1,1,1,0,0,0,1,1,1,1,1,0,0,1,0,1,0.206691,0.000000,0.197224,0.000000,0.000000,0.000000,0.224138,0.000000,0.000000,0.194896,0.000000,0.000000,0.000000,0.000000,0.000000,0.177050,get_meal,1,35,10511,door,none,,,0.000000,1.000000,0,none,,8.804782,8.804782,completed,60,7,rain,17.000000
2,1128,3448262921,188,Day 8 07:11,none,,8.804782,8.804782,completed,0.000000,0.260175,0.075252,1.000000,0.000000,0.133333,0.398388,0.125000,0.084000,10,1,1,1,0,0,0,1,1,1,1,1,0,0,1,0,1,0.257858,0.000000,0.246221,0.000000,0.000000,0.000000,0.276445,0.000000,0.000000,0.000000,0.000000,0.000000,0.000000,0.000000,0.000000,0.219476,use_phone,1,25,10536,phone,none,,,0.000000,1.000000,0,none,,8.804782,8.804782,completed,60,7,rain,17.000000
2,1128,3448262921,189,Day 8 07:36,none,,8.804782,8.804782,completed,0.000000,0.352654,0.075252,1.000000,0.020833,0.150000,0.398388,0.220000,0.169000,10,1,1,1,0,0,0,1,1,1,1,1,0,0,1,0,1,0.166876,0.165590,0.160848,0.000000,0.000000,0.000000,0.200312,0.000000,0.160216,0.000000,0.000000,0.000000,0.000000,0.000000,0.000000,0.146158,go_to_bathroom,1,15,10551,door,none,,,0.000000,1.000000,0,none,,8.804782,8.804782,completed,60,7,rain,17.000000
2,1128,3448262921,190,Day 8 07:51,none,,8.804782,8.804782,completed,0.005000,0.358654,0.075252,1.000000,0.033333,0.000000,0.398388,0.205000,0.160000,10,1,1,1,0,0,0,1,1,1,1,1,0,0,1,0,1,0.199665,0.195955,0.192385,0.000000,0.000000,0.000000,0.237941,0.000000,0.000000,0.000000,0.000000,0.000000,0.000000,0.000000,0.000000,0.174054,use_computer,1,30,10581,computer,none,,,0.000000,1.000000,0,none,,8.804782,8.804782,completed,60,7,rain,17.000000
2,1128,3448262921,191,Day 8 08:21,none,,8.804782,8.804782,completed,0.000000,0.472741,0.075252,0.990000,0.058333,0.020000,0.398388,0.285000,0.142000,10,1,1,1,0,0,0,1,1,1,1,1,0,0,1,0,1,0.150230,0.149965,0.146457,0.000000,0.000000,0.000000,0.201913,0.216593,0.000000,0.000000,0.000000,0.000000,0.000000,0.000000,0.000000,0.134842,rest_at_bed,1,60,10641,bed,none,alarm-rings,,0.000000,1.000000,0,none,,8.804782,8.804782,completed,60,7,rain,17.000000
2,1128,3448262921,192,Day 8 09:21,none,,8.804782,8.804782,completed,0.090000,0.217614,0.075252,1.000000,0.108333,0.060000,0.434335,0.085000,0.106000,11,1,1,1,0,0,0,1,1,1,1,1,0,1,1,0,1,0.204353,0.000000,0.192014,0.000000,0.000000,0.000000,0.199285,0.000000,0.000000,0.000000,0.000000,0.000000,0.238584,0.000000,0.000000,0.165764,use_phone,1,25,10666,phone,none,,,0.000000,1.000000,0,none,,8.804782,8.804782,completed,60,7,rain,17.000000
2,1128,3448262921,193,Day 8 09:46,none,,8.804782,8.804782,completed,0.000000,0.310093,0.075252,1.000000,0.129167,0.076667,0.434335,0.180000,0.191000,11,1,1,1,0,0,0,1,1,1,1,1,0,1,1,0,1,0.160975,0.160173,0.154500,0.000000,0.000000,0.000000,0.183353,0.000000,0.000000,0.000000,0.000000,0.000000,0.201741,0.000000,0.000000,0.139258,use_phone,1,25,10691,phone,none,,,0.000000,1.000000,0,none,,8.804782,8.804782,completed,60,7,rain,17.000000
2,1128,3448262921,194,Day 8 10:11,none,,8.804782,8.804782,completed,0.000000,0.402572,0.075252,1.000000,0.150000,0.093333,0.434335,0.275000,0.276000,11,1,1,1,0,0,0,1,1,1,1,1,0,1,1,0,1,0.113287,0.122961,0.109756,0.000000,0.000000,0.000000,0.144477,0.152472,0.000000,0.110101,0.000000,0.000000,0.146097,0.000000,0.000000,0.100848,sleep_at_bed,1,287,10978,bed,none,message-study-group|weather-rain|room-temperature-shift,,0.000000,1.000000,0,none,,8.804782,8.804782,completed,60,8,rain,17.000000
2,1128,3448262921,195,Day 8 14:58,none,,8.804782,8.804782,completed,0.015667,0.001609,0.075252,0.984333,0.389167,0.284667,0.434335,0.000000,0.103800,11,1,1,1,0,0,0,1,1,1,1,1,0,1,1,0,1,0.169641,0.000000,0.157783,0.000000,0.000000,0.000000,0.000000,0.000000,0.164017,0.174382,0.000000,0.000000,0.197613,0.000000,0.000000,0.136563,idle,1,10,10988,,none,,,0.000000,1.000000,0,none,,8.804782,8.804782,completed,60,8,rain,17.000000
2,1128,3448262921,196,Day 8 15:08,none,,8.804782,8.804782,completed,0.139000,0.005609,0.075252,0.931000,0.397500,0.291333,0.434335,0.000000,0.097800,11,1,1,1,0,0,0,1,1,1,1,1,0,1,1,0,1,0.176220,0.000000,0.161322,0.000000,0.000000,0.000000,0.000000,0.000000,0.161586,0.171955,0.000000,0.000000,0.193794,0.000000,0.000000,0.135123,go_to_bathroom,1,15,11003,door,none,,,0.000000,1.000000,0,none,,8.804782,8.804782,completed,60,8,rain,17.000000
2,1128,3448262921,197,Day 8 15:23,none,,8.804782,8.804782,completed,0.144000,0.011609,0.075252,1.000000,0.410000,0.000000,0.434335,0.000000,0.088800,11,1,1,1,0,0,0,1,1,1,1,1,0,1,1,0,1,0.210049,0.000000,0.192265,0.000000,0.000000,0.000000,0.000000,0.000000,0.000000,0.206285,0.000000,0.000000,0.230575,0.000000,0.000000,0.160826,turn_off_alarm,1,1,11004,alarm,none,,,0.000000,1.000000,0,none,,8.804782,8.804782,completed,60,8,rain,17.000000
2,1128,3448262921,198,Day 8 15:24,none,,8.804782,8.804782,completed,0.144333,0.012009,0.075252,1.000000,0.410833,0.000667,0.414335,0.000000,0.088200,10,1,1,1,0,0,0,1,1,1,1,1,0,0,1,0,1,0.272969,0.000000,0.249856,0.000000,0.000000,0.000000,0.000000,0.000000,0.000000,0.268193,0.000000,0.000000,0.000000,0.000000,0.000000,0.208982,idle,1,10,11014,,none,,,0.000000,1.000000,0,none,,8.804782,8.804782,completed,60,8,rain,17.000000
2,1128,3448262921,199,Day 8 15:34,none,,8.804782,8.804782,completed,0.267667,0.016009,0.075252,0.946667,0.419167,0.007333,0.414335,0.000000,0.082200,10,1,1,1,0,0,0,1,1,1,1,1,0,0,1,0,1,0.280678,0.000000,0.252868,0.000000,0.000000,0.000000,0.000000,0.000000,0.000000,0.261776,0.000000,0.000000,0.000000,0.000000,0.000000,0.204679,use_phone,1,25,11039,phone,none,,,0.000000,1.000000,0,none,,8.804782,8.804782,completed,60,8,rain,17.000000
2,1128,3448262921,200,Day 8 15:59,none,,8.804782,8.804782,completed,0.056000,0.108488,0.075252,0.978333,0.440000,0.024000,0.414335,0.095000,0.167200,10,1,1,1,0,0,0,1,1,1,1,1,0,0,1,0,1,0.176050,0.162370,0.164621,0.000000,0.000000,0.000000,0.164065,0.000000,0.000000,0.189197,0.000000,0.000000,0.000000,0.000000,0.000000,0.143697,use_phone,1,25,11064,phone,none,,,0.000000,1.000000,0,none,,8.804782,8.804782,completed,60,8,rain,17.000000
2,1128,3448262921,201,Day 8 16:24,none,,8.804782,8.804782,completed,0.000000,0.200967,0.075252,1.000000,0.460833,0.040667,0.414335,0.190000,0.252200,10,1,1,1,0,0,0,1,1,1,1,1,0,0,1,0,1,0.164959,0.169934,0.156856,0.000000,0.000000,0.000000,0.176709,0.000000,0.000000,0.189874,0.000000,0.000000,0.000000,0.000000,0.000000,0.141668,get_meal,1,35,11099,door,none,,,0.000000,1.000000,0,none,,8.804782,8.804782,completed,60,8,rain,17.000000
2,1128,3448262921,202,Day 8 16:59,none,,8.804782,8.804782,completed,0.000000,0.214967,0.075252,1.000000,0.000000,0.064000,0.414335,0.155000,0.231200,10,1,1,1,0,0,0,1,1,1,1,1,0,0,1,0,1,0.205215,0.207056,0.195273,0.000000,0.000000,0.000000,0.217335,0.000000,0.000000,0.000000,0.000000,0.000000,0.000000,0.000000,0.000000,0.175121,use_computer,1,30,11129,computer,none,,,0.000000,1.000000,0,none,,8.804782,8.804782,completed,60,8,rain,17.000000
2,1128,3448262921,203,Day 8 17:29,none,,8.804782,8.804782,completed,0.000000,0.329054,0.075252,0.990000,0.025000,0.084000,0.414335,0.235000,0.213200,10,1,1,1,0,0,0,1,1,1,1,1,0,0,1,0,1,0.197834,0.202600,0.190340,0.000000,0.000000,0.000000,0.235743,0.000000,0.000000,0.000000,0.000000,0.000000,0.000000,0.000000,0.000000,0.173482,use_phone,1,25,11154,phone,none,,,0.000000,1.000000,0,none,,8.804782,8.804782,completed,60,8,rain,17.000000
2,1128,3448262921,204,Day 8 17:54,none,,8.804782,8.804782,completed,0.000000,0.421533,0.075252,1.000000,0.045833,0.100667,0.414335,0.330000,0.298200,10,1,1,1,0,0,0,1,1,1,1,1,0,0,1,0,1,0.148322,0.165691,0.144050,0.000000,0.000000,0.000000,0.197892,0.210206,0.000000,0.000000,0.000000,0.000000,0.000000,0.000000,0.000000,0.133839,sleep_at_bed,1,480,11634,bed,none,evening,,0.000000,1.000000,0,none,,8.804782,8.804782,completed,60,8,rain,17.000000
2,1128,3448262921,205,Day 9 01:54,none,,8.804782,8.804782,completed,0.080000,0.087110,0.075252,0.920000,0.445833,0.420667,0.414335,0.000000,0.010200,10,1,1,1,0,0,0,1,1,1,1,1,0,0,1,0,1,0.176650,0.000000,0.164131,0.000000,0.000000,0.000000,0.152026,0.000000,0.183289,0.184256,0.000000,0.000000,0.000000,0.000000,0.000000,0.139648,idle,1,10,11644,,none,,,0.000000,1.000000,0,none,,8.804782,8.804782,completed,60,8,rain,17.000000
2,1128,3448262921,206,Day 9 02:04,none,,8.804782,8.804782,completed,0.203333,0.091110,0.075252,0.866667,0.454167,0.427333,0.414335,0.000000,0.004200,10,1,1,1,0,0,0,1,1,1,1,1,0,0,1,0,1,0.183287,0.000000,0.167617,0.000000,0.000000,0.000000,0.149238,0.000000,0.180362,0.181481,0.000000,0.000000,0.000000,0.000000,0.000000,0.138015,get_meal,1,35,11679,door,none,,,0.000000,1.000000,0,none,,8.804782,8.804782,completed,60,8,rain,17.000000
2,1128,3448262921,207,Day 9 02:39,none,,8.804782,8.804782,completed,0.175000,0.105110,0.075252,0.975140,0.000000,0.450667,0.414335,0.000000,0.000000,10,1,1,1,0,0,0,1,1,1,1,1,0,0,1,0,1,0.220826,0.000000,0.202946,0.000000,0.000000,0.000000,0.183821,0.000000,0.224040,0.000000,0.000000,0.000000,0.000000,0.000000,0.000000,0.168367,use_phone,1,25,11704,phone,none,,,0.000000,1.000000,0,none,,8.804782,8.804782,completed,60,8,rain,17.000000
2,1128,3448262921,208,Day 9 03:04,none,,8.804782,8.804782,completed,0.000000,0.197589,0.075252,1.000000,0.020833,0.467333,0.414335,0.095000,0.085000,10,1,1,1,0,0,0,1,1,1,1,1,0,0,1,0,1,0.202075,0.000000,0.191828,0.000000,0.000000,0.000000,0.204470,0.000000,0.231670,0.000000,0.000000,0.000000,0.000000,0.000000,0.000000,0.169957,rest_at_bed,1,60,11764,bed,none,,,0.000000,1.000000,0,none,,8.804782,8.804782,completed,60,8,rain,17.000000
2,1128,3448262921,209,Day 9 04:04,none,,8.804782,8.804782,completed,0.060000,0.000000,0.075252,1.000000,0.070833,0.507333,0.414335,0.000000,0.049000,10,1,1,1,0,0,0,1,1,1,1,1,0,0,1,0,1,0.261872,0.000000,0.242119,0.000000,0.000000,0.000000,0.000000,0.000000,0.288909,0.000000,0.000000,0.000000,0.000000,0.000000,0.000000,0.207101,use_phone,1,25,11789,phone,none,,,0.000000,1.000000,0,none,,8.804782,8.804782,completed,60,8,rain,17.000000
2,1128,3448262921,210,Day 9 04:29,none,,8.804782,8.804782,completed,0.000000,0.092479,0.075252,1.000000,0.091667,0.524000,0.414335,0.095000,0.134000,10,1,1,1,0,0,0,1,1,1,1,1,0,0,1,0,1,0.171696,0.158274,0.161511,0.000000,0.000000,0.000000,0.162625,0.000000,0.202797,0.000000,0.000000,0.000000,0.000000,0.000000,0.000000,0.143097,go_to_bathroom,1,15,11804,door,none,,,0.000000,1.000000,0,none,,8.804782,8.804782,completed,60,8,rain,17.000000
2,1128,3448262921,211,Day 9 04:44,none,,8.804782,8.804782,completed,0.005000,0.098479,0.075252,1.000000,0.104167,0.000000,0.414335,0.080000,0.125000,10,1,1,1,0,0,0,1,1,1,1,1,0,0,1,0,1,0.269528,0.000000,0.253451,0.000000,0.000000,0.000000,0.253446,0.000000,0.000000,0.000000,0.000000,0.000000,0.000000,0.000000,0.000000,0.223576,idle,1,10,11814,,none,,,0.000000,1.000000,0,none,,8.804782,8.804782,completed,60,8,rain,17.000000
2,1128,3448262921,212,Day 9 04:54,none,,8.804782,8.804782,completed,0.128333,0.102479,0.075252,0.946667,0.112500,0.006667,0.414335,0.070000,0.119000,10,1,1,1,0,0,0,1,1,1,1,1,0,0,1,0,1,0.277905,0.000000,0.257177,0.000000,0.000000,0.000000,0.245816,0.000000,0.000000,0.000000,0.000000,0.000000,0.000000,0.000000,0.000000,0.219102,use_phone,1,25,11839,phone,none,,,0.000000,1.000000,0,none,,8.804782,8.804782,completed,60,8,rain,17.000000
2,1128,3448262921,213,Day 9 05:19,none,,8.804782,8.804782,completed,0.000000,0.194958,0.075252,0.978333,0.133333,0.023333,0.414335,0.165000,0.204000,10,1,1,1,0,0,0,1,1,1,1,1,0,0,1,0,1,0.206339,0.204428,0.196030,0.000000,0.000000,0.000000,0.217045,0.000000,0.000000,0.000000,0.000000,0.000000,0.000000,0.000000,0.000000,0.176157,use_computer,1,30,11869,computer,none,,,0.000000,1.000000,0,none,,8.804782,8.804782,completed,60,8,rain,17.000000
2,1128,3448262921,214,Day 9 05:49,none,,8.804782,8.804782,completed,0.000000,0.309045,0.075252,0.968333,0.158333,0.043333,0.414335,0.245000,0.186000,10,1,1,1,0,0,0,1,1,1,1,1,0,0,1,0,1,0.166943,0.167875,0.160364,0.000000,0.000000,0.000000,0.197585,0.000000,0.000000,0.160776,0.000000,0.000000,0.000000,0.000000,0.000000,0.146457,get_meal,1,35,11904,door,none,,,0.000000,1.000000,0,none,,8.804782,8.804782,completed,60,8,rain,17.000000
2,1128,3448262921,215,Day 9 06:24,none,,8.804782,8.804782,completed,0.000000,0.323045,0.075252,1.000000,0.000000,0.066667,0.414335,0.210000,0.165000,10,1,1,1,0,0,0,1,1,1,1,1,0,0,1,0,1,0.200482,0.197455,0.192717,0.000000,0.000000,0.000000,0.234584,0.000000,0.000000,0.000000,0.000000,0.000000,0.000000,0.000000,0.000000,0.174763,rest_at_bed,1,60,11964,bed,none,,,0.000000,1.000000,0,none,,8.804782,8.804782,completed,60,8,rain,17.000000
2,1128,3448262921,216,Day 9 07:24,none,,8.804782,8.804782,completed,0.060000,0.067918,0.075252,1.000000,0.050000,0.106667,0.414335,0.010000,0.129000,10,1,1,1,0,0,0,1,1,1,1,1,0,0,1,0,1,0.223806,0.196379,0.208177,0.000000,0.000000,0.000000,0.193209,0.000000,0.000000,0.000000,0.000000,0.000000,0.000000,0.000000,0.000000,0.178429,rest_at_bed,1,60,12024,bed,none,alarm-rings,,0.000000,1.000000,0,none,,8.804782,8.804782,completed,60,8,rain,17.000000
2,1128,3448262921,217,Day 9 08:24,none,,8.804782,8.804782,completed,0.150000,0.000000,0.075252,1.000000,0.100000,0.146667,0.450281,0.000000,0.093000,11,1,1,1,0,0,0,1,1,1,1,1,0,1,1,0,1,0.217438,0.000000,0.198672,0.000000,0.000000,0.000000,0.000000,0.000000,0.179507,0.000000,0.000000,0.000000,0.238462,0.000000,0.000000,0.165921,use_computer,1,30,12054,computer,none,,,0.000000,1.000000,0,none,,8.804782,8.804782,completed,60,8,rain,17.000000
2,1128,3448262921,218,Day 9 08:54,none,,8.804782,8.804782,completed,0.000000,0.114087,0.075252,0.990000,0.125000,0.166667,0.450281,0.080000,0.075000,11,1,1,1,0,0,0,1,1,1,1,1,0,1,1,0,1,0.170767,0.000000,0.160904,0.000000,0.000000,0.000000,0.162121,0.000000,0.157590,0.000000,0.000000,0.000000,0.206491,0.000000,0.000000,0.142127,turn_off_alarm,1,1,12055,alarm,none,,,0.000000,1.000000,0,none,,8.804782,8.804782,completed,60,8,rain,17.000000
2,1128,3448262921,219,Day 9 08:55,none,,8.804782,8.804782,completed,0.000333,0.114487,0.075252,1.000000,0.125833,0.167333,0.430281,0.079000,0.074400,10,1,1,1,0,0,0,1,1,1,1,1,0,0,1,0,1,0.215171,0.000000,0.202738,0.000000,0.000000,0.000000,0.204473,0.000000,0.198591,0.000000,0.000000,0.000000,0.000000,0.000000,0.000000,0.179027,go_to_bathroom,1,15,12070,door,none,,,0.000000,1.000000,0,none,,8.804782,8.804782,completed,60,8,rain,17.000000
2,1128,3448262921,220,Day 9 09:10,none,,8.804782,8.804782,completed,0.005333,0.120487,0.075252,1.000000,0.138333,0.000000,0.430281,0.064000,0.065400,10,1,1,1,0,0,0,1,1,1,1,1,0,0,1,0,1,0.269294,0.000000,0.253645,0.000000,0.000000,0.000000,0.254057,0.000000,0.000000,0.000000,0.000000,0.000000,0.000000,0.000000,0.000000,0.223004,use_phone,1,25,12095,phone,none,message-study-group,,0.000000,1.000000,0,none,,8.804782,8.804782,completed,60,9,rain,17.000000
2,1128,3448262921,221,Day 9 09:35,none,,8.804782,8.804782,completed,0.000000,0.212966,0.075252,1.000000,0.159167,0.016667,0.430281,0.159000,0.150400,10,1,1,1,0,0,0,1,1,1,1,1,0,0,1,0,1,0.173687,0.165906,0.165252,0.000000,0.000000,0.000000,0.183926,0.000000,0.000000,0.162910,0.000000,0.000000,0.000000,0.000000,0.000000,0.148319,get_meal,1,35,12130,door,none,,,0.000000,1.000000,0,none,,8.804782,8.804782,completed,60,9,rain,17.000000
2,1128,3448262921,222,Day 9 10:10,none,,8.804782,8.804782,completed,0.000000,0.226966,0.075252,1.000000,0.000000,0.040000,0.430281,0.124000,0.129400,10,1,1,1,0,0,0,1,1,1,1,1,0,0,1,0,1,0.209069,0.195596,0.199057,0.000000,0.000000,0.000000,0.218879,0.000000,0.000000,0.000000,0.000000,0.000000,0.000000,0.000000,0.000000,0.177399,use_phone,1,25,12155,phone,none,,,0.000000,1.000000,0,none,,8.804782,8.804782,completed,60,9,rain,17.000000
2,1128,3448262921,223,Day 9 10:35,none,,8.804782,8.804782,completed,0.000000,0.319445,0.075252,1.000000,0.020833,0.056667,0.430281,0.219000,0.214400,10,1,1,1,0,0,0,1,1,1,1,1,0,0,1,0,1,0.198927,0.203012,0.191188,0.000000,0.000000,0.000000,0.233181,0.000000,0.000000,0.000000,0.000000,0.000000,0.000000,0.000000,0.000000,0.173692,use_computer,1,30,12185,computer,none,,,0.000000,1.000000,0,none,,8.804782,8.804782,completed,60,9,rain,17.000000
2,1128,3448262921,224,Day 9 11:05,none,,8.804782,8.804782,completed,0.000000,0.433533,0.075252,0.990000,0.045833,0.076667,0.430281,0.299000,0.196400,10,1,1,1,0,0,0,1,1,1,1,1,0,0,1,0,1,0.150866,0.156271,0.146607,0.000000,0.000000,0.000000,0.198979,0.211914,0.000000,0.000000,0.000000,0.000000,0.000000,0.000000,0.000000,0.135363,use_phone,1,25,12210,phone,none,,,0.000000,1.000000,0,none,,8.804782,8.804782,completed,60,9,rain,17.000000
2,1128,3448262921,225,Day 9 11:30,none,,8.804782,8.804782,completed,0.000000,0.526012,0.075252,1.000000,0.066667,0.093333,0.430281,0.394000,0.281400,10,1,1,1,0,0,0,1,1,1,1,1,0,0,1,0,1,0.162615,0.183740,0.000000,0.000000,0.000000,0.000000,0.240138,0.263369,0.000000,0.000000,0.000000,0.000000,0.000000,0.000000,0.000000,0.150139,use_phone,1,25,12235,phone,none,,,0.000000,1.000000,0,none,,8.804782,8.804782,completed,60,9,rain,17.000000
2,1128,3448262921,226,Day 9 11:55,none,,8.804782,8.804782,completed,0.000000,0.618490,0.075252,1.000000,0.087500,0.110000,0.430281,0.489000,0.366400,10,1,1,1,0,0,0,1,1,1,1,1,0,0,1,0,1,0.000000,0.216103,0.000000,0.000000,0.000000,0.000000,0.289900,0.327419,0.000000,0.000000,0.000000,0.000000,0.000000,0.000000,0.000000,0.166578,rest_at_bed,1,60,12295,bed,none,,,0.000000,1.000000,0,none,,8.804782,8.804782,completed,60,9,rain,17.000000
2,1128,3448262921,227,Day 9 12:55,none,,8.804782,8.804782,completed,0.060000,0.363364,0.075252,1.000000,0.137500,0.150000,0.430281,0.289000,0.330400,10,1,1,1,0,0,0,1,1,1,1,1,0,0,1,0,1,0.135718,0.149028,0.130038,0.000000,0.000000,0.000000,0.165561,0.173019,0.128710,0.000000,0.000000,0.000000,0.000000,0.000000,0.000000,0.117927,use_computer,1,30,12325,computer,none,,,0.000000,1.000000,0,none,,8.804782,8.804782,completed,60,9,rain,17.000000
2,1128,3448262921,228,Day 9 13:25,none,,8.804782,8.804782,completed,0.000000,0.477451,0.075252,0.990000,0.162500,0.170000,0.430281,0.369000,0.312400,10,1,1,1,0,0,0,1,1,1,1,1,0,0,1,0,1,0.111168,0.127081,0.108551,0.000000,0.000000,0.000000,0.156946,0.169724,0.112973,0.111902,0.000000,0.000000,0.000000,0.000000,0.000000,0.101655,idle,1,10,12335,,none,weather-clear,,0.000000,1.000000,0,none,,8.804782,8.804782,completed,60,9,clear,17.000000
2,1128,3448262921,229,Day 9 13:35,none,,8.804782,8.804782,completed,0.123333,0.481451,0.075252,0.936667,0.170833,0.176667,0.430281,0.359000,0.306400,10,1,1,1,0,0,0,1,1,1,1,1,0,0,1,0,1,0.116431,0.125590,0.111884,0.000000,0.000000,0.000000,0.154622,0.167295,0.111973,0.111013,0.000000,0.000000,0.000000,0.000000,0.000000,0.101192,shop_on_phone,1,20,12355,phone,none,,,0.000000,1.000000,0,none,,8.804782,8.804782,completed,30,9,clear,17.000000
2,1128,3448262921,230,Day 9 13:55,none,,8.804782,8.804782,completed,0.130000,0.491017,0.075252,1.000000,0.187500,0.190000,0.430281,0.419000,0.000000,10,1,1,1,0,0,0,1,1,1,1,1,0,0,1,0,1,0.130288,0.000000,0.125303,0.000000,0.000000,0.000000,0.179646,0.195492,0.127812,0.126950,0.000000,0.000000,0.000000,0.000000,0.000000,0.114509,idle,1,10,12365,,none,,,0.000000,1.000000,0,none,,8.804782,8.804782,completed,30,9,clear,17.000000
2,1128,3448262921,231,Day 9 14:05,none,,8.804782,8.804782,completed,0.253333,0.495017,0.075252,0.946667,0.195833,0.196667,0.430281,0.409000,0.000000,10,1,1,1,0,0,0,1,1,1,1,1,0,0,1,0,1,0.136198,0.000000,0.128906,0.000000,0.000000,0.000000,0.176651,0.192330,0.126441,0.125703,0.000000,0.000000,0.000000,0.000000,0.000000,0.113772,sleep_at_bed,1,50,12415,bed,none,room-temperature-shift,,0.000000,1.000000,0,none,,8.804782,8.804782,completed,30,9,clear,17.000000
2,1128,3448262921,232,Day 9 14:55,none,,8.804782,8.804782,completed,0.190000,0.012344,0.075252,1.000000,0.237500,0.230000,0.430281,0.059000,0.000000,10,1,1,1,0,0,0,1,1,1,1,1,0,0,1,0,1,0.226714,0.000000,0.206457,0.000000,0.000000,0.000000,0.000000,0.000000,0.197215,0.196968,0.000000,0.000000,0.000000,0.000000,0.000000,0.172647,idle,1,10,12425,,none,,,0.000000,1.000000,0,none,,8.804782,8.804782,completed,30,9,clear,17.000000
2,1128,3448262921,233,Day 9 15:05,none,,8.804782,8.804782,completed,0.313333,0.016344,0.075252,0.946667,0.245833,0.236667,0.430281,0.049000,0.000000,10,1,1,1,0,0,0,1,1,1,1,1,0,0,1,0,1,0.234406,0.000000,0.210071,0.000000,0.000000,0.000000,0.000000,0.000000,0.192964,0.192900,0.000000,0.000000,0.000000,0.000000,0.000000,0.169659,use_phone,1,25,12450,phone,none,,,0.000000,1.000000,0,none,,8.804782,8.804782,completed,30,9,clear,17.000000
2,1128,3448262921,234,Day 9 15:30,none,,8.804782,8.804782,completed,0.101667,0.108823,0.075252,0.978333,0.266667,0.253333,0.430281,0.144000,0.085000,10,1,1,1,0,0,0,1,1,1,1,1,0,0,1,0,1,0.179456,0.000000,0.166924,0.000000,0.000000,0.000000,0.168234,0.000000,0.169834,0.170169,0.000000,0.000000,0.000000,0.000000,0.000000,0.145383,go_to_bathroom,1,15,12465,door,none,,,0.000000,1.000000,0,none,,8.804782,8.804782,completed,30,9,clear,17.000000
2,1128,3448262921,235,Day 9 15:45,none,,8.804782,8.804782,completed,0.106667,0.114823,0.075252,1.000000,0.279167,0.000000,0.430281,0.129000,0.076000,10,1,1,1,0,0,0,1,1,1,1,1,0,0,1,0,1,0.216539,0.000000,0.201346,0.000000,0.000000,0.000000,0.201532,0.000000,0.000000,0.205984,0.000000,0.000000,0.000000,0.000000,0.000000,0.174599,idle,1,10,12475,,none,,,0.000000,1.000000,0,none,,8.804782,8.804782,completed,30,9,clear,17.000000
2,1128,3448262921,236,Day 9 15:55,none,,8.804782,8.804782,completed,0.230000,0.118823,0.075252,0.946667,0.287500,0.006667,0.430281,0.119000,0.070000,10,1,1,1,0,0,0,1,1,1,1,1,0,0,1,0,1,0.224319,0.000000,0.205267,0.000000,0.000000,0.000000,0.196384,0.000000,0.000000,0.202120,0.000000,0.000000,0.000000,0.000000,0.000000,0.171910,rest_at_bed,1,60,12535,bed,none,,,0.000000,1.000000,0,none,,8.804782,8.804782,completed,30,9,clear,17.000000
2,1128,3448262921,237,Day 9 16:55,none,,8.804782,8.804782,completed,0.290000,0.000000,0.075252,0.976667,0.337500,0.046667,0.430281,0.000000,0.034000,10,1,1,1,0,0,0,1,1,1,1,1,0,0,1,0,1,0.286359,0.000000,0.256873,0.000000,0.000000,0.000000,0.000000,0.000000,0.000000,0.250077,0.000000,0.000000,0.000000,0.000000,0.000000,0.206690,get_meal,1,35,12570,door,none,,,0.000000,1.000000,0,none,,8.804782,8.804782,completed,30,9,clear,17.000000
2,1128,3448262921,238,Day 9 17:30,none,,8.804782,8.804782,completed,0.261667,0.014000,0.075252,1.000000,0.000000,0.070000,0.430281,0.000000,0.013000,10,1,1,1,0,0,0,1,1,1,1,1,0,0,1,0,1,0.379894,0.000000,0.342464,0.000000,0.000000,0.000000,0.000000,0.000000,0.000000,0.000000,0.000000,0.000000,0.000000,0.000000,0.000000,0.277643,use_phone,1,25,12595,phone,none,,,0.000000,1.000000,0,none,,8.804782,8.804782,completed,30,9,clear,17.000000
2,1128,3448262921,239,Day 9 17:55,none,,8.804782,8.804782,completed,0.050000,0.106479,0.075252,1.000000,0.020833,0.086667,0.430281,0.095000,0.098000,10,1,1,1,0,0,0,1,1,1,1,1,0,0,1,0,1,0.271298,0.000000,0.253841,0.000000,0.000000,0.000000,0.252930,0.000000,0.000000,0.000000,0.000000,0.000000,0.000000,0.000000,0.000000,0.221930,idle,1,10,12605,,none,,,0.000000,1.000000,0,none,,8.804782,8.804782,completed,30,9,clear,17.000000
2,1128,3448262921,240,Day 9 18:05,none,,8.804782,8.804782,completed,0.173333,0.110479,0.075252,0.946667,0.029167,0.093333,0.430281,0.085000,0.092000,10,1,1,1,0,0,0,1,1,1,1,1,0,0,1,0,1,0.279700,0.000000,0.257546,0.000000,0.000000,0.000000,0.245289,0.000000,0.000000,0.000000,0.000000,0.000000,0.000000,0.000000,0.000000,0.217466,idle,1,10,12615,,none,,,0.000000,1.000000,0,none,,8.804782,8.804782,completed,30,9,clear,17.000000
2,1128,3448262921,241,Day 9 18:15,none,,8.804782,8.804782,completed,0.296667,0.114479,0.075252,0.893333,0.037500,0.100000,0.430281,0.075000,0.086000,10,1,1,1,0,0,0,1,1,1,1,1,0,0,1,0,1,0.288179,0.000000,0.261138,0.000000,0.000000,0.000000,0.237727,0.000000,0.000000,0.000000,0.000000,0.000000,0.000000,0.000000,0.000000,0.212956,rest_at_bed,1,60,12675,bed,none,evening,,0.000000,1.000000,0,none,,8.804782,8.804782,completed,30,9,clear,17.000000
2,1128,3448262921,242,Day 9 19:15,none,,8.804782,8.804782,completed,0.356667,0.000000,0.075252,0.923333,0.087500,0.140000,0.430281,0.000000,0.050000,10,1,1,1,0,0,0,1,1,1,1,1,0,0,1,0,1,0.299589,0.000000,0.266395,0.000000,0.000000,0.000000,0.000000,0.000000,0.223429,0.000000,0.000000,0.000000,0.000000,0.000000,0.000000,0.210587,go_to_bathroom,1,15,12690,door,none,,,0.000000,1.000000,0,none,,8.804782,8.804782,completed,30,9,clear,17.000000
2,1128,3448262921,243,Day 9 19:30,none,,8.804782,8.804782,completed,0.361667,0.006000,0.075252,0.998474,0.100000,0.000000,0.430281,0.000000,0.041000,10,1,1,1,0,0,0,1,1,1,1,1,0,0,1,0,1,0.385956,0.000000,0.343146,0.000000,0.000000,0.000000,0.000000,0.000000,0.000000,0.000000,0.000000,0.000000,0.000000,0.000000,0.000000,0.270898,use_phone,1,25,12715,phone,none,,,0.000000,1.000000,0,none,,8.804782,8.804782,completed,30,9,clear,17.000000
2,1128,3448262921,244,Day 9 19:55,none,,8.804782,8.804782,completed,0.150000,0.098479,0.075252,1.000000,0.120833,0.016667,0.430281,0.095000,0.126000,10,1,1,1,0,0,0,1,1,1,1,1,0,0,1,0,1,0.224497,0.193273,0.207164,0.000000,0.000000,0.000000,0.198695,0.000000,0.000000,0.000000,0.000000,0.000000,0.000000,0.000000,0.000000,0.176370,use_computer,1,30,12745,computer,none,,,0.000000,1.000000,0,none,,8.804782,8.804782,completed,30,9,clear,17.000000
2,1128,3448262921,245,Day 9 20:25,none,,8.804782,8.804782,completed,0.000000,0.212566,0.075252,0.990000,0.145833,0.036667,0.430281,0.175000,0.108000,10,1,1,1,0,0,0,1,1,1,1,1,0,0,1,0,1,0.207902,0.000000,0.197845,0.000000,0.000000,0.000000,0.222148,0.000000,0.000000,0.193959,0.000000,0.000000,0.000000,0.000000,0.000000,0.178147,idle,1,10,12755,,none,,,0.000000,1.000000,0,none,,8.804782,8.804782,completed,30,9,clear,17.000000
2,1128,3448262921,246,Day 9 20:35,none,,8.804782,8.804782,completed,0.123333,0.216566,0.075252,0.936667,0.154167,0.043333,0.430281,0.165000,0.102000,10,1,1,1,0,0,0,1,1,1,1,1,0,0,1,0,1,0.215530,0.000000,0.201846,0.000000,0.000000,0.000000,0.216632,0.000000,0.000000,0.190461,0.000000,0.000000,0.000000,0.000000,0.000000,0.175532,rest_at_bed,1,60,12815,bed,none,,,0.000000,1.000000,0,none,,8.804782,8.804782,completed,30,9,clear,17.000000
2,1128,3448262921,247,Day 9 21:35,none,,8.804782,8.804782,completed,0.183333,0.000000,0.075252,0.966667,0.204167,0.083333,0.430281,0.000000,0.066000,10,1,1,1,0,0,0,1,1,1,1,1,0,0,1,0,1,0.285424,0.000000,0.259650,0.000000,0.000000,0.000000,0.000000,0.000000,0.000000,0.239993,0.000000,0.000000,0.000000,0.000000,0.000000,0.214933,use_computer,1,30,12845,computer,none,,,0.000000,1.000000,0,none,,8.804782,8.804782,completed,30,9,clear,17.000000
2,1128,3448262921,248,Day 9 22:05,none,,8.804782,8.804782,completed,0.033333,0.114087,0.075252,0.956667,0.229167,0.103333,0.430281,0.080000,0.048000,10,1,1,1,0,0,0,1,1,1,1,1,0,0,1,0,1,0.215613,0.000000,0.202271,0.000000,0.000000,0.000000,0.201808,0.000000,0.000000,0.203217,0.000000,0.000000,0.000000,0.000000,0.000000,0.177091,use_computer,1,30,12875,computer,none,,,0.000000,1.000000,0,none,,8.804782,8.804782,completed,30,9,clear,17.000000
2,1128,3448262921,249,Day 9 22:35,none,,8.804782,8.804782,completed,0.000000,0.228175,0.075252,0.946667,0.254167,0.123333,0.430281,0.160000,0.030000,10,1,1,1,0,0,0,1,1,1,1,1,0,0,1,0,1,0.205008,0.000000,0.195312,0.000000,0.000000,0.000000,0.219305,0.000000,0.000000,0.205041,0.000000,0.000000,0.000000,0.000000,0.000000,0.175334,use_computer,1,30,12905,computer,none,,,0.000000,1.000000,0,none,,8.804782,8.804782,completed,30,9,clear,17.000000
2,1128,3448262921,250,Day 9 23:05,none,,8.804782,8.804782,completed,0.000000,0.342262,0.075252,0.936667,0.279167,0.143333,0.430281,0.240000,0.012000,10,1,1,1,0,0,0,1,1,1,1,1,0,0,1,0,1,0.165299,0.000000,0.159231,0.000000,0.000000,0.000000,0.198961,0.000000,0.158520,0.172715,0.000000,0.000000,0.000000,0.000000,0.000000,0.145275,go_to_bathroom,1,15,12920,door,none,,,0.000000,1.000000,0,none,,8.804782,8.804782,completed,30,9,clear,17.000000
2,1128,3448262921,251,Day 9 23:20,none,,8.804782,8.804782,completed,0.005000,0.348262,0.075252,1.000000,0.291667,0.000000,0.430281,0.225000,0.003000,10,1,1,1,0,0,0,1,1,1,1,1,0,0,1,0,1,0.196819,0.000000,0.189527,0.000000,0.000000,0.000000,0.235189,0.000000,0.000000,0.206302,0.000000,0.000000,0.000000,0.000000,0.000000,0.172163,use_computer,1,30,12950,computer,none,,,0.000000,1.000000,0,none,,8.804782,8.804782,completed,30,9,clear,17.000000
2,1128,3448262921,252,Day 9 23:50,none,,8.804782,8.804782,completed,0.000000,0.462350,0.075252,0.990000,0.316667,0.020000,0.430281,0.305000,0.000000,10,1,1,1,0,0,0,1,1,1,1,1,0,0,1,0,1,0.147779,0.000000,0.143979,0.000000,0.000000,0.000000,0.199160,0.213782,0.000000,0.162202,0.000000,0.000000,0.000000,0.000000,0.000000,0.133098,idle,1,10,12960,,none,,,0.000000,1.000000,0,none,,8.804782,8.804782,completed,30,9,clear,17.000000
2,1128,3448262921,253,Day 10 00:00,none,,8.804782,8.804782,completed,0.123333,0.466350,0.075252,0.936667,0.325000,0.026667,0.430281,0.295000,0.000000,10,1,1,1,0,0,0,1,1,1,1,1,0,0,1,0,1,0.154234,0.000000,0.147880,0.000000,0.000000,0.000000,0.195523,0.209985,0.000000,0.160350,0.000000,0.000000,0.000000,0.000000,0.000000,0.132028,use_phone,1,25,12985,phone,none,,,0.000000,1.000000,0,none,,8.804782,8.804782,completed,30,9,clear,17.000000
2,1128,3448262921,254,Day 10 00:25,none,,8.804782,8.804782,completed,0.000000,0.558829,0.075252,0.968333,0.345833,0.043333,0.430281,0.390000,0.085000,10,1,1,1,0,0,0,1,1,1,1,1,0,0,1,0,1,0.138399,0.000000,0.136139,0.000000,0.000000,0.000000,0.208155,0.230212,0.000000,0.159061,0.000000,0.000000,0.000000,0.000000,0.000000,0.128034,use_computer,1,30,13015,computer,none,,,0.000000,1.000000,0,none,,8.804782,8.804782,completed,30,9,clear,17.000000
2,1128,3448262921,255,Day 10 00:55,none,,8.804782,8.804782,completed,0.000000,0.672916,0.075252,0.958333,0.370833,0.063333,0.430281,0.470000,0.067000,10,1,1,1,0,0,0,1,1,1,1,1,0,0,1,0,1,0.000000,0.000000,0.000000,0.000000,0.000000,0.000000,0.292766,0.335057,0.000000,0.207716,0.000000,0.000000,0.000000,0.000000,0.000000,0.164461,sleep_at_bed,1,480,13495,bed,none,alarm-rings,,0.000000,1.000000,0,none,,8.804782,8.804782,completed,30,9,clear,17.000000
2,1128,3448262921,256,Day 10 08:55,none,,8.804782,8.804782,completed,0.110000,0.338493,0.075252,0.878333,0.770833,0.383333,0.466228,0.000000,0.000000,11,1,1,1,0,0,0,1,1,1,1,1,0,1,1,0,1,0.138695,0.000000,0.131186,0.000000,0.000000,0.000000,0.137320,0.000000,0.141350,0.180653,0.000000,0.000000,0.160064,0.000000,0.000000,0.110731,get_meal,1,35,13530,door,none,,,0.000000,1.000000,0,none,,8.804782,8.804782,completed,30,9,clear,17.000000
