personality_index,scenario_seed,action_seed,step,decision_time,pre_commitment_status,pre_commitment_task_id,pre_task_effort,pre_task_effort_target,pre_task_status,pre_boredom,pre_fatigue,pre_task_pressure,pre_satisfaction,pre_hunger,pre_bathroom_urge,pre_anxiety,pre_screen_strain,pre_purchase_urge,known_action_count,known_use_phone,known_shop_on_phone,known_use_computer,known_study_at_computer,known_study_focused,known_study_halfhearted,known_rest_at_bed,known_sleep_at_bed,known_go_to_bathroom,known_get_meal,known_turn_light_on,known_turn_light_off,known_turn_off_alarm,known_open_curtain,known_close_curtain,known_idle,p_use_phone,p_shop_on_phone,p_use_computer,p_study_at_computer,p_study_focused,p_study_halfhearted,p_rest_at_bed,p_sleep_at_bed,p_go_to_bathroom,p_get_meal,p_turn_light_on,p_turn_light_off,p_turn_off_alarm,p_open_curtain,p_close_curtain,p_idle,chosen_action,accepted,elapsed_minutes,simulation_total_minutes,target_object_id,failure_reason,event_ids,outcome_task_id,outcome_task_effort_gained,outcome_task_settlement_variation,outcome_task_session_interrupted,post_commitment_status,post_commitment_task_id,post_task_effort,post_task_effort_target,post_task_status,post_wallet,post_unread_messages,post_weather,post_temperature_celsius
2,1104,3448072865,1,Day 1 08:00,none,,0.000000,9.109269,active,0.550000,0.150000,0.550000,0.450000,0.250000,0.150000,0.200000,0.050000,0.100000,13,1,1,1,1,1,1,1,1,1,1,0,1,0,0,1,1,0.125427,0.089104,0.110234,0.102062,0.105099,0.110213,0.094144,0.000000,0.088088,0.093716,0.000000,0.000000,0.000000,0.000000,0.000000,0.081913,go_to_bathroom,1,15,495,door,none,,,0.000000,1.000000,0,none,,0.000000,9.109269,active,120,0,clear,23.000000
2,1104,3448072865,2,Day 1 08:15,none,,0.000000,9.109269,active,0.555000,0.156000,0.550000,0.525140,0.262500,0.000000,0.200000,0.035000,0.091000,13,1,1,1,1,1,1,1,1,1,1,0,1,0,0,1,1,0.137991,0.096955,0.121233,0.111596,0.115542,0.120733,0.102826,0.000000,0.000000,0.103431,0.000000,0.000000,0.000000,0.000000,0.000000,0.089694,use_computer,1,30,525,computer,none,,,0.000000,1.000000,0,none,,0.000000,9.109269,active,120,0,clear,23.000000
2,1104,3448072865,3,Day 1 08:45,none,,0.000000,9.109269,active,0.405000,0.270087,0.643232,0.515140,0.287500,0.020000,0.219933,0.115000,0.073000,13,1,1,1,1,1,1,1,1,1,1,0,1,0,0,1,1,0.139234,0.000000,0.126147,0.128869,0.133330,0.132046,0.125078,0.000000,0.000000,0.116983,0.000000,0.000000,0.000000,0.000000,0.000000,0.098313,get_meal,1,35,560,door,none,alarm-rings|message-study-group,,0.000000,1.000000,0,none,,0.000000,9.109269,active,120,1,clear,23.000000
2,1104,3448072865,4,Day 1 09:20,none,,0.000000,9.109269,active,0.406667,0.284087,0.766464,0.623614,0.000000,0.043333,0.329282,0.080000,0.052000,14,1,1,1,1,1,1,1,1,1,1,0,1,1,0,1,1,0.133160,0.000000,0.120702,0.133355,0.139056,0.131536,0.117240,0.000000,0.000000,0.000000,0.000000,0.000000,0.132084,0.000000,0.000000,0.092867,rest_at_bed,1,60,620,bed,none,,,0.000000,1.000000,0,none,,0.000000,9.109269,active,120,1,clear,23.000000
2,1104,3448072865,5,Day 1 10:20,none,,0.000000,9.109269,active,0.466667,0.028961,0.839695,0.653614,0.050000,0.083333,0.363022,0.000000,0.016000,14,1,1,1,1,1,1,1,1,1,1,0,1,1,0,1,1,0.152639,0.000000,0.134114,0.156973,0.164039,0.150257,0.000000,0.000000,0.000000,0.000000,0.000000,0.000000,0.142370,0.000000,0.000000,0.099607,use_phone,1,25,645,phone,none,,,0.000000,1.000000,0,none,,0.000000,9.109269,active,120,1,clear,23.000000
2,1104,3448072865,6,Day 1 10:45,none,,0.000000,9.109269,active,0.255000,0.121439,0.952927,0.685281,0.070833,0.100000,0.390655,0.095000,0.101000,14,1,1,1,1,1,1,1,1,1,1,0,1,1,0,1,1,0.122256,0.000000,0.111492,0.150838,0.157988,0.133521,0.104796,0.000000,0.000000,0.000000,0.000000,0.000000,0.130250,0.000000,0.000000,0.088860,study_halfhearted,1,35,680,desk,none,,coursework,0.307850,0.921330,0,active,coursework,0.307850,9.109269,active,120,1,clear,23.000000
2,1104,3448072865,7,Day 1 11:20,active,coursework,0.307850,9.109269,active,0.316667,0.215439,0.893424,0.693614,0.100000,0.123333,0.385647,0.060000,0.080000,14,1,1,1,1,1,1,1,1,1,1,0,1,1,0,1,1,0.120242,0.000000,0.109605,0.153543,0.160919,0.141603,0.104133,0.000000,0.000000,0.000000,0.000000,0.000000,0.124406,0.000000,0.000000,0.085550,study_halfhearted,1,35,715,desk,none,,coursework,0.338807,1.013978,0,active,coursework,0.646657,9.109269,active,120,1,clear,23.000000
2,1104,3448072865,8,Day 1 11:55,active,coursework,0.646657,9.109269,active,0.378333,0.309439,0.833921,0.701947,0.129167,0.146667,0.378426,0.025000,0.059000,14,1,1,1,1,1,1,1,1,1,1,0,1,1,0,1,1,0.113698,0.000000,0.103592,0.133821,0.140334,0.128596,0.099496,0.000000,0.087084,0.000000,0.000000,0.000000,0.114194,0.000000,0.000000,0.079185,go_to_bathroom,1,15,730,door,none,,,0.000000,1.000000,0,suspended,coursework,0.646657,9.109269,active,120,1,clear,23.000000
2,1104,3448072865,9,Day 1 12:10,suspended,coursework,0.646657,9.109269,active,0.383333,0.315439,0.833921,0.777088,0.141667,0.000000,0.382953,0.010000,0.050000,14,1,1,1,1,1,1,1,1,1,1,0,1,1,0,1,1,0.124941,0.000000,0.113794,0.146245,0.154197,0.140756,0.108510,0.000000,0.000000,0.000000,0.000000,0.000000,0.124951,0.000000,0.000000,0.086605,use_phone,1,25,755,phone,none,,,0.000000,1.000000,0,suspended,coursework,0.646657,9.109269,active,120,1,clear,23.000000
2,1104,3448072865,10,Day 1 12:35,suspended,coursework,0.646657,9.109269,active,0.171667,0.407918,0.947153,0.808754,0.162500,0.016667,0.410432,0.105000,0.135000,14,1,1,1,1,1,1,1,1,1,1,0,1,1,0,1,1,0.085077,0.075175,0.080425,0.119471,0.126256,0.108666,0.091193,0.000000,0.000000,0.074165,0.000000,0.076704,0.097183,0.000000,0.000000,0.065685,turn_light_off,1,1,756,light,none,,,0.000000,1.000000,0,suspended,coursework,0.646657,9.109269,active,120,1,clear,23.000000
2,1104,3448072865,11,Day 1 12:36,suspended,coursework,0.646657,9.109269,active,0.172000,0.408318,0.947153,0.828421,0.163333,0.017333,0.410854,0.104000,0.134400,11,1,1,1,0,0,0,1,1,1,1,1,0,1,0,1,1,0.128579,0.113530,0.121546,0.000000,0.000000,0.000000,0.137753,0.000000,0.000000,0.112112,0.140402,0.000000,0.146837,0.000000,0.000000,0.099240,use_computer,1,30,786,computer,none,,,0.000000,1.000000,0,suspended,coursework,0.646657,9.109269,active,120,1,clear,23.000000
2,1104,3448072865,12,Day 1 13:06,suspended,coursework,0.646657,9.109269,active,0.022000,0.522406,1.000000,0.818421,0.188333,0.037333,0.443454,0.184000,0.116400,11,1,1,1,0,0,0,1,1,1,1,1,0,1,0,1,1,0.111406,0.000000,0.108602,0.000000,0.000000,0.000000,0.143753,0.155878,0.000000,0.108884,0.136803,0.000000,0.141105,0.000000,0.000000,0.093570,idle,1,10,796,,none,,,0.000000,1.000000,0,suspended,coursework,0.646657,9.109269,active,120,1,clear,23.000000
2,1104,3448072865,13,Day 1 13:16,suspended,coursework,0.646657,9.109269,active,0.145333,0.526406,1.000000,0.765088,0.196667,0.044000,0.468171,0.174000,0.110400,11,1,1,1,0,0,0,1,1,1,1,1,0,1,0,1,1,0.116695,0.000000,0.111951,0.000000,0.000000,0.000000,0.141390,0.153666,0.000000,0.108032,0.135254,0.000000,0.139857,0.000000,0.000000,0.093155,idle,1,10,806,,none,,,0.000000,1.000000,0,suspended,coursework,0.646657,9.109269,active,120,1,clear,23.000000
2,1104,3448072865,14,Day 1 13:26,suspended,coursework,0.646657,9.109269,active,0.268667,0.530406,1.000000,0.711754,0.205000,0.050667,0.492888,0.164000,0.104400,11,1,1,1,0,0,0,1,1,1,1,1,0,1,0,1,1,0.122178,0.000000,0.115350,0.000000,0.000000,0.000000,0.139001,0.151416,0.000000,0.107138,0.133662,0.000000,0.138555,0.000000,0.000000,0.092700,use_phone,1,25,831,phone,none,,,0.000000,1.000000,0,suspended,coursework,0.646657,9.109269,active,120,1,clear,23.000000
2,1104,3448072865,15,Day 1 13:51,suspended,coursework,0.646657,9.109269,active,0.057000,0.622885,1.000000,0.743421,0.225833,0.067333,0.524781,0.259000,0.189400,11,1,1,1,0,0,0,1,1,1,1,1,0,1,0,1,1,0.096353,0.097716,0.094417,0.000000,0.000000,0.000000,0.135249,0.152070,0.000000,0.097357,0.120106,0.000000,0.124905,0.000000,0.000000,0.081827,shop_on_phone,1,20,851,phone,none,,,0.000000,1.000000,0,suspended,coursework,0.646657,9.109269,active,90,1,clear,23.000000
2,1104,3448072865,16,Day 1 14:11,suspended,coursework,0.646657,9.109269,active,0.063667,0.632450,1.000000,0.836754,0.242500,0.080667,0.554282,0.319000,0.000000,11,1,1,1,0,0,0,1,1,1,1,1,0,1,0,1,1,0.094850,0.000000,0.093020,0.000000,0.000000,0.000000,0.137940,0.156324,0.000000,0.097941,0.119785,0.000000,0.124944,0.000000,0.093741,0.081456,close_curtain,1,1,852,window,none,,,0.000000,1.000000,0,suspended,coursework,0.646657,9.109269,active,90,1,clear,23.000000
2,1104,3448072865,17,Day 1 14:12,suspended,coursework,0.646657,9.109269,active,0.064000,0.632850,1.000000,0.846421,0.243333,0.081333,0.554761,0.318000,0.000000,11,1,1,1,0,0,0,1,1,1,1,1,0,1,1,0,1,0.104685,0.000000,0.102664,0.000000,0.000000,0.000000,0.152166,0.172460,0.000000,0.108120,0.132166,0.000000,0.137865,0.000000,0.000000,0.089875,turn_off_alarm,1,1,853,alarm,none,task-reminder,,0.000000,1.000000,0,suspended,coursework,0.646657,9.109269,active,90,1,clear,23.000000
2,1104,3448072865,18,Day 1 14:13,suspended,coursework,0.646657,9.109269,active,0.064333,0.633250,1.000000,0.876088,0.244167,0.082000,0.647065,0.317000,0.000000,10,1,1,1,0,0,0,1,1,1,1,1,0,0,1,0,1,0.121459,0.000000,0.119111,0.000000,0.000000,0.000000,0.175289,0.200007,0.000000,0.125471,0.154420,0.000000,0.000000,0.000000,0.000000,0.104243,use_computer,1,30,883,computer,none,,,0.000000,1.000000,0,suspended,coursework,0.646657,9.109269,active,90,1,clear,23.000000
2,1104,3448072865,19,Day 1 14:43,suspended,coursework,0.646657,9.109269,active,0.000000,0.747338,1.000000,0.866088,0.269167,0.102000,0.681351,0.397000,0.000000,10,1,1,1,0,0,0,1,1,1,1,1,0,0,1,0,1,0.124799,0.000000,0.000000,0.000000,0.000000,0.000000,0.208352,0.246615,0.000000,0.138813,0.168505,0.000000,0.000000,0.000000,0.000000,0.112915,turn_light_on,1,1,884,light,none,,,0.000000,1.000000,0,suspended,coursework,0.646657,9.109269,active,90,1,clear,23.000000
2,1104,3448072865,20,Day 1 14:44,suspended,coursework,0.646657,9.109269,active,0.000333,0.747738,1.000000,0.885754,0.270000,0.102667,0.681829,0.396000,0.000000,13,1,1,1,1,1,1,1,1,1,1,0,1,0,1,0,1,0.079372,0.000000,0.000000,0.119113,0.126579,0.128724,0.132443,0.156778,0.000000,0.088303,0.000000,0.096897,0.000000,0.000000,0.000000,0.071791,rest_at_bed,1,60,944,bed,none,task-deadline,,0.000000,1.000000,0,suspended,coursework,0.646657,9.109269,active,90,1,clear,23.000000
2,1104,3448072865,21,Day 1 15:44,suspended,coursework,0.646657,9.109269,active,0.060333,0.492611,1.000000,0.915754,0.320000,0.142667,0.730466,0.196000,0.000000,13,1,1,1,1,1,1,1,1,1,1,0,1,0,1,0,1,0.074240,0.000000,0.071834,0.120094,0.127899,0.131110,0.091076,0.100108,0.069417,0.077734,0.000000,0.075074,0.000000,0.000000,0.000000,0.061413,use_phone,1,25,969,phone,none,,,0.000000,1.000000,0,suspended,coursework,0.646657,9.109269,active,90,1,clear,23.000000
2,1104,3448072865,22,Day 1 16:09,suspended,coursework,0.646657,9.109269,active,0.000000,0.585090,1.000000,0.947421,0.340833,0.159333,0.762359,0.291000,0.085000,13,1,1,1,1,1,1,1,1,1,1,0,1,0,1,0,1,0.069105,0.000000,0.068034,0.116915,0.124798,0.129256,0.097424,0.110531,0.069189,0.077657,0.000000,0.076840,0.000000,0.000000,0.000000,0.060251,study_halfhearted,1,35,1004,desk,none,weather-rain,coursework,0.360904,1.080108,0,active,coursework,1.007561,9.109269,active,90,1,rain,23.000000
2,1104,3448072865,23,Day 1 16:44,active,coursework,1.007561,9.109269,active,0.061667,0.679090,0.940497,0.955754,0.370000,0.182667,0.759103,0.256000,0.064000,13,1,1,1,1,1,1,1,1,1,1,0,1,0,1,0,1,0.073000,0.000000,0.071835,0.113901,0.121654,0.098970,0.103962,0.120631,0.072190,0.081287,0.000000,0.080269,0.000000,0.000000,0.000000,0.062302,turn_light_off,1,1,1005,light,none,,,0.000000,1.000000,0,active,coursework,1.007561,9.109269,active,90,1,rain,23.000000
2,1104,3448072865,24,Day 1 16:45,active,coursework,1.007561,9.109269,active,0.062000,0.679490,0.940497,0.975421,0.370833,0.183333,0.759518,0.255000,0.063400,10,1,1,1,0,0,0,1,1,1,1,1,0,0,1,0,1,0.107956,0.000000,0.106232,0.000000,0.000000,0.000000,0.153667,0.178319,0.106772,0.120237,0.134709,0.000000,0.000000,0.000000,0.000000,0.092107,use_phone,1,25,1030,phone,none,room-temperature-shift,,0.000000,1.000000,0,active,coursework,1.007561,9.109269,active,90,1,rain,24.000000
2,1104,3448072865,25,Day 1 17:10,active,coursework,1.007561,9.109269,active,0.000000,0.771969,1.000000,1.000000,0.391667,0.200000,0.789830,0.350000,0.148400,10,1,1,1,0,0,0,1,1,1,1,1,0,0,1,0,1,0.089705,0.093614,0.089834,0.000000,0.000000,0.000000,0.146868,0.175893,0.095074,0.107311,0.121189,0.000000,0.000000,0.000000,0.000000,0.080512,shop_on_phone,1,20,1050,phone,none,,,0.000000,1.000000,0,active,coursework,1.007561,9.109269,active,60,1,rain,24.000000
2,1104,3448072865,26,Day 1 17:30,active,coursework,1.007561,9.109269,active,0.006667,0.781534,1.000000,1.000000,0.408333,0.213333,0.819331,0.410000,0.000000,10,1,1,1,0,0,0,1,1,1,1,1,0,0,1,0,1,0.107252,0.000000,0.000000,0.000000,0.000000,0.000000,0.181929,0.219608,0.115952,0.131116,0.146798,0.000000,0.000000,0.000000,0.000000,0.097344,idle,1,10,1060,,none,,,0.000000,1.000000,0,active,coursework,1.007561,9.109269,active,60,1,rain,24.000000
2,1104,3448072865,27,Day 1 17:40,active,coursework,1.007561,9.109269,active,0.130000,0.785534,1.000000,0.946667,0.416667,0.220000,0.844048,0.400000,0.000000,10,1,1,1,0,0,0,1,1,1,1,1,0,0,1,0,1,0.101608,0.000000,0.100220,0.000000,0.000000,0.000000,0.161838,0.195803,0.103955,0.117659,0.131266,0.000000,0.000000,0.000000,0.000000,0.087651,use_phone,1,25,1085,phone,none,,,0.000000,1.000000,0,active,coursework,1.007561,9.109269,active,60,1,rain,24.000000
2,1104,3448072865,28,Day 1 18:05,active,coursework,1.007561,9.109269,active,0.000000,0.878013,1.000000,0.978333,0.437500,0.236667,0.875941,0.495000,0.085000,10,1,1,1,0,0,0,1,1,1,1,1,0,0,1,0,1,0.000000,0.000000,0.000000,0.000000,0.000000,0.000000,0.209662,0.261826,0.125486,0.142355,0.157048,0.000000,0.000000,0.000000,0.000000,0.103623,turn_light_on,1,1,1086,light,none,,,0.000000,1.000000,0,active,coursework,1.007561,9.109269,active,60,1,rain,24.000000
2,1104,3448072865,29,Day 1 18:06,active,coursework,1.007561,9.109269,active,0.000333,0.878413,1.000000,0.998000,0.438333,0.237333,0.876419,0.494000,0.084400,13,1,1,1,1,1,1,1,1,1,1,0,1,0,1,0,1,0.000000,0.000000,0.000000,0.124570,0.133456,0.106028,0.134692,0.168218,0.080667,0.091519,0.000000,0.094268,0.000000,0.000000,0.000000,0.066584,go_to_bathroom,1,15,1101,door,none,,,0.000000,1.000000,0,suspended,coursework,1.007561,9.109269,active,60,1,rain,24.000000
2,1104,3448072865,30,Day 1 18:21,suspended,coursework,1.007561,9.109269,active,0.005333,0.884413,1.000000,1.000000,0.450833,0.000000,0.883595,0.479000,0.075400,13,1,1,1,1,1,1,1,1,1,1,0,1,0,1,0,1,0.000000,0.000000,0.000000,0.126125,0.135142,0.107501,0.152679,0.190926,0.000000,0.104881,0.000000,0.107040,0.000000,0.000000,0.000000,0.075706,sleep_at_bed,1,480,1581,bed,none,evening,,0.000000,1.000000,0,suspended,coursework,1.007561,9.109269,active,60,1,rain,24.000000
2,1104,3448072865,31,Day 2 02:21,suspended,coursework,1.007561,9.109269,active,0.085333,0.549990,1.000000,0.920000,0.850833,0.320000,1.000000,0.000000,0.000000,13,1,1,1,1,1,1,1,1,1,1,0,1,0,1,0,1,0.079467,0.000000,0.076804,0.112176,0.119503,0.095948,0.087472,0.098470,0.079895,0.112431,0.000000,0.075143,0.000000,0.000000,0.000000,0.062691,study_focused,1,35,1616,desk,none,,coursework,0.511416,0.918336,0,active,coursework,1.518977,9.109269,active,60,1,rain,24.000000
2,1104,3448072865,32,Day 2 02:56,active,coursework,1.518977,9.109269,active,0.117000,0.673990,0.888431,0.988333,0.880000,0.343333,0.966744,0.000000,0.000000,13,1,1,1,1,1,1,1,1,1,1,0,1,0,1,0,1,0.077091,0.000000,0.075000,0.110847,0.118672,0.097698,0.090598,0.105102,0.078435,0.110732,0.000000,0.074825,0.000000,0.000000,0.000000,0.061000,study_at_computer,1,35,1651,computer,none,,coursework,1.003742,1.082127,0,active,coursework,2.522719,9.109269,active,60,1,rain,24.000000
2,1104,3448072865,33,Day 2 03:31,active,coursework,2.522719,9.109269,active,0.148667,0.799164,0.776863,1.000000,0.909167,0.366667,0.929336,0.045000,0.000000,13,1,1,1,1,1,1,1,1,1,1,0,1,0,1,0,1,0.076384,0.000000,0.074860,0.100569,0.107758,0.093374,0.098468,0.118007,0.079426,0.112492,0.000000,0.077441,0.000000,0.000000,0.000000,0.061223,study_focused,1,35,1686,desk,none,,coursework,0.538624,0.967192,0,active,coursework,3.061343,9.109269,active,60,1,rain,24.000000
2,1104,3448072865,34,Day 2 04:06,active,coursework,3.061343,9.109269,active,0.180333,0.923164,0.665294,1.000000,0.938333,0.390000,0.887778,0.010000,0.000000,13,1,1,1,1,1,1,1,1,1,1,0,1,0,1,0,1,0.077144,0.000000,0.076065,0.091359,0.097891,0.089369,0.104111,0.128258,0.080562,0.114470,0.000000,0.079221,0.000000,0.000000,0.000000,0.061549,study_focused,1,35,1721,desk,none,,coursework,0.536178,0.962800,0,active,coursework,3.597521,9.109269,active,60,1,rain,24.000000
2,1104,3448072865,35,Day 2 04:41,active,coursework,3.597521,9.109269,active,0.212000,1.000000,0.553726,1.000000,0.967500,0.413333,0.842068,0.000000,0.000000,13,1,1,1,1,1,1,1,1,1,1,0,1,0,1,0,1,0.077940,0.000000,0.077032,0.083796,0.089787,0.086006,0.108492,0.135848,0.081855,0.116682,0.000000,0.080580,0.000000,0.000000,0.000000,0.061982,get_meal,1,35,1756,door,none,,,0.000000,1.000000,0,suspended,coursework,3.597521,9.109269,active,60,1,rain,24.000000
2,1104,3448072865,36,Day 2 05:16,suspended,coursework,3.597521,9.109269,active,0.183667,1.000000,0.553726,1.000000,0.446667,0.436667,0.842206,0.000000,0.000000,13,1,1,1,1,1,1,1,1,1,1,0,1,0,1,0,1,0.082116,0.000000,0.081462,0.079704,0.085402,0.081204,0.115834,0.145043,0.088808,0.088349,0.000000,0.086034,0.000000,0.000000,0.000000,0.066043,use_computer,1,30,1786,computer,none,,,0.000000,1.000000,0,suspended,coursework,3.597521,9.109269,active,60,1,rain,24.000000
2,1104,3448072865,37,Day 2 05:46,suspended,coursework,3.597521,9.109269,active,0.033667,1.000000,0.646958,0.990000,0.471667,0.456667,0.862258,0.080000,0.000000,13,1,1,1,1,1,1,1,1,1,1,0,1,0,1,0,1,0.074488,0.000000,0.075454,0.083639,0.089554,0.081594,0.117906,0.148494,0.089165,0.088950,0.000000,0.086317,0.000000,0.000000,0.000000,0.064438,rest_at_bed,1,60,1846,bed,none,,,0.000000,1.000000,0,suspended,coursework,3.597521,9.109269,active,60,1,rain,24.000000
2,1104,3448072865,38,Day 2 06:46,suspended,coursework,3.597521,9.109269,active,0.093667,0.744873,0.720189,1.000000,0.521667,0.496667,0.888376,0.000000,0.000000,13,1,1,1,1,1,1,1,1,1,1,0,1,0,1,0,1,0.081185,0.000000,0.079714,0.093506,0.100191,0.090509,0.101427,0.119193,0.093356,0.093647,0.000000,0.081556,0.000000,0.000000,0.000000,0.065715,use_computer,1,30,1876,computer,none,,,0.000000,1.000000,0,suspended,coursework,3.597521,9.109269,active,60,1,rain,24.000000
2,1104,3448072865,39,Day 2 07:16,suspended,coursework,3.597521,9.109269,active,0.000000,0.858961,0.813421,0.990000,0.546667,0.516667,0.913737,0.080000,0.000000,13,1,1,1,1,1,1,1,1,1,1,0,1,0,1,0,1,0.073349,0.000000,0.073722,0.094236,0.100900,0.089555,0.107546,0.131021,0.091823,0.092363,0.000000,0.082418,0.000000,0.000000,0.000000,0.063068,go_to_bathroom,1,15,1891,door,none,,,0.000000,1.000000,0,suspended,coursework,3.597521,9.109269,active,60,1,rain,24.000000
2,1104,3448072865,40,Day 2 07:31,suspended,coursework,3.597521,9.109269,active,0.005000,0.864961,0.813421,1.000000,0.559167,0.000000,0.917938,0.065000,0.000000,13,1,1,1,1,1,1,1,1,1,1,0,1,0,1,0,1,0.080906,0.000000,0.081290,0.103370,0.110760,0.100547,0.117735,0.143587,0.000000,0.102203,0.000000,0.090362,0.000000,0.000000,0.000000,0.069240,turn_light_off,1,1,1892,light,none,,,0.000000,1.000000,0,suspended,coursework,3.597521,9.109269,active,60,1,rain,24.000000
2,1104,3448072865,41,Day 2 07:32,suspended,coursework,3.597521,9.109269,active,0.005333,0.865361,0.813421,1.000000,0.560000,0.000667,0.918218,0.064000,0.000000,10,1,1,1,0,0,0,1,1,1,1,1,0,0,1,0,1,0.116735,0.000000,0.117285,0.000000,0.000000,0.000000,0.169788,0.207084,0.000000,0.147495,0.141741,0.000000,0.000000,0.000000,0.000000,0.099870,use_computer,1,30,1922,computer,none,alarm-rings,,0.000000,1.000000,0,suspended,coursework,3.597521,9.109269,active,60,1,rain,24.000000
2,1104,3448072865,42,Day 2 08:02,suspended,coursework,3.597521,9.109269,active,0.000000,0.979448,0.906653,0.990000,0.585000,0.020667,0.982499,0.144000,0.000000,11,1,1,1,0,0,0,1,1,1,1,1,0,1,1,0,1,0.093705,0.000000,0.095259,0.000000,0.000000,0.000000,0.153023,0.194030,0.000000,0.123997,0.121430,0.000000,0.136334,0.000000,0.000000,0.082222,sleep_at_bed,1,480,2402,bed,none,message-study-group|room-temperature-shift|task-reminder,,0.000000,1.000000,0,suspended,coursework,3.597521,9.109269,active,60,2,rain,24.000000
2,1104,3448072865,43,Day 2 16:02,suspended,coursework,3.597521,9.109269,active,0.080000,0.645025,1.000000,0.910000,0.985000,0.340667,1.000000,0.000000,0.000000,11,1,1,1,0,0,0,1,1,1,1,1,0,1,1,0,1,0.095919,0.000000,0.093537,0.000000,0.000000,0.000000,0.112361,0.129675,0.098871,0.149870,0.116351,0.000000,0.126958,0.000000,0.000000,0.076458,rest_at_bed,1,60,2462,bed,none,weather-rain,,0.000000,1.000000,0,suspended,coursework,3.597521,9.109269,active,60,2,rain,24.000000
2,1104,3448072865,44,Day 2 17:02,suspended,coursework,3.597521,9.109269,active,0.140000,0.389898,1.000000,0.940000,1.000000,0.380667,1.000000,0.000000,0.000000,11,1,1,1,0,0,0,1,1,1,1,1,0,1,1,0,1,0.116304,0.000000,0.110064,0.000000,0.000000,0.000000,0.112833,0.000000,0.117179,0.174528,0.134159,0.000000,0.146390,0.000000,0.000000,0.088543,turn_light_on,1,1,2463,light,none,,,0.000000,1.000000,0,suspended,coursework,3.597521,9.109269,active,60,2,rain,24.000000
2,1104,3448072865,45,Day 2 17:03,suspended,coursework,3.597521,9.109269,active,0.140333,0.390298,1.000000,0.959667,1.000000,0.381333,1.000000,0.000000,0.000000,14,1,1,1,1,1,1,1,1,1,1,0,1,1,1,0,1,0.085088,0.000000,0.080522,0.118819,0.126943,0.120785,0.082557,0.000000,0.085758,0.127670,0.000000,0.000000,0.107086,0.000000,0.000000,0.064772,rest_at_bed,1,60,2523,bed,none,evening,,0.000000,1.000000,0,suspended,coursework,3.597521,9.109269,active,60,2,rain,24.000000
2,1104,3448072865,46,Day 2 18:03,suspended,coursework,3.597521,9.109269,active,0.200333,0.135171,1.000000,0.989667,1.000000,0.421333,1.000000,0.000000,0.000000,14,1,1,1,1,1,1,1,1,1,1,0,1,1,1,0,1,0.094643,0.000000,0.086916,0.131604,0.140908,0.135575,0.000000,0.000000,0.093235,0.135040,0.000000,0.000000,0.113269,0.000000,0.000000,0.068809,study_at_computer,1,35,2558,computer,none,,coursework,0.929288,1.001859,0,active,coursework,4.526809,9.109269,active,60,2,rain,24.000000
2,1104,3448072865,47,Day 2 18:38,active,coursework,4.526809,9.109269,active,0.232000,0.260345,0.888431,1.000000,1.000000,0.444667,0.966744,0.045000,0.000000,14,1,1,1,1,1,1,1,1,1,1,0,1,1,1,0,1,0.087774,0.000000,0.081203,0.125529,0.134503,0.109654,0.077343,0.000000,0.088371,0.125961,0.000000,0.000000,0.105020,0.000000,0.000000,0.064642,study_at_computer,1,35,2593,computer,none,,coursework,0.908911,0.979890,0,active,coursework,5.435720,9.109269,active,60,2,rain,24.000000
2,1104,3448072865,48,Day 2 19:13,active,coursework,5.435720,9.109269,active,0.263667,0.385520,0.776863,1.000000,1.000000,0.468000,0.929336,0.090000,0.000000,14,1,1,1,1,1,1,1,1,1,1,0,1,1,1,0,1,0.082768,0.000000,0.077135,0.108387,0.116136,0.099738,0.080001,0.000000,0.085164,0.119460,0.000000,0.070538,0.098929,0.000000,0.000000,0.061744,study_at_computer,1,35,2628,computer,none,,coursework,1.014053,1.093244,0,active,coursework,6.449773,9.109269,active,60,2,rain,24.000000
2,1104,3448072865,49,Day 2 19:48,active,coursework,6.449773,9.109269,active,0.295333,0.510694,0.665294,1.000000,1.000000,0.491333,0.887778,0.135000,0.000000,14,1,1,1,1,1,1,1,1,1,1,0,1,1,1,0,1,0.075950,0.000000,0.071302,0.091015,0.097522,0.088250,0.080550,0.089678,0.079867,0.110249,0.000000,0.067609,0.090619,0.000000,0.000000,0.057390,rest_at_bed,1,60,2688,bed,none,,,0.000000,1.000000,0,suspended,coursework,6.449773,9.109269,active,60,2,rain,24.000000
2,1104,3448072865,50,Day 2 20:48,suspended,coursework,6.449773,9.109269,active,0.355333,0.255567,0.738526,1.000000,1.000000,0.531333,0.915065,0.000000,0.000000,14,1,1,1,1,1,1,1,1,1,1,0,1,1,1,0,1,0.098759,0.000000,0.089800,0.106883,0.114525,0.100616,0.080076,0.000000,0.098583,0.132397,0.000000,0.000000,0.109361,0.000000,0.000000,0.069000,use_phone,1,25,2713,phone,none,,,0.000000,1.000000,0,suspended,coursework,6.449773,9.109269,active,60,2,rain,24.000000
2,1104,3448072865,51,Day 2 21:13,suspended,coursework,6.449773,9.109269,active,0.143667,0.348046,0.851758,1.000000,1.000000,0.548000,0.940009,0.095000,0.085000,14,1,1,1,1,1,1,1,1,1,1,0,1,1,1,0,1,0.080684,0.000000,0.076146,0.104721,0.112208,0.093177,0.080757,0.000000,0.092592,0.122935,0.000000,0.071988,0.102004,0.000000,0.000000,0.062787,study_focused,1,35,2748,desk,none,,coursework,0.564383,1.013448,0,active,coursework,7.014157,9.109269,active,60,2,rain,24.000000
2,1104,3448072865,52,Day 2 21:48,active,coursework,7.014157,9.109269,active,0.175333,0.472046,0.740189,1.000000,1.000000,0.571333,0.901237,0.060000,0.064000,14,1,1,1,1,1,1,1,1,1,1,0,1,1,1,0,1,0.080044,0.000000,0.076003,0.104941,0.112443,0.096250,0.083858,0.000000,0.092255,0.120541,0.000000,0.072340,0.099320,0.000000,0.000000,0.062005,use_phone,1,25,2773,phone,none,,,0.000000,1.000000,0,active,coursework,7.014157,9.109269,active,60,2,rain,24.000000
2,1104,3448072865,53,Day 2 22:13,active,coursework,7.014157,9.109269,active,0.000000,0.564525,0.853421,1.000000,1.000000,0.588000,0.926225,0.155000,0.149000,14,1,1,1,1,1,1,1,1,1,1,0,1,1,1,0,1,0.060683,0.059650,0.059520,0.093798,0.100503,0.080326,0.077151,0.087450,0.079046,0.102106,0.000000,0.063649,0.084511,0.000000,0.000000,0.051607,study_at_computer,1,35,2808,computer,none,,coursework,0.891794,0.961437,0,active,coursework,7.905951,9.109269,active,60,2,rain,24.000000
2,1104,3448072865,54,Day 2 22:48,active,coursework,7.905951,9.109269,active,0.031667,0.689699,0.741853,1.000000,1.000000,0.611333,0.887515,0.200000,0.128000,14,1,1,1,1,1,1,1,1,1,1,0,1,1,1,0,1,0.060346,0.058893,0.059625,0.085393,0.091498,0.077042,0.084166,0.098545,0.080335,0.102123,0.000000,0.066114,0.083935,0.000000,0.000000,0.051984,shop_on_phone,1,20,2828,phone,none,,,0.000000,1.000000,0,active,coursework,7.905951,9.109269,active,30,2,rain,24.000000
2,1104,3448072865,55,Day 2 23:08,active,coursework,7.905951,9.109269,active,0.038333,0.699265,0.815084,1.000000,1.000000,0.624667,0.911527,0.260000,0.000000,14,1,1,1,1,1,1,1,1,1,1,0,1,1,1,0,1,0.062369,0.000000,0.061674,0.093307,0.099978,0.082649,0.090160,0.106357,0.084694,0.106682,0.000000,0.069905,0.088064,0.000000,0.000000,0.054159,sleep_at_bed,1,480,3308,bed,none,,,0.000000,1.000000,0,suspended,coursework,7.905951,9.109269,active,30,2,rain,24.000000
2,1104,3448072865,56,Day 3 07:08,suspended,coursework,7.905951,9.109269,active,0.118333,0.364842,0.918316,0.920000,1.000000,0.944667,1.000000,0.000000,0.000000,14,1,1,1,1,1,1,1,1,1,1,0,1,1,1,0,1,0.084144,0.000000,0.079683,0.113404,0.120811,0.096149,0.081179,0.000000,0.125885,0.127282,0.000000,0.000000,0.106761,0.000000,0.000000,0.064702,use_computer,1,30,3338,computer,none,,,0.000000,1.000000,0,suspended,coursework,7.905951,9.109269,active,30,2,rain,24.000000
2,1104,3448072865,57,Day 3 07:38,suspended,coursework,7.905951,9.109269,active,0.000000,0.478929,1.000000,0.910000,1.000000,0.964667,1.000000,0.080000,0.000000,14,1,1,1,1,1,1,1,1,1,1,0,1,1,1,0,1,0.065630,0.000000,0.063826,0.098775,0.105151,0.082081,0.075313,0.083580,0.108137,0.107845,0.000000,0.065041,0.090458,0.000000,0.000000,0.054163,turn_light_off,1,1,3339,light,none,,,0.000000,1.000000,0,suspended,coursework,7.905951,9.109269,active,30,2,rain,24.000000
2,1104,3448072865,58,Day 3 07:39,suspended,coursework,7.905951,9.109269,active,0.000333,0.479329,1.000000,0.929667,1.000000,0.965333,1.000000,0.079000,0.000000,11,1,1,1,0,0,0,1,1,1,1,1,0,1,1,0,1,0.089697,0.000000,0.087230,0.000000,0.000000,0.000000,0.102882,0.114181,0.147810,0.147345,0.113263,0.000000,0.123589,0.000000,0.000000,0.074002,rest_at_bed,1,60,3399,bed,none,,,0.000000,1.000000,0,suspended,coursework,7.905951,9.109269,active,30,2,rain,24.000000
2,1104,3448072865,59,Day 3 08:39,suspended,coursework,7.905951,9.109269,active,0.060333,0.224202,1.000000,0.959667,1.000000,1.000000,1.000000,0.000000,0.000000,11,1,1,1,0,0,0,1,1,1,1,1,0,1,1,0,1,0.108620,0.000000,0.102393,0.000000,0.000000,0.000000,0.098576,0.000000,0.171356,0.166797,0.128217,0.000000,0.139905,0.000000,0.000000,0.084136,go_to_bathroom,1,15,3414,door,none,,,0.000000,1.000000,0,suspended,coursework,7.905951,9.109269,active,30,2,rain,24.000000
2,1104,3448072865,60,Day 3 08:54,suspended,coursework,7.905951,9.109269,active,0.065333,0.230202,1.000000,1.000000,1.000000,0.390000,1.000000,0.000000,0.000000,11,1,1,1,0,0,0,1,1,1,1,1,0,1,1,0,1,0.115509,0.000000,0.108873,0.000000,0.000000,0.000000,0.104978,0.000000,0.119639,0.177053,0.136100,0.000000,0.148507,0.000000,0.000000,0.089341,idle,1,10,3424,,none,,,0.000000,1.000000,0,suspended,coursework,7.905951,9.109269,active,30,2,rain,24.000000
2,1104,3448072865,61,Day 3 09:04,suspended,coursework,7.905951,9.109269,active,0.188667,0.234202,1.000000,0.946667,1.000000,0.396667,1.000000,0.000000,0.000000,11,1,1,1,0,0,0,1,1,1,1,1,0,1,1,0,1,0.120777,0.000000,0.112045,0.000000,0.000000,0.000000,0.103849,0.000000,0.118639,0.174771,0.134346,0.000000,0.146593,0.000000,0.000000,0.088979,use_computer,1,30,3454,computer,none,,,0.000000,1.000000,0,suspended,coursework,7.905951,9.109269,active,30,2,rain,24.000000
2,1104,3448072865,62,Day 3 09:34,suspended,coursework,7.905951,9.109269,active,0.038667,0.348290,1.000000,0.936667,1.000000,0.416667,1.000000,0.080000,0.000000,11,1,1,1,0,0,0,1,1,1,1,1,0,1,1,0,1,0.110417,0.000000,0.105635,0.000000,0.000000,0.000000,0.114620,0.000000,0.121243,0.176171,0.135422,0.000000,0.147768,0.000000,0.000000,0.088725,go_to_bathroom,1,15,3469,door,none,,,0.000000,1.000000,0,suspended,coursework,7.905951,9.109269,active,30,2,rain,24.000000
2,1104,3448072865,63,Day 3 09:49,suspended,coursework,7.905951,9.109269,active,0.043667,0.354290,1.000000,1.000000,1.000000,0.000000,1.000000,0.065000,0.000000,11,1,1,1,0,0,0,1,1,1,1,1,0,1,1,0,1,0.126169,0.000000,0.120663,0.000000,0.000000,0.000000,0.130027,0.000000,0.000000,0.200284,0.153958,0.000000,0.167993,0.000000,0.000000,0.100906,use_computer,1,30,3499,computer,none,,,0.000000,1.000000,0,suspended,coursework,7.905951,9.109269,active,30,2,rain,24.000000
2,1104,3448072865,64,Day 3 10:19,suspended,coursework,7.905951,9.109269,active,0.000000,0.468377,1.000000,0.990000,1.000000,0.020000,1.000000,0.145000,0.000000,11,1,1,1,0,0,0,1,1,1,1,1,0,1,1,0,1,0.103644,0.000000,0.100798,0.000000,0.000000,0.000000,0.122673,0.136242,0.000000,0.172571,0.132655,0.000000,0.144748,0.000000,0.000000,0.086669,get_meal,1,35,3534,door,none,,,0.000000,1.000000,0,suspended,coursework,7.905951,9.109269,active,30,2,rain,24.000000
2,1104,3448072865,65,Day 3 10:54,suspended,coursework,7.905951,9.109269,active,0.000000,0.482377,1.000000,1.000000,0.479167,0.043333,1.000000,0.110000,0.000000,11,1,1,1,0,0,0,1,1,1,1,1,0,1,1,0,1,0.109782,0.000000,0.106843,0.000000,0.000000,0.000000,0.128461,0.142923,0.000000,0.128807,0.139618,0.000000,0.152346,0.000000,0.000000,0.091219,get_meal,1,35,3569,door,none,,,0.000000,1.000000,0,suspended,coursework,7.905951,9.109269,active,30,2,rain,24.000000
2,1104,3448072865,66,Day 3 11:29,suspended,coursework,7.905951,9.109269,active,0.000000,0.496377,1.000000,1.000000,0.000000,0.066667,1.000000,0.075000,0.000000,11,1,1,1,0,0,0,1,1,1,1,1,0,1,1,0,1,0.126769,0.000000,0.123463,0.000000,0.000000,0.000000,0.146652,0.163452,0.000000,0.000000,0.160198,0.000000,0.174802,0.000000,0.000000,0.104664,rest_at_bed,1,60,3629,bed,none,,,0.000000,1.000000,0,suspended,coursework,7.905951,9.109269,active,30,2,rain,24.000000
2,1104,3448072865,67,Day 3 12:29,suspended,coursework,7.905951,9.109269,active,0.060000,0.241250,1.000000,1.000000,0.050000,0.106667,1.000000,0.000000,0.000000,11,1,1,1,0,0,0,1,1,1,1,1,0,1,1,0,1,0.163670,0.000000,0.154522,0.000000,0.000000,0.000000,0.150158,0.000000,0.000000,0.000000,0.193514,0.000000,0.211155,0.000000,0.000000,0.126981,idle,1,10,3639,,none,,,0.000000,1.000000,0,suspended,coursework,7.905951,9.109269,active,30,2,rain,24.000000
2,1104,3448072865,68,Day 3 12:39,suspended,coursework,7.905951,9.109269,active,0.183333,0.245250,1.000000,0.946667,0.058333,0.113333,1.000000,0.000000,0.000000,11,1,1,1,0,0,0,1,1,1,1,1,0,1,1,0,1,0.170346,0.000000,0.158293,0.000000,0.000000,0.000000,0.147861,0.000000,0.000000,0.000000,0.190141,0.000000,0.207475,0.000000,0.000000,0.125884,turn_off_alarm,1,1,3640,alarm,none,,,0.000000,1.000000,0,suspended,coursework,7.905951,9.109269,active,30,2,rain,24.000000
2,1104,3448072865,69,Day 3 12:40,suspended,coursework,7.905951,9.109269,active,0.183667,0.245650,1.000000,0.976333,0.059167,0.114000,0.980478,0.000000,0.000000,10,1,1,1,0,0,0,1,1,1,1,1,0,0,1,0,1,0.214970,0.000000,0.199758,0.000000,0.000000,0.000000,0.186877,0.000000,0.000000,0.000000,0.239550,0.000000,0.000000,0.000000,0.000000,0.158845,use_computer,1,30,3670,computer,none,,,0.000000,1.000000,0,suspended,coursework,7.905951,9.109269,active,30,2,rain,24.000000
2,1104,3448072865,70,Day 3 13:10,suspended,coursework,7.905951,9.109269,active,0.033667,0.359738,1.000000,0.966333,0.084167,0.134000,1.000000,0.080000,0.000000,10,1,1,1,0,0,0,1,1,1,1,1,0,0,1,0,1,0.198303,0.000000,0.190028,0.000000,0.000000,0.000000,0.207826,0.000000,0.000000,0.000000,0.244024,0.000000,0.000000,0.000000,0.000000,0.159820,use_phone,1,25,3695,phone,none,,,0.000000,1.000000,0,suspended,coursework,7.905951,9.109269,active,30,2,rain,24.000000
2,1104,3448072865,71,Day 3 13:35,suspended,coursework,7.905951,9.109269,active,0.000000,0.452216,1.000000,0.998000,0.105000,0.150667,1.000000,0.175000,0.085000,10,1,1,1,0,0,0,1,1,1,1,1,0,0,1,0,1,0.132089,0.000000,0.128338,0.000000,0.000000,0.000000,0.157466,0.174429,0.126733,0.000000,0.169925,0.000000,0.000000,0.000000,0.000000,0.111020,turn_light_on,1,1,3696,light,none,,,0.000000,1.000000,0,suspended,coursework,7.905951,9.109269,active,30,2,rain,24.000000
2,1104,3448072865,72,Day 3 13:36,suspended,coursework,7.905951,9.109269,active,0.000333,0.452616,1.000000,1.000000,0.105833,0.151333,1.000000,0.174000,0.084400,13,1,1,1,1,1,1,1,1,1,1,0,1,0,1,0,1,0.077737,0.000000,0.075528,0.134346,0.143950,0.154157,0.092628,0.102611,0.074594,0.000000,0.000000,0.079132,0.000000,0.000000,0.000000,0.065317,study_at_computer,1,35,3731,computer,none,,coursework,1.016897,1.096309,0,active,coursework,8.922848,9.109269,active,30,2,rain,24.000000
2,1104,3448072865,73,Day 3 14:11,active,coursework,8.922848,9.109269,active,0.032000,0.577791,0.888431,1.000000,0.135000,0.174667,0.966744,0.219000,0.063400,13,1,1,1,1,1,1,1,1,1,1,0,1,0,1,0,1,0.081242,0.000000,0.079514,0.128638,0.137835,0.109902,0.106154,0.121518,0.079671,0.000000,0.000000,0.086382,0.000000,0.000000,0.000000,0.069145,idle,1,10,3741,,none,,,0.000000,1.000000,0,active,coursework,8.922848,9.109269,active,30,2,rain,24.000000
2,1104,3448072865,74,Day 3 14:21,active,coursework,8.922848,9.109269,active,0.155333,0.581791,1.000000,0.946667,0.143333,0.181333,0.990275,0.209000,0.057400,13,1,1,1,1,1,1,1,1,1,1,0,1,0,1,0,1,0.077511,0.000000,0.074657,0.123812,0.132154,0.105917,0.095107,0.109113,0.071934,0.069811,0.000000,0.077586,0.000000,0.000000,0.000000,0.062398,sleep_at_bed,1,236,3977,bed,none,weather-rain|message-study-group|task-reminder|room-temperature-shift,,0.000000,1.000000,0,suspended,coursework,8.922848,9.109269,active,30,3,rain,17.000000
2,1104,3448072865,75,Day 3 18:17,suspended,coursework,8.922848,9.109269,active,0.154000,0.197721,1.000000,0.888000,0.340000,0.338667,1.000000,0.000000,0.000000,13,1,1,1,1,1,1,1,1,1,1,0,1,0,1,0,1,0.099885,0.000000,0.092793,0.158408,0.168365,0.130584,0.085316,0.000000,0.095530,0.094745,0.000000,0.000000,0.000000,0.000000,0.000000,0.074372,study_focused,1,35,4012,desk,none,task-completed,coursework,0.560466,1.006413,0,none,,9.109269,9.109269,completed,30,3,rain,17.000000
2,1104,3448072865,76,Day 3 18:52,none,,9.109269,9.109269,completed,0.185667,0.321721,0.256210,1.000000,0.369167,0.362000,0.416744,0.000000,0.000000,10,1,1,1,0,0,0,1,1,1,1,0,1,0,1,0,1,0.179133,0.000000,0.167514,0.000000,0.000000,0.000000,0.169978,0.000000,0.173375,0.172504,0.000000,0.000000,0.000000,0.000000,0.000000,0.137496,go_to_bathroom,1,15,4027,door,none,,,0.000000,1.000000,0,none,,9.109269,9.109269,completed,30,3,rain,17.000000
2,1104,3448072865,77,Day 3 19:07,none,,9.109269,9.109269,completed,0.190667,0.327721,0.256210,1.000000,0.381667,0.000000,0.416744,0.000000,0.000000,10,1,1,1,0,0,0,1,1,1,1,0,1,0,1,0,1,0.216408,0.000000,0.202344,0.000000,0.000000,0.000000,0.205641,0.000000,0.000000,0.209743,0.000000,0.000000,0.000000,0.000000,0.000000,0.165864,use_computer,1,30,4057,computer,none,evening,,0.000000,1.000000,0,none,,9.109269,9.109269,completed,30,3,rain,17.000000
2,1104,3448072865,78,Day 3 19:37,none,,9.109269,9.109269,completed,0.040667,0.441809,0.256210,0.990000,0.406667,0.020000,0.416744,0.080000,0.000000,10,1,1,1,0,0,0,1,1,1,1,0,1,0,1,0,1,0.166827,0.000000,0.160859,0.000000,0.000000,0.000000,0.191386,0.000000,0.000000,0.181241,0.000000,0.160225,0.000000,0.000000,0.000000,0.139461,use_phone,1,25,4082,phone,none,,,0.000000,1.000000,0,none,,9.109269,9.109269,completed,30,3,rain,17.000000
2,1104,3448072865,79,Day 3 20:02,none,,9.109269,9.109269,completed,0.000000,0.534288,0.256210,1.000000,0.427500,0.036667,0.416744,0.175000,0.085000,10,1,1,1,0,0,0,1,1,1,1,0,1,0,1,0,1,0.128464,0.000000,0.125707,0.000000,0.000000,0.000000,0.168191,0.182503,0.000000,0.148408,0.000000,0.134419,0.000000,0.000000,0.000000,0.112308,rest_at_bed,1,60,4142,bed,none,,,0.000000,1.000000,0,none,,9.109269,9.109269,completed,30,3,rain,17.000000
2,1104,3448072865,80,Day 3 21:02,none,,9.109269,9.109269,completed,0.060000,0.279161,0.256210,1.000000,0.477500,0.076667,0.416744,0.000000,0.049000,10,1,1,1,0,0,0,1,1,1,1,0,1,0,1,0,1,0.207284,0.000000,0.196343,0.000000,0.000000,0.000000,0.203139,0.000000,0.000000,0.226599,0.000000,0.000000,0.000000,0.000000,0.000000,0.166634,get_meal,1,35,4177,door,none,,,0.000000,1.000000,0,none,,9.109269,9.109269,completed,30,3,rain,17.000000
2,1104,3448072865,81,Day 3 21:37,none,,9.109269,9.109269,completed,0.031667,0.293161,0.256210,1.000000,0.000000,0.100000,0.416744,0.000000,0.028000,10,1,1,1,0,0,0,1,1,1,1,0,1,0,1,0,1,0.265407,0.000000,0.252643,0.000000,0.000000,0.000000,0.265913,0.000000,0.000000,0.000000,0.000000,0.000000,0.000000,0.000000,0.000000,0.216036,use_computer,1,30,4207,computer,none,,,0.000000,1.000000,0,none,,9.109269,9.109269,completed,30,3,rain,17.000000
2,1104,3448072865,82,Day 3 22:07,none,,9.109269,9.109269,completed,0.000000,0.407248,0.256210,0.990000,0.025000,0.120000,0.416744,0.080000,0.010000,10,1,1,1,0,0,0,1,1,1,1,0,1,0,1,0,1,0.203023,0.000000,0.196220,0.000000,0.000000,0.000000,0.232299,0.000000,0.000000,0.000000,0.000000,0.196490,0.000000,0.000000,0.000000,0.171968,use_computer,1,30,4237,computer,none,,,0.000000,1.000000,0,none,,9.109269,9.109269,completed,30,3,rain,17.000000
2,1104,3448072865,83,Day 3 22:37,none,,9.109269,9.109269,completed,0.000000,0.521336,0.256210,0.980000,0.050000,0.140000,0.416744,0.160000,0.000000,10,1,1,1,0,0,0,1,1,1,1,0,1,0,1,0,1,0.133028,0.000000,0.129999,0.000000,0.000000,0.000000,0.171263,0.185057,0.127050,0.000000,0.000000,0.137813,0.000000,0.000000,0.000000,0.115790,sleep_at_bed,1,480,4717,bed,none,,,0.000000,1.000000,0,none,,9.109269,9.109269,completed,30,3,rain,17.000000
2,1104,3448072865,84,Day 4 06:37,none,,9.109269,9.109269,completed,0.080000,0.186913,0.256210,0.900000,0.450000,0.460000,0.416744,0.000000,0.000000,10,1,1,1,0,0,0,1,1,1,1,0,1,0,1,0,1,0.173166,0.000000,0.162292,0.000000,0.000000,0.000000,0.158647,0.000000,0.186198,0.182693,0.000000,0.000000,0.000000,0.000000,0.000000,0.137005,get_meal,1,35,4752,door,none,alarm-rings,,0.000000,1.000000,0,none,,9.109269,9.109269,completed,30,3,rain,17.000000
2,1104,3448072865,85,Day 4 07:12,none,,9.109269,9.109269,completed,0.081667,0.200913,0.256210,1.000000,0.000000,0.483333,0.452690,0.000000,0.000000,11,1,1,1,0,0,0,1,1,1,1,0,1,1,1,0,1,0.169583,0.000000,0.159092,0.000000,0.000000,0.000000,0.156209,0.000000,0.185370,0.000000,0.000000,0.000000,0.195502,0.000000,0.000000,0.134244,turn_off_alarm,1,1,4753,alarm,none,,,0.000000,1.000000,0,none,,9.109269,9.109269,completed,30,3,rain,17.000000
2,1104,3448072865,86,Day 4 07:13,none,,9.109269,9.109269,completed,0.082000,0.201313,0.256210,1.000000,0.000833,0.484000,0.432690,0.000000,0.000000,10,1,1,1,0,0,0,1,1,1,1,0,1,0,1,0,1,0.210718,0.000000,0.197680,0.000000,0.000000,0.000000,0.194399,0.000000,0.230413,0.000000,0.000000,0.000000,0.000000,0.000000,0.000000,0.166791,idle,1,10,4763,,none,,,0.000000,1.000000,0,none,,9.109269,9.109269,completed,30,3,rain,17.000000
2,1104,3448072865,87,Day 4 07:23,none,,9.109269,9.109269,completed,0.205333,0.205313,0.256210,0.946667,0.009167,0.490667,0.432690,0.000000,0.000000,10,1,1,1,0,0,0,1,1,1,1,0,1,0,1,0,1,0.217999,0.000000,0.201291,0.000000,0.000000,0.000000,0.190278,0.000000,0.226073,0.000000,0.000000,0.000000,0.000000,0.000000,0.000000,0.164359,idle,1,10,4773,,none,,,0.000000,1.000000,0,none,,9.109269,9.109269,completed,30,3,rain,17.000000
2,1104,3448072865,88,Day 4 07:33,none,,9.109269,9.109269,completed,0.328667,0.209313,0.256210,0.893333,0.017500,0.497333,0.432690,0.000000,0.000000,10,1,1,1,0,0,0,1,1,1,1,0,1,0,1,0,1,0.225414,0.000000,0.204861,0.000000,0.000000,0.000000,0.186147,0.000000,0.221699,0.000000,0.000000,0.000000,0.000000,0.000000,0.000000,0.161879,rest_at_bed,1,60,4833,bed,none,,,0.000000,1.000000,0,none,,9.109269,9.109269,completed,30,3,rain,17.000000
2,1104,3448072865,89,Day 4 08:33,none,,9.109269,9.109269,completed,0.388667,0.000000,0.256210,0.923333,0.067500,0.537333,0.432690,0.000000,0.000000,10,1,1,1,0,0,0,1,1,1,1,0,1,0,1,0,1,0.282547,0.000000,0.250186,0.000000,0.000000,0.000000,0.000000,0.000000,0.272701,0.000000,0.000000,0.000000,0.000000,0.000000,0.000000,0.194566,use_computer,1,30,4863,computer,none,,,0.000000,1.000000,0,none,,9.109269,9.109269,completed,30,3,rain,17.000000
2,1104,3448072865,90,Day 4 09:03,none,,9.109269,9.109269,completed,0.238667,0.114087,0.256210,0.913333,0.092500,0.557333,0.432690,0.080000,0.000000,10,1,1,1,0,0,0,1,1,1,1,0,1,0,1,0,1,0.217728,0.000000,0.198815,0.000000,0.000000,0.000000,0.185025,0.000000,0.234903,0.000000,0.000000,0.000000,0.000000,0.000000,0.000000,0.163530,idle,1,10,4873,,none,,,0.000000,1.000000,0,none,,9.109269,9.109269,completed,30,3,rain,17.000000
2,1104,3448072865,91,Day 4 09:13,none,,9.109269,9.109269,completed,0.362000,0.118087,0.256210,0.860000,0.100833,0.564000,0.432690,0.070000,0.000000,10,1,1,1,0,0,0,1,1,1,1,0,1,0,1,0,1,0.225588,0.000000,0.202721,0.000000,0.000000,0.000000,0.180328,0.000000,0.230324,0.000000,0.000000,0.000000,0.000000,0.000000,0.000000,0.161038,use_computer,1,30,4903,computer,none,,,0.000000,1.000000,0,none,,9.109269,9.109269,completed,30,3,rain,17.000000
2,1104,3448072865,92,Day 4 09:43,none,,9.109269,9.109269,completed,0.212000,0.232175,0.256210,0.850000,0.125833,0.584000,0.432690,0.150000,0.000000,10,1,1,1,0,0,0,1,1,1,1,0,1,0,1,0,1,0.207828,0.000000,0.192596,0.000000,0.000000,0.000000,0.200566,0.000000,0.237194,0.000000,0.000000,0.000000,0.000000,0.000000,0.000000,0.161816,rest_at_bed,1,60,4963,bed,none,,,0.000000,1.000000,0,none,,9.109269,9.109269,completed,30,3,rain,17.000000
2,1104,3448072865,93,Day 4 10:43,none,,9.109269,9.109269,completed,0.272000,0.000000,0.256210,0.880000,0.175833,0.624000,0.432690,0.000000,0.000000,10,1,1,1,0,0,0,1,1,1,1,0,1,0,1,0,1,0.222515,0.000000,0.200076,0.000000,0.000000,0.000000,0.000000,0.000000,0.240767,0.176144,0.000000,0.000000,0.000000,0.000000,0.000000,0.160497,get_meal,1,35,4998,door,none,,,0.000000,1.000000,0,none,,9.109269,9.109269,completed,30,3,rain,17.000000
2,1104,3448072865,94,Day 4 11:18,none,,9.109269,9.109269,completed,0.243667,0.014000,0.256210,0.988474,0.000000,0.647333,0.432690,0.000000,0.000000,10,1,1,1,0,0,0,1,1,1,1,0,1,0,1,0,1,0.266700,0.000000,0.240992,0.000000,0.000000,0.000000,0.000000,0.000000,0.297526,0.000000,0.000000,0.000000,0.000000,0.000000,0.000000,0.194781,idle,1,10,5008,,none,,,0.000000,1.000000,0,none,,9.109269,9.109269,completed,30,3,rain,17.000000
2,1104,3448072865,95,Day 4 11:28,none,,9.109269,9.109269,completed,0.367000,0.018000,0.256210,0.935140,0.008333,0.654000,0.432690,0.000000,0.000000,10,1,1,1,0,0,0,1,1,1,1,0,1,0,1,0,1,0.274495,0.000000,0.244131,0.000000,0.000000,0.000000,0.000000,0.000000,0.290419,0.000000,0.000000,0.000000,0.000000,0.000000,0.000000,0.190954,go_to_bathroom,1,15,5023,door,none,,,0.000000,1.000000,0,none,,9.109269,9.109269,completed,30,3,rain,17.000000
2,1104,3448072865,96,Day 4 11:43,none,,9.109269,9.109269,completed,0.372000,0.024000,0.256210,1.000000,0.020833,0.044000,0.432690,0.000000,0.000000,10,1,1,1,0,0,0,1,1,1,1,0,1,0,1,0,1,0.387013,0.000000,0.344155,0.000000,0.000000,0.000000,0.000000,0.000000,0.000000,0.000000,0.000000,0.000000,0.000000,0.000000,0.000000,0.268832,use_phone,1,25,5048,phone,none,,,0.000000,1.000000,0,none,,9.109269,9.109269,completed,30,3,rain,17.000000
2,1104,3448072865,97,Day 4 12:08,none,,9.109269,9.109269,completed,0.160333,0.116479,0.256210,1.000000,0.041667,0.060667,0.432690,0.095000,0.085000,10,1,1,1,0,0,0,1,1,1,1,0,1,0,1,0,1,0.278464,0.000000,0.257016,0.000000,0.000000,0.000000,0.248014,0.000000,0.000000,0.000000,0.000000,0.000000,0.000000,0.000000,0.000000,0.216506,use_computer,1,30,5078,computer,none,weather-clear,,0.000000,1.000000,0,none,,9.109269,9.109269,completed,30,3,clear,17.000000
2,1104,3448072865,98,Day 4 12:38,none,,9.109269,9.109269,completed,0.010333,0.230566,0.256210,0.990000,0.066667,0.080667,0.432690,0.175000,0.067000,10,1,1,1,0,0,0,1,1,1,1,0,1,0,1,0,1,0.258058,0.000000,0.245624,0.000000,0.000000,0.000000,0.277479,0.000000,0.000000,0.000000,0.000000,0.000000,0.000000,0.000000,0.000000,0.218839,rest_at_bed,1,60,5138,bed,none,message-study-group,,0.000000,1.000000,0,none,,9.109269,9.109269,completed,30,4,clear,17.000000
2,1104,3448072865,99,Day 4 13:38,none,,9.109269,9.109269,completed,0.070333,0.000000,0.256210,1.000000,0.116667,0.120667,0.432690,0.000000,0.031000,10,1,1,1,0,0,0,1,1,1,1,0,1,0,1,0,1,0.369717,0.000000,0.341365,0.000000,0.000000,0.000000,0.000000,0.000000,0.000000,0.000000,0.000000,0.000000,0.000000,0.000000,0.000000,0.288918,use_phone,1,25,5163,phone,none,,,0.000000,1.000000,0,none,,9.109269,9.109269,completed,30,4,clear,17.000000
2,1104,3448072865,100,Day 4 14:03,none,,9.109269,9.109269,completed,0.000000,0.092479,0.256210,1.000000,0.137500,0.137333,0.432690,0.095000,0.116000,10,1,1,1,0,0,0,1,1,1,1,0,1,0,1,0,1,0.216488,0.000000,0.203646,0.000000,0.000000,0.000000,0.204779,0.000000,0.196068,0.000000,0.000000,0.000000,0.000000,0.000000,0.000000,0.179018,idle,1,10,5173,,none,,,0.000000,1.000000,0,none,,9.109269,9.109269,completed,30,4,clear,17.000000
2,1104,3448072865,101,Day 4 14:13,none,,9.109269,9.109269,completed,0.123333,0.096479,0.256210,0.946667,0.145833,0.144000,0.432690,0.085000,0.110000,10,1,1,1,0,0,0,1,1,1,1,0,1,0,1,0,1,0.188206,0.000000,0.174230,0.000000,0.000000,0.000000,0.167462,0.000000,0.161307,0.160876,0.000000,0.000000,0.000000,0.000000,0.000000,0.147919,get_meal,1,35,5208,door,none,,,0.000000,1.000000,0,none,,9.109269,9.109269,completed,30,4,clear,17.000000
2,1104,3448072865,102,Day 4 14:48,none,,9.109269,9.109269,completed,0.095000,0.110479,0.256210,1.000000,0.000000,0.167333,0.432690,0.050000,0.089000,10,1,1,1,0,0,0,1,1,1,1,0,1,0,1,0,1,0.222812,0.000000,0.207183,0.000000,0.000000,0.000000,0.198627,0.000000,0.195402,0.000000,0.000000,0.000000,0.000000,0.000000,0.000000,0.175976,use_phone,1,25,5233,phone,none,,,0.000000,1.000000,0,none,,9.109269,9.109269,completed,30,4,clear,17.000000
2,1104,3448072865,103,Day 4 15:13,none,,9.109269,9.109269,completed,0.000000,0.202958,0.256210,1.000000,0.020833,0.184000,0.432690,0.145000,0.174000,10,1,1,1,0,0,0,1,1,1,1,0,1,0,1,0,1,0.173625,0.167900,0.165017,0.000000,0.000000,0.000000,0.181204,0.000000,0.165718,0.000000,0.000000,0.000000,0.000000,0.000000,0.000000,0.146535,use_computer,1,30,5263,computer,none,,,0.000000,1.000000,0,none,,9.109269,9.109269,completed,30,4,clear,17.000000
2,1104,3448072865,104,Day 4 15:43,none,,9.109269,9.109269,completed,0.000000,0.317045,0.256210,0.990000,0.045833,0.204000,0.432690,0.225000,0.156000,10,1,1,1,0,0,0,1,1,1,1,0,1,0,1,0,1,0.143453,0.140801,0.137855,0.000000,0.000000,0.000000,0.168455,0.000000,0.142645,0.000000,0.000000,0.142378,0.000000,0.000000,0.000000,0.124412,use_phone,1,25,5288,phone,none,room-temperature-shift,,0.000000,1.000000,0,none,,9.109269,9.109269,completed,30,4,clear,24.000000
2,1104,3448072865,105,Day 4 16:08,none,,9.109269,9.109269,completed,0.000000,0.409524,0.256210,1.000000,0.066667,0.220667,0.432690,0.320000,0.241000,10,1,1,1,0,0,0,1,1,1,1,0,1,0,1,0,1,0.114454,0.122542,0.111026,0.000000,0.000000,0.000000,0.150484,0.159471,0.118461,0.000000,0.000000,0.121419,0.000000,0.000000,0.000000,0.102143,use_phone,1,25,5313,phone,none,,,0.000000,1.000000,0,none,,9.109269,9.109269,completed,30,4,clear,24.000000
2,1104,3448072865,106,Day 4 16:33,none,,9.109269,9.109269,completed,0.000000,0.502003,0.256210,1.000000,0.087500,0.237333,0.432690,0.415000,0.326000,10,1,1,1,0,0,0,1,1,1,1,0,1,0,1,0,1,0.119388,0.139434,0.000000,0.000000,0.000000,0.000000,0.175753,0.191799,0.128616,0.000000,0.000000,0.135373,0.000000,0.000000,0.000000,0.109637,go_to_bathroom,1,15,5328,door,none,,,0.000000,1.000000,0,none,,9.109269,9.109269,completed,30,4,clear,24.000000
2,1104,3448072865,107,Day 4 16:48,none,,9.109269,9.109269,completed,0.005000,0.508003,0.256210,1.000000,0.100000,0.000000,0.432690,0.400000,0.317000,10,1,1,1,0,0,0,1,1,1,1,0,1,0,1,0,1,0.121468,0.140308,0.118898,0.000000,0.000000,0.000000,0.177524,0.193879,0.000000,0.000000,0.000000,0.136901,0.000000,0.000000,0.000000,0.111023,rest_at_bed,1,60,5388,bed,none,,,0.000000,1.000000,0,none,,9.109269,9.109269,completed,30,4,clear,24.000000
2,1104,3448072865,108,Day 4 17:48,none,,9.109269,9.109269,completed,0.065000,0.252876,0.256210,1.000000,0.150000,0.040000,0.432690,0.200000,0.281000,10,1,1,1,0,0,0,1,1,1,1,0,1,0,1,0,1,0.172236,0.177247,0.163138,0.000000,0.000000,0.000000,0.185718,0.000000,0.000000,0.157683,0.000000,0.000000,0.000000,0.000000,0.000000,0.143977,use_computer,1,30,5418,computer,none,,,0.000000,1.000000,0,none,,9.109269,9.109269,completed,30,4,clear,24.000000
2,1104,3448072865,109,Day 4 18:18,none,,9.109269,9.109269,completed,0.000000,0.366964,0.256210,0.990000,0.175000,0.060000,0.432690,0.280000,0.263000,10,1,1,1,0,0,0,1,1,1,1,0,1,0,1,0,1,0.117700,0.126363,0.113688,0.000000,0.000000,0.000000,0.147224,0.153953,0.000000,0.116059,0.000000,0.121264,0.000000,0.000000,0.000000,0.103749,get_meal,1,35,5453,door,none,,,0.000000,1.000000,0,none,,9.109269,9.109269,completed,30,4,clear,24.000000
2,1104,3448072865,110,Day 4 18:53,none,,9.109269,9.109269,completed,0.000000,0.380964,0.256210,1.000000,0.000000,0.083333,0.432690,0.245000,0.242000,10,1,1,1,0,0,0,1,1,1,1,0,1,0,1,0,1,0.162548,0.170922,0.157118,0.000000,0.000000,0.000000,0.201012,0.000000,0.000000,0.000000,0.000000,0.166028,0.000000,0.000000,0.000000,0.142372,shop_on_phone,1,20,5473,phone,none,,,0.000000,1.000000,0,none,,9.109269,9.109269,completed,0,4,clear,24.000000
2,1104,3448072865,111,Day 4 19:13,none,,9.109269,9.109269,completed,0.006667,0.390529,0.256210,1.000000,0.016667,0.096667,0.432690,0.305000,0.000000,10,1,1,1,0,0,0,1,1,1,1,0,1,0,1,0,1,0.153027,0.000000,0.148036,0.000000,0.000000,0.000000,0.196480,0.207012,0.000000,0.000000,0.000000,0.159906,0.000000,0.000000,0.000000,0.135540,idle,1,10,5483,,none,,,0.000000,1.000000,0,none,,9.109269,9.109269,completed,0,4,clear,24.000000
2,1104,3448072865,112,Day 4 19:23,none,,9.109269,9.109269,completed,0.130000,0.394529,0.256210,0.946667,0.025000,0.103333,0.432690,0.295000,0.000000,10,1,1,1,0,0,0,1,1,1,1,0,1,0,1,0,1,0.159783,0.000000,0.152117,0.000000,0.000000,0.000000,0.192980,0.203427,0.000000,0.000000,0.000000,0.157182,0.000000,0.000000,0.000000,0.134511,sleep_at_bed,1,480,5963,bed,none,evening,,0.000000,1.000000,0,none,,9.109269,9.109269,completed,0,4,clear,24.000000
2,1104,3448072865,113,Day 5 03:23,none,,9.109269,9.109269,completed,0.210000,0.060106,0.256210,0.866667,0.425000,0.423333,0.432690,0.000000,0.000000,10,1,1,1,0,0,0,1,1,1,1,0,1,0,1,0,1,0.217596,0.000000,0.198285,0.000000,0.000000,0.000000,0.000000,0.000000,0.212297,0.210118,0.000000,0.000000,0.000000,0.000000,0.000000,0.161704,use_phone,1,25,5988,phone,none,,,0.000000,1.000000,0,none,,9.109269,9.109269,completed,0,4,clear,24.000000
2,1104,3448072865,114,Day 5 03:48,none,,9.109269,9.109269,completed,0.000000,0.152585,0.256210,0.898333,0.445833,0.440000,0.432690,0.095000,0.085000,10,1,1,1,0,0,0,1,1,1,1,0,1,0,1,0,1,0.166897,0.000000,0.157817,0.000000,0.000000,0.000000,0.163948,0.000000,0.187050,0.185557,0.000000,0.000000,0.000000,0.000000,0.000000,0.138731,rest_at_bed,1,60,6048,bed,none,,,0.000000,1.000000,0,none,,9.109269,9.109269,completed,0,4,clear,24.000000
2,1104,3448072865,115,Day 5 04:48,none,,9.109269,9.109269,completed,0.060000,0.000000,0.256210,0.928333,0.495833,0.480000,0.432690,0.000000,0.049000,10,1,1,1,0,0,0,1,1,1,1,0,1,0,1,0,1,0.205254,0.000000,0.189772,0.000000,0.000000,0.000000,0.000000,0.000000,0.222235,0.221681,0.000000,0.000000,0.000000,0.000000,0.000000,0.161057,use_phone,1,25,6073,phone,none,,,0.000000,1.000000,0,none,,9.109269,9.109269,completed,0,4,clear,24.000000
2,1104,3448072865,116,Day 5 05:13,none,,9.109269,9.109269,completed,0.000000,0.092479,0.256210,0.960000,0.516667,0.496667,0.432690,0.095000,0.134000,10,1,1,1,0,0,0,1,1,1,1,0,1,0,1,0,1,0.143813,0.132571,0.135283,0.000000,0.000000,0.000000,0.136035,0.000000,0.166704,0.166672,0.000000,0.000000,0.000000,0.000000,0.000000,0.118922,get_meal,1,35,6108,door,none,,,0.000000,1.000000,0,none,,9.109269,9.109269,completed,0,4,clear,24.000000
2,1104,3448072865,117,Day 5 05:48,none,,9.109269,9.109269,completed,0.000000,0.106479,0.256210,1.000000,0.000000,0.520000,0.432690,0.060000,0.113000,10,1,1,1,0,0,0,1,1,1,1,0,1,0,1,0,1,0.205398,0.000000,0.193351,0.000000,0.000000,0.000000,0.192081,0.000000,0.240401,0.000000,0.000000,0.000000,0.000000,0.000000,0.000000,0.168769,go_to_bathroom,1,15,6123,door,none,,,0.000000,1.000000,0,none,,9.109269,9.109269,completed,0,4,clear,24.000000
2,1104,3448072865,118,Day 5 06:03,none,,9.109269,9.109269,completed,0.005000,0.112479,0.256210,1.000000,0.012500,0.000000,0.432690,0.045000,0.104000,10,1,1,1,0,0,0,1,1,1,1,0,1,0,1,0,1,0.271206,0.000000,0.255209,0.000000,0.000000,0.000000,0.251792,0.000000,0.000000,0.000000,0.000000,0.000000,0.000000,0.000000,0.000000,0.221793,idle,1,10,6133,,none,,,0.000000,1.000000,0,none,,9.109269,9.109269,completed,0,4,clear,24.000000
2,1104,3448072865,119,Day 5 06:13,none,,9.109269,9.109269,completed,0.128333,0.116479,0.256210,0.946667,0.020833,0.006667,0.432690,0.035000,0.098000,10,1,1,1,0,0,0,1,1,1,1,0,1,0,1,0,1,0.279590,0.000000,0.258919,0.000000,0.000000,0.000000,0.244172,0.000000,0.000000,0.000000,0.000000,0.000000,0.000000,0.000000,0.000000,0.217319,idle,1,10,6143,,none,,,0.000000,1.000000,0,none,,9.109269,9.109269,completed,0,4,clear,24.000000
2,1104,3448072865,120,Day 5 06:23,none,,9.109269,9.109269,completed,0.251667,0.120479,0.256210,0.893333,0.029167,0.013333,0.432690,0.025000,0.092000,10,1,1,1,0,0,0,1,1,1,1,0,1,0,1,0,1,0.288050,0.000000,0.262517,0.000000,0.000000,0.000000,0.236632,0.000000,0.000000,0.000000,0.000000,0.000000,0.000000,0.000000,0.000000,0.212801,idle,1,10,6153,,none,,,0.000000,1.000000,0,none,,9.109269,9.109269,completed,0,4,clear,24.000000
2,1104,3448072865,121,Day 5 06:33,none,,9.109269,9.109269,completed,0.375000,0.124479,0.256210,0.840000,0.037500,0.020000,0.432690,0.015000,0.086000,10,1,1,1,0,0,0,1,1,1,1,0,1,0,1,0,1,0.296579,0.000000,0.265996,0.000000,0.000000,0.000000,0.229180,0.000000,0.000000,0.000000,0.000000,0.000000,0.000000,0.000000,0.000000,0.208245,use_phone,1,25,6178,phone,none,,,0.000000,1.000000,0,none,,9.109269,9.109269,completed,0,4,clear,24.000000
2,1104,3448072865,122,Day 5 06:58,none,,9.109269,9.109269,completed,0.163333,0.216958,0.256210,0.871667,0.058333,0.036667,0.432690,0.110000,0.171000,10,1,1,1,0,0,0,1,1,1,1,0,1,0,1,0,1,0.218944,0.195944,0.203812,0.000000,0.000000,0.000000,0.209227,0.000000,0.000000,0.000000,0.000000,0.000000,0.000000,0.000000,0.000000,0.172073,idle,1,10,6188,,none,,,0.000000,1.000000,0,none,,9.109269,9.109269,completed,0,4,clear,24.000000
2,1104,3448072865,123,Day 5 07:08,none,,9.109269,9.109269,completed,0.286667,0.220958,0.256210,0.818333,0.066667,0.043333,0.432690,0.100000,0.165000,10,1,1,1,0,0,0,1,1,1,1,0,1,0,1,0,1,0.226940,0.191644,0.207900,0.000000,0.000000,0.000000,0.203999,0.000000,0.000000,0.000000,0.000000,0.000000,0.000000,0.000000,0.000000,0.169519,shop_on_phone,0,0,6188,phone,resource_insufficient,,,0.000000,1.000000,0,none,,9.109269,9.109269,completed,0,4,clear,24.000000
2,1104,3448072865,124,Day 5 07:08,none,,9.109269,9.109269,completed,0.286667,0.220958,0.256210,0.788333,0.066667,0.043333,0.462690,0.100000,0.165000,10,1,1,1,0,0,0,1,1,1,1,0,1,0,1,0,1,0.227040,0.191728,0.207991,0.000000,0.000000,0.000000,0.203647,0.000000,0.000000,0.000000,0.000000,0.000000,0.000000,0.000000,0.000000,0.169593,use_phone,1,25,6213,phone,none,,,0.000000,1.000000,0,none,,9.109269,9.109269,completed,0,4,clear,24.000000
2,1104,3448072865,125,Day 5 07:33,none,,9.109269,9.109269,completed,0.075000,0.313437,0.256210,0.820000,0.087500,0.060000,0.462690,0.195000,0.250000,10,1,1,1,0,0,0,1,1,1,1,0,1,0,1,0,1,0.170948,0.172208,0.162544,0.000000,0.000000,0.000000,0.189622,0.000000,0.000000,0.000000,0.000000,0.161750,0.000000,0.000000,0.000000,0.142928,turn_light_off,1,1,6214,light,none,,,0.000000,1.000000,0,none,,9.109269,9.109269,completed,0,4,clear,24.000000
2,1104,3448072865,126,Day 5 07:34,none,,9.109269,9.109269,completed,0.075333,0.313837,0.256210,0.839667,0.088333,0.060667,0.462690,0.194000,0.249400,10,1,1,1,0,0,0,1,1,1,1,1,0,0,1,0,1,0.204000,0.205352,0.193966,0.000000,0.000000,0.000000,0.226174,0.000000,0.000000,0.000000,0.000000,0.000000,0.000000,0.000000,0.000000,0.170508,use_phone,1,25,6239,phone,none,,,0.000000,1.000000,0,none,,9.109269,9.109269,completed,0,4,clear,24.000000
2,1104,3448072865,127,Day 5 07:59,none,,9.109269,9.109269,completed,0.000000,0.406315,0.256210,0.871333,0.109167,0.077333,0.462690,0.289000,0.334400,10,1,1,1,0,0,0,1,1,1,1,1,0,0,1,0,1,0.150658,0.170782,0.146038,0.000000,0.000000,0.000000,0.193755,0.205253,0.000000,0.000000,0.000000,0.000000,0.000000,0.000000,0.000000,0.133515,shop_on_phone,0,0,6239,phone,resource_insufficient,,,0.000000,1.000000,0,none,,9.109269,9.109269,completed,0,4,clear,24.000000
2,1104,3448072865,128,Day 5 07:59,none,,9.109269,9.109269,completed,0.000000,0.406315,0.256210,0.841333,0.109167,0.077333,0.492690,0.289000,0.334400,10,1,1,1,0,0,0,1,1,1,1,1,0,0,1,0,1,0.150721,0.170854,0.146100,0.000000,0.000000,0.000000,0.193416,0.205339,0.000000,0.000000,0.000000,0.000000,0.000000,0.000000,0.000000,0.133571,use_computer,1,30,6269,computer,none,,,0.000000,1.000000,0,none,,9.109269,9.109269,completed,0,4,clear,24.000000
2,1104,3448072865,129,Day 5 08:29,none,,9.109269,9.109269,completed,0.000000,0.520403,0.256210,0.831333,0.134167,0.097333,0.492690,0.369000,0.316400,10,1,1,1,0,0,0,1,1,1,1,1,0,0,1,0,1,0.141413,0.162704,0.138599,0.000000,0.000000,0.000000,0.204186,0.224317,0.000000,0.000000,0.000000,0.000000,0.000000,0.000000,0.000000,0.128781,use_phone,1,25,6294,phone,none,,,0.000000,1.000000,0,none,,9.109269,9.109269,completed,0,4,clear,24.000000
2,1104,3448072865,130,Day 5 08:54,none,,9.109269,9.109269,completed,0.000000,0.612882,0.256210,0.863000,0.155000,0.114000,0.492690,0.464000,0.401400,10,1,1,1,0,0,0,1,1,1,1,1,0,0,1,0,1,0.130338,0.163583,0.000000,0.000000,0.000000,0.000000,0.210714,0.238386,0.000000,0.134840,0.000000,0.000000,0.000000,0.000000,0.000000,0.122139,idle,1,10,6304,,none,,,0.000000,1.000000,0,none,,9.109269,9.109269,completed,0,4,clear,24.000000
2,1104,3448072865,131,Day 5 09:04,none,,9.109269,9.109269,completed,0.123333,0.616882,0.256210,0.809667,0.163333,0.120667,0.492690,0.454000,0.395400,10,1,1,1,0,0,0,1,1,1,1,1,0,0,1,0,1,0.120911,0.143192,0.117723,0.000000,0.000000,0.000000,0.183873,0.208126,0.000000,0.118484,0.000000,0.000000,0.000000,0.000000,0.000000,0.107691,use_phone,1,25,6329,phone,none,alarm-rings,,0.000000,1.000000,0,none,,9.109269,9.109269,completed,0,4,clear,24.000000
2,1104,3448072865,132,Day 5 09:29,none,,9.109269,9.109269,completed,0.000000,0.709361,0.256210,0.841333,0.184167,0.137333,0.528637,0.549000,0.480400,11,1,1,1,0,0,0,1,1,1,1,1,0,1,1,0,1,0.000000,0.138971,0.000000,0.000000,0.000000,0.000000,0.183756,0.214748,0.107648,0.110616,0.000000,0.000000,0.145973,0.000000,0.000000,0.098287,idle,1,10,6339,,none,,,0.000000,1.000000,0,none,,9.109269,9.109269,completed,0,4,clear,24.000000
2,1104,3448072865,133,Day 5 09:39,none,,9.109269,9.109269,completed,0.123333,0.713361,0.256210,0.788000,0.192500,0.144000,0.528637,0.539000,0.474400,11,1,1,1,0,0,0,1,1,1,1,1,0,1,1,0,1,0.089091,0.114411,0.087578,0.000000,0.000000,0.000000,0.150810,0.176334,0.088881,0.091416,0.000000,0.000000,0.119974,0.000000,0.000000,0.081504,use_computer,1,30,6369,computer,none,,,0.000000,1.000000,0,none,,9.109269,9.109269,completed,0,4,clear,24.000000
2,1104,3448072865,134,Day 5 10:09,none,,9.109269,9.109269,completed,0.000000,0.827448,0.256210,0.778000,0.217500,0.164000,0.528637,0.619000,0.456400,11,1,1,1,0,0,0,1,1,1,1,1,0,1,1,0,1,0.000000,0.130480,0.000000,0.000000,0.000000,0.000000,0.191769,0.232030,0.104648,0.107930,0.000000,0.000000,0.139330,0.000000,0.000000,0.093814,get_meal,1,35,6404,door,none,,,0.000000,1.000000,0,none,,9.109269,9.109269,completed,0,4,clear,24.000000
2,1104,3448072865,135,Day 5 10:44,none,,9.109269,9.109269,completed,0.000000,0.841448,0.256210,0.886474,0.000000,0.187333,0.528637,0.584000,0.435400,11,1,1,1,0,0,0,1,1,1,1,1,0,1,1,0,1,0.000000,0.144482,0.000000,0.000000,0.000000,0.000000,0.214344,0.259804,0.119459,0.000000,0.000000,0.000000,0.156521,0.000000,0.000000,0.105390,sleep_at_bed,1,480,6884,bed,none,message-study-group|weather-clear|room-temperature-shift,,0.000000,1.000000,0,none,,9.109269,9.109269,completed,0,5,clear,24.000000
2,1104,3448072865,136,Day 5 18:44,none,,9.109269,9.109269,completed,0.080000,0.507025,0.256210,0.806474,0.400000,0.507333,0.528637,0.000000,0.147400,11,1,1,1,0,0,0,1,1,1,1,1,0,1,1,0,1,0.122036,0.111458,0.117591,0.000000,0.000000,0.000000,0.135619,0.000000,0.139370,0.128077,0.000000,0.000000,0.146581,0.000000,0.000000,0.099269,get_meal,1,35,6919,door,none,evening,,0.000000,1.000000,0,none,,9.109269,9.109269,completed,0,5,clear,24.000000
2,1104,3448072865,137,Day 5 19:19,none,,9.109269,9.109269,completed,0.051667,0.521025,0.256210,0.914947,0.000000,0.530667,0.528637,0.000000,0.126400,11,1,1,1,0,0,0,1,1,1,1,1,0,1,1,0,1,0.118157,0.107784,0.114417,0.000000,0.000000,0.000000,0.134243,0.144958,0.139125,0.000000,0.000000,0.000000,0.143998,0.000000,0.000000,0.097320,turn_off_alarm,1,1,6920,alarm,none,,,0.000000,1.000000,0,none,,9.109269,9.109269,completed,0,5,clear,24.000000
2,1104,3448072865,138,Day 5 19:20,none,,9.109269,9.109269,completed,0.052000,0.521425,0.256210,0.944614,0.000833,0.531333,0.508637,0.000000,0.125800,10,1,1,1,0,0,0,1,1,1,1,1,0,0,1,0,1,0.137998,0.125818,0.133629,0.000000,0.000000,0.000000,0.157027,0.169334,0.162542,0.000000,0.000000,0.000000,0.000000,0.000000,0.000000,0.113651,go_to_bathroom,1,15,6935,door,none,,,0.000000,1.000000,0,none,,9.109269,9.109269,completed,0,5,clear,24.000000
2,1104,3448072865,139,Day 5 19:35,none,,9.109269,9.109269,completed,0.057000,0.527425,0.256210,1.000000,0.013333,0.000000,0.508637,0.000000,0.116800,10,1,1,1,0,0,0,1,1,1,1,1,0,0,1,0,1,0.193767,0.000000,0.187607,0.000000,0.000000,0.000000,0.220800,0.238480,0.000000,0.000000,0.000000,0.000000,0.000000,0.000000,0.000000,0.159347,sleep_at_bed,1,480,7415,bed,none,,,0.000000,1.000000,0,none,,9.109269,9.109269,completed,0,5,clear,24.000000
2,1104,3448072865,140,Day 6 03:35,none,,9.109269,9.109269,completed,0.137000,0.193002,0.256210,0.920000,0.413333,0.320000,0.508637,0.000000,0.000000,10,1,1,1,0,0,0,1,1,1,1,1,0,0,1,0,1,0.180227,0.000000,0.167737,0.000000,0.000000,0.000000,0.160305,0.000000,0.171467,0.180792,0.000000,0.000000,0.000000,0.000000,0.000000,0.139472,use_phone,1,25,7440,phone,none,,,0.000000,1.000000,0,none,,9.109269,9.109269,completed,0,5,clear,24.000000
2,1104,3448072865,141,Day 6 04:00,none,,9.109269,9.109269,completed,0.000000,0.285481,0.256210,0.951667,0.434167,0.336667,0.508637,0.095000,0.085000,10,1,1,1,0,0,0,1,1,1,1,1,0,0,1,0,1,0.165793,0.000000,0.158590,0.000000,0.000000,0.000000,0.176082,0.000000,0.175089,0.185036,0.000000,0.000000,0.000000,0.000000,0.000000,0.139411,get_meal,1,35,7475,door,none,,,0.000000,1.000000,0,none,,9.109269,9.109269,completed,0,5,clear,24.000000
2,1104,3448072865,142,Day 6 04:35,none,,9.109269,9.109269,completed,0.000000,0.299481,0.256210,1.000000,0.000000,0.360000,0.508637,0.060000,0.064000,10,1,1,1,0,0,0,1,1,1,1,1,0,0,1,0,1,0.203705,0.000000,0.194992,0.000000,0.000000,0.000000,0.213888,0.000000,0.217213,0.000000,0.000000,0.000000,0.000000,0.000000,0.000000,0.170202,idle,1,10,7485,,none,,,0.000000,1.000000,0,none,,9.109269,9.109269,completed,0,5,clear,24.000000
2,1104,3448072865,143,Day 6 04:45,none,,9.109269,9.109269,completed,0.123333,0.303481,0.256210,0.946667,0.008333,0.366667,0.508637,0.050000,0.058000,10,1,1,1,0,0,0,1,1,1,1,1,0,0,1,0,1,0.211286,0.000000,0.199036,0.000000,0.000000,0.000000,0.208683,0.000000,0.213207,0.000000,0.000000,0.000000,0.000000,0.000000,0.000000,0.167788,idle,1,10,7495,,none,,,0.000000,1.000000,0,none,,9.109269,9.109269,completed,0,5,clear,24.000000
2,1104,3448072865,144,Day 6 04:55,none,,9.109269,9.109269,completed,0.246667,0.307481,0.256210,0.893333,0.016667,0.373333,0.508637,0.040000,0.052000,10,1,1,1,0,0,0,1,1,1,1,1,0,0,1,0,1,0.219017,0.000000,0.203042,0.000000,0.000000,0.000000,0.203482,0.000000,0.209150,0.000000,0.000000,0.000000,0.000000,0.000000,0.000000,0.165309,use_phone,1,25,7520,phone,none,,,0.000000,1.000000,0,none,,9.109269,9.109269,completed,0,5,clear,24.000000
2,1104,3448072865,145,Day 6 05:20,none,,9.109269,9.109269,completed,0.035000,0.399960,0.256210,0.925000,0.037500,0.390000,0.508637,0.135000,0.137000,10,1,1,1,0,0,0,1,1,1,1,1,0,0,1,0,1,0.166758,0.157235,0.160457,0.000000,0.000000,0.000000,0.191595,0.000000,0.183073,0.000000,0.000000,0.000000,0.000000,0.000000,0.000000,0.140881,rest_at_bed,1,60,7580,bed,none,,,0.000000,1.000000,0,none,,9.109269,9.109269,completed,0,5,clear,24.000000
2,1104,3448072865,146,Day 6 06:20,none,,9.109269,9.109269,completed,0.095000,0.144833,0.256210,0.955000,0.087500,0.430000,0.508637,0.000000,0.101000,10,1,1,1,0,0,0,1,1,1,1,1,0,0,1,0,1,0.215619,0.000000,0.200946,0.000000,0.000000,0.000000,0.189771,0.000000,0.224703,0.000000,0.000000,0.000000,0.000000,0.000000,0.000000,0.168961,idle,1,10,7590,,none,,,0.000000,1.000000,0,none,,9.109269,9.109269,completed,0,5,clear,24.000000
2,1104,3448072865,147,Day 6 06:30,none,,9.109269,9.109269,completed,0.218333,0.148833,0.256210,0.901667,0.095833,0.436667,0.508637,0.000000,0.095000,10,1,1,1,0,0,0,1,1,1,1,1,0,0,1,0,1,0.222979,0.000000,0.204535,0.000000,0.000000,0.000000,0.185673,0.000000,0.220381,0.000000,0.000000,0.000000,0.000000,0.000000,0.000000,0.166431,use_computer,1,30,7620,computer,none,,,0.000000,1.000000,0,none,,9.109269,9.109269,completed,0,5,clear,24.000000
2,1104,3448072865,148,Day 6 07:00,none,,9.109269,9.109269,completed,0.068333,0.262920,0.256210,0.891667,0.120833,0.456667,0.508637,0.080000,0.077000,10,1,1,1,0,0,0,1,1,1,1,1,0,0,1,0,1,0.205333,0.000000,0.194233,0.000000,0.000000,0.000000,0.206419,0.000000,0.226854,0.000000,0.000000,0.000000,0.000000,0.000000,0.000000,0.167161,go_to_bathroom,1,15,7635,door,none,,,0.000000,1.000000,0,none,,9.109269,9.109269,completed,0,5,clear,24.000000
2,1104,3448072865,149,Day 6 07:15,none,,9.109269,9.109269,completed,0.073333,0.268920,0.256210,0.966807,0.133333,0.000000,0.508637,0.065000,0.068000,10,1,1,1,0,0,0,1,1,1,1,1,0,0,1,0,1,0.266389,0.000000,0.251899,0.000000,0.000000,0.000000,0.265865,0.000000,0.000000,0.000000,0.000000,0.000000,0.000000,0.000000,0.000000,0.215847,use_phone,1,25,7660,phone,none,alarm-rings,,0.000000,1.000000,0,none,,9.109269,9.109269,completed,0,5,clear,24.000000
2,1104,3448072865,150,Day 6 07:40,none,,9.109269,9.109269,completed,0.000000,0.361399,0.256210,0.998474,0.154167,0.016667,0.544583,0.160000,0.153000,11,1,1,1,0,0,0,1,1,1,1,1,0,1,1,0,1,0.139449,0.135198,0.134397,0.000000,0.000000,0.000000,0.160868,0.000000,0.000000,0.132083,0.000000,0.000000,0.178298,0.000000,0.000000,0.119707,rest_at_bed,1,60,7720,bed,none,,,0.000000,1.000000,0,none,,9.109269,9.109269,completed,0,5,clear,24.000000
2,1104,3448072865,151,Day 6 08:40,none,,9.109269,9.109269,completed,0.060000,0.106272,0.256210,1.000000,0.204167,0.056667,0.544583,0.000000,0.117000,11,1,1,1,0,0,0,1,1,1,1,1,0,1,1,0,1,0.176375,0.000000,0.164580,0.000000,0.000000,0.000000,0.153626,0.000000,0.000000,0.158598,0.000000,0.000000,0.207143,0.000000,0.000000,0.139677,turn_off_alarm,1,1,7721,alarm,none,,,0.000000,1.000000,0,none,,9.109269,9.109269,completed,0,5,clear,24.000000
2,1104,3448072865,152,Day 6 08:41,none,,9.109269,9.109269,completed,0.060333,0.106672,0.256210,1.000000,0.205000,0.057333,0.524583,0.000000,0.116400,10,1,1,1,0,0,0,1,1,1,1,1,0,0,1,0,1,0.222374,0.000000,0.207501,0.000000,0.000000,0.000000,0.193991,0.000000,0.000000,0.200046,0.000000,0.000000,0.000000,0.000000,0.000000,0.176088,use_phone,1,25,7746,phone,none,,,0.000000,1.000000,0,none,,9.109269,9.109269,completed,0,5,clear,24.000000
2,1104,3448072865,153,Day 6 09:06,none,,9.109269,9.109269,completed,0.000000,0.199151,0.256210,1.000000,0.225833,0.074000,0.524583,0.095000,0.201400,10,1,1,1,0,0,0,1,1,1,1,1,0,0,1,0,1,0.174558,0.170096,0.165729,0.000000,0.000000,0.000000,0.175398,0.000000,0.000000,0.168532,0.000000,0.000000,0.000000,0.000000,0.000000,0.145687,rest_at_bed,1,60,7806,bed,none,,,0.000000,1.000000,0,none,,9.109269,9.109269,completed,0,5,clear,24.000000
2,1104,3448072865,154,Day 6 10:06,none,,9.109269,9.109269,completed,0.060000,0.000000,0.256210,1.000000,0.275833,0.114000,0.524583,0.000000,0.165400,10,1,1,1,0,0,0,1,1,1,1,1,0,0,1,0,1,0.220470,0.196753,0.203840,0.000000,0.000000,0.000000,0.000000,0.000000,0.000000,0.205941,0.000000,0.000000,0.000000,0.000000,0.000000,0.172996,use_phone,1,25,7831,phone,none,,,0.000000,1.000000,0,none,,9.109269,9.109269,completed,0,5,clear,24.000000
2,1104,3448072865,155,Day 6 10:31,none,,9.109269,9.109269,completed,0.000000,0.092479,0.256210,1.000000,0.296667,0.130667,0.524583,0.095000,0.250400,10,1,1,1,0,0,0,1,1,1,1,1,0,0,1,0,1,0.175189,0.174924,0.164798,0.000000,0.000000,0.000000,0.164618,0.000000,0.000000,0.175603,0.000000,0.000000,0.000000,0.000000,0.000000,0.144868,use_computer,1,30,7861,computer,none,message-study-group,,0.000000,1.000000,0,none,,9.109269,9.109269,completed,0,6,clear,24.000000
2,1104,3448072865,156,Day 6 11:01,none,,9.109269,9.109269,completed,0.000000,0.206566,0.256210,0.990000,0.321667,0.150667,0.524583,0.175000,0.232400,10,1,1,1,0,0,0,1,1,1,1,1,0,0,1,0,1,0.145815,0.147776,0.138690,0.000000,0.000000,0.000000,0.154167,0.000000,0.136955,0.152691,0.000000,0.000000,0.000000,0.000000,0.000000,0.123906,shop_on_phone,0,0,7861,phone,resource_insufficient,,,0.000000,1.000000,0,none,,9.109269,9.109269,completed,0,6,clear,24.000000
2,1104,3448072865,157,Day 6 11:01,none,,9.109269,9.109269,completed,0.000000,0.206566,0.256210,0.960000,0.321667,0.150667,0.554583,0.175000,0.232400,10,1,1,1,0,0,0,1,1,1,1,1,0,0,1,0,1,0.145864,0.147826,0.138736,0.000000,0.000000,0.000000,0.153884,0.000000,0.137001,0.152742,0.000000,0.000000,0.000000,0.000000,0.000000,0.123947,use_phone,1,25,7886,phone,none,,,0.000000,1.000000,0,none,,9.109269,9.109269,completed,0,6,clear,24.000000
2,1104,3448072865,158,Day 6 11:26,none,,9.109269,9.109269,completed,0.000000,0.299045,0.256210,0.991667,0.342500,0.167333,0.554583,0.270000,0.317400,10,1,1,1,0,0,0,1,1,1,1,1,0,0,1,0,1,0.139057,0.153727,0.133509,0.000000,0.000000,0.000000,0.164257,0.000000,0.135944,0.151914,0.000000,0.000000,0.000000,0.000000,0.000000,0.121592,get_meal,1,35,7921,door,none,,,0.000000,1.000000,0,none,,9.109269,9.109269,completed,0,6,clear,24.000000
2,1104,3448072865,159,Day 6 12:01,none,,9.109269,9.109269,completed,0.000000,0.313045,0.256210,1.000000,0.000000,0.190667,0.554583,0.235000,0.296400,10,1,1,1,0,0,0,1,1,1,1,1,0,0,1,0,1,0.164818,0.178458,0.158355,0.000000,0.000000,0.000000,0.192474,0.000000,0.162692,0.000000,0.000000,0.000000,0.000000,0.000000,0.000000,0.143202,idle,1,10,7931,,none,,,0.000000,1.000000,0,none,,9.109269,9.109269,completed,0,6,clear,24.000000
2,1104,3448072865,160,Day 6 12:11,none,,9.109269,9.109269,completed,0.123333,0.317045,0.256210,0.946667,0.008333,0.197333,0.554583,0.225000,0.290400,10,1,1,1,0,0,0,1,1,1,1,1,0,0,1,0,1,0.171655,0.175378,0.162304,0.000000,0.000000,0.000000,0.188563,0.000000,0.160349,0.000000,0.000000,0.000000,0.000000,0.000000,0.000000,0.141752,use_computer,1,30,7961,computer,none,,,0.000000,1.000000,0,none,,9.109269,9.109269,completed,0,6,clear,24.000000
2,1104,3448072865,161,Day 6 12:41,none,,9.109269,9.109269,completed,0.000000,0.431133,0.256210,0.936667,0.033333,0.217333,0.554583,0.305000,0.272400,10,1,1,1,0,0,0,1,1,1,1,1,0,0,1,0,1,0.129816,0.141821,0.126136,0.000000,0.000000,0.000000,0.170018,0.182648,0.133868,0.000000,0.000000,0.000000,0.000000,0.000000,0.000000,0.115693,sleep_at_bed,1,480,8441,bed,none,weather-rain|room-temperature-shift|evening,,0.000000,1.000000,0,none,,9.109269,9.109269,completed,0,6,rain,24.000000
2,1104,3448072865,162,Day 6 20:41,none,,9.109269,9.109269,completed,0.080000,0.096710,0.256210,0.856667,0.433333,0.537333,0.554583,0.000000,0.000000,10,1,1,1,0,0,0,1,1,1,1,1,0,0,1,0,1,0.174446,0.000000,0.162218,0.000000,0.000000,0.000000,0.149516,0.000000,0.196265,0.180613,0.000000,0.000000,0.000000,0.000000,0.000000,0.136943,get_meal,1,35,8476,door,none,,,0.000000,1.000000,0,none,,9.109269,9.109269,completed,0,6,rain,24.000000
2,1104,3448072865,163,Day 6 21:16,none,,9.109269,9.109269,completed,0.051667,0.110710,0.256210,0.965140,0.000000,0.560667,0.554583,0.000000,0.000000,10,1,1,1,0,0,0,1,1,1,1,1,0,0,1,0,1,0.209838,0.000000,0.196095,0.000000,0.000000,0.000000,0.183869,0.000000,0.243405,0.000000,0.000000,0.000000,0.000000,0.000000,0.000000,0.166793,go_to_bathroom,1,15,8491,door,none,,,0.000000,1.000000,0,none,,9.109269,9.109269,completed,0,6,rain,24.000000
2,1104,3448072865,164,Day 6 21:31,none,,9.109269,9.109269,completed,0.056667,0.116710,0.256210,1.000000,0.012500,0.000000,0.554583,0.000000,0.000000,10,1,1,1,0,0,0,1,1,1,1,1,0,0,1,0,1,0.277348,0.000000,0.259149,0.000000,0.000000,0.000000,0.243371,0.000000,0.000000,0.000000,0.000000,0.000000,0.000000,0.000000,0.000000,0.220132,rest_at_bed,1,60,8551,bed,none,,,0.000000,1.000000,0,none,,9.109269,9.109269,completed,0,6,rain,24.000000
2,1104,3448072865,165,Day 6 22:31,none,,9.109269,9.109269,completed,0.116667,0.000000,0.256210,1.000000,0.062500,0.040000,0.554583,0.000000,0.000000,10,1,1,1,0,0,0,1,1,1,1,1,0,0,1,0,1,0.372452,0.000000,0.341802,0.000000,0.000000,0.000000,0.000000,0.000000,0.000000,0.000000,0.000000,0.000000,0.000000,0.000000,0.000000,0.285746,idle,1,10,8561,,none,,,0.000000,1.000000,0,none,,9.109269,9.109269,completed,0,6,rain,24.000000
2,1104,3448072865,166,Day 6 22:41,none,,9.109269,9.109269,completed,0.240000,0.004000,0.256210,0.946667,0.070833,0.046667,0.554583,0.000000,0.000000,10,1,1,1,0,0,0,1,1,1,1,1,0,0,1,0,1,0.379647,0.000000,0.342920,0.000000,0.000000,0.000000,0.000000,0.000000,0.000000,0.000000,0.000000,0.000000,0.000000,0.000000,0.000000,0.277434,use_phone,1,25,8586,phone,none,,,0.000000,1.000000,0,none,,9.109269,9.109269,completed,0,6,rain,24.000000
2,1104,3448072865,167,Day 6 23:06,none,,9.109269,9.109269,completed,0.028333,0.096479,0.256210,0.978333,0.091667,0.063333,0.554583,0.095000,0.085000,10,1,1,1,0,0,0,1,1,1,1,1,0,0,1,0,1,0.271516,0.000000,0.254550,0.000000,0.000000,0.000000,0.251848,0.000000,0.000000,0.000000,0.000000,0.000000,0.000000,0.000000,0.000000,0.222086,rest_at_bed,1,60,8646,bed,none,,,0.000000,1.000000,0,none,,9.109269,9.109269,completed,0,6,rain,24.000000
2,1104,3448072865,168,Day 7 00:06,none,,9.109269,9.109269,completed,0.088333,0.000000,0.256210,1.000000,0.141667,0.103333,0.554583,0.000000,0.049000,10,1,1,1,0,0,0,1,1,1,1,1,0,0,1,0,1,0.370779,0.000000,0.341537,0.000000,0.000000,0.000000,0.000000,0.000000,0.000000,0.000000,0.000000,0.000000,0.000000,0.000000,0.000000,0.287684,use_computer,1,30,8676,computer,none,,,0.000000,1.000000,0,none,,9.109269,9.109269,completed,0,6,rain,24.000000
2,1104,3448072865,169,Day 7 00:36,none,,9.109269,9.109269,completed,0.000000,0.114087,0.256210,0.990000,0.166667,0.123333,0.554583,0.080000,0.031000,10,1,1,1,0,0,0,1,1,1,1,1,0,0,1,0,1,0.216031,0.000000,0.203554,0.000000,0.000000,0.000000,0.203553,0.000000,0.000000,0.198467,0.000000,0.000000,0.000000,0.000000,0.000000,0.178395,use_computer,1,30,8706,computer,none,,,0.000000,1.000000,0,none,,9.109269,9.109269,completed,0,6,rain,24.000000
2,1104,3448072865,170,Day 7 01:06,none,,9.109269,9.109269,completed,0.000000,0.228175,0.256210,0.980000,0.191667,0.143333,0.554583,0.160000,0.013000,10,1,1,1,0,0,0,1,1,1,1,1,0,0,1,0,1,0.173779,0.000000,0.165560,0.000000,0.000000,0.000000,0.184236,0.000000,0.162176,0.166785,0.000000,0.000000,0.000000,0.000000,0.000000,0.147464,rest_at_bed,1,60,8766,bed,none,,,0.000000,1.000000,0,none,,9.109269,9.109269,completed,0,6,rain,24.000000
2,1104,3448072865,171,Day 7 02:06,none,,9.109269,9.109269,completed,0.060000,0.000000,0.256210,1.000000,0.241667,0.183333,0.554583,0.000000,0.000000,10,1,1,1,0,0,0,1,1,1,1,1,0,0,1,0,1,0.221942,0.000000,0.205201,0.000000,0.000000,0.000000,0.000000,0.000000,0.196009,0.202696,0.000000,0.000000,0.000000,0.000000,0.000000,0.174152,use_phone,1,25,8791,phone,none,,,0.000000,1.000000,0,none,,9.109269,9.109269,completed,0,6,rain,24.000000
2,1104,3448072865,172,Day 7 02:31,none,,9.109269,9.109269,completed,0.000000,0.092479,0.256210,1.000000,0.262500,0.200000,0.554583,0.095000,0.085000,10,1,1,1,0,0,0,1,1,1,1,1,0,0,1,0,1,0.177596,0.000000,0.167062,0.000000,0.000000,0.000000,0.166518,0.000000,0.167918,0.174047,0.000000,0.000000,0.000000,0.000000,0.000000,0.146858,rest_at_bed,1,60,8851,bed,none,,,0.000000,1.000000,0,none,,9.109269,9.109269,completed,0,6,rain,24.000000
2,1104,3448072865,173,Day 7 03:31,none,,9.109269,9.109269,completed,0.060000,0.000000,0.256210,1.000000,0.312500,0.240000,0.554583,0.000000,0.049000,10,1,1,1,0,0,0,1,1,1,1,1,0,0,1,0,1,0.218130,0.000000,0.201677,0.000000,0.000000,0.000000,0.000000,0.000000,0.200287,0.208746,0.000000,0.000000,0.000000,0.000000,0.000000,0.171161,go_to_bathroom,1,15,8866,door,none,,,0.000000,1.000000,0,none,,9.109269,9.109269,completed,0,6,rain,24.000000
2,1104,3448072865,174,Day 7 03:46,none,,9.109269,9.109269,completed,0.065000,0.006000,0.256210,1.000000,0.325000,0.000000,0.554583,0.000000,0.040000,10,1,1,1,0,0,0,1,1,1,1,1,0,0,1,0,1,0.272397,0.000000,0.251816,0.000000,0.000000,0.000000,0.000000,0.000000,0.000000,0.262357,0.000000,0.000000,0.000000,0.000000,0.000000,0.213429,get_meal,1,35,8901,door,none,,,0.000000,1.000000,0,none,,9.109269,9.109269,completed,0,6,rain,24.000000
2,1104,3448072865,175,Day 7 04:21,none,,9.109269,9.109269,completed,0.036667,0.020000,0.256210,1.000000,0.000000,0.023333,0.554583,0.000000,0.019000,10,1,1,1,0,0,0,1,1,1,1,1,0,0,1,0,1,0.367326,0.000000,0.341254,0.000000,0.000000,0.000000,0.000000,0.000000,0.000000,0.000000,0.000000,0.000000,0.000000,0.000000,0.000000,0.291420,use_computer,1,30,8931,computer,none,,,0.000000,1.000000,0,none,,9.109269,9.109269,completed,0,6,rain,24.000000
2,1104,3448072865,176,Day 7 04:51,none,,9.109269,9.109269,completed,0.000000,0.134087,0.256210,0.990000,0.025000,0.043333,0.554583,0.080000,0.001000,10,1,1,1,0,0,0,1,1,1,1,1,0,0,1,0,1,0.268438,0.000000,0.253373,0.000000,0.000000,0.000000,0.256133,0.000000,0.000000,0.000000,0.000000,0.000000,0.000000,0.000000,0.000000,0.222056,use_phone,1,25,8956,phone,none,,,0.000000,1.000000,0,none,,9.109269,9.109269,completed,0,6,rain,24.000000
2,1104,3448072865,177,Day 7 05:16,none,,9.109269,9.109269,completed,0.000000,0.226566,0.256210,1.000000,0.045833,0.060000,0.554583,0.175000,0.086000,10,1,1,1,0,0,0,1,1,1,1,1,0,0,1,0,1,0.258242,0.000000,0.246049,0.000000,0.000000,0.000000,0.275888,0.000000,0.000000,0.000000,0.000000,0.000000,0.000000,0.000000,0.000000,0.219821,use_phone,1,25,8981,phone,none,,,0.000000,1.000000,0,none,,9.109269,9.109269,completed,0,6,rain,24.000000
2,1104,3448072865,178,Day 7 05:41,none,,9.109269,9.109269,completed,0.000000,0.319045,0.256210,1.000000,0.066667,0.076667,0.554583,0.270000,0.171000,10,1,1,1,0,0,0,1,1,1,1,1,0,0,1,0,1,0.198593,0.198904,0.191001,0.000000,0.000000,0.000000,0.237550,0.000000,0.000000,0.000000,0.000000,0.000000,0.000000,0.000000,0.000000,0.173952,use_computer,1,30,9011,computer,none,,,0.000000,1.000000,0,none,,9.109269,9.109269,completed,0,6,rain,24.000000
2,1104,3448072865,179,Day 7 06:11,none,,9.109269,9.109269,completed,0.000000,0.433133,0.256210,0.990000,0.091667,0.096667,0.554583,0.350000,0.153000,10,1,1,1,0,0,0,1,1,1,1,1,0,0,1,0,1,0.149585,0.152064,0.145464,0.000000,0.000000,0.000000,0.201324,0.216921,0.000000,0.000000,0.000000,0.000000,0.000000,0.000000,0.000000,0.134641,idle,1,10,9021,,none,,,0.000000,1.000000,0,none,,9.109269,9.109269,completed,0,6,rain,24.000000
2,1104,3448072865,180,Day 7 06:21,none,,9.109269,9.109269,completed,0.123333,0.437133,0.256210,0.936667,0.100000,0.103333,0.554583,0.340000,0.147000,10,1,1,1,0,0,0,1,1,1,1,1,0,0,1,0,1,0.156188,0.149821,0.149473,0.000000,0.000000,0.000000,0.197737,0.213163,0.000000,0.000000,0.000000,0.000000,0.000000,0.000000,0.000000,0.133618,use_computer,1,30,9051,computer,none,,,0.000000,1.000000,0,none,,9.109269,9.109269,completed,0,6,rain,24.000000
2,1104,3448072865,181,Day 7 06:51,none,,9.109269,9.109269,completed,0.000000,0.551220,0.256210,0.926667,0.125000,0.123333,0.554583,0.420000,0.129000,10,1,1,1,0,0,0,1,1,1,1,1,0,0,1,0,1,0.162809,0.166993,0.000000,0.000000,0.000000,0.000000,0.245746,0.274138,0.000000,0.000000,0.000000,0.000000,0.000000,0.000000,0.000000,0.150315,sleep_at_bed,1,320,9371,bed,none,alarm-rings|message-study-group|room-temperature-shift,,0.000000,1.000000,0,none,,9.109269,9.109269,completed,0,7,rain,17.000000
2,1104,3448072865,182,Day 7 12:11,none,,9.109269,9.109269,completed,0.056667,0.196111,0.256210,0.840000,0.391667,0.336667,0.590530,0.000000,0.000000,11,1,1,1,0,0,0,1,1,1,1,1,0,1,1,0,1,0.128549,0.000000,0.120943,0.000000,0.000000,0.000000,0.118265,0.000000,0.128499,0.132044,0.115302,0.000000,0.153663,0.000000,0.000000,0.102734,use_computer,1,30,9401,computer,none,weather-rain,,0.000000,1.000000,0,none,,9.109269,9.109269,completed,0,7,rain,17.000000
2,1104,3448072865,183,Day 7 12:41,none,,9.109269,9.109269,completed,0.000000,0.310199,0.256210,0.830000,0.416667,0.356667,0.590530,0.080000,0.000000,11,1,1,1,0,0,0,1,1,1,1,1,0,1,1,0,1,0.121345,0.000000,0.116297,0.000000,0.000000,0.000000,0.128998,0.000000,0.129777,0.133726,0.114860,0.000000,0.153074,0.000000,0.000000,0.101923,use_phone,1,25,9426,phone,none,,,0.000000,1.000000,0,none,,9.109269,9.109269,completed,0,7,rain,17.000000
2,1104,3448072865,184,Day 7 13:06,none,,9.109269,9.109269,completed,0.000000,0.402677,0.256210,0.861667,0.437500,0.373333,0.590530,0.175000,0.085000,11,1,1,1,0,0,0,1,1,1,1,1,0,1,1,0,1,0.116863,0.000000,0.113058,0.000000,0.000000,0.000000,0.139099,0.000000,0.130091,0.134358,0.113828,0.000000,0.151698,0.000000,0.000000,0.101006,use_computer,1,30,9456,computer,none,,,0.000000,1.000000,0,none,,9.109269,9.109269,completed,0,7,rain,17.000000
2,1104,3448072865,185,Day 7 13:36,none,,9.109269,9.109269,completed,0.000000,0.516765,0.256210,0.851667,0.462500,0.393333,0.590530,0.255000,0.067000,11,1,1,1,0,0,0,1,1,1,1,1,0,1,1,0,1,0.096409,0.000000,0.094306,0.000000,0.000000,0.000000,0.129117,0.141837,0.111810,0.115796,0.096497,0.000000,0.128601,0.000000,0.000000,0.085628,rest_at_bed,1,60,9516,bed,none,,,0.000000,1.000000,0,none,,9.109269,9.109269,completed,0,7,rain,17.000000
2,1104,3448072865,186,Day 7 14:36,none,,9.109269,9.109269,completed,0.060000,0.261638,0.256210,0.881667,0.512500,0.433333,0.590530,0.055000,0.031000,11,1,1,1,0,0,0,1,1,1,1,1,0,1,1,0,1,0.123625,0.000000,0.117015,0.000000,0.000000,0.000000,0.122153,0.000000,0.134194,0.139748,0.112678,0.000000,0.150165,0.000000,0.000000,0.100420,turn_light_on,1,1,9517,light,none,,,0.000000,1.000000,0,none,,9.109269,9.109269,completed,0,7,rain,17.000000
2,1104,3448072865,187,Day 7 14:37,none,,9.109269,9.109269,completed,0.060333,0.262038,0.256210,0.901333,0.513333,0.434000,0.590530,0.054000,0.030400,11,1,1,1,0,0,0,1,1,1,1,0,1,1,1,0,1,0.139340,0.000000,0.131886,0.000000,0.000000,0.000000,0.137614,0.000000,0.151270,0.157545,0.000000,0.000000,0.169196,0.000000,0.000000,0.113149,rest_at_bed,1,60,9577,bed,none,,,0.000000,1.000000,0,none,,9.109269,9.109269,completed,0,7,rain,17.000000
2,1104,3448072865,188,Day 7 15:37,none,,9.109269,9.109269,completed,0.120333,0.006911,0.256210,0.931333,0.563333,0.474000,0.590530,0.000000,0.000000,11,1,1,1,0,0,0,1,1,1,1,0,1,1,1,0,1,0.167427,0.000000,0.153667,0.000000,0.000000,0.000000,0.000000,0.000000,0.175595,0.183891,0.000000,0.000000,0.191081,0.000000,0.000000,0.128340,use_phone,1,25,9602,phone,none,,,0.000000,1.000000,0,none,,9.109269,9.109269,completed,0,7,rain,17.000000
2,1104,3448072865,189,Day 7 16:02,none,,9.109269,9.109269,completed,0.000000,0.099390,0.256210,0.963000,0.584167,0.490667,0.590530,0.095000,0.085000,11,1,1,1,0,0,0,1,1,1,1,0,1,1,1,0,1,0.136647,0.000000,0.128618,0.000000,0.000000,0.000000,0.128347,0.000000,0.157840,0.165678,0.000000,0.000000,0.169806,0.000000,0.000000,0.113064,use_phone,1,25,9627,phone,none,,,0.000000,1.000000,0,none,,9.109269,9.109269,completed,0,7,rain,17.000000
2,1104,3448072865,190,Day 7 16:27,none,,9.109269,9.109269,completed,0.000000,0.191869,0.256210,0.994667,0.605000,0.507333,0.590530,0.190000,0.170000,11,1,1,1,0,0,0,1,1,1,1,0,1,1,1,0,1,0.116659,0.113496,0.110840,0.000000,0.000000,0.000000,0.122684,0.000000,0.140259,0.147562,0.000000,0.000000,0.149174,0.000000,0.000000,0.099326,shop_on_phone,0,0,9627,phone,resource_insufficient,,,0.000000,1.000000,0,none,,9.109269,9.109269,completed,0,7,rain,17.000000
2,1104,3448072865,191,Day 7 16:27,none,,9.109269,9.109269,completed,0.000000,0.191869,0.256210,0.964667,0.605000,0.507333,0.620530,0.190000,0.170000,11,1,1,1,0,0,0,1,1,1,1,0,1,1,1,0,1,0.116595,0.113434,0.110780,0.000000,0.000000,0.000000,0.122352,0.000000,0.140182,0.147482,0.000000,0.000000,0.149903,0.000000,0.000000,0.099272,use_phone,1,25,9652,phone,none,,,0.000000,1.000000,0,none,,9.109269,9.109269,completed,0,7,rain,17.000000
2,1104,3448072865,192,Day 7 16:52,none,,9.109269,9.109269,completed,0.000000,0.284348,0.256210,0.996333,0.625833,0.524000,0.620530,0.285000,0.255000,11,1,1,1,0,0,0,1,1,1,1,0,1,1,1,0,1,0.100302,0.106446,0.096199,0.000000,0.000000,0.000000,0.117849,0.000000,0.125521,0.132361,0.000000,0.100747,0.132698,0.000000,0.000000,0.087878,shop_on_phone,0,0,9652,phone,resource_insufficient,,,0.000000,1.000000,0,none,,9.109269,9.109269,completed,0,7,rain,17.000000
2,1104,3448072865,193,Day 7 16:52,none,,9.109269,9.109269,completed,0.000000,0.284348,0.256210,0.966333,0.625833,0.524000,0.650530,0.285000,0.255000,11,1,1,1,0,0,0,1,1,1,1,0,1,1,1,0,1,0.100255,0.106396,0.096154,0.000000,0.000000,0.000000,0.117539,0.000000,0.125463,0.132300,0.000000,0.100700,0.133356,0.000000,0.000000,0.087837,shop_on_phone,0,0,9652,phone,resource_insufficient,,,0.000000,1.000000,0,none,,9.109269,9.109269,completed,0,7,rain,17.000000
2,1104,3448072865,194,Day 7 16:52,none,,9.109269,9.109269,completed,0.000000,0.284348,0.256210,0.936333,0.625833,0.524000,0.680530,0.285000,0.255000,11,1,1,1,0,0,0,1,1,1,1,0,1,1,1,0,1,0.100208,0.106346,0.096109,0.000000,0.000000,0.000000,0.117229,0.000000,0.125404,0.132238,0.000000,0.100653,0.134018,0.000000,0.000000,0.087796,shop_on_phone,0,0,9652,phone,resource_insufficient,,,0.000000,1.000000,0,none,,9.109269,9.109269,completed,0,7,rain,17.000000
2,1104,3448072865,195,Day 7 16:52,none,,9.109269,9.109269,completed,0.000000,0.284348,0.256210,0.906333,0.625833,0.524000,0.710530,0.285000,0.255000,11,1,1,1,0,0,0,1,1,1,1,0,1,1,1,0,1,0.100161,0.106296,0.096063,0.000000,0.000000,0.000000,0.116920,0.000000,0.125344,0.132175,0.000000,0.100605,0.134682,0.000000,0.000000,0.087754,shop_on_phone,0,0,9652,phone,resource_insufficient,,,0.000000,1.000000,0,none,,9.109269,9.109269,completed,0,7,rain,17.000000
2,1104,3448072865,196,Day 7 16:52,none,,9.109269,9.109269,completed,0.000000,0.284348,0.256210,0.876333,0.625833,0.524000,0.740530,0.285000,0.255000,11,1,1,1,0,0,0,1,1,1,1,0,1,1,1,0,1,0.100113,0.106245,0.096017,0.000000,0.000000,0.000000,0.116611,0.000000,0.125284,0.132112,0.000000,0.100557,0.135349,0.000000,0.000000,0.087712,shop_on_phone,0,0,9652,phone,resource_insufficient,,,0.000000,1.000000,0,none,,9.109269,9.109269,completed,0,7,rain,17.000000
2,1104,3448072865,197,Day 7 16:52,none,,9.109269,9.109269,completed,0.000000,0.284348,0.256210,0.846333,0.625833,0.524000,0.770530,0.285000,0.255000,11,1,1,1,0,0,0,1,1,1,1,0,1,1,1,0,1,0.100065,0.106194,0.095971,0.000000,0.000000,0.000000,0.116303,0.000000,0.125224,0.132048,0.000000,0.100508,0.136019,0.000000,0.000000,0.087670,use_computer,1,30,9682,computer,none,,,0.000000,1.000000,0,none,,9.109269,9.109269,completed,0,7,rain,17.000000
2,1104,3448072865,198,Day 7 17:22,none,,9.109269,9.109269,completed,0.000000,0.398435,0.256210,0.836333,0.650833,0.544000,0.770530,0.365000,0.237000,11,1,1,1,0,0,0,1,1,1,1,0,1,1,1,0,1,0.084540,0.091062,0.081982,0.000000,0.000000,0.000000,0.110558,0.119998,0.110219,0.116547,0.000000,0.090894,0.118087,0.000000,0.000000,0.076112,idle,1,10,9692,,none,,,0.000000,1.000000,0,none,,9.109269,9.109269,completed,0,7,rain,17.000000
2,1104,3448072865,199,Day 7 17:32,none,,9.109269,9.109269,completed,0.123333,0.402435,0.256210,0.783000,0.659167,0.550667,0.770530,0.355000,0.231000,11,1,1,1,0,0,0,1,1,1,1,0,1,1,1,0,1,0.088809,0.090266,0.084754,0.000000,0.000000,0.000000,0.109249,0.118638,0.109573,0.115970,0.000000,0.089889,0.116858,0.000000,0.000000,0.075994,shop_on_phone,0,0,9692,phone,resource_insufficient,,,0.000000,1.000000,0,none,,9.109269,9.109269,completed,0,7,rain,17.000000
2,1104,3448072865,200,Day 7 17:32,none,,9.109269,9.109269,completed,0.123333,0.402435,0.256210,0.753000,0.659167,0.550667,0.800530,0.355000,0.231000,11,1,1,1,0,0,0,1,1,1,1,0,1,1,1,0,1,0.088774,0.090230,0.084720,0.000000,0.000000,0.000000,0.108969,0.118591,0.109529,0.115924,0.000000,0.089853,0.117446,0.000000,0.000000,0.075964,get_meal,1,35,9727,door,none,,,0.000000,1.000000,0,none,,9.109269,9.109269,completed,0,7,rain,17.000000
2,1104,3448072865,201,Day 7 18:07,none,,9.109269,9.109269,completed,0.095000,0.416435,0.256210,0.861474,0.138333,0.574000,0.800530,0.320000,0.210000,11,1,1,1,0,0,0,1,1,1,1,0,1,1,1,0,1,0.099920,0.100668,0.095781,0.000000,0.000000,0.000000,0.122881,0.133968,0.126144,0.000000,0.000000,0.101607,0.133112,0.000000,0.000000,0.085920,use_computer,1,30,9757,computer,none,,,0.000000,1.000000,0,none,,9.109269,9.109269,completed,0,7,rain,17.000000
2,1104,3448072865,202,Day 7 18:37,none,,9.109269,9.109269,completed,0.000000,0.530523,0.256210,0.851474,0.163333,0.594000,0.800530,0.400000,0.192000,11,1,1,1,0,0,0,1,1,1,1,0,1,1,1,0,1,0.090706,0.096554,0.000000,0.000000,0.000000,0.000000,0.131238,0.148058,0.124742,0.092395,0.000000,0.103236,0.129837,0.000000,0.000000,0.083233,go_to_bathroom,1,15,9772,door,none,,,0.000000,1.000000,0,none,,9.109269,9.109269,completed,0,7,rain,17.000000
2,1104,3448072865,203,Day 7 18:52,none,,9.109269,9.109269,completed,0.005000,0.536523,0.256210,0.926614,0.175833,0.000000,0.800530,0.385000,0.183000,11,1,1,1,0,0,0,1,1,1,1,0,1,1,1,0,1,0.094495,0.099485,0.092705,0.000000,0.000000,0.000000,0.135733,0.153246,0.000000,0.096560,0.000000,0.106900,0.134575,0.000000,0.000000,0.086302,get_meal,1,35,9807,door,none,,,0.000000,1.000000,0,none,,9.109269,9.109269,completed,0,7,rain,17.000000
2,1104,3448072865,204,Day 7 19:27,none,,9.109269,9.109269,completed,0.000000,0.550523,0.256210,1.000000,0.000000,0.023333,0.800530,0.350000,0.162000,11,1,1,1,0,0,0,1,1,1,1,0,1,1,1,0,1,0.105252,0.108760,0.103400,0.000000,0.000000,0.000000,0.149818,0.169448,0.000000,0.000000,0.000000,0.118321,0.149294,0.000000,0.000000,0.095706,turn_off_alarm,1,1,9808,alarm,none,,,0.000000,1.000000,0,none,,9.109269,9.109269,completed,0,7,rain,17.000000
2,1104,3448072865,205,Day 7 19:28,none,,9.109269,9.109269,completed,0.000333,0.550923,0.256210,1.000000,0.000833,0.024000,0.780530,0.349000,0.161400,10,1,1,1,0,0,0,1,1,1,1,0,1,0,1,0,1,0.123736,0.127767,0.121556,0.000000,0.000000,0.000000,0.176298,0.199120,0.000000,0.000000,0.000000,0.139045,0.000000,0.000000,0.000000,0.112479,use_computer,1,30,9838,computer,none,evening,,0.000000,1.000000,0,none,,9.109269,9.109269,completed,0,7,rain,17.000000
2,1104,3448072865,206,Day 7 19:58,none,,9.109269,9.109269,completed,0.000000,0.665010,0.256210,0.990000,0.025833,0.044000,0.780530,0.429000,0.143400,10,1,1,1,0,0,0,1,1,1,1,0,1,0,1,0,1,0.130501,0.136790,0.000000,0.000000,0.000000,0.000000,0.209242,0.244553,0.000000,0.000000,0.000000,0.156996,0.000000,0.000000,0.000000,0.121918,rest_at_bed,1,60,9898,bed,none,,,0.000000,1.000000,0,none,,9.109269,9.109269,completed,0,7,rain,17.000000
2,1104,3448072865,207,Day 7 20:58,none,,9.109269,9.109269,completed,0.060000,0.409883,0.256210,1.000000,0.075833,0.084000,0.780530,0.229000,0.107400,10,1,1,1,0,0,0,1,1,1,1,0,1,0,1,0,1,0.159378,0.000000,0.153192,0.000000,0.000000,0.000000,0.188538,0.203893,0.000000,0.000000,0.000000,0.158822,0.000000,0.000000,0.000000,0.136176,turn_light_off,1,1,9899,light,none,,,0.000000,1.000000,0,none,,9.109269,9.109269,completed,0,7,rain,17.000000
2,1104,3448072865,208,Day 7 20:59,none,,9.109269,9.109269,completed,0.060333,0.410283,0.256210,1.000000,0.076667,0.084667,0.780530,0.228000,0.106800,10,1,1,1,0,0,0,1,1,1,1,1,0,0,1,0,1,0.160015,0.000000,0.153801,0.000000,0.000000,0.000000,0.189199,0.204618,0.000000,0.000000,0.155689,0.000000,0.000000,0.000000,0.000000,0.136677,turn_light_on,1,1,9900,light,none,,,0.000000,1.000000,0,none,,9.109269,9.109269,completed,0,7,rain,17.000000
2,1104,3448072865,209,Day 7 21:00,none,,9.109269,9.109269,completed,0.060667,0.410683,0.256210,1.000000,0.077500,0.085333,0.780530,0.227000,0.106200,10,1,1,1,0,0,0,1,1,1,1,0,1,0,1,0,1,0.159471,0.000000,0.153274,0.000000,0.000000,0.000000,0.188465,0.203835,0.000000,0.000000,0.000000,0.158786,0.000000,0.000000,0.000000,0.136170,idle,1,10,9910,,none,,,0.000000,1.000000,0,none,,9.109269,9.109269,completed,0,7,rain,17.000000
2,1104,3448072865,210,Day 7 21:10,none,,9.109269,9.109269,completed,0.184000,0.414683,0.256210,0.946667,0.085833,0.092000,0.780530,0.217000,0.100200,10,1,1,1,0,0,0,1,1,1,1,0,1,0,1,0,1,0.166405,0.000000,0.157398,0.000000,0.000000,0.000000,0.184990,0.200177,0.000000,0.000000,0.000000,0.155981,0.000000,0.000000,0.000000,0.135050,turn_light_off,1,1,9911,light,none,,,0.000000,1.000000,0,none,,9.109269,9.109269,completed,0,7,rain,17.000000
2,1104,3448072865,211,Day 7 21:11,none,,9.109269,9.109269,completed,0.184333,0.415083,0.256210,0.966333,0.086667,0.092667,0.780530,0.216000,0.099600,10,1,1,1,0,0,0,1,1,1,1,1,0,0,1,0,1,0.167038,0.000000,0.157993,0.000000,0.000000,0.000000,0.185603,0.200851,0.000000,0.000000,0.152995,0.000000,0.000000,0.000000,0.000000,0.135520,sleep_at_bed,1,480,10391,bed,none,,,0.000000,1.000000,0,none,,9.109269,9.109269,completed,0,7,rain,17.000000
2,1104,3448072865,212,Day 8 05:11,none,,9.109269,9.109269,completed,0.264333,0.080660,0.256210,0.886333,0.486667,0.412667,0.780530,0.000000,0.000000,10,1,1,1,0,0,0,1,1,1,1,1,0,0,1,0,1,0.185850,0.000000,0.168451,0.000000,0.000000,0.000000,0.000000,0.000000,0.175780,0.182533,0.151983,0.000000,0.000000,0.000000,0.000000,0.135404,turn_light_on,1,1,10392,light,none,,,0.000000,1.000000,0,none,,9.109269,9.109269,completed,0,7,rain,17.000000
2,1104,3448072865,213,Day 8 05:12,none,,9.109269,9.109269,completed,0.264667,0.081060,0.256210,0.906000,0.487500,0.413333,0.780530,0.000000,0.000000,10,1,1,1,0,0,0,1,1,1,1,0,1,0,1,0,1,0.219127,0.000000,0.198610,0.000000,0.000000,0.000000,0.000000,0.000000,0.207323,0.215308,0.000000,0.000000,0.000000,0.000000,0.000000,0.159632,go_to_bathroom,1,15,10407,door,none,,,0.000000,1.000000,0,none,,9.109269,9.109269,completed,0,7,rain,17.000000
2,1104,3448072865,214,Day 8 05:27,none,,9.109269,9.109269,completed,0.269667,0.087060,0.256210,0.981140,0.500000,0.000000,0.780530,0.000000,0.000000,10,1,1,1,0,0,0,1,1,1,1,0,1,0,1,0,1,0.276047,0.000000,0.250167,0.000000,0.000000,0.000000,0.000000,0.000000,0.000000,0.272983,0.000000,0.000000,0.000000,0.000000,0.000000,0.200803,use_computer,1,30,10437,computer,none,,,0.000000,1.000000,0,none,,9.109269,9.109269,completed,0,7,rain,17.000000
2,1104,3448072865,215,Day 8 05:57,none,,9.109269,9.109269,completed,0.119667,0.201148,0.256210,0.971140,0.525000,0.020000,0.780530,0.080000,0.000000,10,1,1,1,0,0,0,1,1,1,1,0,1,0,1,0,1,0.209993,0.000000,0.196251,0.000000,0.000000,0.000000,0.194374,0.000000,0.000000,0.232773,0.000000,0.000000,0.000000,0.000000,0.000000,0.166609,use_phone,1,25,10462,phone,none,,,0.000000,1.000000,0,none,,9.109269,9.109269,completed,0,7,rain,17.000000
2,1104,3448072865,216,Day 8 06:22,none,,9.109269,9.109269,completed,0.000000,0.293627,0.256210,1.000000,0.545833,0.036667,0.780530,0.175000,0.085000,10,1,1,1,0,0,0,1,1,1,1,0,1,0,1,0,1,0.163923,0.000000,0.157093,0.000000,0.000000,0.000000,0.179705,0.000000,0.000000,0.200523,0.000000,0.158407,0.000000,0.000000,0.000000,0.140348,turn_light_off,1,1,10463,light,none,,,0.000000,1.000000,0,none,,9.109269,9.109269,completed,0,7,rain,17.000000
2,1104,3448072865,217,Day 8 06:23,none,,9.109269,9.109269,completed,0.000333,0.294027,0.256210,1.000000,0.546667,0.037333,0.780530,0.174000,0.084400,10,1,1,1,0,0,0,1,1,1,1,1,0,0,1,0,1,0.163593,0.000000,0.156774,0.000000,0.000000,0.000000,0.179257,0.000000,0.000000,0.200162,0.160192,0.000000,0.000000,0.000000,0.000000,0.140022,rest_at_bed,1,60,10523,bed,none,,,0.000000,1.000000,0,none,,9.109269,9.109269,completed,0,7,rain,17.000000
2,1104,3448072865,218,Day 8 07:23,none,,9.109269,9.109269,completed,0.060333,0.038900,0.256210,1.000000,0.596667,0.077333,0.780530,0.000000,0.048400,10,1,1,1,0,0,0,1,1,1,1,1,0,0,1,0,1,0.209659,0.000000,0.194491,0.000000,0.000000,0.000000,0.000000,0.000000,0.000000,0.242796,0.188006,0.000000,0.000000,0.000000,0.000000,0.165048,turn_light_on,1,1,10524,light,none,,,0.000000,1.000000,0,none,,9.109269,9.109269,completed,0,7,rain,17.000000
2,1104,3448072865,219,Day 8 07:24,none,,9.109269,9.109269,completed,0.060667,0.039300,0.256210,1.000000,0.597500,0.078000,0.780530,0.000000,0.047800,10,1,1,1,0,0,0,1,1,1,1,0,1,0,1,0,1,0.258176,0.000000,0.239495,0.000000,0.000000,0.000000,0.000000,0.000000,0.000000,0.299108,0.000000,0.000000,0.000000,0.000000,0.000000,0.203221,get_meal,1,35,10559,door,none,,,0.000000,1.000000,0,none,,9.109269,9.109269,completed,0,7,rain,17.000000
2,1104,3448072865,220,Day 8 07:59,none,,9.109269,9.109269,completed,0.032333,0.053300,0.256210,1.000000,0.076667,0.101333,0.780530,0.000000,0.026800,10,1,1,1,0,0,0,1,1,1,1,0,1,0,1,0,1,0.366400,0.000000,0.341572,0.000000,0.000000,0.000000,0.000000,0.000000,0.000000,0.000000,0.000000,0.000000,0.000000,0.000000,0.000000,0.292028,use_computer,1,30,10589,computer,none,alarm-rings,,0.000000,1.000000,0,none,,9.109269,9.109269,completed,0,7,rain,17.000000
2,1104,3448072865,221,Day 8 08:29,none,,9.109269,9.109269,completed,0.000000,0.167387,0.256210,0.990000,0.101667,0.121333,0.816477,0.080000,0.008800,11,1,1,1,0,0,0,1,1,1,1,0,1,1,1,0,1,0.198802,0.000000,0.188187,0.000000,0.000000,0.000000,0.190070,0.000000,0.000000,0.000000,0.000000,0.000000,0.258014,0.000000,0.000000,0.164927,use_computer,1,30,10619,computer,none,,,0.000000,1.000000,0,none,,9.109269,9.109269,completed,0,7,rain,17.000000
2,1104,3448072865,222,Day 8 08:59,none,,9.109269,9.109269,completed,0.000000,0.281475,0.256210,0.980000,0.126667,0.141333,0.816477,0.160000,0.000000,11,1,1,1,0,0,0,1,1,1,1,0,1,1,1,0,1,0.162461,0.000000,0.155495,0.000000,0.000000,0.000000,0.174768,0.000000,0.152107,0.000000,0.000000,0.000000,0.216670,0.000000,0.000000,0.138499,rest_at_bed,1,60,10679,bed,none,,,0.000000,1.000000,0,none,,9.109269,9.109269,completed,0,7,rain,17.000000
2,1104,3448072865,223,Day 8 09:59,none,,9.109269,9.109269,completed,0.060000,0.026348,0.256210,1.000000,0.176667,0.181333,0.816477,0.000000,0.000000,11,1,1,1,0,0,0,1,1,1,1,0,1,1,1,0,1,0.175467,0.000000,0.162602,0.000000,0.000000,0.000000,0.000000,0.000000,0.155105,0.153874,0.000000,0.000000,0.214953,0.000000,0.000000,0.137999,use_phone,1,25,10704,phone,none,,,0.000000,1.000000,0,none,,9.109269,9.109269,completed,0,7,rain,17.000000
2,1104,3448072865,224,Day 8 10:24,none,,9.109269,9.109269,completed,0.000000,0.118827,0.256210,1.000000,0.197500,0.198000,0.816477,0.095000,0.085000,11,1,1,1,0,0,0,1,1,1,1,0,1,1,1,0,1,0.145116,0.000000,0.136820,0.000000,0.000000,0.000000,0.135743,0.000000,0.137333,0.136557,0.000000,0.000000,0.188158,0.000000,0.000000,0.120274,turn_off_alarm,1,1,10705,alarm,none,,,0.000000,1.000000,0,none,,9.109269,9.109269,completed,0,7,rain,17.000000
2,1104,3448072865,225,Day 8 10:25,none,,9.109269,9.109269,completed,0.000333,0.119227,0.256210,1.000000,0.198333,0.198667,0.796477,0.094000,0.084400,10,1,1,1,0,0,0,1,1,1,1,0,1,0,1,0,1,0.178719,0.000000,0.168498,0.000000,0.000000,0.000000,0.167337,0.000000,0.169154,0.168213,0.000000,0.000000,0.000000,0.000000,0.000000,0.148078,get_meal,1,35,10740,door,none,message-study-group,,0.000000,1.000000,0,none,,9.109269,9.109269,completed,0,8,rain,17.000000
2,1104,3448072865,226,Day 8 11:00,none,,9.109269,9.109269,completed,0.000000,0.133227,0.256210,1.000000,0.000000,0.222000,0.796477,0.059000,0.063400,10,1,1,1,0,0,0,1,1,1,1,0,1,0,1,0,1,0.215121,0.000000,0.202971,0.000000,0.000000,0.000000,0.199163,0.000000,0.205615,0.000000,0.000000,0.000000,0.000000,0.000000,0.000000,0.177130,idle,1,10,10750,,none,,,0.000000,1.000000,0,none,,9.109269,9.109269,completed,0,8,rain,17.000000
2,1104,3448072865,227,Day 8 11:10,none,,9.109269,9.109269,completed,0.123333,0.137227,0.256210,0.946667,0.008333,0.228667,0.796477,0.049000,0.057400,10,1,1,1,0,0,0,1,1,1,1,0,1,0,1,0,1,0.222889,0.000000,0.206960,0.000000,0.000000,0.000000,0.194109,0.000000,0.201608,0.000000,0.000000,0.000000,0.000000,0.000000,0.000000,0.174433,idle,1,10,10760,,none,,,0.000000,1.000000,0,none,,9.109269,9.109269,completed,0,8,rain,17.000000
2,1104,3448072865,228,Day 8 11:20,none,,9.109269,9.109269,completed,0.246667,0.141227,0.256210,0.893333,0.016667,0.235333,0.796477,0.039000,0.051400,10,1,1,1,0,0,0,1,1,1,1,0,1,0,1,0,1,0.230798,0.000000,0.210900,0.000000,0.000000,0.000000,0.189070,0.000000,0.197560,0.000000,0.000000,0.000000,0.000000,0.000000,0.000000,0.171672,go_to_bathroom,1,15,10775,door,none,,,0.000000,1.000000,0,none,,9.109269,9.109269,completed,0,8,rain,17.000000
2,1104,3448072865,229,Day 8 11:35,none,,9.109269,9.109269,completed,0.251667,0.147227,0.256210,0.968474,0.029167,0.000000,0.796477,0.024000,0.042400,10,1,1,1,0,0,0,1,1,1,1,0,1,0,1,0,1,0.288429,0.000000,0.263468,0.000000,0.000000,0.000000,0.234574,0.000000,0.000000,0.000000,0.000000,0.000000,0.000000,0.000000,0.000000,0.213529,use_computer,1,30,10805,computer,none,,,0.000000,1.000000,0,none,,9.109269,9.109269,completed,0,8,rain,17.000000
2,1104,3448072865,230,Day 8 12:05,none,,9.109269,9.109269,completed,0.101667,0.261314,0.256210,0.958474,0.054167,0.020000,0.796477,0.104000,0.024400,10,1,1,1,0,0,0,1,1,1,1,0,1,0,1,0,1,0.268001,0.000000,0.252457,0.000000,0.000000,0.000000,0.263139,0.000000,0.000000,0.000000,0.000000,0.000000,0.000000,0.000000,0.000000,0.216402,use_phone,1,25,10830,phone,none,,,0.000000,1.000000,0,none,,9.109269,9.109269,completed,0,8,rain,17.000000
2,1104,3448072865,231,Day 8 12:30,none,,9.109269,9.109269,completed,0.000000,0.353793,0.256210,0.990140,0.075000,0.036667,0.796477,0.199000,0.109400,10,1,1,1,0,0,0,1,1,1,1,0,1,0,1,0,1,0.200936,0.000000,0.193639,0.000000,0.000000,0.000000,0.231699,0.000000,0.000000,0.000000,0.000000,0.199886,0.000000,0.000000,0.000000,0.173840,use_computer,1,30,10860,computer,none,,,0.000000,1.000000,0,none,,9.109269,9.109269,completed,0,8,rain,17.000000
2,1104,3448072865,232,Day 8 13:00,none,,9.109269,9.109269,completed,0.000000,0.467880,0.256210,0.980140,0.100000,0.056667,0.796477,0.279000,0.091400,10,1,1,1,0,0,0,1,1,1,1,0,1,0,1,0,1,0.150246,0.000000,0.146398,0.000000,0.000000,0.000000,0.194934,0.214864,0.000000,0.000000,0.000000,0.159985,0.000000,0.000000,0.000000,0.133573,use_computer,1,30,10890,computer,none,,,0.000000,1.000000,0,none,,9.109269,9.109269,completed,0,8,rain,17.000000
2,1104,3448072865,233,Day 8 13:30,none,,9.109269,9.109269,completed,0.000000,0.581968,0.256210,0.970140,0.125000,0.076667,0.796477,0.359000,0.073400,10,1,1,1,0,0,0,1,1,1,1,0,1,0,1,0,1,0.139597,0.000000,0.137532,0.000000,0.000000,0.000000,0.203788,0.232440,0.000000,0.000000,0.000000,0.159112,0.000000,0.000000,0.000000,0.127531,turn_light_off,1,1,10891,light,none,,,0.000000,1.000000,0,none,,9.109269,9.109269,completed,0,8,rain,17.000000
2,1104,3448072865,234,Day 8 13:31,none,,9.109269,9.109269,completed,0.000333,0.582368,0.256210,0.989807,0.125833,0.077333,0.796477,0.358000,0.072800,10,1,1,1,0,0,0,1,1,1,1,1,0,0,1,0,1,0.141481,0.000000,0.139385,0.000000,0.000000,0.000000,0.206438,0.235474,0.000000,0.000000,0.148012,0.000000,0.000000,0.000000,0.000000,0.129211,turn_light_on,1,1,10892,light,none,,,0.000000,1.000000,0,none,,9.109269,9.109269,completed,0,8,rain,17.000000
2,1104,3448072865,235,Day 8 13:32,none,,9.109269,9.109269,completed,0.000667,0.582768,0.256210,1.000000,0.126667,0.078000,0.796477,0.357000,0.072200,10,1,1,1,0,0,0,1,1,1,1,0,1,0,1,0,1,0.139683,0.000000,0.137610,0.000000,0.000000,0.000000,0.203716,0.232381,0.000000,0.000000,0.000000,0.159081,0.000000,0.000000,0.000000,0.127529,use_phone,1,25,10917,phone,none,,,0.000000,1.000000,0,none,,9.109269,9.109269,completed,0,8,rain,17.000000
2,1104,3448072865,236,Day 8 13:57,none,,9.109269,9.109269,completed,0.000000,0.675247,0.256210,1.000000,0.147500,0.094667,0.796477,0.452000,0.157200,10,1,1,1,0,0,0,1,1,1,1,0,1,0,1,0,1,0.113554,0.120867,0.000000,0.000000,0.000000,0.000000,0.185483,0.217888,0.000000,0.117225,0.000000,0.138272,0.000000,0.000000,0.000000,0.106710,shop_on_phone,0,0,10917,phone,resource_insufficient,,,0.000000,1.000000,0,none,,9.109269,9.109269,completed,0,8,rain,17.000000
2,1104,3448072865,237,Day 8 13:57,none,,9.109269,9.109269,completed,0.000000,0.675247,0.256210,0.970000,0.147500,0.094667,0.826477,0.452000,0.157200,10,1,1,1,0,0,0,1,1,1,1,0,1,0,1,0,1,0.113600,0.120915,0.000000,0.000000,0.000000,0.000000,0.185156,0.217976,0.000000,0.117272,0.000000,0.138328,0.000000,0.000000,0.000000,0.106753,get_meal,1,35,10952,door,none,weather-rain,,0.000000,1.000000,0,none,,9.109269,9.109269,completed,0,8,rain,17.000000
2,1104,3448072865,238,Day 8 14:32,none,,9.109269,9.109269,completed,0.000000,0.689247,0.256210,1.000000,0.000000,0.118000,0.826477,0.417000,0.136200,10,1,1,1,0,0,0,1,1,1,1,0,1,0,1,0,1,0.129951,0.135475,0.000000,0.000000,0.000000,0.000000,0.209400,0.246954,0.000000,0.000000,0.000000,0.156876,0.000000,0.000000,0.000000,0.121343,rest_at_bed,1,60,11012,bed,none,,,0.000000,1.000000,0,none,,9.109269,9.109269,completed,0,8,rain,17.000000
2,1104,3448072865,239,Day 8 15:32,none,,9.109269,9.109269,completed,0.060000,0.434120,0.256210,1.000000,0.050000,0.158000,0.826477,0.217000,0.100200,10,1,1,1,0,0,0,1,1,1,1,0,1,0,1,0,1,0.137973,0.000000,0.132874,0.000000,0.000000,0.000000,0.164031,0.178996,0.130329,0.000000,0.000000,0.137968,0.000000,0.000000,0.000000,0.117828,use_phone,1,25,11037,phone,none,,,0.000000,1.000000,0,none,,9.109269,9.109269,completed,0,8,rain,17.000000
2,1104,3448072865,240,Day 8 15:57,none,,9.109269,9.109269,completed,0.000000,0.526599,0.256210,1.000000,0.070833,0.174667,0.826477,0.312000,0.185200,10,1,1,1,0,0,0,1,1,1,1,0,1,0,1,0,1,0.111890,0.116270,0.109633,0.000000,0.000000,0.000000,0.153195,0.172153,0.113153,0.000000,0.000000,0.123007,0.000000,0.000000,0.000000,0.100699,rest_at_bed,1,60,11097,bed,none,room-temperature-shift,,0.000000,1.000000,0,none,,9.109269,9.109269,completed,0,8,rain,24.000000
2,1104,3448072865,241,Day 8 16:57,none,,9.109269,9.109269,completed,0.060000,0.271472,0.256210,1.000000,0.120833,0.214667,0.826477,0.112000,0.149200,10,1,1,1,0,0,0,1,1,1,1,0,1,0,1,0,1,0.176876,0.163748,0.167699,0.000000,0.000000,0.000000,0.178671,0.000000,0.167421,0.000000,0.000000,0.000000,0.000000,0.000000,0.000000,0.145585,idle,1,10,11107,,none,,,0.000000,1.000000,0,none,,9.109269,9.109269,completed,0,8,rain,24.000000
2,1104,3448072865,242,Day 8 17:07,none,,9.109269,9.109269,completed,0.183333,0.275472,0.256210,0.946667,0.129167,0.221333,0.826477,0.102000,0.143200,10,1,1,1,0,0,0,1,1,1,1,0,1,0,1,0,1,0.183997,0.160732,0.171679,0.000000,0.000000,0.000000,0.174834,0.000000,0.164816,0.000000,0.000000,0.000000,0.000000,0.000000,0.000000,0.143942,idle,1,10,11117,,none,,,0.000000,1.000000,0,none,,9.109269,9.109269,completed,0,8,rain,24.000000
2,1104,3448072865,243,Day 8 17:17,none,,9.109269,9.109269,completed,0.306667,0.279472,0.256210,0.893333,0.137500,0.228000,0.826477,0.092000,0.137200,10,1,1,1,0,0,0,1,1,1,1,0,1,0,1,0,1,0.191293,0.157681,0.175653,0.000000,0.000000,0.000000,0.170981,0.000000,0.162158,0.000000,0.000000,0.000000,0.000000,0.000000,0.000000,0.142235,go_to_bathroom,1,15,11132,door,none,,,0.000000,1.000000,0,none,,9.109269,9.109269,completed,0,8,rain,24.000000
2,1104,3448072865,244,Day 8 17:32,none,,9.109269,9.109269,completed,0.311667,0.285472,0.256210,0.968474,0.150000,0.000000,0.826477,0.077000,0.128200,10,1,1,1,0,0,0,1,1,1,1,0,1,0,1,0,1,0.193921,0.158094,0.178002,0.000000,0.000000,0.000000,0.172078,0.000000,0.000000,0.154396,0.000000,0.000000,0.000000,0.000000,0.000000,0.143510,use_computer,1,30,11162,computer,none,,,0.000000,1.000000,0,none,,9.109269,9.109269,completed,0,8,rain,24.000000
2,1104,3448072865,245,Day 8 18:02,none,,9.109269,9.109269,completed,0.161667,0.399559,0.256210,0.958474,0.175000,0.020000,0.826477,0.157000,0.110200,10,1,1,1,0,0,0,1,1,1,1,0,1,0,1,0,1,0.177342,0.000000,0.167870,0.000000,0.000000,0.000000,0.189985,0.000000,0.000000,0.158270,0.000000,0.163388,0.000000,0.000000,0.000000,0.143145,use_phone,1,25,11187,phone,none,evening,,0.000000,1.000000,0,none,,9.109269,9.109269,completed,0,8,rain,24.000000
2,1104,3448072865,246,Day 8 18:27,none,,9.109269,9.109269,completed,0.000000,0.492038,0.256210,0.990140,0.195833,0.036667,0.826477,0.252000,0.195200,10,1,1,1,0,0,0,1,1,1,1,0,1,0,1,0,1,0.115090,0.118507,0.112333,0.000000,0.000000,0.000000,0.148935,0.165320,0.000000,0.115607,0.000000,0.122274,0.000000,0.000000,0.000000,0.101934,shop_on_phone,0,0,11187,phone,resource_insufficient,,,0.000000,1.000000,0,none,,9.109269,9.109269,completed,0,8,rain,24.000000
2,1104,3448072865,247,Day 8 18:27,none,,9.109269,9.109269,completed,0.000000,0.492038,0.256210,0.960140,0.195833,0.036667,0.856477,0.252000,0.195200,10,1,1,1,0,0,0,1,1,1,1,0,1,0,1,0,1,0.115127,0.118546,0.112369,0.000000,0.000000,0.000000,0.148660,0.165373,0.000000,0.115644,0.000000,0.122313,0.000000,0.000000,0.000000,0.101967,use_phone,1,25,11212,phone,none,,,0.000000,1.000000,0,none,,9.109269,9.109269,completed,0,8,rain,24.000000
2,1104,3448072865,248,Day 8 18:52,none,,9.109269,9.109269,completed,0.000000,0.584517,0.256210,0.991807,0.216667,0.053333,0.856477,0.347000,0.280200,10,1,1,1,0,0,0,1,1,1,1,0,1,0,1,0,1,0.107464,0.120706,0.105880,0.000000,0.000000,0.000000,0.155370,0.177987,0.000000,0.112617,0.000000,0.122034,0.000000,0.000000,0.000000,0.097942,use_phone,1,25,11237,phone,none,,,0.000000,1.000000,0,none,,9.109269,9.109269,completed,0,8,rain,24.000000
2,1104,3448072865,249,Day 8 19:17,none,,9.109269,9.109269,completed,0.000000,0.676996,0.256210,1.000000,0.237500,0.070000,0.856477,0.442000,0.365200,10,1,1,1,0,0,0,1,1,1,1,0,1,0,1,0,1,0.111128,0.136159,0.000000,0.000000,0.000000,0.000000,0.179892,0.212221,0.000000,0.121495,0.000000,0.134885,0.000000,0.000000,0.000000,0.104221,shop_on_phone,0,0,11237,phone,resource_insufficient,,,0.000000,1.000000,0,none,,9.109269,9.109269,completed,0,8,rain,24.000000
2,1104,3448072865,250,Day 8 19:17,none,,9.109269,9.109269,completed,0.000000,0.676996,0.256210,0.970000,0.237500,0.070000,0.886477,0.442000,0.365200,10,1,1,1,0,0,0,1,1,1,1,0,1,0,1,0,1,0.111172,0.136212,0.000000,0.000000,0.000000,0.000000,0.179573,0.212303,0.000000,0.121542,0.000000,0.134937,0.000000,0.000000,0.000000,0.104261,get_meal,1,35,11272,door,none,,,0.000000,1.000000,0,none,,9.109269,9.109269,completed,0,8,rain,24.000000
2,1104,3448072865,251,Day 8 19:52,none,,9.109269,9.109269,completed,0.000000,0.690996,0.256210,1.000000,0.000000,0.093333,0.886477,0.407000,0.344200,10,1,1,1,0,0,0,1,1,1,1,0,1,0,1,0,1,0.127820,0.153389,0.000000,0.000000,0.000000,0.000000,0.204118,0.241750,0.000000,0.000000,0.000000,0.153809,0.000000,0.000000,0.000000,0.119113,sleep_at_bed,1,480,11752,bed,none,,,0.000000,1.000000,0,none,,9.109269,9.109269,completed,0,8,rain,24.000000
2,1104,3448072865,252,Day 9 03:52,none,,9.109269,9.109269,completed,0.080000,0.356573,0.256210,0.920000,0.400000,0.413333,0.886477,0.000000,0.056200,10,1,1,1,0,0,0,1,1,1,1,0,1,0,1,0,1,0.171471,0.000000,0.163084,0.000000,0.000000,0.000000,0.168939,0.000000,0.181205,0.177627,0.000000,0.000000,0.000000,0.000000,0.000000,0.137674,go_to_bathroom,1,15,11767,door,none,,,0.000000,1.000000,0,none,,9.109269,9.109269,completed,0,8,rain,24.000000
2,1104,3448072865,253,Day 9 04:07,none,,9.109269,9.109269,completed,0.085000,0.362573,0.256210,0.995140,0.412500,0.000000,0.886477,0.000000,0.047200,10,1,1,1,0,0,0,1,1,1,1,0,1,0,1,0,1,0.209122,0.000000,0.198866,0.000000,0.000000,0.000000,0.206328,0.000000,0.000000,0.218026,0.000000,0.000000,0.000000,0.000000,0.000000,0.167658,get_meal,1,35,11802,door,none,,,0.000000,1.000000,0,none,,9.109269,9.109269,completed,0,8,rain,24.000000
2,1104,3448072865,254,Day 9 04:42,none,,9.109269,9.109269,completed,0.056667,0.376573,0.256210,1.000000,0.000000,0.023333,0.886477,0.000000,0.026200,10,1,1,1,0,0,0,1,1,1,1,0,1,0,1,0,1,0.264820,0.000000,0.253080,0.000000,0.000000,0.000000,0.267122,0.000000,0.000000,0.000000,0.000000,0.000000,0.000000,0.000000,0.000000,0.214977,rest_at_bed,1,60,11862,bed,none,,,0.000000,1.000000,0,none,,9.109269,9.109269,completed,0,8,rain,24.000000
2,1104,3448072865,255,Day 9 05:42,none,,9.109269,9.109269,completed,0.116667,0.121446,0.256210,1.000000,0.050000,0.063333,0.886477,0.000000,0.000000,10,1,1,1,0,0,0,1,1,1,1,0,1,0,1,0,1,0.369995,0.000000,0.343140,0.000000,0.000000,0.000000,0.000000,0.000000,0.000000,0.000000,0.000000,0.000000,0.000000,0.000000,0.000000,0.286865,idle,1,10,11872,,none,,,0.000000,1.000000,0,none,,9.109269,9.109269,completed,0,8,rain,24.000000
2,1104,3448072865,256,Day 9 05:52,none,,9.109269,9.109269,completed,0.240000,0.125446,0.256210,0.946667,0.058333,0.070000,0.886477,0.000000,0.000000,10,1,1,1,0,0,0,1,1,1,1,0,1,0,1,0,1,0.377170,0.000000,0.344288,0.000000,0.000000,0.000000,0.000000,0.000000,0.000000,0.000000,0.000000,0.000000,0.000000,0.000000,0.000000,0.278541,use_computer,1,30,11902,computer,none,,,0.000000,1.000000,0,none,,9.109269,9.109269,completed,0,8,rain,24.000000
