personality_index,scenario_seed,action_seed,step,decision_time,pre_commitment_status,pre_commitment_task_id,pre_task_effort,pre_task_effort_target,pre_task_status,pre_boredom,pre_fatigue,pre_task_pressure,pre_satisfaction,pre_hunger,pre_bathroom_urge,pre_anxiety,pre_screen_strain,pre_purchase_urge,known_action_count,known_use_phone,known_shop_on_phone,known_use_computer,known_study_at_computer,known_study_focused,known_study_halfhearted,known_rest_at_bed,known_sleep_at_bed,known_go_to_bathroom,known_get_meal,known_turn_light_on,known_turn_light_off,known_turn_off_alarm,known_open_curtain,known_close_curtain,known_idle,p_use_phone,p_shop_on_phone,p_use_computer,p_study_at_computer,p_study_focused,p_study_halfhearted,p_rest_at_bed,p_sleep_at_bed,p_go_to_bathroom,p_get_meal,p_turn_light_on,p_turn_light_off,p_turn_off_alarm,p_open_curtain,p_close_curtain,p_idle,chosen_action,accepted,elapsed_minutes,simulation_total_minutes,target_object_id,failure_reason,event_ids,outcome_task_id,outcome_task_effort_gained,outcome_task_settlement_variation,outcome_task_session_interrupted,post_commitment_status,post_commitment_task_id,post_task_effort,post_task_effort_target,post_task_status,post_wallet,post_unread_messages,post_weather,post_temperature_celsius
8,1106,3448094757,1,Day 1 08:00,none,,0.000000,7.811698,active,0.550000,0.150000,0.550000,0.450000,0.250000,0.150000,0.200000,0.050000,0.100000,13,1,1,1,1,1,1,1,1,1,1,0,1,0,0,1,1,0.132964,0.000000,0.115935,0.120859,0.126443,0.126265,0.093659,0.000000,0.094748,0.103773,0.000000,0.000000,0.000000,0.000000,0.000000,0.085355,study_halfhearted,1,35,515,desk,none,,coursework,0.228325,0.918998,0,active,coursework,0.228325,7.811698,active,120,0,clear,23.000000
8,1106,3448094757,2,Day 1 08:35,active,coursework,0.228325,7.811698,active,0.611667,0.244000,0.490166,0.458333,0.279167,0.173333,0.180000,0.015000,0.079000,13,1,1,1,1,1,1,1,1,1,1,0,1,0,0,1,1,0.130354,0.000000,0.113589,0.123512,0.129320,0.136421,0.093202,0.000000,0.091511,0.100731,0.000000,0.000000,0.000000,0.000000,0.000000,0.081360,idle,1,10,525,,none,,,0.000000,1.000000,0,active,coursework,0.228325,7.811698,active,120,0,clear,23.000000
8,1106,3448094757,3,Day 1 08:45,active,coursework,0.228325,7.811698,active,0.735000,0.248000,0.592719,0.405000,0.287500,0.180000,0.208481,0.005000,0.073000,13,1,1,1,1,1,1,1,1,1,1,0,1,0,0,1,1,0.133880,0.000000,0.114228,0.127689,0.133017,0.141593,0.088076,0.000000,0.087437,0.096384,0.000000,0.000000,0.000000,0.000000,0.000000,0.077696,rest_at_bed,1,60,585,bed,none,message-study-group,,0.000000,1.000000,0,suspended,coursework,0.228325,7.811698,active,120,1,clear,23.000000
8,1106,3448094757,4,Day 1 09:45,suspended,coursework,0.228325,7.811698,active,0.795000,0.039760,0.725272,0.435000,0.337500,0.220000,0.290855,0.000000,0.037000,13,1,1,1,1,1,1,1,1,1,1,0,1,0,0,1,1,0.142935,0.000000,0.117847,0.151761,0.158547,0.158610,0.000000,0.000000,0.091155,0.101348,0.000000,0.000000,0.000000,0.000000,0.000000,0.077797,use_phone,1,25,610,phone,none,,,0.000000,1.000000,0,suspended,coursework,0.228325,7.811698,active,120,1,clear,23.000000
8,1106,3448094757,5,Day 1 10:10,suspended,coursework,0.228325,7.811698,active,0.583333,0.132280,0.817825,0.466667,0.358333,0.236667,0.325992,0.095000,0.122000,13,1,1,1,1,1,1,1,1,1,1,0,1,0,0,1,1,0.104660,0.075085,0.090625,0.139315,0.145982,0.135988,0.072769,0.000000,0.080276,0.089571,0.000000,0.000000,0.000000,0.000000,0.000000,0.065730,get_meal,1,35,645,door,none,,,0.000000,1.000000,0,suspended,coursework,0.228325,7.811698,active,120,1,clear,23.000000
8,1106,3448094757,6,Day 1 10:45,suspended,coursework,0.228325,7.811698,active,0.555000,0.146280,0.817825,0.587344,0.000000,0.260000,0.340231,0.060000,0.101000,13,1,1,1,1,1,1,1,1,1,1,0,1,0,0,1,1,0.135205,0.000000,0.117759,0.181511,0.192394,0.180638,0.000000,0.000000,0.107032,0.000000,0.000000,0.000000,0.000000,0.000000,0.000000,0.085461,idle,1,10,655,,none,weather-rain,,0.000000,1.000000,0,suspended,coursework,0.228325,7.811698,active,120,1,rain,23.000000
8,1106,3448094757,7,Day 1 10:55,suspended,coursework,0.228325,7.811698,active,0.708333,0.150280,0.920379,0.534011,0.008333,0.266667,0.372780,0.050000,0.095000,13,1,1,1,1,1,1,1,1,1,1,0,1,0,0,1,1,0.126552,0.081763,0.107364,0.168002,0.177174,0.174437,0.000000,0.000000,0.091488,0.000000,0.000000,0.000000,0.000000,0.000000,0.000000,0.073219,idle,1,10,665,,none,,,0.000000,1.000000,0,suspended,coursework,0.228325,7.811698,active,120,1,rain,23.000000
8,1106,3448094757,8,Day 1 11:05,suspended,coursework,0.228325,7.811698,active,0.831667,0.154280,1.000000,0.480678,0.016667,0.273333,0.406887,0.040000,0.089000,13,1,1,1,1,1,1,1,1,1,1,0,1,0,0,1,1,0.128989,0.077203,0.107148,0.169461,0.177809,0.183158,0.000000,0.000000,0.086751,0.000000,0.000000,0.000000,0.000000,0.000000,0.000000,0.069481,study_focused,1,35,700,desk,none,,coursework,0.378027,0.912926,0,active,coursework,0.606352,7.811698,active,120,1,rain,23.000000
8,1106,3448094757,9,Day 1 11:40,active,coursework,0.606352,7.811698,active,0.863333,0.278280,0.887811,0.549011,0.045833,0.296667,0.380812,0.005000,0.068000,13,1,1,1,1,1,1,1,1,1,1,0,1,0,0,1,1,0.138952,0.000000,0.116352,0.158988,0.167907,0.164115,0.085174,0.000000,0.094112,0.000000,0.000000,0.000000,0.000000,0.000000,0.000000,0.074401,use_phone,1,25,725,phone,none,,,0.000000,1.000000,0,active,coursework,0.606352,7.811698,active,120,1,rain,23.000000
8,1106,3448094757,10,Day 1 12:05,active,coursework,0.606352,7.811698,active,0.651667,0.370800,0.980364,0.580678,0.066667,0.313333,0.422121,0.100000,0.153000,13,1,1,1,1,1,1,1,1,1,1,0,1,0,0,1,1,0.109256,0.079858,0.096082,0.156910,0.166212,0.146942,0.088240,0.000000,0.089000,0.000000,0.000000,0.000000,0.000000,0.000000,0.000000,0.067502,study_at_computer,1,35,760,computer,none,,coursework,0.709012,1.026747,0,active,coursework,1.315363,7.811698,active,120,1,rain,23.000000
8,1106,3448094757,11,Day 1 12:40,active,coursework,1.315363,7.811698,active,0.683333,0.495994,0.868175,0.649011,0.095833,0.336667,0.395001,0.145000,0.132000,13,1,1,1,1,1,1,1,1,1,1,0,1,0,0,1,1,0.103679,0.075067,0.092063,0.132629,0.141409,0.132997,0.094492,0.000000,0.087029,0.000000,0.000000,0.075483,0.000000,0.000000,0.000000,0.065152,go_to_bathroom,1,15,775,door,none,,,0.000000,1.000000,0,suspended,coursework,1.315363,7.811698,active,120,1,rain,23.000000
8,1106,3448094757,12,Day 1 12:55,suspended,coursework,1.315363,7.811698,active,0.688333,0.501994,0.868175,0.736355,0.108333,0.000000,0.402251,0.130000,0.123000,13,1,1,1,1,1,1,1,1,1,1,0,1,0,0,1,1,0.114113,0.081432,0.101280,0.144997,0.155885,0.145666,0.102943,0.000000,0.000000,0.000000,0.000000,0.082420,0.000000,0.000000,0.000000,0.071265,use_computer,1,30,805,computer,none,,,0.000000,1.000000,0,suspended,coursework,1.315363,7.811698,active,120,1,rain,23.000000
8,1106,3448094757,13,Day 1 13:25,suspended,coursework,1.315363,7.811698,active,0.538333,0.616116,0.940728,0.726355,0.133333,0.020000,0.445231,0.210000,0.105000,13,1,1,1,1,1,1,1,1,1,1,0,1,0,0,1,1,0.082771,0.065478,0.076501,0.124259,0.133463,0.120165,0.095301,0.108249,0.000000,0.064358,0.000000,0.071742,0.000000,0.000000,0.000000,0.057713,study_halfhearted,1,35,840,desk,none,,coursework,0.255368,1.027847,0,active,coursework,1.570732,7.811698,active,120,1,rain,23.000000
8,1106,3448094757,14,Day 1 14:00,active,coursework,1.570732,7.811698,active,0.600000,0.710116,0.880894,0.734689,0.162500,0.043333,0.446004,0.175000,0.084000,13,1,1,1,1,1,1,1,1,1,1,0,1,0,0,1,1,0.091784,0.000000,0.084779,0.123844,0.133122,0.122837,0.107056,0.125303,0.000000,0.070660,0.000000,0.078393,0.000000,0.000000,0.000000,0.062224,study_focused,1,35,875,desk,none,,coursework,0.375447,0.906696,0,active,coursework,1.946179,7.811698,active,120,1,rain,23.000000
8,1106,3448094757,15,Day 1 14:35,active,coursework,1.946179,7.811698,active,0.631667,0.834116,0.768705,0.803022,0.191667,0.066667,0.413595,0.140000,0.063000,13,1,1,1,1,1,1,1,1,1,1,0,1,0,0,1,1,0.093589,0.000000,0.087141,0.109847,0.118847,0.116703,0.115852,0.140734,0.000000,0.072923,0.000000,0.081297,0.000000,0.000000,0.000000,0.063068,idle,1,10,885,,none,,,0.000000,1.000000,0,active,coursework,1.946179,7.811698,active,120,1,rain,23.000000
8,1106,3448094757,16,Day 1 14:45,active,coursework,1.946179,7.811698,active,0.755000,0.838116,0.871258,0.749689,0.200000,0.073333,0.445399,0.130000,0.057000,13,1,1,1,1,1,1,1,1,1,1,0,1,0,0,1,1,0.097005,0.000000,0.088437,0.114680,0.123447,0.122284,0.110452,0.134671,0.000000,0.070418,0.000000,0.077824,0.000000,0.000000,0.000000,0.060782,use_computer,1,30,915,computer,none,,,0.000000,1.000000,0,active,coursework,1.946179,7.811698,active,120,1,rain,23.000000
8,1106,3448094757,17,Day 1 15:15,active,coursework,1.946179,7.811698,active,0.605000,0.952239,0.943811,0.739689,0.225000,0.093333,0.488519,0.210000,0.039000,13,1,1,1,1,1,1,1,1,1,1,0,1,0,0,1,1,0.077666,0.000000,0.073734,0.108482,0.116665,0.108217,0.112865,0.144547,0.000000,0.065643,0.000000,0.074773,0.000000,0.000000,0.063073,0.054333,turn_light_off,1,1,916,light,none,,,0.000000,1.000000,0,active,coursework,1.946179,7.811698,active,120,1,rain,23.000000
8,1106,3448094757,18,Day 1 15:16,active,coursework,1.946179,7.811698,active,0.605333,0.952639,0.943811,0.759355,0.225833,0.094000,0.489117,0.209000,0.038400,10,1,1,1,0,0,0,1,1,1,1,1,0,0,0,1,1,0.115067,0.000000,0.109238,0.000000,0.000000,0.000000,0.167101,0.214034,0.000000,0.097287,0.123407,0.000000,0.000000,0.000000,0.093401,0.080465,use_phone,1,25,941,phone,none,,,0.000000,1.000000,0,active,coursework,1.946179,7.811698,active,120,1,rain,23.000000
8,1106,3448094757,19,Day 1 15:41,active,coursework,1.946179,7.811698,active,0.393667,1.000000,1.000000,0.791022,0.246667,0.110667,0.532553,0.304000,0.123400,10,1,1,1,0,0,0,1,1,1,1,1,0,0,0,1,1,0.088590,0.082882,0.087873,0.000000,0.000000,0.000000,0.163257,0.214885,0.000000,0.089943,0.115152,0.000000,0.000000,0.000000,0.086157,0.071262,close_curtain,1,1,942,window,none,,,0.000000,1.000000,0,active,coursework,1.946179,7.811698,active,120,1,rain,23.000000
8,1106,3448094757,20,Day 1 15:42,active,coursework,1.946179,7.811698,active,0.394000,1.000000,1.000000,0.800689,0.247500,0.111333,0.533237,0.303000,0.122800,10,1,1,1,0,0,0,1,1,1,1,1,0,0,1,0,1,0.096999,0.090658,0.096206,0.000000,0.000000,0.000000,0.178569,0.235038,0.000000,0.098509,0.126030,0.000000,0.000000,0.000000,0.000000,0.077991,use_computer,1,30,972,computer,none,,,0.000000,1.000000,0,active,coursework,1.946179,7.811698,active,120,1,rain,23.000000
8,1106,3448094757,21,Day 1 16:12,active,coursework,1.946179,7.811698,active,0.244000,1.000000,1.000000,0.790689,0.272500,0.131333,0.582224,0.383000,0.104800,10,1,1,1,0,0,0,1,1,1,1,1,0,0,1,0,1,0.086615,0.000000,0.088302,0.000000,0.000000,0.000000,0.185066,0.246127,0.088757,0.101092,0.126975,0.000000,0.000000,0.000000,0.000000,0.077067,rest_at_bed,1,60,1032,bed,none,room-temperature-shift|task-deadline,,0.000000,1.000000,0,suspended,coursework,1.946179,7.811698,active,120,1,rain,24.000000
8,1106,3448094757,22,Day 1 17:12,suspended,coursework,1.946179,7.811698,active,0.304000,0.791760,1.000000,0.820689,0.322500,0.171333,0.651718,0.183000,0.068800,10,1,1,1,0,0,0,1,1,1,1,1,0,0,1,0,1,0.106186,0.000000,0.104221,0.000000,0.000000,0.000000,0.156992,0.192842,0.100501,0.115454,0.139357,0.000000,0.000000,0.000000,0.000000,0.084449,sleep_at_bed,1,480,1512,bed,none,task-reminder|evening,,0.000000,1.000000,0,suspended,coursework,1.946179,7.811698,active,120,1,rain,24.000000
8,1106,3448094757,23,Day 2 01:12,suspended,coursework,1.946179,7.811698,active,0.384000,0.518796,1.000000,0.740689,0.722500,0.491333,1.000000,0.000000,0.000000,10,1,1,1,0,0,0,1,1,1,1,1,0,0,1,0,1,0.137207,0.000000,0.128294,0.000000,0.000000,0.000000,0.129640,0.000000,0.154713,0.190351,0.163520,0.000000,0.000000,0.000000,0.000000,0.096276,rest_at_bed,1,60,1572,bed,none,,,0.000000,1.000000,0,suspended,coursework,1.946179,7.811698,active,120,1,rain,24.000000
8,1106,3448094757,24,Day 2 02:12,suspended,coursework,1.946179,7.811698,active,0.444000,0.310556,1.000000,0.770689,0.772500,0.531333,1.000000,0.000000,0.000000,10,1,1,1,0,0,0,1,1,1,1,1,0,0,1,0,1,0.144376,0.000000,0.130464,0.000000,0.000000,0.000000,0.110638,0.000000,0.159196,0.197553,0.161904,0.000000,0.000000,0.000000,0.000000,0.095870,use_computer,1,30,1602,computer,none,,,0.000000,1.000000,0,suspended,coursework,1.946179,7.811698,active,120,1,rain,24.000000
8,1106,3448094757,25,Day 2 02:42,suspended,coursework,1.946179,7.811698,active,0.294000,0.424679,1.000000,0.760689,0.797500,0.551333,1.000000,0.080000,0.000000,10,1,1,1,0,0,0,1,1,1,1,1,0,0,1,0,1,0.127970,0.000000,0.120421,0.000000,0.000000,0.000000,0.125676,0.000000,0.163589,0.203876,0.163200,0.000000,0.000000,0.000000,0.000000,0.095268,use_computer,1,30,1632,computer,none,,,0.000000,1.000000,0,suspended,coursework,1.946179,7.811698,active,120,1,rain,24.000000
8,1106,3448094757,26,Day 2 03:12,suspended,coursework,1.946179,7.811698,active,0.144000,0.538801,1.000000,0.750689,0.822500,0.571333,1.000000,0.160000,0.000000,10,1,1,1,0,0,0,1,1,1,1,1,0,0,1,0,1,0.096876,0.000000,0.094930,0.000000,0.000000,0.000000,0.121924,0.141647,0.143571,0.179698,0.140500,0.000000,0.000000,0.000000,0.000000,0.080855,sleep_at_bed,1,480,2112,bed,none,alarm-rings,,0.000000,1.000000,0,suspended,coursework,1.946179,7.811698,active,120,1,rain,24.000000
8,1106,3448094757,27,Day 2 11:12,suspended,coursework,1.946179,7.811698,active,0.254000,0.265837,1.000000,0.670689,1.000000,0.891333,1.000000,0.000000,0.000000,11,1,1,1,0,0,0,1,1,1,1,1,0,1,1,0,1,0.111678,0.000000,0.103761,0.000000,0.000000,0.000000,0.000000,0.000000,0.194835,0.211820,0.140130,0.000000,0.156285,0.000000,0.000000,0.081491,turn_off_alarm,1,1,2113,alarm,none,,,0.000000,1.000000,0,suspended,coursework,1.946179,7.811698,active,120,1,rain,24.000000
8,1106,3448094757,28,Day 2 11:13,suspended,coursework,1.946179,7.811698,active,0.254333,0.266237,1.000000,0.700355,1.000000,0.892000,0.980684,0.000000,0.000000,10,1,1,1,0,0,0,1,1,1,1,1,0,0,1,0,1,0.132405,0.000000,0.123017,0.000000,0.000000,0.000000,0.000000,0.000000,0.231107,0.251092,0.165776,0.000000,0.000000,0.000000,0.000000,0.096603,go_to_bathroom,1,15,2128,door,none,,,0.000000,1.000000,0,suspended,coursework,1.946179,7.811698,active,120,1,rain,24.000000
8,1106,3448094757,29,Day 2 11:28,suspended,coursework,1.946179,7.811698,active,0.259333,0.272237,1.000000,0.787700,1.000000,0.282000,0.990937,0.000000,0.000000,10,1,1,1,0,0,0,1,1,1,1,1,0,0,1,0,1,0.147767,0.000000,0.137265,0.000000,0.000000,0.000000,0.000000,0.000000,0.143052,0.279551,0.184763,0.000000,0.000000,0.000000,0.000000,0.107603,go_to_bathroom,1,15,2143,door,none,,,0.000000,1.000000,0,suspended,coursework,1.946179,7.811698,active,120,1,rain,24.000000
8,1106,3448094757,30,Day 2 11:43,suspended,coursework,1.946179,7.811698,active,0.264333,0.278237,1.000000,0.875044,1.000000,0.000000,1.000000,0.000000,0.000000,10,1,1,1,0,0,0,1,1,1,1,1,0,0,1,0,1,0.150941,0.000000,0.140187,0.000000,0.000000,0.000000,0.125848,0.000000,0.000000,0.284868,0.188456,0.000000,0.000000,0.000000,0.000000,0.109701,idle,1,10,2153,,none,,,0.000000,1.000000,0,suspended,coursework,1.946179,7.811698,active,120,1,rain,24.000000
8,1106,3448094757,31,Day 2 11:53,suspended,coursework,1.946179,7.811698,active,0.387667,0.282237,1.000000,0.821711,1.000000,0.006667,1.000000,0.000000,0.000000,10,1,1,1,0,0,0,1,1,1,1,1,0,0,1,0,1,0.159407,0.000000,0.144989,0.000000,0.000000,0.000000,0.123557,0.000000,0.000000,0.278885,0.184498,0.000000,0.000000,0.000000,0.000000,0.108665,turn_light_on,1,1,2154,light,none,,,0.000000,1.000000,0,suspended,coursework,1.946179,7.811698,active,120,1,rain,24.000000
8,1106,3448094757,32,Day 2 11:54,suspended,coursework,1.946179,7.811698,active,0.388000,0.282637,1.000000,0.841377,1.000000,0.007333,1.000000,0.000000,0.000000,13,1,1,1,1,1,1,1,1,1,1,0,1,0,1,0,1,0.097952,0.000000,0.089092,0.158388,0.171991,0.168537,0.075933,0.000000,0.000000,0.171342,0.000000,0.000000,0.000000,0.000000,0.000000,0.066764,study_at_computer,1,35,2189,computer,none,weather-rain,coursework,0.710748,1.029262,0,active,coursework,2.656927,7.811698,active,120,1,rain,24.000000
8,1106,3448094757,33,Day 2 12:29,active,coursework,2.656927,7.811698,active,0.419667,0.407831,0.887811,0.909711,1.000000,0.030667,0.973924,0.045000,0.000000,13,1,1,1,1,1,1,1,1,1,1,0,1,0,1,0,1,0.098076,0.000000,0.090070,0.164512,0.179806,0.140899,0.085786,0.000000,0.000000,0.172859,0.000000,0.000000,0.000000,0.000000,0.000000,0.067992,study_halfhearted,1,35,2224,desk,none,message-study-group,coursework,0.247560,0.996419,0,active,coursework,2.904487,7.811698,active,120,2,rain,24.000000
8,1106,3448094757,34,Day 2 13:04,active,coursework,2.904487,7.811698,active,0.481333,0.501831,0.887811,0.918044,1.000000,0.054000,1.000000,0.010000,0.000000,13,1,1,1,1,1,1,1,1,1,1,0,1,0,1,0,1,0.101025,0.000000,0.092722,0.160427,0.175479,0.141656,0.089303,0.000000,0.000000,0.171523,0.000000,0.000000,0.000000,0.000000,0.000000,0.067864,use_computer,1,30,2254,computer,none,task-reminder,,0.000000,1.000000,0,active,coursework,2.904487,7.811698,active,120,2,rain,24.000000
8,1106,3448094757,35,Day 2 13:34,active,coursework,2.904487,7.811698,active,0.331333,0.615953,0.960364,0.908044,1.000000,0.074000,1.000000,0.090000,0.000000,13,1,1,1,1,1,1,1,1,1,1,0,1,0,1,0,1,0.074188,0.000000,0.070906,0.138055,0.150865,0.114464,0.084042,0.099770,0.000000,0.143243,0.000000,0.068826,0.000000,0.000000,0.000000,0.055641,get_meal,1,35,2289,door,none,,,0.000000,1.000000,0,suspended,coursework,2.904487,7.811698,active,120,2,rain,24.000000
8,1106,3448094757,36,Day 2 14:09,suspended,coursework,2.904487,7.811698,active,0.303000,0.629953,0.960364,1.000000,0.479167,0.097333,1.000000,0.055000,0.000000,13,1,1,1,1,1,1,1,1,1,1,0,1,0,1,0,1,0.078097,0.000000,0.075079,0.146175,0.161142,0.120234,0.088690,0.105533,0.000000,0.093199,0.000000,0.072898,0.000000,0.000000,0.000000,0.058951,use_phone,1,25,2314,phone,none,,,0.000000,1.000000,0,suspended,coursework,2.904487,7.811698,active,120,2,rain,24.000000
8,1106,3448094757,37,Day 2 14:34,suspended,coursework,2.904487,7.811698,active,0.091333,0.722474,1.000000,1.000000,0.500000,0.114000,1.000000,0.150000,0.085000,13,1,1,1,1,1,1,1,1,1,1,0,1,0,1,0,1,0.069494,0.000000,0.070164,0.133439,0.147102,0.104766,0.104392,0.129116,0.000000,0.100100,0.000000,0.080715,0.000000,0.000000,0.000000,0.060711,study_at_computer,1,35,2349,computer,none,,coursework,0.688206,0.996618,0,active,coursework,3.592693,7.811698,active,120,2,rain,24.000000
8,1106,3448094757,38,Day 2 15:09,active,coursework,3.592693,7.811698,active,0.123000,0.847667,0.887811,1.000000,0.529167,0.137333,0.973924,0.195000,0.064000,13,1,1,1,1,1,1,1,1,1,1,0,1,0,1,0,1,0.061107,0.000000,0.062295,0.121717,0.134180,0.099440,0.103574,0.133853,0.063218,0.091155,0.000000,0.075164,0.000000,0.000000,0.000000,0.054298,sleep_at_bed,1,480,2829,bed,none,room-temperature-shift|evening,,0.000000,1.000000,0,suspended,coursework,3.592693,7.811698,active,120,2,rain,24.000000
8,1106,3448094757,39,Day 2 23:09,suspended,coursework,3.592693,7.811698,active,0.203000,0.574704,0.970364,0.920000,0.929167,0.457333,1.000000,0.000000,0.000000,13,1,1,1,1,1,1,1,1,1,1,0,1,0,1,0,1,0.077853,0.000000,0.075593,0.132996,0.145502,0.104620,0.086165,0.000000,0.095629,0.147679,0.000000,0.073424,0.000000,0.000000,0.000000,0.060541,get_meal,1,35,2864,door,none,,,0.000000,1.000000,0,suspended,coursework,3.592693,7.811698,active,120,2,rain,24.000000
8,1106,3448094757,40,Day 2 23:44,suspended,coursework,3.592693,7.811698,active,0.174667,0.588704,0.970364,1.000000,0.408333,0.480667,1.000000,0.000000,0.000000,13,1,1,1,1,1,1,1,1,1,1,0,1,0,1,0,1,0.075708,0.000000,0.073990,0.152988,0.168653,0.122847,0.086266,0.000000,0.096942,0.089651,0.000000,0.073107,0.000000,0.000000,0.000000,0.059847,rest_at_bed,1,60,2924,bed,none,,,0.000000,1.000000,0,suspended,coursework,3.592693,7.811698,active,120,2,rain,24.000000
8,1106,3448094757,41,Day 3 00:44,suspended,coursework,3.592693,7.811698,active,0.234667,0.380464,1.000000,1.000000,0.458333,0.520667,1.000000,0.000000,0.000000,13,1,1,1,1,1,1,1,1,1,1,0,1,0,1,0,1,0.083343,0.000000,0.078717,0.170447,0.187900,0.138634,0.077021,0.000000,0.104357,0.097340,0.000000,0.000000,0.000000,0.000000,0.000000,0.062242,study_focused,1,35,2959,desk,none,,coursework,0.428788,1.035512,0,active,coursework,4.021481,7.811698,active,120,2,rain,24.000000
8,1106,3448094757,42,Day 3 01:19,active,coursework,4.021481,7.811698,active,0.266333,0.504464,0.887811,1.000000,0.487500,0.544000,0.973924,0.000000,0.000000,13,1,1,1,1,1,1,1,1,1,1,0,1,0,1,0,1,0.087423,0.000000,0.083290,0.157277,0.173381,0.129349,0.088005,0.000000,0.111346,0.104380,0.000000,0.000000,0.000000,0.000000,0.000000,0.065550,study_halfhearted,1,35,2994,desk,none,,coursework,0.252636,1.016848,0,active,coursework,4.274116,7.811698,active,120,2,rain,24.000000
8,1106,3448094757,43,Day 3 01:54,active,coursework,4.274116,7.811698,active,0.328000,0.598464,0.827977,1.000000,0.516667,0.567333,0.971884,0.000000,0.000000,13,1,1,1,1,1,1,1,1,1,1,0,1,0,1,0,1,0.083829,0.000000,0.079870,0.136836,0.150846,0.118795,0.087819,0.000000,0.106242,0.100095,0.000000,0.073941,0.000000,0.000000,0.000000,0.061727,use_computer,1,30,3024,computer,none,,,0.000000,1.000000,0,active,coursework,4.274116,7.811698,active,120,2,rain,24.000000
8,1106,3448094757,44,Day 3 02:24,active,coursework,4.274116,7.811698,active,0.178000,0.712586,0.900530,0.990000,0.541667,0.587333,1.000000,0.080000,0.000000,13,1,1,1,1,1,1,1,1,1,1,0,1,0,1,0,1,0.065281,0.000000,0.064770,0.125541,0.138264,0.102093,0.087407,0.107204,0.095917,0.090755,0.000000,0.069099,0.000000,0.000000,0.000000,0.053668,turn_light_off,1,1,3025,light,none,,,0.000000,1.000000,0,active,coursework,4.274116,7.811698,active,120,2,rain,24.000000
8,1106,3448094757,45,Day 3 02:25,active,coursework,4.274116,7.811698,active,0.178333,0.712986,0.900530,1.000000,0.542500,0.588000,1.000000,0.079000,0.000000,10,1,1,1,0,0,0,1,1,1,1,1,0,0,1,0,1,0.099909,0.000000,0.099123,0.000000,0.000000,0.000000,0.133687,0.163977,0.146824,0.138943,0.135435,0.000000,0.000000,0.000000,0.000000,0.082102,use_phone,1,25,3050,phone,none,,,0.000000,1.000000,0,active,coursework,4.274116,7.811698,active,120,2,rain,24.000000
8,1106,3448094757,46,Day 3 02:50,active,coursework,4.274116,7.811698,active,0.000000,0.805506,0.993083,1.000000,0.563333,0.604667,1.000000,0.174000,0.085000,10,1,1,1,0,0,0,1,1,1,1,1,0,0,1,0,1,0.000000,0.000000,0.000000,0.000000,0.000000,0.000000,0.175350,0.223562,0.175103,0.166296,0.165451,0.000000,0.000000,0.000000,0.000000,0.094238,turn_light_on,1,1,3051,light,none,,,0.000000,1.000000,0,active,coursework,4.274116,7.811698,active,120,2,rain,24.000000
8,1106,3448094757,47,Day 3 02:51,active,coursework,4.274116,7.811698,active,0.000333,0.805906,0.993083,1.000000,0.564167,0.605333,1.000000,0.173000,0.084400,13,1,1,1,1,1,1,1,1,1,1,0,1,0,1,0,1,0.000000,0.000000,0.000000,0.144469,0.159261,0.108226,0.106818,0.136196,0.106756,0.101402,0.000000,0.079451,0.000000,0.000000,0.000000,0.057420,study_focused,1,35,3086,desk,none,,coursework,0.428790,1.035518,0,active,coursework,4.702907,7.811698,active,120,2,rain,24.000000
8,1106,3448094757,48,Day 3 03:26,active,coursework,4.702907,7.811698,active,0.032000,0.929906,0.880894,1.000000,0.593333,0.628667,0.973556,0.138000,0.063400,13,1,1,1,1,1,1,1,1,1,1,0,1,0,1,0,1,0.000000,0.000000,0.000000,0.128807,0.141996,0.103303,0.115998,0.153589,0.110070,0.105073,0.000000,0.082729,0.000000,0.000000,0.000000,0.058435,sleep_at_bed,1,480,3566,bed,none,alarm-rings|message-study-group|task-reminder,,0.000000,1.000000,0,suspended,coursework,4.702907,7.811698,active,120,3,rain,24.000000
8,1106,3448094757,49,Day 3 11:26,suspended,coursework,4.702907,7.811698,active,0.142000,0.656943,1.000000,0.920000,0.993333,0.948667,1.000000,0.000000,0.000000,14,1,1,1,1,1,1,1,1,1,1,0,1,1,1,0,1,0.057434,0.000000,0.056891,0.103236,0.112944,0.079504,0.070658,0.084531,0.118656,0.121312,0.000000,0.058298,0.090070,0.000000,0.000000,0.046467,get_meal,1,35,3601,door,none,,,0.000000,1.000000,0,suspended,coursework,4.702907,7.811698,active,120,3,rain,24.000000
8,1106,3448094757,50,Day 3 12:01,suspended,coursework,4.702907,7.811698,active,0.113667,0.670943,1.000000,1.000000,0.472500,0.972000,1.000000,0.000000,0.000000,14,1,1,1,1,1,1,1,1,1,1,0,1,1,1,0,1,0.058847,0.000000,0.058671,0.107458,0.118461,0.084476,0.074534,0.089599,0.126736,0.077594,0.000000,0.061159,0.094067,0.000000,0.000000,0.048398,turn_light_off,1,1,3602,light,none,,,0.000000,1.000000,0,suspended,coursework,4.702907,7.811698,active,120,3,rain,24.000000
8,1106,3448094757,51,Day 3 12:02,suspended,coursework,4.702907,7.811698,active,0.114000,0.671343,1.000000,1.000000,0.473333,0.972667,1.000000,0.000000,0.000000,11,1,1,1,0,0,0,1,1,1,1,1,0,1,1,0,1,0.082546,0.000000,0.082298,0.000000,0.000000,0.000000,0.104565,0.125717,0.177861,0.108911,0.118292,0.000000,0.131929,0.000000,0.000000,0.067881,turn_light_on,1,1,3603,light,none,,,0.000000,1.000000,0,suspended,coursework,4.702907,7.811698,active,120,3,rain,24.000000
8,1106,3448094757,52,Day 3 12:03,suspended,coursework,4.702907,7.811698,active,0.114333,0.671743,1.000000,1.000000,0.474167,0.973333,1.000000,0.000000,0.000000,14,1,1,1,1,1,1,1,1,1,1,0,1,1,1,0,1,0.058550,0.000000,0.058373,0.106862,0.117804,0.088970,0.074177,0.089195,0.126218,0.077299,0.000000,0.060847,0.093562,0.000000,0.000000,0.048142,turn_light_off,1,1,3604,light,none,,,0.000000,1.000000,0,suspended,coursework,4.702907,7.811698,active,120,3,rain,24.000000
8,1106,3448094757,53,Day 3 12:04,suspended,coursework,4.702907,7.811698,active,0.114667,0.672143,1.000000,1.000000,0.475000,0.974000,1.000000,0.000000,0.000000,11,1,1,1,0,0,0,1,1,1,1,1,0,1,1,0,1,0.082522,0.000000,0.082271,0.000000,0.000000,0.000000,0.104559,0.125745,0.177979,0.109015,0.118218,0.000000,0.131847,0.000000,0.000000,0.067843,rest_at_bed,1,60,3664,bed,none,,,0.000000,1.000000,0,suspended,coursework,4.702907,7.811698,active,120,3,rain,24.000000
8,1106,3448094757,54,Day 3 13:04,suspended,coursework,4.702907,7.811698,active,0.174667,0.463903,1.000000,1.000000,0.525000,1.000000,1.000000,0.000000,0.000000,11,1,1,1,0,0,0,1,1,1,1,1,0,1,1,0,1,0.099957,0.000000,0.096308,0.000000,0.000000,0.000000,0.102721,0.000000,0.207993,0.130239,0.134741,0.000000,0.150274,0.000000,0.000000,0.077767,idle,1,10,3674,,none,,,0.000000,1.000000,0,suspended,coursework,4.702907,7.811698,active,120,3,rain,24.000000
8,1106,3448094757,55,Day 3 13:14,suspended,coursework,4.702907,7.811698,active,0.298000,0.467903,1.000000,0.946667,0.533333,1.000000,1.000000,0.000000,0.000000,11,1,1,1,0,0,0,1,1,1,1,1,0,1,1,0,1,0.106178,0.000000,0.100186,0.000000,0.000000,0.000000,0.101438,0.000000,0.204810,0.129255,0.132678,0.000000,0.147974,0.000000,0.000000,0.077481,go_to_bathroom,1,15,3689,door,none,,,0.000000,1.000000,0,suspended,coursework,4.702907,7.811698,active,120,3,rain,24.000000
8,1106,3448094757,56,Day 3 13:29,suspended,coursework,4.702907,7.811698,active,0.303000,0.473903,1.000000,1.000000,0.545833,0.390000,1.000000,0.000000,0.000000,11,1,1,1,0,0,0,1,1,1,1,1,0,1,1,0,1,0.116763,0.000000,0.110154,0.000000,0.000000,0.000000,0.111759,0.000000,0.124919,0.143477,0.145554,0.000000,0.162334,0.000000,0.000000,0.085040,idle,1,10,3699,,none,,,0.000000,1.000000,0,suspended,coursework,4.702907,7.811698,active,120,3,rain,24.000000
8,1106,3448094757,57,Day 3 13:39,suspended,coursework,4.702907,7.811698,active,0.426333,0.477903,1.000000,0.946667,0.554167,0.396667,1.000000,0.000000,0.000000,11,1,1,1,0,0,0,1,1,1,1,1,0,1,1,0,1,0.123649,0.000000,0.114238,0.000000,0.000000,0.000000,0.110024,0.000000,0.123419,0.141957,0.142887,0.000000,0.159359,0.000000,0.000000,0.084467,go_to_bathroom,1,15,3714,door,none,weather-rain,,0.000000,1.000000,0,suspended,coursework,4.702907,7.811698,active,120,3,rain,24.000000
8,1106,3448094757,58,Day 3 13:54,suspended,coursework,4.702907,7.811698,active,0.431333,0.483903,1.000000,1.000000,0.566667,0.000000,1.000000,0.000000,0.000000,11,1,1,1,0,0,0,1,1,1,1,1,0,1,1,0,1,0.140957,0.000000,0.130205,0.000000,0.000000,0.000000,0.125660,0.000000,0.000000,0.163349,0.162496,0.000000,0.181229,0.000000,0.000000,0.096104,idle,1,10,3724,,none,,,0.000000,1.000000,0,suspended,coursework,4.702907,7.811698,active,120,3,rain,24.000000
8,1106,3448094757,59,Day 3 14:04,suspended,coursework,4.702907,7.811698,active,0.554667,0.487903,1.000000,0.946667,0.575000,0.006667,1.000000,0.000000,0.000000,11,1,1,1,0,0,0,1,1,1,1,1,0,1,1,0,1,0.148895,0.000000,0.134694,0.000000,0.000000,0.000000,0.123400,0.000000,0.000000,0.161214,0.159118,0.000000,0.177462,0.000000,0.000000,0.095217,use_computer,1,30,3754,computer,none,,,0.000000,1.000000,0,suspended,coursework,4.702907,7.811698,active,120,3,rain,24.000000
8,1106,3448094757,60,Day 3 14:34,suspended,coursework,4.702907,7.811698,active,0.404667,0.602025,1.000000,0.936667,0.600000,0.026667,1.000000,0.080000,0.000000,11,1,1,1,0,0,0,1,1,1,1,1,0,1,1,0,1,0.113554,0.000000,0.106971,0.000000,0.000000,0.000000,0.120606,0.142389,0.000000,0.143151,0.138004,0.000000,0.153913,0.000000,0.000000,0.081412,use_computer,1,30,3784,computer,none,,,0.000000,1.000000,0,suspended,coursework,4.702907,7.811698,active,120,3,rain,24.000000
8,1106,3448094757,61,Day 3 15:04,suspended,coursework,4.702907,7.811698,active,0.254667,0.716147,1.000000,0.926667,0.625000,0.046667,1.000000,0.160000,0.000000,11,1,1,1,0,0,0,1,1,1,1,1,0,1,1,0,1,0.097865,0.000000,0.096003,0.000000,0.000000,0.000000,0.133205,0.164512,0.000000,0.143644,0.135258,0.000000,0.150851,0.000000,0.000000,0.078662,use_computer,1,30,3814,computer,none,,,0.000000,1.000000,0,suspended,coursework,4.702907,7.811698,active,120,3,rain,24.000000
8,1106,3448094757,62,Day 3 15:34,suspended,coursework,4.702907,7.811698,active,0.104667,0.830270,1.000000,0.916667,0.650000,0.066667,1.000000,0.240000,0.000000,11,1,1,1,0,0,0,1,1,1,1,1,0,1,1,0,1,0.000000,0.000000,0.093255,0.000000,0.000000,0.000000,0.159237,0.205726,0.000000,0.156008,0.143484,0.000000,0.160025,0.000000,0.000000,0.082264,rest_at_bed,1,60,3874,bed,none,,,0.000000,1.000000,0,suspended,coursework,4.702907,7.811698,active,120,3,rain,24.000000
8,1106,3448094757,63,Day 3 16:34,suspended,coursework,4.702907,7.811698,active,0.164667,0.622029,1.000000,0.946667,0.700000,0.106667,1.000000,0.040000,0.000000,11,1,1,1,0,0,0,1,1,1,1,1,0,1,1,0,1,0.100089,0.000000,0.098436,0.000000,0.000000,0.000000,0.121609,0.144155,0.000000,0.159345,0.139814,0.000000,0.155933,0.000000,0.000000,0.080619,rest_at_bed,1,60,3934,bed,none,room-temperature-shift,,0.000000,1.000000,0,suspended,coursework,4.702907,7.811698,active,120,3,rain,24.000000
8,1106,3448094757,64,Day 3 17:34,suspended,coursework,4.702907,7.811698,active,0.224667,0.413789,1.000000,0.976667,0.750000,0.146667,1.000000,0.000000,0.000000,11,1,1,1,0,0,0,1,1,1,1,1,0,1,1,0,1,0.113086,0.000000,0.107402,0.000000,0.000000,0.000000,0.108097,0.000000,0.099790,0.175554,0.146954,0.000000,0.163896,0.000000,0.000000,0.085221,idle,1,10,3944,,none,,,0.000000,1.000000,0,suspended,coursework,4.702907,7.811698,active,120,3,rain,24.000000
8,1106,3448094757,65,Day 3 17:44,suspended,coursework,4.702907,7.811698,active,0.348000,0.417789,1.000000,0.923333,0.758333,0.153333,1.000000,0.000000,0.000000,11,1,1,1,0,0,0,1,1,1,1,1,0,1,1,0,1,0.119798,0.000000,0.111424,0.000000,0.000000,0.000000,0.106457,0.000000,0.098627,0.173755,0.144313,0.000000,0.160949,0.000000,0.000000,0.084677,go_to_bathroom,1,15,3959,door,none,,,0.000000,1.000000,0,suspended,coursework,4.702907,7.811698,active,120,3,rain,24.000000
8,1106,3448094757,66,Day 3 17:59,suspended,coursework,4.702907,7.811698,active,0.353000,0.423789,1.000000,1.000000,0.770833,0.000000,1.000000,0.000000,0.000000,11,1,1,1,0,0,0,1,1,1,1,1,0,1,1,0,1,0.132771,0.000000,0.123468,0.000000,0.000000,0.000000,0.118207,0.000000,0.000000,0.194383,0.159556,0.000000,0.177950,0.000000,0.000000,0.093665,turn_off_alarm,1,1,3960,alarm,none,,,0.000000,1.000000,0,suspended,coursework,4.702907,7.811698,active,120,3,rain,24.000000
8,1106,3448094757,67,Day 3 18:00,suspended,coursework,4.702907,7.811698,active,0.353333,0.424189,1.000000,1.000000,0.771667,0.000667,0.980684,0.000000,0.000000,10,1,1,1,0,0,0,1,1,1,1,1,0,0,1,0,1,0.161513,0.000000,0.150195,0.000000,0.000000,0.000000,0.144080,0.000000,0.000000,0.236611,0.193674,0.000000,0.000000,0.000000,0.000000,0.113928,use_computer,1,30,3990,computer,none,,,0.000000,1.000000,0,suspended,coursework,4.702907,7.811698,active,120,3,rain,24.000000
8,1106,3448094757,68,Day 3 18:30,suspended,coursework,4.702907,7.811698,active,0.203333,0.538312,1.000000,0.990000,0.796667,0.020667,1.000000,0.080000,0.000000,10,1,1,1,0,0,0,1,1,1,1,1,0,0,1,0,1,0.143423,0.000000,0.138886,0.000000,0.000000,0.000000,0.163661,0.000000,0.000000,0.244632,0.195978,0.000000,0.000000,0.000000,0.000000,0.113420,get_meal,1,35,4025,door,none,,,0.000000,1.000000,0,suspended,coursework,4.702907,7.811698,active,120,3,rain,24.000000
8,1106,3448094757,69,Day 3 19:05,suspended,coursework,4.702907,7.811698,active,0.175000,0.552312,1.000000,1.000000,0.275833,0.044000,1.000000,0.045000,0.000000,10,1,1,1,0,0,0,1,1,1,1,1,0,0,1,0,1,0.157553,0.000000,0.153463,0.000000,0.000000,0.000000,0.180230,0.000000,0.000000,0.166095,0.217261,0.000000,0.000000,0.000000,0.000000,0.125399,turn_light_on,1,1,4026,light,none,,,0.000000,1.000000,0,suspended,coursework,4.702907,7.811698,active,120,3,rain,24.000000
8,1106,3448094757,70,Day 3 19:06,suspended,coursework,4.702907,7.811698,active,0.175333,0.552712,1.000000,1.000000,0.276667,0.044667,1.000000,0.044000,0.000000,13,1,1,1,1,1,1,1,1,1,1,0,1,0,1,0,1,0.075160,0.000000,0.073207,0.158069,0.174254,0.221320,0.085924,0.000000,0.000000,0.079262,0.000000,0.073008,0.000000,0.000000,0.000000,0.059797,rest_at_bed,1,60,4086,bed,none,evening,,0.000000,1.000000,0,suspended,coursework,4.702907,7.811698,active,120,3,rain,24.000000
8,1106,3448094757,71,Day 3 20:06,suspended,coursework,4.702907,7.811698,active,0.235333,0.344471,1.000000,1.000000,0.326667,0.084667,1.000000,0.000000,0.000000,13,1,1,1,1,1,1,1,1,1,1,0,1,0,1,0,1,0.084261,0.000000,0.079249,0.173023,0.190739,0.247977,0.075554,0.000000,0.000000,0.086548,0.000000,0.000000,0.000000,0.000000,0.000000,0.062648,get_meal,1,35,4121,door,none,,,0.000000,1.000000,0,suspended,coursework,4.702907,7.811698,active,120,3,rain,24.000000
8,1106,3448094757,72,Day 3 20:41,suspended,coursework,4.702907,7.811698,active,0.207000,0.358471,1.000000,1.000000,0.000000,0.108000,1.000000,0.000000,0.000000,13,1,1,1,1,1,1,1,1,1,1,0,1,0,1,0,1,0.090389,0.000000,0.085567,0.188560,0.207867,0.275859,0.083442,0.000000,0.000000,0.000000,0.000000,0.000000,0.000000,0.000000,0.000000,0.068317,study_halfhearted,1,35,4156,desk,none,,coursework,0.233737,0.940783,0,active,coursework,4.936644,7.811698,active,120,3,rain,24.000000
8,1106,3448094757,73,Day 3 21:16,active,coursework,4.936644,7.811698,active,0.268667,0.452471,0.940166,1.000000,0.029167,0.131333,1.000000,0.000000,0.000000,13,1,1,1,1,1,1,1,1,1,1,0,1,0,1,0,1,0.100031,0.000000,0.094700,0.189409,0.208803,0.151714,0.096079,0.000000,0.085018,0.000000,0.000000,0.000000,0.000000,0.000000,0.000000,0.074247,study_at_computer,1,35,4191,computer,none,,coursework,0.694761,1.006110,0,active,coursework,5.631405,7.811698,active,120,3,rain,24.000000
8,1106,3448094757,74,Day 3 21:51,active,coursework,5.631405,7.811698,active,0.300333,0.577665,0.827977,1.000000,0.058333,0.154667,0.970743,0.045000,0.000000,13,1,1,1,1,1,1,1,1,1,1,0,1,0,1,0,1,0.094600,0.000000,0.090428,0.159487,0.175817,0.136815,0.102555,0.000000,0.082851,0.000000,0.000000,0.086028,0.000000,0.000000,0.000000,0.071417,study_focused,1,35,4226,desk,none,,coursework,0.403085,0.973441,0,active,coursework,6.034490,7.811698,active,120,3,rain,24.000000
8,1106,3448094757,75,Day 3 22:26,active,coursework,6.034490,7.811698,active,0.332000,0.701665,0.715787,1.000000,0.087500,0.178000,0.935522,0.010000,0.000000,13,1,1,1,1,1,1,1,1,1,1,0,1,0,1,0,1,0.087024,0.000000,0.083855,0.127555,0.140616,0.117233,0.100151,0.121019,0.076755,0.000000,0.000000,0.080488,0.000000,0.000000,0.000000,0.065305,idle,1,10,4236,,none,,,0.000000,1.000000,0,active,coursework,6.034490,7.811698,active,120,3,rain,24.000000
8,1106,3448094757,76,Day 3 22:36,active,coursework,6.034490,7.811698,active,0.455333,0.705665,0.818341,0.946667,0.095833,0.184667,0.966521,0.000000,0.000000,13,1,1,1,1,1,1,1,1,1,1,0,1,0,1,0,1,0.089966,0.000000,0.084881,0.132800,0.145656,0.122510,0.095242,0.115504,0.073819,0.000000,0.000000,0.076849,0.000000,0.000000,0.000000,0.062774,study_at_computer,1,35,4271,computer,none,,coursework,0.630488,0.913034,0,active,coursework,6.664978,7.811698,active,120,3,rain,24.000000
8,1106,3448094757,77,Day 3 23:11,active,coursework,6.664978,7.811698,active,0.487000,0.830859,0.706151,1.000000,0.125000,0.208000,0.930787,0.045000,0.000000,13,1,1,1,1,1,1,1,1,1,1,0,1,0,1,0,1,0.089453,0.000000,0.085216,0.117421,0.129444,0.116076,0.106951,0.135399,0.075634,0.000000,0.000000,0.080923,0.000000,0.000000,0.000000,0.063484,study_focused,1,35,4306,desk,none,,coursework,0.415244,1.002804,0,active,coursework,7.080222,7.811698,active,120,3,rain,24.000000
8,1106,3448094757,78,Day 3 23:46,active,coursework,7.080222,7.811698,active,0.518667,0.954859,0.593962,1.000000,0.154167,0.231333,0.889089,0.010000,0.000000,13,1,1,1,1,1,1,1,1,1,1,0,1,0,1,0,1,0.084985,0.000000,0.081610,0.096868,0.106787,0.102651,0.107932,0.141691,0.072364,0.066968,0.000000,0.078191,0.000000,0.000000,0.000000,0.059952,study_halfhearted,1,35,4341,desk,none,,coursework,0.258141,1.039009,0,active,coursework,7.338363,7.811698,active,120,3,rain,24.000000
8,1106,3448094757,79,Day 4 00:21,active,coursework,7.338363,7.811698,active,0.580333,1.000000,0.534128,1.000000,0.183333,0.254667,0.871426,0.000000,0.000000,13,1,1,1,1,1,1,1,1,1,1,0,1,0,1,0,1,0.087503,0.000000,0.083550,0.090515,0.099783,0.100777,0.110388,0.146837,0.073519,0.068377,0.000000,0.078640,0.000000,0.000000,0.000000,0.060112,go_to_bathroom,1,15,4356,door,none,,,0.000000,1.000000,0,suspended,coursework,7.338363,7.811698,active,120,3,rain,24.000000
8,1106,3448094757,80,Day 4 00:36,suspended,coursework,7.338363,7.811698,active,0.585333,1.000000,0.534128,1.000000,0.195833,0.000000,0.871426,0.000000,0.000000,13,1,1,1,1,1,1,1,1,1,1,0,1,0,1,0,1,0.098975,0.000000,0.094421,0.087656,0.096632,0.097762,0.124474,0.165575,0.000000,0.078016,0.000000,0.088675,0.000000,0.000000,0.000000,0.067815,sleep_at_bed,1,480,4836,bed,none,alarm-rings,,0.000000,1.000000,0,suspended,coursework,7.338363,7.811698,active,120,3,rain,24.000000
8,1106,3448094757,81,Day 4 08:36,suspended,coursework,7.338363,7.811698,active,0.695333,0.727037,0.616681,0.920000,0.595833,0.320000,0.942692,0.000000,0.000000,14,1,1,1,1,1,1,1,1,1,1,0,1,1,1,0,1,0.083630,0.000000,0.075877,0.077422,0.084702,0.086097,0.077864,0.094911,0.067551,0.086993,0.000000,0.062161,0.092630,0.057972,0.000000,0.052191,idle,1,10,4846,,none,,,0.000000,1.000000,0,suspended,coursework,7.338363,7.811698,active,120,3,rain,24.000000
8,1106,3448094757,82,Day 4 08:46,suspended,coursework,7.338363,7.811698,active,0.818667,0.731037,0.719234,0.866667,0.604167,0.326667,0.972186,0.000000,0.000000,14,1,1,1,1,1,1,1,1,1,1,0,1,1,1,0,1,0.086771,0.000000,0.077098,0.081105,0.088283,0.093163,0.074894,0.091674,0.065390,0.084330,0.000000,0.059864,0.089720,0.057216,0.000000,0.050494,study_at_computer,1,35,4881,computer,none,task-completed,coursework,0.677429,0.981010,0,none,,7.811698,7.811698,completed,120,3,rain,24.000000
8,1106,3448094757,83,Day 4 09:21,none,,7.811698,7.811698,completed,0.850333,0.856230,0.000000,1.000000,0.633333,0.350000,0.381183,0.045000,0.000000,11,1,1,1,0,0,0,1,1,1,1,0,1,1,1,0,1,0.112728,0.000000,0.101135,0.000000,0.000000,0.000000,0.115847,0.140414,0.087539,0.113461,0.000000,0.082365,0.102045,0.075393,0.000000,0.069073,use_computer,1,30,4911,computer,none,,,0.000000,1.000000,0,none,,7.811698,7.811698,completed,120,3,rain,24.000000
8,1106,3448094757,84,Day 4 09:51,none,,7.811698,7.811698,completed,0.700333,0.970353,0.000000,0.990000,0.658333,0.370000,0.381183,0.125000,0.000000,11,1,1,1,0,0,0,1,1,1,1,0,1,1,1,0,1,0.096866,0.000000,0.090497,0.000000,0.000000,0.000000,0.127572,0.161752,0.087206,0.113515,0.000000,0.084933,0.099719,0.071398,0.000000,0.066543,turn_off_alarm,1,1,4912,alarm,none,,,0.000000,1.000000,0,none,,7.811698,7.811698,completed,120,3,rain,24.000000
8,1106,3448094757,85,Day 4 09:52,none,,7.811698,7.811698,completed,0.700667,0.970753,0.000000,1.000000,0.659167,0.370667,0.361183,0.124000,0.000000,10,1,1,1,0,0,0,1,1,1,1,0,1,0,1,0,1,0.107592,0.000000,0.100515,0.000000,0.000000,0.000000,0.141878,0.179561,0.096882,0.126128,0.000000,0.094288,0.000000,0.079275,0.000000,0.073881,open_curtain,1,1,4913,window,none,,,0.000000,1.000000,0,none,,7.811698,7.811698,completed,120,3,rain,24.000000
8,1106,3448094757,86,Day 4 09:53,none,,7.811698,7.811698,completed,0.731000,0.971153,0.000000,1.000000,0.660000,0.371333,0.361183,0.123000,0.000000,10,1,1,1,0,0,0,1,1,1,1,0,1,0,0,1,1,0.109160,0.000000,0.101448,0.000000,0.000000,0.000000,0.141210,0.178728,0.096506,0.125656,0.000000,0.093854,0.000000,0.000000,0.079677,0.073760,use_phone,1,25,4938,phone,none,message-study-group,,0.000000,1.000000,0,none,,7.811698,7.811698,completed,120,4,rain,24.000000
8,1106,3448094757,87,Day 4 10:18,none,,7.811698,7.811698,completed,0.519333,1.000000,0.000000,1.000000,0.680833,0.388000,0.361183,0.218000,0.085000,10,1,1,1,0,0,0,1,1,1,1,0,1,0,0,1,1,0.092547,0.000000,0.089675,0.000000,0.000000,0.000000,0.150232,0.193353,0.097692,0.127655,0.000000,0.096303,0.000000,0.000000,0.080530,0.072013,close_curtain,1,1,4939,window,none,,,0.000000,1.000000,0,none,,7.811698,7.811698,completed,120,4,rain,24.000000
8,1106,3448094757,88,Day 4 10:19,none,,7.811698,7.811698,completed,0.519667,1.000000,0.000000,1.000000,0.681667,0.388667,0.361183,0.217000,0.084400,10,1,1,1,0,0,0,1,1,1,1,0,1,0,1,0,1,0.100696,0.000000,0.097564,0.000000,0.000000,0.000000,0.163303,0.210161,0.106310,0.138937,0.000000,0.104710,0.000000,0.000000,0.000000,0.078318,get_meal,1,35,4974,door,none,,,0.000000,1.000000,0,none,,7.811698,7.811698,completed,120,4,rain,24.000000
8,1106,3448094757,89,Day 4 10:54,none,,7.811698,7.811698,completed,0.491333,1.000000,0.000000,1.000000,0.160833,0.412000,0.361183,0.182000,0.063400,10,1,1,1,0,0,0,1,1,1,1,0,1,0,1,0,1,0.106340,0.000000,0.103470,0.000000,0.000000,0.000000,0.170892,0.219379,0.115686,0.090540,0.000000,0.110583,0.000000,0.000000,0.000000,0.083109,sleep_at_bed,1,225,5199,bed,none,weather-clear|room-temperature-shift,,0.000000,1.000000,0,none,,7.811698,7.811698,completed,120,4,clear,17.000000
8,1106,3448094757,90,Day 4 14:39,none,,7.811698,7.811698,completed,0.486333,0.683419,0.000000,0.945000,0.348333,0.562000,0.361183,0.000000,0.000000,10,1,1,1,0,0,0,1,1,1,1,0,1,0,1,0,1,0.126935,0.000000,0.118817,0.000000,0.000000,0.000000,0.137095,0.155757,0.146538,0.118434,0.000000,0.105344,0.000000,0.000000,0.000000,0.091079,sleep_at_bed,1,480,5679,bed,none,evening,,0.000000,1.000000,0,none,,7.811698,7.811698,completed,120,4,clear,17.000000
8,1106,3448094757,91,Day 4 22:39,none,,7.811698,7.811698,completed,0.566333,0.410455,0.000000,0.865000,0.748333,0.882000,0.361183,0.000000,0.000000,10,1,1,1,0,0,0,1,1,1,1,0,1,0,1,0,1,0.164329,0.000000,0.147049,0.000000,0.000000,0.000000,0.134762,0.000000,0.238129,0.206122,0.000000,0.000000,0.000000,0.000000,0.000000,0.109608,use_phone,1,25,5704,phone,none,,,0.000000,1.000000,0,none,,7.811698,7.811698,completed,120,4,clear,17.000000
8,1106,3448094757,92,Day 4 23:04,none,,7.811698,7.811698,completed,0.354667,0.502975,0.000000,0.896667,0.769167,0.898667,0.361183,0.095000,0.085000,10,1,1,1,0,0,0,1,1,1,1,0,1,0,1,0,1,0.126137,0.000000,0.118544,0.000000,0.000000,0.000000,0.136830,0.000000,0.219838,0.190971,0.000000,0.110085,0.000000,0.000000,0.000000,0.097594,get_meal,1,35,5739,door,none,,,0.000000,1.000000,0,none,,7.811698,7.811698,completed,120,4,clear,17.000000
8,1106,3448094757,93,Day 4 23:39,none,,7.811698,7.811698,completed,0.326333,0.516975,0.000000,1.000000,0.248333,0.922000,0.361183,0.060000,0.064000,10,1,1,1,0,0,0,1,1,1,1,0,1,0,1,0,1,0.134696,0.000000,0.127329,0.000000,0.000000,0.000000,0.146476,0.000000,0.242289,0.126042,0.000000,0.118278,0.000000,0.000000,0.000000,0.104890,turn_light_off,1,1,5740,light,none,,,0.000000,1.000000,0,none,,7.811698,7.811698,completed,120,4,clear,17.000000
8,1106,3448094757,94,Day 4 23:40,none,,7.811698,7.811698,completed,0.326667,0.517375,0.000000,1.000000,0.249167,0.922667,0.361183,0.059000,0.063400,10,1,1,1,0,0,0,1,1,1,1,1,0,0,1,0,1,0.152774,0.000000,0.144413,0.000000,0.000000,0.000000,0.166029,0.000000,0.274860,0.143006,0.000000,0.000000,0.000000,0.000000,0.000000,0.118917,use_phone,1,25,5765,phone,none,,,0.000000,1.000000,0,none,,7.811698,7.811698,completed,120,4,clear,17.000000
8,1106,3448094757,95,Day 5 00:05,none,,7.811698,7.811698,completed,0.115000,0.609896,0.000000,1.000000,0.270000,0.939333,0.361183,0.154000,0.148400,10,1,1,1,0,0,0,1,1,1,1,1,0,0,1,0,1,0.097458,0.099798,0.096752,0.000000,0.000000,0.000000,0.140099,0.156901,0.210883,0.110112,0.000000,0.000000,0.000000,0.000000,0.000000,0.087997,get_meal,1,35,5800,door,none,,,0.000000,1.000000,0,none,,7.811698,7.811698,completed,120,4,clear,17.000000
8,1106,3448094757,96,Day 5 00:40,none,,7.811698,7.811698,completed,0.086667,0.623896,0.000000,1.000000,0.000000,0.962667,0.361183,0.119000,0.127400,10,1,1,1,0,0,0,1,1,1,1,1,0,0,1,0,1,0.121961,0.000000,0.121786,0.000000,0.000000,0.000000,0.175757,0.197293,0.272371,0.000000,0.000000,0.000000,0.000000,0.000000,0.000000,0.110831,sleep_at_bed,1,480,6280,bed,none,alarm-rings,,0.000000,1.000000,0,none,,7.811698,7.811698,completed,120,4,clear,17.000000
8,1106,3448094757,97,Day 5 08:40,none,,7.811698,7.811698,completed,0.196667,0.350932,0.000000,0.920000,0.400000,1.000000,0.403968,0.000000,0.000000,11,1,1,1,0,0,0,1,1,1,1,1,0,1,1,0,1,0.122646,0.000000,0.116211,0.000000,0.000000,0.000000,0.119843,0.000000,0.248532,0.138347,0.000000,0.000000,0.155833,0.000000,0.000000,0.098588,get_meal,1,35,6315,door,none,,,0.000000,1.000000,0,none,,7.811698,7.811698,completed,120,4,clear,17.000000
8,1106,3448094757,98,Day 5 09:15,none,,7.811698,7.811698,completed,0.168333,0.364932,0.000000,1.000000,0.000000,1.000000,0.403968,0.000000,0.000000,11,1,1,1,0,0,0,1,1,1,1,1,0,1,1,0,1,0.140105,0.000000,0.133620,0.000000,0.000000,0.000000,0.140945,0.000000,0.289390,0.000000,0.000000,0.000000,0.181452,0.000000,0.000000,0.114487,rest_at_bed,1,60,6375,bed,none,message-study-group,,0.000000,1.000000,0,none,,7.811698,7.811698,completed,120,5,clear,17.000000
8,1106,3448094757,99,Day 5 10:15,none,,7.811698,7.811698,completed,0.228333,0.156692,0.000000,1.000000,0.050000,1.000000,0.403968,0.000000,0.000000,11,1,1,1,0,0,0,1,1,1,1,1,0,1,1,0,1,0.170731,0.000000,0.157360,0.000000,0.000000,0.000000,0.000000,0.000000,0.331824,0.000000,0.000000,0.000000,0.208059,0.000000,0.000000,0.132026,go_to_bathroom,1,15,6390,door,none,,,0.000000,1.000000,0,none,,7.811698,7.811698,completed,120,5,clear,17.000000
8,1106,3448094757,100,Day 5 10:30,none,,7.811698,7.811698,completed,0.233333,0.162692,0.000000,1.000000,0.062500,0.390000,0.403968,0.000000,0.000000,11,1,1,1,0,0,0,1,1,1,1,1,0,1,1,0,1,0.200521,0.000000,0.184784,0.000000,0.000000,0.000000,0.000000,0.000000,0.216155,0.000000,0.000000,0.000000,0.243775,0.000000,0.000000,0.154764,turn_off_alarm,1,1,6391,alarm,none,,,0.000000,1.000000,0,none,,7.811698,7.811698,completed,120,5,clear,17.000000
8,1106,3448094757,101,Day 5 10:31,none,,7.811698,7.811698,completed,0.233667,0.163092,0.000000,1.000000,0.063333,0.390667,0.383968,0.000000,0.000000,10,1,1,1,0,0,0,1,1,1,1,1,0,0,1,0,1,0.265133,0.000000,0.244322,0.000000,0.000000,0.000000,0.000000,0.000000,0.285941,0.000000,0.000000,0.000000,0.000000,0.000000,0.000000,0.204604,go_to_bathroom,1,15,6406,door,none,,,0.000000,1.000000,0,none,,7.811698,7.811698,completed,120,5,clear,17.000000
8,1106,3448094757,102,Day 5 10:46,none,,7.811698,7.811698,completed,0.238667,0.169092,0.000000,1.000000,0.075833,0.000000,0.383968,0.000000,0.000000,10,1,1,1,0,0,0,1,1,1,1,1,0,0,1,0,1,0.371532,0.000000,0.342308,0.000000,0.000000,0.000000,0.000000,0.000000,0.000000,0.000000,0.000000,0.000000,0.000000,0.000000,0.000000,0.286160,use_computer,1,30,6436,computer,none,,,0.000000,1.000000,0,none,,7.811698,7.811698,completed,120,5,clear,17.000000
8,1106,3448094757,103,Day 5 11:16,none,,7.811698,7.811698,completed,0.088667,0.283214,0.000000,0.990000,0.100833,0.020000,0.383968,0.080000,0.000000,10,1,1,1,0,0,0,1,1,1,1,1,0,0,1,0,1,0.258090,0.000000,0.247621,0.000000,0.000000,0.000000,0.271428,0.000000,0.000000,0.000000,0.000000,0.000000,0.000000,0.000000,0.000000,0.222862,use_phone,1,25,6461,phone,none,,,0.000000,1.000000,0,none,,7.811698,7.811698,completed,120,5,clear,17.000000
8,1106,3448094757,104,Day 5 11:41,none,,7.811698,7.811698,completed,0.000000,0.375735,0.000000,1.000000,0.121667,0.036667,0.383968,0.175000,0.085000,10,1,1,1,0,0,0,1,1,1,1,1,0,0,1,0,1,0.000000,0.000000,0.000000,0.000000,0.000000,0.000000,0.578535,0.000000,0.000000,0.000000,0.000000,0.000000,0.000000,0.000000,0.000000,0.421465,idle,1,10,6471,,none,,,0.000000,1.000000,0,none,,7.811698,7.811698,completed,120,5,clear,17.000000
8,1106,3448094757,105,Day 5 11:51,none,,7.811698,7.811698,completed,0.123333,0.379735,0.000000,0.946667,0.130000,0.043333,0.383968,0.165000,0.079000,10,1,1,1,0,0,0,1,1,1,1,1,0,0,1,0,1,0.247910,0.000000,0.239437,0.000000,0.000000,0.000000,0.294882,0.000000,0.000000,0.000000,0.000000,0.000000,0.000000,0.000000,0.000000,0.217772,use_computer,1,30,6501,computer,none,,,0.000000,1.000000,0,none,,7.811698,7.811698,completed,120,5,clear,17.000000
8,1106,3448094757,106,Day 5 12:21,none,,7.811698,7.811698,completed,0.000000,0.493857,0.000000,0.936667,0.155000,0.063333,0.383968,0.245000,0.061000,10,1,1,1,0,0,0,1,1,1,1,1,0,0,1,0,1,0.000000,0.000000,0.000000,0.000000,0.000000,0.000000,0.288318,0.312928,0.000000,0.212009,0.000000,0.000000,0.000000,0.000000,0.000000,0.186745,rest_at_bed,1,60,6561,bed,none,,,0.000000,1.000000,0,none,,7.811698,7.811698,completed,120,5,clear,17.000000
8,1106,3448094757,107,Day 5 13:21,none,,7.811698,7.811698,completed,0.060000,0.285617,0.000000,0.966667,0.205000,0.103333,0.383968,0.045000,0.025000,10,1,1,1,0,0,0,1,1,1,1,1,0,0,1,0,1,0.203937,0.000000,0.196561,0.000000,0.000000,0.000000,0.212997,0.000000,0.000000,0.209472,0.000000,0.000000,0.000000,0.000000,0.000000,0.177034,rest_at_bed,1,60,6621,bed,none,room-temperature-shift,,0.000000,1.000000,0,none,,7.811698,7.811698,completed,120,5,clear,24.000000
8,1106,3448094757,108,Day 5 14:21,none,,7.811698,7.811698,completed,0.120000,0.077377,0.000000,0.996667,0.255000,0.143333,0.383968,0.000000,0.000000,10,1,1,1,0,0,0,1,1,1,1,1,0,0,1,0,1,0.215291,0.000000,0.200365,0.000000,0.000000,0.000000,0.000000,0.000000,0.194420,0.215321,0.000000,0.000000,0.000000,0.000000,0.000000,0.174604,idle,1,10,6631,,none,,,0.000000,1.000000,0,none,,7.811698,7.811698,completed,120,5,clear,24.000000
8,1106,3448094757,109,Day 5 14:31,none,,7.811698,7.811698,completed,0.243333,0.081377,0.000000,0.943333,0.263333,0.150000,0.383968,0.000000,0.000000,10,1,1,1,0,0,0,1,1,1,1,1,0,0,1,0,1,0.224766,0.000000,0.204858,0.000000,0.000000,0.000000,0.000000,0.000000,0.189371,0.210029,0.000000,0.000000,0.000000,0.000000,0.000000,0.170976,use_computer,1,30,6661,computer,none,,,0.000000,1.000000,0,none,,7.811698,7.811698,completed,120,5,clear,24.000000
8,1106,3448094757,110,Day 5 15:01,none,,7.811698,7.811698,completed,0.093333,0.195499,0.000000,0.933333,0.288333,0.170000,0.383968,0.080000,0.000000,10,1,1,1,0,0,0,1,1,1,1,1,0,0,1,0,1,0.171177,0.000000,0.162467,0.000000,0.000000,0.000000,0.166937,0.000000,0.167200,0.186236,0.000000,0.000000,0.000000,0.000000,0.000000,0.145983,go_to_bathroom,1,15,6676,door,none,,,0.000000,1.000000,0,none,,7.811698,7.811698,completed,120,5,clear,24.000000
8,1106,3448094757,111,Day 5 15:16,none,,7.811698,7.811698,completed,0.098333,0.201499,0.000000,1.000000,0.300833,0.000000,0.383968,0.065000,0.000000,10,1,1,1,0,0,0,1,1,1,1,1,0,0,1,0,1,0.205944,0.000000,0.195373,0.000000,0.000000,0.000000,0.198935,0.000000,0.000000,0.225203,0.000000,0.000000,0.000000,0.000000,0.000000,0.174546,get_meal,1,35,6711,door,none,,,0.000000,1.000000,0,none,,7.811698,7.811698,completed,120,5,clear,24.000000
8,1106,3448094757,112,Day 5 15:51,none,,7.811698,7.811698,completed,0.070000,0.215499,0.000000,1.000000,0.000000,0.023333,0.383968,0.030000,0.000000,10,1,1,1,0,0,0,1,1,1,1,1,0,0,1,0,1,0.264859,0.000000,0.252735,0.000000,0.000000,0.000000,0.256478,0.000000,0.000000,0.000000,0.000000,0.000000,0.000000,0.000000,0.000000,0.225927,rest_at_bed,1,60,6771,bed,none,,,0.000000,1.000000,0,none,,7.811698,7.811698,completed,120,5,clear,24.000000
8,1106,3448094757,113,Day 5 16:51,none,,7.811698,7.811698,completed,0.130000,0.007259,0.000000,1.000000,0.050000,0.063333,0.383968,0.000000,0.000000,10,1,1,1,0,0,0,1,1,1,1,1,0,0,1,0,1,0.367376,0.000000,0.338594,0.000000,0.000000,0.000000,0.000000,0.000000,0.000000,0.000000,0.000000,0.000000,0.000000,0.000000,0.000000,0.294030,use_phone,1,25,6796,phone,none,weather-clear,,0.000000,1.000000,0,none,,7.811698,7.811698,completed,120,5,clear,24.000000
8,1106,3448094757,114,Day 5 17:16,none,,7.811698,7.811698,completed,0.000000,0.099779,0.000000,1.000000,0.070833,0.080000,0.383968,0.095000,0.085000,10,1,1,1,0,0,0,1,1,1,1,1,0,0,1,0,1,0.529223,0.000000,0.000000,0.000000,0.000000,0.000000,0.000000,0.000000,0.000000,0.000000,0.000000,0.000000,0.000000,0.000000,0.000000,0.470777,use_phone,1,25,6821,phone,none,,,0.000000,1.000000,0,none,,7.811698,7.811698,completed,120,5,clear,24.000000
8,1106,3448094757,115,Day 5 17:41,none,,7.811698,7.811698,completed,0.000000,0.192299,0.000000,1.000000,0.091667,0.096667,0.383968,0.190000,0.170000,10,1,1,1,0,0,0,1,1,1,1,1,0,0,1,0,1,0.242928,0.260501,0.000000,0.000000,0.000000,0.000000,0.272175,0.000000,0.000000,0.000000,0.000000,0.000000,0.000000,0.000000,0.000000,0.224396,idle,1,10,6831,,none,,,0.000000,1.000000,0,none,,7.811698,7.811698,completed,120,5,clear,24.000000
8,1106,3448094757,116,Day 5 17:51,none,,7.811698,7.811698,completed,0.123333,0.196299,0.000000,0.946667,0.100000,0.103333,0.383968,0.180000,0.164000,10,1,1,1,0,0,0,1,1,1,1,1,0,0,1,0,1,0.206736,0.205374,0.195589,0.000000,0.000000,0.000000,0.213698,0.000000,0.000000,0.000000,0.000000,0.000000,0.000000,0.000000,0.000000,0.178603,use_phone,1,25,6856,phone,none,,,0.000000,1.000000,0,none,,7.811698,7.811698,completed,120,5,clear,24.000000
8,1106,3448094757,117,Day 5 18:16,none,,7.811698,7.811698,completed,0.000000,0.288819,0.000000,0.978333,0.120833,0.120000,0.383968,0.275000,0.249000,10,1,1,1,0,0,0,1,1,1,1,1,0,0,1,0,1,0.000000,0.346354,0.000000,0.000000,0.000000,0.000000,0.375852,0.000000,0.000000,0.000000,0.000000,0.000000,0.000000,0.000000,0.000000,0.277794,idle,1,10,6866,,none,,,0.000000,1.000000,0,none,,7.811698,7.811698,completed,120,5,clear,24.000000
8,1106,3448094757,118,Day 5 18:26,none,,7.811698,7.811698,completed,0.123333,0.292819,0.000000,0.925000,0.129167,0.126667,0.383968,0.265000,0.243000,10,1,1,1,0,0,0,1,1,1,1,1,0,0,1,0,1,0.194072,0.214495,0.185942,0.000000,0.000000,0.000000,0.231808,0.000000,0.000000,0.000000,0.000000,0.000000,0.000000,0.000000,0.000000,0.173682,use_computer,1,30,6896,computer,none,evening,,0.000000,1.000000,0,none,,7.811698,7.811698,completed,120,5,clear,24.000000
8,1106,3448094757,119,Day 5 18:56,none,,7.811698,7.811698,completed,0.000000,0.406942,0.000000,0.915000,0.154167,0.146667,0.383968,0.345000,0.225000,10,1,1,1,0,0,0,1,1,1,1,1,0,0,1,0,1,0.000000,0.203135,0.000000,0.000000,0.000000,0.000000,0.253371,0.000000,0.188123,0.188874,0.000000,0.000000,0.000000,0.000000,0.000000,0.166497,get_meal,1,35,6931,door,none,,,0.000000,1.000000,0,none,,7.811698,7.811698,completed,120,5,clear,24.000000
8,1106,3448094757,120,Day 5 19:31,none,,7.811698,7.811698,completed,0.000000,0.420942,0.000000,1.000000,0.000000,0.170000,0.383968,0.310000,0.204000,10,1,1,1,0,0,0,1,1,1,1,1,0,0,1,0,1,0.000000,0.246101,0.000000,0.000000,0.000000,0.000000,0.310766,0.000000,0.237555,0.000000,0.000000,0.000000,0.000000,0.000000,0.000000,0.205577,rest_at_bed,1,60,6991,bed,none,,,0.000000,1.000000,0,none,,7.811698,7.811698,completed,120,5,clear,24.000000
8,1106,3448094757,121,Day 5 20:31,none,,7.811698,7.811698,completed,0.060000,0.212701,0.000000,1.000000,0.050000,0.210000,0.383968,0.110000,0.168000,10,1,1,1,0,0,0,1,1,1,1,1,0,0,1,0,1,0.168674,0.171077,0.161425,0.000000,0.000000,0.000000,0.174261,0.000000,0.176635,0.000000,0.000000,0.000000,0.000000,0.000000,0.000000,0.147928,rest_at_bed,1,60,7051,bed,none,,,0.000000,1.000000,0,none,,7.811698,7.811698,completed,120,5,clear,24.000000
8,1106,3448094757,122,Day 5 21:31,none,,7.811698,7.811698,completed,0.120000,0.004461,0.000000,1.000000,0.100000,0.250000,0.383968,0.000000,0.132000,10,1,1,1,0,0,0,1,1,1,1,1,0,0,1,0,1,0.268844,0.000000,0.248131,0.000000,0.000000,0.000000,0.000000,0.000000,0.266797,0.000000,0.000000,0.000000,0.000000,0.000000,0.000000,0.216229,go_to_bathroom,1,15,7066,door,none,,,0.000000,1.000000,0,none,,7.811698,7.811698,completed,120,5,clear,24.000000
8,1106,3448094757,123,Day 5 21:46,none,,7.811698,7.811698,completed,0.125000,0.010461,0.000000,1.000000,0.112500,0.000000,0.383968,0.000000,0.123000,10,1,1,1,0,0,0,1,1,1,1,1,0,0,1,0,1,0.366901,0.000000,0.338573,0.000000,0.000000,0.000000,0.000000,0.000000,0.000000,0.000000,0.000000,0.000000,0.000000,0.000000,0.000000,0.294526,use_phone,1,25,7091,phone,none,,,0.000000,1.000000,0,none,,7.811698,7.811698,completed,120,5,clear,24.000000
8,1106,3448094757,124,Day 5 22:11,none,,7.811698,7.811698,completed,0.000000,0.102981,0.000000,1.000000,0.133333,0.016667,0.383968,0.095000,0.208000,10,1,1,1,0,0,0,1,1,1,1,1,0,0,1,0,1,0.253233,0.270747,0.000000,0.000000,0.000000,0.000000,0.000000,0.000000,0.000000,0.250671,0.000000,0.000000,0.000000,0.000000,0.000000,0.225349,get_meal,1,35,7126,door,none,,,0.000000,1.000000,0,none,,7.811698,7.811698,completed,120,5,clear,24.000000
8,1106,3448094757,125,Day 5 22:46,none,,7.811698,7.811698,completed,0.000000,0.116981,0.000000,1.000000,0.000000,0.040000,0.383968,0.060000,0.187000,10,1,1,1,0,0,0,1,1,1,1,1,0,0,1,0,1,0.257841,0.268232,0.246394,0.000000,0.000000,0.000000,0.000000,0.000000,0.000000,0.000000,0.000000,0.000000,0.000000,0.000000,0.000000,0.227533,idle,1,10,7136,,none,,,0.000000,1.000000,0,none,,7.811698,7.811698,completed,120,5,clear,24.000000
8,1106,3448094757,126,Day 5 22:56,none,,7.811698,7.811698,completed,0.123333,0.120981,0.000000,0.946667,0.008333,0.046667,0.383968,0.050000,0.181000,10,1,1,1,0,0,0,1,1,1,1,1,0,0,1,0,1,0.268476,0.258739,0.251203,0.000000,0.000000,0.000000,0.000000,0.000000,0.000000,0.000000,0.000000,0.000000,0.000000,0.000000,0.000000,0.221582,use_phone,1,25,7161,phone,none,,,0.000000,1.000000,0,none,,7.811698,7.811698,completed,120,5,clear,24.000000
8,1106,3448094757,127,Day 5 23:21,none,,7.811698,7.811698,completed,0.000000,0.213502,0.000000,0.978333,0.029167,0.063333,0.383968,0.145000,0.266000,10,1,1,1,0,0,0,1,1,1,1,1,0,0,1,0,1,0.239615,0.277328,0.000000,0.000000,0.000000,0.000000,0.264017,0.000000,0.000000,0.000000,0.000000,0.000000,0.000000,0.000000,0.000000,0.219040,rest_at_bed,1,60,7221,bed,none,,,0.000000,1.000000,0,none,,7.811698,7.811698,completed,120,5,clear,24.000000
8,1106,3448094757,128,Day 6 00:21,none,,7.811698,7.811698,completed,0.060000,0.005262,0.000000,1.000000,0.079167,0.103333,0.383968,0.000000,0.230000,10,1,1,1,0,0,0,1,1,1,1,1,0,0,1,0,1,0.264696,0.268725,0.246877,0.000000,0.000000,0.000000,0.000000,0.000000,0.000000,0.000000,0.000000,0.000000,0.000000,0.000000,0.000000,0.219702,use_computer,1,30,7251,computer,none,,,0.000000,1.000000,0,none,,7.811698,7.811698,completed,120,5,clear,24.000000
8,1106,3448094757,129,Day 6 00:51,none,,7.811698,7.811698,completed,0.000000,0.119384,0.000000,0.990000,0.104167,0.123333,0.383968,0.080000,0.212000,10,1,1,1,0,0,0,1,1,1,1,1,0,0,1,0,1,0.338043,0.361859,0.000000,0.000000,0.000000,0.000000,0.000000,0.000000,0.000000,0.000000,0.000000,0.000000,0.000000,0.000000,0.000000,0.300097,idle,1,10,7261,,none,,,0.000000,1.000000,0,none,,7.811698,7.811698,completed,120,5,clear,24.000000
8,1106,3448094757,130,Day 6 01:01,none,,7.811698,7.811698,completed,0.123333,0.123384,0.000000,0.936667,0.112500,0.130000,0.383968,0.070000,0.206000,10,1,1,1,0,0,0,1,1,1,1,1,0,0,1,0,1,0.214102,0.212318,0.200459,0.000000,0.000000,0.000000,0.000000,0.000000,0.195355,0.000000,0.000000,0.000000,0.000000,0.000000,0.000000,0.177766,go_to_bathroom,1,15,7276,door,none,,,0.000000,1.000000,0,none,,7.811698,7.811698,completed,120,5,clear,24.000000
8,1106,3448094757,131,Day 6 01:16,none,,7.811698,7.811698,completed,0.128333,0.129384,0.000000,1.000000,0.125000,0.000000,0.383968,0.055000,0.197000,10,1,1,1,0,0,0,1,1,1,1,1,0,0,1,0,1,0.267496,0.261447,0.250334,0.000000,0.000000,0.000000,0.000000,0.000000,0.000000,0.000000,0.000000,0.000000,0.000000,0.000000,0.000000,0.220723,use_phone,1,25,7301,phone,none,,,0.000000,1.000000,0,none,,7.811698,7.811698,completed,120,5,clear,24.000000
8,1106,3448094757,132,Day 6 01:41,none,,7.811698,7.811698,completed,0.000000,0.221904,0.000000,1.000000,0.145833,0.016667,0.383968,0.150000,0.282000,10,1,1,1,0,0,0,1,1,1,1,1,0,0,1,0,1,0.190895,0.224694,0.000000,0.000000,0.000000,0.000000,0.212611,0.000000,0.000000,0.196879,0.000000,0.000000,0.000000,0.000000,0.000000,0.174921,rest_at_bed,1,60,7361,bed,none,,,0.000000,1.000000,0,none,,7.811698,7.811698,completed,120,5,clear,24.000000
8,1106,3448094757,133,Day 6 02:41,none,,7.811698,7.811698,completed,0.060000,0.013664,0.000000,1.000000,0.195833,0.056667,0.383968,0.000000,0.246000,10,1,1,1,0,0,0,1,1,1,1,1,0,0,1,0,1,0.209645,0.216142,0.195719,0.000000,0.000000,0.000000,0.000000,0.000000,0.000000,0.204319,0.000000,0.000000,0.000000,0.000000,0.000000,0.174175,get_meal,1,35,7396,door,none,,,0.000000,1.000000,0,none,,7.811698,7.811698,completed,120,5,clear,24.000000
8,1106,3448094757,134,Day 6 03:16,none,,7.811698,7.811698,completed,0.031667,0.027664,0.000000,1.000000,0.000000,0.080000,0.383968,0.000000,0.225000,10,1,1,1,0,0,0,1,1,1,1,1,0,0,1,0,1,0.262222,0.269913,0.246401,0.000000,0.000000,0.000000,0.000000,0.000000,0.000000,0.000000,0.000000,0.000000,0.000000,0.000000,0.000000,0.221464,use_phone,1,25,7421,phone,none,,,0.000000,1.000000,0,none,,7.811698,7.811698,completed,120,5,clear,24.000000
8,1106,3448094757,135,Day 6 03:41,none,,7.811698,7.811698,completed,0.000000,0.120184,0.000000,1.000000,0.020833,0.096667,0.383968,0.095000,0.310000,10,1,1,1,0,0,0,1,1,1,1,1,0,0,1,0,1,0.326122,0.383095,0.000000,0.000000,0.000000,0.000000,0.000000,0.000000,0.000000,0.000000,0.000000,0.000000,0.000000,0.000000,0.000000,0.290783,use_phone,1,25,7446,phone,none,,,0.000000,1.000000,0,none,,7.811698,7.811698,completed,120,5,clear,24.000000
8,1106,3448094757,136,Day 6 04:06,none,,7.811698,7.811698,completed,0.000000,0.212704,0.000000,1.000000,0.041667,0.113333,0.383968,0.190000,0.395000,10,1,1,1,0,0,0,1,1,1,1,1,0,0,1,0,1,0.228179,0.300553,0.000000,0.000000,0.000000,0.000000,0.260004,0.000000,0.000000,0.000000,0.000000,0.000000,0.000000,0.000000,0.000000,0.211264,use_phone,1,25,7471,phone,none,,,0.000000,1.000000,0,none,,7.811698,7.811698,completed,120,5,clear,24.000000
8,1106,3448094757,137,Day 6 04:31,none,,7.811698,7.811698,completed,0.000000,0.305225,0.000000,1.000000,0.062500,0.130000,0.383968,0.285000,0.480000,10,1,1,1,0,0,0,1,1,1,1,1,0,0,1,0,1,0.000000,0.305802,0.000000,0.000000,0.000000,0.000000,0.273798,0.000000,0.221339,0.000000,0.000000,0.000000,0.000000,0.000000,0.000000,0.199061,shop_on_phone,1,20,7491,phone,none,,,0.000000,1.000000,0,none,,7.811698,7.811698,completed,90,5,clear,24.000000
8,1106,3448094757,138,Day 6 04:51,none,,7.811698,7.811698,completed,0.006667,0.314816,0.000000,1.000000,0.079167,0.143333,0.383968,0.345000,0.000000,10,1,1,1,0,0,0,1,1,1,1,1,0,0,1,0,1,0.000000,0.000000,0.000000,0.000000,0.000000,0.000000,0.401189,0.000000,0.317092,0.000000,0.000000,0.000000,0.000000,0.000000,0.000000,0.281719,idle,1,10,7501,,none,,,0.000000,1.000000,0,none,,7.811698,7.811698,completed,90,5,clear,24.000000
8,1106,3448094757,139,Day 6 05:01,none,,7.811698,7.811698,completed,0.130000,0.318816,0.000000,0.946667,0.087500,0.150000,0.383968,0.335000,0.000000,10,1,1,1,0,0,0,1,1,1,1,1,0,0,1,0,1,0.237188,0.000000,0.000000,0.000000,0.000000,0.000000,0.304051,0.000000,0.242323,0.000000,0.000000,0.000000,0.000000,0.000000,0.000000,0.216439,use_phone,1,25,7526,phone,none,,,0.000000,1.000000,0,none,,7.811698,7.811698,completed,90,5,clear,24.000000
8,1106,3448094757,140,Day 6 05:26,none,,7.811698,7.811698,completed,0.000000,0.411336,0.000000,0.978333,0.108333,0.166667,0.383968,0.430000,0.085000,10,1,1,1,0,0,0,1,1,1,1,1,0,0,1,0,1,0.000000,0.000000,0.000000,0.000000,0.000000,0.000000,0.292168,0.312306,0.211719,0.000000,0.000000,0.000000,0.000000,0.000000,0.000000,0.183808,rest_at_bed,1,60,7586,bed,none,,,0.000000,1.000000,0,none,,7.811698,7.811698,completed,90,5,clear,24.000000
8,1106,3448094757,141,Day 6 06:26,none,,7.811698,7.811698,completed,0.060000,0.203096,0.000000,1.000000,0.158333,0.206667,0.383968,0.230000,0.049000,10,1,1,1,0,0,0,1,1,1,1,1,0,0,1,0,1,0.194738,0.000000,0.000000,0.000000,0.000000,0.000000,0.218680,0.000000,0.210127,0.199912,0.000000,0.000000,0.000000,0.000000,0.000000,0.176542,rest_at_bed,1,60,7646,bed,none,,,0.000000,1.000000,0,none,,7.811698,7.811698,completed,90,5,clear,24.000000
8,1106,3448094757,142,Day 6 07:26,none,,7.811698,7.811698,completed,0.120000,0.000000,0.000000,1.000000,0.208333,0.246667,0.383968,0.030000,0.013000,10,1,1,1,0,0,0,1,1,1,1,1,0,0,1,0,1,0.213315,0.000000,0.196893,0.000000,0.000000,0.000000,0.000000,0.000000,0.212718,0.204120,0.000000,0.000000,0.000000,0.000000,0.000000,0.172954,use_phone,1,25,7671,phone,none,,,0.000000,1.000000,0,none,,7.811698,7.811698,completed,90,5,clear,24.000000
8,1106,3448094757,143,Day 6 07:51,none,,7.811698,7.811698,completed,0.000000,0.092520,0.000000,1.000000,0.229167,0.263333,0.383968,0.125000,0.098000,10,1,1,1,0,0,0,1,1,1,1,1,0,0,1,0,1,0.242655,0.000000,0.000000,0.000000,0.000000,0.000000,0.000000,0.000000,0.274992,0.264820,0.000000,0.000000,0.000000,0.000000,0.000000,0.217532,go_to_bathroom,1,15,7686,door,none,,,0.000000,1.000000,0,none,,7.811698,7.811698,completed,90,5,clear,24.000000
8,1106,3448094757,144,Day 6 08:06,none,,7.811698,7.811698,completed,0.005000,0.098520,0.000000,1.000000,0.241667,0.000000,0.383968,0.110000,0.089000,10,1,1,1,0,0,0,1,1,1,1,1,0,0,1,0,1,0.334692,0.000000,0.000000,0.000000,0.000000,0.000000,0.000000,0.000000,0.000000,0.367125,0.000000,0.000000,0.000000,0.000000,0.000000,0.298183,idle,1,10,7696,,none,alarm-rings,,0.000000,1.000000,0,none,,7.811698,7.811698,completed,90,5,clear,24.000000
8,1106,3448094757,145,Day 6 08:16,none,,7.811698,7.811698,completed,0.158333,0.102520,0.000000,0.946667,0.250000,0.006667,0.426753,0.100000,0.083000,11,1,1,1,0,0,0,1,1,1,1,1,0,1,1,0,1,0.197600,0.000000,0.183558,0.000000,0.000000,0.000000,0.000000,0.000000,0.000000,0.198221,0.000000,0.000000,0.258534,0.000000,0.000000,0.162086,turn_off_alarm,1,1,7697,alarm,none,,,0.000000,1.000000,0,none,,7.811698,7.811698,completed,90,5,clear,24.000000
8,1106,3448094757,146,Day 6 08:17,none,,7.811698,7.811698,completed,0.158667,0.102920,0.000000,0.976333,0.250833,0.007333,0.406753,0.099000,0.082400,10,1,1,1,0,0,0,1,1,1,1,1,0,0,1,0,1,0.266501,0.000000,0.247556,0.000000,0.000000,0.000000,0.000000,0.000000,0.000000,0.267429,0.000000,0.000000,0.000000,0.000000,0.000000,0.218513,use_computer,1,30,7727,computer,none,,,0.000000,1.000000,0,none,,7.811698,7.811698,completed,90,5,clear,24.000000
8,1106,3448094757,147,Day 6 08:47,none,,7.811698,7.811698,completed,0.008667,0.217043,0.000000,0.966333,0.275833,0.027333,0.406753,0.179000,0.064400,10,1,1,1,0,0,0,1,1,1,1,1,0,0,1,0,1,0.237352,0.000000,0.000000,0.000000,0.000000,0.000000,0.267148,0.000000,0.000000,0.277314,0.000000,0.000000,0.000000,0.000000,0.000000,0.218185,use_phone,1,25,7752,phone,none,,,0.000000,1.000000,0,none,,7.811698,7.811698,completed,90,5,clear,24.000000
8,1106,3448094757,148,Day 6 09:12,none,,7.811698,7.811698,completed,0.000000,0.309563,0.000000,0.998000,0.296667,0.044000,0.406753,0.274000,0.149400,10,1,1,1,0,0,0,1,1,1,1,1,0,0,1,0,1,0.000000,0.237084,0.000000,0.000000,0.000000,0.000000,0.284948,0.000000,0.000000,0.269907,0.000000,0.000000,0.000000,0.000000,0.000000,0.208061,rest_at_bed,1,60,7812,bed,none,,,0.000000,1.000000,0,none,,7.811698,7.811698,completed,90,5,clear,24.000000
8,1106,3448094757,149,Day 6 10:12,none,,7.811698,7.811698,completed,0.060000,0.101323,0.000000,1.000000,0.346667,0.084000,0.406753,0.074000,0.113400,10,1,1,1,0,0,0,1,1,1,1,1,0,0,1,0,1,0.252515,0.000000,0.238448,0.000000,0.000000,0.000000,0.000000,0.000000,0.000000,0.292612,0.000000,0.000000,0.000000,0.000000,0.000000,0.216425,use_phone,1,25,7837,phone,none,,,0.000000,1.000000,0,none,,7.811698,7.811698,completed,90,5,clear,24.000000
8,1106,3448094757,150,Day 6 10:37,none,,7.811698,7.811698,completed,0.000000,0.193843,0.000000,1.000000,0.367500,0.100667,0.406753,0.169000,0.198400,10,1,1,1,0,0,0,1,1,1,1,1,0,0,1,0,1,0.185621,0.203039,0.000000,0.000000,0.000000,0.000000,0.204489,0.000000,0.000000,0.236385,0.000000,0.000000,0.000000,0.000000,0.000000,0.170466,rest_at_bed,1,60,7897,bed,none,,,0.000000,1.000000,0,none,,7.811698,7.811698,completed,90,5,clear,24.000000
8,1106,3448094757,151,Day 6 11:37,none,,7.811698,7.811698,completed,0.060000,0.000000,0.000000,1.000000,0.417500,0.140667,0.406753,0.000000,0.162400,10,1,1,1,0,0,0,1,1,1,1,1,0,0,1,0,1,0.171187,0.163396,0.159567,0.000000,0.000000,0.000000,0.000000,0.000000,0.158616,0.205230,0.000000,0.000000,0.000000,0.000000,0.000000,0.142003,go_to_bathroom,1,15,7912,door,none,,,0.000000,1.000000,0,none,,7.811698,7.811698,completed,90,5,clear,24.000000
8,1106,3448094757,152,Day 6 11:52,none,,7.811698,7.811698,completed,0.065000,0.006000,0.000000,1.000000,0.430000,0.000000,0.406753,0.000000,0.153400,10,1,1,1,0,0,0,1,1,1,1,1,0,0,1,0,1,0.203468,0.192231,0.189622,0.000000,0.000000,0.000000,0.000000,0.000000,0.000000,0.246224,0.000000,0.000000,0.000000,0.000000,0.000000,0.168455,idle,1,10,7922,,none,,,0.000000,1.000000,0,none,,7.811698,7.811698,completed,90,5,clear,24.000000
8,1106,3448094757,153,Day 6 12:02,none,,7.811698,7.811698,completed,0.188333,0.010000,0.000000,0.946667,0.438333,0.006667,0.406753,0.000000,0.147400,10,1,1,1,0,0,0,1,1,1,1,1,0,0,1,0,1,0.212875,0.186849,0.194287,0.000000,0.000000,0.000000,0.000000,0.000000,0.000000,0.240684,0.000000,0.000000,0.000000,0.000000,0.000000,0.165305,idle,1,10,7932,,none,,,0.000000,1.000000,0,none,,7.811698,7.811698,completed,90,5,clear,24.000000
8,1106,3448094757,154,Day 6 12:12,none,,7.811698,7.811698,completed,0.311667,0.014000,0.000000,0.893333,0.446667,0.013333,0.406753,0.000000,0.141400,10,1,1,1,0,0,0,1,1,1,1,1,0,0,1,0,1,0.222520,0.181457,0.198890,0.000000,0.000000,0.000000,0.000000,0.000000,0.000000,0.235061,0.000000,0.000000,0.000000,0.000000,0.000000,0.162072,shop_on_phone,1,20,7952,phone,none,,,0.000000,1.000000,0,none,,7.811698,7.811698,completed,60,5,clear,24.000000
8,1106,3448094757,155,Day 6 12:32,none,,7.811698,7.811698,completed,0.318333,0.023592,0.000000,0.986667,0.463333,0.026667,0.406753,0.060000,0.000000,10,1,1,1,0,0,0,1,1,1,1,1,0,0,1,0,1,0.268657,0.000000,0.240387,0.000000,0.000000,0.000000,0.000000,0.000000,0.000000,0.292377,0.000000,0.000000,0.000000,0.000000,0.000000,0.198579,use_phone,1,25,7977,phone,none,,,0.000000,1.000000,0,none,,7.811698,7.811698,completed,60,5,clear,24.000000
8,1106,3448094757,156,Day 6 12:57,none,,7.811698,7.811698,completed,0.106667,0.116112,0.000000,1.000000,0.484167,0.043333,0.406753,0.155000,0.085000,10,1,1,1,0,0,0,1,1,1,1,1,0,0,1,0,1,0.197334,0.000000,0.185439,0.000000,0.000000,0.000000,0.188817,0.000000,0.000000,0.259215,0.000000,0.000000,0.000000,0.000000,0.000000,0.169195,get_meal,1,35,8012,door,none,room-temperature-shift,,0.000000,1.000000,0,none,,7.811698,7.811698,completed,60,5,clear,24.000000
8,1106,3448094757,157,Day 6 13:32,none,,7.811698,7.811698,completed,0.078333,0.130112,0.000000,1.000000,0.000000,0.066667,0.406753,0.120000,0.064000,10,1,1,1,0,0,0,1,1,1,1,1,0,0,1,0,1,0.265437,0.000000,0.250898,0.000000,0.000000,0.000000,0.254609,0.000000,0.000000,0.000000,0.000000,0.000000,0.000000,0.000000,0.000000,0.229057,use_phone,1,25,8037,phone,none,,,0.000000,1.000000,0,none,,7.811698,7.811698,completed,60,5,clear,24.000000
8,1106,3448094757,158,Day 6 13:57,none,,7.811698,7.811698,completed,0.000000,0.222632,0.000000,1.000000,0.020833,0.083333,0.406753,0.215000,0.149000,10,1,1,1,0,0,0,1,1,1,1,1,0,0,1,0,1,0.240076,0.255295,0.000000,0.000000,0.000000,0.000000,0.280506,0.000000,0.000000,0.000000,0.000000,0.000000,0.000000,0.000000,0.000000,0.224124,use_phone,1,25,8062,phone,none,,,0.000000,1.000000,0,none,,7.811698,7.811698,completed,60,5,clear,24.000000
8,1106,3448094757,159,Day 6 14:22,none,,7.811698,7.811698,completed,0.000000,0.315152,0.000000,1.000000,0.041667,0.100000,0.406753,0.310000,0.234000,10,1,1,1,0,0,0,1,1,1,1,1,0,0,1,0,1,0.000000,0.338963,0.000000,0.000000,0.000000,0.000000,0.385462,0.000000,0.000000,0.000000,0.000000,0.000000,0.000000,0.000000,0.000000,0.275575,rest_at_bed,1,60,8122,bed,none,,,0.000000,1.000000,0,none,,7.811698,7.811698,completed,60,5,clear,24.000000
8,1106,3448094757,160,Day 6 15:22,none,,7.811698,7.811698,completed,0.060000,0.106912,0.000000,1.000000,0.091667,0.140000,0.406753,0.110000,0.198000,10,1,1,1,0,0,0,1,1,1,1,1,0,0,1,0,1,0.207950,0.214107,0.196625,0.000000,0.000000,0.000000,0.000000,0.000000,0.201135,0.000000,0.000000,0.000000,0.000000,0.000000,0.000000,0.180184,shop_on_phone,1,20,8142,phone,none,,,0.000000,1.000000,0,none,,7.811698,7.811698,completed,30,5,clear,24.000000
8,1106,3448094757,161,Day 6 15:42,none,,7.811698,7.811698,completed,0.066667,0.116504,0.000000,1.000000,0.108333,0.153333,0.406753,0.170000,0.000000,10,1,1,1,0,0,0,1,1,1,1,1,0,0,1,0,1,0.207818,0.000000,0.196713,0.000000,0.000000,0.000000,0.206234,0.000000,0.206493,0.000000,0.000000,0.000000,0.000000,0.000000,0.000000,0.182741,use_phone,1,25,8167,phone,none,,,0.000000,1.000000,0,none,,7.811698,7.811698,completed,30,5,clear,24.000000
8,1106,3448094757,162,Day 6 16:07,none,,7.811698,7.811698,completed,0.000000,0.209024,0.000000,1.000000,0.129167,0.170000,0.406753,0.265000,0.085000,10,1,1,1,0,0,0,1,1,1,1,1,0,0,1,0,1,0.000000,0.000000,0.000000,0.000000,0.000000,0.000000,0.370615,0.000000,0.337401,0.000000,0.000000,0.000000,0.000000,0.000000,0.000000,0.291983,go_to_bathroom,1,15,8182,door,none,,,0.000000,1.000000,0,none,,7.811698,7.811698,completed,30,5,clear,24.000000
8,1106,3448094757,163,Day 6 16:22,none,,7.811698,7.811698,completed,0.005000,0.215024,0.000000,1.000000,0.141667,0.000000,0.406753,0.250000,0.076000,10,1,1,1,0,0,0,1,1,1,1,1,0,0,1,0,1,0.000000,0.000000,0.000000,0.000000,0.000000,0.000000,0.373657,0.000000,0.000000,0.330981,0.000000,0.000000,0.000000,0.000000,0.000000,0.295362,idle,1,10,8192,,none,,,0.000000,1.000000,0,none,,7.811698,7.811698,completed,30,5,clear,24.000000
8,1106,3448094757,164,Day 6 16:32,none,,7.811698,7.811698,completed,0.128333,0.219024,0.000000,0.946667,0.150000,0.006667,0.406753,0.240000,0.070000,10,1,1,1,0,0,0,1,1,1,1,1,0,0,1,0,1,0.203860,0.000000,0.193422,0.000000,0.000000,0.000000,0.223579,0.000000,0.000000,0.199983,0.000000,0.000000,0.000000,0.000000,0.000000,0.179156,idle,1,10,8202,,none,,,0.000000,1.000000,0,none,,7.811698,7.811698,completed,30,5,clear,24.000000
8,1106,3448094757,165,Day 6 16:42,none,,7.811698,7.811698,completed,0.251667,0.223024,0.000000,0.893333,0.158333,0.013333,0.406753,0.230000,0.064000,10,1,1,1,0,0,0,1,1,1,1,1,0,0,1,0,1,0.213826,0.000000,0.198645,0.000000,0.000000,0.000000,0.216359,0.000000,0.000000,0.195420,0.000000,0.000000,0.000000,0.000000,0.000000,0.175751,get_meal,1,35,8237,door,none,weather-rain,,0.000000,1.000000,0,none,,7.811698,7.811698,completed,30,5,rain,24.000000
8,1106,3448094757,166,Day 6 17:17,none,,7.811698,7.811698,completed,0.223333,0.237024,0.000000,1.000000,0.000000,0.036667,0.406753,0.195000,0.043000,10,1,1,1,0,0,0,1,1,1,1,1,0,0,1,0,1,0.264828,0.000000,0.247467,0.000000,0.000000,0.000000,0.268628,0.000000,0.000000,0.000000,0.000000,0.000000,0.000000,0.000000,0.000000,0.219076,idle,1,10,8247,,none,,,0.000000,1.000000,0,none,,7.811698,7.811698,completed,30,5,rain,24.000000
8,1106,3448094757,167,Day 6 17:27,none,,7.811698,7.811698,completed,0.346667,0.241024,0.000000,0.946667,0.008333,0.043333,0.406753,0.185000,0.037000,10,1,1,1,0,0,0,1,1,1,1,1,0,0,1,0,1,0.275902,0.000000,0.252435,0.000000,0.000000,0.000000,0.258200,0.000000,0.000000,0.000000,0.000000,0.000000,0.000000,0.000000,0.000000,0.213463,use_phone,1,25,8272,phone,none,message-study-group,,0.000000,1.000000,0,none,,7.811698,7.811698,completed,30,6,rain,24.000000
8,1106,3448094757,168,Day 6 17:52,none,,7.811698,7.811698,completed,0.135000,0.333544,0.000000,0.978333,0.029167,0.060000,0.406753,0.280000,0.122000,10,1,1,1,0,0,0,1,1,1,1,1,0,0,1,0,1,0.244124,0.000000,0.234580,0.000000,0.000000,0.000000,0.302201,0.000000,0.000000,0.000000,0.000000,0.000000,0.000000,0.000000,0.000000,0.219094,rest_at_bed,1,60,8332,bed,none,,,0.000000,1.000000,0,none,,7.811698,7.811698,completed,30,6,rain,24.000000
8,1106,3448094757,169,Day 6 18:52,none,,7.811698,7.811698,completed,0.195000,0.125304,0.000000,1.000000,0.079167,0.100000,0.406753,0.080000,0.086000,10,1,1,1,0,0,0,1,1,1,1,1,0,0,1,0,1,0.366662,0.000000,0.339204,0.000000,0.000000,0.000000,0.000000,0.000000,0.000000,0.000000,0.000000,0.000000,0.000000,0.000000,0.000000,0.294134,use_computer,1,30,8362,computer,none,,,0.000000,1.000000,0,none,,7.811698,7.811698,completed,30,6,rain,24.000000
8,1106,3448094757,170,Day 6 19:22,none,,7.811698,7.811698,completed,0.045000,0.239426,0.000000,0.990000,0.104167,0.120000,0.406753,0.160000,0.068000,10,1,1,1,0,0,0,1,1,1,1,1,0,0,1,0,1,0.332848,0.000000,0.000000,0.000000,0.000000,0.000000,0.367803,0.000000,0.000000,0.000000,0.000000,0.000000,0.000000,0.000000,0.000000,0.299349,rest_at_bed,1,60,8422,bed,none,,,0.000000,1.000000,0,none,,7.811698,7.811698,completed,30,6,rain,24.000000
8,1106,3448094757,171,Day 6 20:22,none,,7.811698,7.811698,completed,0.105000,0.031186,0.000000,1.000000,0.154167,0.160000,0.406753,0.000000,0.032000,10,1,1,1,0,0,0,1,1,1,1,1,0,0,1,0,1,0.218539,0.000000,0.202844,0.000000,0.000000,0.000000,0.000000,0.000000,0.201348,0.199574,0.000000,0.000000,0.000000,0.000000,0.000000,0.177695,use_computer,1,30,8452,computer,none,evening,,0.000000,1.000000,0,none,,7.811698,7.811698,completed,30,6,rain,24.000000
8,1106,3448094757,172,Day 6 20:52,none,,7.811698,7.811698,completed,0.000000,0.145309,0.000000,0.990000,0.179167,0.180000,0.406753,0.080000,0.014000,10,1,1,1,0,0,0,1,1,1,1,1,0,0,1,0,1,0.201927,0.000000,0.000000,0.000000,0.000000,0.000000,0.199702,0.000000,0.209767,0.208812,0.000000,0.000000,0.000000,0.000000,0.000000,0.179792,use_phone,1,25,8477,phone,none,,,0.000000,1.000000,0,none,,7.811698,7.811698,completed,30,6,rain,24.000000
8,1106,3448094757,173,Day 6 21:17,none,,7.811698,7.811698,completed,0.000000,0.237829,0.000000,1.000000,0.200000,0.196667,0.406753,0.175000,0.099000,10,1,1,1,0,0,0,1,1,1,1,1,0,0,1,0,1,0.189988,0.000000,0.000000,0.000000,0.000000,0.000000,0.218053,0.000000,0.208255,0.208049,0.000000,0.000000,0.000000,0.000000,0.000000,0.175655,go_to_bathroom,1,15,8492,door,none,,,0.000000,1.000000,0,none,,7.811698,7.811698,completed,30,6,rain,24.000000
8,1106,3448094757,174,Day 6 21:32,none,,7.811698,7.811698,completed,0.005000,0.243829,0.000000,1.000000,0.212500,0.000000,0.406753,0.160000,0.090000,10,1,1,1,0,0,0,1,1,1,1,1,0,0,1,0,1,0.240599,0.000000,0.000000,0.000000,0.000000,0.000000,0.273518,0.000000,0.000000,0.264812,0.000000,0.000000,0.000000,0.000000,0.000000,0.221071,get_meal,1,35,8527,door,none,,,0.000000,1.000000,0,none,,7.811698,7.811698,completed,30,6,rain,24.000000
8,1106,3448094757,175,Day 6 22:07,none,,7.811698,7.811698,completed,0.000000,0.257829,0.000000,1.000000,0.000000,0.023333,0.406753,0.125000,0.069000,10,1,1,1,0,0,0,1,1,1,1,1,0,0,1,0,1,0.329288,0.000000,0.000000,0.000000,0.000000,0.000000,0.369892,0.000000,0.000000,0.000000,0.000000,0.000000,0.000000,0.000000,0.000000,0.300820,rest_at_bed,1,60,8587,bed,none,,,0.000000,1.000000,0,none,,7.811698,7.811698,completed,30,6,rain,24.000000
8,1106,3448094757,176,Day 6 23:07,none,,7.811698,7.811698,completed,0.060000,0.049589,0.000000,1.000000,0.050000,0.063333,0.406753,0.000000,0.033000,10,1,1,1,0,0,0,1,1,1,1,1,0,0,1,0,1,0.360798,0.000000,0.338216,0.000000,0.000000,0.000000,0.000000,0.000000,0.000000,0.000000,0.000000,0.000000,0.000000,0.000000,0.000000,0.300987,use_phone,1,25,8612,phone,none,,,0.000000,1.000000,0,none,,7.811698,7.811698,completed,30,6,rain,24.000000
8,1106,3448094757,177,Day 6 23:32,none,,7.811698,7.811698,completed,0.000000,0.142109,0.000000,1.000000,0.070833,0.080000,0.406753,0.095000,0.118000,10,1,1,1,0,0,0,1,1,1,1,1,0,0,1,0,1,0.345834,0.000000,0.000000,0.000000,0.000000,0.000000,0.345035,0.000000,0.000000,0.000000,0.000000,0.000000,0.000000,0.000000,0.000000,0.309131,rest_at_bed,1,60,8672,bed,none,,,0.000000,1.000000,0,none,,7.811698,7.811698,completed,30,6,rain,24.000000
8,1106,3448094757,178,Day 7 00:32,none,,7.811698,7.811698,completed,0.060000,0.000000,0.000000,1.000000,0.120833,0.120000,0.406753,0.000000,0.082000,10,1,1,1,0,0,0,1,1,1,1,1,0,0,1,0,1,0.362104,0.000000,0.337524,0.000000,0.000000,0.000000,0.000000,0.000000,0.000000,0.000000,0.000000,0.000000,0.000000,0.000000,0.000000,0.300371,use_computer,1,30,8702,computer,none,,,0.000000,1.000000,0,none,,7.811698,7.811698,completed,30,6,rain,24.000000
8,1106,3448094757,179,Day 7 01:02,none,,7.811698,7.811698,completed,0.000000,0.114122,0.000000,0.990000,0.145833,0.140000,0.406753,0.080000,0.064000,10,1,1,1,0,0,0,1,1,1,1,1,0,0,1,0,1,0.257609,0.000000,0.000000,0.000000,0.000000,0.000000,0.000000,0.000000,0.256590,0.257246,0.000000,0.000000,0.000000,0.000000,0.000000,0.228555,use_phone,1,25,8727,phone,none,,,0.000000,1.000000,0,none,,7.811698,7.811698,completed,30,6,rain,24.000000
8,1106,3448094757,180,Day 7 01:27,none,,7.811698,7.811698,completed,0.000000,0.206643,0.000000,1.000000,0.166667,0.156667,0.406753,0.175000,0.149000,10,1,1,1,0,0,0,1,1,1,1,1,0,0,1,0,1,0.161352,0.169324,0.000000,0.000000,0.000000,0.000000,0.180469,0.000000,0.169582,0.170624,0.000000,0.000000,0.000000,0.000000,0.000000,0.148650,rest_at_bed,1,60,8787,bed,none,,,0.000000,1.000000,0,none,,7.811698,7.811698,completed,30,6,rain,24.000000
8,1106,3448094757,181,Day 7 02:27,none,,7.811698,7.811698,completed,0.060000,0.000000,0.000000,1.000000,0.216667,0.196667,0.406753,0.000000,0.113000,10,1,1,1,0,0,0,1,1,1,1,1,0,0,1,0,1,0.211334,0.000000,0.196988,0.000000,0.000000,0.000000,0.000000,0.000000,0.206656,0.209716,0.000000,0.000000,0.000000,0.000000,0.000000,0.175305,idle,1,10,8797,,none,,,0.000000,1.000000,0,none,,7.811698,7.811698,completed,30,6,rain,24.000000
8,1106,3448094757,182,Day 7 02:37,none,,7.811698,7.811698,completed,0.183333,0.004000,0.000000,0.946667,0.225000,0.203333,0.406753,0.000000,0.107000,10,1,1,1,0,0,0,1,1,1,1,1,0,0,1,0,1,0.220733,0.000000,0.201495,0.000000,0.000000,0.000000,0.000000,0.000000,0.201379,0.204653,0.000000,0.000000,0.000000,0.000000,0.000000,0.171739,use_computer,1,30,8827,computer,none,,,0.000000,1.000000,0,none,,7.811698,7.811698,completed,30,6,rain,24.000000
8,1106,3448094757,183,Day 7 03:07,none,,7.811698,7.811698,completed,0.033333,0.118122,0.000000,0.936667,0.250000,0.223333,0.406753,0.080000,0.089000,10,1,1,1,0,0,0,1,1,1,1,1,0,0,1,0,1,0.201611,0.000000,0.191649,0.000000,0.000000,0.000000,0.000000,0.000000,0.213241,0.217639,0.000000,0.000000,0.000000,0.000000,0.000000,0.175860,get_meal,1,35,8862,door,none,,,0.000000,1.000000,0,none,,7.811698,7.811698,completed,30,6,rain,24.000000
8,1106,3448094757,184,Day 7 03:42,none,,7.811698,7.811698,completed,0.005000,0.132122,0.000000,1.000000,0.000000,0.246667,0.406753,0.045000,0.068000,10,1,1,1,0,0,0,1,1,1,1,1,0,0,1,0,1,0.254733,0.000000,0.243564,0.000000,0.000000,0.000000,0.000000,0.000000,0.278072,0.000000,0.000000,0.000000,0.000000,0.000000,0.000000,0.223631,idle,1,10,8872,,none,,,0.000000,1.000000,0,none,,7.811698,7.811698,completed,30,6,rain,24.000000
8,1106,3448094757,185,Day 7 03:52,none,,7.811698,7.811698,completed,0.128333,0.136122,0.000000,0.946667,0.008333,0.253333,0.406753,0.035000,0.062000,10,1,1,1,0,0,0,1,1,1,1,1,0,0,1,0,1,0.265053,0.000000,0.248144,0.000000,0.000000,0.000000,0.000000,0.000000,0.269174,0.000000,0.000000,0.000000,0.000000,0.000000,0.000000,0.217629,idle,1,10,8882,,none,,,0.000000,1.000000,0,none,,7.811698,7.811698,completed,30,6,rain,24.000000
8,1106,3448094757,186,Day 7 04:02,none,,7.811698,7.811698,completed,0.251667,0.140122,0.000000,0.893333,0.016667,0.260000,0.406753,0.025000,0.056000,10,1,1,1,0,0,0,1,1,1,1,1,0,0,1,0,1,0.275529,0.000000,0.252570,0.000000,0.000000,0.000000,0.000000,0.000000,0.260313,0.000000,0.000000,0.000000,0.000000,0.000000,0.000000,0.211587,use_phone,1,25,8907,phone,none,,,0.000000,1.000000,0,none,,7.811698,7.811698,completed,30,6,rain,24.000000
8,1106,3448094757,187,Day 7 04:27,none,,7.811698,7.811698,completed,0.040000,0.232643,0.000000,0.925000,0.037500,0.276667,0.406753,0.120000,0.141000,10,1,1,1,0,0,0,1,1,1,1,1,0,0,1,0,1,0.164880,0.165874,0.158733,0.000000,0.000000,0.000000,0.176288,0.000000,0.187352,0.000000,0.000000,0.000000,0.000000,0.000000,0.000000,0.146873,go_to_bathroom,1,15,8922,door,none,,,0.000000,1.000000,0,none,,7.811698,7.811698,completed,30,6,rain,24.000000
8,1106,3448094757,188,Day 7 04:42,none,,7.811698,7.811698,completed,0.045000,0.238643,0.000000,1.000000,0.050000,0.000000,0.406753,0.105000,0.132000,10,1,1,1,0,0,0,1,1,1,1,1,0,0,1,0,1,0.255979,0.000000,0.246321,0.000000,0.000000,0.000000,0.271090,0.000000,0.000000,0.000000,0.000000,0.000000,0.000000,0.000000,0.000000,0.226610,use_phone,1,25,8947,phone,none,,,0.000000,1.000000,0,none,,7.811698,7.811698,completed,30,6,rain,24.000000
8,1106,3448094757,189,Day 7 05:07,none,,7.811698,7.811698,completed,0.000000,0.331163,0.000000,1.000000,0.070833,0.016667,0.406753,0.200000,0.217000,10,1,1,1,0,0,0,1,1,1,1,1,0,0,1,0,1,0.000000,0.340821,0.000000,0.000000,0.000000,0.000000,0.377804,0.000000,0.000000,0.000000,0.000000,0.000000,0.000000,0.000000,0.000000,0.281375,rest_at_bed,1,60,9007,bed,none,,,0.000000,1.000000,0,none,,7.811698,7.811698,completed,30,6,rain,24.000000
8,1106,3448094757,190,Day 7 06:07,none,,7.811698,7.811698,completed,0.060000,0.122923,0.000000,1.000000,0.120833,0.056667,0.406753,0.000000,0.181000,10,1,1,1,0,0,0,1,1,1,1,1,0,0,1,0,1,0.265188,0.261046,0.250680,0.000000,0.000000,0.000000,0.000000,0.000000,0.000000,0.000000,0.000000,0.000000,0.000000,0.000000,0.000000,0.223086,shop_on_phone,1,20,9027,phone,none,,,0.000000,1.000000,0,none,,7.811698,7.811698,completed,0,6,rain,24.000000
8,1106,3448094757,191,Day 7 06:27,none,,7.811698,7.811698,completed,0.066667,0.132514,0.000000,1.000000,0.137500,0.070000,0.406753,0.060000,0.000000,10,1,1,1,0,0,0,1,1,1,1,1,0,0,1,0,1,0.266852,0.000000,0.252526,0.000000,0.000000,0.000000,0.000000,0.000000,0.000000,0.252804,0.000000,0.000000,0.000000,0.000000,0.000000,0.227817,use_computer,1,30,9057,computer,none,,,0.000000,1.000000,0,none,,7.811698,7.811698,completed,0,6,rain,24.000000
8,1106,3448094757,192,Day 7 06:57,none,,7.811698,7.811698,completed,0.000000,0.246637,0.000000,0.990000,0.162500,0.090000,0.406753,0.140000,0.000000,10,1,1,1,0,0,0,1,1,1,1,1,0,0,1,0,1,0.244520,0.000000,0.000000,0.000000,0.000000,0.000000,0.275263,0.000000,0.000000,0.256165,0.000000,0.000000,0.000000,0.000000,0.000000,0.224052,rest_at_bed,1,60,9117,bed,none,,,0.000000,1.000000,0,none,,7.811698,7.811698,completed,0,6,rain,24.000000
8,1106,3448094757,193,Day 7 07:57,none,,7.811698,7.811698,completed,0.060000,0.038396,0.000000,1.000000,0.212500,0.130000,0.406753,0.000000,0.000000,10,1,1,1,0,0,0,1,1,1,1,1,0,0,1,0,1,0.213524,0.000000,0.199904,0.000000,0.000000,0.000000,0.000000,0.000000,0.196683,0.211988,0.000000,0.000000,0.000000,0.000000,0.000000,0.177900,get_meal,1,35,9152,door,none,alarm-rings,,0.000000,1.000000,0,none,,7.811698,7.811698,completed,0,6,rain,24.000000
8,1106,3448094757,194,Day 7 08:32,none,,7.811698,7.811698,completed,0.061667,0.052396,0.000000,1.000000,0.000000,0.153333,0.449538,0.000000,0.000000,11,1,1,1,0,0,0,1,1,1,1,1,0,1,1,0,1,0.197501,0.000000,0.185146,0.000000,0.000000,0.000000,0.000000,0.000000,0.186161,0.000000,0.000000,0.000000,0.266522,0.000000,0.000000,0.164670,use_computer,1,30,9182,computer,none,,,0.000000,1.000000,0,none,,7.811698,7.811698,completed,0,6,rain,24.000000
8,1106,3448094757,195,Day 7 09:02,none,,7.811698,7.811698,completed,0.000000,0.166519,0.000000,0.990000,0.025000,0.173333,0.449538,0.080000,0.000000,11,1,1,1,0,0,0,1,1,1,1,1,0,1,1,0,1,0.185780,0.000000,0.000000,0.000000,0.000000,0.000000,0.186226,0.000000,0.192223,0.000000,0.000000,0.000000,0.269955,0.000000,0.000000,0.165815,go_to_bathroom,1,15,9197,door,none,,,0.000000,1.000000,0,none,,7.811698,7.811698,completed,0,6,rain,24.000000
8,1106,3448094757,196,Day 7 09:17,none,,7.811698,7.811698,completed,0.005000,0.172519,0.000000,1.000000,0.037500,0.000000,0.449538,0.065000,0.000000,11,1,1,1,0,0,0,1,1,1,1,1,0,1,1,0,1,0.189242,0.000000,0.181850,0.000000,0.000000,0.000000,0.187896,0.000000,0.000000,0.000000,0.000000,0.000000,0.273153,0.000000,0.000000,0.167860,idle,1,10,9207,,none,,,0.000000,1.000000,0,none,,7.811698,7.811698,completed,0,6,rain,24.000000
8,1106,3448094757,197,Day 7 09:27,none,,7.811698,7.811698,completed,0.128333,0.176519,0.000000,0.946667,0.045833,0.006667,0.449538,0.055000,0.000000,11,1,1,1,0,0,0,1,1,1,1,1,0,1,1,0,1,0.199173,0.000000,0.187400,0.000000,0.000000,0.000000,0.182451,0.000000,0.000000,0.000000,0.000000,0.000000,0.265743,0.000000,0.000000,0.165233,rest_at_bed,1,60,9267,bed,none,message-study-group,,0.000000,1.000000,0,none,,7.811698,7.811698,completed,0,7,rain,24.000000
8,1106,3448094757,198,Day 7 10:27,none,,7.811698,7.811698,completed,0.188333,0.000000,0.000000,0.976667,0.095833,0.046667,0.449538,0.000000,0.000000,11,1,1,1,0,0,0,1,1,1,1,1,0,1,1,0,1,0.254604,0.000000,0.232107,0.000000,0.000000,0.000000,0.000000,0.000000,0.000000,0.000000,0.000000,0.000000,0.315805,0.000000,0.000000,0.197484,use_phone,1,25,9292,phone,none,,,0.000000,1.000000,0,none,,7.811698,7.811698,completed,0,7,rain,24.000000
8,1106,3448094757,199,Day 7 10:52,none,,7.811698,7.811698,completed,0.000000,0.092520,0.000000,1.000000,0.116667,0.063333,0.449538,0.095000,0.085000,11,1,1,1,0,0,0,1,1,1,1,1,0,1,1,0,1,0.299771,0.000000,0.000000,0.000000,0.000000,0.000000,0.000000,0.000000,0.000000,0.000000,0.000000,0.000000,0.433784,0.000000,0.000000,0.266445,idle,1,10,9302,,none,,,0.000000,1.000000,0,none,,7.811698,7.811698,completed,0,7,rain,24.000000
8,1106,3448094757,200,Day 7 11:02,none,,7.811698,7.811698,completed,0.123333,0.096520,0.000000,0.946667,0.125000,0.070000,0.449538,0.085000,0.079000,11,1,1,1,0,0,0,1,1,1,1,1,0,1,1,0,1,0.243750,0.000000,0.227584,0.000000,0.000000,0.000000,0.000000,0.000000,0.000000,0.000000,0.000000,0.000000,0.326039,0.000000,0.000000,0.202627,idle,1,10,9312,,none,,,0.000000,1.000000,0,none,,7.811698,7.811698,completed,0,7,rain,24.000000
8,1106,3448094757,201,Day 7 11:12,none,,7.811698,7.811698,completed,0.246667,0.100520,0.000000,0.893333,0.133333,0.076667,0.449538,0.075000,0.073000,11,1,1,1,0,0,0,1,1,1,1,1,0,1,1,0,1,0.209516,0.000000,0.191539,0.000000,0.000000,0.000000,0.000000,0.000000,0.000000,0.176998,0.000000,0.000000,0.259051,0.000000,0.000000,0.162895,get_meal,1,35,9347,door,none,,,0.000000,1.000000,0,none,,7.811698,7.811698,completed,0,7,rain,24.000000
8,1106,3448094757,202,Day 7 11:47,none,,7.811698,7.811698,completed,0.218333,0.114520,0.000000,1.000000,0.000000,0.100000,0.449538,0.040000,0.052000,11,1,1,1,0,0,0,1,1,1,1,1,0,1,1,0,1,0.253176,0.000000,0.232808,0.000000,0.000000,0.000000,0.000000,0.000000,0.000000,0.000000,0.000000,0.000000,0.315904,0.000000,0.000000,0.198111,turn_off_alarm,1,1,9348,alarm,none,,,0.000000,1.000000,0,none,,7.811698,7.811698,completed,0,7,rain,24.000000
8,1106,3448094757,203,Day 7 11:48,none,,7.811698,7.811698,completed,0.218667,0.114920,0.000000,1.000000,0.000833,0.100667,0.429538,0.039000,0.051400,10,1,1,1,0,0,0,1,1,1,1,1,0,0,1,0,1,0.370138,0.000000,0.340349,0.000000,0.000000,0.000000,0.000000,0.000000,0.000000,0.000000,0.000000,0.000000,0.000000,0.000000,0.000000,0.289513,use_phone,1,25,9373,phone,none,,,0.000000,1.000000,0,none,,7.811698,7.811698,completed,0,7,rain,24.000000
8,1106,3448094757,204,Day 7 12:13,none,,7.811698,7.811698,completed,0.007000,0.207440,0.000000,1.000000,0.021667,0.117333,0.429538,0.134000,0.136400,10,1,1,1,0,0,0,1,1,1,1,1,0,0,1,0,1,0.334994,0.000000,0.000000,0.000000,0.000000,0.000000,0.361061,0.000000,0.000000,0.000000,0.000000,0.000000,0.000000,0.000000,0.000000,0.303945,rest_at_bed,1,60,9433,bed,none,room-temperature-shift,,0.000000,1.000000,0,none,,7.811698,7.811698,completed,0,7,rain,17.000000
8,1106,3448094757,205,Day 7 13:13,none,,7.811698,7.811698,completed,0.067000,0.027341,0.000000,0.970000,0.071667,0.157333,0.429538,0.000000,0.100400,10,1,1,1,0,0,0,1,1,1,1,1,0,0,1,0,1,0.270024,0.000000,0.252175,0.000000,0.000000,0.000000,0.000000,0.000000,0.253933,0.000000,0.000000,0.000000,0.000000,0.000000,0.000000,0.223868,go_to_bathroom,1,15,9448,door,none,,,0.000000,1.000000,0,none,,7.811698,7.811698,completed,0,7,rain,17.000000
8,1106,3448094757,206,Day 7 13:28,none,,7.811698,7.811698,completed,0.072000,0.033341,0.000000,1.000000,0.084167,0.000000,0.429538,0.000000,0.091400,10,1,1,1,0,0,0,1,1,1,1,1,0,0,1,0,1,0.362161,0.000000,0.338162,0.000000,0.000000,0.000000,0.000000,0.000000,0.000000,0.000000,0.000000,0.000000,0.000000,0.000000,0.000000,0.299677,use_phone,1,25,9473,phone,none,,,0.000000,1.000000,0,none,,7.811698,7.811698,completed,0,7,rain,17.000000
8,1106,3448094757,207,Day 7 13:53,none,,7.811698,7.811698,completed,0.000000,0.125861,0.000000,1.000000,0.105000,0.016667,0.429538,0.095000,0.176400,10,1,1,1,0,0,0,1,1,1,1,1,0,0,1,0,1,0.340832,0.355072,0.000000,0.000000,0.000000,0.000000,0.000000,0.000000,0.000000,0.000000,0.000000,0.000000,0.000000,0.000000,0.000000,0.304096,shop_on_phone,0,0,9473,phone,resource_insufficient,,,0.000000,1.000000,0,none,,7.811698,7.811698,completed,0,7,rain,17.000000
8,1106,3448094757,208,Day 7 13:53,none,,7.811698,7.811698,completed,0.000000,0.125861,0.000000,0.970000,0.105000,0.016667,0.459538,0.095000,0.176400,10,1,1,1,0,0,0,1,1,1,1,1,0,0,1,0,1,0.340832,0.355072,0.000000,0.000000,0.000000,0.000000,0.000000,0.000000,0.000000,0.000000,0.000000,0.000000,0.000000,0.000000,0.000000,0.304096,idle,1,10,9483,,none,,,0.000000,1.000000,0,none,,7.811698,7.811698,completed,0,7,rain,17.000000
8,1106,3448094757,209,Day 7 14:03,none,,7.811698,7.811698,completed,0.123333,0.129861,0.000000,0.916667,0.113333,0.023333,0.459538,0.085000,0.170400,10,1,1,1,0,0,0,1,1,1,1,1,0,0,1,0,1,0.267608,0.258271,0.250812,0.000000,0.000000,0.000000,0.000000,0.000000,0.000000,0.000000,0.000000,0.000000,0.000000,0.000000,0.000000,0.223309,use_phone,1,25,9508,phone,none,weather-clear,,0.000000,1.000000,0,none,,7.811698,7.811698,completed,0,7,clear,17.000000
8,1106,3448094757,210,Day 7 14:28,none,,7.811698,7.811698,completed,0.000000,0.222381,0.000000,0.948333,0.134167,0.040000,0.459538,0.180000,0.255400,10,1,1,1,0,0,0,1,1,1,1,1,0,0,1,0,1,0.190696,0.221024,0.000000,0.000000,0.000000,0.000000,0.215822,0.000000,0.000000,0.196209,0.000000,0.000000,0.000000,0.000000,0.000000,0.176250,shop_on_phone,0,0,9508,phone,resource_insufficient,,,0.000000,1.000000,0,none,,7.811698,7.811698,completed,0,7,clear,17.000000
8,1106,3448094757,211,Day 7 14:28,none,,7.811698,7.811698,completed,0.000000,0.222381,0.000000,0.918333,0.134167,0.040000,0.489538,0.180000,0.255400,10,1,1,1,0,0,0,1,1,1,1,1,0,0,1,0,1,0.190813,0.221160,0.000000,0.000000,0.000000,0.000000,0.215339,0.000000,0.000000,0.196329,0.000000,0.000000,0.000000,0.000000,0.000000,0.176359,get_meal,1,35,9543,door,none,,,0.000000,1.000000,0,none,,7.811698,7.811698,completed,0,7,clear,17.000000
8,1106,3448094757,212,Day 7 15:03,none,,7.811698,7.811698,completed,0.000000,0.236381,0.000000,1.000000,0.000000,0.063333,0.489538,0.145000,0.234400,10,1,1,1,0,0,0,1,1,1,1,1,0,0,1,0,1,0.240618,0.271358,0.000000,0.000000,0.000000,0.000000,0.267491,0.000000,0.000000,0.000000,0.000000,0.000000,0.000000,0.000000,0.000000,0.220533,shop_on_phone,0,0,9543,phone,resource_insufficient,,,0.000000,1.000000,0,none,,7.811698,7.811698,completed,0,7,clear,17.000000
8,1106,3448094757,213,Day 7 15:03,none,,7.811698,7.811698,completed,0.000000,0.236381,0.000000,0.970000,0.000000,0.063333,0.519538,0.145000,0.234400,10,1,1,1,0,0,0,1,1,1,1,1,0,0,1,0,1,0.240802,0.271565,0.000000,0.000000,0.000000,0.000000,0.266932,0.000000,0.000000,0.000000,0.000000,0.000000,0.000000,0.000000,0.000000,0.220701,use_phone,1,25,9568,phone,none,,,0.000000,1.000000,0,none,,7.811698,7.811698,completed,0,7,clear,17.000000
8,1106,3448094757,214,Day 7 15:28,none,,7.811698,7.811698,completed,0.000000,0.328901,0.000000,1.000000,0.020833,0.080000,0.519538,0.240000,0.319400,10,1,1,1,0,0,0,1,1,1,1,1,0,0,1,0,1,0.000000,0.361019,0.000000,0.000000,0.000000,0.000000,0.367272,0.000000,0.000000,0.000000,0.000000,0.000000,0.000000,0.000000,0.000000,0.271709,idle,1,10,9578,,none,,,0.000000,1.000000,0,none,,7.811698,7.811698,completed,0,7,clear,17.000000
8,1106,3448094757,215,Day 7 15:38,none,,7.811698,7.811698,completed,0.123333,0.332901,0.000000,0.946667,0.029167,0.086667,0.519538,0.230000,0.313400,10,1,1,1,0,0,0,1,1,1,1,1,0,0,1,0,1,0.191927,0.224837,0.184607,0.000000,0.000000,0.000000,0.227793,0.000000,0.000000,0.000000,0.000000,0.000000,0.000000,0.000000,0.000000,0.170836,shop_on_phone,0,0,9578,phone,resource_insufficient,,,0.000000,1.000000,0,none,,7.811698,7.811698,completed,0,7,clear,17.000000
8,1106,3448094757,216,Day 7 15:38,none,,7.811698,7.811698,completed,0.123333,0.332901,0.000000,0.916667,0.029167,0.086667,0.549538,0.230000,0.313400,10,1,1,1,0,0,0,1,1,1,1,1,0,0,1,0,1,0.192052,0.224983,0.184727,0.000000,0.000000,0.000000,0.227292,0.000000,0.000000,0.000000,0.000000,0.000000,0.000000,0.000000,0.000000,0.170947,idle,1,10,9588,,none,,,0.000000,1.000000,0,none,,7.811698,7.811698,completed,0,7,clear,17.000000
8,1106,3448094757,217,Day 7 15:48,none,,7.811698,7.811698,completed,0.246667,0.336901,0.000000,0.863333,0.037500,0.093333,0.549538,0.220000,0.307400,10,1,1,1,0,0,0,1,1,1,1,1,0,0,1,0,1,0.201962,0.219179,0.190206,0.000000,0.000000,0.000000,0.220521,0.000000,0.000000,0.000000,0.000000,0.000000,0.000000,0.000000,0.000000,0.168131,rest_at_bed,1,60,9648,bed,none,,,0.000000,1.000000,0,none,,7.811698,7.811698,completed,0,7,clear,17.000000
8,1106,3448094757,218,Day 7 16:48,none,,7.811698,7.811698,completed,0.306667,0.128661,0.000000,0.893333,0.087500,0.133333,0.549538,0.020000,0.271400,10,1,1,1,0,0,0,1,1,1,1,1,0,0,1,0,1,0.227577,0.213266,0.206347,0.000000,0.000000,0.000000,0.000000,0.000000,0.183468,0.000000,0.000000,0.000000,0.000000,0.000000,0.000000,0.169342,go_to_bathroom,1,15,9663,door,none,,,0.000000,1.000000,0,none,,7.811698,7.811698,completed,0,7,clear,17.000000
8,1106,3448094757,219,Day 7 17:03,none,,7.811698,7.811698,completed,0.311667,0.134661,0.000000,0.980678,0.100000,0.000000,0.549538,0.005000,0.262400,10,1,1,1,0,0,0,1,1,1,1,1,0,0,1,0,1,0.280159,0.258759,0.253905,0.000000,0.000000,0.000000,0.000000,0.000000,0.000000,0.000000,0.000000,0.000000,0.000000,0.000000,0.000000,0.207178,idle,1,10,9673,,none,,,0.000000,1.000000,0,none,,7.811698,7.811698,completed,0,7,clear,17.000000
8,1106,3448094757,220,Day 7 17:13,none,,7.811698,7.811698,completed,0.435000,0.138661,0.000000,0.927344,0.108333,0.006667,0.549538,0.000000,0.256400,10,1,1,1,0,0,0,1,1,1,1,1,0,0,1,0,1,0.290956,0.249308,0.258213,0.000000,0.000000,0.000000,0.000000,0.000000,0.000000,0.000000,0.000000,0.000000,0.000000,0.000000,0.000000,0.201523,shop_on_phone,0,0,9673,phone,resource_insufficient,,,0.000000,1.000000,0,none,,7.811698,7.811698,completed,0,7,clear,17.000000
8,1106,3448094757,221,Day 7 17:13,none,,7.811698,7.811698,completed,0.435000,0.138661,0.000000,0.897344,0.108333,0.006667,0.579538,0.000000,0.256400,10,1,1,1,0,0,0,1,1,1,1,1,0,0,1,0,1,0.290956,0.249308,0.258213,0.000000,0.000000,0.000000,0.000000,0.000000,0.000000,0.000000,0.000000,0.000000,0.000000,0.000000,0.000000,0.201523,use_phone,1,25,9698,phone,none,evening,,0.000000,1.000000,0,none,,7.811698,7.811698,completed,0,7,clear,17.000000
8,1106,3448094757,222,Day 7 17:38,none,,7.811698,7.811698,completed,0.223333,0.231182,0.000000,0.929011,0.129167,0.023333,0.579538,0.095000,0.341400,10,1,1,1,0,0,0,1,1,1,1,1,0,0,1,0,1,0.211122,0.228199,0.196775,0.000000,0.000000,0.000000,0.194283,0.000000,0.000000,0.000000,0.000000,0.000000,0.000000,0.000000,0.000000,0.169622,rest_at_bed,1,60,9758,bed,none,,,0.000000,1.000000,0,none,,7.811698,7.811698,completed,0,7,clear,17.000000
8,1106,3448094757,223,Day 7 18:38,none,,7.811698,7.811698,completed,0.283333,0.022941,0.000000,0.959011,0.179167,0.063333,0.579538,0.000000,0.305400,10,1,1,1,0,0,0,1,1,1,1,1,0,0,1,0,1,0.225357,0.216734,0.202623,0.000000,0.000000,0.000000,0.000000,0.000000,0.000000,0.188527,0.000000,0.000000,0.000000,0.000000,0.000000,0.166760,idle,1,10,9768,,none,,,0.000000,1.000000,0,none,,7.811698,7.811698,completed,0,7,clear,17.000000
8,1106,3448094757,224,Day 7 18:48,none,,7.811698,7.811698,completed,0.406667,0.026941,0.000000,0.905678,0.187500,0.070000,0.579538,0.000000,0.299400,10,1,1,1,0,0,0,1,1,1,1,1,0,0,1,0,1,0.235311,0.210250,0.207198,0.000000,0.000000,0.000000,0.000000,0.000000,0.000000,0.183921,0.000000,0.000000,0.000000,0.000000,0.000000,0.163320,idle,1,10,9778,,none,,,0.000000,1.000000,0,none,,7.811698,7.811698,completed,0,7,clear,17.000000
8,1106,3448094757,225,Day 7 18:58,none,,7.811698,7.811698,completed,0.530000,0.030941,0.000000,0.852344,0.195833,0.076667,0.579538,0.000000,0.293400,10,1,1,1,0,0,0,1,1,1,1,1,0,0,1,0,1,0.245479,0.203773,0.211681,0.000000,0.000000,0.000000,0.000000,0.000000,0.000000,0.179263,0.000000,0.000000,0.000000,0.000000,0.000000,0.159804,get_meal,1,35,9813,door,none,,,0.000000,1.000000,0,none,,7.811698,7.811698,completed,0,7,clear,17.000000
8,1106,3448094757,226,Day 7 19:33,none,,7.811698,7.811698,completed,0.501667,0.044941,0.000000,0.973022,0.000000,0.100000,0.579538,0.000000,0.272400,10,1,1,1,0,0,0,1,1,1,1,1,0,0,1,0,1,0.297754,0.246768,0.258435,0.000000,0.000000,0.000000,0.000000,0.000000,0.000000,0.000000,0.000000,0.000000,0.000000,0.000000,0.000000,0.197043,shop_on_phone,0,0,9813,phone,resource_insufficient,,,0.000000,1.000000,0,none,,7.811698,7.811698,completed,0,7,clear,17.000000
8,1106,3448094757,227,Day 7 19:33,none,,7.811698,7.811698,completed,0.501667,0.044941,0.000000,0.943022,0.000000,0.100000,0.609538,0.000000,0.272400,10,1,1,1,0,0,0,1,1,1,1,1,0,0,1,0,1,0.297754,0.246768,0.258435,0.000000,0.000000,0.000000,0.000000,0.000000,0.000000,0.000000,0.000000,0.000000,0.000000,0.000000,0.000000,0.197043,idle,1,10,9823,,none,,,0.000000,1.000000,0,none,,7.811698,7.811698,completed,0,7,clear,17.000000
8,1106,3448094757,228,Day 7 19:43,none,,7.811698,7.811698,completed,0.625000,0.048941,0.000000,0.889689,0.008333,0.106667,0.609538,0.000000,0.266400,10,1,1,1,0,0,0,1,1,1,1,1,0,0,1,0,1,0.308579,0.237595,0.262292,0.000000,0.000000,0.000000,0.000000,0.000000,0.000000,0.000000,0.000000,0.000000,0.000000,0.000000,0.000000,0.191534,shop_on_phone,0,0,9823,phone,resource_insufficient,,,0.000000,1.000000,0,none,,7.811698,7.811698,completed,0,7,clear,17.000000
8,1106,3448094757,229,Day 7 19:43,none,,7.811698,7.811698,completed,0.625000,0.048941,0.000000,0.859689,0.008333,0.106667,0.639538,0.000000,0.266400,10,1,1,1,0,0,0,1,1,1,1,1,0,0,1,0,1,0.308579,0.237595,0.262292,0.000000,0.000000,0.000000,0.000000,0.000000,0.000000,0.000000,0.000000,0.000000,0.000000,0.000000,0.000000,0.191534,use_computer,1,30,9853,computer,none,,,0.000000,1.000000,0,none,,7.811698,7.811698,completed,0,7,clear,17.000000
8,1106,3448094757,230,Day 7 20:13,none,,7.811698,7.811698,completed,0.475000,0.163064,0.000000,0.849689,0.033333,0.126667,0.639538,0.080000,0.248400,10,1,1,1,0,0,0,1,1,1,1,1,0,0,1,0,1,0.291157,0.248517,0.257716,0.000000,0.000000,0.000000,0.000000,0.000000,0.000000,0.000000,0.000000,0.000000,0.000000,0.000000,0.000000,0.202610,shop_on_phone,0,0,9853,phone,resource_insufficient,,,0.000000,1.000000,0,none,,7.811698,7.811698,completed,0,7,clear,17.000000
8,1106,3448094757,231,Day 7 20:13,none,,7.811698,7.811698,completed,0.475000,0.163064,0.000000,0.819689,0.033333,0.126667,0.669538,0.080000,0.248400,10,1,1,1,0,0,0,1,1,1,1,1,0,0,1,0,1,0.291157,0.248517,0.257716,0.000000,0.000000,0.000000,0.000000,0.000000,0.000000,0.000000,0.000000,0.000000,0.000000,0.000000,0.000000,0.202610,use_computer,1,30,9883,computer,none,,,0.000000,1.000000,0,none,,7.811698,7.811698,completed,0,7,clear,17.000000
8,1106,3448094757,232,Day 7 20:43,none,,7.811698,7.811698,completed,0.325000,0.277186,0.000000,0.809689,0.058333,0.146667,0.669538,0.160000,0.230400,10,1,1,1,0,0,0,1,1,1,1,1,0,0,1,0,1,0.183892,0.174000,0.169502,0.000000,0.000000,0.000000,0.171974,0.000000,0.157166,0.000000,0.000000,0.000000,0.000000,0.000000,0.000000,0.143466,shop_on_phone,0,0,9883,phone,resource_insufficient,,,0.000000,1.000000,0,none,,7.811698,7.811698,completed,0,7,clear,17.000000
8,1106,3448094757,233,Day 7 20:43,none,,7.811698,7.811698,completed,0.325000,0.277186,0.000000,0.779689,0.058333,0.146667,0.699538,0.160000,0.230400,10,1,1,1,0,0,0,1,1,1,1,1,0,0,1,0,1,0.183982,0.174085,0.169585,0.000000,0.000000,0.000000,0.171568,0.000000,0.157243,0.000000,0.000000,0.000000,0.000000,0.000000,0.000000,0.143536,go_to_bathroom,1,15,9898,door,none,,,0.000000,1.000000,0,none,,7.811698,7.811698,completed,0,7,clear,17.000000
8,1106,3448094757,234,Day 7 20:58,none,,7.811698,7.811698,completed,0.330000,0.283186,0.000000,0.867033,0.070833,0.000000,0.699538,0.145000,0.221400,10,1,1,1,0,0,0,1,1,1,1,1,0,0,1,0,1,0.219641,0.204831,0.202358,0.000000,0.000000,0.000000,0.202875,0.000000,0.000000,0.000000,0.000000,0.000000,0.000000,0.000000,0.000000,0.170294,use_phone,1,25,9923,phone,none,,,0.000000,1.000000,0,none,,7.811698,7.811698,completed,0,7,clear,17.000000
8,1106,3448094757,235,Day 7 21:23,none,,7.811698,7.811698,completed,0.118333,0.375706,0.000000,0.898700,0.091667,0.016667,0.699538,0.240000,0.306400,10,1,1,1,0,0,0,1,1,1,1,1,0,0,1,0,1,0.189928,0.223430,0.183773,0.000000,0.000000,0.000000,0.232053,0.000000,0.000000,0.000000,0.000000,0.000000,0.000000,0.000000,0.000000,0.170816,rest_at_bed,1,60,9983,bed,none,,,0.000000,1.000000,0,none,,7.811698,7.811698,completed,0,7,clear,17.000000
8,1106,3448094757,236,Day 7 22:23,none,,7.811698,7.811698,completed,0.178333,0.167466,0.000000,0.928700,0.141667,0.056667,0.699538,0.040000,0.270400,10,1,1,1,0,0,0,1,1,1,1,1,0,0,1,0,1,0.215639,0.219051,0.200879,0.000000,0.000000,0.000000,0.000000,0.000000,0.000000,0.191080,0.000000,0.000000,0.000000,0.000000,0.000000,0.173351,shop_on_phone,0,0,9983,phone,resource_insufficient,,,0.000000,1.000000,0,none,,7.811698,7.811698,completed,0,7,clear,17.000000
8,1106,3448094757,237,Day 7 22:23,none,,7.811698,7.811698,completed,0.178333,0.167466,0.000000,0.898700,0.141667,0.056667,0.729538,0.040000,0.270400,10,1,1,1,0,0,0,1,1,1,1,1,0,0,1,0,1,0.215639,0.219051,0.200879,0.000000,0.000000,0.000000,0.000000,0.000000,0.000000,0.191080,0.000000,0.000000,0.000000,0.000000,0.000000,0.173351,get_meal,1,35,10018,door,none,,,0.000000,1.000000,0,none,,7.811698,7.811698,completed,0,7,clear,17.000000
8,1106,3448094757,238,Day 7 22:58,none,,7.811698,7.811698,completed,0.150000,0.181466,0.000000,1.000000,0.000000,0.080000,0.729538,0.005000,0.249400,10,1,1,1,0,0,0,1,1,1,1,1,0,0,1,0,1,0.266653,0.267747,0.249855,0.000000,0.000000,0.000000,0.000000,0.000000,0.000000,0.000000,0.000000,0.000000,0.000000,0.000000,0.000000,0.215744,idle,1,10,10028,,none,,,0.000000,1.000000,0,none,,7.811698,7.811698,completed,0,7,clear,17.000000
8,1106,3448094757,239,Day 7 23:08,none,,7.811698,7.811698,completed,0.273333,0.185466,0.000000,0.946667,0.008333,0.086667,0.729538,0.000000,0.243400,10,1,1,1,0,0,0,1,1,1,1,1,0,0,1,0,1,0.277249,0.258266,0.254388,0.000000,0.000000,0.000000,0.000000,0.000000,0.000000,0.000000,0.000000,0.000000,0.000000,0.000000,0.000000,0.210097,use_computer,1,30,10058,computer,none,,,0.000000,1.000000,0,none,,7.811698,7.811698,completed,0,7,clear,17.000000
8,1106,3448094757,240,Day 7 23:38,none,,7.811698,7.811698,completed,0.123333,0.299588,0.000000,0.936667,0.033333,0.106667,0.729538,0.080000,0.225400,10,1,1,1,0,0,0,1,1,1,1,1,0,0,1,0,1,0.206297,0.213033,0.197113,0.000000,0.000000,0.000000,0.208294,0.000000,0.000000,0.000000,0.000000,0.000000,0.000000,0.000000,0.000000,0.175264,shop_on_phone,0,0,10058,phone,resource_insufficient,,,0.000000,1.000000,0,none,,7.811698,7.811698,completed,0,7,clear,17.000000
8,1106,3448094757,241,Day 7 23:38,none,,7.811698,7.811698,completed,0.123333,0.299588,0.000000,0.906667,0.033333,0.106667,0.759538,0.080000,0.225400,10,1,1,1,0,0,0,1,1,1,1,1,0,0,1,0,1,0.206419,0.213159,0.197230,0.000000,0.000000,0.000000,0.207824,0.000000,0.000000,0.000000,0.000000,0.000000,0.000000,0.000000,0.000000,0.175368,idle,1,10,10068,,none,,,0.000000,1.000000,0,none,,7.811698,7.811698,completed,0,7,clear,17.000000
8,1106,3448094757,242,Day 7 23:48,none,,7.811698,7.811698,completed,0.246667,0.303588,0.000000,0.853333,0.041667,0.113333,0.759538,0.070000,0.219400,10,1,1,1,0,0,0,1,1,1,1,1,0,0,1,0,1,0.216654,0.207262,0.202690,0.000000,0.000000,0.000000,0.201246,0.000000,0.000000,0.000000,0.000000,0.000000,0.000000,0.000000,0.000000,0.172149,use_phone,1,25,10093,phone,none,,,0.000000,1.000000,0,none,,7.811698,7.811698,completed,0,7,clear,17.000000
8,1106,3448094757,243,Day 8 00:13,none,,7.811698,7.811698,completed,0.035000,0.396109,0.000000,0.885000,0.062500,0.130000,0.759538,0.165000,0.304400,10,1,1,1,0,0,0,1,1,1,1,1,0,0,1,0,1,0.185922,0.224364,0.000000,0.000000,0.000000,0.000000,0.228441,0.000000,0.189909,0.000000,0.000000,0.000000,0.000000,0.000000,0.000000,0.171364,shop_on_phone,0,0,10093,phone,resource_insufficient,,,0.000000,1.000000,0,none,,7.811698,7.811698,completed,0,7,clear,17.000000
8,1106,3448094757,244,Day 8 00:13,none,,7.811698,7.811698,completed,0.035000,0.396109,0.000000,0.855000,0.062500,0.130000,0.789538,0.165000,0.304400,10,1,1,1,0,0,0,1,1,1,1,1,0,0,1,0,1,0.186043,0.224510,0.000000,0.000000,0.000000,0.000000,0.227938,0.000000,0.190032,0.000000,0.000000,0.000000,0.000000,0.000000,0.000000,0.171476,rest_at_bed,1,60,10153,bed,none,,,0.000000,1.000000,0,none,,7.811698,7.811698,completed,0,7,clear,17.000000
8,1106,3448094757,245,Day 8 01:13,none,,7.811698,7.811698,completed,0.095000,0.187868,0.000000,0.885000,0.112500,0.170000,0.789538,0.000000,0.268400,10,1,1,1,0,0,0,1,1,1,1,1,0,0,1,0,1,0.209026,0.220001,0.197858,0.000000,0.000000,0.000000,0.000000,0.000000,0.199182,0.000000,0.000000,0.000000,0.000000,0.000000,0.000000,0.173934,go_to_bathroom,1,15,10168,door,none,,,0.000000,1.000000,0,none,,7.811698,7.811698,completed,0,7,clear,17.000000
8,1106,3448094757,246,Day 8 01:28,none,,7.811698,7.811698,completed,0.100000,0.193868,0.000000,0.972344,0.125000,0.000000,0.789538,0.000000,0.259400,10,1,1,1,0,0,0,1,1,1,1,1,0,0,1,0,1,0.261869,0.272813,0.247833,0.000000,0.000000,0.000000,0.000000,0.000000,0.000000,0.000000,0.000000,0.000000,0.000000,0.000000,0.000000,0.217486,use_computer,1,30,10198,computer,none,,,0.000000,1.000000,0,none,,7.811698,7.811698,completed,0,7,clear,17.000000
8,1106,3448094757,247,Day 8 01:58,none,,7.811698,7.811698,completed,0.000000,0.307991,0.000000,0.962344,0.150000,0.020000,0.789538,0.080000,0.241400,10,1,1,1,0,0,0,1,1,1,1,1,0,0,1,0,1,0.194316,0.218255,0.000000,0.000000,0.000000,0.000000,0.212007,0.000000,0.000000,0.199164,0.000000,0.000000,0.000000,0.000000,0.000000,0.176258,shop_on_phone,0,0,10198,phone,resource_insufficient,,,0.000000,1.000000,0,none,,7.811698,7.811698,completed,0,7,clear,17.000000
8,1106,3448094757,248,Day 8 01:58,none,,7.811698,7.811698,completed,0.000000,0.307991,0.000000,0.932344,0.150000,0.020000,0.819538,0.080000,0.241400,10,1,1,1,0,0,0,1,1,1,1,1,0,0,1,0,1,0.194434,0.218387,0.000000,0.000000,0.000000,0.000000,0.211531,0.000000,0.000000,0.199284,0.000000,0.000000,0.000000,0.000000,0.000000,0.176364,shop_on_phone,0,0,10198,phone,resource_insufficient,,,0.000000,1.000000,0,none,,7.811698,7.811698,completed,0,7,clear,17.000000
8,1106,3448094757,249,Day 8 01:58,none,,7.811698,7.811698,completed,0.000000,0.307991,0.000000,0.902344,0.150000,0.020000,0.849538,0.080000,0.241400,10,1,1,1,0,0,0,1,1,1,1,1,0,0,1,0,1,0.194551,0.218519,0.000000,0.000000,0.000000,0.000000,0.211056,0.000000,0.000000,0.199404,0.000000,0.000000,0.000000,0.000000,0.000000,0.176471,get_meal,1,35,10233,door,none,,,0.000000,1.000000,0,none,,7.811698,7.811698,completed,0,7,clear,17.000000
8,1106,3448094757,250,Day 8 02:33,none,,7.811698,7.811698,completed,0.000000,0.321991,0.000000,1.000000,0.000000,0.043333,0.849538,0.045000,0.220400,10,1,1,1,0,0,0,1,1,1,1,1,0,0,1,0,1,0.198454,0.216886,0.194078,0.000000,0.000000,0.000000,0.212075,0.000000,0.000000,0.000000,0.000000,0.000000,0.000000,0.000000,0.000000,0.178507,shop_on_phone,0,0,10233,phone,resource_insufficient,,,0.000000,1.000000,0,none,,7.811698,7.811698,completed,0,7,clear,17.000000
8,1106,3448094757,251,Day 8 02:33,none,,7.811698,7.811698,completed,0.000000,0.321991,0.000000,0.970000,0.000000,0.043333,0.879538,0.045000,0.220400,10,1,1,1,0,0,0,1,1,1,1,1,0,0,1,0,1,0.198574,0.217017,0.194195,0.000000,0.000000,0.000000,0.211598,0.000000,0.000000,0.000000,0.000000,0.000000,0.000000,0.000000,0.000000,0.178615,shop_on_phone,0,0,10233,phone,resource_insufficient,,,0.000000,1.000000,0,none,,7.811698,7.811698,completed,0,7,clear,17.000000
8,1106,3448094757,252,Day 8 02:33,none,,7.811698,7.811698,completed,0.000000,0.321991,0.000000,0.940000,0.000000,0.043333,0.909538,0.045000,0.220400,10,1,1,1,0,0,0,1,1,1,1,1,0,0,1,0,1,0.198694,0.217148,0.194313,0.000000,0.000000,0.000000,0.211123,0.000000,0.000000,0.000000,0.000000,0.000000,0.000000,0.000000,0.000000,0.178723,use_computer,1,30,10263,computer,none,,,0.000000,1.000000,0,none,,7.811698,7.811698,completed,0,7,clear,17.000000
8,1106,3448094757,253,Day 8 03:03,none,,7.811698,7.811698,completed,0.000000,0.436113,0.000000,0.930000,0.025000,0.063333,0.909538,0.125000,0.202400,10,1,1,1,0,0,0,1,1,1,1,1,0,0,1,0,1,0.233214,0.259916,0.000000,0.000000,0.000000,0.000000,0.289440,0.000000,0.000000,0.000000,0.000000,0.000000,0.000000,0.000000,0.000000,0.217431,idle,1,10,10273,,none,,,0.000000,1.000000,0,none,,7.811698,7.811698,completed,0,7,clear,17.000000
8,1106,3448094757,254,Day 8 03:13,none,,7.811698,7.811698,completed,0.123333,0.440113,0.000000,0.876667,0.033333,0.070000,0.909538,0.115000,0.196400,10,1,1,1,0,0,0,1,1,1,1,1,0,0,1,0,1,0.199161,0.205628,0.193500,0.000000,0.000000,0.000000,0.228047,0.000000,0.000000,0.000000,0.000000,0.000000,0.000000,0.000000,0.000000,0.173664,idle,1,10,10283,,none,,,0.000000,1.000000,0,none,,7.811698,7.811698,completed,0,7,clear,17.000000
8,1106,3448094757,255,Day 8 03:23,none,,7.811698,7.811698,completed,0.246667,0.444113,0.000000,0.823333,0.041667,0.076667,0.909538,0.105000,0.190400,10,1,1,1,0,0,0,1,1,1,1,1,0,0,1,0,1,0.209217,0.200112,0.199029,0.000000,0.000000,0.000000,0.221020,0.000000,0.000000,0.000000,0.000000,0.000000,0.000000,0.000000,0.000000,0.170623,use_computer,1,30,10313,computer,none,,,0.000000,1.000000,0,none,,7.811698,7.811698,completed,0,7,clear,17.000000
8,1106,3448094757,256,Day 8 03:53,none,,7.811698,7.811698,completed,0.096667,0.558235,0.000000,0.813333,0.066667,0.096667,0.909538,0.185000,0.172400,10,1,1,1,0,0,0,1,1,1,1,1,0,0,1,0,1,0.145101,0.153852,0.143743,0.000000,0.000000,0.000000,0.196443,0.228193,0.000000,0.000000,0.000000,0.000000,0.000000,0.000000,0.000000,0.132668,sleep_at_bed,1,480,10793,bed,none,alarm-rings|message-study-group,,0.000000,1.000000,0,none,,7.811698,7.811698,completed,0,8,clear,17.000000
