personality_index,scenario_seed,action_seed,step,decision_time,pre_commitment_status,pre_commitment_task_id,pre_task_effort,pre_task_effort_target,pre_task_status,pre_boredom,pre_fatigue,pre_task_pressure,pre_satisfaction,pre_hunger,pre_bathroom_urge,pre_anxiety,pre_screen_strain,pre_purchase_urge,known_action_count,known_use_phone,known_shop_on_phone,known_use_computer,known_study_at_computer,known_study_focused,known_study_halfhearted,known_rest_at_bed,known_sleep_at_bed,known_go_to_bathroom,known_get_meal,known_turn_light_on,known_turn_light_off,known_turn_off_alarm,known_open_curtain,known_close_curtain,known_idle,p_use_phone,p_shop_on_phone,p_use_computer,p_study_at_computer,p_study_focused,p_study_halfhearted,p_rest_at_bed,p_sleep_at_bed,p_go_to_bathroom,p_get_meal,p_turn_light_on,p_turn_light_off,p_turn_off_alarm,p_open_curtain,p_close_curtain,p_idle,chosen_action,accepted,elapsed_minutes,simulation_total_minutes,target_object_id,failure_reason,event_ids,outcome_task_id,outcome_task_effort_gained,outcome_task_settlement_variation,outcome_task_session_interrupted,post_commitment_status,post_commitment_task_id,post_task_effort,post_task_effort_target,post_task_status,post_wallet,post_unread_messages,post_weather,post_temperature_celsius
8,1103,3448071000,1,Day 1 08:00,none,,0.000000,7.513805,active,0.550000,0.150000,0.550000,0.450000,0.250000,0.150000,0.200000,0.050000,0.100000,13,1,1,1,1,1,1,1,1,1,1,0,1,0,0,1,1,0.132964,0.000000,0.115935,0.120859,0.126443,0.126265,0.093659,0.000000,0.094748,0.103773,0.000000,0.000000,0.000000,0.000000,0.000000,0.085355,use_phone,1,25,505,phone,none,,,0.000000,1.000000,0,none,,0.000000,7.513805,active,120,0,clear,23.000000
8,1103,3448071000,2,Day 1 08:25,none,,0.000000,7.513805,active,0.338333,0.242520,0.642553,0.481667,0.270833,0.166667,0.228481,0.145000,0.185000,13,1,1,1,1,1,1,1,1,1,1,0,1,0,0,1,1,0.103187,0.092256,0.094491,0.117440,0.123236,0.111432,0.095885,0.000000,0.088435,0.097205,0.000000,0.000000,0.000000,0.000000,0.000000,0.076433,study_focused,1,35,540,desk,none,,coursework,0.481969,1.055906,0,active,coursework,0.481969,7.513805,active,120,0,clear,23.000000
8,1103,3448071000,3,Day 1 09:00,active,coursework,0.481969,7.513805,active,0.370000,0.366520,0.530364,0.550000,0.300000,0.190000,0.183402,0.110000,0.164000,13,1,1,1,1,1,1,1,1,1,1,0,1,0,0,1,1,0.101384,0.087751,0.093586,0.116592,0.123144,0.118623,0.100104,0.000000,0.087504,0.096664,0.000000,0.000000,0.000000,0.000000,0.000000,0.074648,study_focused,1,35,575,desk,none,,coursework,0.492256,1.078443,0,active,coursework,0.974226,7.513805,active,120,0,clear,23.000000
8,1103,3448071000,4,Day 1 09:35,active,coursework,0.974226,7.513805,active,0.401667,0.490520,0.418175,0.618333,0.329167,0.213333,0.133402,0.075000,0.143000,13,1,1,1,1,1,1,1,1,1,1,0,1,0,0,1,1,0.096488,0.080848,0.089783,0.096200,0.102269,0.104995,0.101278,0.000000,0.083866,0.093110,0.000000,0.080546,0.000000,0.000000,0.000000,0.070618,rest_at_bed,1,60,635,bed,none,message-study-group,,0.000000,1.000000,0,suspended,coursework,0.974226,7.513805,active,120,1,clear,23.000000
8,1103,3448071000,5,Day 1 10:35,suspended,coursework,0.974226,7.513805,active,0.461667,0.282280,0.550728,0.648333,0.379167,0.253333,0.211883,0.000000,0.107000,13,1,1,1,1,1,1,1,1,1,1,0,1,0,0,1,1,0.117683,0.000000,0.105677,0.127940,0.136400,0.131651,0.093924,0.000000,0.097908,0.109636,0.000000,0.000000,0.000000,0.000000,0.000000,0.079181,get_meal,1,35,670,door,none,,,0.000000,1.000000,0,suspended,coursework,0.974226,7.513805,active,120,1,clear,23.000000
8,1103,3448071000,6,Day 1 11:10,suspended,coursework,0.974226,7.513805,active,0.433333,0.296280,0.550728,0.769011,0.000000,0.276667,0.211921,0.000000,0.086000,13,1,1,1,1,1,1,1,1,1,1,0,1,0,0,1,1,0.129326,0.000000,0.116889,0.142835,0.154038,0.150032,0.106264,0.000000,0.112161,0.000000,0.000000,0.000000,0.000000,0.000000,0.000000,0.088455,study_halfhearted,1,35,705,desk,none,,coursework,0.290752,1.061638,0,active,coursework,1.264977,7.513805,active,120,1,clear,23.000000
8,1103,3448071000,7,Day 1 11:45,active,coursework,1.264977,7.513805,active,0.495000,0.390280,0.490894,0.777344,0.029167,0.300000,0.191960,0.000000,0.065000,13,1,1,1,1,1,1,1,1,1,1,0,1,0,0,1,1,0.134236,0.000000,0.121334,0.134061,0.144691,0.144686,0.114979,0.000000,0.115846,0.000000,0.000000,0.000000,0.000000,0.000000,0.000000,0.090166,go_to_bathroom,1,15,720,door,none,,,0.000000,1.000000,0,suspended,coursework,1.264977,7.513805,active,120,1,clear,23.000000
8,1103,3448071000,8,Day 1 12:00,suspended,coursework,1.264977,7.513805,active,0.500000,0.396280,0.490894,0.864689,0.041667,0.000000,0.191960,0.000000,0.056000,13,1,1,1,1,1,1,1,1,1,1,0,1,0,0,1,1,0.151832,0.000000,0.137214,0.151054,0.164391,0.163426,0.130295,0.000000,0.000000,0.000000,0.000000,0.000000,0.000000,0.000000,0.000000,0.101788,use_computer,1,30,750,computer,none,,,0.000000,1.000000,0,suspended,coursework,1.264977,7.513805,active,120,1,clear,23.000000
8,1103,3448071000,9,Day 1 12:30,suspended,coursework,1.264977,7.513805,active,0.350000,0.510402,0.563447,0.854689,0.066667,0.020000,0.220441,0.080000,0.038000,13,1,1,1,1,1,1,1,1,1,1,0,1,0,0,1,1,0.120094,0.000000,0.113019,0.140772,0.153055,0.146789,0.131716,0.000000,0.000000,0.000000,0.000000,0.104667,0.000000,0.000000,0.000000,0.089889,idle,1,10,760,,none,,,0.000000,1.000000,0,suspended,coursework,1.264977,7.513805,active,120,1,clear,23.000000
8,1103,3448071000,10,Day 1 12:40,suspended,coursework,1.264977,7.513805,active,0.473333,0.514402,0.666000,0.801355,0.075000,0.026667,0.249126,0.070000,0.032000,13,1,1,1,1,1,1,1,1,1,1,0,1,0,0,1,1,0.122566,0.000000,0.112939,0.144622,0.156446,0.155782,0.123686,0.000000,0.000000,0.000000,0.000000,0.098658,0.000000,0.000000,0.000000,0.085301,use_computer,1,30,790,computer,none,room-temperature-shift,,0.000000,1.000000,0,suspended,coursework,1.264977,7.513805,active,120,1,clear,24.000000
8,1103,3448071000,11,Day 1 13:10,suspended,coursework,1.264977,7.513805,active,0.323333,0.628525,0.738553,0.791355,0.100000,0.046667,0.282893,0.150000,0.014000,13,1,1,1,1,1,1,1,1,1,1,0,1,0,0,1,1,0.092823,0.000000,0.089069,0.129177,0.139605,0.134048,0.119658,0.133832,0.000000,0.000000,0.000000,0.089663,0.000000,0.000000,0.000000,0.072126,sleep_at_bed,1,480,1270,bed,none,task-reminder|weather-clear|evening|task-deadline,,0.000000,1.000000,0,suspended,coursework,1.264977,7.513805,active,120,1,clear,24.000000
8,1103,3448071000,12,Day 1 21:10,suspended,coursework,1.264977,7.513805,active,0.403333,0.355561,0.961107,0.711355,0.500000,0.366667,0.554421,0.000000,0.000000,13,1,1,1,1,1,1,1,1,1,1,0,1,0,0,1,1,0.095228,0.000000,0.087106,0.156827,0.168203,0.150240,0.081036,0.000000,0.092370,0.103920,0.000000,0.000000,0.000000,0.000000,0.000000,0.065071,use_computer,1,30,1300,computer,none,,,0.000000,1.000000,0,suspended,coursework,1.264977,7.513805,active,120,1,clear,24.000000
8,1103,3448071000,13,Day 1 21:40,suspended,coursework,1.264977,7.513805,active,0.253333,0.469683,1.000000,0.701355,0.525000,0.386667,0.601636,0.080000,0.000000,13,1,1,1,1,1,1,1,1,1,1,0,1,0,0,1,1,0.084068,0.000000,0.080077,0.159423,0.170824,0.148726,0.091269,0.000000,0.094537,0.106815,0.000000,0.000000,0.000000,0.000000,0.000000,0.064260,study_at_computer,1,35,1335,computer,none,,coursework,0.643025,0.920106,0,active,coursework,1.908002,7.513805,active,120,1,clear,24.000000
8,1103,3448071000,14,Day 1 22:15,active,coursework,1.908002,7.513805,active,0.285000,0.594877,0.887811,0.769689,0.554167,0.410000,0.575560,0.125000,0.000000,13,1,1,1,1,1,1,1,1,1,1,0,1,0,0,1,1,0.072641,0.000000,0.069865,0.122725,0.132360,0.106285,0.088985,0.100975,0.084176,0.095585,0.000000,0.069928,0.000000,0.000000,0.000000,0.056476,turn_light_off,1,1,1336,light,none,,,0.000000,1.000000,0,active,coursework,1.908002,7.513805,active,120,1,clear,24.000000
8,1103,3448071000,15,Day 1 22:16,active,coursework,1.908002,7.513805,active,0.285333,0.595277,0.887811,0.789355,0.555000,0.410667,0.576073,0.124000,0.000000,10,1,1,1,0,0,0,1,1,1,1,1,0,0,0,1,1,0.110693,0.000000,0.106459,0.000000,0.000000,0.000000,0.135505,0.153781,0.128295,0.145705,0.133538,0.000000,0.000000,0.000000,0.000000,0.086024,go_to_bathroom,1,15,1351,door,none,,,0.000000,1.000000,0,suspended,coursework,1.908002,7.513805,active,120,1,clear,24.000000
8,1103,3448071000,16,Day 1 22:31,suspended,coursework,1.908002,7.513805,active,0.290333,0.601277,0.887811,0.876700,0.567500,0.000000,0.583770,0.109000,0.000000,10,1,1,1,0,0,0,1,1,1,1,1,0,0,0,1,1,0.127469,0.000000,0.122537,0.000000,0.000000,0.000000,0.154447,0.175582,0.000000,0.168642,0.152875,0.000000,0.000000,0.000000,0.000000,0.098448,idle,1,10,1361,,none,,,0.000000,1.000000,0,suspended,coursework,1.908002,7.513805,active,120,1,clear,24.000000
8,1103,3448071000,17,Day 1 22:41,suspended,coursework,1.908002,7.513805,active,0.413667,0.605277,0.990364,0.823366,0.575833,0.006667,0.617383,0.099000,0.000000,10,1,1,1,0,0,0,1,1,1,1,1,0,0,0,1,1,0.134392,0.000000,0.126496,0.000000,0.000000,0.000000,0.149753,0.170903,0.000000,0.165646,0.156300,0.000000,0.000000,0.000000,0.000000,0.096509,turn_light_on,1,1,1362,light,none,,,0.000000,1.000000,0,suspended,coursework,1.908002,7.513805,active,120,1,clear,24.000000
8,1103,3448071000,18,Day 1 22:42,suspended,coursework,1.908002,7.513805,active,0.414000,0.605677,0.990364,0.843033,0.576667,0.007333,0.618051,0.098000,0.000000,13,1,1,1,1,1,1,1,1,1,1,0,1,0,0,1,1,0.081701,0.000000,0.076898,0.138037,0.149915,0.127269,0.090975,0.103838,0.000000,0.100736,0.000000,0.071985,0.000000,0.000000,0.000000,0.058647,rest_at_bed,1,60,1422,bed,none,,,0.000000,1.000000,0,suspended,coursework,1.908002,7.513805,active,120,1,clear,24.000000
8,1103,3448071000,19,Day 1 23:42,suspended,coursework,1.908002,7.513805,active,0.474000,0.397437,1.000000,0.873033,0.626667,0.047333,0.686667,0.000000,0.000000,13,1,1,1,1,1,1,1,1,1,1,0,1,0,0,1,1,0.112481,0.000000,0.102123,0.160192,0.174474,0.149785,0.093670,0.000000,0.000000,0.133014,0.000000,0.000000,0.000000,0.000000,0.000000,0.074260,use_computer,1,30,1452,computer,none,,,0.000000,1.000000,0,suspended,coursework,1.908002,7.513805,active,120,1,clear,24.000000
8,1103,3448071000,20,Day 2 00:12,suspended,coursework,1.908002,7.513805,active,0.324000,0.511559,1.000000,0.863033,0.651667,0.067333,0.735654,0.080000,0.000000,13,1,1,1,1,1,1,1,1,1,1,0,1,0,0,1,1,0.092579,0.000000,0.087529,0.147293,0.160273,0.135957,0.098343,0.000000,0.000000,0.127467,0.000000,0.082035,0.000000,0.000000,0.000000,0.068524,study_at_computer,1,35,1487,computer,none,,coursework,0.756856,1.082988,0,active,coursework,2.664858,7.513805,active,120,1,clear,24.000000
8,1103,3448071000,21,Day 2 00:47,active,coursework,2.664858,7.513805,active,0.355667,0.636753,0.887811,0.931366,0.680833,0.090667,0.709578,0.125000,0.000000,13,1,1,1,1,1,1,1,1,1,1,0,1,0,0,1,1,0.079484,0.000000,0.075878,0.131183,0.143674,0.115662,0.095269,0.111085,0.000000,0.113337,0.000000,0.074591,0.000000,0.000000,0.000000,0.059838,study_focused,1,35,1522,desk,none,,coursework,0.429607,0.941189,0,active,coursework,3.094465,7.513805,active,120,1,clear,24.000000
8,1103,3448071000,22,Day 2 01:22,active,coursework,3.094465,7.513805,active,0.387333,0.760753,0.775622,0.999700,0.710000,0.114000,0.677538,0.090000,0.000000,13,1,1,1,1,1,1,1,1,1,1,0,1,0,0,1,1,0.081340,0.000000,0.078274,0.116786,0.128740,0.110288,0.103465,0.125216,0.000000,0.117389,0.000000,0.077634,0.000000,0.000000,0.000000,0.060869,study_at_computer,1,35,1557,computer,none,,coursework,0.747345,1.069378,0,active,coursework,3.841809,7.513805,active,120,1,clear,24.000000
8,1103,3448071000,23,Day 2 01:57,active,coursework,3.841809,7.513805,active,0.419000,0.885947,0.663432,1.000000,0.739167,0.137333,0.639533,0.135000,0.000000,13,1,1,1,1,1,1,1,1,1,1,0,1,0,0,1,1,0.070499,0.000000,0.068501,0.089974,0.099186,0.091067,0.101299,0.127951,0.059967,0.105368,0.000000,0.071260,0.000000,0.000000,0.061268,0.053659,get_meal,1,35,1592,door,none,,,0.000000,1.000000,0,suspended,coursework,3.841809,7.513805,active,120,1,clear,24.000000
8,1103,3448071000,24,Day 2 02:32,suspended,coursework,3.841809,7.513805,active,0.390667,0.899947,0.663432,1.000000,0.218333,0.160667,0.645564,0.100000,0.000000,13,1,1,1,1,1,1,1,1,1,1,0,1,0,0,1,1,0.081609,0.000000,0.079761,0.090073,0.099296,0.090397,0.117486,0.148828,0.071646,0.075388,0.000000,0.082998,0.000000,0.000000,0.000000,0.062517,go_to_bathroom,1,15,1607,door,none,,,0.000000,1.000000,0,suspended,coursework,3.841809,7.513805,active,120,1,clear,24.000000
8,1103,3448071000,25,Day 2 02:47,suspended,coursework,3.841809,7.513805,active,0.395667,0.905947,0.663432,1.000000,0.230833,0.000000,0.648148,0.085000,0.000000,13,1,1,1,1,1,1,1,1,1,1,0,1,0,0,1,1,0.088138,0.000000,0.086102,0.096540,0.106425,0.099916,0.125650,0.159368,0.000000,0.081834,0.000000,0.088927,0.000000,0.000000,0.000000,0.067100,use_phone,1,25,1632,phone,none,,,0.000000,1.000000,0,suspended,coursework,3.841809,7.513805,active,120,1,clear,24.000000
8,1103,3448071000,26,Day 2 03:12,suspended,coursework,3.841809,7.513805,active,0.184000,0.998467,0.755986,1.000000,0.251667,0.016667,0.680937,0.180000,0.085000,13,1,1,1,1,1,1,1,1,1,1,0,1,0,0,1,1,0.067052,0.000000,0.068793,0.092036,0.101460,0.088982,0.126049,0.166699,0.000000,0.075144,0.000000,0.084179,0.000000,0.000000,0.070703,0.058902,close_curtain,1,1,1633,window,none,,,0.000000,1.000000,0,suspended,coursework,3.841809,7.513805,active,120,1,clear,24.000000
8,1103,3448071000,27,Day 2 03:13,suspended,coursework,3.841809,7.513805,active,0.184333,0.998867,0.755986,1.000000,0.252500,0.017333,0.681250,0.179000,0.084400,13,1,1,1,1,1,1,1,1,1,1,0,1,0,1,0,1,0.071981,0.000000,0.073848,0.098754,0.108866,0.098255,0.135225,0.178851,0.000000,0.080695,0.000000,0.090319,0.000000,0.000000,0.000000,0.063206,idle,1,10,1643,,none,,,0.000000,1.000000,0,suspended,coursework,3.841809,7.513805,active,120,1,clear,24.000000
8,1103,3448071000,28,Day 2 03:23,suspended,coursework,3.841809,7.513805,active,0.307667,1.000000,0.858539,0.946667,0.260833,0.024000,0.712860,0.169000,0.078400,13,1,1,1,1,1,1,1,1,1,1,0,1,0,1,0,1,0.074905,0.000000,0.075219,0.103540,0.113565,0.106352,0.129130,0.171248,0.000000,0.078207,0.000000,0.086696,0.000000,0.000000,0.000000,0.061137,turn_light_off,1,1,1644,light,none,,,0.000000,1.000000,0,suspended,coursework,3.841809,7.513805,active,120,1,clear,24.000000
8,1103,3448071000,29,Day 2 03:24,suspended,coursework,3.841809,7.513805,active,0.308000,1.000000,0.858539,0.966333,0.261667,0.024667,0.713328,0.168000,0.077800,10,1,1,1,0,0,0,1,1,1,1,1,0,0,1,0,1,0.109481,0.000000,0.109932,0.000000,0.000000,0.000000,0.188545,0.250036,0.000000,0.114340,0.138351,0.000000,0.000000,0.000000,0.000000,0.089316,use_computer,1,30,1674,computer,none,,,0.000000,1.000000,0,suspended,coursework,3.841809,7.513805,active,120,1,clear,24.000000
8,1103,3448071000,30,Day 2 03:54,suspended,coursework,3.841809,7.513805,active,0.158000,1.000000,0.931092,0.956333,0.286667,0.044667,0.755869,0.248000,0.059800,10,1,1,1,0,0,0,1,1,1,1,1,0,0,1,0,1,0.097276,0.000000,0.100399,0.000000,0.000000,0.000000,0.194554,0.260533,0.000000,0.116756,0.143027,0.000000,0.000000,0.000000,0.000000,0.087456,get_meal,1,35,1709,door,none,,,0.000000,1.000000,0,suspended,coursework,3.841809,7.513805,active,120,1,clear,24.000000
8,1103,3448071000,31,Day 2 04:29,suspended,coursework,3.841809,7.513805,active,0.129667,1.000000,0.931092,1.000000,0.000000,0.068000,0.776130,0.213000,0.038800,10,1,1,1,0,0,0,1,1,1,1,1,0,0,1,0,1,0.000000,0.000000,0.128758,0.000000,0.000000,0.000000,0.245724,0.328869,0.000000,0.000000,0.184423,0.000000,0.000000,0.000000,0.000000,0.112226,turn_light_on,1,1,1710,light,none,,,0.000000,1.000000,0,suspended,coursework,3.841809,7.513805,active,120,1,clear,24.000000
8,1103,3448071000,32,Day 2 04:30,suspended,coursework,3.841809,7.513805,active,0.130000,1.000000,0.931092,1.000000,0.000833,0.068667,0.776709,0.212000,0.038200,13,1,1,1,1,1,1,1,1,1,1,0,1,0,1,0,1,0.000000,0.000000,0.078774,0.127224,0.140251,0.133604,0.150191,0.201008,0.000000,0.000000,0.000000,0.100316,0.000000,0.000000,0.000000,0.068634,study_focused,1,35,1745,desk,none,,coursework,0.492980,1.080029,0,active,coursework,4.334790,7.513805,active,120,1,clear,24.000000
8,1103,3448071000,33,Day 2 05:05,active,coursework,4.334790,7.513805,active,0.161667,1.000000,0.818903,1.000000,0.030000,0.092000,0.746969,0.177000,0.017200,13,1,1,1,1,1,1,1,1,1,1,0,1,0,1,0,1,0.072794,0.000000,0.074982,0.125386,0.138224,0.110518,0.137736,0.183360,0.000000,0.000000,0.000000,0.092581,0.000000,0.000000,0.000000,0.064421,idle,1,10,1755,,none,,,0.000000,1.000000,0,active,coursework,4.334790,7.513805,active,120,1,clear,24.000000
8,1103,3448071000,34,Day 2 05:15,active,coursework,4.334790,7.513805,active,0.285000,1.000000,0.921456,0.946667,0.038333,0.098667,0.779535,0.167000,0.011200,13,1,1,1,1,1,1,1,1,1,1,0,1,0,1,0,1,0.075600,0.000000,0.076213,0.131245,0.143951,0.116042,0.131133,0.174986,0.000000,0.000000,0.000000,0.088647,0.000000,0.000000,0.000000,0.062181,idle,1,10,1765,,none,,,0.000000,1.000000,0,active,coursework,4.334790,7.513805,active,120,1,clear,24.000000
8,1103,3448071000,35,Day 2 05:25,active,coursework,4.334790,7.513805,active,0.408333,1.000000,1.000000,0.893333,0.046667,0.105333,0.813658,0.157000,0.005200,13,1,1,1,1,1,1,1,1,1,1,0,1,0,1,0,1,0.078880,0.000000,0.077824,0.135471,0.147834,0.121162,0.125407,0.167769,0.000000,0.000000,0.000000,0.085275,0.000000,0.000000,0.000000,0.060379,study_focused,1,35,1800,desk,none,,coursework,0.434789,0.952543,0,active,coursework,4.769579,7.513805,active,120,1,clear,24.000000
8,1103,3448071000,36,Day 2 06:00,active,coursework,4.769579,7.513805,active,0.440000,1.000000,0.887811,0.961667,0.075833,0.128667,0.787582,0.122000,0.000000,13,1,1,1,1,1,1,1,1,1,1,0,1,0,1,0,1,0.078248,0.000000,0.076728,0.118849,0.130541,0.112062,0.119079,0.158513,0.065764,0.000000,0.000000,0.081515,0.000000,0.000000,0.000000,0.058701,rest_at_bed,1,60,1860,bed,none,,,0.000000,1.000000,0,suspended,coursework,4.769579,7.513805,active,120,1,clear,24.000000
8,1103,3448071000,37,Day 2 07:00,suspended,coursework,4.769579,7.513805,active,0.500000,0.791760,0.940364,0.991667,0.125833,0.168667,0.846851,0.000000,0.000000,13,1,1,1,1,1,1,1,1,1,1,0,1,0,1,0,1,0.093046,0.000000,0.087971,0.122164,0.134566,0.111907,0.104074,0.128545,0.073855,0.000000,0.000000,0.080267,0.000000,0.000000,0.000000,0.063605,idle,1,10,1870,,none,,,0.000000,1.000000,0,suspended,coursework,4.769579,7.513805,active,120,1,clear,24.000000
8,1103,3448071000,38,Day 2 07:10,suspended,coursework,4.769579,7.513805,active,0.623333,0.795760,1.000000,0.938333,0.134167,0.175333,0.881262,0.000000,0.000000,13,1,1,1,1,1,1,1,1,1,1,0,1,0,1,0,1,0.090425,0.000000,0.083724,0.115995,0.127123,0.111389,0.093720,0.116296,0.066963,0.064181,0.000000,0.072404,0.000000,0.000000,0.000000,0.057780,sleep_at_bed,1,444,2314,bed,none,alarm-rings|task-reminder|room-temperature-shift,,0.000000,1.000000,0,suspended,coursework,4.769579,7.513805,active,120,1,clear,17.000000
8,1103,3448071000,39,Day 2 14:34,suspended,coursework,4.769579,7.513805,active,0.721333,0.540806,1.000000,0.810333,0.504167,0.471333,1.000000,0.000000,0.000000,14,1,1,1,1,1,1,1,1,1,1,0,1,1,1,0,1,0.083008,0.000000,0.073397,0.123184,0.133369,0.120731,0.064835,0.000000,0.074718,0.076305,0.000000,0.055988,0.089787,0.055734,0.000000,0.048945,study_halfhearted,1,35,2349,desk,none,,coursework,0.254117,0.927871,0,active,coursework,5.023695,7.513805,active,120,1,clear,17.000000
8,1103,3448071000,40,Day 2 15:09,active,coursework,5.023695,7.513805,active,0.783000,0.634806,0.940166,0.818667,0.533333,0.494667,1.000000,0.000000,0.000000,14,1,1,1,1,1,1,1,1,1,1,0,1,1,1,0,1,0.079561,0.000000,0.070353,0.107168,0.116121,0.104706,0.064657,0.076764,0.071262,0.073140,0.000000,0.053812,0.083733,0.052651,0.000000,0.046070,use_phone,1,25,2374,phone,none,,,0.000000,1.000000,0,active,coursework,5.023695,7.513805,active,120,1,clear,17.000000
8,1103,3448071000,41,Day 2 15:34,active,coursework,5.023695,7.513805,active,0.571333,0.727327,1.000000,0.850333,0.554167,0.511333,1.000000,0.095000,0.085000,14,1,1,1,1,1,1,1,1,1,1,0,1,1,1,0,1,0.070639,0.000000,0.065601,0.115482,0.125507,0.103921,0.075936,0.093709,0.076097,0.078382,0.000000,0.059450,0.087990,0.000000,0.000000,0.047286,turn_off_alarm,1,1,2375,alarm,none,,,0.000000,1.000000,0,active,coursework,5.023695,7.513805,active,120,1,clear,17.000000
8,1103,3448071000,42,Day 2 15:35,active,coursework,5.023695,7.513805,active,0.571667,0.727727,1.000000,0.880000,0.555000,0.512000,0.980684,0.094000,0.084400,13,1,1,1,1,1,1,1,1,1,1,0,1,0,1,0,1,0.077529,0.000000,0.071998,0.126213,0.137557,0.113784,0.083443,0.102791,0.083536,0.086057,0.000000,0.065214,0.000000,0.000000,0.000000,0.051877,turn_light_off,1,1,2376,light,none,,,0.000000,1.000000,0,active,coursework,5.023695,7.513805,active,120,1,clear,17.000000
8,1103,3448071000,43,Day 2 15:36,active,coursework,5.023695,7.513805,active,0.572000,0.728127,1.000000,0.899667,0.555833,0.512667,0.981367,0.093000,0.083800,10,1,1,1,0,0,0,1,1,1,1,1,0,0,1,0,1,0.120484,0.000000,0.111885,0.000000,0.000000,0.000000,0.129584,0.159652,0.129844,0.133781,0.134184,0.000000,0.000000,0.000000,0.000000,0.080586,use_phone,1,25,2401,phone,none,,,0.000000,1.000000,0,active,coursework,5.023695,7.513805,active,120,1,clear,17.000000
8,1103,3448071000,44,Day 2 16:01,active,coursework,5.023695,7.513805,active,0.360333,0.820647,1.000000,0.931333,0.576667,0.529333,1.000000,0.188000,0.168800,10,1,1,1,0,0,0,1,1,1,1,1,0,0,1,0,1,0.091815,0.086416,0.089545,0.000000,0.000000,0.000000,0.130391,0.167278,0.119005,0.123053,0.121263,0.000000,0.000000,0.000000,0.000000,0.071235,sleep_at_bed,1,480,2881,bed,none,weather-clear|message-study-group|evening,,0.000000,1.000000,0,suspended,coursework,5.023695,7.513805,active,120,2,clear,17.000000
8,1103,3448071000,45,Day 3 00:01,suspended,coursework,5.023695,7.513805,active,0.440333,0.547683,1.000000,0.851333,0.976667,0.849333,1.000000,0.000000,0.000000,10,1,1,1,0,0,0,1,1,1,1,1,0,0,1,0,1,0.125761,0.000000,0.116835,0.000000,0.000000,0.000000,0.117534,0.000000,0.193923,0.214755,0.145227,0.000000,0.000000,0.000000,0.000000,0.085965,use_computer,1,30,2911,computer,none,,,0.000000,1.000000,0,suspended,coursework,5.023695,7.513805,active,120,2,clear,17.000000
8,1103,3448071000,46,Day 3 00:31,suspended,coursework,5.023695,7.513805,active,0.290333,0.661806,1.000000,0.841333,1.000000,0.869333,1.000000,0.080000,0.000000,10,1,1,1,0,0,0,1,1,1,1,1,0,0,1,0,1,0.095593,0.000000,0.092480,0.000000,0.000000,0.000000,0.114492,0.137986,0.170890,0.189763,0.125538,0.000000,0.000000,0.000000,0.000000,0.073258,get_meal,1,35,2946,door,none,,,0.000000,1.000000,0,suspended,coursework,5.023695,7.513805,active,120,2,clear,17.000000
8,1103,3448071000,47,Day 3 01:06,suspended,coursework,5.023695,7.513805,active,0.262000,0.675806,1.000000,0.962011,0.479167,0.892667,1.000000,0.045000,0.000000,10,1,1,1,0,0,0,1,1,1,1,1,0,0,1,0,1,0.102116,0.000000,0.099369,0.000000,0.000000,0.000000,0.122608,0.148111,0.188409,0.125289,0.135335,0.000000,0.000000,0.000000,0.000000,0.078762,sleep_at_bed,1,480,3426,bed,none,alarm-rings,,0.000000,1.000000,0,suspended,coursework,5.023695,7.513805,active,120,2,clear,17.000000
8,1103,3448071000,48,Day 3 09:06,suspended,coursework,5.023695,7.513805,active,0.372000,0.402842,1.000000,0.882011,0.879167,1.000000,1.000000,0.000000,0.000000,11,1,1,1,0,0,0,1,1,1,1,1,0,1,1,0,1,0.106156,0.000000,0.098159,0.000000,0.000000,0.000000,0.091803,0.000000,0.194162,0.169687,0.125781,0.000000,0.140281,0.000000,0.000000,0.073972,turn_light_on,1,1,3427,light,none,,,0.000000,1.000000,0,suspended,coursework,5.023695,7.513805,active,120,2,clear,17.000000
8,1103,3448071000,49,Day 3 09:07,suspended,coursework,5.023695,7.513805,active,0.372333,0.403242,1.000000,0.901678,0.880000,1.000000,1.000000,0.000000,0.000000,14,1,1,1,1,1,1,1,1,1,1,0,1,1,1,0,1,0.076586,0.000000,0.070816,0.123194,0.134543,0.111519,0.066239,0.000000,0.140056,0.122497,0.000000,0.000000,0.101190,0.000000,0.000000,0.053360,study_focused,1,35,3462,desk,none,,coursework,0.413198,0.905241,0,active,coursework,5.436894,7.513805,active,120,2,clear,17.000000
8,1103,3448071000,50,Day 3 09:42,active,coursework,5.436894,7.513805,active,0.404000,0.527242,0.887811,0.970011,0.909167,1.000000,0.973924,0.000000,0.000000,14,1,1,1,1,1,1,1,1,1,1,0,1,1,1,0,1,0.075658,0.000000,0.070566,0.124654,0.137026,0.107770,0.071278,0.000000,0.137609,0.123708,0.000000,0.000000,0.098807,0.000000,0.000000,0.052924,study_at_computer,1,35,3497,computer,none,,coursework,0.675248,0.966215,0,active,coursework,6.112142,7.513805,active,120,2,clear,17.000000
8,1103,3448071000,51,Day 3 10:17,active,coursework,6.112142,7.513805,active,0.435667,0.652436,0.775622,1.000000,0.938333,1.000000,0.941884,0.045000,0.000000,14,1,1,1,1,1,1,1,1,1,1,0,1,1,1,0,1,0.066134,0.000000,0.062283,0.096965,0.106894,0.089804,0.070343,0.083828,0.121200,0.111988,0.000000,0.057143,0.086364,0.000000,0.000000,0.047054,sleep_at_bed,1,480,3977,bed,none,message-study-group|weather-rain|room-temperature-shift|task-reminder,,0.000000,1.000000,0,suspended,coursework,6.112142,7.513805,active,120,3,rain,24.000000
8,1103,3448071000,52,Day 3 18:17,suspended,coursework,6.112142,7.513805,active,0.515667,0.379472,0.938175,0.920000,1.000000,1.000000,1.000000,0.000000,0.000000,14,1,1,1,1,1,1,1,1,1,1,0,1,1,1,0,1,0.083384,0.000000,0.075008,0.117265,0.128292,0.101371,0.064717,0.000000,0.139178,0.136287,0.000000,0.000000,0.100555,0.000000,0.000000,0.053943,idle,1,10,3987,,none,,,0.000000,1.000000,0,suspended,coursework,6.112142,7.513805,active,120,3,rain,24.000000
8,1103,3448071000,53,Day 3 18:27,suspended,coursework,6.112142,7.513805,active,0.639000,0.383472,1.000000,0.866667,1.000000,1.000000,1.000000,0.000000,0.000000,14,1,1,1,1,1,1,1,1,1,1,0,1,1,1,0,1,0.082188,0.000000,0.072404,0.112384,0.122330,0.102067,0.059302,0.000000,0.127168,0.124526,0.000000,0.000000,0.091878,0.056058,0.000000,0.049694,get_meal,1,35,4022,door,none,,,0.000000,1.000000,0,suspended,coursework,6.112142,7.513805,active,120,3,rain,24.000000
8,1103,3448071000,54,Day 3 19:02,suspended,coursework,6.112142,7.513805,active,0.610667,0.397472,1.000000,0.987344,0.479167,1.000000,1.000000,0.000000,0.000000,14,1,1,1,1,1,1,1,1,1,1,0,1,1,1,0,1,0.089983,0.000000,0.079788,0.125001,0.137634,0.115884,0.066843,0.000000,0.141916,0.085110,0.000000,0.000000,0.102533,0.000000,0.000000,0.055308,study_halfhearted,1,35,4057,desk,none,evening,coursework,0.261024,0.953091,0,active,coursework,6.373165,7.513805,active,120,3,rain,24.000000
8,1103,3448071000,55,Day 3 19:37,active,coursework,6.373165,7.513805,active,0.672333,0.491472,0.940166,0.995678,0.508333,1.000000,1.000000,0.000000,0.000000,14,1,1,1,1,1,1,1,1,1,1,0,1,1,1,0,1,0.083498,0.000000,0.074041,0.122590,0.135086,0.113293,0.064535,0.000000,0.128128,0.078981,0.000000,0.000000,0.092572,0.056877,0.000000,0.050400,study_focused,1,35,4092,desk,none,,coursework,0.456516,1.000142,0,active,coursework,6.829681,7.513805,active,120,3,rain,24.000000
8,1103,3448071000,56,Day 3 20:12,active,coursework,6.829681,7.513805,active,0.704000,0.615472,0.827977,1.000000,0.537500,1.000000,0.970743,0.000000,0.000000,14,1,1,1,1,1,1,1,1,1,1,0,1,1,1,0,1,0.075196,0.000000,0.067260,0.097058,0.106996,0.096051,0.063327,0.074477,0.114765,0.072713,0.000000,0.052959,0.082342,0.051284,0.000000,0.045571,study_focused,1,35,4127,desk,none,,coursework,0.460358,1.008560,0,active,coursework,7.290039,7.513805,active,120,3,rain,24.000000
8,1103,3448071000,57,Day 3 20:47,active,coursework,7.290039,7.513805,active,0.735667,0.739472,0.715787,1.000000,0.566667,1.000000,0.935522,0.000000,0.000000,14,1,1,1,1,1,1,1,1,1,1,0,1,1,1,0,1,0.076133,0.000000,0.068691,0.086292,0.095127,0.091492,0.069901,0.085512,0.115566,0.075258,0.000000,0.055494,0.082225,0.051985,0.000000,0.046323,study_halfhearted,1,35,4162,desk,none,task-completed,coursework,0.298858,1.091237,0,none,,7.513805,7.513805,completed,120,3,rain,24.000000
8,1103,3448071000,58,Day 3 21:22,none,,7.513805,7.513805,completed,0.797333,0.833472,0.020215,1.000000,0.595833,1.000000,0.374336,0.000000,0.000000,11,1,1,1,0,0,0,1,1,1,1,0,1,1,1,0,1,0.104979,0.000000,0.094723,0.000000,0.000000,0.000000,0.105784,0.126725,0.155047,0.103779,0.000000,0.076733,0.096534,0.070650,0.000000,0.065046,use_phone,1,25,4187,phone,none,,,0.000000,1.000000,0,none,,7.513805,7.513805,completed,120,3,rain,24.000000
8,1103,3448071000,59,Day 3 21:47,none,,7.513805,7.513805,completed,0.585667,0.925993,0.020215,1.000000,0.616667,1.000000,0.374336,0.095000,0.085000,11,1,1,1,0,0,0,1,1,1,1,0,1,1,1,0,1,0.094356,0.000000,0.089415,0.000000,0.000000,0.000000,0.125768,0.156606,0.164940,0.112588,0.000000,0.085818,0.102694,0.000000,0.000000,0.067817,turn_light_off,1,1,4188,light,none,,,0.000000,1.000000,0,none,,7.513805,7.513805,completed,120,3,rain,24.000000
8,1103,3448071000,60,Day 3 21:48,none,,7.513805,7.513805,completed,0.586000,0.926393,0.020215,1.000000,0.617500,1.000000,0.374336,0.094000,0.084400,11,1,1,1,0,0,0,1,1,1,1,1,0,1,1,0,1,0.103245,0.000000,0.097835,0.000000,0.000000,0.000000,0.137529,0.171263,0.180398,0.123236,0.000000,0.000000,0.112318,0.000000,0.000000,0.074175,sleep_at_bed,1,480,4668,bed,none,,,0.000000,1.000000,0,none,,7.513805,7.513805,completed,120,3,rain,24.000000
8,1103,3448071000,61,Day 4 05:48,none,,7.513805,7.513805,completed,0.666000,0.653429,0.020215,0.920000,1.000000,1.000000,0.374336,0.000000,0.000000,11,1,1,1,0,0,0,1,1,1,1,1,0,1,1,0,1,0.107125,0.000000,0.096871,0.000000,0.000000,0.000000,0.100871,0.113565,0.168109,0.164617,0.000000,0.000000,0.104667,0.074526,0.000000,0.069650,use_phone,1,25,4693,phone,none,,,0.000000,1.000000,0,none,,7.513805,7.513805,completed,120,3,rain,24.000000
8,1103,3448071000,62,Day 4 06:13,none,,7.513805,7.513805,completed,0.454333,0.745949,0.020215,0.951667,1.000000,1.000000,0.374336,0.095000,0.085000,11,1,1,1,0,0,0,1,1,1,1,1,0,1,1,0,1,0.097660,0.000000,0.092748,0.000000,0.000000,0.000000,0.121640,0.142349,0.181390,0.177622,0.000000,0.000000,0.112936,0.000000,0.000000,0.073655,get_meal,1,35,4728,door,none,,,0.000000,1.000000,0,none,,7.513805,7.513805,completed,120,3,rain,24.000000
8,1103,3448071000,63,Day 4 06:48,none,,7.513805,7.513805,completed,0.426000,0.759949,0.020215,1.000000,0.479167,1.000000,0.374336,0.060000,0.064000,11,1,1,1,0,0,0,1,1,1,1,1,0,1,1,0,1,0.104242,0.000000,0.099578,0.000000,0.000000,0.000000,0.130159,0.152673,0.195390,0.117180,0.000000,0.000000,0.121652,0.000000,0.000000,0.079126,sleep_at_bed,1,480,5208,bed,none,room-temperature-shift|weather-rain,,0.000000,1.000000,0,none,,7.513805,7.513805,completed,120,3,rain,24.000000
8,1103,3448071000,64,Day 4 14:48,none,,7.513805,7.513805,completed,0.506000,0.486986,0.020215,0.920000,0.879167,1.000000,0.374336,0.000000,0.000000,11,1,1,1,0,0,0,1,1,1,1,1,0,1,1,0,1,0.128943,0.000000,0.117619,0.000000,0.000000,0.000000,0.116793,0.000000,0.219184,0.191554,0.000000,0.000000,0.136467,0.000000,0.000000,0.089440,rest_at_bed,1,60,5268,bed,none,message-study-group,,0.000000,1.000000,0,none,,7.513805,7.513805,completed,120,4,rain,24.000000
8,1103,3448071000,65,Day 4 15:48,none,,7.513805,7.513805,completed,0.566000,0.278746,0.020215,0.950000,0.929167,1.000000,0.374336,0.000000,0.000000,11,1,1,1,0,0,0,1,1,1,1,1,0,1,1,0,1,0.136367,0.000000,0.120215,0.000000,0.000000,0.000000,0.100179,0.000000,0.218116,0.199808,0.000000,0.000000,0.135802,0.000000,0.000000,0.089513,use_phone,1,25,5293,phone,none,,,0.000000,1.000000,0,none,,7.513805,7.513805,completed,120,4,rain,24.000000
8,1103,3448071000,66,Day 4 16:13,none,,7.513805,7.513805,completed,0.354333,0.371266,0.020215,0.981667,0.950000,1.000000,0.374336,0.095000,0.085000,11,1,1,1,0,0,0,1,1,1,1,1,0,1,1,0,1,0.117657,0.000000,0.108930,0.000000,0.000000,0.000000,0.114331,0.000000,0.222736,0.208081,0.000000,0.000000,0.138678,0.000000,0.000000,0.089587,get_meal,1,35,5328,door,none,,,0.000000,1.000000,0,none,,7.513805,7.513805,completed,120,4,rain,24.000000
8,1103,3448071000,67,Day 4 16:48,none,,7.513805,7.513805,completed,0.326000,0.385266,0.020215,1.000000,0.429167,1.000000,0.374336,0.060000,0.064000,11,1,1,1,0,0,0,1,1,1,1,1,0,1,1,0,1,0.127150,0.000000,0.118408,0.000000,0.000000,0.000000,0.123862,0.000000,0.242914,0.138984,0.000000,0.000000,0.151242,0.000000,0.000000,0.097440,use_phone,1,25,5353,phone,none,,,0.000000,1.000000,0,none,,7.513805,7.513805,completed,120,4,rain,24.000000
8,1103,3448071000,68,Day 4 17:13,none,,7.513805,7.513805,completed,0.114333,0.477786,0.020215,1.000000,0.450000,1.000000,0.374336,0.155000,0.149000,11,1,1,1,0,0,0,1,1,1,1,1,0,1,1,0,1,0.098486,0.099460,0.096322,0.000000,0.000000,0.000000,0.126904,0.000000,0.222692,0.129937,0.000000,0.000000,0.138651,0.000000,0.000000,0.087548,shop_on_phone,1,20,5373,phone,none,,,0.000000,1.000000,0,none,,7.513805,7.513805,completed,90,4,rain,24.000000
8,1103,3448071000,69,Day 4 17:33,none,,7.513805,7.513805,completed,0.121000,0.487378,0.020215,1.000000,0.466667,1.000000,0.374336,0.215000,0.000000,11,1,1,1,0,0,0,1,1,1,1,1,0,1,1,0,1,0.107349,0.000000,0.105104,0.000000,0.000000,0.000000,0.145340,0.000000,0.246178,0.145912,0.000000,0.000000,0.153274,0.000000,0.000000,0.096842,rest_at_bed,1,60,5433,bed,none,,,0.000000,1.000000,0,none,,7.513805,7.513805,completed,90,4,rain,24.000000
8,1103,3448071000,70,Day 4 18:33,none,,7.513805,7.513805,completed,0.181000,0.279138,0.020215,1.000000,0.516667,1.000000,0.374336,0.015000,0.000000,11,1,1,1,0,0,0,1,1,1,1,1,0,1,1,0,1,0.120986,0.000000,0.114044,0.000000,0.000000,0.000000,0.114098,0.000000,0.246587,0.153198,0.000000,0.000000,0.153528,0.000000,0.000000,0.097558,get_meal,1,35,5468,door,none,,,0.000000,1.000000,0,none,,7.513805,7.513805,completed,90,4,rain,24.000000
8,1103,3448071000,71,Day 4 19:08,none,,7.513805,7.513805,completed,0.152667,0.293138,0.020215,1.000000,0.000000,1.000000,0.374336,0.000000,0.000000,11,1,1,1,0,0,0,1,1,1,1,1,0,1,1,0,1,0.141220,0.000000,0.133947,0.000000,0.000000,0.000000,0.135557,0.000000,0.292128,0.000000,0.000000,0.000000,0.181883,0.000000,0.000000,0.115265,use_computer,1,30,5498,computer,none,evening,,0.000000,1.000000,0,none,,7.513805,7.513805,completed,90,4,rain,24.000000
8,1103,3448071000,72,Day 4 19:38,none,,7.513805,7.513805,completed,0.002667,0.407260,0.020215,0.990000,0.025000,1.000000,0.374336,0.080000,0.000000,11,1,1,1,0,0,0,1,1,1,1,1,0,1,1,0,1,0.143629,0.000000,0.000000,0.000000,0.000000,0.000000,0.176684,0.000000,0.337885,0.000000,0.000000,0.000000,0.210372,0.000000,0.000000,0.131430,go_to_bathroom,1,15,5513,door,none,,,0.000000,1.000000,0,none,,7.513805,7.513805,completed,90,4,rain,24.000000
8,1103,3448071000,73,Day 4 19:53,none,,7.513805,7.513805,completed,0.007667,0.413260,0.020215,1.000000,0.037500,0.390000,0.374336,0.065000,0.000000,11,1,1,1,0,0,0,1,1,1,1,1,0,1,1,0,1,0.145576,0.000000,0.143721,0.000000,0.000000,0.000000,0.177379,0.000000,0.189133,0.000000,0.000000,0.000000,0.211803,0.000000,0.000000,0.132388,use_computer,1,30,5543,computer,none,,,0.000000,1.000000,0,none,,7.513805,7.513805,completed,90,4,rain,24.000000
8,1103,3448071000,74,Day 4 20:23,none,,7.513805,7.513805,completed,0.000000,0.527382,0.020215,0.990000,0.062500,0.410000,0.374336,0.145000,0.000000,11,1,1,1,0,0,0,1,1,1,1,1,0,1,1,0,1,0.000000,0.000000,0.000000,0.000000,0.000000,0.000000,0.271295,0.000000,0.261687,0.000000,0.000000,0.000000,0.287467,0.000000,0.000000,0.179551,turn_off_alarm,1,1,5544,alarm,none,,,0.000000,1.000000,0,none,,7.513805,7.513805,completed,90,4,rain,24.000000
8,1103,3448071000,75,Day 4 20:24,none,,7.513805,7.513805,completed,0.000333,0.527782,0.020215,1.000000,0.063333,0.410667,0.354336,0.144000,0.000000,10,1,1,1,0,0,0,1,1,1,1,1,0,0,1,0,1,0.000000,0.000000,0.000000,0.000000,0.000000,0.000000,0.381058,0.000000,0.367170,0.000000,0.000000,0.000000,0.000000,0.000000,0.000000,0.251772,rest_at_bed,1,60,5604,bed,none,,,0.000000,1.000000,0,none,,7.513805,7.513805,completed,90,4,rain,24.000000
8,1103,3448071000,76,Day 4 21:24,none,,7.513805,7.513805,completed,0.060333,0.319542,0.020215,1.000000,0.113333,0.450667,0.354336,0.000000,0.000000,10,1,1,1,0,0,0,1,1,1,1,1,0,0,1,0,1,0.193748,0.000000,0.187294,0.000000,0.000000,0.000000,0.201637,0.000000,0.250856,0.000000,0.000000,0.000000,0.000000,0.000000,0.000000,0.166466,idle,1,10,5614,,none,,,0.000000,1.000000,0,none,,7.513805,7.513805,completed,90,4,rain,24.000000
8,1103,3448071000,77,Day 4 21:34,none,,7.513805,7.513805,completed,0.183667,0.323542,0.020215,0.946667,0.121667,0.457333,0.354336,0.000000,0.000000,10,1,1,1,0,0,0,1,1,1,1,1,0,0,1,0,1,0.202920,0.000000,0.192105,0.000000,0.000000,0.000000,0.196327,0.000000,0.245121,0.000000,0.000000,0.000000,0.000000,0.000000,0.000000,0.163527,use_computer,1,30,5644,computer,none,,,0.000000,1.000000,0,none,,7.513805,7.513805,completed,90,4,rain,24.000000
8,1103,3448071000,78,Day 4 22:04,none,,7.513805,7.513805,completed,0.033667,0.437665,0.020215,0.936667,0.146667,0.477333,0.354336,0.080000,0.000000,10,1,1,1,0,0,0,1,1,1,1,1,0,0,1,0,1,0.152782,0.000000,0.150619,0.000000,0.000000,0.000000,0.189434,0.000000,0.213962,0.155167,0.000000,0.000000,0.000000,0.000000,0.000000,0.138035,idle,1,10,5654,,none,,,0.000000,1.000000,0,none,,7.513805,7.513805,completed,90,4,rain,24.000000
8,1103,3448071000,79,Day 4 22:14,none,,7.513805,7.513805,completed,0.157000,0.441665,0.020215,0.883333,0.155000,0.484000,0.354336,0.070000,0.000000,10,1,1,1,0,0,0,1,1,1,1,1,0,0,1,0,1,0.161206,0.000000,0.155608,0.000000,0.000000,0.000000,0.184409,0.000000,0.210027,0.152531,0.000000,0.000000,0.000000,0.000000,0.000000,0.136219,use_phone,1,25,5679,phone,none,,,0.000000,1.000000,0,none,,7.513805,7.513805,completed,90,4,rain,24.000000
8,1103,3448071000,80,Day 4 22:39,none,,7.513805,7.513805,completed,0.000000,0.534185,0.020215,0.915000,0.175833,0.500667,0.354336,0.165000,0.085000,10,1,1,1,0,0,0,1,1,1,1,1,0,0,1,0,1,0.000000,0.000000,0.000000,0.000000,0.000000,0.000000,0.220621,0.240744,0.228463,0.166514,0.000000,0.000000,0.000000,0.000000,0.000000,0.143657,sleep_at_bed,1,480,6159,bed,none,,,0.000000,1.000000,0,none,,7.513805,7.513805,completed,90,4,rain,24.000000
8,1103,3448071000,81,Day 5 06:39,none,,7.513805,7.513805,completed,0.080000,0.261221,0.020215,0.835000,0.575833,0.820667,0.354336,0.000000,0.000000,10,1,1,1,0,0,0,1,1,1,1,1,0,0,1,0,1,0.142621,0.000000,0.136490,0.000000,0.000000,0.000000,0.139725,0.000000,0.258725,0.201959,0.000000,0.000000,0.000000,0.000000,0.000000,0.120479,go_to_bathroom,1,15,6174,door,none,,,0.000000,1.000000,0,none,,7.513805,7.513805,completed,90,4,rain,24.000000
8,1103,3448071000,82,Day 5 06:54,none,,7.513805,7.513805,completed,0.085000,0.267221,0.020215,0.922344,0.588333,0.210667,0.354336,0.000000,0.000000,10,1,1,1,0,0,0,1,1,1,1,1,0,0,1,0,1,0.160849,0.000000,0.153906,0.000000,0.000000,0.000000,0.157879,0.000000,0.161839,0.229912,0.000000,0.000000,0.000000,0.000000,0.000000,0.135615,use_computer,1,30,6204,computer,none,alarm-rings,,0.000000,1.000000,0,none,,7.513805,7.513805,completed,90,4,rain,24.000000
8,1103,3448071000,83,Day 5 07:24,none,,7.513805,7.513805,completed,0.000000,0.381344,0.020215,0.912344,0.613333,0.230667,0.397120,0.080000,0.000000,11,1,1,1,0,0,0,1,1,1,1,1,0,1,1,0,1,0.136856,0.000000,0.000000,0.000000,0.000000,0.000000,0.164694,0.000000,0.153349,0.218788,0.000000,0.000000,0.201276,0.000000,0.000000,0.125037,idle,1,10,6214,,none,,,0.000000,1.000000,0,none,,7.513805,7.513805,completed,90,4,rain,24.000000
8,1103,3448071000,84,Day 5 07:34,none,,7.513805,7.513805,completed,0.123333,0.385344,0.020215,0.859011,0.621667,0.237333,0.397120,0.070000,0.000000,11,1,1,1,0,0,0,1,1,1,1,1,0,1,1,0,1,0.127865,0.000000,0.123350,0.000000,0.000000,0.000000,0.141965,0.000000,0.133290,0.190441,0.000000,0.000000,0.173829,0.000000,0.000000,0.109260,go_to_bathroom,1,15,6229,door,none,,,0.000000,1.000000,0,none,,7.513805,7.513805,completed,90,4,rain,24.000000
8,1103,3448071000,85,Day 5 07:49,none,,7.513805,7.513805,completed,0.128333,0.391344,0.020215,0.946355,0.634167,0.000000,0.397120,0.055000,0.000000,11,1,1,1,0,0,0,1,1,1,1,1,0,1,1,0,1,0.147916,0.000000,0.142628,0.000000,0.000000,0.000000,0.162669,0.000000,0.000000,0.221428,0.000000,0.000000,0.199748,0.000000,0.000000,0.125612,use_phone,1,25,6254,phone,none,,,0.000000,1.000000,0,none,,7.513805,7.513805,completed,90,4,rain,24.000000
8,1103,3448071000,86,Day 5 08:14,none,,7.513805,7.513805,completed,0.000000,0.483864,0.020215,0.978022,0.655000,0.016667,0.397120,0.150000,0.085000,11,1,1,1,0,0,0,1,1,1,1,1,0,1,1,0,1,0.000000,0.000000,0.000000,0.000000,0.000000,0.000000,0.248547,0.000000,0.000000,0.308721,0.000000,0.000000,0.273086,0.000000,0.000000,0.169647,turn_off_alarm,1,1,6255,alarm,none,,,0.000000,1.000000,0,none,,7.513805,7.513805,completed,90,4,rain,24.000000
8,1103,3448071000,87,Day 5 08:15,none,,7.513805,7.513805,completed,0.000333,0.484264,0.020215,1.000000,0.655833,0.017333,0.377120,0.149000,0.084400,10,1,1,1,0,0,0,1,1,1,1,1,0,0,1,0,1,0.000000,0.000000,0.000000,0.000000,0.000000,0.000000,0.342189,0.000000,0.000000,0.424640,0.000000,0.000000,0.000000,0.000000,0.000000,0.233171,idle,1,10,6265,,none,,,0.000000,1.000000,0,none,,7.513805,7.513805,completed,90,4,rain,24.000000
8,1103,3448071000,88,Day 5 08:25,none,,7.513805,7.513805,completed,0.123667,0.488264,0.020215,0.946667,0.664167,0.024000,0.377120,0.139000,0.078400,10,1,1,1,0,0,0,1,1,1,1,1,0,0,1,0,1,0.174379,0.000000,0.170424,0.000000,0.000000,0.000000,0.222564,0.000000,0.000000,0.278896,0.000000,0.000000,0.000000,0.000000,0.000000,0.153738,use_computer,1,30,6295,computer,none,,,0.000000,1.000000,0,none,,7.513805,7.513805,completed,90,4,rain,24.000000
8,1103,3448071000,89,Day 5 08:55,none,,7.513805,7.513805,completed,0.000000,0.602386,0.020215,0.936667,0.689167,0.044000,0.377120,0.219000,0.060400,10,1,1,1,0,0,0,1,1,1,1,1,0,0,1,0,1,0.000000,0.000000,0.000000,0.000000,0.000000,0.000000,0.258517,0.290553,0.000000,0.294317,0.000000,0.000000,0.000000,0.000000,0.000000,0.156613,idle,1,10,6305,,none,,,0.000000,1.000000,0,none,,7.513805,7.513805,completed,90,4,rain,24.000000
8,1103,3448071000,90,Day 5 09:05,none,,7.513805,7.513805,completed,0.123333,0.606386,0.020215,0.883333,0.697500,0.050667,0.377120,0.209000,0.054400,10,1,1,1,0,0,0,1,1,1,1,1,0,0,1,0,1,0.128781,0.000000,0.127747,0.000000,0.000000,0.000000,0.191201,0.215038,0.000000,0.219811,0.000000,0.000000,0.000000,0.000000,0.000000,0.117422,use_phone,1,25,6330,phone,none,,,0.000000,1.000000,0,none,,7.513805,7.513805,completed,90,4,rain,24.000000
8,1103,3448071000,91,Day 5 09:30,none,,7.513805,7.513805,completed,0.000000,0.698906,0.020215,0.915000,0.718333,0.067333,0.377120,0.304000,0.139400,10,1,1,1,0,0,0,1,1,1,1,1,0,0,1,0,1,0.000000,0.000000,0.000000,0.000000,0.000000,0.000000,0.265876,0.310816,0.000000,0.278912,0.000000,0.000000,0.000000,0.000000,0.000000,0.144396,get_meal,1,35,6365,door,none,,,0.000000,1.000000,0,none,,7.513805,7.513805,completed,90,4,rain,24.000000
8,1103,3448071000,92,Day 5 10:05,none,,7.513805,7.513805,completed,0.000000,0.712906,0.020215,1.000000,0.197500,0.090667,0.377120,0.269000,0.118400,10,1,1,1,0,0,0,1,1,1,1,1,0,0,1,0,1,0.000000,0.000000,0.000000,0.000000,0.000000,0.000000,0.297155,0.348192,0.000000,0.192191,0.000000,0.000000,0.000000,0.000000,0.000000,0.162462,rest_at_bed,1,60,6425,bed,none,,,0.000000,1.000000,0,none,,7.513805,7.513805,completed,90,4,rain,24.000000
8,1103,3448071000,93,Day 5 11:05,none,,7.513805,7.513805,completed,0.060000,0.504666,0.020215,1.000000,0.247500,0.130667,0.377120,0.069000,0.082400,10,1,1,1,0,0,0,1,1,1,1,1,0,0,1,0,1,0.159876,0.000000,0.158068,0.000000,0.000000,0.000000,0.203987,0.000000,0.158507,0.176450,0.000000,0.000000,0.000000,0.000000,0.000000,0.143112,use_phone,1,25,6450,phone,none,,,0.000000,1.000000,0,none,,7.513805,7.513805,completed,90,4,rain,24.000000
8,1103,3448071000,94,Day 5 11:30,none,,7.513805,7.513805,completed,0.000000,0.597186,0.020215,1.000000,0.268333,0.147333,0.377120,0.164000,0.167400,10,1,1,1,0,0,0,1,1,1,1,1,0,0,1,0,1,0.000000,0.145879,0.000000,0.000000,0.000000,0.000000,0.201561,0.225248,0.142407,0.159095,0.000000,0.000000,0.000000,0.000000,0.000000,0.125810,idle,1,10,6460,,none,,,0.000000,1.000000,0,none,,7.513805,7.513805,completed,90,4,rain,24.000000
8,1103,3448071000,95,Day 5 11:40,none,,7.513805,7.513805,completed,0.123333,0.601186,0.020215,0.946667,0.276667,0.154000,0.377120,0.154000,0.161400,10,1,1,1,0,0,0,1,1,1,1,1,0,0,1,0,1,0.110365,0.113708,0.109299,0.000000,0.000000,0.000000,0.156468,0.174972,0.111471,0.124712,0.000000,0.000000,0.000000,0.000000,0.000000,0.099004,use_phone,1,25,6485,phone,none,,,0.000000,1.000000,0,none,,7.513805,7.513805,completed,90,4,rain,24.000000
8,1103,3448071000,96,Day 5 12:05,none,,7.513805,7.513805,completed,0.000000,0.693707,0.020215,0.978333,0.297500,0.170667,0.377120,0.249000,0.246400,10,1,1,1,0,0,0,1,1,1,1,1,0,0,1,0,1,0.000000,0.145360,0.000000,0.000000,0.000000,0.000000,0.208602,0.242471,0.135125,0.151716,0.000000,0.000000,0.000000,0.000000,0.000000,0.116726,go_to_bathroom,1,15,6500,door,none,,,0.000000,1.000000,0,none,,7.513805,7.513805,completed,90,4,rain,24.000000
8,1103,3448071000,97,Day 5 12:20,none,,7.513805,7.513805,completed,0.005000,0.699707,0.020215,1.000000,0.310000,0.000000,0.377120,0.234000,0.237400,10,1,1,1,0,0,0,1,1,1,1,1,0,0,1,0,1,0.000000,0.166824,0.000000,0.000000,0.000000,0.000000,0.240597,0.279940,0.000000,0.177563,0.000000,0.000000,0.000000,0.000000,0.000000,0.135077,sleep_at_bed,1,480,6980,bed,none,room-temperature-shift|message-study-group|weather-rain|evening,,0.000000,1.000000,0,none,,7.513805,7.513805,completed,90,5,rain,24.000000
8,1103,3448071000,98,Day 5 20:20,none,,7.513805,7.513805,completed,0.085000,0.426743,0.020215,0.920000,0.710000,0.320000,0.377120,0.000000,0.000000,10,1,1,1,0,0,0,1,1,1,1,1,0,0,1,0,1,0.148781,0.000000,0.144976,0.000000,0.000000,0.000000,0.166282,0.000000,0.169362,0.242852,0.000000,0.000000,0.000000,0.000000,0.000000,0.127746,get_meal,1,35,7015,door,none,,,0.000000,1.000000,0,none,,7.513805,7.513805,completed,90,5,rain,24.000000
8,1103,3448071000,99,Day 5 20:55,none,,7.513805,7.513805,completed,0.056667,0.440743,0.020215,1.000000,0.189167,0.343333,0.377120,0.000000,0.000000,10,1,1,1,0,0,0,1,1,1,1,1,0,0,1,0,1,0.161034,0.000000,0.157939,0.000000,0.000000,0.000000,0.185291,0.000000,0.191091,0.164090,0.000000,0.000000,0.000000,0.000000,0.000000,0.140555,go_to_bathroom,1,15,7030,door,none,,,0.000000,1.000000,0,none,,7.513805,7.513805,completed,90,5,rain,24.000000
8,1103,3448071000,100,Day 5 21:10,none,,7.513805,7.513805,completed,0.061667,0.446743,0.020215,1.000000,0.201667,0.000000,0.377120,0.000000,0.000000,10,1,1,1,0,0,0,1,1,1,1,1,0,0,1,0,1,0.198685,0.000000,0.194831,0.000000,0.000000,0.000000,0.229042,0.000000,0.000000,0.204359,0.000000,0.000000,0.000000,0.000000,0.000000,0.173084,use_phone,1,25,7055,phone,none,,,0.000000,1.000000,0,none,,7.513805,7.513805,completed,90,5,rain,24.000000
8,1103,3448071000,101,Day 5 21:35,none,,7.513805,7.513805,completed,0.000000,0.539263,0.020215,1.000000,0.222500,0.016667,0.377120,0.095000,0.085000,10,1,1,1,0,0,0,1,1,1,1,1,0,0,1,0,1,0.224437,0.000000,0.000000,0.000000,0.000000,0.000000,0.311925,0.000000,0.000000,0.253957,0.000000,0.000000,0.000000,0.000000,0.000000,0.209680,rest_at_bed,1,60,7115,bed,none,,,0.000000,1.000000,0,none,,7.513805,7.513805,completed,90,5,rain,24.000000
8,1103,3448071000,102,Day 5 22:35,none,,7.513805,7.513805,completed,0.060000,0.331023,0.020215,1.000000,0.272500,0.056667,0.377120,0.000000,0.049000,10,1,1,1,0,0,0,1,1,1,1,1,0,0,1,0,1,0.201481,0.000000,0.195036,0.000000,0.000000,0.000000,0.211272,0.000000,0.000000,0.218843,0.000000,0.000000,0.000000,0.000000,0.000000,0.173368,use_phone,1,25,7140,phone,none,,,0.000000,1.000000,0,none,,7.513805,7.513805,completed,90,5,rain,24.000000
8,1103,3448071000,103,Day 5 23:00,none,,7.513805,7.513805,completed,0.000000,0.423543,0.020215,1.000000,0.293333,0.073333,0.377120,0.095000,0.134000,10,1,1,1,0,0,0,1,1,1,1,1,0,0,1,0,1,0.228386,0.000000,0.000000,0.000000,0.000000,0.000000,0.288426,0.000000,0.000000,0.272619,0.000000,0.000000,0.000000,0.000000,0.000000,0.210569,rest_at_bed,1,60,7200,bed,none,,,0.000000,1.000000,0,none,,7.513805,7.513805,completed,90,5,rain,24.000000
8,1103,3448071000,104,Day 6 00:00,none,,7.513805,7.513805,completed,0.060000,0.215303,0.020215,1.000000,0.343333,0.113333,0.377120,0.000000,0.098000,10,1,1,1,0,0,0,1,1,1,1,1,0,0,1,0,1,0.203950,0.000000,0.194836,0.000000,0.000000,0.000000,0.194331,0.000000,0.000000,0.233693,0.000000,0.000000,0.000000,0.000000,0.000000,0.173189,idle,1,10,7210,,none,,,0.000000,1.000000,0,none,,7.513805,7.513805,completed,90,5,rain,24.000000
8,1103,3448071000,105,Day 6 00:10,none,,7.513805,7.513805,completed,0.183333,0.219303,0.020215,0.946667,0.351667,0.120000,0.377120,0.000000,0.092000,10,1,1,1,0,0,0,1,1,1,1,1,0,0,1,0,1,0.213293,0.000000,0.199547,0.000000,0.000000,0.000000,0.188936,0.000000,0.000000,0.228342,0.000000,0.000000,0.000000,0.000000,0.000000,0.169883,rest_at_bed,1,60,7270,bed,none,,,0.000000,1.000000,0,none,,7.513805,7.513805,completed,90,5,rain,24.000000
8,1103,3448071000,106,Day 6 01:10,none,,7.513805,7.513805,completed,0.243333,0.011063,0.020215,0.976667,0.401667,0.160000,0.377120,0.000000,0.056000,10,1,1,1,0,0,0,1,1,1,1,1,0,0,1,0,1,0.219412,0.000000,0.198380,0.000000,0.000000,0.000000,0.000000,0.000000,0.185156,0.231674,0.000000,0.000000,0.000000,0.000000,0.000000,0.165378,get_meal,1,35,7305,door,none,,,0.000000,1.000000,0,none,,7.513805,7.513805,completed,90,5,rain,24.000000
8,1103,3448071000,107,Day 6 01:45,none,,7.513805,7.513805,completed,0.215000,0.025063,0.020215,1.000000,0.000000,0.183333,0.377120,0.000000,0.035000,10,1,1,1,0,0,0,1,1,1,1,1,0,0,1,0,1,0.281219,0.000000,0.255921,0.000000,0.000000,0.000000,0.000000,0.000000,0.247386,0.000000,0.000000,0.000000,0.000000,0.000000,0.000000,0.215474,use_computer,1,30,7335,computer,none,,,0.000000,1.000000,0,none,,7.513805,7.513805,completed,90,5,rain,24.000000
8,1103,3448071000,108,Day 6 02:15,none,,7.513805,7.513805,completed,0.065000,0.139185,0.020215,0.990000,0.025000,0.203333,0.377120,0.080000,0.017000,10,1,1,1,0,0,0,1,1,1,1,1,0,0,1,0,1,0.261333,0.000000,0.247657,0.000000,0.000000,0.000000,0.000000,0.000000,0.266521,0.000000,0.000000,0.000000,0.000000,0.000000,0.000000,0.224489,go_to_bathroom,1,15,7350,door,none,,,0.000000,1.000000,0,none,,7.513805,7.513805,completed,90,5,rain,24.000000
8,1103,3448071000,109,Day 6 02:30,none,,7.513805,7.513805,completed,0.070000,0.145185,0.020215,1.000000,0.037500,0.000000,0.377120,0.065000,0.008000,10,1,1,1,0,0,0,1,1,1,1,1,0,0,1,0,1,0.357025,0.000000,0.338184,0.000000,0.000000,0.000000,0.000000,0.000000,0.000000,0.000000,0.000000,0.000000,0.000000,0.000000,0.000000,0.304792,use_computer,1,30,7380,computer,none,,,0.000000,1.000000,0,none,,7.513805,7.513805,completed,90,5,rain,24.000000
8,1103,3448071000,110,Day 6 03:00,none,,7.513805,7.513805,completed,0.000000,0.259308,0.020215,0.990000,0.062500,0.020000,0.377120,0.145000,0.000000,10,1,1,1,0,0,0,1,1,1,1,1,0,0,1,0,1,0.326475,0.000000,0.000000,0.000000,0.000000,0.000000,0.373864,0.000000,0.000000,0.000000,0.000000,0.000000,0.000000,0.000000,0.000000,0.299661,rest_at_bed,1,60,7440,bed,none,,,0.000000,1.000000,0,none,,7.513805,7.513805,completed,90,5,rain,24.000000
8,1103,3448071000,111,Day 6 04:00,none,,7.513805,7.513805,completed,0.060000,0.051067,0.020215,1.000000,0.112500,0.060000,0.377120,0.000000,0.000000,10,1,1,1,0,0,0,1,1,1,1,1,0,0,1,0,1,0.360884,0.000000,0.338354,0.000000,0.000000,0.000000,0.000000,0.000000,0.000000,0.000000,0.000000,0.000000,0.000000,0.000000,0.000000,0.300762,idle,1,10,7450,,none,,,0.000000,1.000000,0,none,,7.513805,7.513805,completed,90,5,rain,24.000000
8,1103,3448071000,112,Day 6 04:10,none,,7.513805,7.513805,completed,0.183333,0.055067,0.020215,0.946667,0.120833,0.066667,0.377120,0.000000,0.000000,10,1,1,1,0,0,0,1,1,1,1,1,0,0,1,0,1,0.370389,0.000000,0.340084,0.000000,0.000000,0.000000,0.000000,0.000000,0.000000,0.000000,0.000000,0.000000,0.000000,0.000000,0.000000,0.289527,use_computer,1,30,7480,computer,none,,,0.000000,1.000000,0,none,,7.513805,7.513805,completed,90,5,rain,24.000000
8,1103,3448071000,113,Day 6 04:40,none,,7.513805,7.513805,completed,0.033333,0.169190,0.020215,0.936667,0.145833,0.086667,0.377120,0.080000,0.000000,10,1,1,1,0,0,0,1,1,1,1,1,0,0,1,0,1,0.207994,0.000000,0.198873,0.000000,0.000000,0.000000,0.206108,0.000000,0.000000,0.204747,0.000000,0.000000,0.000000,0.000000,0.000000,0.182278,use_phone,1,25,7505,phone,none,,,0.000000,1.000000,0,none,,7.513805,7.513805,completed,90,5,rain,24.000000
8,1103,3448071000,114,Day 6 05:05,none,,7.513805,7.513805,completed,0.000000,0.261710,0.020215,0.968333,0.166667,0.103333,0.377120,0.175000,0.085000,10,1,1,1,0,0,0,1,1,1,1,1,0,0,1,0,1,0.240149,0.000000,0.000000,0.000000,0.000000,0.000000,0.281918,0.000000,0.000000,0.255550,0.000000,0.000000,0.000000,0.000000,0.000000,0.222382,get_meal,1,35,7540,door,none,,,0.000000,1.000000,0,none,,7.513805,7.513805,completed,90,5,rain,24.000000
8,1103,3448071000,115,Day 6 05:40,none,,7.513805,7.513805,completed,0.000000,0.275710,0.020215,1.000000,0.000000,0.126667,0.377120,0.140000,0.064000,10,1,1,1,0,0,0,1,1,1,1,1,0,0,1,0,1,0.325238,0.000000,0.000000,0.000000,0.000000,0.000000,0.376104,0.000000,0.000000,0.000000,0.000000,0.000000,0.000000,0.000000,0.000000,0.298659,use_phone,1,25,7565,phone,none,,,0.000000,1.000000,0,none,,7.513805,7.513805,completed,90,5,rain,24.000000
8,1103,3448071000,116,Day 6 06:05,none,,7.513805,7.513805,completed,0.000000,0.368230,0.020215,1.000000,0.020833,0.143333,0.377120,0.235000,0.149000,10,1,1,1,0,0,0,1,1,1,1,1,0,0,1,0,1,0.000000,0.243915,0.000000,0.000000,0.000000,0.000000,0.301026,0.000000,0.241173,0.000000,0.000000,0.000000,0.000000,0.000000,0.000000,0.213887,rest_at_bed,1,60,7625,bed,none,,,0.000000,1.000000,0,none,,7.513805,7.513805,completed,90,5,rain,24.000000
8,1103,3448071000,117,Day 6 07:05,none,,7.513805,7.513805,completed,0.060000,0.159990,0.020215,1.000000,0.070833,0.183333,0.377120,0.035000,0.113000,10,1,1,1,0,0,0,1,1,1,1,1,0,0,1,0,1,0.263484,0.000000,0.250292,0.000000,0.000000,0.000000,0.000000,0.000000,0.261656,0.000000,0.000000,0.000000,0.000000,0.000000,0.000000,0.224568,go_to_bathroom,1,15,7640,door,none,,,0.000000,1.000000,0,none,,7.513805,7.513805,completed,90,5,rain,24.000000
8,1103,3448071000,118,Day 6 07:20,none,,7.513805,7.513805,completed,0.065000,0.165990,0.020215,1.000000,0.083333,0.000000,0.377120,0.020000,0.104000,10,1,1,1,0,0,0,1,1,1,1,1,0,0,1,0,1,0.357588,0.000000,0.339526,0.000000,0.000000,0.000000,0.000000,0.000000,0.000000,0.000000,0.000000,0.000000,0.000000,0.000000,0.000000,0.302886,use_phone,1,25,7665,phone,none,,,0.000000,1.000000,0,none,,7.513805,7.513805,completed,90,5,rain,24.000000
8,1103,3448071000,119,Day 6 07:45,none,,7.513805,7.513805,completed,0.000000,0.258510,0.020215,1.000000,0.104167,0.016667,0.377120,0.115000,0.189000,10,1,1,1,0,0,0,1,1,1,1,1,0,0,1,0,1,0.243638,0.262133,0.000000,0.000000,0.000000,0.000000,0.272527,0.000000,0.000000,0.000000,0.000000,0.000000,0.000000,0.000000,0.000000,0.221702,idle,1,10,7675,,none,alarm-rings,,0.000000,1.000000,0,none,,7.513805,7.513805,completed,90,5,rain,24.000000
8,1103,3448071000,120,Day 6 07:55,none,,7.513805,7.513805,completed,0.153333,0.262510,0.020215,0.946667,0.112500,0.023333,0.419905,0.105000,0.183000,11,1,1,1,0,0,0,1,1,1,1,1,0,1,1,0,1,0.163659,0.160423,0.154980,0.000000,0.000000,0.000000,0.165119,0.000000,0.000000,0.000000,0.000000,0.000000,0.218705,0.000000,0.000000,0.137115,shop_on_phone,1,20,7695,phone,none,,,0.000000,1.000000,0,none,,7.513805,7.513805,completed,60,5,rain,24.000000
8,1103,3448071000,121,Day 6 08:15,none,,7.513805,7.513805,completed,0.160000,0.272102,0.020215,1.000000,0.129167,0.036667,0.419905,0.165000,0.000000,11,1,1,1,0,0,0,1,1,1,1,1,0,1,1,0,1,0.191805,0.000000,0.181830,0.000000,0.000000,0.000000,0.203330,0.000000,0.000000,0.000000,0.000000,0.000000,0.259955,0.000000,0.000000,0.163080,use_phone,1,25,7720,phone,none,,,0.000000,1.000000,0,none,,7.513805,7.513805,completed,60,5,rain,24.000000
8,1103,3448071000,122,Day 6 08:40,none,,7.513805,7.513805,completed,0.000000,0.364622,0.020215,1.000000,0.150000,0.053333,0.419905,0.260000,0.085000,11,1,1,1,0,0,0,1,1,1,1,1,0,1,1,0,1,0.000000,0.000000,0.000000,0.000000,0.000000,0.000000,0.273946,0.000000,0.000000,0.219043,0.000000,0.000000,0.313382,0.000000,0.000000,0.193628,turn_off_alarm,1,1,7721,alarm,none,,,0.000000,1.000000,0,none,,7.513805,7.513805,completed,60,5,rain,24.000000
8,1103,3448071000,123,Day 6 08:41,none,,7.513805,7.513805,completed,0.000333,0.365022,0.020215,1.000000,0.150833,0.054000,0.399905,0.259000,0.084400,10,1,1,1,0,0,0,1,1,1,1,1,0,0,1,0,1,0.000000,0.000000,0.000000,0.000000,0.000000,0.000000,0.399287,0.000000,0.000000,0.318968,0.000000,0.000000,0.000000,0.000000,0.000000,0.281745,get_meal,1,35,7756,door,none,,,0.000000,1.000000,0,none,,7.513805,7.513805,completed,60,5,rain,24.000000
8,1103,3448071000,124,Day 6 09:16,none,,7.513805,7.513805,completed,0.000000,0.379022,0.020215,1.000000,0.000000,0.077333,0.399905,0.224000,0.063400,10,1,1,1,0,0,0,1,1,1,1,1,0,0,1,0,1,0.000000,0.000000,0.000000,0.000000,0.000000,0.000000,0.584688,0.000000,0.000000,0.000000,0.000000,0.000000,0.000000,0.000000,0.000000,0.415312,rest_at_bed,1,60,7816,bed,none,,,0.000000,1.000000,0,none,,7.513805,7.513805,completed,60,5,rain,24.000000
8,1103,3448071000,125,Day 6 10:16,none,,7.513805,7.513805,completed,0.060000,0.170782,0.020215,1.000000,0.050000,0.117333,0.399905,0.024000,0.027400,10,1,1,1,0,0,0,1,1,1,1,1,0,0,1,0,1,0.356942,0.000000,0.339417,0.000000,0.000000,0.000000,0.000000,0.000000,0.000000,0.000000,0.000000,0.000000,0.000000,0.000000,0.000000,0.303642,use_phone,1,25,7841,phone,none,,,0.000000,1.000000,0,none,,7.513805,7.513805,completed,60,5,rain,24.000000
8,1103,3448071000,126,Day 6 10:41,none,,7.513805,7.513805,completed,0.000000,0.263302,0.020215,1.000000,0.070833,0.134000,0.399905,0.119000,0.112400,10,1,1,1,0,0,0,1,1,1,1,1,0,0,1,0,1,0.246664,0.000000,0.000000,0.000000,0.000000,0.000000,0.277251,0.000000,0.251250,0.000000,0.000000,0.000000,0.000000,0.000000,0.000000,0.224835,go_to_bathroom,1,15,7856,door,none,,,0.000000,1.000000,0,none,,7.513805,7.513805,completed,60,5,rain,24.000000
8,1103,3448071000,127,Day 6 10:56,none,,7.513805,7.513805,completed,0.005000,0.269302,0.020215,1.000000,0.083333,0.000000,0.399905,0.104000,0.103400,10,1,1,1,0,0,0,1,1,1,1,1,0,0,1,0,1,0.331216,0.000000,0.000000,0.000000,0.000000,0.000000,0.368751,0.000000,0.000000,0.000000,0.000000,0.000000,0.000000,0.000000,0.000000,0.300033,idle,1,10,7866,,none,,,0.000000,1.000000,0,none,,7.513805,7.513805,completed,60,5,rain,24.000000
8,1103,3448071000,128,Day 6 11:06,none,,7.513805,7.513805,completed,0.128333,0.273302,0.020215,0.946667,0.091667,0.006667,0.399905,0.094000,0.097400,10,1,1,1,0,0,0,1,1,1,1,1,0,0,1,0,1,0.261340,0.000000,0.248809,0.000000,0.000000,0.000000,0.268438,0.000000,0.000000,0.000000,0.000000,0.000000,0.000000,0.000000,0.000000,0.221413,rest_at_bed,1,60,7926,bed,none,,,0.000000,1.000000,0,none,,7.513805,7.513805,completed,60,5,rain,24.000000
8,1103,3448071000,129,Day 6 12:06,none,,7.513805,7.513805,completed,0.188333,0.065062,0.020215,0.976667,0.141667,0.046667,0.399905,0.000000,0.061400,10,1,1,1,0,0,0,1,1,1,1,1,0,0,1,0,1,0.280938,0.000000,0.258023,0.000000,0.000000,0.000000,0.000000,0.000000,0.000000,0.241757,0.000000,0.000000,0.000000,0.000000,0.000000,0.219282,use_computer,1,30,7956,computer,none,,,0.000000,1.000000,0,none,,7.513805,7.513805,completed,60,5,rain,24.000000
8,1103,3448071000,130,Day 6 12:36,none,,7.513805,7.513805,completed,0.038333,0.179184,0.020215,0.966667,0.166667,0.066667,0.399905,0.080000,0.043400,10,1,1,1,0,0,0,1,1,1,1,1,0,0,1,0,1,0.207154,0.000000,0.198124,0.000000,0.000000,0.000000,0.205895,0.000000,0.000000,0.207553,0.000000,0.000000,0.000000,0.000000,0.000000,0.181274,use_phone,1,25,7981,phone,none,,,0.000000,1.000000,0,none,,7.513805,7.513805,completed,60,5,rain,24.000000
8,1103,3448071000,131,Day 6 13:01,none,,7.513805,7.513805,completed,0.000000,0.271705,0.020215,0.998333,0.187500,0.083333,0.399905,0.175000,0.128400,10,1,1,1,0,0,0,1,1,1,1,1,0,0,1,0,1,0.238400,0.000000,0.000000,0.000000,0.000000,0.000000,0.281578,0.000000,0.000000,0.259008,0.000000,0.000000,0.000000,0.000000,0.000000,0.221014,rest_at_bed,1,60,8041,bed,none,,,0.000000,1.000000,0,none,,7.513805,7.513805,completed,60,5,rain,24.000000
8,1103,3448071000,132,Day 6 14:01,none,,7.513805,7.513805,completed,0.060000,0.063464,0.020215,1.000000,0.237500,0.123333,0.399905,0.000000,0.092400,10,1,1,1,0,0,0,1,1,1,1,1,0,0,1,0,1,0.263655,0.000000,0.247545,0.000000,0.000000,0.000000,0.000000,0.000000,0.000000,0.268759,0.000000,0.000000,0.000000,0.000000,0.000000,0.220042,use_phone,1,25,8066,phone,none,,,0.000000,1.000000,0,none,,7.513805,7.513805,completed,60,5,rain,24.000000
8,1103,3448071000,133,Day 6 14:26,none,,7.513805,7.513805,completed,0.000000,0.155985,0.020215,1.000000,0.258333,0.140000,0.399905,0.095000,0.177400,10,1,1,1,0,0,0,1,1,1,1,1,0,0,1,0,1,0.164587,0.172210,0.000000,0.000000,0.000000,0.000000,0.166212,0.000000,0.165428,0.184379,0.000000,0.000000,0.000000,0.000000,0.000000,0.147183,rest_at_bed,1,60,8126,bed,none,,,0.000000,1.000000,0,none,,7.513805,7.513805,completed,60,5,rain,24.000000
8,1103,3448071000,134,Day 6 15:26,none,,7.513805,7.513805,completed,0.060000,0.000000,0.020215,1.000000,0.308333,0.180000,0.399905,0.000000,0.141400,10,1,1,1,0,0,0,1,1,1,1,1,0,0,1,0,1,0.174176,0.163124,0.162353,0.000000,0.000000,0.000000,0.000000,0.000000,0.167611,0.188420,0.000000,0.000000,0.000000,0.000000,0.000000,0.144315,shop_on_phone,1,20,8146,phone,none,,,0.000000,1.000000,0,none,,7.513805,7.513805,completed,30,5,rain,24.000000
8,1103,3448071000,135,Day 6 15:46,none,,7.513805,7.513805,completed,0.066667,0.009592,0.020215,1.000000,0.325000,0.193333,0.399905,0.060000,0.000000,10,1,1,1,0,0,0,1,1,1,1,1,0,0,1,0,1,0.205042,0.000000,0.191331,0.000000,0.000000,0.000000,0.000000,0.000000,0.202699,0.228517,0.000000,0.000000,0.000000,0.000000,0.000000,0.172411,get_meal,1,35,8181,door,none,room-temperature-shift|weather-clear,,0.000000,1.000000,0,none,,7.513805,7.513805,completed,30,5,clear,17.000000
8,1103,3448071000,136,Day 6 16:21,none,,7.513805,7.513805,completed,0.038333,0.063592,0.020215,1.000000,0.000000,0.216667,0.399905,0.025000,0.000000,10,1,1,1,0,0,0,1,1,1,1,1,0,0,1,0,1,0.261917,0.000000,0.246958,0.000000,0.000000,0.000000,0.000000,0.000000,0.268455,0.000000,0.000000,0.000000,0.000000,0.000000,0.000000,0.222670,use_computer,1,30,8211,computer,none,,,0.000000,1.000000,0,none,,7.513805,7.513805,completed,30,5,clear,17.000000
8,1103,3448071000,137,Day 6 16:51,none,,7.513805,7.513805,completed,0.000000,0.177714,0.020215,0.990000,0.025000,0.236667,0.399905,0.105000,0.000000,10,1,1,1,0,0,0,1,1,1,1,1,0,0,1,0,1,0.247275,0.000000,0.000000,0.000000,0.000000,0.000000,0.256188,0.000000,0.274227,0.000000,0.000000,0.000000,0.000000,0.000000,0.000000,0.222310,go_to_bathroom,1,15,8226,door,none,,,0.000000,1.000000,0,none,,7.513805,7.513805,completed,30,5,clear,17.000000
8,1103,3448071000,138,Day 6 17:06,none,,7.513805,7.513805,completed,0.005000,0.183714,0.020215,1.000000,0.037500,0.000000,0.399905,0.090000,0.000000,10,1,1,1,0,0,0,1,1,1,1,1,0,0,1,0,1,0.342503,0.000000,0.000000,0.000000,0.000000,0.000000,0.351480,0.000000,0.000000,0.000000,0.000000,0.000000,0.000000,0.000000,0.000000,0.306017,rest_at_bed,1,60,8286,bed,none,message-study-group|evening,,0.000000,1.000000,0,none,,7.513805,7.513805,completed,30,6,clear,17.000000
8,1103,3448071000,139,Day 6 18:06,none,,7.513805,7.513805,completed,0.065000,0.000000,0.020215,1.000000,0.087500,0.040000,0.399905,0.000000,0.000000,10,1,1,1,0,0,0,1,1,1,1,1,0,0,1,0,1,0.362620,0.000000,0.337713,0.000000,0.000000,0.000000,0.000000,0.000000,0.000000,0.000000,0.000000,0.000000,0.000000,0.000000,0.000000,0.299668,use_phone,1,25,8311,phone,none,,,0.000000,1.000000,0,none,,7.513805,7.513805,completed,30,6,clear,17.000000
8,1103,3448071000,140,Day 6 18:31,none,,7.513805,7.513805,completed,0.000000,0.092520,0.020215,1.000000,0.108333,0.056667,0.399905,0.095000,0.085000,10,1,1,1,0,0,0,1,1,1,1,1,0,0,1,0,1,0.529716,0.000000,0.000000,0.000000,0.000000,0.000000,0.000000,0.000000,0.000000,0.000000,0.000000,0.000000,0.000000,0.000000,0.000000,0.470284,use_phone,1,25,8336,phone,none,,,0.000000,1.000000,0,none,,7.513805,7.513805,completed,30,6,clear,17.000000
8,1103,3448071000,141,Day 6 18:56,none,,7.513805,7.513805,completed,0.000000,0.185040,0.020215,1.000000,0.129167,0.073333,0.399905,0.190000,0.170000,10,1,1,1,0,0,0,1,1,1,1,1,0,0,1,0,1,0.243586,0.260990,0.000000,0.000000,0.000000,0.000000,0.270866,0.000000,0.000000,0.000000,0.000000,0.000000,0.000000,0.000000,0.000000,0.224558,use_phone,1,25,8361,phone,none,,,0.000000,1.000000,0,none,,7.513805,7.513805,completed,30,6,clear,17.000000
8,1103,3448071000,142,Day 6 19:21,none,,7.513805,7.513805,completed,0.000000,0.277561,0.020215,1.000000,0.150000,0.090000,0.399905,0.285000,0.255000,10,1,1,1,0,0,0,1,1,1,1,1,0,0,1,0,1,0.000000,0.265089,0.000000,0.000000,0.000000,0.000000,0.284743,0.000000,0.000000,0.238947,0.000000,0.000000,0.000000,0.000000,0.000000,0.211221,get_meal,1,35,8396,door,none,,,0.000000,1.000000,0,none,,7.513805,7.513805,completed,30,6,clear,17.000000
8,1103,3448071000,143,Day 6 19:56,none,,7.513805,7.513805,completed,0.000000,0.291561,0.020215,1.000000,0.000000,0.113333,0.399905,0.250000,0.234000,10,1,1,1,0,0,0,1,1,1,1,1,0,0,1,0,1,0.000000,0.344886,0.000000,0.000000,0.000000,0.000000,0.375047,0.000000,0.000000,0.000000,0.000000,0.000000,0.000000,0.000000,0.000000,0.280068,idle,1,10,8406,,none,,,0.000000,1.000000,0,none,,7.513805,7.513805,completed,30,6,clear,17.000000
8,1103,3448071000,144,Day 6 20:06,none,,7.513805,7.513805,completed,0.123333,0.295561,0.020215,0.946667,0.008333,0.120000,0.399905,0.240000,0.228000,10,1,1,1,0,0,0,1,1,1,1,1,0,0,1,0,1,0.196019,0.212277,0.187777,0.000000,0.000000,0.000000,0.229895,0.000000,0.000000,0.000000,0.000000,0.000000,0.000000,0.000000,0.000000,0.174032,use_computer,1,30,8436,computer,none,,,0.000000,1.000000,0,none,,7.513805,7.513805,completed,30,6,clear,17.000000
8,1103,3448071000,145,Day 6 20:36,none,,7.513805,7.513805,completed,0.000000,0.409683,0.020215,0.936667,0.033333,0.140000,0.399905,0.320000,0.210000,10,1,1,1,0,0,0,1,1,1,1,1,0,0,1,0,1,0.000000,0.249220,0.000000,0.000000,0.000000,0.000000,0.311507,0.000000,0.232455,0.000000,0.000000,0.000000,0.000000,0.000000,0.000000,0.206818,go_to_bathroom,1,15,8451,door,none,,,0.000000,1.000000,0,none,,7.513805,7.513805,completed,30,6,clear,17.000000
8,1103,3448071000,146,Day 6 20:51,none,,7.513805,7.513805,completed,0.005000,0.415683,0.020215,1.000000,0.045833,0.000000,0.399905,0.305000,0.201000,10,1,1,1,0,0,0,1,1,1,1,1,0,0,1,0,1,0.000000,0.323318,0.000000,0.000000,0.000000,0.000000,0.406137,0.000000,0.000000,0.000000,0.000000,0.000000,0.000000,0.000000,0.000000,0.270545,idle,1,10,8461,,none,,,0.000000,1.000000,0,none,,7.513805,7.513805,completed,30,6,clear,17.000000
8,1103,3448071000,147,Day 6 21:01,none,,7.513805,7.513805,completed,0.128333,0.419683,0.020215,0.946667,0.054167,0.006667,0.399905,0.295000,0.195000,10,1,1,1,0,0,0,1,1,1,1,1,0,0,1,0,1,0.230235,0.248648,0.000000,0.000000,0.000000,0.000000,0.311061,0.000000,0.000000,0.000000,0.000000,0.000000,0.000000,0.000000,0.000000,0.210055,shop_on_phone,1,20,8481,phone,none,,,0.000000,1.000000,0,none,,7.513805,7.513805,completed,0,6,clear,17.000000
8,1103,3448071000,148,Day 6 21:21,none,,7.513805,7.513805,completed,0.135000,0.429275,0.020215,1.000000,0.070833,0.020000,0.399905,0.355000,0.000000,10,1,1,1,0,0,0,1,1,1,1,1,0,0,1,0,1,0.205488,0.000000,0.000000,0.000000,0.000000,0.000000,0.291707,0.312546,0.000000,0.000000,0.000000,0.000000,0.000000,0.000000,0.000000,0.190259,sleep_at_bed,1,480,8961,bed,none,,,0.000000,1.000000,0,none,,7.513805,7.513805,completed,0,6,clear,17.000000
8,1103,3448071000,149,Day 7 05:21,none,,7.513805,7.513805,completed,0.215000,0.156311,0.020215,0.920000,0.470833,0.340000,0.399905,0.000000,0.000000,10,1,1,1,0,0,0,1,1,1,1,1,0,0,1,0,1,0.203839,0.000000,0.188301,0.000000,0.000000,0.000000,0.000000,0.000000,0.211641,0.237678,0.000000,0.000000,0.000000,0.000000,0.000000,0.158541,use_phone,1,25,8986,phone,none,,,0.000000,1.000000,0,none,,7.513805,7.513805,completed,0,6,clear,17.000000
8,1103,3448071000,150,Day 7 05:46,none,,7.513805,7.513805,completed,0.003333,0.248831,0.020215,0.951667,0.491667,0.356667,0.399905,0.095000,0.085000,10,1,1,1,0,0,0,1,1,1,1,1,0,0,1,0,1,0.177097,0.000000,0.000000,0.000000,0.000000,0.000000,0.192730,0.000000,0.221150,0.249245,0.000000,0.000000,0.000000,0.000000,0.000000,0.159779,idle,1,10,8996,,none,,,0.000000,1.000000,0,none,,7.513805,7.513805,completed,0,6,clear,17.000000
8,1103,3448071000,151,Day 7 05:56,none,,7.513805,7.513805,completed,0.126667,0.252831,0.020215,0.898333,0.500000,0.363333,0.399905,0.085000,0.079000,10,1,1,1,0,0,0,1,1,1,1,1,0,0,1,0,1,0.159472,0.000000,0.151488,0.000000,0.000000,0.000000,0.160117,0.000000,0.185262,0.209097,0.000000,0.000000,0.000000,0.000000,0.000000,0.134564,go_to_bathroom,1,15,9011,door,none,,,0.000000,1.000000,0,none,,7.513805,7.513805,completed,0,6,clear,17.000000
8,1103,3448071000,152,Day 7 06:11,none,,7.513805,7.513805,completed,0.131667,0.258831,0.020215,0.985678,0.512500,0.000000,0.399905,0.070000,0.070000,10,1,1,1,0,0,0,1,1,1,1,1,0,0,1,0,1,0.196061,0.000000,0.186159,0.000000,0.000000,0.000000,0.194985,0.000000,0.000000,0.258381,0.000000,0.000000,0.000000,0.000000,0.000000,0.164414,get_meal,1,35,9046,door,none,,,0.000000,1.000000,0,none,,7.513805,7.513805,completed,0,6,clear,17.000000
8,1103,3448071000,153,Day 7 06:46,none,,7.513805,7.513805,completed,0.103333,0.272831,0.020215,1.000000,0.000000,0.023333,0.399905,0.035000,0.049000,10,1,1,1,0,0,0,1,1,1,1,1,0,0,1,0,1,0.263434,0.000000,0.251593,0.000000,0.000000,0.000000,0.262636,0.000000,0.000000,0.000000,0.000000,0.000000,0.000000,0.000000,0.000000,0.222337,rest_at_bed,1,60,9106,bed,none,,,0.000000,1.000000,0,none,,7.513805,7.513805,completed,0,6,clear,17.000000
8,1103,3448071000,154,Day 7 07:46,none,,7.513805,7.513805,completed,0.163333,0.064591,0.020215,1.000000,0.050000,0.063333,0.399905,0.000000,0.013000,10,1,1,1,0,0,0,1,1,1,1,1,0,0,1,0,1,0.368577,0.000000,0.339964,0.000000,0.000000,0.000000,0.000000,0.000000,0.000000,0.000000,0.000000,0.000000,0.000000,0.000000,0.000000,0.291458,use_computer,1,30,9136,computer,none,,,0.000000,1.000000,0,none,,7.513805,7.513805,completed,0,6,clear,17.000000
8,1103,3448071000,155,Day 7 08:16,none,,7.513805,7.513805,completed,0.013333,0.178714,0.020215,0.990000,0.075000,0.083333,0.399905,0.080000,0.000000,10,1,1,1,0,0,0,1,1,1,1,1,0,0,1,0,1,0.259332,0.000000,0.249090,0.000000,0.000000,0.000000,0.261669,0.000000,0.000000,0.000000,0.000000,0.000000,0.000000,0.000000,0.000000,0.229909,rest_at_bed,1,60,9196,bed,none,alarm-rings,,0.000000,1.000000,0,none,,7.513805,7.513805,completed,0,6,clear,17.000000
8,1103,3448071000,156,Day 7 09:16,none,,7.513805,7.513805,completed,0.103333,0.000000,0.020215,1.000000,0.125000,0.123333,0.442690,0.000000,0.000000,11,1,1,1,0,0,0,1,1,1,1,1,0,1,1,0,1,0.247505,0.000000,0.228980,0.000000,0.000000,0.000000,0.000000,0.000000,0.000000,0.000000,0.000000,0.000000,0.323039,0.000000,0.000000,0.200476,use_phone,1,25,9221,phone,none,,,0.000000,1.000000,0,none,,7.513805,7.513805,completed,0,6,clear,17.000000
8,1103,3448071000,157,Day 7 09:41,none,,7.513805,7.513805,completed,0.000000,0.092520,0.020215,1.000000,0.145833,0.140000,0.442690,0.095000,0.085000,11,1,1,1,0,0,0,1,1,1,1,1,0,1,1,0,1,0.187591,0.000000,0.000000,0.000000,0.000000,0.000000,0.000000,0.000000,0.187188,0.187667,0.000000,0.000000,0.271012,0.000000,0.000000,0.166543,turn_off_alarm,1,1,9222,alarm,none,,,0.000000,1.000000,0,none,,7.513805,7.513805,completed,0,6,clear,17.000000
8,1103,3448071000,158,Day 7 09:42,none,,7.513805,7.513805,completed,0.000333,0.092920,0.020215,1.000000,0.146667,0.140667,0.422690,0.094000,0.084400,10,1,1,1,0,0,0,1,1,1,1,1,0,0,1,0,1,0.257319,0.000000,0.000000,0.000000,0.000000,0.000000,0.000000,0.000000,0.256817,0.257510,0.000000,0.000000,0.000000,0.000000,0.000000,0.228354,go_to_bathroom,1,15,9237,door,none,,,0.000000,1.000000,0,none,,7.513805,7.513805,completed,0,6,clear,17.000000
8,1103,3448071000,159,Day 7 09:57,none,,7.513805,7.513805,completed,0.005333,0.098920,0.020215,1.000000,0.159167,0.000000,0.422690,0.079000,0.075400,10,1,1,1,0,0,0,1,1,1,1,1,0,0,1,0,1,0.260357,0.000000,0.248146,0.000000,0.000000,0.000000,0.000000,0.000000,0.000000,0.261878,0.000000,0.000000,0.000000,0.000000,0.000000,0.229619,idle,1,10,9247,,none,,,0.000000,1.000000,0,none,,7.513805,7.513805,completed,0,6,clear,17.000000
8,1103,3448071000,160,Day 7 10:07,none,,7.513805,7.513805,completed,0.128667,0.102920,0.020215,0.946667,0.167500,0.006667,0.422690,0.069000,0.069400,10,1,1,1,0,0,0,1,1,1,1,1,0,0,1,0,1,0.270625,0.000000,0.252551,0.000000,0.000000,0.000000,0.000000,0.000000,0.000000,0.253598,0.000000,0.000000,0.000000,0.000000,0.000000,0.223226,get_meal,1,35,9282,door,none,,,0.000000,1.000000,0,none,,7.513805,7.513805,completed,0,6,clear,17.000000
8,1103,3448071000,161,Day 7 10:42,none,,7.513805,7.513805,completed,0.100333,0.116920,0.020215,1.000000,0.000000,0.030000,0.422690,0.034000,0.048400,10,1,1,1,0,0,0,1,1,1,1,1,0,0,1,0,1,0.361160,0.000000,0.339013,0.000000,0.000000,0.000000,0.000000,0.000000,0.000000,0.000000,0.000000,0.000000,0.000000,0.000000,0.000000,0.299826,use_phone,1,25,9307,phone,none,,,0.000000,1.000000,0,none,,7.513805,7.513805,completed,0,6,clear,17.000000
8,1103,3448071000,162,Day 7 11:07,none,,7.513805,7.513805,completed,0.000000,0.209440,0.020215,1.000000,0.020833,0.046667,0.422690,0.129000,0.133400,10,1,1,1,0,0,0,1,1,1,1,1,0,0,1,0,1,0.334519,0.000000,0.000000,0.000000,0.000000,0.000000,0.361570,0.000000,0.000000,0.000000,0.000000,0.000000,0.000000,0.000000,0.000000,0.303911,rest_at_bed,1,60,9367,bed,none,,,0.000000,1.000000,0,none,,7.513805,7.513805,completed,0,6,clear,17.000000
8,1103,3448071000,163,Day 7 12:07,none,,7.513805,7.513805,completed,0.060000,0.001200,0.020215,1.000000,0.070833,0.086667,0.422690,0.000000,0.097400,10,1,1,1,0,0,0,1,1,1,1,1,0,0,1,0,1,0.362198,0.000000,0.337658,0.000000,0.000000,0.000000,0.000000,0.000000,0.000000,0.000000,0.000000,0.000000,0.000000,0.000000,0.000000,0.300144,use_phone,1,25,9392,phone,none,,,0.000000,1.000000,0,none,,7.513805,7.513805,completed,0,6,clear,17.000000
8,1103,3448071000,164,Day 7 12:32,none,,7.513805,7.513805,completed,0.000000,0.093720,0.020215,1.000000,0.091667,0.103333,0.422690,0.095000,0.182400,10,1,1,1,0,0,0,1,1,1,1,1,0,0,1,0,1,0.341118,0.355994,0.000000,0.000000,0.000000,0.000000,0.000000,0.000000,0.000000,0.000000,0.000000,0.000000,0.000000,0.000000,0.000000,0.302887,use_phone,1,25,9417,phone,none,,,0.000000,1.000000,0,none,,7.513805,7.513805,completed,0,6,clear,17.000000
8,1103,3448071000,165,Day 7 12:57,none,,7.513805,7.513805,completed,0.000000,0.186241,0.020215,1.000000,0.112500,0.120000,0.422690,0.190000,0.267400,10,1,1,1,0,0,0,1,1,1,1,1,0,0,1,0,1,0.237932,0.278425,0.000000,0.000000,0.000000,0.000000,0.264268,0.000000,0.000000,0.000000,0.000000,0.000000,0.000000,0.000000,0.000000,0.219375,idle,1,10,9427,,none,,,0.000000,1.000000,0,none,,7.513805,7.513805,completed,0,6,clear,17.000000
8,1103,3448071000,166,Day 7 13:07,none,,7.513805,7.513805,completed,0.123333,0.190241,0.020215,0.946667,0.120833,0.126667,0.422690,0.180000,0.261400,10,1,1,1,0,0,0,1,1,1,1,1,0,0,1,0,1,0.203395,0.220493,0.192295,0.000000,0.000000,0.000000,0.208424,0.000000,0.000000,0.000000,0.000000,0.000000,0.000000,0.000000,0.000000,0.175393,use_computer,1,30,9457,computer,none,room-temperature-shift,,0.000000,1.000000,0,none,,7.513805,7.513805,completed,0,6,clear,17.000000
8,1103,3448071000,167,Day 7 13:37,none,,7.513805,7.513805,completed,0.000000,0.304363,0.020215,0.936667,0.145833,0.146667,0.422690,0.260000,0.243400,10,1,1,1,0,0,0,1,1,1,1,1,0,0,1,0,1,0.000000,0.212121,0.000000,0.000000,0.000000,0.000000,0.231417,0.000000,0.193205,0.192460,0.000000,0.000000,0.000000,0.000000,0.000000,0.170797,get_meal,1,35,9492,door,none,message-study-group,,0.000000,1.000000,0,none,,7.513805,7.513805,completed,0,7,clear,17.000000
8,1103,3448071000,168,Day 7 14:12,none,,7.513805,7.513805,completed,0.000000,0.318363,0.020215,1.000000,0.000000,0.170000,0.422690,0.225000,0.222400,10,1,1,1,0,0,0,1,1,1,1,1,0,0,1,0,1,0.000000,0.258100,0.000000,0.000000,0.000000,0.000000,0.285069,0.000000,0.245029,0.000000,0.000000,0.000000,0.000000,0.000000,0.000000,0.211801,rest_at_bed,1,60,9552,bed,none,,,0.000000,1.000000,0,none,,7.513805,7.513805,completed,0,7,clear,17.000000
8,1103,3448071000,169,Day 7 15:12,none,,7.513805,7.513805,completed,0.060000,0.110123,0.020215,1.000000,0.050000,0.210000,0.422690,0.025000,0.186400,10,1,1,1,0,0,0,1,1,1,1,1,0,0,1,0,1,0.208575,0.207495,0.196970,0.000000,0.000000,0.000000,0.000000,0.000000,0.210704,0.000000,0.000000,0.000000,0.000000,0.000000,0.000000,0.176256,go_to_bathroom,1,15,9567,door,none,,,0.000000,1.000000,0,none,,7.513805,7.513805,completed,0,7,clear,17.000000
8,1103,3448071000,170,Day 7 15:27,none,,7.513805,7.513805,completed,0.065000,0.116123,0.020215,1.000000,0.062500,0.000000,0.422690,0.010000,0.177400,10,1,1,1,0,0,0,1,1,1,1,1,0,0,1,0,1,0.265659,0.260476,0.250760,0.000000,0.000000,0.000000,0.000000,0.000000,0.000000,0.000000,0.000000,0.000000,0.000000,0.000000,0.000000,0.223104,idle,1,10,9577,,none,,,0.000000,1.000000,0,none,,7.513805,7.513805,completed,0,7,clear,17.000000
8,1103,3448071000,171,Day 7 15:37,none,,7.513805,7.513805,completed,0.188333,0.120123,0.020215,0.946667,0.070833,0.006667,0.422690,0.000000,0.171400,10,1,1,1,0,0,0,1,1,1,1,1,0,0,1,0,1,0.276395,0.251058,0.255451,0.000000,0.000000,0.000000,0.000000,0.000000,0.000000,0.000000,0.000000,0.000000,0.000000,0.000000,0.000000,0.217096,use_phone,1,25,9602,phone,none,,,0.000000,1.000000,0,none,,7.513805,7.513805,completed,0,7,clear,17.000000
8,1103,3448071000,172,Day 7 16:02,none,,7.513805,7.513805,completed,0.000000,0.212643,0.020215,0.978333,0.091667,0.023333,0.422690,0.095000,0.256400,10,1,1,1,0,0,0,1,1,1,1,1,0,0,1,0,1,0.244670,0.276729,0.000000,0.000000,0.000000,0.000000,0.258384,0.000000,0.000000,0.000000,0.000000,0.000000,0.000000,0.000000,0.000000,0.220217,use_phone,1,25,9627,phone,none,weather-rain,,0.000000,1.000000,0,none,,7.513805,7.513805,completed,0,7,rain,17.000000
8,1103,3448071000,173,Day 7 16:27,none,,7.513805,7.513805,completed,0.000000,0.305163,0.020215,1.000000,0.112500,0.040000,0.422690,0.190000,0.341400,10,1,1,1,0,0,0,1,1,1,1,1,0,0,1,0,1,0.000000,0.369916,0.000000,0.000000,0.000000,0.000000,0.357474,0.000000,0.000000,0.000000,0.000000,0.000000,0.000000,0.000000,0.000000,0.272610,shop_on_phone,0,0,9627,phone,resource_insufficient,,,0.000000,1.000000,0,none,,7.513805,7.513805,completed,0,7,rain,17.000000
8,1103,3448071000,174,Day 7 16:27,none,,7.513805,7.513805,completed,0.000000,0.305163,0.020215,0.970000,0.112500,0.040000,0.452690,0.190000,0.341400,10,1,1,1,0,0,0,1,1,1,1,1,0,0,1,0,1,0.000000,0.370293,0.000000,0.000000,0.000000,0.000000,0.356819,0.000000,0.000000,0.000000,0.000000,0.000000,0.000000,0.000000,0.000000,0.272888,shop_on_phone,0,0,9627,phone,resource_insufficient,,,0.000000,1.000000,0,none,,7.513805,7.513805,completed,0,7,rain,17.000000
8,1103,3448071000,175,Day 7 16:27,none,,7.513805,7.513805,completed,0.000000,0.305163,0.020215,0.940000,0.112500,0.040000,0.482690,0.190000,0.341400,10,1,1,1,0,0,0,1,1,1,1,1,0,0,1,0,1,0.000000,0.370670,0.000000,0.000000,0.000000,0.000000,0.356164,0.000000,0.000000,0.000000,0.000000,0.000000,0.000000,0.000000,0.000000,0.273166,idle,1,10,9637,,none,,,0.000000,1.000000,0,none,,7.513805,7.513805,completed,0,7,rain,17.000000
8,1103,3448071000,176,Day 7 16:37,none,,7.513805,7.513805,completed,0.123333,0.309163,0.020215,0.886667,0.120833,0.046667,0.482690,0.180000,0.335400,10,1,1,1,0,0,0,1,1,1,1,1,0,0,1,0,1,0.194871,0.228949,0.186754,0.000000,0.000000,0.000000,0.219087,0.000000,0.000000,0.000000,0.000000,0.000000,0.000000,0.000000,0.000000,0.170339,rest_at_bed,1,60,9697,bed,none,,,0.000000,1.000000,0,none,,7.513805,7.513805,completed,0,7,rain,17.000000
8,1103,3448071000,177,Day 7 17:37,none,,7.513805,7.513805,completed,0.183333,0.100923,0.020215,0.916667,0.170833,0.086667,0.482690,0.000000,0.299400,10,1,1,1,0,0,0,1,1,1,1,1,0,0,1,0,1,0.216452,0.220848,0.199785,0.000000,0.000000,0.000000,0.000000,0.000000,0.000000,0.192829,0.000000,0.000000,0.000000,0.000000,0.000000,0.170085,idle,1,10,9707,,none,,,0.000000,1.000000,0,none,,7.513805,7.513805,completed,0,7,rain,17.000000
8,1103,3448071000,178,Day 7 17:47,none,,7.513805,7.513805,completed,0.306667,0.104923,0.020215,0.863333,0.179167,0.093333,0.482690,0.000000,0.293400,10,1,1,1,0,0,0,1,1,1,1,1,0,0,1,0,1,0.226183,0.214403,0.204450,0.000000,0.000000,0.000000,0.000000,0.000000,0.000000,0.188261,0.000000,0.000000,0.000000,0.000000,0.000000,0.166702,shop_on_phone,0,0,9707,phone,resource_insufficient,,,0.000000,1.000000,0,none,,7.513805,7.513805,completed,0,7,rain,17.000000
8,1103,3448071000,179,Day 7 17:47,none,,7.513805,7.513805,completed,0.306667,0.104923,0.020215,0.833333,0.179167,0.093333,0.512690,0.000000,0.293400,10,1,1,1,0,0,0,1,1,1,1,1,0,0,1,0,1,0.226183,0.214403,0.204450,0.000000,0.000000,0.000000,0.000000,0.000000,0.000000,0.188261,0.000000,0.000000,0.000000,0.000000,0.000000,0.166702,use_phone,1,25,9732,phone,none,,,0.000000,1.000000,0,none,,7.513805,7.513805,completed,0,7,rain,17.000000
8,1103,3448071000,180,Day 7 18:12,none,,7.513805,7.513805,completed,0.095000,0.197443,0.020215,0.865000,0.200000,0.110000,0.512690,0.095000,0.378400,10,1,1,1,0,0,0,1,1,1,1,1,0,0,1,0,1,0.167234,0.199971,0.158759,0.000000,0.000000,0.000000,0.163050,0.000000,0.000000,0.168011,0.000000,0.000000,0.000000,0.000000,0.000000,0.142974,use_phone,1,25,9757,phone,none,evening,,0.000000,1.000000,0,none,,7.513805,7.513805,completed,0,7,rain,17.000000
8,1103,3448071000,181,Day 7 18:37,none,,7.513805,7.513805,completed,0.000000,0.289964,0.020215,0.896667,0.220833,0.126667,0.512690,0.190000,0.463400,10,1,1,1,0,0,0,1,1,1,1,1,0,0,1,0,1,0.176220,0.249100,0.000000,0.000000,0.000000,0.000000,0.211451,0.000000,0.000000,0.198818,0.000000,0.000000,0.000000,0.000000,0.000000,0.164412,idle,1,10,9767,,none,,,0.000000,1.000000,0,none,,7.513805,7.513805,completed,0,7,rain,17.000000
8,1103,3448071000,182,Day 7 18:47,none,,7.513805,7.513805,completed,0.123333,0.293964,0.020215,0.843333,0.229167,0.133333,0.512690,0.180000,0.457400,10,1,1,1,0,0,0,1,1,1,1,1,0,0,1,0,1,0.137739,0.180374,0.131773,0.000000,0.000000,0.000000,0.152484,0.000000,0.132660,0.144779,0.000000,0.000000,0.000000,0.000000,0.000000,0.120191,shop_on_phone,0,0,9767,phone,resource_insufficient,,,0.000000,1.000000,0,none,,7.513805,7.513805,completed,0,7,rain,17.000000
8,1103,3448071000,183,Day 7 18:47,none,,7.513805,7.513805,completed,0.123333,0.293964,0.020215,0.813333,0.229167,0.133333,0.542690,0.180000,0.457400,10,1,1,1,0,0,0,1,1,1,1,1,0,0,1,0,1,0.137799,0.180452,0.131830,0.000000,0.000000,0.000000,0.152116,0.000000,0.132718,0.144842,0.000000,0.000000,0.000000,0.000000,0.000000,0.120243,get_meal,1,35,9802,door,none,,,0.000000,1.000000,0,none,,7.513805,7.513805,completed,0,7,rain,17.000000
8,1103,3448071000,184,Day 7 19:22,none,,7.513805,7.513805,completed,0.095000,0.307964,0.020215,0.934011,0.000000,0.156667,0.542690,0.145000,0.436400,10,1,1,1,0,0,0,1,1,1,1,1,0,0,1,0,1,0.160369,0.207587,0.154321,0.000000,0.000000,0.000000,0.177469,0.000000,0.159412,0.000000,0.000000,0.000000,0.000000,0.000000,0.000000,0.140841,go_to_bathroom,1,15,9817,door,none,,,0.000000,1.000000,0,none,,7.513805,7.513805,completed,0,7,rain,17.000000
8,1103,3448071000,185,Day 7 19:37,none,,7.513805,7.513805,completed,0.100000,0.313964,0.020215,1.000000,0.012500,0.000000,0.542690,0.130000,0.427400,10,1,1,1,0,0,0,1,1,1,1,1,0,0,1,0,1,0.192066,0.245035,0.184737,0.000000,0.000000,0.000000,0.210528,0.000000,0.000000,0.000000,0.000000,0.000000,0.000000,0.000000,0.000000,0.167634,shop_on_phone,0,0,9817,phone,resource_insufficient,,,0.000000,1.000000,0,none,,7.513805,7.513805,completed,0,7,rain,17.000000
8,1103,3448071000,186,Day 7 19:37,none,,7.513805,7.513805,completed,0.100000,0.313964,0.020215,0.970000,0.012500,0.000000,0.572690,0.130000,0.427400,10,1,1,1,0,0,0,1,1,1,1,1,0,0,1,0,1,0.192182,0.245182,0.184848,0.000000,0.000000,0.000000,0.210054,0.000000,0.000000,0.000000,0.000000,0.000000,0.000000,0.000000,0.000000,0.167735,idle,1,10,9827,,none,,,0.000000,1.000000,0,none,,7.513805,7.513805,completed,0,7,rain,17.000000
8,1103,3448071000,187,Day 7 19:47,none,,7.513805,7.513805,completed,0.223333,0.317964,0.020215,0.916667,0.020833,0.006667,0.572690,0.120000,0.421400,10,1,1,1,0,0,0,1,1,1,1,1,0,0,1,0,1,0.202087,0.238844,0.190320,0.000000,0.000000,0.000000,0.203786,0.000000,0.000000,0.000000,0.000000,0.000000,0.000000,0.000000,0.000000,0.164963,use_phone,1,25,9852,phone,none,,,0.000000,1.000000,0,none,,7.513805,7.513805,completed,0,7,rain,17.000000
8,1103,3448071000,188,Day 7 20:12,none,,7.513805,7.513805,completed,0.011667,0.410484,0.020215,0.948333,0.041667,0.023333,0.572690,0.215000,0.506400,10,1,1,1,0,0,0,1,1,1,1,1,0,0,1,0,1,0.000000,0.395287,0.000000,0.000000,0.000000,0.000000,0.353660,0.000000,0.000000,0.000000,0.000000,0.000000,0.000000,0.000000,0.000000,0.251053,shop_on_phone,0,0,9852,phone,resource_insufficient,,,0.000000,1.000000,0,none,,7.513805,7.513805,completed,0,7,rain,17.000000
8,1103,3448071000,189,Day 7 20:12,none,,7.513805,7.513805,completed,0.011667,0.410484,0.020215,0.918333,0.041667,0.023333,0.602690,0.215000,0.506400,10,1,1,1,0,0,0,1,1,1,1,1,0,0,1,0,1,0.000000,0.395686,0.000000,0.000000,0.000000,0.000000,0.353008,0.000000,0.000000,0.000000,0.000000,0.000000,0.000000,0.000000,0.000000,0.251307,rest_at_bed,1,60,9912,bed,none,,,0.000000,1.000000,0,none,,7.513805,7.513805,completed,0,7,rain,17.000000
8,1103,3448071000,190,Day 7 21:12,none,,7.513805,7.513805,completed,0.071667,0.202244,0.020215,0.948333,0.091667,0.063333,0.602690,0.015000,0.470400,10,1,1,1,0,0,0,1,1,1,1,1,0,0,1,0,1,0.244739,0.315073,0.233049,0.000000,0.000000,0.000000,0.000000,0.000000,0.000000,0.000000,0.000000,0.000000,0.000000,0.000000,0.000000,0.207139,idle,1,10,9922,,none,,,0.000000,1.000000,0,none,,7.513805,7.513805,completed,0,7,rain,17.000000
8,1103,3448071000,191,Day 7 21:22,none,,7.513805,7.513805,completed,0.195000,0.206244,0.020215,0.895000,0.100000,0.070000,0.602690,0.005000,0.464400,10,1,1,1,0,0,0,1,1,1,1,1,0,0,1,0,1,0.255325,0.304509,0.238056,0.000000,0.000000,0.000000,0.000000,0.000000,0.000000,0.000000,0.000000,0.000000,0.000000,0.000000,0.000000,0.202110,shop_on_phone,0,0,9922,phone,resource_insufficient,,,0.000000,1.000000,0,none,,7.513805,7.513805,completed,0,7,rain,17.000000
8,1103,3448071000,192,Day 7 21:22,none,,7.513805,7.513805,completed,0.195000,0.206244,0.020215,0.865000,0.100000,0.070000,0.632690,0.005000,0.464400,10,1,1,1,0,0,0,1,1,1,1,1,0,0,1,0,1,0.255325,0.304509,0.238056,0.000000,0.000000,0.000000,0.000000,0.000000,0.000000,0.000000,0.000000,0.000000,0.000000,0.000000,0.000000,0.202110,use_computer,1,30,9952,computer,none,,,0.000000,1.000000,0,none,,7.513805,7.513805,completed,0,7,rain,17.000000
8,1103,3448071000,193,Day 7 21:52,none,,7.513805,7.513805,completed,0.045000,0.320366,0.020215,0.855000,0.125000,0.090000,0.632690,0.085000,0.446400,10,1,1,1,0,0,0,1,1,1,1,1,0,0,1,0,1,0.189654,0.250741,0.184138,0.000000,0.000000,0.000000,0.207157,0.000000,0.000000,0.000000,0.000000,0.000000,0.000000,0.000000,0.000000,0.168310,shop_on_phone,0,0,9952,phone,resource_insufficient,,,0.000000,1.000000,0,none,,7.513805,7.513805,completed,0,7,rain,17.000000
8,1103,3448071000,194,Day 7 21:52,none,,7.513805,7.513805,completed,0.045000,0.320366,0.020215,0.825000,0.125000,0.090000,0.662690,0.085000,0.446400,10,1,1,1,0,0,0,1,1,1,1,1,0,0,1,0,1,0.189766,0.250890,0.184247,0.000000,0.000000,0.000000,0.206689,0.000000,0.000000,0.000000,0.000000,0.000000,0.000000,0.000000,0.000000,0.168409,use_phone,1,25,9977,phone,none,,,0.000000,1.000000,0,none,,7.513805,7.513805,completed,0,7,rain,17.000000
8,1103,3448071000,195,Day 7 22:17,none,,7.513805,7.513805,completed,0.000000,0.412886,0.020215,0.856667,0.145833,0.106667,0.662690,0.180000,0.531400,10,1,1,1,0,0,0,1,1,1,1,1,0,0,1,0,1,0.000000,0.314949,0.000000,0.000000,0.000000,0.000000,0.269285,0.000000,0.000000,0.220280,0.000000,0.000000,0.000000,0.000000,0.000000,0.195486,get_meal,1,35,10012,door,none,,,0.000000,1.000000,0,none,,7.513805,7.513805,completed,0,7,rain,17.000000
8,1103,3448071000,196,Day 7 22:52,none,,7.513805,7.513805,completed,0.000000,0.426886,0.020215,0.977344,0.000000,0.130000,0.662690,0.145000,0.510400,10,1,1,1,0,0,0,1,1,1,1,1,0,0,1,0,1,0.000000,0.312268,0.000000,0.000000,0.000000,0.000000,0.270302,0.000000,0.219895,0.000000,0.000000,0.000000,0.000000,0.000000,0.000000,0.197535,idle,1,10,10022,,none,,,0.000000,1.000000,0,none,,7.513805,7.513805,completed,0,7,rain,17.000000
8,1103,3448071000,197,Day 7 23:02,none,,7.513805,7.513805,completed,0.123333,0.430886,0.020215,0.924011,0.008333,0.136667,0.662690,0.135000,0.504400,10,1,1,1,0,0,0,1,1,1,1,1,0,0,1,0,1,0.157079,0.215224,0.152512,0.000000,0.000000,0.000000,0.185537,0.000000,0.152197,0.000000,0.000000,0.000000,0.000000,0.000000,0.000000,0.137450,go_to_bathroom,1,15,10037,door,none,,,0.000000,1.000000,0,none,,7.513805,7.513805,completed,0,7,rain,17.000000
8,1103,3448071000,198,Day 7 23:17,none,,7.513805,7.513805,completed,0.128333,0.436886,0.020215,1.000000,0.020833,0.000000,0.662690,0.120000,0.495400,10,1,1,1,0,0,0,1,1,1,1,1,0,0,1,0,1,0.186551,0.251923,0.181043,0.000000,0.000000,0.000000,0.218255,0.000000,0.000000,0.000000,0.000000,0.000000,0.000000,0.000000,0.000000,0.162228,use_phone,1,25,10062,phone,none,,,0.000000,1.000000,0,none,,7.513805,7.513805,completed,0,7,rain,17.000000
8,1103,3448071000,199,Day 7 23:42,none,,7.513805,7.513805,completed,0.000000,0.529406,0.020215,1.000000,0.041667,0.016667,0.662690,0.215000,0.580400,10,1,1,1,0,0,0,1,1,1,1,1,0,0,1,0,1,0.000000,0.284483,0.000000,0.000000,0.000000,0.000000,0.257116,0.289474,0.000000,0.000000,0.000000,0.000000,0.000000,0.000000,0.000000,0.168927,shop_on_phone,0,0,10062,phone,resource_insufficient,,,0.000000,1.000000,0,none,,7.513805,7.513805,completed,0,7,rain,17.000000
8,1103,3448071000,200,Day 7 23:42,none,,7.513805,7.513805,completed,0.000000,0.529406,0.020215,0.970000,0.041667,0.016667,0.692690,0.215000,0.580400,10,1,1,1,0,0,0,1,1,1,1,1,0,0,1,0,1,0.000000,0.284692,0.000000,0.000000,0.000000,0.000000,0.256571,0.289686,0.000000,0.000000,0.000000,0.000000,0.000000,0.000000,0.000000,0.169051,shop_on_phone,0,0,10062,phone,resource_insufficient,,,0.000000,1.000000,0,none,,7.513805,7.513805,completed,0,7,rain,17.000000
8,1103,3448071000,201,Day 7 23:42,none,,7.513805,7.513805,completed,0.000000,0.529406,0.020215,0.940000,0.041667,0.016667,0.722690,0.215000,0.580400,10,1,1,1,0,0,0,1,1,1,1,1,0,0,1,0,1,0.000000,0.284900,0.000000,0.000000,0.000000,0.000000,0.256027,0.289898,0.000000,0.000000,0.000000,0.000000,0.000000,0.000000,0.000000,0.169175,rest_at_bed,1,60,10122,bed,none,,,0.000000,1.000000,0,none,,7.513805,7.513805,completed,0,7,rain,17.000000
8,1103,3448071000,202,Day 8 00:42,none,,7.513805,7.513805,completed,0.060000,0.321166,0.020215,0.970000,0.091667,0.056667,0.722690,0.015000,0.544400,10,1,1,1,0,0,0,1,1,1,1,1,0,0,1,0,1,0.190378,0.267351,0.184134,0.000000,0.000000,0.000000,0.193805,0.000000,0.000000,0.000000,0.000000,0.000000,0.000000,0.000000,0.000000,0.164332,use_computer,1,30,10152,computer,none,,,0.000000,1.000000,0,none,,7.513805,7.513805,completed,0,7,rain,17.000000
8,1103,3448071000,203,Day 8 01:12,none,,7.513805,7.513805,completed,0.000000,0.435288,0.020215,0.960000,0.116667,0.076667,0.722690,0.095000,0.526400,10,1,1,1,0,0,0,1,1,1,1,1,0,0,1,0,1,0.215613,0.319262,0.000000,0.000000,0.000000,0.000000,0.266065,0.000000,0.000000,0.000000,0.000000,0.000000,0.000000,0.000000,0.000000,0.199060,shop_on_phone,0,0,10152,phone,resource_insufficient,,,0.000000,1.000000,0,none,,7.513805,7.513805,completed,0,7,rain,17.000000
8,1103,3448071000,204,Day 8 01:12,none,,7.513805,7.513805,completed,0.000000,0.435288,0.020215,0.930000,0.116667,0.076667,0.752690,0.095000,0.526400,10,1,1,1,0,0,0,1,1,1,1,1,0,0,1,0,1,0.215777,0.319504,0.000000,0.000000,0.000000,0.000000,0.265508,0.000000,0.000000,0.000000,0.000000,0.000000,0.000000,0.000000,0.000000,0.199211,use_phone,1,25,10177,phone,none,,,0.000000,1.000000,0,none,,7.513805,7.513805,completed,0,7,rain,17.000000
8,1103,3448071000,205,Day 8 01:37,none,,7.513805,7.513805,completed,0.000000,0.527809,0.020215,0.961667,0.137500,0.093333,0.752690,0.190000,0.611400,10,1,1,1,0,0,0,1,1,1,1,1,0,0,1,0,1,0.000000,0.246465,0.000000,0.000000,0.000000,0.000000,0.211976,0.240143,0.000000,0.159106,0.000000,0.000000,0.000000,0.000000,0.000000,0.142310,rest_at_bed,1,60,10237,bed,none,,,0.000000,1.000000,0,none,,7.513805,7.513805,completed,0,7,rain,17.000000
8,1103,3448071000,206,Day 8 02:37,none,,7.513805,7.513805,completed,0.060000,0.319568,0.020215,0.991667,0.187500,0.133333,0.752690,0.000000,0.575400,10,1,1,1,0,0,0,1,1,1,1,1,0,0,1,0,1,0.138472,0.199092,0.133867,0.000000,0.000000,0.000000,0.138783,0.000000,0.132134,0.138657,0.000000,0.000000,0.000000,0.000000,0.000000,0.118995,idle,1,10,10247,,none,,,0.000000,1.000000,0,none,,7.513805,7.513805,completed,0,7,rain,17.000000
8,1103,3448071000,207,Day 8 02:47,none,,7.513805,7.513805,completed,0.183333,0.323568,0.020215,0.938333,0.195833,0.140000,0.752690,0.000000,0.569400,10,1,1,1,0,0,0,1,1,1,1,1,0,0,1,0,1,0.146069,0.195113,0.138292,0.000000,0.000000,0.000000,0.136099,0.000000,0.130040,0.136655,0.000000,0.000000,0.000000,0.000000,0.000000,0.117733,rest_at_bed,1,60,10307,bed,none,,,0.000000,1.000000,0,none,,7.513805,7.513805,completed,0,7,rain,17.000000
8,1103,3448071000,208,Day 8 03:47,none,,7.513805,7.513805,completed,0.243333,0.115328,0.020215,0.968333,0.245833,0.180000,0.752690,0.000000,0.533400,10,1,1,1,0,0,0,1,1,1,1,1,0,0,1,0,1,0.175679,0.214535,0.160740,0.000000,0.000000,0.000000,0.000000,0.000000,0.152941,0.162105,0.000000,0.000000,0.000000,0.000000,0.000000,0.134000,use_phone,1,25,10332,phone,none,,,0.000000,1.000000,0,none,,7.513805,7.513805,completed,0,7,rain,17.000000
8,1103,3448071000,209,Day 8 04:12,none,,7.513805,7.513805,completed,0.031667,0.207849,0.020215,1.000000,0.266667,0.196667,0.752690,0.095000,0.618400,10,1,1,1,0,0,0,1,1,1,1,1,0,0,1,0,1,0.132510,0.204127,0.127333,0.000000,0.000000,0.000000,0.132458,0.000000,0.138744,0.147584,0.000000,0.000000,0.000000,0.000000,0.000000,0.117243,shop_on_phone,0,0,10332,phone,resource_insufficient,,,0.000000,1.000000,0,none,,7.513805,7.513805,completed,0,7,rain,17.000000
8,1103,3448071000,210,Day 8 04:12,none,,7.513805,7.513805,completed,0.031667,0.207849,0.020215,0.970000,0.266667,0.196667,0.782690,0.095000,0.618400,10,1,1,1,0,0,0,1,1,1,1,1,0,0,1,0,1,0.132561,0.204204,0.127381,0.000000,0.000000,0.000000,0.132130,0.000000,0.138797,0.147640,0.000000,0.000000,0.000000,0.000000,0.000000,0.117288,go_to_bathroom,1,15,10347,door,none,,,0.000000,1.000000,0,none,,7.513805,7.513805,completed,0,7,rain,17.000000
8,1103,3448071000,211,Day 8 04:27,none,,7.513805,7.513805,completed,0.036667,0.213849,0.020215,1.000000,0.279167,0.000000,0.782690,0.080000,0.609400,10,1,1,1,0,0,0,1,1,1,1,1,0,0,1,0,1,0.154685,0.234852,0.148571,0.000000,0.000000,0.000000,0.152719,0.000000,0.000000,0.173158,0.000000,0.000000,0.000000,0.000000,0.000000,0.136015,idle,1,10,10357,,none,,,0.000000,1.000000,0,none,,7.513805,7.513805,completed,0,7,rain,17.000000
8,1103,3448071000,212,Day 8 04:37,none,,7.513805,7.513805,completed,0.160000,0.217849,0.020215,0.946667,0.287500,0.006667,0.782690,0.070000,0.603400,10,1,1,1,0,0,0,1,1,1,1,1,0,0,1,0,1,0.163315,0.229706,0.153588,0.000000,0.000000,0.000000,0.148760,0.000000,0.000000,0.170322,0.000000,0.000000,0.000000,0.000000,0.000000,0.134309,use_computer,1,30,10387,computer,none,,,0.000000,1.000000,0,none,,7.513805,7.513805,completed,0,7,rain,17.000000
8,1103,3448071000,213,Day 8 05:07,none,,7.513805,7.513805,completed,0.010000,0.331971,0.020215,0.936667,0.312500,0.026667,0.782690,0.150000,0.585400,10,1,1,1,0,0,0,1,1,1,1,1,0,0,1,0,1,0.170567,0.265949,0.000000,0.000000,0.000000,0.000000,0.199107,0.000000,0.000000,0.207114,0.000000,0.000000,0.000000,0.000000,0.000000,0.157263,get_meal,1,35,10422,door,none,,,0.000000,1.000000,0,none,,7.513805,7.513805,completed,0,7,rain,17.000000
8,1103,3448071000,214,Day 8 05:42,none,,7.513805,7.513805,completed,0.000000,0.345971,0.020215,1.000000,0.000000,0.050000,0.782690,0.115000,0.564400,10,1,1,1,0,0,0,1,1,1,1,1,0,0,1,0,1,0.217311,0.331526,0.000000,0.000000,0.000000,0.000000,0.251434,0.000000,0.000000,0.000000,0.000000,0.000000,0.000000,0.000000,0.000000,0.199729,shop_on_phone,0,0,10422,phone,resource_insufficient,,,0.000000,1.000000,0,none,,7.513805,7.513805,completed,0,7,rain,17.000000
8,1103,3448071000,215,Day 8 05:42,none,,7.513805,7.513805,completed,0.000000,0.345971,0.020215,0.970000,0.000000,0.050000,0.812690,0.115000,0.564400,10,1,1,1,0,0,0,1,1,1,1,1,0,0,1,0,1,0.217467,0.331764,0.000000,0.000000,0.000000,0.000000,0.250897,0.000000,0.000000,0.000000,0.000000,0.000000,0.000000,0.000000,0.000000,0.199872,idle,1,10,10432,,none,,,0.000000,1.000000,0,none,,7.513805,7.513805,completed,0,7,rain,17.000000
8,1103,3448071000,216,Day 8 05:52,none,,7.513805,7.513805,completed,0.123333,0.349971,0.020215,0.916667,0.008333,0.056667,0.812690,0.105000,0.558400,10,1,1,1,0,0,0,1,1,1,1,1,0,0,1,0,1,0.188723,0.266722,0.181447,0.000000,0.000000,0.000000,0.200883,0.000000,0.000000,0.000000,0.000000,0.000000,0.000000,0.000000,0.000000,0.162226,idle,1,10,10442,,none,,,0.000000,1.000000,0,none,,7.513805,7.513805,completed,0,7,rain,17.000000
8,1103,3448071000,217,Day 8 06:02,none,,7.513805,7.513805,completed,0.246667,0.353971,0.020215,0.863333,0.016667,0.063333,0.812690,0.095000,0.552400,10,1,1,1,0,0,0,1,1,1,1,1,0,0,1,0,1,0.198543,0.259950,0.186907,0.000000,0.000000,0.000000,0.194980,0.000000,0.000000,0.000000,0.000000,0.000000,0.000000,0.000000,0.000000,0.159620,shop_on_phone,0,0,10442,phone,resource_insufficient,,,0.000000,1.000000,0,none,,7.513805,7.513805,completed,0,7,rain,17.000000
8,1103,3448071000,218,Day 8 06:02,none,,7.513805,7.513805,completed,0.246667,0.353971,0.020215,0.833333,0.016667,0.063333,0.842690,0.095000,0.552400,10,1,1,1,0,0,0,1,1,1,1,1,0,0,1,0,1,0.198654,0.260094,0.187011,0.000000,0.000000,0.000000,0.194532,0.000000,0.000000,0.000000,0.000000,0.000000,0.000000,0.000000,0.000000,0.159709,idle,1,10,10452,,none,,,0.000000,1.000000,0,none,,7.513805,7.513805,completed,0,7,rain,17.000000
8,1103,3448071000,219,Day 8 06:12,none,,7.513805,7.513805,completed,0.370000,0.357971,0.020215,0.780000,0.025000,0.070000,0.842690,0.085000,0.546400,10,1,1,1,0,0,0,1,1,1,1,1,0,0,1,0,1,0.208766,0.253217,0.192430,0.000000,0.000000,0.000000,0.188613,0.000000,0.000000,0.000000,0.000000,0.000000,0.000000,0.000000,0.000000,0.156975,use_computer,1,30,10482,computer,none,,,0.000000,1.000000,0,none,,7.513805,7.513805,completed,0,7,rain,17.000000
8,1103,3448071000,220,Day 8 06:42,none,,7.513805,7.513805,completed,0.220000,0.472093,0.020215,0.770000,0.050000,0.090000,0.842690,0.165000,0.528400,10,1,1,1,0,0,0,1,1,1,1,1,0,0,1,0,1,0.188492,0.253445,0.180926,0.000000,0.000000,0.000000,0.218240,0.000000,0.000000,0.000000,0.000000,0.000000,0.000000,0.000000,0.000000,0.158897,use_phone,1,25,10507,phone,none,,,0.000000,1.000000,0,none,,7.513805,7.513805,completed,0,7,rain,17.000000
8,1103,3448071000,221,Day 8 07:07,none,,7.513805,7.513805,completed,0.008333,0.564613,0.020215,0.801667,0.070833,0.106667,0.842690,0.260000,0.613400,10,1,1,1,0,0,0,1,1,1,1,1,0,0,1,0,1,0.000000,0.283317,0.000000,0.000000,0.000000,0.000000,0.255822,0.297523,0.000000,0.000000,0.000000,0.000000,0.000000,0.000000,0.000000,0.163338,sleep_at_bed,1,480,10987,bed,none,alarm-rings|weather-rain|room-temperature-shift|message-study-group,,0.000000,1.000000,0,none,,7.513805,7.513805,completed,0,8,rain,24.000000
8,1103,3448071000,222,Day 8 15:07,none,,7.513805,7.513805,completed,0.118333,0.291650,0.020215,0.721667,0.470833,0.426667,0.885475,0.000000,0.325400,11,1,1,1,0,0,0,1,1,1,1,1,0,1,1,0,1,0.113847,0.126014,0.108609,0.000000,0.000000,0.000000,0.106198,0.000000,0.138523,0.143116,0.000000,0.000000,0.169102,0.000000,0.000000,0.094591,turn_off_alarm,1,1,10988,alarm,none,,,0.000000,1.000000,0,none,,7.513805,7.513805,completed,0,8,rain,24.000000
8,1103,3448071000,223,Day 8 15:08,none,,7.513805,7.513805,completed,0.118667,0.292050,0.020215,0.751333,0.471667,0.427333,0.865475,0.000000,0.324800,10,1,1,1,0,0,0,1,1,1,1,1,0,0,1,0,1,0.136972,0.151508,0.130668,0.000000,0.000000,0.000000,0.128028,0.000000,0.166741,0.172294,0.000000,0.000000,0.000000,0.000000,0.000000,0.113790,shop_on_phone,0,0,10988,phone,resource_insufficient,,,0.000000,1.000000,0,none,,7.513805,7.513805,completed,0,8,rain,24.000000
8,1103,3448071000,224,Day 8 15:08,none,,7.513805,7.513805,completed,0.118667,0.292050,0.020215,0.721333,0.471667,0.427333,0.895475,0.000000,0.324800,10,1,1,1,0,0,0,1,1,1,1,1,0,0,1,0,1,0.137022,0.151563,0.130716,0.000000,0.000000,0.000000,0.127710,0.000000,0.166802,0.172357,0.000000,0.000000,0.000000,0.000000,0.000000,0.113831,shop_on_phone,0,0,10988,phone,resource_insufficient,,,0.000000,1.000000,0,none,,7.513805,7.513805,completed,0,8,rain,24.000000
8,1103,3448071000,225,Day 8 15:08,none,,7.513805,7.513805,completed,0.118667,0.292050,0.020215,0.691333,0.471667,0.427333,0.925475,0.000000,0.324800,10,1,1,1,0,0,0,1,1,1,1,1,0,0,1,0,1,0.137072,0.151618,0.130763,0.000000,0.000000,0.000000,0.127392,0.000000,0.166862,0.172420,0.000000,0.000000,0.000000,0.000000,0.000000,0.113873,use_phone,1,25,11013,phone,none,,,0.000000,1.000000,0,none,,7.513805,7.513805,completed,0,8,rain,24.000000
8,1103,3448071000,226,Day 8 15:33,none,,7.513805,7.513805,completed,0.000000,0.384570,0.020215,0.723000,0.492500,0.444000,0.925475,0.095000,0.409800,10,1,1,1,0,0,0,1,1,1,1,1,0,0,1,0,1,0.138519,0.183530,0.000000,0.000000,0.000000,0.000000,0.160774,0.000000,0.191473,0.198558,0.000000,0.000000,0.000000,0.000000,0.000000,0.127146,shop_on_phone,0,0,11013,phone,resource_insufficient,,,0.000000,1.000000,0,none,,7.513805,7.513805,completed,0,8,rain,24.000000
8,1103,3448071000,227,Day 8 15:33,none,,7.513805,7.513805,completed,0.000000,0.384570,0.020215,0.693000,0.492500,0.444000,0.955475,0.095000,0.409800,10,1,1,1,0,0,0,1,1,1,1,1,0,0,1,0,1,0.138582,0.183614,0.000000,0.000000,0.000000,0.000000,0.160389,0.000000,0.191561,0.198649,0.000000,0.000000,0.000000,0.000000,0.000000,0.127204,shop_on_phone,0,0,11013,phone,resource_insufficient,,,0.000000,1.000000,0,none,,7.513805,7.513805,completed,0,8,rain,24.000000
8,1103,3448071000,228,Day 8 15:33,none,,7.513805,7.513805,completed,0.000000,0.384570,0.020215,0.663000,0.492500,0.444000,0.985475,0.095000,0.409800,10,1,1,1,0,0,0,1,1,1,1,1,0,0,1,0,1,0.138646,0.183698,0.000000,0.000000,0.000000,0.000000,0.160005,0.000000,0.191649,0.198740,0.000000,0.000000,0.000000,0.000000,0.000000,0.127262,idle,1,10,11023,,none,,,0.000000,1.000000,0,none,,7.513805,7.513805,completed,0,8,rain,24.000000
8,1103,3448071000,229,Day 8 15:43,none,,7.513805,7.513805,completed,0.123333,0.388570,0.020215,0.609667,0.500833,0.450667,0.985475,0.085000,0.403800,10,1,1,1,0,0,0,1,1,1,1,1,0,0,1,0,1,0.129242,0.158636,0.124761,0.000000,0.000000,0.000000,0.137610,0.000000,0.166201,0.172597,0.000000,0.000000,0.000000,0.000000,0.000000,0.110952,use_computer,1,30,11053,computer,none,,,0.000000,1.000000,0,none,,7.513805,7.513805,completed,0,8,rain,24.000000
8,1103,3448071000,230,Day 8 16:13,none,,7.513805,7.513805,completed,0.000000,0.502692,0.020215,0.599667,0.525833,0.470667,0.985475,0.165000,0.385800,10,1,1,1,0,0,0,1,1,1,1,1,0,0,1,0,1,0.000000,0.202272,0.000000,0.000000,0.000000,0.000000,0.202507,0.000000,0.221259,0.230761,0.000000,0.000000,0.000000,0.000000,0.000000,0.143202,shop_on_phone,0,0,11053,phone,resource_insufficient,,,0.000000,1.000000,0,none,,7.513805,7.513805,completed,0,8,rain,24.000000
8,1103,3448071000,231,Day 8 16:13,none,,7.513805,7.513805,completed,0.000000,0.502692,0.020215,0.569667,0.525833,0.470667,1.000000,0.165000,0.385800,10,1,1,1,0,0,0,1,1,1,1,1,0,0,1,0,1,0.000000,0.202328,0.000000,0.000000,0.000000,0.000000,0.202284,0.000000,0.221321,0.230826,0.000000,0.000000,0.000000,0.000000,0.000000,0.143242,go_to_bathroom,1,15,11068,door,none,,,0.000000,1.000000,0,none,,7.513805,7.513805,completed,0,8,rain,24.000000
8,1103,3448071000,232,Day 8 16:28,none,,7.513805,7.513805,completed,0.005000,0.508692,0.020215,0.657011,0.538333,0.000000,1.000000,0.150000,0.376800,10,1,1,1,0,0,0,1,1,1,1,1,0,0,1,0,1,0.000000,0.257596,0.000000,0.000000,0.000000,0.000000,0.258822,0.000000,0.000000,0.299692,0.000000,0.000000,0.000000,0.000000,0.000000,0.183890,rest_at_bed,1,60,11128,bed,none,,,0.000000,1.000000,0,none,,7.513805,7.513805,completed,0,8,rain,24.000000
8,1103,3448071000,233,Day 8 17:28,none,,7.513805,7.513805,completed,0.065000,0.300452,0.020215,0.687011,0.588333,0.040000,1.000000,0.000000,0.340800,10,1,1,1,0,0,0,1,1,1,1,1,0,0,1,0,1,0.156503,0.181130,0.150839,0.000000,0.000000,0.000000,0.150338,0.000000,0.000000,0.227345,0.000000,0.000000,0.000000,0.000000,0.000000,0.133846,shop_on_phone,0,0,11128,phone,resource_insufficient,,,0.000000,1.000000,0,none,,7.513805,7.513805,completed,0,8,rain,24.000000
8,1103,3448071000,234,Day 8 17:28,none,,7.513805,7.513805,completed,0.065000,0.300452,0.020215,0.657011,0.588333,0.040000,1.000000,0.000000,0.340800,10,1,1,1,0,0,0,1,1,1,1,1,0,0,1,0,1,0.156503,0.181130,0.150839,0.000000,0.000000,0.000000,0.150338,0.000000,0.000000,0.227345,0.000000,0.000000,0.000000,0.000000,0.000000,0.133846,get_meal,1,35,11163,door,none,,,0.000000,1.000000,0,none,,7.513805,7.513805,completed,0,8,rain,24.000000
8,1103,3448071000,235,Day 8 18:03,none,,7.513805,7.513805,completed,0.036667,0.314452,0.020215,0.777689,0.067500,0.063333,1.000000,0.000000,0.319800,10,1,1,1,0,0,0,1,1,1,1,1,0,0,1,0,1,0.200644,0.231843,0.194644,0.000000,0.000000,0.000000,0.198432,0.000000,0.000000,0.000000,0.000000,0.000000,0.000000,0.000000,0.000000,0.174437,rest_at_bed,1,60,11223,bed,none,,,0.000000,1.000000,0,none,,7.513805,7.513805,completed,0,8,rain,24.000000
8,1103,3448071000,236,Day 8 19:03,none,,7.513805,7.513805,completed,0.096667,0.106212,0.020215,0.807689,0.117500,0.103333,1.000000,0.000000,0.283800,10,1,1,1,0,0,0,1,1,1,1,1,0,0,1,0,1,0.262012,0.276782,0.245641,0.000000,0.000000,0.000000,0.000000,0.000000,0.000000,0.000000,0.000000,0.000000,0.000000,0.000000,0.000000,0.215565,idle,1,10,11233,,none,,,0.000000,1.000000,0,none,,7.513805,7.513805,completed,0,8,rain,24.000000
8,1103,3448071000,237,Day 8 19:13,none,,7.513805,7.513805,completed,0.220000,0.110212,0.020215,0.754355,0.125833,0.110000,1.000000,0.000000,0.277800,10,1,1,1,0,0,0,1,1,1,1,1,0,0,1,0,1,0.272388,0.267328,0.250089,0.000000,0.000000,0.000000,0.000000,0.000000,0.000000,0.000000,0.000000,0.000000,0.000000,0.000000,0.000000,0.210195,use_phone,1,25,11258,phone,none,,,0.000000,1.000000,0,none,,7.513805,7.513805,completed,0,8,rain,24.000000
8,1103,3448071000,238,Day 8 19:38,none,,7.513805,7.513805,completed,0.008333,0.202732,0.020215,0.786022,0.146667,0.126667,1.000000,0.095000,0.362800,10,1,1,1,0,0,0,1,1,1,1,1,0,0,1,0,1,0.241441,0.298907,0.000000,0.000000,0.000000,0.000000,0.000000,0.000000,0.000000,0.243530,0.000000,0.000000,0.000000,0.000000,0.000000,0.216121,use_phone,1,25,11283,phone,none,,,0.000000,1.000000,0,none,,7.513805,7.513805,completed,0,8,rain,24.000000
8,1103,3448071000,239,Day 8 20:03,none,,7.513805,7.513805,completed,0.000000,0.295252,0.020215,0.817689,0.167500,0.143333,1.000000,0.190000,0.447800,10,1,1,1,0,0,0,1,1,1,1,1,0,0,1,0,1,0.151399,0.211145,0.000000,0.000000,0.000000,0.000000,0.174199,0.000000,0.159370,0.162547,0.000000,0.000000,0.000000,0.000000,0.000000,0.141339,use_phone,1,25,11308,phone,none,evening,,0.000000,1.000000,0,none,,7.513805,7.513805,completed,0,8,rain,24.000000
8,1103,3448071000,240,Day 8 20:28,none,,7.513805,7.513805,completed,0.000000,0.387773,0.020215,0.849355,0.188333,0.160000,1.000000,0.285000,0.532800,10,1,1,1,0,0,0,1,1,1,1,1,0,0,1,0,1,0.000000,0.255682,0.000000,0.000000,0.000000,0.000000,0.218321,0.000000,0.181608,0.185891,0.000000,0.000000,0.000000,0.000000,0.000000,0.158498,rest_at_bed,1,60,11368,bed,none,,,0.000000,1.000000,0,none,,7.513805,7.513805,completed,0,8,rain,24.000000
8,1103,3448071000,241,Day 8 21:28,none,,7.513805,7.513805,completed,0.060000,0.179533,0.020215,0.879355,0.238333,0.200000,1.000000,0.085000,0.496800,10,1,1,1,0,0,0,1,1,1,1,1,0,0,1,0,1,0.159877,0.215886,0.152356,0.000000,0.000000,0.000000,0.000000,0.000000,0.164019,0.169333,0.000000,0.000000,0.000000,0.000000,0.000000,0.138530,use_phone,1,25,11393,phone,none,,,0.000000,1.000000,0,none,,7.513805,7.513805,completed,0,8,rain,24.000000
8,1103,3448071000,242,Day 8 21:53,none,,7.513805,7.513805,completed,0.000000,0.272053,0.020215,0.911022,0.259167,0.216667,1.000000,0.180000,0.581800,10,1,1,1,0,0,0,1,1,1,1,1,0,0,1,0,1,0.144896,0.226836,0.000000,0.000000,0.000000,0.000000,0.162307,0.000000,0.162780,0.168655,0.000000,0.000000,0.000000,0.000000,0.000000,0.134526,use_phone,1,25,11418,phone,none,,,0.000000,1.000000,0,none,,7.513805,7.513805,completed,0,8,rain,24.000000
8,1103,3448071000,243,Day 8 22:18,none,,7.513805,7.513805,completed,0.000000,0.364573,0.020215,0.942689,0.280000,0.233333,1.000000,0.275000,0.666800,10,1,1,1,0,0,0,1,1,1,1,1,0,0,1,0,1,0.000000,0.272685,0.000000,0.000000,0.000000,0.000000,0.201937,0.000000,0.184144,0.191473,0.000000,0.000000,0.000000,0.000000,0.000000,0.149761,idle,1,10,11428,,none,,,0.000000,1.000000,0,none,,7.513805,7.513805,completed,0,8,rain,24.000000
8,1103,3448071000,244,Day 8 22:28,none,,7.513805,7.513805,completed,0.123333,0.368573,0.020215,0.889355,0.288333,0.240000,1.000000,0.265000,0.660800,10,1,1,1,0,0,0,1,1,1,1,1,0,0,1,0,1,0.125869,0.204687,0.121643,0.000000,0.000000,0.000000,0.150960,0.000000,0.138808,0.144540,0.000000,0.000000,0.000000,0.000000,0.000000,0.113492,go_to_bathroom,1,15,11443,door,none,,,0.000000,1.000000,0,none,,7.513805,7.513805,completed,0,8,rain,24.000000
8,1103,3448071000,245,Day 8 22:43,none,,7.513805,7.513805,completed,0.128333,0.374573,0.020215,0.976700,0.300833,0.000000,1.000000,0.250000,0.651800,10,1,1,1,0,0,0,1,1,1,1,1,0,0,1,0,1,0.146908,0.235460,0.141910,0.000000,0.000000,0.000000,0.174520,0.000000,0.000000,0.169559,0.000000,0.000000,0.000000,0.000000,0.000000,0.131642,use_phone,1,25,11468,phone,none,,,0.000000,1.000000,0,none,,7.513805,7.513805,completed,0,8,rain,24.000000
8,1103,3448071000,246,Day 8 23:08,none,,7.513805,7.513805,completed,0.000000,0.467093,0.020215,1.000000,0.321667,0.016667,1.000000,0.345000,0.736800,10,1,1,1,0,0,0,1,1,1,1,1,0,0,1,0,1,0.000000,0.258915,0.000000,0.000000,0.000000,0.000000,0.200199,0.229918,0.000000,0.177487,0.000000,0.000000,0.000000,0.000000,0.000000,0.133482,get_meal,1,35,11503,door,none,,,0.000000,1.000000,0,none,,7.513805,7.513805,completed,0,8,rain,24.000000
8,1103,3448071000,247,Day 8 23:43,none,,7.513805,7.513805,completed,0.000000,0.481093,0.020215,1.000000,0.000000,0.040000,1.000000,0.310000,0.715800,10,1,1,1,0,0,0,1,1,1,1,1,0,0,1,0,1,0.000000,0.311591,0.000000,0.000000,0.000000,0.000000,0.243915,0.280778,0.000000,0.000000,0.000000,0.000000,0.000000,0.000000,0.000000,0.163716,idle,1,10,11513,,none,,,0.000000,1.000000,0,none,,7.513805,7.513805,completed,0,8,rain,24.000000
8,1103,3448071000,248,Day 8 23:53,none,,7.513805,7.513805,completed,0.123333,0.485093,0.020215,0.946667,0.008333,0.046667,1.000000,0.300000,0.709800,10,1,1,1,0,0,0,1,1,1,1,1,0,0,1,0,1,0.151939,0.264353,0.000000,0.000000,0.000000,0.000000,0.206089,0.237393,0.000000,0.000000,0.000000,0.000000,0.000000,0.000000,0.000000,0.140226,sleep_at_bed,1,480,11993,bed,none,,,0.000000,1.000000,0,none,,7.513805,7.513805,completed,0,8,rain,24.000000
8,1103,3448071000,249,Day 9 07:53,none,,7.513805,7.513805,completed,0.203333,0.212130,0.020215,0.866667,0.408333,0.366667,1.000000,0.000000,0.421800,10,1,1,1,0,0,0,1,1,1,1,1,0,0,1,0,1,0.165158,0.188516,0.153855,0.000000,0.000000,0.000000,0.000000,0.000000,0.178345,0.184057,0.000000,0.000000,0.000000,0.000000,0.000000,0.130069,use_computer,1,30,12023,computer,none,,,0.000000,1.000000,0,none,,7.513805,7.513805,completed,0,8,rain,24.000000
8,1103,3448071000,250,Day 9 08:23,none,,7.513805,7.513805,completed,0.053333,0.326252,0.020215,0.856667,0.433333,0.386667,1.000000,0.080000,0.403800,10,1,1,1,0,0,0,1,1,1,1,1,0,0,1,0,1,0.129563,0.163940,0.125686,0.000000,0.000000,0.000000,0.136104,0.000000,0.162199,0.168113,0.000000,0.000000,0.000000,0.000000,0.000000,0.114395,use_phone,1,25,12048,phone,none,,,0.000000,1.000000,0,none,,7.513805,7.513805,completed,0,8,rain,24.000000
8,1103,3448071000,251,Day 9 08:48,none,,7.513805,7.513805,completed,0.000000,0.418772,0.020215,0.888333,0.454167,0.403333,1.000000,0.175000,0.488800,10,1,1,1,0,0,0,1,1,1,1,1,0,0,1,0,1,0.000000,0.226609,0.000000,0.000000,0.000000,0.000000,0.195355,0.000000,0.211680,0.220183,0.000000,0.000000,0.000000,0.000000,0.000000,0.146174,get_meal,1,35,12083,door,none,,,0.000000,1.000000,0,none,,7.513805,7.513805,completed,0,8,rain,24.000000
8,1103,3448071000,252,Day 9 09:23,none,,7.513805,7.513805,completed,0.000000,0.432772,0.020215,1.000000,0.000000,0.426667,1.000000,0.140000,0.467800,10,1,1,1,0,0,0,1,1,1,1,1,0,0,1,0,1,0.000000,0.285404,0.000000,0.000000,0.000000,0.000000,0.249090,0.000000,0.277879,0.000000,0.000000,0.000000,0.000000,0.000000,0.000000,0.187626,go_to_bathroom,1,15,12098,door,none,alarm-rings,,0.000000,1.000000,0,none,,7.513805,7.513805,completed,0,8,rain,24.000000
8,1103,3448071000,253,Day 9 09:38,none,,7.513805,7.513805,completed,0.035000,0.438772,0.020215,1.000000,0.012500,0.000000,1.000000,0.125000,0.458800,11,1,1,1,0,0,0,1,1,1,1,1,0,1,1,0,1,0.139276,0.191977,0.137407,0.000000,0.000000,0.000000,0.168073,0.000000,0.000000,0.000000,0.000000,0.000000,0.235881,0.000000,0.000000,0.127386,use_computer,1,30,12128,computer,none,,,0.000000,1.000000,0,none,,7.513805,7.513805,completed,0,8,rain,24.000000
8,1103,3448071000,254,Day 9 10:08,none,,7.513805,7.513805,completed,0.000000,0.552895,0.020215,0.990000,0.037500,0.020000,1.000000,0.205000,0.440800,11,1,1,1,0,0,0,1,1,1,1,1,0,1,1,0,1,0.000000,0.195807,0.000000,0.000000,0.000000,0.000000,0.196772,0.230455,0.000000,0.000000,0.000000,0.000000,0.245061,0.000000,0.000000,0.131904,shop_on_phone,0,0,12128,phone,resource_insufficient,,,0.000000,1.000000,0,none,,7.513805,7.513805,completed,0,8,rain,24.000000
8,1103,3448071000,255,Day 9 10:08,none,,7.513805,7.513805,completed,0.000000,0.552895,0.020215,0.960000,0.037500,0.020000,1.000000,0.205000,0.440800,11,1,1,1,0,0,0,1,1,1,1,1,0,1,1,0,1,0.000000,0.195807,0.000000,0.000000,0.000000,0.000000,0.196772,0.230455,0.000000,0.000000,0.000000,0.000000,0.245061,0.000000,0.000000,0.131904,turn_off_alarm,1,1,12129,alarm,none,,,0.000000,1.000000,0,none,,7.513805,7.513805,completed,0,8,rain,24.000000
8,1103,3448071000,256,Day 9 10:09,none,,7.513805,7.513805,completed,0.000333,0.553295,0.020215,0.989667,0.038333,0.020667,0.980000,0.204000,0.440200,10,1,1,1,0,0,0,1,1,1,1,1,0,0,1,0,1,0.000000,0.259161,0.000000,0.000000,0.000000,0.000000,0.261021,0.305141,0.000000,0.000000,0.000000,0.000000,0.000000,0.000000,0.000000,0.174678,sleep_at_bed,1,480,12609,bed,none,message-study-group|weather-rain|room-temperature-shift,,0.000000,1.000000,0,none,,7.513805,7.513805,completed,0,9,rain,24.000000
