personality_index,scenario_seed,action_seed,step,decision_time,pre_commitment_status,pre_commitment_task_id,pre_task_effort,pre_task_effort_target,pre_task_status,pre_boredom,pre_fatigue,pre_task_pressure,pre_satisfaction,pre_hunger,pre_bathroom_urge,pre_anxiety,pre_screen_strain,pre_purchase_urge,known_action_count,known_use_phone,known_shop_on_phone,known_use_computer,known_study_at_computer,known_study_focused,known_study_halfhearted,known_rest_at_bed,known_sleep_at_bed,known_go_to_bathroom,known_get_meal,known_turn_light_on,known_turn_light_off,known_turn_off_alarm,known_open_curtain,known_close_curtain,known_idle,p_use_phone,p_shop_on_phone,p_use_computer,p_study_at_computer,p_study_focused,p_study_halfhearted,p_rest_at_bed,p_sleep_at_bed,p_go_to_bathroom,p_get_meal,p_turn_light_on,p_turn_light_off,p_turn_off_alarm,p_open_curtain,p_close_curtain,p_idle,chosen_action,accepted,elapsed_minutes,simulation_total_minutes,target_object_id,failure_reason,event_ids,outcome_task_id,outcome_task_effort_gained,outcome_task_settlement_variation,outcome_task_session_interrupted,post_commitment_status,post_commitment_task_id,post_task_effort,post_task_effort_target,post_task_status,post_wallet,post_unread_messages,post_weather,post_temperature_celsius
11,1106,3448097784,1,Day 1 08:00,none,,0.000000,7.811698,active,0.550000,0.150000,0.550000,0.450000,0.250000,0.150000,0.200000,0.050000,0.100000,13,1,1,1,1,1,1,1,1,1,1,0,1,0,0,1,1,0.167606,0.070039,0.120792,0.112925,0.120276,0.121624,0.081565,0.000000,0.068306,0.080136,0.000000,0.000000,0.000000,0.000000,0.000000,0.056731,go_to_bathroom,1,15,495,door,none,,,0.000000,1.000000,0,none,,0.000000,7.811698,active,120,0,clear,23.000000
11,1106,3448097784,2,Day 1 08:15,none,,0.000000,7.811698,active,0.555000,0.156000,0.550000,0.530003,0.262500,0.000000,0.200000,0.035000,0.091000,13,1,1,1,1,1,1,1,1,1,1,0,1,0,0,1,1,0.181157,0.073673,0.130445,0.120215,0.129878,0.130072,0.086598,0.000000,0.000000,0.087353,0.000000,0.000000,0.000000,0.000000,0.000000,0.060609,idle,1,10,505,,none,,,0.000000,1.000000,0,none,,0.000000,7.811698,active,120,0,clear,23.000000
11,1106,3448097784,3,Day 1 08:25,none,,0.000000,7.811698,active,0.678333,0.160000,0.688768,0.476670,0.270833,0.006667,0.201865,0.025000,0.085000,13,1,1,1,1,1,1,1,1,1,1,0,1,0,0,1,1,0.182726,0.064401,0.126481,0.135218,0.144705,0.141116,0.075095,0.000000,0.000000,0.077118,0.000000,0.000000,0.000000,0.000000,0.000000,0.053141,study_at_computer,1,35,540,computer,none,,coursework,0.634606,0.918998,0,active,coursework,0.634606,7.811698,active,120,0,clear,23.000000
11,1106,3448097784,4,Day 1 09:00,active,coursework,0.634606,7.811698,active,0.710000,0.287367,0.564566,0.545003,0.300000,0.030000,0.152348,0.070000,0.064000,13,1,1,1,1,1,1,1,1,1,1,0,1,0,0,1,1,0.184795,0.000000,0.130310,0.136049,0.147377,0.166849,0.095931,0.000000,0.000000,0.083115,0.000000,0.000000,0.000000,0.000000,0.000000,0.055574,study_halfhearted,1,35,575,desk,none,message-study-group,coursework,0.226816,0.912926,0,active,coursework,0.861422,7.811698,active,120,1,clear,23.000000
11,1106,3448097784,5,Day 1 09:35,active,coursework,0.861422,7.811698,active,0.771667,0.381367,0.564566,0.553336,0.329167,0.053333,0.182399,0.035000,0.043000,13,1,1,1,1,1,1,1,1,1,1,0,1,0,0,1,1,0.180044,0.000000,0.126814,0.119799,0.129968,0.155459,0.095261,0.000000,0.000000,0.079297,0.000000,0.062316,0.000000,0.000000,0.000000,0.051042,use_phone,1,25,600,phone,none,,,0.000000,1.000000,0,active,coursework,0.861422,7.811698,active,120,1,clear,23.000000
11,1106,3448097784,6,Day 1 10:00,active,coursework,0.861422,7.811698,active,0.560000,0.478474,0.693333,0.585003,0.350000,0.070000,0.184300,0.130000,0.128000,13,1,1,1,1,1,1,1,1,1,1,0,1,0,0,1,1,0.109044,0.052936,0.084269,0.121166,0.132194,0.126056,0.098069,0.110671,0.000000,0.068259,0.000000,0.057040,0.000000,0.000000,0.000000,0.040297,study_at_computer,1,35,635,computer,none,,coursework,0.709012,1.026747,0,active,coursework,1.570434,7.811698,active,120,1,clear,23.000000
11,1106,3448097784,7,Day 1 10:35,active,coursework,1.570434,7.811698,active,0.591667,0.605840,0.569132,0.653336,0.379167,0.093333,0.134799,0.175000,0.107000,13,1,1,1,1,1,1,1,1,1,1,0,1,0,0,1,1,0.108848,0.051937,0.085694,0.090494,0.099940,0.110635,0.123655,0.151081,0.000000,0.072613,0.000000,0.063507,0.000000,0.000000,0.000000,0.041596,study_halfhearted,1,35,670,desk,none,weather-rain,coursework,0.255368,1.027847,0,active,coursework,1.825802,7.811698,active,120,1,rain,23.000000
11,1106,3448097784,8,Day 1 11:10,active,coursework,1.825802,7.811698,active,0.683333,0.699840,0.502891,0.661670,0.408333,0.116667,0.114865,0.140000,0.086000,13,1,1,1,1,1,1,1,1,1,1,0,1,0,0,1,1,0.117311,0.049169,0.091358,0.073968,0.081810,0.103917,0.132368,0.170437,0.000000,0.074018,0.000000,0.064314,0.000000,0.000000,0.000000,0.041329,rest_at_bed,1,60,730,bed,none,,,0.000000,1.000000,0,suspended,coursework,1.825802,7.811698,active,120,1,rain,23.000000
11,1106,3448097784,9,Day 1 12:10,suspended,coursework,1.825802,7.811698,active,0.743333,0.439181,0.591659,0.691670,0.458333,0.156667,0.116730,0.000000,0.050000,13,1,1,1,1,1,1,1,1,1,1,0,1,0,0,1,1,0.162165,0.000000,0.116562,0.110919,0.123335,0.141528,0.093339,0.000000,0.055359,0.091119,0.000000,0.058840,0.000000,0.000000,0.000000,0.046833,use_phone,1,25,755,phone,none,,,0.000000,1.000000,0,suspended,coursework,1.825802,7.811698,active,120,1,rain,23.000000
11,1106,3448097784,10,Day 1 12:35,suspended,coursework,1.825802,7.811698,active,0.531667,0.536288,0.720426,0.723336,0.479167,0.173333,0.118699,0.095000,0.135000,13,1,1,1,1,1,1,1,1,1,1,0,1,0,0,1,1,0.097513,0.049025,0.076903,0.111385,0.124553,0.120194,0.095402,0.109943,0.047026,0.077874,0.000000,0.053472,0.000000,0.000000,0.000000,0.036709,use_computer,1,30,785,computer,none,,,0.000000,1.000000,0,suspended,coursework,1.825802,7.811698,active,120,1,rain,23.000000
11,1106,3448097784,11,Day 1 13:05,suspended,coursework,1.825802,7.811698,active,0.381667,0.654273,0.829194,0.713336,0.504167,0.193333,0.121072,0.175000,0.117000,13,1,1,1,1,1,1,1,1,1,1,0,1,0,0,1,1,0.077825,0.047494,0.066268,0.098905,0.110401,0.095937,0.121826,0.153198,0.049477,0.082533,0.000000,0.060233,0.000000,0.000000,0.000000,0.035902,sleep_at_bed,1,480,1265,bed,none,room-temperature-shift|task-reminder|evening|task-deadline,,0.000000,1.000000,0,suspended,coursework,1.825802,7.811698,active,120,1,rain,24.000000
11,1106,3448097784,12,Day 1 21:05,suspended,coursework,1.825802,7.811698,active,0.461667,0.312597,1.000000,0.633336,0.904167,0.513333,0.199250,0.000000,0.000000,13,1,1,1,1,1,1,1,1,1,1,0,1,0,0,1,1,0.100159,0.000000,0.076770,0.161430,0.177645,0.137571,0.064691,0.000000,0.085656,0.160563,0.000000,0.000000,0.000000,0.000000,0.000000,0.035515,study_halfhearted,1,35,1300,desk,none,,coursework,0.225268,0.906696,0,active,coursework,2.051071,7.811698,active,120,1,rain,24.000000
11,1106,3448097784,13,Day 1 21:40,active,coursework,2.051071,7.811698,active,0.523333,0.406597,0.933759,0.641670,0.933333,0.536667,0.180817,0.000000,0.000000,13,1,1,1,1,1,1,1,1,1,1,0,1,0,0,1,1,0.093297,0.000000,0.071518,0.160050,0.176388,0.130949,0.065118,0.000000,0.078932,0.149223,0.000000,0.042526,0.000000,0.000000,0.000000,0.032000,study_focused,1,35,1335,desk,none,,coursework,0.426200,1.029262,0,active,coursework,2.477270,7.811698,active,120,1,rain,24.000000
11,1106,3448097784,14,Day 1 22:15,active,coursework,2.477270,7.811698,active,0.555000,0.530597,0.809558,0.710003,0.962500,0.560000,0.132153,0.000000,0.000000,13,1,1,1,1,1,1,1,1,1,1,0,1,0,0,1,1,0.092919,0.000000,0.072394,0.116558,0.130029,0.111964,0.076422,0.086849,0.081036,0.154509,0.000000,0.045170,0.000000,0.000000,0.000000,0.032151,get_meal,1,35,1370,door,none,,,0.000000,1.000000,0,suspended,coursework,2.477270,7.811698,active,120,1,rain,24.000000
11,1106,3448097784,15,Day 1 22:50,suspended,coursework,2.477270,7.811698,active,0.526667,0.544597,0.809558,0.823339,0.441667,0.583333,0.133056,0.000000,0.000000,13,1,1,1,1,1,1,1,1,1,1,0,1,0,0,1,1,0.098388,0.000000,0.077594,0.127160,0.144749,0.120321,0.085438,0.097991,0.092608,0.070655,0.000000,0.049990,0.000000,0.000000,0.000000,0.035106,turn_light_off,1,1,1371,light,none,,,0.000000,1.000000,0,suspended,coursework,2.477270,7.811698,active,120,1,rain,24.000000
11,1106,3448097784,16,Day 1 22:51,suspended,coursework,2.477270,7.811698,active,0.527000,0.544997,0.809558,0.843006,0.442500,0.584000,0.133082,0.000000,0.000000,10,1,1,1,0,0,0,1,1,1,1,1,0,0,0,1,1,0.154841,0.000000,0.122113,0.000000,0.000000,0.000000,0.134492,0.154294,0.145871,0.111318,0.121836,0.000000,0.000000,0.000000,0.000000,0.055235,rest_at_bed,1,60,1431,bed,none,,,0.000000,1.000000,0,suspended,coursework,2.477270,7.811698,active,120,1,rain,24.000000
11,1106,3448097784,17,Day 1 23:51,suspended,coursework,2.477270,7.811698,active,0.587000,0.284338,0.898325,0.873006,0.492500,0.624000,0.136496,0.000000,0.000000,10,1,1,1,0,0,0,1,1,1,1,1,0,0,0,1,1,0.202883,0.000000,0.148416,0.000000,0.000000,0.000000,0.109705,0.000000,0.180773,0.139979,0.154309,0.000000,0.000000,0.000000,0.000000,0.063935,use_computer,1,30,1461,computer,none,,,0.000000,1.000000,0,suspended,coursework,2.477270,7.811698,active,120,1,rain,24.000000
11,1106,3448097784,18,Day 2 00:21,suspended,coursework,2.477270,7.811698,active,0.437000,0.402323,1.000000,0.863006,0.517500,0.644000,0.139400,0.080000,0.000000,10,1,1,1,0,0,0,1,1,1,1,1,0,0,0,1,1,0.161106,0.000000,0.127248,0.000000,0.000000,0.000000,0.139371,0.000000,0.189238,0.147606,0.173169,0.000000,0.000000,0.000000,0.000000,0.062260,use_phone,1,25,1486,phone,none,,,0.000000,1.000000,0,suspended,coursework,2.477270,7.811698,active,120,1,rain,24.000000
11,1106,3448097784,19,Day 2 00:46,suspended,coursework,2.477270,7.811698,active,0.225333,0.499430,1.000000,0.894673,0.538333,0.660667,0.142384,0.175000,0.085000,10,1,1,1,0,0,0,1,1,1,1,1,0,0,0,1,1,0.100358,0.000000,0.086970,0.000000,0.000000,0.000000,0.147545,0.168528,0.166529,0.130685,0.148128,0.000000,0.000000,0.000000,0.000000,0.051257,use_computer,1,30,1516,computer,none,,,0.000000,1.000000,0,suspended,coursework,2.477270,7.811698,active,120,1,rain,24.000000
11,1106,3448097784,20,Day 2 01:16,suspended,coursework,2.477270,7.811698,active,0.075333,0.617415,1.000000,0.884673,0.563333,0.680667,0.145592,0.255000,0.067000,10,1,1,1,0,0,0,1,1,1,1,1,0,0,0,1,1,0.073260,0.000000,0.068548,0.000000,0.000000,0.000000,0.172306,0.214791,0.160257,0.126682,0.137769,0.000000,0.000000,0.000000,0.000000,0.046387,go_to_bathroom,1,15,1531,door,none,,,0.000000,1.000000,0,suspended,coursework,2.477270,7.811698,active,120,1,rain,24.000000
11,1106,3448097784,21,Day 2 01:31,suspended,coursework,2.477270,7.811698,active,0.080333,0.623415,1.000000,0.964675,0.575833,0.070667,0.146263,0.240000,0.058000,10,1,1,1,0,0,0,1,1,1,1,1,0,0,0,1,1,0.088048,0.000000,0.082312,0.000000,0.000000,0.000000,0.203395,0.254050,0.000000,0.153551,0.163539,0.000000,0.000000,0.000000,0.000000,0.055105,idle,1,10,1541,,none,,,0.000000,1.000000,0,suspended,coursework,2.477270,7.811698,active,120,1,rain,24.000000
11,1106,3448097784,22,Day 2 01:41,suspended,coursework,2.477270,7.811698,active,0.203667,0.627415,1.000000,0.911342,0.584167,0.077333,0.148576,0.230000,0.052000,10,1,1,1,0,0,0,1,1,1,1,1,0,0,0,1,1,0.099490,0.000000,0.089408,0.000000,0.000000,0.000000,0.197568,0.247183,0.000000,0.151859,0.159559,0.000000,0.000000,0.000000,0.000000,0.054933,use_phone,1,25,1566,phone,none,,,0.000000,1.000000,0,suspended,coursework,2.477270,7.811698,active,120,1,rain,24.000000
11,1106,3448097784,23,Day 2 02:06,suspended,coursework,2.477270,7.811698,active,0.000000,0.724522,1.000000,0.943009,0.605000,0.094000,0.151559,0.325000,0.137000,10,1,1,1,0,0,0,1,1,1,1,1,0,0,0,1,1,0.058827,0.060787,0.057854,0.000000,0.000000,0.000000,0.196702,0.265508,0.000000,0.126444,0.128359,0.000000,0.000000,0.000000,0.062925,0.042593,close_curtain,1,1,1567,window,none,,,0.000000,1.000000,0,suspended,coursework,2.477270,7.811698,active,120,1,rain,24.000000
11,1106,3448097784,24,Day 2 02:07,suspended,coursework,2.477270,7.811698,active,0.000333,0.724922,1.000000,0.952675,0.605833,0.094667,0.151604,0.324000,0.136400,10,1,1,1,0,0,0,1,1,1,1,1,0,0,1,0,1,0.062825,0.064800,0.061781,0.000000,0.000000,0.000000,0.209816,0.283247,0.000000,0.135112,0.136968,0.000000,0.000000,0.000000,0.000000,0.045451,use_phone,1,25,1592,phone,none,,,0.000000,1.000000,0,suspended,coursework,2.477270,7.811698,active,120,1,rain,24.000000
11,1106,3448097784,25,Day 2 02:32,suspended,coursework,2.477270,7.811698,active,0.000000,0.822029,1.000000,0.984342,0.626667,0.111333,0.154588,0.419000,0.221400,10,1,1,1,0,0,0,1,1,1,1,1,0,0,1,0,1,0.050714,0.064899,0.051096,0.000000,0.000000,0.000000,0.225373,0.328244,0.000000,0.121374,0.118877,0.000000,0.000000,0.000000,0.000000,0.039423,sleep_at_bed,1,480,2072,bed,none,alarm-rings,,0.000000,1.000000,0,suspended,coursework,2.477270,7.811698,active,120,1,rain,24.000000
11,1106,3448097784,26,Day 2 10:32,suspended,coursework,2.477270,7.811698,active,0.110000,0.480353,1.000000,0.904342,1.000000,0.431333,0.199429,0.000000,0.000000,11,1,1,1,0,0,0,1,1,1,1,1,0,1,1,0,1,0.094666,0.000000,0.084289,0.000000,0.000000,0.000000,0.119128,0.000000,0.109342,0.277633,0.146466,0.000000,0.119377,0.000000,0.000000,0.049099,get_meal,1,35,2107,door,none,,,0.000000,1.000000,0,suspended,coursework,2.477270,7.811698,active,120,1,rain,24.000000
11,1106,3448097784,27,Day 2 11:07,suspended,coursework,2.477270,7.811698,active,0.081667,0.494353,1.000000,1.000000,0.479167,0.454667,0.200995,0.000000,0.000000,11,1,1,1,0,0,0,1,1,1,1,1,0,1,1,0,1,0.108816,0.000000,0.098075,0.000000,0.000000,0.000000,0.144564,0.000000,0.135653,0.137824,0.174547,0.000000,0.142321,0.000000,0.000000,0.058201,turn_off_alarm,1,1,2108,alarm,none,,,0.000000,1.000000,0,suspended,coursework,2.477270,7.811698,active,120,1,rain,24.000000
11,1106,3448097784,28,Day 2 11:08,suspended,coursework,2.477270,7.811698,active,0.082000,0.494753,1.000000,1.000000,0.480000,0.455333,0.181040,0.000000,0.000000,10,1,1,1,0,0,0,1,1,1,1,1,0,0,1,0,1,0.126862,0.000000,0.114337,0.000000,0.000000,0.000000,0.169179,0.000000,0.158286,0.160858,0.202640,0.000000,0.000000,0.000000,0.000000,0.067837,turn_light_on,1,1,2109,light,none,,,0.000000,1.000000,0,suspended,coursework,2.477270,7.811698,active,120,1,rain,24.000000
11,1106,3448097784,29,Day 2 11:09,suspended,coursework,2.477270,7.811698,active,0.082333,0.495153,1.000000,1.000000,0.480833,0.456000,0.181085,0.000000,0.000000,13,1,1,1,1,1,1,1,1,1,1,0,1,0,1,0,1,0.055633,0.000000,0.050139,0.176166,0.206943,0.221668,0.074207,0.000000,0.069473,0.070619,0.000000,0.045412,0.000000,0.000000,0.000000,0.029741,turn_light_off,1,1,2110,light,none,,,0.000000,1.000000,0,suspended,coursework,2.477270,7.811698,active,120,1,rain,24.000000
11,1106,3448097784,30,Day 2 11:10,suspended,coursework,2.477270,7.811698,active,0.082667,0.495553,1.000000,1.000000,0.481667,0.456667,0.181129,0.000000,0.000000,10,1,1,1,0,0,0,1,1,1,1,1,0,0,1,0,1,0.126793,0.000000,0.114270,0.000000,0.000000,0.000000,0.169163,0.000000,0.158471,0.161125,0.202412,0.000000,0.000000,0.000000,0.000000,0.067767,go_to_bathroom,1,15,2125,door,none,,,0.000000,1.000000,0,suspended,coursework,2.477270,7.811698,active,120,1,rain,24.000000
11,1106,3448097784,31,Day 2 11:25,suspended,coursework,2.477270,7.811698,active,0.087667,0.501553,1.000000,1.000000,0.494167,0.000000,0.181801,0.000000,0.000000,10,1,1,1,0,0,0,1,1,1,1,1,0,0,1,0,1,0.122552,0.000000,0.110410,0.000000,0.000000,0.000000,0.164059,0.184603,0.000000,0.158326,0.194787,0.000000,0.000000,0.000000,0.000000,0.065264,sleep_at_bed,1,480,2605,bed,none,weather-rain|message-study-group|task-reminder|room-temperature-shift,,0.000000,1.000000,0,suspended,coursework,2.477270,7.811698,active,120,2,rain,24.000000
11,1106,3448097784,32,Day 2 19:25,suspended,coursework,2.477270,7.811698,active,0.167667,0.159878,1.000000,0.920000,0.894167,0.320000,0.255150,0.000000,0.000000,10,1,1,1,0,0,0,1,1,1,1,1,0,0,1,0,1,0.136513,0.000000,0.111400,0.000000,0.000000,0.000000,0.096838,0.000000,0.113520,0.292725,0.186518,0.000000,0.000000,0.000000,0.000000,0.062486,use_computer,1,30,2635,computer,none,,,0.000000,1.000000,0,suspended,coursework,2.477270,7.811698,active,120,2,rain,24.000000
11,1106,3448097784,33,Day 2 19:55,suspended,coursework,2.477270,7.811698,active,0.017667,0.277863,1.000000,0.910000,0.919167,0.340000,0.258357,0.080000,0.000000,10,1,1,1,0,0,0,1,1,1,1,1,0,0,1,0,1,0.107899,0.000000,0.095068,0.000000,0.000000,0.000000,0.122447,0.000000,0.118284,0.307242,0.187830,0.000000,0.000000,0.000000,0.000000,0.061228,get_meal,1,35,2670,door,none,evening,,0.000000,1.000000,0,suspended,coursework,2.477270,7.811698,active,120,2,rain,24.000000
11,1106,3448097784,34,Day 2 20:30,suspended,coursework,2.477270,7.811698,active,0.000000,0.291863,1.000000,1.000000,0.398333,0.363333,0.259924,0.045000,0.000000,10,1,1,1,0,0,0,1,1,1,1,1,0,0,1,0,1,0.130368,0.000000,0.115727,0.000000,0.000000,0.000000,0.146766,0.000000,0.149532,0.155419,0.228092,0.000000,0.000000,0.000000,0.000000,0.074096,go_to_bathroom,1,15,2685,door,none,,,0.000000,1.000000,0,suspended,coursework,2.477270,7.811698,active,120,2,rain,24.000000
11,1106,3448097784,35,Day 2 20:45,suspended,coursework,2.477270,7.811698,active,0.005000,0.297863,1.000000,1.000000,0.410833,0.000000,0.260595,0.030000,0.000000,10,1,1,1,0,0,0,1,1,1,1,1,0,0,1,0,1,0.154206,0.000000,0.136769,0.000000,0.000000,0.000000,0.170509,0.000000,0.000000,0.185405,0.266479,0.000000,0.000000,0.000000,0.000000,0.086632,rest_at_bed,1,60,2745,bed,none,,,0.000000,1.000000,0,suspended,coursework,2.477270,7.811698,active,120,2,rain,24.000000
11,1106,3448097784,36,Day 2 21:45,suspended,coursework,2.477270,7.811698,active,0.065000,0.037203,1.000000,1.000000,0.460833,0.040000,0.265145,0.000000,0.000000,10,1,1,1,0,0,0,1,1,1,1,1,0,0,1,0,1,0.201928,0.000000,0.165950,0.000000,0.000000,0.000000,0.000000,0.000000,0.000000,0.229295,0.303266,0.000000,0.000000,0.000000,0.000000,0.099562,use_phone,1,25,2770,phone,none,,,0.000000,1.000000,0,suspended,coursework,2.477270,7.811698,active,120,2,rain,24.000000
11,1106,3448097784,37,Day 2 22:10,suspended,coursework,2.477270,7.811698,active,0.000000,0.134310,1.000000,1.000000,0.481667,0.056667,0.268129,0.095000,0.085000,10,1,1,1,0,0,0,1,1,1,1,1,0,0,1,0,1,0.154510,0.000000,0.132852,0.000000,0.000000,0.000000,0.146115,0.000000,0.000000,0.210425,0.268889,0.000000,0.000000,0.000000,0.000000,0.087209,get_meal,1,35,2805,door,none,,,0.000000,1.000000,0,suspended,coursework,2.477270,7.811698,active,120,2,rain,24.000000
11,1106,3448097784,38,Day 2 22:45,suspended,coursework,2.477270,7.811698,active,0.000000,0.148310,1.000000,1.000000,0.000000,0.080000,0.269696,0.060000,0.064000,10,1,1,1,0,0,0,1,1,1,1,1,0,0,1,0,1,0.198029,0.000000,0.170568,0.000000,0.000000,0.000000,0.182016,0.000000,0.000000,0.000000,0.339357,0.000000,0.000000,0.000000,0.000000,0.110030,turn_light_on,1,1,2806,light,none,,,0.000000,1.000000,0,suspended,coursework,2.477270,7.811698,active,120,2,rain,24.000000
11,1106,3448097784,39,Day 2 22:46,suspended,coursework,2.477270,7.811698,active,0.000333,0.148710,1.000000,1.000000,0.000833,0.080667,0.269741,0.059000,0.063400,13,1,1,1,1,1,1,1,1,1,1,0,1,0,1,0,1,0.051226,0.000000,0.044120,0.205848,0.241810,0.381527,0.047028,0.000000,0.000000,0.000000,0.000000,0.000000,0.000000,0.000000,0.000000,0.028441,study_halfhearted,1,35,2841,desk,none,,coursework,0.247560,0.996419,0,active,coursework,2.724830,7.811698,active,120,2,rain,24.000000
11,1106,3448097784,40,Day 2 23:21,active,coursework,2.724830,7.811698,active,0.062000,0.242710,0.933759,1.000000,0.030000,0.104000,0.251307,0.024000,0.042400,13,1,1,1,1,1,1,1,1,1,1,0,1,0,1,0,1,0.083153,0.000000,0.071536,0.262514,0.308376,0.152110,0.078480,0.000000,0.000000,0.000000,0.000000,0.000000,0.000000,0.000000,0.000000,0.043830,study_focused,1,35,2876,desk,none,,coursework,0.412683,0.996618,0,active,coursework,3.137513,7.811698,active,120,2,rain,24.000000
11,1106,3448097784,41,Day 2 23:56,active,coursework,3.137513,7.811698,active,0.093667,0.366710,0.809558,1.000000,0.059167,0.127333,0.202643,0.000000,0.021400,13,1,1,1,1,1,1,1,1,1,1,0,1,0,1,0,1,0.100201,0.000000,0.087538,0.228360,0.268256,0.155352,0.107692,0.000000,0.000000,0.000000,0.000000,0.000000,0.000000,0.000000,0.000000,0.052601,study_halfhearted,1,35,2911,desk,none,,coursework,0.257273,1.035512,0,active,coursework,3.394785,7.811698,active,120,2,rain,24.000000
11,1106,3448097784,42,Day 3 00:31,active,coursework,3.394785,7.811698,active,0.155333,0.460710,0.743317,1.000000,0.088333,0.150667,0.183547,0.000000,0.000400,13,1,1,1,1,1,1,1,1,1,1,0,1,0,1,0,1,0.097016,0.000000,0.084765,0.176942,0.207855,0.135671,0.112690,0.000000,0.065038,0.000000,0.000000,0.070760,0.000000,0.000000,0.000000,0.049264,study_focused,1,35,2946,desk,none,,coursework,0.421060,1.016848,0,active,coursework,3.815845,7.811698,active,120,2,rain,24.000000
11,1106,3448097784,43,Day 3 01:06,active,coursework,3.815845,7.811698,active,0.187000,0.584710,0.619115,1.000000,0.117500,0.174000,0.134220,0.000000,0.000000,13,1,1,1,1,1,1,1,1,1,1,0,1,0,1,0,1,0.091327,0.000000,0.081100,0.121767,0.143041,0.109629,0.125019,0.147181,0.063111,0.000000,0.000000,0.071040,0.000000,0.000000,0.000000,0.046783,use_computer,1,30,2976,computer,none,,,0.000000,1.000000,0,active,coursework,3.815845,7.811698,active,120,2,rain,24.000000
11,1106,3448097784,44,Day 3 01:36,active,coursework,3.815845,7.811698,active,0.037000,0.702695,0.727883,0.990000,0.142500,0.194000,0.136291,0.080000,0.000000,13,1,1,1,1,1,1,1,1,1,1,0,1,0,1,0,1,0.061636,0.000000,0.059097,0.121565,0.142548,0.093267,0.135008,0.173427,0.056150,0.050942,0.000000,0.067669,0.000000,0.000000,0.000000,0.038690,study_focused,1,35,3011,desk,none,,coursework,0.428790,1.035518,0,active,coursework,4.244635,7.811698,active,120,2,rain,24.000000
11,1106,3448097784,45,Day 3 02:11,active,coursework,4.244635,7.811698,active,0.068667,0.826695,0.603681,1.000000,0.171667,0.217333,0.086910,0.045000,0.000000,13,1,1,1,1,1,1,1,1,1,1,0,1,0,1,0,1,0.063804,0.000000,0.062099,0.090288,0.106062,0.081338,0.156695,0.215143,0.058807,0.053807,0.000000,0.072301,0.000000,0.000000,0.000000,0.039655,study_halfhearted,1,35,3046,desk,none,,coursework,0.233737,0.940783,0,active,coursework,4.478372,7.811698,active,120,2,rain,24.000000
11,1106,3448097784,46,Day 3 02:46,active,coursework,4.478372,7.811698,active,0.130333,0.920695,0.537440,1.000000,0.200833,0.240667,0.067097,0.010000,0.000000,13,1,1,1,1,1,1,1,1,1,1,0,1,0,1,0,1,0.066182,0.000000,0.064339,0.073541,0.086388,0.074679,0.167136,0.241844,0.059226,0.054654,0.000000,0.072960,0.000000,0.000000,0.000000,0.039051,get_meal,1,35,3081,door,none,,,0.000000,1.000000,0,suspended,coursework,4.478372,7.811698,active,120,2,rain,24.000000
11,1106,3448097784,47,Day 3 03:21,suspended,coursework,4.478372,7.811698,active,0.102000,0.934695,0.537440,1.000000,0.000000,0.264000,0.067097,0.000000,0.000000,13,1,1,1,1,1,1,1,1,1,1,0,1,0,1,0,1,0.072085,0.000000,0.070912,0.061716,0.072498,0.061743,0.189521,0.276355,0.069254,0.000000,0.000000,0.082287,0.000000,0.000000,0.000000,0.043629,use_phone,1,25,3106,phone,none,,,0.000000,1.000000,0,suspended,coursework,4.478372,7.811698,active,120,2,rain,24.000000
11,1106,3448097784,48,Day 3 03:46,suspended,coursework,4.478372,7.811698,active,0.000000,1.000000,0.666208,1.000000,0.020833,0.280667,0.068962,0.095000,0.085000,13,1,1,1,1,1,1,1,1,1,1,0,1,0,1,0,1,0.053111,0.000000,0.054947,0.067374,0.079145,0.060709,0.199000,0.306641,0.063057,0.000000,0.000000,0.078637,0.000000,0.000000,0.000000,0.037379,use_computer,1,30,3136,computer,none,,,0.000000,1.000000,0,suspended,coursework,4.478372,7.811698,active,120,2,rain,24.000000
11,1106,3448097784,49,Day 3 04:16,suspended,coursework,4.478372,7.811698,active,0.000000,1.000000,0.774975,0.990000,0.045833,0.300667,0.071173,0.175000,0.067000,13,1,1,1,1,1,1,1,1,1,1,0,1,0,1,0,1,0.046929,0.000000,0.048690,0.076079,0.089212,0.066016,0.196990,0.306925,0.060206,0.000000,0.000000,0.074881,0.000000,0.000000,0.000000,0.034072,sleep_at_bed,1,480,3616,bed,none,alarm-rings|message-study-group|task-reminder,,0.000000,1.000000,0,suspended,coursework,4.478372,7.811698,active,120,3,rain,24.000000
11,1106,3448097784,50,Day 3 12:16,suspended,coursework,4.478372,7.811698,active,0.110000,0.658325,0.973743,0.910000,0.445833,0.620667,0.155271,0.000000,0.000000,14,1,1,1,1,1,1,1,1,1,1,0,1,1,1,0,1,0.057570,0.000000,0.053246,0.120662,0.139489,0.091524,0.096203,0.119216,0.095960,0.069099,0.000000,0.051983,0.073944,0.000000,0.000000,0.031104,study_at_computer,1,35,3651,computer,none,,coursework,0.694761,1.006110,0,active,coursework,5.173133,7.811698,active,120,3,rain,24.000000
11,1106,3448097784,51,Day 3 12:51,active,coursework,5.173133,7.811698,active,0.141667,0.785691,0.849541,0.978333,0.475000,0.644000,0.106746,0.045000,0.000000,14,1,1,1,1,1,1,1,1,1,1,0,1,1,1,0,1,0.052975,0.000000,0.049914,0.110502,0.129307,0.083896,0.111801,0.150023,0.093305,0.067760,0.000000,0.053353,0.067567,0.000000,0.000000,0.029597,use_phone,1,25,3676,phone,none,,,0.000000,1.000000,0,active,coursework,5.173133,7.811698,active,120,3,rain,24.000000
11,1106,3448097784,52,Day 3 13:16,active,coursework,5.173133,7.811698,active,0.000000,0.882798,0.978309,1.000000,0.495833,0.660667,0.109356,0.140000,0.085000,14,1,1,1,1,1,1,1,1,1,1,0,1,1,1,0,1,0.037299,0.000000,0.037695,0.119847,0.140784,0.076289,0.123376,0.178599,0.085583,0.062531,0.000000,0.052354,0.060277,0.000000,0.000000,0.025365,study_at_computer,1,35,3711,computer,none,weather-rain,coursework,0.672202,0.973441,0,active,coursework,5.845335,7.811698,active,120,3,rain,24.000000
11,1106,3448097784,53,Day 3 13:51,active,coursework,5.845335,7.811698,active,0.031667,1.000000,0.854107,1.000000,0.525000,0.684000,0.060847,0.185000,0.064000,14,1,1,1,1,1,1,1,1,1,1,0,1,1,1,0,1,0.036177,0.000000,0.037165,0.087207,0.102443,0.065071,0.148766,0.231671,0.087521,0.064494,0.000000,0.056170,0.057930,0.000000,0.000000,0.025385,go_to_bathroom,1,15,3726,door,none,,,0.000000,1.000000,0,suspended,coursework,5.845335,7.811698,active,120,3,rain,24.000000
11,1106,3448097784,54,Day 3 14:06,suspended,coursework,5.845335,7.811698,active,0.036667,1.000000,0.854107,1.000000,0.537500,0.074000,0.061301,0.170000,0.055000,14,1,1,1,1,1,1,1,1,1,1,0,1,1,1,0,1,0.043357,0.000000,0.044445,0.077536,0.091082,0.058036,0.173500,0.269671,0.000000,0.077853,0.000000,0.065998,0.068490,0.000000,0.000000,0.030032,get_meal,1,35,3761,door,none,,,0.000000,1.000000,0,suspended,coursework,5.845335,7.811698,active,120,3,rain,24.000000
11,1106,3448097784,55,Day 3 14:41,suspended,coursework,5.845335,7.811698,active,0.008333,1.000000,0.854107,1.000000,0.016667,0.097333,0.062359,0.135000,0.034000,14,1,1,1,1,1,1,1,1,1,1,0,1,1,1,0,1,0.047106,0.000000,0.048672,0.085468,0.100399,0.066258,0.185275,0.286684,0.000000,0.000000,0.000000,0.071709,0.075503,0.000000,0.000000,0.032926,sleep_at_bed,1,480,4241,bed,none,room-temperature-shift|evening,,0.000000,1.000000,0,suspended,coursework,5.845335,7.811698,active,120,3,rain,24.000000
11,1106,3448097784,56,Day 3 22:41,suspended,coursework,5.845335,7.811698,active,0.088333,0.658325,0.972875,0.920000,0.416667,0.417333,0.078743,0.000000,0.000000,14,1,1,1,1,1,1,1,1,1,1,0,1,1,1,0,1,0.059097,0.000000,0.055044,0.123395,0.142902,0.088648,0.102653,0.125486,0.070960,0.069254,0.000000,0.054717,0.075226,0.000000,0.000000,0.032617,turn_off_alarm,1,1,4242,alarm,none,,,0.000000,1.000000,0,suspended,coursework,5.845335,7.811698,active,120,3,rain,24.000000
11,1106,3448097784,57,Day 3 22:42,suspended,coursework,5.845335,7.811698,active,0.088667,0.658725,0.972875,0.949667,0.417500,0.418000,0.058785,0.000000,0.000000,13,1,1,1,1,1,1,1,1,1,1,0,1,0,1,0,1,0.063643,0.000000,0.059277,0.131883,0.153541,0.100296,0.110969,0.135206,0.076484,0.074663,0.000000,0.058922,0.000000,0.000000,0.000000,0.035117,turn_light_off,1,1,4243,light,none,,,0.000000,1.000000,0,suspended,coursework,5.845335,7.811698,active,120,3,rain,24.000000
11,1106,3448097784,58,Day 3 22:43,suspended,coursework,5.845335,7.811698,active,0.089000,0.659125,0.972875,0.969333,0.418333,0.418667,0.058827,0.000000,0.000000,10,1,1,1,0,0,0,1,1,1,1,1,0,0,1,0,1,0.097197,0.000000,0.090527,0.000000,0.000000,0.000000,0.169515,0.206593,0.116909,0.114153,0.151485,0.000000,0.000000,0.000000,0.000000,0.053620,idle,1,10,4253,,none,,,0.000000,1.000000,0,suspended,coursework,5.845335,7.811698,active,120,3,rain,24.000000
11,1106,3448097784,59,Day 3 22:53,suspended,coursework,5.845335,7.811698,active,0.212333,0.663125,1.000000,0.916000,0.426667,0.425333,0.061112,0.000000,0.000000,10,1,1,1,0,0,0,1,1,1,1,1,0,0,1,0,1,0.108186,0.000000,0.096896,0.000000,0.000000,0.000000,0.164525,0.201112,0.114224,0.111803,0.150474,0.000000,0.000000,0.000000,0.000000,0.052782,get_meal,1,35,4288,door,none,,,0.000000,1.000000,0,suspended,coursework,5.845335,7.811698,active,120,3,rain,24.000000
11,1106,3448097784,60,Day 3 23:28,suspended,coursework,5.845335,7.811698,active,0.184000,0.677125,1.000000,1.000000,0.000000,0.448667,0.062679,0.000000,0.000000,10,1,1,1,0,0,0,1,1,1,1,1,0,0,1,0,1,0.116582,0.000000,0.105695,0.000000,0.000000,0.000000,0.187171,0.230935,0.132850,0.000000,0.168113,0.000000,0.000000,0.000000,0.000000,0.058654,go_to_bathroom,1,15,4303,door,none,,,0.000000,1.000000,0,suspended,coursework,5.845335,7.811698,active,120,3,rain,24.000000
11,1106,3448097784,61,Day 3 23:43,suspended,coursework,5.845335,7.811698,active,0.189000,0.683125,1.000000,1.000000,0.012500,0.000000,0.063350,0.000000,0.000000,10,1,1,1,0,0,0,1,1,1,1,1,0,0,1,0,1,0.134231,0.000000,0.121655,0.000000,0.000000,0.000000,0.216238,0.267866,0.000000,0.000000,0.192719,0.000000,0.000000,0.000000,0.000000,0.067290,rest_at_bed,1,60,4363,bed,none,,,0.000000,1.000000,0,suspended,coursework,5.845335,7.811698,active,120,3,rain,24.000000
11,1106,3448097784,62,Day 4 00:43,suspended,coursework,5.845335,7.811698,active,0.249000,0.422465,1.000000,1.000000,0.062500,0.040000,0.067901,0.000000,0.000000,10,1,1,1,0,0,0,1,1,1,1,1,0,0,1,0,1,0.219376,0.000000,0.184428,0.000000,0.000000,0.000000,0.219963,0.000000,0.000000,0.000000,0.278156,0.000000,0.000000,0.000000,0.000000,0.098078,rest_at_bed,1,60,4423,bed,none,,,0.000000,1.000000,0,suspended,coursework,5.845335,7.811698,active,120,3,rain,24.000000
11,1106,3448097784,63,Day 4 01:43,suspended,coursework,5.845335,7.811698,active,0.309000,0.161805,1.000000,1.000000,0.112500,0.080000,0.072451,0.000000,0.000000,10,1,1,1,0,0,0,1,1,1,1,1,0,0,1,0,1,0.254946,0.000000,0.198814,0.000000,0.000000,0.000000,0.159108,0.000000,0.000000,0.000000,0.285481,0.000000,0.000000,0.000000,0.000000,0.101651,use_computer,1,30,4453,computer,none,,,0.000000,1.000000,0,suspended,coursework,5.845335,7.811698,active,120,3,rain,24.000000
11,1106,3448097784,64,Day 4 02:13,suspended,coursework,5.845335,7.811698,active,0.159000,0.279790,1.000000,0.990000,0.137500,0.100000,0.075659,0.080000,0.000000,10,1,1,1,0,0,0,1,1,1,1,1,0,0,1,0,1,0.210024,0.000000,0.176836,0.000000,0.000000,0.000000,0.209687,0.000000,0.000000,0.000000,0.299638,0.000000,0.000000,0.000000,0.000000,0.103814,rest_at_bed,1,60,4513,bed,none,,,0.000000,1.000000,0,suspended,coursework,5.845335,7.811698,active,120,3,rain,24.000000
11,1106,3448097784,65,Day 4 03:13,suspended,coursework,5.845335,7.811698,active,0.219000,0.019131,1.000000,1.000000,0.187500,0.140000,0.080209,0.000000,0.000000,10,1,1,1,0,0,0,1,1,1,1,1,0,0,1,0,1,0.195427,0.000000,0.152198,0.000000,0.000000,0.000000,0.108360,0.000000,0.108710,0.116832,0.235927,0.000000,0.000000,0.000000,0.000000,0.082545,turn_light_on,1,1,4514,light,none,,,0.000000,1.000000,0,suspended,coursework,5.845335,7.811698,active,120,3,rain,24.000000
11,1106,3448097784,66,Day 4 03:14,suspended,coursework,5.845335,7.811698,active,0.219333,0.019531,1.000000,1.000000,0.188333,0.140667,0.080254,0.000000,0.000000,13,1,1,1,1,1,1,1,1,1,1,0,1,0,1,0,1,0.074015,0.000000,0.057641,0.215407,0.253039,0.242089,0.041049,0.000000,0.041208,0.044297,0.000000,0.000000,0.000000,0.000000,0.000000,0.031255,study_halfhearted,1,35,4549,desk,none,,coursework,0.226843,0.913034,0,active,coursework,6.072178,7.811698,active,120,3,rain,24.000000
11,1106,3448097784,67,Day 4 03:49,active,coursework,6.072178,7.811698,active,0.281000,0.113531,0.933759,1.000000,0.217500,0.164000,0.061820,0.000000,0.000000,13,1,1,1,1,1,1,1,1,1,1,0,1,0,1,0,1,0.094744,0.000000,0.073792,0.220714,0.259274,0.147237,0.056782,0.000000,0.052183,0.056574,0.000000,0.000000,0.000000,0.000000,0.000000,0.038701,study_focused,1,35,4584,desk,none,,coursework,0.415244,1.002804,0,active,coursework,6.487422,7.811698,active,120,3,rain,24.000000
11,1106,3448097784,68,Day 4 04:24,active,coursework,6.487422,7.811698,active,0.312667,0.237531,0.809558,1.000000,0.246667,0.187333,0.013156,0.000000,0.000000,13,1,1,1,1,1,1,1,1,1,1,0,1,0,1,0,1,0.109444,0.000000,0.086637,0.186431,0.219002,0.146014,0.077292,0.000000,0.062138,0.067942,0.000000,0.000000,0.000000,0.000000,0.000000,0.045099,rest_at_bed,1,60,4644,bed,none,,,0.000000,1.000000,0,suspended,coursework,6.487422,7.811698,active,120,3,rain,24.000000
11,1106,3448097784,69,Day 4 05:24,suspended,coursework,6.487422,7.811698,active,0.372667,0.000000,0.898325,1.000000,0.296667,0.227333,0.016570,0.000000,0.000000,13,1,1,1,1,1,1,1,1,1,1,0,1,0,1,0,1,0.111495,0.000000,0.082276,0.220965,0.259569,0.157984,0.000000,0.000000,0.060169,0.066755,0.000000,0.000000,0.000000,0.000000,0.000000,0.040788,go_to_bathroom,1,15,4659,door,none,,,0.000000,1.000000,0,suspended,coursework,6.487422,7.811698,active,120,3,rain,24.000000
11,1106,3448097784,70,Day 4 05:39,suspended,coursework,6.487422,7.811698,active,0.377667,0.006000,0.898325,1.000000,0.309167,0.000000,0.017090,0.000000,0.000000,13,1,1,1,1,1,1,1,1,1,1,0,1,0,1,0,1,0.111868,0.000000,0.082524,0.220161,0.258625,0.166798,0.051153,0.000000,0.000000,0.068094,0.000000,0.000000,0.000000,0.000000,0.000000,0.040777,study_at_computer,1,35,4694,computer,none,,coursework,0.717479,1.039009,0,active,coursework,7.204901,7.811698,active,120,3,rain,24.000000
11,1106,3448097784,71,Day 4 06:14,active,coursework,7.204901,7.811698,active,0.409333,0.133367,0.774123,1.000000,0.338333,0.023333,0.000000,0.045000,0.000000,13,1,1,1,1,1,1,1,1,1,1,0,1,0,1,0,1,0.127527,0.000000,0.095837,0.189963,0.223150,0.159495,0.073235,0.000000,0.000000,0.082725,0.000000,0.000000,0.000000,0.000000,0.000000,0.048069,study_focused,1,35,4729,desk,none,,coursework,0.406220,0.981010,0,active,coursework,7.611120,7.811698,active,120,3,rain,24.000000
11,1106,3448097784,72,Day 4 06:49,active,coursework,7.611120,7.811698,active,0.441000,0.257367,0.649922,1.000000,0.367500,0.046667,0.000000,0.010000,0.000000,13,1,1,1,1,1,1,1,1,1,1,0,1,0,1,0,1,0.145654,0.000000,0.111113,0.158432,0.186111,0.154961,0.092961,0.000000,0.000000,0.096408,0.000000,0.000000,0.000000,0.000000,0.000000,0.054359,use_computer,1,30,4759,computer,none,alarm-rings,,0.000000,1.000000,0,active,coursework,7.611120,7.811698,active,120,3,rain,24.000000
11,1106,3448097784,73,Day 4 07:19,active,coursework,7.611120,7.811698,active,0.321000,0.375351,0.758689,0.990000,0.392500,0.066667,0.023655,0.090000,0.000000,14,1,1,1,1,1,1,1,1,1,1,0,1,1,1,0,1,0.096451,0.000000,0.078673,0.151050,0.177123,0.127903,0.094772,0.000000,0.000000,0.081882,0.000000,0.058926,0.090387,0.000000,0.000000,0.042832,turn_off_alarm,1,1,4760,alarm,none,,,0.000000,1.000000,0,active,coursework,7.611120,7.811698,active,120,3,rain,24.000000
11,1106,3448097784,74,Day 4 07:20,active,coursework,7.611120,7.811698,active,0.321333,0.375751,0.758689,1.000000,0.393333,0.067333,0.003676,0.089000,0.000000,13,1,1,1,1,1,1,1,1,1,1,0,1,0,1,0,1,0.106358,0.000000,0.086749,0.165216,0.194080,0.140390,0.104754,0.000000,0.000000,0.090344,0.000000,0.064914,0.000000,0.000000,0.000000,0.047195,rest_at_bed,1,60,4820,bed,none,,,0.000000,1.000000,0,suspended,coursework,7.611120,7.811698,active,120,3,rain,24.000000
11,1106,3448097784,75,Day 4 08:20,suspended,coursework,7.611120,7.811698,active,0.381333,0.115092,0.847457,1.000000,0.443333,0.107333,0.006786,0.000000,0.000000,13,1,1,1,1,1,1,1,1,1,1,0,1,0,1,0,1,0.116962,0.000000,0.088212,0.202629,0.238029,0.156348,0.063179,0.000000,0.000000,0.090921,0.000000,0.000000,0.000000,0.000000,0.000000,0.043720,study_at_computer,1,35,4855,computer,none,task-completed,coursework,0.751063,1.087643,0,none,,7.811698,7.811698,completed,120,3,rain,24.000000
11,1106,3448097784,76,Day 4 08:55,none,,7.811698,7.811698,completed,0.413000,0.242458,0.019446,1.000000,0.472500,0.130667,0.000000,0.045000,0.000000,10,1,1,1,0,0,0,1,1,1,1,0,1,0,1,0,1,0.270958,0.000000,0.208181,0.000000,0.000000,0.000000,0.183477,0.000000,0.000000,0.224468,0.000000,0.000000,0.000000,0.000000,0.000000,0.112916,use_computer,1,30,4885,computer,none,,,0.000000,1.000000,0,none,,7.811698,7.811698,completed,120,3,rain,24.000000
11,1106,3448097784,77,Day 4 09:25,none,,7.811698,7.811698,completed,0.263000,0.360443,0.019446,0.990000,0.497500,0.150667,0.000000,0.125000,0.000000,10,1,1,1,0,0,0,1,1,1,1,0,1,0,1,0,1,0.171928,0.000000,0.142623,0.000000,0.000000,0.000000,0.186351,0.000000,0.106473,0.189135,0.000000,0.114668,0.000000,0.000000,0.000000,0.088823,get_meal,1,35,4920,door,none,,,0.000000,1.000000,0,none,,7.811698,7.811698,completed,120,3,rain,24.000000
11,1106,3448097784,78,Day 4 10:00,none,,7.811698,7.811698,completed,0.234667,0.374443,0.019446,1.000000,0.000000,0.174000,0.000000,0.090000,0.000000,10,1,1,1,0,0,0,1,1,1,1,0,1,0,1,0,1,0.209155,0.000000,0.175412,0.000000,0.000000,0.000000,0.227752,0.000000,0.137208,0.000000,0.000000,0.141108,0.000000,0.000000,0.000000,0.109365,idle,1,10,4930,,none,message-study-group,,0.000000,1.000000,0,none,,7.811698,7.811698,completed,120,4,rain,24.000000
11,1106,3448097784,79,Day 4 10:10,none,,7.811698,7.811698,completed,0.358000,0.378443,0.019446,0.946667,0.008333,0.180667,0.000000,0.080000,0.000000,10,1,1,1,0,0,0,1,1,1,1,0,1,0,1,0,1,0.229458,0.000000,0.184990,0.000000,0.000000,0.000000,0.214880,0.000000,0.131428,0.000000,0.000000,0.133394,0.000000,0.000000,0.000000,0.105852,use_computer,1,30,4960,computer,none,,,0.000000,1.000000,0,none,,7.811698,7.811698,completed,120,4,rain,24.000000
11,1106,3448097784,80,Day 4 10:40,none,,7.811698,7.811698,completed,0.208000,0.496428,0.019446,0.936667,0.033333,0.200667,0.000000,0.160000,0.000000,10,1,1,1,0,0,0,1,1,1,1,0,1,0,1,0,1,0.139283,0.000000,0.121240,0.000000,0.000000,0.000000,0.208783,0.231589,0.105169,0.000000,0.000000,0.114281,0.000000,0.000000,0.000000,0.079655,idle,1,10,4970,,none,,,0.000000,1.000000,0,none,,7.811698,7.811698,completed,120,4,rain,24.000000
11,1106,3448097784,81,Day 4 10:50,none,,7.811698,7.811698,completed,0.331333,0.500428,0.019446,0.883333,0.041667,0.207333,0.000000,0.150000,0.000000,10,1,1,1,0,0,0,1,1,1,1,0,1,0,1,0,1,0.155558,0.000000,0.130166,0.000000,0.000000,0.000000,0.200535,0.222717,0.102555,0.000000,0.000000,0.109982,0.000000,0.000000,0.000000,0.078487,idle,1,10,4980,,none,,,0.000000,1.000000,0,none,,7.811698,7.811698,completed,120,4,rain,24.000000
11,1106,3448097784,82,Day 4 11:00,none,,7.811698,7.811698,completed,0.454667,0.504428,0.019446,0.830000,0.050000,0.214000,0.000000,0.140000,0.000000,10,1,1,1,0,0,0,1,1,1,1,0,1,0,1,0,1,0.173135,0.000000,0.139266,0.000000,0.000000,0.000000,0.191947,0.213445,0.099661,0.000000,0.000000,0.105478,0.000000,0.000000,0.000000,0.077068,go_to_bathroom,1,15,4995,door,none,,,0.000000,1.000000,0,none,,7.811698,7.811698,completed,120,4,rain,24.000000
11,1106,3448097784,83,Day 4 11:15,none,,7.811698,7.811698,completed,0.459667,0.510428,0.019446,0.910003,0.062500,0.000000,0.000000,0.125000,0.000000,10,1,1,1,0,0,0,1,1,1,1,0,1,0,1,0,1,0.194320,0.000000,0.156170,0.000000,0.000000,0.000000,0.211619,0.235762,0.000000,0.000000,0.000000,0.116631,0.000000,0.000000,0.000000,0.085498,sleep_at_bed,1,204,5199,bed,none,weather-clear|room-temperature-shift,,0.000000,1.000000,0,none,,7.811698,7.811698,completed,120,4,clear,17.000000
11,1106,3448097784,84,Day 4 14:39,none,,7.811698,7.811698,completed,0.447667,0.106758,0.019446,0.862003,0.232500,0.136000,0.000000,0.000000,0.000000,10,1,1,1,0,0,0,1,1,1,1,0,1,0,1,0,1,0.281737,0.000000,0.207593,0.000000,0.000000,0.000000,0.139296,0.000000,0.121699,0.142050,0.000000,0.000000,0.000000,0.000000,0.000000,0.107626,rest_at_bed,1,60,5259,bed,none,,,0.000000,1.000000,0,none,,7.811698,7.811698,completed,120,4,clear,17.000000
11,1106,3448097784,85,Day 4 15:39,none,,7.811698,7.811698,completed,0.507667,0.000000,0.019446,0.892003,0.282500,0.176000,0.000000,0.000000,0.000000,10,1,1,1,0,0,0,1,1,1,1,0,1,0,1,0,1,0.335493,0.000000,0.236972,0.000000,0.000000,0.000000,0.000000,0.000000,0.141650,0.167766,0.000000,0.000000,0.000000,0.000000,0.000000,0.118119,use_computer,1,30,5289,computer,none,,,0.000000,1.000000,0,none,,7.811698,7.811698,completed,120,4,clear,17.000000
11,1106,3448097784,86,Day 4 16:09,none,,7.811698,7.811698,completed,0.357667,0.117985,0.019446,0.882003,0.307500,0.196000,0.000000,0.080000,0.000000,10,1,1,1,0,0,0,1,1,1,1,0,1,0,1,0,1,0.247189,0.000000,0.188515,0.000000,0.000000,0.000000,0.154676,0.000000,0.137584,0.164143,0.000000,0.000000,0.000000,0.000000,0.000000,0.107892,use_computer,1,30,5319,computer,none,,,0.000000,1.000000,0,none,,7.811698,7.811698,completed,120,4,clear,17.000000
11,1106,3448097784,87,Day 4 16:39,none,,7.811698,7.811698,completed,0.207667,0.235970,0.019446,0.872003,0.332500,0.216000,0.000000,0.160000,0.000000,10,1,1,1,0,0,0,1,1,1,1,0,1,0,1,0,1,0.200735,0.000000,0.165289,0.000000,0.000000,0.000000,0.201059,0.000000,0.147290,0.177008,0.000000,0.000000,0.000000,0.000000,0.000000,0.108620,idle,1,10,5329,,none,,,0.000000,1.000000,0,none,,7.811698,7.811698,completed,120,4,clear,17.000000
11,1106,3448097784,88,Day 4 16:49,none,,7.811698,7.811698,completed,0.331000,0.239970,0.019446,0.818670,0.340833,0.222667,0.000000,0.150000,0.000000,10,1,1,1,0,0,0,1,1,1,1,0,1,0,1,0,1,0.220130,0.000000,0.174243,0.000000,0.000000,0.000000,0.189618,0.000000,0.141027,0.169894,0.000000,0.000000,0.000000,0.000000,0.000000,0.105087,get_meal,1,35,5364,door,none,,,0.000000,1.000000,0,none,,7.811698,7.811698,completed,120,4,clear,17.000000
11,1106,3448097784,89,Day 4 17:24,none,,7.811698,7.811698,completed,0.302667,0.253970,0.019446,0.932006,0.000000,0.246000,0.000000,0.115000,0.000000,10,1,1,1,0,0,0,1,1,1,1,0,1,0,1,0,1,0.261271,0.000000,0.209081,0.000000,0.000000,0.000000,0.226100,0.000000,0.177310,0.000000,0.000000,0.000000,0.000000,0.000000,0.000000,0.126239,rest_at_bed,1,60,5424,bed,none,,,0.000000,1.000000,0,none,,7.811698,7.811698,completed,120,4,clear,17.000000
11,1106,3448097784,90,Day 4 18:24,none,,7.811698,7.811698,completed,0.362667,0.000000,0.019446,0.962006,0.050000,0.286000,0.000000,0.000000,0.000000,10,1,1,1,0,0,0,1,1,1,1,0,1,0,1,0,1,0.363554,0.000000,0.269150,0.000000,0.000000,0.000000,0.000000,0.000000,0.219763,0.000000,0.000000,0.000000,0.000000,0.000000,0.000000,0.147533,use_computer,1,30,5454,computer,none,evening,,0.000000,1.000000,0,none,,7.811698,7.811698,completed,120,4,clear,17.000000
11,1106,3448097784,91,Day 4 18:54,none,,7.811698,7.811698,completed,0.212667,0.117985,0.019446,0.952006,0.075000,0.306000,0.000000,0.080000,0.000000,10,1,1,1,0,0,0,1,1,1,1,0,1,0,1,0,1,0.260457,0.000000,0.208192,0.000000,0.000000,0.000000,0.192765,0.000000,0.207553,0.000000,0.000000,0.000000,0.000000,0.000000,0.000000,0.131033,rest_at_bed,1,60,5514,bed,none,,,0.000000,1.000000,0,none,,7.811698,7.811698,completed,120,4,clear,17.000000
11,1106,3448097784,92,Day 4 19:54,none,,7.811698,7.811698,completed,0.272667,0.000000,0.019446,0.982006,0.125000,0.346000,0.000000,0.000000,0.000000,10,1,1,1,0,0,0,1,1,1,1,0,1,0,1,0,1,0.338985,0.000000,0.258390,0.000000,0.000000,0.000000,0.000000,0.000000,0.252384,0.000000,0.000000,0.000000,0.000000,0.000000,0.000000,0.150241,use_computer,1,30,5544,computer,none,,,0.000000,1.000000,0,none,,7.811698,7.811698,completed,120,4,clear,17.000000
11,1106,3448097784,93,Day 4 20:24,none,,7.811698,7.811698,completed,0.122667,0.117985,0.019446,0.972006,0.150000,0.366000,0.000000,0.080000,0.000000,10,1,1,1,0,0,0,1,1,1,1,0,1,0,1,0,1,0.206431,0.000000,0.169892,0.000000,0.000000,0.000000,0.169557,0.000000,0.202611,0.138085,0.000000,0.000000,0.000000,0.000000,0.000000,0.113424,use_phone,1,25,5569,phone,none,,,0.000000,1.000000,0,none,,7.811698,7.811698,completed,120,4,clear,17.000000
11,1106,3448097784,94,Day 4 20:49,none,,7.811698,7.811698,completed,0.000000,0.215092,0.019446,1.000000,0.170833,0.382667,0.000000,0.175000,0.085000,10,1,1,1,0,0,0,1,1,1,1,0,1,0,1,0,1,0.169171,0.000000,0.148414,0.000000,0.000000,0.000000,0.213140,0.000000,0.211598,0.145088,0.000000,0.000000,0.000000,0.000000,0.000000,0.112589,use_computer,1,30,5599,computer,none,,,0.000000,1.000000,0,none,,7.811698,7.811698,completed,120,4,clear,17.000000
11,1106,3448097784,95,Day 4 21:19,none,,7.811698,7.811698,completed,0.000000,0.333077,0.019446,0.990000,0.195833,0.402667,0.000000,0.255000,0.067000,10,1,1,1,0,0,0,1,1,1,1,0,1,0,1,0,1,0.130686,0.000000,0.117914,0.000000,0.000000,0.000000,0.221545,0.000000,0.181138,0.125112,0.000000,0.130513,0.000000,0.000000,0.000000,0.093092,use_phone,1,25,5624,phone,none,,,0.000000,1.000000,0,none,,7.811698,7.811698,completed,120,4,clear,17.000000
11,1106,3448097784,96,Day 4 21:44,none,,7.811698,7.811698,completed,0.000000,0.430184,0.019446,1.000000,0.216667,0.419333,0.000000,0.350000,0.152000,10,1,1,1,0,0,0,1,1,1,1,0,1,0,1,0,1,0.082018,0.082727,0.075811,0.000000,0.000000,0.000000,0.185042,0.201716,0.125695,0.087346,0.000000,0.096889,0.000000,0.000000,0.000000,0.062756,use_phone,1,25,5649,phone,none,,,0.000000,1.000000,0,none,,7.811698,7.811698,completed,120,4,clear,17.000000
11,1106,3448097784,97,Day 4 22:09,none,,7.811698,7.811698,completed,0.000000,0.527291,0.019446,1.000000,0.237500,0.436000,0.000000,0.445000,0.237000,10,1,1,1,0,0,0,1,1,1,1,0,1,0,1,0,1,0.072040,0.090121,0.000000,0.000000,0.000000,0.000000,0.216302,0.254254,0.122069,0.085344,0.000000,0.100664,0.000000,0.000000,0.000000,0.059207,go_to_bathroom,1,15,5664,door,none,,,0.000000,1.000000,0,none,,7.811698,7.811698,completed,120,4,clear,17.000000
11,1106,3448097784,98,Day 4 22:24,none,,7.811698,7.811698,completed,0.005000,0.533291,0.019446,1.000000,0.250000,0.000000,0.000000,0.430000,0.228000,10,1,1,1,0,0,0,1,1,1,1,0,1,0,1,0,1,0.077101,0.093867,0.072943,0.000000,0.000000,0.000000,0.227399,0.267799,0.000000,0.092118,0.000000,0.106140,0.000000,0.000000,0.000000,0.062634,rest_at_bed,1,60,5724,bed,none,,,0.000000,1.000000,0,none,,7.811698,7.811698,completed,120,4,clear,17.000000
11,1106,3448097784,99,Day 4 23:24,none,,7.811698,7.811698,completed,0.065000,0.272632,0.019446,1.000000,0.300000,0.040000,0.000000,0.230000,0.192000,10,1,1,1,0,0,0,1,1,1,1,0,1,0,1,0,1,0.149019,0.136299,0.129847,0.000000,0.000000,0.000000,0.205898,0.000000,0.000000,0.153553,0.000000,0.128365,0.000000,0.000000,0.000000,0.097020,use_computer,1,30,5754,computer,none,,,0.000000,1.000000,0,none,,7.811698,7.811698,completed,120,4,clear,17.000000
11,1106,3448097784,100,Day 4 23:54,none,,7.811698,7.811698,completed,0.000000,0.390617,0.019446,0.990000,0.325000,0.060000,0.000000,0.310000,0.174000,10,1,1,1,0,0,0,1,1,1,1,0,1,0,1,0,1,0.098630,0.100221,0.090269,0.000000,0.000000,0.000000,0.197693,0.208953,0.000000,0.122311,0.000000,0.108674,0.000000,0.000000,0.000000,0.073248,sleep_at_bed,1,480,6234,bed,none,alarm-rings,,0.000000,1.000000,0,none,,7.811698,7.811698,completed,120,4,clear,17.000000
11,1106,3448097784,101,Day 5 07:54,none,,7.811698,7.811698,completed,0.110000,0.048941,0.019446,0.910000,0.725000,0.380000,0.021492,0.000000,0.000000,11,1,1,1,0,0,0,1,1,1,1,0,1,1,1,0,1,0.148957,0.000000,0.120947,0.000000,0.000000,0.000000,0.099162,0.000000,0.143517,0.250932,0.000000,0.000000,0.158249,0.000000,0.000000,0.078236,turn_off_alarm,1,1,6235,alarm,none,,,0.000000,1.000000,0,none,,7.811698,7.811698,completed,120,4,clear,17.000000
11,1106,3448097784,102,Day 5 07:55,none,,7.811698,7.811698,completed,0.110333,0.049341,0.019446,0.939667,0.725833,0.380667,0.001492,0.000000,0.000000,10,1,1,1,0,0,0,1,1,1,1,0,1,0,1,0,1,0.176802,0.000000,0.143553,0.000000,0.000000,0.000000,0.118147,0.000000,0.170491,0.298168,0.000000,0.000000,0.000000,0.000000,0.000000,0.092839,go_to_bathroom,1,15,6250,door,none,,,0.000000,1.000000,0,none,,7.811698,7.811698,completed,120,4,clear,17.000000
11,1106,3448097784,103,Day 5 08:10,none,,7.811698,7.811698,completed,0.115333,0.055341,0.019446,1.000000,0.738333,0.000000,0.001492,0.000000,0.000000,10,1,1,1,0,0,0,1,1,1,1,0,1,0,1,0,1,0.211865,0.000000,0.171964,0.000000,0.000000,0.000000,0.142075,0.000000,0.000000,0.363247,0.000000,0.000000,0.000000,0.000000,0.000000,0.110849,use_computer,1,30,6280,computer,none,,,0.000000,1.000000,0,none,,7.811698,7.811698,completed,120,4,clear,17.000000
11,1106,3448097784,104,Day 5 08:40,none,,7.811698,7.811698,completed,0.000000,0.173326,0.019446,0.990000,0.763333,0.020000,0.001492,0.080000,0.000000,10,1,1,1,0,0,0,1,1,1,1,0,1,0,1,0,1,0.175072,0.000000,0.151712,0.000000,0.000000,0.000000,0.180531,0.000000,0.000000,0.382918,0.000000,0.000000,0.000000,0.000000,0.000000,0.109766,rest_at_bed,1,60,6340,bed,none,message-study-group,,0.000000,1.000000,0,none,,7.811698,7.811698,completed,120,5,clear,17.000000
11,1106,3448097784,105,Day 5 09:40,none,,7.811698,7.811698,completed,0.060000,0.000000,0.019446,1.000000,0.813333,0.060000,0.001492,0.000000,0.000000,10,1,1,1,0,0,0,1,1,1,1,0,1,0,1,0,1,0.226673,0.000000,0.185111,0.000000,0.000000,0.000000,0.000000,0.000000,0.000000,0.464486,0.000000,0.000000,0.000000,0.000000,0.000000,0.123730,get_meal,1,35,6375,door,none,,,0.000000,1.000000,0,none,,7.811698,7.811698,completed,120,5,clear,17.000000
11,1106,3448097784,106,Day 5 10:15,none,,7.811698,7.811698,completed,0.031667,0.014000,0.019446,1.000000,0.292500,0.083333,0.001492,0.000000,0.000000,10,1,1,1,0,0,0,1,1,1,1,0,1,0,1,0,1,0.252051,0.000000,0.208356,0.000000,0.000000,0.000000,0.174659,0.000000,0.000000,0.223056,0.000000,0.000000,0.000000,0.000000,0.000000,0.141878,use_computer,1,30,6405,computer,none,,,0.000000,1.000000,0,none,,7.811698,7.811698,completed,120,5,clear,17.000000
11,1106,3448097784,107,Day 5 10:45,none,,7.811698,7.811698,completed,0.000000,0.131985,0.019446,0.990000,0.317500,0.103333,0.001492,0.080000,0.000000,10,1,1,1,0,0,0,1,1,1,1,0,1,0,1,0,1,0.223597,0.000000,0.192057,0.000000,0.000000,0.000000,0.216263,0.000000,0.000000,0.229127,0.000000,0.000000,0.000000,0.000000,0.000000,0.138956,use_phone,1,25,6430,phone,none,,,0.000000,1.000000,0,none,,7.811698,7.811698,completed,120,5,clear,17.000000
11,1106,3448097784,108,Day 5 11:10,none,,7.811698,7.811698,completed,0.000000,0.229092,0.019446,1.000000,0.338333,0.120000,0.001492,0.175000,0.085000,10,1,1,1,0,0,0,1,1,1,1,0,1,0,1,0,1,0.201023,0.000000,0.176885,0.000000,0.000000,0.000000,0.258755,0.000000,0.000000,0.229149,0.000000,0.000000,0.000000,0.000000,0.000000,0.134188,use_phone,1,25,6455,phone,none,,,0.000000,1.000000,0,none,,7.811698,7.811698,completed,120,5,clear,17.000000
11,1106,3448097784,109,Day 5 11:35,none,,7.811698,7.811698,completed,0.000000,0.326199,0.019446,1.000000,0.359167,0.136667,0.001492,0.270000,0.170000,10,1,1,1,0,0,0,1,1,1,1,0,1,0,1,0,1,0.118201,0.115178,0.106550,0.000000,0.000000,0.000000,0.202484,0.000000,0.103907,0.149885,0.000000,0.119042,0.000000,0.000000,0.000000,0.084752,shop_on_phone,1,20,6475,phone,none,,,0.000000,1.000000,0,none,,7.811698,7.811698,completed,90,5,clear,17.000000
11,1106,3448097784,110,Day 5 11:55,none,,7.811698,7.811698,completed,0.006667,0.338688,0.019446,1.000000,0.375833,0.150000,0.001492,0.330000,0.000000,10,1,1,1,0,0,0,1,1,1,1,0,1,0,1,0,1,0.102080,0.000000,0.092262,0.000000,0.000000,0.000000,0.192704,0.197544,0.094352,0.136765,0.000000,0.109007,0.000000,0.000000,0.000000,0.075286,rest_at_bed,1,60,6535,bed,none,,,0.000000,1.000000,0,none,,7.811698,7.811698,completed,90,5,clear,17.000000
11,1106,3448097784,111,Day 5 12:55,none,,7.811698,7.811698,completed,0.066667,0.078028,0.019446,1.000000,0.425833,0.190000,0.001492,0.130000,0.000000,10,1,1,1,0,0,0,1,1,1,1,0,1,0,1,0,1,0.190513,0.000000,0.158588,0.000000,0.000000,0.000000,0.168483,0.000000,0.149670,0.220136,0.000000,0.000000,0.000000,0.000000,0.000000,0.112609,use_phone,1,25,6560,phone,none,,,0.000000,1.000000,0,none,,7.811698,7.811698,completed,90,5,clear,17.000000
11,1106,3448097784,112,Day 5 13:20,none,,7.811698,7.811698,completed,0.000000,0.175135,0.019446,1.000000,0.446667,0.206667,0.001492,0.225000,0.085000,10,1,1,1,0,0,0,1,1,1,1,0,1,0,1,0,1,0.162672,0.000000,0.141751,0.000000,0.000000,0.000000,0.206817,0.000000,0.152638,0.225871,0.000000,0.000000,0.000000,0.000000,0.000000,0.110250,use_computer,1,30,6590,computer,none,,,0.000000,1.000000,0,none,,7.811698,7.811698,completed,90,5,clear,17.000000
11,1106,3448097784,113,Day 5 13:50,none,,7.811698,7.811698,completed,0.000000,0.293120,0.019446,0.990000,0.471667,0.226667,0.001492,0.305000,0.067000,10,1,1,1,0,0,0,1,1,1,1,0,1,0,1,0,1,0.126025,0.000000,0.112943,0.000000,0.000000,0.000000,0.215588,0.000000,0.131040,0.195329,0.000000,0.127657,0.000000,0.000000,0.000000,0.091418,idle,1,10,6600,,none,,,0.000000,1.000000,0,none,,7.811698,7.811698,completed,90,5,clear,17.000000
11,1106,3448097784,114,Day 5 14:00,none,,7.811698,7.811698,completed,0.123333,0.297120,0.019446,0.936667,0.480000,0.233333,0.001492,0.295000,0.061000,10,1,1,1,0,0,0,1,1,1,1,0,1,0,1,0,1,0.140649,0.000000,0.121169,0.000000,0.000000,0.000000,0.206920,0.000000,0.127689,0.190798,0.000000,0.122764,0.000000,0.000000,0.000000,0.090011,get_meal,1,35,6635,door,none,room-temperature-shift,,0.000000,1.000000,0,none,,7.811698,7.811698,completed,90,5,clear,24.000000
11,1106,3448097784,115,Day 5 14:35,none,,7.811698,7.811698,completed,0.095000,0.311120,0.019446,1.000000,0.000000,0.256667,0.001492,0.260000,0.040000,10,1,1,1,0,0,0,1,1,1,1,0,1,0,1,0,1,0.171194,0.000000,0.149105,0.000000,0.000000,0.000000,0.253025,0.000000,0.164637,0.000000,0.000000,0.151151,0.000000,0.000000,0.000000,0.110887,use_computer,1,30,6665,computer,none,,,0.000000,1.000000,0,none,,7.811698,7.811698,completed,90,5,clear,24.000000
11,1106,3448097784,116,Day 5 15:05,none,,7.811698,7.811698,completed,0.000000,0.429105,0.019446,0.990000,0.025000,0.276667,0.001492,0.340000,0.022000,10,1,1,1,0,0,0,1,1,1,1,0,1,0,1,0,1,0.103316,0.000000,0.095440,0.000000,0.000000,0.000000,0.229349,0.249575,0.122903,0.000000,0.000000,0.120805,0.000000,0.000000,0.000000,0.078612,turn_light_off,1,1,6666,light,none,,,0.000000,1.000000,0,none,,7.811698,7.811698,completed,90,5,clear,24.000000
11,1106,3448097784,117,Day 5 15:06,none,,7.811698,7.811698,completed,0.000333,0.429505,0.019446,1.000000,0.025833,0.277333,0.001492,0.339000,0.021400,10,1,1,1,0,0,0,1,1,1,1,1,0,0,1,0,1,0.117588,0.000000,0.108618,0.000000,0.000000,0.000000,0.260720,0.283748,0.139926,0.000000,0.000000,0.000000,0.000000,0.000000,0.000000,0.089401,idle,1,10,6676,,none,,,0.000000,1.000000,0,none,,7.811698,7.811698,completed,90,5,clear,24.000000
11,1106,3448097784,118,Day 5 15:16,none,,7.811698,7.811698,completed,0.123667,0.433505,0.019446,0.946667,0.034167,0.284000,0.001492,0.329000,0.015400,10,1,1,1,0,0,0,1,1,1,1,1,0,0,1,0,1,0.131885,0.000000,0.117109,0.000000,0.000000,0.000000,0.251482,0.274035,0.137026,0.000000,0.000000,0.000000,0.000000,0.000000,0.000000,0.088463,rest_at_bed,1,60,6736,bed,none,,,0.000000,1.000000,0,none,,7.811698,7.811698,completed,90,5,clear,24.000000
11,1106,3448097784,119,Day 5 16:16,none,,7.811698,7.811698,completed,0.183667,0.172846,0.019446,0.976667,0.084167,0.324000,0.001492,0.129000,0.000000,10,1,1,1,0,0,0,1,1,1,1,1,0,0,1,0,1,0.242025,0.000000,0.197935,0.000000,0.000000,0.000000,0.216200,0.000000,0.213732,0.000000,0.000000,0.000000,0.000000,0.000000,0.000000,0.130108,idle,1,10,6746,,none,,,0.000000,1.000000,0,none,,7.811698,7.811698,completed,90,5,clear,24.000000
11,1106,3448097784,120,Day 5 16:26,none,,7.811698,7.811698,completed,0.307000,0.176846,0.019446,0.923333,0.092500,0.330667,0.001492,0.119000,0.000000,10,1,1,1,0,0,0,1,1,1,1,1,0,0,1,0,1,0.263177,0.000000,0.206902,0.000000,0.000000,0.000000,0.202181,0.000000,0.202923,0.000000,0.000000,0.000000,0.000000,0.000000,0.000000,0.124818,use_phone,1,25,6771,phone,none,,,0.000000,1.000000,0,none,,7.811698,7.811698,completed,90,5,clear,24.000000
11,1106,3448097784,121,Day 5 16:51,none,,7.811698,7.811698,completed,0.095333,0.273953,0.019446,0.955000,0.113333,0.347333,0.001492,0.214000,0.085000,10,1,1,1,0,0,0,1,1,1,1,1,0,0,1,0,1,0.204713,0.000000,0.176580,0.000000,0.000000,0.000000,0.267411,0.000000,0.222981,0.000000,0.000000,0.000000,0.000000,0.000000,0.000000,0.128314,go_to_bathroom,1,15,6786,door,none,weather-clear,,0.000000,1.000000,0,none,,7.811698,7.811698,completed,90,5,clear,24.000000
11,1106,3448097784,122,Day 5 17:06,none,,7.811698,7.811698,completed,0.100333,0.279953,0.019446,1.000000,0.125833,0.000000,0.001492,0.199000,0.076000,10,1,1,1,0,0,0,1,1,1,1,1,0,0,1,0,1,0.265639,0.000000,0.228932,0.000000,0.000000,0.000000,0.340853,0.000000,0.000000,0.000000,0.000000,0.000000,0.000000,0.000000,0.000000,0.164577,use_computer,1,30,6816,computer,none,,,0.000000,1.000000,0,none,,7.811698,7.811698,completed,90,5,clear,24.000000
11,1106,3448097784,123,Day 5 17:36,none,,7.811698,7.811698,completed,0.000000,0.397938,0.019446,0.990000,0.150833,0.020000,0.001492,0.279000,0.058000,10,1,1,1,0,0,0,1,1,1,1,1,0,0,1,0,1,0.132462,0.000000,0.121288,0.000000,0.000000,0.000000,0.256864,0.271725,0.000000,0.120753,0.000000,0.000000,0.000000,0.000000,0.000000,0.096909,idle,1,10,6826,,none,,,0.000000,1.000000,0,none,,7.811698,7.811698,completed,90,5,clear,24.000000
11,1106,3448097784,124,Day 5 17:46,none,,7.811698,7.811698,completed,0.123333,0.401938,0.019446,0.936667,0.159167,0.026667,0.001492,0.269000,0.052000,10,1,1,1,0,0,0,1,1,1,1,1,0,0,1,0,1,0.147983,0.000000,0.130255,0.000000,0.000000,0.000000,0.246786,0.261390,0.000000,0.118072,0.000000,0.000000,0.000000,0.000000,0.000000,0.095514,sleep_at_bed,1,480,7306,bed,none,evening,,0.000000,1.000000,0,none,,7.811698,7.811698,completed,90,5,clear,24.000000
11,1106,3448097784,125,Day 6 01:46,none,,7.811698,7.811698,completed,0.203333,0.060262,0.019446,0.856667,0.559167,0.346667,0.001492,0.000000,0.000000,10,1,1,1,0,0,0,1,1,1,1,1,0,0,1,0,1,0.206372,0.000000,0.162966,0.000000,0.000000,0.000000,0.125944,0.000000,0.168843,0.236713,0.000000,0.000000,0.000000,0.000000,0.000000,0.099162,get_meal,1,35,7341,door,none,,,0.000000,1.000000,0,none,,7.811698,7.811698,completed,90,5,clear,24.000000
11,1106,3448097784,126,Day 6 02:21,none,,7.811698,7.811698,completed,0.175000,0.074262,0.019446,0.970003,0.038333,0.370000,0.001492,0.000000,0.000000,10,1,1,1,0,0,0,1,1,1,1,1,0,0,1,0,1,0.261620,0.000000,0.209125,0.000000,0.000000,0.000000,0.168603,0.000000,0.231018,0.000000,0.000000,0.000000,0.000000,0.000000,0.000000,0.129634,use_computer,1,30,7371,computer,none,,,0.000000,1.000000,0,none,,7.811698,7.811698,completed,90,5,clear,24.000000
11,1106,3448097784,127,Day 6 02:51,none,,7.811698,7.811698,completed,0.025000,0.192247,0.019446,0.960003,0.063333,0.390000,0.001492,0.080000,0.000000,10,1,1,1,0,0,0,1,1,1,1,1,0,0,1,0,1,0.213996,0.000000,0.184690,0.000000,0.000000,0.000000,0.220752,0.000000,0.249108,0.000000,0.000000,0.000000,0.000000,0.000000,0.000000,0.131455,go_to_bathroom,1,15,7386,door,none,,,0.000000,1.000000,0,none,,7.811698,7.811698,completed,90,5,clear,24.000000
11,1106,3448097784,128,Day 6 03:06,none,,7.811698,7.811698,completed,0.030000,0.198247,0.019446,1.000000,0.075833,0.000000,0.001492,0.065000,0.000000,10,1,1,1,0,0,0,1,1,1,1,1,0,0,1,0,1,0.287126,0.000000,0.247589,0.000000,0.000000,0.000000,0.290947,0.000000,0.000000,0.000000,0.000000,0.000000,0.000000,0.000000,0.000000,0.174338,use_phone,1,25,7411,phone,none,,,0.000000,1.000000,0,none,,7.811698,7.811698,completed,90,5,clear,24.000000
11,1106,3448097784,129,Day 6 03:31,none,,7.811698,7.811698,completed,0.000000,0.295354,0.019446,1.000000,0.096667,0.016667,0.001492,0.160000,0.085000,10,1,1,1,0,0,0,1,1,1,1,1,0,0,1,0,1,0.252535,0.000000,0.225261,0.000000,0.000000,0.000000,0.352591,0.000000,0.000000,0.000000,0.000000,0.000000,0.000000,0.000000,0.000000,0.169613,rest_at_bed,1,60,7471,bed,none,,,0.000000,1.000000,0,none,,7.811698,7.811698,completed,90,5,clear,24.000000
11,1106,3448097784,130,Day 6 04:31,none,,7.811698,7.811698,completed,0.060000,0.034695,0.019446,1.000000,0.146667,0.056667,0.001492,0.000000,0.049000,10,1,1,1,0,0,0,1,1,1,1,1,0,0,1,0,1,0.267502,0.000000,0.220079,0.000000,0.000000,0.000000,0.185230,0.000000,0.000000,0.180085,0.000000,0.000000,0.000000,0.000000,0.000000,0.147104,use_phone,1,25,7496,phone,none,,,0.000000,1.000000,0,none,,7.811698,7.811698,completed,90,5,clear,24.000000
11,1106,3448097784,131,Day 6 04:56,none,,7.811698,7.811698,completed,0.000000,0.131802,0.019446,1.000000,0.167500,0.073333,0.001492,0.095000,0.134000,10,1,1,1,0,0,0,1,1,1,1,1,0,0,1,0,1,0.196951,0.157763,0.169254,0.000000,0.000000,0.000000,0.194551,0.000000,0.000000,0.158102,0.000000,0.000000,0.000000,0.000000,0.000000,0.123377,get_meal,1,35,7531,door,none,,,0.000000,1.000000,0,none,,7.811698,7.811698,completed,90,5,clear,24.000000
11,1106,3448097784,132,Day 6 05:31,none,,7.811698,7.811698,completed,0.000000,0.145802,0.019446,1.000000,0.000000,0.096667,0.001492,0.060000,0.113000,10,1,1,1,0,0,0,1,1,1,1,1,0,0,1,0,1,0.290874,0.000000,0.250405,0.000000,0.000000,0.000000,0.279347,0.000000,0.000000,0.000000,0.000000,0.000000,0.000000,0.000000,0.000000,0.179374,rest_at_bed,1,60,7591,bed,none,,,0.000000,1.000000,0,none,,7.811698,7.811698,completed,90,5,clear,24.000000
11,1106,3448097784,133,Day 6 06:31,none,,7.811698,7.811698,completed,0.060000,0.000000,0.019446,1.000000,0.050000,0.136667,0.001492,0.000000,0.077000,10,1,1,1,0,0,0,1,1,1,1,1,0,0,1,0,1,0.330621,0.000000,0.269999,0.000000,0.000000,0.000000,0.000000,0.000000,0.218909,0.000000,0.000000,0.000000,0.000000,0.000000,0.000000,0.180471,idle,1,10,7601,,none,,,0.000000,1.000000,0,none,,7.811698,7.811698,completed,90,5,clear,24.000000
11,1106,3448097784,134,Day 6 06:41,none,,7.811698,7.811698,completed,0.183333,0.004000,0.019446,0.946667,0.058333,0.143333,0.001492,0.000000,0.071000,10,1,1,1,0,0,0,1,1,1,1,1,0,0,1,0,1,0.292133,0.000000,0.229415,0.000000,0.000000,0.000000,0.167226,0.000000,0.169788,0.000000,0.000000,0.000000,0.000000,0.000000,0.000000,0.141437,use_phone,1,25,7626,phone,none,,,0.000000,1.000000,0,none,,7.811698,7.811698,completed,90,5,clear,24.000000
11,1106,3448097784,135,Day 6 07:06,none,,7.811698,7.811698,completed,0.000000,0.101107,0.019446,0.978333,0.079167,0.160000,0.001492,0.095000,0.156000,10,1,1,1,0,0,0,1,1,1,1,1,0,0,1,0,1,0.198470,0.163930,0.169444,0.000000,0.000000,0.000000,0.186946,0.000000,0.157695,0.000000,0.000000,0.000000,0.000000,0.000000,0.000000,0.123516,idle,1,10,7636,,none,,,0.000000,1.000000,0,none,,7.811698,7.811698,completed,90,5,clear,24.000000
11,1106,3448097784,136,Day 6 07:16,none,,7.811698,7.811698,completed,0.123333,0.105107,0.019446,0.925000,0.087500,0.166667,0.001492,0.085000,0.150000,10,1,1,1,0,0,0,1,1,1,1,1,0,0,1,0,1,0.217895,0.155972,0.178827,0.000000,0.000000,0.000000,0.176509,0.000000,0.151162,0.000000,0.000000,0.000000,0.000000,0.000000,0.000000,0.119635,use_computer,1,30,7666,computer,none,,,0.000000,1.000000,0,none,,7.811698,7.811698,completed,90,5,clear,24.000000
11,1106,3448097784,137,Day 6 07:46,none,,7.811698,7.811698,completed,0.000000,0.223092,0.019446,0.915000,0.112500,0.186667,0.001492,0.165000,0.132000,10,1,1,1,0,0,0,1,1,1,1,1,0,0,1,0,1,0.180810,0.152798,0.158840,0.000000,0.000000,0.000000,0.227322,0.000000,0.160332,0.000000,0.000000,0.000000,0.000000,0.000000,0.000000,0.119899,shop_on_phone,1,20,7686,phone,none,,,0.000000,1.000000,0,none,,7.811698,7.811698,completed,60,5,clear,24.000000
11,1106,3448097784,138,Day 6 08:06,none,,7.811698,7.811698,completed,0.006667,0.235581,0.019446,1.000000,0.129167,0.200000,0.001492,0.225000,0.000000,10,1,1,1,0,0,0,1,1,1,1,1,0,0,1,0,1,0.204888,0.000000,0.180468,0.000000,0.000000,0.000000,0.283865,0.000000,0.191028,0.000000,0.000000,0.000000,0.000000,0.000000,0.000000,0.139751,rest_at_bed,1,60,7746,bed,none,alarm-rings,,0.000000,1.000000,0,none,,7.811698,7.811698,completed,60,5,clear,24.000000
11,1106,3448097784,139,Day 6 09:06,none,,7.811698,7.811698,completed,0.096667,0.000000,0.019446,1.000000,0.179167,0.240000,0.022984,0.025000,0.000000,11,1,1,1,0,0,0,1,1,1,1,1,0,1,1,0,1,0.180883,0.000000,0.146101,0.000000,0.000000,0.000000,0.117438,0.000000,0.139195,0.123999,0.000000,0.000000,0.195852,0.000000,0.000000,0.096533,rest_at_bed,1,60,7806,bed,none,,,0.000000,1.000000,0,none,,7.811698,7.811698,completed,60,5,clear,24.000000
11,1106,3448097784,140,Day 6 10:06,none,,7.811698,7.811698,completed,0.156667,0.000000,0.019446,1.000000,0.229167,0.280000,0.022984,0.000000,0.000000,11,1,1,1,0,0,0,1,1,1,1,1,0,1,1,0,1,0.211400,0.000000,0.167312,0.000000,0.000000,0.000000,0.000000,0.000000,0.160521,0.145097,0.000000,0.000000,0.210703,0.000000,0.000000,0.104968,turn_off_alarm,1,1,7807,alarm,none,,,0.000000,1.000000,0,none,,7.811698,7.811698,completed,60,5,clear,24.000000
11,1106,3448097784,141,Day 6 10:07,none,,7.811698,7.811698,completed,0.157000,0.000400,0.019446,1.000000,0.230000,0.280667,0.002984,0.000000,0.000000,10,1,1,1,0,0,0,1,1,1,1,1,0,0,1,0,1,0.267742,0.000000,0.211899,0.000000,0.000000,0.000000,0.000000,0.000000,0.203477,0.183970,0.000000,0.000000,0.000000,0.000000,0.000000,0.132912,go_to_bathroom,1,15,7822,door,none,,,0.000000,1.000000,0,none,,7.811698,7.811698,completed,60,5,clear,24.000000
11,1106,3448097784,142,Day 6 10:22,none,,7.811698,7.811698,completed,0.162000,0.006400,0.019446,1.000000,0.242500,0.000000,0.002984,0.000000,0.000000,10,1,1,1,0,0,0,1,1,1,1,1,0,0,1,0,1,0.279868,0.000000,0.221421,0.000000,0.000000,0.000000,0.164779,0.000000,0.000000,0.195502,0.000000,0.000000,0.000000,0.000000,0.000000,0.138430,idle,1,10,7832,,none,,,0.000000,1.000000,0,none,,7.811698,7.811698,completed,60,5,clear,24.000000
11,1106,3448097784,143,Day 6 10:32,none,,7.811698,7.811698,completed,0.285333,0.010400,0.019446,0.946667,0.250833,0.006667,0.002984,0.000000,0.000000,10,1,1,1,0,0,0,1,1,1,1,1,0,0,1,0,1,0.300497,0.000000,0.228622,0.000000,0.000000,0.000000,0.154339,0.000000,0.000000,0.184709,0.000000,0.000000,0.000000,0.000000,0.000000,0.131833,rest_at_bed,1,60,7892,bed,none,,,0.000000,1.000000,0,none,,7.811698,7.811698,completed,60,5,clear,24.000000
11,1106,3448097784,144,Day 6 11:32,none,,7.811698,7.811698,completed,0.345333,0.000000,0.019446,0.976667,0.300833,0.046667,0.002984,0.000000,0.000000,10,1,1,1,0,0,0,1,1,1,1,1,0,0,1,0,1,0.359767,0.000000,0.267846,0.000000,0.000000,0.000000,0.000000,0.000000,0.000000,0.223891,0.000000,0.000000,0.000000,0.000000,0.000000,0.148496,get_meal,1,35,7927,door,none,,,0.000000,1.000000,0,none,,7.811698,7.811698,completed,60,5,clear,24.000000
11,1106,3448097784,145,Day 6 12:07,none,,7.811698,7.811698,completed,0.317000,0.014000,0.019446,1.000000,0.000000,0.070000,0.002984,0.000000,0.000000,10,1,1,1,0,0,0,1,1,1,1,1,0,0,1,0,1,0.373530,0.000000,0.281500,0.000000,0.000000,0.000000,0.185978,0.000000,0.000000,0.000000,0.000000,0.000000,0.000000,0.000000,0.000000,0.158991,rest_at_bed,1,60,7987,bed,none,,,0.000000,1.000000,0,none,,7.811698,7.811698,completed,60,5,clear,24.000000
11,1106,3448097784,146,Day 6 13:07,none,,7.811698,7.811698,completed,0.377000,0.000000,0.019446,1.000000,0.050000,0.110000,0.002984,0.000000,0.000000,10,1,1,1,0,0,0,1,1,1,1,1,0,0,1,0,1,0.467935,0.000000,0.344820,0.000000,0.000000,0.000000,0.000000,0.000000,0.000000,0.000000,0.000000,0.000000,0.000000,0.000000,0.000000,0.187245,use_phone,1,25,8012,phone,none,room-temperature-shift,,0.000000,1.000000,0,none,,7.811698,7.811698,completed,60,5,clear,24.000000
11,1106,3448097784,147,Day 6 13:32,none,,7.811698,7.811698,completed,0.165333,0.097107,0.019446,1.000000,0.070833,0.126667,0.002984,0.095000,0.085000,10,1,1,1,0,0,0,1,1,1,1,1,0,0,1,0,1,0.321523,0.000000,0.259955,0.000000,0.000000,0.000000,0.248488,0.000000,0.000000,0.000000,0.000000,0.000000,0.000000,0.000000,0.000000,0.170034,idle,1,10,8022,,none,,,0.000000,1.000000,0,none,,7.811698,7.811698,completed,60,5,clear,24.000000
11,1106,3448097784,148,Day 6 13:42,none,,7.811698,7.811698,completed,0.288667,0.101107,0.019446,0.946667,0.079167,0.133333,0.002984,0.085000,0.079000,10,1,1,1,0,0,0,1,1,1,1,1,0,0,1,0,1,0.289970,0.000000,0.225369,0.000000,0.000000,0.000000,0.192727,0.000000,0.156646,0.000000,0.000000,0.000000,0.000000,0.000000,0.000000,0.135289,use_phone,1,25,8047,phone,none,,,0.000000,1.000000,0,none,,7.811698,7.811698,completed,60,5,clear,24.000000
11,1106,3448097784,149,Day 6 14:07,none,,7.811698,7.811698,completed,0.077000,0.198214,0.019446,0.978333,0.100000,0.150000,0.002984,0.180000,0.164000,10,1,1,1,0,0,0,1,1,1,1,1,0,0,1,0,1,0.192746,0.159119,0.164363,0.000000,0.000000,0.000000,0.217830,0.000000,0.147093,0.000000,0.000000,0.000000,0.000000,0.000000,0.000000,0.118848,use_computer,1,30,8077,computer,none,,,0.000000,1.000000,0,none,,7.811698,7.811698,completed,60,5,clear,24.000000
11,1106,3448097784,150,Day 6 14:37,none,,7.811698,7.811698,completed,0.000000,0.316199,0.019446,0.968333,0.125000,0.170000,0.002984,0.260000,0.146000,10,1,1,1,0,0,0,1,1,1,1,1,0,0,1,0,1,0.163227,0.151585,0.146770,0.000000,0.000000,0.000000,0.271349,0.000000,0.150905,0.000000,0.000000,0.000000,0.000000,0.000000,0.000000,0.116163,use_computer,1,30,8107,computer,none,,,0.000000,1.000000,0,none,,7.811698,7.811698,completed,60,5,clear,24.000000
11,1106,3448097784,151,Day 6 15:07,none,,7.811698,7.811698,completed,0.000000,0.434184,0.019446,0.958333,0.150000,0.190000,0.002984,0.340000,0.128000,10,1,1,1,0,0,0,1,1,1,1,1,0,0,1,0,1,0.097064,0.093586,0.089762,0.000000,0.000000,0.000000,0.217115,0.237100,0.099441,0.091998,0.000000,0.000000,0.000000,0.000000,0.000000,0.073935,use_computer,1,30,8137,computer,none,,,0.000000,1.000000,0,none,,7.811698,7.811698,completed,60,5,clear,24.000000
11,1106,3448097784,152,Day 6 15:37,none,,7.811698,7.811698,completed,0.000000,0.552169,0.019446,0.948333,0.175000,0.210000,0.002984,0.420000,0.110000,10,1,1,1,0,0,0,1,1,1,1,1,0,0,1,0,1,0.086547,0.000000,0.082315,0.000000,0.000000,0.000000,0.260483,0.310273,0.098256,0.091566,0.000000,0.000000,0.000000,0.000000,0.000000,0.070560,use_phone,1,25,8162,phone,none,,,0.000000,1.000000,0,none,,7.811698,7.811698,completed,60,5,clear,24.000000
11,1106,3448097784,153,Day 6 16:02,none,,7.811698,7.811698,completed,0.000000,0.649276,0.019446,0.980000,0.195833,0.226667,0.002984,0.515000,0.195000,10,1,1,1,0,0,0,1,1,1,1,1,0,0,1,0,1,0.068030,0.084460,0.000000,0.000000,0.000000,0.000000,0.272490,0.349987,0.085394,0.080065,0.000000,0.000000,0.000000,0.000000,0.000000,0.059574,rest_at_bed,1,60,8222,bed,none,weather-rain,,0.000000,1.000000,0,none,,7.811698,7.811698,completed,60,5,rain,24.000000
11,1106,3448097784,154,Day 6 17:02,none,,7.811698,7.811698,completed,0.060000,0.388617,0.019446,1.000000,0.245833,0.266667,0.002984,0.315000,0.159000,10,1,1,1,0,0,0,1,1,1,1,1,0,0,1,0,1,0.105558,0.098456,0.094725,0.000000,0.000000,0.000000,0.198074,0.209336,0.112622,0.107145,0.000000,0.000000,0.000000,0.000000,0.000000,0.074085,rest_at_bed,1,60,8282,bed,none,message-study-group,,0.000000,1.000000,0,none,,7.811698,7.811698,completed,60,6,rain,24.000000
11,1106,3448097784,155,Day 6 18:02,none,,7.811698,7.811698,completed,0.120000,0.127957,0.019446,1.000000,0.295833,0.306667,0.002984,0.115000,0.123000,10,1,1,1,0,0,0,1,1,1,1,1,0,0,1,0,1,0.173882,0.121845,0.143713,0.000000,0.000000,0.000000,0.152853,0.000000,0.157683,0.152218,0.000000,0.000000,0.000000,0.000000,0.000000,0.097806,use_phone,1,25,8307,phone,none,,,0.000000,1.000000,0,none,,7.811698,7.811698,completed,60,6,rain,24.000000
11,1106,3448097784,156,Day 6 18:27,none,,7.811698,7.811698,completed,0.000000,0.225064,0.019446,1.000000,0.316667,0.323333,0.002984,0.210000,0.208000,10,1,1,1,0,0,0,1,1,1,1,1,0,0,1,0,1,0.139667,0.137548,0.122944,0.000000,0.000000,0.000000,0.187745,0.000000,0.160909,0.156278,0.000000,0.000000,0.000000,0.000000,0.000000,0.094910,use_phone,1,25,8332,phone,none,,,0.000000,1.000000,0,none,,7.811698,7.811698,completed,60,6,rain,24.000000
11,1106,3448097784,157,Day 6 18:52,none,,7.811698,7.811698,completed,0.000000,0.322171,0.019446,1.000000,0.337500,0.340000,0.002984,0.305000,0.293000,10,1,1,1,0,0,0,1,1,1,1,1,0,0,1,0,1,0.122539,0.149675,0.110503,0.000000,0.000000,0.000000,0.219218,0.000000,0.156094,0.152526,0.000000,0.000000,0.000000,0.000000,0.000000,0.089444,rest_at_bed,1,60,8392,bed,none,,,0.000000,1.000000,0,none,,7.811698,7.811698,completed,60,6,rain,24.000000
11,1106,3448097784,158,Day 6 19:52,none,,7.811698,7.811698,completed,0.060000,0.061512,0.019446,1.000000,0.387500,0.380000,0.002984,0.105000,0.257000,10,1,1,1,0,0,0,1,1,1,1,1,0,0,1,0,1,0.158041,0.145025,0.131261,0.000000,0.000000,0.000000,0.132451,0.000000,0.171112,0.169657,0.000000,0.000000,0.000000,0.000000,0.000000,0.092453,get_meal,1,35,8427,door,none,evening,,0.000000,1.000000,0,none,,7.811698,7.811698,completed,60,6,rain,24.000000
11,1106,3448097784,159,Day 6 20:27,none,,7.811698,7.811698,completed,0.031667,0.075512,0.019446,1.000000,0.000000,0.403333,0.002984,0.070000,0.236000,10,1,1,1,0,0,0,1,1,1,1,1,0,0,1,0,1,0.188021,0.168829,0.157876,0.000000,0.000000,0.000000,0.158306,0.000000,0.215644,0.000000,0.000000,0.000000,0.000000,0.000000,0.000000,0.111323,rest_at_bed,1,60,8487,bed,none,,,0.000000,1.000000,0,none,,7.811698,7.811698,completed,60,6,rain,24.000000
11,1106,3448097784,160,Day 6 21:27,none,,7.811698,7.811698,completed,0.091667,0.000000,0.019446,1.000000,0.050000,0.443333,0.002984,0.000000,0.200000,10,1,1,1,0,0,0,1,1,1,1,1,0,0,1,0,1,0.239412,0.180109,0.193517,0.000000,0.000000,0.000000,0.000000,0.000000,0.260270,0.000000,0.000000,0.000000,0.000000,0.000000,0.000000,0.126692,use_phone,1,25,8512,phone,none,,,0.000000,1.000000,0,none,,7.811698,7.811698,completed,60,6,rain,24.000000
11,1106,3448097784,161,Day 6 21:52,none,,7.811698,7.811698,completed,0.000000,0.097107,0.019446,1.000000,0.070833,0.460000,0.002984,0.095000,0.285000,10,1,1,1,0,0,0,1,1,1,1,1,0,0,1,0,1,0.173196,0.177794,0.147740,0.000000,0.000000,0.000000,0.162088,0.000000,0.231488,0.000000,0.000000,0.000000,0.000000,0.000000,0.000000,0.107695,idle,1,10,8522,,none,,,0.000000,1.000000,0,none,,7.811698,7.811698,completed,60,6,rain,24.000000
11,1106,3448097784,162,Day 6 22:02,none,,7.811698,7.811698,completed,0.123333,0.101107,0.019446,0.946667,0.079167,0.466667,0.002984,0.085000,0.279000,10,1,1,1,0,0,0,1,1,1,1,1,0,0,1,0,1,0.191203,0.170102,0.156787,0.000000,0.000000,0.000000,0.153888,0.000000,0.223130,0.000000,0.000000,0.000000,0.000000,0.000000,0.000000,0.104890,shop_on_phone,1,20,8542,phone,none,,,0.000000,1.000000,0,none,,7.811698,7.811698,completed,30,6,rain,24.000000
11,1106,3448097784,163,Day 6 22:22,none,,7.811698,7.811698,completed,0.130000,0.113596,0.019446,1.000000,0.095833,0.480000,0.002984,0.145000,0.000000,10,1,1,1,0,0,0,1,1,1,1,1,0,0,1,0,1,0.222203,0.000000,0.182690,0.000000,0.000000,0.000000,0.197079,0.000000,0.272645,0.000000,0.000000,0.000000,0.000000,0.000000,0.000000,0.125383,use_computer,1,30,8572,computer,none,,,0.000000,1.000000,0,none,,7.811698,7.811698,completed,30,6,rain,24.000000
11,1106,3448097784,164,Day 6 22:52,none,,7.811698,7.811698,completed,0.000000,0.231581,0.019446,0.990000,0.120833,0.500000,0.002984,0.225000,0.000000,10,1,1,1,0,0,0,1,1,1,1,1,0,0,1,0,1,0.180647,0.000000,0.159324,0.000000,0.000000,0.000000,0.250594,0.000000,0.285517,0.000000,0.000000,0.000000,0.000000,0.000000,0.000000,0.123918,use_computer,1,30,8602,computer,none,,,0.000000,1.000000,0,none,,7.811698,7.811698,completed,30,6,rain,24.000000
11,1106,3448097784,165,Day 6 23:22,none,,7.811698,7.811698,completed,0.000000,0.349566,0.019446,0.980000,0.145833,0.520000,0.002984,0.305000,0.000000,10,1,1,1,0,0,0,1,1,1,1,1,0,0,1,0,1,0.110042,0.000000,0.099816,0.000000,0.000000,0.000000,0.205397,0.211389,0.192733,0.099830,0.000000,0.000000,0.000000,0.000000,0.000000,0.080793,use_computer,1,30,8632,computer,none,,,0.000000,1.000000,0,none,,7.811698,7.811698,completed,30,6,rain,24.000000
11,1106,3448097784,166,Day 6 23:52,none,,7.811698,7.811698,completed,0.000000,0.467551,0.019446,0.970000,0.170833,0.540000,0.002984,0.385000,0.000000,10,1,1,1,0,0,0,1,1,1,1,1,0,0,1,0,1,0.090884,0.000000,0.084785,0.000000,0.000000,0.000000,0.228254,0.256228,0.176394,0.092035,0.000000,0.000000,0.000000,0.000000,0.000000,0.071420,rest_at_bed,1,60,8692,bed,none,,,0.000000,1.000000,0,none,,7.811698,7.811698,completed,30,6,rain,24.000000
11,1106,3448097784,167,Day 7 00:52,none,,7.811698,7.811698,completed,0.060000,0.206891,0.019446,1.000000,0.220833,0.580000,0.002984,0.185000,0.000000,10,1,1,1,0,0,0,1,1,1,1,1,0,0,1,0,1,0.161588,0.000000,0.138837,0.000000,0.000000,0.000000,0.190117,0.000000,0.266564,0.141126,0.000000,0.000000,0.000000,0.000000,0.000000,0.101769,get_meal,1,35,8727,door,none,,,0.000000,1.000000,0,none,,7.811698,7.811698,completed,30,6,rain,24.000000
11,1106,3448097784,168,Day 7 01:27,none,,7.811698,7.811698,completed,0.031667,0.220891,0.019446,1.000000,0.000000,0.603333,0.002984,0.150000,0.000000,10,1,1,1,0,0,0,1,1,1,1,1,0,0,1,0,1,0.183973,0.000000,0.159807,0.000000,0.000000,0.000000,0.217458,0.000000,0.321490,0.000000,0.000000,0.000000,0.000000,0.000000,0.000000,0.117271,rest_at_bed,1,60,8787,bed,none,,,0.000000,1.000000,0,none,,7.811698,7.811698,completed,30,6,rain,24.000000
11,1106,3448097784,169,Day 7 02:27,none,,7.811698,7.811698,completed,0.091667,0.000000,0.019446,1.000000,0.050000,0.643333,0.002984,0.000000,0.000000,10,1,1,1,0,0,0,1,1,1,1,1,0,0,1,0,1,0.257997,0.000000,0.208539,0.000000,0.000000,0.000000,0.000000,0.000000,0.396936,0.000000,0.000000,0.000000,0.000000,0.000000,0.000000,0.136527,use_computer,1,30,8817,computer,none,,,0.000000,1.000000,0,none,,7.811698,7.811698,completed,30,6,rain,24.000000
11,1106,3448097784,170,Day 7 02:57,none,,7.811698,7.811698,completed,0.000000,0.117985,0.019446,0.990000,0.075000,0.663333,0.002984,0.080000,0.000000,10,1,1,1,0,0,0,1,1,1,1,1,0,0,1,0,1,0.188042,0.000000,0.161035,0.000000,0.000000,0.000000,0.177925,0.000000,0.356486,0.000000,0.000000,0.000000,0.000000,0.000000,0.000000,0.116512,go_to_bathroom,1,15,8832,door,none,,,0.000000,1.000000,0,none,,7.811698,7.811698,completed,30,6,rain,24.000000
11,1106,3448097784,171,Day 7 03:12,none,,7.811698,7.811698,completed,0.005000,0.123985,0.019446,1.000000,0.087500,0.053333,0.002984,0.065000,0.000000,10,1,1,1,0,0,0,1,1,1,1,1,0,0,1,0,1,0.294333,0.000000,0.251840,0.000000,0.000000,0.000000,0.273566,0.000000,0.000000,0.000000,0.000000,0.000000,0.000000,0.000000,0.000000,0.180261,idle,1,10,8842,,none,,,0.000000,1.000000,0,none,,7.811698,7.811698,completed,30,6,rain,24.000000
11,1106,3448097784,172,Day 7 03:22,none,,7.811698,7.811698,completed,0.128333,0.127985,0.019446,0.946667,0.095833,0.060000,0.002984,0.055000,0.000000,10,1,1,1,0,0,0,1,1,1,1,1,0,0,1,0,1,0.316241,0.000000,0.260111,0.000000,0.000000,0.000000,0.252778,0.000000,0.000000,0.000000,0.000000,0.000000,0.000000,0.000000,0.000000,0.170870,use_phone,1,25,8867,phone,none,,,0.000000,1.000000,0,none,,7.811698,7.811698,completed,30,6,rain,24.000000
11,1106,3448097784,173,Day 7 03:47,none,,7.811698,7.811698,completed,0.000000,0.225092,0.019446,0.978333,0.116667,0.076667,0.002984,0.150000,0.085000,10,1,1,1,0,0,0,1,1,1,1,1,0,0,1,0,1,0.265206,0.000000,0.232956,0.000000,0.000000,0.000000,0.327304,0.000000,0.000000,0.000000,0.000000,0.000000,0.000000,0.000000,0.000000,0.174534,idle,1,10,8877,,none,,,0.000000,1.000000,0,none,,7.811698,7.811698,completed,30,6,rain,24.000000
11,1106,3448097784,174,Day 7 03:57,none,,7.811698,7.811698,completed,0.123333,0.229092,0.019446,0.925000,0.125000,0.083333,0.002984,0.140000,0.079000,10,1,1,1,0,0,0,1,1,1,1,1,0,0,1,0,1,0.286832,0.000000,0.242198,0.000000,0.000000,0.000000,0.304434,0.000000,0.000000,0.000000,0.000000,0.000000,0.000000,0.000000,0.000000,0.166536,idle,1,10,8887,,none,,,0.000000,1.000000,0,none,,7.811698,7.811698,completed,30,6,rain,24.000000
11,1106,3448097784,175,Day 7 04:07,none,,7.811698,7.811698,completed,0.246667,0.233092,0.019446,0.871667,0.133333,0.090000,0.002984,0.130000,0.073000,10,1,1,1,0,0,0,1,1,1,1,1,0,0,1,0,1,0.308955,0.000000,0.250781,0.000000,0.000000,0.000000,0.282007,0.000000,0.000000,0.000000,0.000000,0.000000,0.000000,0.000000,0.000000,0.158257,rest_at_bed,1,60,8947,bed,none,,,0.000000,1.000000,0,none,,7.811698,7.811698,completed,30,6,rain,24.000000
11,1106,3448097784,176,Day 7 05:07,none,,7.811698,7.811698,completed,0.306667,0.000000,0.019446,0.901667,0.183333,0.130000,0.002984,0.000000,0.037000,10,1,1,1,0,0,0,1,1,1,1,1,0,0,1,0,1,0.368086,0.000000,0.277496,0.000000,0.000000,0.000000,0.000000,0.000000,0.000000,0.196623,0.000000,0.000000,0.000000,0.000000,0.000000,0.157795,get_meal,1,35,8982,door,none,,,0.000000,1.000000,0,none,,7.811698,7.811698,completed,30,6,rain,24.000000
11,1106,3448097784,177,Day 7 05:42,none,,7.811698,7.811698,completed,0.278333,0.014000,0.019446,1.000000,0.000000,0.153333,0.002984,0.000000,0.016000,10,1,1,1,0,0,0,1,1,1,1,1,0,0,1,0,1,0.307049,0.000000,0.234317,0.000000,0.000000,0.000000,0.159876,0.000000,0.163020,0.000000,0.000000,0.000000,0.000000,0.000000,0.000000,0.135739,use_computer,1,30,9012,computer,none,,,0.000000,1.000000,0,none,,7.811698,7.811698,completed,30,6,rain,24.000000
11,1106,3448097784,178,Day 7 06:12,none,,7.811698,7.811698,completed,0.128333,0.131985,0.019446,0.990000,0.025000,0.173333,0.002984,0.080000,0.000000,10,1,1,1,0,0,0,1,1,1,1,1,0,0,1,0,1,0.256058,0.000000,0.210978,0.000000,0.000000,0.000000,0.213413,0.000000,0.179218,0.000000,0.000000,0.000000,0.000000,0.000000,0.000000,0.140333,go_to_bathroom,1,15,9027,door,none,,,0.000000,1.000000,0,none,,7.811698,7.811698,completed,30,6,rain,24.000000
11,1106,3448097784,179,Day 7 06:27,none,,7.811698,7.811698,completed,0.133333,0.137985,0.019446,1.000000,0.037500,0.000000,0.002984,0.065000,0.000000,10,1,1,1,0,0,0,1,1,1,1,1,0,0,1,0,1,0.314106,0.000000,0.258581,0.000000,0.000000,0.000000,0.257158,0.000000,0.000000,0.000000,0.000000,0.000000,0.000000,0.000000,0.000000,0.170155,use_phone,1,25,9052,phone,none,,,0.000000,1.000000,0,none,,7.811698,7.811698,completed,30,6,rain,24.000000
11,1106,3448097784,180,Day 7 06:52,none,,7.811698,7.811698,completed,0.000000,0.235092,0.019446,1.000000,0.058333,0.016667,0.002984,0.160000,0.085000,10,1,1,1,0,0,0,1,1,1,1,1,0,0,1,0,1,0.262120,0.000000,0.230820,0.000000,0.000000,0.000000,0.333261,0.000000,0.000000,0.000000,0.000000,0.000000,0.000000,0.000000,0.000000,0.173799,use_phone,1,25,9077,phone,none,,,0.000000,1.000000,0,none,,7.811698,7.811698,completed,30,6,rain,24.000000
11,1106,3448097784,181,Day 7 07:17,none,,7.811698,7.811698,completed,0.000000,0.332199,0.019446,1.000000,0.079167,0.033333,0.002984,0.255000,0.170000,10,1,1,1,0,0,0,1,1,1,1,1,0,0,1,0,1,0.189601,0.183513,0.171039,0.000000,0.000000,0.000000,0.320813,0.000000,0.000000,0.000000,0.000000,0.000000,0.000000,0.000000,0.000000,0.135034,rest_at_bed,1,60,9137,bed,none,alarm-rings,,0.000000,1.000000,0,none,,7.811698,7.811698,completed,30,6,rain,24.000000
11,1106,3448097784,182,Day 7 08:17,none,,7.811698,7.811698,completed,0.090000,0.071540,0.019446,1.000000,0.129167,0.073333,0.024476,0.055000,0.134000,11,1,1,1,0,0,0,1,1,1,1,1,0,1,1,0,1,0.201161,0.141773,0.165517,0.000000,0.000000,0.000000,0.153424,0.000000,0.000000,0.000000,0.000000,0.000000,0.226629,0.000000,0.000000,0.111496,idle,1,10,9147,,none,,,0.000000,1.000000,0,none,,7.811698,7.811698,completed,30,6,rain,24.000000
11,1106,3448097784,183,Day 7 08:27,none,,7.811698,7.811698,completed,0.213333,0.075540,0.019446,0.946667,0.137500,0.080000,0.024476,0.045000,0.128000,11,1,1,1,0,0,0,1,1,1,1,1,0,1,1,0,1,0.221289,0.135159,0.175030,0.000000,0.000000,0.000000,0.145146,0.000000,0.000000,0.000000,0.000000,0.000000,0.215168,0.000000,0.000000,0.108208,use_computer,1,30,9177,computer,none,,,0.000000,1.000000,0,none,,7.811698,7.811698,completed,30,6,rain,24.000000
11,1106,3448097784,184,Day 7 08:57,none,,7.811698,7.811698,completed,0.063333,0.193525,0.019446,0.936667,0.162500,0.100000,0.024476,0.125000,0.110000,11,1,1,1,0,0,0,1,1,1,1,1,0,1,1,0,1,0.181492,0.000000,0.154994,0.000000,0.000000,0.000000,0.190551,0.000000,0.000000,0.138241,0.000000,0.000000,0.224699,0.000000,0.000000,0.110023,get_meal,1,35,9212,door,none,message-study-group,,0.000000,1.000000,0,none,,7.811698,7.811698,completed,30,7,rain,24.000000
11,1106,3448097784,185,Day 7 09:32,none,,7.811698,7.811698,completed,0.035000,0.207525,0.019446,1.000000,0.000000,0.123333,0.024476,0.090000,0.089000,11,1,1,1,0,0,0,1,1,1,1,1,0,1,1,0,1,0.208719,0.000000,0.180205,0.000000,0.000000,0.000000,0.220153,0.000000,0.000000,0.000000,0.000000,0.000000,0.262862,0.000000,0.000000,0.128061,use_computer,1,30,9242,computer,none,,,0.000000,1.000000,0,none,,7.811698,7.811698,completed,30,7,rain,24.000000
11,1106,3448097784,186,Day 7 10:02,none,,7.811698,7.811698,completed,0.000000,0.325509,0.019446,0.990000,0.025000,0.143333,0.024476,0.170000,0.071000,11,1,1,1,0,0,0,1,1,1,1,1,0,1,1,0,1,0.158674,0.000000,0.142503,0.000000,0.000000,0.000000,0.234508,0.000000,0.133748,0.000000,0.000000,0.000000,0.222731,0.000000,0.000000,0.107836,idle,1,10,9252,,none,,,0.000000,1.000000,0,none,,7.811698,7.811698,completed,30,7,rain,24.000000
11,1106,3448097784,187,Day 7 10:12,none,,7.811698,7.811698,completed,0.123333,0.329509,0.019446,0.936667,0.033333,0.150000,0.024476,0.160000,0.065000,11,1,1,1,0,0,0,1,1,1,1,1,0,1,1,0,1,0.176014,0.000000,0.151957,0.000000,0.000000,0.000000,0.223716,0.000000,0.129540,0.000000,0.000000,0.000000,0.213240,0.000000,0.000000,0.105533,turn_off_alarm,1,1,9253,alarm,none,,,0.000000,1.000000,0,none,,7.811698,7.811698,completed,30,7,rain,24.000000
11,1106,3448097784,188,Day 7 10:13,none,,7.811698,7.811698,completed,0.123667,0.329909,0.019446,0.966333,0.034167,0.150667,0.004476,0.159000,0.064400,10,1,1,1,0,0,0,1,1,1,1,1,0,0,1,0,1,0.223583,0.000000,0.193013,0.000000,0.000000,0.000000,0.284851,0.000000,0.164602,0.000000,0.000000,0.000000,0.000000,0.000000,0.000000,0.133951,use_computer,1,30,9283,computer,none,,,0.000000,1.000000,0,none,,7.811698,7.811698,completed,30,7,rain,24.000000
11,1106,3448097784,189,Day 7 10:43,none,,7.811698,7.811698,completed,0.000000,0.447894,0.019446,0.956333,0.059167,0.170667,0.004476,0.239000,0.046400,10,1,1,1,0,0,0,1,1,1,1,1,0,0,1,0,1,0.129564,0.000000,0.119737,0.000000,0.000000,0.000000,0.256289,0.278660,0.121969,0.000000,0.000000,0.000000,0.000000,0.000000,0.000000,0.093780,use_computer,1,30,9313,computer,none,,,0.000000,1.000000,0,none,,7.811698,7.811698,completed,30,7,rain,24.000000
11,1106,3448097784,190,Day 7 11:13,none,,7.811698,7.811698,completed,0.000000,0.565879,0.019446,0.946333,0.084167,0.190667,0.004476,0.319000,0.028400,10,1,1,1,0,0,0,1,1,1,1,1,0,0,1,0,1,0.104314,0.000000,0.099146,0.000000,0.000000,0.000000,0.277641,0.329267,0.108819,0.000000,0.000000,0.000000,0.000000,0.000000,0.000000,0.080813,rest_at_bed,1,60,9373,bed,none,,,0.000000,1.000000,0,none,,7.811698,7.811698,completed,30,7,rain,24.000000
11,1106,3448097784,191,Day 7 12:13,none,,7.811698,7.811698,completed,0.060000,0.305220,0.019446,0.976333,0.134167,0.230667,0.004476,0.119000,0.000000,10,1,1,1,0,0,0,1,1,1,1,1,0,0,1,0,1,0.215991,0.000000,0.189076,0.000000,0.000000,0.000000,0.269314,0.000000,0.191513,0.000000,0.000000,0.000000,0.000000,0.000000,0.000000,0.134107,rest_at_bed,1,60,9433,bed,none,room-temperature-shift,,0.000000,1.000000,0,none,,7.811698,7.811698,completed,30,7,rain,17.000000
11,1106,3448097784,192,Day 7 13:13,none,,7.811698,7.811698,completed,0.120000,0.079784,0.019446,0.946333,0.184167,0.270667,0.004476,0.000000,0.000000,10,1,1,1,0,0,0,1,1,1,1,1,0,0,1,0,1,0.222278,0.000000,0.181086,0.000000,0.000000,0.000000,0.153895,0.000000,0.176247,0.150120,0.000000,0.000000,0.000000,0.000000,0.000000,0.116373,use_phone,1,25,9458,phone,none,,,0.000000,1.000000,0,none,,7.811698,7.811698,completed,30,7,rain,17.000000
11,1106,3448097784,193,Day 7 13:38,none,,7.811698,7.811698,completed,0.000000,0.176892,0.019446,0.978000,0.205000,0.287333,0.004476,0.095000,0.085000,10,1,1,1,0,0,0,1,1,1,1,1,0,0,1,0,1,0.184178,0.000000,0.159810,0.000000,0.000000,0.000000,0.194995,0.000000,0.185532,0.158992,0.000000,0.000000,0.000000,0.000000,0.000000,0.116493,use_computer,1,30,9488,computer,none,,,0.000000,1.000000,0,none,,7.811698,7.811698,completed,30,7,rain,17.000000
11,1106,3448097784,194,Day 7 14:08,none,,7.811698,7.811698,completed,0.000000,0.294876,0.019446,0.968000,0.230000,0.307333,0.004476,0.175000,0.067000,10,1,1,1,0,0,0,1,1,1,1,1,0,0,1,0,1,0.164641,0.000000,0.146923,0.000000,0.000000,0.000000,0.234540,0.000000,0.183788,0.158649,0.000000,0.000000,0.000000,0.000000,0.000000,0.111459,go_to_bathroom,1,15,9503,door,none,weather-clear,,0.000000,1.000000,0,none,,7.811698,7.811698,completed,30,7,clear,17.000000
11,1106,3448097784,195,Day 7 14:23,none,,7.811698,7.811698,completed,0.005000,0.300876,0.019446,1.000000,0.242500,0.000000,0.004476,0.160000,0.058000,10,1,1,1,0,0,0,1,1,1,1,1,0,0,1,0,1,0.202761,0.000000,0.180783,0.000000,0.000000,0.000000,0.283730,0.000000,0.000000,0.197048,0.000000,0.000000,0.000000,0.000000,0.000000,0.135678,rest_at_bed,1,60,9563,bed,none,,,0.000000,1.000000,0,none,,7.811698,7.811698,completed,30,7,clear,17.000000
11,1106,3448097784,196,Day 7 15:23,none,,7.811698,7.811698,completed,0.065000,0.040217,0.019446,1.000000,0.292500,0.040000,0.004476,0.000000,0.022000,10,1,1,1,0,0,0,1,1,1,1,1,0,0,1,0,1,0.255071,0.000000,0.209759,0.000000,0.000000,0.000000,0.177017,0.000000,0.000000,0.218405,0.000000,0.000000,0.000000,0.000000,0.000000,0.139747,idle,1,10,9573,,none,,,0.000000,1.000000,0,none,,7.811698,7.811698,completed,30,7,clear,17.000000
11,1106,3448097784,197,Day 7 15:33,none,,7.811698,7.811698,completed,0.188333,0.044217,0.019446,0.946667,0.300833,0.046667,0.004476,0.000000,0.016000,10,1,1,1,0,0,0,1,1,1,1,1,0,0,1,0,1,0.275058,0.000000,0.217518,0.000000,0.000000,0.000000,0.166520,0.000000,0.000000,0.207241,0.000000,0.000000,0.000000,0.000000,0.000000,0.133663,use_phone,1,25,9598,phone,none,,,0.000000,1.000000,0,none,,7.811698,7.811698,completed,30,7,clear,17.000000
11,1106,3448097784,198,Day 7 15:58,none,,7.811698,7.811698,completed,0.000000,0.141324,0.019446,0.978333,0.321667,0.063333,0.004476,0.095000,0.101000,10,1,1,1,0,0,0,1,1,1,1,1,0,0,1,0,1,0.220599,0.000000,0.189962,0.000000,0.000000,0.000000,0.221032,0.000000,0.000000,0.229934,0.000000,0.000000,0.000000,0.000000,0.000000,0.138473,use_phone,1,25,9623,phone,none,,,0.000000,1.000000,0,none,,7.811698,7.811698,completed,30,7,clear,17.000000
11,1106,3448097784,199,Day 7 16:23,none,,7.811698,7.811698,completed,0.000000,0.238431,0.019446,1.000000,0.342500,0.080000,0.004476,0.190000,0.186000,10,1,1,1,0,0,0,1,1,1,1,1,0,0,1,0,1,0.166923,0.157149,0.147253,0.000000,0.000000,0.000000,0.222584,0.000000,0.000000,0.193544,0.000000,0.000000,0.000000,0.000000,0.000000,0.112547,get_meal,1,35,9658,door,none,,,0.000000,1.000000,0,none,,7.811698,7.811698,completed,30,7,clear,17.000000
11,1106,3448097784,200,Day 7 16:58,none,,7.811698,7.811698,completed,0.000000,0.252431,0.019446,1.000000,0.000000,0.103333,0.004476,0.155000,0.165000,10,1,1,1,0,0,0,1,1,1,1,1,0,0,1,0,1,0.211048,0.188766,0.186502,0.000000,0.000000,0.000000,0.273604,0.000000,0.000000,0.000000,0.000000,0.000000,0.000000,0.000000,0.000000,0.140080,rest_at_bed,1,60,9718,bed,none,evening,,0.000000,1.000000,0,none,,7.811698,7.811698,completed,30,7,clear,17.000000
11,1106,3448097784,201,Day 7 17:58,none,,7.811698,7.811698,completed,0.060000,0.000000,0.019446,1.000000,0.050000,0.143333,0.004476,0.000000,0.129000,10,1,1,1,0,0,0,1,1,1,1,1,0,0,1,0,1,0.268684,0.185264,0.219419,0.000000,0.000000,0.000000,0.000000,0.000000,0.179971,0.000000,0.000000,0.000000,0.000000,0.000000,0.000000,0.146662,go_to_bathroom,1,15,9733,door,none,,,0.000000,1.000000,0,none,,7.811698,7.811698,completed,30,7,clear,17.000000
11,1106,3448097784,202,Day 7 18:13,none,,7.811698,7.811698,completed,0.065000,0.006000,0.019446,1.000000,0.062500,0.000000,0.004476,0.000000,0.120000,10,1,1,1,0,0,0,1,1,1,1,1,0,0,1,0,1,0.331301,0.000000,0.270462,0.000000,0.000000,0.000000,0.218048,0.000000,0.000000,0.000000,0.000000,0.000000,0.000000,0.000000,0.000000,0.180189,idle,1,10,9743,,none,,,0.000000,1.000000,0,none,,7.811698,7.811698,completed,30,7,clear,17.000000
11,1106,3448097784,203,Day 7 18:23,none,,7.811698,7.811698,completed,0.188333,0.010000,0.019446,0.946667,0.070833,0.006667,0.004476,0.000000,0.114000,10,1,1,1,0,0,0,1,1,1,1,1,0,0,1,0,1,0.291464,0.171780,0.228812,0.000000,0.000000,0.000000,0.167341,0.000000,0.000000,0.000000,0.000000,0.000000,0.000000,0.000000,0.000000,0.140603,use_phone,1,25,9768,phone,none,,,0.000000,1.000000,0,none,,7.811698,7.811698,completed,30,7,clear,17.000000
11,1106,3448097784,204,Day 7 18:48,none,,7.811698,7.811698,completed,0.000000,0.107107,0.019446,0.978333,0.091667,0.023333,0.004476,0.095000,0.199000,10,1,1,1,0,0,0,1,1,1,1,1,0,0,1,0,1,0.231608,0.206001,0.197989,0.000000,0.000000,0.000000,0.220079,0.000000,0.000000,0.000000,0.000000,0.000000,0.000000,0.000000,0.000000,0.144324,use_phone,1,25,9793,phone,none,,,0.000000,1.000000,0,none,,7.811698,7.811698,completed,30,7,clear,17.000000
11,1106,3448097784,205,Day 7 19:13,none,,7.811698,7.811698,completed,0.000000,0.204214,0.019446,1.000000,0.112500,0.040000,0.004476,0.190000,0.284000,10,1,1,1,0,0,0,1,1,1,1,1,0,0,1,0,1,0.203550,0.224543,0.178255,0.000000,0.000000,0.000000,0.257409,0.000000,0.000000,0.000000,0.000000,0.000000,0.000000,0.000000,0.000000,0.136242,rest_at_bed,1,60,9853,bed,none,,,0.000000,1.000000,0,none,,7.811698,7.811698,completed,30,7,clear,17.000000
11,1106,3448097784,206,Day 7 20:13,none,,7.811698,7.811698,completed,0.060000,0.000000,0.019446,1.000000,0.162500,0.080000,0.004476,0.000000,0.248000,10,1,1,1,0,0,0,1,1,1,1,1,0,0,1,0,1,0.256933,0.216674,0.209822,0.000000,0.000000,0.000000,0.000000,0.000000,0.000000,0.176322,0.000000,0.000000,0.000000,0.000000,0.000000,0.140248,idle,1,10,9863,,none,,,0.000000,1.000000,0,none,,7.811698,7.811698,completed,30,7,clear,17.000000
11,1106,3448097784,207,Day 7 20:23,none,,7.811698,7.811698,completed,0.183333,0.004000,0.019446,0.946667,0.170833,0.086667,0.004476,0.000000,0.242000,10,1,1,1,0,0,0,1,1,1,1,1,0,0,1,0,1,0.239223,0.175771,0.187864,0.000000,0.000000,0.000000,0.136866,0.000000,0.000000,0.144457,0.000000,0.000000,0.000000,0.000000,0.000000,0.115820,shop_on_phone,1,20,9883,phone,none,,,0.000000,1.000000,0,none,,7.811698,7.811698,completed,0,7,clear,17.000000
11,1106,3448097784,208,Day 7 20:43,none,,7.811698,7.811698,completed,0.190000,0.016489,0.019446,1.000000,0.187500,0.100000,0.004476,0.060000,0.000000,10,1,1,1,0,0,0,1,1,1,1,1,0,0,1,0,1,0.281382,0.000000,0.221558,0.000000,0.000000,0.000000,0.177406,0.000000,0.000000,0.179527,0.000000,0.000000,0.000000,0.000000,0.000000,0.140128,rest_at_bed,1,60,9943,bed,none,,,0.000000,1.000000,0,none,,7.811698,7.811698,completed,0,7,clear,17.000000
11,1106,3448097784,209,Day 7 21:43,none,,7.811698,7.811698,completed,0.250000,0.000000,0.019446,1.000000,0.237500,0.140000,0.004476,0.000000,0.000000,10,1,1,1,0,0,0,1,1,1,1,1,0,0,1,0,1,0.295836,0.000000,0.227162,0.000000,0.000000,0.000000,0.000000,0.000000,0.158116,0.184826,0.000000,0.000000,0.000000,0.000000,0.000000,0.134060,use_computer,1,30,9973,computer,none,,,0.000000,1.000000,0,none,,7.811698,7.811698,completed,0,7,clear,17.000000
11,1106,3448097784,210,Day 7 22:13,none,,7.811698,7.811698,completed,0.100000,0.117985,0.019446,0.990000,0.262500,0.160000,0.004476,0.080000,0.000000,10,1,1,1,0,0,0,1,1,1,1,1,0,0,1,0,1,0.209748,0.000000,0.173895,0.000000,0.000000,0.000000,0.176721,0.000000,0.147786,0.174015,0.000000,0.000000,0.000000,0.000000,0.000000,0.117834,use_computer,1,30,10003,computer,none,,,0.000000,1.000000,0,none,,7.811698,7.811698,completed,0,7,clear,17.000000
11,1106,3448097784,211,Day 7 22:43,none,,7.811698,7.811698,completed,0.000000,0.235970,0.019446,0.980000,0.287500,0.180000,0.004476,0.160000,0.000000,10,1,1,1,0,0,0,1,1,1,1,1,0,0,1,0,1,0.174427,0.000000,0.153627,0.000000,0.000000,0.000000,0.222010,0.000000,0.152903,0.181358,0.000000,0.000000,0.000000,0.000000,0.000000,0.115675,go_to_bathroom,1,15,10018,door,none,,,0.000000,1.000000,0,none,,7.811698,7.811698,completed,0,7,clear,17.000000
11,1106,3448097784,212,Day 7 22:58,none,,7.811698,7.811698,completed,0.005000,0.241970,0.019446,1.000000,0.300000,0.000000,0.004476,0.145000,0.000000,10,1,1,1,0,0,0,1,1,1,1,1,0,0,1,0,1,0.206853,0.000000,0.182027,0.000000,0.000000,0.000000,0.258620,0.000000,0.000000,0.216907,0.000000,0.000000,0.000000,0.000000,0.000000,0.135593,use_computer,1,30,10048,computer,none,,,0.000000,1.000000,0,none,,7.811698,7.811698,completed,0,7,clear,17.000000
11,1106,3448097784,213,Day 7 23:28,none,,7.811698,7.811698,completed,0.000000,0.359955,0.019446,0.990000,0.325000,0.020000,0.004476,0.225000,0.000000,10,1,1,1,0,0,0,1,1,1,1,1,0,0,1,0,1,0.182452,0.000000,0.165393,0.000000,0.000000,0.000000,0.308716,0.000000,0.000000,0.214802,0.000000,0.000000,0.000000,0.000000,0.000000,0.128637,use_phone,1,25,10073,phone,none,,,0.000000,1.000000,0,none,,7.811698,7.811698,completed,0,7,clear,17.000000
11,1106,3448097784,214,Day 7 23:53,none,,7.811698,7.811698,completed,0.000000,0.457062,0.019446,1.000000,0.345833,0.036667,0.004476,0.320000,0.085000,10,1,1,1,0,0,0,1,1,1,1,1,0,0,1,0,1,0.114454,0.000000,0.106287,0.000000,0.000000,0.000000,0.257731,0.284957,0.000000,0.149894,0.000000,0.000000,0.000000,0.000000,0.000000,0.086677,idle,1,10,10083,,none,,,0.000000,1.000000,0,none,,7.811698,7.811698,completed,0,7,clear,17.000000
11,1106,3448097784,215,Day 8 00:03,none,,7.811698,7.811698,completed,0.123333,0.461062,0.019446,0.946667,0.354167,0.043333,0.004476,0.310000,0.079000,10,1,1,1,0,0,0,1,1,1,1,1,0,0,1,0,1,0.128411,0.000000,0.114632,0.000000,0.000000,0.000000,0.248678,0.275291,0.000000,0.147192,0.000000,0.000000,0.000000,0.000000,0.000000,0.085795,rest_at_bed,1,60,10143,bed,none,,,0.000000,1.000000,0,none,,7.811698,7.811698,completed,0,7,clear,17.000000
11,1106,3448097784,216,Day 8 01:03,none,,7.811698,7.811698,completed,0.183333,0.200402,0.019446,0.976667,0.404167,0.083333,0.004476,0.110000,0.043000,10,1,1,1,0,0,0,1,1,1,1,1,0,0,1,0,1,0.235102,0.000000,0.193298,0.000000,0.000000,0.000000,0.213291,0.000000,0.000000,0.232418,0.000000,0.000000,0.000000,0.000000,0.000000,0.125890,use_computer,1,30,10173,computer,none,,,0.000000,1.000000,0,none,,7.811698,7.811698,completed,0,7,clear,17.000000
11,1106,3448097784,217,Day 8 01:33,none,,7.811698,7.811698,completed,0.033333,0.318387,0.019446,0.966667,0.429167,0.103333,0.004476,0.190000,0.025000,10,1,1,1,0,0,0,1,1,1,1,1,0,0,1,0,1,0.188093,0.000000,0.166974,0.000000,0.000000,0.000000,0.273147,0.000000,0.000000,0.246923,0.000000,0.000000,0.000000,0.000000,0.000000,0.124862,rest_at_bed,1,60,10233,bed,none,,,0.000000,1.000000,0,none,,7.811698,7.811698,completed,0,7,clear,17.000000
11,1106,3448097784,218,Day 8 02:33,none,,7.811698,7.811698,completed,0.093333,0.057728,0.019446,0.996667,0.479167,0.143333,0.004476,0.000000,0.000000,10,1,1,1,0,0,0,1,1,1,1,1,0,0,1,0,1,0.206886,0.000000,0.169211,0.000000,0.000000,0.000000,0.142766,0.000000,0.134987,0.235491,0.000000,0.000000,0.000000,0.000000,0.000000,0.110659,use_phone,1,25,10258,phone,none,,,0.000000,1.000000,0,none,,7.811698,7.811698,completed,0,7,clear,17.000000
11,1106,3448097784,219,Day 8 02:58,none,,7.811698,7.811698,completed,0.000000,0.154835,0.019446,1.000000,0.500000,0.160000,0.004476,0.095000,0.085000,10,1,1,1,0,0,0,1,1,1,1,1,0,0,1,0,1,0.174499,0.000000,0.150699,0.000000,0.000000,0.000000,0.178540,0.000000,0.140249,0.246162,0.000000,0.000000,0.000000,0.000000,0.000000,0.109852,use_computer,1,30,10288,computer,none,,,0.000000,1.000000,0,none,,7.811698,7.811698,completed,0,7,clear,17.000000
11,1106,3448097784,220,Day 8 03:28,none,,7.811698,7.811698,completed,0.000000,0.272820,0.019446,0.990000,0.525000,0.180000,0.004476,0.175000,0.067000,10,1,1,1,0,0,0,1,1,1,1,1,0,0,1,0,1,0.156152,0.000000,0.138693,0.000000,0.000000,0.000000,0.214974,0.000000,0.139076,0.245890,0.000000,0.000000,0.000000,0.000000,0.000000,0.105215,rest_at_bed,1,60,10348,bed,none,,,0.000000,1.000000,0,none,,7.811698,7.811698,completed,0,7,clear,17.000000
11,1106,3448097784,221,Day 8 04:28,none,,7.811698,7.811698,completed,0.060000,0.012160,0.019446,1.000000,0.575000,0.220000,0.004476,0.000000,0.031000,10,1,1,1,0,0,0,1,1,1,1,1,0,0,1,0,1,0.193128,0.000000,0.158127,0.000000,0.000000,0.000000,0.129073,0.000000,0.148167,0.265810,0.000000,0.000000,0.000000,0.000000,0.000000,0.105694,get_meal,1,35,10383,door,none,,,0.000000,1.000000,0,none,,7.811698,7.811698,completed,0,7,clear,17.000000
11,1106,3448097784,222,Day 8 05:03,none,,7.811698,7.811698,completed,0.031667,0.026160,0.019446,1.000000,0.054167,0.243333,0.004476,0.000000,0.010000,10,1,1,1,0,0,0,1,1,1,1,1,0,0,1,0,1,0.254651,0.000000,0.211054,0.000000,0.000000,0.000000,0.179721,0.000000,0.210859,0.000000,0.000000,0.000000,0.000000,0.000000,0.000000,0.143715,use_computer,1,30,10413,computer,none,,,0.000000,1.000000,0,none,,7.811698,7.811698,completed,0,7,clear,17.000000
11,1106,3448097784,223,Day 8 05:33,none,,7.811698,7.811698,completed,0.000000,0.144145,0.019446,0.990000,0.079167,0.263333,0.004476,0.080000,0.000000,10,1,1,1,0,0,0,1,1,1,1,1,0,0,1,0,1,0.226185,0.000000,0.194786,0.000000,0.000000,0.000000,0.222808,0.000000,0.215291,0.000000,0.000000,0.000000,0.000000,0.000000,0.000000,0.140930,use_phone,1,25,10438,phone,none,,,0.000000,1.000000,0,none,,7.811698,7.811698,completed,0,7,clear,17.000000
11,1106,3448097784,224,Day 8 05:58,none,,7.811698,7.811698,completed,0.000000,0.241252,0.019446,1.000000,0.100000,0.280000,0.004476,0.175000,0.085000,10,1,1,1,0,0,0,1,1,1,1,1,0,0,1,0,1,0.203464,0.000000,0.179500,0.000000,0.000000,0.000000,0.266736,0.000000,0.214129,0.000000,0.000000,0.000000,0.000000,0.000000,0.000000,0.136171,use_phone,1,25,10463,phone,none,,,0.000000,1.000000,0,none,,7.811698,7.811698,completed,0,7,clear,17.000000
11,1106,3448097784,225,Day 8 06:23,none,,7.811698,7.811698,completed,0.000000,0.338359,0.019446,1.000000,0.120833,0.296667,0.004476,0.270000,0.170000,10,1,1,1,0,0,0,1,1,1,1,1,0,0,1,0,1,0.153658,0.150118,0.138872,0.000000,0.000000,0.000000,0.268089,0.000000,0.178801,0.000000,0.000000,0.000000,0.000000,0.000000,0.000000,0.110462,go_to_bathroom,1,15,10478,door,none,,,0.000000,1.000000,0,none,,7.811698,7.811698,completed,0,7,clear,17.000000
11,1106,3448097784,226,Day 8 06:38,none,,7.811698,7.811698,completed,0.005000,0.344359,0.019446,1.000000,0.133333,0.000000,0.004476,0.255000,0.161000,10,1,1,1,0,0,0,1,1,1,1,1,0,0,1,0,1,0.189461,0.180135,0.171080,0.000000,0.000000,0.000000,0.324701,0.000000,0.000000,0.000000,0.000000,0.000000,0.000000,0.000000,0.000000,0.134624,rest_at_bed,1,60,10538,bed,none,,,0.000000,1.000000,0,none,,7.811698,7.811698,completed,0,7,clear,17.000000
11,1106,3448097784,227,Day 8 07:38,none,,7.811698,7.811698,completed,0.065000,0.083700,0.019446,1.000000,0.183333,0.040000,0.004476,0.055000,0.125000,10,1,1,1,0,0,0,1,1,1,1,1,0,0,1,0,1,0.214632,0.153311,0.178502,0.000000,0.000000,0.000000,0.172322,0.000000,0.000000,0.159004,0.000000,0.000000,0.000000,0.000000,0.000000,0.122229,use_computer,1,30,10568,computer,none,,,0.000000,1.000000,0,none,,7.811698,7.811698,completed,0,7,clear,17.000000
11,1106,3448097784,228,Day 8 08:08,none,,7.811698,7.811698,completed,0.000000,0.201685,0.019446,0.990000,0.208333,0.060000,0.004476,0.135000,0.107000,10,1,1,1,0,0,0,1,1,1,1,1,0,0,1,0,1,0.218368,0.000000,0.190754,0.000000,0.000000,0.000000,0.254336,0.000000,0.000000,0.194690,0.000000,0.000000,0.000000,0.000000,0.000000,0.141851,get_meal,1,35,10603,door,none,,,0.000000,1.000000,0,none,,7.811698,7.811698,completed,0,7,clear,17.000000
11,1106,3448097784,229,Day 8 08:43,none,,7.811698,7.811698,completed,0.000000,0.215685,0.019446,1.000000,0.000000,0.083333,0.004476,0.100000,0.086000,10,1,1,1,0,0,0,1,1,1,1,1,0,0,1,0,1,0.274206,0.000000,0.239949,0.000000,0.000000,0.000000,0.310498,0.000000,0.000000,0.000000,0.000000,0.000000,0.000000,0.000000,0.000000,0.175347,idle,1,10,10613,,none,,,0.000000,1.000000,0,none,,7.811698,7.811698,completed,0,7,clear,17.000000
11,1106,3448097784,230,Day 8 08:53,none,,7.811698,7.811698,completed,0.123333,0.219685,0.019446,0.946667,0.008333,0.090000,0.004476,0.090000,0.080000,10,1,1,1,0,0,0,1,1,1,1,1,0,0,1,0,1,0.295929,0.000000,0.248935,0.000000,0.000000,0.000000,0.288183,0.000000,0.000000,0.000000,0.000000,0.000000,0.000000,0.000000,0.000000,0.166953,use_phone,1,25,10638,phone,none,alarm-rings,,0.000000,1.000000,0,none,,7.811698,7.811698,completed,0,7,clear,17.000000
11,1106,3448097784,231,Day 8 09:18,none,,7.811698,7.811698,completed,0.000000,0.316792,0.019446,0.978333,0.029167,0.106667,0.025968,0.185000,0.165000,11,1,1,1,0,0,0,1,1,1,1,1,0,1,1,0,1,0.156136,0.143874,0.140038,0.000000,0.000000,0.000000,0.232517,0.000000,0.000000,0.000000,0.000000,0.000000,0.220668,0.000000,0.000000,0.106766,shop_on_phone,0,0,10638,phone,resource_insufficient,,,0.000000,1.000000,0,none,,7.811698,7.811698,completed,0,7,clear,17.000000
11,1106,3448097784,232,Day 8 09:18,none,,7.811698,7.811698,completed,0.000000,0.316792,0.019446,0.948333,0.029167,0.106667,0.055968,0.185000,0.165000,11,1,1,1,0,0,0,1,1,1,1,1,0,1,1,0,1,0.155867,0.143626,0.139796,0.000000,0.000000,0.000000,0.230879,0.000000,0.000000,0.000000,0.000000,0.000000,0.223250,0.000000,0.000000,0.106582,rest_at_bed,1,60,10698,bed,none,,,0.000000,1.000000,0,none,,7.811698,7.811698,completed,0,7,clear,17.000000
11,1106,3448097784,233,Day 8 10:18,none,,7.811698,7.811698,completed,0.060000,0.056132,0.019446,0.978333,0.079167,0.146667,0.055968,0.000000,0.129000,11,1,1,1,0,0,0,1,1,1,1,1,0,1,1,0,1,0.178177,0.124340,0.147263,0.000000,0.000000,0.000000,0.126313,0.000000,0.121489,0.000000,0.000000,0.000000,0.203987,0.000000,0.000000,0.098432,turn_off_alarm,1,1,10699,alarm,none,,,0.000000,1.000000,0,none,,7.811698,7.811698,completed,0,7,clear,17.000000
11,1106,3448097784,234,Day 8 10:19,none,,7.811698,7.811698,completed,0.060333,0.056532,0.019446,1.000000,0.080000,0.147333,0.035968,0.000000,0.128400,10,1,1,1,0,0,0,1,1,1,1,1,0,0,1,0,1,0.223725,0.155926,0.184903,0.000000,0.000000,0.000000,0.159205,0.000000,0.152676,0.000000,0.000000,0.000000,0.000000,0.000000,0.000000,0.123565,shop_on_phone,0,0,10699,phone,resource_insufficient,,,0.000000,1.000000,0,none,,7.811698,7.811698,completed,0,7,clear,17.000000
11,1106,3448097784,235,Day 8 10:19,none,,7.811698,7.811698,completed,0.060333,0.056532,0.019446,0.970000,0.080000,0.147333,0.065968,0.000000,0.128400,10,1,1,1,0,0,0,1,1,1,1,1,0,0,1,0,1,0.223915,0.156058,0.185060,0.000000,0.000000,0.000000,0.158491,0.000000,0.152806,0.000000,0.000000,0.000000,0.000000,0.000000,0.000000,0.123670,shop_on_phone,0,0,10699,phone,resource_insufficient,,,0.000000,1.000000,0,none,,7.811698,7.811698,completed,0,7,clear,17.000000
11,1106,3448097784,236,Day 8 10:19,none,,7.811698,7.811698,completed,0.060333,0.056532,0.019446,0.940000,0.080000,0.147333,0.095968,0.000000,0.128400,10,1,1,1,0,0,0,1,1,1,1,1,0,0,1,0,1,0.224104,0.156190,0.185217,0.000000,0.000000,0.000000,0.157780,0.000000,0.152935,0.000000,0.000000,0.000000,0.000000,0.000000,0.000000,0.123774,go_to_bathroom,1,15,10714,door,none,,,0.000000,1.000000,0,none,,7.811698,7.811698,completed,0,7,clear,17.000000
11,1106,3448097784,237,Day 8 10:34,none,,7.811698,7.811698,completed,0.065333,0.062532,0.019446,1.000000,0.092500,0.000000,0.095968,0.000000,0.119400,10,1,1,1,0,0,0,1,1,1,1,1,0,0,1,0,1,0.324356,0.000000,0.267982,0.000000,0.000000,0.000000,0.229165,0.000000,0.000000,0.000000,0.000000,0.000000,0.000000,0.000000,0.000000,0.178498,use_computer,1,30,10744,computer,none,,,0.000000,1.000000,0,none,,7.811698,7.811698,completed,0,7,clear,17.000000
11,1106,3448097784,238,Day 8 11:04,none,,7.811698,7.811698,completed,0.000000,0.180517,0.019446,0.990000,0.117500,0.020000,0.095968,0.080000,0.101400,10,1,1,1,0,0,0,1,1,1,1,1,0,0,1,0,1,0.283996,0.000000,0.246480,0.000000,0.000000,0.000000,0.291192,0.000000,0.000000,0.000000,0.000000,0.000000,0.000000,0.000000,0.000000,0.178332,use_phone,1,25,10769,phone,none,,,0.000000,1.000000,0,none,,7.811698,7.811698,completed,0,7,clear,17.000000
11,1106,3448097784,239,Day 8 11:29,none,,7.811698,7.811698,completed,0.000000,0.277624,0.019446,1.000000,0.138333,0.036667,0.095968,0.175000,0.186400,10,1,1,1,0,0,0,1,1,1,1,1,0,0,1,0,1,0.175637,0.165525,0.156160,0.000000,0.000000,0.000000,0.239668,0.000000,0.000000,0.144545,0.000000,0.000000,0.000000,0.000000,0.000000,0.118465,rest_at_bed,1,60,10829,bed,none,message-study-group,,0.000000,1.000000,0,none,,7.811698,7.811698,completed,0,8,clear,17.000000
11,1106,3448097784,240,Day 8 12:29,none,,7.811698,7.811698,completed,0.060000,0.016965,0.019446,1.000000,0.188333,0.076667,0.095968,0.000000,0.150400,10,1,1,1,0,0,0,1,1,1,1,1,0,0,1,0,1,0.223877,0.160641,0.183491,0.000000,0.000000,0.000000,0.148305,0.000000,0.000000,0.161038,0.000000,0.000000,0.000000,0.000000,0.000000,0.122648,use_computer,1,30,10859,computer,none,,,0.000000,1.000000,0,none,,7.811698,7.811698,completed,0,8,clear,17.000000
11,1106,3448097784,241,Day 8 12:59,none,,7.811698,7.811698,completed,0.000000,0.134950,0.019446,0.990000,0.213333,0.096667,0.095968,0.080000,0.132400,10,1,1,1,0,0,0,1,1,1,1,1,0,0,1,0,1,0.196445,0.155784,0.168842,0.000000,0.000000,0.000000,0.187691,0.000000,0.000000,0.169078,0.000000,0.000000,0.000000,0.000000,0.000000,0.122160,shop_on_phone,0,0,10859,phone,resource_insufficient,,,0.000000,1.000000,0,none,,7.811698,7.811698,completed,0,8,clear,17.000000
11,1106,3448097784,242,Day 8 12:59,none,,7.811698,7.811698,completed,0.000000,0.134950,0.019446,0.960000,0.213333,0.096667,0.125968,0.080000,0.132400,10,1,1,1,0,0,0,1,1,1,1,1,0,0,1,0,1,0.196641,0.155940,0.169011,0.000000,0.000000,0.000000,0.186878,0.000000,0.000000,0.169247,0.000000,0.000000,0.000000,0.000000,0.000000,0.122282,use_phone,1,25,10884,phone,none,weather-clear,,0.000000,1.000000,0,none,,7.811698,7.811698,completed,0,8,clear,17.000000
11,1106,3448097784,243,Day 8 13:24,none,,7.811698,7.811698,completed,0.000000,0.232057,0.019446,0.991667,0.234167,0.113333,0.125968,0.175000,0.217400,10,1,1,1,0,0,0,1,1,1,1,1,0,0,1,0,1,0.173786,0.170927,0.153016,0.000000,0.000000,0.000000,0.219799,0.000000,0.000000,0.166390,0.000000,0.000000,0.000000,0.000000,0.000000,0.116081,rest_at_bed,1,60,10944,bed,none,,,0.000000,1.000000,0,none,,7.811698,7.811698,completed,0,8,clear,17.000000
11,1106,3448097784,244,Day 8 14:24,none,,7.811698,7.811698,completed,0.060000,0.000000,0.019446,1.000000,0.284167,0.153333,0.125968,0.000000,0.181400,10,1,1,1,0,0,0,1,1,1,1,1,0,0,1,0,1,0.215542,0.162399,0.176020,0.000000,0.000000,0.000000,0.000000,0.000000,0.146904,0.181481,0.000000,0.000000,0.000000,0.000000,0.000000,0.117654,use_phone,1,25,10969,phone,none,,,0.000000,1.000000,0,none,,7.811698,7.811698,completed,0,8,clear,17.000000
11,1106,3448097784,245,Day 8 14:49,none,,7.811698,7.811698,completed,0.000000,0.097107,0.019446,1.000000,0.305000,0.170000,0.125968,0.095000,0.266400,10,1,1,1,0,0,0,1,1,1,1,1,0,0,1,0,1,0.161370,0.160522,0.137652,0.000000,0.000000,0.000000,0.147749,0.000000,0.130351,0.162014,0.000000,0.000000,0.000000,0.000000,0.000000,0.100341,go_to_bathroom,1,15,10984,door,none,,,0.000000,1.000000,0,none,,7.811698,7.811698,completed,0,8,clear,17.000000
11,1106,3448097784,246,Day 8 15:04,none,,7.811698,7.811698,completed,0.005000,0.103107,0.019446,1.000000,0.317500,0.000000,0.125968,0.080000,0.257400,10,1,1,1,0,0,0,1,1,1,1,1,0,0,1,0,1,0.187024,0.181055,0.159396,0.000000,0.000000,0.000000,0.168206,0.000000,0.000000,0.189371,0.000000,0.000000,0.000000,0.000000,0.000000,0.114948,use_computer,1,30,11014,computer,none,,,0.000000,1.000000,0,none,,7.811698,7.811698,completed,0,8,clear,17.000000
11,1106,3448097784,247,Day 8 15:34,none,,7.811698,7.811698,completed,0.000000,0.221092,0.019446,0.990000,0.342500,0.020000,0.125968,0.160000,0.239400,10,1,1,1,0,0,0,1,1,1,1,1,0,0,1,0,1,0.169396,0.171145,0.148722,0.000000,0.000000,0.000000,0.206183,0.000000,0.000000,0.192572,0.000000,0.000000,0.000000,0.000000,0.000000,0.111982,use_phone,1,25,11039,phone,none,,,0.000000,1.000000,0,none,,7.811698,7.811698,completed,0,8,clear,17.000000
11,1106,3448097784,248,Day 8 15:59,none,,7.811698,7.811698,completed,0.000000,0.318199,0.019446,1.000000,0.363333,0.036667,0.125968,0.255000,0.324400,10,1,1,1,0,0,0,1,1,1,1,1,0,0,1,0,1,0.148214,0.185722,0.133304,0.000000,0.000000,0.000000,0.240085,0.000000,0.000000,0.187432,0.000000,0.000000,0.000000,0.000000,0.000000,0.105242,get_meal,1,35,11074,door,none,,,0.000000,1.000000,0,none,,7.811698,7.811698,completed,0,8,clear,17.000000
11,1106,3448097784,249,Day 8 16:34,none,,7.811698,7.811698,completed,0.000000,0.332199,0.019446,1.000000,0.000000,0.060000,0.125968,0.220000,0.303400,10,1,1,1,0,0,0,1,1,1,1,1,0,0,1,0,1,0.186382,0.221885,0.167926,0.000000,0.000000,0.000000,0.293525,0.000000,0.000000,0.000000,0.000000,0.000000,0.000000,0.000000,0.000000,0.130282,rest_at_bed,1,60,11134,bed,none,evening,,0.000000,1.000000,0,none,,7.811698,7.811698,completed,0,8,clear,17.000000
11,1106,3448097784,250,Day 8 17:34,none,,7.811698,7.811698,completed,0.060000,0.071540,0.019446,1.000000,0.050000,0.100000,0.125968,0.020000,0.267400,10,1,1,1,0,0,0,1,1,1,1,1,0,0,1,0,1,0.248621,0.222362,0.206309,0.000000,0.000000,0.000000,0.183426,0.000000,0.000000,0.000000,0.000000,0.000000,0.000000,0.000000,0.000000,0.139282,use_phone,1,25,11159,phone,none,,,0.000000,1.000000,0,none,,7.811698,7.811698,completed,0,8,clear,17.000000
11,1106,3448097784,251,Day 8 17:59,none,,7.811698,7.811698,completed,0.000000,0.168647,0.019446,1.000000,0.070833,0.116667,0.125968,0.115000,0.352400,10,1,1,1,0,0,0,1,1,1,1,1,0,0,1,0,1,0.211048,0.249210,0.182932,0.000000,0.000000,0.000000,0.222125,0.000000,0.000000,0.000000,0.000000,0.000000,0.000000,0.000000,0.000000,0.134685,shop_on_phone,0,0,11159,phone,resource_insufficient,,,0.000000,1.000000,0,none,,7.811698,7.811698,completed,0,8,clear,17.000000
11,1106,3448097784,252,Day 8 17:59,none,,7.811698,7.811698,completed,0.000000,0.168647,0.019446,0.970000,0.070833,0.116667,0.155968,0.115000,0.352400,10,1,1,1,0,0,0,1,1,1,1,1,0,0,1,0,1,0.211298,0.249505,0.183149,0.000000,0.000000,0.000000,0.221203,0.000000,0.000000,0.000000,0.000000,0.000000,0.000000,0.000000,0.000000,0.134844,shop_on_phone,0,0,11159,phone,resource_insufficient,,,0.000000,1.000000,0,none,,7.811698,7.811698,completed,0,8,clear,17.000000
11,1106,3448097784,253,Day 8 17:59,none,,7.811698,7.811698,completed,0.000000,0.168647,0.019446,0.940000,0.070833,0.116667,0.185968,0.115000,0.352400,10,1,1,1,0,0,0,1,1,1,1,1,0,0,1,0,1,0.211548,0.249800,0.183365,0.000000,0.000000,0.000000,0.220284,0.000000,0.000000,0.000000,0.000000,0.000000,0.000000,0.000000,0.000000,0.135003,rest_at_bed,1,60,11219,bed,none,,,0.000000,1.000000,0,none,,7.811698,7.811698,completed,0,8,clear,17.000000
11,1106,3448097784,254,Day 8 18:59,none,,7.811698,7.811698,completed,0.060000,0.000000,0.019446,0.970000,0.120833,0.156667,0.185968,0.000000,0.316400,10,1,1,1,0,0,0,1,1,1,1,1,0,0,1,0,1,0.250327,0.237003,0.204427,0.000000,0.000000,0.000000,0.000000,0.000000,0.171602,0.000000,0.000000,0.000000,0.000000,0.000000,0.000000,0.136642,shop_on_phone,0,0,11219,phone,resource_insufficient,,,0.000000,1.000000,0,none,,7.811698,7.811698,completed,0,8,clear,17.000000
11,1106,3448097784,255,Day 8 18:59,none,,7.811698,7.811698,completed,0.060000,0.000000,0.019446,0.940000,0.120833,0.156667,0.215968,0.000000,0.316400,10,1,1,1,0,0,0,1,1,1,1,1,0,0,1,0,1,0.250327,0.237003,0.204427,0.000000,0.000000,0.000000,0.000000,0.000000,0.171602,0.000000,0.000000,0.000000,0.000000,0.000000,0.000000,0.136642,idle,1,10,11229,,none,,,0.000000,1.000000,0,none,,7.811698,7.811698,completed,0,8,clear,17.000000
11,1106,3448097784,256,Day 8 19:09,none,,7.811698,7.811698,completed,0.183333,0.004000,0.019446,0.886667,0.129167,0.163333,0.215968,0.000000,0.310400,10,1,1,1,0,0,0,1,1,1,1,1,0,0,1,0,1,0.270555,0.223182,0.212469,0.000000,0.000000,0.000000,0.000000,0.000000,0.162804,0.000000,0.000000,0.000000,0.000000,0.000000,0.000000,0.130990,shop_on_phone,0,0,11229,phone,resource_insufficient,,,0.000000,1.000000,0,none,,7.811698,7.811698,completed,0,8,clear,17.000000
