personality_index,scenario_seed,action_seed,step,decision_time,pre_commitment_status,pre_commitment_task_id,pre_task_effort,pre_task_effort_target,pre_task_status,pre_boredom,pre_fatigue,pre_task_pressure,pre_satisfaction,pre_hunger,pre_bathroom_urge,pre_anxiety,pre_screen_strain,pre_purchase_urge,known_action_count,known_use_phone,known_shop_on_phone,known_use_computer,known_study_at_computer,known_study_focused,known_study_halfhearted,known_rest_at_bed,known_sleep_at_bed,known_go_to_bathroom,known_get_meal,known_turn_light_on,known_turn_light_off,known_turn_off_alarm,known_open_curtain,known_close_curtain,known_idle,p_use_phone,p_shop_on_phone,p_use_computer,p_study_at_computer,p_study_focused,p_study_halfhearted,p_rest_at_bed,p_sleep_at_bed,p_go_to_bathroom,p_get_meal,p_turn_light_on,p_turn_light_off,p_turn_off_alarm,p_open_curtain,p_close_curtain,p_idle,chosen_action,accepted,elapsed_minutes,simulation_total_minutes,target_object_id,failure_reason,event_ids,outcome_task_id,outcome_task_effort_gained,outcome_task_settlement_variation,outcome_task_session_interrupted,post_commitment_status,post_commitment_task_id,post_task_effort,post_task_effort_target,post_task_status,post_wallet,post_unread_messages,post_weather,post_temperature_celsius
13,1103,3448076045,1,Day 1 08:00,none,,0.000000,7.513805,active,0.550000,0.150000,0.550000,0.450000,0.250000,0.150000,0.200000,0.050000,0.100000,13,1,1,1,1,1,1,1,1,1,1,0,1,0,0,1,1,0.117221,0.000000,0.104019,0.147004,0.153691,0.119188,0.096526,0.000000,0.087605,0.094896,0.000000,0.000000,0.000000,0.000000,0.000000,0.079849,use_computer,1,30,510,computer,none,,,0.000000,1.000000,0,none,,0.000000,7.513805,active,120,0,clear,23.000000
13,1103,3448076045,2,Day 1 08:30,none,,0.000000,7.513805,active,0.400000,0.264019,0.613644,0.440000,0.275000,0.170000,0.217256,0.130000,0.082000,13,1,1,1,1,1,1,1,1,1,1,0,1,0,0,1,1,0.103312,0.000000,0.095184,0.154254,0.161129,0.116527,0.106895,0.000000,0.088502,0.096220,0.000000,0.000000,0.000000,0.000000,0.000000,0.077978,study_focused,1,35,545,desk,none,,coursework,0.481969,1.055906,0,active,coursework,0.481969,7.513805,active,120,0,clear,23.000000
13,1103,3448076045,3,Day 1 09:05,active,coursework,0.481969,7.513805,active,0.431667,0.388019,0.470484,0.508333,0.304167,0.193333,0.169306,0.095000,0.061000,13,1,1,1,1,1,1,1,1,1,1,0,1,0,0,1,1,0.095997,0.000000,0.089103,0.131918,0.138630,0.110838,0.105100,0.000000,0.082722,0.090321,0.000000,0.083198,0.000000,0.000000,0.000000,0.072173,get_meal,1,35,580,door,none,,,0.000000,1.000000,0,suspended,coursework,0.481969,7.513805,active,120,0,clear,23.000000
13,1103,3448076045,4,Day 1 09:40,suspended,coursework,0.481969,7.513805,active,0.403333,0.402019,0.470484,0.622870,0.000000,0.216667,0.169306,0.060000,0.040000,13,1,1,1,1,1,1,1,1,1,1,0,1,0,0,1,1,0.104759,0.000000,0.097763,0.144734,0.153642,0.120711,0.114956,0.000000,0.092895,0.000000,0.000000,0.091309,0.000000,0.000000,0.000000,0.079231,rest_at_bed,1,60,640,bed,none,message-study-group,,0.000000,1.000000,0,suspended,coursework,0.481969,7.513805,active,120,1,clear,23.000000
13,1103,3448076045,5,Day 1 10:40,suspended,coursework,0.481969,7.513805,active,0.463333,0.135797,0.594128,0.652870,0.050000,0.256667,0.236562,0.000000,0.004000,13,1,1,1,1,1,1,1,1,1,1,0,1,0,0,1,1,0.113498,0.000000,0.101882,0.180802,0.192438,0.142298,0.093487,0.000000,0.096329,0.000000,0.000000,0.000000,0.000000,0.000000,0.000000,0.079267,study_halfhearted,1,35,675,desk,none,,coursework,0.295354,1.078443,0,active,coursework,0.777323,7.513805,active,120,1,clear,23.000000
13,1103,3448076045,6,Day 1 11:15,active,coursework,0.777323,7.513805,active,0.525000,0.229797,0.517776,0.661204,0.079167,0.280000,0.217983,0.000000,0.000000,13,1,1,1,1,1,1,1,1,1,1,0,1,0,0,1,1,0.120786,0.000000,0.108429,0.166910,0.177782,0.137703,0.103385,0.000000,0.101981,0.000000,0.000000,0.000000,0.000000,0.000000,0.000000,0.083024,study_at_computer,1,35,710,computer,none,,coursework,0.741936,1.061638,0,active,coursework,1.519259,7.513805,active,120,1,clear,23.000000
13,1103,3448076045,7,Day 1 11:50,active,coursework,1.519259,7.513805,active,0.556667,0.354932,0.374617,0.729537,0.108333,0.303333,0.167983,0.045000,0.000000,13,1,1,1,1,1,1,1,1,1,1,0,1,0,0,1,1,0.116541,0.000000,0.105560,0.131407,0.140812,0.120614,0.111796,0.000000,0.101109,0.000000,0.000000,0.090651,0.000000,0.000000,0.000000,0.081510,use_computer,1,30,740,computer,none,,,0.000000,1.000000,0,active,coursework,1.519259,7.513805,active,120,1,clear,23.000000
13,1103,3448076045,8,Day 1 12:20,active,coursework,1.519259,7.513805,active,0.406667,0.468951,0.438260,0.719537,0.133333,0.323333,0.185239,0.125000,0.000000,13,1,1,1,1,1,1,1,1,1,1,0,1,0,0,1,1,0.090568,0.000000,0.085173,0.121583,0.130171,0.103978,0.109165,0.115690,0.090066,0.000000,0.000000,0.083418,0.000000,0.000000,0.000000,0.070188,sleep_at_bed,1,480,1220,bed,none,room-temperature-shift|task-reminder|weather-clear|evening|task-deadline,,0.000000,1.000000,0,suspended,coursework,1.519259,7.513805,active,120,1,clear,24.000000
13,1103,3448076045,9,Day 1 20:20,suspended,coursework,1.519259,7.513805,active,0.486667,0.119984,0.651904,0.639537,0.533333,0.643333,0.290104,0.000000,0.000000,13,1,1,1,1,1,1,1,1,1,1,0,1,0,0,1,1,0.102551,0.000000,0.091558,0.151868,0.161451,0.112937,0.081956,0.000000,0.119791,0.107406,0.000000,0.000000,0.000000,0.000000,0.000000,0.070482,rest_at_bed,1,60,1280,bed,none,,,0.000000,1.000000,0,suspended,coursework,1.519259,7.513805,active,120,1,clear,24.000000
13,1103,3448076045,10,Day 1 21:20,suspended,coursework,1.519259,7.513805,active,0.546667,0.000000,0.695548,0.669537,0.583333,0.683333,0.312986,0.000000,0.000000,13,1,1,1,1,1,1,1,1,1,1,0,1,0,0,1,1,0.110517,0.000000,0.096492,0.169739,0.180928,0.126994,0.000000,0.000000,0.127495,0.115155,0.000000,0.000000,0.000000,0.000000,0.000000,0.072680,use_phone,1,25,1305,phone,none,,,0.000000,1.000000,0,suspended,coursework,1.519259,7.513805,active,120,1,clear,24.000000
13,1103,3448076045,11,Day 1 21:45,suspended,coursework,1.519259,7.513805,active,0.335000,0.092397,0.779191,0.701204,0.604167,0.700000,0.333591,0.095000,0.085000,13,1,1,1,1,1,1,1,1,1,1,0,1,0,0,1,1,0.086361,0.000000,0.078905,0.168807,0.180438,0.116876,0.078515,0.000000,0.118163,0.107054,0.000000,0.000000,0.000000,0.000000,0.000000,0.064881,use_phone,1,25,1330,phone,none,,,0.000000,1.000000,0,suspended,coursework,1.519259,7.513805,active,120,1,clear,24.000000
13,1103,3448076045,12,Day 1 22:10,suspended,coursework,1.519259,7.513805,active,0.123333,0.184794,0.862835,0.732870,0.625000,0.716667,0.356120,0.190000,0.170000,13,1,1,1,1,1,1,1,1,1,1,0,1,0,0,1,1,0.067283,0.068956,0.064330,0.167433,0.179470,0.107261,0.079111,0.000000,0.109186,0.099224,0.000000,0.000000,0.000000,0.000000,0.000000,0.057745,study_halfhearted,1,35,1365,desk,none,,coursework,0.251990,0.920106,0,active,coursework,1.771249,7.513805,active,120,1,clear,24.000000
13,1103,3448076045,13,Day 1 22:45,active,coursework,1.771249,7.513805,active,0.185000,0.278794,0.786483,0.741204,0.654167,0.740000,0.346196,0.155000,0.149000,13,1,1,1,1,1,1,1,1,1,1,0,1,0,0,1,1,0.063761,0.062240,0.060928,0.157272,0.168703,0.100103,0.075947,0.000000,0.101985,0.093077,0.000000,0.062622,0.000000,0.000000,0.000000,0.053362,idle,1,10,1375,,none,,,0.000000,1.000000,0,active,coursework,1.771249,7.513805,active,120,1,clear,24.000000
13,1103,3448076045,14,Day 1 22:55,active,coursework,1.771249,7.513805,active,0.308333,0.282794,0.880127,0.687870,0.662500,0.746667,0.365629,0.145000,0.143000,13,1,1,1,1,1,1,1,1,1,1,0,1,0,0,1,1,0.064716,0.058851,0.060644,0.166717,0.177994,0.104728,0.071417,0.000000,0.096791,0.088445,0.000000,0.059045,0.000000,0.000000,0.000000,0.050652,rest_at_bed,1,60,1435,bed,none,,,0.000000,1.000000,0,suspended,coursework,1.771249,7.513805,active,120,1,clear,24.000000
13,1103,3448076045,15,Day 1 23:55,suspended,coursework,1.771249,7.513805,active,0.368333,0.016572,0.923770,0.717870,0.712500,0.786667,0.401113,0.000000,0.107000,13,1,1,1,1,1,1,1,1,1,1,0,1,0,0,1,1,0.087830,0.000000,0.079049,0.199876,0.213962,0.120858,0.000000,0.000000,0.122934,0.113161,0.000000,0.000000,0.000000,0.000000,0.000000,0.062331,use_phone,1,25,1460,phone,none,,,0.000000,1.000000,0,suspended,coursework,1.771249,7.513805,active,120,1,clear,24.000000
13,1103,3448076045,16,Day 2 00:20,suspended,coursework,1.771249,7.513805,active,0.156667,0.108969,1.000000,0.749537,0.733333,0.803333,0.426969,0.095000,0.192000,13,1,1,1,1,1,1,1,1,1,1,0,1,0,0,1,1,0.064432,0.063960,0.060684,0.185109,0.198708,0.103957,0.065172,0.000000,0.106962,0.098760,0.000000,0.000000,0.000000,0.000000,0.000000,0.052257,study_halfhearted,1,35,1495,desk,none,,coursework,0.296598,1.082988,0,active,coursework,2.067848,7.513805,active,120,1,clear,24.000000
13,1103,3448076045,17,Day 2 00:55,active,coursework,2.067848,7.513805,active,0.218333,0.202969,0.923648,0.757870,0.762500,0.826667,0.421464,0.060000,0.171000,13,1,1,1,1,1,1,1,1,1,1,0,1,0,0,1,1,0.064755,0.061226,0.060954,0.184544,0.198247,0.108528,0.066328,0.000000,0.105954,0.098249,0.000000,0.000000,0.000000,0.000000,0.000000,0.051214,go_to_bathroom,1,15,1510,door,none,,,0.000000,1.000000,0,suspended,coursework,2.067848,7.513805,active,120,1,clear,24.000000
13,1103,3448076045,18,Day 2 01:10,suspended,coursework,2.067848,7.513805,active,0.223333,0.208969,0.923648,0.839074,0.775000,0.216667,0.426622,0.045000,0.162000,13,1,1,1,1,1,1,1,1,1,1,0,1,0,0,1,1,0.072858,0.067966,0.068552,0.179128,0.193812,0.105540,0.073936,0.000000,0.069901,0.111018,0.000000,0.000000,0.000000,0.000000,0.000000,0.057291,study_focused,1,35,1545,desk,none,,coursework,0.429607,0.941189,0,active,coursework,2.497454,7.513805,active,120,1,clear,24.000000
13,1103,3448076045,19,Day 2 01:45,active,coursework,2.497454,7.513805,active,0.255000,0.332969,0.780489,0.907407,0.804167,0.240000,0.388657,0.010000,0.141000,13,1,1,1,1,1,1,1,1,1,1,0,1,0,0,1,1,0.074448,0.067393,0.070570,0.168758,0.183695,0.110501,0.079872,0.000000,0.071849,0.114601,0.000000,0.000000,0.000000,0.000000,0.000000,0.058312,use_phone,1,25,1570,phone,none,,,0.000000,1.000000,0,active,coursework,2.497454,7.513805,active,120,1,clear,24.000000
13,1103,3448076045,20,Day 2 02:10,active,coursework,2.497454,7.513805,active,0.043333,0.425366,0.864133,0.939074,0.825000,0.256667,0.411216,0.105000,0.226000,13,1,1,1,1,1,1,1,1,1,1,0,1,0,0,1,1,0.061637,0.069198,0.000000,0.177879,0.194165,0.104955,0.085523,0.000000,0.070553,0.112877,0.000000,0.068061,0.000000,0.000000,0.000000,0.055152,study_at_computer,1,35,1605,computer,none,,coursework,0.747345,1.069378,0,active,coursework,3.244799,7.513805,active,120,1,clear,24.000000
13,1103,3448076045,21,Day 2 02:45,active,coursework,3.244799,7.513805,active,0.075000,0.550502,0.720973,1.000000,0.854167,0.280000,0.371334,0.150000,0.205000,13,1,1,1,1,1,1,1,1,1,1,0,1,0,0,1,1,0.058742,0.065372,0.000000,0.138573,0.152075,0.090892,0.091266,0.101084,0.069092,0.111014,0.000000,0.068407,0.000000,0.000000,0.000000,0.053482,sleep_at_bed,1,480,2085,bed,none,alarm-rings,,0.000000,1.000000,0,suspended,coursework,3.244799,7.513805,active,120,1,clear,24.000000
13,1103,3448076045,22,Day 2 10:45,suspended,coursework,3.244799,7.513805,active,0.185000,0.201535,0.794617,0.920000,1.000000,0.600000,0.497922,0.000000,0.000000,14,1,1,1,1,1,1,1,1,1,1,0,1,1,0,1,1,0.071071,0.000000,0.067177,0.152925,0.166646,0.094900,0.070571,0.000000,0.095880,0.132007,0.000000,0.000000,0.092221,0.000000,0.000000,0.056602,study_at_computer,1,35,2120,computer,none,,coursework,0.754788,1.080029,0,active,coursework,3.999587,7.513805,active,120,1,clear,24.000000
13,1103,3448076045,23,Day 2 11:20,active,coursework,3.999587,7.513805,active,0.216667,0.326670,0.651457,0.988333,1.000000,0.623333,0.455801,0.045000,0.000000,14,1,1,1,1,1,1,1,1,1,1,0,1,1,0,1,1,0.071081,0.000000,0.067791,0.143907,0.157766,0.099293,0.079048,0.000000,0.098536,0.132953,0.000000,0.000000,0.092024,0.000000,0.000000,0.057601,study_focused,1,35,2155,desk,none,,coursework,0.434789,0.952543,0,active,coursework,4.434376,7.513805,active,120,1,clear,24.000000
13,1103,3448076045,24,Day 2 11:55,active,coursework,4.434376,7.513805,active,0.248333,0.450670,0.508298,1.000000,1.000000,0.646667,0.409069,0.010000,0.000000,14,1,1,1,1,1,1,1,1,1,1,0,1,1,0,1,1,0.071266,0.000000,0.068473,0.115344,0.126582,0.088507,0.083851,0.000000,0.099376,0.131407,0.000000,0.067648,0.090022,0.000000,0.000000,0.057525,turn_off_alarm,1,1,2156,alarm,none,,,0.000000,1.000000,0,active,coursework,4.434376,7.513805,active,120,1,clear,24.000000
13,1103,3448076045,25,Day 2 11:56,active,coursework,4.434376,7.513805,active,0.248667,0.451070,0.508298,1.000000,1.000000,0.647333,0.389069,0.009000,0.000000,13,1,1,1,1,1,1,1,1,1,1,0,1,0,0,1,1,0.078417,0.000000,0.075342,0.126408,0.138724,0.097166,0.092374,0.000000,0.109365,0.144533,0.000000,0.074399,0.000000,0.000000,0.000000,0.063273,study_focused,1,35,2191,desk,none,,coursework,0.423528,0.927871,0,active,coursework,4.857904,7.513805,active,120,1,clear,24.000000
13,1103,3448076045,26,Day 2 12:31,active,coursework,4.857904,7.513805,active,0.280333,0.575070,0.365139,1.000000,1.000000,0.670667,0.339069,0.000000,0.000000,13,1,1,1,1,1,1,1,1,1,1,0,1,0,0,1,1,0.074111,0.000000,0.071768,0.096110,0.105474,0.082181,0.094103,0.103716,0.104688,0.135587,0.000000,0.072289,0.000000,0.000000,0.000000,0.059975,sleep_at_bed,1,123,2314,bed,none,task-reminder|room-temperature-shift,,0.000000,1.000000,0,suspended,coursework,4.857904,7.513805,active,120,1,clear,17.000000
13,1103,3448076045,27,Day 2 14:34,suspended,coursework,4.857904,7.513805,active,0.241333,0.133645,0.438782,0.979000,1.000000,0.752667,0.356325,0.000000,0.000000,13,1,1,1,1,1,1,1,1,1,1,0,1,0,0,1,1,0.093357,0.000000,0.086822,0.124062,0.135898,0.095545,0.086271,0.000000,0.138163,0.166690,0.000000,0.000000,0.000000,0.000000,0.000000,0.073194,study_at_computer,1,35,2349,computer,none,,coursework,0.632636,0.905241,0,active,coursework,5.490540,7.513805,active,120,1,clear,17.000000
13,1103,3448076045,28,Day 2 15:09,active,coursework,5.490540,7.513805,active,0.273000,0.258781,0.295623,1.000000,1.000000,0.776000,0.306325,0.045000,0.000000,13,1,1,1,1,1,1,1,1,1,1,0,1,0,0,1,1,0.092771,0.000000,0.087053,0.115835,0.127121,0.099249,0.096080,0.000000,0.141078,0.166806,0.000000,0.000000,0.000000,0.000000,0.000000,0.074008,get_meal,1,35,2384,door,none,,,0.000000,1.000000,0,suspended,coursework,5.490540,7.513805,active,120,1,clear,17.000000
13,1103,3448076045,29,Day 2 15:44,suspended,coursework,5.490540,7.513805,active,0.244667,0.272781,0.295623,1.000000,0.479167,0.799333,0.306325,0.010000,0.000000,13,1,1,1,1,1,1,1,1,1,1,0,1,0,0,1,1,0.102730,0.000000,0.096921,0.111994,0.122906,0.095252,0.106638,0.000000,0.160762,0.120353,0.000000,0.000000,0.000000,0.000000,0.000000,0.082443,go_to_bathroom,1,15,2399,door,none,,,0.000000,1.000000,0,suspended,coursework,5.490540,7.513805,active,120,1,clear,17.000000
13,1103,3448076045,30,Day 2 15:59,suspended,coursework,5.490540,7.513805,active,0.249667,0.278781,0.295623,1.000000,0.491667,0.189333,0.306325,0.000000,0.000000,13,1,1,1,1,1,1,1,1,1,1,0,1,0,0,1,1,0.104381,0.000000,0.098444,0.130224,0.142912,0.113984,0.107777,0.000000,0.095906,0.122975,0.000000,0.000000,0.000000,0.000000,0.000000,0.083397,idle,1,10,2409,,none,,,0.000000,1.000000,0,suspended,coursework,5.490540,7.513805,active,120,1,clear,17.000000
13,1103,3448076045,31,Day 2 16:09,suspended,coursework,5.490540,7.513805,active,0.373000,0.282781,0.389267,0.946667,0.500000,0.196000,0.323581,0.000000,0.000000,13,1,1,1,1,1,1,1,1,1,1,0,1,0,0,1,1,0.105307,0.000000,0.097413,0.137523,0.150215,0.122006,0.101470,0.000000,0.090714,0.116459,0.000000,0.000000,0.000000,0.000000,0.000000,0.078894,study_halfhearted,1,35,2444,desk,none,weather-clear,coursework,0.264618,0.966215,0,active,coursework,5.755158,7.513805,active,120,1,clear,17.000000
13,1103,3448076045,32,Day 2 16:44,active,coursework,5.755158,7.513805,active,0.434667,0.376781,0.312915,0.955000,0.529167,0.219333,0.303581,0.000000,0.000000,13,1,1,1,1,1,1,1,1,1,1,0,1,0,0,1,1,0.101561,0.000000,0.093952,0.115024,0.125732,0.104189,0.101704,0.000000,0.087032,0.112212,0.000000,0.083708,0.000000,0.000000,0.000000,0.074886,rest_at_bed,1,60,2504,bed,none,message-study-group,,0.000000,1.000000,0,suspended,coursework,5.755158,7.513805,active,120,2,clear,17.000000
13,1103,3448076045,33,Day 2 17:44,suspended,coursework,5.755158,7.513805,active,0.494667,0.110559,0.436559,0.985000,0.579167,0.259333,0.370836,0.000000,0.000000,13,1,1,1,1,1,1,1,1,1,1,0,1,0,0,1,1,0.109078,0.000000,0.097164,0.144720,0.158611,0.120475,0.085537,0.000000,0.090897,0.118059,0.000000,0.000000,0.000000,0.000000,0.000000,0.075458,use_computer,1,30,2534,computer,none,,,0.000000,1.000000,0,suspended,coursework,5.755158,7.513805,active,120,2,clear,17.000000
13,1103,3448076045,34,Day 2 18:14,suspended,coursework,5.755158,7.513805,active,0.344667,0.224577,0.500202,0.975000,0.604167,0.279333,0.388092,0.080000,0.000000,13,1,1,1,1,1,1,1,1,1,1,0,1,0,0,1,1,0.101590,0.000000,0.093956,0.139360,0.152601,0.110989,0.100099,0.000000,0.097037,0.126497,0.000000,0.000000,0.000000,0.000000,0.000000,0.077871,study_focused,1,35,2569,desk,none,,coursework,0.435040,0.953091,0,active,coursework,6.190198,7.513805,active,120,2,clear,17.000000
13,1103,3448076045,35,Day 2 18:49,active,coursework,6.190198,7.513805,active,0.376333,0.348577,0.357043,1.000000,0.633333,0.302667,0.338092,0.045000,0.000000,13,1,1,1,1,1,1,1,1,1,1,0,1,0,0,1,1,0.094758,0.000000,0.088290,0.119592,0.131245,0.103186,0.098813,0.000000,0.091047,0.119196,0.000000,0.081523,0.000000,0.000000,0.000000,0.072349,turn_light_off,1,1,2570,light,none,,,0.000000,1.000000,0,active,coursework,6.190198,7.513805,active,120,2,clear,17.000000
13,1103,3448076045,36,Day 2 18:50,active,coursework,6.190198,7.513805,active,0.376667,0.348977,0.357043,1.000000,0.634167,0.303333,0.338092,0.044000,0.000000,10,1,1,1,0,0,0,1,1,1,1,1,0,0,0,1,1,0.144558,0.000000,0.134687,0.000000,0.000000,0.000000,0.150656,0.000000,0.138920,0.181893,0.138955,0.000000,0.000000,0.000000,0.000000,0.110331,use_phone,1,25,2595,phone,none,,,0.000000,1.000000,0,active,coursework,6.190198,7.513805,active,120,2,clear,17.000000
13,1103,3448076045,37,Day 2 19:15,active,coursework,6.190198,7.513805,active,0.165000,0.441375,0.440686,1.000000,0.655000,0.320000,0.355348,0.139000,0.085000,10,1,1,1,0,0,0,1,1,1,1,1,0,0,0,1,1,0.105689,0.000000,0.103047,0.000000,0.000000,0.000000,0.142520,0.152116,0.120462,0.158209,0.125808,0.000000,0.000000,0.000000,0.000000,0.092150,go_to_bathroom,1,15,2610,door,none,,,0.000000,1.000000,0,suspended,coursework,6.190198,7.513805,active,120,2,clear,17.000000
13,1103,3448076045,38,Day 2 19:30,suspended,coursework,6.190198,7.513805,active,0.170000,0.447375,0.440686,1.000000,0.667500,0.000000,0.355348,0.124000,0.076000,10,1,1,1,0,0,0,1,1,1,1,1,0,0,0,1,1,0.120592,0.000000,0.117527,0.000000,0.000000,0.000000,0.161185,0.172197,0.000000,0.181294,0.142662,0.000000,0.000000,0.000000,0.000000,0.104541,sleep_at_bed,1,480,3090,bed,none,evening,,0.000000,1.000000,0,suspended,coursework,6.190198,7.513805,active,120,2,clear,17.000000
13,1103,3448076045,39,Day 3 03:30,suspended,coursework,6.190198,7.513805,active,0.250000,0.098408,0.514330,0.920000,1.000000,0.320000,0.372604,0.000000,0.000000,10,1,1,1,0,0,0,1,1,1,1,1,0,0,0,1,1,0.133658,0.000000,0.123667,0.000000,0.000000,0.000000,0.119451,0.000000,0.134876,0.236582,0.148217,0.000000,0.000000,0.000000,0.000000,0.103548,use_phone,1,25,3115,phone,none,,,0.000000,1.000000,0,suspended,coursework,6.190198,7.513805,active,120,2,clear,17.000000
13,1103,3448076045,40,Day 3 03:55,suspended,coursework,6.190198,7.513805,active,0.038333,0.190805,0.597973,0.951667,1.000000,0.336667,0.389859,0.095000,0.085000,10,1,1,1,0,0,0,1,1,1,1,1,0,0,0,1,1,0.130194,0.000000,0.000000,0.000000,0.000000,0.000000,0.150553,0.000000,0.155823,0.269413,0.178790,0.000000,0.000000,0.000000,0.000000,0.115227,rest_at_bed,1,60,3175,bed,none,,,0.000000,1.000000,0,suspended,coursework,6.190198,7.513805,active,120,2,clear,17.000000
13,1103,3448076045,41,Day 3 04:55,suspended,coursework,6.190198,7.513805,active,0.098333,0.000000,0.641617,0.981667,1.000000,0.376667,0.409764,0.000000,0.049000,10,1,1,1,0,0,0,1,1,1,1,1,0,0,0,1,1,0.140432,0.000000,0.131757,0.000000,0.000000,0.000000,0.000000,0.000000,0.160664,0.268337,0.183701,0.000000,0.000000,0.000000,0.000000,0.115109,go_to_bathroom,1,15,3190,door,none,,,0.000000,1.000000,0,suspended,coursework,6.190198,7.513805,active,120,2,clear,17.000000
13,1103,3448076045,42,Day 3 05:10,suspended,coursework,6.190198,7.513805,active,0.103333,0.006000,0.641617,1.000000,1.000000,0.000000,0.411029,0.000000,0.040000,10,1,1,1,0,0,0,1,1,1,1,1,0,0,0,1,1,0.167555,0.000000,0.157178,0.000000,0.000000,0.000000,0.000000,0.000000,0.000000,0.319450,0.218720,0.000000,0.000000,0.000000,0.000000,0.137096,get_meal,1,35,3225,door,none,,,0.000000,1.000000,0,suspended,coursework,6.190198,7.513805,active,120,2,clear,17.000000
13,1103,3448076045,43,Day 3 05:45,suspended,coursework,6.190198,7.513805,active,0.075000,0.020000,0.641617,1.000000,0.479167,0.023333,0.413980,0.000000,0.019000,10,1,1,1,0,0,0,1,1,1,1,1,0,0,0,1,1,0.186659,0.000000,0.176157,0.000000,0.000000,0.000000,0.000000,0.000000,0.000000,0.234031,0.248084,0.000000,0.000000,0.000000,0.000000,0.155069,turn_light_on,1,1,3226,light,none,,,0.000000,1.000000,0,suspended,coursework,6.190198,7.513805,active,120,2,clear,17.000000
13,1103,3448076045,44,Day 3 05:46,suspended,coursework,6.190198,7.513805,active,0.075333,0.020400,0.641617,1.000000,0.480000,0.024000,0.414064,0.000000,0.018400,13,1,1,1,1,1,1,1,1,1,1,0,1,0,0,1,1,0.096984,0.000000,0.091527,0.213742,0.234568,0.160952,0.000000,0.000000,0.000000,0.121665,0.000000,0.000000,0.000000,0.000000,0.000000,0.080561,study_focused,1,35,3261,desk,none,,coursework,0.456516,1.000142,0,active,coursework,6.646713,7.513805,active,120,2,clear,17.000000
13,1103,3448076045,45,Day 3 06:21,active,coursework,6.646713,7.513805,active,0.107000,0.144400,0.498458,1.000000,0.509167,0.047333,0.367015,0.000000,0.000000,13,1,1,1,1,1,1,1,1,1,1,0,1,0,0,1,1,0.099294,0.000000,0.094463,0.176561,0.193764,0.126165,0.099826,0.000000,0.000000,0.127007,0.000000,0.000000,0.000000,0.000000,0.000000,0.082921,use_computer,1,30,3291,computer,none,,,0.000000,1.000000,0,active,coursework,6.646713,7.513805,active,120,2,clear,17.000000
13,1103,3448076045,46,Day 3 06:51,active,coursework,6.646713,7.513805,active,0.000000,0.258419,0.562101,0.990000,0.534167,0.067333,0.384271,0.080000,0.000000,13,1,1,1,1,1,1,1,1,1,1,0,1,0,0,1,1,0.097098,0.000000,0.000000,0.200559,0.219906,0.135363,0.119673,0.000000,0.000000,0.139406,0.000000,0.000000,0.000000,0.000000,0.000000,0.087994,study_halfhearted,1,35,3326,desk,none,alarm-rings,coursework,0.276215,1.008560,0,active,coursework,6.922928,7.513805,active,120,2,clear,17.000000
13,1103,3448076045,47,Day 3 07:26,active,coursework,6.922928,7.513805,active,0.091667,0.352419,0.485750,0.998333,0.563333,0.090667,0.398465,0.045000,0.000000,14,1,1,1,1,1,1,1,1,1,1,0,1,1,0,1,1,0.077976,0.000000,0.076080,0.136856,0.150169,0.100112,0.095495,0.000000,0.000000,0.108928,0.000000,0.079095,0.107377,0.000000,0.000000,0.067913,idle,1,10,3336,,none,,,0.000000,1.000000,0,active,coursework,6.922928,7.513805,active,120,2,clear,17.000000
13,1103,3448076045,48,Day 3 07:36,active,coursework,6.922928,7.513805,active,0.215000,0.356419,0.579393,0.945000,0.571667,0.097333,0.415721,0.035000,0.000000,14,1,1,1,1,1,1,1,1,1,1,0,1,1,0,1,1,0.079378,0.000000,0.075949,0.145447,0.158847,0.105024,0.090080,0.000000,0.000000,0.103813,0.000000,0.074797,0.102009,0.000000,0.000000,0.064655,rest_at_bed,1,60,3396,bed,none,,,0.000000,1.000000,0,suspended,coursework,6.922928,7.513805,active,120,2,clear,17.000000
13,1103,3448076045,49,Day 3 08:36,suspended,coursework,6.922928,7.513805,active,0.275000,0.090197,0.623037,0.975000,0.621667,0.137333,0.434600,0.000000,0.000000,14,1,1,1,1,1,1,1,1,1,1,0,1,1,0,1,1,0.086894,0.000000,0.080008,0.144381,0.158100,0.100484,0.075658,0.000000,0.073742,0.110299,0.000000,0.000000,0.104364,0.000000,0.000000,0.066069,go_to_bathroom,1,15,3411,door,none,,,0.000000,1.000000,0,suspended,coursework,6.922928,7.513805,active,120,2,clear,17.000000
13,1103,3448076045,50,Day 3 08:51,suspended,coursework,6.922928,7.513805,active,0.280000,0.096197,0.623037,1.000000,0.634167,0.000000,0.435608,0.000000,0.000000,14,1,1,1,1,1,1,1,1,1,1,0,1,1,0,1,1,0.093550,0.000000,0.086121,0.154916,0.170010,0.110949,0.081588,0.000000,0.000000,0.119731,0.000000,0.000000,0.112132,0.000000,0.000000,0.071003,study_at_computer,1,35,3446,computer,none,task-completed,coursework,0.762621,1.091237,0,none,,7.513805,7.513805,completed,120,2,clear,17.000000
13,1103,3448076045,51,Day 3 09:26,none,,7.513805,7.513805,completed,0.311667,0.221332,0.000000,1.000000,0.663333,0.023333,0.000000,0.045000,0.000000,11,1,1,1,0,0,0,1,1,1,1,0,1,1,0,1,1,0.162614,0.000000,0.151047,0.000000,0.000000,0.000000,0.164440,0.000000,0.000000,0.214774,0.000000,0.000000,0.178313,0.000000,0.000000,0.128811,rest_at_bed,1,60,3506,bed,none,,,0.000000,1.000000,0,none,,7.513805,7.513805,completed,120,2,clear,17.000000
13,1103,3448076045,52,Day 3 10:26,none,,7.513805,7.513805,completed,0.371667,0.000000,0.000000,1.000000,0.713333,0.063333,0.000000,0.000000,0.000000,11,1,1,1,0,0,0,1,1,1,1,0,1,1,0,1,1,0.174013,0.000000,0.156257,0.000000,0.000000,0.000000,0.138989,0.000000,0.000000,0.223535,0.000000,0.000000,0.177965,0.000000,0.000000,0.129241,idle,1,10,3516,,none,,,0.000000,1.000000,0,none,,7.513805,7.513805,completed,120,2,clear,17.000000
13,1103,3448076045,53,Day 3 10:36,none,,7.513805,7.513805,completed,0.495000,0.004000,0.000000,0.946667,0.721667,0.070000,0.000000,0.000000,0.000000,11,1,1,1,0,0,0,1,1,1,1,0,1,1,0,1,1,0.182273,0.000000,0.160535,0.000000,0.000000,0.000000,0.136068,0.000000,0.000000,0.219790,0.000000,0.000000,0.173764,0.000000,0.000000,0.127571,use_phone,1,25,3541,phone,none,,,0.000000,1.000000,0,none,,7.513805,7.513805,completed,120,2,clear,17.000000
13,1103,3448076045,54,Day 3 11:01,none,,7.513805,7.513805,completed,0.283333,0.096397,0.000000,0.978333,0.742500,0.086667,0.000000,0.095000,0.085000,11,1,1,1,0,0,0,1,1,1,1,0,1,1,0,1,1,0.160226,0.000000,0.147674,0.000000,0.000000,0.000000,0.155000,0.000000,0.000000,0.229852,0.000000,0.000000,0.178572,0.000000,0.000000,0.128676,use_computer,1,30,3571,computer,none,,,0.000000,1.000000,0,none,,7.513805,7.513805,completed,120,2,clear,17.000000
13,1103,3448076045,55,Day 3 11:31,none,,7.513805,7.513805,completed,0.133333,0.210416,0.000000,0.968333,0.767500,0.106667,0.000000,0.175000,0.067000,11,1,1,1,0,0,0,1,1,1,1,0,1,1,0,1,1,0.143408,0.000000,0.137230,0.000000,0.000000,0.000000,0.174581,0.000000,0.000000,0.236678,0.000000,0.000000,0.180060,0.000000,0.000000,0.128043,get_meal,1,35,3606,door,none,,,0.000000,1.000000,0,none,,7.513805,7.513805,completed,120,2,clear,17.000000
13,1103,3448076045,56,Day 3 12:06,none,,7.513805,7.513805,completed,0.105000,0.224416,0.000000,1.000000,0.246667,0.130000,0.000000,0.140000,0.046000,11,1,1,1,0,0,0,1,1,1,1,0,1,1,0,1,1,0.155713,0.000000,0.149814,0.000000,0.000000,0.000000,0.189995,0.000000,0.000000,0.167444,0.000000,0.000000,0.197171,0.000000,0.000000,0.139862,rest_at_bed,1,60,3666,bed,none,message-study-group,,0.000000,1.000000,0,none,,7.513805,7.513805,completed,120,3,clear,17.000000
13,1103,3448076045,57,Day 3 13:06,none,,7.513805,7.513805,completed,0.165000,0.000000,0.000000,1.000000,0.296667,0.170000,0.000000,0.000000,0.010000,11,1,1,1,0,0,0,1,1,1,1,0,1,1,0,1,1,0.148363,0.000000,0.137717,0.000000,0.000000,0.000000,0.133402,0.000000,0.136632,0.151270,0.000000,0.000000,0.170811,0.000000,0.000000,0.121806,use_computer,1,30,3696,computer,none,,,0.000000,1.000000,0,none,,7.513805,7.513805,completed,120,3,clear,17.000000
13,1103,3448076045,58,Day 3 13:36,none,,7.513805,7.513805,completed,0.015000,0.114019,0.000000,0.990000,0.321667,0.190000,0.000000,0.080000,0.000000,11,1,1,1,0,0,0,1,1,1,1,0,1,1,0,1,1,0.152209,0.000000,0.000000,0.000000,0.000000,0.000000,0.172226,0.000000,0.160672,0.178541,0.000000,0.000000,0.197420,0.000000,0.000000,0.138932,rest_at_bed,1,60,3756,bed,none,,,0.000000,1.000000,0,none,,7.513805,7.513805,completed,120,3,clear,17.000000
13,1103,3448076045,59,Day 3 14:36,none,,7.513805,7.513805,completed,0.075000,0.000000,0.000000,1.000000,0.371667,0.230000,0.000000,0.000000,0.000000,11,1,1,1,0,0,0,1,1,1,1,0,1,1,0,1,1,0.140391,0.000000,0.132212,0.000000,0.000000,0.000000,0.132916,0.000000,0.143385,0.160505,0.000000,0.000000,0.170188,0.000000,0.000000,0.120403,turn_off_alarm,1,1,3757,alarm,none,,,0.000000,1.000000,0,none,,7.513805,7.513805,completed,120,3,clear,17.000000
13,1103,3448076045,60,Day 3 14:37,none,,7.513805,7.513805,completed,0.075333,0.000400,0.000000,1.000000,0.372500,0.230667,0.000000,0.000000,0.000000,10,1,1,1,0,0,0,1,1,1,1,0,1,0,0,1,1,0.169154,0.000000,0.159298,0.000000,0.000000,0.000000,0.160165,0.000000,0.172835,0.193495,0.000000,0.000000,0.000000,0.000000,0.000000,0.145053,use_phone,1,25,3782,phone,none,,,0.000000,1.000000,0,none,,7.513805,7.513805,completed,120,3,clear,17.000000
13,1103,3448076045,61,Day 3 15:02,none,,7.513805,7.513805,completed,0.000000,0.092797,0.000000,1.000000,0.393333,0.247333,0.000000,0.095000,0.085000,10,1,1,1,0,0,0,1,1,1,1,0,1,0,0,1,1,0.183986,0.000000,0.000000,0.000000,0.000000,0.000000,0.208787,0.000000,0.206208,0.231563,0.000000,0.000000,0.000000,0.000000,0.000000,0.169455,idle,1,10,3792,,none,,,0.000000,1.000000,0,none,,7.513805,7.513805,completed,120,3,clear,17.000000
13,1103,3448076045,62,Day 3 15:12,none,,7.513805,7.513805,completed,0.123333,0.096797,0.000000,0.946667,0.401667,0.254000,0.000000,0.085000,0.079000,10,1,1,1,0,0,0,1,1,1,1,0,1,0,0,1,1,0.164188,0.000000,0.155240,0.000000,0.000000,0.000000,0.172915,0.000000,0.172069,0.193463,0.000000,0.000000,0.000000,0.000000,0.000000,0.142125,go_to_bathroom,1,15,3807,door,none,,,0.000000,1.000000,0,none,,7.513805,7.513805,completed,120,3,clear,17.000000
13,1103,3448076045,63,Day 3 15:27,none,,7.513805,7.513805,completed,0.128333,0.102797,0.000000,1.000000,0.414167,0.000000,0.000000,0.070000,0.070000,10,1,1,1,0,0,0,1,1,1,1,0,1,0,0,1,1,0.198689,0.000000,0.187780,0.000000,0.000000,0.000000,0.207407,0.000000,0.000000,0.235122,0.000000,0.000000,0.000000,0.000000,0.000000,0.171003,use_computer,1,30,3837,computer,none,weather-rain|room-temperature-shift,,0.000000,1.000000,0,none,,7.513805,7.513805,completed,120,3,rain,24.000000
13,1103,3448076045,64,Day 3 15:57,none,,7.513805,7.513805,completed,0.000000,0.216816,0.000000,0.990000,0.439167,0.020000,0.000000,0.150000,0.052000,10,1,1,1,0,0,0,1,1,1,1,0,1,0,0,1,1,0.000000,0.000000,0.000000,0.000000,0.000000,0.000000,0.361511,0.000000,0.000000,0.374658,0.000000,0.000000,0.000000,0.000000,0.000000,0.263831,rest_at_bed,1,60,3897,bed,none,,,0.000000,1.000000,0,none,,7.513805,7.513805,completed,120,3,rain,24.000000
13,1103,3448076045,65,Day 3 16:57,none,,7.513805,7.513805,completed,0.060000,0.000000,0.000000,1.000000,0.489167,0.060000,0.000000,0.000000,0.016000,10,1,1,1,0,0,0,1,1,1,1,0,1,0,0,1,1,0.198594,0.000000,0.187476,0.000000,0.000000,0.000000,0.189643,0.000000,0.000000,0.252725,0.000000,0.000000,0.000000,0.000000,0.000000,0.171563,idle,1,10,3907,,none,,,0.000000,1.000000,0,none,,7.513805,7.513805,completed,120,3,rain,24.000000
13,1103,3448076045,66,Day 3 17:07,none,,7.513805,7.513805,completed,0.183333,0.004000,0.000000,0.946667,0.497500,0.066667,0.000000,0.000000,0.010000,10,1,1,1,0,0,0,1,1,1,1,0,1,0,0,1,1,0.207167,0.000000,0.191817,0.000000,0.000000,0.000000,0.184895,0.000000,0.000000,0.247471,0.000000,0.000000,0.000000,0.000000,0.000000,0.168650,use_computer,1,30,3937,computer,none,,,0.000000,1.000000,0,none,,7.513805,7.513805,completed,120,3,rain,24.000000
13,1103,3448076045,67,Day 3 17:37,none,,7.513805,7.513805,completed,0.033333,0.118019,0.000000,0.936667,0.522500,0.086667,0.000000,0.080000,0.000000,10,1,1,1,0,0,0,1,1,1,1,0,1,0,0,1,1,0.227145,0.000000,0.000000,0.000000,0.000000,0.000000,0.255113,0.000000,0.000000,0.312159,0.000000,0.000000,0.000000,0.000000,0.000000,0.205583,idle,1,10,3947,,none,,,0.000000,1.000000,0,none,,7.513805,7.513805,completed,120,3,rain,24.000000
13,1103,3448076045,68,Day 3 17:47,none,,7.513805,7.513805,completed,0.156667,0.122019,0.000000,0.883333,0.530833,0.093333,0.000000,0.070000,0.000000,10,1,1,1,0,0,0,1,1,1,1,0,1,0,0,1,1,0.195225,0.000000,0.184043,0.000000,0.000000,0.000000,0.203487,0.000000,0.000000,0.251178,0.000000,0.000000,0.000000,0.000000,0.000000,0.166066,use_computer,1,30,3977,computer,none,,,0.000000,1.000000,0,none,,7.513805,7.513805,completed,120,3,rain,24.000000
13,1103,3448076045,69,Day 3 18:17,none,,7.513805,7.513805,completed,0.006667,0.236037,0.000000,0.873333,0.555833,0.113333,0.000000,0.150000,0.000000,10,1,1,1,0,0,0,1,1,1,1,0,1,0,0,1,1,0.000000,0.000000,0.000000,0.000000,0.000000,0.000000,0.350942,0.000000,0.000000,0.396027,0.000000,0.000000,0.000000,0.000000,0.000000,0.253031,get_meal,1,35,4012,door,none,,,0.000000,1.000000,0,none,,7.513805,7.513805,completed,120,3,rain,24.000000
13,1103,3448076045,70,Day 3 18:52,none,,7.513805,7.513805,completed,0.000000,0.250037,0.000000,0.987870,0.035000,0.136667,0.000000,0.115000,0.000000,10,1,1,1,0,0,0,1,1,1,1,0,1,0,0,1,1,0.000000,0.000000,0.000000,0.000000,0.000000,0.000000,0.395757,0.000000,0.317302,0.000000,0.000000,0.000000,0.000000,0.000000,0.000000,0.286941,go_to_bathroom,1,15,4027,door,none,,,0.000000,1.000000,0,none,,7.513805,7.513805,completed,120,3,rain,24.000000
13,1103,3448076045,71,Day 3 19:07,none,,7.513805,7.513805,completed,0.005000,0.256037,0.000000,1.000000,0.047500,0.000000,0.000000,0.100000,0.000000,10,1,1,1,0,0,0,1,1,1,1,0,1,0,0,1,1,0.310264,0.000000,0.000000,0.000000,0.000000,0.000000,0.399318,0.000000,0.000000,0.000000,0.000000,0.000000,0.000000,0.000000,0.000000,0.290418,idle,1,10,4037,,none,,,0.000000,1.000000,0,none,,7.513805,7.513805,completed,120,3,rain,24.000000
13,1103,3448076045,72,Day 3 19:17,none,,7.513805,7.513805,completed,0.128333,0.260037,0.000000,0.946667,0.055833,0.006667,0.000000,0.090000,0.000000,10,1,1,1,0,0,0,1,1,1,1,0,1,0,0,1,1,0.247804,0.000000,0.238211,0.000000,0.000000,0.000000,0.295983,0.000000,0.000000,0.000000,0.000000,0.000000,0.000000,0.000000,0.000000,0.218002,rest_at_bed,1,60,4097,bed,none,evening,,0.000000,1.000000,0,none,,7.513805,7.513805,completed,120,3,rain,24.000000
13,1103,3448076045,73,Day 3 20:17,none,,7.513805,7.513805,completed,0.188333,0.000000,0.000000,0.976667,0.105833,0.046667,0.000000,0.000000,0.000000,10,1,1,1,0,0,0,1,1,1,1,0,1,0,0,1,1,0.275957,0.000000,0.255198,0.000000,0.000000,0.000000,0.244833,0.000000,0.000000,0.000000,0.000000,0.000000,0.000000,0.000000,0.000000,0.224012,rest_at_bed,1,60,4157,bed,none,,,0.000000,1.000000,0,none,,7.513805,7.513805,completed,120,3,rain,24.000000
13,1103,3448076045,74,Day 3 21:17,none,,7.513805,7.513805,completed,0.248333,0.000000,0.000000,1.000000,0.155833,0.086667,0.000000,0.000000,0.000000,10,1,1,1,0,0,0,1,1,1,1,0,1,0,0,1,1,0.225970,0.000000,0.206968,0.000000,0.000000,0.000000,0.193707,0.000000,0.000000,0.195182,0.000000,0.000000,0.000000,0.000000,0.000000,0.178174,idle,1,10,4167,,none,,,0.000000,1.000000,0,none,,7.513805,7.513805,completed,120,3,rain,24.000000
13,1103,3448076045,75,Day 3 21:27,none,,7.513805,7.513805,completed,0.371667,0.004000,0.000000,0.946667,0.164167,0.093333,0.000000,0.000000,0.000000,10,1,1,1,0,0,0,1,1,1,1,0,1,0,0,1,1,0.235109,0.000000,0.211209,0.000000,0.000000,0.000000,0.188365,0.000000,0.000000,0.190625,0.000000,0.000000,0.000000,0.000000,0.000000,0.174692,use_computer,1,30,4197,computer,none,,,0.000000,1.000000,0,none,,7.513805,7.513805,completed,120,3,rain,24.000000
13,1103,3448076045,76,Day 3 21:57,none,,7.513805,7.513805,completed,0.221667,0.118019,0.000000,0.936667,0.189167,0.113333,0.000000,0.080000,0.000000,10,1,1,1,0,0,0,1,1,1,1,0,1,0,0,1,1,0.212775,0.000000,0.198458,0.000000,0.000000,0.000000,0.214524,0.000000,0.000000,0.198473,0.000000,0.000000,0.000000,0.000000,0.000000,0.175769,use_phone,1,25,4222,phone,none,,,0.000000,1.000000,0,none,,7.513805,7.513805,completed,120,3,rain,24.000000
13,1103,3448076045,77,Day 3 22:22,none,,7.513805,7.513805,completed,0.010000,0.210416,0.000000,0.968333,0.210000,0.130000,0.000000,0.175000,0.085000,10,1,1,1,0,0,0,1,1,1,1,0,1,0,0,1,1,0.000000,0.000000,0.000000,0.000000,0.000000,0.000000,0.388371,0.000000,0.000000,0.329866,0.000000,0.000000,0.000000,0.000000,0.000000,0.281764,rest_at_bed,1,60,4282,bed,none,,,0.000000,1.000000,0,none,,7.513805,7.513805,completed,120,3,rain,24.000000
13,1103,3448076045,78,Day 3 23:22,none,,7.513805,7.513805,completed,0.070000,0.000000,0.000000,0.998333,0.260000,0.170000,0.000000,0.000000,0.049000,10,1,1,1,0,0,0,1,1,1,1,0,1,0,0,1,1,0.173365,0.000000,0.163397,0.000000,0.000000,0.000000,0.164605,0.000000,0.168590,0.181000,0.000000,0.000000,0.000000,0.000000,0.000000,0.149043,use_phone,1,25,4307,phone,none,,,0.000000,1.000000,0,none,,7.513805,7.513805,completed,120,3,rain,24.000000
13,1103,3448076045,79,Day 3 23:47,none,,7.513805,7.513805,completed,0.000000,0.092397,0.000000,1.000000,0.280833,0.186667,0.000000,0.095000,0.134000,10,1,1,1,0,0,0,1,1,1,1,0,1,0,0,1,1,0.189966,0.000000,0.000000,0.000000,0.000000,0.000000,0.215508,0.000000,0.202018,0.217553,0.000000,0.000000,0.000000,0.000000,0.000000,0.174956,get_meal,1,35,4342,door,none,,,0.000000,1.000000,0,none,,7.513805,7.513805,completed,120,3,rain,24.000000
13,1103,3448076045,80,Day 4 00:22,none,,7.513805,7.513805,completed,0.000000,0.106397,0.000000,1.000000,0.000000,0.210000,0.000000,0.060000,0.113000,10,1,1,1,0,0,0,1,1,1,1,0,1,0,0,1,1,0.243350,0.000000,0.000000,0.000000,0.000000,0.000000,0.272245,0.000000,0.262019,0.000000,0.000000,0.000000,0.000000,0.000000,0.000000,0.222385,idle,1,10,4352,,none,,,0.000000,1.000000,0,none,,7.513805,7.513805,completed,120,3,rain,24.000000
13,1103,3448076045,81,Day 4 00:32,none,,7.513805,7.513805,completed,0.123333,0.110397,0.000000,0.946667,0.008333,0.216667,0.000000,0.050000,0.107000,10,1,1,1,0,0,0,1,1,1,1,0,1,0,0,1,1,0.206176,0.000000,0.195101,0.000000,0.000000,0.000000,0.214062,0.000000,0.207579,0.000000,0.000000,0.000000,0.000000,0.000000,0.000000,0.177082,idle,1,10,4362,,none,,,0.000000,1.000000,0,none,,7.513805,7.513805,completed,120,3,rain,24.000000
13,1103,3448076045,82,Day 4 00:42,none,,7.513805,7.513805,completed,0.246667,0.114397,0.000000,0.893333,0.016667,0.223333,0.000000,0.040000,0.101000,10,1,1,1,0,0,0,1,1,1,1,0,1,0,0,1,1,0.215509,0.000000,0.199986,0.000000,0.000000,0.000000,0.207654,0.000000,0.202886,0.000000,0.000000,0.000000,0.000000,0.000000,0.000000,0.173965,idle,1,10,4372,,none,,,0.000000,1.000000,0,none,,7.513805,7.513805,completed,120,3,rain,24.000000
13,1103,3448076045,83,Day 4 00:52,none,,7.513805,7.513805,completed,0.370000,0.118397,0.000000,0.840000,0.025000,0.230000,0.000000,0.030000,0.095000,10,1,1,1,0,0,0,1,1,1,1,0,1,0,0,1,1,0.225063,0.000000,0.204809,0.000000,0.000000,0.000000,0.201256,0.000000,0.198122,0.000000,0.000000,0.000000,0.000000,0.000000,0.000000,0.170750,idle,1,10,4382,,none,,,0.000000,1.000000,0,none,,7.513805,7.513805,completed,120,3,rain,24.000000
13,1103,3448076045,84,Day 4 01:02,none,,7.513805,7.513805,completed,0.493333,0.122397,0.000000,0.786667,0.033333,0.236667,0.000000,0.020000,0.089000,10,1,1,1,0,0,0,1,1,1,1,0,1,0,0,1,1,0.234827,0.000000,0.209558,0.000000,0.000000,0.000000,0.194879,0.000000,0.193294,0.000000,0.000000,0.000000,0.000000,0.000000,0.000000,0.167442,idle,1,10,4392,,none,,,0.000000,1.000000,0,none,,7.513805,7.513805,completed,120,3,rain,24.000000
13,1103,3448076045,85,Day 4 01:12,none,,7.513805,7.513805,completed,0.616667,0.126397,0.000000,0.733333,0.041667,0.243333,0.000000,0.010000,0.083000,10,1,1,1,0,0,0,1,1,1,1,0,1,0,0,1,1,0.244789,0.000000,0.214221,0.000000,0.000000,0.000000,0.188531,0.000000,0.188411,0.000000,0.000000,0.000000,0.000000,0.000000,0.000000,0.164048,idle,1,10,4402,,none,,,0.000000,1.000000,0,none,,7.513805,7.513805,completed,120,3,rain,24.000000
13,1103,3448076045,86,Day 4 01:22,none,,7.513805,7.513805,completed,0.740000,0.130397,0.000000,0.680000,0.050000,0.250000,0.000000,0.000000,0.077000,10,1,1,1,0,0,0,1,1,1,1,0,1,0,0,1,1,0.254939,0.000000,0.218785,0.000000,0.000000,0.000000,0.182221,0.000000,0.183481,0.000000,0.000000,0.000000,0.000000,0.000000,0.000000,0.160574,use_phone,1,25,4427,phone,none,,,0.000000,1.000000,0,none,,7.513805,7.513805,completed,120,3,rain,24.000000
13,1103,3448076045,87,Day 4 01:47,none,,7.513805,7.513805,completed,0.528333,0.222794,0.000000,0.711667,0.070833,0.266667,0.000000,0.095000,0.162000,10,1,1,1,0,0,0,1,1,1,1,0,1,0,0,1,1,0.191957,0.155267,0.172389,0.000000,0.000000,0.000000,0.177800,0.000000,0.163856,0.000000,0.000000,0.000000,0.000000,0.000000,0.000000,0.138733,rest_at_bed,1,60,4487,bed,none,,,0.000000,1.000000,0,none,,7.513805,7.513805,completed,120,3,rain,24.000000
13,1103,3448076045,88,Day 4 02:47,none,,7.513805,7.513805,completed,0.588333,0.000000,0.000000,0.741667,0.120833,0.306667,0.000000,0.000000,0.126000,10,1,1,1,0,0,0,1,1,1,1,0,1,0,0,1,1,0.209234,0.151643,0.181465,0.000000,0.000000,0.000000,0.147606,0.000000,0.170150,0.000000,0.000000,0.000000,0.000000,0.000000,0.000000,0.139901,use_phone,1,25,4512,phone,none,,,0.000000,1.000000,0,none,,7.513805,7.513805,completed,120,3,rain,24.000000
13,1103,3448076045,89,Day 4 03:12,none,,7.513805,7.513805,completed,0.376667,0.092397,0.000000,0.773333,0.141667,0.323333,0.000000,0.095000,0.211000,10,1,1,1,0,0,0,1,1,1,1,0,1,0,0,1,1,0.159400,0.143275,0.144668,0.000000,0.000000,0.000000,0.145722,0.000000,0.153741,0.130898,0.000000,0.000000,0.000000,0.000000,0.000000,0.122296,idle,1,10,4522,,none,,,0.000000,1.000000,0,none,,7.513805,7.513805,completed,120,3,rain,24.000000
13,1103,3448076045,90,Day 4 03:22,none,,7.513805,7.513805,completed,0.500000,0.096397,0.000000,0.720000,0.150000,0.330000,0.000000,0.085000,0.205000,10,1,1,1,0,0,0,1,1,1,1,0,1,0,0,1,1,0.167573,0.140317,0.149142,0.000000,0.000000,0.000000,0.142172,0.000000,0.151129,0.128832,0.000000,0.000000,0.000000,0.000000,0.000000,0.120834,idle,1,10,4532,,none,,,0.000000,1.000000,0,none,,7.513805,7.513805,completed,120,3,rain,24.000000
13,1103,3448076045,91,Day 4 03:32,none,,7.513805,7.513805,completed,0.623333,0.100397,0.000000,0.666667,0.158333,0.336667,0.000000,0.075000,0.199000,10,1,1,1,0,0,0,1,1,1,1,0,1,0,0,1,1,0.176025,0.137311,0.153632,0.000000,0.000000,0.000000,0.138597,0.000000,0.148443,0.126697,0.000000,0.000000,0.000000,0.000000,0.000000,0.119294,use_phone,1,25,4557,phone,none,,,0.000000,1.000000,0,none,,7.513805,7.513805,completed,120,3,rain,24.000000
13,1103,3448076045,92,Day 4 03:57,none,,7.513805,7.513805,completed,0.411667,0.192794,0.000000,0.698333,0.179167,0.353333,0.000000,0.170000,0.284000,10,1,1,1,0,0,0,1,1,1,1,0,1,0,0,1,1,0.153016,0.148034,0.139755,0.000000,0.000000,0.000000,0.156129,0.000000,0.153047,0.131027,0.000000,0.000000,0.000000,0.000000,0.000000,0.118992,use_computer,1,30,4587,computer,none,,,0.000000,1.000000,0,none,,7.513805,7.513805,completed,120,3,rain,24.000000
13,1103,3448076045,93,Day 4 04:27,none,,7.513805,7.513805,completed,0.261667,0.306813,0.000000,0.688333,0.204167,0.373333,0.000000,0.250000,0.266000,10,1,1,1,0,0,0,1,1,1,1,0,1,0,0,1,1,0.120682,0.128455,0.114441,0.000000,0.000000,0.000000,0.154958,0.000000,0.138359,0.118888,0.000000,0.119879,0.000000,0.000000,0.000000,0.104339,go_to_bathroom,1,15,4602,door,none,,,0.000000,1.000000,0,none,,7.513805,7.513805,completed,120,3,rain,24.000000
13,1103,3448076045,94,Day 4 04:42,none,,7.513805,7.513805,completed,0.266667,0.312813,0.000000,0.769537,0.216667,0.000000,0.000000,0.235000,0.257000,10,1,1,1,0,0,0,1,1,1,1,0,1,0,0,1,1,0.140731,0.147793,0.133395,0.000000,0.000000,0.000000,0.179109,0.000000,0.000000,0.139233,0.000000,0.138765,0.000000,0.000000,0.000000,0.120974,use_computer,1,30,4632,computer,none,,,0.000000,1.000000,0,none,,7.513805,7.513805,completed,120,3,rain,24.000000
13,1103,3448076045,95,Day 4 05:12,none,,7.513805,7.513805,completed,0.116667,0.426831,0.000000,0.759537,0.241667,0.020000,0.000000,0.315000,0.239000,10,1,1,1,0,0,0,1,1,1,1,0,1,0,0,1,1,0.000000,0.150314,0.000000,0.000000,0.000000,0.000000,0.208356,0.217037,0.000000,0.148073,0.000000,0.151891,0.000000,0.000000,0.000000,0.124329,turn_light_off,1,1,4633,light,none,,,0.000000,1.000000,0,none,,7.513805,7.513805,completed,120,3,rain,24.000000
13,1103,3448076045,96,Day 4 05:13,none,,7.513805,7.513805,completed,0.117000,0.427231,0.000000,0.779204,0.242500,0.020667,0.000000,0.314000,0.238400,10,1,1,1,0,0,0,1,1,1,1,1,0,0,0,1,1,0.000000,0.177154,0.000000,0.000000,0.000000,0.000000,0.245635,0.255885,0.000000,0.174720,0.000000,0.000000,0.000000,0.000000,0.000000,0.146605,rest_at_bed,1,60,4693,bed,none,,,0.000000,1.000000,0,none,,7.513805,7.513805,completed,120,3,rain,24.000000
13,1103,3448076045,97,Day 4 06:13,none,,7.513805,7.513805,completed,0.177000,0.161009,0.000000,0.809204,0.292500,0.060667,0.000000,0.114000,0.202400,10,1,1,1,0,0,0,1,1,1,1,1,0,0,0,1,1,0.167949,0.168187,0.158589,0.000000,0.000000,0.000000,0.183902,0.000000,0.000000,0.177663,0.000000,0.000000,0.000000,0.000000,0.000000,0.143710,use_phone,1,25,4718,phone,none,,,0.000000,1.000000,0,none,,7.513805,7.513805,completed,120,3,rain,24.000000
13,1103,3448076045,98,Day 4 06:38,none,,7.513805,7.513805,completed,0.000000,0.253406,0.000000,0.840870,0.313333,0.077333,0.000000,0.209000,0.287400,10,1,1,1,0,0,0,1,1,1,1,1,0,0,0,1,1,0.000000,0.253616,0.000000,0.000000,0.000000,0.000000,0.289188,0.000000,0.000000,0.256481,0.000000,0.000000,0.000000,0.000000,0.000000,0.200715,rest_at_bed,1,60,4778,bed,none,,,0.000000,1.000000,0,none,,7.513805,7.513805,completed,120,3,rain,24.000000
13,1103,3448076045,99,Day 4 07:38,none,,7.513805,7.513805,completed,0.060000,0.000000,0.000000,0.870870,0.363333,0.117333,0.000000,0.009000,0.251400,10,1,1,1,0,0,0,1,1,1,1,1,0,0,0,1,1,0.167261,0.177248,0.157922,0.000000,0.000000,0.000000,0.160740,0.000000,0.000000,0.191989,0.000000,0.000000,0.000000,0.000000,0.000000,0.144839,get_meal,1,35,4813,door,none,,,0.000000,1.000000,0,none,,7.513805,7.513805,completed,120,3,rain,24.000000
13,1103,3448076045,100,Day 4 08:13,none,,7.513805,7.513805,completed,0.031667,0.014000,0.000000,0.985407,0.000000,0.140667,0.000000,0.000000,0.230400,10,1,1,1,0,0,0,1,1,1,1,1,0,0,0,1,1,0.171406,0.180938,0.162788,0.000000,0.000000,0.000000,0.168156,0.000000,0.166365,0.000000,0.000000,0.000000,0.000000,0.000000,0.000000,0.150346,shop_on_phone,1,20,4833,phone,none,,,0.000000,1.000000,0,none,,7.513805,7.513805,completed,90,3,rain,24.000000
13,1103,3448076045,101,Day 4 08:33,none,,7.513805,7.513805,completed,0.038333,0.023514,0.000000,1.000000,0.016667,0.154000,0.000000,0.060000,0.000000,10,1,1,1,0,0,0,1,1,1,1,1,0,0,0,1,1,0.255692,0.000000,0.000000,0.000000,0.000000,0.000000,0.262599,0.000000,0.254351,0.000000,0.000000,0.000000,0.000000,0.000000,0.000000,0.227358,rest_at_bed,1,60,4893,bed,none,alarm-rings,,0.000000,1.000000,0,none,,7.513805,7.513805,completed,90,3,rain,24.000000
13,1103,3448076045,102,Day 4 09:33,none,,7.513805,7.513805,completed,0.128333,0.000000,0.000000,1.000000,0.066667,0.194000,0.033805,0.000000,0.000000,11,1,1,1,0,0,0,1,1,1,1,1,0,1,0,1,1,0.171535,0.000000,0.160165,0.000000,0.000000,0.000000,0.157043,0.000000,0.164710,0.000000,0.000000,0.000000,0.203191,0.000000,0.000000,0.143356,use_computer,1,30,4923,computer,none,,,0.000000,1.000000,0,none,,7.513805,7.513805,completed,90,3,rain,24.000000
13,1103,3448076045,103,Day 4 10:03,none,,7.513805,7.513805,completed,0.000000,0.114019,0.000000,0.990000,0.091667,0.214000,0.033805,0.080000,0.000000,11,1,1,1,0,0,0,1,1,1,1,1,0,1,0,1,1,0.183070,0.000000,0.000000,0.000000,0.000000,0.000000,0.208313,0.000000,0.199007,0.000000,0.000000,0.000000,0.241290,0.000000,0.000000,0.168321,idle,1,10,4933,,none,,,0.000000,1.000000,0,none,,7.513805,7.513805,completed,90,3,rain,24.000000
13,1103,3448076045,104,Day 4 10:13,none,,7.513805,7.513805,completed,0.123333,0.118019,0.000000,0.936667,0.100000,0.220667,0.033805,0.070000,0.000000,11,1,1,1,0,0,0,1,1,1,1,1,0,1,0,1,1,0.163683,0.000000,0.155070,0.000000,0.000000,0.000000,0.172853,0.000000,0.166379,0.000000,0.000000,0.000000,0.200570,0.000000,0.000000,0.141445,idle,1,10,4943,,none,,,0.000000,1.000000,0,none,,7.513805,7.513805,completed,90,3,rain,24.000000
13,1103,3448076045,105,Day 4 10:23,none,,7.513805,7.513805,completed,0.246667,0.122019,0.000000,0.883333,0.108333,0.227333,0.033805,0.060000,0.000000,11,1,1,1,0,0,0,1,1,1,1,1,0,1,0,1,1,0.172090,0.000000,0.159879,0.000000,0.000000,0.000000,0.168655,0.000000,0.163566,0.000000,0.000000,0.000000,0.196045,0.000000,0.000000,0.139765,go_to_bathroom,1,15,4958,door,none,,,0.000000,1.000000,0,none,,7.513805,7.513805,completed,90,3,rain,24.000000
13,1103,3448076045,106,Day 4 10:38,none,,7.513805,7.513805,completed,0.251667,0.128019,0.000000,0.964537,0.120833,0.000000,0.033805,0.045000,0.000000,11,1,1,1,0,0,0,1,1,1,1,1,0,1,0,1,1,0.206624,0.000000,0.191880,0.000000,0.000000,0.000000,0.200717,0.000000,0.000000,0.000000,0.000000,0.000000,0.233931,0.000000,0.000000,0.166849,turn_off_alarm,1,1,4959,alarm,none,,,0.000000,1.000000,0,none,,7.513805,7.513805,completed,90,3,rain,24.000000
13,1103,3448076045,107,Day 4 10:39,none,,7.513805,7.513805,completed,0.252000,0.128419,0.000000,0.994204,0.121667,0.000667,0.013805,0.044000,0.000000,10,1,1,1,0,0,0,1,1,1,1,1,0,0,0,1,1,0.269661,0.000000,0.250411,0.000000,0.000000,0.000000,0.262260,0.000000,0.000000,0.000000,0.000000,0.000000,0.000000,0.000000,0.000000,0.217668,rest_at_bed,1,60,5019,bed,none,,,0.000000,1.000000,0,none,,7.513805,7.513805,completed,90,3,rain,24.000000
13,1103,3448076045,108,Day 4 11:39,none,,7.513805,7.513805,completed,0.312000,0.000000,0.000000,1.000000,0.171667,0.040667,0.013805,0.000000,0.000000,10,1,1,1,0,0,0,1,1,1,1,1,0,0,0,1,1,0.230385,0.000000,0.208868,0.000000,0.000000,0.000000,0.190185,0.000000,0.000000,0.194431,0.000000,0.000000,0.000000,0.000000,0.000000,0.176132,use_phone,1,25,5044,phone,none,,,0.000000,1.000000,0,none,,7.513805,7.513805,completed,90,3,rain,24.000000
13,1103,3448076045,109,Day 4 12:04,none,,7.513805,7.513805,completed,0.100333,0.092397,0.000000,1.000000,0.192500,0.057333,0.013805,0.095000,0.085000,10,1,1,1,0,0,0,1,1,1,1,1,0,0,0,1,1,0.204092,0.000000,0.193628,0.000000,0.000000,0.000000,0.218329,0.000000,0.000000,0.204912,0.000000,0.000000,0.000000,0.000000,0.000000,0.179039,use_phone,1,25,5069,phone,none,,,0.000000,1.000000,0,none,,7.513805,7.513805,completed,90,3,rain,24.000000
13,1103,3448076045,110,Day 4 12:29,none,,7.513805,7.513805,completed,0.000000,0.184794,0.000000,1.000000,0.213333,0.074000,0.013805,0.190000,0.170000,10,1,1,1,0,0,0,1,1,1,1,1,0,0,0,1,1,0.000000,0.244497,0.000000,0.000000,0.000000,0.000000,0.291148,0.000000,0.000000,0.250861,0.000000,0.000000,0.000000,0.000000,0.000000,0.213493,shop_on_phone,1,20,5089,phone,none,,,0.000000,1.000000,0,none,,7.513805,7.513805,completed,60,3,rain,24.000000
13,1103,3448076045,111,Day 4 12:49,none,,7.513805,7.513805,completed,0.006667,0.194308,0.000000,1.000000,0.230000,0.087333,0.013805,0.250000,0.000000,10,1,1,1,0,0,0,1,1,1,1,1,0,0,0,1,1,0.000000,0.000000,0.000000,0.000000,0.000000,0.000000,0.391284,0.000000,0.000000,0.330874,0.000000,0.000000,0.000000,0.000000,0.000000,0.277842,rest_at_bed,1,60,5149,bed,none,room-temperature-shift,,0.000000,1.000000,0,none,,7.513805,7.513805,completed,60,3,rain,24.000000
13,1103,3448076045,112,Day 4 13:49,none,,7.513805,7.513805,completed,0.066667,0.000000,0.000000,1.000000,0.280000,0.127333,0.013805,0.050000,0.000000,10,1,1,1,0,0,0,1,1,1,1,1,0,0,0,1,1,0.204980,0.000000,0.193467,0.000000,0.000000,0.000000,0.201748,0.000000,0.000000,0.220947,0.000000,0.000000,0.000000,0.000000,0.000000,0.178858,rest_at_bed,1,60,5209,bed,none,weather-rain,,0.000000,1.000000,0,none,,7.513805,7.513805,completed,60,3,rain,24.000000
13,1103,3448076045,113,Day 4 14:49,none,,7.513805,7.513805,completed,0.126667,0.000000,0.000000,1.000000,0.330000,0.167333,0.013805,0.000000,0.000000,10,1,1,1,0,0,0,1,1,1,1,1,0,0,0,1,1,0.175457,0.000000,0.163872,0.000000,0.000000,0.000000,0.161072,0.000000,0.164792,0.188054,0.000000,0.000000,0.000000,0.000000,0.000000,0.146753,use_phone,1,25,5234,phone,none,,,0.000000,1.000000,0,none,,7.513805,7.513805,completed,60,3,rain,24.000000
13,1103,3448076045,114,Day 4 15:14,none,,7.513805,7.513805,completed,0.000000,0.092397,0.000000,1.000000,0.350833,0.184000,0.013805,0.095000,0.085000,10,1,1,1,0,0,0,1,1,1,1,1,0,0,0,1,1,0.187635,0.000000,0.000000,0.000000,0.000000,0.000000,0.212603,0.000000,0.199078,0.227876,0.000000,0.000000,0.000000,0.000000,0.000000,0.172808,use_phone,1,25,5259,phone,none,,,0.000000,1.000000,0,none,,7.513805,7.513805,completed,60,3,rain,24.000000
13,1103,3448076045,115,Day 4 15:39,none,,7.513805,7.513805,completed,0.000000,0.184794,0.000000,1.000000,0.371667,0.200667,0.013805,0.190000,0.170000,10,1,1,1,0,0,0,1,1,1,1,1,0,0,0,1,1,0.000000,0.190249,0.000000,0.000000,0.000000,0.000000,0.226548,0.000000,0.194157,0.222923,0.000000,0.000000,0.000000,0.000000,0.000000,0.166124,go_to_bathroom,1,15,5274,door,none,message-study-group,,0.000000,1.000000,0,none,,7.513805,7.513805,completed,60,4,rain,24.000000
13,1103,3448076045,116,Day 4 15:54,none,,7.513805,7.513805,completed,0.005000,0.190794,0.000000,1.000000,0.384167,0.000000,0.013805,0.175000,0.161000,10,1,1,1,0,0,0,1,1,1,1,1,0,0,0,1,1,0.000000,0.234250,0.000000,0.000000,0.000000,0.000000,0.280233,0.000000,0.000000,0.279392,0.000000,0.000000,0.000000,0.000000,0.000000,0.206125,get_meal,1,35,5309,door,none,,,0.000000,1.000000,0,none,,7.513805,7.513805,completed,60,4,rain,24.000000
13,1103,3448076045,117,Day 4 16:29,none,,7.513805,7.513805,completed,0.000000,0.204794,0.000000,1.000000,0.000000,0.023333,0.013805,0.140000,0.140000,10,1,1,1,0,0,0,1,1,1,1,1,0,0,0,1,1,0.000000,0.000000,0.000000,0.000000,0.000000,0.000000,0.574787,0.000000,0.000000,0.000000,0.000000,0.000000,0.000000,0.000000,0.000000,0.425213,idle,1,10,5319,,none,,,0.000000,1.000000,0,none,,7.513805,7.513805,completed,60,4,rain,24.000000
13,1103,3448076045,118,Day 4 16:39,none,,7.513805,7.513805,completed,0.123333,0.208794,0.000000,0.946667,0.008333,0.030000,0.013805,0.130000,0.134000,10,1,1,1,0,0,0,1,1,1,1,1,0,0,0,1,1,0.248314,0.000000,0.237769,0.000000,0.000000,0.000000,0.293804,0.000000,0.000000,0.000000,0.000000,0.000000,0.000000,0.000000,0.000000,0.220113,idle,1,10,5329,,none,,,0.000000,1.000000,0,none,,7.513805,7.513805,completed,60,4,rain,24.000000
13,1103,3448076045,119,Day 4 16:49,none,,7.513805,7.513805,completed,0.246667,0.212794,0.000000,0.893333,0.016667,0.036667,0.013805,0.120000,0.128000,10,1,1,1,0,0,0,1,1,1,1,1,0,0,0,1,1,0.258385,0.000000,0.242624,0.000000,0.000000,0.000000,0.283725,0.000000,0.000000,0.000000,0.000000,0.000000,0.000000,0.000000,0.000000,0.215266,use_computer,1,30,5359,computer,none,,,0.000000,1.000000,0,none,,7.513805,7.513805,completed,60,4,rain,24.000000
13,1103,3448076045,120,Day 4 17:19,none,,7.513805,7.513805,completed,0.096667,0.326813,0.000000,0.883333,0.041667,0.056667,0.013805,0.200000,0.110000,10,1,1,1,0,0,0,1,1,1,1,1,0,0,0,1,1,0.302291,0.000000,0.000000,0.000000,0.000000,0.000000,0.417714,0.000000,0.000000,0.000000,0.000000,0.000000,0.000000,0.000000,0.000000,0.279995,idle,1,10,5369,,none,,,0.000000,1.000000,0,none,,7.513805,7.513805,completed,60,4,rain,24.000000
13,1103,3448076045,121,Day 4 17:29,none,,7.513805,7.513805,completed,0.220000,0.330813,0.000000,0.830000,0.050000,0.063333,0.013805,0.190000,0.104000,10,1,1,1,0,0,0,1,1,1,1,1,0,0,0,1,1,0.243368,0.000000,0.232674,0.000000,0.000000,0.000000,0.312097,0.000000,0.000000,0.000000,0.000000,0.000000,0.000000,0.000000,0.000000,0.211861,rest_at_bed,1,60,5429,bed,none,,,0.000000,1.000000,0,none,,7.513805,7.513805,completed,60,4,rain,24.000000
13,1103,3448076045,122,Day 4 18:29,none,,7.513805,7.513805,completed,0.280000,0.064591,0.000000,0.860000,0.100000,0.103333,0.013805,0.000000,0.068000,10,1,1,1,0,0,0,1,1,1,1,1,0,0,0,1,1,0.279111,0.000000,0.256089,0.000000,0.000000,0.000000,0.246592,0.000000,0.000000,0.000000,0.000000,0.000000,0.000000,0.000000,0.000000,0.218207,use_computer,1,30,5459,computer,none,,,0.000000,1.000000,0,none,,7.513805,7.513805,completed,60,4,rain,24.000000
13,1103,3448076045,123,Day 4 18:59,none,,7.513805,7.513805,completed,0.130000,0.178609,0.000000,0.850000,0.125000,0.123333,0.013805,0.080000,0.050000,10,1,1,1,0,0,0,1,1,1,1,1,0,0,0,1,1,0.254220,0.000000,0.242175,0.000000,0.000000,0.000000,0.282641,0.000000,0.000000,0.000000,0.000000,0.000000,0.000000,0.000000,0.000000,0.220964,idle,1,10,5469,,none,,,0.000000,1.000000,0,none,,7.513805,7.513805,completed,60,4,rain,24.000000
13,1103,3448076045,124,Day 4 19:09,none,,7.513805,7.513805,completed,0.253333,0.182609,0.000000,0.796667,0.133333,0.130000,0.013805,0.070000,0.044000,10,1,1,1,0,0,0,1,1,1,1,1,0,0,0,1,1,0.264348,0.000000,0.246949,0.000000,0.000000,0.000000,0.272756,0.000000,0.000000,0.000000,0.000000,0.000000,0.000000,0.000000,0.000000,0.215947,use_computer,1,30,5499,computer,none,evening,,0.000000,1.000000,0,none,,7.513805,7.513805,completed,60,4,rain,24.000000
13,1103,3448076045,125,Day 4 19:39,none,,7.513805,7.513805,completed,0.103333,0.296628,0.000000,0.786667,0.158333,0.150000,0.013805,0.150000,0.026000,10,1,1,1,0,0,0,1,1,1,1,1,0,0,0,1,1,0.161468,0.000000,0.156612,0.000000,0.000000,0.000000,0.209657,0.000000,0.162559,0.163056,0.000000,0.000000,0.000000,0.000000,0.000000,0.146649,use_phone,1,25,5524,phone,none,,,0.000000,1.000000,0,none,,7.513805,7.513805,completed,60,4,rain,24.000000
13,1103,3448076045,126,Day 4 20:04,none,,7.513805,7.513805,completed,0.000000,0.389025,0.000000,0.818333,0.179167,0.166667,0.013805,0.245000,0.111000,10,1,1,1,0,0,0,1,1,1,1,1,0,0,0,1,1,0.000000,0.000000,0.000000,0.000000,0.000000,0.000000,0.245424,0.251719,0.174163,0.175231,0.000000,0.000000,0.000000,0.000000,0.000000,0.153464,go_to_bathroom,1,15,5539,door,none,,,0.000000,1.000000,0,none,,7.513805,7.513805,completed,60,4,rain,24.000000
13,1103,3448076045,127,Day 4 20:19,none,,7.513805,7.513805,completed,0.005000,0.395025,0.000000,0.899537,0.191667,0.000000,0.013805,0.230000,0.102000,10,1,1,1,0,0,0,1,1,1,1,1,0,0,0,1,1,0.000000,0.000000,0.000000,0.000000,0.000000,0.000000,0.296098,0.303974,0.000000,0.214205,0.000000,0.000000,0.000000,0.000000,0.000000,0.185723,rest_at_bed,1,60,5599,bed,none,,,0.000000,1.000000,0,none,,7.513805,7.513805,completed,60,4,rain,24.000000
13,1103,3448076045,128,Day 4 21:19,none,,7.513805,7.513805,completed,0.065000,0.128803,0.000000,0.929537,0.241667,0.040000,0.013805,0.030000,0.066000,10,1,1,1,0,0,0,1,1,1,1,1,0,0,0,1,1,0.201488,0.000000,0.192765,0.000000,0.000000,0.000000,0.216046,0.000000,0.000000,0.212275,0.000000,0.000000,0.000000,0.000000,0.000000,0.177426,use_computer,1,30,5629,computer,none,,,0.000000,1.000000,0,none,,7.513805,7.513805,completed,60,4,rain,24.000000
13,1103,3448076045,129,Day 4 21:49,none,,7.513805,7.513805,completed,0.000000,0.242822,0.000000,0.919537,0.266667,0.060000,0.013805,0.110000,0.048000,10,1,1,1,0,0,0,1,1,1,1,1,0,0,0,1,1,0.228359,0.000000,0.000000,0.000000,0.000000,0.000000,0.293482,0.000000,0.000000,0.263621,0.000000,0.000000,0.000000,0.000000,0.000000,0.214538,use_phone,1,25,5654,phone,none,,,0.000000,1.000000,0,none,,7.513805,7.513805,completed,60,4,rain,24.000000
13,1103,3448076045,130,Day 4 22:14,none,,7.513805,7.513805,completed,0.000000,0.335219,0.000000,0.951204,0.287500,0.076667,0.013805,0.205000,0.133000,10,1,1,1,0,0,0,1,1,1,1,1,0,0,0,1,1,0.000000,0.000000,0.000000,0.000000,0.000000,0.000000,0.402558,0.000000,0.000000,0.331965,0.000000,0.000000,0.000000,0.000000,0.000000,0.265477,get_meal,1,35,5689,door,none,,,0.000000,1.000000,0,none,,7.513805,7.513805,completed,60,4,rain,24.000000
13,1103,3448076045,131,Day 4 22:49,none,,7.513805,7.513805,completed,0.000000,0.349219,0.000000,1.000000,0.000000,0.100000,0.013805,0.170000,0.112000,10,1,1,1,0,0,0,1,1,1,1,1,0,0,0,1,1,0.000000,0.000000,0.000000,0.000000,0.000000,0.000000,0.601121,0.000000,0.000000,0.000000,0.000000,0.000000,0.000000,0.000000,0.000000,0.398879,rest_at_bed,1,60,5749,bed,none,,,0.000000,1.000000,0,none,,7.513805,7.513805,completed,60,4,rain,24.000000
13,1103,3448076045,132,Day 4 23:49,none,,7.513805,7.513805,completed,0.060000,0.082997,0.000000,1.000000,0.050000,0.140000,0.013805,0.000000,0.076000,10,1,1,1,0,0,0,1,1,1,1,1,0,0,0,1,1,0.208259,0.000000,0.198334,0.000000,0.000000,0.000000,0.211687,0.000000,0.200221,0.000000,0.000000,0.000000,0.000000,0.000000,0.000000,0.181499,rest_at_bed,1,60,5809,bed,none,,,0.000000,1.000000,0,none,,7.513805,7.513805,completed,60,4,rain,24.000000
13,1103,3448076045,133,Day 5 00:49,none,,7.513805,7.513805,completed,0.120000,0.000000,0.000000,1.000000,0.100000,0.180000,0.013805,0.000000,0.040000,10,1,1,1,0,0,0,1,1,1,1,1,0,0,0,1,1,0.215109,0.000000,0.201120,0.000000,0.000000,0.000000,0.198229,0.000000,0.205041,0.000000,0.000000,0.000000,0.000000,0.000000,0.000000,0.180501,use_phone,1,25,5834,phone,none,,,0.000000,1.000000,0,none,,7.513805,7.513805,completed,60,4,rain,24.000000
13,1103,3448076045,134,Day 5 01:14,none,,7.513805,7.513805,completed,0.000000,0.092397,0.000000,1.000000,0.120833,0.196667,0.013805,0.095000,0.125000,10,1,1,1,0,0,0,1,1,1,1,1,0,0,0,1,1,0.242323,0.000000,0.000000,0.000000,0.000000,0.000000,0.274569,0.000000,0.259934,0.000000,0.000000,0.000000,0.000000,0.000000,0.000000,0.223175,go_to_bathroom,1,15,5849,door,none,,,0.000000,1.000000,0,none,,7.513805,7.513805,completed,60,4,rain,24.000000
13,1103,3448076045,135,Day 5 01:29,none,,7.513805,7.513805,completed,0.005000,0.098397,0.000000,1.000000,0.133333,0.000000,0.013805,0.080000,0.116000,10,1,1,1,0,0,0,1,1,1,1,1,0,0,0,1,1,0.329078,0.000000,0.000000,0.000000,0.000000,0.000000,0.369586,0.000000,0.000000,0.000000,0.000000,0.000000,0.000000,0.000000,0.000000,0.301335,idle,1,10,5859,,none,,,0.000000,1.000000,0,none,,7.513805,7.513805,completed,60,4,rain,24.000000
13,1103,3448076045,136,Day 5 01:39,none,,7.513805,7.513805,completed,0.128333,0.102397,0.000000,0.946667,0.141667,0.006667,0.013805,0.070000,0.110000,10,1,1,1,0,0,0,1,1,1,1,1,0,0,0,1,1,0.208789,0.000000,0.197318,0.000000,0.000000,0.000000,0.217619,0.000000,0.000000,0.196585,0.000000,0.000000,0.000000,0.000000,0.000000,0.179688,idle,1,10,5869,,none,,,0.000000,1.000000,0,none,,7.513805,7.513805,completed,60,4,rain,24.000000
13,1103,3448076045,137,Day 5 01:49,none,,7.513805,7.513805,completed,0.251667,0.106397,0.000000,0.893333,0.150000,0.013333,0.013805,0.060000,0.104000,10,1,1,1,0,0,0,1,1,1,1,1,0,0,0,1,1,0.218131,0.000000,0.202156,0.000000,0.000000,0.000000,0.210998,0.000000,0.000000,0.192279,0.000000,0.000000,0.000000,0.000000,0.000000,0.176437,get_meal,1,35,5904,door,none,,,0.000000,1.000000,0,none,,7.513805,7.513805,completed,60,4,rain,24.000000
13,1103,3448076045,138,Day 5 02:24,none,,7.513805,7.513805,completed,0.223333,0.120397,0.000000,1.000000,0.000000,0.036667,0.013805,0.025000,0.083000,10,1,1,1,0,0,0,1,1,1,1,1,0,0,0,1,1,0.269178,0.000000,0.250819,0.000000,0.000000,0.000000,0.260973,0.000000,0.000000,0.000000,0.000000,0.000000,0.000000,0.000000,0.000000,0.219030,rest_at_bed,1,60,5964,bed,none,,,0.000000,1.000000,0,none,,7.513805,7.513805,completed,60,4,rain,24.000000
13,1103,3448076045,139,Day 5 03:24,none,,7.513805,7.513805,completed,0.283333,0.000000,0.000000,1.000000,0.050000,0.076667,0.013805,0.000000,0.047000,10,1,1,1,0,0,0,1,1,1,1,1,0,0,0,1,1,0.283674,0.000000,0.258365,0.000000,0.000000,0.000000,0.238054,0.000000,0.000000,0.000000,0.000000,0.000000,0.000000,0.000000,0.000000,0.219908,idle,1,10,5974,,none,,,0.000000,1.000000,0,none,,7.513805,7.513805,completed,60,4,rain,24.000000
13,1103,3448076045,140,Day 5 03:34,none,,7.513805,7.513805,completed,0.406667,0.004000,0.000000,0.946667,0.058333,0.083333,0.013805,0.000000,0.041000,10,1,1,1,0,0,0,1,1,1,1,1,0,0,0,1,1,0.293414,0.000000,0.262111,0.000000,0.000000,0.000000,0.230130,0.000000,0.000000,0.000000,0.000000,0.000000,0.000000,0.000000,0.000000,0.214345,use_phone,1,25,5999,phone,none,,,0.000000,1.000000,0,none,,7.513805,7.513805,completed,60,4,rain,24.000000
13,1103,3448076045,141,Day 5 03:59,none,,7.513805,7.513805,completed,0.195000,0.096397,0.000000,0.978333,0.079167,0.100000,0.013805,0.095000,0.126000,10,1,1,1,0,0,0,1,1,1,1,1,0,0,0,1,1,0.263891,0.000000,0.246691,0.000000,0.000000,0.000000,0.268214,0.000000,0.000000,0.000000,0.000000,0.000000,0.000000,0.000000,0.000000,0.221204,use_computer,1,30,6029,computer,none,,,0.000000,1.000000,0,none,,7.513805,7.513805,completed,60,4,rain,24.000000
13,1103,3448076045,142,Day 5 04:29,none,,7.513805,7.513805,completed,0.045000,0.210416,0.000000,0.968333,0.104167,0.120000,0.013805,0.175000,0.108000,10,1,1,1,0,0,0,1,1,1,1,1,0,0,0,1,1,0.311433,0.000000,0.000000,0.000000,0.000000,0.000000,0.398331,0.000000,0.000000,0.000000,0.000000,0.000000,0.000000,0.000000,0.000000,0.290236,idle,1,10,6039,,none,,,0.000000,1.000000,0,none,,7.513805,7.513805,completed,60,4,rain,24.000000
13,1103,3448076045,143,Day 5 04:39,none,,7.513805,7.513805,completed,0.168333,0.214416,0.000000,0.915000,0.112500,0.126667,0.013805,0.165000,0.102000,10,1,1,1,0,0,0,1,1,1,1,1,0,0,0,1,1,0.249085,0.000000,0.237079,0.000000,0.000000,0.000000,0.295665,0.000000,0.000000,0.000000,0.000000,0.000000,0.000000,0.000000,0.000000,0.218171,rest_at_bed,1,60,6099,bed,none,,,0.000000,1.000000,0,none,,7.513805,7.513805,completed,60,4,rain,24.000000
13,1103,3448076045,144,Day 5 05:39,none,,7.513805,7.513805,completed,0.228333,0.000000,0.000000,0.945000,0.162500,0.166667,0.013805,0.000000,0.066000,10,1,1,1,0,0,0,1,1,1,1,1,0,0,0,1,1,0.187083,0.000000,0.171902,0.000000,0.000000,0.000000,0.162024,0.000000,0.165670,0.164372,0.000000,0.000000,0.000000,0.000000,0.000000,0.148949,rest_at_bed,1,60,6159,bed,none,,,0.000000,1.000000,0,none,,7.513805,7.513805,completed,60,4,rain,24.000000
13,1103,3448076045,145,Day 5 06:39,none,,7.513805,7.513805,completed,0.288333,0.000000,0.000000,0.975000,0.212500,0.206667,0.013805,0.000000,0.030000,10,1,1,1,0,0,0,1,1,1,1,1,0,0,0,1,1,0.188994,0.000000,0.171994,0.000000,0.000000,0.000000,0.158147,0.000000,0.167399,0.167310,0.000000,0.000000,0.000000,0.000000,0.000000,0.146156,use_computer,1,30,6189,computer,none,,,0.000000,1.000000,0,none,,7.513805,7.513805,completed,60,4,rain,24.000000
13,1103,3448076045,146,Day 5 07:09,none,,7.513805,7.513805,completed,0.138333,0.114019,0.000000,0.965000,0.237500,0.226667,0.013805,0.080000,0.012000,10,1,1,1,0,0,0,1,1,1,1,1,0,0,0,1,1,0.169739,0.000000,0.160381,0.000000,0.000000,0.000000,0.178738,0.000000,0.172330,0.172872,0.000000,0.000000,0.000000,0.000000,0.000000,0.145939,get_meal,1,35,6224,door,none,alarm-rings,,0.000000,1.000000,0,none,,7.513805,7.513805,completed,60,4,rain,24.000000
13,1103,3448076045,147,Day 5 07:44,none,,7.513805,7.513805,completed,0.140000,0.128019,0.000000,1.000000,0.000000,0.250000,0.047609,0.045000,0.000000,11,1,1,1,0,0,0,1,1,1,1,1,0,1,0,1,1,0.164749,0.000000,0.155759,0.000000,0.000000,0.000000,0.170409,0.000000,0.169190,0.000000,0.000000,0.000000,0.199455,0.000000,0.000000,0.140438,use_computer,1,30,6254,computer,none,,,0.000000,1.000000,0,none,,7.513805,7.513805,completed,60,4,rain,24.000000
13,1103,3448076045,148,Day 5 08:14,none,,7.513805,7.513805,completed,0.000000,0.242037,0.000000,0.990000,0.025000,0.270000,0.047609,0.125000,0.000000,11,1,1,1,0,0,0,1,1,1,1,1,0,1,0,1,1,0.000000,0.000000,0.000000,0.000000,0.000000,0.000000,0.271671,0.000000,0.245686,0.000000,0.000000,0.000000,0.284666,0.000000,0.000000,0.197977,turn_off_alarm,1,1,6255,alarm,none,,,0.000000,1.000000,0,none,,7.513805,7.513805,completed,60,4,rain,24.000000
13,1103,3448076045,149,Day 5 08:15,none,,7.513805,7.513805,completed,0.000333,0.242437,0.000000,1.000000,0.025833,0.270667,0.027609,0.124000,0.000000,10,1,1,1,0,0,0,1,1,1,1,1,0,0,0,1,1,0.000000,0.000000,0.000000,0.000000,0.000000,0.000000,0.380078,0.000000,0.343376,0.000000,0.000000,0.000000,0.000000,0.000000,0.000000,0.276546,rest_at_bed,1,60,6315,bed,none,,,0.000000,1.000000,0,none,,7.513805,7.513805,completed,60,4,rain,24.000000
13,1103,3448076045,150,Day 5 09:15,none,,7.513805,7.513805,completed,0.060333,0.000000,0.000000,1.000000,0.075833,0.310667,0.027609,0.000000,0.000000,10,1,1,1,0,0,0,1,1,1,1,1,0,0,0,1,1,0.205570,0.000000,0.194051,0.000000,0.000000,0.000000,0.195790,0.000000,0.227028,0.000000,0.000000,0.000000,0.000000,0.000000,0.000000,0.177561,use_phone,1,25,6340,phone,none,,,0.000000,1.000000,0,none,,7.513805,7.513805,completed,60,4,rain,24.000000
13,1103,3448076045,151,Day 5 09:40,none,,7.513805,7.513805,completed,0.000000,0.092397,0.000000,1.000000,0.096667,0.327333,0.027609,0.095000,0.085000,10,1,1,1,0,0,0,1,1,1,1,1,0,0,0,1,1,0.235089,0.000000,0.000000,0.000000,0.000000,0.000000,0.266049,0.000000,0.282349,0.000000,0.000000,0.000000,0.000000,0.000000,0.000000,0.216513,go_to_bathroom,1,15,6355,door,none,,,0.000000,1.000000,0,none,,7.513805,7.513805,completed,60,4,rain,24.000000
13,1103,3448076045,152,Day 5 09:55,none,,7.513805,7.513805,completed,0.005000,0.098397,0.000000,1.000000,0.109167,0.000000,0.027609,0.080000,0.076000,10,1,1,1,0,0,0,1,1,1,1,1,0,0,0,1,1,0.329226,0.000000,0.000000,0.000000,0.000000,0.000000,0.369303,0.000000,0.000000,0.000000,0.000000,0.000000,0.000000,0.000000,0.000000,0.301471,use_phone,1,25,6380,phone,none,,,0.000000,1.000000,0,none,,7.513805,7.513805,completed,60,4,rain,24.000000
13,1103,3448076045,153,Day 5 10:20,none,,7.513805,7.513805,completed,0.000000,0.190794,0.000000,1.000000,0.130000,0.016667,0.027609,0.175000,0.161000,10,1,1,1,0,0,0,1,1,1,1,1,0,0,0,1,1,0.000000,0.325205,0.000000,0.000000,0.000000,0.000000,0.388680,0.000000,0.000000,0.000000,0.000000,0.000000,0.000000,0.000000,0.000000,0.286115,shop_on_phone,1,20,6400,phone,none,,,0.000000,1.000000,0,none,,7.513805,7.513805,completed,30,4,rain,24.000000
13,1103,3448076045,154,Day 5 10:40,none,,7.513805,7.513805,completed,0.006667,0.200308,0.000000,1.000000,0.146667,0.030000,0.027609,0.235000,0.000000,10,1,1,1,0,0,0,1,1,1,1,1,0,0,0,1,1,0.000000,0.000000,0.000000,0.000000,0.000000,0.000000,0.399296,0.000000,0.000000,0.316075,0.000000,0.000000,0.000000,0.000000,0.000000,0.284629,idle,1,10,6410,,none,,,0.000000,1.000000,0,none,,7.513805,7.513805,completed,30,4,rain,24.000000
13,1103,3448076045,155,Day 5 10:50,none,,7.513805,7.513805,completed,0.130000,0.204308,0.000000,0.946667,0.155000,0.036667,0.027609,0.225000,0.000000,10,1,1,1,0,0,0,1,1,1,1,1,0,0,0,1,1,0.240274,0.000000,0.000000,0.000000,0.000000,0.000000,0.301427,0.000000,0.000000,0.240701,0.000000,0.000000,0.000000,0.000000,0.000000,0.217598,use_phone,1,25,6435,phone,none,,,0.000000,1.000000,0,none,,7.513805,7.513805,completed,30,4,rain,24.000000
13,1103,3448076045,156,Day 5 11:15,none,,7.513805,7.513805,completed,0.000000,0.296705,0.000000,0.978333,0.175833,0.053333,0.027609,0.320000,0.085000,10,1,1,1,0,0,0,1,1,1,1,1,0,0,0,1,1,0.000000,0.000000,0.000000,0.000000,0.000000,0.000000,0.420712,0.000000,0.000000,0.308422,0.000000,0.000000,0.000000,0.000000,0.000000,0.270867,rest_at_bed,1,60,6495,bed,none,,,0.000000,1.000000,0,none,,7.513805,7.513805,completed,30,4,rain,24.000000
13,1103,3448076045,157,Day 5 12:15,none,,7.513805,7.513805,completed,0.060000,0.030483,0.000000,1.000000,0.225833,0.093333,0.027609,0.120000,0.049000,10,1,1,1,0,0,0,1,1,1,1,1,0,0,0,1,1,0.249216,0.000000,0.000000,0.000000,0.000000,0.000000,0.264486,0.000000,0.000000,0.263343,0.000000,0.000000,0.000000,0.000000,0.000000,0.222955,rest_at_bed,1,60,6555,bed,none,room-temperature-shift,,0.000000,1.000000,0,none,,7.513805,7.513805,completed,30,4,rain,24.000000
13,1103,3448076045,158,Day 5 13:15,none,,7.513805,7.513805,completed,0.120000,0.000000,0.000000,1.000000,0.275833,0.133333,0.027609,0.000000,0.013000,10,1,1,1,0,0,0,1,1,1,1,1,0,0,0,1,1,0.177365,0.000000,0.165831,0.000000,0.000000,0.000000,0.163248,0.000000,0.162376,0.182351,0.000000,0.000000,0.000000,0.000000,0.000000,0.148829,use_computer,1,30,6585,computer,none,message-study-group,,0.000000,1.000000,0,none,,7.513805,7.513805,completed,30,5,rain,24.000000
13,1103,3448076045,159,Day 5 13:45,none,,7.513805,7.513805,completed,0.000000,0.114019,0.000000,0.990000,0.300833,0.153333,0.027609,0.080000,0.000000,10,1,1,1,0,0,0,1,1,1,1,1,0,0,0,1,1,0.190401,0.000000,0.000000,0.000000,0.000000,0.000000,0.216774,0.000000,0.196396,0.221367,0.000000,0.000000,0.000000,0.000000,0.000000,0.175062,use_phone,1,25,6610,phone,none,,,0.000000,1.000000,0,none,,7.513805,7.513805,completed,30,5,rain,24.000000
13,1103,3448076045,160,Day 5 14:10,none,,7.513805,7.513805,completed,0.000000,0.206416,0.000000,1.000000,0.321667,0.170000,0.027609,0.175000,0.085000,10,1,1,1,0,0,0,1,1,1,1,1,0,0,0,1,1,0.000000,0.000000,0.000000,0.000000,0.000000,0.000000,0.286102,0.000000,0.237237,0.268221,0.000000,0.000000,0.000000,0.000000,0.000000,0.208440,get_meal,1,35,6645,door,none,,,0.000000,1.000000,0,none,,7.513805,7.513805,completed,30,5,rain,24.000000
13,1103,3448076045,161,Day 5 14:45,none,,7.513805,7.513805,completed,0.000000,0.220416,0.000000,1.000000,0.000000,0.193333,0.027609,0.140000,0.064000,10,1,1,1,0,0,0,1,1,1,1,1,0,0,0,1,1,0.000000,0.000000,0.000000,0.000000,0.000000,0.000000,0.386935,0.000000,0.329417,0.000000,0.000000,0.000000,0.000000,0.000000,0.000000,0.283648,rest_at_bed,1,60,6705,bed,none,,,0.000000,1.000000,0,none,,7.513805,7.513805,completed,30,5,rain,24.000000
13,1103,3448076045,162,Day 5 15:45,none,,7.513805,7.513805,completed,0.060000,0.000000,0.000000,1.000000,0.050000,0.233333,0.027609,0.000000,0.028000,10,1,1,1,0,0,0,1,1,1,1,1,0,0,0,1,1,0.208610,0.000000,0.196931,0.000000,0.000000,0.000000,0.198723,0.000000,0.215520,0.000000,0.000000,0.000000,0.000000,0.000000,0.000000,0.180216,idle,1,10,6715,,none,,,0.000000,1.000000,0,none,,7.513805,7.513805,completed,30,5,rain,24.000000
13,1103,3448076045,163,Day 5 15:55,none,,7.513805,7.513805,completed,0.183333,0.004000,0.000000,0.946667,0.058333,0.240000,0.027609,0.000000,0.022000,10,1,1,1,0,0,0,1,1,1,1,1,0,0,0,1,1,0.217443,0.000000,0.201332,0.000000,0.000000,0.000000,0.193595,0.000000,0.210614,0.000000,0.000000,0.000000,0.000000,0.000000,0.000000,0.177016,go_to_bathroom,1,15,6730,door,none,weather-rain,,0.000000,1.000000,0,none,,7.513805,7.513805,completed,30,5,rain,24.000000
13,1103,3448076045,164,Day 5 16:10,none,,7.513805,7.513805,completed,0.188333,0.010000,0.000000,1.000000,0.070833,0.000000,0.027609,0.000000,0.013000,10,1,1,1,0,0,0,1,1,1,1,1,0,0,0,1,1,0.275463,0.000000,0.255011,0.000000,0.000000,0.000000,0.245678,0.000000,0.000000,0.000000,0.000000,0.000000,0.000000,0.000000,0.000000,0.223848,rest_at_bed,1,60,6790,bed,none,,,0.000000,1.000000,0,none,,7.513805,7.513805,completed,30,5,rain,24.000000
13,1103,3448076045,165,Day 5 17:10,none,,7.513805,7.513805,completed,0.248333,0.000000,0.000000,1.000000,0.120833,0.040000,0.027609,0.000000,0.000000,10,1,1,1,0,0,0,1,1,1,1,1,0,0,0,1,1,0.280935,0.000000,0.257312,0.000000,0.000000,0.000000,0.240240,0.000000,0.000000,0.000000,0.000000,0.000000,0.000000,0.000000,0.000000,0.221513,idle,1,10,6800,,none,,,0.000000,1.000000,0,none,,7.513805,7.513805,completed,30,5,rain,24.000000
13,1103,3448076045,166,Day 5 17:20,none,,7.513805,7.513805,completed,0.371667,0.004000,0.000000,0.946667,0.129167,0.046667,0.027609,0.000000,0.000000,10,1,1,1,0,0,0,1,1,1,1,1,0,0,0,1,1,0.290647,0.000000,0.261101,0.000000,0.000000,0.000000,0.232295,0.000000,0.000000,0.000000,0.000000,0.000000,0.000000,0.000000,0.000000,0.215958,use_phone,1,25,6825,phone,none,,,0.000000,1.000000,0,none,,7.513805,7.513805,completed,30,5,rain,24.000000
13,1103,3448076045,167,Day 5 17:45,none,,7.513805,7.513805,completed,0.160000,0.096397,0.000000,0.978333,0.150000,0.063333,0.027609,0.095000,0.085000,10,1,1,1,0,0,0,1,1,1,1,1,0,0,0,1,1,0.209861,0.000000,0.197287,0.000000,0.000000,0.000000,0.217355,0.000000,0.000000,0.196573,0.000000,0.000000,0.000000,0.000000,0.000000,0.178925,rest_at_bed,1,60,6885,bed,none,,,0.000000,1.000000,0,none,,7.513805,7.513805,completed,30,5,rain,24.000000
13,1103,3448076045,168,Day 5 18:45,none,,7.513805,7.513805,completed,0.220000,0.000000,0.000000,1.000000,0.200000,0.103333,0.027609,0.000000,0.049000,10,1,1,1,0,0,0,1,1,1,1,1,0,0,0,1,1,0.222240,0.000000,0.204480,0.000000,0.000000,0.000000,0.193158,0.000000,0.000000,0.202465,0.000000,0.000000,0.000000,0.000000,0.000000,0.177657,use_phone,1,25,6910,phone,none,evening,,0.000000,1.000000,0,none,,7.513805,7.513805,completed,30,5,rain,24.000000
13,1103,3448076045,169,Day 5 19:10,none,,7.513805,7.513805,completed,0.008333,0.092397,0.000000,1.000000,0.220833,0.120000,0.027609,0.095000,0.134000,10,1,1,1,0,0,0,1,1,1,1,1,0,0,0,1,1,0.242284,0.000000,0.000000,0.000000,0.000000,0.000000,0.272884,0.000000,0.000000,0.262593,0.000000,0.000000,0.000000,0.000000,0.000000,0.222239,idle,1,10,6920,,none,,,0.000000,1.000000,0,none,,7.513805,7.513805,completed,30,5,rain,24.000000
13,1103,3448076045,170,Day 5 19:20,none,,7.513805,7.513805,completed,0.131667,0.096397,0.000000,0.946667,0.229167,0.126667,0.027609,0.085000,0.128000,10,1,1,1,0,0,0,1,1,1,1,1,0,0,0,1,1,0.205497,0.000000,0.194030,0.000000,0.000000,0.000000,0.214799,0.000000,0.000000,0.208515,0.000000,0.000000,0.000000,0.000000,0.000000,0.177159,use_phone,1,25,6945,phone,none,,,0.000000,1.000000,0,none,,7.513805,7.513805,completed,30,5,rain,24.000000
13,1103,3448076045,171,Day 5 19:45,none,,7.513805,7.513805,completed,0.000000,0.188794,0.000000,0.978333,0.250000,0.143333,0.027609,0.180000,0.213000,10,1,1,1,0,0,0,1,1,1,1,1,0,0,0,1,1,0.000000,0.202224,0.000000,0.000000,0.000000,0.000000,0.231598,0.000000,0.189446,0.206398,0.000000,0.000000,0.000000,0.000000,0.000000,0.170334,go_to_bathroom,1,15,6960,door,none,,,0.000000,1.000000,0,none,,7.513805,7.513805,completed,30,5,rain,24.000000
13,1103,3448076045,172,Day 5 20:00,none,,7.513805,7.513805,completed,0.005000,0.194794,0.000000,1.000000,0.262500,0.000000,0.027609,0.165000,0.204000,10,1,1,1,0,0,0,1,1,1,1,1,0,0,0,1,1,0.000000,0.247632,0.000000,0.000000,0.000000,0.000000,0.284911,0.000000,0.000000,0.257266,0.000000,0.000000,0.000000,0.000000,0.000000,0.210191,idle,1,10,6970,,none,,,0.000000,1.000000,0,none,,7.513805,7.513805,completed,30,5,rain,24.000000
13,1103,3448076045,173,Day 5 20:10,none,,7.513805,7.513805,completed,0.128333,0.198794,0.000000,0.946667,0.270833,0.006667,0.027609,0.155000,0.198000,10,1,1,1,0,0,0,1,1,1,1,1,0,0,0,1,1,0.162388,0.168622,0.155271,0.000000,0.000000,0.000000,0.193270,0.000000,0.000000,0.176051,0.000000,0.000000,0.000000,0.000000,0.000000,0.144397,use_phone,1,25,6995,phone,none,,,0.000000,1.000000,0,none,,7.513805,7.513805,completed,30,5,rain,24.000000
13,1103,3448076045,174,Day 5 20:35,none,,7.513805,7.513805,completed,0.000000,0.291191,0.000000,0.978333,0.291667,0.023333,0.027609,0.250000,0.283000,10,1,1,1,0,0,0,1,1,1,1,1,0,0,0,1,1,0.000000,0.251066,0.000000,0.000000,0.000000,0.000000,0.299252,0.000000,0.000000,0.250251,0.000000,0.000000,0.000000,0.000000,0.000000,0.199431,shop_on_phone,1,20,7015,phone,none,,,0.000000,1.000000,0,none,,7.513805,7.513805,completed,0,5,rain,24.000000
13,1103,3448076045,175,Day 5 20:55,none,,7.513805,7.513805,completed,0.006667,0.300705,0.000000,1.000000,0.308333,0.036667,0.027609,0.310000,0.000000,10,1,1,1,0,0,0,1,1,1,1,1,0,0,0,1,1,0.000000,0.000000,0.000000,0.000000,0.000000,0.000000,0.405506,0.000000,0.000000,0.332803,0.000000,0.000000,0.000000,0.000000,0.000000,0.261691,get_meal,1,35,7050,door,none,,,0.000000,1.000000,0,none,,7.513805,7.513805,completed,0,5,rain,24.000000
13,1103,3448076045,176,Day 5 21:30,none,,7.513805,7.513805,completed,0.000000,0.314705,0.000000,1.000000,0.000000,0.060000,0.027609,0.275000,0.000000,10,1,1,1,0,0,0,1,1,1,1,1,0,0,0,1,1,0.000000,0.000000,0.000000,0.000000,0.000000,0.000000,0.606443,0.000000,0.000000,0.000000,0.000000,0.000000,0.000000,0.000000,0.000000,0.393557,rest_at_bed,1,60,7110,bed,none,,,0.000000,1.000000,0,none,,7.513805,7.513805,completed,0,5,rain,24.000000
13,1103,3448076045,177,Day 5 22:30,none,,7.513805,7.513805,completed,0.060000,0.048483,0.000000,1.000000,0.050000,0.100000,0.027609,0.075000,0.000000,10,1,1,1,0,0,0,1,1,1,1,1,0,0,0,1,1,0.257847,0.000000,0.244987,0.000000,0.000000,0.000000,0.268783,0.000000,0.000000,0.000000,0.000000,0.000000,0.000000,0.000000,0.000000,0.228382,idle,1,10,7120,,none,,,0.000000,1.000000,0,none,,7.513805,7.513805,completed,0,5,rain,24.000000
13,1103,3448076045,178,Day 5 22:40,none,,7.513805,7.513805,completed,0.183333,0.052483,0.000000,0.946667,0.058333,0.106667,0.027609,0.065000,0.000000,10,1,1,1,0,0,0,1,1,1,1,1,0,0,0,1,1,0.267981,0.000000,0.249688,0.000000,0.000000,0.000000,0.259249,0.000000,0.000000,0.000000,0.000000,0.000000,0.000000,0.000000,0.000000,0.223082,use_phone,1,25,7145,phone,none,,,0.000000,1.000000,0,none,,7.513805,7.513805,completed,0,5,rain,24.000000
13,1103,3448076045,179,Day 5 23:05,none,,7.513805,7.513805,completed,0.000000,0.144880,0.000000,0.978333,0.079167,0.123333,0.027609,0.160000,0.085000,10,1,1,1,0,0,0,1,1,1,1,1,0,0,0,1,1,0.000000,0.000000,0.000000,0.000000,0.000000,0.000000,0.566943,0.000000,0.000000,0.000000,0.000000,0.000000,0.000000,0.000000,0.000000,0.433057,rest_at_bed,1,60,7205,bed,none,,,0.000000,1.000000,0,none,,7.513805,7.513805,completed,0,5,rain,24.000000
13,1103,3448076045,180,Day 6 00:05,none,,7.513805,7.513805,completed,0.060000,0.000000,0.000000,1.000000,0.129167,0.163333,0.027609,0.000000,0.049000,10,1,1,1,0,0,0,1,1,1,1,1,0,0,0,1,1,0.211286,0.000000,0.199457,0.000000,0.000000,0.000000,0.201272,0.000000,0.205459,0.000000,0.000000,0.000000,0.000000,0.000000,0.000000,0.182527,rest_at_bed,1,60,7265,bed,none,,,0.000000,1.000000,0,none,,7.513805,7.513805,completed,0,5,rain,24.000000
13,1103,3448076045,181,Day 6 01:05,none,,7.513805,7.513805,completed,0.120000,0.000000,0.000000,1.000000,0.179167,0.203333,0.027609,0.000000,0.013000,10,1,1,1,0,0,0,1,1,1,1,1,0,0,0,1,1,0.178089,0.000000,0.166508,0.000000,0.000000,0.000000,0.163914,0.000000,0.173215,0.168837,0.000000,0.000000,0.000000,0.000000,0.000000,0.149437,use_computer,1,30,7295,computer,none,,,0.000000,1.000000,0,none,,7.513805,7.513805,completed,0,5,rain,24.000000
13,1103,3448076045,182,Day 6 01:35,none,,7.513805,7.513805,completed,0.000000,0.114019,0.000000,0.990000,0.204167,0.223333,0.027609,0.080000,0.000000,10,1,1,1,0,0,0,1,1,1,1,1,0,0,0,1,1,0.191355,0.000000,0.000000,0.000000,0.000000,0.000000,0.217859,0.000000,0.209699,0.205150,0.000000,0.000000,0.000000,0.000000,0.000000,0.175938,go_to_bathroom,1,15,7310,door,none,,,0.000000,1.000000,0,none,,7.513805,7.513805,completed,0,5,rain,24.000000
13,1103,3448076045,183,Day 6 01:50,none,,7.513805,7.513805,completed,0.005000,0.120019,0.000000,1.000000,0.216667,0.000000,0.027609,0.065000,0.000000,10,1,1,1,0,0,0,1,1,1,1,1,0,0,0,1,1,0.242757,0.000000,0.000000,0.000000,0.000000,0.000000,0.273948,0.000000,0.000000,0.261376,0.000000,0.000000,0.000000,0.000000,0.000000,0.221919,use_phone,1,25,7335,phone,none,,,0.000000,1.000000,0,none,,7.513805,7.513805,completed,0,5,rain,24.000000
13,1103,3448076045,184,Day 6 02:15,none,,7.513805,7.513805,completed,0.000000,0.212416,0.000000,1.000000,0.237500,0.016667,0.027609,0.160000,0.085000,10,1,1,1,0,0,0,1,1,1,1,1,0,0,0,1,1,0.000000,0.000000,0.000000,0.000000,0.000000,0.000000,0.383671,0.000000,0.000000,0.336064,0.000000,0.000000,0.000000,0.000000,0.000000,0.280265,rest_at_bed,1,60,7395,bed,none,,,0.000000,1.000000,0,none,,7.513805,7.513805,completed,0,5,rain,24.000000
13,1103,3448076045,185,Day 6 03:15,none,,7.513805,7.513805,completed,0.060000,0.000000,0.000000,1.000000,0.287500,0.056667,0.027609,0.000000,0.049000,10,1,1,1,0,0,0,1,1,1,1,1,0,0,0,1,1,0.206823,0.000000,0.195244,0.000000,0.000000,0.000000,0.197021,0.000000,0.000000,0.222240,0.000000,0.000000,0.000000,0.000000,0.000000,0.178672,use_phone,1,25,7420,phone,none,,,0.000000,1.000000,0,none,,7.513805,7.513805,completed,0,5,rain,24.000000
13,1103,3448076045,186,Day 6 03:40,none,,7.513805,7.513805,completed,0.000000,0.092397,0.000000,1.000000,0.308333,0.073333,0.027609,0.095000,0.134000,10,1,1,1,0,0,0,1,1,1,1,1,0,0,0,1,1,0.236708,0.000000,0.000000,0.000000,0.000000,0.000000,0.267881,0.000000,0.000000,0.277407,0.000000,0.000000,0.000000,0.000000,0.000000,0.218004,rest_at_bed,1,60,7480,bed,none,,,0.000000,1.000000,0,none,,7.513805,7.513805,completed,0,5,rain,24.000000
13,1103,3448076045,187,Day 6 04:40,none,,7.513805,7.513805,completed,0.060000,0.000000,0.000000,1.000000,0.358333,0.113333,0.027609,0.000000,0.098000,10,1,1,1,0,0,0,1,1,1,1,1,0,0,0,1,1,0.204047,0.000000,0.192624,0.000000,0.000000,0.000000,0.194377,0.000000,0.000000,0.232678,0.000000,0.000000,0.000000,0.000000,0.000000,0.176274,get_meal,1,35,7515,door,none,,,0.000000,1.000000,0,none,,7.513805,7.513805,completed,0,5,rain,24.000000
13,1103,3448076045,188,Day 6 05:15,none,,7.513805,7.513805,completed,0.031667,0.014000,0.000000,1.000000,0.000000,0.136667,0.027609,0.000000,0.077000,10,1,1,1,0,0,0,1,1,1,1,1,0,0,0,1,1,0.209523,0.000000,0.198988,0.000000,0.000000,0.000000,0.205050,0.000000,0.202659,0.000000,0.000000,0.000000,0.000000,0.000000,0.000000,0.183780,idle,1,10,7525,,none,,,0.000000,1.000000,0,none,,7.513805,7.513805,completed,0,5,rain,24.000000
13,1103,3448076045,189,Day 6 05:25,none,,7.513805,7.513805,completed,0.155000,0.018000,0.000000,0.946667,0.008333,0.143333,0.027609,0.000000,0.071000,10,1,1,1,0,0,0,1,1,1,1,1,0,0,0,1,1,0.218361,0.000000,0.203404,0.000000,0.000000,0.000000,0.199729,0.000000,0.198016,0.000000,0.000000,0.000000,0.000000,0.000000,0.000000,0.180490,rest_at_bed,1,60,7585,bed,none,,,0.000000,1.000000,0,none,,7.513805,7.513805,completed,0,5,rain,24.000000
13,1103,3448076045,190,Day 6 06:25,none,,7.513805,7.513805,completed,0.215000,0.000000,0.000000,0.976667,0.058333,0.183333,0.027609,0.000000,0.035000,10,1,1,1,0,0,0,1,1,1,1,1,0,0,0,1,1,0.222267,0.000000,0.204669,0.000000,0.000000,0.000000,0.193736,0.000000,0.201218,0.000000,0.000000,0.000000,0.000000,0.000000,0.000000,0.178110,go_to_bathroom,1,15,7600,door,none,,,0.000000,1.000000,0,none,,7.513805,7.513805,completed,0,5,rain,24.000000
13,1103,3448076045,191,Day 6 06:40,none,,7.513805,7.513805,completed,0.220000,0.006000,0.000000,1.000000,0.070833,0.000000,0.027609,0.000000,0.026000,10,1,1,1,0,0,0,1,1,1,1,1,0,0,0,1,1,0.278263,0.000000,0.256188,0.000000,0.000000,0.000000,0.242966,0.000000,0.000000,0.000000,0.000000,0.000000,0.000000,0.000000,0.000000,0.222583,use_computer,1,30,7630,computer,none,,,0.000000,1.000000,0,none,,7.513805,7.513805,completed,0,5,rain,24.000000
13,1103,3448076045,192,Day 6 07:10,none,,7.513805,7.513805,completed,0.070000,0.120019,0.000000,0.990000,0.095833,0.020000,0.027609,0.080000,0.008000,10,1,1,1,0,0,0,1,1,1,1,1,0,0,0,1,1,0.253550,0.000000,0.242367,0.000000,0.000000,0.000000,0.278597,0.000000,0.000000,0.000000,0.000000,0.000000,0.000000,0.000000,0.000000,0.225486,use_phone,1,25,7655,phone,none,,,0.000000,1.000000,0,none,,7.513805,7.513805,completed,0,5,rain,24.000000
13,1103,3448076045,193,Day 6 07:35,none,,7.513805,7.513805,completed,0.000000,0.212416,0.000000,1.000000,0.116667,0.036667,0.027609,0.175000,0.093000,10,1,1,1,0,0,0,1,1,1,1,1,0,0,0,1,1,0.000000,0.000000,0.000000,0.000000,0.000000,0.000000,0.579485,0.000000,0.000000,0.000000,0.000000,0.000000,0.000000,0.000000,0.000000,0.420515,rest_at_bed,1,60,7715,bed,none,alarm-rings,,0.000000,1.000000,0,none,,7.513805,7.513805,completed,0,5,rain,24.000000
13,1103,3448076045,194,Day 6 08:35,none,,7.513805,7.513805,completed,0.090000,0.000000,0.000000,1.000000,0.166667,0.076667,0.061414,0.000000,0.057000,11,1,1,1,0,0,0,1,1,1,1,1,0,1,0,1,1,0.169574,0.000000,0.159311,0.000000,0.000000,0.000000,0.158311,0.000000,0.000000,0.161846,0.000000,0.000000,0.206583,0.000000,0.000000,0.144377,idle,1,10,7725,,none,,,0.000000,1.000000,0,none,,7.513805,7.513805,completed,0,5,rain,24.000000
13,1103,3448076045,195,Day 6 08:45,none,,7.513805,7.513805,completed,0.213333,0.004000,0.000000,0.946667,0.175000,0.083333,0.061414,0.000000,0.051000,11,1,1,1,0,0,0,1,1,1,1,1,0,1,0,1,1,0.177688,0.000000,0.163733,0.000000,0.000000,0.000000,0.155041,0.000000,0.000000,0.159193,0.000000,0.000000,0.201782,0.000000,0.000000,0.142563,turn_off_alarm,1,1,7726,alarm,none,,,0.000000,1.000000,0,none,,7.513805,7.513805,completed,0,5,rain,24.000000
13,1103,3448076045,196,Day 6 08:46,none,,7.513805,7.513805,completed,0.213667,0.004400,0.000000,0.976333,0.175833,0.084000,0.041414,0.000000,0.050400,10,1,1,1,0,0,0,1,1,1,1,1,0,0,0,1,1,0.222506,0.000000,0.205028,0.000000,0.000000,0.000000,0.194511,0.000000,0.000000,0.199455,0.000000,0.000000,0.000000,0.000000,0.000000,0.178500,use_phone,1,25,7751,phone,none,,,0.000000,1.000000,0,none,,7.513805,7.513805,completed,0,5,rain,24.000000
13,1103,3448076045,197,Day 6 09:11,none,,7.513805,7.513805,completed,0.002000,0.096797,0.000000,1.000000,0.196667,0.100667,0.041414,0.095000,0.135400,10,1,1,1,0,0,0,1,1,1,1,1,0,0,0,1,1,0.242731,0.000000,0.000000,0.000000,0.000000,0.000000,0.274975,0.000000,0.000000,0.258856,0.000000,0.000000,0.000000,0.000000,0.000000,0.223438,rest_at_bed,1,60,7811,bed,none,,,0.000000,1.000000,0,none,,7.513805,7.513805,completed,0,5,rain,24.000000
13,1103,3448076045,198,Day 6 10:11,none,,7.513805,7.513805,completed,0.062000,0.000000,0.000000,1.000000,0.246667,0.140667,0.041414,0.000000,0.099400,10,1,1,1,0,0,0,1,1,1,1,1,0,0,0,1,1,0.174012,0.000000,0.164217,0.000000,0.000000,0.000000,0.165373,0.000000,0.165738,0.180481,0.000000,0.000000,0.000000,0.000000,0.000000,0.150180,use_phone,1,25,7836,phone,none,,,0.000000,1.000000,0,none,,7.513805,7.513805,completed,0,5,rain,24.000000
13,1103,3448076045,199,Day 6 10:36,none,,7.513805,7.513805,completed,0.000000,0.092397,0.000000,1.000000,0.267500,0.157333,0.041414,0.095000,0.184400,10,1,1,1,0,0,0,1,1,1,1,1,0,0,0,1,1,0.159030,0.169769,0.000000,0.000000,0.000000,0.000000,0.179755,0.000000,0.164882,0.180099,0.000000,0.000000,0.000000,0.000000,0.000000,0.146464,idle,1,10,7846,,none,,,0.000000,1.000000,0,none,,7.513805,7.513805,completed,0,5,rain,24.000000
13,1103,3448076045,200,Day 6 10:46,none,,7.513805,7.513805,completed,0.123333,0.096397,0.000000,0.946667,0.275833,0.164000,0.041414,0.085000,0.178400,10,1,1,1,0,0,0,1,1,1,1,1,0,0,0,1,1,0.145259,0.144460,0.137337,0.000000,0.000000,0.000000,0.152375,0.000000,0.140825,0.154009,0.000000,0.000000,0.000000,0.000000,0.000000,0.125735,rest_at_bed,1,60,7906,bed,none,,,0.000000,1.000000,0,none,,7.513805,7.513805,completed,0,5,rain,24.000000
13,1103,3448076045,201,Day 6 11:46,none,,7.513805,7.513805,completed,0.183333,0.000000,0.000000,0.976667,0.325833,0.204000,0.041414,0.000000,0.142400,10,1,1,1,0,0,0,1,1,1,1,1,0,0,0,1,1,0.153759,0.139225,0.142307,0.000000,0.000000,0.000000,0.136311,0.000000,0.144304,0.158976,0.000000,0.000000,0.000000,0.000000,0.000000,0.125119,use_phone,1,25,7931,phone,none,,,0.000000,1.000000,0,none,,7.513805,7.513805,completed,0,5,rain,24.000000
13,1103,3448076045,202,Day 6 12:11,none,,7.513805,7.513805,completed,0.000000,0.092397,0.000000,1.000000,0.346667,0.220667,0.041414,0.095000,0.227400,10,1,1,1,0,0,0,1,1,1,1,1,0,0,0,1,1,0.154718,0.171223,0.000000,0.000000,0.000000,0.000000,0.174880,0.000000,0.169444,0.187244,0.000000,0.000000,0.000000,0.000000,0.000000,0.142492,shop_on_phone,0,0,7931,phone,resource_insufficient,,,0.000000,1.000000,0,none,,7.513805,7.513805,completed,0,5,rain,24.000000
13,1103,3448076045,203,Day 6 12:11,none,,7.513805,7.513805,completed,0.000000,0.092397,0.000000,0.970000,0.346667,0.220667,0.071414,0.095000,0.227400,10,1,1,1,0,0,0,1,1,1,1,1,0,0,0,1,1,0.154789,0.171302,0.000000,0.000000,0.000000,0.000000,0.174499,0.000000,0.169522,0.187330,0.000000,0.000000,0.000000,0.000000,0.000000,0.142558,get_meal,1,35,7966,door,none,,,0.000000,1.000000,0,none,,7.513805,7.513805,completed,0,5,rain,24.000000
13,1103,3448076045,204,Day 6 12:46,none,,7.513805,7.513805,completed,0.000000,0.106397,0.000000,1.000000,0.000000,0.244000,0.071414,0.060000,0.206400,10,1,1,1,0,0,0,1,1,1,1,1,0,0,0,1,1,0.191814,0.206960,0.000000,0.000000,0.000000,0.000000,0.213243,0.000000,0.212693,0.000000,0.000000,0.000000,0.000000,0.000000,0.000000,0.175289,use_phone,1,25,7991,phone,none,,,0.000000,1.000000,0,none,,7.513805,7.513805,completed,0,5,rain,24.000000
13,1103,3448076045,205,Day 6 13:11,none,,7.513805,7.513805,completed,0.000000,0.198794,0.000000,1.000000,0.020833,0.260667,0.071414,0.155000,0.291400,10,1,1,1,0,0,0,1,1,1,1,1,0,0,0,1,1,0.000000,0.261549,0.000000,0.000000,0.000000,0.000000,0.278192,0.000000,0.253958,0.000000,0.000000,0.000000,0.000000,0.000000,0.000000,0.206301,idle,1,10,8001,,none,,,0.000000,1.000000,0,none,,7.513805,7.513805,completed,0,5,rain,24.000000
13,1103,3448076045,206,Day 6 13:21,none,,7.513805,7.513805,completed,0.123333,0.202794,0.000000,0.946667,0.029167,0.267333,0.071414,0.145000,0.285400,10,1,1,1,0,0,0,1,1,1,1,1,0,0,0,1,1,0.160314,0.179176,0.153449,0.000000,0.000000,0.000000,0.189854,0.000000,0.174625,0.000000,0.000000,0.000000,0.000000,0.000000,0.000000,0.142582,go_to_bathroom,1,15,8016,door,none,,,0.000000,1.000000,0,none,,7.513805,7.513805,completed,0,5,rain,24.000000
13,1103,3448076045,207,Day 6 13:36,none,,7.513805,7.513805,completed,0.128333,0.208794,0.000000,1.000000,0.041667,0.000000,0.071414,0.130000,0.276400,10,1,1,1,0,0,0,1,1,1,1,1,0,0,0,1,1,0.195404,0.215477,0.186956,0.000000,0.000000,0.000000,0.229372,0.000000,0.000000,0.000000,0.000000,0.000000,0.000000,0.000000,0.000000,0.172793,use_phone,1,25,8041,phone,none,,,0.000000,1.000000,0,none,,7.513805,7.513805,completed,0,5,rain,24.000000
13,1103,3448076045,208,Day 6 14:01,none,,7.513805,7.513805,completed,0.000000,0.301191,0.000000,1.000000,0.062500,0.016667,0.071414,0.225000,0.361400,10,1,1,1,0,0,0,1,1,1,1,1,0,0,0,1,1,0.000000,0.350776,0.000000,0.000000,0.000000,0.000000,0.388299,0.000000,0.000000,0.000000,0.000000,0.000000,0.000000,0.000000,0.000000,0.260925,idle,1,10,8051,,none,,,0.000000,1.000000,0,none,,7.513805,7.513805,completed,0,5,rain,24.000000
13,1103,3448076045,209,Day 6 14:11,none,,7.513805,7.513805,completed,0.123333,0.305191,0.000000,0.946667,0.070833,0.023333,0.071414,0.215000,0.355400,10,1,1,1,0,0,0,1,1,1,1,1,0,0,0,1,1,0.223105,0.272288,0.000000,0.000000,0.000000,0.000000,0.300270,0.000000,0.000000,0.000000,0.000000,0.000000,0.000000,0.000000,0.000000,0.204338,use_phone,1,25,8076,phone,none,,,0.000000,1.000000,0,none,,7.513805,7.513805,completed,0,5,rain,24.000000
13,1103,3448076045,210,Day 6 14:36,none,,7.513805,7.513805,completed,0.000000,0.397588,0.000000,0.978333,0.091667,0.040000,0.071414,0.310000,0.440400,10,1,1,1,0,0,0,1,1,1,1,1,0,0,0,1,1,0.000000,0.247963,0.000000,0.000000,0.000000,0.000000,0.284278,0.295123,0.000000,0.000000,0.000000,0.000000,0.000000,0.000000,0.000000,0.172637,sleep_at_bed,1,89,8165,bed,none,room-temperature-shift,,0.000000,1.000000,0,none,,7.513805,7.513805,completed,0,5,rain,17.000000
13,1103,3448076045,211,Day 6 16:05,none,,7.513805,7.513805,completed,0.000000,0.000000,0.000000,0.968667,0.165833,0.099333,0.071414,0.000000,0.387000,10,1,1,1,0,0,0,1,1,1,1,1,0,0,0,1,1,0.196181,0.239649,0.000000,0.000000,0.000000,0.000000,0.192675,0.000000,0.000000,0.197014,0.000000,0.000000,0.000000,0.000000,0.000000,0.174481,idle,1,10,8175,,none,,,0.000000,1.000000,0,none,,7.513805,7.513805,completed,0,5,rain,17.000000
13,1103,3448076045,212,Day 6 16:15,none,,7.513805,7.513805,completed,0.123333,0.004000,0.000000,0.915333,0.174167,0.106000,0.071414,0.000000,0.381000,10,1,1,1,0,0,0,1,1,1,1,1,0,0,0,1,1,0.173172,0.197593,0.161893,0.000000,0.000000,0.000000,0.158958,0.000000,0.000000,0.163245,0.000000,0.000000,0.000000,0.000000,0.000000,0.145138,rest_at_bed,1,60,8235,bed,none,weather-clear,,0.000000,1.000000,0,none,,7.513805,7.513805,completed,0,5,clear,17.000000
13,1103,3448076045,213,Day 6 17:15,none,,7.513805,7.513805,completed,0.183333,0.000000,0.000000,0.945333,0.224167,0.146000,0.071414,0.000000,0.345000,10,1,1,1,0,0,0,1,1,1,1,1,0,0,0,1,1,0.152943,0.164099,0.141551,0.000000,0.000000,0.000000,0.135229,0.000000,0.136515,0.145207,0.000000,0.000000,0.000000,0.000000,0.000000,0.124455,shop_on_phone,0,0,8235,phone,resource_insufficient,,,0.000000,1.000000,0,none,,7.513805,7.513805,completed,0,5,clear,17.000000
13,1103,3448076045,214,Day 6 17:15,none,,7.513805,7.513805,completed,0.183333,0.000000,0.000000,0.915333,0.224167,0.146000,0.101414,0.000000,0.345000,10,1,1,1,0,0,0,1,1,1,1,1,0,0,0,1,1,0.176860,0.189760,0.163687,0.000000,0.000000,0.000000,0.000000,0.000000,0.157862,0.167914,0.000000,0.000000,0.000000,0.000000,0.000000,0.143917,go_to_bathroom,1,15,8250,door,none,message-study-group,,0.000000,1.000000,0,none,,7.513805,7.513805,completed,0,6,clear,17.000000
13,1103,3448076045,215,Day 6 17:30,none,,7.513805,7.513805,completed,0.188333,0.006000,0.000000,0.996537,0.236667,0.000000,0.101414,0.000000,0.336000,10,1,1,1,0,0,0,1,1,1,1,1,0,0,0,1,1,0.177270,0.188405,0.164039,0.000000,0.000000,0.000000,0.156596,0.000000,0.000000,0.169698,0.000000,0.000000,0.000000,0.000000,0.000000,0.143993,rest_at_bed,1,60,8310,bed,none,evening,,0.000000,1.000000,0,none,,7.513805,7.513805,completed,0,6,clear,17.000000
13,1103,3448076045,216,Day 6 18:30,none,,7.513805,7.513805,completed,0.248333,0.000000,0.000000,1.000000,0.286667,0.040000,0.101414,0.000000,0.300000,10,1,1,1,0,0,0,1,1,1,1,1,0,0,0,1,1,0.214247,0.214072,0.196231,0.000000,0.000000,0.000000,0.000000,0.000000,0.000000,0.206519,0.000000,0.000000,0.000000,0.000000,0.000000,0.168931,shop_on_phone,0,0,8310,phone,resource_insufficient,,,0.000000,1.000000,0,none,,7.513805,7.513805,completed,0,6,clear,17.000000
13,1103,3448076045,217,Day 6 18:30,none,,7.513805,7.513805,completed,0.248333,0.000000,0.000000,0.970000,0.286667,0.040000,0.131414,0.000000,0.300000,10,1,1,1,0,0,0,1,1,1,1,1,0,0,0,1,1,0.214247,0.214072,0.196231,0.000000,0.000000,0.000000,0.000000,0.000000,0.000000,0.206519,0.000000,0.000000,0.000000,0.000000,0.000000,0.168931,shop_on_phone,0,0,8310,phone,resource_insufficient,,,0.000000,1.000000,0,none,,7.513805,7.513805,completed,0,6,clear,17.000000
13,1103,3448076045,218,Day 6 18:30,none,,7.513805,7.513805,completed,0.248333,0.000000,0.000000,0.940000,0.286667,0.040000,0.161414,0.000000,0.300000,10,1,1,1,0,0,0,1,1,1,1,1,0,0,0,1,1,0.214247,0.214072,0.196231,0.000000,0.000000,0.000000,0.000000,0.000000,0.000000,0.206519,0.000000,0.000000,0.000000,0.000000,0.000000,0.168931,shop_on_phone,0,0,8310,phone,resource_insufficient,,,0.000000,1.000000,0,none,,7.513805,7.513805,completed,0,6,clear,17.000000
13,1103,3448076045,219,Day 6 18:30,none,,7.513805,7.513805,completed,0.248333,0.000000,0.000000,0.910000,0.286667,0.040000,0.191414,0.000000,0.300000,10,1,1,1,0,0,0,1,1,1,1,1,0,0,0,1,1,0.214247,0.214072,0.196231,0.000000,0.000000,0.000000,0.000000,0.000000,0.000000,0.206519,0.000000,0.000000,0.000000,0.000000,0.000000,0.168931,use_computer,1,30,8340,computer,none,,,0.000000,1.000000,0,none,,7.513805,7.513805,completed,0,6,clear,17.000000
13,1103,3448076045,220,Day 6 19:00,none,,7.513805,7.513805,completed,0.098333,0.114019,0.000000,0.900000,0.311667,0.060000,0.191414,0.080000,0.282000,10,1,1,1,0,0,0,1,1,1,1,1,0,0,0,1,1,0.164027,0.180319,0.155982,0.000000,0.000000,0.000000,0.173983,0.000000,0.000000,0.181899,0.000000,0.000000,0.000000,0.000000,0.000000,0.143790,use_phone,1,25,8365,phone,none,,,0.000000,1.000000,0,none,,7.513805,7.513805,completed,0,6,clear,17.000000
13,1103,3448076045,221,Day 6 19:25,none,,7.513805,7.513805,completed,0.000000,0.206416,0.000000,0.931667,0.332500,0.076667,0.191414,0.175000,0.367000,10,1,1,1,0,0,0,1,1,1,1,1,0,0,0,1,1,0.000000,0.270021,0.000000,0.000000,0.000000,0.000000,0.270465,0.000000,0.000000,0.259598,0.000000,0.000000,0.000000,0.000000,0.000000,0.199915,rest_at_bed,1,60,8425,bed,none,,,0.000000,1.000000,0,none,,7.513805,7.513805,completed,0,6,clear,17.000000
13,1103,3448076045,222,Day 6 20:25,none,,7.513805,7.513805,completed,0.060000,0.000000,0.000000,0.961667,0.382500,0.116667,0.191414,0.000000,0.331000,10,1,1,1,0,0,0,1,1,1,1,1,0,0,0,1,1,0.196015,0.221513,0.185041,0.000000,0.000000,0.000000,0.000000,0.000000,0.000000,0.228096,0.000000,0.000000,0.000000,0.000000,0.000000,0.169335,get_meal,1,35,8460,door,none,,,0.000000,1.000000,0,none,,7.513805,7.513805,completed,0,6,clear,17.000000
13,1103,3448076045,223,Day 6 21:00,none,,7.513805,7.513805,completed,0.031667,0.014000,0.000000,1.000000,0.000000,0.140000,0.191414,0.000000,0.310000,10,1,1,1,0,0,0,1,1,1,1,1,0,0,0,1,1,0.169782,0.191581,0.161246,0.000000,0.000000,0.000000,0.163775,0.000000,0.164694,0.000000,0.000000,0.000000,0.000000,0.000000,0.000000,0.148922,use_computer,1,30,8490,computer,none,,,0.000000,1.000000,0,none,,7.513805,7.513805,completed,0,6,clear,17.000000
13,1103,3448076045,224,Day 6 21:30,none,,7.513805,7.513805,completed,0.000000,0.128019,0.000000,0.990000,0.025000,0.160000,0.191414,0.080000,0.292000,10,1,1,1,0,0,0,1,1,1,1,1,0,0,0,1,1,0.190040,0.221962,0.000000,0.000000,0.000000,0.000000,0.215562,0.000000,0.197448,0.000000,0.000000,0.000000,0.000000,0.000000,0.000000,0.174988,rest_at_bed,1,60,8550,bed,none,,,0.000000,1.000000,0,none,,7.513805,7.513805,completed,0,6,clear,17.000000
13,1103,3448076045,225,Day 6 22:30,none,,7.513805,7.513805,completed,0.060000,0.000000,0.000000,1.000000,0.075000,0.200000,0.191414,0.000000,0.256000,10,1,1,1,0,0,0,1,1,1,1,1,0,0,0,1,1,0.205215,0.217789,0.193726,0.000000,0.000000,0.000000,0.000000,0.000000,0.205987,0.000000,0.000000,0.000000,0.000000,0.000000,0.000000,0.177283,use_computer,1,30,8580,computer,none,,,0.000000,1.000000,0,none,,7.513805,7.513805,completed,0,6,clear,17.000000
13,1103,3448076045,226,Day 6 23:00,none,,7.513805,7.513805,completed,0.000000,0.114019,0.000000,0.990000,0.100000,0.220000,0.191414,0.080000,0.238000,10,1,1,1,0,0,0,1,1,1,1,1,0,0,0,1,1,0.190512,0.212359,0.000000,0.000000,0.000000,0.000000,0.213790,0.000000,0.208175,0.000000,0.000000,0.000000,0.000000,0.000000,0.000000,0.175164,go_to_bathroom,1,15,8595,door,none,,,0.000000,1.000000,0,none,,7.513805,7.513805,completed,0,6,clear,17.000000
13,1103,3448076045,227,Day 6 23:15,none,,7.513805,7.513805,completed,0.005000,0.120019,0.000000,1.000000,0.112500,0.000000,0.191414,0.065000,0.229000,10,1,1,1,0,0,0,1,1,1,1,1,0,0,0,1,1,0.242351,0.266533,0.000000,0.000000,0.000000,0.000000,0.269568,0.000000,0.000000,0.000000,0.000000,0.000000,0.000000,0.000000,0.000000,0.221547,shop_on_phone,0,0,8595,phone,resource_insufficient,,,0.000000,1.000000,0,none,,7.513805,7.513805,completed,0,6,clear,17.000000
13,1103,3448076045,228,Day 6 23:15,none,,7.513805,7.513805,completed,0.005000,0.120019,0.000000,0.970000,0.112500,0.000000,0.221414,0.065000,0.229000,10,1,1,1,0,0,0,1,1,1,1,1,0,0,0,1,1,0.242524,0.266723,0.000000,0.000000,0.000000,0.000000,0.269048,0.000000,0.000000,0.000000,0.000000,0.000000,0.000000,0.000000,0.000000,0.221705,shop_on_phone,0,0,8595,phone,resource_insufficient,,,0.000000,1.000000,0,none,,7.513805,7.513805,completed,0,6,clear,17.000000
13,1103,3448076045,229,Day 6 23:15,none,,7.513805,7.513805,completed,0.005000,0.120019,0.000000,0.940000,0.112500,0.000000,0.251414,0.065000,0.229000,10,1,1,1,0,0,0,1,1,1,1,1,0,0,0,1,1,0.242696,0.266913,0.000000,0.000000,0.000000,0.000000,0.268528,0.000000,0.000000,0.000000,0.000000,0.000000,0.000000,0.000000,0.000000,0.221863,idle,1,10,8605,,none,,,0.000000,1.000000,0,none,,7.513805,7.513805,completed,0,6,clear,17.000000
13,1103,3448076045,230,Day 6 23:25,none,,7.513805,7.513805,completed,0.128333,0.124019,0.000000,0.886667,0.120833,0.006667,0.251414,0.055000,0.223000,10,1,1,1,0,0,0,1,1,1,1,1,0,0,0,1,1,0.205866,0.210920,0.194949,0.000000,0.000000,0.000000,0.211390,0.000000,0.000000,0.000000,0.000000,0.000000,0.000000,0.000000,0.000000,0.176875,use_computer,1,30,8635,computer,none,,,0.000000,1.000000,0,none,,7.513805,7.513805,completed,0,6,clear,17.000000
13,1103,3448076045,231,Day 6 23:55,none,,7.513805,7.513805,completed,0.000000,0.238037,0.000000,0.876667,0.145833,0.026667,0.251414,0.135000,0.205000,10,1,1,1,0,0,0,1,1,1,1,1,0,0,0,1,1,0.000000,0.254167,0.000000,0.000000,0.000000,0.000000,0.290998,0.000000,0.000000,0.239310,0.000000,0.000000,0.000000,0.000000,0.000000,0.215525,rest_at_bed,1,60,8695,bed,none,,,0.000000,1.000000,0,none,,7.513805,7.513805,completed,0,6,clear,17.000000
13,1103,3448076045,232,Day 7 00:55,none,,7.513805,7.513805,completed,0.060000,0.000000,0.000000,0.906667,0.195833,0.066667,0.251414,0.000000,0.169000,10,1,1,1,0,0,0,1,1,1,1,1,0,0,0,1,1,0.208785,0.206005,0.197096,0.000000,0.000000,0.000000,0.000000,0.000000,0.000000,0.207746,0.000000,0.000000,0.000000,0.000000,0.000000,0.180367,shop_on_phone,0,0,8695,phone,resource_insufficient,,,0.000000,1.000000,0,none,,7.513805,7.513805,completed,0,6,clear,17.000000
13,1103,3448076045,233,Day 7 00:55,none,,7.513805,7.513805,completed,0.060000,0.000000,0.000000,0.876667,0.195833,0.066667,0.281414,0.000000,0.169000,10,1,1,1,0,0,0,1,1,1,1,1,0,0,0,1,1,0.208785,0.206005,0.197096,0.000000,0.000000,0.000000,0.000000,0.000000,0.000000,0.207746,0.000000,0.000000,0.000000,0.000000,0.000000,0.180367,use_phone,1,25,8720,phone,none,,,0.000000,1.000000,0,none,,7.513805,7.513805,completed,0,6,clear,17.000000
13,1103,3448076045,234,Day 7 01:20,none,,7.513805,7.513805,completed,0.000000,0.092397,0.000000,0.908333,0.216667,0.083333,0.281414,0.095000,0.254000,10,1,1,1,0,0,0,1,1,1,1,1,0,0,0,1,1,0.190678,0.215773,0.000000,0.000000,0.000000,0.000000,0.211013,0.000000,0.000000,0.206926,0.000000,0.000000,0.000000,0.000000,0.000000,0.175611,shop_on_phone,0,0,8720,phone,resource_insufficient,,,0.000000,1.000000,0,none,,7.513805,7.513805,completed,0,6,clear,17.000000
13,1103,3448076045,235,Day 7 01:20,none,,7.513805,7.513805,completed,0.000000,0.092397,0.000000,0.878333,0.216667,0.083333,0.311414,0.095000,0.254000,10,1,1,1,0,0,0,1,1,1,1,1,0,0,0,1,1,0.190784,0.215893,0.000000,0.000000,0.000000,0.000000,0.210573,0.000000,0.000000,0.207041,0.000000,0.000000,0.000000,0.000000,0.000000,0.175709,get_meal,1,35,8755,door,none,,,0.000000,1.000000,0,none,,7.513805,7.513805,completed,0,6,clear,17.000000
13,1103,3448076045,236,Day 7 01:55,none,,7.513805,7.513805,completed,0.000000,0.106397,0.000000,0.992870,0.000000,0.106667,0.311414,0.060000,0.233000,10,1,1,1,0,0,0,1,1,1,1,1,0,0,0,1,1,0.243572,0.268726,0.000000,0.000000,0.000000,0.000000,0.265114,0.000000,0.000000,0.000000,0.000000,0.000000,0.000000,0.000000,0.000000,0.222588,shop_on_phone,0,0,8755,phone,resource_insufficient,,,0.000000,1.000000,0,none,,7.513805,7.513805,completed,0,6,clear,17.000000
13,1103,3448076045,237,Day 7 01:55,none,,7.513805,7.513805,completed,0.000000,0.106397,0.000000,0.962870,0.000000,0.106667,0.341414,0.060000,0.233000,10,1,1,1,0,0,0,1,1,1,1,1,0,0,0,1,1,0.243743,0.268914,0.000000,0.000000,0.000000,0.000000,0.264599,0.000000,0.000000,0.000000,0.000000,0.000000,0.000000,0.000000,0.000000,0.222744,idle,1,10,8765,,none,,,0.000000,1.000000,0,none,,7.513805,7.513805,completed,0,6,clear,17.000000
13,1103,3448076045,238,Day 7 02:05,none,,7.513805,7.513805,completed,0.123333,0.110397,0.000000,0.909537,0.008333,0.113333,0.341414,0.050000,0.227000,10,1,1,1,0,0,0,1,1,1,1,1,0,0,0,1,1,0.206594,0.212336,0.195496,0.000000,0.000000,0.000000,0.208135,0.000000,0.000000,0.000000,0.000000,0.000000,0.000000,0.000000,0.000000,0.177440,rest_at_bed,1,60,8825,bed,none,,,0.000000,1.000000,0,none,,7.513805,7.513805,completed,0,6,clear,17.000000
13,1103,3448076045,239,Day 7 03:05,none,,7.513805,7.513805,completed,0.183333,0.000000,0.000000,0.939537,0.058333,0.153333,0.341414,0.000000,0.191000,10,1,1,1,0,0,0,1,1,1,1,1,0,0,0,1,1,0.218312,0.205888,0.202051,0.000000,0.000000,0.000000,0.000000,0.000000,0.196101,0.000000,0.000000,0.000000,0.000000,0.000000,0.000000,0.177648,idle,1,10,8835,,none,,,0.000000,1.000000,0,none,,7.513805,7.513805,completed,0,6,clear,17.000000
13,1103,3448076045,240,Day 7 03:15,none,,7.513805,7.513805,completed,0.306667,0.004000,0.000000,0.886204,0.066667,0.160000,0.341414,0.000000,0.185000,10,1,1,1,0,0,0,1,1,1,1,1,0,0,0,1,1,0.227395,0.200313,0.206420,0.000000,0.000000,0.000000,0.000000,0.000000,0.191502,0.000000,0.000000,0.000000,0.000000,0.000000,0.000000,0.174370,shop_on_phone,0,0,8835,phone,resource_insufficient,,,0.000000,1.000000,0,none,,7.513805,7.513805,completed,0,6,clear,17.000000
13,1103,3448076045,241,Day 7 03:15,none,,7.513805,7.513805,completed,0.306667,0.004000,0.000000,0.856204,0.066667,0.160000,0.371414,0.000000,0.185000,10,1,1,1,0,0,0,1,1,1,1,1,0,0,0,1,1,0.227395,0.200313,0.206420,0.000000,0.000000,0.000000,0.000000,0.000000,0.191502,0.000000,0.000000,0.000000,0.000000,0.000000,0.000000,0.174370,use_computer,1,30,8865,computer,none,,,0.000000,1.000000,0,none,,7.513805,7.513805,completed,0,6,clear,17.000000
13,1103,3448076045,242,Day 7 03:45,none,,7.513805,7.513805,completed,0.156667,0.118019,0.000000,0.846204,0.091667,0.180000,0.371414,0.080000,0.167000,10,1,1,1,0,0,0,1,1,1,1,1,0,0,0,1,1,0.174146,0.168781,0.164131,0.000000,0.000000,0.000000,0.176370,0.000000,0.168106,0.000000,0.000000,0.000000,0.000000,0.000000,0.000000,0.148465,go_to_bathroom,1,15,8880,door,none,,,0.000000,1.000000,0,none,,7.513805,7.513805,completed,0,6,clear,17.000000
13,1103,3448076045,243,Day 7 04:00,none,,7.513805,7.513805,completed,0.161667,0.124019,0.000000,0.927407,0.104167,0.000000,0.371414,0.065000,0.158000,10,1,1,1,0,0,0,1,1,1,1,1,0,0,0,1,1,0.210534,0.201322,0.198341,0.000000,0.000000,0.000000,0.211346,0.000000,0.000000,0.000000,0.000000,0.000000,0.000000,0.000000,0.000000,0.178457,use_phone,1,25,8905,phone,none,,,0.000000,1.000000,0,none,,7.513805,7.513805,completed,0,6,clear,17.000000
13,1103,3448076045,244,Day 7 04:25,none,,7.513805,7.513805,completed,0.000000,0.216416,0.000000,0.959074,0.125000,0.016667,0.371414,0.160000,0.243000,10,1,1,1,0,0,0,1,1,1,1,1,0,0,0,1,1,0.000000,0.343032,0.000000,0.000000,0.000000,0.000000,0.375201,0.000000,0.000000,0.000000,0.000000,0.000000,0.000000,0.000000,0.000000,0.281767,shop_on_phone,0,0,8905,phone,resource_insufficient,,,0.000000,1.000000,0,none,,7.513805,7.513805,completed,0,6,clear,17.000000
13,1103,3448076045,245,Day 7 04:25,none,,7.513805,7.513805,completed,0.000000,0.216416,0.000000,0.929074,0.125000,0.016667,0.401414,0.160000,0.243000,10,1,1,1,0,0,0,1,1,1,1,1,0,0,0,1,1,0.000000,0.343373,0.000000,0.000000,0.000000,0.000000,0.374581,0.000000,0.000000,0.000000,0.000000,0.000000,0.000000,0.000000,0.000000,0.282047,shop_on_phone,0,0,8905,phone,resource_insufficient,,,0.000000,1.000000,0,none,,7.513805,7.513805,completed,0,6,clear,17.000000
13,1103,3448076045,246,Day 7 04:25,none,,7.513805,7.513805,completed,0.000000,0.216416,0.000000,0.899074,0.125000,0.016667,0.431414,0.160000,0.243000,10,1,1,1,0,0,0,1,1,1,1,1,0,0,0,1,1,0.000000,0.343713,0.000000,0.000000,0.000000,0.000000,0.373961,0.000000,0.000000,0.000000,0.000000,0.000000,0.000000,0.000000,0.000000,0.282326,shop_on_phone,0,0,8905,phone,resource_insufficient,,,0.000000,1.000000,0,none,,7.513805,7.513805,completed,0,6,clear,17.000000
13,1103,3448076045,247,Day 7 04:25,none,,7.513805,7.513805,completed,0.000000,0.216416,0.000000,0.869074,0.125000,0.016667,0.461414,0.160000,0.243000,10,1,1,1,0,0,0,1,1,1,1,1,0,0,0,1,1,0.000000,0.344053,0.000000,0.000000,0.000000,0.000000,0.373342,0.000000,0.000000,0.000000,0.000000,0.000000,0.000000,0.000000,0.000000,0.282605,rest_at_bed,1,60,8965,bed,none,,,0.000000,1.000000,0,none,,7.513805,7.513805,completed,0,6,clear,17.000000
13,1103,3448076045,248,Day 7 05:25,none,,7.513805,7.513805,completed,0.060000,0.000000,0.000000,0.899074,0.175000,0.056667,0.461414,0.000000,0.207000,10,1,1,1,0,0,0,1,1,1,1,1,0,0,0,1,1,0.208148,0.212018,0.196494,0.000000,0.000000,0.000000,0.000000,0.000000,0.000000,0.203524,0.000000,0.000000,0.000000,0.000000,0.000000,0.179816,use_computer,1,30,8995,computer,none,,,0.000000,1.000000,0,none,,7.513805,7.513805,completed,0,6,clear,17.000000
13,1103,3448076045,249,Day 7 05:55,none,,7.513805,7.513805,completed,0.000000,0.114019,0.000000,0.889074,0.200000,0.076667,0.461414,0.080000,0.189000,10,1,1,1,0,0,0,1,1,1,1,1,0,0,0,1,1,0.194046,0.207600,0.000000,0.000000,0.000000,0.000000,0.212633,0.000000,0.000000,0.207309,0.000000,0.000000,0.000000,0.000000,0.000000,0.178413,shop_on_phone,0,0,8995,phone,resource_insufficient,,,0.000000,1.000000,0,none,,7.513805,7.513805,completed,0,6,clear,17.000000
13,1103,3448076045,250,Day 7 05:55,none,,7.513805,7.513805,completed,0.000000,0.114019,0.000000,0.859074,0.200000,0.076667,0.491414,0.080000,0.189000,10,1,1,1,0,0,0,1,1,1,1,1,0,0,0,1,1,0.194155,0.207717,0.000000,0.000000,0.000000,0.000000,0.212190,0.000000,0.000000,0.207426,0.000000,0.000000,0.000000,0.000000,0.000000,0.178513,get_meal,1,35,9030,door,none,,,0.000000,1.000000,0,none,,7.513805,7.513805,completed,0,6,clear,17.000000
13,1103,3448076045,251,Day 7 06:30,none,,7.513805,7.513805,completed,0.000000,0.128019,0.000000,0.973611,0.000000,0.100000,0.491414,0.045000,0.168000,10,1,1,1,0,0,0,1,1,1,1,1,0,0,0,1,1,0.247947,0.258622,0.000000,0.000000,0.000000,0.000000,0.267226,0.000000,0.000000,0.000000,0.000000,0.000000,0.000000,0.000000,0.000000,0.226205,shop_on_phone,0,0,9030,phone,resource_insufficient,,,0.000000,1.000000,0,none,,7.513805,7.513805,completed,0,6,clear,17.000000
13,1103,3448076045,252,Day 7 06:30,none,,7.513805,7.513805,completed,0.000000,0.128019,0.000000,0.943611,0.000000,0.100000,0.521414,0.045000,0.168000,10,1,1,1,0,0,0,1,1,1,1,1,0,0,0,1,1,0.248122,0.258805,0.000000,0.000000,0.000000,0.000000,0.266708,0.000000,0.000000,0.000000,0.000000,0.000000,0.000000,0.000000,0.000000,0.226365,shop_on_phone,0,0,9030,phone,resource_insufficient,,,0.000000,1.000000,0,none,,7.513805,7.513805,completed,0,6,clear,17.000000
13,1103,3448076045,253,Day 7 06:30,none,,7.513805,7.513805,completed,0.000000,0.128019,0.000000,0.913611,0.000000,0.100000,0.551414,0.045000,0.168000,10,1,1,1,0,0,0,1,1,1,1,1,0,0,0,1,1,0.248297,0.258987,0.000000,0.000000,0.000000,0.000000,0.266191,0.000000,0.000000,0.000000,0.000000,0.000000,0.000000,0.000000,0.000000,0.226525,rest_at_bed,1,60,9090,bed,none,,,0.000000,1.000000,0,none,,7.513805,7.513805,completed,0,6,clear,17.000000
13,1103,3448076045,254,Day 7 07:30,none,,7.513805,7.513805,completed,0.060000,0.000000,0.000000,0.943611,0.050000,0.140000,0.551414,0.000000,0.132000,10,1,1,1,0,0,0,1,1,1,1,1,0,0,0,1,1,0.265894,0.000000,0.251008,0.000000,0.000000,0.000000,0.000000,0.000000,0.253396,0.000000,0.000000,0.000000,0.000000,0.000000,0.000000,0.229702,go_to_bathroom,1,15,9105,door,none,,,0.000000,1.000000,0,none,,7.513805,7.513805,completed,0,6,clear,17.000000
13,1103,3448076045,255,Day 7 07:45,none,,7.513805,7.513805,completed,0.065000,0.006000,0.000000,1.000000,0.062500,0.000000,0.551414,0.000000,0.123000,10,1,1,1,0,0,0,1,1,1,1,1,0,0,0,1,1,0.356354,0.000000,0.336347,0.000000,0.000000,0.000000,0.000000,0.000000,0.000000,0.000000,0.000000,0.000000,0.000000,0.000000,0.000000,0.307299,idle,1,10,9115,,none,,,0.000000,1.000000,0,none,,7.513805,7.513805,completed,0,6,clear,17.000000
13,1103,3448076045,256,Day 7 07:55,none,,7.513805,7.513805,completed,0.188333,0.010000,0.000000,0.946667,0.070833,0.006667,0.551414,0.000000,0.117000,10,1,1,1,0,0,0,1,1,1,1,1,0,0,0,1,1,0.365180,0.000000,0.338066,0.000000,0.000000,0.000000,0.000000,0.000000,0.000000,0.000000,0.000000,0.000000,0.000000,0.000000,0.000000,0.296754,use_computer,1,30,9145,computer,none,,,0.000000,1.000000,0,none,,7.513805,7.513805,completed,0,6,clear,17.000000
