personality_index,scenario_seed,action_seed,step,decision_time,pre_commitment_status,pre_commitment_task_id,pre_task_effort,pre_task_effort_target,pre_task_status,pre_boredom,pre_fatigue,pre_task_pressure,pre_satisfaction,pre_hunger,pre_bathroom_urge,pre_anxiety,pre_screen_strain,pre_purchase_urge,known_action_count,known_use_phone,known_shop_on_phone,known_use_computer,known_study_at_computer,known_study_focused,known_study_halfhearted,known_rest_at_bed,known_sleep_at_bed,known_go_to_bathroom,known_get_meal,known_turn_light_on,known_turn_light_off,known_turn_off_alarm,known_open_curtain,known_close_curtain,known_idle,p_use_phone,p_shop_on_phone,p_use_computer,p_study_at_computer,p_study_focused,p_study_halfhearted,p_rest_at_bed,p_sleep_at_bed,p_go_to_bathroom,p_get_meal,p_turn_light_on,p_turn_light_off,p_turn_off_alarm,p_open_curtain,p_close_curtain,p_idle,chosen_action,accepted,elapsed_minutes,simulation_total_minutes,target_object_id,failure_reason,event_ids,outcome_task_id,outcome_task_effort_gained,outcome_task_settlement_variation,outcome_task_session_interrupted,post_commitment_status,post_commitment_task_id,post_task_effort,post_task_effort_target,post_task_status,post_wallet,post_unread_messages,post_weather,post_temperature_celsius
22,1107,3448116802,1,Day 1 08:00,none,,0.000000,8.672197,active,0.550000,0.150000,0.550000,0.450000,0.250000,0.150000,0.200000,0.050000,0.100000,13,1,1,1,1,1,1,1,1,1,1,0,1,0,0,1,1,0.151812,0.073472,0.115909,0.119039,0.126056,0.113627,0.080626,0.000000,0.073033,0.084442,0.000000,0.000000,0.000000,0.000000,0.000000,0.061985,use_phone,1,25,505,phone,none,alarm-rings,,0.000000,1.000000,0,none,,0.000000,8.672197,active,120,0,clear,23.000000
22,1107,3448116802,2,Day 1 08:25,none,,0.000000,8.672197,active,0.368333,0.243629,0.662171,0.481667,0.270833,0.166667,0.296939,0.145000,0.185000,14,1,1,1,1,1,1,1,1,1,1,0,1,1,0,1,1,0.106916,0.071059,0.087081,0.123666,0.131537,0.100111,0.082360,0.000000,0.065748,0.076469,0.000000,0.000000,0.102480,0.000000,0.000000,0.052575,rest_at_bed,1,60,565,bed,none,,,0.000000,1.000000,0,none,,0.000000,8.672197,active,120,0,clear,23.000000
22,1107,3448116802,3,Day 1 09:25,none,,0.000000,8.672197,active,0.428333,0.000000,0.734343,0.511667,0.320833,0.206667,0.355025,0.000000,0.149000,14,1,1,1,1,1,1,1,1,1,1,0,1,1,0,1,1,0.121343,0.066115,0.093054,0.148561,0.158681,0.111947,0.000000,0.000000,0.067728,0.079898,0.000000,0.000000,0.101520,0.000000,0.000000,0.051154,shop_on_phone,1,20,585,phone,none,,,0.000000,1.000000,0,none,,0.000000,8.672197,active,90,0,clear,23.000000
22,1107,3448116802,4,Day 1 09:45,none,,0.000000,8.672197,active,0.435000,0.010292,0.806514,0.605000,0.337500,0.220000,0.406173,0.060000,0.000000,14,1,1,1,1,1,1,1,1,1,1,0,1,1,0,1,1,0.120635,0.000000,0.092670,0.170441,0.184443,0.121991,0.000000,0.000000,0.070126,0.083119,0.000000,0.000000,0.104913,0.000000,0.000000,0.051661,study_at_computer,1,35,620,computer,none,message-study-group,coursework,1.011443,1.016981,0,active,coursework,1.011443,8.672197,active,90,1,clear,23.000000
22,1107,3448116802,5,Day 1 10:20,active,coursework,1.011443,8.672197,active,0.466667,0.136011,0.746849,0.673333,0.366667,0.243333,0.426640,0.105000,0.000000,14,1,1,1,1,1,1,1,1,1,1,0,1,1,0,1,1,0.105111,0.000000,0.081908,0.164856,0.180114,0.127539,0.060995,0.000000,0.063969,0.076450,0.000000,0.000000,0.093106,0.000000,0.000000,0.045952,go_to_bathroom,1,15,635,door,none,,,0.000000,1.000000,0,suspended,coursework,1.011443,8.672197,active,90,1,clear,23.000000
22,1107,3448116802,6,Day 1 10:35,suspended,coursework,1.011443,8.672197,active,0.471667,0.142011,0.746849,0.770666,0.379167,0.000000,0.433372,0.090000,0.000000,14,1,1,1,1,1,1,1,1,1,1,0,1,1,0,1,1,0.112698,0.000000,0.087759,0.174988,0.193803,0.135751,0.064426,0.000000,0.000000,0.082673,0.000000,0.000000,0.099082,0.000000,0.000000,0.048820,get_meal,1,35,670,door,none,,,0.000000,1.000000,0,suspended,coursework,1.011443,8.672197,active,90,1,clear,23.000000
22,1107,3448116802,7,Day 1 11:10,suspended,coursework,1.011443,8.672197,active,0.443333,0.156011,0.746849,0.901332,0.000000,0.023333,0.449078,0.055000,0.000000,14,1,1,1,1,1,1,1,1,1,1,0,1,1,0,1,1,0.120576,0.000000,0.094704,0.189656,0.213924,0.151349,0.069029,0.000000,0.000000,0.000000,0.000000,0.000000,0.108033,0.000000,0.000000,0.052730,study_halfhearted,1,35,705,desk,none,,coursework,0.242005,1.050114,0,active,coursework,1.253447,8.672197,active,90,1,clear,23.000000
22,1107,3448116802,8,Day 1 11:45,active,coursework,1.253447,8.672197,active,0.505000,0.250011,0.678660,0.909665,0.029167,0.046667,0.444784,0.020000,0.000000,14,1,1,1,1,1,1,1,1,1,1,0,1,1,0,1,1,0.133634,0.000000,0.104865,0.173029,0.195397,0.145772,0.078031,0.000000,0.000000,0.000000,0.000000,0.000000,0.113158,0.000000,0.000000,0.056114,study_focused,1,35,740,desk,none,,coursework,0.366872,0.955165,0,active,coursework,1.620320,8.672197,active,90,1,clear,23.000000
22,1107,3448116802,9,Day 1 12:20,active,coursework,1.620320,8.672197,active,0.536667,0.374011,0.550807,0.977998,0.058333,0.070000,0.405050,0.000000,0.000000,14,1,1,1,1,1,1,1,1,1,1,0,1,1,0,1,1,0.148059,0.000000,0.117611,0.146534,0.167066,0.140946,0.096053,0.000000,0.000000,0.000000,0.000000,0.000000,0.121635,0.000000,0.000000,0.062096,use_computer,1,30,770,computer,none,,,0.000000,1.000000,0,active,coursework,1.620320,8.672197,active,90,1,clear,23.000000
22,1107,3448116802,10,Day 1 12:50,active,coursework,1.620320,8.672197,active,0.386667,0.489066,0.642978,0.967998,0.083333,0.090000,0.447848,0.080000,0.000000,14,1,1,1,1,1,1,1,1,1,1,0,1,1,0,1,1,0.100164,0.000000,0.084463,0.134304,0.152908,0.114095,0.093135,0.105918,0.000000,0.000000,0.000000,0.064755,0.100933,0.000000,0.000000,0.049325,idle,1,10,780,,none,,,0.000000,1.000000,0,active,coursework,1.620320,8.672197,active,90,1,clear,23.000000
22,1107,3448116802,11,Day 1 13:00,active,coursework,1.620320,8.672197,active,0.510000,0.493066,0.765150,0.914665,0.091667,0.096667,0.492712,0.070000,0.000000,14,1,1,1,1,1,1,1,1,1,1,0,1,1,0,1,1,0.101826,0.000000,0.083242,0.148577,0.167901,0.122749,0.083576,0.095739,0.000000,0.000000,0.000000,0.058565,0.092845,0.000000,0.000000,0.044980,use_computer,1,30,810,computer,none,weather-clear,,0.000000,1.000000,0,active,coursework,1.620320,8.672197,active,90,1,clear,23.000000
22,1107,3448116802,12,Day 1 13:30,active,coursework,1.620320,8.672197,active,0.360000,0.608122,0.857321,0.904665,0.116667,0.116667,0.550169,0.150000,0.000000,14,1,1,1,1,1,1,1,1,1,1,0,1,1,0,1,1,0.079637,0.000000,0.069111,0.158075,0.178385,0.115131,0.093492,0.115413,0.000000,0.000000,0.000000,0.059927,0.089525,0.000000,0.000000,0.041305,rest_at_bed,1,60,870,bed,none,task-reminder|room-temperature-shift,,0.000000,1.000000,0,suspended,coursework,1.620320,8.672197,active,90,1,clear,17.000000
22,1107,3448116802,13,Day 1 14:30,suspended,coursework,1.620320,8.672197,active,0.420000,0.389470,1.000000,0.874665,0.166667,0.156667,0.763338,0.000000,0.000000,14,1,1,1,1,1,1,1,1,1,1,0,1,1,0,1,1,0.084523,0.000000,0.069344,0.205472,0.230901,0.130656,0.059092,0.000000,0.047116,0.047714,0.000000,0.000000,0.087742,0.000000,0.000000,0.037440,use_computer,1,30,900,computer,none,,,0.000000,1.000000,0,suspended,coursework,1.620320,8.672197,active,90,1,clear,17.000000
22,1107,3448116802,14,Day 1 15:00,suspended,coursework,1.620320,8.672197,active,0.270000,0.504526,1.000000,0.864665,0.191667,0.176667,0.836857,0.080000,0.000000,14,1,1,1,1,1,1,1,1,1,1,0,1,1,0,1,1,0.062817,0.000000,0.054709,0.180931,0.203038,0.112558,0.062673,0.075854,0.043588,0.044455,0.000000,0.045604,0.080849,0.000000,0.000000,0.032925,use_computer,1,30,930,computer,none,,,0.000000,1.000000,0,suspended,coursework,1.620320,8.672197,active,90,1,clear,17.000000
22,1107,3448116802,15,Day 1 15:30,suspended,coursework,1.620320,8.672197,active,0.120000,0.619581,1.000000,0.854665,0.216667,0.196667,0.910376,0.160000,0.000000,14,1,1,1,1,1,1,1,1,1,1,0,1,1,0,1,1,0.051439,0.000000,0.047558,0.175545,0.196719,0.106841,0.073242,0.095742,0.044431,0.045637,0.000000,0.048859,0.082084,0.000000,0.000000,0.031903,idle,1,10,940,,none,,,0.000000,1.000000,0,suspended,coursework,1.620320,8.672197,active,90,1,clear,17.000000
22,1107,3448116802,16,Day 1 15:40,suspended,coursework,1.620320,8.672197,active,0.243333,0.623581,1.000000,0.801332,0.225000,0.203333,0.963379,0.150000,0.000000,14,1,1,1,1,1,1,1,1,1,1,0,1,1,0,1,1,0.056131,0.000000,0.050311,0.172940,0.192359,0.116108,0.070469,0.092894,0.043617,0.044908,0.000000,0.047433,0.081280,0.000000,0.000000,0.031550,turn_off_alarm,1,1,941,alarm,none,,,0.000000,1.000000,0,suspended,coursework,1.620320,8.672197,active,90,1,clear,17.000000
22,1107,3448116802,17,Day 1 15:41,suspended,coursework,1.620320,8.672197,active,0.243667,0.623981,1.000000,0.830998,0.225833,0.204000,0.944404,0.149000,0.000000,13,1,1,1,1,1,1,1,1,1,1,0,1,0,0,1,1,0.060888,0.000000,0.054572,0.186455,0.208254,0.130890,0.076573,0.100682,0.047330,0.048742,0.000000,0.051412,0.000000,0.000000,0.000000,0.034203,study_halfhearted,1,35,976,desk,none,,coursework,0.225918,0.980309,0,active,coursework,1.846237,8.672197,active,90,1,clear,17.000000
22,1107,3448116802,18,Day 1 16:16,active,coursework,1.846237,8.672197,active,0.305333,0.717981,0.931811,0.839332,0.255000,0.227333,0.960309,0.114000,0.000000,13,1,1,1,1,1,1,1,1,1,1,0,1,0,0,1,1,0.067221,0.000000,0.060194,0.170411,0.190556,0.111069,0.085981,0.118400,0.051201,0.053166,0.000000,0.055546,0.000000,0.000000,0.000000,0.036257,idle,1,10,986,,none,,,0.000000,1.000000,0,active,coursework,1.846237,8.672197,active,90,1,clear,17.000000
22,1107,3448116802,19,Day 1 16:26,active,coursework,1.846237,8.672197,active,0.428667,0.721981,1.000000,0.785998,0.263333,0.234000,1.000000,0.104000,0.000000,13,1,1,1,1,1,1,1,1,1,1,0,1,0,0,1,1,0.070428,0.000000,0.061140,0.178462,0.198076,0.117527,0.079576,0.110298,0.048260,0.050231,0.000000,0.051774,0.000000,0.000000,0.000000,0.034230,study_focused,1,35,1021,desk,none,,coursework,0.396419,1.032093,0,active,coursework,2.242657,8.672197,active,90,1,clear,17.000000
22,1107,3448116802,20,Day 1 17:01,active,coursework,2.242657,8.672197,active,0.460333,0.845981,0.872147,0.854332,0.292500,0.257333,0.985905,0.069000,0.000000,13,1,1,1,1,1,1,1,1,1,1,0,1,0,0,1,1,0.072816,0.000000,0.063962,0.141162,0.158181,0.105795,0.089567,0.131459,0.050498,0.052997,0.000000,0.054877,0.000000,0.000000,0.043559,0.035126,sleep_at_bed,1,480,1501,bed,none,evening,,0.000000,1.000000,0,suspended,coursework,2.242657,8.672197,active,90,1,clear,17.000000
22,1107,3448116802,21,Day 2 01:01,suspended,coursework,2.242657,8.672197,active,0.540333,0.514587,0.974318,0.774332,0.692500,0.577333,1.000000,0.000000,0.000000,13,1,1,1,1,1,1,1,1,1,1,0,1,0,0,1,1,0.095930,0.000000,0.077948,0.167736,0.185867,0.114559,0.067723,0.000000,0.091425,0.107477,0.000000,0.051691,0.000000,0.000000,0.000000,0.039643,use_computer,1,30,1531,computer,none,,,0.000000,1.000000,0,suspended,coursework,2.242657,8.672197,active,90,1,clear,17.000000
22,1107,3448116802,22,Day 2 01:31,suspended,coursework,2.242657,8.672197,active,0.390333,0.629643,1.000000,0.764332,0.717500,0.597333,1.000000,0.080000,0.000000,13,1,1,1,1,1,1,1,1,1,1,0,1,0,0,1,1,0.072177,0.000000,0.062258,0.152425,0.168665,0.100971,0.073469,0.096931,0.085627,0.101376,0.000000,0.050884,0.000000,0.000000,0.000000,0.035218,go_to_bathroom,1,15,1546,door,none,,,0.000000,1.000000,0,suspended,coursework,2.242657,8.672197,active,90,1,clear,17.000000
22,1107,3448116802,23,Day 2 01:46,suspended,coursework,2.242657,8.672197,active,0.395333,0.635643,1.000000,0.861664,0.730000,0.000000,1.000000,0.065000,0.000000,13,1,1,1,1,1,1,1,1,1,1,0,1,0,0,1,1,0.078969,0.000000,0.068070,0.164791,0.184848,0.114253,0.079263,0.104729,0.000000,0.111870,0.000000,0.055024,0.000000,0.000000,0.000000,0.038181,idle,1,10,1556,,none,task-deadline,,0.000000,1.000000,0,suspended,coursework,2.242657,8.672197,active,90,1,clear,17.000000
22,1107,3448116802,24,Day 2 01:56,suspended,coursework,2.242657,8.672197,active,0.518667,0.639643,1.000000,0.808331,0.738333,0.006667,1.000000,0.055000,0.000000,13,1,1,1,1,1,1,1,1,1,1,0,1,0,0,1,1,0.086251,0.000000,0.072077,0.160102,0.178254,0.123267,0.076900,0.101707,0.000000,0.110182,0.000000,0.053466,0.000000,0.000000,0.000000,0.037793,use_phone,1,25,1581,phone,none,,,0.000000,1.000000,0,suspended,coursework,2.242657,8.672197,active,90,1,clear,17.000000
22,1107,3448116802,25,Day 2 02:21,suspended,coursework,2.242657,8.672197,active,0.307000,0.733271,1.000000,0.839998,0.759167,0.023333,1.000000,0.150000,0.085000,13,1,1,1,1,1,1,1,1,1,1,0,1,0,0,1,1,0.067622,0.000000,0.060745,0.155679,0.174098,0.114289,0.091096,0.127604,0.000000,0.114151,0.000000,0.057851,0.000000,0.000000,0.000000,0.036865,sleep_at_bed,1,480,2061,bed,none,alarm-rings,,0.000000,1.000000,0,suspended,coursework,2.242657,8.672197,active,90,1,clear,17.000000
22,1107,3448116802,26,Day 2 10:21,suspended,coursework,2.242657,8.672197,active,0.417000,0.401877,1.000000,0.759998,1.000000,0.343333,1.000000,0.000000,0.000000,14,1,1,1,1,1,1,1,1,1,1,0,1,1,0,1,1,0.078618,0.000000,0.064684,0.163327,0.180620,0.124436,0.054130,0.000000,0.058103,0.152022,0.000000,0.000000,0.089082,0.000000,0.000000,0.034978,study_focused,1,35,2096,desk,none,message-study-group,coursework,0.414531,1.079246,0,active,coursework,2.657187,8.672197,active,90,2,clear,17.000000
22,1107,3448116802,27,Day 2 10:56,active,coursework,2.657187,8.672197,active,0.448667,0.525877,0.940335,0.828331,1.000000,0.366667,1.000000,0.000000,0.000000,14,1,1,1,1,1,1,1,1,1,1,0,1,1,0,1,1,0.068102,0.000000,0.056751,0.153286,0.171143,0.102571,0.052980,0.065762,0.051692,0.130641,0.000000,0.040175,0.076553,0.000000,0.000000,0.030343,study_focused,1,35,2131,desk,none,,coursework,0.415889,1.082783,0,active,coursework,3.073076,8.672197,active,90,2,clear,17.000000
22,1107,3448116802,28,Day 2 11:31,active,coursework,3.073076,8.672197,active,0.480333,0.649877,0.812482,0.896664,1.000000,0.390000,0.981144,0.000000,0.000000,14,1,1,1,1,1,1,1,1,1,1,0,1,1,0,1,1,0.072522,0.000000,0.061210,0.126560,0.142660,0.096435,0.063914,0.084260,0.056535,0.138014,0.000000,0.045001,0.080342,0.000000,0.000000,0.032546,sleep_at_bed,1,191,2322,bed,none,weather-clear|room-temperature-shift,,0.000000,1.000000,0,suspended,coursework,3.073076,8.672197,active,90,2,clear,17.000000
22,1107,3448116802,29,Day 2 14:42,suspended,coursework,3.073076,8.672197,active,0.464000,0.219748,0.914653,0.912998,1.000000,0.517333,1.000000,0.000000,0.000000,14,1,1,1,1,1,1,1,1,1,1,0,1,1,0,1,1,0.087060,0.000000,0.068646,0.156970,0.177344,0.101926,0.046016,0.000000,0.077425,0.156445,0.000000,0.000000,0.091674,0.000000,0.000000,0.036493,study_at_computer,1,35,2357,computer,none,,coursework,1.084095,1.090031,0,active,coursework,4.157171,8.672197,active,90,2,clear,17.000000
22,1107,3448116802,30,Day 2 15:17,active,coursework,4.157171,8.672197,active,0.495667,0.345467,0.786799,0.981331,1.000000,0.540667,0.979095,0.045000,0.000000,14,1,1,1,1,1,1,1,1,1,1,0,1,1,0,1,1,0.084781,0.000000,0.067813,0.150939,0.172169,0.111670,0.053515,0.000000,0.078936,0.154067,0.000000,0.000000,0.089622,0.000000,0.000000,0.036487,use_phone,1,25,2382,phone,none,,,0.000000,1.000000,0,active,coursework,4.157171,8.672197,active,90,2,clear,17.000000
22,1107,3448116802,31,Day 2 15:42,active,coursework,4.157171,8.672197,active,0.284000,0.439095,0.898971,1.000000,1.000000,0.557333,1.000000,0.140000,0.085000,14,1,1,1,1,1,1,1,1,1,1,0,1,1,0,1,1,0.061395,0.000000,0.052787,0.162205,0.185503,0.101212,0.058382,0.000000,0.075089,0.142976,0.000000,0.044105,0.083781,0.000000,0.000000,0.032565,go_to_bathroom,1,15,2397,door,none,,,0.000000,1.000000,0,suspended,coursework,4.157171,8.672197,active,90,2,clear,17.000000
22,1107,3448116802,32,Day 2 15:57,suspended,coursework,4.157171,8.672197,active,0.289000,0.445095,0.898971,1.000000,1.000000,0.000000,1.000000,0.125000,0.076000,14,1,1,1,1,1,1,1,1,1,1,0,1,1,0,1,1,0.074235,0.000000,0.063782,0.154937,0.177191,0.097026,0.069608,0.000000,0.000000,0.171185,0.000000,0.052707,0.100311,0.000000,0.000000,0.039017,use_phone,1,25,2422,phone,none,,,0.000000,1.000000,0,suspended,coursework,4.157171,8.672197,active,90,2,clear,17.000000
22,1107,3448116802,33,Day 2 16:22,suspended,coursework,4.157171,8.672197,active,0.077333,0.538724,1.000000,1.000000,1.000000,0.016667,1.000000,0.220000,0.161000,14,1,1,1,1,1,1,1,1,1,1,0,1,1,0,1,1,0.048721,0.043156,0.044998,0.147459,0.168639,0.082069,0.069026,0.088252,0.000000,0.143980,0.000000,0.047740,0.084369,0.000000,0.000000,0.031590,get_meal,1,35,2457,door,none,,,0.000000,1.000000,0,suspended,coursework,4.157171,8.672197,active,90,2,clear,17.000000
22,1107,3448116802,34,Day 2 16:57,suspended,coursework,4.157171,8.672197,active,0.049000,0.552724,1.000000,1.000000,0.479167,0.040000,1.000000,0.185000,0.140000,14,1,1,1,1,1,1,1,1,1,1,0,1,1,0,1,1,0.047140,0.041049,0.043913,0.179988,0.205841,0.103249,0.067028,0.085992,0.000000,0.065601,0.000000,0.046609,0.082734,0.000000,0.000000,0.030855,study_at_computer,1,35,2492,computer,none,task-reminder,coursework,0.944852,0.950026,0,active,coursework,5.102023,8.672197,active,90,2,clear,17.000000
22,1107,3448116802,35,Day 2 17:32,active,coursework,5.102023,8.672197,active,0.080667,0.678443,0.872147,1.000000,0.508333,0.063333,0.985905,0.230000,0.119000,14,1,1,1,1,1,1,1,1,1,1,0,1,1,0,1,1,0.049760,0.042736,0.047022,0.150268,0.171852,0.090230,0.084416,0.115746,0.000000,0.073099,0.000000,0.053549,0.087882,0.000000,0.000000,0.033440,study_focused,1,35,2527,desk,none,,coursework,0.411552,1.071491,0,active,coursework,5.513575,8.672197,active,90,2,clear,17.000000
22,1107,3448116802,36,Day 2 18:07,active,coursework,5.513575,8.672197,active,0.112333,0.802443,0.744293,1.000000,0.537500,0.086667,0.961608,0.195000,0.098000,14,1,1,1,1,1,1,1,1,1,1,0,1,1,0,1,1,0.053051,0.000000,0.050725,0.122213,0.139767,0.083621,0.098113,0.142248,0.000000,0.079527,0.000000,0.058527,0.090818,0.000000,0.046004,0.035385,sleep_at_bed,1,480,3007,bed,none,evening,,0.000000,1.000000,0,suspended,coursework,5.513575,8.672197,active,90,2,clear,17.000000
22,1107,3448116802,37,Day 3 02:07,suspended,coursework,5.513575,8.672197,active,0.192333,0.471049,0.846464,0.920000,0.937500,0.406667,1.000000,0.000000,0.000000,14,1,1,1,1,1,1,1,1,1,1,0,1,1,0,1,1,0.070795,0.000000,0.062396,0.140476,0.158865,0.087322,0.065042,0.000000,0.071332,0.154951,0.000000,0.050907,0.099546,0.000000,0.000000,0.038368,turn_off_alarm,1,1,3008,alarm,none,,,0.000000,1.000000,0,suspended,coursework,5.513575,8.672197,active,90,2,clear,17.000000
22,1107,3448116802,38,Day 3 02:08,suspended,coursework,5.513575,8.672197,active,0.192667,0.471449,0.846464,0.949667,0.938333,0.407333,0.980676,0.000000,0.000000,13,1,1,1,1,1,1,1,1,1,1,0,1,0,0,1,1,0.078379,0.000000,0.069080,0.154630,0.175599,0.100508,0.072218,0.000000,0.079034,0.171723,0.000000,0.056359,0.000000,0.000000,0.000000,0.042471,use_computer,1,30,3038,computer,none,,,0.000000,1.000000,0,suspended,coursework,5.513575,8.672197,active,90,2,clear,17.000000
22,1107,3448116802,39,Day 3 02:38,suspended,coursework,5.513575,8.672197,active,0.042667,0.586504,0.938636,0.939667,0.963333,0.427333,1.000000,0.080000,0.000000,13,1,1,1,1,1,1,1,1,1,1,0,1,0,0,1,1,0.056147,0.000000,0.052531,0.149086,0.169066,0.089520,0.074391,0.096024,0.070475,0.154216,0.000000,0.052821,0.000000,0.000000,0.000000,0.035723,study_halfhearted,1,35,3073,desk,none,,coursework,0.246955,1.071594,0,active,coursework,5.760530,8.672197,active,90,2,clear,17.000000
22,1107,3448116802,40,Day 3 03:13,active,coursework,5.760530,8.672197,active,0.104333,0.680504,0.870447,0.948000,0.992500,0.450667,1.000000,0.045000,0.000000,13,1,1,1,1,1,1,1,1,1,1,0,1,0,0,1,1,0.055278,0.000000,0.051672,0.151314,0.171794,0.091928,0.074656,0.100700,0.067988,0.150010,0.000000,0.050892,0.000000,0.000000,0.000000,0.033770,turn_light_off,1,1,3074,light,none,,,0.000000,1.000000,0,active,coursework,5.760530,8.672197,active,90,2,clear,17.000000
22,1107,3448116802,41,Day 3 03:14,active,coursework,5.760530,8.672197,active,0.104667,0.680904,0.870447,0.967667,0.993333,0.451333,1.000000,0.044000,0.000000,10,1,1,1,0,0,0,1,1,1,1,1,0,0,0,1,1,0.089454,0.000000,0.083614,0.000000,0.000000,0.000000,0.120700,0.162822,0.110059,0.242893,0.135842,0.000000,0.000000,0.000000,0.000000,0.054615,sleep_at_bed,1,480,3554,bed,none,alarm-rings|task-reminder,,0.000000,1.000000,0,suspended,coursework,5.760530,8.672197,active,90,2,clear,17.000000
22,1107,3448116802,42,Day 3 11:14,suspended,coursework,5.760530,8.672197,active,0.214667,0.349510,0.972618,0.887667,1.000000,0.771333,1.000000,0.000000,0.000000,11,1,1,1,0,0,0,1,1,1,1,1,0,1,0,1,1,0.101419,0.000000,0.087086,0.000000,0.000000,0.000000,0.078751,0.000000,0.168625,0.233659,0.141159,0.000000,0.136920,0.000000,0.000000,0.052381,turn_off_alarm,1,1,3555,alarm,none,,,0.000000,1.000000,0,suspended,coursework,5.760530,8.672197,active,90,2,clear,17.000000
22,1107,3448116802,43,Day 3 11:15,suspended,coursework,5.760530,8.672197,active,0.215000,0.349910,0.972618,0.917333,1.000000,0.772000,0.980963,0.000000,0.000000,10,1,1,1,0,0,0,1,1,1,1,1,0,0,0,1,1,0.117530,0.000000,0.100918,0.000000,0.000000,0.000000,0.091521,0.000000,0.195560,0.270714,0.163066,0.000000,0.000000,0.000000,0.000000,0.060691,turn_light_on,1,1,3556,light,none,,,0.000000,1.000000,0,suspended,coursework,5.760530,8.672197,active,90,2,clear,17.000000
22,1107,3448116802,44,Day 3 11:16,suspended,coursework,5.760530,8.672197,active,0.215333,0.350310,0.972618,0.937000,1.000000,0.772667,0.981927,0.000000,0.000000,13,1,1,1,1,1,1,1,1,1,1,0,1,0,0,1,1,0.072871,0.000000,0.062570,0.175064,0.198453,0.107523,0.056748,0.000000,0.121342,0.167808,0.000000,0.000000,0.000000,0.000000,0.000000,0.037622,study_halfhearted,1,35,3591,desk,none,,coursework,0.237422,1.030228,0,active,coursework,5.997951,8.672197,active,90,2,clear,17.000000
22,1107,3448116802,45,Day 3 11:51,active,coursework,5.997951,8.672197,active,0.277000,0.444310,0.904430,0.945333,1.000000,0.796000,0.995647,0.000000,0.000000,13,1,1,1,1,1,1,1,1,1,1,0,1,0,0,1,1,0.068216,0.000000,0.058578,0.172106,0.195327,0.106766,0.056205,0.000000,0.112952,0.150885,0.000000,0.044648,0.000000,0.000000,0.000000,0.034317,go_to_bathroom,1,15,3606,door,none,room-temperature-shift,,0.000000,1.000000,0,suspended,coursework,5.997951,8.672197,active,90,2,clear,24.000000
22,1107,3448116802,46,Day 3 12:06,suspended,coursework,5.997951,8.672197,active,0.282000,0.450310,0.904430,1.000000,1.000000,0.186000,1.000000,0.000000,0.000000,13,1,1,1,1,1,1,1,1,1,1,0,1,0,0,1,1,0.081533,0.000000,0.069994,0.163727,0.187244,0.101879,0.067322,0.000000,0.054372,0.179703,0.000000,0.053326,0.000000,0.000000,0.000000,0.040900,go_to_bathroom,1,15,3621,door,none,,,0.000000,1.000000,0,suspended,coursework,5.997951,8.672197,active,90,2,clear,24.000000
22,1107,3448116802,47,Day 3 12:21,suspended,coursework,5.997951,8.672197,active,0.287000,0.456310,0.904430,1.000000,1.000000,0.000000,1.000000,0.000000,0.000000,13,1,1,1,1,1,1,1,1,1,1,0,1,0,0,1,1,0.086079,0.000000,0.073878,0.171885,0.196573,0.111943,0.071272,0.000000,0.000000,0.189053,0.000000,0.056260,0.000000,0.000000,0.000000,0.043058,get_meal,1,35,3656,door,none,,,0.000000,1.000000,0,suspended,coursework,5.997951,8.672197,active,90,2,clear,24.000000
22,1107,3448116802,48,Day 3 12:56,suspended,coursework,5.997951,8.672197,active,0.258667,0.470310,0.904430,1.000000,0.479167,0.023333,1.000000,0.000000,0.000000,13,1,1,1,1,1,1,1,1,1,1,0,1,0,0,1,1,0.082201,0.000000,0.071227,0.210137,0.240319,0.141057,0.071037,0.000000,0.000000,0.086275,0.000000,0.055623,0.000000,0.000000,0.000000,0.042123,get_meal,1,35,3691,door,none,,,0.000000,1.000000,0,suspended,coursework,5.997951,8.672197,active,90,2,clear,24.000000
22,1107,3448116802,49,Day 3 13:31,suspended,coursework,5.997951,8.672197,active,0.230333,0.484310,0.904430,1.000000,0.000000,0.046667,1.000000,0.000000,0.000000,13,1,1,1,1,1,1,1,1,1,1,0,1,0,0,1,1,0.087556,0.000000,0.076596,0.229084,0.261988,0.158497,0.078974,0.000000,0.000000,0.000000,0.000000,0.061340,0.000000,0.000000,0.000000,0.045964,use_computer,1,30,3721,computer,none,,,0.000000,1.000000,0,suspended,coursework,5.997951,8.672197,active,90,2,clear,24.000000
22,1107,3448116802,50,Day 3 14:01,suspended,coursework,5.997951,8.672197,active,0.080333,0.599366,0.996601,0.990000,0.025000,0.066667,1.000000,0.080000,0.000000,13,1,1,1,1,1,1,1,1,1,1,0,1,0,0,1,1,0.061734,0.000000,0.057331,0.216225,0.246936,0.138536,0.080287,0.104312,0.000000,0.000000,0.000000,0.056586,0.000000,0.000000,0.000000,0.038053,idle,1,10,3731,,none,,,0.000000,1.000000,0,suspended,coursework,5.997951,8.672197,active,90,2,clear,24.000000
22,1107,3448116802,51,Day 3 14:11,suspended,coursework,5.997951,8.672197,active,0.203667,0.603366,1.000000,0.936667,0.033333,0.073333,1.000000,0.070000,0.000000,13,1,1,1,1,1,1,1,1,1,1,0,1,0,0,1,1,0.067398,0.000000,0.060680,0.211090,0.239280,0.149834,0.077860,0.101258,0.000000,0.000000,0.000000,0.054960,0.000000,0.000000,0.000000,0.037639,turn_light_off,1,1,3732,light,none,,,0.000000,1.000000,0,suspended,coursework,5.997951,8.672197,active,90,2,clear,24.000000
22,1107,3448116802,52,Day 3 14:12,suspended,coursework,5.997951,8.672197,active,0.204000,0.603766,1.000000,0.956333,0.034167,0.074000,1.000000,0.069000,0.000000,10,1,1,1,0,0,0,1,1,1,1,1,0,0,0,1,1,0.150171,0.000000,0.135197,0.000000,0.000000,0.000000,0.173321,0.225428,0.000000,0.000000,0.232069,0.000000,0.000000,0.000000,0.000000,0.083814,sleep_at_bed,1,480,4212,bed,none,message-study-group|weather-rain|evening,,0.000000,1.000000,0,suspended,coursework,5.997951,8.672197,active,90,3,rain,24.000000
22,1107,3448116802,53,Day 3 22:12,suspended,coursework,5.997951,8.672197,active,0.284000,0.272371,1.000000,0.876333,0.434167,0.394000,1.000000,0.000000,0.000000,10,1,1,1,0,0,0,1,1,1,1,1,0,0,0,1,1,0.163730,0.000000,0.136353,0.000000,0.000000,0.000000,0.108671,0.000000,0.144065,0.152033,0.216190,0.000000,0.000000,0.000000,0.000000,0.078958,go_to_bathroom,1,15,4227,door,none,,,0.000000,1.000000,0,suspended,coursework,5.997951,8.672197,active,90,3,rain,24.000000
22,1107,3448116802,54,Day 3 22:27,suspended,coursework,5.997951,8.672197,active,0.289000,0.278371,1.000000,0.973666,0.446667,0.000000,1.000000,0.000000,0.000000,10,1,1,1,0,0,0,1,1,1,1,1,0,0,0,1,1,0.190942,0.000000,0.158973,0.000000,0.000000,0.000000,0.127082,0.000000,0.000000,0.179955,0.251230,0.000000,0.000000,0.000000,0.000000,0.091819,get_meal,1,35,4262,door,none,,,0.000000,1.000000,0,suspended,coursework,5.997951,8.672197,active,90,3,rain,24.000000
22,1107,3448116802,55,Day 3 23:02,suspended,coursework,5.997951,8.672197,active,0.260667,0.292371,1.000000,1.000000,0.000000,0.023333,1.000000,0.000000,0.000000,10,1,1,1,0,0,0,1,1,1,1,1,0,0,0,1,1,0.228253,0.000000,0.191863,0.000000,0.000000,0.000000,0.158558,0.000000,0.000000,0.000000,0.308883,0.000000,0.000000,0.000000,0.000000,0.112444,use_computer,1,30,4292,computer,none,,,0.000000,1.000000,0,suspended,coursework,5.997951,8.672197,active,90,3,rain,24.000000
22,1107,3448116802,56,Day 3 23:32,suspended,coursework,5.997951,8.672197,active,0.110667,0.407427,1.000000,0.990000,0.025000,0.043333,1.000000,0.080000,0.000000,10,1,1,1,0,0,0,1,1,1,1,1,0,0,0,1,1,0.195616,0.000000,0.174551,0.000000,0.000000,0.000000,0.195929,0.000000,0.000000,0.000000,0.319877,0.000000,0.000000,0.000000,0.000000,0.114028,use_computer,1,30,4322,computer,none,,,0.000000,1.000000,0,suspended,coursework,5.997951,8.672197,active,90,3,rain,24.000000
22,1107,3448116802,57,Day 4 00:02,suspended,coursework,5.997951,8.672197,active,0.000000,0.522483,1.000000,0.980000,0.050000,0.063333,1.000000,0.160000,0.000000,10,1,1,1,0,0,0,1,1,1,1,1,0,0,0,1,1,0.130500,0.000000,0.122384,0.000000,0.000000,0.000000,0.181843,0.229139,0.000000,0.000000,0.248804,0.000000,0.000000,0.000000,0.000000,0.087330,idle,1,10,4332,,none,,,0.000000,1.000000,0,suspended,coursework,5.997951,8.672197,active,90,3,rain,24.000000
22,1107,3448116802,58,Day 4 00:12,suspended,coursework,5.997951,8.672197,active,0.123333,0.526483,1.000000,0.926667,0.058333,0.070000,1.000000,0.150000,0.000000,10,1,1,1,0,0,0,1,1,1,1,1,0,0,0,1,1,0.142593,0.000000,0.129643,0.000000,0.000000,0.000000,0.176497,0.222621,0.000000,0.000000,0.242166,0.000000,0.000000,0.000000,0.000000,0.086479,idle,1,10,4342,,none,,,0.000000,1.000000,0,suspended,coursework,5.997951,8.672197,active,90,3,rain,24.000000
22,1107,3448116802,59,Day 4 00:22,suspended,coursework,5.997951,8.672197,active,0.246667,0.530483,1.000000,0.873333,0.066667,0.076667,1.000000,0.140000,0.000000,10,1,1,1,0,0,0,1,1,1,1,1,0,0,0,1,1,0.155484,0.000000,0.137047,0.000000,0.000000,0.000000,0.170953,0.215840,0.000000,0.000000,0.235217,0.000000,0.000000,0.000000,0.000000,0.085459,turn_light_on,1,1,4343,light,none,,,0.000000,1.000000,0,suspended,coursework,5.997951,8.672197,active,90,3,rain,24.000000
22,1107,3448116802,60,Day 4 00:23,suspended,coursework,5.997951,8.672197,active,0.247000,0.530883,1.000000,0.893000,0.067500,0.077333,1.000000,0.139000,0.000000,13,1,1,1,1,1,1,1,1,1,1,0,1,0,0,1,1,0.063845,0.000000,0.056272,0.200512,0.225905,0.209442,0.070132,0.088554,0.000000,0.000000,0.000000,0.050267,0.000000,0.000000,0.000000,0.035070,study_halfhearted,1,35,4378,desk,none,,coursework,0.242168,1.050823,0,active,coursework,6.240119,8.672197,active,90,3,rain,24.000000
22,1107,3448116802,61,Day 4 00:58,active,coursework,6.240119,8.672197,active,0.308667,0.624883,0.931811,0.901333,0.096667,0.100667,1.000000,0.104000,0.000000,13,1,1,1,1,1,1,1,1,1,1,0,1,0,0,1,1,0.077299,0.000000,0.068068,0.200079,0.225680,0.127792,0.086552,0.114203,0.000000,0.000000,0.000000,0.059558,0.000000,0.000000,0.000000,0.040769,use_phone,1,25,4403,phone,none,,,0.000000,1.000000,0,active,coursework,6.240119,8.672197,active,90,3,rain,24.000000
22,1107,3448116802,62,Day 4 01:23,active,coursework,6.240119,8.672197,active,0.097000,0.718511,1.000000,0.933000,0.117500,0.117333,1.000000,0.199000,0.085000,13,1,1,1,1,1,1,1,1,1,1,0,1,0,0,1,1,0.055045,0.000000,0.052105,0.196373,0.222484,0.109362,0.093125,0.130142,0.000000,0.000000,0.000000,0.058532,0.000000,0.000000,0.046919,0.035914,sleep_at_bed,1,480,4883,bed,none,alarm-rings,,0.000000,1.000000,0,suspended,coursework,6.240119,8.672197,active,90,3,rain,24.000000
22,1107,3448116802,63,Day 4 09:23,suspended,coursework,6.240119,8.672197,active,0.207000,0.387117,1.000000,0.853000,0.517500,0.437333,1.000000,0.000000,0.000000,14,1,1,1,1,1,1,1,1,1,1,0,1,1,0,1,1,0.065864,0.000000,0.057025,0.207720,0.232721,0.115119,0.053913,0.000000,0.067577,0.075595,0.000000,0.000000,0.090109,0.000000,0.000000,0.034357,study_focused,1,35,4918,desk,none,,coursework,0.407957,1.062132,0,active,coursework,6.648077,8.672197,active,90,3,rain,24.000000
22,1107,3448116802,64,Day 4 09:58,active,coursework,6.648077,8.672197,active,0.238667,0.511117,0.872147,0.921333,0.546667,0.460667,0.985905,0.000000,0.000000,14,1,1,1,1,1,1,1,1,1,1,0,1,1,0,1,1,0.069486,0.000000,0.060933,0.170134,0.192441,0.107304,0.064392,0.000000,0.073221,0.082589,0.000000,0.049149,0.093845,0.000000,0.000000,0.036507,study_at_computer,1,35,4953,computer,none,,coursework,1.039285,1.044976,0,active,coursework,7.687362,8.672197,active,90,3,rain,24.000000
22,1107,3448116802,65,Day 4 10:33,active,coursework,7.687362,8.672197,active,0.270333,0.636836,0.744293,0.989667,0.575833,0.484000,0.961608,0.045000,0.000000,14,1,1,1,1,1,1,1,1,1,1,0,1,1,0,1,1,0.066688,0.000000,0.059321,0.128773,0.147056,0.092576,0.073835,0.096890,0.073569,0.083670,0.000000,0.051340,0.090308,0.000000,0.000000,0.035973,sleep_at_bed,1,335,5288,bed,none,message-study-group|weather-rain|room-temperature-shift,,0.000000,1.000000,0,suspended,coursework,7.687362,8.672197,active,90,4,rain,17.000000
22,1107,3448116802,66,Day 4 16:08,suspended,coursework,7.687362,8.672197,active,0.302000,0.290068,0.926464,0.898000,0.855000,0.707333,1.000000,0.000000,0.000000,14,1,1,1,1,1,1,1,1,1,1,0,1,1,0,1,1,0.076747,0.000000,0.063812,0.161220,0.181764,0.096926,0.051203,0.000000,0.106113,0.130626,0.000000,0.000000,0.094752,0.000000,0.000000,0.036837,study_focused,1,35,5323,desk,none,,coursework,0.390956,1.017869,0,active,coursework,8.078318,8.672197,active,90,4,rain,17.000000
22,1107,3448116802,67,Day 4 16:43,active,coursework,8.078318,8.672197,active,0.333667,0.414068,0.798611,0.966333,0.884167,0.730667,0.980037,0.000000,0.000000,14,1,1,1,1,1,1,1,1,1,1,0,1,1,0,1,1,0.072258,0.000000,0.060850,0.147161,0.167507,0.100760,0.054622,0.000000,0.102607,0.127359,0.000000,0.044057,0.087885,0.000000,0.000000,0.034932,study_focused,1,35,5358,desk,none,,coursework,0.421260,1.096766,0,active,coursework,8.499578,8.672197,active,90,4,rain,17.000000
22,1107,3448116802,68,Day 4 17:18,active,coursework,8.499578,8.672197,active,0.365333,0.538068,0.670757,1.000000,0.913333,0.754000,0.949874,0.000000,0.000000,14,1,1,1,1,1,1,1,1,1,1,0,1,1,0,1,1,0.071513,0.000000,0.060996,0.112565,0.128733,0.087889,0.061338,0.076073,0.104294,0.130529,0.000000,0.045865,0.085383,0.000000,0.000000,0.034821,study_at_computer,1,35,5393,computer,none,task-completed,coursework,0.978189,0.983545,0,none,,8.672197,8.672197,completed,90,4,rain,17.000000
22,1107,3448116802,69,Day 4 17:53,none,,8.672197,8.672197,completed,0.397000,0.663787,0.000000,1.000000,0.942500,0.777333,0.359509,0.045000,0.000000,11,1,1,1,0,0,0,1,1,1,1,0,1,1,0,1,1,0.100122,0.000000,0.086627,0.000000,0.000000,0.000000,0.111058,0.135807,0.152867,0.192909,0.000000,0.069889,0.098336,0.000000,0.000000,0.052387,use_phone,1,25,5418,phone,none,evening,,0.000000,1.000000,0,none,,8.672197,8.672197,completed,90,4,rain,17.000000
22,1107,3448116802,70,Day 4 18:18,none,,8.672197,8.672197,completed,0.185333,0.757415,0.000000,1.000000,0.963333,0.794000,0.359509,0.140000,0.085000,11,1,1,1,0,0,0,1,1,1,1,0,1,1,0,1,1,0.071564,0.000000,0.066558,0.000000,0.000000,0.000000,0.119937,0.155336,0.143532,0.182203,0.000000,0.068941,0.090074,0.000000,0.055269,0.046586,close_curtain,1,1,5419,window,none,,,0.000000,1.000000,0,none,,8.672197,8.672197,completed,90,4,rain,17.000000
22,1107,3448116802,71,Day 4 18:19,none,,8.672197,8.672197,completed,0.185667,0.757815,0.000000,1.000000,0.964167,0.794667,0.359509,0.139000,0.084400,11,1,1,1,0,0,0,1,1,1,1,0,1,1,1,0,1,0.075769,0.000000,0.070466,0.000000,0.000000,0.000000,0.126867,0.164327,0.152018,0.193020,0.000000,0.072935,0.095304,0.000000,0.000000,0.049293,turn_off_alarm,1,1,5420,alarm,none,,,0.000000,1.000000,0,none,,8.672197,8.672197,completed,90,4,rain,17.000000
22,1107,3448116802,72,Day 4 18:20,none,,8.672197,8.672197,completed,0.186000,0.758215,0.000000,1.000000,0.965000,0.795333,0.339509,0.138000,0.083800,10,1,1,1,0,0,0,1,1,1,1,0,1,0,1,0,1,0.083735,0.000000,0.077871,0.000000,0.000000,0.000000,0.140466,0.181452,0.168057,0.213436,0.000000,0.080541,0.000000,0.000000,0.000000,0.054443,sleep_at_bed,1,480,5900,bed,none,,,0.000000,1.000000,0,none,,8.672197,8.672197,completed,90,4,rain,17.000000
22,1107,3448116802,73,Day 5 02:20,none,,8.672197,8.672197,completed,0.266000,0.426821,0.000000,0.920000,1.000000,1.000000,0.339509,0.000000,0.000000,10,1,1,1,0,0,0,1,1,1,1,0,1,0,1,0,1,0.118536,0.000000,0.101774,0.000000,0.000000,0.000000,0.105853,0.000000,0.267610,0.264046,0.000000,0.077490,0.000000,0.000000,0.000000,0.064691,rest_at_bed,1,60,5960,bed,none,,,0.000000,1.000000,0,none,,8.672197,8.672197,completed,90,4,rain,17.000000
22,1107,3448116802,74,Day 5 03:20,none,,8.672197,8.672197,completed,0.326000,0.174005,0.000000,0.950000,1.000000,1.000000,0.339509,0.000000,0.000000,10,1,1,1,0,0,0,1,1,1,1,0,1,0,1,0,1,0.142814,0.000000,0.115742,0.000000,0.000000,0.000000,0.088778,0.000000,0.292616,0.288719,0.000000,0.000000,0.000000,0.000000,0.000000,0.071332,idle,1,10,5970,,none,,,0.000000,1.000000,0,none,,8.672197,8.672197,completed,90,4,rain,17.000000
22,1107,3448116802,75,Day 5 03:30,none,,8.672197,8.672197,completed,0.449333,0.178005,0.000000,0.896667,1.000000,1.000000,0.339509,0.000000,0.000000,10,1,1,1,0,0,0,1,1,1,1,0,1,0,1,0,1,0.155277,0.000000,0.122035,0.000000,0.000000,0.000000,0.086708,0.000000,0.284593,0.280803,0.000000,0.000000,0.000000,0.000000,0.000000,0.070583,go_to_bathroom,1,15,5985,door,none,,,0.000000,1.000000,0,none,,8.672197,8.672197,completed,90,4,rain,17.000000
22,1107,3448116802,76,Day 5 03:45,none,,8.672197,8.672197,completed,0.454333,0.184005,0.000000,0.993999,1.000000,0.390000,0.339509,0.000000,0.000000,10,1,1,1,0,0,0,1,1,1,1,0,1,0,1,0,1,0.187298,0.000000,0.147161,0.000000,0.000000,0.000000,0.104877,0.000000,0.138255,0.337512,0.000000,0.000000,0.000000,0.000000,0.000000,0.084897,get_meal,1,35,6020,door,none,,,0.000000,1.000000,0,none,,8.672197,8.672197,completed,90,4,rain,17.000000
22,1107,3448116802,77,Day 5 04:20,none,,8.672197,8.672197,completed,0.426000,0.198005,0.000000,1.000000,0.479167,0.413333,0.339509,0.000000,0.000000,10,1,1,1,0,0,0,1,1,1,1,0,1,0,1,0,1,0.222759,0.000000,0.176705,0.000000,0.000000,0.000000,0.130187,0.000000,0.175082,0.191828,0.000000,0.000000,0.000000,0.000000,0.000000,0.103439,use_phone,1,25,6045,phone,none,,,0.000000,1.000000,0,none,,8.672197,8.672197,completed,90,4,rain,17.000000
22,1107,3448116802,78,Day 5 04:45,none,,8.672197,8.672197,completed,0.214333,0.291633,0.000000,1.000000,0.500000,0.430000,0.339509,0.095000,0.085000,10,1,1,1,0,0,0,1,1,1,1,0,1,0,1,0,1,0.182354,0.000000,0.155494,0.000000,0.000000,0.000000,0.161023,0.000000,0.188275,0.207506,0.000000,0.000000,0.000000,0.000000,0.000000,0.105348,idle,1,10,6055,,none,,,0.000000,1.000000,0,none,,8.672197,8.672197,completed,90,4,rain,17.000000
22,1107,3448116802,79,Day 5 04:55,none,,8.672197,8.672197,completed,0.337667,0.295633,0.000000,0.946667,0.508333,0.436667,0.339509,0.085000,0.079000,10,1,1,1,0,0,0,1,1,1,1,0,1,0,1,0,1,0.196479,0.000000,0.162423,0.000000,0.000000,0.000000,0.154114,0.000000,0.182499,0.201616,0.000000,0.000000,0.000000,0.000000,0.000000,0.102870,use_phone,1,25,6080,phone,none,,,0.000000,1.000000,0,none,,8.672197,8.672197,completed,90,4,rain,17.000000
22,1107,3448116802,80,Day 5 05:20,none,,8.672197,8.672197,completed,0.126000,0.389262,0.000000,0.978333,0.529167,0.453333,0.339509,0.180000,0.164000,10,1,1,1,0,0,0,1,1,1,1,0,1,0,1,0,1,0.125817,0.103113,0.111803,0.000000,0.000000,0.000000,0.149109,0.000000,0.153517,0.170602,0.000000,0.104085,0.000000,0.000000,0.000000,0.081955,turn_light_off,1,1,6081,light,none,,,0.000000,1.000000,0,none,,8.672197,8.672197,completed,90,4,rain,17.000000
22,1107,3448116802,81,Day 5 05:21,none,,8.672197,8.672197,completed,0.126333,0.389662,0.000000,0.998000,0.530000,0.454000,0.339509,0.179000,0.163400,10,1,1,1,0,0,0,1,1,1,1,1,0,0,1,0,1,0.140464,0.114953,0.124813,0.000000,0.000000,0.000000,0.166312,0.000000,0.171446,0.190572,0.000000,0.000000,0.000000,0.000000,0.000000,0.091440,go_to_bathroom,1,15,6096,door,none,,,0.000000,1.000000,0,none,,8.672197,8.672197,completed,90,4,rain,17.000000
22,1107,3448116802,82,Day 5 05:36,none,,8.672197,8.672197,completed,0.131333,0.395662,0.000000,1.000000,0.542500,0.000000,0.339509,0.164000,0.154400,10,1,1,1,0,0,0,1,1,1,1,1,0,0,1,0,1,0.170356,0.136473,0.151271,0.000000,0.000000,0.000000,0.198895,0.000000,0.000000,0.233115,0.000000,0.000000,0.000000,0.000000,0.000000,0.109891,shop_on_phone,1,20,6116,phone,none,,,0.000000,1.000000,0,none,,8.672197,8.672197,completed,60,4,rain,17.000000
22,1107,3448116802,83,Day 5 05:56,none,,8.672197,8.672197,completed,0.138000,0.405954,0.000000,1.000000,0.559167,0.013333,0.339509,0.224000,0.000000,10,1,1,1,0,0,0,1,1,1,1,1,0,0,1,0,1,0.151343,0.000000,0.134617,0.000000,0.000000,0.000000,0.190193,0.207361,0.000000,0.216711,0.000000,0.000000,0.000000,0.000000,0.000000,0.099775,rest_at_bed,1,60,6176,bed,none,,,0.000000,1.000000,0,none,,8.672197,8.672197,completed,60,4,rain,17.000000
22,1107,3448116802,84,Day 5 06:56,none,,8.672197,8.672197,completed,0.198000,0.153138,0.000000,1.000000,0.609167,0.053333,0.339509,0.024000,0.000000,10,1,1,1,0,0,0,1,1,1,1,1,0,0,1,0,1,0.228557,0.000000,0.190827,0.000000,0.000000,0.000000,0.159849,0.000000,0.000000,0.293965,0.000000,0.000000,0.000000,0.000000,0.000000,0.126802,get_meal,1,35,6211,door,none,,,0.000000,1.000000,0,none,,8.672197,8.672197,completed,60,4,rain,17.000000
22,1107,3448116802,85,Day 5 07:31,none,,8.672197,8.672197,completed,0.169667,0.167138,0.000000,1.000000,0.088333,0.076667,0.339509,0.000000,0.000000,10,1,1,1,0,0,0,1,1,1,1,1,0,0,1,0,1,0.320959,0.000000,0.270369,0.000000,0.000000,0.000000,0.228081,0.000000,0.000000,0.000000,0.000000,0.000000,0.000000,0.000000,0.000000,0.180591,use_phone,1,25,6236,phone,none,,,0.000000,1.000000,0,none,,8.672197,8.672197,completed,60,4,rain,17.000000
22,1107,3448116802,86,Day 5 07:56,none,,8.672197,8.672197,completed,0.000000,0.260766,0.000000,1.000000,0.109167,0.093333,0.339509,0.095000,0.085000,10,1,1,1,0,0,0,1,1,1,1,1,0,0,1,0,1,0.277231,0.000000,0.248364,0.000000,0.000000,0.000000,0.286508,0.000000,0.000000,0.000000,0.000000,0.000000,0.000000,0.000000,0.000000,0.187897,idle,1,10,6246,,none,,,0.000000,1.000000,0,none,,8.672197,8.672197,completed,60,4,rain,17.000000
22,1107,3448116802,87,Day 5 08:06,none,,8.672197,8.672197,completed,0.123333,0.264766,0.000000,0.946667,0.117500,0.100000,0.339509,0.085000,0.079000,10,1,1,1,0,0,0,1,1,1,1,1,0,0,1,0,1,0.294051,0.000000,0.255389,0.000000,0.000000,0.000000,0.269942,0.000000,0.000000,0.000000,0.000000,0.000000,0.000000,0.000000,0.000000,0.180617,idle,1,10,6256,,none,alarm-rings,,0.000000,1.000000,0,none,,8.672197,8.672197,completed,60,4,rain,17.000000
22,1107,3448116802,88,Day 5 08:16,none,,8.672197,8.672197,completed,0.276667,0.268766,0.000000,0.893333,0.125833,0.106667,0.393704,0.075000,0.073000,11,1,1,1,0,0,0,1,1,1,1,1,0,1,1,0,1,0.207023,0.000000,0.172987,0.000000,0.000000,0.000000,0.163034,0.000000,0.000000,0.126782,0.000000,0.000000,0.217561,0.000000,0.000000,0.112613,get_meal,1,35,6291,door,none,,,0.000000,1.000000,0,none,,8.672197,8.672197,completed,60,4,rain,17.000000
22,1107,3448116802,89,Day 5 08:51,none,,8.672197,8.672197,completed,0.248333,0.282766,0.000000,1.000000,0.000000,0.130000,0.393704,0.040000,0.052000,11,1,1,1,0,0,0,1,1,1,1,1,0,1,1,0,1,0.205212,0.000000,0.172952,0.000000,0.000000,0.000000,0.162196,0.000000,0.128379,0.000000,0.000000,0.000000,0.218572,0.000000,0.000000,0.112689,idle,1,10,6301,,none,,,0.000000,1.000000,0,none,,8.672197,8.672197,completed,60,4,rain,17.000000
22,1107,3448116802,90,Day 5 09:01,none,,8.672197,8.672197,completed,0.371667,0.286766,0.000000,0.946667,0.008333,0.136667,0.393704,0.030000,0.046000,11,1,1,1,0,0,0,1,1,1,1,1,0,1,1,0,1,0.220829,0.000000,0.180432,0.000000,0.000000,0.000000,0.155041,0.000000,0.124283,0.000000,0.000000,0.000000,0.209516,0.000000,0.000000,0.109900,turn_off_alarm,1,1,6302,alarm,none,,,0.000000,1.000000,0,none,,8.672197,8.672197,completed,60,4,rain,17.000000
22,1107,3448116802,91,Day 5 09:02,none,,8.672197,8.672197,completed,0.372000,0.287166,0.000000,0.976333,0.009167,0.137333,0.373704,0.029000,0.045400,10,1,1,1,0,0,0,1,1,1,1,1,0,0,1,0,1,0.279269,0.000000,0.228171,0.000000,0.000000,0.000000,0.196436,0.000000,0.157226,0.000000,0.000000,0.000000,0.000000,0.000000,0.000000,0.138899,rest_at_bed,1,60,6362,bed,none,,,0.000000,1.000000,0,none,,8.672197,8.672197,completed,60,4,rain,17.000000
22,1107,3448116802,92,Day 5 10:02,none,,8.672197,8.672197,completed,0.432000,0.034350,0.000000,1.000000,0.059167,0.177333,0.373704,0.000000,0.009400,10,1,1,1,0,0,0,1,1,1,1,1,0,0,1,0,1,0.362853,0.000000,0.279609,0.000000,0.000000,0.000000,0.000000,0.000000,0.194367,0.000000,0.000000,0.000000,0.000000,0.000000,0.000000,0.163171,use_computer,1,30,6392,computer,none,,,0.000000,1.000000,0,none,,8.672197,8.672197,completed,60,4,rain,17.000000
22,1107,3448116802,93,Day 5 10:32,none,,8.672197,8.672197,completed,0.282000,0.149406,0.000000,0.990000,0.084167,0.197333,0.373704,0.080000,0.000000,10,1,1,1,0,0,0,1,1,1,1,1,0,0,1,0,1,0.270242,0.000000,0.221064,0.000000,0.000000,0.000000,0.184700,0.000000,0.180196,0.000000,0.000000,0.000000,0.000000,0.000000,0.000000,0.143798,use_computer,1,30,6422,computer,none,,,0.000000,1.000000,0,none,,8.672197,8.672197,completed,60,4,rain,17.000000
22,1107,3448116802,94,Day 5 11:02,none,,8.672197,8.672197,completed,0.132000,0.264461,0.000000,0.980000,0.109167,0.217333,0.373704,0.160000,0.000000,10,1,1,1,0,0,0,1,1,1,1,1,0,0,1,0,1,0.231830,0.000000,0.201317,0.000000,0.000000,0.000000,0.228459,0.000000,0.192425,0.000000,0.000000,0.000000,0.000000,0.000000,0.000000,0.145968,use_computer,1,30,6452,computer,none,,,0.000000,1.000000,0,none,,8.672197,8.672197,completed,60,4,rain,17.000000
22,1107,3448116802,95,Day 5 11:32,none,,8.672197,8.672197,completed,0.000000,0.379517,0.000000,0.970000,0.134167,0.237333,0.373704,0.240000,0.000000,10,1,1,1,0,0,0,1,1,1,1,1,0,0,1,0,1,0.168430,0.000000,0.154556,0.000000,0.000000,0.000000,0.235436,0.000000,0.171200,0.146617,0.000000,0.000000,0.000000,0.000000,0.000000,0.123760,go_to_bathroom,1,15,6467,door,none,,,0.000000,1.000000,0,none,,8.672197,8.672197,completed,60,4,rain,17.000000
22,1107,3448116802,96,Day 5 11:47,none,,8.672197,8.672197,completed,0.005000,0.385517,0.000000,1.000000,0.146667,0.000000,0.373704,0.225000,0.000000,10,1,1,1,0,0,0,1,1,1,1,1,0,0,1,0,1,0.204022,0.000000,0.187088,0.000000,0.000000,0.000000,0.281214,0.000000,0.000000,0.179126,0.000000,0.000000,0.000000,0.000000,0.000000,0.148550,rest_at_bed,1,60,6527,bed,none,message-study-group,,0.000000,1.000000,0,none,,8.672197,8.672197,completed,60,5,rain,17.000000
22,1107,3448116802,97,Day 5 12:47,none,,8.672197,8.672197,completed,0.065000,0.132701,0.000000,1.000000,0.196667,0.040000,0.373704,0.025000,0.000000,10,1,1,1,0,0,0,1,1,1,1,1,0,0,1,0,1,0.248190,0.000000,0.213628,0.000000,0.000000,0.000000,0.190383,0.000000,0.000000,0.195727,0.000000,0.000000,0.000000,0.000000,0.000000,0.152072,use_computer,1,30,6557,computer,none,,,0.000000,1.000000,0,none,,8.672197,8.672197,completed,60,5,rain,17.000000
22,1107,3448116802,98,Day 5 13:17,none,,8.672197,8.672197,completed,0.000000,0.247756,0.000000,0.990000,0.221667,0.060000,0.373704,0.105000,0.000000,10,1,1,1,0,0,0,1,1,1,1,1,0,0,1,0,1,0.221622,0.000000,0.198167,0.000000,0.000000,0.000000,0.226890,0.000000,0.000000,0.202811,0.000000,0.000000,0.000000,0.000000,0.000000,0.150510,use_phone,1,25,6582,phone,none,,,0.000000,1.000000,0,none,,8.672197,8.672197,completed,60,5,rain,17.000000
22,1107,3448116802,99,Day 5 13:42,none,,8.672197,8.672197,completed,0.000000,0.341385,0.000000,1.000000,0.242500,0.076667,0.373704,0.200000,0.085000,10,1,1,1,0,0,0,1,1,1,1,1,0,0,1,0,1,0.203987,0.000000,0.185781,0.000000,0.000000,0.000000,0.260293,0.000000,0.000000,0.203487,0.000000,0.000000,0.000000,0.000000,0.000000,0.146452,rest_at_bed,1,60,6642,bed,none,,,0.000000,1.000000,0,none,,8.672197,8.672197,completed,60,5,rain,17.000000
22,1107,3448116802,100,Day 5 14:42,none,,8.672197,8.672197,completed,0.060000,0.088569,0.000000,1.000000,0.292500,0.116667,0.373704,0.000000,0.049000,10,1,1,1,0,0,0,1,1,1,1,1,0,0,1,0,1,0.245990,0.000000,0.210291,0.000000,0.000000,0.000000,0.174686,0.000000,0.000000,0.220412,0.000000,0.000000,0.000000,0.000000,0.000000,0.148621,get_meal,1,35,6677,door,none,,,0.000000,1.000000,0,none,,8.672197,8.672197,completed,60,5,rain,17.000000
22,1107,3448116802,101,Day 5 15:17,none,,8.672197,8.672197,completed,0.031667,0.102569,0.000000,1.000000,0.000000,0.140000,0.373704,0.000000,0.028000,10,1,1,1,0,0,0,1,1,1,1,1,0,0,1,0,1,0.252467,0.000000,0.217903,0.000000,0.000000,0.000000,0.187126,0.000000,0.186241,0.000000,0.000000,0.000000,0.000000,0.000000,0.000000,0.156262,rest_at_bed,1,60,6737,bed,none,room-temperature-shift|weather-rain,,0.000000,1.000000,0,none,,8.672197,8.672197,completed,60,5,rain,24.000000
22,1107,3448116802,102,Day 5 16:17,none,,8.672197,8.672197,completed,0.091667,0.000000,0.000000,1.000000,0.050000,0.180000,0.373704,0.000000,0.000000,10,1,1,1,0,0,0,1,1,1,1,1,0,0,1,0,1,0.317960,0.000000,0.265656,0.000000,0.000000,0.000000,0.000000,0.000000,0.231671,0.000000,0.000000,0.000000,0.000000,0.000000,0.000000,0.184713,go_to_bathroom,1,15,6752,door,none,,,0.000000,1.000000,0,none,,8.672197,8.672197,completed,60,5,rain,24.000000
22,1107,3448116802,103,Day 5 16:32,none,,8.672197,8.672197,completed,0.096667,0.006000,0.000000,1.000000,0.062500,0.000000,0.373704,0.000000,0.000000,10,1,1,1,0,0,0,1,1,1,1,1,0,0,1,0,1,0.414154,0.000000,0.345934,0.000000,0.000000,0.000000,0.000000,0.000000,0.000000,0.000000,0.000000,0.000000,0.000000,0.000000,0.000000,0.239912,use_phone,1,25,6777,phone,none,,,0.000000,1.000000,0,none,,8.672197,8.672197,completed,60,5,rain,24.000000
22,1107,3448116802,104,Day 5 16:57,none,,8.672197,8.672197,completed,0.000000,0.099629,0.000000,1.000000,0.083333,0.016667,0.373704,0.095000,0.085000,10,1,1,1,0,0,0,1,1,1,1,1,0,0,1,0,1,0.296119,0.000000,0.258206,0.000000,0.000000,0.000000,0.250333,0.000000,0.000000,0.000000,0.000000,0.000000,0.000000,0.000000,0.000000,0.195342,idle,1,10,6787,,none,,,0.000000,1.000000,0,none,,8.672197,8.672197,completed,60,5,rain,24.000000
22,1107,3448116802,105,Day 5 17:07,none,,8.672197,8.672197,completed,0.123333,0.103629,0.000000,0.946667,0.091667,0.023333,0.373704,0.085000,0.079000,10,1,1,1,0,0,0,1,1,1,1,1,0,0,1,0,1,0.313075,0.000000,0.264655,0.000000,0.000000,0.000000,0.235099,0.000000,0.000000,0.000000,0.000000,0.000000,0.000000,0.000000,0.000000,0.187171,use_computer,1,30,6817,computer,none,,,0.000000,1.000000,0,none,,8.672197,8.672197,completed,60,5,rain,24.000000
22,1107,3448116802,106,Day 5 17:37,none,,8.672197,8.672197,completed,0.000000,0.218684,0.000000,0.936667,0.116667,0.043333,0.373704,0.165000,0.061000,10,1,1,1,0,0,0,1,1,1,1,1,0,0,1,0,1,0.274637,0.000000,0.244786,0.000000,0.000000,0.000000,0.290239,0.000000,0.000000,0.000000,0.000000,0.000000,0.000000,0.000000,0.000000,0.190338,rest_at_bed,1,60,6877,bed,none,,,0.000000,1.000000,0,none,,8.672197,8.672197,completed,60,5,rain,24.000000
22,1107,3448116802,107,Day 5 18:37,none,,8.672197,8.672197,completed,0.060000,0.000000,0.000000,0.966667,0.166667,0.083333,0.373704,0.000000,0.025000,10,1,1,1,0,0,0,1,1,1,1,1,0,0,1,0,1,0.315350,0.000000,0.265608,0.000000,0.000000,0.000000,0.000000,0.000000,0.000000,0.231328,0.000000,0.000000,0.000000,0.000000,0.000000,0.187715,use_computer,1,30,6907,computer,none,,,0.000000,1.000000,0,none,,8.672197,8.672197,completed,60,5,rain,24.000000
22,1107,3448116802,108,Day 5 19:07,none,,8.672197,8.672197,completed,0.000000,0.115056,0.000000,0.956667,0.191667,0.103333,0.373704,0.080000,0.007000,10,1,1,1,0,0,0,1,1,1,1,1,0,0,1,0,1,0.236657,0.000000,0.206805,0.000000,0.000000,0.000000,0.200463,0.000000,0.000000,0.200536,0.000000,0.000000,0.000000,0.000000,0.000000,0.155539,get_meal,1,35,6942,door,none,,,0.000000,1.000000,0,none,,8.672197,8.672197,completed,60,5,rain,24.000000
22,1107,3448116802,109,Day 5 19:42,none,,8.672197,8.672197,completed,0.000000,0.129056,0.000000,1.000000,0.000000,0.126667,0.373704,0.045000,0.000000,10,1,1,1,0,0,0,1,1,1,1,1,0,0,1,0,1,0.243033,0.000000,0.212668,0.000000,0.000000,0.000000,0.201358,0.000000,0.185171,0.000000,0.000000,0.000000,0.000000,0.000000,0.000000,0.157771,use_phone,1,25,6967,phone,none,,,0.000000,1.000000,0,none,,8.672197,8.672197,completed,60,5,rain,24.000000
22,1107,3448116802,110,Day 5 20:07,none,,8.672197,8.672197,completed,0.000000,0.222684,0.000000,1.000000,0.020833,0.143333,0.373704,0.140000,0.085000,10,1,1,1,0,0,0,1,1,1,1,1,0,0,1,0,1,0.225434,0.000000,0.200926,0.000000,0.000000,0.000000,0.232799,0.000000,0.186130,0.000000,0.000000,0.000000,0.000000,0.000000,0.000000,0.154711,idle,1,10,6977,,none,evening,,0.000000,1.000000,0,none,,8.672197,8.672197,completed,60,5,rain,24.000000
22,1107,3448116802,111,Day 5 20:17,none,,8.672197,8.672197,completed,0.123333,0.226684,0.000000,0.946667,0.029167,0.150000,0.373704,0.130000,0.079000,10,1,1,1,0,0,0,1,1,1,1,1,0,0,1,0,1,0.241189,0.000000,0.208405,0.000000,0.000000,0.000000,0.221244,0.000000,0.179152,0.000000,0.000000,0.000000,0.000000,0.000000,0.000000,0.150010,use_computer,1,30,7007,computer,none,,,0.000000,1.000000,0,none,,8.672197,8.672197,completed,60,5,rain,24.000000
22,1107,3448116802,112,Day 5 20:47,none,,8.672197,8.672197,completed,0.000000,0.341740,0.000000,0.936667,0.054167,0.170000,0.373704,0.210000,0.061000,10,1,1,1,0,0,0,1,1,1,1,1,0,0,1,0,1,0.207233,0.000000,0.188802,0.000000,0.000000,0.000000,0.267526,0.000000,0.187022,0.000000,0.000000,0.000000,0.000000,0.000000,0.000000,0.149417,go_to_bathroom,1,15,7022,door,none,,,0.000000,1.000000,0,none,,8.672197,8.672197,completed,60,5,rain,24.000000
22,1107,3448116802,113,Day 5 21:02,none,,8.672197,8.672197,completed,0.005000,0.347740,0.000000,1.000000,0.066667,0.000000,0.373704,0.195000,0.052000,10,1,1,1,0,0,0,1,1,1,1,1,0,0,1,0,1,0.256552,0.000000,0.233574,0.000000,0.000000,0.000000,0.326580,0.000000,0.000000,0.000000,0.000000,0.000000,0.000000,0.000000,0.000000,0.183294,rest_at_bed,1,60,7082,bed,none,,,0.000000,1.000000,0,none,,8.672197,8.672197,completed,60,5,rain,24.000000
22,1107,3448116802,114,Day 5 22:02,none,,8.672197,8.672197,completed,0.065000,0.094924,0.000000,1.000000,0.116667,0.040000,0.373704,0.000000,0.016000,10,1,1,1,0,0,0,1,1,1,1,1,0,0,1,0,1,0.315497,0.000000,0.269656,0.000000,0.000000,0.000000,0.224761,0.000000,0.000000,0.000000,0.000000,0.000000,0.000000,0.000000,0.000000,0.190086,use_computer,1,30,7112,computer,none,,,0.000000,1.000000,0,none,,8.672197,8.672197,completed,60,5,rain,24.000000
22,1107,3448116802,115,Day 5 22:32,none,,8.672197,8.672197,completed,0.000000,0.209979,0.000000,0.990000,0.141667,0.060000,0.373704,0.080000,0.000000,10,1,1,1,0,0,0,1,1,1,1,1,0,0,1,0,1,0.232214,0.000000,0.206181,0.000000,0.000000,0.000000,0.220787,0.000000,0.000000,0.185748,0.000000,0.000000,0.000000,0.000000,0.000000,0.155070,idle,1,10,7122,,none,,,0.000000,1.000000,0,none,,8.672197,8.672197,completed,60,5,rain,24.000000
22,1107,3448116802,116,Day 5 22:42,none,,8.672197,8.672197,completed,0.123333,0.213979,0.000000,0.936667,0.150000,0.066667,0.373704,0.070000,0.000000,10,1,1,1,0,0,0,1,1,1,1,1,0,0,1,0,1,0.248023,0.000000,0.213495,0.000000,0.000000,0.000000,0.209474,0.000000,0.000000,0.178905,0.000000,0.000000,0.000000,0.000000,0.000000,0.150104,use_computer,1,30,7152,computer,none,,,0.000000,1.000000,0,none,,8.672197,8.672197,completed,60,5,rain,24.000000
22,1107,3448116802,117,Day 5 23:12,none,,8.672197,8.672197,completed,0.000000,0.329035,0.000000,0.926667,0.175000,0.086667,0.373704,0.150000,0.000000,10,1,1,1,0,0,0,1,1,1,1,1,0,0,1,0,1,0.213657,0.000000,0.193914,0.000000,0.000000,0.000000,0.253950,0.000000,0.000000,0.188580,0.000000,0.000000,0.000000,0.000000,0.000000,0.149898,get_meal,1,35,7187,door,none,,,0.000000,1.000000,0,none,,8.672197,8.672197,completed,60,5,rain,24.000000
22,1107,3448116802,118,Day 5 23:47,none,,8.672197,8.672197,completed,0.000000,0.343035,0.000000,1.000000,0.000000,0.110000,0.373704,0.115000,0.000000,10,1,1,1,0,0,0,1,1,1,1,1,0,0,1,0,1,0.265647,0.000000,0.241430,0.000000,0.000000,0.000000,0.308834,0.000000,0.000000,0.000000,0.000000,0.000000,0.000000,0.000000,0.000000,0.184088,use_computer,1,30,7217,computer,none,,,0.000000,1.000000,0,none,,8.672197,8.672197,completed,60,5,rain,24.000000
22,1107,3448116802,119,Day 6 00:17,none,,8.672197,8.672197,completed,0.000000,0.458091,0.000000,0.990000,0.025000,0.130000,0.373704,0.195000,0.000000,10,1,1,1,0,0,0,1,1,1,1,1,0,0,1,0,1,0.150973,0.000000,0.140199,0.000000,0.000000,0.000000,0.220806,0.247617,0.130102,0.000000,0.000000,0.000000,0.000000,0.000000,0.000000,0.110303,use_phone,1,25,7242,phone,none,,,0.000000,1.000000,0,none,,8.672197,8.672197,completed,60,5,rain,24.000000
22,1107,3448116802,120,Day 6 00:42,none,,8.672197,8.672197,completed,0.000000,0.551719,0.000000,1.000000,0.045833,0.146667,0.373704,0.290000,0.085000,10,1,1,1,0,0,0,1,1,1,1,1,0,0,1,0,1,0.130888,0.000000,0.123801,0.000000,0.000000,0.000000,0.238598,0.283390,0.122228,0.000000,0.000000,0.000000,0.000000,0.000000,0.000000,0.101094,sleep_at_bed,1,480,7722,bed,none,,,0.000000,1.000000,0,none,,8.672197,8.672197,completed,60,5,rain,24.000000
22,1107,3448116802,121,Day 6 08:42,none,,8.672197,8.672197,completed,0.080000,0.220325,0.000000,0.920000,0.445833,0.466667,0.373704,0.000000,0.000000,10,1,1,1,0,0,0,1,1,1,1,1,0,0,1,0,1,0.178783,0.000000,0.155462,0.000000,0.000000,0.000000,0.146356,0.000000,0.209116,0.201537,0.000000,0.000000,0.000000,0.000000,0.000000,0.108746,go_to_bathroom,1,15,7737,door,none,alarm-rings,,0.000000,1.000000,0,none,,8.672197,8.672197,completed,60,5,rain,24.000000
22,1107,3448116802,122,Day 6 08:57,none,,8.672197,8.672197,completed,0.115000,0.226325,0.000000,1.000000,0.458333,0.000000,0.427899,0.000000,0.000000,11,1,1,1,0,0,0,1,1,1,1,1,0,1,1,0,1,0.180283,0.000000,0.155533,0.000000,0.000000,0.000000,0.142921,0.000000,0.000000,0.200719,0.000000,0.000000,0.213692,0.000000,0.000000,0.106852,use_computer,1,30,7767,computer,none,,,0.000000,1.000000,0,none,,8.672197,8.672197,completed,60,5,rain,24.000000
22,1107,3448116802,123,Day 6 09:27,none,,8.672197,8.672197,completed,0.000000,0.341381,0.000000,0.990000,0.483333,0.020000,0.427899,0.080000,0.000000,11,1,1,1,0,0,0,1,1,1,1,1,0,1,1,0,1,0.155349,0.000000,0.141010,0.000000,0.000000,0.000000,0.172009,0.000000,0.000000,0.210040,0.000000,0.000000,0.215537,0.000000,0.000000,0.106055,turn_off_alarm,1,1,7768,alarm,none,,,0.000000,1.000000,0,none,,8.672197,8.672197,completed,60,5,rain,24.000000
22,1107,3448116802,124,Day 6 09:28,none,,8.672197,8.672197,completed,0.000333,0.341781,0.000000,1.000000,0.484167,0.020667,0.407899,0.079000,0.000000,10,1,1,1,0,0,0,1,1,1,1,1,0,0,1,0,1,0.197939,0.000000,0.179661,0.000000,0.000000,0.000000,0.219576,0.000000,0.000000,0.267776,0.000000,0.000000,0.000000,0.000000,0.000000,0.135048,use_phone,1,25,7793,phone,none,,,0.000000,1.000000,0,none,,8.672197,8.672197,completed,60,5,rain,24.000000
22,1107,3448116802,125,Day 6 09:53,none,,8.672197,8.672197,completed,0.000000,0.435409,0.000000,1.000000,0.505000,0.037333,0.407899,0.174000,0.085000,10,1,1,1,0,0,0,1,1,1,1,1,0,0,1,0,1,0.142017,0.000000,0.131304,0.000000,0.000000,0.000000,0.196418,0.218311,0.000000,0.209492,0.000000,0.000000,0.000000,0.000000,0.000000,0.102458,idle,1,10,7803,,none,,,0.000000,1.000000,0,none,,8.672197,8.672197,completed,60,5,rain,24.000000
22,1107,3448116802,126,Day 6 10:03,none,,8.672197,8.672197,completed,0.123333,0.439409,0.000000,0.946667,0.513333,0.044000,0.407899,0.164000,0.079000,10,1,1,1,0,0,0,1,1,1,1,1,0,0,1,0,1,0.154422,0.000000,0.138414,0.000000,0.000000,0.000000,0.189715,0.211068,0.000000,0.205414,0.000000,0.000000,0.000000,0.000000,0.000000,0.100966,sleep_at_bed,1,480,8283,bed,none,weather-rain|message-study-group,,0.000000,1.000000,0,none,,8.672197,8.672197,completed,60,6,rain,24.000000
22,1107,3448116802,127,Day 6 18:03,none,,8.672197,8.672197,completed,0.203333,0.108015,0.000000,0.866667,0.913333,0.364000,0.407899,0.000000,0.000000,10,1,1,1,0,0,0,1,1,1,1,1,0,0,1,0,1,0.170835,0.000000,0.141270,0.000000,0.000000,0.000000,0.108522,0.000000,0.150498,0.336136,0.000000,0.000000,0.000000,0.000000,0.000000,0.092739,rest_at_bed,1,60,8343,bed,none,room-temperature-shift|evening,,0.000000,1.000000,0,none,,8.672197,8.672197,completed,60,6,rain,24.000000
22,1107,3448116802,128,Day 6 19:03,none,,8.672197,8.672197,completed,0.263333,0.000000,0.000000,0.896667,0.963333,0.404000,0.407899,0.000000,0.000000,10,1,1,1,0,0,0,1,1,1,1,1,0,0,1,0,1,0.194268,0.000000,0.155370,0.000000,0.000000,0.000000,0.000000,0.000000,0.168883,0.382587,0.000000,0.000000,0.000000,0.000000,0.000000,0.098893,go_to_bathroom,1,15,8358,door,none,,,0.000000,1.000000,0,none,,8.672197,8.672197,completed,60,6,rain,24.000000
22,1107,3448116802,129,Day 6 19:18,none,,8.672197,8.672197,completed,0.268333,0.006000,0.000000,0.993999,0.975833,0.000000,0.407899,0.000000,0.000000,10,1,1,1,0,0,0,1,1,1,1,1,0,0,1,0,1,0.232232,0.000000,0.185683,0.000000,0.000000,0.000000,0.000000,0.000000,0.000000,0.464200,0.000000,0.000000,0.000000,0.000000,0.000000,0.117884,get_meal,1,35,8393,door,none,,,0.000000,1.000000,0,none,,8.672197,8.672197,completed,60,6,rain,24.000000
22,1107,3448116802,130,Day 6 19:53,none,,8.672197,8.672197,completed,0.240000,0.020000,0.000000,1.000000,0.455000,0.023333,0.407899,0.000000,0.000000,10,1,1,1,0,0,0,1,1,1,1,1,0,0,1,0,1,0.304648,0.000000,0.245925,0.000000,0.000000,0.000000,0.000000,0.000000,0.000000,0.291005,0.000000,0.000000,0.000000,0.000000,0.000000,0.158423,use_phone,1,25,8418,phone,none,,,0.000000,1.000000,0,none,,8.672197,8.672197,completed,60,6,rain,24.000000
22,1107,3448116802,131,Day 6 20:18,none,,8.672197,8.672197,completed,0.028333,0.113629,0.000000,1.000000,0.475833,0.040000,0.407899,0.095000,0.085000,10,1,1,1,0,0,0,1,1,1,1,1,0,0,1,0,1,0.216874,0.000000,0.188189,0.000000,0.000000,0.000000,0.180881,0.000000,0.000000,0.273746,0.000000,0.000000,0.000000,0.000000,0.000000,0.140311,idle,1,10,8428,,none,,,0.000000,1.000000,0,none,,8.672197,8.672197,completed,60,6,rain,24.000000
22,1107,3448116802,132,Day 6 20:28,none,,8.672197,8.672197,completed,0.151667,0.117629,0.000000,0.946667,0.484167,0.046667,0.407899,0.085000,0.079000,10,1,1,1,0,0,0,1,1,1,1,1,0,0,1,0,1,0.232198,0.000000,0.195334,0.000000,0.000000,0.000000,0.172026,0.000000,0.000000,0.264297,0.000000,0.000000,0.000000,0.000000,0.000000,0.136145,rest_at_bed,1,60,8488,bed,none,,,0.000000,1.000000,0,none,,8.672197,8.672197,completed,60,6,rain,24.000000
22,1107,3448116802,133,Day 6 21:28,none,,8.672197,8.672197,completed,0.211667,0.000000,0.000000,0.976667,0.534167,0.086667,0.407899,0.000000,0.043000,10,1,1,1,0,0,0,1,1,1,1,1,0,0,1,0,1,0.290898,0.000000,0.235733,0.000000,0.000000,0.000000,0.000000,0.000000,0.000000,0.319281,0.000000,0.000000,0.000000,0.000000,0.000000,0.154088,use_phone,1,25,8513,phone,none,,,0.000000,1.000000,0,none,,8.672197,8.672197,completed,60,6,rain,24.000000
22,1107,3448116802,134,Day 6 21:53,none,,8.672197,8.672197,completed,0.000000,0.093629,0.000000,1.000000,0.555000,0.103333,0.407899,0.095000,0.128000,10,1,1,1,0,0,0,1,1,1,1,1,0,0,1,0,1,0.178222,0.141741,0.155247,0.000000,0.000000,0.000000,0.148856,0.000000,0.000000,0.258483,0.000000,0.000000,0.000000,0.000000,0.000000,0.117451,get_meal,1,35,8548,door,none,,,0.000000,1.000000,0,none,,8.672197,8.672197,completed,60,6,rain,24.000000
22,1107,3448116802,135,Day 6 22:28,none,,8.672197,8.672197,completed,0.000000,0.107629,0.000000,1.000000,0.034167,0.126667,0.407899,0.060000,0.107000,10,1,1,1,0,0,0,1,1,1,1,1,0,0,1,0,1,0.243657,0.000000,0.212537,0.000000,0.000000,0.000000,0.199054,0.000000,0.186148,0.000000,0.000000,0.000000,0.000000,0.000000,0.000000,0.158604,use_computer,1,30,8578,computer,none,,,0.000000,1.000000,0,none,,8.672197,8.672197,completed,60,6,rain,24.000000
22,1107,3448116802,136,Day 6 22:58,none,,8.672197,8.672197,completed,0.000000,0.222684,0.000000,0.990000,0.059167,0.146667,0.407899,0.140000,0.089000,10,1,1,1,0,0,0,1,1,1,1,1,0,0,1,0,1,0.225476,0.000000,0.200964,0.000000,0.000000,0.000000,0.231731,0.000000,0.187089,0.000000,0.000000,0.000000,0.000000,0.000000,0.000000,0.154740,use_phone,1,25,8603,phone,none,,,0.000000,1.000000,0,none,,8.672197,8.672197,completed,60,6,rain,24.000000
22,1107,3448116802,137,Day 6 23:23,none,,8.672197,8.672197,completed,0.000000,0.316313,0.000000,1.000000,0.080000,0.163333,0.407899,0.235000,0.174000,10,1,1,1,0,0,0,1,1,1,1,1,0,0,1,0,1,0.174089,0.162032,0.158040,0.000000,0.000000,0.000000,0.223003,0.000000,0.156534,0.000000,0.000000,0.000000,0.000000,0.000000,0.000000,0.126303,rest_at_bed,1,60,8663,bed,none,,,0.000000,1.000000,0,none,,8.672197,8.672197,completed,60,6,rain,24.000000
22,1107,3448116802,138,Day 7 00:23,none,,8.672197,8.672197,completed,0.060000,0.063497,0.000000,1.000000,0.130000,0.203333,0.407899,0.035000,0.138000,10,1,1,1,0,0,0,1,1,1,1,1,0,0,1,0,1,0.184191,0.137125,0.156953,0.000000,0.000000,0.000000,0.131308,0.000000,0.146666,0.131303,0.000000,0.000000,0.000000,0.000000,0.000000,0.112455,go_to_bathroom,1,15,8678,door,none,,,0.000000,1.000000,0,none,,8.672197,8.672197,completed,60,6,rain,24.000000
22,1107,3448116802,139,Day 7 00:38,none,,8.672197,8.672197,completed,0.065000,0.069497,0.000000,1.000000,0.142500,0.000000,0.407899,0.020000,0.129000,10,1,1,1,0,0,0,1,1,1,1,1,0,0,1,0,1,0.217050,0.158176,0.184826,0.000000,0.000000,0.000000,0.152577,0.000000,0.000000,0.156058,0.000000,0.000000,0.000000,0.000000,0.000000,0.131312,use_phone,1,25,8703,phone,none,,,0.000000,1.000000,0,none,,8.672197,8.672197,completed,60,6,rain,24.000000
22,1107,3448116802,140,Day 7 01:03,none,,8.672197,8.672197,completed,0.000000,0.163125,0.000000,1.000000,0.163333,0.016667,0.407899,0.115000,0.214000,10,1,1,1,0,0,0,1,1,1,1,1,0,0,1,0,1,0.191395,0.174104,0.168772,0.000000,0.000000,0.000000,0.177903,0.000000,0.000000,0.159139,0.000000,0.000000,0.000000,0.000000,0.000000,0.128687,rest_at_bed,1,60,8763,bed,none,,,0.000000,1.000000,0,none,,8.672197,8.672197,completed,60,6,rain,24.000000
22,1107,3448116802,141,Day 7 02:03,none,,8.672197,8.672197,completed,0.060000,0.000000,0.000000,1.000000,0.213333,0.056667,0.407899,0.000000,0.178000,10,1,1,1,0,0,0,1,1,1,1,1,0,0,1,0,1,0.250709,0.191909,0.211162,0.000000,0.000000,0.000000,0.000000,0.000000,0.000000,0.196984,0.000000,0.000000,0.000000,0.000000,0.000000,0.149236,get_meal,1,35,8798,door,none,,,0.000000,1.000000,0,none,,8.672197,8.672197,completed,60,6,rain,24.000000
22,1107,3448116802,142,Day 7 02:38,none,,8.672197,8.672197,completed,0.031667,0.014000,0.000000,1.000000,0.000000,0.080000,0.407899,0.000000,0.157000,10,1,1,1,0,0,0,1,1,1,1,1,0,0,1,0,1,0.310191,0.236879,0.263773,0.000000,0.000000,0.000000,0.000000,0.000000,0.000000,0.000000,0.000000,0.000000,0.000000,0.000000,0.000000,0.189157,shop_on_phone,1,20,8818,phone,none,,,0.000000,1.000000,0,none,,8.672197,8.672197,completed,30,6,rain,24.000000
22,1107,3448116802,143,Day 7 02:58,none,,8.672197,8.672197,completed,0.038333,0.024292,0.000000,1.000000,0.016667,0.093333,0.407899,0.060000,0.000000,10,1,1,1,0,0,0,1,1,1,1,1,0,0,1,0,1,0.404033,0.000000,0.344160,0.000000,0.000000,0.000000,0.000000,0.000000,0.000000,0.000000,0.000000,0.000000,0.000000,0.000000,0.000000,0.251807,use_phone,1,25,8843,phone,none,,,0.000000,1.000000,0,none,,8.672197,8.672197,completed,30,6,rain,24.000000
22,1107,3448116802,144,Day 7 03:23,none,,8.672197,8.672197,completed,0.000000,0.117920,0.000000,1.000000,0.037500,0.110000,0.407899,0.155000,0.085000,10,1,1,1,0,0,0,1,1,1,1,1,0,0,1,0,1,0.287793,0.000000,0.252140,0.000000,0.000000,0.000000,0.264778,0.000000,0.000000,0.000000,0.000000,0.000000,0.000000,0.000000,0.000000,0.195289,use_phone,1,25,8868,phone,none,,,0.000000,1.000000,0,none,,8.672197,8.672197,completed,30,6,rain,24.000000
22,1107,3448116802,145,Day 7 03:48,none,,8.672197,8.672197,completed,0.000000,0.211549,0.000000,1.000000,0.058333,0.126667,0.407899,0.250000,0.170000,10,1,1,1,0,0,0,1,1,1,1,1,0,0,1,0,1,0.181363,0.166022,0.161841,0.000000,0.000000,0.000000,0.207973,0.000000,0.152698,0.000000,0.000000,0.000000,0.000000,0.000000,0.000000,0.130103,rest_at_bed,1,60,8928,bed,none,,,0.000000,1.000000,0,none,,8.672197,8.672197,completed,30,6,rain,24.000000
22,1107,3448116802,146,Day 7 04:48,none,,8.672197,8.672197,completed,0.060000,0.000000,0.000000,1.000000,0.108333,0.166667,0.407899,0.050000,0.134000,10,1,1,1,0,0,0,1,1,1,1,1,0,0,1,0,1,0.253845,0.187160,0.214104,0.000000,0.000000,0.000000,0.000000,0.000000,0.190584,0.000000,0.000000,0.000000,0.000000,0.000000,0.000000,0.154307,shop_on_phone,1,20,8948,phone,none,,,0.000000,1.000000,0,none,,8.672197,8.672197,completed,0,6,rain,24.000000
22,1107,3448116802,147,Day 7 05:08,none,,8.672197,8.672197,completed,0.066667,0.010292,0.000000,1.000000,0.125000,0.180000,0.407899,0.110000,0.000000,10,1,1,1,0,0,0,1,1,1,1,1,0,0,1,0,1,0.213229,0.000000,0.180154,0.000000,0.000000,0.000000,0.154017,0.000000,0.166731,0.153397,0.000000,0.000000,0.000000,0.000000,0.000000,0.132472,rest_at_bed,1,60,9008,bed,none,,,0.000000,1.000000,0,none,,8.672197,8.672197,completed,0,6,rain,24.000000
22,1107,3448116802,148,Day 7 06:08,none,,8.672197,8.672197,completed,0.126667,0.000000,0.000000,1.000000,0.175000,0.220000,0.407899,0.000000,0.000000,10,1,1,1,0,0,0,1,1,1,1,1,0,0,1,0,1,0.260314,0.000000,0.215563,0.000000,0.000000,0.000000,0.000000,0.000000,0.194974,0.181942,0.000000,0.000000,0.000000,0.000000,0.000000,0.147207,use_computer,1,30,9038,computer,none,,,0.000000,1.000000,0,none,,8.672197,8.672197,completed,0,6,rain,24.000000
22,1107,3448116802,149,Day 7 06:38,none,,8.672197,8.672197,completed,0.000000,0.115056,0.000000,0.990000,0.200000,0.240000,0.407899,0.080000,0.000000,10,1,1,1,0,0,0,1,1,1,1,1,0,0,1,0,1,0.194374,0.000000,0.169856,0.000000,0.000000,0.000000,0.163861,0.000000,0.177420,0.166740,0.000000,0.000000,0.000000,0.000000,0.000000,0.127750,use_computer,1,30,9068,computer,none,,,0.000000,1.000000,0,none,,8.672197,8.672197,completed,0,6,rain,24.000000
22,1107,3448116802,150,Day 7 07:08,none,,8.672197,8.672197,completed,0.000000,0.230111,0.000000,0.980000,0.225000,0.260000,0.407899,0.160000,0.000000,10,1,1,1,0,0,0,1,1,1,1,1,0,0,1,0,1,0.179339,0.000000,0.160131,0.000000,0.000000,0.000000,0.190197,0.000000,0.177789,0.168276,0.000000,0.000000,0.000000,0.000000,0.000000,0.124269,get_meal,1,35,9103,door,none,alarm-rings,,0.000000,1.000000,0,none,,8.672197,8.672197,completed,0,6,rain,24.000000
22,1107,3448116802,151,Day 7 07:43,none,,8.672197,8.672197,completed,0.001667,0.244111,0.000000,1.000000,0.000000,0.283333,0.462093,0.125000,0.000000,11,1,1,1,0,0,0,1,1,1,1,1,0,1,1,0,1,0.166030,0.000000,0.148388,0.000000,0.000000,0.000000,0.170669,0.000000,0.168054,0.000000,0.000000,0.000000,0.233369,0.000000,0.000000,0.113490,rest_at_bed,1,60,9163,bed,none,,,0.000000,1.000000,0,none,,8.672197,8.672197,completed,0,6,rain,24.000000
22,1107,3448116802,152,Day 7 08:43,none,,8.672197,8.672197,completed,0.061667,0.000000,0.000000,1.000000,0.050000,0.323333,0.462093,0.000000,0.000000,11,1,1,1,0,0,0,1,1,1,1,1,0,1,1,0,1,0.218578,0.000000,0.184022,0.000000,0.000000,0.000000,0.000000,0.000000,0.202488,0.000000,0.000000,0.000000,0.264968,0.000000,0.000000,0.129944,use_computer,1,30,9193,computer,none,,,0.000000,1.000000,0,none,,8.672197,8.672197,completed,0,6,rain,24.000000
22,1107,3448116802,153,Day 7 09:13,none,,8.672197,8.672197,completed,0.000000,0.115056,0.000000,0.990000,0.075000,0.343333,0.462093,0.080000,0.000000,11,1,1,1,0,0,0,1,1,1,1,1,0,1,1,0,1,0.172900,0.000000,0.151090,0.000000,0.000000,0.000000,0.144657,0.000000,0.183995,0.000000,0.000000,0.000000,0.233723,0.000000,0.000000,0.113636,turn_off_alarm,1,1,9194,alarm,none,,,0.000000,1.000000,0,none,,8.672197,8.672197,completed,0,6,rain,24.000000
22,1107,3448116802,154,Day 7 09:14,none,,8.672197,8.672197,completed,0.000333,0.115456,0.000000,1.000000,0.075833,0.344000,0.442093,0.079000,0.000000,10,1,1,1,0,0,0,1,1,1,1,1,0,0,1,0,1,0.225561,0.000000,0.197099,0.000000,0.000000,0.000000,0.189068,0.000000,0.240115,0.000000,0.000000,0.000000,0.000000,0.000000,0.000000,0.148156,idle,1,10,9204,,none,,,0.000000,1.000000,0,none,,8.672197,8.672197,completed,0,6,rain,24.000000
22,1107,3448116802,155,Day 7 09:24,none,,8.672197,8.672197,completed,0.123667,0.119456,0.000000,0.946667,0.084167,0.350667,0.442093,0.069000,0.000000,10,1,1,1,0,0,0,1,1,1,1,1,0,0,1,0,1,0.241274,0.000000,0.204393,0.000000,0.000000,0.000000,0.179645,0.000000,0.231064,0.000000,0.000000,0.000000,0.000000,0.000000,0.000000,0.143624,use_computer,1,30,9234,computer,none,,,0.000000,1.000000,0,none,,8.672197,8.672197,completed,0,6,rain,24.000000
22,1107,3448116802,156,Day 7 09:54,none,,8.672197,8.672197,completed,0.000000,0.234511,0.000000,0.936667,0.109167,0.370667,0.442093,0.149000,0.000000,10,1,1,1,0,0,0,1,1,1,1,1,0,0,1,0,1,0.208524,0.000000,0.186270,0.000000,0.000000,0.000000,0.218568,0.000000,0.242705,0.000000,0.000000,0.000000,0.000000,0.000000,0.000000,0.143933,rest_at_bed,1,60,9294,bed,none,,,0.000000,1.000000,0,none,,8.672197,8.672197,completed,0,6,rain,24.000000
22,1107,3448116802,157,Day 7 10:54,none,,8.672197,8.672197,completed,0.060000,0.000000,0.000000,0.966667,0.159167,0.410667,0.442093,0.000000,0.000000,10,1,1,1,0,0,0,1,1,1,1,1,0,0,1,0,1,0.237006,0.000000,0.199621,0.000000,0.000000,0.000000,0.000000,0.000000,0.250344,0.171949,0.000000,0.000000,0.000000,0.000000,0.000000,0.141080,use_phone,1,25,9319,phone,none,,,0.000000,1.000000,0,none,,8.672197,8.672197,completed,0,6,rain,24.000000
22,1107,3448116802,158,Day 7 11:19,none,,8.672197,8.672197,completed,0.000000,0.093629,0.000000,0.998333,0.180000,0.427333,0.442093,0.095000,0.085000,10,1,1,1,0,0,0,1,1,1,1,1,0,0,1,0,1,0.185002,0.000000,0.161153,0.000000,0.000000,0.000000,0.153781,0.000000,0.223633,0.154513,0.000000,0.000000,0.000000,0.000000,0.000000,0.121918,go_to_bathroom,1,15,9334,door,none,,,0.000000,1.000000,0,none,,8.672197,8.672197,completed,0,6,rain,24.000000
22,1107,3448116802,159,Day 7 11:34,none,,8.672197,8.672197,completed,0.005000,0.099629,0.000000,1.000000,0.192500,0.000000,0.442093,0.080000,0.076000,10,1,1,1,0,0,0,1,1,1,1,1,0,0,1,0,1,0.238918,0.000000,0.207975,0.000000,0.000000,0.000000,0.195830,0.000000,0.000000,0.201259,0.000000,0.000000,0.000000,0.000000,0.000000,0.156018,use_computer,1,30,9364,computer,none,weather-clear,,0.000000,1.000000,0,none,,8.672197,8.672197,completed,0,6,clear,24.000000
22,1107,3448116802,160,Day 7 12:04,none,,8.672197,8.672197,completed,0.000000,0.214684,0.000000,0.990000,0.217500,0.020000,0.442093,0.160000,0.058000,10,1,1,1,0,0,0,1,1,1,1,1,0,0,1,0,1,0.220110,0.000000,0.196027,0.000000,0.000000,0.000000,0.228001,0.000000,0.000000,0.203736,0.000000,0.000000,0.000000,0.000000,0.000000,0.152126,idle,1,10,9374,,none,,,0.000000,1.000000,0,none,,8.672197,8.672197,completed,0,6,clear,24.000000
22,1107,3448116802,161,Day 7 12:14,none,,8.672197,8.672197,completed,0.123333,0.218684,0.000000,0.936667,0.225833,0.026667,0.442093,0.150000,0.052000,10,1,1,1,0,0,0,1,1,1,1,1,0,0,1,0,1,0.235595,0.000000,0.203412,0.000000,0.000000,0.000000,0.216778,0.000000,0.000000,0.196647,0.000000,0.000000,0.000000,0.000000,0.000000,0.147567,rest_at_bed,1,60,9434,bed,none,,,0.000000,1.000000,0,none,,8.672197,8.672197,completed,0,6,clear,24.000000
22,1107,3448116802,162,Day 7 13:14,none,,8.672197,8.672197,completed,0.183333,0.000000,0.000000,0.966667,0.275833,0.066667,0.442093,0.000000,0.016000,10,1,1,1,0,0,0,1,1,1,1,1,0,0,1,0,1,0.319731,0.000000,0.260973,0.000000,0.000000,0.000000,0.000000,0.000000,0.000000,0.246202,0.000000,0.000000,0.000000,0.000000,0.000000,0.173093,use_phone,1,25,9459,phone,none,,,0.000000,1.000000,0,none,,8.672197,8.672197,completed,0,6,clear,24.000000
22,1107,3448116802,163,Day 7 13:39,none,,8.672197,8.672197,completed,0.000000,0.093629,0.000000,0.998333,0.296667,0.083333,0.442093,0.095000,0.101000,10,1,1,1,0,0,0,1,1,1,1,1,0,0,1,0,1,0.229728,0.000000,0.200113,0.000000,0.000000,0.000000,0.190958,0.000000,0.000000,0.227808,0.000000,0.000000,0.000000,0.000000,0.000000,0.151393,get_meal,1,35,9494,door,none,,,0.000000,1.000000,0,none,,8.672197,8.672197,completed,0,6,clear,24.000000
22,1107,3448116802,164,Day 7 14:14,none,,8.672197,8.672197,completed,0.000000,0.107629,0.000000,1.000000,0.000000,0.106667,0.442093,0.060000,0.080000,10,1,1,1,0,0,0,1,1,1,1,1,0,0,1,0,1,0.299737,0.000000,0.261455,0.000000,0.000000,0.000000,0.243700,0.000000,0.000000,0.000000,0.000000,0.000000,0.000000,0.000000,0.000000,0.195108,use_computer,1,30,9524,computer,none,,,0.000000,1.000000,0,none,,8.672197,8.672197,completed,0,6,clear,24.000000
22,1107,3448116802,165,Day 7 14:44,none,,8.672197,8.672197,completed,0.000000,0.222684,0.000000,0.990000,0.025000,0.126667,0.442093,0.140000,0.062000,10,1,1,1,0,0,0,1,1,1,1,1,0,0,1,0,1,0.226970,0.000000,0.202295,0.000000,0.000000,0.000000,0.232153,0.000000,0.182817,0.000000,0.000000,0.000000,0.000000,0.000000,0.000000,0.155765,use_computer,1,30,9554,computer,none,,,0.000000,1.000000,0,none,,8.672197,8.672197,completed,0,6,clear,24.000000
22,1107,3448116802,166,Day 7 15:14,none,,8.672197,8.672197,completed,0.000000,0.337740,0.000000,0.980000,0.050000,0.146667,0.442093,0.220000,0.044000,10,1,1,1,0,0,0,1,1,1,1,1,0,0,1,0,1,0.208515,0.000000,0.189895,0.000000,0.000000,0.000000,0.268308,0.000000,0.182411,0.000000,0.000000,0.000000,0.000000,0.000000,0.000000,0.150871,go_to_bathroom,1,15,9569,door,none,,,0.000000,1.000000,0,none,,8.672197,8.672197,completed,0,6,clear,24.000000
22,1107,3448116802,167,Day 7 15:29,none,,8.672197,8.672197,completed,0.005000,0.343740,0.000000,1.000000,0.062500,0.000000,0.442093,0.205000,0.035000,10,1,1,1,0,0,0,1,1,1,1,1,0,0,1,0,1,0.256681,0.000000,0.233600,0.000000,0.000000,0.000000,0.325685,0.000000,0.000000,0.000000,0.000000,0.000000,0.000000,0.000000,0.000000,0.184034,use_computer,1,30,9599,computer,none,room-temperature-shift,,0.000000,1.000000,0,none,,8.672197,8.672197,completed,0,6,clear,17.000000
22,1107,3448116802,168,Day 7 15:59,none,,8.672197,8.672197,completed,0.000000,0.498795,0.000000,0.930000,0.087500,0.020000,0.442093,0.285000,0.017000,10,1,1,1,0,0,0,1,1,1,1,1,0,0,1,0,1,0.157504,0.000000,0.147638,0.000000,0.000000,0.000000,0.265156,0.309379,0.000000,0.000000,0.000000,0.000000,0.000000,0.000000,0.000000,0.120323,sleep_at_bed,1,480,10079,bed,none,message-study-group|evening,,0.000000,1.000000,0,none,,8.672197,8.672197,completed,0,7,clear,17.000000
22,1107,3448116802,169,Day 7 23:59,none,,8.672197,8.672197,completed,0.080000,0.167401,0.000000,0.850000,0.487500,0.340000,0.442093,0.000000,0.000000,10,1,1,1,0,0,0,1,1,1,1,1,0,0,1,0,1,0.186100,0.000000,0.160393,0.000000,0.000000,0.000000,0.141482,0.000000,0.178752,0.221078,0.000000,0.000000,0.000000,0.000000,0.000000,0.112195,idle,1,10,10089,,none,,,0.000000,1.000000,0,none,,8.672197,8.672197,completed,0,7,clear,17.000000
22,1107,3448116802,170,Day 8 00:09,none,,8.672197,8.672197,completed,0.203333,0.171401,0.000000,0.796667,0.495833,0.346667,0.442093,0.000000,0.000000,10,1,1,1,0,0,0,1,1,1,1,1,0,0,1,0,1,0.199566,0.000000,0.166794,0.000000,0.000000,0.000000,0.136287,0.000000,0.173173,0.214685,0.000000,0.000000,0.000000,0.000000,0.000000,0.109495,go_to_bathroom,1,15,10104,door,none,,,0.000000,1.000000,0,none,,8.672197,8.672197,completed,0,7,clear,17.000000
22,1107,3448116802,171,Day 8 00:24,none,,8.672197,8.672197,completed,0.208333,0.177401,0.000000,0.893999,0.508333,0.000000,0.442093,0.000000,0.000000,10,1,1,1,0,0,0,1,1,1,1,1,0,0,1,0,1,0.240423,0.000000,0.200889,0.000000,0.000000,0.000000,0.164642,0.000000,0.000000,0.262509,0.000000,0.000000,0.000000,0.000000,0.000000,0.131538,rest_at_bed,1,60,10164,bed,none,,,0.000000,1.000000,0,none,,8.672197,8.672197,completed,0,7,clear,17.000000
22,1107,3448116802,172,Day 8 01:24,none,,8.672197,8.672197,completed,0.268333,0.000000,0.000000,0.923999,0.558333,0.040000,0.442093,0.000000,0.000000,10,1,1,1,0,0,0,1,1,1,1,1,0,0,1,0,1,0.295330,0.000000,0.235896,0.000000,0.000000,0.000000,0.000000,0.000000,0.000000,0.319013,0.000000,0.000000,0.000000,0.000000,0.000000,0.149762,idle,1,10,10174,,none,,,0.000000,1.000000,0,none,,8.672197,8.672197,completed,0,7,clear,17.000000
22,1107,3448116802,173,Day 8 01:34,none,,8.672197,8.672197,completed,0.391667,0.004000,0.000000,0.870666,0.566667,0.046667,0.442093,0.000000,0.000000,10,1,1,1,0,0,0,1,1,1,1,1,0,0,1,0,1,0.311113,0.000000,0.240983,0.000000,0.000000,0.000000,0.000000,0.000000,0.000000,0.304323,0.000000,0.000000,0.000000,0.000000,0.000000,0.143580,use_computer,1,30,10204,computer,none,,,0.000000,1.000000,0,none,,8.672197,8.672197,completed,0,7,clear,17.000000
22,1107,3448116802,174,Day 8 02:04,none,,8.672197,8.672197,completed,0.241667,0.119056,0.000000,0.860666,0.591667,0.066667,0.442093,0.080000,0.000000,10,1,1,1,0,0,0,1,1,1,1,1,0,0,1,0,1,0.234114,0.000000,0.192504,0.000000,0.000000,0.000000,0.158442,0.000000,0.000000,0.287093,0.000000,0.000000,0.000000,0.000000,0.000000,0.127847,use_phone,1,25,10229,phone,none,,,0.000000,1.000000,0,none,,8.672197,8.672197,completed,0,7,clear,17.000000
22,1107,3448116802,175,Day 8 02:29,none,,8.672197,8.672197,completed,0.030000,0.212684,0.000000,0.892333,0.612500,0.083333,0.442093,0.175000,0.085000,10,1,1,1,0,0,0,1,1,1,1,1,0,0,1,0,1,0.192076,0.000000,0.169773,0.000000,0.000000,0.000000,0.196407,0.000000,0.000000,0.311248,0.000000,0.000000,0.000000,0.000000,0.000000,0.130497,use_phone,1,25,10254,phone,none,,,0.000000,1.000000,0,none,,8.672197,8.672197,completed,0,7,clear,17.000000
22,1107,3448116802,176,Day 8 02:54,none,,8.672197,8.672197,completed,0.000000,0.306313,0.000000,0.923999,0.633333,0.100000,0.442093,0.270000,0.170000,10,1,1,1,0,0,0,1,1,1,1,1,0,0,1,0,1,0.149140,0.139883,0.135297,0.000000,0.000000,0.000000,0.195336,0.000000,0.000000,0.270726,0.000000,0.000000,0.000000,0.000000,0.000000,0.109619,idle,1,10,10264,,none,,,0.000000,1.000000,0,none,,8.672197,8.672197,completed,0,7,clear,17.000000
22,1107,3448116802,177,Day 8 03:04,none,,8.672197,8.672197,completed,0.123333,0.310313,0.000000,0.870666,0.641667,0.106667,0.442093,0.260000,0.164000,10,1,1,1,0,0,0,1,1,1,1,1,0,0,1,0,1,0.161704,0.135540,0.142215,0.000000,0.000000,0.000000,0.188131,0.000000,0.000000,0.264697,0.000000,0.000000,0.000000,0.000000,0.000000,0.107714,idle,1,10,10274,,none,,,0.000000,1.000000,0,none,,8.672197,8.672197,completed,0,7,clear,17.000000
22,1107,3448116802,178,Day 8 03:14,none,,8.672197,8.672197,completed,0.246667,0.314313,0.000000,0.817333,0.650000,0.113333,0.442093,0.250000,0.158000,10,1,1,1,0,0,0,1,1,1,1,1,0,0,1,0,1,0.174979,0.131071,0.149192,0.000000,0.000000,0.000000,0.180833,0.000000,0.000000,0.258291,0.000000,0.000000,0.000000,0.000000,0.000000,0.105633,use_phone,1,25,10299,phone,none,,,0.000000,1.000000,0,none,,8.672197,8.672197,completed,0,7,clear,17.000000
22,1107,3448116802,179,Day 8 03:39,none,,8.672197,8.672197,completed,0.035000,0.407941,0.000000,0.848999,0.670833,0.130000,0.442093,0.345000,0.243000,10,1,1,1,0,0,0,1,1,1,1,1,0,0,1,0,1,0.101356,0.106854,0.092895,0.000000,0.000000,0.000000,0.158263,0.177457,0.089350,0.197701,0.000000,0.000000,0.000000,0.000000,0.000000,0.076124,get_meal,1,35,10334,door,none,,,0.000000,1.000000,0,none,,8.672197,8.672197,completed,0,7,clear,17.000000
22,1107,3448116802,180,Day 8 04:14,none,,8.672197,8.672197,completed,0.006667,0.421941,0.000000,0.979665,0.150000,0.153333,0.442093,0.310000,0.222000,10,1,1,1,0,0,0,1,1,1,1,1,0,0,1,0,1,0.112449,0.116543,0.103950,0.000000,0.000000,0.000000,0.176224,0.198274,0.104011,0.103289,0.000000,0.000000,0.000000,0.000000,0.000000,0.085259,sleep_at_bed,1,480,10814,bed,none,alarm-rings,,0.000000,1.000000,0,none,,8.672197,8.672197,completed,0,7,clear,17.000000
22,1107,3448116802,181,Day 8 12:14,none,,8.672197,8.672197,completed,0.116667,0.090547,0.000000,0.899665,0.550000,0.473333,0.496288,0.000000,0.000000,11,1,1,1,0,0,0,1,1,1,1,1,0,1,1,0,1,0.150774,0.000000,0.127089,0.000000,0.000000,0.000000,0.100205,0.000000,0.168557,0.187496,0.000000,0.000000,0.178644,0.000000,0.000000,0.087236,rest_at_bed,1,60,10874,bed,none,message-study-group,,0.000000,1.000000,0,none,,8.672197,8.672197,completed,0,8,clear,17.000000
22,1107,3448116802,182,Day 8 13:14,none,,8.672197,8.672197,completed,0.176667,0.000000,0.000000,0.929665,0.600000,0.513333,0.496288,0.000000,0.000000,11,1,1,1,0,0,0,1,1,1,1,1,0,1,1,0,1,0.171776,0.000000,0.140446,0.000000,0.000000,0.000000,0.000000,0.000000,0.190058,0.214432,0.000000,0.000000,0.189815,0.000000,0.000000,0.093473,use_computer,1,30,10904,computer,none,,,0.000000,1.000000,0,none,,8.672197,8.672197,completed,0,8,clear,17.000000
22,1107,3448116802,183,Day 8 13:44,none,,8.672197,8.672197,completed,0.026667,0.115056,0.000000,0.919665,0.625000,0.533333,0.496288,0.080000,0.000000,11,1,1,1,0,0,0,1,1,1,1,1,0,1,1,0,1,0.131543,0.000000,0.114172,0.000000,0.000000,0.000000,0.106907,0.000000,0.181172,0.205862,0.000000,0.000000,0.175645,0.000000,0.000000,0.084699,get_meal,1,35,10939,door,none,weather-clear,,0.000000,1.000000,0,none,,8.672197,8.672197,completed,0,8,clear,17.000000
22,1107,3448116802,184,Day 8 14:19,none,,8.672197,8.672197,completed,0.000000,0.129056,0.000000,1.000000,0.104167,0.556667,0.496288,0.045000,0.000000,11,1,1,1,0,0,0,1,1,1,1,1,0,1,1,0,1,0.163056,0.000000,0.142683,0.000000,0.000000,0.000000,0.132798,0.000000,0.235279,0.000000,0.000000,0.000000,0.220332,0.000000,0.000000,0.105852,go_to_bathroom,1,15,10954,door,none,,,0.000000,1.000000,0,none,,8.672197,8.672197,completed,0,8,clear,17.000000
22,1107,3448116802,185,Day 8 14:34,none,,8.672197,8.672197,completed,0.005000,0.135056,0.000000,1.000000,0.116667,0.000000,0.496288,0.030000,0.000000,11,1,1,1,0,0,0,1,1,1,1,1,0,1,1,0,1,0.214645,0.000000,0.187698,0.000000,0.000000,0.000000,0.172379,0.000000,0.000000,0.000000,0.000000,0.000000,0.287204,0.000000,0.000000,0.138075,use_computer,1,30,10984,computer,none,,,0.000000,1.000000,0,none,,8.672197,8.672197,completed,0,8,clear,17.000000
22,1107,3448116802,186,Day 8 15:04,none,,8.672197,8.672197,completed,0.000000,0.250111,0.000000,0.990000,0.141667,0.020000,0.496288,0.110000,0.000000,11,1,1,1,0,0,0,1,1,1,1,1,0,1,1,0,1,0.171732,0.000000,0.153639,0.000000,0.000000,0.000000,0.174293,0.000000,0.000000,0.140049,0.000000,0.000000,0.243368,0.000000,0.000000,0.116919,turn_off_alarm,1,1,10985,alarm,none,,,0.000000,1.000000,0,none,,8.672197,8.672197,completed,0,8,clear,17.000000
22,1107,3448116802,187,Day 8 15:05,none,,8.672197,8.672197,completed,0.000333,0.250511,0.000000,1.000000,0.142500,0.020667,0.476288,0.109000,0.000000,10,1,1,1,0,0,0,1,1,1,1,1,0,0,1,0,1,0.226871,0.000000,0.202960,0.000000,0.000000,0.000000,0.230684,0.000000,0.000000,0.185121,0.000000,0.000000,0.000000,0.000000,0.000000,0.154365,use_computer,1,30,11015,computer,none,,,0.000000,1.000000,0,none,,8.672197,8.672197,completed,0,8,clear,17.000000
22,1107,3448116802,188,Day 8 15:35,none,,8.672197,8.672197,completed,0.000000,0.365567,0.000000,0.990000,0.167500,0.040667,0.476288,0.189000,0.000000,10,1,1,1,0,0,0,1,1,1,1,1,0,0,1,0,1,0.208156,0.000000,0.190291,0.000000,0.000000,0.000000,0.266349,0.000000,0.000000,0.185843,0.000000,0.000000,0.000000,0.000000,0.000000,0.149361,rest_at_bed,1,60,11075,bed,none,,,0.000000,1.000000,0,none,,8.672197,8.672197,completed,0,8,clear,17.000000
22,1107,3448116802,189,Day 8 16:35,none,,8.672197,8.672197,completed,0.060000,0.112751,0.000000,1.000000,0.217500,0.080667,0.476288,0.000000,0.000000,10,1,1,1,0,0,0,1,1,1,1,1,0,0,1,0,1,0.250529,0.000000,0.215043,0.000000,0.000000,0.000000,0.180613,0.000000,0.000000,0.201837,0.000000,0.000000,0.000000,0.000000,0.000000,0.151978,use_phone,1,25,11100,phone,none,,,0.000000,1.000000,0,none,,8.672197,8.672197,completed,0,8,clear,17.000000
22,1107,3448116802,190,Day 8 17:00,none,,8.672197,8.672197,completed,0.000000,0.206379,0.000000,1.000000,0.238333,0.097333,0.476288,0.095000,0.085000,10,1,1,1,0,0,0,1,1,1,1,1,0,0,1,0,1,0.225442,0.000000,0.200132,0.000000,0.000000,0.000000,0.213932,0.000000,0.000000,0.209087,0.000000,0.000000,0.000000,0.000000,0.000000,0.151407,use_phone,1,25,11125,phone,none,,,0.000000,1.000000,0,none,,8.672197,8.672197,completed,0,8,clear,17.000000
22,1107,3448116802,191,Day 8 17:25,none,,8.672197,8.672197,completed,0.000000,0.300008,0.000000,1.000000,0.259167,0.114000,0.476288,0.190000,0.170000,10,1,1,1,0,0,0,1,1,1,1,1,0,0,1,0,1,0.175011,0.158561,0.158243,0.000000,0.000000,0.000000,0.206996,0.000000,0.000000,0.176934,0.000000,0.000000,0.000000,0.000000,0.000000,0.124256,use_phone,1,25,11150,phone,none,,,0.000000,1.000000,0,none,,8.672197,8.672197,completed,0,8,clear,17.000000
22,1107,3448116802,192,Day 8 17:50,none,,8.672197,8.672197,completed,0.000000,0.393636,0.000000,1.000000,0.280000,0.130667,0.476288,0.285000,0.255000,10,1,1,1,0,0,0,1,1,1,1,1,0,0,1,0,1,0.113060,0.121238,0.104124,0.000000,0.000000,0.000000,0.166673,0.185256,0.100191,0.124599,0.000000,0.000000,0.000000,0.000000,0.000000,0.084860,use_phone,1,25,11175,phone,none,room-temperature-shift,,0.000000,1.000000,0,none,,8.672197,8.672197,completed,0,8,clear,24.000000
22,1107,3448116802,193,Day 8 18:15,none,,8.672197,8.672197,completed,0.000000,0.487265,0.000000,1.000000,0.300833,0.147333,0.476288,0.380000,0.340000,10,1,1,1,0,0,0,1,1,1,1,1,0,0,1,0,1,0.098398,0.124885,0.092301,0.000000,0.000000,0.000000,0.180800,0.212840,0.094492,0.118208,0.000000,0.000000,0.000000,0.000000,0.000000,0.078076,use_phone,1,25,11200,phone,none,,,0.000000,1.000000,0,none,,8.672197,8.672197,completed,0,8,clear,24.000000
22,1107,3448116802,194,Day 8 18:40,none,,8.672197,8.672197,completed,0.000000,0.580893,0.000000,1.000000,0.321667,0.164000,0.476288,0.475000,0.425000,10,1,1,1,0,0,0,1,1,1,1,1,0,0,1,0,1,0.084802,0.127387,0.081023,0.000000,0.000000,0.000000,0.194211,0.242145,0.088247,0.111050,0.000000,0.000000,0.000000,0.000000,0.000000,0.071134,use_computer,1,30,11230,computer,none,evening,,0.000000,1.000000,0,none,,8.672197,8.672197,completed,0,8,clear,24.000000
22,1107,3448116802,195,Day 8 19:10,none,,8.672197,8.672197,completed,0.000000,0.695949,0.000000,0.990000,0.346667,0.184000,0.476288,0.555000,0.407000,10,1,1,1,0,0,0,1,1,1,1,1,0,0,1,0,1,0.078650,0.121618,0.000000,0.000000,0.000000,0.000000,0.226599,0.302026,0.088892,0.112657,0.000000,0.000000,0.000000,0.000000,0.000000,0.069557,sleep_at_bed,1,480,11710,bed,none,,,0.000000,1.000000,0,none,,8.672197,8.672197,completed,0,8,clear,24.000000
22,1107,3448116802,196,Day 9 03:10,none,,8.672197,8.672197,completed,0.080000,0.364555,0.000000,0.910000,0.746667,0.504000,0.476288,0.000000,0.119000,10,1,1,1,0,0,0,1,1,1,1,1,0,0,1,0,1,0.137348,0.101664,0.122359,0.000000,0.000000,0.000000,0.132100,0.000000,0.173971,0.246969,0.000000,0.000000,0.000000,0.000000,0.000000,0.085590,use_phone,1,25,11735,phone,none,,,0.000000,1.000000,0,none,,8.672197,8.672197,completed,0,8,clear,24.000000
22,1107,3448116802,197,Day 9 03:35,none,,8.672197,8.672197,completed,0.000000,0.458184,0.000000,0.941667,0.767500,0.520667,0.476288,0.095000,0.204000,10,1,1,1,0,0,0,1,1,1,1,1,0,0,1,0,1,0.118549,0.110884,0.109783,0.000000,0.000000,0.000000,0.152835,0.000000,0.174997,0.249897,0.000000,0.000000,0.000000,0.000000,0.000000,0.083055,shop_on_phone,0,0,11735,phone,resource_insufficient,,,0.000000,1.000000,0,none,,8.672197,8.672197,completed,0,8,clear,24.000000
22,1107,3448116802,198,Day 9 03:35,none,,8.672197,8.672197,completed,0.000000,0.458184,0.000000,0.911667,0.767500,0.520667,0.506288,0.095000,0.204000,10,1,1,1,0,0,0,1,1,1,1,1,0,0,1,0,1,0.118625,0.110955,0.109853,0.000000,0.000000,0.000000,0.152293,0.000000,0.175109,0.250057,0.000000,0.000000,0.000000,0.000000,0.000000,0.083108,get_meal,1,35,11770,door,none,,,0.000000,1.000000,0,none,,8.672197,8.672197,completed,0,8,clear,24.000000
22,1107,3448116802,199,Day 9 04:10,none,,8.672197,8.672197,completed,0.000000,0.472184,0.000000,1.000000,0.246667,0.544000,0.506288,0.060000,0.183000,10,1,1,1,0,0,0,1,1,1,1,1,0,0,1,0,1,0.137923,0.123917,0.127900,0.000000,0.000000,0.000000,0.173194,0.000000,0.208191,0.133430,0.000000,0.000000,0.000000,0.000000,0.000000,0.095444,idle,1,10,11780,,none,,,0.000000,1.000000,0,none,,8.672197,8.672197,completed,0,8,clear,24.000000
22,1107,3448116802,200,Day 9 04:20,none,,8.672197,8.672197,completed,0.123333,0.476184,0.000000,0.946667,0.255000,0.550667,0.506288,0.050000,0.177000,10,1,1,1,0,0,0,1,1,1,1,1,0,0,1,0,1,0.149815,0.120289,0.134686,0.000000,0.000000,0.000000,0.167110,0.000000,0.203446,0.130697,0.000000,0.000000,0.000000,0.000000,0.000000,0.093957,shop_on_phone,0,0,11780,phone,resource_insufficient,,,0.000000,1.000000,0,none,,8.672197,8.672197,completed,0,8,clear,24.000000
22,1107,3448116802,201,Day 9 04:20,none,,8.672197,8.672197,completed,0.123333,0.476184,0.000000,0.916667,0.255000,0.550667,0.536288,0.050000,0.177000,10,1,1,1,0,0,0,1,1,1,1,1,0,0,1,0,1,0.149920,0.120373,0.134781,0.000000,0.000000,0.000000,0.166527,0.000000,0.203588,0.130789,0.000000,0.000000,0.000000,0.000000,0.000000,0.094022,go_to_bathroom,1,15,11795,door,none,,,0.000000,1.000000,0,none,,8.672197,8.672197,completed,0,8,clear,24.000000
22,1107,3448116802,202,Day 9 04:35,none,,8.672197,8.672197,completed,0.128333,0.482184,0.000000,1.000000,0.267500,0.000000,0.536288,0.035000,0.168000,10,1,1,1,0,0,0,1,1,1,1,1,0,0,1,0,1,0.189358,0.148828,0.170119,0.000000,0.000000,0.000000,0.207403,0.000000,0.000000,0.166615,0.000000,0.000000,0.000000,0.000000,0.000000,0.117676,use_phone,1,25,11820,phone,none,,,0.000000,1.000000,0,none,,8.672197,8.672197,completed,0,8,clear,24.000000
22,1107,3448116802,203,Day 9 05:00,none,,8.672197,8.672197,completed,0.000000,0.575812,0.000000,1.000000,0.288333,0.016667,0.536288,0.130000,0.253000,10,1,1,1,0,0,0,1,1,1,1,1,0,0,1,0,1,0.122378,0.126447,0.115703,0.000000,0.000000,0.000000,0.187745,0.227079,0.000000,0.131906,0.000000,0.000000,0.000000,0.000000,0.000000,0.088742,sleep_at_bed,1,480,12300,bed,none,alarm-rings,,0.000000,1.000000,0,none,,8.672197,8.672197,completed,0,8,clear,24.000000
22,1107,3448116802,204,Day 9 13:00,none,,8.672197,8.672197,completed,0.110000,0.244418,0.000000,0.920000,0.688333,0.336667,0.590483,0.000000,0.000000,11,1,1,1,0,0,0,1,1,1,1,1,0,1,1,0,1,0.142063,0.000000,0.123089,0.000000,0.000000,0.000000,0.113053,0.000000,0.133846,0.223570,0.000000,0.000000,0.179598,0.000000,0.000000,0.084781,use_phone,1,25,12325,phone,none,,,0.000000,1.000000,0,none,,8.672197,8.672197,completed,0,8,clear,24.000000
22,1107,3448116802,205,Day 9 13:25,none,,8.672197,8.672197,completed,0.000000,0.338046,0.000000,0.951667,0.709167,0.353333,0.590483,0.095000,0.085000,11,1,1,1,0,0,0,1,1,1,1,1,0,1,1,0,1,0.122074,0.000000,0.110791,0.000000,0.000000,0.000000,0.133819,0.000000,0.137744,0.231445,0.000000,0.000000,0.180310,0.000000,0.000000,0.083817,use_phone,1,25,12350,phone,none,,,0.000000,1.000000,0,none,,8.672197,8.672197,completed,0,8,clear,24.000000
22,1107,3448116802,206,Day 9 13:50,none,,8.672197,8.672197,completed,0.000000,0.431675,0.000000,0.983333,0.730000,0.370000,0.590483,0.190000,0.170000,11,1,1,1,0,0,0,1,1,1,1,1,0,1,1,0,1,0.088095,0.081599,0.081435,0.000000,0.000000,0.000000,0.120366,0.137214,0.107719,0.182067,0.000000,0.000000,0.137559,0.000000,0.000000,0.063945,go_to_bathroom,1,15,12365,door,none,,,0.000000,1.000000,0,none,,8.672197,8.672197,completed,0,8,clear,24.000000
22,1107,3448116802,207,Day 9 14:05,none,,8.672197,8.672197,completed,0.005000,0.437675,0.000000,1.000000,0.742500,0.000000,0.590483,0.175000,0.161000,11,1,1,1,0,0,0,1,1,1,1,1,0,1,1,0,1,0.099346,0.090077,0.091773,0.000000,0.000000,0.000000,0.133847,0.152806,0.000000,0.207085,0.000000,0.000000,0.153609,0.000000,0.000000,0.071456,use_phone,1,25,12390,phone,none,message-study-group,,0.000000,1.000000,0,none,,8.672197,8.672197,completed,0,9,clear,24.000000
22,1107,3448116802,208,Day 9 14:30,none,,8.672197,8.672197,completed,0.000000,0.531304,0.000000,1.000000,0.763333,0.016667,0.590483,0.270000,0.246000,11,1,1,1,0,0,0,1,1,1,1,1,0,1,1,0,1,0.087457,0.094239,0.082393,0.000000,0.000000,0.000000,0.147531,0.178387,0.000000,0.199629,0.000000,0.000000,0.143607,0.000000,0.000000,0.066756,rest_at_bed,1,60,12450,bed,none,weather-clear|room-temperature-shift,,0.000000,1.000000,0,none,,8.672197,8.672197,completed,0,9,clear,24.000000
22,1107,3448116802,209,Day 9 15:30,none,,8.672197,8.672197,completed,0.060000,0.278487,0.000000,1.000000,0.813333,0.056667,0.590483,0.070000,0.210000,11,1,1,1,0,0,0,1,1,1,1,1,0,1,1,0,1,0.129068,0.111243,0.114135,0.000000,0.000000,0.000000,0.121168,0.000000,0.000000,0.264623,0.000000,0.000000,0.176857,0.000000,0.000000,0.082905,shop_on_phone,0,0,12450,phone,resource_insufficient,,,0.000000,1.000000,0,none,,8.672197,8.672197,completed,0,9,clear,24.000000
22,1107,3448116802,210,Day 9 15:30,none,,8.672197,8.672197,completed,0.060000,0.278487,0.000000,0.970000,0.813333,0.056667,0.620483,0.070000,0.210000,11,1,1,1,0,0,0,1,1,1,1,1,0,1,1,0,1,0.128893,0.111092,0.113980,0.000000,0.000000,0.000000,0.120497,0.000000,0.000000,0.264265,0.000000,0.000000,0.178480,0.000000,0.000000,0.082793,turn_off_alarm,1,1,12451,alarm,none,,,0.000000,1.000000,0,none,,8.672197,8.672197,completed,0,9,clear,24.000000
22,1107,3448116802,211,Day 9 15:31,none,,8.672197,8.672197,completed,0.060333,0.278887,0.000000,0.999667,0.814167,0.057333,0.600483,0.069000,0.209400,10,1,1,1,0,0,0,1,1,1,1,1,0,0,1,0,1,0.156865,0.135009,0.138709,0.000000,0.000000,0.000000,0.146921,0.000000,0.000000,0.321798,0.000000,0.000000,0.000000,0.000000,0.000000,0.100699,shop_on_phone,0,0,12451,phone,resource_insufficient,,,0.000000,1.000000,0,none,,8.672197,8.672197,completed,0,9,clear,24.000000
22,1107,3448116802,212,Day 9 15:31,none,,8.672197,8.672197,completed,0.060333,0.278887,0.000000,0.969667,0.814167,0.057333,0.630483,0.069000,0.209400,10,1,1,1,0,0,0,1,1,1,1,1,0,0,1,0,1,0.156961,0.135092,0.138795,0.000000,0.000000,0.000000,0.146395,0.000000,0.000000,0.321996,0.000000,0.000000,0.000000,0.000000,0.000000,0.100761,shop_on_phone,0,0,12451,phone,resource_insufficient,,,0.000000,1.000000,0,none,,8.672197,8.672197,completed,0,9,clear,24.000000
22,1107,3448116802,213,Day 9 15:31,none,,8.672197,8.672197,completed,0.060333,0.278887,0.000000,0.939667,0.814167,0.057333,0.660483,0.069000,0.209400,10,1,1,1,0,0,0,1,1,1,1,1,0,0,1,0,1,0.157057,0.135175,0.138880,0.000000,0.000000,0.000000,0.145872,0.000000,0.000000,0.322193,0.000000,0.000000,0.000000,0.000000,0.000000,0.100823,use_computer,1,30,12481,computer,none,,,0.000000,1.000000,0,none,,8.672197,8.672197,completed,0,9,clear,24.000000
22,1107,3448116802,214,Day 9 16:01,none,,8.672197,8.672197,completed,0.000000,0.393943,0.000000,0.929667,0.839167,0.077333,0.660483,0.149000,0.191400,10,1,1,1,0,0,0,1,1,1,1,1,0,0,1,0,1,0.139625,0.129963,0.128107,0.000000,0.000000,0.000000,0.172342,0.000000,0.000000,0.330973,0.000000,0.000000,0.000000,0.000000,0.000000,0.098990,rest_at_bed,1,60,12541,bed,none,,,0.000000,1.000000,0,none,,8.672197,8.672197,completed,0,9,clear,24.000000
22,1107,3448116802,215,Day 9 17:01,none,,8.672197,8.672197,completed,0.060000,0.141127,0.000000,0.959667,0.889167,0.117333,0.660483,0.000000,0.155400,10,1,1,1,0,0,0,1,1,1,1,1,0,0,1,0,1,0.162996,0.123979,0.140576,0.000000,0.000000,0.000000,0.118543,0.000000,0.000000,0.354555,0.000000,0.000000,0.000000,0.000000,0.000000,0.099350,idle,1,10,12551,,none,,,0.000000,1.000000,0,none,,8.672197,8.672197,completed,0,9,clear,24.000000
22,1107,3448116802,216,Day 9 17:11,none,,8.672197,8.672197,completed,0.183333,0.145127,0.000000,0.906333,0.897500,0.124000,0.660483,0.000000,0.149400,10,1,1,1,0,0,0,1,1,1,1,1,0,0,1,0,1,0.158007,0.107856,0.132150,0.000000,0.000000,0.000000,0.103225,0.000000,0.099871,0.311242,0.000000,0.000000,0.000000,0.000000,0.000000,0.087650,use_computer,1,30,12581,computer,none,,,0.000000,1.000000,0,none,,8.672197,8.672197,completed,0,9,clear,24.000000
22,1107,3448116802,217,Day 9 17:41,none,,8.672197,8.672197,completed,0.033333,0.260183,0.000000,0.896333,0.922500,0.144000,0.660483,0.080000,0.131400,10,1,1,1,0,0,0,1,1,1,1,1,0,0,1,0,1,0.132681,0.105406,0.117800,0.000000,0.000000,0.000000,0.124981,0.000000,0.104393,0.327650,0.000000,0.000000,0.000000,0.000000,0.000000,0.087091,get_meal,1,35,12616,door,none,evening,,0.000000,1.000000,0,none,,8.672197,8.672197,completed,0,9,clear,24.000000
22,1107,3448116802,218,Day 9 18:16,none,,8.672197,8.672197,completed,0.005000,0.274183,0.000000,1.000000,0.401667,0.167333,0.660483,0.045000,0.110400,10,1,1,1,0,0,0,1,1,1,1,1,0,0,1,0,1,0.182084,0.000000,0.163056,0.000000,0.000000,0.000000,0.172141,0.000000,0.150319,0.211746,0.000000,0.000000,0.000000,0.000000,0.000000,0.120655,use_computer,1,30,12646,computer,none,,,0.000000,1.000000,0,none,,8.672197,8.672197,completed,0,9,clear,24.000000
22,1107,3448116802,219,Day 9 18:46,none,,8.672197,8.672197,completed,0.000000,0.389238,0.000000,0.990000,0.426667,0.187333,0.660483,0.125000,0.092400,10,1,1,1,0,0,0,1,1,1,1,1,0,0,1,0,1,0.166924,0.000000,0.152931,0.000000,0.000000,0.000000,0.199433,0.000000,0.150350,0.213296,0.000000,0.000000,0.000000,0.000000,0.000000,0.117066,rest_at_bed,1,60,12706,bed,none,,,0.000000,1.000000,0,none,,8.672197,8.672197,completed,0,9,clear,24.000000
22,1107,3448116802,220,Day 9 19:46,none,,8.672197,8.672197,completed,0.060000,0.136422,0.000000,1.000000,0.476667,0.227333,0.660483,0.000000,0.056400,10,1,1,1,0,0,0,1,1,1,1,1,0,0,1,0,1,0.192251,0.000000,0.165677,0.000000,0.000000,0.000000,0.139021,0.000000,0.158251,0.227711,0.000000,0.000000,0.000000,0.000000,0.000000,0.117090,use_computer,1,30,12736,computer,none,,,0.000000,1.000000,0,none,,8.672197,8.672197,completed,0,9,clear,24.000000
22,1107,3448116802,221,Day 9 20:16,none,,8.672197,8.672197,completed,0.000000,0.251478,0.000000,0.990000,0.501667,0.247333,0.660483,0.080000,0.038400,10,1,1,1,0,0,0,1,1,1,1,1,0,0,1,0,1,0.171243,0.000000,0.153109,0.000000,0.000000,0.000000,0.164517,0.000000,0.161679,0.234298,0.000000,0.000000,0.000000,0.000000,0.000000,0.115154,get_meal,1,35,12771,door,none,,,0.000000,1.000000,0,none,,8.672197,8.672197,completed,0,9,clear,24.000000
22,1107,3448116802,222,Day 9 20:51,none,,8.672197,8.672197,completed,0.000000,0.265478,0.000000,1.000000,0.000000,0.270667,0.660483,0.045000,0.017400,10,1,1,1,0,0,0,1,1,1,1,1,0,0,1,0,1,0.223980,0.000000,0.200536,0.000000,0.000000,0.000000,0.210472,0.000000,0.216242,0.000000,0.000000,0.000000,0.000000,0.000000,0.000000,0.148771,go_to_bathroom,1,15,12786,door,none,,,0.000000,1.000000,0,none,,8.672197,8.672197,completed,0,9,clear,24.000000
22,1107,3448116802,223,Day 9 21:06,none,,8.672197,8.672197,completed,0.005000,0.271478,0.000000,1.000000,0.012500,0.000000,0.660483,0.030000,0.008400,10,1,1,1,0,0,0,1,1,1,1,1,0,0,1,0,1,0.287399,0.000000,0.257140,0.000000,0.000000,0.000000,0.266304,0.000000,0.000000,0.000000,0.000000,0.000000,0.000000,0.000000,0.000000,0.189158,idle,1,10,12796,,none,,,0.000000,1.000000,0,none,,8.672197,8.672197,completed,0,9,clear,24.000000
22,1107,3448116802,224,Day 9 21:16,none,,8.672197,8.672197,completed,0.128333,0.275478,0.000000,0.946667,0.020833,0.006667,0.660483,0.020000,0.002400,10,1,1,1,0,0,0,1,1,1,1,1,0,0,1,0,1,0.304232,0.000000,0.263890,0.000000,0.000000,0.000000,0.250408,0.000000,0.000000,0.000000,0.000000,0.000000,0.000000,0.000000,0.000000,0.181470,rest_at_bed,1,60,12856,bed,none,,,0.000000,1.000000,0,none,,8.672197,8.672197,completed,0,9,clear,24.000000
22,1107,3448116802,225,Day 9 22:16,none,,8.672197,8.672197,completed,0.188333,0.022661,0.000000,0.976667,0.070833,0.046667,0.660483,0.000000,0.000000,10,1,1,1,0,0,0,1,1,1,1,1,0,0,1,0,1,0.423793,0.000000,0.346788,0.000000,0.000000,0.000000,0.000000,0.000000,0.000000,0.000000,0.000000,0.000000,0.000000,0.000000,0.000000,0.229420,idle,1,10,12866,,none,,,0.000000,1.000000,0,none,,8.672197,8.672197,completed,0,9,clear,24.000000
22,1107,3448116802,226,Day 9 22:26,none,,8.672197,8.672197,completed,0.311667,0.026661,0.000000,0.923333,0.079167,0.053333,0.660483,0.000000,0.000000,10,1,1,1,0,0,0,1,1,1,1,1,0,0,1,0,1,0.437406,0.000000,0.347096,0.000000,0.000000,0.000000,0.000000,0.000000,0.000000,0.000000,0.000000,0.000000,0.000000,0.000000,0.000000,0.215498,idle,1,10,12876,,none,,,0.000000,1.000000,0,none,,8.672197,8.672197,completed,0,9,clear,24.000000
22,1107,3448116802,227,Day 9 22:36,none,,8.672197,8.672197,completed,0.435000,0.030661,0.000000,0.870000,0.087500,0.060000,0.660483,0.000000,0.000000,10,1,1,1,0,0,0,1,1,1,1,1,0,0,1,0,1,0.450878,0.000000,0.346960,0.000000,0.000000,0.000000,0.000000,0.000000,0.000000,0.000000,0.000000,0.000000,0.000000,0.000000,0.000000,0.202162,use_phone,1,25,12901,phone,none,,,0.000000,1.000000,0,none,,8.672197,8.672197,completed,0,9,clear,24.000000
22,1107,3448116802,228,Day 9 23:01,none,,8.672197,8.672197,completed,0.223333,0.124290,0.000000,0.901667,0.108333,0.076667,0.660483,0.095000,0.085000,10,1,1,1,0,0,0,1,1,1,1,1,0,0,1,0,1,0.325934,0.000000,0.269608,0.000000,0.000000,0.000000,0.222640,0.000000,0.000000,0.000000,0.000000,0.000000,0.000000,0.000000,0.000000,0.181817,use_phone,1,25,12926,phone,none,,,0.000000,1.000000,0,none,,8.672197,8.672197,completed,0,9,clear,24.000000
22,1107,3448116802,229,Day 9 23:26,none,,8.672197,8.672197,completed,0.011667,0.217919,0.000000,0.933333,0.129167,0.093333,0.660483,0.190000,0.170000,10,1,1,1,0,0,0,1,1,1,1,1,0,0,1,0,1,0.188139,0.166525,0.167288,0.000000,0.000000,0.000000,0.194175,0.000000,0.000000,0.153301,0.000000,0.000000,0.000000,0.000000,0.000000,0.130571,use_phone,1,25,12951,phone,none,,,0.000000,1.000000,0,none,,8.672197,8.672197,completed,0,9,clear,24.000000
22,1107,3448116802,230,Day 9 23:51,none,,8.672197,8.672197,completed,0.000000,0.311547,0.000000,0.965000,0.150000,0.110000,0.660483,0.285000,0.255000,10,1,1,1,0,0,0,1,1,1,1,1,0,0,1,0,1,0.169374,0.179139,0.153852,0.000000,0.000000,0.000000,0.220203,0.000000,0.000000,0.152046,0.000000,0.000000,0.000000,0.000000,0.000000,0.125387,idle,1,10,12961,,none,,,0.000000,1.000000,0,none,,8.672197,8.672197,completed,0,9,clear,24.000000
22,1107,3448116802,231,Day 10 00:01,none,,8.672197,8.672197,completed,0.123333,0.315547,0.000000,0.911667,0.158333,0.116667,0.660483,0.275000,0.249000,10,1,1,1,0,0,0,1,1,1,1,1,0,0,1,0,1,0.183114,0.173077,0.161254,0.000000,0.000000,0.000000,0.211470,0.000000,0.000000,0.148232,0.000000,0.000000,0.000000,0.000000,0.000000,0.122853,use_computer,1,30,12991,computer,none,,,0.000000,1.000000,0,none,,8.672197,8.672197,completed,0,9,clear,24.000000
22,1107,3448116802,232,Day 10 00:31,none,,8.672197,8.672197,completed,0.000000,0.430603,0.000000,0.901667,0.183333,0.136667,0.660483,0.355000,0.231000,10,1,1,1,0,0,0,1,1,1,1,1,0,0,1,0,1,0.108372,0.116640,0.100625,0.000000,0.000000,0.000000,0.176133,0.206190,0.100406,0.107347,0.000000,0.000000,0.000000,0.000000,0.000000,0.084287,sleep_at_bed,1,480,13471,bed,none,,,0.000000,1.000000,0,none,,8.672197,8.672197,completed,0,9,clear,24.000000
22,1107,3448116802,233,Day 10 08:31,none,,8.672197,8.672197,completed,0.080000,0.099209,0.000000,0.821667,0.583333,0.456667,0.660483,0.000000,0.000000,10,1,1,1,0,0,0,1,1,1,1,1,0,0,1,0,1,0.202855,0.000000,0.172844,0.000000,0.000000,0.000000,0.000000,0.000000,0.229070,0.274326,0.000000,0.000000,0.000000,0.000000,0.000000,0.120904,use_phone,1,25,13496,phone,none,alarm-rings,,0.000000,1.000000,0,none,,8.672197,8.672197,completed,0,9,clear,24.000000
22,1107,3448116802,234,Day 10 08:56,none,,8.672197,8.672197,completed,0.000000,0.192837,0.000000,0.853333,0.604167,0.473333,0.714678,0.095000,0.085000,11,1,1,1,0,0,0,1,1,1,1,1,0,1,1,0,1,0.127138,0.000000,0.112608,0.000000,0.000000,0.000000,0.114783,0.000000,0.167316,0.201559,0.000000,0.000000,0.191403,0.000000,0.000000,0.085192,turn_off_alarm,1,1,13497,alarm,none,,,0.000000,1.000000,0,none,,8.672197,8.672197,completed,0,9,clear,24.000000
22,1107,3448116802,235,Day 10 08:57,none,,8.672197,8.672197,completed,0.000333,0.193237,0.000000,0.883000,0.605000,0.474000,0.694678,0.094000,0.084400,10,1,1,1,0,0,0,1,1,1,1,1,0,0,1,0,1,0.157169,0.000000,0.139201,0.000000,0.000000,0.000000,0.142160,0.000000,0.206907,0.249312,0.000000,0.000000,0.000000,0.000000,0.000000,0.105252,get_meal,1,35,13532,door,none,,,0.000000,1.000000,0,none,,8.672197,8.672197,completed,0,9,clear,24.000000
22,1107,3448116802,236,Day 10 09:32,none,,8.672197,8.672197,completed,0.000000,0.207237,0.000000,1.000000,0.084167,0.497333,0.694678,0.059000,0.063400,10,1,1,1,0,0,0,1,1,1,1,1,0,0,1,0,1,0.209199,0.000000,0.185552,0.000000,0.000000,0.000000,0.185136,0.000000,0.281701,0.000000,0.000000,0.000000,0.000000,0.000000,0.000000,0.138412,use_computer,1,30,13562,computer,none,,,0.000000,1.000000,0,none,,8.672197,8.672197,completed,0,9,clear,24.000000
22,1107,3448116802,237,Day 10 10:02,none,,8.672197,8.672197,completed,0.000000,0.322293,0.000000,0.990000,0.109167,0.517333,0.694678,0.139000,0.045400,10,1,1,1,0,0,0,1,1,1,1,1,0,0,1,0,1,0.193062,0.000000,0.174970,0.000000,0.000000,0.000000,0.214941,0.000000,0.282354,0.000000,0.000000,0.000000,0.000000,0.000000,0.000000,0.134673,rest_at_bed,1,60,13622,bed,none,,,0.000000,1.000000,0,none,,8.672197,8.672197,completed,0,9,clear,24.000000
22,1107,3448116802,238,Day 10 11:02,none,,8.672197,8.672197,completed,0.060000,0.069477,0.000000,1.000000,0.159167,0.557333,0.694678,0.000000,0.009400,10,1,1,1,0,0,0,1,1,1,1,1,0,0,1,0,1,0.221379,0.000000,0.188647,0.000000,0.000000,0.000000,0.000000,0.000000,0.294154,0.162496,0.000000,0.000000,0.000000,0.000000,0.000000,0.133324,go_to_bathroom,1,15,13637,door,none,,,0.000000,1.000000,0,none,,8.672197,8.672197,completed,0,9,clear,24.000000
22,1107,3448116802,239,Day 10 11:17,none,,8.672197,8.672197,completed,0.065000,0.075477,0.000000,1.000000,0.171667,0.000000,0.694678,0.000000,0.000400,10,1,1,1,0,0,0,1,1,1,1,1,0,0,1,0,1,0.312749,0.000000,0.266436,0.000000,0.000000,0.000000,0.000000,0.000000,0.000000,0.232999,0.000000,0.000000,0.000000,0.000000,0.000000,0.187816,use_phone,1,25,13662,phone,none,,,0.000000,1.000000,0,none,,8.672197,8.672197,completed,0,9,clear,24.000000
22,1107,3448116802,240,Day 10 11:42,none,,8.672197,8.672197,completed,0.000000,0.169105,0.000000,1.000000,0.192500,0.016667,0.694678,0.095000,0.085400,10,1,1,1,0,0,0,1,1,1,1,1,0,0,1,0,1,0.233060,0.000000,0.205604,0.000000,0.000000,0.000000,0.204994,0.000000,0.000000,0.200793,0.000000,0.000000,0.000000,0.000000,0.000000,0.155548,idle,1,10,13672,,none,,,0.000000,1.000000,0,none,,8.672197,8.672197,completed,0,9,clear,24.000000
22,1107,3448116802,241,Day 10 11:52,none,,8.672197,8.672197,completed,0.123333,0.173105,0.000000,0.946667,0.200833,0.023333,0.694678,0.085000,0.079400,10,1,1,1,0,0,0,1,1,1,1,1,0,0,1,0,1,0.248859,0.000000,0.212838,0.000000,0.000000,0.000000,0.194436,0.000000,0.000000,0.193342,0.000000,0.000000,0.000000,0.000000,0.000000,0.150524,use_phone,1,25,13697,phone,none,,,0.000000,1.000000,0,none,,8.672197,8.672197,completed,0,9,clear,24.000000
22,1107,3448116802,242,Day 10 12:17,none,,8.672197,8.672197,completed,0.000000,0.266734,0.000000,0.978333,0.221667,0.040000,0.694678,0.180000,0.164400,10,1,1,1,0,0,0,1,1,1,1,1,0,0,1,0,1,0.180855,0.161058,0.162571,0.000000,0.000000,0.000000,0.197021,0.000000,0.000000,0.171341,0.000000,0.000000,0.000000,0.000000,0.000000,0.127155,use_computer,1,30,13727,computer,none,,,0.000000,1.000000,0,none,,8.672197,8.672197,completed,0,9,clear,24.000000
22,1107,3448116802,243,Day 10 12:47,none,,8.672197,8.672197,completed,0.000000,0.381789,0.000000,0.968333,0.246667,0.060000,0.694678,0.260000,0.146400,10,1,1,1,0,0,0,1,1,1,1,1,0,0,1,0,1,0.132621,0.121575,0.121811,0.000000,0.000000,0.000000,0.181756,0.206497,0.000000,0.137433,0.000000,0.000000,0.000000,0.000000,0.000000,0.098307,get_meal,1,35,13762,door,none,,,0.000000,1.000000,0,none,,8.672197,8.672197,completed,0,9,clear,24.000000
22,1107,3448116802,244,Day 10 13:22,none,,8.672197,8.672197,completed,0.000000,0.395789,0.000000,1.000000,0.000000,0.083333,0.694678,0.225000,0.125400,10,1,1,1,0,0,0,1,1,1,1,1,0,0,1,0,1,0.205214,0.180701,0.188745,0.000000,0.000000,0.000000,0.275088,0.000000,0.000000,0.000000,0.000000,0.000000,0.000000,0.000000,0.000000,0.150252,rest_at_bed,1,60,13822,bed,none,weather-clear,,0.000000,1.000000,0,none,,8.672197,8.672197,completed,0,9,clear,24.000000
22,1107,3448116802,245,Day 10 14:22,none,,8.672197,8.672197,completed,0.060000,0.142973,0.000000,1.000000,0.050000,0.123333,0.694678,0.025000,0.089400,10,1,1,1,0,0,0,1,1,1,1,1,0,0,1,0,1,0.253868,0.000000,0.219171,0.000000,0.000000,0.000000,0.189389,0.000000,0.181152,0.000000,0.000000,0.000000,0.000000,0.000000,0.000000,0.156420,go_to_bathroom,1,15,13837,door,none,,,0.000000,1.000000,0,none,,8.672197,8.672197,completed,0,9,clear,24.000000
22,1107,3448116802,246,Day 10 14:37,none,,8.672197,8.672197,completed,0.065000,0.148973,0.000000,1.000000,0.062500,0.000000,0.694678,0.010000,0.080400,10,1,1,1,0,0,0,1,1,1,1,1,0,0,1,0,1,0.311633,0.000000,0.268857,0.000000,0.000000,0.000000,0.229244,0.000000,0.000000,0.000000,0.000000,0.000000,0.000000,0.000000,0.000000,0.190266,use_computer,1,30,13867,computer,none,,,0.000000,1.000000,0,none,,8.672197,8.672197,completed,0,9,clear,24.000000
22,1107,3448116802,247,Day 10 15:07,none,,8.672197,8.672197,completed,0.000000,0.264029,0.000000,0.990000,0.087500,0.020000,0.694678,0.090000,0.062400,10,1,1,1,0,0,0,1,1,1,1,1,0,0,1,0,1,0.281316,0.000000,0.252126,0.000000,0.000000,0.000000,0.276189,0.000000,0.000000,0.000000,0.000000,0.000000,0.000000,0.000000,0.000000,0.190370,use_phone,1,25,13892,phone,none,,,0.000000,1.000000,0,none,,8.672197,8.672197,completed,0,9,clear,24.000000
22,1107,3448116802,248,Day 10 15:32,none,,8.672197,8.672197,completed,0.000000,0.357657,0.000000,1.000000,0.108333,0.036667,0.694678,0.185000,0.147400,10,1,1,1,0,0,0,1,1,1,1,1,0,0,1,0,1,0.211067,0.186983,0.192674,0.000000,0.000000,0.000000,0.258280,0.000000,0.000000,0.000000,0.000000,0.000000,0.000000,0.000000,0.000000,0.150996,use_phone,1,25,13917,phone,none,message-study-group,,0.000000,1.000000,0,none,,8.672197,8.672197,completed,0,10,clear,24.000000
22,1107,3448116802,249,Day 10 15:57,none,,8.672197,8.672197,completed,0.000000,0.451286,0.000000,1.000000,0.129167,0.053333,0.694678,0.280000,0.232400,10,1,1,1,0,0,0,1,1,1,1,1,0,0,1,0,1,0.125819,0.131924,0.116985,0.000000,0.000000,0.000000,0.191899,0.226316,0.000000,0.111902,0.000000,0.000000,0.000000,0.000000,0.000000,0.095155,rest_at_bed,1,60,13977,bed,none,,,0.000000,1.000000,0,none,,8.672197,8.672197,completed,0,10,clear,24.000000
22,1107,3448116802,250,Day 10 16:57,none,,8.672197,8.672197,completed,0.060000,0.198470,0.000000,1.000000,0.179167,0.093333,0.694678,0.080000,0.196400,10,1,1,1,0,0,0,1,1,1,1,1,0,0,1,0,1,0.200179,0.167885,0.174706,0.000000,0.000000,0.000000,0.169914,0.000000,0.000000,0.159916,0.000000,0.000000,0.000000,0.000000,0.000000,0.127401,use_phone,1,25,14002,phone,none,,,0.000000,1.000000,0,none,,8.672197,8.672197,completed,0,10,clear,24.000000
22,1107,3448116802,251,Day 10 17:22,none,,8.672197,8.672197,completed,0.000000,0.292098,0.000000,1.000000,0.200000,0.110000,0.694678,0.175000,0.281400,10,1,1,1,0,0,0,1,1,1,1,1,0,0,1,0,1,0.175848,0.183338,0.158723,0.000000,0.000000,0.000000,0.196470,0.000000,0.000000,0.161718,0.000000,0.000000,0.000000,0.000000,0.000000,0.123902,rest_at_bed,1,60,14062,bed,none,evening,,0.000000,1.000000,0,none,,8.672197,8.672197,completed,0,10,clear,24.000000
22,1107,3448116802,252,Day 10 18:22,none,,8.672197,8.672197,completed,0.060000,0.039282,0.000000,1.000000,0.250000,0.150000,0.694678,0.000000,0.245400,10,1,1,1,0,0,0,1,1,1,1,1,0,0,1,0,1,0.206335,0.173885,0.174938,0.000000,0.000000,0.000000,0.000000,0.000000,0.148968,0.172240,0.000000,0.000000,0.000000,0.000000,0.000000,0.123635,idle,1,10,14072,,none,,,0.000000,1.000000,0,none,,8.672197,8.672197,completed,0,10,clear,24.000000
22,1107,3448116802,253,Day 10 18:32,none,,8.672197,8.672197,completed,0.183333,0.043282,0.000000,0.946667,0.258333,0.156667,0.694678,0.000000,0.239400,10,1,1,1,0,0,0,1,1,1,1,1,0,0,1,0,1,0.220656,0.166879,0.181419,0.000000,0.000000,0.000000,0.000000,0.000000,0.143921,0.166798,0.000000,0.000000,0.000000,0.000000,0.000000,0.120328,go_to_bathroom,1,15,14087,door,none,,,0.000000,1.000000,0,none,,8.672197,8.672197,completed,0,10,clear,24.000000
22,1107,3448116802,254,Day 10 18:47,none,,8.672197,8.672197,completed,0.188333,0.049282,0.000000,1.000000,0.270833,0.000000,0.694678,0.000000,0.230400,10,1,1,1,0,0,0,1,1,1,1,1,0,0,1,0,1,0.257867,0.192109,0.211957,0.000000,0.000000,0.000000,0.000000,0.000000,0.000000,0.197845,0.000000,0.000000,0.000000,0.000000,0.000000,0.140221,use_computer,1,30,14117,computer,none,room-temperature-shift,,0.000000,1.000000,0,none,,8.672197,8.672197,completed,0,10,clear,17.000000
22,1107,3448116802,255,Day 10 19:17,none,,8.672197,8.672197,completed,0.038333,0.204338,0.000000,0.930000,0.295833,0.020000,0.694678,0.080000,0.212400,10,1,1,1,0,0,0,1,1,1,1,1,0,0,1,0,1,0.190864,0.166602,0.167663,0.000000,0.000000,0.000000,0.166415,0.000000,0.000000,0.184820,0.000000,0.000000,0.000000,0.000000,0.000000,0.123636,use_phone,1,25,14142,phone,none,,,0.000000,1.000000,0,none,,8.672197,8.672197,completed,0,10,clear,17.000000
22,1107,3448116802,256,Day 10 19:42,none,,8.672197,8.672197,completed,0.000000,0.297966,0.000000,0.961667,0.316667,0.036667,0.694678,0.175000,0.297400,10,1,1,1,0,0,0,1,1,1,1,1,0,0,1,0,1,0.169690,0.180897,0.153315,0.000000,0.000000,0.000000,0.190948,0.000000,0.000000,0.185469,0.000000,0.000000,0.000000,0.000000,0.000000,0.119681,rest_at_bed,1,60,14202,bed,none,,,0.000000,1.000000,0,none,,8.672197,8.672197,completed,0,10,clear,17.000000
