personality_index,scenario_seed,action_seed,step,decision_time,pre_commitment_status,pre_commitment_task_id,pre_task_effort,pre_task_effort_target,pre_task_status,pre_boredom,pre_fatigue,pre_task_pressure,pre_satisfaction,pre_hunger,pre_bathroom_urge,pre_anxiety,pre_screen_strain,pre_purchase_urge,known_action_count,known_use_phone,known_shop_on_phone,known_use_computer,known_study_at_computer,known_study_focused,known_study_halfhearted,known_rest_at_bed,known_sleep_at_bed,known_go_to_bathroom,known_get_meal,known_turn_light_on,known_turn_light_off,known_turn_off_alarm,known_open_curtain,known_close_curtain,known_idle,p_use_phone,p_shop_on_phone,p_use_computer,p_study_at_computer,p_study_focused,p_study_halfhearted,p_rest_at_bed,p_sleep_at_bed,p_go_to_bathroom,p_get_meal,p_turn_light_on,p_turn_light_off,p_turn_off_alarm,p_open_curtain,p_close_curtain,p_idle,chosen_action,accepted,elapsed_minutes,simulation_total_minutes,target_object_id,failure_reason,event_ids,outcome_task_id,outcome_task_effort_gained,outcome_task_settlement_variation,outcome_task_session_interrupted,post_commitment_status,post_commitment_task_id,post_task_effort,post_task_effort_target,post_task_status,post_wallet,post_unread_messages,post_weather,post_temperature_celsius
3,1103,3448065955,1,Day 1 08:00,none,,0.000000,7.513805,active,0.550000,0.150000,0.550000,0.450000,0.250000,0.150000,0.200000,0.050000,0.100000,13,1,1,1,1,1,1,1,1,1,1,0,1,0,0,1,1,0.159591,0.078128,0.122519,0.101849,0.107270,0.115484,0.087135,0.000000,0.076087,0.085684,0.000000,0.000000,0.000000,0.000000,0.000000,0.066254,use_phone,1,25,505,phone,none,,,0.000000,1.000000,0,none,,0.000000,7.513805,active,120,0,clear,23.000000
3,1103,3448065955,2,Day 1 08:25,none,,0.000000,7.513805,active,0.338333,0.245841,0.668733,0.481667,0.270833,0.166667,0.248071,0.145000,0.185000,13,1,1,1,1,1,1,1,1,1,1,0,1,0,0,1,1,0.126627,0.085990,0.104206,0.115518,0.122183,0.112335,0.102208,0.000000,0.078237,0.088503,0.000000,0.000000,0.000000,0.000000,0.000000,0.064193,study_halfhearted,1,35,540,desk,none,,coursework,0.289182,1.055906,0,active,coursework,0.289182,7.513805,active,120,0,clear,23.000000
3,1103,3448065955,3,Day 1 09:00,active,coursework,0.289182,7.513805,active,0.400000,0.339841,0.607507,0.490000,0.300000,0.190000,0.238725,0.110000,0.164000,13,1,1,1,1,1,1,1,1,1,1,0,1,0,0,1,1,0.115511,0.072853,0.094977,0.111440,0.118001,0.117326,0.095079,0.000000,0.069794,0.079450,0.000000,0.069274,0.000000,0.000000,0.000000,0.056294,study_halfhearted,1,35,575,desk,none,,coursework,0.295354,1.078443,0,active,coursework,0.584536,7.513805,active,120,0,clear,23.000000
3,1103,3448065955,4,Day 1 09:35,active,coursework,0.584536,7.513805,active,0.461667,0.433841,0.546281,0.498333,0.329167,0.213333,0.223885,0.075000,0.143000,13,1,1,1,1,1,1,1,1,1,1,0,1,0,0,1,1,0.121903,0.071405,0.100146,0.100255,0.106276,0.114350,0.102399,0.000000,0.072029,0.082513,0.000000,0.071611,0.000000,0.000000,0.000000,0.057113,shop_on_phone,1,20,595,phone,none,,,0.000000,1.000000,0,active,coursework,0.584536,7.513805,active,90,0,clear,23.000000
3,1103,3448065955,5,Day 1 09:55,active,coursework,0.584536,7.513805,active,0.468333,0.445530,0.625014,0.591667,0.345833,0.226667,0.271956,0.135000,0.000000,13,1,1,1,1,1,1,1,1,1,1,0,1,0,0,1,1,0.110537,0.000000,0.090978,0.102622,0.110153,0.112237,0.099147,0.108187,0.067807,0.077955,0.000000,0.067821,0.000000,0.000000,0.000000,0.052556,get_meal,1,35,630,door,none,message-study-group,,0.000000,1.000000,0,suspended,coursework,0.584536,7.513805,active,90,1,clear,23.000000
3,1103,3448065955,6,Day 1 10:30,suspended,coursework,0.584536,7.513805,active,0.440000,0.459530,0.753746,0.703886,0.000000,0.250000,0.376758,0.100000,0.000000,13,1,1,1,1,1,1,1,1,1,1,0,1,0,0,1,1,0.112459,0.000000,0.093323,0.125848,0.137127,0.125592,0.099813,0.110814,0.072024,0.000000,0.000000,0.069598,0.000000,0.000000,0.000000,0.053401,turn_light_off,1,1,631,light,none,,,0.000000,1.000000,0,suspended,coursework,0.584536,7.513805,active,90,1,clear,23.000000
3,1103,3448065955,7,Day 1 10:31,suspended,coursework,0.584536,7.513805,active,0.440333,0.459930,0.753746,0.723553,0.000833,0.250667,0.377280,0.099000,0.000000,10,1,1,1,0,0,0,1,1,1,1,1,0,0,0,1,1,0.178565,0.000000,0.148174,0.000000,0.000000,0.000000,0.158333,0.175813,0.114389,0.000000,0.139983,0.000000,0.000000,0.000000,0.000000,0.084743,rest_at_bed,1,60,691,bed,none,,,0.000000,1.000000,0,suspended,coursework,0.584536,7.513805,active,90,1,clear,23.000000
3,1103,3448065955,8,Day 1 11:31,suspended,coursework,0.584536,7.513805,active,0.500333,0.198837,0.832479,0.753553,0.050833,0.290667,0.456692,0.000000,0.000000,10,1,1,1,0,0,0,1,1,1,1,1,0,0,0,1,1,0.245660,0.000000,0.192135,0.000000,0.000000,0.000000,0.135771,0.000000,0.144987,0.000000,0.179292,0.000000,0.000000,0.000000,0.000000,0.102154,use_computer,1,30,721,computer,none,,,0.000000,1.000000,0,suspended,coursework,0.584536,7.513805,active,90,1,clear,23.000000
3,1103,3448065955,9,Day 1 12:01,suspended,coursework,0.584536,7.513805,active,0.350333,0.315755,0.931212,0.743553,0.075833,0.310667,0.526489,0.080000,0.000000,10,1,1,1,0,0,0,1,1,1,1,1,0,0,0,1,1,0.210088,0.000000,0.174028,0.000000,0.000000,0.000000,0.163598,0.000000,0.152553,0.000000,0.197894,0.000000,0.000000,0.000000,0.000000,0.101840,turn_light_on,1,1,722,light,none,,,0.000000,1.000000,0,suspended,coursework,0.584536,7.513805,active,90,1,clear,23.000000
3,1103,3448065955,10,Day 1 12:02,suspended,coursework,0.584536,7.513805,active,0.350667,0.316155,0.931212,0.763220,0.076667,0.311333,0.527467,0.079000,0.000000,13,1,1,1,1,1,1,1,1,1,1,0,1,0,0,1,1,0.115395,0.000000,0.095585,0.181813,0.199686,0.178034,0.089768,0.000000,0.083813,0.000000,0.000000,0.000000,0.000000,0.000000,0.000000,0.055905,study_at_computer,1,35,757,computer,none,,coursework,0.741936,1.061638,0,active,coursework,1.326471,7.513805,active,90,1,clear,23.000000
3,1103,3448065955,11,Day 1 12:37,active,coursework,1.326471,7.513805,active,0.382333,0.442922,0.816413,0.831553,0.105833,0.334667,0.511674,0.124000,0.000000,13,1,1,1,1,1,1,1,1,1,1,0,1,0,0,1,1,0.102728,0.000000,0.086279,0.136546,0.151347,0.125804,0.094752,0.106508,0.077747,0.000000,0.000000,0.067295,0.000000,0.000000,0.000000,0.050994,use_phone,1,25,782,phone,none,room-temperature-shift,,0.000000,1.000000,0,active,coursework,1.326471,7.513805,active,90,1,clear,24.000000
3,1103,3448065955,12,Day 1 13:02,active,coursework,1.326471,7.513805,active,0.170667,0.538763,0.935146,0.863220,0.126667,0.351333,0.576820,0.219000,0.085000,13,1,1,1,1,1,1,1,1,1,1,0,1,0,0,1,1,0.077457,0.000000,0.069734,0.147846,0.164567,0.116583,0.105375,0.126372,0.075969,0.000000,0.000000,0.069146,0.000000,0.000000,0.000000,0.046951,turn_light_off,1,1,783,light,none,,,0.000000,1.000000,0,active,coursework,1.326471,7.513805,active,90,1,clear,24.000000
3,1103,3448065955,13,Day 1 13:03,active,coursework,1.326471,7.513805,active,0.171000,0.539163,0.935146,0.882886,0.127500,0.352000,0.577807,0.218000,0.084400,10,1,1,1,0,0,0,1,1,1,1,1,0,0,0,1,1,0.129959,0.000000,0.116997,0.000000,0.000000,0.000000,0.176620,0.211861,0.127493,0.000000,0.158340,0.000000,0.000000,0.000000,0.000000,0.078730,sleep_at_bed,1,480,1263,bed,none,task-reminder|weather-clear|evening|task-deadline,,0.000000,1.000000,0,suspended,coursework,1.326471,7.513805,active,90,1,clear,24.000000
3,1103,3448065955,14,Day 1 21:03,suspended,coursework,1.326471,7.513805,active,0.251000,0.196920,1.000000,0.802886,0.527500,0.672000,1.000000,0.000000,0.000000,10,1,1,1,0,0,0,1,1,1,1,1,0,0,0,1,1,0.160523,0.000000,0.133366,0.000000,0.000000,0.000000,0.102246,0.000000,0.192930,0.156311,0.175526,0.000000,0.000000,0.000000,0.000000,0.079099,go_to_bathroom,1,15,1278,door,none,,,0.000000,1.000000,0,suspended,coursework,1.326471,7.513805,active,90,1,clear,24.000000
3,1103,3448065955,15,Day 1 21:18,suspended,coursework,1.326471,7.513805,active,0.256000,0.202920,1.000000,0.881772,0.540000,0.062000,1.000000,0.000000,0.000000,10,1,1,1,0,0,0,1,1,1,1,1,0,0,0,1,1,0.198561,0.000000,0.164927,0.000000,0.000000,0.000000,0.126809,0.000000,0.000000,0.195741,0.216386,0.000000,0.000000,0.000000,0.000000,0.097577,use_phone,1,25,1303,phone,none,,,0.000000,1.000000,0,suspended,coursework,1.326471,7.513805,active,90,1,clear,24.000000
3,1103,3448065955,16,Day 1 21:43,suspended,coursework,1.326471,7.513805,active,0.044333,0.298761,1.000000,0.913439,0.560833,0.078667,1.000000,0.095000,0.085000,10,1,1,1,0,0,0,1,1,1,1,1,0,0,0,1,1,0.163618,0.000000,0.145681,0.000000,0.000000,0.000000,0.155473,0.000000,0.000000,0.209970,0.226133,0.000000,0.000000,0.000000,0.000000,0.099125,get_meal,1,35,1338,door,none,,,0.000000,1.000000,0,suspended,coursework,1.326471,7.513805,active,90,1,clear,24.000000
3,1103,3448065955,17,Day 1 22:18,suspended,coursework,1.326471,7.513805,active,0.016000,0.312761,1.000000,1.000000,0.040000,0.102000,1.000000,0.060000,0.064000,10,1,1,1,0,0,0,1,1,1,1,1,0,0,0,1,1,0.205655,0.000000,0.184619,0.000000,0.000000,0.000000,0.196098,0.000000,0.000000,0.000000,0.287904,0.000000,0.000000,0.000000,0.000000,0.125725,use_computer,1,30,1368,computer,none,,,0.000000,1.000000,0,suspended,coursework,1.326471,7.513805,active,90,1,clear,24.000000
3,1103,3448065955,18,Day 1 22:48,suspended,coursework,1.326471,7.513805,active,0.000000,0.429679,1.000000,0.990000,0.065000,0.122000,1.000000,0.140000,0.046000,10,1,1,1,0,0,0,1,1,1,1,1,0,0,0,1,1,0.148964,0.000000,0.137086,0.000000,0.000000,0.000000,0.179788,0.214705,0.000000,0.000000,0.222502,0.000000,0.000000,0.000000,0.000000,0.096956,use_phone,1,25,1393,phone,none,,,0.000000,1.000000,0,suspended,coursework,1.326471,7.513805,active,90,1,clear,24.000000
3,1103,3448065955,19,Day 1 23:13,suspended,coursework,1.326471,7.513805,active,0.000000,0.525520,1.000000,1.000000,0.085833,0.138667,1.000000,0.235000,0.131000,10,1,1,1,0,0,0,1,1,1,1,1,0,0,0,1,1,0.107031,0.095903,0.100279,0.000000,0.000000,0.000000,0.159884,0.201938,0.092814,0.000000,0.168658,0.000000,0.000000,0.000000,0.000000,0.073494,shop_on_phone,1,20,1413,phone,none,,,0.000000,1.000000,0,suspended,coursework,1.326471,7.513805,active,60,1,clear,24.000000
3,1103,3448065955,20,Day 1 23:33,suspended,coursework,1.326471,7.513805,active,0.006667,0.537209,1.000000,1.000000,0.102500,0.152000,1.000000,0.295000,0.000000,10,1,1,1,0,0,0,1,1,1,1,1,0,0,0,1,1,0.113572,0.000000,0.106606,0.000000,0.000000,0.000000,0.182328,0.232993,0.102245,0.000000,0.182611,0.000000,0.000000,0.000000,0.000000,0.079645,use_computer,1,30,1443,computer,none,,,0.000000,1.000000,0,suspended,coursework,1.326471,7.513805,active,60,1,clear,24.000000
3,1103,3448065955,21,Day 2 00:03,suspended,coursework,1.326471,7.513805,active,0.000000,0.654127,1.000000,0.990000,0.127500,0.172000,1.000000,0.375000,0.000000,10,1,1,1,0,0,0,1,1,1,1,1,0,0,0,1,1,0.089840,0.000000,0.086252,0.000000,0.000000,0.000000,0.181081,0.246875,0.087847,0.000000,0.152877,0.000000,0.000000,0.000000,0.088611,0.066617,use_computer,1,30,1473,computer,none,,,0.000000,1.000000,0,suspended,coursework,1.326471,7.513805,active,60,1,clear,24.000000
3,1103,3448065955,22,Day 2 00:33,suspended,coursework,1.326471,7.513805,active,0.000000,0.771046,1.000000,0.980000,0.152500,0.192000,1.000000,0.455000,0.000000,10,1,1,1,0,0,0,1,1,1,1,1,0,0,0,1,1,0.072168,0.000000,0.070750,0.000000,0.000000,0.000000,0.181573,0.264101,0.076203,0.071916,0.129217,0.000000,0.000000,0.000000,0.077766,0.056307,close_curtain,1,1,1474,window,none,,,0.000000,1.000000,0,suspended,coursework,1.326471,7.513805,active,60,1,clear,24.000000
3,1103,3448065955,23,Day 2 00:34,suspended,coursework,1.326471,7.513805,active,0.000333,0.771446,1.000000,0.989667,0.153333,0.192667,1.000000,0.454000,0.000000,10,1,1,1,0,0,0,1,1,1,1,1,0,0,1,0,1,0.078292,0.000000,0.076749,0.000000,0.000000,0.000000,0.196802,0.286279,0.082688,0.078050,0.140092,0.000000,0.000000,0.000000,0.000000,0.061049,rest_at_bed,1,60,1534,bed,none,,,0.000000,1.000000,0,suspended,coursework,1.326471,7.513805,active,60,1,clear,24.000000
3,1103,3448065955,24,Day 2 01:34,suspended,coursework,1.326471,7.513805,active,0.060333,0.510353,1.000000,1.000000,0.203333,0.232667,1.000000,0.254000,0.000000,10,1,1,1,0,0,0,1,1,1,1,1,0,0,1,0,1,0.109682,0.000000,0.101069,0.000000,0.000000,0.000000,0.155887,0.195819,0.102485,0.097786,0.164854,0.000000,0.000000,0.000000,0.000000,0.072418,sleep_at_bed,1,480,2014,bed,none,alarm-rings,,0.000000,1.000000,0,suspended,coursework,1.326471,7.513805,active,60,1,clear,24.000000
3,1103,3448065955,25,Day 2 09:34,suspended,coursework,1.326471,7.513805,active,0.170333,0.168110,1.000000,0.920000,0.603333,0.552667,1.000000,0.000000,0.000000,11,1,1,1,0,0,0,1,1,1,1,1,0,1,1,0,1,0.129027,0.000000,0.108821,0.000000,0.000000,0.000000,0.085250,0.000000,0.141834,0.147529,0.150643,0.000000,0.169739,0.000000,0.000000,0.067157,go_to_bathroom,1,15,2029,door,none,,,0.000000,1.000000,0,suspended,coursework,1.326471,7.513805,active,60,1,clear,24.000000
3,1103,3448065955,26,Day 2 09:49,suspended,coursework,1.326471,7.513805,active,0.175333,0.174110,1.000000,0.998886,0.615833,0.000000,1.000000,0.000000,0.000000,11,1,1,1,0,0,0,1,1,1,1,1,0,1,1,0,1,0.150220,0.000000,0.126663,0.000000,0.000000,0.000000,0.099515,0.000000,0.000000,0.173884,0.174793,0.000000,0.196950,0.000000,0.000000,0.077975,use_phone,1,25,2054,phone,none,,,0.000000,1.000000,0,suspended,coursework,1.326471,7.513805,active,60,1,clear,24.000000
3,1103,3448065955,27,Day 2 10:14,suspended,coursework,1.326471,7.513805,active,0.000000,0.269951,1.000000,1.000000,0.636667,0.016667,1.000000,0.095000,0.085000,11,1,1,1,0,0,0,1,1,1,1,1,0,1,1,0,1,0.125397,0.000000,0.112341,0.000000,0.000000,0.000000,0.119754,0.000000,0.000000,0.183075,0.179290,0.000000,0.202017,0.000000,0.000000,0.078126,idle,1,10,2064,,none,,,0.000000,1.000000,0,suspended,coursework,1.326471,7.513805,active,60,1,clear,24.000000
3,1103,3448065955,28,Day 2 10:24,suspended,coursework,1.326471,7.513805,active,0.123333,0.273951,1.000000,0.946667,0.645000,0.023333,1.000000,0.085000,0.079000,11,1,1,1,0,0,0,1,1,1,1,1,0,1,1,0,1,0.136378,0.000000,0.118608,0.000000,0.000000,0.000000,0.116289,0.000000,0.000000,0.180126,0.174568,0.000000,0.196696,0.000000,0.000000,0.077335,get_meal,1,35,2099,door,none,,,0.000000,1.000000,0,suspended,coursework,1.326471,7.513805,active,60,1,clear,24.000000
3,1103,3448065955,29,Day 2 10:59,suspended,coursework,1.326471,7.513805,active,0.095000,0.287951,1.000000,1.000000,0.124167,0.046667,1.000000,0.050000,0.058000,11,1,1,1,0,0,0,1,1,1,1,1,0,1,1,0,1,0.164956,0.000000,0.144645,0.000000,0.000000,0.000000,0.141146,0.000000,0.000000,0.000000,0.213876,0.000000,0.240987,0.000000,0.000000,0.094390,rest_at_bed,1,60,2159,bed,none,,,0.000000,1.000000,0,suspended,coursework,1.326471,7.513805,active,60,1,clear,24.000000
3,1103,3448065955,30,Day 2 11:59,suspended,coursework,1.326471,7.513805,active,0.155000,0.026858,1.000000,1.000000,0.174167,0.086667,1.000000,0.000000,0.022000,11,1,1,1,0,0,0,1,1,1,1,1,0,1,1,0,1,0.183030,0.000000,0.151470,0.000000,0.000000,0.000000,0.000000,0.000000,0.000000,0.121069,0.211705,0.000000,0.238541,0.000000,0.000000,0.094185,use_computer,1,30,2189,computer,none,,,0.000000,1.000000,0,suspended,coursework,1.326471,7.513805,active,60,1,clear,24.000000
3,1103,3448065955,31,Day 2 12:29,suspended,coursework,1.326471,7.513805,active,0.005000,0.143777,1.000000,0.990000,0.199167,0.106667,1.000000,0.080000,0.004000,11,1,1,1,0,0,0,1,1,1,1,1,0,1,1,0,1,0.141717,0.000000,0.124214,0.000000,0.000000,0.000000,0.114492,0.000000,0.000000,0.115957,0.196511,0.000000,0.221421,0.000000,0.000000,0.085688,get_meal,1,35,2224,door,none,,,0.000000,1.000000,0,suspended,coursework,1.326471,7.513805,active,60,1,clear,24.000000
3,1103,3448065955,32,Day 2 13:04,suspended,coursework,1.326471,7.513805,active,0.000000,0.157777,1.000000,1.000000,0.000000,0.130000,1.000000,0.045000,0.000000,11,1,1,1,0,0,0,1,1,1,1,1,0,1,1,0,1,0.161289,0.000000,0.141727,0.000000,0.000000,0.000000,0.128131,0.000000,0.000000,0.000000,0.221990,0.000000,0.250130,0.000000,0.000000,0.096733,use_phone,1,25,2249,phone,none,,,0.000000,1.000000,0,suspended,coursework,1.326471,7.513805,active,60,1,clear,24.000000
3,1103,3448065955,33,Day 2 13:29,suspended,coursework,1.326471,7.513805,active,0.000000,0.253617,1.000000,1.000000,0.020833,0.146667,1.000000,0.140000,0.085000,11,1,1,1,0,0,0,1,1,1,1,1,0,1,1,0,1,0.135024,0.000000,0.120794,0.000000,0.000000,0.000000,0.132763,0.000000,0.109017,0.000000,0.196058,0.000000,0.220911,0.000000,0.000000,0.085433,rest_at_bed,1,60,2309,bed,none,task-reminder,,0.000000,1.000000,0,suspended,coursework,1.326471,7.513805,active,60,1,clear,24.000000
3,1103,3448065955,34,Day 2 14:29,suspended,coursework,1.326471,7.513805,active,0.060000,0.000000,1.000000,1.000000,0.070833,0.186667,1.000000,0.000000,0.049000,11,1,1,1,0,0,0,1,1,1,1,1,0,1,1,0,1,0.172840,0.000000,0.145754,0.000000,0.000000,0.000000,0.000000,0.000000,0.126622,0.000000,0.216203,0.000000,0.243610,0.000000,0.000000,0.094971,turn_light_on,1,1,2310,light,none,,,0.000000,1.000000,0,suspended,coursework,1.326471,7.513805,active,60,1,clear,24.000000
3,1103,3448065955,35,Day 2 14:30,suspended,coursework,1.326471,7.513805,active,0.060333,0.000400,1.000000,1.000000,0.071667,0.187333,1.000000,0.000000,0.048400,14,1,1,1,1,1,1,1,1,1,1,0,1,1,1,0,1,0.073040,0.000000,0.061593,0.186470,0.211393,0.270910,0.000000,0.000000,0.053543,0.000000,0.000000,0.000000,0.102924,0.000000,0.000000,0.040127,turn_off_alarm,1,1,2311,alarm,none,,,0.000000,1.000000,0,suspended,coursework,1.326471,7.513805,active,60,1,clear,24.000000
3,1103,3448065955,36,Day 2 14:31,suspended,coursework,1.326471,7.513805,active,0.060667,0.000800,1.000000,1.000000,0.072500,0.188000,0.981154,0.000000,0.047800,13,1,1,1,1,1,1,1,1,1,1,0,1,0,1,0,1,0.080686,0.000000,0.068040,0.204880,0.232265,0.310624,0.000000,0.000000,0.059186,0.000000,0.000000,0.000000,0.000000,0.000000,0.000000,0.044319,study_focused,1,35,2346,desk,none,room-temperature-shift,coursework,0.419983,0.920106,0,active,coursework,1.746455,7.513805,active,60,1,clear,17.000000
3,1103,3448065955,37,Day 2 15:06,active,coursework,1.746455,7.513805,active,0.092333,0.164800,0.885202,1.000000,0.101667,0.211333,0.971533,0.000000,0.026800,13,1,1,1,1,1,1,1,1,1,1,0,1,0,1,0,1,0.102009,0.000000,0.087637,0.213577,0.242124,0.148770,0.072127,0.000000,0.077034,0.000000,0.000000,0.000000,0.000000,0.000000,0.000000,0.056722,idle,1,10,2356,,none,,,0.000000,1.000000,0,active,coursework,1.746455,7.513805,active,60,1,clear,17.000000
3,1103,3448065955,38,Day 2 15:16,active,coursework,1.746455,7.513805,active,0.215667,0.168800,1.000000,0.946667,0.110000,0.218000,1.000000,0.000000,0.020800,13,1,1,1,1,1,1,1,1,1,1,0,1,0,1,0,1,0.102405,0.000000,0.085429,0.221807,0.249665,0.153924,0.065097,0.000000,0.070115,0.000000,0.000000,0.000000,0.000000,0.000000,0.000000,0.051557,study_at_computer,1,35,2391,computer,none,,coursework,0.756856,1.082988,0,active,coursework,2.503311,7.513805,active,60,1,clear,17.000000
3,1103,3448065955,39,Day 2 15:51,active,coursework,2.503311,7.513805,active,0.247333,0.295567,0.885202,1.000000,0.139167,0.241333,0.990379,0.045000,0.000000,13,1,1,1,1,1,1,1,1,1,1,0,1,0,1,0,1,0.102493,0.000000,0.086695,0.187593,0.212667,0.143713,0.077186,0.000000,0.073122,0.063658,0.000000,0.000000,0.000000,0.000000,0.000000,0.052872,rest_at_bed,1,60,2451,bed,none,weather-clear,,0.000000,1.000000,0,suspended,coursework,2.503311,7.513805,active,60,1,clear,17.000000
3,1103,3448065955,40,Day 2 16:51,suspended,coursework,2.503311,7.513805,active,0.307333,0.034474,0.963934,1.000000,0.189167,0.281333,1.000000,0.000000,0.000000,13,1,1,1,1,1,1,1,1,1,1,0,1,0,1,0,1,0.109551,0.000000,0.087466,0.215016,0.243755,0.155266,0.000000,0.000000,0.073586,0.064756,0.000000,0.000000,0.000000,0.000000,0.000000,0.050603,study_halfhearted,1,35,2486,desk,none,,coursework,0.257764,0.941189,0,active,coursework,2.761075,7.513805,active,60,1,clear,17.000000
3,1103,3448065955,41,Day 2 17:26,active,coursework,2.761075,7.513805,active,0.369000,0.128474,0.902709,1.000000,0.218333,0.304667,1.000000,0.000000,0.000000,13,1,1,1,1,1,1,1,1,1,1,0,1,0,1,0,1,0.118063,0.000000,0.094269,0.201127,0.228010,0.157063,0.000000,0.000000,0.078650,0.069650,0.000000,0.000000,0.000000,0.000000,0.000000,0.053168,study_at_computer,1,35,2521,computer,none,message-study-group,coursework,0.747345,1.069378,0,active,coursework,3.508419,7.513805,active,60,2,clear,17.000000
3,1103,3448065955,42,Day 2 18:01,active,coursework,3.508419,7.513805,active,0.400667,0.255241,0.849136,1.000000,0.247500,0.328000,1.000000,0.045000,0.000000,13,1,1,1,1,1,1,1,1,1,1,0,1,0,1,0,1,0.113503,0.000000,0.091892,0.175978,0.199499,0.146727,0.071284,0.000000,0.078788,0.070213,0.000000,0.000000,0.000000,0.000000,0.000000,0.052117,study_halfhearted,1,35,2556,desk,none,,coursework,0.295788,1.080029,0,active,coursework,3.804207,7.513805,active,60,2,clear,17.000000
3,1103,3448065955,43,Day 2 18:36,active,coursework,3.804207,7.513805,active,0.462333,0.349241,0.787910,1.000000,0.276667,0.351333,1.000000,0.010000,0.000000,13,1,1,1,1,1,1,1,1,1,1,0,1,0,1,0,1,0.121873,0.000000,0.098583,0.161718,0.183333,0.145817,0.077956,0.000000,0.082730,0.074191,0.000000,0.000000,0.000000,0.000000,0.000000,0.053797,idle,1,10,2566,,none,,,0.000000,1.000000,0,active,coursework,3.804207,7.513805,active,60,2,clear,17.000000
3,1103,3448065955,44,Day 2 18:46,active,coursework,3.804207,7.513805,active,0.585667,0.353241,0.916643,0.946667,0.285000,0.358000,1.000000,0.000000,0.000000,13,1,1,1,1,1,1,1,1,1,1,0,1,0,1,0,1,0.123711,0.000000,0.097145,0.170618,0.192047,0.152669,0.070654,0.000000,0.075835,0.068130,0.000000,0.000000,0.000000,0.000000,0.000000,0.049191,study_at_computer,1,35,2601,computer,none,,coursework,0.665694,0.952543,0,active,coursework,4.469901,7.513805,active,60,2,clear,17.000000
3,1103,3448065955,45,Day 2 19:21,active,coursework,4.469901,7.513805,active,0.617333,0.480007,0.801845,1.000000,0.314167,0.381333,0.982900,0.045000,0.000000,13,1,1,1,1,1,1,1,1,1,1,0,1,0,1,0,1,0.110319,0.000000,0.087837,0.128313,0.145463,0.126863,0.074718,0.090359,0.070466,0.063707,0.000000,0.057008,0.000000,0.000000,0.000000,0.044947,use_computer,1,30,2631,computer,none,,,0.000000,1.000000,0,active,coursework,4.469901,7.513805,active,60,2,clear,17.000000
3,1103,3448065955,46,Day 2 19:51,active,coursework,4.469901,7.513805,active,0.467333,0.596926,0.900577,0.990000,0.339167,0.401333,1.000000,0.125000,0.000000,13,1,1,1,1,1,1,1,1,1,1,0,1,0,1,0,1,0.088814,0.000000,0.074895,0.134281,0.152025,0.119417,0.085353,0.110376,0.069797,0.063442,0.000000,0.059418,0.000000,0.000000,0.000000,0.042182,turn_light_off,1,1,2632,light,none,,,0.000000,1.000000,0,active,coursework,4.469901,7.513805,active,60,2,clear,17.000000
3,1103,3448065955,47,Day 2 19:52,active,coursework,4.469901,7.513805,active,0.467667,0.597326,0.900577,1.000000,0.340000,0.402000,1.000000,0.124000,0.000000,10,1,1,1,0,0,0,1,1,1,1,1,0,0,1,0,1,0.143415,0.000000,0.120935,0.000000,0.000000,0.000000,0.137703,0.178091,0.112733,0.102489,0.136559,0.000000,0.000000,0.000000,0.000000,0.068075,use_computer,1,30,2662,computer,none,,,0.000000,1.000000,0,active,coursework,4.469901,7.513805,active,60,2,clear,17.000000
3,1103,3448065955,48,Day 2 20:22,active,coursework,4.469901,7.513805,active,0.317667,0.714244,0.999310,0.990000,0.365000,0.422000,1.000000,0.204000,0.000000,10,1,1,1,0,0,0,1,1,1,1,1,0,0,1,0,1,0.114107,0.000000,0.101910,0.000000,0.000000,0.000000,0.155819,0.214999,0.110356,0.100870,0.138798,0.000000,0.000000,0.000000,0.000000,0.063140,rest_at_bed,1,60,2722,bed,none,evening,,0.000000,1.000000,0,suspended,coursework,4.469901,7.513805,active,60,2,clear,17.000000
3,1103,3448065955,49,Day 2 21:22,suspended,coursework,4.469901,7.513805,active,0.377667,0.453152,1.000000,1.000000,0.415000,0.462000,1.000000,0.004000,0.000000,10,1,1,1,0,0,0,1,1,1,1,1,0,0,1,0,1,0.173960,0.000000,0.146041,0.000000,0.000000,0.000000,0.134312,0.000000,0.148843,0.137524,0.177818,0.000000,0.000000,0.000000,0.000000,0.081501,go_to_bathroom,1,15,2737,door,none,,,0.000000,1.000000,0,suspended,coursework,4.469901,7.513805,active,60,2,clear,17.000000
3,1103,3448065955,50,Day 2 21:37,suspended,coursework,4.469901,7.513805,active,0.382667,0.459152,1.000000,1.000000,0.427500,0.000000,1.000000,0.000000,0.000000,10,1,1,1,0,0,0,1,1,1,1,1,0,0,1,0,1,0.204389,0.000000,0.171524,0.000000,0.000000,0.000000,0.157547,0.000000,0.000000,0.163315,0.207881,0.000000,0.000000,0.000000,0.000000,0.095344,use_computer,1,30,2767,computer,none,,,0.000000,1.000000,0,suspended,coursework,4.469901,7.513805,active,60,2,clear,17.000000
3,1103,3448065955,51,Day 2 22:07,suspended,coursework,4.469901,7.513805,active,0.232667,0.576070,1.000000,0.990000,0.452500,0.020000,1.000000,0.080000,0.000000,10,1,1,1,0,0,0,1,1,1,1,1,0,0,1,0,1,0.140095,0.000000,0.124520,0.000000,0.000000,0.000000,0.153580,0.195722,0.000000,0.138471,0.170821,0.000000,0.000000,0.000000,0.000000,0.076790,use_computer,1,30,2797,computer,none,,,0.000000,1.000000,0,suspended,coursework,4.469901,7.513805,active,60,2,clear,17.000000
3,1103,3448065955,52,Day 2 22:37,suspended,coursework,4.469901,7.513805,active,0.082667,0.692989,1.000000,0.980000,0.477500,0.040000,1.000000,0.160000,0.000000,10,1,1,1,0,0,0,1,1,1,1,1,0,0,1,0,1,0.111748,0.000000,0.105197,0.000000,0.000000,0.000000,0.174225,0.236882,0.000000,0.136629,0.163348,0.000000,0.000000,0.000000,0.000000,0.071972,rest_at_bed,1,60,2857,bed,none,,,0.000000,1.000000,0,suspended,coursework,4.469901,7.513805,active,60,2,clear,17.000000
3,1103,3448065955,53,Day 2 23:37,suspended,coursework,4.469901,7.513805,active,0.142667,0.431896,1.000000,1.000000,0.527500,0.080000,1.000000,0.000000,0.000000,10,1,1,1,0,0,0,1,1,1,1,1,0,0,1,0,1,0.174859,0.000000,0.154895,0.000000,0.000000,0.000000,0.160884,0.000000,0.000000,0.194288,0.218172,0.000000,0.000000,0.000000,0.000000,0.096902,get_meal,1,35,2892,door,none,,,0.000000,1.000000,0,suspended,coursework,4.469901,7.513805,active,60,2,clear,17.000000
3,1103,3448065955,54,Day 3 00:12,suspended,coursework,4.469901,7.513805,active,0.114333,0.445896,1.000000,1.000000,0.006667,0.103333,1.000000,0.000000,0.000000,10,1,1,1,0,0,0,1,1,1,1,1,0,0,1,0,1,0.212705,0.000000,0.190153,0.000000,0.000000,0.000000,0.203885,0.000000,0.000000,0.000000,0.272627,0.000000,0.000000,0.000000,0.000000,0.120630,turn_light_on,1,1,2893,light,none,,,0.000000,1.000000,0,suspended,coursework,4.469901,7.513805,active,60,2,clear,17.000000
3,1103,3448065955,55,Day 3 00:13,suspended,coursework,4.469901,7.513805,active,0.114667,0.446296,1.000000,1.000000,0.007500,0.104000,1.000000,0.000000,0.000000,13,1,1,1,1,1,1,1,1,1,1,0,1,0,1,0,1,0.091108,0.000000,0.081447,0.205304,0.232745,0.181203,0.087346,0.000000,0.000000,0.000000,0.000000,0.069187,0.000000,0.000000,0.000000,0.051660,study_focused,1,35,2928,desk,none,,coursework,0.423528,0.927871,0,active,coursework,4.893429,7.513805,active,60,2,clear,17.000000
3,1103,3448065955,56,Day 3 00:48,active,coursework,4.893429,7.513805,active,0.146333,0.570296,0.885202,1.000000,0.036667,0.127333,0.990379,0.000000,0.000000,13,1,1,1,1,1,1,1,1,1,1,0,1,0,1,0,1,0.089817,0.000000,0.081278,0.168048,0.190510,0.128629,0.096902,0.122004,0.000000,0.000000,0.000000,0.071586,0.000000,0.000000,0.000000,0.051226,rest_at_bed,1,60,2988,bed,none,,,0.000000,1.000000,0,suspended,coursework,4.893429,7.513805,active,60,2,clear,17.000000
3,1103,3448065955,57,Day 3 01:48,suspended,coursework,4.893429,7.513805,active,0.206333,0.309204,0.963934,1.000000,0.086667,0.167333,1.000000,0.000000,0.000000,13,1,1,1,1,1,1,1,1,1,1,0,1,0,1,0,1,0.103910,0.000000,0.088862,0.212278,0.240651,0.153157,0.078416,0.000000,0.068694,0.000000,0.000000,0.000000,0.000000,0.000000,0.000000,0.054032,go_to_bathroom,1,15,3003,door,none,,,0.000000,1.000000,0,suspended,coursework,4.893429,7.513805,active,60,2,clear,17.000000
3,1103,3448065955,58,Day 3 02:03,suspended,coursework,4.893429,7.513805,active,0.211333,0.315204,0.963934,1.000000,0.099167,0.000000,1.000000,0.000000,0.000000,13,1,1,1,1,1,1,1,1,1,1,0,1,0,1,0,1,0.111148,0.000000,0.095029,0.225845,0.256032,0.170206,0.084100,0.000000,0.000000,0.000000,0.000000,0.000000,0.000000,0.000000,0.000000,0.057640,study_at_computer,1,35,3038,computer,none,,coursework,0.632636,0.905241,0,active,coursework,5.526065,7.513805,active,60,2,clear,17.000000
3,1103,3448065955,59,Day 3 02:38,active,coursework,5.526065,7.513805,active,0.243000,0.441970,0.849136,1.000000,0.128333,0.023333,0.987143,0.045000,0.000000,13,1,1,1,1,1,1,1,1,1,1,0,1,0,1,0,1,0.110788,0.000000,0.096041,0.190062,0.215466,0.151965,0.099353,0.000000,0.000000,0.000000,0.000000,0.077457,0.000000,0.000000,0.000000,0.058868,study_at_computer,1,35,3073,computer,none,,coursework,0.675248,0.966215,0,active,coursework,6.201313,7.513805,active,60,2,clear,17.000000
3,1103,3448065955,60,Day 3 03:13,active,coursework,6.201313,7.513805,active,0.274667,0.568737,0.734338,1.000000,0.157500,0.046667,0.963985,0.090000,0.000000,13,1,1,1,1,1,1,1,1,1,1,0,1,0,1,0,1,0.094232,0.000000,0.082828,0.136113,0.154306,0.120338,0.100296,0.126877,0.000000,0.062217,0.000000,0.071489,0.000000,0.000000,0.000000,0.051304,study_at_computer,1,35,3108,computer,none,,coursework,0.666077,0.953091,0,active,coursework,6.867390,7.513805,active,60,2,clear,17.000000
3,1103,3448065955,61,Day 3 03:48,active,coursework,6.867390,7.513805,active,0.306333,0.695504,0.619540,1.000000,0.186667,0.070000,0.930526,0.135000,0.000000,13,1,1,1,1,1,1,1,1,1,1,0,1,0,1,0,1,0.093403,0.000000,0.083245,0.113283,0.128424,0.110882,0.118151,0.158950,0.000000,0.064666,0.000000,0.076890,0.000000,0.000000,0.000000,0.052105,use_phone,1,25,3133,phone,none,,,0.000000,1.000000,0,active,coursework,6.867390,7.513805,active,60,2,clear,17.000000
3,1103,3448065955,62,Day 3 04:13,active,coursework,6.867390,7.513805,active,0.094667,0.791344,0.738272,1.000000,0.207500,0.086667,0.983054,0.230000,0.085000,13,1,1,1,1,1,1,1,1,1,1,0,1,0,1,0,1,0.069607,0.000000,0.066500,0.120823,0.136972,0.101371,0.130090,0.186401,0.000000,0.062734,0.000000,0.078086,0.000000,0.000000,0.000000,0.047416,sleep_at_bed,1,480,3613,bed,none,alarm-rings,,0.000000,1.000000,0,suspended,coursework,6.867390,7.513805,active,60,2,clear,17.000000
3,1103,3448065955,63,Day 3 12:13,suspended,coursework,6.867390,7.513805,active,0.204667,0.449101,0.847005,0.920000,0.607500,0.406667,1.000000,0.000000,0.000000,14,1,1,1,1,1,1,1,1,1,1,0,1,1,1,0,1,0.086816,0.000000,0.075961,0.122048,0.136888,0.095877,0.077216,0.000000,0.080181,0.101319,0.000000,0.061068,0.115964,0.000000,0.000000,0.046662,turn_light_off,1,1,3614,light,none,,,0.000000,1.000000,0,suspended,coursework,6.867390,7.513805,active,60,2,clear,17.000000
3,1103,3448065955,64,Day 3 12:14,suspended,coursework,6.867390,7.513805,active,0.205000,0.449501,0.847005,0.939667,0.608333,0.407333,1.000000,0.000000,0.000000,11,1,1,1,0,0,0,1,1,1,1,1,0,1,1,0,1,0.128145,0.000000,0.112122,0.000000,0.000000,0.000000,0.113995,0.000000,0.118428,0.149675,0.137642,0.000000,0.171131,0.000000,0.000000,0.068863,use_computer,1,30,3644,computer,none,message-study-group,,0.000000,1.000000,0,suspended,coursework,6.867390,7.513805,active,60,3,clear,17.000000
3,1103,3448065955,65,Day 3 12:44,suspended,coursework,6.867390,7.513805,active,0.055000,0.566420,1.000000,0.929667,0.633333,0.427333,1.000000,0.080000,0.000000,11,1,1,1,0,0,0,1,1,1,1,1,0,1,1,0,1,0.090711,0.000000,0.084061,0.000000,0.000000,0.000000,0.114763,0.145570,0.103142,0.131061,0.128888,0.000000,0.145226,0.000000,0.000000,0.056578,turn_off_alarm,1,1,3645,alarm,none,,,0.000000,1.000000,0,suspended,coursework,6.867390,7.513805,active,60,3,clear,17.000000
3,1103,3448065955,66,Day 3 12:45,suspended,coursework,6.867390,7.513805,active,0.055333,0.566820,1.000000,0.959333,0.634167,0.428000,0.981154,0.079000,0.000000,10,1,1,1,0,0,0,1,1,1,1,1,0,0,1,0,1,0.106163,0.000000,0.098376,0.000000,0.000000,0.000000,0.134531,0.170231,0.120741,0.153450,0.150331,0.000000,0.000000,0.000000,0.000000,0.066178,turn_light_on,1,1,3646,light,none,,,0.000000,1.000000,0,suspended,coursework,6.867390,7.513805,active,60,3,clear,17.000000
3,1103,3448065955,67,Day 3 12:46,suspended,coursework,6.867390,7.513805,active,0.055667,0.567220,1.000000,0.979000,0.635000,0.428667,0.982307,0.078000,0.000000,13,1,1,1,1,1,1,1,1,1,1,0,1,0,1,0,1,0.068620,0.000000,0.063584,0.132130,0.149370,0.107058,0.086864,0.109943,0.078061,0.099226,0.000000,0.062394,0.000000,0.000000,0.000000,0.042750,sleep_at_bed,1,480,4126,bed,none,weather-rain|room-temperature-shift|task-reminder|evening,,0.000000,1.000000,0,suspended,coursework,6.867390,7.513805,active,60,3,rain,24.000000
3,1103,3448065955,68,Day 3 20:46,suspended,coursework,6.867390,7.513805,active,0.135667,0.224977,1.000000,0.899000,1.000000,0.748667,1.000000,0.000000,0.000000,13,1,1,1,1,1,1,1,1,1,1,0,1,0,1,0,1,0.083219,0.000000,0.071431,0.154479,0.172776,0.127314,0.060545,0.000000,0.122686,0.162710,0.000000,0.000000,0.000000,0.000000,0.000000,0.044841,study_halfhearted,1,35,4161,desk,none,,coursework,0.273909,1.000142,0,active,coursework,7.141299,7.513805,active,60,3,rain,24.000000
3,1103,3448065955,69,Day 3 21:21,active,coursework,7.141299,7.513805,active,0.197333,0.318977,0.938774,0.907333,1.000000,0.772000,1.000000,0.000000,0.000000,13,1,1,1,1,1,1,1,1,1,1,0,1,0,1,0,1,0.082086,0.000000,0.070463,0.163831,0.183440,0.119464,0.063148,0.000000,0.120019,0.154427,0.000000,0.000000,0.000000,0.000000,0.000000,0.043122,study_focused,1,35,4196,desk,none,task-completed,coursework,0.460358,1.008560,0,none,,7.513805,7.513805,completed,60,3,rain,24.000000
3,1103,3448065955,70,Day 3 21:56,none,,7.513805,7.513805,completed,0.229000,0.442977,0.173453,1.000000,1.000000,0.795333,0.434886,0.000000,0.000000,10,1,1,1,0,0,0,1,1,1,1,0,1,0,1,0,1,0.135010,0.000000,0.117316,0.000000,0.000000,0.000000,0.125899,0.000000,0.201918,0.252061,0.000000,0.092632,0.000000,0.000000,0.000000,0.075164,get_meal,1,35,4231,door,none,,,0.000000,1.000000,0,none,,7.513805,7.513805,completed,60,3,rain,24.000000
3,1103,3448065955,71,Day 3 22:31,none,,7.513805,7.513805,completed,0.200667,0.456977,0.173453,1.000000,0.479167,0.818667,0.434886,0.000000,0.000000,10,1,1,1,0,0,0,1,1,1,1,0,1,0,1,0,1,0.149045,0.000000,0.130703,0.000000,0.000000,0.000000,0.144796,0.000000,0.236022,0.148801,0.000000,0.105716,0.000000,0.000000,0.000000,0.084917,get_meal,1,35,4266,door,none,,,0.000000,1.000000,0,none,,7.513805,7.513805,completed,60,3,rain,24.000000
3,1103,3448065955,72,Day 3 23:06,none,,7.513805,7.513805,completed,0.172333,0.470977,0.173453,1.000000,0.000000,0.842000,0.434886,0.000000,0.000000,10,1,1,1,0,0,0,1,1,1,1,0,1,0,1,0,1,0.169777,0.000000,0.150251,0.000000,0.000000,0.000000,0.171829,0.000000,0.284666,0.000000,0.000000,0.124487,0.000000,0.000000,0.000000,0.098989,use_computer,1,30,4296,computer,none,,,0.000000,1.000000,0,none,,7.513805,7.513805,completed,60,3,rain,24.000000
3,1103,3448065955,73,Day 3 23:36,none,,7.513805,7.513805,completed,0.022333,0.587895,0.173453,0.990000,0.025000,0.862000,0.434886,0.080000,0.000000,10,1,1,1,0,0,0,1,1,1,1,0,1,0,1,0,1,0.113836,0.000000,0.106701,0.000000,0.000000,0.000000,0.163855,0.194722,0.234835,0.000000,0.000000,0.108062,0.000000,0.000000,0.000000,0.077988,use_phone,1,25,4321,phone,none,,,0.000000,1.000000,0,none,,7.513805,7.513805,completed,60,3,rain,24.000000
3,1103,3448065955,74,Day 4 00:01,none,,7.513805,7.513805,completed,0.000000,0.683736,0.173453,1.000000,0.045833,0.878667,0.434886,0.175000,0.085000,10,1,1,1,0,0,0,1,1,1,1,0,1,0,1,0,1,0.098440,0.000000,0.094451,0.000000,0.000000,0.000000,0.178814,0.224744,0.223214,0.000000,0.000000,0.108010,0.000000,0.000000,0.000000,0.072327,go_to_bathroom,1,15,4336,door,none,,,0.000000,1.000000,0,none,,7.513805,7.513805,completed,60,3,rain,24.000000
3,1103,3448065955,75,Day 4 00:16,none,,7.513805,7.513805,completed,0.005000,0.689736,0.173453,1.000000,0.058333,0.268667,0.434886,0.160000,0.076000,10,1,1,1,0,0,0,1,1,1,1,0,1,0,1,0,1,0.113142,0.000000,0.108487,0.000000,0.000000,0.000000,0.202782,0.255226,0.115199,0.000000,0.000000,0.122757,0.000000,0.000000,0.000000,0.082407,sleep_at_bed,1,480,4816,bed,none,,,0.000000,1.000000,0,none,,7.513805,7.513805,completed,60,3,rain,24.000000
3,1103,3448065955,76,Day 4 08:16,none,,7.513805,7.513805,completed,0.085000,0.347493,0.173453,0.920000,0.458333,0.588667,0.434886,0.000000,0.000000,10,1,1,1,0,0,0,1,1,1,1,0,1,0,1,0,1,0.173155,0.000000,0.153461,0.000000,0.000000,0.000000,0.163761,0.000000,0.221082,0.182994,0.000000,0.000000,0.000000,0.000000,0.000000,0.105546,go_to_bathroom,1,15,4831,door,none,,,0.000000,1.000000,0,none,,7.513805,7.513805,completed,60,3,rain,24.000000
3,1103,3448065955,77,Day 4 08:31,none,,7.513805,7.513805,completed,0.090000,0.353493,0.173453,0.998886,0.470833,0.000000,0.434886,0.000000,0.000000,10,1,1,1,0,0,0,1,1,1,1,0,1,0,1,0,1,0.221628,0.000000,0.196372,0.000000,0.000000,0.000000,0.210158,0.000000,0.000000,0.237116,0.000000,0.000000,0.000000,0.000000,0.000000,0.134727,get_meal,1,35,4866,door,none,,,0.000000,1.000000,0,none,,7.513805,7.513805,completed,60,3,rain,24.000000
3,1103,3448065955,78,Day 4 09:06,none,,7.513805,7.513805,completed,0.061667,0.367493,0.173453,1.000000,0.000000,0.023333,0.434886,0.000000,0.000000,10,1,1,1,0,0,0,1,1,1,1,0,1,0,1,0,1,0.285375,0.000000,0.255178,0.000000,0.000000,0.000000,0.281915,0.000000,0.000000,0.000000,0.000000,0.000000,0.000000,0.000000,0.000000,0.177532,rest_at_bed,1,60,4926,bed,none,alarm-rings,,0.000000,1.000000,0,none,,7.513805,7.513805,completed,60,3,rain,24.000000
3,1103,3448065955,79,Day 4 10:06,none,,7.513805,7.513805,completed,0.151667,0.106400,0.173453,1.000000,0.050000,0.063333,0.493342,0.000000,0.000000,11,1,1,1,0,0,0,1,1,1,1,0,1,1,1,0,1,0.239034,0.000000,0.200521,0.000000,0.000000,0.000000,0.159871,0.000000,0.000000,0.000000,0.000000,0.000000,0.267115,0.000000,0.000000,0.133459,rest_at_bed,1,60,4986,bed,none,,,0.000000,1.000000,0,none,,7.513805,7.513805,completed,60,3,rain,24.000000
3,1103,3448065955,80,Day 4 11:06,none,,7.513805,7.513805,completed,0.211667,0.000000,0.173453,1.000000,0.100000,0.103333,0.493342,0.000000,0.000000,11,1,1,1,0,0,0,1,1,1,1,0,1,1,1,0,1,0.295808,0.000000,0.240407,0.000000,0.000000,0.000000,0.000000,0.000000,0.000000,0.000000,0.000000,0.000000,0.308438,0.000000,0.000000,0.155347,turn_off_alarm,1,1,4987,alarm,none,,,0.000000,1.000000,0,none,,7.513805,7.513805,completed,60,3,rain,24.000000
3,1103,3448065955,81,Day 4 11:07,none,,7.513805,7.513805,completed,0.212000,0.000400,0.173453,1.000000,0.100833,0.104000,0.473342,0.000000,0.000000,10,1,1,1,0,0,0,1,1,1,1,0,1,0,1,0,1,0.427759,0.000000,0.347639,0.000000,0.000000,0.000000,0.000000,0.000000,0.000000,0.000000,0.000000,0.000000,0.000000,0.000000,0.000000,0.224602,use_computer,1,30,5017,computer,none,,,0.000000,1.000000,0,none,,7.513805,7.513805,completed,60,3,rain,24.000000
3,1103,3448065955,82,Day 4 11:37,none,,7.513805,7.513805,completed,0.062000,0.117318,0.173453,0.990000,0.125833,0.124000,0.473342,0.080000,0.000000,10,1,1,1,0,0,0,1,1,1,1,0,1,0,1,0,1,0.305098,0.000000,0.262612,0.000000,0.000000,0.000000,0.244057,0.000000,0.000000,0.000000,0.000000,0.000000,0.000000,0.000000,0.000000,0.188233,use_phone,1,25,5042,phone,none,,,0.000000,1.000000,0,none,,7.513805,7.513805,completed,60,3,rain,24.000000
3,1103,3448065955,83,Day 4 12:02,none,,7.513805,7.513805,completed,0.000000,0.213159,0.173453,1.000000,0.146667,0.140667,0.473342,0.175000,0.085000,10,1,1,1,0,0,0,1,1,1,1,0,1,0,1,0,1,0.191154,0.000000,0.170061,0.000000,0.000000,0.000000,0.199743,0.000000,0.154301,0.154514,0.000000,0.000000,0.000000,0.000000,0.000000,0.130227,get_meal,1,35,5077,door,none,,,0.000000,1.000000,0,none,,7.513805,7.513805,completed,60,3,rain,24.000000
3,1103,3448065955,84,Day 4 12:37,none,,7.513805,7.513805,completed,0.000000,0.227159,0.173453,1.000000,0.000000,0.164000,0.473342,0.140000,0.064000,10,1,1,1,0,0,0,1,1,1,1,0,1,0,1,0,1,0.226788,0.000000,0.202028,0.000000,0.000000,0.000000,0.232015,0.000000,0.186478,0.000000,0.000000,0.000000,0.000000,0.000000,0.000000,0.152691,use_computer,1,30,5107,computer,none,,,0.000000,1.000000,0,none,,7.513805,7.513805,completed,60,3,rain,24.000000
3,1103,3448065955,85,Day 4 13:07,none,,7.513805,7.513805,completed,0.000000,0.344078,0.173453,0.990000,0.025000,0.184000,0.473342,0.220000,0.046000,10,1,1,1,0,0,0,1,1,1,1,0,1,0,1,0,1,0.175351,0.000000,0.159507,0.000000,0.000000,0.000000,0.223926,0.000000,0.155697,0.000000,0.000000,0.161297,0.000000,0.000000,0.000000,0.124222,turn_light_off,1,1,5108,light,none,,,0.000000,1.000000,0,none,,7.513805,7.513805,completed,60,3,rain,24.000000
3,1103,3448065955,86,Day 4 13:08,none,,7.513805,7.513805,completed,0.000333,0.344478,0.173453,1.000000,0.025833,0.184667,0.473342,0.219000,0.045400,10,1,1,1,0,0,0,1,1,1,1,1,0,0,1,0,1,0.209134,0.000000,0.190230,0.000000,0.000000,0.000000,0.266829,0.000000,0.185738,0.000000,0.000000,0.000000,0.000000,0.000000,0.000000,0.148069,use_phone,1,25,5133,phone,none,,,0.000000,1.000000,0,none,,7.513805,7.513805,completed,60,3,rain,24.000000
3,1103,3448065955,87,Day 4 13:33,none,,7.513805,7.513805,completed,0.000000,0.440318,0.173453,1.000000,0.046667,0.201333,0.473342,0.314000,0.130400,10,1,1,1,0,0,0,1,1,1,1,1,0,0,1,0,1,0.126255,0.115099,0.116929,0.000000,0.000000,0.000000,0.199434,0.227040,0.120916,0.000000,0.000000,0.000000,0.000000,0.000000,0.000000,0.094327,rest_at_bed,1,60,5193,bed,none,room-temperature-shift|weather-rain,,0.000000,1.000000,0,none,,7.513805,7.513805,completed,60,3,rain,24.000000
3,1103,3448065955,88,Day 4 14:33,none,,7.513805,7.513805,completed,0.060000,0.179226,0.173453,1.000000,0.096667,0.241333,0.473342,0.114000,0.094400,10,1,1,1,0,0,0,1,1,1,1,1,0,0,1,0,1,0.235649,0.000000,0.205147,0.000000,0.000000,0.000000,0.210464,0.000000,0.199664,0.000000,0.000000,0.000000,0.000000,0.000000,0.000000,0.149075,rest_at_bed,1,60,5253,bed,none,,,0.000000,1.000000,0,none,,7.513805,7.513805,completed,60,3,rain,24.000000
3,1103,3448065955,89,Day 4 15:33,none,,7.513805,7.513805,completed,0.120000,0.000000,0.173453,1.000000,0.146667,0.281333,0.473342,0.000000,0.058400,10,1,1,1,0,0,0,1,1,1,1,1,0,0,1,0,1,0.260754,0.000000,0.216701,0.000000,0.000000,0.000000,0.000000,0.000000,0.205004,0.171047,0.000000,0.000000,0.000000,0.000000,0.000000,0.146494,go_to_bathroom,1,15,5268,door,none,message-study-group,,0.000000,1.000000,0,none,,7.513805,7.513805,completed,60,4,rain,24.000000
3,1103,3448065955,90,Day 4 15:48,none,,7.513805,7.513805,completed,0.125000,0.006000,0.173453,1.000000,0.159167,0.000000,0.473342,0.000000,0.049400,10,1,1,1,0,0,0,1,1,1,1,1,0,0,1,0,1,0.327309,0.000000,0.271944,0.000000,0.000000,0.000000,0.000000,0.000000,0.000000,0.217359,0.000000,0.000000,0.000000,0.000000,0.000000,0.183388,use_phone,1,25,5293,phone,none,,,0.000000,1.000000,0,none,,7.513805,7.513805,completed,60,4,rain,24.000000
3,1103,3448065955,91,Day 4 16:13,none,,7.513805,7.513805,completed,0.000000,0.101841,0.173453,1.000000,0.180000,0.016667,0.473342,0.095000,0.134400,10,1,1,1,0,0,0,1,1,1,1,1,0,0,1,0,1,0.201647,0.160266,0.175841,0.000000,0.000000,0.000000,0.169907,0.000000,0.000000,0.161664,0.000000,0.000000,0.000000,0.000000,0.000000,0.130677,rest_at_bed,1,60,5353,bed,none,,,0.000000,1.000000,0,none,,7.513805,7.513805,completed,60,4,rain,24.000000
3,1103,3448065955,92,Day 4 17:13,none,,7.513805,7.513805,completed,0.060000,0.000000,0.173453,1.000000,0.230000,0.056667,0.473342,0.000000,0.098400,10,1,1,1,0,0,0,1,1,1,1,1,0,0,1,0,1,0.312727,0.000000,0.263720,0.000000,0.000000,0.000000,0.000000,0.000000,0.000000,0.239927,0.000000,0.000000,0.000000,0.000000,0.000000,0.183626,use_computer,1,30,5383,computer,none,,,0.000000,1.000000,0,none,,7.513805,7.513805,completed,60,4,rain,24.000000
3,1103,3448065955,93,Day 4 17:43,none,,7.513805,7.513805,completed,0.000000,0.116918,0.173453,0.990000,0.255000,0.076667,0.473342,0.080000,0.080400,10,1,1,1,0,0,0,1,1,1,1,1,0,0,1,0,1,0.235797,0.000000,0.206036,0.000000,0.000000,0.000000,0.198979,0.000000,0.000000,0.206930,0.000000,0.000000,0.000000,0.000000,0.000000,0.152259,idle,1,10,5393,,none,,,0.000000,1.000000,0,none,,7.513805,7.513805,completed,60,4,rain,24.000000
3,1103,3448065955,94,Day 4 17:53,none,,7.513805,7.513805,completed,0.123333,0.120918,0.173453,0.936667,0.263333,0.083333,0.473342,0.070000,0.074400,10,1,1,1,0,0,0,1,1,1,1,1,0,0,1,0,1,0.251047,0.000000,0.212951,0.000000,0.000000,0.000000,0.189152,0.000000,0.000000,0.199309,0.000000,0.000000,0.000000,0.000000,0.000000,0.147542,idle,1,10,5403,,none,,,0.000000,1.000000,0,none,,7.513805,7.513805,completed,60,4,rain,24.000000
3,1103,3448065955,95,Day 4 18:03,none,,7.513805,7.513805,completed,0.246667,0.124918,0.173453,0.883333,0.271667,0.090000,0.473342,0.060000,0.068400,10,1,1,1,0,0,0,1,1,1,1,1,0,0,1,0,1,0.266715,0.000000,0.219629,0.000000,0.000000,0.000000,0.179428,0.000000,0.000000,0.191560,0.000000,0.000000,0.000000,0.000000,0.000000,0.142667,use_computer,1,30,5433,computer,none,,,0.000000,1.000000,0,none,,7.513805,7.513805,completed,60,4,rain,24.000000
3,1103,3448065955,96,Day 4 18:33,none,,7.513805,7.513805,completed,0.096667,0.241837,0.173453,0.873333,0.296667,0.110000,0.473342,0.140000,0.050400,10,1,1,1,0,0,0,1,1,1,1,1,0,0,1,0,1,0.230104,0.000000,0.200685,0.000000,0.000000,0.000000,0.220154,0.000000,0.000000,0.204433,0.000000,0.000000,0.000000,0.000000,0.000000,0.144625,use_phone,1,25,5458,phone,none,,,0.000000,1.000000,0,none,,7.513805,7.513805,completed,60,4,rain,24.000000
3,1103,3448065955,97,Day 4 18:58,none,,7.513805,7.513805,completed,0.000000,0.337678,0.173453,0.905000,0.317500,0.126667,0.473342,0.235000,0.135400,10,1,1,1,0,0,0,1,1,1,1,1,0,0,1,0,1,0.171531,0.149967,0.155935,0.000000,0.000000,0.000000,0.220941,0.000000,0.000000,0.179501,0.000000,0.000000,0.000000,0.000000,0.000000,0.122124,idle,1,10,5468,,none,,,0.000000,1.000000,0,none,,7.513805,7.513805,completed,60,4,rain,24.000000
3,1103,3448065955,98,Day 4 19:08,none,,7.513805,7.513805,completed,0.123333,0.341678,0.173453,0.851667,0.325833,0.133333,0.473342,0.225000,0.129400,10,1,1,1,0,0,0,1,1,1,1,1,0,0,1,0,1,0.184760,0.145063,0.163053,0.000000,0.000000,0.000000,0.212486,0.000000,0.000000,0.174912,0.000000,0.000000,0.000000,0.000000,0.000000,0.119725,use_computer,1,30,5498,computer,none,evening,,0.000000,1.000000,0,none,,7.513805,7.513805,completed,60,4,rain,24.000000
3,1103,3448065955,99,Day 4 19:38,none,,7.513805,7.513805,completed,0.000000,0.458596,0.173453,0.841667,0.350833,0.153333,0.473342,0.305000,0.111400,10,1,1,1,0,0,0,1,1,1,1,1,0,0,1,0,1,0.122688,0.000000,0.113933,0.000000,0.000000,0.000000,0.196070,0.224994,0.110332,0.140381,0.000000,0.000000,0.000000,0.000000,0.000000,0.091601,idle,1,10,5508,,none,,,0.000000,1.000000,0,none,,7.513805,7.513805,completed,60,4,rain,24.000000
3,1103,3448065955,100,Day 4 19:48,none,,7.513805,7.513805,completed,0.123333,0.462596,0.173453,0.788333,0.359167,0.160000,0.473342,0.295000,0.105400,10,1,1,1,0,0,0,1,1,1,1,1,0,0,1,0,1,0.133438,0.000000,0.120294,0.000000,0.000000,0.000000,0.190404,0.218697,0.108364,0.138125,0.000000,0.000000,0.000000,0.000000,0.000000,0.090676,sleep_at_bed,1,480,5988,bed,none,,,0.000000,1.000000,0,none,,7.513805,7.513805,completed,60,4,rain,24.000000
3,1103,3448065955,101,Day 5 03:48,none,,7.513805,7.513805,completed,0.203333,0.120353,0.173453,0.708333,0.759167,0.480000,0.473342,0.000000,0.000000,10,1,1,1,0,0,0,1,1,1,1,1,0,0,1,0,1,0.187771,0.000000,0.155897,0.000000,0.000000,0.000000,0.122360,0.000000,0.181132,0.251687,0.000000,0.000000,0.000000,0.000000,0.000000,0.101153,go_to_bathroom,1,15,6003,door,none,,,0.000000,1.000000,0,none,,7.513805,7.513805,completed,60,4,rain,24.000000
3,1103,3448065955,102,Day 5 04:03,none,,7.513805,7.513805,completed,0.208333,0.126353,0.173453,0.787220,0.771667,0.000000,0.473342,0.000000,0.000000,10,1,1,1,0,0,0,1,1,1,1,1,0,0,1,0,1,0.228435,0.000000,0.189611,0.000000,0.000000,0.000000,0.149251,0.000000,0.000000,0.309978,0.000000,0.000000,0.000000,0.000000,0.000000,0.122725,rest_at_bed,1,60,6063,bed,none,,,0.000000,1.000000,0,none,,7.513805,7.513805,completed,60,4,rain,24.000000
3,1103,3448065955,103,Day 5 05:03,none,,7.513805,7.513805,completed,0.268333,0.000000,0.173453,0.817220,0.821667,0.040000,0.473342,0.000000,0.000000,10,1,1,1,0,0,0,1,1,1,1,1,0,0,1,0,1,0.274047,0.000000,0.219668,0.000000,0.000000,0.000000,0.000000,0.000000,0.000000,0.368245,0.000000,0.000000,0.000000,0.000000,0.000000,0.138040,use_computer,1,30,6093,computer,none,,,0.000000,1.000000,0,none,,7.513805,7.513805,completed,60,4,rain,24.000000
3,1103,3448065955,104,Day 5 05:33,none,,7.513805,7.513805,completed,0.118333,0.116918,0.173453,0.807220,0.846667,0.060000,0.473342,0.080000,0.000000,10,1,1,1,0,0,0,1,1,1,1,1,0,0,1,0,1,0.205577,0.000000,0.174528,0.000000,0.000000,0.000000,0.156512,0.000000,0.000000,0.341708,0.000000,0.000000,0.000000,0.000000,0.000000,0.121674,get_meal,1,35,6128,door,none,,,0.000000,1.000000,0,none,,7.513805,7.513805,completed,60,4,rain,24.000000
3,1103,3448065955,105,Day 5 06:08,none,,7.513805,7.513805,completed,0.090000,0.130918,0.173453,0.919439,0.325833,0.083333,0.473342,0.045000,0.000000,10,1,1,1,0,0,0,1,1,1,1,1,0,0,1,0,1,0.244282,0.000000,0.209097,0.000000,0.000000,0.000000,0.186626,0.000000,0.000000,0.214100,0.000000,0.000000,0.000000,0.000000,0.000000,0.145896,rest_at_bed,1,60,6188,bed,none,,,0.000000,1.000000,0,none,,7.513805,7.513805,completed,60,4,rain,24.000000
3,1103,3448065955,106,Day 5 07:08,none,,7.513805,7.513805,completed,0.150000,0.000000,0.173453,0.949439,0.375833,0.123333,0.473342,0.000000,0.000000,10,1,1,1,0,0,0,1,1,1,1,1,0,0,1,0,1,0.309953,0.000000,0.255714,0.000000,0.000000,0.000000,0.000000,0.000000,0.000000,0.264000,0.000000,0.000000,0.000000,0.000000,0.000000,0.170333,use_phone,1,25,6213,phone,none,alarm-rings,,0.000000,1.000000,0,none,,7.513805,7.513805,completed,60,4,rain,24.000000
3,1103,3448065955,107,Day 5 07:33,none,,7.513805,7.513805,completed,0.000000,0.095841,0.173453,0.981106,0.396667,0.140000,0.531799,0.095000,0.085000,11,1,1,1,0,0,0,1,1,1,1,1,0,1,1,0,1,0.153713,0.000000,0.133912,0.000000,0.000000,0.000000,0.127614,0.000000,0.117813,0.161533,0.000000,0.000000,0.205897,0.000000,0.000000,0.099517,get_meal,1,35,6248,door,none,,,0.000000,1.000000,0,none,,7.513805,7.513805,completed,60,4,rain,24.000000
3,1103,3448065955,108,Day 5 08:08,none,,7.513805,7.513805,completed,0.000000,0.109841,0.173453,1.000000,0.000000,0.163333,0.531799,0.060000,0.064000,11,1,1,1,0,0,0,1,1,1,1,1,0,1,1,0,1,0.184179,0.000000,0.160665,0.000000,0.000000,0.000000,0.149705,0.000000,0.143795,0.000000,0.000000,0.000000,0.243812,0.000000,0.000000,0.117843,go_to_bathroom,1,15,6263,door,none,,,0.000000,1.000000,0,none,,7.513805,7.513805,completed,60,4,rain,24.000000
3,1103,3448065955,109,Day 5 08:23,none,,7.513805,7.513805,completed,0.005000,0.115841,0.173453,1.000000,0.012500,0.000000,0.531799,0.045000,0.055000,11,1,1,1,0,0,0,1,1,1,1,1,0,1,1,0,1,0.216479,0.000000,0.188717,0.000000,0.000000,0.000000,0.173613,0.000000,0.000000,0.000000,0.000000,0.000000,0.283887,0.000000,0.000000,0.137305,use_phone,1,25,6288,phone,none,,,0.000000,1.000000,0,none,,7.513805,7.513805,completed,60,4,rain,24.000000
3,1103,3448065955,110,Day 5 08:48,none,,7.513805,7.513805,completed,0.000000,0.211681,0.173453,1.000000,0.033333,0.016667,0.531799,0.140000,0.140000,11,1,1,1,0,0,0,1,1,1,1,1,0,1,1,0,1,0.173123,0.143615,0.153839,0.000000,0.000000,0.000000,0.172595,0.000000,0.000000,0.000000,0.000000,0.000000,0.240557,0.000000,0.000000,0.116270,rest_at_bed,1,60,6348,bed,none,,,0.000000,1.000000,0,none,,7.513805,7.513805,completed,60,4,rain,24.000000
3,1103,3448065955,111,Day 5 09:48,none,,7.513805,7.513805,completed,0.060000,0.000000,0.173453,1.000000,0.083333,0.056667,0.531799,0.000000,0.104000,11,1,1,1,0,0,0,1,1,1,1,1,0,1,1,0,1,0.275059,0.000000,0.231954,0.000000,0.000000,0.000000,0.000000,0.000000,0.000000,0.000000,0.000000,0.000000,0.331480,0.000000,0.000000,0.161508,use_computer,1,30,6378,computer,none,,,0.000000,1.000000,0,none,,7.513805,7.513805,completed,60,4,rain,24.000000
3,1103,3448065955,112,Day 5 10:18,none,,7.513805,7.513805,completed,0.000000,0.116918,0.173453,0.990000,0.108333,0.076667,0.531799,0.080000,0.086000,11,1,1,1,0,0,0,1,1,1,1,1,0,1,1,0,1,0.213094,0.000000,0.186199,0.000000,0.000000,0.000000,0.178420,0.000000,0.000000,0.000000,0.000000,0.000000,0.284687,0.000000,0.000000,0.137599,rest_at_bed,1,60,6438,bed,none,,,0.000000,1.000000,0,none,,7.513805,7.513805,completed,60,4,rain,24.000000
3,1103,3448065955,113,Day 5 11:18,none,,7.513805,7.513805,completed,0.060000,0.000000,0.173453,1.000000,0.158333,0.116667,0.531799,0.000000,0.050000,11,1,1,1,0,0,0,1,1,1,1,1,0,1,1,0,1,0.230580,0.000000,0.194446,0.000000,0.000000,0.000000,0.000000,0.000000,0.000000,0.161704,0.000000,0.000000,0.277878,0.000000,0.000000,0.135391,turn_off_alarm,1,1,6439,alarm,none,,,0.000000,1.000000,0,none,,7.513805,7.513805,completed,60,4,rain,24.000000
3,1103,3448065955,114,Day 5 11:19,none,,7.513805,7.513805,completed,0.060333,0.000400,0.173453,1.000000,0.159167,0.117333,0.511799,0.000000,0.049400,10,1,1,1,0,0,0,1,1,1,1,1,0,0,1,0,1,0.319263,0.000000,0.269227,0.000000,0.000000,0.000000,0.000000,0.000000,0.000000,0.224081,0.000000,0.000000,0.000000,0.000000,0.000000,0.187429,idle,1,10,6449,,none,,,0.000000,1.000000,0,none,,7.513805,7.513805,completed,60,4,rain,24.000000
3,1103,3448065955,115,Day 5 11:29,none,,7.513805,7.513805,completed,0.183667,0.004400,0.173453,0.946667,0.167500,0.124000,0.511799,0.000000,0.043400,10,1,1,1,0,0,0,1,1,1,1,1,0,0,1,0,1,0.334132,0.000000,0.273604,0.000000,0.000000,0.000000,0.000000,0.000000,0.000000,0.213011,0.000000,0.000000,0.000000,0.000000,0.000000,0.179253,use_computer,1,30,6479,computer,none,,,0.000000,1.000000,0,none,,7.513805,7.513805,completed,60,4,rain,24.000000
3,1103,3448065955,116,Day 5 11:59,none,,7.513805,7.513805,completed,0.033667,0.121318,0.173453,0.936667,0.192500,0.144000,0.511799,0.080000,0.025400,10,1,1,1,0,0,0,1,1,1,1,1,0,0,1,0,1,0.206081,0.000000,0.178727,0.000000,0.000000,0.000000,0.168880,0.000000,0.153893,0.162514,0.000000,0.000000,0.000000,0.000000,0.000000,0.129906,rest_at_bed,1,60,6539,bed,none,room-temperature-shift,,0.000000,1.000000,0,none,,7.513805,7.513805,completed,60,4,rain,24.000000
3,1103,3448065955,117,Day 5 12:59,none,,7.513805,7.513805,completed,0.093667,0.000000,0.173453,0.966667,0.242500,0.184000,0.511799,0.000000,0.000000,10,1,1,1,0,0,0,1,1,1,1,1,0,0,1,0,1,0.258061,0.000000,0.215844,0.000000,0.000000,0.000000,0.000000,0.000000,0.182965,0.195310,0.000000,0.000000,0.000000,0.000000,0.000000,0.147819,idle,1,10,6549,,none,,,0.000000,1.000000,0,none,,7.513805,7.513805,completed,60,4,rain,24.000000
3,1103,3448065955,118,Day 5 13:09,none,,7.513805,7.513805,completed,0.217000,0.004000,0.173453,0.913333,0.250833,0.190667,0.511799,0.000000,0.000000,10,1,1,1,0,0,0,1,1,1,1,1,0,0,1,0,1,0.272786,0.000000,0.221551,0.000000,0.000000,0.000000,0.000000,0.000000,0.175354,0.187522,0.000000,0.000000,0.000000,0.000000,0.000000,0.142787,go_to_bathroom,1,15,6564,door,none,,,0.000000,1.000000,0,none,,7.513805,7.513805,completed,60,4,rain,24.000000
3,1103,3448065955,119,Day 5 13:24,none,,7.513805,7.513805,completed,0.222000,0.010000,0.173453,0.992220,0.263333,0.000000,0.511799,0.000000,0.000000,10,1,1,1,0,0,0,1,1,1,1,1,0,0,1,0,1,0.330041,0.000000,0.267984,0.000000,0.000000,0.000000,0.000000,0.000000,0.000000,0.229686,0.000000,0.000000,0.000000,0.000000,0.000000,0.172289,use_phone,1,25,6589,phone,none,message-study-group,,0.000000,1.000000,0,none,,7.513805,7.513805,completed,60,5,rain,24.000000
3,1103,3448065955,120,Day 5 13:49,none,,7.513805,7.513805,completed,0.010333,0.105841,0.173453,1.000000,0.284167,0.016667,0.511799,0.095000,0.085000,10,1,1,1,0,0,0,1,1,1,1,1,0,0,1,0,1,0.235043,0.000000,0.204579,0.000000,0.000000,0.000000,0.196178,0.000000,0.000000,0.212937,0.000000,0.000000,0.000000,0.000000,0.000000,0.151263,use_computer,1,30,6619,computer,none,,,0.000000,1.000000,0,none,,7.513805,7.513805,completed,60,5,rain,24.000000
3,1103,3448065955,121,Day 5 14:19,none,,7.513805,7.513805,completed,0.000000,0.222759,0.173453,0.990000,0.309167,0.036667,0.511799,0.175000,0.067000,10,1,1,1,0,0,0,1,1,1,1,1,0,0,1,0,1,0.216588,0.000000,0.192985,0.000000,0.000000,0.000000,0.227689,0.000000,0.000000,0.214956,0.000000,0.000000,0.000000,0.000000,0.000000,0.147782,use_phone,1,25,6644,phone,none,,,0.000000,1.000000,0,none,,7.513805,7.513805,completed,60,5,rain,24.000000
3,1103,3448065955,122,Day 5 14:44,none,,7.513805,7.513805,completed,0.000000,0.318600,0.173453,1.000000,0.330000,0.053333,0.511799,0.270000,0.152000,10,1,1,1,0,0,0,1,1,1,1,1,0,0,1,0,1,0.169329,0.152870,0.153606,0.000000,0.000000,0.000000,0.220322,0.000000,0.000000,0.181984,0.000000,0.000000,0.000000,0.000000,0.000000,0.121889,get_meal,1,35,6679,door,none,,,0.000000,1.000000,0,none,,7.513805,7.513805,completed,60,5,rain,24.000000
3,1103,3448065955,123,Day 5 15:19,none,,7.513805,7.513805,completed,0.000000,0.332600,0.173453,1.000000,0.000000,0.076667,0.511799,0.235000,0.131000,10,1,1,1,0,0,0,1,1,1,1,1,0,0,1,0,1,0.209982,0.182411,0.190734,0.000000,0.000000,0.000000,0.267494,0.000000,0.000000,0.000000,0.000000,0.000000,0.000000,0.000000,0.000000,0.149378,use_phone,1,25,6704,phone,none,,,0.000000,1.000000,0,none,,7.513805,7.513805,completed,60,5,rain,24.000000
3,1103,3448065955,124,Day 5 15:44,none,,7.513805,7.513805,completed,0.000000,0.428441,0.173453,1.000000,0.020833,0.093333,0.511799,0.330000,0.216000,10,1,1,1,0,0,0,1,1,1,1,1,0,0,1,0,1,0.141448,0.144423,0.130807,0.000000,0.000000,0.000000,0.223022,0.254144,0.000000,0.000000,0.000000,0.000000,0.000000,0.000000,0.000000,0.106157,rest_at_bed,1,60,6764,bed,none,weather-rain,,0.000000,1.000000,0,none,,7.513805,7.513805,completed,60,5,rain,24.000000
3,1103,3448065955,125,Day 5 16:44,none,,7.513805,7.513805,completed,0.060000,0.167348,0.173453,1.000000,0.070833,0.133333,0.511799,0.130000,0.180000,10,1,1,1,0,0,0,1,1,1,1,1,0,0,1,0,1,0.236978,0.195166,0.206000,0.000000,0.000000,0.000000,0.211261,0.000000,0.000000,0.000000,0.000000,0.000000,0.000000,0.000000,0.000000,0.150595,use_computer,1,30,6794,computer,none,,,0.000000,1.000000,0,none,,7.513805,7.513805,completed,60,5,rain,24.000000
3,1103,3448065955,126,Day 5 17:14,none,,7.513805,7.513805,completed,0.000000,0.284267,0.173453,0.990000,0.095833,0.153333,0.511799,0.210000,0.162000,10,1,1,1,0,0,0,1,1,1,1,1,0,0,1,0,1,0.181773,0.161356,0.163725,0.000000,0.000000,0.000000,0.213110,0.000000,0.153007,0.000000,0.000000,0.000000,0.000000,0.000000,0.000000,0.127030,idle,1,10,6804,,none,,,0.000000,1.000000,0,none,,7.513805,7.513805,completed,60,5,rain,24.000000
3,1103,3448065955,127,Day 5 17:24,none,,7.513805,7.513805,completed,0.123333,0.288267,0.173453,0.936667,0.104167,0.160000,0.511799,0.200000,0.156000,10,1,1,1,0,0,0,1,1,1,1,1,0,0,1,0,1,0.195521,0.155864,0.170961,0.000000,0.000000,0.000000,0.204671,0.000000,0.148621,0.000000,0.000000,0.000000,0.000000,0.000000,0.000000,0.124362,use_phone,1,25,6829,phone,none,,,0.000000,1.000000,0,none,,7.513805,7.513805,completed,60,5,rain,24.000000
3,1103,3448065955,128,Day 5 17:49,none,,7.513805,7.513805,completed,0.000000,0.384107,0.173453,0.968333,0.125000,0.176667,0.511799,0.295000,0.241000,10,1,1,1,0,0,0,1,1,1,1,1,0,0,1,0,1,0.130862,0.135040,0.120047,0.000000,0.000000,0.000000,0.188747,0.209772,0.119377,0.000000,0.000000,0.000000,0.000000,0.000000,0.000000,0.096155,idle,1,10,6839,,none,,,0.000000,1.000000,0,none,,7.513805,7.513805,completed,60,5,rain,24.000000
3,1103,3448065955,129,Day 5 17:59,none,,7.513805,7.513805,completed,0.123333,0.388107,0.173453,0.915000,0.133333,0.183333,0.511799,0.285000,0.235000,10,1,1,1,0,0,0,1,1,1,1,1,0,0,1,0,1,0.142243,0.131818,0.126673,0.000000,0.000000,0.000000,0.183183,0.203779,0.117177,0.000000,0.000000,0.000000,0.000000,0.000000,0.000000,0.095127,use_computer,1,30,6869,computer,none,,,0.000000,1.000000,0,none,,7.513805,7.513805,completed,60,5,rain,24.000000
3,1103,3448065955,130,Day 5 18:29,none,,7.513805,7.513805,completed,0.000000,0.505026,0.173453,0.905000,0.158333,0.203333,0.511799,0.365000,0.217000,10,1,1,1,0,0,0,1,1,1,1,1,0,0,1,0,1,0.104290,0.109465,0.097729,0.000000,0.000000,0.000000,0.186630,0.221499,0.103278,0.096750,0.000000,0.000000,0.000000,0.000000,0.000000,0.080359,sleep_at_bed,1,480,7349,bed,none,evening,,0.000000,1.000000,0,none,,7.513805,7.513805,completed,60,5,rain,24.000000
3,1103,3448065955,131,Day 6 02:29,none,,7.513805,7.513805,completed,0.080000,0.162783,0.173453,0.825000,0.558333,0.523333,0.511799,0.000000,0.000000,10,1,1,1,0,0,0,1,1,1,1,1,0,0,1,0,1,0.180985,0.000000,0.155903,0.000000,0.000000,0.000000,0.137232,0.000000,0.206997,0.211393,0.000000,0.000000,0.000000,0.000000,0.000000,0.107490,use_computer,1,30,7379,computer,none,,,0.000000,1.000000,0,none,,7.513805,7.513805,completed,60,5,rain,24.000000
3,1103,3448065955,132,Day 6 02:59,none,,7.513805,7.513805,completed,0.000000,0.279701,0.173453,0.815000,0.583333,0.543333,0.511799,0.080000,0.000000,10,1,1,1,0,0,0,1,1,1,1,1,0,0,1,0,1,0.159796,0.000000,0.143325,0.000000,0.000000,0.000000,0.162143,0.000000,0.211579,0.217241,0.000000,0.000000,0.000000,0.000000,0.000000,0.105916,use_computer,1,30,7409,computer,none,,,0.000000,1.000000,0,none,,7.513805,7.513805,completed,60,5,rain,24.000000
3,1103,3448065955,133,Day 6 03:29,none,,7.513805,7.513805,completed,0.000000,0.396620,0.173453,0.805000,0.608333,0.563333,0.511799,0.160000,0.000000,10,1,1,1,0,0,0,1,1,1,1,1,0,0,1,0,1,0.147369,0.000000,0.134973,0.000000,0.000000,0.000000,0.186655,0.000000,0.210708,0.217516,0.000000,0.000000,0.000000,0.000000,0.000000,0.102779,get_meal,1,35,7444,door,none,,,0.000000,1.000000,0,none,,7.513805,7.513805,completed,60,5,rain,24.000000
3,1103,3448065955,134,Day 6 04:04,none,,7.513805,7.513805,completed,0.000000,0.410620,0.173453,0.917220,0.087500,0.586667,0.511799,0.125000,0.000000,10,1,1,1,0,0,0,1,1,1,1,1,0,0,1,0,1,0.188579,0.000000,0.172943,0.000000,0.000000,0.000000,0.233848,0.000000,0.274654,0.000000,0.000000,0.000000,0.000000,0.000000,0.000000,0.129976,idle,1,10,7454,,none,,,0.000000,1.000000,0,none,,7.513805,7.513805,completed,60,5,rain,24.000000
3,1103,3448065955,135,Day 6 04:14,none,,7.513805,7.513805,completed,0.123333,0.414620,0.173453,0.863886,0.095833,0.593333,0.511799,0.115000,0.000000,10,1,1,1,0,0,0,1,1,1,1,1,0,0,1,0,1,0.202428,0.000000,0.180218,0.000000,0.000000,0.000000,0.224129,0.000000,0.266238,0.000000,0.000000,0.000000,0.000000,0.000000,0.000000,0.126987,go_to_bathroom,1,15,7469,door,none,,,0.000000,1.000000,0,none,,7.513805,7.513805,completed,60,5,rain,24.000000
3,1103,3448065955,136,Day 6 04:29,none,,7.513805,7.513805,completed,0.128333,0.420620,0.173453,0.942772,0.108333,0.000000,0.511799,0.100000,0.000000,10,1,1,1,0,0,0,1,1,1,1,1,0,0,1,0,1,0.277469,0.000000,0.246864,0.000000,0.000000,0.000000,0.303119,0.000000,0.000000,0.000000,0.000000,0.000000,0.000000,0.000000,0.000000,0.172547,idle,1,10,7479,,none,,,0.000000,1.000000,0,none,,7.513805,7.513805,completed,60,5,rain,24.000000
3,1103,3448065955,137,Day 6 04:39,none,,7.513805,7.513805,completed,0.251667,0.424620,0.173453,0.889439,0.116667,0.006667,0.511799,0.090000,0.000000,10,1,1,1,0,0,0,1,1,1,1,1,0,0,1,0,1,0.293677,0.000000,0.253649,0.000000,0.000000,0.000000,0.286455,0.000000,0.000000,0.000000,0.000000,0.000000,0.000000,0.000000,0.000000,0.166219,rest_at_bed,1,60,7539,bed,none,,,0.000000,1.000000,0,none,,7.513805,7.513805,completed,60,5,rain,24.000000
3,1103,3448065955,138,Day 6 05:39,none,,7.513805,7.513805,completed,0.311667,0.163527,0.173453,0.919439,0.166667,0.046667,0.511799,0.000000,0.000000,10,1,1,1,0,0,0,1,1,1,1,1,0,0,1,0,1,0.284087,0.000000,0.231321,0.000000,0.000000,0.000000,0.176252,0.000000,0.000000,0.166047,0.000000,0.000000,0.000000,0.000000,0.000000,0.142294,use_computer,1,30,7569,computer,none,,,0.000000,1.000000,0,none,,7.513805,7.513805,completed,60,5,rain,24.000000
3,1103,3448065955,139,Day 6 06:09,none,,7.513805,7.513805,completed,0.161667,0.280446,0.173453,0.909439,0.191667,0.066667,0.511799,0.080000,0.000000,10,1,1,1,0,0,0,1,1,1,1,1,0,0,1,0,1,0.246529,0.000000,0.212608,0.000000,0.000000,0.000000,0.217526,0.000000,0.000000,0.178244,0.000000,0.000000,0.000000,0.000000,0.000000,0.145093,use_phone,1,25,7594,phone,none,,,0.000000,1.000000,0,none,,7.513805,7.513805,completed,60,5,rain,24.000000
3,1103,3448065955,140,Day 6 06:34,none,,7.513805,7.513805,completed,0.000000,0.376286,0.173453,0.941106,0.212500,0.083333,0.511799,0.175000,0.085000,10,1,1,1,0,0,0,1,1,1,1,1,0,0,1,0,1,0.209611,0.000000,0.191430,0.000000,0.000000,0.000000,0.263476,0.000000,0.000000,0.188892,0.000000,0.000000,0.000000,0.000000,0.000000,0.146591,use_phone,1,25,7619,phone,none,,,0.000000,1.000000,0,none,,7.513805,7.513805,completed,60,5,rain,24.000000
3,1103,3448065955,141,Day 6 06:59,none,,7.513805,7.513805,completed,0.000000,0.472127,0.173453,0.972772,0.233333,0.100000,0.511799,0.270000,0.170000,10,1,1,1,0,0,0,1,1,1,1,1,0,0,1,0,1,0.125851,0.119148,0.117015,0.000000,0.000000,0.000000,0.195795,0.226527,0.000000,0.122812,0.000000,0.000000,0.000000,0.000000,0.000000,0.092853,shop_on_phone,1,20,7639,phone,none,,,0.000000,1.000000,0,none,,7.513805,7.513805,completed,30,5,rain,24.000000
3,1103,3448065955,142,Day 6 07:19,none,,7.513805,7.513805,completed,0.006667,0.483816,0.173453,1.000000,0.250000,0.113333,0.511799,0.330000,0.000000,10,1,1,1,0,0,0,1,1,1,1,1,0,0,1,0,1,0.136409,0.000000,0.127067,0.000000,0.000000,0.000000,0.228072,0.266974,0.000000,0.138694,0.000000,0.000000,0.000000,0.000000,0.000000,0.102784,sleep_at_bed,1,480,8119,bed,none,alarm-rings,,0.000000,1.000000,0,none,,7.513805,7.513805,completed,30,5,rain,24.000000
3,1103,3448065955,143,Day 6 15:19,none,,7.513805,7.513805,completed,0.116667,0.141573,0.173453,0.920000,0.650000,0.433333,0.570255,0.000000,0.000000,11,1,1,1,0,0,0,1,1,1,1,1,0,1,1,0,1,0.152117,0.000000,0.129429,0.000000,0.000000,0.000000,0.108148,0.000000,0.149441,0.192397,0.000000,0.000000,0.180827,0.000000,0.000000,0.087641,go_to_bathroom,1,15,8134,door,none,,,0.000000,1.000000,0,none,,7.513805,7.513805,completed,30,5,rain,24.000000
3,1103,3448065955,144,Day 6 15:34,none,,7.513805,7.513805,completed,0.121667,0.147573,0.173453,0.998886,0.662500,0.000000,0.570255,0.000000,0.000000,11,1,1,1,0,0,0,1,1,1,1,1,0,1,1,0,1,0.178469,0.000000,0.151813,0.000000,0.000000,0.000000,0.127219,0.000000,0.000000,0.228517,0.000000,0.000000,0.211437,0.000000,0.000000,0.102545,get_meal,1,35,8169,door,none,room-temperature-shift,,0.000000,1.000000,0,none,,7.513805,7.513805,completed,30,5,rain,17.000000
3,1103,3448065955,145,Day 6 16:09,none,,7.513805,7.513805,completed,0.093333,0.201573,0.173453,1.000000,0.141667,0.023333,0.570255,0.000000,0.000000,11,1,1,1,0,0,0,1,1,1,1,1,0,1,1,0,1,0.194259,0.000000,0.167837,0.000000,0.000000,0.000000,0.151137,0.000000,0.000000,0.133867,0.000000,0.000000,0.237939,0.000000,0.000000,0.114961,use_computer,1,30,8199,computer,none,weather-clear,,0.000000,1.000000,0,none,,7.513805,7.513805,completed,30,5,clear,17.000000
3,1103,3448065955,146,Day 6 16:39,none,,7.513805,7.513805,completed,0.000000,0.318491,0.173453,0.990000,0.166667,0.043333,0.570255,0.080000,0.000000,11,1,1,1,0,0,0,1,1,1,1,1,0,1,1,0,1,0.171468,0.000000,0.154755,0.000000,0.000000,0.000000,0.180604,0.000000,0.000000,0.139136,0.000000,0.000000,0.239674,0.000000,0.000000,0.114362,turn_off_alarm,1,1,8200,alarm,none,,,0.000000,1.000000,0,none,,7.513805,7.513805,completed,30,5,clear,17.000000
3,1103,3448065955,147,Day 6 16:40,none,,7.513805,7.513805,completed,0.000333,0.318891,0.173453,1.000000,0.167500,0.044000,0.550255,0.079000,0.000000,10,1,1,1,0,0,0,1,1,1,1,1,0,0,1,0,1,0.225428,0.000000,0.203447,0.000000,0.000000,0.000000,0.237863,0.000000,0.000000,0.182998,0.000000,0.000000,0.000000,0.000000,0.000000,0.150264,use_computer,1,30,8230,computer,none,,,0.000000,1.000000,0,none,,7.513805,7.513805,completed,30,5,clear,17.000000
3,1103,3448065955,148,Day 6 17:10,none,,7.513805,7.513805,completed,0.000000,0.435810,0.173453,0.990000,0.192500,0.064000,0.550255,0.159000,0.000000,10,1,1,1,0,0,0,1,1,1,1,1,0,0,1,0,1,0.158454,0.000000,0.146037,0.000000,0.000000,0.000000,0.208761,0.235893,0.000000,0.139693,0.000000,0.000000,0.000000,0.000000,0.000000,0.111162,use_phone,1,25,8255,phone,none,message-study-group,,0.000000,1.000000,0,none,,7.513805,7.513805,completed,30,6,clear,17.000000
3,1103,3448065955,149,Day 6 17:35,none,,7.513805,7.513805,completed,0.000000,0.531651,0.173453,1.000000,0.213333,0.080667,0.550255,0.254000,0.085000,10,1,1,1,0,0,0,1,1,1,1,1,0,0,1,0,1,0.138647,0.000000,0.130095,0.000000,0.000000,0.000000,0.226087,0.270192,0.000000,0.132364,0.000000,0.000000,0.000000,0.000000,0.000000,0.102615,idle,1,10,8265,,none,,,0.000000,1.000000,0,none,,7.513805,7.513805,completed,30,6,clear,17.000000
3,1103,3448065955,150,Day 6 17:45,none,,7.513805,7.513805,completed,0.123333,0.535651,0.173453,0.946667,0.221667,0.087333,0.550255,0.244000,0.079000,10,1,1,1,0,0,0,1,1,1,1,1,0,0,1,0,1,0.150472,0.000000,0.137063,0.000000,0.000000,0.000000,0.219082,0.262065,0.000000,0.129957,0.000000,0.000000,0.000000,0.000000,0.000000,0.101361,sleep_at_bed,1,480,8745,bed,none,evening,,0.000000,1.000000,0,none,,7.513805,7.513805,completed,30,6,clear,17.000000
3,1103,3448065955,151,Day 7 01:45,none,,7.513805,7.513805,completed,0.203333,0.193408,0.173453,0.866667,0.621667,0.407333,0.550255,0.000000,0.000000,10,1,1,1,0,0,0,1,1,1,1,1,0,0,1,0,1,0.195425,0.000000,0.164166,0.000000,0.000000,0.000000,0.137232,0.000000,0.173581,0.223077,0.000000,0.000000,0.000000,0.000000,0.000000,0.106518,use_phone,1,25,8770,phone,none,,,0.000000,1.000000,0,none,,7.513805,7.513805,completed,30,6,clear,17.000000
3,1103,3448065955,152,Day 7 02:10,none,,7.513805,7.513805,completed,0.000000,0.289248,0.173453,0.898333,0.642500,0.424000,0.550255,0.095000,0.085000,10,1,1,1,0,0,0,1,1,1,1,1,0,0,1,0,1,0.160725,0.000000,0.144437,0.000000,0.000000,0.000000,0.166717,0.000000,0.183672,0.237109,0.000000,0.000000,0.000000,0.000000,0.000000,0.107339,use_phone,1,25,8795,phone,none,,,0.000000,1.000000,0,none,,7.513805,7.513805,completed,30,6,clear,17.000000
3,1103,3448065955,153,Day 7 02:35,none,,7.513805,7.513805,completed,0.000000,0.385089,0.173453,0.930000,0.663333,0.440667,0.550255,0.190000,0.170000,10,1,1,1,0,0,0,1,1,1,1,1,0,0,1,0,1,0.130943,0.118385,0.119802,0.000000,0.000000,0.000000,0.168111,0.000000,0.161316,0.209186,0.000000,0.000000,0.000000,0.000000,0.000000,0.092258,rest_at_bed,1,60,8855,bed,none,,,0.000000,1.000000,0,none,,7.513805,7.513805,completed,30,6,clear,17.000000
3,1103,3448065955,154,Day 7 03:35,none,,7.513805,7.513805,completed,0.060000,0.123996,0.173453,0.960000,0.713333,0.480667,0.550255,0.000000,0.134000,10,1,1,1,0,0,0,1,1,1,1,1,0,0,1,0,1,0.154947,0.113448,0.133293,0.000000,0.000000,0.000000,0.113686,0.000000,0.169558,0.222259,0.000000,0.000000,0.000000,0.000000,0.000000,0.092810,idle,1,10,8865,,none,,,0.000000,1.000000,0,none,,7.513805,7.513805,completed,30,6,clear,17.000000
3,1103,3448065955,155,Day 7 03:45,none,,7.513805,7.513805,completed,0.183333,0.127996,0.173453,0.906667,0.721667,0.487333,0.550255,0.000000,0.128000,10,1,1,1,0,0,0,1,1,1,1,1,0,0,1,0,1,0.166665,0.110027,0.139220,0.000000,0.000000,0.000000,0.110358,0.000000,0.165359,0.217145,0.000000,0.000000,0.000000,0.000000,0.000000,0.091226,use_computer,1,30,8895,computer,none,,,0.000000,1.000000,0,none,,7.513805,7.513805,completed,30,6,clear,17.000000
3,1103,3448065955,156,Day 7 04:15,none,,7.513805,7.513805,completed,0.033333,0.244915,0.173453,0.896667,0.746667,0.507333,0.550255,0.080000,0.110000,10,1,1,1,0,0,0,1,1,1,1,1,0,0,1,0,1,0.158681,0.000000,0.140388,0.000000,0.000000,0.000000,0.149432,0.000000,0.193702,0.255740,0.000000,0.000000,0.000000,0.000000,0.000000,0.102057,get_meal,1,35,8930,door,none,,,0.000000,1.000000,0,none,,7.513805,7.513805,completed,30,6,clear,17.000000
3,1103,3448065955,157,Day 7 04:50,none,,7.513805,7.513805,completed,0.005000,0.258915,0.173453,1.000000,0.225833,0.530667,0.550255,0.045000,0.089000,10,1,1,1,0,0,0,1,1,1,1,1,0,0,1,0,1,0.178244,0.000000,0.158996,0.000000,0.000000,0.000000,0.168439,0.000000,0.227167,0.151473,0.000000,0.000000,0.000000,0.000000,0.000000,0.115681,go_to_bathroom,1,15,8945,door,none,,,0.000000,1.000000,0,none,,7.513805,7.513805,completed,30,6,clear,17.000000
3,1103,3448065955,158,Day 7 05:05,none,,7.513805,7.513805,completed,0.010000,0.264915,0.173453,1.000000,0.238333,0.000000,0.550255,0.030000,0.080000,10,1,1,1,0,0,0,1,1,1,1,1,0,0,1,0,1,0.231357,0.000000,0.206238,0.000000,0.000000,0.000000,0.215716,0.000000,0.000000,0.197844,0.000000,0.000000,0.000000,0.000000,0.000000,0.148845,use_phone,1,25,8970,phone,none,,,0.000000,1.000000,0,none,,7.513805,7.513805,completed,30,6,clear,17.000000
3,1103,3448065955,159,Day 7 05:30,none,,7.513805,7.513805,completed,0.000000,0.360756,0.173453,1.000000,0.259167,0.016667,0.550255,0.125000,0.165000,10,1,1,1,0,0,0,1,1,1,1,1,0,0,1,0,1,0.179741,0.156702,0.163523,0.000000,0.000000,0.000000,0.209239,0.000000,0.000000,0.167900,0.000000,0.000000,0.000000,0.000000,0.000000,0.122896,shop_on_phone,1,20,8990,phone,none,,,0.000000,1.000000,0,none,,7.513805,7.513805,completed,0,6,clear,17.000000
3,1103,3448065955,160,Day 7 05:50,none,,7.513805,7.513805,completed,0.006667,0.372445,0.173453,1.000000,0.275833,0.030000,0.550255,0.185000,0.000000,10,1,1,1,0,0,0,1,1,1,1,1,0,0,1,0,1,0.206864,0.000000,0.188549,0.000000,0.000000,0.000000,0.258800,0.000000,0.000000,0.201335,0.000000,0.000000,0.000000,0.000000,0.000000,0.144452,use_phone,1,25,9015,phone,none,,,0.000000,1.000000,0,none,,7.513805,7.513805,completed,0,6,clear,17.000000
3,1103,3448065955,161,Day 7 06:15,none,,7.513805,7.513805,completed,0.000000,0.468285,0.173453,1.000000,0.296667,0.046667,0.550255,0.280000,0.085000,10,1,1,1,0,0,0,1,1,1,1,1,0,0,1,0,1,0.140905,0.000000,0.130966,0.000000,0.000000,0.000000,0.219454,0.254991,0.000000,0.149370,0.000000,0.000000,0.000000,0.000000,0.000000,0.104313,rest_at_bed,1,60,9075,bed,none,,,0.000000,1.000000,0,none,,7.513805,7.513805,completed,0,6,clear,17.000000
3,1103,3448065955,162,Day 7 07:15,none,,7.513805,7.513805,completed,0.060000,0.207193,0.173453,1.000000,0.346667,0.086667,0.550255,0.080000,0.049000,10,1,1,1,0,0,0,1,1,1,1,1,0,0,1,0,1,0.230992,0.000000,0.201814,0.000000,0.000000,0.000000,0.203410,0.000000,0.000000,0.218986,0.000000,0.000000,0.000000,0.000000,0.000000,0.144797,use_phone,1,25,9100,phone,none,,,0.000000,1.000000,0,none,,7.513805,7.513805,completed,0,6,clear,17.000000
3,1103,3448065955,163,Day 7 07:40,none,,7.513805,7.513805,completed,0.000000,0.303033,0.173453,1.000000,0.367500,0.103333,0.550255,0.175000,0.134000,10,1,1,1,0,0,0,1,1,1,1,1,0,0,1,0,1,0.176339,0.149401,0.159161,0.000000,0.000000,0.000000,0.202491,0.000000,0.000000,0.190729,0.000000,0.000000,0.000000,0.000000,0.000000,0.121880,get_meal,1,35,9135,door,none,,,0.000000,1.000000,0,none,,7.513805,7.513805,completed,0,6,clear,17.000000
3,1103,3448065955,164,Day 7 08:15,none,,7.513805,7.513805,completed,0.000000,0.317033,0.173453,1.000000,0.000000,0.126667,0.550255,0.140000,0.113000,10,1,1,1,0,0,0,1,1,1,1,1,0,0,1,0,1,0.269463,0.000000,0.243533,0.000000,0.000000,0.000000,0.302945,0.000000,0.000000,0.000000,0.000000,0.000000,0.000000,0.000000,0.000000,0.184060,idle,1,10,9145,,none,,,0.000000,1.000000,0,none,,7.513805,7.513805,completed,0,6,clear,17.000000
3,1103,3448065955,165,Day 7 08:25,none,,7.513805,7.513805,completed,0.123333,0.321033,0.173453,0.946667,0.008333,0.133333,0.550255,0.130000,0.107000,10,1,1,1,0,0,0,1,1,1,1,1,0,0,1,0,1,0.285481,0.000000,0.250469,0.000000,0.000000,0.000000,0.286569,0.000000,0.000000,0.000000,0.000000,0.000000,0.000000,0.000000,0.000000,0.177481,use_phone,1,25,9170,phone,none,,,0.000000,1.000000,0,none,,7.513805,7.513805,completed,0,6,clear,17.000000
3,1103,3448065955,166,Day 7 08:50,none,,7.513805,7.513805,completed,0.000000,0.416874,0.173453,0.978333,0.029167,0.150000,0.550255,0.225000,0.192000,10,1,1,1,0,0,0,1,1,1,1,1,0,0,1,0,1,0.135324,0.128249,0.124561,0.000000,0.000000,0.000000,0.187167,0.210952,0.116558,0.000000,0.000000,0.000000,0.000000,0.000000,0.000000,0.097188,use_computer,1,30,9200,computer,none,alarm-rings,,0.000000,1.000000,0,none,,7.513805,7.513805,completed,0,6,clear,17.000000
3,1103,3448065955,167,Day 7 09:20,none,,7.513805,7.513805,completed,0.000000,0.533793,0.173453,0.968333,0.054167,0.170000,0.608712,0.305000,0.174000,11,1,1,1,0,0,0,1,1,1,1,1,0,1,1,0,1,0.100064,0.097526,0.094052,0.000000,0.000000,0.000000,0.171411,0.207733,0.093071,0.000000,0.000000,0.000000,0.160525,0.000000,0.000000,0.075617,turn_off_alarm,1,1,9201,alarm,none,,,0.000000,1.000000,0,none,,7.513805,7.513805,completed,0,6,clear,17.000000
3,1103,3448065955,168,Day 7 09:21,none,,7.513805,7.513805,completed,0.000333,0.534193,0.173453,0.998000,0.055000,0.170667,0.588712,0.304000,0.173400,10,1,1,1,0,0,0,1,1,1,1,1,0,0,1,0,1,0.119201,0.116020,0.112035,0.000000,0.000000,0.000000,0.204557,0.247264,0.110897,0.000000,0.000000,0.000000,0.000000,0.000000,0.000000,0.090026,shop_on_phone,0,0,9201,phone,resource_insufficient,,,0.000000,1.000000,0,none,,7.513805,7.513805,completed,0,6,clear,17.000000
3,1103,3448065955,169,Day 7 09:21,none,,7.513805,7.513805,completed,0.000333,0.534193,0.173453,0.968000,0.055000,0.170667,0.618712,0.304000,0.173400,10,1,1,1,0,0,0,1,1,1,1,1,0,0,1,0,1,0.119299,0.116115,0.112127,0.000000,0.000000,0.000000,0.203905,0.247466,0.110988,0.000000,0.000000,0.000000,0.000000,0.000000,0.000000,0.090100,rest_at_bed,1,60,9261,bed,none,,,0.000000,1.000000,0,none,,7.513805,7.513805,completed,0,6,clear,17.000000
3,1103,3448065955,170,Day 7 10:21,none,,7.513805,7.513805,completed,0.060333,0.273100,0.173453,0.998000,0.105000,0.210667,0.618712,0.104000,0.137400,10,1,1,1,0,0,0,1,1,1,1,1,0,0,1,0,1,0.196175,0.154011,0.173316,0.000000,0.000000,0.000000,0.189580,0.000000,0.161465,0.000000,0.000000,0.000000,0.000000,0.000000,0.000000,0.125453,rest_at_bed,1,60,9321,bed,none,,,0.000000,1.000000,0,none,,7.513805,7.513805,completed,0,6,clear,17.000000
3,1103,3448065955,171,Day 7 11:21,none,,7.513805,7.513805,completed,0.120333,0.012007,0.173453,1.000000,0.155000,0.250667,0.618712,0.000000,0.101400,10,1,1,1,0,0,0,1,1,1,1,1,0,0,1,0,1,0.262049,0.000000,0.218181,0.000000,0.000000,0.000000,0.000000,0.000000,0.198313,0.173987,0.000000,0.000000,0.000000,0.000000,0.000000,0.147470,use_phone,1,25,9346,phone,none,,,0.000000,1.000000,0,none,,7.513805,7.513805,completed,0,6,clear,17.000000
3,1103,3448065955,172,Day 7 11:46,none,,7.513805,7.513805,completed,0.000000,0.107848,0.173453,1.000000,0.175833,0.267333,0.618712,0.095000,0.186400,10,1,1,1,0,0,0,1,1,1,1,1,0,0,1,0,1,0.169269,0.143864,0.147749,0.000000,0.000000,0.000000,0.140859,0.000000,0.153331,0.135129,0.000000,0.000000,0.000000,0.000000,0.000000,0.109800,shop_on_phone,0,0,9346,phone,resource_insufficient,,,0.000000,1.000000,0,none,,7.513805,7.513805,completed,0,6,clear,17.000000
3,1103,3448065955,173,Day 7 11:46,none,,7.513805,7.513805,completed,0.000000,0.107848,0.173453,0.970000,0.175833,0.267333,0.648712,0.095000,0.186400,10,1,1,1,0,0,0,1,1,1,1,1,0,0,1,0,1,0.169364,0.143945,0.147832,0.000000,0.000000,0.000000,0.140374,0.000000,0.153418,0.135205,0.000000,0.000000,0.000000,0.000000,0.000000,0.109862,get_meal,1,35,9381,door,none,,,0.000000,1.000000,0,none,,7.513805,7.513805,completed,0,6,clear,17.000000
3,1103,3448065955,174,Day 7 12:21,none,,7.513805,7.513805,completed,0.000000,0.121848,0.173453,1.000000,0.000000,0.290667,0.648712,0.060000,0.165400,10,1,1,1,0,0,0,1,1,1,1,1,0,0,1,0,1,0.197352,0.161398,0.172488,0.000000,0.000000,0.000000,0.160145,0.000000,0.182102,0.000000,0.000000,0.000000,0.000000,0.000000,0.000000,0.126515,use_phone,1,25,9406,phone,none,,,0.000000,1.000000,0,none,,7.513805,7.513805,completed,0,6,clear,17.000000
3,1103,3448065955,175,Day 7 12:46,none,,7.513805,7.513805,completed,0.000000,0.217689,0.173453,1.000000,0.020833,0.307333,0.648712,0.155000,0.250400,10,1,1,1,0,0,0,1,1,1,1,1,0,0,1,0,1,0.180948,0.173932,0.161012,0.000000,0.000000,0.000000,0.181737,0.000000,0.179995,0.000000,0.000000,0.000000,0.000000,0.000000,0.000000,0.122377,idle,1,10,9416,,none,,,0.000000,1.000000,0,none,,7.513805,7.513805,completed,0,6,clear,17.000000
3,1103,3448065955,176,Day 7 12:56,none,,7.513805,7.513805,completed,0.123333,0.221689,0.173453,0.946667,0.029167,0.314000,0.648712,0.145000,0.244400,10,1,1,1,0,0,0,1,1,1,1,1,0,0,1,0,1,0.194642,0.168019,0.168136,0.000000,0.000000,0.000000,0.174548,0.000000,0.174843,0.000000,0.000000,0.000000,0.000000,0.000000,0.000000,0.119812,idle,1,10,9426,,none,,,0.000000,1.000000,0,none,,7.513805,7.513805,completed,0,6,clear,17.000000
3,1103,3448065955,177,Day 7 13:06,none,,7.513805,7.513805,completed,0.246667,0.225689,0.173453,0.893333,0.037500,0.320667,0.648712,0.135000,0.238400,10,1,1,1,0,0,0,1,1,1,1,1,0,0,1,0,1,0.208947,0.161977,0.175218,0.000000,0.000000,0.000000,0.167302,0.000000,0.169494,0.000000,0.000000,0.000000,0.000000,0.000000,0.000000,0.117062,shop_on_phone,0,0,9426,phone,resource_insufficient,,,0.000000,1.000000,0,none,,7.513805,7.513805,completed,0,6,clear,17.000000
3,1103,3448065955,178,Day 7 13:06,none,,7.513805,7.513805,completed,0.246667,0.225689,0.173453,0.863333,0.037500,0.320667,0.678712,0.135000,0.238400,10,1,1,1,0,0,0,1,1,1,1,1,0,0,1,0,1,0.209087,0.162086,0.175335,0.000000,0.000000,0.000000,0.166744,0.000000,0.169608,0.000000,0.000000,0.000000,0.000000,0.000000,0.000000,0.117141,rest_at_bed,1,60,9486,bed,none,room-temperature-shift|message-study-group,,0.000000,1.000000,0,none,,7.513805,7.513805,completed,0,7,clear,17.000000
3,1103,3448065955,179,Day 7 14:06,none,,7.513805,7.513805,completed,0.306667,0.000000,0.173453,0.893333,0.087500,0.360667,0.678712,0.000000,0.202400,10,1,1,1,0,0,0,1,1,1,1,1,0,0,1,0,1,0.272471,0.175871,0.216376,0.000000,0.000000,0.000000,0.000000,0.000000,0.201853,0.000000,0.000000,0.000000,0.000000,0.000000,0.000000,0.133429,use_computer,1,30,9516,computer,none,,,0.000000,1.000000,0,none,,7.513805,7.513805,completed,0,7,clear,17.000000
3,1103,3448065955,180,Day 7 14:36,none,,7.513805,7.513805,completed,0.156667,0.116918,0.173453,0.883333,0.112500,0.380667,0.678712,0.080000,0.184400,10,1,1,1,0,0,0,1,1,1,1,1,0,0,1,0,1,0.208731,0.155818,0.175559,0.000000,0.000000,0.000000,0.149536,0.000000,0.190252,0.000000,0.000000,0.000000,0.000000,0.000000,0.000000,0.120104,use_phone,1,25,9541,phone,none,,,0.000000,1.000000,0,none,,7.513805,7.513805,completed,0,7,clear,17.000000
3,1103,3448065955,181,Day 7 15:01,none,,7.513805,7.513805,completed,0.000000,0.212759,0.173453,0.915000,0.133333,0.397333,0.678712,0.175000,0.269400,10,1,1,1,0,0,0,1,1,1,1,1,0,0,1,0,1,0.175289,0.173865,0.155936,0.000000,0.000000,0.000000,0.178118,0.000000,0.197381,0.000000,0.000000,0.000000,0.000000,0.000000,0.000000,0.119411,go_to_bathroom,1,15,9556,door,none,,,0.000000,1.000000,0,none,,7.513805,7.513805,completed,0,7,clear,17.000000
3,1103,3448065955,182,Day 7 15:16,none,,7.513805,7.513805,completed,0.005000,0.218759,0.173453,0.993886,0.145833,0.000000,0.678712,0.160000,0.260400,10,1,1,1,0,0,0,1,1,1,1,1,0,0,1,0,1,0.187315,0.182039,0.166525,0.000000,0.000000,0.000000,0.187800,0.000000,0.000000,0.149827,0.000000,0.000000,0.000000,0.000000,0.000000,0.126493,shop_on_phone,0,0,9556,phone,resource_insufficient,,,0.000000,1.000000,0,none,,7.513805,7.513805,completed,0,7,clear,17.000000
3,1103,3448065955,183,Day 7 15:16,none,,7.513805,7.513805,completed,0.005000,0.218759,0.173453,0.963886,0.145833,0.000000,0.708712,0.160000,0.260400,10,1,1,1,0,0,0,1,1,1,1,1,0,0,1,0,1,0.187456,0.182177,0.166651,0.000000,0.000000,0.000000,0.187189,0.000000,0.000000,0.149940,0.000000,0.000000,0.000000,0.000000,0.000000,0.126588,idle,1,10,9566,,none,,,0.000000,1.000000,0,none,,7.513805,7.513805,completed,0,7,clear,17.000000
3,1103,3448065955,184,Day 7 15:26,none,,7.513805,7.513805,completed,0.128333,0.222759,0.173453,0.910553,0.154167,0.006667,0.708712,0.150000,0.254400,10,1,1,1,0,0,0,1,1,1,1,1,0,0,1,0,1,0.201385,0.175759,0.173802,0.000000,0.000000,0.000000,0.179554,0.000000,0.000000,0.145724,0.000000,0.000000,0.000000,0.000000,0.000000,0.123777,get_meal,1,35,9601,door,none,,,0.000000,1.000000,0,none,,7.513805,7.513805,completed,0,7,clear,17.000000
3,1103,3448065955,185,Day 7 16:01,none,,7.513805,7.513805,completed,0.100000,0.236759,0.173453,1.000000,0.000000,0.030000,0.708712,0.115000,0.233400,10,1,1,1,0,0,0,1,1,1,1,1,0,0,1,0,1,0.235644,0.202330,0.205045,0.000000,0.000000,0.000000,0.210831,0.000000,0.000000,0.000000,0.000000,0.000000,0.000000,0.000000,0.000000,0.146150,shop_on_phone,0,0,9601,phone,resource_insufficient,,,0.000000,1.000000,0,none,,7.513805,7.513805,completed,0,7,clear,17.000000
3,1103,3448065955,186,Day 7 16:01,none,,7.513805,7.513805,completed,0.100000,0.236759,0.173453,0.970000,0.000000,0.030000,0.738712,0.115000,0.233400,10,1,1,1,0,0,0,1,1,1,1,1,0,0,1,0,1,0.235843,0.202501,0.205219,0.000000,0.000000,0.000000,0.210164,0.000000,0.000000,0.000000,0.000000,0.000000,0.000000,0.000000,0.000000,0.146273,use_computer,1,30,9631,computer,none,weather-rain,,0.000000,1.000000,0,none,,7.513805,7.513805,completed,0,7,rain,17.000000
3,1103,3448065955,187,Day 7 16:31,none,,7.513805,7.513805,completed,0.000000,0.353678,0.173453,0.960000,0.025000,0.050000,0.738712,0.195000,0.215400,10,1,1,1,0,0,0,1,1,1,1,1,0,0,1,0,1,0.209153,0.199722,0.190422,0.000000,0.000000,0.000000,0.253788,0.000000,0.000000,0.000000,0.000000,0.000000,0.000000,0.000000,0.000000,0.146915,idle,1,10,9641,,none,,,0.000000,1.000000,0,none,,7.513805,7.513805,completed,0,7,rain,17.000000
3,1103,3448065955,188,Day 7 16:41,none,,7.513805,7.513805,completed,0.123333,0.357678,0.173453,0.906667,0.033333,0.056667,0.738712,0.185000,0.209400,10,1,1,1,0,0,0,1,1,1,1,1,0,0,1,0,1,0.224008,0.192097,0.197986,0.000000,0.000000,0.000000,0.242694,0.000000,0.000000,0.000000,0.000000,0.000000,0.000000,0.000000,0.000000,0.143213,use_phone,1,25,9666,phone,none,,,0.000000,1.000000,0,none,,7.513805,7.513805,completed,0,7,rain,17.000000
3,1103,3448065955,189,Day 7 17:06,none,,7.513805,7.513805,completed,0.000000,0.453518,0.173453,0.938333,0.054167,0.073333,0.738712,0.280000,0.294400,10,1,1,1,0,0,0,1,1,1,1,1,0,0,1,0,1,0.142150,0.157798,0.131810,0.000000,0.000000,0.000000,0.212201,0.251055,0.000000,0.000000,0.000000,0.000000,0.000000,0.000000,0.000000,0.104986,use_phone,1,25,9691,phone,none,,,0.000000,1.000000,0,none,,7.513805,7.513805,completed,0,7,rain,17.000000
3,1103,3448065955,190,Day 7 17:31,none,,7.513805,7.513805,completed,0.000000,0.549359,0.173453,0.970000,0.075000,0.090000,0.738712,0.375000,0.379400,10,1,1,1,0,0,0,1,1,1,1,1,0,0,1,0,1,0.122138,0.159358,0.115303,0.000000,0.000000,0.000000,0.225667,0.282370,0.000000,0.000000,0.000000,0.000000,0.000000,0.000000,0.000000,0.095165,rest_at_bed,1,60,9751,bed,none,evening,,0.000000,1.000000,0,none,,7.513805,7.513805,completed,0,7,rain,17.000000
3,1103,3448065955,191,Day 7 18:31,none,,7.513805,7.513805,completed,0.060000,0.288267,0.173453,1.000000,0.125000,0.130000,0.738712,0.175000,0.343400,10,1,1,1,0,0,0,1,1,1,1,1,0,0,1,0,1,0.215323,0.226604,0.191074,0.000000,0.000000,0.000000,0.224940,0.000000,0.000000,0.000000,0.000000,0.000000,0.000000,0.000000,0.000000,0.142059,use_phone,1,25,9776,phone,none,,,0.000000,1.000000,0,none,,7.513805,7.513805,completed,0,7,rain,17.000000
3,1103,3448065955,192,Day 7 18:56,none,,7.513805,7.513805,completed,0.000000,0.384107,0.173453,1.000000,0.145833,0.146667,0.738712,0.270000,0.428400,10,1,1,1,0,0,0,1,1,1,1,1,0,0,1,0,1,0.116408,0.150913,0.106716,0.000000,0.000000,0.000000,0.158577,0.181219,0.101119,0.100368,0.000000,0.000000,0.000000,0.000000,0.000000,0.084680,get_meal,1,35,9811,door,none,,,0.000000,1.000000,0,none,,7.513805,7.513805,completed,0,7,rain,17.000000
3,1103,3448065955,193,Day 7 19:31,none,,7.513805,7.513805,completed,0.000000,0.398107,0.173453,1.000000,0.000000,0.170000,0.738712,0.235000,0.407400,10,1,1,1,0,0,0,1,1,1,1,1,0,0,1,0,1,0.131027,0.163450,0.120275,0.000000,0.000000,0.000000,0.174753,0.200360,0.115939,0.000000,0.000000,0.000000,0.000000,0.000000,0.000000,0.094196,sleep_at_bed,1,480,10291,bed,none,,,0.000000,1.000000,0,none,,7.513805,7.513805,completed,0,7,rain,17.000000
3,1103,3448065955,194,Day 8 03:31,none,,7.513805,7.513805,completed,0.080000,0.055864,0.173453,0.920000,0.400000,0.490000,0.738712,0.000000,0.119400,10,1,1,1,0,0,0,1,1,1,1,1,0,0,1,0,1,0.194229,0.135931,0.164465,0.000000,0.000000,0.000000,0.000000,0.000000,0.209124,0.182858,0.000000,0.000000,0.000000,0.000000,0.000000,0.113393,use_phone,1,25,10316,phone,none,,,0.000000,1.000000,0,none,,7.513805,7.513805,completed,0,7,rain,17.000000
3,1103,3448065955,195,Day 8 03:56,none,,7.513805,7.513805,completed,0.000000,0.151705,0.173453,0.951667,0.420833,0.506667,0.738712,0.095000,0.204400,10,1,1,1,0,0,0,1,1,1,1,1,0,0,1,0,1,0.151352,0.132543,0.133043,0.000000,0.000000,0.000000,0.130435,0.000000,0.188333,0.165421,0.000000,0.000000,0.000000,0.000000,0.000000,0.098872,idle,1,10,10326,,none,,,0.000000,1.000000,0,none,,7.513805,7.513805,completed,0,7,rain,17.000000
3,1103,3448065955,196,Day 8 04:06,none,,7.513805,7.513805,completed,0.123333,0.155705,0.173453,0.898333,0.429167,0.513333,0.738712,0.085000,0.198400,10,1,1,1,0,0,0,1,1,1,1,1,0,0,1,0,1,0.163498,0.128582,0.139520,0.000000,0.000000,0.000000,0.125808,0.000000,0.183721,0.161660,0.000000,0.000000,0.000000,0.000000,0.000000,0.097211,shop_on_phone,0,0,10326,phone,resource_insufficient,,,0.000000,1.000000,0,none,,7.513805,7.513805,completed,0,7,rain,17.000000
3,1103,3448065955,197,Day 8 04:06,none,,7.513805,7.513805,completed,0.123333,0.155705,0.173453,0.868333,0.429167,0.513333,0.768712,0.085000,0.198400,10,1,1,1,0,0,0,1,1,1,1,1,0,0,1,0,1,0.163581,0.128647,0.139591,0.000000,0.000000,0.000000,0.125367,0.000000,0.183813,0.161741,0.000000,0.000000,0.000000,0.000000,0.000000,0.097260,shop_on_phone,0,0,10326,phone,resource_insufficient,,,0.000000,1.000000,0,none,,7.513805,7.513805,completed,0,7,rain,17.000000
3,1103,3448065955,198,Day 8 04:06,none,,7.513805,7.513805,completed,0.123333,0.155705,0.173453,0.838333,0.429167,0.513333,0.798712,0.085000,0.198400,10,1,1,1,0,0,0,1,1,1,1,1,0,0,1,0,1,0.163663,0.128711,0.139661,0.000000,0.000000,0.000000,0.124928,0.000000,0.183906,0.161823,0.000000,0.000000,0.000000,0.000000,0.000000,0.097309,rest_at_bed,1,60,10386,bed,none,,,0.000000,1.000000,0,none,,7.513805,7.513805,completed,0,7,rain,17.000000
3,1103,3448065955,199,Day 8 05:06,none,,7.513805,7.513805,completed,0.183333,0.000000,0.173453,0.868333,0.479167,0.553333,0.798712,0.000000,0.162400,10,1,1,1,0,0,0,1,1,1,1,1,0,0,1,0,1,0.198772,0.134299,0.162663,0.000000,0.000000,0.000000,0.000000,0.000000,0.210472,0.187208,0.000000,0.000000,0.000000,0.000000,0.000000,0.106587,idle,1,10,10396,,none,,,0.000000,1.000000,0,none,,7.513805,7.513805,completed,0,7,rain,17.000000
3,1103,3448065955,200,Day 8 05:16,none,,7.513805,7.513805,completed,0.306667,0.004000,0.173453,0.815000,0.487500,0.560000,0.798712,0.000000,0.156400,10,1,1,1,0,0,0,1,1,1,1,1,0,0,1,0,1,0.212344,0.129359,0.168736,0.000000,0.000000,0.000000,0.000000,0.000000,0.203858,0.181651,0.000000,0.000000,0.000000,0.000000,0.000000,0.104052,shop_on_phone,0,0,10396,phone,resource_insufficient,,,0.000000,1.000000,0,none,,7.513805,7.513805,completed,0,7,rain,17.000000
3,1103,3448065955,201,Day 8 05:16,none,,7.513805,7.513805,completed,0.306667,0.004000,0.173453,0.785000,0.487500,0.560000,0.828712,0.000000,0.156400,10,1,1,1,0,0,0,1,1,1,1,1,0,0,1,0,1,0.212344,0.129359,0.168736,0.000000,0.000000,0.000000,0.000000,0.000000,0.203858,0.181651,0.000000,0.000000,0.000000,0.000000,0.000000,0.104052,use_computer,1,30,10426,computer,none,,,0.000000,1.000000,0,none,,7.513805,7.513805,completed,0,7,rain,17.000000
3,1103,3448065955,202,Day 8 05:46,none,,7.513805,7.513805,completed,0.156667,0.120918,0.173453,0.775000,0.512500,0.580000,0.828712,0.080000,0.138400,10,1,1,1,0,0,0,1,1,1,1,1,0,0,1,0,1,0.164833,0.116133,0.138726,0.000000,0.000000,0.000000,0.116280,0.000000,0.194696,0.174425,0.000000,0.000000,0.000000,0.000000,0.000000,0.094906,idle,1,10,10436,,none,,,0.000000,1.000000,0,none,,7.513805,7.513805,completed,0,7,rain,17.000000
3,1103,3448065955,203,Day 8 05:56,none,,7.513805,7.513805,completed,0.280000,0.124918,0.173453,0.721667,0.520833,0.586667,0.828712,0.070000,0.132400,10,1,1,1,0,0,0,1,1,1,1,1,0,0,1,0,1,0.177695,0.112431,0.145181,0.000000,0.000000,0.000000,0.111925,0.000000,0.189538,0.170110,0.000000,0.000000,0.000000,0.000000,0.000000,0.093120,idle,1,10,10446,,none,,,0.000000,1.000000,0,none,,7.513805,7.513805,completed,0,7,rain,17.000000
3,1103,3448065955,204,Day 8 06:06,none,,7.513805,7.513805,completed,0.403333,0.128918,0.173453,0.668333,0.529167,0.593333,0.828712,0.060000,0.126400,10,1,1,1,0,0,0,1,1,1,1,1,0,0,1,0,1,0.191206,0.108644,0.151654,0.000000,0.000000,0.000000,0.107533,0.000000,0.184173,0.165592,0.000000,0.000000,0.000000,0.000000,0.000000,0.091198,rest_at_bed,1,60,10506,bed,none,,,0.000000,1.000000,0,none,,7.513805,7.513805,completed,0,7,rain,17.000000
3,1103,3448065955,205,Day 8 07:06,none,,7.513805,7.513805,completed,0.463333,0.000000,0.173453,0.698333,0.579167,0.633333,0.828712,0.000000,0.090400,10,1,1,1,0,0,0,1,1,1,1,1,0,0,1,0,1,0.224539,0.111193,0.171637,0.000000,0.000000,0.000000,0.000000,0.000000,0.206746,0.187904,0.000000,0.000000,0.000000,0.000000,0.000000,0.097983,shop_on_phone,0,0,10506,phone,resource_insufficient,,,0.000000,1.000000,0,none,,7.513805,7.513805,completed,0,7,rain,17.000000
3,1103,3448065955,206,Day 8 07:06,none,,7.513805,7.513805,completed,0.463333,0.000000,0.173453,0.668333,0.579167,0.633333,0.858712,0.000000,0.090400,10,1,1,1,0,0,0,1,1,1,1,1,0,0,1,0,1,0.224539,0.111193,0.171637,0.000000,0.000000,0.000000,0.000000,0.000000,0.206746,0.187904,0.000000,0.000000,0.000000,0.000000,0.000000,0.097983,use_computer,1,30,10536,computer,none,,,0.000000,1.000000,0,none,,7.513805,7.513805,completed,0,7,rain,17.000000
3,1103,3448065955,207,Day 8 07:36,none,,7.513805,7.513805,completed,0.313333,0.116918,0.173453,0.658333,0.604167,0.653333,0.858712,0.080000,0.072400,10,1,1,1,0,0,0,1,1,1,1,1,0,0,1,0,1,0.196055,0.000000,0.158724,0.000000,0.000000,0.000000,0.119646,0.000000,0.222099,0.202950,0.000000,0.000000,0.000000,0.000000,0.000000,0.100526,go_to_bathroom,1,15,10551,door,none,,,0.000000,1.000000,0,none,,7.513805,7.513805,completed,0,7,rain,17.000000
3,1103,3448065955,208,Day 8 07:51,none,,7.513805,7.513805,completed,0.318333,0.122918,0.173453,0.737220,0.616667,0.043333,0.858712,0.065000,0.063400,10,1,1,1,0,0,0,1,1,1,1,1,0,0,1,0,1,0.252452,0.000000,0.204249,0.000000,0.000000,0.000000,0.152010,0.000000,0.000000,0.262972,0.000000,0.000000,0.000000,0.000000,0.000000,0.128317,use_computer,1,30,10581,computer,none,alarm-rings,,0.000000,1.000000,0,none,,7.513805,7.513805,completed,0,7,rain,17.000000
3,1103,3448065955,209,Day 8 08:21,none,,7.513805,7.513805,completed,0.198333,0.239837,0.173453,0.727220,0.641667,0.063333,0.917168,0.145000,0.045400,11,1,1,1,0,0,0,1,1,1,1,1,0,1,1,0,1,0.152297,0.000000,0.129553,0.000000,0.000000,0.000000,0.126071,0.000000,0.000000,0.191187,0.108001,0.000000,0.203920,0.000000,0.000000,0.088971,rest_at_bed,1,60,10641,bed,none,,,0.000000,1.000000,0,none,,7.513805,7.513805,completed,0,7,rain,17.000000
3,1103,3448065955,210,Day 8 09:21,none,,7.513805,7.513805,completed,0.258333,0.000000,0.173453,0.757220,0.691667,0.103333,0.917168,0.000000,0.009400,11,1,1,1,0,0,0,1,1,1,1,1,0,1,1,0,1,0.191301,0.000000,0.153715,0.000000,0.000000,0.000000,0.000000,0.000000,0.000000,0.220311,0.116893,0.000000,0.220708,0.000000,0.000000,0.097072,use_phone,1,25,10666,phone,none,,,0.000000,1.000000,0,none,,7.513805,7.513805,completed,0,7,rain,17.000000
3,1103,3448065955,211,Day 8 09:46,none,,7.513805,7.513805,completed,0.046667,0.095841,0.173453,0.788886,0.712500,0.120000,0.917168,0.095000,0.094400,11,1,1,1,0,0,0,1,1,1,1,1,0,1,1,0,1,0.143239,0.000000,0.123377,0.000000,0.000000,0.000000,0.108450,0.000000,0.000000,0.214743,0.111001,0.000000,0.209585,0.000000,0.000000,0.089606,turn_off_alarm,1,1,10667,alarm,none,,,0.000000,1.000000,0,none,,7.513805,7.513805,completed,0,7,rain,17.000000
3,1103,3448065955,212,Day 8 09:47,none,,7.513805,7.513805,completed,0.047000,0.096241,0.173453,0.818553,0.713333,0.120667,0.897168,0.094000,0.093800,10,1,1,1,0,0,0,1,1,1,1,1,0,0,1,0,1,0.181259,0.000000,0.156119,0.000000,0.000000,0.000000,0.137480,0.000000,0.000000,0.271855,0.139964,0.000000,0.000000,0.000000,0.000000,0.113324,use_computer,1,30,10697,computer,none,,,0.000000,1.000000,0,none,,7.513805,7.513805,completed,0,7,rain,17.000000
3,1103,3448065955,213,Day 8 10:17,none,,7.513805,7.513805,completed,0.000000,0.213159,0.173453,0.808553,0.738333,0.140667,0.897168,0.174000,0.075800,10,1,1,1,0,0,0,1,1,1,1,1,0,0,1,0,1,0.144792,0.000000,0.128811,0.000000,0.000000,0.000000,0.142804,0.000000,0.116831,0.245610,0.122550,0.000000,0.000000,0.000000,0.000000,0.098602,use_computer,1,30,10727,computer,none,weather-rain,,0.000000,1.000000,0,none,,7.513805,7.513805,completed,0,7,rain,17.000000
3,1103,3448065955,214,Day 8 10:47,none,,7.513805,7.513805,completed,0.000000,0.330078,0.173453,0.798553,0.763333,0.160667,0.897168,0.254000,0.057800,10,1,1,1,0,0,0,1,1,1,1,1,0,0,1,0,1,0.134055,0.000000,0.121779,0.000000,0.000000,0.000000,0.165036,0.000000,0.116805,0.246884,0.119385,0.000000,0.000000,0.000000,0.000000,0.096056,get_meal,1,35,10762,door,none,,,0.000000,1.000000,0,none,,7.513805,7.513805,completed,0,7,rain,17.000000
3,1103,3448065955,215,Day 8 11:22,none,,7.513805,7.513805,completed,0.000000,0.344078,0.173453,0.910772,0.242500,0.184000,0.897168,0.219000,0.036800,10,1,1,1,0,0,0,1,1,1,1,1,0,0,1,0,1,0.152947,0.000000,0.139124,0.000000,0.000000,0.000000,0.184350,0.000000,0.135750,0.144909,0.134612,0.000000,0.000000,0.000000,0.000000,0.108307,idle,1,10,10772,,none,,,0.000000,1.000000,0,none,,7.513805,7.513805,completed,0,7,rain,17.000000
3,1103,3448065955,216,Day 8 11:32,none,,7.513805,7.513805,completed,0.123333,0.348078,0.173453,0.857439,0.250833,0.190667,0.897168,0.209000,0.030800,10,1,1,1,0,0,0,1,1,1,1,1,0,0,1,0,1,0.165281,0.000000,0.145950,0.000000,0.000000,0.000000,0.177874,0.000000,0.132473,0.141665,0.130231,0.000000,0.000000,0.000000,0.000000,0.106526,get_meal,1,35,10807,door,none,,,0.000000,1.000000,0,none,,7.513805,7.513805,completed,0,7,rain,17.000000
3,1103,3448065955,217,Day 8 12:07,none,,7.513805,7.513805,completed,0.095000,0.362078,0.173453,0.969659,0.000000,0.214000,0.897168,0.174000,0.009800,10,1,1,1,0,0,0,1,1,1,1,1,0,0,1,0,1,0.190274,0.000000,0.169405,0.000000,0.000000,0.000000,0.205485,0.000000,0.159223,0.000000,0.151862,0.000000,0.000000,0.000000,0.000000,0.123750,go_to_bathroom,1,15,10822,door,none,,,0.000000,1.000000,0,none,,7.513805,7.513805,completed,0,7,rain,17.000000
3,1103,3448065955,218,Day 8 12:22,none,,7.513805,7.513805,completed,0.100000,0.368078,0.173453,1.000000,0.012500,0.000000,0.897168,0.159000,0.000800,10,1,1,1,0,0,0,1,1,1,1,1,0,0,1,0,1,0.227757,0.000000,0.202644,0.000000,0.000000,0.000000,0.242685,0.000000,0.000000,0.000000,0.180076,0.000000,0.000000,0.000000,0.000000,0.146839,turn_light_on,1,1,10823,light,none,,,0.000000,1.000000,0,none,,7.513805,7.513805,completed,0,7,rain,17.000000
3,1103,3448065955,219,Day 8 12:23,none,,7.513805,7.513805,completed,0.100333,0.368478,0.173453,1.000000,0.013333,0.000667,0.897168,0.158000,0.000200,10,1,1,1,0,0,0,1,1,1,1,0,1,0,1,0,1,0.226355,0.000000,0.201388,0.000000,0.000000,0.000000,0.240976,0.000000,0.000000,0.000000,0.000000,0.185432,0.000000,0.000000,0.000000,0.145850,rest_at_bed,1,60,10883,bed,none,,,0.000000,1.000000,0,none,,7.513805,7.513805,completed,0,7,rain,17.000000
3,1103,3448065955,220,Day 8 13:23,none,,7.513805,7.513805,completed,0.160333,0.107385,0.173453,1.000000,0.063333,0.040667,0.897168,0.000000,0.000000,10,1,1,1,0,0,0,1,1,1,1,0,1,0,1,0,1,0.418040,0.000000,0.350003,0.000000,0.000000,0.000000,0.000000,0.000000,0.000000,0.000000,0.000000,0.000000,0.000000,0.000000,0.000000,0.231957,use_computer,1,30,10913,computer,none,room-temperature-shift|message-study-group,,0.000000,1.000000,0,none,,7.513805,7.513805,completed,0,8,rain,24.000000
3,1103,3448065955,221,Day 8 13:53,none,,7.513805,7.513805,completed,0.010333,0.224304,0.173453,0.990000,0.088333,0.060667,0.897168,0.080000,0.000000,10,1,1,1,0,0,0,1,1,1,1,0,1,0,1,0,1,0.291193,0.000000,0.258216,0.000000,0.000000,0.000000,0.260740,0.000000,0.000000,0.000000,0.000000,0.000000,0.000000,0.000000,0.000000,0.189850,rest_at_bed,1,60,10973,bed,none,,,0.000000,1.000000,0,none,,7.513805,7.513805,completed,0,8,rain,24.000000
3,1103,3448065955,222,Day 8 14:53,none,,7.513805,7.513805,completed,0.070333,0.000000,0.173453,1.000000,0.138333,0.100667,0.897168,0.000000,0.000000,10,1,1,1,0,0,0,1,1,1,1,0,1,0,1,0,1,0.412559,0.000000,0.347032,0.000000,0.000000,0.000000,0.000000,0.000000,0.000000,0.000000,0.000000,0.000000,0.000000,0.000000,0.000000,0.240409,idle,1,10,10983,,none,,,0.000000,1.000000,0,none,,7.513805,7.513805,completed,0,8,rain,24.000000
3,1103,3448065955,223,Day 8 15:03,none,,7.513805,7.513805,completed,0.193667,0.004000,0.173453,0.946667,0.146667,0.107333,0.897168,0.000000,0.000000,10,1,1,1,0,0,0,1,1,1,1,0,1,0,1,0,1,0.337272,0.000000,0.275485,0.000000,0.000000,0.000000,0.000000,0.000000,0.000000,0.207644,0.000000,0.000000,0.000000,0.000000,0.000000,0.179599,idle,1,10,10993,,none,,,0.000000,1.000000,0,none,,7.513805,7.513805,completed,0,8,rain,24.000000
3,1103,3448065955,224,Day 8 15:13,none,,7.513805,7.513805,completed,0.317000,0.008000,0.173453,0.893333,0.155000,0.114000,0.897168,0.000000,0.000000,10,1,1,1,0,0,0,1,1,1,1,0,1,0,1,0,1,0.352241,0.000000,0.279379,0.000000,0.000000,0.000000,0.000000,0.000000,0.000000,0.196974,0.000000,0.000000,0.000000,0.000000,0.000000,0.171406,use_phone,1,25,11018,phone,none,,,0.000000,1.000000,0,none,,7.513805,7.513805,completed,0,8,rain,24.000000
3,1103,3448065955,225,Day 8 15:38,none,,7.513805,7.513805,completed,0.105333,0.103841,0.173453,0.925000,0.175833,0.130667,0.897168,0.095000,0.085000,10,1,1,1,0,0,0,1,1,1,1,0,1,0,1,0,1,0.256002,0.000000,0.217657,0.000000,0.000000,0.000000,0.186405,0.000000,0.000000,0.186359,0.000000,0.000000,0.000000,0.000000,0.000000,0.153577,use_phone,1,25,11043,phone,none,,,0.000000,1.000000,0,none,,7.513805,7.513805,completed,0,8,rain,24.000000
3,1103,3448065955,226,Day 8 16:03,none,,7.513805,7.513805,completed,0.000000,0.199681,0.173453,0.956667,0.196667,0.147333,0.897168,0.190000,0.170000,10,1,1,1,0,0,0,1,1,1,1,0,1,0,1,0,1,0.163437,0.143429,0.145147,0.000000,0.000000,0.000000,0.161425,0.000000,0.133588,0.141199,0.000000,0.000000,0.000000,0.000000,0.000000,0.111775,shop_on_phone,0,0,11043,phone,resource_insufficient,,,0.000000,1.000000,0,none,,7.513805,7.513805,completed,0,8,rain,24.000000
3,1103,3448065955,227,Day 8 16:03,none,,7.513805,7.513805,completed,0.000000,0.199681,0.173453,0.926667,0.196667,0.147333,0.927168,0.190000,0.170000,10,1,1,1,0,0,0,1,1,1,1,0,1,0,1,0,1,0.163543,0.143522,0.145240,0.000000,0.000000,0.000000,0.160882,0.000000,0.133675,0.141290,0.000000,0.000000,0.000000,0.000000,0.000000,0.111847,use_phone,1,25,11068,phone,none,,,0.000000,1.000000,0,none,,7.513805,7.513805,completed,0,8,rain,24.000000
3,1103,3448065955,228,Day 8 16:28,none,,7.513805,7.513805,completed,0.000000,0.295522,0.173453,0.958333,0.217500,0.164000,0.927168,0.285000,0.255000,10,1,1,1,0,0,0,1,1,1,1,0,1,0,1,0,1,0.131130,0.135256,0.118562,0.000000,0.000000,0.000000,0.159660,0.000000,0.115546,0.122678,0.000000,0.122558,0.000000,0.000000,0.000000,0.094610,use_phone,1,25,11093,phone,none,,,0.000000,1.000000,0,none,,7.513805,7.513805,completed,0,8,rain,24.000000
3,1103,3448065955,229,Day 8 16:53,none,,7.513805,7.513805,completed,0.000000,0.391363,0.173453,0.990000,0.238333,0.180667,0.927168,0.380000,0.340000,10,1,1,1,0,0,0,1,1,1,1,0,1,0,1,0,1,0.097889,0.118676,0.090109,0.000000,0.000000,0.000000,0.147519,0.175423,0.092987,0.099172,0.000000,0.103715,0.000000,0.000000,0.000000,0.074511,idle,1,10,11103,,none,,,0.000000,1.000000,0,none,,7.513805,7.513805,completed,0,8,rain,24.000000
3,1103,3448065955,230,Day 8 17:03,none,,7.513805,7.513805,completed,0.123333,0.395363,0.173453,0.936667,0.246667,0.187333,0.927168,0.370000,0.334000,10,1,1,1,0,0,0,1,1,1,1,0,1,0,1,0,1,0.107021,0.116517,0.095635,0.000000,0.000000,0.000000,0.144002,0.171401,0.091804,0.098086,0.000000,0.101391,0.000000,0.000000,0.000000,0.074143,rest_at_bed,1,60,11163,bed,none,,,0.000000,1.000000,0,none,,7.513805,7.513805,completed,0,8,rain,24.000000
3,1103,3448065955,231,Day 8 18:03,none,,7.513805,7.513805,completed,0.183333,0.134270,0.173453,0.966667,0.296667,0.227333,0.927168,0.170000,0.298000,10,1,1,1,0,0,0,1,1,1,1,0,1,0,1,0,1,0.177177,0.155591,0.148826,0.000000,0.000000,0.000000,0.134793,0.000000,0.134461,0.145220,0.000000,0.000000,0.000000,0.000000,0.000000,0.103933,go_to_bathroom,1,15,11178,door,none,,,0.000000,1.000000,0,none,,7.513805,7.513805,completed,0,8,rain,24.000000
3,1103,3448065955,232,Day 8 18:18,none,,7.513805,7.513805,completed,0.188333,0.140270,0.173453,1.000000,0.309167,0.000000,0.927168,0.155000,0.289000,10,1,1,1,0,0,0,1,1,1,1,0,1,0,1,0,1,0.205897,0.177159,0.172838,0.000000,0.000000,0.000000,0.154555,0.000000,0.000000,0.169820,0.000000,0.000000,0.000000,0.000000,0.000000,0.119731,use_phone,1,25,11203,phone,none,,,0.000000,1.000000,0,none,,7.513805,7.513805,completed,0,8,rain,24.000000
3,1103,3448065955,233,Day 8 18:43,none,,7.513805,7.513805,completed,0.000000,0.236111,0.173453,1.000000,0.330000,0.016667,0.927168,0.250000,0.374000,10,1,1,1,0,0,0,1,1,1,1,0,1,0,1,0,1,0.147118,0.172414,0.131631,0.000000,0.000000,0.000000,0.161010,0.000000,0.000000,0.154785,0.000000,0.129370,0.000000,0.000000,0.000000,0.103671,get_meal,1,35,11238,door,none,,,0.000000,1.000000,0,none,,7.513805,7.513805,completed,0,8,rain,24.000000
3,1103,3448065955,234,Day 8 19:18,none,,7.513805,7.513805,completed,0.000000,0.250111,0.173453,1.000000,0.000000,0.040000,0.927168,0.215000,0.353000,10,1,1,1,0,0,0,1,1,1,1,0,1,0,1,0,1,0.176775,0.199347,0.158374,0.000000,0.000000,0.000000,0.189415,0.000000,0.000000,0.000000,0.000000,0.152980,0.000000,0.000000,0.000000,0.123109,use_phone,1,25,11263,phone,none,,,0.000000,1.000000,0,none,,7.513805,7.513805,completed,0,8,rain,24.000000
3,1103,3448065955,235,Day 8 19:43,none,,7.513805,7.513805,completed,0.000000,0.345952,0.173453,1.000000,0.020833,0.056667,0.927168,0.310000,0.438000,10,1,1,1,0,0,0,1,1,1,1,0,1,0,1,0,1,0.128018,0.169680,0.116767,0.000000,0.000000,0.000000,0.169779,0.196112,0.000000,0.000000,0.000000,0.125588,0.000000,0.000000,0.000000,0.094055,sleep_at_bed,1,480,11743,bed,none,evening,,0.000000,1.000000,0,none,,7.513805,7.513805,completed,0,8,rain,24.000000
3,1103,3448065955,236,Day 9 03:43,none,,7.513805,7.513805,completed,0.080000,0.003709,0.173453,0.920000,0.420833,0.376667,0.927168,0.000000,0.150000,10,1,1,1,0,0,0,1,1,1,1,0,1,0,1,0,1,0.199195,0.143727,0.167262,0.000000,0.000000,0.000000,0.000000,0.000000,0.183604,0.190889,0.000000,0.000000,0.000000,0.000000,0.000000,0.115322,use_computer,1,30,11773,computer,none,,,0.000000,1.000000,0,none,,7.513805,7.513805,completed,0,8,rain,24.000000
3,1103,3448065955,237,Day 9 04:13,none,,7.513805,7.513805,completed,0.000000,0.120627,0.173453,0.910000,0.445833,0.396667,0.927168,0.080000,0.132000,10,1,1,1,0,0,0,1,1,1,1,0,1,0,1,0,1,0.158972,0.125585,0.138990,0.000000,0.000000,0.000000,0.126792,0.000000,0.169632,0.177317,0.000000,0.000000,0.000000,0.000000,0.000000,0.102712,idle,1,10,11783,,none,,,0.000000,1.000000,0,none,,7.513805,7.513805,completed,0,8,rain,24.000000
3,1103,3448065955,238,Day 9 04:23,none,,7.513805,7.513805,completed,0.123333,0.124627,0.173453,0.856667,0.454167,0.403333,0.927168,0.070000,0.126000,10,1,1,1,0,0,0,1,1,1,1,0,1,0,1,0,1,0.171496,0.121666,0.145558,0.000000,0.000000,0.000000,0.122127,0.000000,0.165253,0.173050,0.000000,0.000000,0.000000,0.000000,0.000000,0.100850,use_phone,1,25,11808,phone,none,,,0.000000,1.000000,0,none,,7.513805,7.513805,completed,0,8,rain,24.000000
3,1103,3448065955,239,Day 9 04:48,none,,7.513805,7.513805,completed,0.000000,0.220468,0.173453,0.888333,0.475000,0.420000,0.927168,0.165000,0.211000,10,1,1,1,0,0,0,1,1,1,1,0,1,0,1,0,1,0.146151,0.134219,0.130142,0.000000,0.000000,0.000000,0.143406,0.000000,0.169012,0.177784,0.000000,0.000000,0.000000,0.000000,0.000000,0.099286,use_phone,1,25,11833,phone,none,,,0.000000,1.000000,0,none,,7.513805,7.513805,completed,0,8,rain,24.000000
3,1103,3448065955,240,Day 9 05:13,none,,7.513805,7.513805,completed,0.000000,0.316309,0.173453,0.920000,0.495833,0.436667,0.927168,0.260000,0.296000,10,1,1,1,0,0,0,1,1,1,1,0,1,0,1,0,1,0.118890,0.128329,0.107782,0.000000,0.000000,0.000000,0.144386,0.000000,0.148215,0.156610,0.000000,0.110582,0.000000,0.000000,0.000000,0.085206,rest_at_bed,1,60,11893,bed,none,,,0.000000,1.000000,0,none,,7.513805,7.513805,completed,0,8,rain,24.000000
3,1103,3448065955,241,Day 9 06:13,none,,7.513805,7.513805,completed,0.060000,0.055216,0.173453,0.950000,0.545833,0.476667,0.927168,0.060000,0.260000,10,1,1,1,0,0,0,1,1,1,1,0,1,0,1,0,1,0.178234,0.155177,0.151885,0.000000,0.000000,0.000000,0.000000,0.000000,0.196579,0.209965,0.000000,0.000000,0.000000,0.000000,0.000000,0.108160,get_meal,1,35,11928,door,none,,,0.000000,1.000000,0,none,,7.513805,7.513805,completed,0,8,rain,24.000000
3,1103,3448065955,242,Day 9 06:48,none,,7.513805,7.513805,completed,0.031667,0.069216,0.173453,1.000000,0.025000,0.500000,0.927168,0.025000,0.239000,10,1,1,1,0,0,0,1,1,1,1,0,1,0,1,0,1,0.223234,0.191210,0.191801,0.000000,0.000000,0.000000,0.000000,0.000000,0.257056,0.000000,0.000000,0.000000,0.000000,0.000000,0.000000,0.136700,shop_on_phone,0,0,11928,phone,resource_insufficient,,,0.000000,1.000000,0,none,,7.513805,7.513805,completed,0,8,rain,24.000000
3,1103,3448065955,243,Day 9 06:48,none,,7.513805,7.513805,completed,0.031667,0.069216,0.173453,0.970000,0.025000,0.500000,0.957168,0.025000,0.239000,10,1,1,1,0,0,0,1,1,1,1,0,1,0,1,0,1,0.223234,0.191210,0.191801,0.000000,0.000000,0.000000,0.000000,0.000000,0.257056,0.000000,0.000000,0.000000,0.000000,0.000000,0.000000,0.136700,idle,1,10,11938,,none,,,0.000000,1.000000,0,none,,7.513805,7.513805,completed,0,8,rain,24.000000
3,1103,3448065955,244,Day 9 06:58,none,,7.513805,7.513805,completed,0.155000,0.073216,0.173453,0.916667,0.033333,0.506667,0.957168,0.015000,0.233000,10,1,1,1,0,0,0,1,1,1,1,0,1,0,1,0,1,0.238067,0.183124,0.198568,0.000000,0.000000,0.000000,0.000000,0.000000,0.247555,0.000000,0.000000,0.000000,0.000000,0.000000,0.000000,0.132686,shop_on_phone,0,0,11938,phone,resource_insufficient,,,0.000000,1.000000,0,none,,7.513805,7.513805,completed,0,8,rain,24.000000
3,1103,3448065955,245,Day 9 06:58,none,,7.513805,7.513805,completed,0.155000,0.073216,0.173453,0.886667,0.033333,0.506667,0.987168,0.015000,0.233000,10,1,1,1,0,0,0,1,1,1,1,0,1,0,1,0,1,0.238067,0.183124,0.198568,0.000000,0.000000,0.000000,0.000000,0.000000,0.247555,0.000000,0.000000,0.000000,0.000000,0.000000,0.000000,0.132686,shop_on_phone,0,0,11938,phone,resource_insufficient,,,0.000000,1.000000,0,none,,7.513805,7.513805,completed,0,8,rain,24.000000
3,1103,3448065955,246,Day 9 06:58,none,,7.513805,7.513805,completed,0.155000,0.073216,0.173453,0.856667,0.033333,0.506667,1.000000,0.015000,0.233000,10,1,1,1,0,0,0,1,1,1,1,0,1,0,1,0,1,0.238067,0.183124,0.198568,0.000000,0.000000,0.000000,0.000000,0.000000,0.247555,0.000000,0.000000,0.000000,0.000000,0.000000,0.000000,0.132686,go_to_bathroom,1,15,11953,door,none,,,0.000000,1.000000,0,none,,7.513805,7.513805,completed,0,8,rain,24.000000
3,1103,3448065955,247,Day 9 07:13,none,,7.513805,7.513805,completed,0.160000,0.079216,0.173453,0.935553,0.045833,0.000000,1.000000,0.000000,0.224000,10,1,1,1,0,0,0,1,1,1,1,0,1,0,1,0,1,0.318501,0.240045,0.265482,0.000000,0.000000,0.000000,0.000000,0.000000,0.000000,0.000000,0.000000,0.000000,0.000000,0.000000,0.000000,0.175971,shop_on_phone,0,0,11953,phone,resource_insufficient,,,0.000000,1.000000,0,none,,7.513805,7.513805,completed,0,8,rain,24.000000
3,1103,3448065955,248,Day 9 07:13,none,,7.513805,7.513805,completed,0.160000,0.079216,0.173453,0.905553,0.045833,0.000000,1.000000,0.000000,0.224000,10,1,1,1,0,0,0,1,1,1,1,0,1,0,1,0,1,0.318501,0.240045,0.265482,0.000000,0.000000,0.000000,0.000000,0.000000,0.000000,0.000000,0.000000,0.000000,0.000000,0.000000,0.000000,0.175971,use_computer,1,30,11983,computer,none,,,0.000000,1.000000,0,none,,7.513805,7.513805,completed,0,8,rain,24.000000
3,1103,3448065955,249,Day 9 07:43,none,,7.513805,7.513805,completed,0.010000,0.196134,0.173453,0.895553,0.070833,0.020000,1.000000,0.080000,0.206000,10,1,1,1,0,0,0,1,1,1,1,0,1,0,1,0,1,0.234819,0.204678,0.207303,0.000000,0.000000,0.000000,0.200757,0.000000,0.000000,0.000000,0.000000,0.000000,0.000000,0.000000,0.000000,0.152443,use_computer,1,30,12013,computer,none,,,0.000000,1.000000,0,none,,7.513805,7.513805,completed,0,8,rain,24.000000
3,1103,3448065955,250,Day 9 08:13,none,,7.513805,7.513805,completed,0.000000,0.313053,0.173453,0.885553,0.095833,0.040000,1.000000,0.160000,0.188000,10,1,1,1,0,0,0,1,1,1,1,0,1,0,1,0,1,0.183924,0.166164,0.166207,0.000000,0.000000,0.000000,0.197994,0.000000,0.000000,0.000000,0.000000,0.159149,0.000000,0.000000,0.000000,0.126563,use_phone,1,25,12038,phone,none,,,0.000000,1.000000,0,none,,7.513805,7.513805,completed,0,8,rain,24.000000
3,1103,3448065955,251,Day 9 08:38,none,,7.513805,7.513805,completed,0.000000,0.408894,0.173453,0.917220,0.116667,0.056667,1.000000,0.255000,0.273000,10,1,1,1,0,0,0,1,1,1,1,0,1,0,1,0,1,0.131326,0.139450,0.120823,0.000000,0.000000,0.000000,0.174978,0.209266,0.000000,0.000000,0.000000,0.128819,0.000000,0.000000,0.000000,0.095337,rest_at_bed,1,60,12098,bed,none,alarm-rings,,0.000000,1.000000,0,none,,7.513805,7.513805,completed,0,8,rain,24.000000
3,1103,3448065955,252,Day 9 09:38,none,,7.513805,7.513805,completed,0.090000,0.147801,0.173453,0.947220,0.166667,0.096667,1.000000,0.055000,0.237000,11,1,1,1,0,0,0,1,1,1,1,0,1,1,1,0,1,0.161534,0.135142,0.138680,0.000000,0.000000,0.000000,0.118556,0.000000,0.000000,0.116752,0.000000,0.000000,0.232209,0.000000,0.000000,0.097127,turn_off_alarm,1,1,12099,alarm,none,,,0.000000,1.000000,0,none,,7.513805,7.513805,completed,0,8,rain,24.000000
3,1103,3448065955,253,Day 9 09:39,none,,7.513805,7.513805,completed,0.090333,0.148201,0.173453,0.976886,0.167500,0.097333,0.980000,0.054000,0.236400,10,1,1,1,0,0,0,1,1,1,1,0,1,0,1,0,1,0.210384,0.175772,0.180611,0.000000,0.000000,0.000000,0.154685,0.000000,0.000000,0.152123,0.000000,0.000000,0.000000,0.000000,0.000000,0.126426,use_phone,1,25,12124,phone,none,,,0.000000,1.000000,0,none,,7.513805,7.513805,completed,0,8,rain,24.000000
3,1103,3448065955,254,Day 9 10:04,none,,7.513805,7.513805,completed,0.000000,0.244042,0.173453,1.000000,0.188333,0.114000,0.980000,0.149000,0.321400,10,1,1,1,0,0,0,1,1,1,1,0,1,0,1,0,1,0.183273,0.193158,0.163746,0.000000,0.000000,0.000000,0.180414,0.000000,0.000000,0.155234,0.000000,0.000000,0.000000,0.000000,0.000000,0.124176,get_meal,1,35,12159,door,none,,,0.000000,1.000000,0,none,,7.513805,7.513805,completed,0,8,rain,24.000000
3,1103,3448065955,255,Day 9 10:39,none,,7.513805,7.513805,completed,0.000000,0.258042,0.173453,1.000000,0.000000,0.137333,0.980000,0.114000,0.300400,10,1,1,1,0,0,0,1,1,1,1,0,1,0,1,0,1,0.187543,0.190194,0.167781,0.000000,0.000000,0.000000,0.180751,0.000000,0.148152,0.000000,0.000000,0.000000,0.000000,0.000000,0.000000,0.125578,use_phone,1,25,12184,phone,none,message-study-group,,0.000000,1.000000,0,none,,7.513805,7.513805,completed,0,9,rain,24.000000
3,1103,3448065955,256,Day 9 11:04,none,,7.513805,7.513805,completed,0.000000,0.353882,0.173453,1.000000,0.020833,0.154000,0.980000,0.209000,0.385400,10,1,1,1,0,0,0,1,1,1,1,0,1,0,1,0,1,0.147668,0.176016,0.134498,0.000000,0.000000,0.000000,0.176151,0.000000,0.125755,0.000000,0.000000,0.135599,0.000000,0.000000,0.000000,0.104314,use_phone,1,25,12209,phone,none,,,0.000000,1.000000,0,none,,7.513805,7.513805,completed,0,9,rain,24.000000
