personality_index,scenario_seed,action_seed,step,decision_time,pre_commitment_status,pre_commitment_task_id,pre_task_effort,pre_task_effort_target,pre_task_status,pre_boredom,pre_fatigue,pre_task_pressure,pre_satisfaction,pre_hunger,pre_bathroom_urge,pre_anxiety,pre_screen_strain,pre_purchase_urge,known_action_count,known_use_phone,known_shop_on_phone,known_use_computer,known_study_at_computer,known_study_focused,known_study_halfhearted,known_rest_at_bed,known_sleep_at_bed,known_go_to_bathroom,known_get_meal,known_turn_light_on,known_turn_light_off,known_turn_off_alarm,known_open_curtain,known_close_curtain,known_idle,p_use_phone,p_shop_on_phone,p_use_computer,p_study_at_computer,p_study_focused,p_study_halfhearted,p_rest_at_bed,p_sleep_at_bed,p_go_to_bathroom,p_get_meal,p_turn_light_on,p_turn_light_off,p_turn_off_alarm,p_open_curtain,p_close_curtain,p_idle,chosen_action,accepted,elapsed_minutes,simulation_total_minutes,target_object_id,failure_reason,event_ids,outcome_task_id,outcome_task_effort_gained,outcome_task_settlement_variation,outcome_task_session_interrupted,post_commitment_status,post_commitment_task_id,post_task_effort,post_task_effort_target,post_task_status,post_wallet,post_unread_messages,post_weather,post_temperature_celsius
21,1106,3448107874,1,Day 1 08:00,none,,0.000000,7.811698,active,0.550000,0.150000,0.550000,0.450000,0.250000,0.150000,0.200000,0.050000,0.100000,13,1,1,1,1,1,1,1,1,1,1,0,1,0,0,1,1,0.132941,0.084199,0.112196,0.110217,0.113699,0.110673,0.086017,0.000000,0.083458,0.090921,0.000000,0.000000,0.000000,0.000000,0.000000,0.075679,go_to_bathroom,1,15,495,door,none,,,0.000000,1.000000,0,none,,0.000000,7.811698,active,120,0,clear,23.000000
21,1106,3448107874,2,Day 1 08:15,none,,0.000000,7.811698,active,0.555000,0.156000,0.550000,0.540010,0.262500,0.000000,0.200000,0.035000,0.091000,13,1,1,1,1,1,1,1,1,1,1,0,1,0,0,1,1,0.145564,0.090970,0.122796,0.119784,0.124546,0.120551,0.093361,0.000000,0.000000,0.100038,0.000000,0.000000,0.000000,0.000000,0.000000,0.082392,study_at_computer,1,35,530,computer,none,,coursework,0.634606,0.918998,0,active,coursework,0.634606,7.811698,active,120,0,clear,23.000000
21,1106,3448107874,3,Day 1 08:50,active,coursework,0.634606,7.811698,active,0.586667,0.284075,0.421509,0.608343,0.291667,0.023333,0.150000,0.080000,0.070000,13,1,1,1,1,1,1,1,1,1,1,0,1,0,0,1,1,0.156165,0.000000,0.132956,0.126571,0.132393,0.138693,0.112415,0.000000,0.000000,0.110919,0.000000,0.000000,0.000000,0.000000,0.000000,0.089888,study_halfhearted,1,35,565,desk,none,message-study-group,coursework,0.226816,0.912926,0,active,coursework,0.861422,7.811698,active,120,1,clear,23.000000
21,1106,3448107874,4,Day 1 09:25,active,coursework,0.861422,7.811698,active,0.648333,0.378075,0.421509,0.616677,0.320833,0.046667,0.180000,0.045000,0.049000,13,1,1,1,1,1,1,1,1,1,1,0,1,0,0,1,1,0.159033,0.000000,0.135321,0.122643,0.128377,0.138173,0.115557,0.000000,0.000000,0.111976,0.000000,0.000000,0.000000,0.000000,0.000000,0.088921,study_halfhearted,1,35,600,desk,none,,coursework,0.255095,1.026747,0,active,coursework,1.116518,7.811698,active,120,1,clear,23.000000
21,1106,3448107874,5,Day 1 10:00,active,coursework,1.116518,7.811698,active,0.710000,0.472075,0.352980,0.625010,0.350000,0.070000,0.160000,0.010000,0.028000,13,1,1,1,1,1,1,1,1,1,1,0,1,0,0,1,1,0.150704,0.000000,0.128162,0.102507,0.107379,0.122861,0.111020,0.000000,0.000000,0.105191,0.000000,0.090027,0.000000,0.000000,0.000000,0.082149,turn_light_off,1,1,601,light,none,,,0.000000,1.000000,0,active,coursework,1.116518,7.811698,active,120,1,clear,23.000000
21,1106,3448107874,6,Day 1 10:01,active,coursework,1.116518,7.811698,active,0.710333,0.472475,0.352980,0.644677,0.350833,0.070667,0.160000,0.009000,0.027400,10,1,1,1,0,0,0,1,1,1,1,1,0,0,0,1,1,0.224532,0.000000,0.190942,0.000000,0.000000,0.000000,0.165311,0.000000,0.000000,0.156774,0.140095,0.000000,0.000000,0.000000,0.000000,0.122347,get_meal,1,35,636,door,none,,,0.000000,1.000000,0,suspended,coursework,1.116518,7.811698,active,120,1,clear,23.000000
21,1106,3448107874,7,Day 1 10:36,suspended,coursework,1.116518,7.811698,active,0.682000,0.486475,0.352980,0.768020,0.000000,0.094000,0.160000,0.000000,0.006400,10,1,1,1,0,0,0,1,1,1,1,1,0,0,0,1,1,0.263695,0.000000,0.225557,0.000000,0.000000,0.000000,0.198162,0.000000,0.000000,0.000000,0.167056,0.000000,0.000000,0.000000,0.000000,0.145531,turn_light_on,1,1,637,light,none,,,0.000000,1.000000,0,suspended,coursework,1.116518,7.811698,active,120,1,clear,23.000000
21,1106,3448107874,8,Day 1 10:37,suspended,coursework,1.116518,7.811698,active,0.682333,0.486875,0.352980,0.787687,0.000833,0.094667,0.160000,0.000000,0.005800,13,1,1,1,1,1,1,1,1,1,1,0,1,0,0,1,1,0.165944,0.000000,0.141942,0.114172,0.121313,0.139498,0.124719,0.000000,0.000000,0.000000,0.000000,0.100839,0.000000,0.000000,0.000000,0.091572,study_focused,1,35,672,desk,none,weather-rain,coursework,0.425614,1.027847,0,active,coursework,1.542131,7.811698,active,120,1,rain,23.000000
21,1106,3448107874,9,Day 1 11:12,active,coursework,1.542131,7.811698,active,0.744000,0.610875,0.224489,0.856020,0.030000,0.118000,0.110000,0.000000,0.000000,13,1,1,1,1,1,1,1,1,1,1,0,1,0,0,1,1,0.165302,0.000000,0.141847,0.000000,0.101169,0.123753,0.132412,0.143275,0.000000,0.000000,0.000000,0.101924,0.000000,0.000000,0.000000,0.090318,study_halfhearted,1,35,707,desk,none,,coursework,0.225268,0.906696,0,active,coursework,1.767400,7.811698,active,120,1,rain,23.000000
21,1106,3448107874,10,Day 1 11:47,active,coursework,1.767400,7.811698,active,0.805667,0.704875,0.155961,0.864354,0.059167,0.141333,0.090000,0.000000,0.000000,13,1,1,1,1,1,1,1,1,1,1,0,1,0,0,1,1,0.165432,0.000000,0.141965,0.000000,0.000000,0.117285,0.137684,0.153222,0.093213,0.000000,0.000000,0.102265,0.000000,0.000000,0.000000,0.088934,idle,1,10,717,,none,,,0.000000,1.000000,0,active,coursework,1.767400,7.811698,active,120,1,rain,23.000000
21,1106,3448107874,11,Day 1 11:57,active,coursework,1.767400,7.811698,active,0.929000,0.708875,0.294380,0.811020,0.067500,0.148000,0.109117,0.000000,0.000000,13,1,1,1,1,1,1,1,1,1,1,0,1,0,0,1,1,0.143616,0.000000,0.120896,0.078360,0.083431,0.106507,0.111579,0.124537,0.075920,0.000000,0.000000,0.082894,0.000000,0.000000,0.000000,0.072258,turn_light_off,1,1,718,light,none,,,0.000000,1.000000,0,active,coursework,1.767400,7.811698,active,120,1,rain,23.000000
21,1106,3448107874,12,Day 1 11:58,active,coursework,1.767400,7.811698,active,0.929333,0.709275,0.294380,0.830687,0.068333,0.148667,0.109117,0.000000,0.000000,10,1,1,1,0,0,0,1,1,1,1,1,0,0,0,1,1,0.197577,0.000000,0.166318,0.000000,0.000000,0.000000,0.153520,0.171370,0.104493,0.000000,0.107327,0.000000,0.000000,0.000000,0.000000,0.099396,sleep_at_bed,1,480,1198,bed,none,room-temperature-shift|task-reminder|evening|task-deadline,,0.000000,1.000000,0,suspended,coursework,1.767400,7.811698,active,120,1,rain,24.000000
21,1106,3448107874,13,Day 1 19:58,suspended,coursework,1.767400,7.811698,active,1.000000,0.404854,0.552799,0.750687,0.468333,0.468667,0.218821,0.000000,0.000000,10,1,1,1,0,0,0,1,1,1,1,1,0,0,0,1,1,0.210518,0.000000,0.169712,0.000000,0.000000,0.000000,0.123418,0.000000,0.138041,0.136943,0.123564,0.000000,0.000000,0.000000,0.000000,0.097804,use_computer,1,30,1228,computer,none,,,0.000000,1.000000,0,suspended,coursework,1.767400,7.811698,active,120,1,rain,24.000000
21,1106,3448107874,14,Day 1 20:28,suspended,coursework,1.767400,7.811698,active,0.850000,0.524098,0.661219,0.740687,0.493333,0.488667,0.238024,0.080000,0.000000,10,1,1,1,0,0,0,1,1,1,1,1,0,0,0,1,1,0.164421,0.000000,0.137661,0.000000,0.000000,0.000000,0.121386,0.129897,0.123626,0.123144,0.115437,0.000000,0.000000,0.000000,0.000000,0.084428,sleep_at_bed,1,480,1708,bed,none,,,0.000000,1.000000,0,suspended,coursework,1.767400,7.811698,active,120,1,rain,24.000000
21,1106,3448107874,15,Day 2 04:28,suspended,coursework,1.767400,7.811698,active,0.930000,0.219678,0.779638,0.660687,0.893333,0.808667,0.311570,0.000000,0.000000,10,1,1,1,0,0,0,1,1,1,1,1,0,0,0,1,1,0.187019,0.000000,0.149522,0.000000,0.000000,0.000000,0.098286,0.000000,0.169814,0.180555,0.127714,0.000000,0.000000,0.000000,0.000000,0.087090,use_phone,1,25,1733,phone,none,,,0.000000,1.000000,0,suspended,coursework,1.767400,7.811698,active,120,1,rain,24.000000
21,1106,3448107874,16,Day 2 04:53,suspended,coursework,1.767400,7.811698,active,0.718333,0.318280,0.908057,0.692354,0.914167,0.825333,0.336541,0.095000,0.085000,10,1,1,1,0,0,0,1,1,1,1,1,0,0,0,1,1,0.148736,0.087905,0.124481,0.000000,0.000000,0.000000,0.101368,0.000000,0.160195,0.170907,0.127491,0.000000,0.000000,0.000000,0.000000,0.078917,shop_on_phone,1,20,1753,phone,none,,,0.000000,1.000000,0,suspended,coursework,1.767400,7.811698,active,90,1,rain,24.000000
21,1106,3448107874,17,Day 2 05:13,suspended,coursework,1.767400,7.811698,active,0.725000,0.331713,0.996477,0.785687,0.930833,0.838667,0.362959,0.155000,0.000000,10,1,1,1,0,0,0,1,1,1,1,1,0,0,0,1,1,0.159054,0.000000,0.133303,0.000000,0.000000,0.000000,0.113520,0.000000,0.175705,0.187964,0.145274,0.000000,0.000000,0.000000,0.000000,0.085181,idle,1,10,1763,,none,,,0.000000,1.000000,0,suspended,coursework,1.767400,7.811698,active,90,1,rain,24.000000
21,1106,3448107874,18,Day 2 05:23,suspended,coursework,1.767400,7.811698,active,0.848333,0.335713,1.000000,0.732354,0.939167,0.845333,0.386628,0.145000,0.000000,10,1,1,1,0,0,0,1,1,1,1,1,0,0,0,1,1,0.167197,0.000000,0.137434,0.000000,0.000000,0.000000,0.110575,0.000000,0.172833,0.185143,0.142641,0.000000,0.000000,0.000000,0.000000,0.084178,go_to_bathroom,1,15,1778,door,none,,,0.000000,1.000000,0,suspended,coursework,1.767400,7.811698,active,90,1,rain,24.000000
21,1106,3448107874,19,Day 2 05:38,suspended,coursework,1.767400,7.811698,active,0.853333,0.341713,1.000000,0.822364,0.951667,0.235333,0.393510,0.130000,0.000000,10,1,1,1,0,0,0,1,1,1,1,1,0,0,0,1,1,0.180739,0.000000,0.148502,0.000000,0.000000,0.000000,0.118414,0.000000,0.107405,0.201113,0.153350,0.000000,0.000000,0.000000,0.000000,0.090477,rest_at_bed,1,60,1838,bed,none,,,0.000000,1.000000,0,suspended,coursework,1.767400,7.811698,active,90,1,rain,24.000000
21,1106,3448107874,20,Day 2 06:38,suspended,coursework,1.767400,7.811698,active,0.913333,0.109475,1.000000,0.852364,1.000000,0.275333,0.440156,0.000000,0.000000,10,1,1,1,0,0,0,1,1,1,1,1,0,0,0,1,1,0.215160,0.000000,0.170493,0.000000,0.000000,0.000000,0.000000,0.000000,0.120800,0.227714,0.167143,0.000000,0.000000,0.000000,0.000000,0.098690,go_to_bathroom,1,15,1853,door,none,,,0.000000,1.000000,0,suspended,coursework,1.767400,7.811698,active,90,1,rain,24.000000
21,1106,3448107874,21,Day 2 06:53,suspended,coursework,1.767400,7.811698,active,0.918333,0.115475,1.000000,0.942374,1.000000,0.000000,0.447038,0.000000,0.000000,10,1,1,1,0,0,0,1,1,1,1,1,0,0,0,1,1,0.244992,0.000000,0.194099,0.000000,0.000000,0.000000,0.000000,0.000000,0.000000,0.258713,0.190022,0.000000,0.000000,0.000000,0.000000,0.112174,get_meal,1,35,1888,door,none,,,0.000000,1.000000,0,suspended,coursework,1.767400,7.811698,active,90,1,rain,24.000000
21,1106,3448107874,22,Day 2 07:28,suspended,coursework,1.767400,7.811698,active,0.890000,0.129475,1.000000,1.000000,0.479167,0.023333,0.463096,0.000000,0.000000,10,1,1,1,0,0,0,1,1,1,1,1,0,0,0,1,1,0.267973,0.000000,0.213581,0.000000,0.000000,0.000000,0.000000,0.000000,0.000000,0.182016,0.211864,0.000000,0.000000,0.000000,0.000000,0.124565,use_computer,1,30,1918,computer,none,,,0.000000,1.000000,0,suspended,coursework,1.767400,7.811698,active,90,1,rain,24.000000
21,1106,3448107874,23,Day 2 07:58,suspended,coursework,1.767400,7.811698,active,0.740000,0.248718,1.000000,0.990000,0.504167,0.043333,0.495977,0.080000,0.000000,10,1,1,1,0,0,0,1,1,1,1,1,0,0,0,1,1,0.215389,0.000000,0.178289,0.000000,0.000000,0.000000,0.134189,0.000000,0.000000,0.168441,0.192400,0.000000,0.000000,0.000000,0.000000,0.111292,use_computer,1,30,1948,computer,none,alarm-rings,,0.000000,1.000000,0,suspended,coursework,1.767400,7.811698,active,90,1,rain,24.000000
21,1106,3448107874,24,Day 2 08:28,suspended,coursework,1.767400,7.811698,active,0.620000,0.367962,1.000000,0.980000,0.529167,0.063333,0.564152,0.160000,0.000000,11,1,1,1,0,0,0,1,1,1,1,1,0,1,0,1,1,0.167284,0.000000,0.143123,0.000000,0.000000,0.000000,0.128468,0.000000,0.000000,0.148071,0.166537,0.000000,0.151816,0.000000,0.000000,0.094701,turn_off_alarm,1,1,1949,alarm,none,,,0.000000,1.000000,0,suspended,coursework,1.767400,7.811698,active,90,1,rain,24.000000
21,1106,3448107874,25,Day 2 08:29,suspended,coursework,1.767400,7.811698,active,0.620333,0.368362,1.000000,1.000000,0.530000,0.064000,0.544611,0.159000,0.000000,10,1,1,1,0,0,0,1,1,1,1,1,0,0,0,1,1,0.197279,0.000000,0.168781,0.000000,0.000000,0.000000,0.151674,0.000000,0.000000,0.174677,0.195949,0.000000,0.000000,0.000000,0.000000,0.111639,use_phone,1,25,1974,phone,none,,,0.000000,1.000000,0,suspended,coursework,1.767400,7.811698,active,90,1,rain,24.000000
21,1106,3448107874,26,Day 2 08:54,suspended,coursework,1.767400,7.811698,active,0.408667,0.466964,1.000000,1.000000,0.550833,0.080667,0.575198,0.254000,0.085000,10,1,1,1,0,0,0,1,1,1,1,1,0,0,0,1,1,0.145980,0.000000,0.130739,0.000000,0.000000,0.000000,0.145476,0.159268,0.000000,0.153840,0.169936,0.000000,0.000000,0.000000,0.000000,0.094761,get_meal,1,35,2009,door,none,,,0.000000,1.000000,0,suspended,coursework,1.767400,7.811698,active,90,1,rain,24.000000
21,1106,3448107874,27,Day 2 09:29,suspended,coursework,1.767400,7.811698,active,0.380333,0.480964,1.000000,1.000000,0.030000,0.104000,0.591256,0.219000,0.064000,10,1,1,1,0,0,0,1,1,1,1,1,0,0,0,1,1,0.171750,0.000000,0.154647,0.000000,0.000000,0.000000,0.171305,0.188213,0.000000,0.000000,0.201933,0.000000,0.000000,0.000000,0.000000,0.112152,idle,1,10,2019,,none,,,0.000000,1.000000,0,suspended,coursework,1.767400,7.811698,active,90,1,rain,24.000000
21,1106,3448107874,28,Day 2 09:39,suspended,coursework,1.767400,7.811698,active,0.503667,0.484964,1.000000,0.946667,0.038333,0.110667,0.614961,0.209000,0.058000,10,1,1,1,0,0,0,1,1,1,1,1,0,0,0,1,1,0.180649,0.000000,0.159533,0.000000,0.000000,0.000000,0.166957,0.183930,0.000000,0.000000,0.198014,0.000000,0.000000,0.000000,0.000000,0.110916,use_phone,1,25,2044,phone,none,,,0.000000,1.000000,0,suspended,coursework,1.767400,7.811698,active,90,1,rain,24.000000
21,1106,3448107874,29,Day 2 10:04,suspended,coursework,1.767400,7.811698,active,0.292000,0.583566,1.000000,0.978333,0.059167,0.127333,0.645548,0.304000,0.143000,10,1,1,1,0,0,0,1,1,1,1,1,0,0,0,1,1,0.123146,0.103215,0.113842,0.000000,0.000000,0.000000,0.147522,0.169187,0.098155,0.000000,0.158201,0.000000,0.000000,0.000000,0.000000,0.086732,rest_at_bed,1,60,2104,bed,none,,,0.000000,1.000000,0,suspended,coursework,1.767400,7.811698,active,90,1,rain,24.000000
21,1106,3448107874,30,Day 2 11:04,suspended,coursework,1.767400,7.811698,active,0.352000,0.351328,1.000000,1.000000,0.109167,0.167333,0.692193,0.104000,0.107000,10,1,1,1,0,0,0,1,1,1,1,1,0,0,0,1,1,0.166990,0.121970,0.148699,0.000000,0.000000,0.000000,0.140237,0.000000,0.123463,0.000000,0.192838,0.000000,0.000000,0.000000,0.000000,0.105802,idle,1,10,2114,,none,,,0.000000,1.000000,0,suspended,coursework,1.767400,7.811698,active,90,1,rain,24.000000
21,1106,3448107874,31,Day 2 11:14,suspended,coursework,1.767400,7.811698,active,0.475333,0.355328,1.000000,0.946667,0.117500,0.174000,0.715898,0.094000,0.101000,10,1,1,1,0,0,0,1,1,1,1,1,0,0,0,1,1,0.175548,0.119509,0.153314,0.000000,0.000000,0.000000,0.136605,0.000000,0.121451,0.000000,0.188994,0.000000,0.000000,0.000000,0.000000,0.104579,use_phone,1,25,2139,phone,none,,,0.000000,1.000000,0,suspended,coursework,1.767400,7.811698,active,90,1,rain,24.000000
21,1106,3448107874,32,Day 2 11:39,suspended,coursework,1.767400,7.811698,active,0.263667,0.453930,1.000000,0.978333,0.138333,0.190667,0.746486,0.189000,0.186000,10,1,1,1,0,0,0,1,1,1,1,1,0,0,0,1,1,0.136735,0.115347,0.125007,0.000000,0.000000,0.000000,0.137916,0.000000,0.112209,0.106818,0.172528,0.000000,0.000000,0.000000,0.000000,0.093439,get_meal,1,35,2174,door,none,weather-rain,,0.000000,1.000000,0,suspended,coursework,1.767400,7.811698,active,90,1,rain,24.000000
21,1106,3448107874,33,Day 2 12:14,suspended,coursework,1.767400,7.811698,active,0.235333,0.467930,1.000000,1.000000,0.000000,0.214000,0.762544,0.154000,0.165000,10,1,1,1,0,0,0,1,1,1,1,1,0,0,0,1,1,0.152203,0.127032,0.139898,0.000000,0.000000,0.000000,0.153651,0.000000,0.128622,0.000000,0.193966,0.000000,0.000000,0.000000,0.000000,0.104628,turn_light_on,1,1,2175,light,none,,,0.000000,1.000000,0,suspended,coursework,1.767400,7.811698,active,90,1,rain,24.000000
21,1106,3448107874,34,Day 2 12:15,suspended,coursework,1.767400,7.811698,active,0.235667,0.468330,1.000000,1.000000,0.000833,0.214667,0.763003,0.153000,0.164400,13,1,1,1,1,1,1,1,1,1,1,0,1,0,0,1,1,0.079044,0.065913,0.072652,0.153124,0.165754,0.196684,0.079746,0.000000,0.066810,0.000000,0.000000,0.065955,0.000000,0.000000,0.000000,0.054316,use_phone,1,25,2200,phone,none,,,0.000000,1.000000,0,suspended,coursework,1.767400,7.811698,active,90,1,rain,24.000000
21,1106,3448107874,35,Day 2 12:40,suspended,coursework,1.767400,7.811698,active,0.024000,0.566932,1.000000,1.000000,0.021667,0.231333,0.793590,0.248000,0.249400,13,1,1,1,1,1,1,1,1,1,1,0,1,0,0,1,1,0.062373,0.064449,0.060012,0.138922,0.150381,0.172885,0.081565,0.093919,0.062534,0.000000,0.000000,0.063797,0.000000,0.000000,0.000000,0.049165,sleep_at_bed,1,480,2680,bed,none,message-study-group|task-reminder|room-temperature-shift|evening,,0.000000,1.000000,0,suspended,coursework,1.767400,7.811698,active,90,2,rain,24.000000
21,1106,3448107874,36,Day 2 20:40,suspended,coursework,1.767400,7.811698,active,0.104000,0.262512,1.000000,0.920000,0.421667,0.551333,1.000000,0.000000,0.000000,13,1,1,1,1,1,1,1,1,1,1,0,1,0,0,1,1,0.078674,0.000000,0.072072,0.168380,0.180996,0.209663,0.064354,0.000000,0.091143,0.080571,0.000000,0.000000,0.000000,0.000000,0.000000,0.054148,study_focused,1,35,2715,desk,none,,coursework,0.426200,1.029262,0,active,coursework,2.193599,7.811698,active,90,2,rain,24.000000
21,1106,3448107874,37,Day 2 21:15,active,coursework,2.193599,7.811698,active,0.135667,0.386512,0.871509,0.988333,0.450833,0.574667,0.966058,0.000000,0.000000,13,1,1,1,1,1,1,1,1,1,1,0,1,0,0,1,1,0.092178,0.000000,0.085120,0.167474,0.181103,0.123884,0.081631,0.000000,0.108504,0.096376,0.000000,0.000000,0.000000,0.000000,0.000000,0.063730,idle,1,10,2725,,none,,,0.000000,1.000000,0,active,coursework,2.193599,7.811698,active,90,2,rain,24.000000
21,1106,3448107874,38,Day 2 21:25,active,coursework,2.193599,7.811698,active,0.259000,0.390512,1.000000,0.935000,0.459167,0.581333,0.988453,0.000000,0.000000,13,1,1,1,1,1,1,1,1,1,1,0,1,0,0,1,1,0.092023,0.000000,0.083358,0.177355,0.190894,0.128722,0.076053,0.000000,0.101628,0.090391,0.000000,0.000000,0.000000,0.000000,0.000000,0.059576,idle,1,10,2735,,none,,,0.000000,1.000000,0,active,coursework,2.193599,7.811698,active,90,2,rain,24.000000
21,1106,3448107874,39,Day 2 21:35,active,coursework,2.193599,7.811698,active,0.382333,0.394512,1.000000,0.881667,0.467500,0.588000,1.000000,0.000000,0.000000,13,1,1,1,1,1,1,1,1,1,1,0,1,0,0,1,1,0.096952,0.000000,0.086150,0.174463,0.186907,0.131582,0.074848,0.000000,0.100455,0.089470,0.000000,0.000000,0.000000,0.000000,0.000000,0.059173,go_to_bathroom,1,15,2750,door,none,,,0.000000,1.000000,0,suspended,coursework,2.193599,7.811698,active,90,2,rain,24.000000
21,1106,3448107874,40,Day 2 21:50,suspended,coursework,2.193599,7.811698,active,0.387333,0.400512,1.000000,0.971677,0.480000,0.000000,1.000000,0.000000,0.000000,13,1,1,1,1,1,1,1,1,1,1,0,1,0,0,1,1,0.107680,0.000000,0.095666,0.193083,0.208492,0.145956,0.083273,0.000000,0.000000,0.100247,0.000000,0.000000,0.000000,0.000000,0.000000,0.065603,study_halfhearted,1,35,2785,desk,none,,coursework,0.247560,0.996419,0,active,coursework,2.441159,7.811698,active,90,2,rain,24.000000
21,1106,3448107874,41,Day 2 22:25,active,coursework,2.441159,7.811698,active,0.449000,0.494512,0.931471,0.980010,0.509167,0.023333,0.996058,0.000000,0.000000,13,1,1,1,1,1,1,1,1,1,1,0,1,0,0,1,1,0.104891,0.000000,0.093193,0.167895,0.181426,0.134847,0.084161,0.000000,0.000000,0.097698,0.000000,0.073013,0.000000,0.000000,0.000000,0.062876,turn_light_off,1,1,2786,light,none,,,0.000000,1.000000,0,active,coursework,2.441159,7.811698,active,90,2,rain,24.000000
21,1106,3448107874,42,Day 2 22:26,active,coursework,2.441159,7.811698,active,0.449333,0.494912,0.931471,0.999677,0.510000,0.024000,0.996447,0.000000,0.000000,10,1,1,1,0,0,0,1,1,1,1,1,0,0,0,1,1,0.188915,0.000000,0.167845,0.000000,0.000000,0.000000,0.151592,0.000000,0.000000,0.176064,0.202353,0.000000,0.000000,0.000000,0.000000,0.113231,rest_at_bed,1,60,2846,bed,none,,,0.000000,1.000000,0,suspended,coursework,2.441159,7.811698,active,90,2,rain,24.000000
21,1106,3448107874,43,Day 2 23:26,suspended,coursework,2.441159,7.811698,active,0.509333,0.262674,1.000000,1.000000,0.560000,0.064000,1.000000,0.000000,0.000000,10,1,1,1,0,0,0,1,1,1,1,1,0,0,0,1,1,0.198346,0.000000,0.170340,0.000000,0.000000,0.000000,0.128838,0.000000,0.000000,0.182193,0.207973,0.000000,0.000000,0.000000,0.000000,0.112309,use_phone,1,25,2871,phone,none,,,0.000000,1.000000,0,suspended,coursework,2.441159,7.811698,active,90,2,rain,24.000000
21,1106,3448107874,44,Day 2 23:51,suspended,coursework,2.441159,7.811698,active,0.297667,0.361275,1.000000,1.000000,0.580833,0.080667,1.000000,0.095000,0.085000,10,1,1,1,0,0,0,1,1,1,1,1,0,0,0,1,1,0.175092,0.000000,0.157408,0.000000,0.000000,0.000000,0.147814,0.000000,0.000000,0.191424,0.214535,0.000000,0.000000,0.000000,0.000000,0.113726,use_computer,1,30,2901,computer,none,,,0.000000,1.000000,0,suspended,coursework,2.441159,7.811698,active,90,2,rain,24.000000
21,1106,3448107874,45,Day 3 00:21,suspended,coursework,2.441159,7.811698,active,0.147667,0.480519,1.000000,0.990000,0.605833,0.100667,1.000000,0.175000,0.067000,10,1,1,1,0,0,0,1,1,1,1,1,0,0,0,1,1,0.132132,0.000000,0.123367,0.000000,0.000000,0.000000,0.140706,0.159741,0.000000,0.166319,0.182339,0.000000,0.000000,0.000000,0.000000,0.095397,rest_at_bed,1,60,2961,bed,none,,,0.000000,1.000000,0,suspended,coursework,2.441159,7.811698,active,90,2,rain,24.000000
21,1106,3448107874,46,Day 3 01:21,suspended,coursework,2.441159,7.811698,active,0.207667,0.248281,1.000000,1.000000,0.655833,0.140667,1.000000,0.000000,0.031000,10,1,1,1,0,0,0,1,1,1,1,1,0,0,0,1,1,0.153880,0.000000,0.138450,0.000000,0.000000,0.000000,0.117382,0.000000,0.116076,0.182331,0.191279,0.000000,0.000000,0.000000,0.000000,0.100601,use_computer,1,30,2991,computer,none,,,0.000000,1.000000,0,suspended,coursework,2.441159,7.811698,active,90,2,rain,24.000000
21,1106,3448107874,47,Day 3 01:51,suspended,coursework,2.441159,7.811698,active,0.057667,0.367525,1.000000,0.990000,0.680833,0.160667,1.000000,0.080000,0.013000,10,1,1,1,0,0,0,1,1,1,1,1,0,0,0,1,1,0.137884,0.000000,0.128841,0.000000,0.000000,0.000000,0.132673,0.000000,0.119263,0.188103,0.193035,0.000000,0.000000,0.000000,0.000000,0.100200,idle,1,10,3001,,none,,,0.000000,1.000000,0,suspended,coursework,2.441159,7.811698,active,90,2,rain,24.000000
21,1106,3448107874,48,Day 3 02:01,suspended,coursework,2.441159,7.811698,active,0.181000,0.371525,1.000000,0.936667,0.689167,0.167333,1.000000,0.070000,0.007000,10,1,1,1,0,0,0,1,1,1,1,1,0,0,0,1,1,0.145284,0.000000,0.133146,0.000000,0.000000,0.000000,0.129804,0.000000,0.117590,0.185716,0.189190,0.000000,0.000000,0.000000,0.000000,0.099271,use_phone,1,25,3026,phone,none,,,0.000000,1.000000,0,suspended,coursework,2.441159,7.811698,active,90,2,rain,24.000000
21,1106,3448107874,49,Day 3 02:26,suspended,coursework,2.441159,7.811698,active,0.000000,0.470127,1.000000,0.968333,0.710000,0.184000,1.000000,0.165000,0.092000,10,1,1,1,0,0,0,1,1,1,1,1,0,0,0,1,1,0.128172,0.000000,0.122363,0.000000,0.000000,0.000000,0.146256,0.000000,0.120924,0.191631,0.191666,0.000000,0.000000,0.000000,0.000000,0.098989,rest_at_bed,1,60,3086,bed,none,,,0.000000,1.000000,0,suspended,coursework,2.441159,7.811698,active,90,2,rain,24.000000
21,1106,3448107874,50,Day 3 03:26,suspended,coursework,2.441159,7.811698,active,0.060000,0.237889,1.000000,0.998333,0.760000,0.224000,1.000000,0.000000,0.056000,10,1,1,1,0,0,0,1,1,1,1,1,0,0,0,1,1,0.141058,0.000000,0.129793,0.000000,0.000000,0.000000,0.116110,0.000000,0.124583,0.199047,0.190503,0.000000,0.000000,0.000000,0.000000,0.098906,rest_at_bed,1,60,3146,bed,none,,,0.000000,1.000000,0,suspended,coursework,2.441159,7.811698,active,90,2,rain,24.000000
21,1106,3448107874,51,Day 3 04:26,suspended,coursework,2.441159,7.811698,active,0.120000,0.005651,1.000000,1.000000,0.810000,0.264000,1.000000,0.000000,0.020000,10,1,1,1,0,0,0,1,1,1,1,1,0,0,0,1,1,0.164415,0.000000,0.146234,0.000000,0.000000,0.000000,0.000000,0.000000,0.141961,0.228668,0.209421,0.000000,0.000000,0.000000,0.000000,0.109301,get_meal,1,35,3181,door,none,,,0.000000,1.000000,0,suspended,coursework,2.441159,7.811698,active,90,2,rain,24.000000
21,1106,3448107874,52,Day 3 05:01,suspended,coursework,2.441159,7.811698,active,0.091667,0.019651,1.000000,1.000000,0.289167,0.287333,1.000000,0.000000,0.000000,10,1,1,1,0,0,0,1,1,1,1,1,0,0,0,1,1,0.176743,0.000000,0.158142,0.000000,0.000000,0.000000,0.000000,0.000000,0.158600,0.158109,0.229120,0.000000,0.000000,0.000000,0.000000,0.119286,go_to_bathroom,1,15,3196,door,none,,,0.000000,1.000000,0,suspended,coursework,2.441159,7.811698,active,90,2,rain,24.000000
21,1106,3448107874,53,Day 3 05:16,suspended,coursework,2.441159,7.811698,active,0.096667,0.025651,1.000000,1.000000,0.301667,0.000000,1.000000,0.000000,0.000000,10,1,1,1,0,0,0,1,1,1,1,1,0,0,0,1,1,0.209895,0.000000,0.187775,0.000000,0.000000,0.000000,0.000000,0.000000,0.000000,0.189426,0.271495,0.000000,0.000000,0.000000,0.000000,0.141409,idle,1,10,3206,,none,,,0.000000,1.000000,0,suspended,coursework,2.441159,7.811698,active,90,2,rain,24.000000
21,1106,3448107874,54,Day 3 05:26,suspended,coursework,2.441159,7.811698,active,0.220000,0.029651,1.000000,0.946667,0.310000,0.006667,1.000000,0.000000,0.000000,10,1,1,1,0,0,0,1,1,1,1,1,0,0,0,1,1,0.218968,0.000000,0.192160,0.000000,0.000000,0.000000,0.000000,0.000000,0.000000,0.185655,0.264143,0.000000,0.000000,0.000000,0.000000,0.139074,use_phone,1,25,3231,phone,none,,,0.000000,1.000000,0,suspended,coursework,2.441159,7.811698,active,90,2,rain,24.000000
21,1106,3448107874,55,Day 3 05:51,suspended,coursework,2.441159,7.811698,active,0.008333,0.128253,1.000000,0.978333,0.330833,0.023333,1.000000,0.095000,0.085000,10,1,1,1,0,0,0,1,1,1,1,1,0,0,0,1,1,0.197395,0.000000,0.181337,0.000000,0.000000,0.000000,0.000000,0.000000,0.000000,0.199197,0.278256,0.000000,0.000000,0.000000,0.000000,0.143814,get_meal,1,35,3266,door,none,,,0.000000,1.000000,0,suspended,coursework,2.441159,7.811698,active,90,2,rain,24.000000
21,1106,3448107874,56,Day 3 06:26,suspended,coursework,2.441159,7.811698,active,0.000000,0.142253,1.000000,1.000000,0.000000,0.046667,1.000000,0.060000,0.064000,10,1,1,1,0,0,0,1,1,1,1,1,0,0,0,1,1,0.246793,0.000000,0.227213,0.000000,0.000000,0.000000,0.000000,0.000000,0.000000,0.000000,0.346855,0.000000,0.000000,0.000000,0.000000,0.179138,use_computer,1,30,3296,computer,none,,,0.000000,1.000000,0,suspended,coursework,2.441159,7.811698,active,90,2,rain,24.000000
21,1106,3448107874,57,Day 3 06:56,suspended,coursework,2.441159,7.811698,active,0.000000,0.261496,1.000000,0.990000,0.025000,0.066667,1.000000,0.140000,0.046000,10,1,1,1,0,0,0,1,1,1,1,1,0,0,0,1,1,0.196305,0.000000,0.183265,0.000000,0.000000,0.000000,0.187772,0.000000,0.000000,0.000000,0.285307,0.000000,0.000000,0.000000,0.000000,0.147351,turn_light_on,1,1,3297,light,none,,,0.000000,1.000000,0,suspended,coursework,2.441159,7.811698,active,90,2,rain,24.000000
21,1106,3448107874,58,Day 3 06:57,suspended,coursework,2.441159,7.811698,active,0.000333,0.261896,1.000000,1.000000,0.025833,0.067333,1.000000,0.139000,0.045400,13,1,1,1,1,1,1,1,1,1,1,0,1,0,0,1,1,0.092218,0.000000,0.086091,0.217163,0.235075,0.212100,0.088158,0.000000,0.000000,0.000000,0.000000,0.000000,0.000000,0.000000,0.000000,0.069195,study_focused,1,35,3332,desk,none,alarm-rings,coursework,0.412683,0.996618,0,active,coursework,2.853842,7.811698,active,90,2,rain,24.000000
21,1106,3448107874,59,Day 3 07:32,active,coursework,2.853842,7.811698,active,0.062000,0.385896,0.871509,1.000000,0.055000,0.090667,1.000000,0.104000,0.024400,14,1,1,1,1,1,1,1,1,1,1,0,1,1,0,1,1,0.095173,0.000000,0.089079,0.186430,0.201807,0.134372,0.094209,0.000000,0.000000,0.000000,0.000000,0.000000,0.128869,0.000000,0.000000,0.070060,rest_at_bed,1,60,3392,bed,none,,,0.000000,1.000000,0,suspended,coursework,2.853842,7.811698,active,90,2,rain,24.000000
21,1106,3448107874,60,Day 3 08:32,suspended,coursework,2.853842,7.811698,active,0.122000,0.153658,0.959928,1.000000,0.105000,0.130667,1.000000,0.000000,0.000000,14,1,1,1,1,1,1,1,1,1,1,0,1,1,0,1,1,0.096968,0.000000,0.087569,0.199982,0.216478,0.137597,0.000000,0.000000,0.075361,0.000000,0.000000,0.000000,0.120497,0.000000,0.000000,0.065548,idle,1,10,3402,,none,,,0.000000,1.000000,0,suspended,coursework,2.853842,7.811698,active,90,2,rain,24.000000
21,1106,3448107874,61,Day 3 08:42,suspended,coursework,2.853842,7.811698,active,0.245333,0.157658,1.000000,0.946667,0.113333,0.137333,1.000000,0.000000,0.000000,14,1,1,1,1,1,1,1,1,1,1,0,1,1,0,1,1,0.099957,0.000000,0.088549,0.199767,0.215238,0.144200,0.000000,0.000000,0.072883,0.000000,0.000000,0.000000,0.115840,0.000000,0.000000,0.063565,turn_off_alarm,1,1,3403,alarm,none,,,0.000000,1.000000,0,suspended,coursework,2.853842,7.811698,active,90,2,rain,24.000000
21,1106,3448107874,62,Day 3 08:43,suspended,coursework,2.853842,7.811698,active,0.245667,0.158058,1.000000,0.976333,0.114167,0.138000,0.980459,0.000000,0.000000,13,1,1,1,1,1,1,1,1,1,1,0,1,0,0,1,1,0.112720,0.000000,0.099854,0.224452,0.242463,0.166612,0.000000,0.000000,0.082227,0.000000,0.000000,0.000000,0.000000,0.000000,0.000000,0.071673,study_focused,1,35,3438,desk,none,,coursework,0.428788,1.035512,0,active,coursework,3.282629,7.811698,active,90,2,rain,24.000000
21,1106,3448107874,63,Day 3 09:18,active,coursework,3.282629,7.811698,active,0.277333,0.282058,0.871509,1.000000,0.143333,0.161333,0.946517,0.000000,0.000000,13,1,1,1,1,1,1,1,1,1,1,0,1,0,0,1,1,0.104487,0.000000,0.093303,0.176623,0.191191,0.135211,0.078971,0.000000,0.077446,0.076026,0.000000,0.000000,0.000000,0.000000,0.000000,0.066740,use_phone,1,25,3463,phone,none,,,0.000000,1.000000,0,active,coursework,3.282629,7.811698,active,90,2,rain,24.000000
21,1106,3448107874,64,Day 3 09:43,active,coursework,3.282629,7.811698,active,0.065667,0.380660,0.999928,1.000000,0.164167,0.178000,0.973829,0.095000,0.085000,13,1,1,1,1,1,1,1,1,1,1,0,1,0,0,1,1,0.087120,0.000000,0.081437,0.191879,0.207706,0.131039,0.085372,0.000000,0.076595,0.075447,0.000000,0.000000,0.000000,0.000000,0.000000,0.063404,go_to_bathroom,1,15,3478,door,none,,,0.000000,1.000000,0,suspended,coursework,3.282629,7.811698,active,90,2,rain,24.000000
21,1106,3448107874,65,Day 3 09:58,suspended,coursework,3.282629,7.811698,active,0.070667,0.386660,0.999928,1.000000,0.176667,0.000000,0.980710,0.080000,0.076000,13,1,1,1,1,1,1,1,1,1,1,0,1,0,0,1,1,0.094749,0.000000,0.088529,0.207378,0.224483,0.141867,0.091980,0.000000,0.000000,0.082453,0.000000,0.000000,0.000000,0.000000,0.000000,0.068562,study_at_computer,1,35,3513,computer,none,,coursework,0.702176,1.016848,0,active,coursework,3.984805,7.811698,active,90,2,rain,24.000000
21,1106,3448107874,66,Day 3 10:33,active,coursework,3.984805,7.811698,active,0.102333,0.514735,0.871437,1.000000,0.205833,0.023333,0.946766,0.125000,0.055000,13,1,1,1,1,1,1,1,1,1,1,0,1,0,0,1,1,0.082495,0.000000,0.077793,0.155028,0.167815,0.115326,0.089758,0.102198,0.000000,0.074195,0.000000,0.074687,0.000000,0.000000,0.000000,0.060705,use_phone,1,25,3538,phone,none,message-study-group,,0.000000,1.000000,0,active,coursework,3.984805,7.811698,active,90,3,rain,24.000000
21,1106,3448107874,67,Day 3 10:58,active,coursework,3.984805,7.811698,active,0.000000,0.613337,1.000000,1.000000,0.226667,0.040000,1.000000,0.220000,0.140000,13,1,1,1,1,1,1,1,1,1,1,0,1,0,0,1,1,0.066406,0.063267,0.064420,0.153507,0.166169,0.105221,0.087828,0.104311,0.000000,0.066796,0.000000,0.069252,0.000000,0.000000,0.000000,0.052822,shop_on_phone,1,20,3558,phone,none,task-reminder,,0.000000,1.000000,0,active,coursework,3.984805,7.811698,active,60,3,rain,24.000000
21,1106,3448107874,68,Day 3 11:18,active,coursework,3.984805,7.811698,active,0.006667,0.626770,1.000000,1.000000,0.243333,0.053333,1.000000,0.280000,0.000000,13,1,1,1,1,1,1,1,1,1,1,0,1,0,0,1,1,0.069404,0.000000,0.067423,0.162120,0.175493,0.111530,0.096352,0.115377,0.000000,0.071799,0.000000,0.074521,0.000000,0.000000,0.000000,0.055982,study_at_computer,1,35,3593,computer,none,,coursework,0.715068,1.035518,0,active,coursework,4.699874,7.811698,active,60,3,rain,24.000000
21,1106,3448107874,69,Day 3 11:53,active,coursework,4.699874,7.811698,active,0.038333,0.754844,0.871509,1.000000,0.272500,0.076667,0.966058,0.325000,0.000000,13,1,1,1,1,1,1,1,1,1,1,0,1,0,0,1,1,0.065991,0.000000,0.064699,0.132351,0.143268,0.099010,0.102678,0.128051,0.000000,0.070554,0.000000,0.074784,0.000000,0.000000,0.064484,0.054130,study_focused,1,35,3628,desk,none,,coursework,0.389562,0.940783,0,active,coursework,5.089436,7.811698,active,60,3,rain,24.000000
21,1106,3448107874,70,Day 3 12:28,active,coursework,5.089436,7.811698,active,0.070000,0.878844,0.743018,1.000000,0.301667,0.100000,0.927531,0.290000,0.000000,13,1,1,1,1,1,1,1,1,1,1,0,1,0,0,1,1,0.068209,0.000000,0.067368,0.114974,0.124457,0.093520,0.112161,0.144669,0.000000,0.073770,0.000000,0.078509,0.000000,0.000000,0.066675,0.055688,use_phone,1,25,3653,phone,none,,,0.000000,1.000000,0,active,coursework,5.089436,7.811698,active,60,3,rain,24.000000
21,1106,3448107874,71,Day 3 12:53,active,coursework,5.089436,7.811698,active,0.000000,0.977446,0.871437,1.000000,0.322500,0.116667,0.951568,0.385000,0.085000,13,1,1,1,1,1,1,1,1,1,1,0,1,0,0,1,1,0.059491,0.000000,0.060135,0.120468,0.130405,0.091430,0.117046,0.157073,0.000000,0.070647,0.000000,0.077437,0.000000,0.000000,0.064175,0.051691,use_phone,1,25,3678,phone,none,,,0.000000,1.000000,0,active,coursework,5.089436,7.811698,active,60,3,rain,24.000000
21,1106,3448107874,72,Day 3 13:18,active,coursework,5.089436,7.811698,active,0.000000,1.000000,0.999857,1.000000,0.343333,0.133333,0.978878,0.480000,0.170000,13,1,1,1,1,1,1,1,1,1,1,0,1,0,0,1,1,0.048986,0.053355,0.049717,0.115576,0.125109,0.082929,0.104544,0.142528,0.050717,0.060891,0.000000,0.067214,0.000000,0.000000,0.054985,0.043449,go_to_bathroom,1,15,3693,door,none,,,0.000000,1.000000,0,suspended,coursework,5.089436,7.811698,active,60,3,rain,24.000000
21,1106,3448107874,73,Day 3 13:33,suspended,coursework,5.089436,7.811698,active,0.005000,1.000000,0.999857,1.000000,0.355833,0.000000,0.985758,0.465000,0.161000,13,1,1,1,1,1,1,1,1,1,1,0,1,0,0,1,1,0.054423,0.058454,0.055176,0.110998,0.120153,0.079727,0.114537,0.156093,0.000000,0.067936,0.000000,0.073950,0.000000,0.000000,0.060587,0.047966,get_meal,1,35,3728,door,none,weather-rain,,0.000000,1.000000,0,suspended,coursework,5.089436,7.811698,active,60,3,rain,24.000000
21,1106,3448107874,74,Day 3 14:08,suspended,coursework,5.089436,7.811698,active,0.000000,1.000000,0.999857,1.000000,0.000000,0.023333,1.000000,0.430000,0.140000,13,1,1,1,1,1,1,1,1,1,1,0,1,0,0,1,1,0.058950,0.061808,0.059777,0.119768,0.129647,0.088078,0.121254,0.165073,0.000000,0.000000,0.000000,0.079048,0.000000,0.000000,0.064992,0.051604,study_focused,1,35,3763,desk,none,,coursework,0.416613,1.006110,0,active,coursework,5.506049,7.811698,active,60,3,rain,24.000000
21,1106,3448107874,75,Day 3 14:43,active,coursework,5.506049,7.811698,active,0.031667,1.000000,0.871366,1.000000,0.029167,0.046667,0.966053,0.395000,0.119000,13,1,1,1,1,1,1,1,1,1,1,0,1,0,0,1,1,0.064222,0.000000,0.064756,0.128049,0.138611,0.098302,0.126974,0.171952,0.000000,0.000000,0.000000,0.083229,0.000000,0.000000,0.068672,0.055233,study_focused,1,35,3798,desk,none,,coursework,0.403085,0.973441,0,active,coursework,5.909134,7.811698,active,60,3,rain,24.000000
21,1106,3448107874,76,Day 3 15:18,active,coursework,5.909134,7.811698,active,0.063333,1.000000,0.742874,1.000000,0.058333,0.070000,0.927521,0.360000,0.098000,13,1,1,1,1,1,1,1,1,1,1,0,1,0,0,1,1,0.068792,0.000000,0.068972,0.116918,0.126562,0.096225,0.130786,0.176113,0.000000,0.000000,0.000000,0.086163,0.000000,0.000000,0.071343,0.058126,turn_light_off,1,1,3799,light,none,,,0.000000,1.000000,0,active,coursework,5.909134,7.811698,active,60,3,rain,24.000000
21,1106,3448107874,77,Day 3 15:19,active,coursework,5.909134,7.811698,active,0.063667,1.000000,0.742874,1.000000,0.059167,0.070667,0.927718,0.359000,0.097400,10,1,1,1,0,0,0,1,1,1,1,1,0,0,0,1,1,0.102794,0.000000,0.103057,0.000000,0.000000,0.000000,0.195254,0.262910,0.000000,0.000000,0.142618,0.000000,0.000000,0.000000,0.106548,0.086820,rest_at_bed,1,60,3859,bed,none,,,0.000000,1.000000,0,suspended,coursework,5.909134,7.811698,active,60,3,rain,24.000000
21,1106,3448107874,78,Day 3 16:19,suspended,coursework,5.909134,7.811698,active,0.123667,0.767762,0.831294,1.000000,0.109167,0.110667,0.958634,0.159000,0.061400,10,1,1,1,0,0,0,1,1,1,1,1,0,0,0,1,1,0.142615,0.000000,0.137722,0.000000,0.000000,0.000000,0.190164,0.235395,0.000000,0.000000,0.186247,0.000000,0.000000,0.000000,0.000000,0.107856,rest_at_bed,1,60,3919,bed,none,room-temperature-shift,,0.000000,1.000000,0,suspended,coursework,5.909134,7.811698,active,60,3,rain,24.000000
21,1106,3448107874,79,Day 3 17:19,suspended,coursework,5.909134,7.811698,active,0.183667,0.535524,0.919713,1.000000,0.159167,0.150667,0.994959,0.000000,0.025400,10,1,1,1,0,0,0,1,1,1,1,1,0,0,0,1,1,0.155863,0.000000,0.145085,0.000000,0.000000,0.000000,0.150074,0.000000,0.123948,0.124571,0.193771,0.000000,0.000000,0.000000,0.000000,0.106689,turn_light_on,1,1,3920,light,none,,,0.000000,1.000000,0,suspended,coursework,5.909134,7.811698,active,60,3,rain,24.000000
21,1106,3448107874,80,Day 3 17:20,suspended,coursework,5.909134,7.811698,active,0.184000,0.535924,0.919713,1.000000,0.160000,0.151333,0.995335,0.000000,0.024800,13,1,1,1,1,1,1,1,1,1,1,0,1,0,0,1,1,0.088892,0.000000,0.082744,0.162766,0.176192,0.128005,0.085598,0.000000,0.070722,0.071088,0.000000,0.073152,0.000000,0.000000,0.000000,0.060840,study_at_computer,1,35,3955,computer,none,,coursework,0.630488,0.913034,0,active,coursework,6.539622,7.811698,active,60,3,rain,24.000000
21,1106,3448107874,81,Day 3 17:55,active,coursework,6.539622,7.811698,active,0.215667,0.663998,0.791222,1.000000,0.189167,0.174667,0.958529,0.045000,0.003800,13,1,1,1,1,1,1,1,1,1,1,0,1,0,0,1,1,0.082924,0.000000,0.077902,0.130302,0.141050,0.105754,0.089517,0.106418,0.067860,0.068536,0.000000,0.072024,0.000000,0.000000,0.000000,0.057715,use_phone,1,25,3980,phone,none,,,0.000000,1.000000,0,active,coursework,6.539622,7.811698,active,60,3,rain,24.000000
21,1106,3448107874,82,Day 3 18:20,active,coursework,6.539622,7.811698,active,0.004000,0.762600,0.919641,1.000000,0.210000,0.191333,0.983794,0.140000,0.088800,13,1,1,1,1,1,1,1,1,1,1,0,1,0,0,1,1,0.068160,0.000000,0.067030,0.139500,0.151007,0.101018,0.095417,0.118032,0.066163,0.067049,0.000000,0.072571,0.000000,0.000000,0.000000,0.054052,go_to_bathroom,1,15,3995,door,none,,,0.000000,1.000000,0,suspended,coursework,6.539622,7.811698,active,60,3,rain,24.000000
21,1106,3448107874,83,Day 3 18:35,suspended,coursework,6.539622,7.811698,active,0.009000,0.768600,0.919641,1.000000,0.222500,0.000000,0.989447,0.125000,0.079800,13,1,1,1,1,1,1,1,1,1,1,0,1,0,0,1,1,0.077607,0.000000,0.076287,0.137181,0.148496,0.099519,0.107639,0.133338,0.000000,0.076714,0.000000,0.082025,0.000000,0.000000,0.000000,0.061193,study_focused,1,35,4030,desk,none,,coursework,0.415244,1.002804,0,active,coursework,6.954866,7.811698,active,60,3,rain,24.000000
21,1106,3448107874,84,Day 3 19:10,active,coursework,6.954866,7.811698,active,0.040667,0.892600,0.791150,1.000000,0.251667,0.023333,0.952638,0.090000,0.058800,13,1,1,1,1,1,1,1,1,1,1,0,1,0,0,1,1,0.071282,0.000000,0.070588,0.121860,0.131911,0.096109,0.104470,0.133867,0.000000,0.071277,0.000000,0.076521,0.000000,0.000000,0.066170,0.055944,use_phone,1,25,4055,phone,none,,,0.000000,1.000000,0,active,coursework,6.954866,7.811698,active,60,3,rain,24.000000
21,1106,3448107874,85,Day 3 19:35,active,coursework,6.954866,7.811698,active,0.000000,0.991202,0.919570,1.000000,0.272500,0.040000,0.977902,0.185000,0.143800,13,1,1,1,1,1,1,1,1,1,1,0,1,0,0,1,1,0.059420,0.058549,0.059940,0.120037,0.129939,0.089147,0.102458,0.136612,0.000000,0.064159,0.000000,0.070941,0.000000,0.000000,0.059863,0.048934,get_meal,1,35,4090,door,none,evening,,0.000000,1.000000,0,suspended,coursework,6.954866,7.811698,active,60,3,rain,24.000000
21,1106,3448107874,86,Day 3 20:10,suspended,coursework,6.954866,7.811698,active,0.000000,1.000000,0.919570,1.000000,0.000000,0.063333,0.991090,0.150000,0.122800,13,1,1,1,1,1,1,1,1,1,1,0,1,0,0,1,1,0.072069,0.000000,0.072722,0.125566,0.135923,0.093249,0.121934,0.162848,0.000000,0.000000,0.000000,0.084969,0.000000,0.000000,0.071858,0.058863,sleep_at_bed,1,480,4570,bed,none,,,0.000000,1.000000,0,suspended,coursework,6.954866,7.811698,active,60,3,rain,24.000000
21,1106,3448107874,87,Day 4 04:10,suspended,coursework,6.954866,7.811698,active,0.080000,0.695580,1.000000,0.920000,0.400000,0.383333,1.000000,0.000000,0.000000,13,1,1,1,1,1,1,1,1,1,1,0,1,0,0,1,1,0.075092,0.000000,0.072269,0.134816,0.144917,0.098207,0.086603,0.104062,0.079378,0.080047,0.000000,0.069893,0.000000,0.000000,0.000000,0.054717,rest_at_bed,1,60,4630,bed,none,,,0.000000,1.000000,0,suspended,coursework,6.954866,7.811698,active,60,3,rain,24.000000
21,1106,3448107874,88,Day 4 05:10,suspended,coursework,6.954866,7.811698,active,0.140000,0.463342,1.000000,0.950000,0.450000,0.423333,1.000000,0.000000,0.000000,13,1,1,1,1,1,1,1,1,1,1,0,1,0,0,1,1,0.087578,0.000000,0.081471,0.179485,0.193441,0.133220,0.081786,0.000000,0.090503,0.092013,0.000000,0.000000,0.000000,0.000000,0.000000,0.060503,rest_at_bed,1,60,4690,bed,none,,,0.000000,1.000000,0,suspended,coursework,6.954866,7.811698,active,60,3,rain,24.000000
21,1106,3448107874,89,Day 4 06:10,suspended,coursework,6.954866,7.811698,active,0.200000,0.231104,1.000000,0.980000,0.500000,0.463333,1.000000,0.000000,0.000000,13,1,1,1,1,1,1,1,1,1,1,0,1,0,0,1,1,0.089884,0.000000,0.080824,0.182796,0.197527,0.138244,0.067969,0.000000,0.090806,0.093077,0.000000,0.000000,0.000000,0.000000,0.000000,0.058874,study_at_computer,1,35,4725,computer,none,,coursework,0.717479,1.039009,0,active,coursework,7.672345,7.811698,active,60,3,rain,24.000000
21,1106,3448107874,90,Day 4 06:45,active,coursework,7.672345,7.811698,active,0.231667,0.359178,0.871509,1.000000,0.529167,0.486667,0.966058,0.045000,0.000000,13,1,1,1,1,1,1,1,1,1,1,0,1,0,0,1,1,0.095293,0.000000,0.086479,0.166394,0.180119,0.126472,0.080762,0.000000,0.099024,0.101984,0.000000,0.000000,0.000000,0.000000,0.000000,0.063473,study_focused,1,35,4760,desk,none,alarm-rings|task-completed,coursework,0.406220,0.981010,0,none,,7.811698,7.811698,completed,60,3,rain,24.000000
21,1106,3448107874,91,Day 4 07:20,none,,7.811698,7.811698,completed,0.293333,0.483178,0.014902,1.000000,0.558333,0.510000,0.412825,0.010000,0.000000,11,1,1,1,0,0,0,1,1,1,1,0,1,1,0,1,1,0.135278,0.000000,0.123085,0.000000,0.000000,0.000000,0.124608,0.000000,0.139131,0.143974,0.000000,0.102894,0.139184,0.000000,0.000000,0.091847,rest_at_bed,1,60,4820,bed,none,,,0.000000,1.000000,0,none,,7.811698,7.811698,completed,60,3,rain,24.000000
21,1106,3448107874,92,Day 4 08:20,none,,7.811698,7.811698,completed,0.353333,0.250940,0.014902,1.000000,0.608333,0.550000,0.412825,0.000000,0.000000,11,1,1,1,0,0,0,1,1,1,1,0,1,1,0,1,1,0.159264,0.000000,0.140046,0.000000,0.000000,0.000000,0.117961,0.000000,0.159713,0.166625,0.000000,0.000000,0.154139,0.000000,0.000000,0.102252,use_phone,1,25,4845,phone,none,,,0.000000,1.000000,0,none,,7.811698,7.811698,completed,60,3,rain,24.000000
21,1106,3448107874,93,Day 4 08:45,none,,7.811698,7.811698,completed,0.141667,0.349542,0.014902,1.000000,0.629167,0.566667,0.412825,0.095000,0.085000,11,1,1,1,0,0,0,1,1,1,1,0,1,1,0,1,1,0.139174,0.000000,0.128109,0.000000,0.000000,0.000000,0.133970,0.000000,0.165548,0.173302,0.000000,0.000000,0.157399,0.000000,0.000000,0.102497,go_to_bathroom,1,15,4860,door,none,,,0.000000,1.000000,0,none,,7.811698,7.811698,completed,60,3,rain,24.000000
21,1106,3448107874,94,Day 4 09:00,none,,7.811698,7.811698,completed,0.146667,0.355542,0.014902,1.000000,0.641667,0.000000,0.412825,0.080000,0.076000,11,1,1,1,0,0,0,1,1,1,1,0,1,1,0,1,1,0.167172,0.000000,0.153815,0.000000,0.000000,0.000000,0.159515,0.000000,0.000000,0.209179,0.000000,0.000000,0.187904,0.000000,0.000000,0.122415,get_meal,1,35,4895,door,none,,,0.000000,1.000000,0,none,,7.811698,7.811698,completed,60,3,rain,24.000000
21,1106,3448107874,95,Day 4 09:35,none,,7.811698,7.811698,completed,0.118333,0.369542,0.014902,1.000000,0.120833,0.023333,0.412825,0.045000,0.055000,11,1,1,1,0,0,0,1,1,1,1,0,1,1,0,1,1,0.210458,0.000000,0.194686,0.000000,0.000000,0.000000,0.201275,0.000000,0.000000,0.000000,0.000000,0.000000,0.238553,0.000000,0.000000,0.155027,use_computer,1,30,4925,computer,none,,,0.000000,1.000000,0,none,,7.811698,7.811698,completed,60,3,rain,24.000000
21,1106,3448107874,96,Day 4 10:05,none,,7.811698,7.811698,completed,0.000000,0.488786,0.014902,0.990000,0.145833,0.043333,0.412825,0.125000,0.037000,11,1,1,1,0,0,0,1,1,1,1,0,1,1,0,1,1,0.141796,0.000000,0.135541,0.000000,0.000000,0.000000,0.168002,0.000000,0.000000,0.127866,0.000000,0.134665,0.177785,0.000000,0.000000,0.114345,rest_at_bed,1,60,4985,bed,none,message-study-group,,0.000000,1.000000,0,none,,7.811698,7.811698,completed,60,4,rain,24.000000
21,1106,3448107874,97,Day 4 11:05,none,,7.811698,7.811698,completed,0.060000,0.256548,0.014902,1.000000,0.195833,0.083333,0.412825,0.000000,0.001000,11,1,1,1,0,0,0,1,1,1,1,0,1,1,0,1,1,0.180337,0.000000,0.166261,0.000000,0.000000,0.000000,0.158510,0.000000,0.000000,0.155104,0.000000,0.000000,0.206363,0.000000,0.000000,0.133425,turn_off_alarm,1,1,4986,alarm,none,,,0.000000,1.000000,0,none,,7.811698,7.811698,completed,60,4,rain,24.000000
21,1106,3448107874,98,Day 4 11:06,none,,7.811698,7.811698,completed,0.060333,0.256948,0.014902,1.000000,0.196667,0.084000,0.392825,0.000000,0.000400,10,1,1,1,0,0,0,1,1,1,1,0,1,0,0,1,1,0.227122,0.000000,0.209393,0.000000,0.000000,0.000000,0.200006,0.000000,0.000000,0.195458,0.000000,0.000000,0.000000,0.000000,0.000000,0.168020,rest_at_bed,1,60,5046,bed,none,,,0.000000,1.000000,0,none,,7.811698,7.811698,completed,60,4,rain,24.000000
21,1106,3448107874,99,Day 4 12:06,none,,7.811698,7.811698,completed,0.120333,0.024710,0.014902,1.000000,0.246667,0.124000,0.392825,0.000000,0.000000,10,1,1,1,0,0,0,1,1,1,1,0,1,0,0,1,1,0.290635,0.000000,0.259001,0.000000,0.000000,0.000000,0.000000,0.000000,0.000000,0.246517,0.000000,0.000000,0.000000,0.000000,0.000000,0.203847,get_meal,1,35,5081,door,none,,,0.000000,1.000000,0,none,,7.811698,7.811698,completed,60,4,rain,24.000000
21,1106,3448107874,100,Day 4 12:41,none,,7.811698,7.811698,completed,0.092000,0.038710,0.014902,1.000000,0.000000,0.147333,0.392825,0.000000,0.000000,10,1,1,1,0,0,0,1,1,1,1,0,1,0,0,1,1,0.293996,0.000000,0.263569,0.000000,0.000000,0.000000,0.000000,0.000000,0.233090,0.000000,0.000000,0.000000,0.000000,0.000000,0.000000,0.209345,use_phone,1,25,5106,phone,none,,,0.000000,1.000000,0,none,,7.811698,7.811698,completed,60,4,rain,24.000000
21,1106,3448107874,101,Day 4 13:06,none,,7.811698,7.811698,completed,0.000000,0.137312,0.014902,1.000000,0.020833,0.164000,0.392825,0.095000,0.085000,10,1,1,1,0,0,0,1,1,1,1,0,1,0,0,1,1,0.224236,0.000000,0.206465,0.000000,0.000000,0.000000,0.199399,0.000000,0.196996,0.000000,0.000000,0.000000,0.000000,0.000000,0.000000,0.172903,use_phone,1,25,5131,phone,none,,,0.000000,1.000000,0,none,,7.811698,7.811698,completed,60,4,rain,24.000000
21,1106,3448107874,102,Day 4 13:31,none,,7.811698,7.811698,completed,0.000000,0.235913,0.014902,1.000000,0.041667,0.180667,0.392825,0.190000,0.170000,10,1,1,1,0,0,0,1,1,1,1,0,1,0,0,1,1,0.178237,0.166020,0.166097,0.000000,0.000000,0.000000,0.182613,0.000000,0.164658,0.000000,0.000000,0.000000,0.000000,0.000000,0.000000,0.142374,rest_at_bed,1,60,5191,bed,none,,,0.000000,1.000000,0,none,,7.811698,7.811698,completed,60,4,rain,24.000000
21,1106,3448107874,103,Day 4 14:31,none,,7.811698,7.811698,completed,0.060000,0.003675,0.014902,1.000000,0.091667,0.220667,0.392825,0.000000,0.134000,10,1,1,1,0,0,0,1,1,1,1,0,1,0,0,1,1,0.233032,0.189652,0.209211,0.000000,0.000000,0.000000,0.000000,0.000000,0.200213,0.000000,0.000000,0.000000,0.000000,0.000000,0.000000,0.167892,idle,1,10,5201,,none,weather-clear|room-temperature-shift,,0.000000,1.000000,0,none,,7.811698,7.811698,completed,60,4,clear,17.000000
21,1106,3448107874,104,Day 4 14:41,none,,7.811698,7.811698,completed,0.183333,0.047675,0.014902,0.886667,0.100000,0.227333,0.392825,0.000000,0.128000,10,1,1,1,0,0,0,1,1,1,1,0,1,0,0,1,1,0.241565,0.184494,0.213637,0.000000,0.000000,0.000000,0.000000,0.000000,0.195539,0.000000,0.000000,0.000000,0.000000,0.000000,0.000000,0.164765,use_computer,1,30,5231,computer,none,,,0.000000,1.000000,0,none,,7.811698,7.811698,completed,60,4,clear,17.000000
21,1106,3448107874,105,Day 4 15:11,none,,7.811698,7.811698,completed,0.033333,0.166919,0.014902,0.876667,0.125000,0.247333,0.392825,0.080000,0.110000,10,1,1,1,0,0,0,1,1,1,1,0,1,0,0,1,1,0.222819,0.000000,0.204656,0.000000,0.000000,0.000000,0.196772,0.000000,0.206818,0.000000,0.000000,0.000000,0.000000,0.000000,0.000000,0.168935,rest_at_bed,1,60,5291,bed,none,,,0.000000,1.000000,0,none,,7.811698,7.811698,completed,60,4,clear,17.000000
21,1106,3448107874,106,Day 4 16:11,none,,7.811698,7.811698,completed,0.093333,0.000000,0.014902,0.906667,0.175000,0.287333,0.392825,0.000000,0.074000,10,1,1,1,0,0,0,1,1,1,1,0,1,0,0,1,1,0.232418,0.000000,0.207475,0.000000,0.000000,0.000000,0.000000,0.000000,0.207933,0.187454,0.000000,0.000000,0.000000,0.000000,0.000000,0.164720,idle,1,10,5301,,none,,,0.000000,1.000000,0,none,,7.811698,7.811698,completed,60,4,clear,17.000000
21,1106,3448107874,107,Day 4 16:21,none,,7.811698,7.811698,completed,0.216667,0.004000,0.014902,0.853333,0.183333,0.294000,0.392825,0.000000,0.068000,10,1,1,1,0,0,0,1,1,1,1,0,1,0,0,1,1,0.241493,0.000000,0.211469,0.000000,0.000000,0.000000,0.000000,0.000000,0.202702,0.182986,0.000000,0.000000,0.000000,0.000000,0.000000,0.161351,get_meal,1,35,5336,door,none,,,0.000000,1.000000,0,none,,7.811698,7.811698,completed,60,4,clear,17.000000
21,1106,3448107874,108,Day 4 16:56,none,,7.811698,7.811698,completed,0.188333,0.018000,0.014902,0.976677,0.000000,0.317333,0.392825,0.000000,0.047000,10,1,1,1,0,0,0,1,1,1,1,0,1,0,0,1,1,0.291410,0.000000,0.256712,0.000000,0.000000,0.000000,0.000000,0.000000,0.254210,0.000000,0.000000,0.000000,0.000000,0.000000,0.000000,0.197667,go_to_bathroom,1,15,5351,door,none,,,0.000000,1.000000,0,none,,7.811698,7.811698,completed,60,4,clear,17.000000
21,1106,3448107874,109,Day 4 17:11,none,,7.811698,7.811698,completed,0.193333,0.024000,0.014902,1.000000,0.012500,0.000000,0.392825,0.000000,0.038000,10,1,1,1,0,0,0,1,1,1,1,0,1,0,0,1,1,0.390947,0.000000,0.344340,0.000000,0.000000,0.000000,0.000000,0.000000,0.000000,0.000000,0.000000,0.000000,0.000000,0.000000,0.000000,0.264713,use_phone,1,25,5376,phone,none,,,0.000000,1.000000,0,none,,7.811698,7.811698,completed,60,4,clear,17.000000
21,1106,3448107874,110,Day 4 17:36,none,,7.811698,7.811698,completed,0.000000,0.122602,0.014902,1.000000,0.033333,0.016667,0.392825,0.095000,0.123000,10,1,1,1,0,0,0,1,1,1,1,0,1,0,0,1,1,0.280227,0.000000,0.257620,0.000000,0.000000,0.000000,0.246411,0.000000,0.000000,0.000000,0.000000,0.000000,0.000000,0.000000,0.000000,0.215742,rest_at_bed,1,60,5436,bed,none,evening,,0.000000,1.000000,0,none,,7.811698,7.811698,completed,60,4,clear,17.000000
21,1106,3448107874,111,Day 4 18:36,none,,7.811698,7.811698,completed,0.060000,0.000000,0.014902,1.000000,0.083333,0.056667,0.392825,0.000000,0.087000,10,1,1,1,0,0,0,1,1,1,1,0,1,0,0,1,1,0.382026,0.000000,0.342842,0.000000,0.000000,0.000000,0.000000,0.000000,0.000000,0.000000,0.000000,0.000000,0.000000,0.000000,0.000000,0.275131,use_computer,1,30,5466,computer,none,,,0.000000,1.000000,0,none,,7.811698,7.811698,completed,60,4,clear,17.000000
21,1106,3448107874,112,Day 4 19:06,none,,7.811698,7.811698,completed,0.000000,0.119244,0.014902,0.990000,0.108333,0.076667,0.392825,0.080000,0.069000,10,1,1,1,0,0,0,1,1,1,1,0,1,0,0,1,1,0.281431,0.000000,0.258568,0.000000,0.000000,0.000000,0.244259,0.000000,0.000000,0.000000,0.000000,0.000000,0.000000,0.000000,0.000000,0.215742,rest_at_bed,1,60,5526,bed,none,,,0.000000,1.000000,0,none,,7.811698,7.811698,completed,60,4,clear,17.000000
21,1106,3448107874,113,Day 4 20:06,none,,7.811698,7.811698,completed,0.060000,0.000000,0.014902,1.000000,0.158333,0.116667,0.392825,0.000000,0.033000,10,1,1,1,0,0,0,1,1,1,1,0,1,0,0,1,1,0.291747,0.000000,0.261823,0.000000,0.000000,0.000000,0.000000,0.000000,0.000000,0.236315,0.000000,0.000000,0.000000,0.000000,0.000000,0.210114,use_computer,1,30,5556,computer,none,,,0.000000,1.000000,0,none,,7.811698,7.811698,completed,60,4,clear,17.000000
21,1106,3448107874,114,Day 4 20:36,none,,7.811698,7.811698,completed,0.000000,0.119244,0.014902,0.990000,0.183333,0.136667,0.392825,0.080000,0.015000,10,1,1,1,0,0,0,1,1,1,1,0,1,0,0,1,1,0.188981,0.000000,0.173629,0.000000,0.000000,0.000000,0.164020,0.000000,0.161058,0.167442,0.000000,0.000000,0.000000,0.000000,0.000000,0.144870,get_meal,1,35,5591,door,none,,,0.000000,1.000000,0,none,,7.811698,7.811698,completed,60,4,clear,17.000000
21,1106,3448107874,115,Day 4 21:11,none,,7.811698,7.811698,completed,0.000000,0.133244,0.014902,1.000000,0.000000,0.160000,0.392825,0.045000,0.000000,10,1,1,1,0,0,0,1,1,1,1,0,1,0,0,1,1,0.227283,0.000000,0.208998,0.000000,0.000000,0.000000,0.194549,0.000000,0.196278,0.000000,0.000000,0.000000,0.000000,0.000000,0.000000,0.172892,go_to_bathroom,1,15,5606,door,none,,,0.000000,1.000000,0,none,,7.811698,7.811698,completed,60,4,clear,17.000000
21,1106,3448107874,116,Day 4 21:26,none,,7.811698,7.811698,completed,0.005000,0.139244,0.014902,1.000000,0.012500,0.000000,0.392825,0.030000,0.000000,10,1,1,1,0,0,0,1,1,1,1,0,1,0,0,1,1,0.283768,0.000000,0.260827,0.000000,0.000000,0.000000,0.240776,0.000000,0.000000,0.000000,0.000000,0.000000,0.000000,0.000000,0.000000,0.214629,use_phone,1,25,5631,phone,none,,,0.000000,1.000000,0,none,,7.811698,7.811698,completed,60,4,clear,17.000000
21,1106,3448107874,117,Day 4 21:51,none,,7.811698,7.811698,completed,0.000000,0.237846,0.014902,1.000000,0.033333,0.016667,0.392825,0.125000,0.085000,10,1,1,1,0,0,0,1,1,1,1,0,1,0,0,1,1,0.270502,0.000000,0.251841,0.000000,0.000000,0.000000,0.265198,0.000000,0.000000,0.000000,0.000000,0.000000,0.000000,0.000000,0.000000,0.212459,idle,1,10,5641,,none,,,0.000000,1.000000,0,none,,7.811698,7.811698,completed,60,4,clear,17.000000
21,1106,3448107874,118,Day 4 22:01,none,,7.811698,7.811698,completed,0.123333,0.241846,0.014902,0.946667,0.041667,0.023333,0.392825,0.115000,0.079000,10,1,1,1,0,0,0,1,1,1,1,0,1,0,0,1,1,0.280744,0.000000,0.256353,0.000000,0.000000,0.000000,0.255570,0.000000,0.000000,0.000000,0.000000,0.000000,0.000000,0.000000,0.000000,0.207332,use_phone,1,25,5666,phone,none,,,0.000000,1.000000,0,none,,7.811698,7.811698,completed,60,4,clear,17.000000
21,1106,3448107874,119,Day 4 22:26,none,,7.811698,7.811698,completed,0.000000,0.340448,0.014902,0.978333,0.062500,0.040000,0.392825,0.210000,0.164000,10,1,1,1,0,0,0,1,1,1,1,0,1,0,0,1,1,0.173851,0.163765,0.163856,0.000000,0.000000,0.000000,0.195602,0.000000,0.000000,0.000000,0.000000,0.161783,0.000000,0.000000,0.000000,0.141143,use_computer,1,30,5696,computer,none,,,0.000000,1.000000,0,none,,7.811698,7.811698,completed,60,4,clear,17.000000
21,1106,3448107874,120,Day 4 22:56,none,,7.811698,7.811698,completed,0.000000,0.459691,0.014902,0.968333,0.087500,0.060000,0.392825,0.290000,0.146000,10,1,1,1,0,0,0,1,1,1,1,0,1,0,0,1,1,0.133782,0.128383,0.127859,0.000000,0.000000,0.000000,0.174332,0.187847,0.000000,0.000000,0.000000,0.135478,0.000000,0.000000,0.000000,0.112318,use_phone,1,25,5721,phone,none,,,0.000000,1.000000,0,none,,7.811698,7.811698,completed,60,4,clear,17.000000
21,1106,3448107874,121,Day 4 23:21,none,,7.811698,7.811698,completed,0.000000,0.558293,0.014902,1.000000,0.108333,0.076667,0.392825,0.385000,0.231000,10,1,1,1,0,0,0,1,1,1,1,0,1,0,0,1,1,0.122167,0.130348,0.118170,0.000000,0.000000,0.000000,0.183420,0.205199,0.000000,0.000000,0.000000,0.134443,0.000000,0.000000,0.000000,0.106252,turn_light_off,1,1,5722,light,none,,,0.000000,1.000000,0,none,,7.811698,7.811698,completed,60,4,clear,17.000000
21,1106,3448107874,122,Day 4 23:22,none,,7.811698,7.811698,completed,0.000333,0.558693,0.014902,1.000000,0.109167,0.077333,0.392825,0.384000,0.230400,10,1,1,1,0,0,0,1,1,1,1,1,0,0,0,1,1,0.141204,0.150525,0.136581,0.000000,0.000000,0.000000,0.211878,0.237050,0.000000,0.000000,0.000000,0.000000,0.000000,0.000000,0.000000,0.122763,rest_at_bed,1,60,5782,bed,none,,,0.000000,1.000000,0,none,,7.811698,7.811698,completed,60,4,clear,17.000000
21,1106,3448107874,123,Day 5 00:22,none,,7.811698,7.811698,completed,0.060333,0.326455,0.014902,1.000000,0.159167,0.117333,0.392825,0.184000,0.194400,10,1,1,1,0,0,0,1,1,1,1,1,0,0,0,1,1,0.179237,0.166506,0.166994,0.000000,0.000000,0.000000,0.189310,0.000000,0.000000,0.157773,0.000000,0.000000,0.000000,0.000000,0.000000,0.140181,use_phone,1,25,5807,phone,none,,,0.000000,1.000000,0,none,,7.811698,7.811698,completed,60,4,clear,17.000000
21,1106,3448107874,124,Day 5 00:47,none,,7.811698,7.811698,completed,0.000000,0.425057,0.014902,1.000000,0.180000,0.134000,0.392825,0.279000,0.279400,10,1,1,1,0,0,0,1,1,1,1,1,0,0,0,1,1,0.119926,0.127755,0.114179,0.000000,0.000000,0.000000,0.151039,0.160853,0.110941,0.115276,0.000000,0.000000,0.000000,0.000000,0.000000,0.100030,sleep_at_bed,1,480,6287,bed,none,alarm-rings,,0.000000,1.000000,0,none,,7.811698,7.811698,completed,60,4,clear,17.000000
21,1106,3448107874,125,Day 5 08:47,none,,7.811698,7.811698,completed,0.110000,0.120637,0.014902,0.920000,0.580000,0.454000,0.428118,0.000000,0.000000,11,1,1,1,0,0,0,1,1,1,1,1,0,1,0,1,1,0.169142,0.000000,0.152510,0.000000,0.000000,0.000000,0.000000,0.000000,0.176299,0.195537,0.000000,0.000000,0.186078,0.000000,0.000000,0.120434,get_meal,1,35,6322,door,none,,,0.000000,1.000000,0,none,,7.811698,7.811698,completed,60,4,clear,17.000000
21,1106,3448107874,126,Day 5 09:22,none,,7.811698,7.811698,completed,0.081667,0.134637,0.014902,1.000000,0.059167,0.477333,0.428118,0.000000,0.000000,11,1,1,1,0,0,0,1,1,1,1,1,0,1,0,1,1,0.206916,0.000000,0.187690,0.000000,0.000000,0.000000,0.000000,0.000000,0.224145,0.000000,0.000000,0.000000,0.231675,0.000000,0.000000,0.149573,turn_off_alarm,1,1,6323,alarm,none,,,0.000000,1.000000,0,none,,7.811698,7.811698,completed,60,4,clear,17.000000
21,1106,3448107874,127,Day 5 09:23,none,,7.811698,7.811698,completed,0.082000,0.135037,0.014902,1.000000,0.060000,0.478000,0.408118,0.000000,0.000000,10,1,1,1,0,0,0,1,1,1,1,1,0,0,0,1,1,0.221964,0.000000,0.201337,0.000000,0.000000,0.000000,0.175712,0.000000,0.240554,0.000000,0.000000,0.000000,0.000000,0.000000,0.000000,0.160432,use_phone,1,25,6348,phone,none,message-study-group,,0.000000,1.000000,0,none,,7.811698,7.811698,completed,60,5,clear,17.000000
21,1106,3448107874,128,Day 5 09:48,none,,7.811698,7.811698,completed,0.000000,0.233639,0.014902,1.000000,0.080833,0.494667,0.408118,0.095000,0.085000,10,1,1,1,0,0,0,1,1,1,1,1,0,0,0,1,1,0.205814,0.000000,0.191431,0.000000,0.000000,0.000000,0.196687,0.000000,0.245756,0.000000,0.000000,0.000000,0.000000,0.000000,0.000000,0.160312,go_to_bathroom,1,15,6363,door,none,,,0.000000,1.000000,0,none,,7.811698,7.811698,completed,60,5,clear,17.000000
21,1106,3448107874,129,Day 5 10:03,none,,7.811698,7.811698,completed,0.005000,0.239639,0.014902,1.000000,0.093333,0.000000,0.408118,0.080000,0.076000,10,1,1,1,0,0,0,1,1,1,1,1,0,0,0,1,1,0.273860,0.000000,0.254612,0.000000,0.000000,0.000000,0.259428,0.000000,0.000000,0.000000,0.000000,0.000000,0.000000,0.000000,0.000000,0.212099,idle,1,10,6373,,none,,,0.000000,1.000000,0,none,,7.811698,7.811698,completed,60,5,clear,17.000000
21,1106,3448107874,130,Day 5 10:13,none,,7.811698,7.811698,completed,0.128333,0.243639,0.014902,0.946667,0.101667,0.006667,0.408118,0.070000,0.070000,10,1,1,1,0,0,0,1,1,1,1,1,0,0,0,1,1,0.284118,0.000000,0.259072,0.000000,0.000000,0.000000,0.249911,0.000000,0.000000,0.000000,0.000000,0.000000,0.000000,0.000000,0.000000,0.206899,use_phone,1,25,6398,phone,none,,,0.000000,1.000000,0,none,,7.811698,7.811698,completed,60,5,clear,17.000000
21,1106,3448107874,131,Day 5 10:38,none,,7.811698,7.811698,completed,0.000000,0.342241,0.014902,0.978333,0.122500,0.023333,0.408118,0.165000,0.155000,10,1,1,1,0,0,0,1,1,1,1,1,0,0,0,1,1,0.210137,0.194198,0.197937,0.000000,0.000000,0.000000,0.229099,0.000000,0.000000,0.000000,0.000000,0.000000,0.000000,0.000000,0.000000,0.168630,use_phone,1,25,6423,phone,none,,,0.000000,1.000000,0,none,,7.811698,7.811698,completed,60,5,clear,17.000000
21,1106,3448107874,132,Day 5 11:03,none,,7.811698,7.811698,completed,0.000000,0.440843,0.014902,1.000000,0.143333,0.040000,0.408118,0.260000,0.240000,10,1,1,1,0,0,0,1,1,1,1,1,0,0,0,1,1,0.136231,0.139978,0.129874,0.000000,0.000000,0.000000,0.171125,0.183176,0.000000,0.126364,0.000000,0.000000,0.000000,0.000000,0.000000,0.113252,shop_on_phone,1,20,6443,phone,none,,,0.000000,1.000000,0,none,,7.811698,7.811698,completed,30,5,clear,17.000000
21,1106,3448107874,133,Day 5 11:23,none,,7.811698,7.811698,completed,0.006667,0.454276,0.014902,1.000000,0.160000,0.053333,0.408118,0.320000,0.000000,10,1,1,1,0,0,0,1,1,1,1,1,0,0,0,1,1,0.154008,0.000000,0.147027,0.000000,0.000000,0.000000,0.203062,0.219153,0.000000,0.146919,0.000000,0.000000,0.000000,0.000000,0.000000,0.129830,rest_at_bed,1,60,6503,bed,none,,,0.000000,1.000000,0,none,,7.811698,7.811698,completed,30,5,clear,17.000000
21,1106,3448107874,134,Day 5 12:23,none,,7.811698,7.811698,completed,0.066667,0.222038,0.014902,1.000000,0.210000,0.093333,0.408118,0.120000,0.000000,10,1,1,1,0,0,0,1,1,1,1,1,0,0,0,1,1,0.222314,0.000000,0.204433,0.000000,0.000000,0.000000,0.206328,0.000000,0.000000,0.198332,0.000000,0.000000,0.000000,0.000000,0.000000,0.168593,rest_at_bed,1,60,6563,bed,none,,,0.000000,1.000000,0,none,,7.811698,7.811698,completed,30,5,clear,17.000000
21,1106,3448107874,135,Day 5 13:23,none,,7.811698,7.811698,completed,0.126667,0.000000,0.014902,1.000000,0.260000,0.133333,0.408118,0.000000,0.000000,10,1,1,1,0,0,0,1,1,1,1,1,0,0,0,1,1,0.237935,0.000000,0.211274,0.000000,0.000000,0.000000,0.000000,0.000000,0.181907,0.202940,0.000000,0.000000,0.000000,0.000000,0.000000,0.165945,get_meal,1,35,6598,door,none,,,0.000000,1.000000,0,none,,7.811698,7.811698,completed,30,5,clear,17.000000
21,1106,3448107874,136,Day 5 13:58,none,,7.811698,7.811698,completed,0.098333,0.014000,0.014902,1.000000,0.000000,0.156667,0.408118,0.000000,0.000000,10,1,1,1,0,0,0,1,1,1,1,1,0,0,0,1,1,0.294473,0.000000,0.263046,0.000000,0.000000,0.000000,0.000000,0.000000,0.233977,0.000000,0.000000,0.000000,0.000000,0.000000,0.000000,0.208504,go_to_bathroom,1,15,6613,door,none,room-temperature-shift,,0.000000,1.000000,0,none,,7.811698,7.811698,completed,30,5,clear,24.000000
21,1106,3448107874,137,Day 5 14:13,none,,7.811698,7.811698,completed,0.103333,0.020000,0.014902,1.000000,0.012500,0.000000,0.408118,0.000000,0.000000,10,1,1,1,0,0,0,1,1,1,1,1,0,0,0,1,1,0.384625,0.000000,0.343521,0.000000,0.000000,0.000000,0.000000,0.000000,0.000000,0.000000,0.000000,0.000000,0.000000,0.000000,0.000000,0.271854,use_computer,1,30,6643,computer,none,,,0.000000,1.000000,0,none,,7.811698,7.811698,completed,30,5,clear,24.000000
21,1106,3448107874,138,Day 5 14:43,none,,7.811698,7.811698,completed,0.000000,0.139244,0.014902,0.990000,0.037500,0.020000,0.408118,0.080000,0.000000,10,1,1,1,0,0,0,1,1,1,1,1,0,0,0,1,1,0.280194,0.000000,0.257973,0.000000,0.000000,0.000000,0.246588,0.000000,0.000000,0.000000,0.000000,0.000000,0.000000,0.000000,0.000000,0.215245,use_computer,1,30,6673,computer,none,,,0.000000,1.000000,0,none,,7.811698,7.811698,completed,30,5,clear,24.000000
21,1106,3448107874,139,Day 5 15:13,none,,7.811698,7.811698,completed,0.000000,0.258488,0.014902,0.980000,0.062500,0.040000,0.408118,0.160000,0.000000,10,1,1,1,0,0,0,1,1,1,1,1,0,0,0,1,1,0.266859,0.000000,0.249142,0.000000,0.000000,0.000000,0.272005,0.000000,0.000000,0.000000,0.000000,0.000000,0.000000,0.000000,0.000000,0.211994,use_phone,1,25,6698,phone,none,,,0.000000,1.000000,0,none,,7.811698,7.811698,completed,30,5,clear,24.000000
21,1106,3448107874,140,Day 5 15:38,none,,7.811698,7.811698,completed,0.000000,0.357089,0.014902,1.000000,0.083333,0.056667,0.408118,0.255000,0.085000,10,1,1,1,0,0,0,1,1,1,1,1,0,0,0,1,1,0.253663,0.000000,0.239686,0.000000,0.000000,0.000000,0.297897,0.000000,0.000000,0.000000,0.000000,0.000000,0.000000,0.000000,0.000000,0.208753,use_phone,1,25,6723,phone,none,,,0.000000,1.000000,0,none,,7.811698,7.811698,completed,30,5,clear,24.000000
21,1106,3448107874,141,Day 5 16:03,none,,7.811698,7.811698,completed,0.000000,0.455691,0.014902,1.000000,0.104167,0.073333,0.408118,0.350000,0.170000,10,1,1,1,0,0,0,1,1,1,1,1,0,0,0,1,1,0.151059,0.150172,0.144463,0.000000,0.000000,0.000000,0.204396,0.221127,0.000000,0.000000,0.000000,0.000000,0.000000,0.000000,0.000000,0.128783,rest_at_bed,1,60,6783,bed,none,weather-clear,,0.000000,1.000000,0,none,,7.811698,7.811698,completed,30,5,clear,24.000000
21,1106,3448107874,142,Day 5 17:03,none,,7.811698,7.811698,completed,0.060000,0.223453,0.014902,1.000000,0.154167,0.113333,0.408118,0.150000,0.134000,10,1,1,1,0,0,0,1,1,1,1,1,0,0,0,1,1,0.186350,0.161439,0.171659,0.000000,0.000000,0.000000,0.177485,0.000000,0.000000,0.160150,0.000000,0.000000,0.000000,0.000000,0.000000,0.142917,idle,1,10,6793,,none,,,0.000000,1.000000,0,none,,7.811698,7.811698,completed,30,5,clear,24.000000
21,1106,3448107874,143,Day 5 17:13,none,,7.811698,7.811698,completed,0.183333,0.227453,0.014902,0.946667,0.162500,0.120000,0.408118,0.140000,0.128000,10,1,1,1,0,0,0,1,1,1,1,1,0,0,0,1,1,0.195249,0.157655,0.176399,0.000000,0.000000,0.000000,0.172671,0.000000,0.000000,0.157229,0.000000,0.000000,0.000000,0.000000,0.000000,0.140796,use_computer,1,30,6823,computer,none,,,0.000000,1.000000,0,none,,7.811698,7.811698,completed,30,5,clear,24.000000
21,1106,3448107874,144,Day 5 17:43,none,,7.811698,7.811698,completed,0.033333,0.346697,0.014902,0.936667,0.187500,0.140000,0.408118,0.220000,0.110000,10,1,1,1,0,0,0,1,1,1,1,1,0,0,0,1,1,0.176250,0.000000,0.165375,0.000000,0.000000,0.000000,0.196615,0.000000,0.157073,0.163411,0.000000,0.000000,0.000000,0.000000,0.000000,0.141276,go_to_bathroom,1,15,6838,door,none,,,0.000000,1.000000,0,none,,7.811698,7.811698,completed,30,5,clear,24.000000
21,1106,3448107874,145,Day 5 17:58,none,,7.811698,7.811698,completed,0.038333,0.352697,0.014902,1.000000,0.200000,0.000000,0.408118,0.205000,0.101000,10,1,1,1,0,0,0,1,1,1,1,1,0,0,0,1,1,0.209541,0.000000,0.196526,0.000000,0.000000,0.000000,0.231708,0.000000,0.000000,0.195222,0.000000,0.000000,0.000000,0.000000,0.000000,0.167003,idle,1,10,6848,,none,,,0.000000,1.000000,0,none,,7.811698,7.811698,completed,30,5,clear,24.000000
21,1106,3448107874,146,Day 5 18:08,none,,7.811698,7.811698,completed,0.161667,0.356697,0.014902,0.946667,0.208333,0.006667,0.408118,0.195000,0.095000,10,1,1,1,0,0,0,1,1,1,1,1,0,0,0,1,1,0.218866,0.000000,0.201327,0.000000,0.000000,0.000000,0.224724,0.000000,0.000000,0.191068,0.000000,0.000000,0.000000,0.000000,0.000000,0.164015,idle,1,10,6858,,none,,,0.000000,1.000000,0,none,,7.811698,7.811698,completed,30,5,clear,24.000000
21,1106,3448107874,147,Day 5 18:18,none,,7.811698,7.811698,completed,0.285000,0.360697,0.014902,0.893333,0.216667,0.013333,0.408118,0.185000,0.089000,10,1,1,1,0,0,0,1,1,1,1,1,0,0,0,1,1,0.228404,0.000000,0.206063,0.000000,0.000000,0.000000,0.217759,0.000000,0.000000,0.186836,0.000000,0.000000,0.000000,0.000000,0.000000,0.160938,use_computer,1,30,6888,computer,none,evening,,0.000000,1.000000,0,none,,7.811698,7.811698,completed,30,5,clear,24.000000
21,1106,3448107874,148,Day 5 18:48,none,,7.811698,7.811698,completed,0.135000,0.479941,0.014902,0.883333,0.241667,0.033333,0.408118,0.265000,0.071000,10,1,1,1,0,0,0,1,1,1,1,1,0,0,0,1,1,0.162116,0.000000,0.151898,0.000000,0.000000,0.000000,0.194963,0.211368,0.000000,0.152682,0.000000,0.000000,0.000000,0.000000,0.000000,0.126974,use_computer,1,30,6918,computer,none,,,0.000000,1.000000,0,none,,7.811698,7.811698,completed,30,5,clear,24.000000
21,1106,3448107874,149,Day 5 19:18,none,,7.811698,7.811698,completed,0.000000,0.599185,0.014902,0.873333,0.266667,0.053333,0.408118,0.345000,0.053000,10,1,1,1,0,0,0,1,1,1,1,1,0,0,0,1,1,0.140513,0.000000,0.136406,0.000000,0.000000,0.000000,0.211343,0.239217,0.000000,0.151069,0.000000,0.000000,0.000000,0.000000,0.000000,0.121452,sleep_at_bed,1,480,7398,bed,none,,,0.000000,1.000000,0,none,,7.811698,7.811698,completed,30,5,clear,24.000000
21,1106,3448107874,150,Day 6 03:18,none,,7.811698,7.811698,completed,0.080000,0.294764,0.014902,0.793333,0.666667,0.373333,0.408118,0.000000,0.000000,10,1,1,1,0,0,0,1,1,1,1,1,0,0,0,1,1,0.170922,0.000000,0.157712,0.000000,0.000000,0.000000,0.152985,0.000000,0.171678,0.220951,0.000000,0.000000,0.000000,0.000000,0.000000,0.125751,get_meal,1,35,7433,door,none,,,0.000000,1.000000,0,none,,7.811698,7.811698,completed,30,5,clear,24.000000
21,1106,3448107874,151,Day 6 03:53,none,,7.811698,7.811698,completed,0.051667,0.308764,0.014902,0.916677,0.145833,0.396667,0.408118,0.000000,0.000000,10,1,1,1,0,0,0,1,1,1,1,1,0,0,0,1,1,0.182818,0.000000,0.169702,0.000000,0.000000,0.000000,0.168076,0.000000,0.190842,0.152009,0.000000,0.000000,0.000000,0.000000,0.000000,0.136552,get_meal,1,35,7468,door,none,,,0.000000,1.000000,0,none,,7.811698,7.811698,completed,30,5,clear,24.000000
21,1106,3448107874,152,Day 6 04:28,none,,7.811698,7.811698,completed,0.023333,0.322764,0.014902,1.000000,0.000000,0.420000,0.408118,0.000000,0.000000,10,1,1,1,0,0,0,1,1,1,1,1,0,0,0,1,1,0.211804,0.000000,0.197788,0.000000,0.000000,0.000000,0.200011,0.000000,0.229786,0.000000,0.000000,0.000000,0.000000,0.000000,0.000000,0.160611,go_to_bathroom,1,15,7483,door,none,,,0.000000,1.000000,0,none,,7.811698,7.811698,completed,30,5,clear,24.000000
21,1106,3448107874,153,Day 6 04:43,none,,7.811698,7.811698,completed,0.028333,0.328764,0.014902,1.000000,0.012500,0.000000,0.408118,0.000000,0.000000,10,1,1,1,0,0,0,1,1,1,1,1,0,0,0,1,1,0.274984,0.000000,0.256744,0.000000,0.000000,0.000000,0.260121,0.000000,0.000000,0.000000,0.000000,0.000000,0.000000,0.000000,0.000000,0.208151,use_computer,1,30,7513,computer,none,,,0.000000,1.000000,0,none,,7.811698,7.811698,completed,30,5,clear,24.000000
21,1106,3448107874,154,Day 6 05:13,none,,7.811698,7.811698,completed,0.000000,0.448008,0.014902,0.990000,0.037500,0.020000,0.408118,0.080000,0.000000,10,1,1,1,0,0,0,1,1,1,1,1,0,0,0,1,1,0.259203,0.000000,0.246515,0.000000,0.000000,0.000000,0.288597,0.000000,0.000000,0.000000,0.000000,0.000000,0.000000,0.000000,0.000000,0.205685,idle,1,10,7523,,none,,,0.000000,1.000000,0,none,,7.811698,7.811698,completed,30,5,clear,24.000000
21,1106,3448107874,155,Day 6 05:23,none,,7.811698,7.811698,completed,0.123333,0.452008,0.014902,0.936667,0.045833,0.026667,0.408118,0.070000,0.000000,10,1,1,1,0,0,0,1,1,1,1,1,0,0,0,1,1,0.269343,0.000000,0.251236,0.000000,0.000000,0.000000,0.278457,0.000000,0.000000,0.000000,0.000000,0.000000,0.000000,0.000000,0.000000,0.200964,use_computer,1,30,7553,computer,none,,,0.000000,1.000000,0,none,,7.811698,7.811698,completed,30,5,clear,24.000000
21,1106,3448107874,156,Day 6 05:53,none,,7.811698,7.811698,completed,0.000000,0.571252,0.014902,0.926667,0.070833,0.046667,0.408118,0.150000,0.000000,10,1,1,1,0,0,0,1,1,1,1,1,0,0,0,1,1,0.182131,0.000000,0.175689,0.000000,0.000000,0.000000,0.233938,0.259116,0.000000,0.000000,0.000000,0.000000,0.000000,0.000000,0.000000,0.149127,idle,1,10,7563,,none,,,0.000000,1.000000,0,none,,7.811698,7.811698,completed,30,5,clear,24.000000
21,1106,3448107874,157,Day 6 06:03,none,,7.811698,7.811698,completed,0.123333,0.575252,0.014902,0.873333,0.079167,0.053333,0.408118,0.140000,0.000000,10,1,1,1,0,0,0,1,1,1,1,1,0,0,0,1,1,0.191188,0.000000,0.180881,0.000000,0.000000,0.000000,0.228022,0.252718,0.000000,0.000000,0.000000,0.000000,0.000000,0.000000,0.000000,0.147191,use_computer,1,30,7593,computer,none,,,0.000000,1.000000,0,none,,7.811698,7.811698,completed,30,5,clear,24.000000
21,1106,3448107874,158,Day 6 06:33,none,,7.811698,7.811698,completed,0.000000,0.694496,0.014902,0.863333,0.104167,0.073333,0.408118,0.220000,0.000000,10,1,1,1,0,0,0,1,1,1,1,1,0,0,0,1,1,0.166125,0.000000,0.162536,0.000000,0.000000,0.000000,0.246157,0.284832,0.000000,0.000000,0.000000,0.000000,0.000000,0.000000,0.000000,0.140350,sleep_at_bed,1,480,8073,bed,none,alarm-rings|room-temperature-shift,,0.000000,1.000000,0,none,,7.811698,7.811698,completed,30,5,clear,24.000000
21,1106,3448107874,159,Day 6 14:33,none,,7.811698,7.811698,completed,0.110000,0.390075,0.014902,0.783333,0.504167,0.393333,0.443412,0.000000,0.000000,11,1,1,1,0,0,0,1,1,1,1,1,0,1,0,1,1,0.145633,0.000000,0.135083,0.000000,0.000000,0.000000,0.137367,0.000000,0.147879,0.161999,0.000000,0.000000,0.165367,0.000000,0.000000,0.106672,use_computer,1,30,8103,computer,none,,,0.000000,1.000000,0,none,,7.811698,7.811698,completed,30,5,clear,24.000000
21,1106,3448107874,160,Day 6 15:03,none,,7.811698,7.811698,completed,0.000000,0.509319,0.014902,0.773333,0.529167,0.413333,0.443412,0.080000,0.000000,11,1,1,1,0,0,0,1,1,1,1,1,0,1,0,1,1,0.132292,0.000000,0.126630,0.000000,0.000000,0.000000,0.153860,0.000000,0.150567,0.165618,0.000000,0.000000,0.165378,0.000000,0.000000,0.105656,rest_at_bed,1,60,8163,bed,none,,,0.000000,1.000000,0,none,,7.811698,7.811698,completed,30,5,clear,24.000000
21,1106,3448107874,161,Day 6 16:03,none,,7.811698,7.811698,completed,0.060000,0.277081,0.014902,0.803333,0.579167,0.453333,0.443412,0.000000,0.000000,11,1,1,1,0,0,0,1,1,1,1,1,0,1,0,1,1,0.142692,0.000000,0.131839,0.000000,0.000000,0.000000,0.127058,0.000000,0.155466,0.172406,0.000000,0.000000,0.164737,0.000000,0.000000,0.105801,go_to_bathroom,1,15,8178,door,none,,,0.000000,1.000000,0,none,,7.811698,7.811698,completed,30,5,clear,24.000000
21,1106,3448107874,162,Day 6 16:18,none,,7.811698,7.811698,completed,0.065000,0.283081,0.014902,0.893343,0.591667,0.000000,0.443412,0.000000,0.000000,11,1,1,1,0,0,0,1,1,1,1,1,0,1,0,1,1,0.168726,0.000000,0.155867,0.000000,0.000000,0.000000,0.150499,0.000000,0.000000,0.205663,0.000000,0.000000,0.194363,0.000000,0.000000,0.124882,use_computer,1,30,8208,computer,none,,,0.000000,1.000000,0,none,,7.811698,7.811698,completed,30,5,clear,24.000000
21,1106,3448107874,163,Day 6 16:48,none,,7.811698,7.811698,completed,0.000000,0.402325,0.014902,0.883343,0.616667,0.020000,0.443412,0.080000,0.000000,11,1,1,1,0,0,0,1,1,1,1,1,0,1,0,1,1,0.156703,0.000000,0.148319,0.000000,0.000000,0.000000,0.167988,0.000000,0.000000,0.209532,0.000000,0.000000,0.193705,0.000000,0.000000,0.123753,use_phone,1,25,8233,phone,none,weather-rain,,0.000000,1.000000,0,none,,7.811698,7.811698,completed,30,5,rain,24.000000
21,1106,3448107874,164,Day 6 17:13,none,,7.811698,7.811698,completed,0.000000,0.500927,0.014902,0.915010,0.637500,0.036667,0.443412,0.175000,0.085000,11,1,1,1,0,0,0,1,1,1,1,1,0,1,0,1,1,0.124273,0.000000,0.119047,0.000000,0.000000,0.000000,0.153494,0.167050,0.000000,0.175330,0.000000,0.000000,0.159138,0.000000,0.000000,0.101669,use_phone,1,25,8258,phone,none,,,0.000000,1.000000,0,none,,7.811698,7.811698,completed,30,5,rain,24.000000
21,1106,3448107874,165,Day 6 17:38,none,,7.811698,7.811698,completed,0.000000,0.599529,0.014902,0.946677,0.658333,0.053333,0.443412,0.270000,0.170000,11,1,1,1,0,0,0,1,1,1,1,1,0,1,0,1,1,0.103610,0.102395,0.100453,0.000000,0.000000,0.000000,0.147445,0.166604,0.000000,0.154236,0.000000,0.000000,0.137446,0.000000,0.000000,0.087811,idle,1,10,8268,,none,message-study-group,,0.000000,1.000000,0,none,,7.811698,7.811698,completed,30,6,rain,24.000000
21,1106,3448107874,166,Day 6 17:48,none,,7.811698,7.811698,completed,0.123333,0.603529,0.014902,0.893343,0.666667,0.060000,0.443412,0.260000,0.164000,11,1,1,1,0,0,0,1,1,1,1,1,0,1,0,1,1,0.109732,0.101077,0.104344,0.000000,0.000000,0.000000,0.144998,0.163940,0.000000,0.153062,0.000000,0.000000,0.135402,0.000000,0.000000,0.087444,sleep_at_bed,1,480,8748,bed,none,evening,,0.000000,1.000000,0,none,,7.811698,7.811698,completed,30,6,rain,24.000000
21,1106,3448107874,167,Day 7 01:48,none,,7.811698,7.811698,completed,0.203333,0.299109,0.014902,0.813343,1.000000,0.380000,0.443412,0.000000,0.000000,11,1,1,1,0,0,0,1,1,1,1,1,0,1,0,1,1,0.141654,0.000000,0.128221,0.000000,0.000000,0.000000,0.118221,0.000000,0.133494,0.229080,0.000000,0.000000,0.151078,0.000000,0.000000,0.098254,use_phone,1,25,8773,phone,none,,,0.000000,1.000000,0,none,,7.811698,7.811698,completed,30,6,rain,24.000000
21,1106,3448107874,168,Day 7 02:13,none,,7.811698,7.811698,completed,0.000000,0.397711,0.014902,0.845010,1.000000,0.396667,0.443412,0.095000,0.085000,11,1,1,1,0,0,0,1,1,1,1,1,0,1,0,1,1,0.124192,0.000000,0.117521,0.000000,0.000000,0.000000,0.134069,0.000000,0.138169,0.233583,0.000000,0.000000,0.154048,0.000000,0.000000,0.098417,get_meal,1,35,8808,door,none,,,0.000000,1.000000,0,none,,7.811698,7.811698,completed,30,6,rain,24.000000
21,1106,3448107874,169,Day 7 02:48,none,,7.811698,7.811698,completed,0.000000,0.411711,0.014902,0.968354,0.479167,0.420000,0.443412,0.060000,0.064000,11,1,1,1,0,0,0,1,1,1,1,1,0,1,0,1,1,0.136316,0.000000,0.129105,0.000000,0.000000,0.000000,0.145133,0.000000,0.153676,0.160788,0.000000,0.000000,0.167786,0.000000,0.000000,0.107195,use_phone,1,25,8833,phone,none,,,0.000000,1.000000,0,none,,7.811698,7.811698,completed,30,6,rain,24.000000
21,1106,3448107874,170,Day 7 03:13,none,,7.811698,7.811698,completed,0.000000,0.510313,0.014902,1.000000,0.500000,0.436667,0.443412,0.155000,0.149000,11,1,1,1,0,0,0,1,1,1,1,1,0,1,0,1,1,0.100243,0.093575,0.096089,0.000000,0.000000,0.000000,0.122968,0.134051,0.118835,0.124758,0.000000,0.000000,0.127820,0.000000,0.000000,0.081661,sleep_at_bed,1,480,9313,bed,none,message-study-group,,0.000000,1.000000,0,none,,7.811698,7.811698,completed,30,7,rain,24.000000
21,1106,3448107874,171,Day 7 11:13,none,,7.811698,7.811698,completed,0.080000,0.205892,0.014902,0.920000,0.900000,0.756667,0.443412,0.000000,0.000000,11,1,1,1,0,0,0,1,1,1,1,1,0,1,0,1,1,0.131813,0.000000,0.120495,0.000000,0.000000,0.000000,0.109918,0.000000,0.185024,0.207339,0.000000,0.000000,0.149334,0.000000,0.000000,0.096076,idle,1,10,9323,,none,,,0.000000,1.000000,0,none,,7.811698,7.811698,completed,30,7,rain,24.000000
21,1106,3448107874,172,Day 7 11:23,none,,7.811698,7.811698,completed,0.203333,0.209892,0.014902,0.866667,0.908333,0.763333,0.443412,0.000000,0.000000,11,1,1,1,0,0,0,1,1,1,1,1,0,1,0,1,1,0.138601,0.000000,0.124287,0.000000,0.000000,0.000000,0.108074,0.000000,0.182531,0.204824,0.000000,0.000000,0.146443,0.000000,0.000000,0.095239,rest_at_bed,1,60,9383,bed,none,,,0.000000,1.000000,0,none,,7.811698,7.811698,completed,30,7,rain,24.000000
21,1106,3448107874,173,Day 7 12:23,none,,7.811698,7.811698,completed,0.263333,0.000000,0.014902,0.896667,0.958333,0.803333,0.443412,0.000000,0.000000,11,1,1,1,0,0,0,1,1,1,1,1,0,1,0,1,1,0.159461,0.000000,0.138543,0.000000,0.000000,0.000000,0.000000,0.000000,0.205783,0.232806,0.000000,0.000000,0.159276,0.000000,0.000000,0.104131,turn_off_alarm,1,1,9384,alarm,none,,,0.000000,1.000000,0,none,,7.811698,7.811698,completed,30,7,rain,24.000000
21,1106,3448107874,174,Day 7 12:24,none,,7.811698,7.811698,completed,0.263667,0.000400,0.014902,0.926333,0.959167,0.804000,0.423412,0.000000,0.000000,10,1,1,1,0,0,0,1,1,1,1,1,0,0,0,1,1,0.189623,0.000000,0.164746,0.000000,0.000000,0.000000,0.000000,0.000000,0.244816,0.277003,0.000000,0.000000,0.000000,0.000000,0.000000,0.123812,use_phone,1,25,9409,phone,none,,,0.000000,1.000000,0,none,,7.811698,7.811698,completed,30,7,rain,24.000000
21,1106,3448107874,175,Day 7 12:49,none,,7.811698,7.811698,completed,0.052000,0.099002,0.014902,0.958000,0.980000,0.820667,0.423412,0.095000,0.085000,10,1,1,1,0,0,0,1,1,1,1,1,0,0,0,1,1,0.147824,0.000000,0.134444,0.000000,0.000000,0.000000,0.123616,0.000000,0.226381,0.257016,0.000000,0.000000,0.000000,0.000000,0.000000,0.110718,get_meal,1,35,9444,door,none,room-temperature-shift,,0.000000,1.000000,0,none,,7.811698,7.811698,completed,30,7,rain,17.000000
21,1106,3448107874,176,Day 7 13:24,none,,7.811698,7.811698,completed,0.023667,0.153002,0.014902,1.000000,0.459167,0.844000,0.423412,0.060000,0.064000,10,1,1,1,0,0,0,1,1,1,1,1,0,0,0,1,1,0.160376,0.000000,0.147263,0.000000,0.000000,0.000000,0.138576,0.000000,0.253983,0.178460,0.000000,0.000000,0.000000,0.000000,0.000000,0.121342,get_meal,1,35,9479,door,none,,,0.000000,1.000000,0,none,,7.811698,7.811698,completed,30,7,rain,17.000000
21,1106,3448107874,177,Day 7 13:59,none,,7.811698,7.811698,completed,0.000000,0.167002,0.014902,1.000000,0.000000,0.867333,0.423412,0.025000,0.043000,10,1,1,1,0,0,0,1,1,1,1,1,0,0,0,1,1,0.193344,0.000000,0.178359,0.000000,0.000000,0.000000,0.166999,0.000000,0.314474,0.000000,0.000000,0.000000,0.000000,0.000000,0.000000,0.146824,go_to_bathroom,1,15,9494,door,none,weather-clear,,0.000000,1.000000,0,none,,7.811698,7.811698,completed,30,7,clear,17.000000
21,1106,3448107874,178,Day 7 14:14,none,,7.811698,7.811698,completed,0.005000,0.173002,0.014902,1.000000,0.012500,0.257333,0.423412,0.010000,0.034000,10,1,1,1,0,0,0,1,1,1,1,1,0,0,0,1,1,0.223795,0.000000,0.206361,0.000000,0.000000,0.000000,0.191610,0.000000,0.209255,0.000000,0.000000,0.000000,0.000000,0.000000,0.000000,0.168979,use_phone,1,25,9519,phone,none,,,0.000000,1.000000,0,none,,7.811698,7.811698,completed,30,7,clear,17.000000
21,1106,3448107874,179,Day 7 14:39,none,,7.811698,7.811698,completed,0.000000,0.271604,0.014902,1.000000,0.033333,0.274000,0.423412,0.105000,0.119000,10,1,1,1,0,0,0,1,1,1,1,1,0,0,0,1,1,0.213065,0.000000,0.199002,0.000000,0.000000,0.000000,0.210781,0.000000,0.210090,0.000000,0.000000,0.000000,0.000000,0.000000,0.000000,0.167062,go_to_bathroom,1,15,9534,door,none,,,0.000000,1.000000,0,none,,7.811698,7.811698,completed,30,7,clear,17.000000
21,1106,3448107874,180,Day 7 14:54,none,,7.811698,7.811698,completed,0.005000,0.277604,0.014902,1.000000,0.045833,0.000000,0.423412,0.090000,0.110000,10,1,1,1,0,0,0,1,1,1,1,1,0,0,0,1,1,0.270720,0.000000,0.252743,0.000000,0.000000,0.000000,0.265478,0.000000,0.000000,0.000000,0.000000,0.000000,0.000000,0.000000,0.000000,0.211059,use_computer,1,30,9564,computer,none,,,0.000000,1.000000,0,none,,7.811698,7.811698,completed,30,7,clear,17.000000
21,1106,3448107874,181,Day 7 15:24,none,,7.811698,7.811698,completed,0.000000,0.396848,0.014902,0.990000,0.070833,0.020000,0.423412,0.170000,0.092000,10,1,1,1,0,0,0,1,1,1,1,1,0,0,0,1,1,0.256766,0.000000,0.243271,0.000000,0.000000,0.000000,0.292456,0.000000,0.000000,0.000000,0.000000,0.000000,0.000000,0.000000,0.000000,0.207506,idle,1,10,9574,,none,,,0.000000,1.000000,0,none,,7.811698,7.811698,completed,30,7,clear,17.000000
21,1106,3448107874,182,Day 7 15:34,none,,7.811698,7.811698,completed,0.123333,0.400848,0.014902,0.936667,0.079167,0.026667,0.423412,0.160000,0.086000,10,1,1,1,0,0,0,1,1,1,1,1,0,0,0,1,1,0.266900,0.000000,0.248013,0.000000,0.000000,0.000000,0.282275,0.000000,0.000000,0.000000,0.000000,0.000000,0.000000,0.000000,0.000000,0.202812,use_phone,1,25,9599,phone,none,,,0.000000,1.000000,0,none,,7.811698,7.811698,completed,30,7,clear,17.000000
21,1106,3448107874,183,Day 7 15:59,none,,7.811698,7.811698,completed,0.000000,0.499450,0.014902,0.968333,0.100000,0.043333,0.423412,0.255000,0.171000,10,1,1,1,0,0,0,1,1,1,1,1,0,0,0,1,1,0.153765,0.149906,0.147482,0.000000,0.000000,0.000000,0.200992,0.219407,0.000000,0.000000,0.000000,0.000000,0.000000,0.000000,0.000000,0.128448,shop_on_phone,1,20,9619,phone,none,,,0.000000,1.000000,0,none,,7.811698,7.811698,completed,0,7,clear,17.000000
21,1106,3448107874,184,Day 7 16:19,none,,7.811698,7.811698,completed,0.006667,0.512882,0.014902,1.000000,0.116667,0.056667,0.423412,0.315000,0.000000,10,1,1,1,0,0,0,1,1,1,1,1,0,0,0,1,1,0.175756,0.000000,0.168810,0.000000,0.000000,0.000000,0.241145,0.265407,0.000000,0.000000,0.000000,0.000000,0.000000,0.000000,0.000000,0.148883,use_phone,1,25,9644,phone,none,,,0.000000,1.000000,0,none,,7.811698,7.811698,completed,0,7,clear,17.000000
21,1106,3448107874,185,Day 7 16:44,none,,7.811698,7.811698,completed,0.000000,0.611484,0.014902,1.000000,0.137500,0.073333,0.423412,0.410000,0.085000,10,1,1,1,0,0,0,1,1,1,1,1,0,0,0,1,1,0.138295,0.000000,0.134580,0.000000,0.000000,0.000000,0.219452,0.250770,0.000000,0.135151,0.000000,0.000000,0.000000,0.000000,0.000000,0.121751,sleep_at_bed,1,480,10124,bed,none,evening,,0.000000,1.000000,0,none,,7.811698,7.811698,completed,0,7,clear,17.000000
21,1106,3448107874,186,Day 8 00:44,none,,7.811698,7.811698,completed,0.080000,0.307064,0.014902,0.920000,0.537500,0.393333,0.423412,0.000000,0.000000,10,1,1,1,0,0,0,1,1,1,1,1,0,0,0,1,1,0.174157,0.000000,0.160905,0.000000,0.000000,0.000000,0.157138,0.000000,0.178326,0.201176,0.000000,0.000000,0.000000,0.000000,0.000000,0.128297,rest_at_bed,1,60,10184,bed,none,,,0.000000,1.000000,0,none,,7.811698,7.811698,completed,0,7,clear,17.000000
21,1106,3448107874,187,Day 8 01:44,none,,7.811698,7.811698,completed,0.140000,0.074826,0.014902,0.950000,0.587500,0.433333,0.423412,0.000000,0.000000,10,1,1,1,0,0,0,1,1,1,1,1,0,0,0,1,1,0.211370,0.000000,0.188766,0.000000,0.000000,0.000000,0.000000,0.000000,0.211584,0.240650,0.000000,0.000000,0.000000,0.000000,0.000000,0.147630,idle,1,10,10194,,none,,,0.000000,1.000000,0,none,,7.811698,7.811698,completed,0,7,clear,17.000000
21,1106,3448107874,188,Day 8 01:54,none,,7.811698,7.811698,completed,0.263333,0.078826,0.014902,0.896667,0.595833,0.440000,0.423412,0.000000,0.000000,10,1,1,1,0,0,0,1,1,1,1,1,0,0,0,1,1,0.220106,0.000000,0.192823,0.000000,0.000000,0.000000,0.000000,0.000000,0.206714,0.235430,0.000000,0.000000,0.000000,0.000000,0.000000,0.144928,get_meal,1,35,10229,door,none,,,0.000000,1.000000,0,none,,7.811698,7.811698,completed,0,7,clear,17.000000
21,1106,3448107874,189,Day 8 02:29,none,,7.811698,7.811698,completed,0.235000,0.092826,0.014902,1.000000,0.075000,0.463333,0.423412,0.000000,0.000000,10,1,1,1,0,0,0,1,1,1,1,1,0,0,0,1,1,0.283621,0.000000,0.249957,0.000000,0.000000,0.000000,0.000000,0.000000,0.276829,0.000000,0.000000,0.000000,0.000000,0.000000,0.000000,0.189593,use_computer,1,30,10259,computer,none,,,0.000000,1.000000,0,none,,7.811698,7.811698,completed,0,7,clear,17.000000
21,1106,3448107874,190,Day 8 02:59,none,,7.811698,7.811698,completed,0.085000,0.212070,0.014902,0.990000,0.100000,0.483333,0.423412,0.080000,0.000000,10,1,1,1,0,0,0,1,1,1,1,1,0,0,0,1,1,0.214469,0.000000,0.196300,0.000000,0.000000,0.000000,0.189836,0.000000,0.240034,0.000000,0.000000,0.000000,0.000000,0.000000,0.000000,0.159362,use_computer,1,30,10289,computer,none,,,0.000000,1.000000,0,none,,7.811698,7.811698,completed,0,7,clear,17.000000
21,1106,3448107874,191,Day 8 03:29,none,,7.811698,7.811698,completed,0.000000,0.331314,0.014902,0.980000,0.125000,0.503333,0.423412,0.160000,0.000000,10,1,1,1,0,0,0,1,1,1,1,1,0,0,0,1,1,0.197863,0.000000,0.186145,0.000000,0.000000,0.000000,0.212896,0.000000,0.244705,0.000000,0.000000,0.000000,0.000000,0.000000,0.000000,0.158390,use_computer,1,30,10319,computer,none,,,0.000000,1.000000,0,none,,7.811698,7.811698,completed,0,7,clear,17.000000
21,1106,3448107874,192,Day 8 03:59,none,,7.811698,7.811698,completed,0.000000,0.450557,0.014902,0.970000,0.150000,0.523333,0.423412,0.240000,0.000000,10,1,1,1,0,0,0,1,1,1,1,1,0,0,0,1,1,0.131626,0.000000,0.125568,0.000000,0.000000,0.000000,0.164032,0.176130,0.171389,0.122294,0.000000,0.000000,0.000000,0.000000,0.000000,0.108961,sleep_at_bed,1,480,10799,bed,none,alarm-rings|message-study-group,,0.000000,1.000000,0,none,,7.811698,7.811698,completed,0,8,clear,17.000000
21,1106,3448107874,193,Day 8 11:59,none,,7.811698,7.811698,completed,0.110000,0.146137,0.014902,0.890000,0.550000,0.843333,0.458706,0.000000,0.000000,11,1,1,1,0,0,0,1,1,1,1,1,0,1,0,1,1,0.140412,0.000000,0.126945,0.000000,0.000000,0.000000,0.109838,0.000000,0.208120,0.158513,0.000000,0.000000,0.155926,0.000000,0.000000,0.100245,turn_off_alarm,1,1,10800,alarm,none,,,0.000000,1.000000,0,none,,7.811698,7.811698,completed,0,8,clear,17.000000
21,1106,3448107874,194,Day 8 12:00,none,,7.811698,7.811698,completed,0.110333,0.146537,0.014902,0.919667,0.550833,0.844000,0.438706,0.000000,0.000000,10,1,1,1,0,0,0,1,1,1,1,1,0,0,0,1,1,0.166276,0.000000,0.150326,0.000000,0.000000,0.000000,0.130313,0.000000,0.246567,0.187822,0.000000,0.000000,0.000000,0.000000,0.000000,0.118696,go_to_bathroom,1,15,10815,door,none,,,0.000000,1.000000,0,none,,7.811698,7.811698,completed,0,8,clear,17.000000
21,1106,3448107874,195,Day 8 12:15,none,,7.811698,7.811698,completed,0.115333,0.152537,0.014902,1.000000,0.563333,0.234000,0.438706,0.000000,0.000000,10,1,1,1,0,0,0,1,1,1,1,1,0,0,0,1,1,0.185289,0.000000,0.167488,0.000000,0.000000,0.000000,0.145465,0.000000,0.158577,0.211148,0.000000,0.000000,0.000000,0.000000,0.000000,0.132034,idle,1,10,10825,,none,,,0.000000,1.000000,0,none,,7.811698,7.811698,completed,0,8,clear,17.000000
21,1106,3448107874,196,Day 8 12:25,none,,7.811698,7.811698,completed,0.238667,0.156537,0.014902,0.946667,0.571667,0.240667,0.438706,0.000000,0.000000,10,1,1,1,0,0,0,1,1,1,1,1,0,0,0,1,1,0.193569,0.000000,0.171639,0.000000,0.000000,0.000000,0.142097,0.000000,0.155426,0.207234,0.000000,0.000000,0.000000,0.000000,0.000000,0.130035,go_to_bathroom,1,15,10840,door,none,,,0.000000,1.000000,0,none,,7.811698,7.811698,completed,0,8,clear,17.000000
21,1106,3448107874,197,Day 8 12:40,none,,7.811698,7.811698,completed,0.243667,0.162537,0.014902,1.000000,0.584167,0.000000,0.438706,0.000000,0.000000,10,1,1,1,0,0,0,1,1,1,1,1,0,0,0,1,1,0.228699,0.000000,0.202755,0.000000,0.000000,0.000000,0.168175,0.000000,0.000000,0.247008,0.000000,0.000000,0.000000,0.000000,0.000000,0.153362,rest_at_bed,1,60,10900,bed,none,weather-clear,,0.000000,1.000000,0,none,,7.811698,7.811698,completed,0,8,clear,17.000000
21,1106,3448107874,198,Day 8 13:40,none,,7.811698,7.811698,completed,0.303667,0.000000,0.014902,1.000000,0.634167,0.040000,0.438706,0.000000,0.000000,10,1,1,1,0,0,0,1,1,1,1,1,0,0,0,1,1,0.279638,0.000000,0.241399,0.000000,0.000000,0.000000,0.000000,0.000000,0.000000,0.299867,0.000000,0.000000,0.000000,0.000000,0.000000,0.179096,use_phone,1,25,10925,phone,none,,,0.000000,1.000000,0,none,,7.811698,7.811698,completed,0,8,clear,17.000000
21,1106,3448107874,199,Day 8 14:05,none,,7.811698,7.811698,completed,0.092000,0.098602,0.014902,1.000000,0.655000,0.056667,0.438706,0.095000,0.085000,10,1,1,1,0,0,0,1,1,1,1,1,0,0,0,1,1,0.211385,0.000000,0.191021,0.000000,0.000000,0.000000,0.172506,0.000000,0.000000,0.269791,0.000000,0.000000,0.000000,0.000000,0.000000,0.155297,rest_at_bed,1,60,10985,bed,none,,,0.000000,1.000000,0,none,,7.811698,7.811698,completed,0,8,clear,17.000000
21,1106,3448107874,200,Day 8 15:05,none,,7.811698,7.811698,completed,0.152000,0.000000,0.014902,1.000000,0.705000,0.096667,0.438706,0.000000,0.049000,10,1,1,1,0,0,0,1,1,1,1,1,0,0,0,1,1,0.261942,0.000000,0.231654,0.000000,0.000000,0.000000,0.000000,0.000000,0.000000,0.325931,0.000000,0.000000,0.000000,0.000000,0.000000,0.180473,use_phone,1,25,11010,phone,none,,,0.000000,1.000000,0,none,,7.811698,7.811698,completed,0,8,clear,17.000000
21,1106,3448107874,201,Day 8 15:30,none,,7.811698,7.811698,completed,0.000000,0.098602,0.014902,1.000000,0.725833,0.113333,0.438706,0.095000,0.134000,10,1,1,1,0,0,0,1,1,1,1,1,0,0,0,1,1,0.171072,0.148674,0.156875,0.000000,0.000000,0.000000,0.147112,0.000000,0.000000,0.244892,0.000000,0.000000,0.000000,0.000000,0.000000,0.131374,use_phone,1,25,11035,phone,none,,,0.000000,1.000000,0,none,,7.811698,7.811698,completed,0,8,clear,17.000000
21,1106,3448107874,202,Day 8 15:55,none,,7.811698,7.811698,completed,0.000000,0.197204,0.014902,1.000000,0.746667,0.130000,0.438706,0.190000,0.219000,10,1,1,1,0,0,0,1,1,1,1,1,0,0,0,1,1,0.141436,0.136665,0.131268,0.000000,0.000000,0.000000,0.140134,0.000000,0.124346,0.213631,0.000000,0.000000,0.000000,0.000000,0.000000,0.112520,rest_at_bed,1,60,11095,bed,none,,,0.000000,1.000000,0,none,,7.811698,7.811698,completed,0,8,clear,17.000000
21,1106,3448107874,203,Day 8 16:55,none,,7.811698,7.811698,completed,0.060000,0.000000,0.014902,1.000000,0.796667,0.170000,0.438706,0.000000,0.183000,10,1,1,1,0,0,0,1,1,1,1,1,0,0,0,1,1,0.175220,0.148477,0.157248,0.000000,0.000000,0.000000,0.000000,0.000000,0.143795,0.249068,0.000000,0.000000,0.000000,0.000000,0.000000,0.126192,get_meal,1,35,11130,door,none,,,0.000000,1.000000,0,none,,7.811698,7.811698,completed,0,8,clear,17.000000
21,1106,3448107874,204,Day 8 17:30,none,,7.811698,7.811698,completed,0.031667,0.014000,0.014902,1.000000,0.275833,0.193333,0.438706,0.000000,0.162000,10,1,1,1,0,0,0,1,1,1,1,1,0,0,0,1,1,0.190575,0.161248,0.172055,0.000000,0.000000,0.000000,0.000000,0.000000,0.162540,0.174241,0.000000,0.000000,0.000000,0.000000,0.000000,0.139340,shop_on_phone,0,0,11130,phone,resource_insufficient,,,0.000000,1.000000,0,none,,7.811698,7.811698,completed,0,8,clear,17.000000
21,1106,3448107874,205,Day 8 17:30,none,,7.811698,7.811698,completed,0.031667,0.014000,0.014902,0.970000,0.275833,0.193333,0.468706,0.000000,0.162000,10,1,1,1,0,0,0,1,1,1,1,1,0,0,0,1,1,0.190575,0.161248,0.172055,0.000000,0.000000,0.000000,0.000000,0.000000,0.162540,0.174241,0.000000,0.000000,0.000000,0.000000,0.000000,0.139340,idle,1,10,11140,,none,evening,,0.000000,1.000000,0,none,,7.811698,7.811698,completed,0,8,clear,17.000000
21,1106,3448107874,206,Day 8 17:40,none,,7.811698,7.811698,completed,0.155000,0.018000,0.014902,0.916667,0.284167,0.200000,0.468706,0.000000,0.156000,10,1,1,1,0,0,0,1,1,1,1,1,0,0,0,1,1,0.199014,0.157360,0.176251,0.000000,0.000000,0.000000,0.000000,0.000000,0.159250,0.170946,0.000000,0.000000,0.000000,0.000000,0.000000,0.137178,get_meal,1,35,11175,door,none,,,0.000000,1.000000,0,none,,7.811698,7.811698,completed,0,8,clear,17.000000
21,1106,3448107874,207,Day 8 18:15,none,,7.811698,7.811698,completed,0.126667,0.032000,0.014902,1.000000,0.000000,0.223333,0.468706,0.000000,0.135000,10,1,1,1,0,0,0,1,1,1,1,1,0,0,0,1,1,0.237424,0.187452,0.211530,0.000000,0.000000,0.000000,0.000000,0.000000,0.197449,0.000000,0.000000,0.000000,0.000000,0.000000,0.000000,0.166146,go_to_bathroom,1,15,11190,door,none,,,0.000000,1.000000,0,none,,7.811698,7.811698,completed,0,8,clear,17.000000
21,1106,3448107874,208,Day 8 18:30,none,,7.811698,7.811698,completed,0.131667,0.038000,0.014902,1.000000,0.012500,0.000000,0.468706,0.000000,0.126000,10,1,1,1,0,0,0,1,1,1,1,1,0,0,0,1,1,0.296607,0.231984,0.264215,0.000000,0.000000,0.000000,0.000000,0.000000,0.000000,0.000000,0.000000,0.000000,0.000000,0.000000,0.000000,0.207193,idle,1,10,11200,,none,,,0.000000,1.000000,0,none,,7.811698,7.811698,completed,0,8,clear,17.000000
21,1106,3448107874,209,Day 8 18:40,none,,7.811698,7.811698,completed,0.255000,0.042000,0.014902,0.946667,0.020833,0.006667,0.468706,0.000000,0.120000,10,1,1,1,0,0,0,1,1,1,1,1,0,0,0,1,1,0.306442,0.223978,0.267776,0.000000,0.000000,0.000000,0.000000,0.000000,0.000000,0.000000,0.000000,0.000000,0.000000,0.000000,0.000000,0.201805,shop_on_phone,0,0,11200,phone,resource_insufficient,,,0.000000,1.000000,0,none,,7.811698,7.811698,completed,0,8,clear,17.000000
21,1106,3448107874,210,Day 8 18:40,none,,7.811698,7.811698,completed,0.255000,0.042000,0.014902,0.916667,0.020833,0.006667,0.498706,0.000000,0.120000,10,1,1,1,0,0,0,1,1,1,1,1,0,0,0,1,1,0.306442,0.223978,0.267776,0.000000,0.000000,0.000000,0.000000,0.000000,0.000000,0.000000,0.000000,0.000000,0.000000,0.000000,0.000000,0.201805,use_phone,1,25,11225,phone,none,,,0.000000,1.000000,0,none,,7.811698,7.811698,completed,0,8,clear,17.000000
21,1106,3448107874,211,Day 8 19:05,none,,7.811698,7.811698,completed,0.043333,0.140602,0.014902,0.948333,0.041667,0.023333,0.498706,0.095000,0.205000,10,1,1,1,0,0,0,1,1,1,1,1,0,0,0,1,1,0.225349,0.204097,0.206133,0.000000,0.000000,0.000000,0.194189,0.000000,0.000000,0.000000,0.000000,0.000000,0.000000,0.000000,0.000000,0.170232,idle,1,10,11235,,none,,,0.000000,1.000000,0,none,,7.811698,7.811698,completed,0,8,clear,17.000000
21,1106,3448107874,212,Day 8 19:15,none,,7.811698,7.811698,completed,0.166667,0.144602,0.014902,0.895000,0.050000,0.030000,0.498706,0.085000,0.199000,10,1,1,1,0,0,0,1,1,1,1,1,0,0,0,1,1,0.235198,0.198543,0.211008,0.000000,0.000000,0.000000,0.188193,0.000000,0.000000,0.000000,0.000000,0.000000,0.000000,0.000000,0.000000,0.167058,idle,1,10,11245,,none,room-temperature-shift,,0.000000,1.000000,0,none,,7.811698,7.811698,completed,0,8,clear,17.000000
21,1106,3448107874,213,Day 8 19:25,none,,7.811698,7.811698,completed,0.290000,0.148602,0.014902,0.841667,0.058333,0.036667,0.498706,0.075000,0.193000,10,1,1,1,0,0,0,1,1,1,1,1,0,0,0,1,1,0.245247,0.192959,0.215794,0.000000,0.000000,0.000000,0.182210,0.000000,0.000000,0.000000,0.000000,0.000000,0.000000,0.000000,0.000000,0.163790,use_computer,1,30,11275,computer,none,,,0.000000,1.000000,0,none,,7.811698,7.811698,completed,0,8,clear,17.000000
21,1106,3448107874,214,Day 8 19:55,none,,7.811698,7.811698,completed,0.140000,0.267846,0.014902,0.831667,0.083333,0.056667,0.498706,0.155000,0.175000,10,1,1,1,0,0,0,1,1,1,1,1,0,0,0,1,1,0.224269,0.194116,0.204944,0.000000,0.000000,0.000000,0.210181,0.000000,0.000000,0.000000,0.000000,0.000000,0.000000,0.000000,0.000000,0.166490,use_computer,1,30,11305,computer,none,,,0.000000,1.000000,0,none,,7.811698,7.811698,completed,0,8,clear,17.000000
21,1106,3448107874,215,Day 8 20:25,none,,7.811698,7.811698,completed,0.000000,0.387089,0.014902,0.821667,0.108333,0.076667,0.498706,0.235000,0.157000,10,1,1,1,0,0,0,1,1,1,1,1,0,0,0,1,1,0.204434,0.193665,0.193712,0.000000,0.000000,0.000000,0.240303,0.000000,0.000000,0.000000,0.000000,0.000000,0.000000,0.000000,0.000000,0.167887,idle,1,10,11315,,none,,,0.000000,1.000000,0,none,,7.811698,7.811698,completed,0,8,clear,17.000000
21,1106,3448107874,216,Day 8 20:35,none,,7.811698,7.811698,completed,0.123333,0.391089,0.014902,0.768333,0.116667,0.083333,0.498706,0.225000,0.151000,10,1,1,1,0,0,0,1,1,1,1,1,0,0,0,1,1,0.213862,0.188830,0.198750,0.000000,0.000000,0.000000,0.233420,0.000000,0.000000,0.000000,0.000000,0.000000,0.000000,0.000000,0.000000,0.165138,use_computer,1,30,11345,computer,none,,,0.000000,1.000000,0,none,,7.811698,7.811698,completed,0,8,clear,17.000000
21,1106,3448107874,217,Day 8 21:05,none,,7.811698,7.811698,completed,0.000000,0.510333,0.014902,0.758333,0.141667,0.103333,0.498706,0.305000,0.133000,10,1,1,1,0,0,0,1,1,1,1,1,0,0,0,1,1,0.132155,0.126625,0.127012,0.000000,0.000000,0.000000,0.179206,0.198251,0.000000,0.124767,0.000000,0.000000,0.000000,0.000000,0.000000,0.111984,idle,1,10,11355,,none,,,0.000000,1.000000,0,none,,7.811698,7.811698,completed,0,8,clear,17.000000
21,1106,3448107874,218,Day 8 21:15,none,,7.811698,7.811698,completed,0.123333,0.514333,0.014902,0.705000,0.150000,0.110000,0.498706,0.295000,0.127000,10,1,1,1,0,0,0,1,1,1,1,1,0,0,0,1,1,0.139471,0.124555,0.131466,0.000000,0.000000,0.000000,0.175611,0.194393,0.000000,0.123381,0.000000,0.000000,0.000000,0.000000,0.000000,0.111123,sleep_at_bed,1,480,11835,bed,none,,,0.000000,1.000000,0,none,,7.811698,7.811698,completed,0,8,clear,17.000000
21,1106,3448107874,219,Day 9 05:15,none,,7.811698,7.811698,completed,0.203333,0.209913,0.014902,0.625000,0.550000,0.430000,0.498706,0.000000,0.000000,10,1,1,1,0,0,0,1,1,1,1,1,0,0,0,1,1,0.184705,0.000000,0.165630,0.000000,0.000000,0.000000,0.143330,0.000000,0.180356,0.199059,0.000000,0.000000,0.000000,0.000000,0.000000,0.126920,use_phone,1,25,11860,phone,none,,,0.000000,1.000000,0,none,,7.811698,7.811698,completed,0,8,clear,17.000000
21,1106,3448107874,220,Day 9 05:40,none,,7.811698,7.811698,completed,0.000000,0.308515,0.014902,0.656667,0.570833,0.446667,0.498706,0.095000,0.085000,10,1,1,1,0,0,0,1,1,1,1,1,0,0,0,1,1,0.162452,0.000000,0.152292,0.000000,0.000000,0.000000,0.163061,0.000000,0.187267,0.207391,0.000000,0.000000,0.000000,0.000000,0.000000,0.127536,idle,1,10,11870,,none,,,0.000000,1.000000,0,none,,7.811698,7.811698,completed,0,8,clear,17.000000
21,1106,3448107874,221,Day 9 05:50,none,,7.811698,7.811698,completed,0.123333,0.312515,0.014902,0.603333,0.579167,0.453333,0.498706,0.085000,0.079000,10,1,1,1,0,0,0,1,1,1,1,1,0,0,0,1,1,0.170516,0.000000,0.156780,0.000000,0.000000,0.000000,0.158925,0.000000,0.183933,0.203976,0.000000,0.000000,0.000000,0.000000,0.000000,0.125870,use_computer,1,30,11900,computer,none,,,0.000000,1.000000,0,none,,7.811698,7.811698,completed,0,8,clear,17.000000
21,1106,3448107874,222,Day 9 06:20,none,,7.811698,7.811698,completed,0.000000,0.431759,0.014902,0.593333,0.604167,0.473333,0.498706,0.165000,0.061000,10,1,1,1,0,0,0,1,1,1,1,1,0,0,0,1,1,0.153997,0.000000,0.146427,0.000000,0.000000,0.000000,0.178321,0.000000,0.187608,0.208901,0.000000,0.000000,0.000000,0.000000,0.000000,0.124747,go_to_bathroom,1,15,11915,door,none,,,0.000000,1.000000,0,none,,7.811698,7.811698,completed,0,8,clear,17.000000
21,1106,3448107874,223,Day 9 06:35,none,,7.811698,7.811698,completed,0.005000,0.437759,0.014902,0.683343,0.616667,0.000000,0.498706,0.150000,0.052000,10,1,1,1,0,0,0,1,1,1,1,1,0,0,0,1,1,0.189867,0.000000,0.180457,0.000000,0.000000,0.000000,0.217934,0.000000,0.000000,0.258814,0.000000,0.000000,0.000000,0.000000,0.000000,0.152927,rest_at_bed,1,60,11975,bed,none,,,0.000000,1.000000,0,none,,7.811698,7.811698,completed,0,8,clear,17.000000
21,1106,3448107874,224,Day 9 07:35,none,,7.811698,7.811698,completed,0.065000,0.205521,0.014902,0.713343,0.666667,0.040000,0.498706,0.000000,0.016000,10,1,1,1,0,0,0,1,1,1,1,1,0,0,0,1,1,0.209258,0.000000,0.191741,0.000000,0.000000,0.000000,0.175095,0.000000,0.000000,0.270281,0.000000,0.000000,0.000000,0.000000,0.000000,0.153625,use_computer,1,30,12005,computer,none,,,0.000000,1.000000,0,none,,7.811698,7.811698,completed,0,8,clear,17.000000
21,1106,3448107874,225,Day 9 08:05,none,,7.811698,7.811698,completed,0.000000,0.324764,0.014902,0.703343,0.691667,0.060000,0.498706,0.080000,0.000000,10,1,1,1,0,0,0,1,1,1,1,1,0,0,0,1,1,0.194377,0.000000,0.182484,0.000000,0.000000,0.000000,0.195472,0.000000,0.000000,0.275407,0.000000,0.000000,0.000000,0.000000,0.000000,0.152259,use_phone,1,25,12030,phone,none,,,0.000000,1.000000,0,none,,7.811698,7.811698,completed,0,8,clear,17.000000
21,1106,3448107874,226,Day 9 08:30,none,,7.811698,7.811698,completed,0.000000,0.423366,0.014902,0.735010,0.712500,0.076667,0.498706,0.175000,0.085000,10,1,1,1,0,0,0,1,1,1,1,1,0,0,0,1,1,0.184662,0.000000,0.175461,0.000000,0.000000,0.000000,0.213960,0.000000,0.000000,0.276068,0.000000,0.000000,0.000000,0.000000,0.000000,0.149849,get_meal,1,35,12065,door,none,,,0.000000,1.000000,0,none,,7.811698,7.811698,completed,0,8,clear,17.000000
21,1106,3448107874,227,Day 9 09:05,none,,7.811698,7.811698,completed,0.000000,0.437366,0.014902,0.858354,0.191667,0.100000,0.498706,0.140000,0.064000,10,1,1,1,0,0,0,1,1,1,1,1,0,0,0,1,1,0.206762,0.000000,0.196628,0.000000,0.000000,0.000000,0.236270,0.000000,0.000000,0.193849,0.000000,0.000000,0.000000,0.000000,0.000000,0.166491,idle,1,10,12075,,none,,,0.000000,1.000000,0,none,,7.811698,7.811698,completed,0,8,clear,17.000000
21,1106,3448107874,228,Day 9 09:15,none,,7.811698,7.811698,completed,0.123333,0.441366,0.014902,0.805020,0.200000,0.106667,0.498706,0.130000,0.058000,10,1,1,1,0,0,0,1,1,1,1,1,0,0,0,1,1,0.216011,0.000000,0.201475,0.000000,0.000000,0.000000,0.229200,0.000000,0.000000,0.189766,0.000000,0.000000,0.000000,0.000000,0.000000,0.163548,idle,1,10,12085,,none,,,0.000000,1.000000,0,none,,7.811698,7.811698,completed,0,8,clear,17.000000
21,1106,3448107874,229,Day 9 09:25,none,,7.811698,7.811698,completed,0.246667,0.445366,0.014902,0.751687,0.208333,0.113333,0.498706,0.120000,0.052000,10,1,1,1,0,0,0,1,1,1,1,1,0,0,0,1,1,0.225475,0.000000,0.206260,0.000000,0.000000,0.000000,0.222145,0.000000,0.000000,0.185605,0.000000,0.000000,0.000000,0.000000,0.000000,0.160516,rest_at_bed,1,60,12145,bed,none,alarm-rings,,0.000000,1.000000,0,none,,7.811698,7.811698,completed,0,8,clear,17.000000
21,1106,3448107874,230,Day 9 10:25,none,,7.811698,7.811698,completed,0.336667,0.213128,0.014902,0.781687,0.258333,0.153333,0.533999,0.000000,0.016000,11,1,1,1,0,0,0,1,1,1,1,1,0,1,0,1,1,0.174821,0.000000,0.153523,0.000000,0.000000,0.000000,0.125666,0.000000,0.123482,0.135110,0.000000,0.000000,0.174703,0.000000,0.000000,0.112695,use_computer,1,30,12175,computer,none,,,0.000000,1.000000,0,none,,7.811698,7.811698,completed,0,8,clear,17.000000
21,1106,3448107874,231,Day 9 10:55,none,,7.811698,7.811698,completed,0.186667,0.332372,0.014902,0.771687,0.283333,0.173333,0.533999,0.080000,0.000000,11,1,1,1,0,0,0,1,1,1,1,1,0,1,0,1,1,0.157219,0.000000,0.143389,0.000000,0.000000,0.000000,0.142555,0.000000,0.127336,0.139896,0.000000,0.000000,0.176950,0.000000,0.000000,0.112656,idle,1,10,12185,,none,,,0.000000,1.000000,0,none,,7.811698,7.811698,completed,0,8,clear,17.000000
21,1106,3448107874,232,Day 9 11:05,none,,7.811698,7.811698,completed,0.310000,0.336372,0.014902,0.718354,0.291667,0.180000,0.533999,0.070000,0.000000,11,1,1,1,0,0,0,1,1,1,1,1,0,1,0,1,1,0.165324,0.000000,0.147882,0.000000,0.000000,0.000000,0.139191,0.000000,0.125296,0.137842,0.000000,0.000000,0.173078,0.000000,0.000000,0.111387,use_computer,1,30,12215,computer,none,,,0.000000,1.000000,0,none,,7.811698,7.811698,completed,0,8,clear,17.000000
21,1106,3448107874,233,Day 9 11:35,none,,7.811698,7.811698,completed,0.160000,0.455616,0.014902,0.708354,0.316667,0.200000,0.533999,0.150000,0.000000,11,1,1,1,0,0,0,1,1,1,1,1,0,1,0,1,1,0.148192,0.000000,0.137669,0.000000,0.000000,0.000000,0.157382,0.000000,0.128784,0.142258,0.000000,0.000000,0.174731,0.000000,0.000000,0.110984,use_phone,1,25,12240,phone,none,,,0.000000,1.000000,0,none,,7.811698,7.811698,completed,0,8,clear,17.000000
21,1106,3448107874,234,Day 9 12:00,none,,7.811698,7.811698,completed,0.000000,0.554218,0.014902,0.740020,0.337500,0.216667,0.533999,0.245000,0.085000,11,1,1,1,0,0,0,1,1,1,1,1,0,1,0,1,1,0.109971,0.000000,0.106068,0.000000,0.000000,0.000000,0.147391,0.165201,0.110076,0.122007,0.000000,0.000000,0.147131,0.000000,0.000000,0.092153,get_meal,1,35,12275,door,none,,,0.000000,1.000000,0,none,,7.811698,7.811698,completed,0,8,clear,17.000000
21,1106,3448107874,235,Day 9 12:35,none,,7.811698,7.811698,completed,0.000000,0.568218,0.014902,0.863364,0.000000,0.240000,0.533999,0.210000,0.064000,11,1,1,1,0,0,0,1,1,1,1,1,0,1,0,1,1,0.125860,0.000000,0.121497,0.000000,0.000000,0.000000,0.166366,0.186870,0.127657,0.000000,0.000000,0.000000,0.167094,0.000000,0.000000,0.104656,go_to_bathroom,1,15,12290,door,none,,,0.000000,1.000000,0,none,,7.811698,7.811698,completed,0,8,clear,17.000000
21,1106,3448107874,236,Day 9 12:50,none,,7.811698,7.811698,completed,0.005000,0.574218,0.014902,0.953374,0.012500,0.000000,0.533999,0.195000,0.055000,11,1,1,1,0,0,0,1,1,1,1,1,0,1,0,1,1,0.145042,0.000000,0.139954,0.000000,0.000000,0.000000,0.190045,0.213663,0.000000,0.000000,0.000000,0.000000,0.191378,0.000000,0.000000,0.119919,turn_off_alarm,1,1,12291,alarm,none,,,0.000000,1.000000,0,none,,7.811698,7.811698,completed,0,8,clear,17.000000
21,1106,3448107874,237,Day 9 12:51,none,,7.811698,7.811698,completed,0.005333,0.574618,0.014902,0.983040,0.013333,0.000667,0.513999,0.194000,0.054400,10,1,1,1,0,0,0,1,1,1,1,1,0,0,0,1,1,0.179356,0.000000,0.173059,0.000000,0.000000,0.000000,0.235280,0.264073,0.000000,0.000000,0.000000,0.000000,0.000000,0.000000,0.000000,0.148233,use_computer,1,30,12321,computer,none,,,0.000000,1.000000,0,none,,7.811698,7.811698,completed,0,8,clear,17.000000
21,1106,3448107874,238,Day 9 13:21,none,,7.811698,7.811698,completed,0.000000,0.693862,0.014902,0.973040,0.038333,0.020667,0.513999,0.274000,0.036400,10,1,1,1,0,0,0,1,1,1,1,1,0,0,0,1,1,0.162712,0.000000,0.159337,0.000000,0.000000,0.000000,0.247964,0.290566,0.000000,0.000000,0.000000,0.000000,0.000000,0.000000,0.000000,0.139421,use_computer,1,30,12351,computer,none,,,0.000000,1.000000,0,none,,7.811698,7.811698,completed,0,8,clear,17.000000
21,1106,3448107874,239,Day 9 13:51,none,,7.811698,7.811698,completed,0.000000,0.813105,0.014902,0.963040,0.063333,0.040667,0.513999,0.354000,0.018400,10,1,1,1,0,0,0,1,1,1,1,1,0,0,0,1,1,0.127756,0.000000,0.126861,0.000000,0.000000,0.000000,0.225493,0.275871,0.000000,0.000000,0.000000,0.000000,0.000000,0.000000,0.130816,0.113203,sleep_at_bed,1,191,12542,bed,none,weather-clear|message-study-group|room-temperature-shift,,0.000000,1.000000,0,none,,7.811698,7.811698,completed,0,9,clear,17.000000
21,1106,3448107874,240,Day 9 17:02,none,,7.811698,7.811698,completed,0.000000,0.417987,0.014902,0.979374,0.222500,0.168000,0.513999,0.000000,0.000000,10,1,1,1,0,0,0,1,1,1,1,1,0,0,0,1,1,0.180078,0.000000,0.170485,0.000000,0.000000,0.000000,0.183579,0.000000,0.159494,0.166878,0.000000,0.000000,0.000000,0.000000,0.000000,0.139485,use_phone,1,25,12567,phone,none,,,0.000000,1.000000,0,none,,7.811698,7.811698,completed,0,9,clear,17.000000
21,1106,3448107874,241,Day 9 17:27,none,,7.811698,7.811698,completed,0.000000,0.516589,0.014902,1.000000,0.243333,0.184667,0.513999,0.095000,0.085000,10,1,1,1,0,0,0,1,1,1,1,1,0,0,0,1,1,0.140249,0.000000,0.134384,0.000000,0.000000,0.000000,0.164732,0.180341,0.130621,0.137134,0.000000,0.000000,0.000000,0.000000,0.000000,0.112539,rest_at_bed,1,60,12627,bed,none,evening,,0.000000,1.000000,0,none,,7.811698,7.811698,completed,0,9,clear,17.000000
21,1106,3448107874,242,Day 9 18:27,none,,7.811698,7.811698,completed,0.060000,0.284350,0.014902,1.000000,0.293333,0.224667,0.513999,0.000000,0.049000,10,1,1,1,0,0,0,1,1,1,1,1,0,0,0,1,1,0.185716,0.000000,0.171722,0.000000,0.000000,0.000000,0.165262,0.000000,0.164926,0.174568,0.000000,0.000000,0.000000,0.000000,0.000000,0.137807,get_meal,1,35,12662,door,none,,,0.000000,1.000000,0,none,,7.811698,7.811698,completed,0,9,clear,17.000000
21,1106,3448107874,243,Day 9 19:02,none,,7.811698,7.811698,completed,0.031667,0.298350,0.014902,1.000000,0.000000,0.248000,0.513999,0.000000,0.028000,10,1,1,1,0,0,0,1,1,1,1,1,0,0,0,1,1,0.221214,0.000000,0.205773,0.000000,0.000000,0.000000,0.202195,0.000000,0.204169,0.000000,0.000000,0.000000,0.000000,0.000000,0.000000,0.166648,use_computer,1,30,12692,computer,none,,,0.000000,1.000000,0,none,,7.811698,7.811698,completed,0,9,clear,17.000000
21,1106,3448107874,244,Day 9 19:32,none,,7.811698,7.811698,completed,0.000000,0.417594,0.014902,0.990000,0.025000,0.268000,0.513999,0.080000,0.010000,10,1,1,1,0,0,0,1,1,1,1,1,0,0,0,1,1,0.208062,0.000000,0.197246,0.000000,0.000000,0.000000,0.224263,0.000000,0.205853,0.000000,0.000000,0.000000,0.000000,0.000000,0.000000,0.164576,use_phone,1,25,12717,phone,none,,,0.000000,1.000000,0,none,,7.811698,7.811698,completed,0,9,clear,17.000000
21,1106,3448107874,245,Day 9 19:57,none,,7.811698,7.811698,completed,0.000000,0.516196,0.014902,1.000000,0.045833,0.284667,0.513999,0.175000,0.095000,10,1,1,1,0,0,0,1,1,1,1,1,0,0,0,1,1,0.155576,0.000000,0.149272,0.000000,0.000000,0.000000,0.193207,0.212602,0.161860,0.000000,0.000000,0.000000,0.000000,0.000000,0.000000,0.127483,use_computer,1,30,12747,computer,none,,,0.000000,1.000000,0,none,,7.811698,7.811698,completed,0,9,clear,17.000000
21,1106,3448107874,246,Day 9 20:27,none,,7.811698,7.811698,completed,0.000000,0.635440,0.014902,0.990000,0.070833,0.304667,0.513999,0.255000,0.077000,10,1,1,1,0,0,0,1,1,1,1,1,0,0,0,1,1,0.142725,0.000000,0.138863,0.000000,0.000000,0.000000,0.205288,0.235844,0.156336,0.000000,0.000000,0.000000,0.000000,0.000000,0.000000,0.120942,use_phone,1,25,12772,phone,none,,,0.000000,1.000000,0,none,,7.811698,7.811698,completed,0,9,clear,17.000000
21,1106,3448107874,247,Day 9 20:52,none,,7.811698,7.811698,completed,0.000000,0.734042,0.014902,1.000000,0.091667,0.321333,0.513999,0.350000,0.162000,10,1,1,1,0,0,0,1,1,1,1,1,0,0,0,1,1,0.103438,0.105180,0.101856,0.000000,0.000000,0.000000,0.171419,0.204465,0.119144,0.000000,0.000000,0.000000,0.000000,0.000000,0.103697,0.090801,use_computer,1,30,12802,computer,none,,,0.000000,1.000000,0,none,,7.811698,7.811698,completed,0,9,clear,17.000000
21,1106,3448107874,248,Day 9 21:22,none,,7.811698,7.811698,completed,0.000000,0.853286,0.014902,0.990000,0.116667,0.341333,0.513999,0.430000,0.144000,10,1,1,1,0,0,0,1,1,1,1,1,0,0,0,1,1,0.094991,0.098400,0.094850,0.000000,0.000000,0.000000,0.182323,0.227049,0.115195,0.000000,0.000000,0.000000,0.000000,0.000000,0.100962,0.086230,sleep_at_bed,1,480,13282,bed,none,,,0.000000,1.000000,0,none,,7.811698,7.811698,completed,0,9,clear,17.000000
21,1106,3448107874,249,Day 10 05:22,none,,7.811698,7.811698,completed,0.080000,0.548865,0.014902,0.910000,0.516667,0.661333,0.513999,0.000000,0.000000,10,1,1,1,0,0,0,1,1,1,1,1,0,0,0,1,1,0.159270,0.000000,0.150936,0.000000,0.000000,0.000000,0.171402,0.000000,0.212763,0.185280,0.000000,0.000000,0.000000,0.000000,0.000000,0.120349,idle,1,10,13292,,none,,,0.000000,1.000000,0,none,,7.811698,7.811698,completed,0,9,clear,17.000000
21,1106,3448107874,250,Day 10 05:32,none,,7.811698,7.811698,completed,0.203333,0.552865,0.014902,0.856667,0.525000,0.668000,0.513999,0.000000,0.000000,10,1,1,1,0,0,0,1,1,1,1,1,0,0,0,1,1,0.166819,0.000000,0.155080,0.000000,0.000000,0.000000,0.167869,0.000000,0.209078,0.182319,0.000000,0.000000,0.000000,0.000000,0.000000,0.118835,get_meal,1,35,13327,door,none,,,0.000000,1.000000,0,none,,7.811698,7.811698,completed,0,9,clear,17.000000
21,1106,3448107874,251,Day 10 06:07,none,,7.811698,7.811698,completed,0.175000,0.566865,0.014902,0.980010,0.004167,0.691333,0.513999,0.000000,0.000000,10,1,1,1,0,0,0,1,1,1,1,1,0,0,0,1,1,0.162941,0.000000,0.152384,0.000000,0.000000,0.000000,0.168418,0.186177,0.212240,0.000000,0.000000,0.000000,0.000000,0.000000,0.000000,0.117840,sleep_at_bed,1,480,13807,bed,none,alarm-rings|message-study-group,,0.000000,1.000000,0,none,,7.811698,7.811698,completed,0,10,clear,17.000000
21,1106,3448107874,252,Day 10 14:07,none,,7.811698,7.811698,completed,0.285000,0.262445,0.014902,0.900010,0.404167,1.000000,0.549293,0.000000,0.000000,11,1,1,1,0,0,0,1,1,1,1,1,0,1,0,1,1,0.146352,0.000000,0.130258,0.000000,0.000000,0.000000,0.112337,0.000000,0.228783,0.133141,0.000000,0.000000,0.151907,0.000000,0.000000,0.097222,go_to_bathroom,1,15,13822,door,none,,,0.000000,1.000000,0,none,,7.811698,7.811698,completed,0,10,clear,17.000000
21,1106,3448107874,253,Day 10 14:22,none,,7.811698,7.811698,completed,0.290000,0.268445,0.014902,0.990020,0.416667,0.390000,0.549293,0.000000,0.000000,11,1,1,1,0,0,0,1,1,1,1,1,0,1,0,1,1,0.161876,0.000000,0.144051,0.000000,0.000000,0.000000,0.124468,0.000000,0.146047,0.148566,0.000000,0.000000,0.167649,0.000000,0.000000,0.107344,get_meal,1,35,13857,door,none,,,0.000000,1.000000,0,none,,7.811698,7.811698,completed,0,10,clear,17.000000
21,1106,3448107874,254,Day 10 14:57,none,,7.811698,7.811698,completed,0.261667,0.282445,0.014902,1.000000,0.000000,0.413333,0.549293,0.000000,0.000000,11,1,1,1,0,0,0,1,1,1,1,1,0,1,0,1,1,0.186918,0.000000,0.167334,0.000000,0.000000,0.000000,0.147625,0.000000,0.175266,0.000000,0.000000,0.000000,0.197020,0.000000,0.000000,0.125838,go_to_bathroom,1,15,13872,door,none,,,0.000000,1.000000,0,none,,7.811698,7.811698,completed,0,10,clear,17.000000
21,1106,3448107874,255,Day 10 15:12,none,,7.811698,7.811698,completed,0.266667,0.288445,0.014902,1.000000,0.012500,0.000000,0.549293,0.000000,0.000000,11,1,1,1,0,0,0,1,1,1,1,1,0,1,0,1,1,0.226759,0.000000,0.202967,0.000000,0.000000,0.000000,0.179400,0.000000,0.000000,0.000000,0.000000,0.000000,0.238485,0.000000,0.000000,0.152389,use_phone,1,25,13897,phone,none,,,0.000000,1.000000,0,none,,7.811698,7.811698,completed,0,10,clear,17.000000
21,1106,3448107874,256,Day 10 15:37,none,,7.811698,7.811698,completed,0.055000,0.387047,0.014902,1.000000,0.033333,0.016667,0.549293,0.095000,0.085000,11,1,1,1,0,0,0,1,1,1,1,1,0,1,0,1,1,0.201407,0.000000,0.188714,0.000000,0.000000,0.000000,0.207091,0.000000,0.000000,0.000000,0.000000,0.000000,0.247526,0.000000,0.000000,0.155262,use_computer,1,30,13927,computer,none,,,0.000000,1.000000,0,none,,7.811698,7.811698,completed,0,10,clear,17.000000
