personality_index,scenario_seed,action_seed,step,decision_time,pre_commitment_status,pre_commitment_task_id,pre_task_effort,pre_task_effort_target,pre_task_status,pre_boredom,pre_fatigue,pre_task_pressure,pre_satisfaction,pre_hunger,pre_bathroom_urge,pre_anxiety,pre_screen_strain,pre_purchase_urge,known_action_count,known_use_phone,known_shop_on_phone,known_use_computer,known_study_at_computer,known_study_focused,known_study_halfhearted,known_rest_at_bed,known_sleep_at_bed,known_go_to_bathroom,known_get_meal,known_turn_light_on,known_turn_light_off,known_turn_off_alarm,known_open_curtain,known_close_curtain,known_idle,p_use_phone,p_shop_on_phone,p_use_computer,p_study_at_computer,p_study_focused,p_study_halfhearted,p_rest_at_bed,p_sleep_at_bed,p_go_to_bathroom,p_get_meal,p_turn_light_on,p_turn_light_off,p_turn_off_alarm,p_open_curtain,p_close_curtain,p_idle,chosen_action,accepted,elapsed_minutes,simulation_total_minutes,target_object_id,failure_reason,event_ids,outcome_task_id,outcome_task_effort_gained,outcome_task_settlement_variation,outcome_task_session_interrupted,post_commitment_status,post_commitment_task_id,post_task_effort,post_task_effort_target,post_task_status,post_wallet,post_unread_messages,post_weather,post_temperature_celsius
8,1117,3448181866,1,Day 1 08:00,none,,0.000000,8.406654,active,0.550000,0.150000,0.550000,0.450000,0.250000,0.150000,0.200000,0.050000,0.100000,13,1,1,1,1,1,1,1,1,1,1,0,1,0,0,1,1,0.132964,0.000000,0.115935,0.120859,0.126443,0.126265,0.093659,0.000000,0.094748,0.103773,0.000000,0.000000,0.000000,0.000000,0.000000,0.085355,idle,1,10,490,,none,,,0.000000,1.000000,0,none,,0.000000,8.406654,active,120,0,clear,23.000000
8,1117,3448181866,2,Day 1 08:10,none,,0.000000,8.406654,active,0.673333,0.154000,0.652553,0.396667,0.258333,0.156667,0.228481,0.040000,0.094000,13,1,1,1,1,1,1,1,1,1,1,0,1,0,0,1,1,0.136691,0.000000,0.116698,0.125066,0.130182,0.131177,0.088592,0.000000,0.090616,0.099389,0.000000,0.000000,0.000000,0.000000,0.000000,0.081589,idle,1,10,500,,none,,,0.000000,1.000000,0,none,,0.000000,8.406654,active,120,0,clear,23.000000
8,1117,3448181866,3,Day 1 08:20,none,,0.000000,8.406654,active,0.796667,0.158000,0.755106,0.343333,0.266667,0.163333,0.258520,0.030000,0.088000,13,1,1,1,1,1,1,1,1,1,1,0,1,0,0,1,1,0.140083,0.085208,0.117099,0.129052,0.133651,0.135876,0.000000,0.000000,0.086393,0.094893,0.000000,0.000000,0.000000,0.000000,0.000000,0.077745,study_focused,1,35,535,desk,none,,coursework,0.476829,0.927133,0,active,coursework,0.476829,8.406654,active,120,0,clear,23.000000
8,1117,3448181866,4,Day 1 08:55,active,coursework,0.476829,8.406654,active,0.828333,0.282000,0.642917,0.411667,0.295833,0.186667,0.219424,0.000000,0.067000,13,1,1,1,1,1,1,1,1,1,1,0,1,0,0,1,1,0.137014,0.000000,0.115465,0.127869,0.133290,0.144288,0.087088,0.000000,0.085219,0.094073,0.000000,0.000000,0.000000,0.000000,0.000000,0.075695,study_focused,1,35,570,desk,none,alarm-rings,coursework,0.546039,1.061704,0,active,coursework,1.022868,8.406654,active,120,0,clear,23.000000
8,1117,3448181866,5,Day 1 09:30,active,coursework,1.022868,8.406654,active,0.890000,0.406000,0.530728,0.480000,0.325000,0.210000,0.217149,0.000000,0.046000,14,1,1,1,1,1,1,1,1,1,1,0,1,1,0,1,1,0.127856,0.000000,0.108122,0.103502,0.108593,0.126064,0.086699,0.000000,0.079402,0.088091,0.000000,0.000000,0.101857,0.000000,0.000000,0.069813,study_focused,1,35,605,desk,none,,coursework,0.501686,0.975464,0,active,coursework,1.524553,8.406654,active,120,0,clear,23.000000
8,1117,3448181866,6,Day 1 10:05,active,coursework,1.524553,8.406654,active,0.921667,0.530000,0.418539,0.548333,0.354167,0.233333,0.167149,0.000000,0.025000,14,1,1,1,1,1,1,1,1,1,1,0,1,1,0,1,1,0.130817,0.000000,0.111590,0.092733,0.097929,0.121163,0.096847,0.000000,0.082637,0.092139,0.000000,0.000000,0.102428,0.000000,0.000000,0.071716,use_computer,1,30,635,computer,none,,,0.000000,1.000000,0,active,coursework,1.524553,8.406654,active,120,0,clear,23.000000
8,1117,3448181866,7,Day 1 10:35,active,coursework,1.524553,8.406654,active,0.771667,0.644122,0.491092,0.538333,0.379167,0.253333,0.195630,0.080000,0.007000,14,1,1,1,1,1,1,1,1,1,1,0,1,1,0,1,1,0.096193,0.000000,0.085448,0.080342,0.084763,0.098328,0.091017,0.100996,0.070447,0.078885,0.000000,0.068467,0.086236,0.000000,0.000000,0.058877,sleep_at_bed,1,140,775,bed,none,task-reminder|message-study-group|room-temperature-shift|task-deadline,,0.000000,1.000000,0,suspended,coursework,1.524553,8.406654,active,120,1,clear,17.000000
8,1117,3448181866,8,Day 1 12:55,suspended,coursework,1.524553,8.406654,active,0.738333,0.303621,0.793645,0.511667,0.495833,0.346667,0.379681,0.000000,0.000000,14,1,1,1,1,1,1,1,1,1,1,0,1,1,0,1,1,0.109052,0.000000,0.093574,0.124573,0.131095,0.127794,0.073476,0.000000,0.083852,0.095793,0.000000,0.000000,0.098026,0.000000,0.000000,0.062765,use_phone,1,25,800,phone,none,,,0.000000,1.000000,0,suspended,coursework,1.524553,8.406654,active,120,1,clear,17.000000
8,1117,3448181866,9,Day 1 13:20,suspended,coursework,1.524553,8.406654,active,0.526667,0.396142,0.886198,0.543333,0.516667,0.363333,0.417414,0.095000,0.085000,14,1,1,1,1,1,1,1,1,1,1,0,1,1,0,1,1,0.092339,0.000000,0.083213,0.132307,0.139654,0.126739,0.082001,0.000000,0.085394,0.097904,0.000000,0.000000,0.099125,0.000000,0.000000,0.061323,get_meal,1,35,835,door,none,,,0.000000,1.000000,0,suspended,coursework,1.524553,8.406654,active,120,1,clear,17.000000
8,1117,3448181866,10,Day 1 13:55,suspended,coursework,1.524553,8.406654,active,0.498333,0.410142,0.886198,0.664011,0.000000,0.386667,0.435288,0.060000,0.064000,14,1,1,1,1,1,1,1,1,1,1,0,1,1,0,1,1,0.100929,0.000000,0.091487,0.145952,0.155836,0.142496,0.089699,0.000000,0.096333,0.000000,0.000000,0.000000,0.109806,0.000000,0.000000,0.067461,study_halfhearted,1,35,870,desk,none,,coursework,0.318341,1.031623,0,active,coursework,1.842894,8.406654,active,120,1,clear,17.000000
8,1117,3448181866,11,Day 1 14:30,active,coursework,1.842894,8.406654,active,0.560000,0.504142,0.826364,0.672344,0.029167,0.410000,0.433162,0.025000,0.043000,14,1,1,1,1,1,1,1,1,1,1,0,1,1,0,1,1,0.106431,0.000000,0.096415,0.138255,0.147734,0.134584,0.095848,0.000000,0.100079,0.000000,0.000000,0.000000,0.111487,0.000000,0.000000,0.069167,study_focused,1,35,905,desk,none,weather-clear,coursework,0.494160,0.960832,0,active,coursework,2.337054,8.406654,active,120,1,clear,17.000000
8,1117,3448181866,12,Day 1 15:05,active,coursework,2.337054,8.406654,active,0.591667,0.628142,0.714175,0.740678,0.058333,0.433333,0.397855,0.000000,0.022000,14,1,1,1,1,1,1,1,1,1,1,0,1,1,0,1,1,0.092009,0.000000,0.084036,0.104207,0.112078,0.108682,0.088635,0.099144,0.087378,0.000000,0.000000,0.069844,0.094381,0.000000,0.000000,0.059606,use_phone,1,25,930,phone,none,,,0.000000,1.000000,0,active,coursework,2.337054,8.406654,active,120,1,clear,17.000000
8,1117,3448181866,13,Day 1 15:30,active,coursework,2.337054,8.406654,active,0.380000,0.720662,0.806728,0.772344,0.079167,0.450000,0.432570,0.095000,0.107000,14,1,1,1,1,1,1,1,1,1,1,0,1,1,0,1,1,0.076541,0.000000,0.073421,0.108674,0.117235,0.102882,0.097212,0.113401,0.087424,0.000000,0.000000,0.072297,0.093698,0.000000,0.000000,0.057216,turn_off_alarm,1,1,931,alarm,none,,,0.000000,1.000000,0,active,coursework,2.337054,8.406654,active,120,1,clear,17.000000
8,1117,3448181866,14,Day 1 15:31,active,coursework,2.337054,8.406654,active,0.380333,0.721062,0.806728,0.802011,0.080000,0.450667,0.412960,0.094000,0.106400,13,1,1,1,1,1,1,1,1,1,1,0,1,0,0,1,1,0.084536,0.000000,0.081087,0.119513,0.129292,0.113352,0.107498,0.125174,0.096574,0.000000,0.000000,0.079806,0.000000,0.000000,0.000000,0.063166,go_to_bathroom,1,15,946,door,none,,,0.000000,1.000000,0,suspended,coursework,2.337054,8.406654,active,120,1,clear,17.000000
8,1117,3448181866,15,Day 1 15:46,suspended,coursework,2.337054,8.406654,active,0.385333,0.727062,0.806728,0.889355,0.092500,0.000000,0.418810,0.079000,0.097400,13,1,1,1,1,1,1,1,1,1,1,0,1,0,0,1,1,0.099685,0.000000,0.095574,0.120190,0.131109,0.114217,0.125488,0.146351,0.000000,0.000000,0.000000,0.093361,0.000000,0.000000,0.000000,0.074025,use_computer,1,30,976,computer,none,,,0.000000,1.000000,0,suspended,coursework,2.337054,8.406654,active,120,1,clear,17.000000
8,1117,3448181866,16,Day 1 16:16,suspended,coursework,2.337054,8.406654,active,0.235333,0.841184,0.879281,0.879355,0.117500,0.020000,0.458990,0.159000,0.079400,13,1,1,1,1,1,1,1,1,1,1,0,1,0,0,1,1,0.084712,0.000000,0.084576,0.120608,0.131440,0.110355,0.136141,0.166728,0.000000,0.000000,0.000000,0.095208,0.000000,0.000000,0.000000,0.070233,turn_light_off,1,1,977,light,none,,,0.000000,1.000000,0,suspended,coursework,2.337054,8.406654,active,120,1,clear,17.000000
8,1117,3448181866,17,Day 1 16:17,suspended,coursework,2.337054,8.406654,active,0.235667,0.841584,0.879281,0.899022,0.118333,0.020667,0.459490,0.158000,0.078800,10,1,1,1,0,0,0,1,1,1,1,1,0,0,0,1,1,0.130349,0.000000,0.130135,0.000000,0.000000,0.000000,0.209340,0.256402,0.000000,0.000000,0.165748,0.000000,0.000000,0.000000,0.000000,0.108025,turn_light_on,1,1,978,light,none,,,0.000000,1.000000,0,suspended,coursework,2.337054,8.406654,active,120,1,clear,17.000000
8,1117,3448181866,18,Day 1 16:18,suspended,coursework,2.337054,8.406654,active,0.236000,0.841984,0.879281,0.918689,0.119167,0.021333,0.459990,0.157000,0.078200,13,1,1,1,1,1,1,1,1,1,1,0,1,0,0,1,1,0.084196,0.000000,0.084055,0.119766,0.131011,0.116049,0.135126,0.165523,0.000000,0.000000,0.000000,0.094527,0.000000,0.000000,0.000000,0.069747,turn_light_off,1,1,979,light,none,,,0.000000,1.000000,0,suspended,coursework,2.337054,8.406654,active,120,1,clear,17.000000
8,1117,3448181866,19,Day 1 16:19,suspended,coursework,2.337054,8.406654,active,0.236333,0.842384,0.879281,0.938355,0.120000,0.022000,0.460490,0.156000,0.077600,10,1,1,1,0,0,0,1,1,1,1,1,0,0,0,1,1,0.130454,0.000000,0.130232,0.000000,0.000000,0.000000,0.209223,0.256317,0.000000,0.000000,0.165751,0.000000,0.000000,0.000000,0.000000,0.108023,sleep_at_bed,1,480,1459,bed,none,evening,,0.000000,1.000000,0,suspended,coursework,2.337054,8.406654,active,120,1,clear,17.000000
8,1117,3448181866,20,Day 2 00:19,suspended,coursework,2.337054,8.406654,active,0.316333,0.569421,0.961835,0.858355,0.520000,0.342000,0.729055,0.000000,0.000000,10,1,1,1,0,0,0,1,1,1,1,1,0,0,0,1,1,0.139659,0.000000,0.132891,0.000000,0.000000,0.000000,0.147227,0.000000,0.143050,0.167935,0.166899,0.000000,0.000000,0.000000,0.000000,0.102339,turn_light_on,1,1,1460,light,none,,,0.000000,1.000000,0,suspended,coursework,2.337054,8.406654,active,120,1,clear,17.000000
8,1117,3448181866,21,Day 2 00:20,suspended,coursework,2.337054,8.406654,active,0.316667,0.569821,0.961835,0.878022,0.520833,0.342667,0.729680,0.000000,0.000000,13,1,1,1,1,1,1,1,1,1,1,0,1,0,0,1,1,0.081669,0.000000,0.077710,0.142958,0.155777,0.142346,0.086100,0.000000,0.083692,0.098265,0.000000,0.071643,0.000000,0.000000,0.000000,0.059838,study_focused,1,35,1495,desk,none,,coursework,0.493229,0.959021,0,active,coursework,2.830283,8.406654,active,120,1,clear,17.000000
8,1117,3448181866,22,Day 2 00:55,active,coursework,2.830283,8.406654,active,0.348333,0.693821,0.849645,0.946355,0.550000,0.366000,0.701575,0.000000,0.000000,13,1,1,1,1,1,1,1,1,1,1,0,1,0,0,1,1,0.076998,0.000000,0.073904,0.118517,0.129987,0.106473,0.088441,0.104159,0.080261,0.094709,0.000000,0.069909,0.000000,0.000000,0.000000,0.056641,go_to_bathroom,1,15,1510,door,none,,,0.000000,1.000000,0,suspended,coursework,2.830283,8.406654,active,120,1,clear,17.000000
8,1117,3448181866,23,Day 2 01:10,suspended,coursework,2.830283,8.406654,active,0.353333,0.699821,0.849645,1.000000,0.562500,0.000000,0.708403,0.000000,0.000000,13,1,1,1,1,1,1,1,1,1,1,0,1,0,0,1,1,0.088418,0.000000,0.084849,0.116585,0.128522,0.104933,0.101681,0.120080,0.000000,0.109778,0.000000,0.080238,0.000000,0.000000,0.000000,0.064916,study_halfhearted,1,35,1545,desk,none,,coursework,0.286422,0.928187,0,active,coursework,3.116705,8.406654,active,120,1,clear,17.000000
8,1117,3448181866,24,Day 2 01:45,active,coursework,3.116705,8.406654,active,0.415000,0.793821,0.789811,1.000000,0.591667,0.023333,0.704333,0.000000,0.000000,13,1,1,1,1,1,1,1,1,1,1,0,1,0,0,1,1,0.085180,0.000000,0.081747,0.118614,0.130759,0.112715,0.101961,0.124328,0.000000,0.105765,0.000000,0.077515,0.000000,0.000000,0.000000,0.061416,study_at_computer,1,35,1580,computer,none,,coursework,0.719981,0.994912,0,active,coursework,3.836686,8.406654,active,120,1,clear,17.000000
8,1117,3448181866,25,Day 2 02:20,active,coursework,3.836686,8.406654,active,0.446667,0.919015,0.677622,1.000000,0.620833,0.046667,0.667083,0.045000,0.000000,13,1,1,1,1,1,1,1,1,1,1,0,1,0,0,1,1,0.084116,0.000000,0.081510,0.104132,0.114794,0.106051,0.113731,0.144749,0.000000,0.108165,0.000000,0.081067,0.000000,0.000000,0.000000,0.061687,study_halfhearted,1,35,1615,desk,none,,coursework,0.307088,0.995156,0,active,coursework,4.143774,8.406654,active,120,1,clear,17.000000
8,1117,3448181866,26,Day 2 02:55,active,coursework,4.143774,8.406654,active,0.508333,1.000000,0.617788,1.000000,0.650000,0.070000,0.653868,0.010000,0.000000,13,1,1,1,1,1,1,1,1,1,1,0,1,0,0,1,1,0.080911,0.000000,0.078239,0.089931,0.099140,0.096619,0.109782,0.143142,0.000000,0.102862,0.000000,0.076406,0.000000,0.000000,0.065362,0.057606,rest_at_bed,1,60,1675,bed,none,,,0.000000,1.000000,0,suspended,coursework,4.143774,8.406654,active,120,1,clear,17.000000
8,1117,3448181866,27,Day 2 03:55,suspended,coursework,4.143774,8.406654,active,0.568333,0.791760,0.670341,1.000000,0.700000,0.110000,0.688527,0.000000,0.000000,13,1,1,1,1,1,1,1,1,1,1,0,1,0,0,1,1,0.098011,0.000000,0.091575,0.096773,0.106682,0.101220,0.106687,0.129804,0.000000,0.122544,0.000000,0.081052,0.000000,0.000000,0.000000,0.065651,turn_light_off,1,1,1676,light,none,,,0.000000,1.000000,0,suspended,coursework,4.143774,8.406654,active,120,1,clear,17.000000
8,1117,3448181866,28,Day 2 03:56,suspended,coursework,4.143774,8.406654,active,0.568667,0.792160,0.670341,1.000000,0.700833,0.110667,0.688710,0.000000,0.000000,10,1,1,1,0,0,0,1,1,1,1,1,0,0,0,1,1,0.139102,0.000000,0.129966,0.000000,0.000000,0.000000,0.151431,0.184271,0.000000,0.174028,0.128040,0.000000,0.000000,0.000000,0.000000,0.093162,sleep_at_bed,1,480,2156,bed,none,alarm-rings,,0.000000,1.000000,0,suspended,coursework,4.143774,8.406654,active,120,1,clear,17.000000
8,1117,3448181866,29,Day 2 11:56,suspended,coursework,4.143774,8.406654,active,0.678667,0.519196,0.752894,0.920000,1.000000,0.430667,0.847718,0.000000,0.000000,11,1,1,1,0,0,0,1,1,1,1,1,0,1,0,1,1,0.131015,0.000000,0.116417,0.000000,0.000000,0.000000,0.104712,0.000000,0.116149,0.196720,0.115085,0.000000,0.139982,0.000000,0.000000,0.079920,go_to_bathroom,1,15,2171,door,none,,,0.000000,1.000000,0,suspended,coursework,4.143774,8.406654,active,120,1,clear,17.000000
8,1117,3448181866,30,Day 2 12:11,suspended,coursework,4.143774,8.406654,active,0.683667,0.525196,0.752894,1.000000,1.000000,0.000000,0.852341,0.000000,0.000000,11,1,1,1,0,0,0,1,1,1,1,1,0,1,0,1,1,0.148383,0.000000,0.131826,0.000000,0.000000,0.000000,0.118763,0.000000,0.000000,0.222263,0.130091,0.000000,0.158332,0.000000,0.000000,0.090341,turn_off_alarm,1,1,2172,alarm,none,,,0.000000,1.000000,0,suspended,coursework,4.143774,8.406654,active,120,1,clear,17.000000
8,1117,3448181866,31,Day 2 12:12,suspended,coursework,4.143774,8.406654,active,0.684000,0.525596,0.752894,1.000000,1.000000,0.000667,0.832649,0.000000,0.000000,10,1,1,1,0,0,0,1,1,1,1,1,0,0,0,1,1,0.176318,0.000000,0.156642,0.000000,0.000000,0.000000,0.141404,0.000000,0.000000,0.264063,0.154239,0.000000,0.000000,0.000000,0.000000,0.107334,turn_light_on,1,1,2173,light,none,,,0.000000,1.000000,0,suspended,coursework,4.143774,8.406654,active,120,1,clear,17.000000
8,1117,3448181866,32,Day 2 12:13,suspended,coursework,4.143774,8.406654,active,0.684333,0.525996,0.752894,1.000000,1.000000,0.001333,0.832957,0.000000,0.000000,13,1,1,1,1,1,1,1,1,1,1,0,1,0,0,1,1,0.121943,0.000000,0.108334,0.127035,0.140042,0.148015,0.097806,0.000000,0.000000,0.182600,0.000000,0.000000,0.000000,0.000000,0.000000,0.074224,use_computer,1,30,2203,computer,none,,,0.000000,1.000000,0,suspended,coursework,4.143774,8.406654,active,120,1,clear,17.000000
8,1117,3448181866,33,Day 2 12:43,suspended,coursework,4.143774,8.406654,active,0.534333,0.640119,0.825447,0.990000,1.000000,0.021333,0.870684,0.080000,0.000000,13,1,1,1,1,1,1,1,1,1,1,0,1,0,0,1,1,0.088275,0.000000,0.081665,0.108541,0.119540,0.121793,0.090410,0.106828,0.000000,0.150324,0.000000,0.072635,0.000000,0.000000,0.000000,0.059990,sleep_at_bed,1,480,2683,bed,none,message-study-group|room-temperature-shift|weather-clear|task-reminder|evening,,0.000000,1.000000,0,suspended,coursework,4.143774,8.406654,active,120,2,clear,24.000000
8,1117,3448181866,34,Day 2 20:43,suspended,coursework,4.143774,8.406654,active,0.614333,0.367155,0.988001,0.910000,1.000000,0.341333,1.000000,0.000000,0.000000,13,1,1,1,1,1,1,1,1,1,1,0,1,0,0,1,1,0.100546,0.000000,0.088789,0.138566,0.151451,0.148421,0.072674,0.000000,0.083649,0.154393,0.000000,0.000000,0.000000,0.000000,0.000000,0.061511,study_halfhearted,1,35,2718,desk,none,,coursework,0.284641,0.922413,0,active,coursework,4.428415,8.406654,active,120,2,clear,24.000000
8,1117,3448181866,35,Day 2 21:18,active,coursework,4.428415,8.406654,active,0.676000,0.461155,0.928166,0.918333,1.000000,0.364667,1.000000,0.000000,0.000000,13,1,1,1,1,1,1,1,1,1,1,0,1,0,0,1,1,0.100441,0.000000,0.088702,0.146296,0.160027,0.135440,0.075536,0.000000,0.083150,0.150065,0.000000,0.000000,0.000000,0.000000,0.000000,0.060344,study_at_computer,1,35,2753,computer,none,,coursework,0.741888,1.025184,0,active,coursework,5.170303,8.406654,active,120,2,clear,24.000000
8,1117,3448181866,36,Day 2 21:53,active,coursework,5.170303,8.406654,active,0.707667,0.586349,0.815977,0.986667,1.000000,0.388000,0.970105,0.045000,0.000000,13,1,1,1,1,1,1,1,1,1,1,0,1,0,0,1,1,0.087556,0.000000,0.078073,0.113533,0.124999,0.112576,0.074323,0.086809,0.074691,0.131805,0.000000,0.062130,0.000000,0.000000,0.000000,0.053503,study_halfhearted,1,35,2788,desk,none,,coursework,0.300004,0.972198,0,active,coursework,5.470306,8.406654,active,120,2,clear,24.000000
8,1117,3448181866,37,Day 2 22:28,active,coursework,5.470306,8.406654,active,0.769333,0.680349,0.756143,0.995000,1.000000,0.411333,0.964246,0.010000,0.000000,13,1,1,1,1,1,1,1,1,1,1,0,1,0,0,1,1,0.090614,0.000000,0.080751,0.105473,0.116217,0.110435,0.077971,0.093783,0.076154,0.131403,0.000000,0.063361,0.000000,0.000000,0.000000,0.053837,get_meal,1,35,2823,door,none,,,0.000000,1.000000,0,suspended,coursework,5.470306,8.406654,active,120,2,clear,24.000000
8,1117,3448181866,38,Day 2 23:03,suspended,coursework,5.470306,8.406654,active,0.741000,0.694349,0.756143,1.000000,0.479167,0.434667,0.975205,0.000000,0.000000,13,1,1,1,1,1,1,1,1,1,1,0,1,0,0,1,1,0.098869,0.000000,0.088665,0.100331,0.110604,0.104119,0.086832,0.104981,0.086372,0.089249,0.000000,0.070433,0.000000,0.000000,0.000000,0.059544,use_phone,1,25,2848,phone,none,,,0.000000,1.000000,0,suspended,coursework,5.470306,8.406654,active,120,2,clear,24.000000
8,1117,3448181866,39,Day 2 23:28,suspended,coursework,5.470306,8.406654,active,0.529333,0.786869,0.848696,1.000000,0.500000,0.451333,1.000000,0.095000,0.085000,13,1,1,1,1,1,1,1,1,1,1,0,1,0,0,1,1,0.082078,0.000000,0.077304,0.104216,0.114887,0.101100,0.095127,0.119827,0.086238,0.089429,0.000000,0.072755,0.000000,0.000000,0.000000,0.057037,use_phone,1,25,2873,phone,none,,,0.000000,1.000000,0,suspended,coursework,5.470306,8.406654,active,120,2,clear,24.000000
8,1117,3448181866,40,Day 2 23:53,suspended,coursework,5.470306,8.406654,active,0.317667,0.879389,0.941249,1.000000,0.520833,0.468000,1.000000,0.190000,0.170000,13,1,1,1,1,1,1,1,1,1,1,0,1,0,0,1,1,0.059916,0.058232,0.059266,0.094742,0.104443,0.086099,0.091855,0.120269,0.075714,0.078797,0.000000,0.066085,0.000000,0.000000,0.056538,0.048043,rest_at_bed,1,60,2933,bed,none,,,0.000000,1.000000,0,suspended,coursework,5.470306,8.406654,active,120,2,clear,24.000000
8,1117,3448181866,41,Day 3 00:53,suspended,coursework,5.470306,8.406654,active,0.377667,0.671149,0.993802,1.000000,0.570833,0.508000,1.000000,0.000000,0.134000,13,1,1,1,1,1,1,1,1,1,1,0,1,0,0,1,1,0.072377,0.060915,0.068938,0.111711,0.123149,0.102000,0.077878,0.093626,0.084717,0.088925,0.000000,0.063898,0.000000,0.000000,0.000000,0.051866,study_focused,1,35,2968,desk,none,,coursework,0.554532,1.078217,0,active,coursework,6.024838,8.406654,active,120,2,clear,24.000000
8,1117,3448181866,42,Day 3 01:28,active,coursework,6.024838,8.406654,active,0.409333,0.795149,0.881613,1.000000,0.600000,0.531333,0.973595,0.000000,0.113000,13,1,1,1,1,1,1,1,1,1,1,0,1,0,0,1,1,0.074506,0.000000,0.071584,0.117781,0.129841,0.105685,0.087330,0.109300,0.088707,0.093581,0.000000,0.068079,0.000000,0.000000,0.000000,0.053606,get_meal,1,35,3003,door,none,,,0.000000,1.000000,0,suspended,coursework,6.024838,8.406654,active,120,2,clear,24.000000
8,1117,3448181866,43,Day 3 02:03,suspended,coursework,6.024838,8.406654,active,0.381000,0.809149,0.881613,1.000000,0.079167,0.554667,0.991225,0.000000,0.092000,13,1,1,1,1,1,1,1,1,1,1,0,1,0,0,1,1,0.085200,0.000000,0.082393,0.117908,0.129981,0.104801,0.102642,0.129303,0.105746,0.000000,0.000000,0.079711,0.000000,0.000000,0.000000,0.062315,use_phone,1,25,3028,phone,none,,,0.000000,1.000000,0,suspended,coursework,6.024838,8.406654,active,120,2,clear,24.000000
8,1117,3448181866,44,Day 3 02:28,suspended,coursework,6.024838,8.406654,active,0.169333,0.901669,0.974166,1.000000,0.100000,0.571333,1.000000,0.095000,0.177000,13,1,1,1,1,1,1,1,1,1,1,0,1,0,0,1,1,0.065370,0.067753,0.066392,0.112849,0.124404,0.093894,0.104084,0.136404,0.097581,0.000000,0.000000,0.076100,0.000000,0.000000,0.000000,0.055168,sleep_at_bed,1,480,3508,bed,none,alarm-rings,,0.000000,1.000000,0,suspended,coursework,6.024838,8.406654,active,120,2,clear,24.000000
8,1117,3448181866,45,Day 3 10:28,suspended,coursework,6.024838,8.406654,active,0.279333,0.628706,1.000000,0.920000,0.500000,0.891333,1.000000,0.000000,0.000000,14,1,1,1,1,1,1,1,1,1,1,0,1,1,0,1,1,0.065062,0.000000,0.062730,0.107802,0.117939,0.091808,0.071828,0.085098,0.116469,0.079085,0.000000,0.059924,0.093424,0.000000,0.000000,0.048831,sleep_at_bed,1,480,3988,bed,none,weather-clear|message-study-group|room-temperature-shift|task-reminder,,0.000000,1.000000,0,suspended,coursework,6.024838,8.406654,active,120,3,clear,24.000000
8,1117,3448181866,46,Day 3 18:28,suspended,coursework,6.024838,8.406654,active,0.359333,0.355743,1.000000,0.840000,0.900000,1.000000,1.000000,0.000000,0.000000,14,1,1,1,1,1,1,1,1,1,1,0,1,1,0,1,1,0.076497,0.000000,0.070510,0.124774,0.135473,0.108645,0.064126,0.000000,0.140260,0.125007,0.000000,0.000000,0.101337,0.000000,0.000000,0.053372,go_to_bathroom,1,15,4003,door,none,,,0.000000,1.000000,0,suspended,coursework,6.024838,8.406654,active,120,3,clear,24.000000
8,1117,3448181866,47,Day 3 18:43,suspended,coursework,6.024838,8.406654,active,0.364333,0.361743,1.000000,0.927344,0.912500,0.390000,1.000000,0.000000,0.000000,14,1,1,1,1,1,1,1,1,1,1,0,1,1,0,1,1,0.081243,0.000000,0.074870,0.132007,0.144522,0.118561,0.068231,0.000000,0.082619,0.134010,0.000000,0.000000,0.107364,0.000000,0.000000,0.056573,turn_off_alarm,1,1,4004,alarm,none,,,0.000000,1.000000,0,suspended,coursework,6.024838,8.406654,active,120,3,clear,24.000000
8,1117,3448181866,48,Day 3 18:44,suspended,coursework,6.024838,8.406654,active,0.364667,0.362143,1.000000,0.957011,0.913333,0.390667,0.980684,0.000000,0.000000,13,1,1,1,1,1,1,1,1,1,1,0,1,0,0,1,1,0.090735,0.000000,0.083617,0.146853,0.161229,0.135959,0.076353,0.000000,0.092317,0.149761,0.000000,0.000000,0.000000,0.000000,0.000000,0.063175,get_meal,1,35,4039,door,none,,,0.000000,1.000000,0,suspended,coursework,6.024838,8.406654,active,120,3,clear,24.000000
8,1117,3448181866,49,Day 3 19:19,suspended,coursework,6.024838,8.406654,active,0.336333,0.376143,1.000000,1.000000,0.392500,0.414000,1.000000,0.000000,0.000000,13,1,1,1,1,1,1,1,1,1,1,0,1,0,0,1,1,0.087382,0.000000,0.081052,0.167911,0.185104,0.158423,0.075564,0.000000,0.092679,0.090037,0.000000,0.000000,0.000000,0.000000,0.000000,0.061848,go_to_bathroom,1,15,4054,door,none,,,0.000000,1.000000,0,suspended,coursework,6.024838,8.406654,active,120,3,clear,24.000000
8,1117,3448181866,50,Day 3 19:34,suspended,coursework,6.024838,8.406654,active,0.341333,0.382143,1.000000,1.000000,0.405000,0.000000,1.000000,0.000000,0.000000,13,1,1,1,1,1,1,1,1,1,1,0,1,0,0,1,1,0.095900,0.000000,0.088936,0.183572,0.202369,0.178651,0.083085,0.000000,0.000000,0.099742,0.000000,0.000000,0.000000,0.000000,0.000000,0.067745,get_meal,1,35,4089,door,none,evening,,0.000000,1.000000,0,suspended,coursework,6.024838,8.406654,active,120,3,clear,24.000000
8,1117,3448181866,51,Day 3 20:09,suspended,coursework,6.024838,8.406654,active,0.313000,0.396143,1.000000,1.000000,0.000000,0.023333,1.000000,0.000000,0.000000,13,1,1,1,1,1,1,1,1,1,1,0,1,0,0,1,1,0.104560,0.000000,0.097601,0.203336,0.224156,0.201996,0.093264,0.000000,0.000000,0.000000,0.000000,0.000000,0.000000,0.000000,0.000000,0.075086,study_halfhearted,1,35,4124,desk,none,,coursework,0.285055,0.923756,0,active,coursework,6.309893,8.406654,active,120,3,clear,24.000000
8,1117,3448181866,52,Day 3 20:44,active,coursework,6.309893,8.406654,active,0.374667,0.490143,0.940166,1.000000,0.029167,0.046667,1.000000,0.000000,0.000000,13,1,1,1,1,1,1,1,1,1,1,0,1,0,0,1,1,0.114276,0.000000,0.106676,0.201713,0.222367,0.168324,0.106054,0.000000,0.000000,0.000000,0.000000,0.000000,0.000000,0.000000,0.000000,0.080590,study_focused,1,35,4159,desk,none,,coursework,0.537273,1.044659,0,active,coursework,6.847166,8.406654,active,120,3,clear,24.000000
8,1117,3448181866,53,Day 3 21:19,active,coursework,6.847166,8.406654,active,0.406333,0.614143,0.827977,1.000000,0.058333,0.070000,0.970743,0.000000,0.000000,13,1,1,1,1,1,1,1,1,1,1,0,1,0,0,1,1,0.096667,0.000000,0.091024,0.150007,0.165367,0.134043,0.097751,0.114909,0.000000,0.000000,0.000000,0.081789,0.000000,0.000000,0.000000,0.068444,study_focused,1,35,4194,desk,none,,coursework,0.501583,0.975265,0,active,coursework,7.348749,8.406654,active,120,3,clear,24.000000
8,1117,3448181866,54,Day 3 21:54,active,coursework,7.348749,8.406654,active,0.438000,0.738143,0.715787,1.000000,0.087500,0.093333,0.935522,0.000000,0.000000,13,1,1,1,1,1,1,1,1,1,1,0,1,0,0,1,1,0.098460,0.000000,0.093520,0.134171,0.147909,0.128450,0.108548,0.132730,0.000000,0.000000,0.000000,0.086221,0.000000,0.000000,0.000000,0.069993,sleep_at_bed,1,480,4674,bed,none,,,0.000000,1.000000,0,suspended,coursework,7.348749,8.406654,active,120,3,clear,24.000000
8,1117,3448181866,55,Day 4 05:54,suspended,coursework,7.348749,8.406654,active,0.518000,0.465179,0.798341,0.920000,0.487500,0.413333,1.000000,0.000000,0.000000,13,1,1,1,1,1,1,1,1,1,1,0,1,0,0,1,1,0.102688,0.000000,0.093243,0.148816,0.162810,0.136729,0.085434,0.000000,0.098273,0.104468,0.000000,0.000000,0.000000,0.000000,0.000000,0.067539,study_focused,1,35,4709,desk,none,,coursework,0.478466,0.930317,0,active,coursework,7.827214,8.406654,active,120,3,clear,24.000000
8,1117,3448181866,56,Day 4 06:29,active,coursework,7.827214,8.406654,active,0.549667,0.589179,0.686151,0.988333,0.516667,0.436667,0.963203,0.000000,0.000000,13,1,1,1,1,1,1,1,1,1,1,0,1,0,0,1,1,0.098149,0.000000,0.089898,0.124869,0.137501,0.122932,0.089039,0.000000,0.095543,0.102076,0.000000,0.075180,0.000000,0.000000,0.000000,0.064812,study_focused,1,35,4744,desk,none,alarm-rings,coursework,0.530863,1.032196,0,active,coursework,8.358077,8.406654,active,120,3,clear,24.000000
8,1117,3448181866,57,Day 4 07:04,active,coursework,8.358077,8.406654,active,0.611333,0.713179,0.573962,1.000000,0.545833,0.460000,0.963226,0.000000,0.000000,14,1,1,1,1,1,1,1,1,1,1,0,1,1,0,1,1,0.082143,0.000000,0.075499,0.090689,0.099974,0.096352,0.079482,0.096610,0.079840,0.085727,0.000000,0.063923,0.096149,0.000000,0.000000,0.053611,get_meal,1,35,4779,door,none,,,0.000000,1.000000,0,suspended,coursework,8.358077,8.406654,active,120,3,clear,24.000000
8,1117,3448181866,58,Day 4 07:39,suspended,coursework,8.358077,8.406654,active,0.583000,0.727179,0.573962,1.000000,0.025000,0.483333,0.964500,0.000000,0.000000,14,1,1,1,1,1,1,1,1,1,1,0,1,1,0,1,1,0.092201,0.000000,0.085297,0.088835,0.097931,0.093623,0.091838,0.112182,0.093420,0.000000,0.000000,0.073465,0.110038,0.000000,0.000000,0.061172,go_to_bathroom,1,15,4794,door,none,,,0.000000,1.000000,0,suspended,coursework,8.358077,8.406654,active,120,3,clear,24.000000
8,1117,3448181866,59,Day 4 07:54,suspended,coursework,8.358077,8.406654,active,0.588000,0.733179,0.573962,1.000000,0.037500,0.000000,0.965046,0.000000,0.000000,14,1,1,1,1,1,1,1,1,1,1,0,1,1,0,1,1,0.101469,0.000000,0.093854,0.097401,0.107374,0.105876,0.101254,0.123947,0.000000,0.000000,0.000000,0.080811,0.120824,0.000000,0.000000,0.067191,turn_light_off,1,1,4795,light,none,,,0.000000,1.000000,0,suspended,coursework,8.358077,8.406654,active,120,3,clear,24.000000
8,1117,3448181866,60,Day 4 07:55,suspended,coursework,8.358077,8.406654,active,0.588333,0.733579,0.573962,1.000000,0.038333,0.000667,0.965082,0.000000,0.000000,11,1,1,1,0,0,0,1,1,1,1,1,0,1,0,1,1,0.145154,0.000000,0.134259,0.000000,0.000000,0.000000,0.144864,0.177356,0.000000,0.000000,0.129446,0.000000,0.172816,0.000000,0.000000,0.096106,rest_at_bed,1,60,4855,bed,none,,,0.000000,1.000000,0,suspended,coursework,8.358077,8.406654,active,120,3,clear,24.000000
8,1117,3448181866,61,Day 4 08:55,suspended,coursework,8.358077,8.406654,active,0.648333,0.525339,0.626515,1.000000,0.088333,0.040667,0.995747,0.000000,0.000000,11,1,1,1,0,0,0,1,1,1,1,1,0,1,0,1,1,0.188136,0.000000,0.168171,0.000000,0.000000,0.000000,0.151839,0.000000,0.000000,0.000000,0.162022,0.000000,0.212305,0.000000,0.000000,0.117527,use_computer,1,30,4885,computer,none,message-study-group,,0.000000,1.000000,0,suspended,coursework,8.358077,8.406654,active,120,4,clear,24.000000
8,1117,3448181866,62,Day 4 09:25,suspended,coursework,8.358077,8.406654,active,0.498333,0.639461,0.779069,0.990000,0.113333,0.060667,1.000000,0.080000,0.000000,11,1,1,1,0,0,0,1,1,1,1,1,0,1,0,1,1,0.138373,0.000000,0.128804,0.000000,0.000000,0.000000,0.143061,0.171093,0.000000,0.000000,0.144841,0.000000,0.177758,0.000000,0.000000,0.096070,use_computer,1,30,4915,computer,none,,,0.000000,1.000000,0,suspended,coursework,8.358077,8.406654,active,120,4,clear,24.000000
8,1117,3448181866,63,Day 4 09:55,suspended,coursework,8.358077,8.406654,active,0.348333,0.753584,0.851622,0.980000,0.138333,0.080667,1.000000,0.160000,0.000000,11,1,1,1,0,0,0,1,1,1,1,1,0,1,0,1,1,0.107571,0.000000,0.104272,0.000000,0.000000,0.000000,0.142526,0.178310,0.000000,0.094645,0.132138,0.000000,0.157153,0.000000,0.000000,0.083385,rest_at_bed,1,60,4975,bed,none,,,0.000000,1.000000,0,suspended,coursework,8.358077,8.406654,active,120,4,clear,24.000000
8,1117,3448181866,64,Day 4 10:55,suspended,coursework,8.358077,8.406654,active,0.408333,0.545343,0.904175,1.000000,0.188333,0.120667,1.000000,0.000000,0.000000,11,1,1,1,0,0,0,1,1,1,1,1,0,1,0,1,1,0.145856,0.000000,0.136219,0.000000,0.000000,0.000000,0.138769,0.000000,0.000000,0.120922,0.164770,0.000000,0.191552,0.000000,0.000000,0.101913,use_computer,1,30,5005,computer,none,,,0.000000,1.000000,0,suspended,coursework,8.358077,8.406654,active,120,4,clear,24.000000
8,1117,3448181866,65,Day 4 11:25,suspended,coursework,8.358077,8.406654,active,0.258333,0.659466,0.976728,0.990000,0.213333,0.140667,1.000000,0.080000,0.000000,11,1,1,1,0,0,0,1,1,1,1,1,0,1,0,1,1,0.098728,0.000000,0.096018,0.000000,0.000000,0.000000,0.120376,0.144960,0.089262,0.095299,0.130885,0.000000,0.147452,0.000000,0.000000,0.077019,use_phone,1,25,5030,phone,none,,,0.000000,1.000000,0,suspended,coursework,8.358077,8.406654,active,120,4,clear,24.000000
8,1117,3448181866,66,Day 4 11:50,suspended,coursework,8.358077,8.406654,active,0.046667,0.751986,1.000000,1.000000,0.234167,0.157333,1.000000,0.175000,0.085000,11,1,1,1,0,0,0,1,1,1,1,1,0,1,0,1,1,0.000000,0.000000,0.000000,0.000000,0.000000,0.000000,0.159047,0.199082,0.107233,0.114896,0.156302,0.000000,0.174321,0.000000,0.000000,0.089120,turn_off_alarm,1,1,5031,alarm,none,,,0.000000,1.000000,0,suspended,coursework,8.358077,8.406654,active,120,4,clear,24.000000
8,1117,3448181866,67,Day 4 11:51,suspended,coursework,8.358077,8.406654,active,0.047000,0.752386,1.000000,1.000000,0.235000,0.158000,0.980684,0.174000,0.084400,10,1,1,1,0,0,0,1,1,1,1,1,0,0,0,1,1,0.000000,0.000000,0.000000,0.000000,0.000000,0.000000,0.192923,0.241059,0.129942,0.139248,0.188899,0.000000,0.000000,0.000000,0.000000,0.107928,go_to_bathroom,1,15,5046,door,none,,,0.000000,1.000000,0,suspended,coursework,8.358077,8.406654,active,120,4,clear,24.000000
8,1117,3448181866,68,Day 4 12:06,suspended,coursework,8.358077,8.406654,active,0.052000,0.758386,1.000000,1.000000,0.247500,0.000000,0.990937,0.159000,0.075400,10,1,1,1,0,0,0,1,1,1,1,1,0,0,0,1,1,0.000000,0.000000,0.123586,0.000000,0.000000,0.000000,0.193431,0.242170,0.000000,0.141809,0.190327,0.000000,0.000000,0.000000,0.000000,0.108678,idle,1,10,5056,,none,,,0.000000,1.000000,0,suspended,coursework,8.358077,8.406654,active,120,4,clear,24.000000
8,1117,3448181866,69,Day 4 12:16,suspended,coursework,8.358077,8.406654,active,0.175333,0.762386,1.000000,0.946667,0.255833,0.006667,1.000000,0.149000,0.069400,10,1,1,1,0,0,0,1,1,1,1,1,0,0,0,1,1,0.114876,0.000000,0.114829,0.000000,0.000000,0.000000,0.169203,0.212161,0.000000,0.125370,0.167107,0.000000,0.000000,0.000000,0.000000,0.096454,get_meal,1,35,5091,door,none,,,0.000000,1.000000,0,suspended,coursework,8.358077,8.406654,active,120,4,clear,24.000000
8,1117,3448181866,70,Day 4 12:51,suspended,coursework,8.358077,8.406654,active,0.147000,0.776386,1.000000,1.000000,0.000000,0.030000,1.000000,0.114000,0.048400,10,1,1,1,0,0,0,1,1,1,1,1,0,0,0,1,1,0.130704,0.000000,0.131416,0.000000,0.000000,0.000000,0.192994,0.242557,0.000000,0.000000,0.191876,0.000000,0.000000,0.000000,0.000000,0.110453,idle,1,10,5101,,none,,,0.000000,1.000000,0,suspended,coursework,8.358077,8.406654,active,120,4,clear,24.000000
8,1117,3448181866,71,Day 4 13:01,suspended,coursework,8.358077,8.406654,active,0.270333,0.780386,1.000000,0.946667,0.008333,0.036667,1.000000,0.104000,0.042400,10,1,1,1,0,0,0,1,1,1,1,1,0,0,0,1,1,0.138747,0.000000,0.136592,0.000000,0.000000,0.000000,0.189013,0.237712,0.000000,0.000000,0.188277,0.000000,0.000000,0.000000,0.000000,0.109660,sleep_at_bed,1,480,5581,bed,none,task-reminder|weather-rain|room-temperature-shift|evening,,0.000000,1.000000,0,suspended,coursework,8.358077,8.406654,active,120,4,rain,24.000000
8,1117,3448181866,72,Day 4 21:01,suspended,coursework,8.358077,8.406654,active,0.350333,0.507422,1.000000,0.866667,0.408333,0.356667,1.000000,0.000000,0.000000,10,1,1,1,0,0,0,1,1,1,1,1,0,0,0,1,1,0.145222,0.000000,0.136405,0.000000,0.000000,0.000000,0.138787,0.000000,0.146683,0.152844,0.176484,0.000000,0.000000,0.000000,0.000000,0.103576,get_meal,1,35,5616,door,none,,,0.000000,1.000000,0,suspended,coursework,8.358077,8.406654,active,120,4,rain,24.000000
8,1117,3448181866,73,Day 4 21:36,suspended,coursework,8.358077,8.406654,active,0.322000,0.521422,1.000000,0.987344,0.000000,0.380000,1.000000,0.000000,0.000000,10,1,1,1,0,0,0,1,1,1,1,1,0,0,0,1,1,0.168180,0.000000,0.159000,0.000000,0.000000,0.000000,0.165474,0.000000,0.177082,0.000000,0.208328,0.000000,0.000000,0.000000,0.000000,0.121936,use_computer,1,30,5646,computer,none,,,0.000000,1.000000,0,suspended,coursework,8.358077,8.406654,active,120,4,rain,24.000000
8,1117,3448181866,74,Day 4 22:06,suspended,coursework,8.358077,8.406654,active,0.172000,0.635545,1.000000,0.977344,0.025000,0.400000,1.000000,0.080000,0.000000,10,1,1,1,0,0,0,1,1,1,1,1,0,0,0,1,1,0.122046,0.000000,0.120155,0.000000,0.000000,0.000000,0.153889,0.183796,0.148981,0.000000,0.171928,0.000000,0.000000,0.000000,0.000000,0.099205,sleep_at_bed,1,480,6126,bed,none,,,0.000000,1.000000,0,suspended,coursework,8.358077,8.406654,active,120,4,rain,24.000000
8,1117,3448181866,75,Day 5 06:06,suspended,coursework,8.358077,8.406654,active,0.252000,0.362581,1.000000,0.897344,0.425000,0.720000,1.000000,0.000000,0.000000,10,1,1,1,0,0,0,1,1,1,1,1,0,0,0,1,1,0.133964,0.000000,0.125892,0.000000,0.000000,0.000000,0.120685,0.000000,0.200638,0.149708,0.170171,0.000000,0.000000,0.000000,0.000000,0.098942,idle,1,10,6136,,none,,,0.000000,1.000000,0,suspended,coursework,8.358077,8.406654,active,120,4,rain,24.000000
8,1117,3448181866,76,Day 5 06:16,suspended,coursework,8.358077,8.406654,active,0.375333,0.366581,1.000000,0.844011,0.433333,0.726667,1.000000,0.000000,0.000000,10,1,1,1,0,0,0,1,1,1,1,1,0,0,0,1,1,0.141453,0.000000,0.130181,0.000000,0.000000,0.000000,0.118467,0.000000,0.197652,0.147691,0.166567,0.000000,0.000000,0.000000,0.000000,0.097989,use_phone,1,25,6161,phone,none,,,0.000000,1.000000,0,suspended,coursework,8.358077,8.406654,active,120,4,rain,24.000000
8,1117,3448181866,77,Day 5 06:41,suspended,coursework,8.358077,8.406654,active,0.163667,0.459101,1.000000,0.875678,0.454167,0.743333,1.000000,0.095000,0.085000,10,1,1,1,0,0,0,1,1,1,1,1,0,0,0,1,1,0.121767,0.000000,0.117693,0.000000,0.000000,0.000000,0.134895,0.000000,0.204635,0.153456,0.169708,0.000000,0.000000,0.000000,0.000000,0.097847,idle,1,10,6171,,none,,,0.000000,1.000000,0,suspended,coursework,8.358077,8.406654,active,120,4,rain,24.000000
8,1117,3448181866,78,Day 5 06:51,suspended,coursework,8.358077,8.406654,active,0.287000,0.463101,1.000000,0.822344,0.462500,0.750000,1.000000,0.085000,0.079000,10,1,1,1,0,0,0,1,1,1,1,1,0,0,0,1,1,0.129102,0.000000,0.122179,0.000000,0.000000,0.000000,0.131952,0.000000,0.201842,0.151578,0.166321,0.000000,0.000000,0.000000,0.000000,0.097026,get_meal,1,35,6206,door,none,,,0.000000,1.000000,0,suspended,coursework,8.358077,8.406654,active,120,4,rain,24.000000
8,1117,3448181866,79,Day 5 07:26,suspended,coursework,8.358077,8.406654,active,0.258667,0.477101,1.000000,0.943022,0.000000,0.773333,1.000000,0.050000,0.058000,10,1,1,1,0,0,0,1,1,1,1,1,0,0,0,1,1,0.150452,0.000000,0.143218,0.000000,0.000000,0.000000,0.154154,0.000000,0.242770,0.000000,0.195604,0.000000,0.000000,0.000000,0.000000,0.113801,go_to_bathroom,1,15,6221,door,none,,,0.000000,1.000000,0,suspended,coursework,8.358077,8.406654,active,120,4,rain,24.000000
8,1117,3448181866,80,Day 5 07:41,suspended,coursework,8.358077,8.406654,active,0.263667,0.483101,1.000000,1.000000,0.012500,0.163333,1.000000,0.035000,0.049000,10,1,1,1,0,0,0,1,1,1,1,1,0,0,0,1,1,0.169473,0.000000,0.161249,0.000000,0.000000,0.000000,0.171994,0.000000,0.151025,0.000000,0.218865,0.000000,0.000000,0.000000,0.000000,0.127395,rest_at_bed,1,60,6281,bed,none,alarm-rings,,0.000000,1.000000,0,suspended,coursework,8.358077,8.406654,active,120,4,rain,24.000000
8,1117,3448181866,81,Day 5 08:41,suspended,coursework,8.358077,8.406654,active,0.353667,0.274861,1.000000,1.000000,0.062500,0.203333,1.000000,0.000000,0.013000,11,1,1,1,0,0,0,1,1,1,1,1,0,1,0,1,1,0.167996,0.000000,0.153573,0.000000,0.000000,0.000000,0.000000,0.000000,0.142277,0.000000,0.198402,0.000000,0.221275,0.000000,0.000000,0.116477,use_phone,1,25,6306,phone,none,,,0.000000,1.000000,0,suspended,coursework,8.358077,8.406654,active,120,4,rain,24.000000
8,1117,3448181866,82,Day 5 09:06,suspended,coursework,8.358077,8.406654,active,0.142000,0.367382,1.000000,1.000000,0.083333,0.220000,1.000000,0.095000,0.098000,11,1,1,1,0,0,0,1,1,1,1,1,0,1,0,1,1,0.128529,0.000000,0.123397,0.000000,0.000000,0.000000,0.133759,0.000000,0.130918,0.000000,0.179658,0.000000,0.200369,0.000000,0.000000,0.103370,idle,1,10,6316,,none,,,0.000000,1.000000,0,suspended,coursework,8.358077,8.406654,active,120,4,rain,24.000000
8,1117,3448181866,83,Day 5 09:16,suspended,coursework,8.358077,8.406654,active,0.265333,0.371382,1.000000,0.946667,0.091667,0.226667,1.000000,0.085000,0.092000,11,1,1,1,0,0,0,1,1,1,1,1,0,1,0,1,1,0.136368,0.000000,0.128192,0.000000,0.000000,0.000000,0.130933,0.000000,0.129223,0.000000,0.176198,0.000000,0.196510,0.000000,0.000000,0.102576,go_to_bathroom,1,15,6331,door,none,,,0.000000,1.000000,0,suspended,coursework,8.358077,8.406654,active,120,4,rain,24.000000
8,1117,3448181866,84,Day 5 09:31,suspended,coursework,8.358077,8.406654,active,0.270333,0.377382,1.000000,1.000000,0.104167,0.000000,1.000000,0.070000,0.083000,11,1,1,1,0,0,0,1,1,1,1,1,0,1,0,1,1,0.157405,0.000000,0.147898,0.000000,0.000000,0.000000,0.149696,0.000000,0.000000,0.000000,0.202023,0.000000,0.225312,0.000000,0.000000,0.117666,idle,1,10,6341,,none,,,0.000000,1.000000,0,suspended,coursework,8.358077,8.406654,active,120,4,rain,24.000000
8,1117,3448181866,85,Day 5 09:41,suspended,coursework,8.358077,8.406654,active,0.393667,0.381382,1.000000,0.946667,0.112500,0.006667,1.000000,0.060000,0.077000,11,1,1,1,0,0,0,1,1,1,1,1,0,1,0,1,1,0.166497,0.000000,0.153177,0.000000,0.000000,0.000000,0.146089,0.000000,0.000000,0.000000,0.197529,0.000000,0.220301,0.000000,0.000000,0.116406,rest_at_bed,1,60,6401,bed,none,weather-rain,,0.000000,1.000000,0,suspended,coursework,8.358077,8.406654,active,120,4,rain,24.000000
8,1117,3448181866,86,Day 5 10:41,suspended,coursework,8.358077,8.406654,active,0.453667,0.173141,1.000000,0.976667,0.162500,0.046667,1.000000,0.000000,0.041000,11,1,1,1,0,0,0,1,1,1,1,1,0,1,0,1,1,0.178133,0.000000,0.158198,0.000000,0.000000,0.000000,0.000000,0.000000,0.000000,0.134320,0.195478,0.000000,0.218014,0.000000,0.000000,0.115857,turn_light_on,1,1,6402,light,none,,,0.000000,1.000000,0,suspended,coursework,8.358077,8.406654,active,120,4,rain,24.000000
8,1117,3448181866,87,Day 5 10:42,suspended,coursework,8.358077,8.406654,active,0.454000,0.173541,1.000000,0.996333,0.163333,0.047333,1.000000,0.000000,0.040400,14,1,1,1,1,1,1,1,1,1,1,0,1,1,0,1,1,0.085100,0.000000,0.075576,0.155909,0.171812,0.287917,0.000000,0.000000,0.000000,0.064209,0.000000,0.000000,0.104136,0.000000,0.000000,0.055342,turn_off_alarm,1,1,6403,alarm,none,,,0.000000,1.000000,0,suspended,coursework,8.358077,8.406654,active,120,4,rain,24.000000
8,1117,3448181866,88,Day 5 10:43,suspended,coursework,8.358077,8.406654,active,0.454333,0.173941,1.000000,1.000000,0.164167,0.048000,0.980684,0.000000,0.039800,13,1,1,1,1,1,1,1,1,1,1,0,1,0,0,1,1,0.094306,0.000000,0.083750,0.172097,0.189718,0.327607,0.000000,0.000000,0.000000,0.071200,0.000000,0.000000,0.000000,0.000000,0.000000,0.061321,study_focused,1,35,6438,desk,none,task-completed,coursework,0.483073,0.939275,0,none,,8.406654,8.406654,completed,120,4,rain,24.000000
8,1117,3448181866,89,Day 5 11:18,none,,8.406654,8.406654,completed,0.486000,0.297941,0.252072,1.000000,0.193333,0.071333,0.404608,0.000000,0.018800,10,1,1,1,0,0,0,1,1,1,1,0,1,0,0,1,1,0.242334,0.000000,0.217084,0.000000,0.000000,0.000000,0.189500,0.000000,0.000000,0.187034,0.000000,0.000000,0.000000,0.000000,0.000000,0.164048,use_computer,1,30,6468,computer,none,,,0.000000,1.000000,0,none,,8.406654,8.406654,completed,120,4,rain,24.000000
8,1117,3448181866,90,Day 5 11:48,none,,8.406654,8.406654,completed,0.336000,0.412064,0.252072,0.990000,0.218333,0.091333,0.404608,0.080000,0.000800,10,1,1,1,0,0,0,1,1,1,1,0,1,0,0,1,1,0.217744,0.000000,0.203121,0.000000,0.000000,0.000000,0.218209,0.000000,0.000000,0.195669,0.000000,0.000000,0.000000,0.000000,0.000000,0.165256,idle,1,10,6478,,none,,,0.000000,1.000000,0,none,,8.406654,8.406654,completed,120,4,rain,24.000000
8,1117,3448181866,91,Day 5 11:58,none,,8.406654,8.406654,completed,0.459333,0.416064,0.252072,0.936667,0.226667,0.098000,0.404608,0.070000,0.000000,10,1,1,1,0,0,0,1,1,1,1,0,1,0,0,1,1,0.228052,0.000000,0.208298,0.000000,0.000000,0.000000,0.210851,0.000000,0.000000,0.190923,0.000000,0.000000,0.000000,0.000000,0.000000,0.161875,get_meal,1,35,6513,door,none,,,0.000000,1.000000,0,none,,8.406654,8.406654,completed,120,4,rain,24.000000
8,1117,3448181866,92,Day 5 12:33,none,,8.406654,8.406654,completed,0.431000,0.430064,0.252072,1.000000,0.000000,0.121333,0.404608,0.035000,0.000000,10,1,1,1,0,0,0,1,1,1,1,0,1,0,0,1,1,0.280900,0.000000,0.258070,0.000000,0.000000,0.000000,0.260355,0.000000,0.000000,0.000000,0.000000,0.000000,0.000000,0.000000,0.000000,0.200675,rest_at_bed,1,60,6573,bed,none,,,0.000000,1.000000,0,none,,8.406654,8.406654,completed,120,4,rain,24.000000
8,1117,3448181866,93,Day 5 13:33,none,,8.406654,8.406654,completed,0.491000,0.221823,0.252072,1.000000,0.050000,0.161333,0.404608,0.000000,0.000000,10,1,1,1,0,0,0,1,1,1,1,0,1,0,0,1,1,0.248063,0.000000,0.220102,0.000000,0.000000,0.000000,0.181575,0.000000,0.184221,0.000000,0.000000,0.000000,0.000000,0.000000,0.000000,0.166039,use_phone,1,25,6598,phone,none,,,0.000000,1.000000,0,none,,8.406654,8.406654,completed,120,4,rain,24.000000
8,1117,3448181866,94,Day 5 13:58,none,,8.406654,8.406654,completed,0.279333,0.314344,0.252072,1.000000,0.070833,0.178000,0.404608,0.095000,0.085000,10,1,1,1,0,0,0,1,1,1,1,0,1,0,0,1,1,0.218833,0.000000,0.203921,0.000000,0.000000,0.000000,0.211881,0.000000,0.195458,0.000000,0.000000,0.000000,0.000000,0.000000,0.000000,0.169907,idle,1,10,6608,,none,,,0.000000,1.000000,0,none,,8.406654,8.406654,completed,120,4,rain,24.000000
8,1117,3448181866,95,Day 5 14:08,none,,8.406654,8.406654,completed,0.402667,0.318344,0.252072,0.946667,0.079167,0.184667,0.404608,0.085000,0.079000,10,1,1,1,0,0,0,1,1,1,1,0,1,0,0,1,1,0.229210,0.000000,0.209134,0.000000,0.000000,0.000000,0.204752,0.000000,0.190459,0.000000,0.000000,0.000000,0.000000,0.000000,0.000000,0.166445,use_computer,1,30,6638,computer,none,,,0.000000,1.000000,0,none,,8.406654,8.406654,completed,120,4,rain,24.000000
8,1117,3448181866,96,Day 5 14:38,none,,8.406654,8.406654,completed,0.252667,0.432466,0.252072,0.936667,0.104167,0.204667,0.404608,0.165000,0.061000,10,1,1,1,0,0,0,1,1,1,1,0,1,0,0,1,1,0.172238,0.000000,0.163650,0.000000,0.000000,0.000000,0.197176,0.000000,0.165923,0.000000,0.000000,0.160790,0.000000,0.000000,0.000000,0.140223,idle,1,10,6648,,none,,,0.000000,1.000000,0,none,,8.406654,8.406654,completed,120,4,rain,24.000000
8,1117,3448181866,97,Day 5 14:48,none,,8.406654,8.406654,completed,0.376000,0.436466,0.252072,0.883333,0.112500,0.211333,0.404608,0.155000,0.055000,10,1,1,1,0,0,0,1,1,1,1,0,1,0,0,1,1,0.181610,0.000000,0.168955,0.000000,0.000000,0.000000,0.191814,0.000000,0.162759,0.000000,0.000000,0.156581,0.000000,0.000000,0.000000,0.138282,use_computer,1,30,6678,computer,none,,,0.000000,1.000000,0,none,,8.406654,8.406654,completed,120,4,rain,24.000000
8,1117,3448181866,98,Day 5 15:18,none,,8.406654,8.406654,completed,0.226000,0.550588,0.252072,0.873333,0.137500,0.231333,0.404608,0.235000,0.037000,10,1,1,1,0,0,0,1,1,1,1,0,1,0,0,1,1,0.114993,0.000000,0.111404,0.000000,0.000000,0.000000,0.155649,0.172487,0.119477,0.108847,0.000000,0.118979,0.000000,0.000000,0.000000,0.098164,turn_light_off,1,1,6679,light,none,,,0.000000,1.000000,0,none,,8.406654,8.406654,completed,120,4,rain,24.000000
8,1117,3448181866,99,Day 5 15:19,none,,8.406654,8.406654,completed,0.226333,0.550988,0.252072,0.893000,0.138333,0.232000,0.404608,0.234000,0.036400,10,1,1,1,0,0,0,1,1,1,1,1,0,0,0,1,1,0.130550,0.000000,0.126470,0.000000,0.000000,0.000000,0.176593,0.195710,0.135667,0.123613,0.000000,0.000000,0.000000,0.000000,0.000000,0.111397,get_meal,1,35,6714,door,none,room-temperature-shift,,0.000000,1.000000,0,none,,8.406654,8.406654,completed,120,4,rain,24.000000
8,1117,3448181866,100,Day 5 15:54,none,,8.406654,8.406654,completed,0.198000,0.564988,0.252072,1.000000,0.000000,0.255333,0.404608,0.199000,0.015400,10,1,1,1,0,0,0,1,1,1,1,1,0,0,0,1,1,0.147751,0.000000,0.143972,0.000000,0.000000,0.000000,0.200355,0.222563,0.158469,0.000000,0.000000,0.000000,0.000000,0.000000,0.000000,0.126889,use_computer,1,30,6744,computer,none,,,0.000000,1.000000,0,none,,8.406654,8.406654,completed,120,4,rain,24.000000
8,1117,3448181866,101,Day 5 16:24,none,,8.406654,8.406654,completed,0.048000,0.679111,0.252072,0.990000,0.025000,0.275333,0.404608,0.279000,0.000000,10,1,1,1,0,0,0,1,1,1,1,1,0,0,0,1,1,0.000000,0.000000,0.000000,0.000000,0.000000,0.000000,0.291409,0.338628,0.208509,0.000000,0.000000,0.000000,0.000000,0.000000,0.000000,0.161454,go_to_bathroom,1,15,6759,door,none,,,0.000000,1.000000,0,none,,8.406654,8.406654,completed,120,4,rain,24.000000
8,1117,3448181866,102,Day 5 16:39,none,,8.406654,8.406654,completed,0.053000,0.685111,0.252072,1.000000,0.037500,0.000000,0.404608,0.264000,0.000000,10,1,1,1,0,0,0,1,1,1,1,1,0,0,0,1,1,0.000000,0.000000,0.000000,0.000000,0.000000,0.000000,0.367770,0.427790,0.000000,0.000000,0.000000,0.000000,0.000000,0.000000,0.000000,0.204440,rest_at_bed,1,60,6819,bed,none,message-study-group,,0.000000,1.000000,0,none,,8.406654,8.406654,completed,120,5,rain,24.000000
8,1117,3448181866,103,Day 5 17:39,none,,8.406654,8.406654,completed,0.113000,0.476870,0.252072,1.000000,0.087500,0.040000,0.404608,0.064000,0.000000,10,1,1,1,0,0,0,1,1,1,1,1,0,0,0,1,1,0.248095,0.000000,0.242256,0.000000,0.000000,0.000000,0.297459,0.000000,0.000000,0.000000,0.000000,0.000000,0.000000,0.000000,0.000000,0.212190,idle,1,10,6829,,none,evening,,0.000000,1.000000,0,none,,8.406654,8.406654,completed,120,5,rain,24.000000
8,1117,3448181866,104,Day 5 17:49,none,,8.406654,8.406654,completed,0.236333,0.480870,0.252072,0.946667,0.095833,0.046667,0.404608,0.054000,0.000000,10,1,1,1,0,0,0,1,1,1,1,1,0,0,0,1,1,0.258921,0.000000,0.247552,0.000000,0.000000,0.000000,0.286413,0.000000,0.000000,0.000000,0.000000,0.000000,0.000000,0.000000,0.000000,0.207115,use_phone,1,25,6854,phone,none,,,0.000000,1.000000,0,none,,8.406654,8.406654,completed,120,5,rain,24.000000
8,1117,3448181866,105,Day 5 18:14,none,,8.406654,8.406654,completed,0.024667,0.573391,0.252072,0.978333,0.116667,0.063333,0.404608,0.149000,0.085000,10,1,1,1,0,0,0,1,1,1,1,1,0,0,0,1,1,0.000000,0.000000,0.000000,0.000000,0.000000,0.000000,0.364400,0.404519,0.000000,0.000000,0.000000,0.000000,0.000000,0.000000,0.000000,0.231081,rest_at_bed,1,60,6914,bed,none,,,0.000000,1.000000,0,none,,8.406654,8.406654,completed,120,5,rain,24.000000
8,1117,3448181866,106,Day 5 19:14,none,,8.406654,8.406654,completed,0.084667,0.365150,0.252072,1.000000,0.166667,0.103333,0.404608,0.000000,0.049000,10,1,1,1,0,0,0,1,1,1,1,1,0,0,0,1,1,0.206578,0.000000,0.199895,0.000000,0.000000,0.000000,0.218876,0.000000,0.000000,0.200809,0.000000,0.000000,0.000000,0.000000,0.000000,0.173843,rest_at_bed,1,60,6974,bed,none,,,0.000000,1.000000,0,none,,8.406654,8.406654,completed,120,5,rain,24.000000
8,1117,3448181866,107,Day 5 20:14,none,,8.406654,8.406654,completed,0.144667,0.156910,0.252072,1.000000,0.216667,0.143333,0.404608,0.000000,0.013000,10,1,1,1,0,0,0,1,1,1,1,1,0,0,0,1,1,0.217970,0.000000,0.203836,0.000000,0.000000,0.000000,0.000000,0.000000,0.195628,0.208980,0.000000,0.000000,0.000000,0.000000,0.000000,0.173586,get_meal,1,35,7009,door,none,,,0.000000,1.000000,0,none,,8.406654,8.406654,completed,120,5,rain,24.000000
8,1117,3448181866,108,Day 5 20:49,none,,8.406654,8.406654,completed,0.116333,0.170910,0.252072,1.000000,0.000000,0.166667,0.404608,0.000000,0.000000,10,1,1,1,0,0,0,1,1,1,1,1,0,0,0,1,1,0.271266,0.000000,0.255332,0.000000,0.000000,0.000000,0.000000,0.000000,0.253795,0.000000,0.000000,0.000000,0.000000,0.000000,0.000000,0.219607,use_computer,1,30,7039,computer,none,,,0.000000,1.000000,0,none,,8.406654,8.406654,completed,120,5,rain,24.000000
8,1117,3448181866,109,Day 5 21:19,none,,8.406654,8.406654,completed,0.000000,0.285033,0.252072,0.990000,0.025000,0.186667,0.404608,0.080000,0.000000,10,1,1,1,0,0,0,1,1,1,1,1,0,0,0,1,1,0.246031,0.000000,0.000000,0.000000,0.000000,0.000000,0.273201,0.000000,0.261364,0.000000,0.000000,0.000000,0.000000,0.000000,0.000000,0.219404,use_phone,1,25,7064,phone,none,,,0.000000,1.000000,0,none,,8.406654,8.406654,completed,120,5,rain,24.000000
8,1117,3448181866,110,Day 5 21:44,none,,8.406654,8.406654,completed,0.000000,0.377553,0.252072,1.000000,0.045833,0.203333,0.404608,0.175000,0.085000,10,1,1,1,0,0,0,1,1,1,1,1,0,0,0,1,1,0.000000,0.000000,0.000000,0.000000,0.000000,0.000000,0.386336,0.000000,0.336052,0.000000,0.000000,0.000000,0.000000,0.000000,0.000000,0.277612,idle,1,10,7074,,none,,,0.000000,1.000000,0,none,,8.406654,8.406654,completed,120,5,rain,24.000000
8,1117,3448181866,111,Day 5 21:54,none,,8.406654,8.406654,completed,0.123333,0.381553,0.252072,0.946667,0.054167,0.210000,0.404608,0.165000,0.079000,10,1,1,1,0,0,0,1,1,1,1,1,0,0,0,1,1,0.197479,0.000000,0.190769,0.000000,0.000000,0.000000,0.234788,0.000000,0.205935,0.000000,0.000000,0.000000,0.000000,0.000000,0.000000,0.171029,rest_at_bed,1,60,7134,bed,none,,,0.000000,1.000000,0,none,,8.406654,8.406654,completed,120,5,rain,24.000000
8,1117,3448181866,112,Day 5 22:54,none,,8.406654,8.406654,completed,0.183333,0.173313,0.252072,0.976667,0.104167,0.250000,0.404608,0.000000,0.043000,10,1,1,1,0,0,0,1,1,1,1,1,0,0,0,1,1,0.271341,0.000000,0.252526,0.000000,0.000000,0.000000,0.000000,0.000000,0.263974,0.000000,0.000000,0.000000,0.000000,0.000000,0.000000,0.212159,go_to_bathroom,1,15,7149,door,none,,,0.000000,1.000000,0,none,,8.406654,8.406654,completed,120,5,rain,24.000000
8,1117,3448181866,113,Day 5 23:09,none,,8.406654,8.406654,completed,0.188333,0.179313,0.252072,1.000000,0.116667,0.000000,0.404608,0.000000,0.034000,10,1,1,1,0,0,0,1,1,1,1,1,0,0,0,1,1,0.368885,0.000000,0.343244,0.000000,0.000000,0.000000,0.000000,0.000000,0.000000,0.000000,0.000000,0.000000,0.000000,0.000000,0.000000,0.287872,idle,1,10,7159,,none,,,0.000000,1.000000,0,none,,8.406654,8.406654,completed,120,5,rain,24.000000
8,1117,3448181866,114,Day 5 23:19,none,,8.406654,8.406654,completed,0.311667,0.183313,0.252072,0.946667,0.125000,0.006667,0.404608,0.000000,0.028000,10,1,1,1,0,0,0,1,1,1,1,1,0,0,0,1,1,0.378329,0.000000,0.344752,0.000000,0.000000,0.000000,0.000000,0.000000,0.000000,0.000000,0.000000,0.000000,0.000000,0.000000,0.000000,0.276920,idle,1,10,7169,,none,,,0.000000,1.000000,0,none,,8.406654,8.406654,completed,120,5,rain,24.000000
8,1117,3448181866,115,Day 5 23:29,none,,8.406654,8.406654,completed,0.435000,0.187313,0.252072,0.893333,0.133333,0.013333,0.404608,0.000000,0.022000,10,1,1,1,0,0,0,1,1,1,1,1,0,0,0,1,1,0.300998,0.000000,0.268613,0.000000,0.000000,0.000000,0.000000,0.000000,0.000000,0.223744,0.000000,0.000000,0.000000,0.000000,0.000000,0.206645,use_computer,1,30,7199,computer,none,,,0.000000,1.000000,0,none,,8.406654,8.406654,completed,120,5,rain,24.000000
8,1117,3448181866,116,Day 5 23:59,none,,8.406654,8.406654,completed,0.285000,0.301435,0.252072,0.883333,0.158333,0.033333,0.404608,0.080000,0.004000,10,1,1,1,0,0,0,1,1,1,1,1,0,0,0,1,1,0.221817,0.000000,0.206136,0.000000,0.000000,0.000000,0.209341,0.000000,0.000000,0.191978,0.000000,0.000000,0.000000,0.000000,0.000000,0.170729,use_phone,1,25,7224,phone,none,,,0.000000,1.000000,0,none,,8.406654,8.406654,completed,120,5,rain,24.000000
8,1117,3448181866,117,Day 6 00:24,none,,8.406654,8.406654,completed,0.073333,0.393955,0.252072,0.915000,0.179167,0.050000,0.404608,0.175000,0.089000,10,1,1,1,0,0,0,1,1,1,1,1,0,0,0,1,1,0.193730,0.000000,0.189078,0.000000,0.000000,0.000000,0.241847,0.000000,0.000000,0.202379,0.000000,0.000000,0.000000,0.000000,0.000000,0.172966,use_computer,1,30,7254,computer,none,,,0.000000,1.000000,0,none,,8.406654,8.406654,completed,120,5,rain,24.000000
8,1117,3448181866,118,Day 6 00:54,none,,8.406654,8.406654,completed,0.000000,0.508077,0.252072,0.905000,0.204167,0.070000,0.404608,0.255000,0.071000,10,1,1,1,0,0,0,1,1,1,1,1,0,0,0,1,1,0.000000,0.000000,0.000000,0.000000,0.000000,0.000000,0.287016,0.313885,0.000000,0.218208,0.000000,0.000000,0.000000,0.000000,0.000000,0.180891,sleep_at_bed,1,480,7734,bed,none,alarm-rings,,0.000000,1.000000,0,none,,8.406654,8.406654,completed,120,5,rain,24.000000
8,1117,3448181866,119,Day 6 08:54,none,,8.406654,8.406654,completed,0.110000,0.235114,0.252072,0.825000,0.604167,0.390000,0.447392,0.000000,0.000000,11,1,1,1,0,0,0,1,1,1,1,1,0,1,0,1,1,0.131004,0.000000,0.124352,0.000000,0.000000,0.000000,0.122207,0.000000,0.153673,0.186465,0.000000,0.000000,0.175108,0.000000,0.000000,0.107191,go_to_bathroom,1,15,7749,door,none,,,0.000000,1.000000,0,none,,8.406654,8.406654,completed,120,5,rain,24.000000
8,1117,3448181866,120,Day 6 09:09,none,,8.406654,8.406654,completed,0.115000,0.241114,0.252072,0.912344,0.616667,0.000000,0.447392,0.000000,0.000000,11,1,1,1,0,0,0,1,1,1,1,1,0,1,0,1,1,0.154548,0.000000,0.146674,0.000000,0.000000,0.000000,0.144440,0.000000,0.000000,0.222046,0.000000,0.000000,0.206082,0.000000,0.000000,0.126211,get_meal,1,35,7784,door,none,,,0.000000,1.000000,0,none,,8.406654,8.406654,completed,120,5,rain,24.000000
8,1117,3448181866,121,Day 6 09:44,none,,8.406654,8.406654,completed,0.086667,0.255114,0.252072,1.000000,0.095833,0.023333,0.447392,0.000000,0.000000,11,1,1,1,0,0,0,1,1,1,1,1,0,1,0,1,1,0.195818,0.000000,0.187053,0.000000,0.000000,0.000000,0.188415,0.000000,0.000000,0.000000,0.000000,0.000000,0.266152,0.000000,0.000000,0.162561,idle,1,10,7794,,none,,,0.000000,1.000000,0,none,,8.406654,8.406654,completed,120,5,rain,24.000000
8,1117,3448181866,122,Day 6 09:54,none,,8.406654,8.406654,completed,0.210000,0.259114,0.252072,0.946667,0.104167,0.030000,0.447392,0.000000,0.000000,11,1,1,1,0,0,0,1,1,1,1,1,0,1,0,1,1,0.205397,0.000000,0.192147,0.000000,0.000000,0.000000,0.183729,0.000000,0.000000,0.000000,0.000000,0.000000,0.258794,0.000000,0.000000,0.159932,turn_off_alarm,1,1,7795,alarm,none,,,0.000000,1.000000,0,none,,8.406654,8.406654,completed,120,5,rain,24.000000
8,1117,3448181866,123,Day 6 09:55,none,,8.406654,8.406654,completed,0.210333,0.259514,0.252072,0.976333,0.105000,0.030667,0.427392,0.000000,0.000000,10,1,1,1,0,0,0,1,1,1,1,1,0,0,0,1,1,0.276982,0.000000,0.259110,0.000000,0.000000,0.000000,0.248265,0.000000,0.000000,0.000000,0.000000,0.000000,0.000000,0.000000,0.000000,0.215643,idle,1,10,7805,,none,,,0.000000,1.000000,0,none,,8.406654,8.406654,completed,120,5,rain,24.000000
8,1117,3448181866,124,Day 6 10:05,none,,8.406654,8.406654,completed,0.333667,0.263514,0.252072,0.923000,0.113333,0.037333,0.427392,0.000000,0.000000,10,1,1,1,0,0,0,1,1,1,1,1,0,0,0,1,1,0.287386,0.000000,0.263285,0.000000,0.000000,0.000000,0.239470,0.000000,0.000000,0.000000,0.000000,0.000000,0.000000,0.000000,0.000000,0.209859,use_computer,1,30,7835,computer,none,,,0.000000,1.000000,0,none,,8.406654,8.406654,completed,120,5,rain,24.000000
8,1117,3448181866,125,Day 6 10:35,none,,8.406654,8.406654,completed,0.183667,0.377636,0.252072,0.913000,0.138333,0.057333,0.427392,0.080000,0.000000,10,1,1,1,0,0,0,1,1,1,1,1,0,0,0,1,1,0.210406,0.000000,0.200731,0.000000,0.000000,0.000000,0.224685,0.000000,0.000000,0.191922,0.000000,0.000000,0.000000,0.000000,0.000000,0.172255,rest_at_bed,1,60,7895,bed,none,,,0.000000,1.000000,0,none,,8.406654,8.406654,completed,120,5,rain,24.000000
8,1117,3448181866,126,Day 6 11:35,none,,8.406654,8.406654,completed,0.243667,0.169396,0.252072,0.943000,0.188333,0.097333,0.427392,0.000000,0.000000,10,1,1,1,0,0,0,1,1,1,1,1,0,0,0,1,1,0.281121,0.000000,0.258794,0.000000,0.000000,0.000000,0.000000,0.000000,0.000000,0.247203,0.000000,0.000000,0.000000,0.000000,0.000000,0.212882,use_computer,1,30,7925,computer,none,,,0.000000,1.000000,0,none,,8.406654,8.406654,completed,120,5,rain,24.000000
8,1117,3448181866,127,Day 6 12:05,none,,8.406654,8.406654,completed,0.093667,0.283518,0.252072,0.933000,0.213333,0.117333,0.427392,0.080000,0.000000,10,1,1,1,0,0,0,1,1,1,1,1,0,0,0,1,1,0.205093,0.000000,0.196611,0.000000,0.000000,0.000000,0.214194,0.000000,0.000000,0.209982,0.000000,0.000000,0.000000,0.000000,0.000000,0.174120,idle,1,10,7935,,none,,,0.000000,1.000000,0,none,,8.406654,8.406654,completed,120,5,rain,24.000000
8,1117,3448181866,128,Day 6 12:15,none,,8.406654,8.406654,completed,0.217000,0.287518,0.252072,0.879667,0.221667,0.124000,0.427392,0.070000,0.000000,10,1,1,1,0,0,0,1,1,1,1,1,0,0,0,1,1,0.215051,0.000000,0.201856,0.000000,0.000000,0.000000,0.207212,0.000000,0.000000,0.205126,0.000000,0.000000,0.000000,0.000000,0.000000,0.170756,use_phone,1,25,7960,phone,none,,,0.000000,1.000000,0,none,,8.406654,8.406654,completed,120,5,rain,24.000000
8,1117,3448181866,129,Day 6 12:40,none,,8.406654,8.406654,completed,0.005333,0.380039,0.252072,0.911333,0.242500,0.140667,0.427392,0.165000,0.085000,10,1,1,1,0,0,0,1,1,1,1,1,0,0,0,1,1,0.185320,0.000000,0.000000,0.000000,0.000000,0.000000,0.236199,0.000000,0.194431,0.213361,0.000000,0.000000,0.000000,0.000000,0.000000,0.170690,idle,1,10,7970,,none,,,0.000000,1.000000,0,none,,8.406654,8.406654,completed,120,5,rain,24.000000
8,1117,3448181866,130,Day 6 12:50,none,,8.406654,8.406654,completed,0.128667,0.384039,0.252072,0.858000,0.250833,0.147333,0.427392,0.155000,0.079000,10,1,1,1,0,0,0,1,1,1,1,1,0,0,0,1,1,0.165256,0.000000,0.159509,0.000000,0.000000,0.000000,0.194325,0.000000,0.161298,0.177255,0.000000,0.000000,0.000000,0.000000,0.000000,0.142357,idle,1,10,7980,,none,,,0.000000,1.000000,0,none,,8.406654,8.406654,completed,120,5,rain,24.000000
8,1117,3448181866,131,Day 6 13:00,none,,8.406654,8.406654,completed,0.252000,0.388039,0.252072,0.804667,0.259167,0.154000,0.427392,0.145000,0.073000,10,1,1,1,0,0,0,1,1,1,1,1,0,0,0,1,1,0.174126,0.000000,0.164564,0.000000,0.000000,0.000000,0.188908,0.000000,0.158111,0.174002,0.000000,0.000000,0.000000,0.000000,0.000000,0.140289,rest_at_bed,1,60,8040,bed,none,weather-clear|message-study-group,,0.000000,1.000000,0,none,,8.406654,8.406654,completed,120,6,clear,24.000000
8,1117,3448181866,132,Day 6 14:00,none,,8.406654,8.406654,completed,0.312000,0.179798,0.252072,0.834667,0.309167,0.194000,0.427392,0.000000,0.037000,10,1,1,1,0,0,0,1,1,1,1,1,0,0,0,1,1,0.225227,0.000000,0.205144,0.000000,0.000000,0.000000,0.000000,0.000000,0.191882,0.212985,0.000000,0.000000,0.000000,0.000000,0.000000,0.164762,go_to_bathroom,1,15,8055,door,none,,,0.000000,1.000000,0,none,,8.406654,8.406654,completed,120,6,clear,24.000000
8,1117,3448181866,133,Day 6 14:15,none,,8.406654,8.406654,completed,0.317000,0.185798,0.252072,0.922011,0.321667,0.000000,0.427392,0.000000,0.028000,10,1,1,1,0,0,0,1,1,1,1,1,0,0,0,1,1,0.278139,0.000000,0.253292,0.000000,0.000000,0.000000,0.000000,0.000000,0.000000,0.265494,0.000000,0.000000,0.000000,0.000000,0.000000,0.203076,get_meal,1,35,8090,door,none,,,0.000000,1.000000,0,none,,8.406654,8.406654,completed,120,6,clear,24.000000
8,1117,3448181866,134,Day 6 14:50,none,,8.406654,8.406654,completed,0.288667,0.199798,0.252072,1.000000,0.000000,0.023333,0.427392,0.000000,0.007000,10,1,1,1,0,0,0,1,1,1,1,1,0,0,0,1,1,0.376107,0.000000,0.344743,0.000000,0.000000,0.000000,0.000000,0.000000,0.000000,0.000000,0.000000,0.000000,0.000000,0.000000,0.000000,0.279151,use_computer,1,30,8120,computer,none,,,0.000000,1.000000,0,none,,8.406654,8.406654,completed,120,6,clear,24.000000
8,1117,3448181866,135,Day 6 15:20,none,,8.406654,8.406654,completed,0.138667,0.313921,0.252072,0.990000,0.025000,0.043333,0.427392,0.080000,0.000000,10,1,1,1,0,0,0,1,1,1,1,1,0,0,0,1,1,0.261218,0.000000,0.249335,0.000000,0.000000,0.000000,0.272084,0.000000,0.000000,0.000000,0.000000,0.000000,0.000000,0.000000,0.000000,0.217362,use_phone,1,25,8145,phone,none,,,0.000000,1.000000,0,none,,8.406654,8.406654,completed,120,6,clear,24.000000
8,1117,3448181866,136,Day 6 15:45,none,,8.406654,8.406654,completed,0.000000,0.406441,0.252072,1.000000,0.045833,0.060000,0.427392,0.175000,0.085000,10,1,1,1,0,0,0,1,1,1,1,1,0,0,0,1,1,0.000000,0.000000,0.000000,0.000000,0.000000,0.000000,0.586357,0.000000,0.000000,0.000000,0.000000,0.000000,0.000000,0.000000,0.000000,0.413643,rest_at_bed,1,60,8205,bed,none,room-temperature-shift,,0.000000,1.000000,0,none,,8.406654,8.406654,completed,120,6,clear,24.000000
8,1117,3448181866,137,Day 6 16:45,none,,8.406654,8.406654,completed,0.060000,0.198201,0.252072,1.000000,0.095833,0.100000,0.427392,0.000000,0.049000,10,1,1,1,0,0,0,1,1,1,1,1,0,0,0,1,1,0.358445,0.000000,0.341759,0.000000,0.000000,0.000000,0.000000,0.000000,0.000000,0.000000,0.000000,0.000000,0.000000,0.000000,0.000000,0.299796,use_computer,1,30,8235,computer,none,,,0.000000,1.000000,0,none,,8.406654,8.406654,completed,120,6,clear,24.000000
8,1117,3448181866,138,Day 6 17:15,none,,8.406654,8.406654,completed,0.000000,0.312323,0.252072,0.990000,0.120833,0.120000,0.427392,0.080000,0.031000,10,1,1,1,0,0,0,1,1,1,1,1,0,0,0,1,1,0.330263,0.000000,0.000000,0.000000,0.000000,0.000000,0.374299,0.000000,0.000000,0.000000,0.000000,0.000000,0.000000,0.000000,0.000000,0.295438,rest_at_bed,1,60,8295,bed,none,,,0.000000,1.000000,0,none,,8.406654,8.406654,completed,120,6,clear,24.000000
8,1117,3448181866,139,Day 6 18:15,none,,8.406654,8.406654,completed,0.060000,0.104083,0.252072,1.000000,0.170833,0.160000,0.427392,0.000000,0.000000,10,1,1,1,0,0,0,1,1,1,1,1,0,0,0,1,1,0.213322,0.000000,0.201218,0.000000,0.000000,0.000000,0.000000,0.000000,0.203775,0.205173,0.000000,0.000000,0.000000,0.000000,0.000000,0.176511,use_phone,1,25,8320,phone,none,,,0.000000,1.000000,0,none,,8.406654,8.406654,completed,120,6,clear,24.000000
8,1117,3448181866,140,Day 6 18:40,none,,8.406654,8.406654,completed,0.000000,0.196603,0.252072,1.000000,0.191667,0.176667,0.427392,0.095000,0.085000,10,1,1,1,0,0,0,1,1,1,1,1,0,0,0,1,1,0.198755,0.000000,0.000000,0.000000,0.000000,0.000000,0.207036,0.000000,0.207908,0.210084,0.000000,0.000000,0.000000,0.000000,0.000000,0.176217,idle,1,10,8330,,none,,,0.000000,1.000000,0,none,,8.406654,8.406654,completed,120,6,clear,24.000000
8,1117,3448181866,141,Day 6 18:50,none,,8.406654,8.406654,completed,0.123333,0.200603,0.252072,0.946667,0.200000,0.183333,0.427392,0.085000,0.079000,10,1,1,1,0,0,0,1,1,1,1,1,0,0,0,1,1,0.175655,0.000000,0.165965,0.000000,0.000000,0.000000,0.168812,0.000000,0.170938,0.172975,0.000000,0.000000,0.000000,0.000000,0.000000,0.145655,go_to_bathroom,1,15,8345,door,none,,,0.000000,1.000000,0,none,,8.406654,8.406654,completed,120,6,clear,24.000000
8,1117,3448181866,142,Day 6 19:05,none,,8.406654,8.406654,completed,0.128333,0.206603,0.252072,1.000000,0.212500,0.000000,0.427392,0.070000,0.070000,10,1,1,1,0,0,0,1,1,1,1,1,0,0,0,1,1,0.212307,0.000000,0.200502,0.000000,0.000000,0.000000,0.202099,0.000000,0.000000,0.210133,0.000000,0.000000,0.000000,0.000000,0.000000,0.174958,idle,1,10,8355,,none,,,0.000000,1.000000,0,none,,8.406654,8.406654,completed,120,6,clear,24.000000
8,1117,3448181866,143,Day 6 19:15,none,,8.406654,8.406654,completed,0.251667,0.210603,0.252072,0.946667,0.220833,0.006667,0.427392,0.060000,0.064000,10,1,1,1,0,0,0,1,1,1,1,1,0,0,0,1,1,0.222431,0.000000,0.205680,0.000000,0.000000,0.000000,0.195349,0.000000,0.000000,0.205104,0.000000,0.000000,0.000000,0.000000,0.000000,0.171436,idle,1,10,8365,,none,,,0.000000,1.000000,0,none,,8.406654,8.406654,completed,120,6,clear,24.000000
8,1117,3448181866,144,Day 6 19:25,none,,8.406654,8.406654,completed,0.375000,0.214603,0.252072,0.893333,0.229167,0.013333,0.427392,0.050000,0.058000,10,1,1,1,0,0,0,1,1,1,1,1,0,0,0,1,1,0.232797,0.000000,0.210774,0.000000,0.000000,0.000000,0.188629,0.000000,0.000000,0.199988,0.000000,0.000000,0.000000,0.000000,0.000000,0.167811,use_phone,1,25,8390,phone,none,,,0.000000,1.000000,0,none,,8.406654,8.406654,completed,120,6,clear,24.000000
8,1117,3448181866,145,Day 6 19:50,none,,8.406654,8.406654,completed,0.163333,0.307123,0.252072,0.925000,0.250000,0.030000,0.427392,0.145000,0.143000,10,1,1,1,0,0,0,1,1,1,1,1,0,0,0,1,1,0.170894,0.163345,0.162500,0.000000,0.000000,0.000000,0.183164,0.000000,0.000000,0.177201,0.000000,0.000000,0.000000,0.000000,0.000000,0.142896,get_meal,1,35,8425,door,none,evening,,0.000000,1.000000,0,none,,8.406654,8.406654,completed,120,6,clear,24.000000
8,1117,3448181866,146,Day 6 20:25,none,,8.406654,8.406654,completed,0.135000,0.321123,0.252072,1.000000,0.000000,0.053333,0.427392,0.110000,0.122000,10,1,1,1,0,0,0,1,1,1,1,1,0,0,0,1,1,0.258234,0.000000,0.246986,0.000000,0.000000,0.000000,0.277460,0.000000,0.000000,0.000000,0.000000,0.000000,0.000000,0.000000,0.000000,0.217320,rest_at_bed,1,60,8485,bed,none,,,0.000000,1.000000,0,none,,8.406654,8.406654,completed,120,6,clear,24.000000
8,1117,3448181866,147,Day 6 21:25,none,,8.406654,8.406654,completed,0.195000,0.112883,0.252072,1.000000,0.050000,0.093333,0.427392,0.000000,0.086000,10,1,1,1,0,0,0,1,1,1,1,1,0,0,0,1,1,0.371169,0.000000,0.342365,0.000000,0.000000,0.000000,0.000000,0.000000,0.000000,0.000000,0.000000,0.000000,0.000000,0.000000,0.000000,0.286466,use_computer,1,30,8515,computer,none,,,0.000000,1.000000,0,none,,8.406654,8.406654,completed,120,6,clear,24.000000
8,1117,3448181866,148,Day 6 21:55,none,,8.406654,8.406654,completed,0.045000,0.227005,0.252072,0.990000,0.075000,0.113333,0.427392,0.080000,0.068000,10,1,1,1,0,0,0,1,1,1,1,1,0,0,0,1,1,0.259544,0.000000,0.249301,0.000000,0.000000,0.000000,0.266578,0.000000,0.000000,0.000000,0.000000,0.000000,0.000000,0.000000,0.000000,0.224576,use_computer,1,30,8545,computer,none,,,0.000000,1.000000,0,none,,8.406654,8.406654,completed,120,6,clear,24.000000
8,1117,3448181866,149,Day 6 22:25,none,,8.406654,8.406654,completed,0.000000,0.341128,0.252072,0.980000,0.100000,0.133333,0.427392,0.160000,0.050000,10,1,1,1,0,0,0,1,1,1,1,1,0,0,0,1,1,0.238614,0.000000,0.000000,0.000000,0.000000,0.000000,0.294338,0.000000,0.247946,0.000000,0.000000,0.000000,0.000000,0.000000,0.000000,0.219101,rest_at_bed,1,60,8605,bed,none,,,0.000000,1.000000,0,none,,8.406654,8.406654,completed,120,6,clear,24.000000
8,1117,3448181866,150,Day 6 23:25,none,,8.406654,8.406654,completed,0.060000,0.132888,0.252072,1.000000,0.150000,0.173333,0.427392,0.000000,0.014000,10,1,1,1,0,0,0,1,1,1,1,1,0,0,0,1,1,0.213059,0.000000,0.201632,0.000000,0.000000,0.000000,0.000000,0.000000,0.206831,0.201603,0.000000,0.000000,0.000000,0.000000,0.000000,0.176875,idle,1,10,8615,,none,,,0.000000,1.000000,0,none,,8.406654,8.406654,completed,120,6,clear,24.000000
8,1117,3448181866,151,Day 6 23:35,none,,8.406654,8.406654,completed,0.183333,0.136888,0.252072,0.946667,0.158333,0.180000,0.427392,0.000000,0.008000,10,1,1,1,0,0,0,1,1,1,1,1,0,0,0,1,1,0.222459,0.000000,0.206175,0.000000,0.000000,0.000000,0.000000,0.000000,0.201481,0.196668,0.000000,0.000000,0.000000,0.000000,0.000000,0.173217,idle,1,10,8625,,none,,,0.000000,1.000000,0,none,,8.406654,8.406654,completed,120,6,clear,24.000000
8,1117,3448181866,152,Day 6 23:45,none,,8.406654,8.406654,completed,0.306667,0.140888,0.252072,0.893333,0.166667,0.186667,0.427392,0.000000,0.002000,10,1,1,1,0,0,0,1,1,1,1,1,0,0,0,1,1,0.232076,0.000000,0.210640,0.000000,0.000000,0.000000,0.000000,0.000000,0.196102,0.191691,0.000000,0.000000,0.000000,0.000000,0.000000,0.169491,get_meal,1,35,8660,door,none,,,0.000000,1.000000,0,none,,8.406654,8.406654,completed,120,6,clear,24.000000
8,1117,3448181866,153,Day 7 00:20,none,,8.406654,8.406654,completed,0.278333,0.154888,0.252072,1.000000,0.000000,0.210000,0.427392,0.000000,0.000000,10,1,1,1,0,0,0,1,1,1,1,1,0,0,0,1,1,0.282739,0.000000,0.258298,0.000000,0.000000,0.000000,0.000000,0.000000,0.249052,0.000000,0.000000,0.000000,0.000000,0.000000,0.000000,0.209911,use_phone,1,25,8685,phone,none,,,0.000000,1.000000,0,none,,8.406654,8.406654,completed,120,6,clear,24.000000
8,1117,3448181866,154,Day 7 00:45,none,,8.406654,8.406654,completed,0.066667,0.247408,0.252072,1.000000,0.020833,0.226667,0.427392,0.095000,0.085000,10,1,1,1,0,0,0,1,1,1,1,1,0,0,0,1,1,0.203146,0.000000,0.194907,0.000000,0.000000,0.000000,0.211784,0.000000,0.215216,0.000000,0.000000,0.000000,0.000000,0.000000,0.000000,0.174948,rest_at_bed,1,60,8745,bed,none,,,0.000000,1.000000,0,none,,8.406654,8.406654,completed,120,6,clear,24.000000
8,1117,3448181866,155,Day 7 01:45,none,,8.406654,8.406654,completed,0.126667,0.039168,0.252072,1.000000,0.070833,0.266667,0.427392,0.000000,0.049000,10,1,1,1,0,0,0,1,1,1,1,1,0,0,0,1,1,0.268312,0.000000,0.248337,0.000000,0.000000,0.000000,0.000000,0.000000,0.270531,0.000000,0.000000,0.000000,0.000000,0.000000,0.000000,0.212820,go_to_bathroom,1,15,8760,door,none,,,0.000000,1.000000,0,none,,8.406654,8.406654,completed,120,6,clear,24.000000
8,1117,3448181866,156,Day 7 02:00,none,,8.406654,8.406654,completed,0.131667,0.045168,0.252072,1.000000,0.083333,0.000000,0.427392,0.000000,0.040000,10,1,1,1,0,0,0,1,1,1,1,1,0,0,0,1,1,0.368048,0.000000,0.340586,0.000000,0.000000,0.000000,0.000000,0.000000,0.000000,0.000000,0.000000,0.000000,0.000000,0.000000,0.000000,0.291365,use_phone,1,25,8785,phone,none,,,0.000000,1.000000,0,none,,8.406654,8.406654,completed,120,6,clear,24.000000
8,1117,3448181866,157,Day 7 02:25,none,,8.406654,8.406654,completed,0.000000,0.137688,0.252072,1.000000,0.104167,0.016667,0.427392,0.095000,0.125000,10,1,1,1,0,0,0,1,1,1,1,1,0,0,0,1,1,0.348098,0.000000,0.000000,0.000000,0.000000,0.000000,0.345346,0.000000,0.000000,0.000000,0.000000,0.000000,0.000000,0.000000,0.000000,0.306556,use_phone,1,25,8810,phone,none,,,0.000000,1.000000,0,none,,8.406654,8.406654,completed,120,6,clear,24.000000
8,1117,3448181866,158,Day 7 02:50,none,,8.406654,8.406654,completed,0.000000,0.230208,0.252072,1.000000,0.125000,0.033333,0.427392,0.190000,0.210000,10,1,1,1,0,0,0,1,1,1,1,1,0,0,0,1,1,0.239096,0.266981,0.000000,0.000000,0.000000,0.000000,0.275278,0.000000,0.000000,0.000000,0.000000,0.000000,0.000000,0.000000,0.000000,0.218645,shop_on_phone,1,20,8830,phone,none,,,0.000000,1.000000,0,none,,8.406654,8.406654,completed,90,6,clear,24.000000
8,1117,3448181866,159,Day 7 03:10,none,,8.406654,8.406654,completed,0.006667,0.239800,0.252072,1.000000,0.141667,0.046667,0.427392,0.250000,0.000000,10,1,1,1,0,0,0,1,1,1,1,1,0,0,0,1,1,0.000000,0.000000,0.000000,0.000000,0.000000,0.000000,0.378913,0.000000,0.000000,0.330404,0.000000,0.000000,0.000000,0.000000,0.000000,0.290682,idle,1,10,8840,,none,,,0.000000,1.000000,0,none,,8.406654,8.406654,completed,90,6,clear,24.000000
8,1117,3448181866,160,Day 7 03:20,none,,8.406654,8.406654,completed,0.130000,0.243800,0.252072,0.946667,0.150000,0.053333,0.427392,0.240000,0.000000,10,1,1,1,0,0,0,1,1,1,1,1,0,0,0,1,1,0.203334,0.000000,0.193414,0.000000,0.000000,0.000000,0.226941,0.000000,0.000000,0.199826,0.000000,0.000000,0.000000,0.000000,0.000000,0.176486,get_meal,1,35,8875,door,none,,,0.000000,1.000000,0,none,,8.406654,8.406654,completed,90,6,clear,24.000000
8,1117,3448181866,161,Day 7 03:55,none,,8.406654,8.406654,completed,0.101667,0.257800,0.252072,1.000000,0.000000,0.076667,0.427392,0.205000,0.000000,10,1,1,1,0,0,0,1,1,1,1,1,0,0,0,1,1,0.253216,0.000000,0.242272,0.000000,0.000000,0.000000,0.283312,0.000000,0.000000,0.000000,0.000000,0.000000,0.000000,0.000000,0.000000,0.221200,use_computer,1,30,8905,computer,none,,,0.000000,1.000000,0,none,,8.406654,8.406654,completed,90,6,clear,24.000000
8,1117,3448181866,162,Day 7 04:25,none,,8.406654,8.406654,completed,0.000000,0.371922,0.252072,0.990000,0.025000,0.096667,0.427392,0.285000,0.000000,10,1,1,1,0,0,0,1,1,1,1,1,0,0,0,1,1,0.000000,0.000000,0.000000,0.000000,0.000000,0.000000,0.593056,0.000000,0.000000,0.000000,0.000000,0.000000,0.000000,0.000000,0.000000,0.406944,idle,1,10,8915,,none,,,0.000000,1.000000,0,none,,8.406654,8.406654,completed,90,6,clear,24.000000
8,1117,3448181866,163,Day 7 04:35,none,,8.406654,8.406654,completed,0.123333,0.375922,0.252072,0.936667,0.033333,0.103333,0.427392,0.275000,0.000000,10,1,1,1,0,0,0,1,1,1,1,1,0,0,0,1,1,0.241285,0.000000,0.233426,0.000000,0.000000,0.000000,0.309795,0.000000,0.000000,0.000000,0.000000,0.000000,0.000000,0.000000,0.000000,0.215494,rest_at_bed,1,60,8975,bed,none,,,0.000000,1.000000,0,none,,8.406654,8.406654,completed,90,6,clear,24.000000
8,1117,3448181866,164,Day 7 05:35,none,,8.406654,8.406654,completed,0.183333,0.167682,0.252072,0.966667,0.083333,0.143333,0.427392,0.075000,0.000000,10,1,1,1,0,0,0,1,1,1,1,1,0,0,0,1,1,0.221221,0.000000,0.206043,0.000000,0.000000,0.000000,0.197844,0.000000,0.198293,0.000000,0.000000,0.000000,0.000000,0.000000,0.000000,0.176599,idle,1,10,8985,,none,,,0.000000,1.000000,0,none,,8.406654,8.406654,completed,90,6,clear,24.000000
8,1117,3448181866,165,Day 7 05:45,none,,8.406654,8.406654,completed,0.306667,0.171682,0.252072,0.913333,0.091667,0.150000,0.427392,0.065000,0.000000,10,1,1,1,0,0,0,1,1,1,1,1,0,0,0,1,1,0.231612,0.000000,0.211220,0.000000,0.000000,0.000000,0.191105,0.000000,0.193138,0.000000,0.000000,0.000000,0.000000,0.000000,0.000000,0.172926,use_phone,1,25,9010,phone,none,,,0.000000,1.000000,0,none,,8.406654,8.406654,completed,90,6,clear,24.000000
8,1117,3448181866,166,Day 7 06:10,none,,8.406654,8.406654,completed,0.095000,0.264202,0.252072,0.945000,0.112500,0.166667,0.427392,0.160000,0.085000,10,1,1,1,0,0,0,1,1,1,1,1,0,0,0,1,1,0.203327,0.000000,0.194740,0.000000,0.000000,0.000000,0.221917,0.000000,0.203922,0.000000,0.000000,0.000000,0.000000,0.000000,0.000000,0.176095,rest_at_bed,1,60,9070,bed,none,,,0.000000,1.000000,0,none,,8.406654,8.406654,completed,90,6,clear,24.000000
8,1117,3448181866,167,Day 7 07:10,none,,8.406654,8.406654,completed,0.155000,0.055962,0.252072,0.975000,0.162500,0.206667,0.427392,0.000000,0.049000,10,1,1,1,0,0,0,1,1,1,1,1,0,0,0,1,1,0.220377,0.000000,0.203362,0.000000,0.000000,0.000000,0.000000,0.000000,0.206486,0.197219,0.000000,0.000000,0.000000,0.000000,0.000000,0.172557,use_computer,1,30,9100,computer,none,,,0.000000,1.000000,0,none,,8.406654,8.406654,completed,90,6,clear,24.000000
8,1117,3448181866,168,Day 7 07:40,none,,8.406654,8.406654,completed,0.005000,0.170084,0.252072,0.965000,0.187500,0.226667,0.427392,0.080000,0.031000,10,1,1,1,0,0,0,1,1,1,1,1,0,0,0,1,1,0.167465,0.000000,0.160925,0.000000,0.000000,0.000000,0.168198,0.000000,0.181910,0.174493,0.000000,0.000000,0.000000,0.000000,0.000000,0.147009,rest_at_bed,1,60,9160,bed,none,,,0.000000,1.000000,0,none,,8.406654,8.406654,completed,90,6,clear,24.000000
8,1117,3448181866,169,Day 7 08:40,none,,8.406654,8.406654,completed,0.065000,0.000000,0.252072,0.995000,0.237500,0.266667,0.427392,0.000000,0.000000,10,1,1,1,0,0,0,1,1,1,1,1,0,0,0,1,1,0.208398,0.000000,0.194084,0.000000,0.000000,0.000000,0.000000,0.000000,0.217314,0.210248,0.000000,0.000000,0.000000,0.000000,0.000000,0.169956,idle,1,10,9170,,none,,,0.000000,1.000000,0,none,,8.406654,8.406654,completed,90,6,clear,24.000000
8,1117,3448181866,170,Day 7 08:50,none,,8.406654,8.406654,completed,0.188333,0.004000,0.252072,0.941667,0.245833,0.273333,0.427392,0.000000,0.000000,10,1,1,1,0,0,0,1,1,1,1,1,0,0,0,1,1,0.217748,0.000000,0.198598,0.000000,0.000000,0.000000,0.000000,0.000000,0.211844,0.205249,0.000000,0.000000,0.000000,0.000000,0.000000,0.166561,go_to_bathroom,1,15,9185,door,none,alarm-rings,,0.000000,1.000000,0,none,,8.406654,8.406654,completed,90,6,clear,24.000000
8,1117,3448181866,171,Day 7 09:05,none,,8.406654,8.406654,completed,0.223333,0.010000,0.252072,1.000000,0.258333,0.000000,0.470177,0.000000,0.000000,11,1,1,1,0,0,0,1,1,1,1,1,0,1,0,1,1,0.207732,0.000000,0.188448,0.000000,0.000000,0.000000,0.000000,0.000000,0.000000,0.194017,0.000000,0.000000,0.253680,0.000000,0.000000,0.156123,get_meal,1,35,9220,door,none,,,0.000000,1.000000,0,none,,8.406654,8.406654,completed,90,6,clear,24.000000
8,1117,3448181866,172,Day 7 09:40,none,,8.406654,8.406654,completed,0.195000,0.024000,0.252072,1.000000,0.000000,0.023333,0.470177,0.000000,0.000000,11,1,1,1,0,0,0,1,1,1,1,1,0,1,0,1,1,0.254982,0.000000,0.232820,0.000000,0.000000,0.000000,0.000000,0.000000,0.000000,0.000000,0.000000,0.000000,0.317391,0.000000,0.000000,0.194807,use_phone,1,25,9245,phone,none,,,0.000000,1.000000,0,none,,8.406654,8.406654,completed,90,6,clear,24.000000
8,1117,3448181866,173,Day 7 10:05,none,,8.406654,8.406654,completed,0.000000,0.116520,0.252072,1.000000,0.020833,0.040000,0.470177,0.095000,0.085000,11,1,1,1,0,0,0,1,1,1,1,1,0,1,0,1,1,0.299698,0.000000,0.000000,0.000000,0.000000,0.000000,0.000000,0.000000,0.000000,0.000000,0.000000,0.000000,0.437007,0.000000,0.000000,0.263295,turn_off_alarm,1,1,9246,alarm,none,,,0.000000,1.000000,0,none,,8.406654,8.406654,completed,90,6,clear,24.000000
8,1117,3448181866,174,Day 7 10:06,none,,8.406654,8.406654,completed,0.000333,0.116920,0.252072,1.000000,0.021667,0.040667,0.450177,0.094000,0.084400,10,1,1,1,0,0,0,1,1,1,1,1,0,0,0,1,1,0.532433,0.000000,0.000000,0.000000,0.000000,0.000000,0.000000,0.000000,0.000000,0.000000,0.000000,0.000000,0.000000,0.000000,0.000000,0.467567,idle,1,10,9256,,none,,,0.000000,1.000000,0,none,,8.406654,8.406654,completed,90,6,clear,24.000000
8,1117,3448181866,175,Day 7 10:16,none,,8.406654,8.406654,completed,0.123667,0.120920,0.252072,0.946667,0.030000,0.047333,0.450177,0.084000,0.078400,10,1,1,1,0,0,0,1,1,1,1,1,0,0,0,1,1,0.362642,0.000000,0.339509,0.000000,0.000000,0.000000,0.000000,0.000000,0.000000,0.000000,0.000000,0.000000,0.000000,0.000000,0.000000,0.297848,idle,1,10,9266,,none,,,0.000000,1.000000,0,none,,8.406654,8.406654,completed,90,6,clear,24.000000
8,1117,3448181866,176,Day 7 10:26,none,,8.406654,8.406654,completed,0.247000,0.124920,0.252072,0.893333,0.038333,0.054000,0.450177,0.074000,0.072400,10,1,1,1,0,0,0,1,1,1,1,1,0,0,0,1,1,0.372462,0.000000,0.341427,0.000000,0.000000,0.000000,0.000000,0.000000,0.000000,0.000000,0.000000,0.000000,0.000000,0.000000,0.000000,0.286111,use_computer,1,30,9296,computer,none,,,0.000000,1.000000,0,none,,8.406654,8.406654,completed,90,6,clear,24.000000
8,1117,3448181866,177,Day 7 10:56,none,,8.406654,8.406654,completed,0.097000,0.239043,0.252072,0.883333,0.063333,0.074000,0.450177,0.154000,0.054400,10,1,1,1,0,0,0,1,1,1,1,1,0,0,0,1,1,0.257982,0.000000,0.246265,0.000000,0.000000,0.000000,0.273578,0.000000,0.000000,0.000000,0.000000,0.000000,0.000000,0.000000,0.000000,0.222175,use_phone,1,25,9321,phone,none,weather-rain,,0.000000,1.000000,0,none,,8.406654,8.406654,completed,90,6,rain,24.000000
8,1117,3448181866,178,Day 7 11:21,none,,8.406654,8.406654,completed,0.000000,0.331563,0.252072,0.915000,0.084167,0.090667,0.450177,0.249000,0.139400,10,1,1,1,0,0,0,1,1,1,1,1,0,0,0,1,1,0.000000,0.000000,0.000000,0.000000,0.000000,0.000000,0.581402,0.000000,0.000000,0.000000,0.000000,0.000000,0.000000,0.000000,0.000000,0.418598,rest_at_bed,1,60,9381,bed,none,,,0.000000,1.000000,0,none,,8.406654,8.406654,completed,90,6,rain,24.000000
8,1117,3448181866,179,Day 7 12:21,none,,8.406654,8.406654,completed,0.060000,0.123323,0.252072,0.945000,0.134167,0.130667,0.450177,0.049000,0.103400,10,1,1,1,0,0,0,1,1,1,1,1,0,0,0,1,1,0.213891,0.000000,0.202387,0.000000,0.000000,0.000000,0.000000,0.000000,0.201871,0.201982,0.000000,0.000000,0.000000,0.000000,0.000000,0.179869,use_computer,1,30,9411,computer,none,,,0.000000,1.000000,0,none,,8.406654,8.406654,completed,90,6,rain,24.000000
8,1117,3448181866,180,Day 7 12:51,none,,8.406654,8.406654,completed,0.000000,0.237445,0.252072,0.935000,0.159167,0.150667,0.450177,0.129000,0.085400,10,1,1,1,0,0,0,1,1,1,1,1,0,0,0,1,1,0.196940,0.000000,0.000000,0.000000,0.000000,0.000000,0.217288,0.000000,0.203825,0.204814,0.000000,0.000000,0.000000,0.000000,0.000000,0.177134,idle,1,10,9421,,none,,,0.000000,1.000000,0,none,,8.406654,8.406654,completed,90,6,rain,24.000000
8,1117,3448181866,181,Day 7 13:01,none,,8.406654,8.406654,completed,0.123333,0.241445,0.252072,0.881667,0.167500,0.157333,0.450177,0.119000,0.079400,10,1,1,1,0,0,0,1,1,1,1,1,0,0,0,1,1,0.174194,0.000000,0.165461,0.000000,0.000000,0.000000,0.177317,0.000000,0.167720,0.168775,0.000000,0.000000,0.000000,0.000000,0.000000,0.146534,use_phone,1,25,9446,phone,none,,,0.000000,1.000000,0,none,,8.406654,8.406654,completed,90,6,rain,24.000000
8,1117,3448181866,182,Day 7 13:26,none,,8.406654,8.406654,completed,0.000000,0.333965,0.252072,0.913333,0.188333,0.174000,0.450177,0.214000,0.164400,10,1,1,1,0,0,0,1,1,1,1,1,0,0,0,1,1,0.000000,0.198425,0.000000,0.000000,0.000000,0.000000,0.231711,0.000000,0.199278,0.201249,0.000000,0.000000,0.000000,0.000000,0.000000,0.169337,get_meal,1,35,9481,door,none,,,0.000000,1.000000,0,none,,8.406654,8.406654,completed,90,6,rain,24.000000
8,1117,3448181866,183,Day 7 14:01,none,,8.406654,8.406654,completed,0.000000,0.347965,0.252072,1.000000,0.000000,0.197333,0.450177,0.179000,0.143400,10,1,1,1,0,0,0,1,1,1,1,1,0,0,0,1,1,0.000000,0.243976,0.000000,0.000000,0.000000,0.000000,0.288434,0.000000,0.255390,0.000000,0.000000,0.000000,0.000000,0.000000,0.000000,0.212199,rest_at_bed,1,60,9541,bed,none,room-temperature-shift|message-study-group,,0.000000,1.000000,0,none,,8.406654,8.406654,completed,90,7,rain,24.000000
8,1117,3448181866,184,Day 7 15:01,none,,8.406654,8.406654,completed,0.060000,0.139725,0.252072,1.000000,0.050000,0.237333,0.450177,0.000000,0.107400,10,1,1,1,0,0,0,1,1,1,1,1,0,0,0,1,1,0.262387,0.000000,0.248508,0.000000,0.000000,0.000000,0.000000,0.000000,0.271110,0.000000,0.000000,0.000000,0.000000,0.000000,0.000000,0.217995,use_phone,1,25,9566,phone,none,,,0.000000,1.000000,0,none,,8.406654,8.406654,completed,90,7,rain,24.000000
8,1117,3448181866,185,Day 7 15:26,none,,8.406654,8.406654,completed,0.000000,0.232245,0.252072,1.000000,0.070833,0.254000,0.450177,0.095000,0.192400,10,1,1,1,0,0,0,1,1,1,1,1,0,0,0,1,1,0.193721,0.207255,0.000000,0.000000,0.000000,0.000000,0.207383,0.000000,0.219188,0.000000,0.000000,0.000000,0.000000,0.000000,0.000000,0.172454,rest_at_bed,1,60,9626,bed,none,,,0.000000,1.000000,0,none,,8.406654,8.406654,completed,90,7,rain,24.000000
8,1117,3448181866,186,Day 7 16:26,none,,8.406654,8.406654,completed,0.060000,0.024005,0.252072,1.000000,0.120833,0.294000,0.450177,0.000000,0.156400,10,1,1,1,0,0,0,1,1,1,1,1,0,0,0,1,1,0.209058,0.199009,0.195402,0.000000,0.000000,0.000000,0.000000,0.000000,0.225122,0.000000,0.000000,0.000000,0.000000,0.000000,0.000000,0.171409,go_to_bathroom,1,15,9641,door,none,,,0.000000,1.000000,0,none,,8.406654,8.406654,completed,90,7,rain,24.000000
8,1117,3448181866,187,Day 7 16:41,none,,8.406654,8.406654,completed,0.065000,0.030005,0.252072,1.000000,0.133333,0.000000,0.450177,0.000000,0.147400,10,1,1,1,0,0,0,1,1,1,1,1,0,0,0,1,1,0.216785,0.204264,0.202588,0.000000,0.000000,0.000000,0.000000,0.000000,0.000000,0.198961,0.000000,0.000000,0.000000,0.000000,0.000000,0.177402,get_meal,1,35,9676,door,none,,,0.000000,1.000000,0,none,,8.406654,8.406654,completed,90,7,rain,24.000000
8,1117,3448181866,188,Day 7 17:16,none,,8.406654,8.406654,completed,0.036667,0.044005,0.252072,1.000000,0.000000,0.023333,0.450177,0.000000,0.126400,10,1,1,1,0,0,0,1,1,1,1,1,0,0,0,1,1,0.360687,0.000000,0.339264,0.000000,0.000000,0.000000,0.000000,0.000000,0.000000,0.000000,0.000000,0.000000,0.000000,0.000000,0.000000,0.300048,use_phone,1,25,9701,phone,none,,,0.000000,1.000000,0,none,,8.406654,8.406654,completed,90,7,rain,24.000000
8,1117,3448181866,189,Day 7 17:41,none,,8.406654,8.406654,completed,0.000000,0.136525,0.252072,1.000000,0.020833,0.040000,0.450177,0.095000,0.211400,10,1,1,1,0,0,0,1,1,1,1,1,0,0,0,1,1,0.338168,0.364060,0.000000,0.000000,0.000000,0.000000,0.000000,0.000000,0.000000,0.000000,0.000000,0.000000,0.000000,0.000000,0.000000,0.297772,use_phone,1,25,9726,phone,none,,,0.000000,1.000000,0,none,,8.406654,8.406654,completed,90,7,rain,24.000000
8,1117,3448181866,190,Day 7 18:06,none,,8.406654,8.406654,completed,0.000000,0.229045,0.252072,1.000000,0.041667,0.056667,0.450177,0.190000,0.296400,10,1,1,1,0,0,0,1,1,1,1,1,0,0,0,1,1,0.234235,0.282755,0.000000,0.000000,0.000000,0.000000,0.268839,0.000000,0.000000,0.000000,0.000000,0.000000,0.000000,0.000000,0.000000,0.214172,shop_on_phone,1,20,9746,phone,none,evening,,0.000000,1.000000,0,none,,8.406654,8.406654,completed,60,7,rain,24.000000
8,1117,3448181866,191,Day 7 18:26,none,,8.406654,8.406654,completed,0.006667,0.238637,0.252072,1.000000,0.058333,0.070000,0.450177,0.250000,0.000000,10,1,1,1,0,0,0,1,1,1,1,1,0,0,0,1,1,0.000000,0.000000,0.000000,0.000000,0.000000,0.000000,0.565148,0.000000,0.000000,0.000000,0.000000,0.000000,0.000000,0.000000,0.000000,0.434852,idle,1,10,9756,,none,,,0.000000,1.000000,0,none,,8.406654,8.406654,completed,60,7,rain,24.000000
8,1117,3448181866,192,Day 7 18:36,none,,8.406654,8.406654,completed,0.130000,0.242637,0.252072,0.946667,0.066667,0.076667,0.450177,0.240000,0.000000,10,1,1,1,0,0,0,1,1,1,1,1,0,0,0,1,1,0.254353,0.000000,0.241911,0.000000,0.000000,0.000000,0.282996,0.000000,0.000000,0.000000,0.000000,0.000000,0.000000,0.000000,0.000000,0.220740,idle,1,10,9766,,none,,,0.000000,1.000000,0,none,,8.406654,8.406654,completed,60,7,rain,24.000000
8,1117,3448181866,193,Day 7 18:46,none,,8.406654,8.406654,completed,0.253333,0.246637,0.252072,0.893333,0.075000,0.083333,0.450177,0.230000,0.000000,10,1,1,1,0,0,0,1,1,1,1,1,0,0,0,1,1,0.265293,0.000000,0.247052,0.000000,0.000000,0.000000,0.272323,0.000000,0.000000,0.000000,0.000000,0.000000,0.000000,0.000000,0.000000,0.215331,use_computer,1,30,9796,computer,none,,,0.000000,1.000000,0,none,,8.406654,8.406654,completed,60,7,rain,24.000000
8,1117,3448181866,194,Day 7 19:16,none,,8.406654,8.406654,completed,0.103333,0.360759,0.252072,0.883333,0.100000,0.103333,0.450177,0.310000,0.000000,10,1,1,1,0,0,0,1,1,1,1,1,0,0,0,1,1,0.310031,0.000000,0.000000,0.000000,0.000000,0.000000,0.407846,0.000000,0.000000,0.000000,0.000000,0.000000,0.000000,0.000000,0.000000,0.282123,use_phone,1,25,9821,phone,none,,,0.000000,1.000000,0,none,,8.406654,8.406654,completed,60,7,rain,24.000000
8,1117,3448181866,195,Day 7 19:41,none,,8.406654,8.406654,completed,0.000000,0.453280,0.252072,0.915000,0.120833,0.120000,0.450177,0.405000,0.085000,10,1,1,1,0,0,0,1,1,1,1,1,0,0,0,1,1,0.000000,0.000000,0.000000,0.000000,0.000000,0.000000,0.370055,0.403139,0.000000,0.000000,0.000000,0.000000,0.000000,0.000000,0.000000,0.226806,sleep_at_bed,1,480,10301,bed,none,,,0.000000,1.000000,0,none,,8.406654,8.406654,completed,60,7,rain,24.000000
8,1117,3448181866,196,Day 8 03:41,none,,8.406654,8.406654,completed,0.080000,0.180316,0.252072,0.835000,0.520833,0.440000,0.450177,0.000000,0.000000,10,1,1,1,0,0,0,1,1,1,1,1,0,0,0,1,1,0.186828,0.000000,0.177153,0.000000,0.000000,0.000000,0.000000,0.000000,0.232803,0.248900,0.000000,0.000000,0.000000,0.000000,0.000000,0.154317,go_to_bathroom,1,15,10316,door,none,,,0.000000,1.000000,0,none,,8.406654,8.406654,completed,60,7,rain,24.000000
8,1117,3448181866,197,Day 8 03:56,none,,8.406654,8.406654,completed,0.085000,0.186316,0.252072,0.922344,0.533333,0.000000,0.450177,0.000000,0.000000,10,1,1,1,0,0,0,1,1,1,1,1,0,0,0,1,1,0.242883,0.000000,0.230264,0.000000,0.000000,0.000000,0.000000,0.000000,0.000000,0.326622,0.000000,0.000000,0.000000,0.000000,0.000000,0.200231,use_phone,1,25,10341,phone,none,,,0.000000,1.000000,0,none,,8.406654,8.406654,completed,60,7,rain,24.000000
8,1117,3448181866,198,Day 8 04:21,none,,8.406654,8.406654,completed,0.000000,0.278836,0.252072,0.954011,0.554167,0.016667,0.450177,0.095000,0.085000,10,1,1,1,0,0,0,1,1,1,1,1,0,0,0,1,1,0.221805,0.000000,0.000000,0.000000,0.000000,0.000000,0.246781,0.000000,0.000000,0.332906,0.000000,0.000000,0.000000,0.000000,0.000000,0.198508,idle,1,10,10351,,none,,,0.000000,1.000000,0,none,,8.406654,8.406654,completed,60,7,rain,24.000000
8,1117,3448181866,199,Day 8 04:31,none,,8.406654,8.406654,completed,0.123333,0.282836,0.252072,0.900678,0.562500,0.023333,0.450177,0.085000,0.079000,10,1,1,1,0,0,0,1,1,1,1,1,0,0,0,1,1,0.191734,0.000000,0.182865,0.000000,0.000000,0.000000,0.196813,0.000000,0.000000,0.268100,0.000000,0.000000,0.000000,0.000000,0.000000,0.160487,use_computer,1,30,10381,computer,none,,,0.000000,1.000000,0,none,,8.406654,8.406654,completed,60,7,rain,24.000000
8,1117,3448181866,200,Day 8 05:01,none,,8.406654,8.406654,completed,0.000000,0.396959,0.252072,0.890678,0.587500,0.043333,0.450177,0.165000,0.061000,10,1,1,1,0,0,0,1,1,1,1,1,0,0,0,1,1,0.000000,0.000000,0.000000,0.000000,0.000000,0.000000,0.338665,0.000000,0.000000,0.419132,0.000000,0.000000,0.000000,0.000000,0.000000,0.242203,idle,1,10,10391,,none,,,0.000000,1.000000,0,none,,8.406654,8.406654,completed,60,7,rain,24.000000
8,1117,3448181866,201,Day 8 05:11,none,,8.406654,8.406654,completed,0.123333,0.400959,0.252072,0.837344,0.595833,0.050000,0.450177,0.155000,0.055000,10,1,1,1,0,0,0,1,1,1,1,1,0,0,0,1,1,0.181183,0.000000,0.175382,0.000000,0.000000,0.000000,0.216302,0.000000,0.000000,0.270317,0.000000,0.000000,0.000000,0.000000,0.000000,0.156816,use_computer,1,30,10421,computer,none,,,0.000000,1.000000,0,none,,8.406654,8.406654,completed,60,7,rain,24.000000
8,1117,3448181866,202,Day 8 05:41,none,,8.406654,8.406654,completed,0.000000,0.515081,0.252072,0.827344,0.620833,0.070000,0.450177,0.235000,0.037000,10,1,1,1,0,0,0,1,1,1,1,1,0,0,0,1,1,0.000000,0.000000,0.000000,0.000000,0.000000,0.000000,0.258351,0.284044,0.000000,0.293334,0.000000,0.000000,0.000000,0.000000,0.000000,0.164272,get_meal,1,35,10456,door,none,,,0.000000,1.000000,0,none,,8.406654,8.406654,completed,60,7,rain,24.000000
8,1117,3448181866,203,Day 8 06:16,none,,8.406654,8.406654,completed,0.000000,0.529081,0.252072,0.948022,0.100000,0.093333,0.450177,0.200000,0.016000,10,1,1,1,0,0,0,1,1,1,1,1,0,0,0,1,1,0.000000,0.000000,0.000000,0.000000,0.000000,0.000000,0.364682,0.401886,0.000000,0.000000,0.000000,0.000000,0.000000,0.000000,0.000000,0.233432,idle,1,10,10466,,none,,,0.000000,1.000000,0,none,,8.406654,8.406654,completed,60,7,rain,24.000000
8,1117,3448181866,204,Day 8 06:26,none,,8.406654,8.406654,completed,0.123333,0.533081,0.252072,0.894689,0.108333,0.100000,0.450177,0.190000,0.010000,10,1,1,1,0,0,0,1,1,1,1,1,0,0,0,1,1,0.174010,0.000000,0.171112,0.000000,0.000000,0.000000,0.237996,0.262450,0.000000,0.000000,0.000000,0.000000,0.000000,0.000000,0.000000,0.154431,use_phone,1,25,10491,phone,none,,,0.000000,1.000000,0,none,,8.406654,8.406654,completed,60,7,rain,24.000000
8,1117,3448181866,205,Day 8 06:51,none,,8.406654,8.406654,completed,0.000000,0.625601,0.252072,0.926355,0.129167,0.116667,0.450177,0.285000,0.095000,10,1,1,1,0,0,0,1,1,1,1,1,0,0,0,1,1,0.000000,0.000000,0.000000,0.000000,0.000000,0.000000,0.367638,0.421401,0.000000,0.000000,0.000000,0.000000,0.000000,0.000000,0.000000,0.210962,idle,1,10,10501,,none,,,0.000000,1.000000,0,none,,8.406654,8.406654,completed,60,7,rain,24.000000
8,1117,3448181866,206,Day 8 07:01,none,,8.406654,8.406654,completed,0.123333,0.629601,0.252072,0.873022,0.137500,0.123333,0.450177,0.275000,0.089000,10,1,1,1,0,0,0,1,1,1,1,1,0,0,0,1,1,0.136281,0.000000,0.135715,0.000000,0.000000,0.000000,0.215382,0.247044,0.000000,0.140288,0.000000,0.000000,0.000000,0.000000,0.000000,0.125290,use_computer,1,30,10531,computer,none,,,0.000000,1.000000,0,none,,8.406654,8.406654,completed,60,7,rain,24.000000
8,1117,3448181866,207,Day 8 07:31,none,,8.406654,8.406654,completed,0.000000,0.743723,0.252072,0.863022,0.162500,0.143333,0.450177,0.355000,0.071000,10,1,1,1,0,0,0,1,1,1,1,1,0,0,0,1,1,0.000000,0.000000,0.000000,0.000000,0.000000,0.000000,0.223349,0.267989,0.130197,0.132169,0.000000,0.000000,0.000000,0.000000,0.132347,0.113949,sleep_at_bed,1,480,11011,bed,none,alarm-rings|weather-clear|message-study-group,,0.000000,1.000000,0,none,,8.406654,8.406654,completed,60,8,clear,24.000000
8,1117,3448181866,208,Day 8 15:31,none,,8.406654,8.406654,completed,0.110000,0.470760,0.252072,0.783022,0.562500,0.463333,0.492962,0.000000,0.000000,11,1,1,1,0,0,0,1,1,1,1,1,0,1,0,1,1,0.124509,0.000000,0.121409,0.000000,0.000000,0.000000,0.140546,0.000000,0.161007,0.175050,0.000000,0.000000,0.172826,0.000000,0.000000,0.104654,get_meal,1,35,11046,door,none,,,0.000000,1.000000,0,none,,8.406654,8.406654,completed,60,8,clear,24.000000
8,1117,3448181866,209,Day 8 16:06,none,,8.406654,8.406654,completed,0.081667,0.484760,0.252072,0.903700,0.041667,0.486667,0.492962,0.000000,0.000000,11,1,1,1,0,0,0,1,1,1,1,1,0,1,0,1,1,0.147909,0.000000,0.145167,0.000000,0.000000,0.000000,0.171890,0.000000,0.199384,0.000000,0.000000,0.000000,0.209269,0.000000,0.000000,0.126380,idle,1,10,11056,,none,,,0.000000,1.000000,0,none,,8.406654,8.406654,completed,60,8,clear,24.000000
8,1117,3448181866,210,Day 8 16:16,none,,8.406654,8.406654,completed,0.205000,0.488760,0.252072,0.850366,0.050000,0.493333,0.492962,0.000000,0.000000,11,1,1,1,0,0,0,1,1,1,1,1,0,1,0,1,1,0.155953,0.000000,0.149896,0.000000,0.000000,0.000000,0.168489,0.000000,0.196136,0.000000,0.000000,0.000000,0.204543,0.000000,0.000000,0.124984,use_phone,1,25,11081,phone,none,,,0.000000,1.000000,0,none,,8.406654,8.406654,completed,60,8,clear,24.000000
8,1117,3448181866,211,Day 8 16:41,none,,8.406654,8.406654,completed,0.000000,0.581280,0.252072,0.882033,0.070833,0.510000,0.492962,0.095000,0.085000,11,1,1,1,0,0,0,1,1,1,1,1,0,1,0,1,1,0.000000,0.000000,0.000000,0.000000,0.000000,0.000000,0.203509,0.227563,0.215401,0.000000,0.000000,0.000000,0.221060,0.000000,0.000000,0.132468,rest_at_bed,1,60,11141,bed,none,,,0.000000,1.000000,0,none,,8.406654,8.406654,completed,60,8,clear,24.000000
8,1117,3448181866,212,Day 8 17:41,none,,8.406654,8.406654,completed,0.060000,0.373040,0.252072,0.912033,0.120833,0.550000,0.492962,0.000000,0.049000,11,1,1,1,0,0,0,1,1,1,1,1,0,1,0,1,1,0.148167,0.000000,0.144117,0.000000,0.000000,0.000000,0.159102,0.000000,0.212421,0.000000,0.000000,0.000000,0.209770,0.000000,0.000000,0.126422,go_to_bathroom,1,15,11156,door,none,room-temperature-shift,,0.000000,1.000000,0,none,,8.406654,8.406654,completed,60,8,clear,24.000000
8,1117,3448181866,213,Day 8 17:56,none,,8.406654,8.406654,completed,0.065000,0.379040,0.252072,0.999377,0.133333,0.000000,0.492962,0.000000,0.040000,11,1,1,1,0,0,0,1,1,1,1,1,0,1,0,1,1,0.159557,0.000000,0.155168,0.000000,0.000000,0.000000,0.171654,0.000000,0.000000,0.152391,0.000000,0.000000,0.225352,0.000000,0.000000,0.135878,idle,1,10,11166,,none,,,0.000000,1.000000,0,none,,8.406654,8.406654,completed,60,8,clear,24.000000
8,1117,3448181866,214,Day 8 18:06,none,,8.406654,8.406654,completed,0.188333,0.383040,0.252072,0.946044,0.141667,0.006667,0.492962,0.000000,0.034000,11,1,1,1,0,0,0,1,1,1,1,1,0,1,0,1,1,0.167986,0.000000,0.159987,0.000000,0.000000,0.000000,0.168009,0.000000,0.000000,0.149901,0.000000,0.000000,0.219938,0.000000,0.000000,0.134178,use_computer,1,30,11196,computer,none,,,0.000000,1.000000,0,none,,8.406654,8.406654,completed,60,8,clear,24.000000
8,1117,3448181866,215,Day 8 18:36,none,,8.406654,8.406654,completed,0.038333,0.497162,0.252072,0.936044,0.166667,0.026667,0.492962,0.080000,0.016000,11,1,1,1,0,0,0,1,1,1,1,1,0,1,0,1,1,0.149324,0.000000,0.148094,0.000000,0.000000,0.000000,0.191389,0.000000,0.000000,0.155142,0.000000,0.000000,0.222333,0.000000,0.000000,0.133718,rest_at_bed,1,60,11256,bed,none,evening,,0.000000,1.000000,0,none,,8.406654,8.406654,completed,60,8,clear,24.000000
8,1117,3448181866,216,Day 8 19:36,none,,8.406654,8.406654,completed,0.098333,0.288922,0.252072,0.966044,0.216667,0.066667,0.492962,0.000000,0.000000,11,1,1,1,0,0,0,1,1,1,1,1,0,1,0,1,1,0.163014,0.000000,0.156005,0.000000,0.000000,0.000000,0.159450,0.000000,0.000000,0.163275,0.000000,0.000000,0.223230,0.000000,0.000000,0.135026,use_computer,1,30,11286,computer,none,,,0.000000,1.000000,0,none,,8.406654,8.406654,completed,60,8,clear,24.000000
8,1117,3448181866,217,Day 8 20:06,none,,8.406654,8.406654,completed,0.000000,0.403044,0.252072,0.956044,0.241667,0.086667,0.492962,0.080000,0.000000,11,1,1,1,0,0,0,1,1,1,1,1,0,1,0,1,1,0.173737,0.000000,0.000000,0.000000,0.000000,0.000000,0.210935,0.000000,0.000000,0.196237,0.000000,0.000000,0.262057,0.000000,0.000000,0.157035,idle,1,10,11296,,none,,,0.000000,1.000000,0,none,,8.406654,8.406654,completed,60,8,clear,24.000000
8,1117,3448181866,218,Day 8 20:16,none,,8.406654,8.406654,completed,0.123333,0.407044,0.252072,0.902711,0.250000,0.093333,0.492962,0.070000,0.000000,11,1,1,1,0,0,0,1,1,1,1,1,0,1,0,1,1,0.156761,0.000000,0.151602,0.000000,0.000000,0.000000,0.175594,0.000000,0.000000,0.164959,0.000000,0.000000,0.218566,0.000000,0.000000,0.132519,rest_at_bed,1,60,11356,bed,none,,,0.000000,1.000000,0,none,,8.406654,8.406654,completed,60,8,clear,24.000000
8,1117,3448181866,219,Day 8 21:16,none,,8.406654,8.406654,completed,0.183333,0.198804,0.252072,0.932711,0.300000,0.133333,0.492962,0.000000,0.000000,11,1,1,1,0,0,0,1,1,1,1,1,0,1,0,1,1,0.169695,0.000000,0.158388,0.000000,0.000000,0.000000,0.000000,0.000000,0.147985,0.172639,0.000000,0.000000,0.218225,0.000000,0.000000,0.133069,turn_off_alarm,1,1,11357,alarm,none,,,0.000000,1.000000,0,none,,8.406654,8.406654,completed,60,8,clear,24.000000
8,1117,3448181866,220,Day 8 21:17,none,,8.406654,8.406654,completed,0.183667,0.199204,0.252072,0.962377,0.300833,0.134000,0.472962,0.000000,0.000000,10,1,1,1,0,0,0,1,1,1,1,1,0,0,0,1,1,0.217019,0.000000,0.202556,0.000000,0.000000,0.000000,0.000000,0.000000,0.189345,0.220922,0.000000,0.000000,0.000000,0.000000,0.000000,0.170158,idle,1,10,11367,,none,,,0.000000,1.000000,0,none,,8.406654,8.406654,completed,60,8,clear,24.000000
8,1117,3448181866,221,Day 8 21:27,none,,8.406654,8.406654,completed,0.307000,0.203204,0.252072,0.909044,0.309167,0.140667,0.472962,0.000000,0.000000,10,1,1,1,0,0,0,1,1,1,1,1,0,0,0,1,1,0.226522,0.000000,0.207055,0.000000,0.000000,0.000000,0.000000,0.000000,0.184389,0.215447,0.000000,0.000000,0.000000,0.000000,0.000000,0.166587,idle,1,10,11377,,none,,,0.000000,1.000000,0,none,,8.406654,8.406654,completed,60,8,clear,24.000000
8,1117,3448181866,222,Day 8 21:37,none,,8.406654,8.406654,completed,0.430333,0.207204,0.252072,0.855711,0.317500,0.147333,0.472962,0.000000,0.000000,10,1,1,1,0,0,0,1,1,1,1,1,0,0,0,1,1,0.200846,0.000000,0.179789,0.000000,0.000000,0.000000,0.149820,0.000000,0.152530,0.178476,0.000000,0.000000,0.000000,0.000000,0.000000,0.138538,use_computer,1,30,11407,computer,none,,,0.000000,1.000000,0,none,,8.406654,8.406654,completed,60,8,clear,24.000000
8,1117,3448181866,223,Day 8 22:07,none,,8.406654,8.406654,completed,0.280333,0.321327,0.252072,0.845711,0.342500,0.167333,0.472962,0.080000,0.000000,10,1,1,1,0,0,0,1,1,1,1,1,0,0,0,1,1,0.179323,0.000000,0.167160,0.000000,0.000000,0.000000,0.171425,0.000000,0.157883,0.185534,0.000000,0.000000,0.000000,0.000000,0.000000,0.138674,use_phone,1,25,11432,phone,none,,,0.000000,1.000000,0,none,,8.406654,8.406654,completed,60,8,clear,24.000000
8,1117,3448181866,224,Day 8 22:32,none,,8.406654,8.406654,completed,0.068667,0.413847,0.252072,0.877377,0.363333,0.184000,0.472962,0.175000,0.085000,10,1,1,1,0,0,0,1,1,1,1,1,0,0,0,1,1,0.155080,0.000000,0.151823,0.000000,0.000000,0.000000,0.196100,0.000000,0.164217,0.193667,0.000000,0.000000,0.000000,0.000000,0.000000,0.139113,use_computer,1,30,11462,computer,none,,,0.000000,1.000000,0,none,,8.406654,8.406654,completed,60,8,clear,24.000000
8,1117,3448181866,225,Day 8 23:02,none,,8.406654,8.406654,completed,0.000000,0.527969,0.252072,0.867377,0.388333,0.204000,0.472962,0.255000,0.067000,10,1,1,1,0,0,0,1,1,1,1,1,0,0,0,1,1,0.000000,0.000000,0.000000,0.000000,0.000000,0.000000,0.227865,0.252549,0.172621,0.204454,0.000000,0.000000,0.000000,0.000000,0.000000,0.142511,get_meal,1,35,11497,door,none,,,0.000000,1.000000,0,none,,8.406654,8.406654,completed,60,8,clear,24.000000
8,1117,3448181866,226,Day 8 23:37,none,,8.406654,8.406654,completed,0.000000,0.541969,0.252072,0.988055,0.000000,0.227333,0.472962,0.220000,0.046000,10,1,1,1,0,0,0,1,1,1,1,1,0,0,0,1,1,0.000000,0.000000,0.000000,0.000000,0.000000,0.000000,0.284055,0.315560,0.221545,0.000000,0.000000,0.000000,0.000000,0.000000,0.000000,0.178840,sleep_at_bed,1,480,11977,bed,none,,,0.000000,1.000000,0,none,,8.406654,8.406654,completed,60,8,clear,24.000000
8,1117,3448181866,227,Day 9 07:37,none,,8.406654,8.406654,completed,0.080000,0.269006,0.252072,0.908055,0.400000,0.547333,0.472962,0.000000,0.000000,10,1,1,1,0,0,0,1,1,1,1,1,0,0,0,1,1,0.157132,0.000000,0.150511,0.000000,0.000000,0.000000,0.153199,0.000000,0.219316,0.188732,0.000000,0.000000,0.000000,0.000000,0.000000,0.131110,go_to_bathroom,1,15,11992,door,none,,,0.000000,1.000000,0,none,,8.406654,8.406654,completed,60,8,clear,24.000000
8,1117,3448181866,228,Day 9 07:52,none,,8.406654,8.406654,completed,0.085000,0.275006,0.252072,0.995399,0.412500,0.000000,0.472962,0.000000,0.000000,10,1,1,1,0,0,0,1,1,1,1,1,0,0,0,1,1,0.200817,0.000000,0.192320,0.000000,0.000000,0.000000,0.196157,0.000000,0.000000,0.243470,0.000000,0.000000,0.000000,0.000000,0.000000,0.167236,idle,1,10,12002,,none,,,0.000000,1.000000,0,none,,8.406654,8.406654,completed,60,8,clear,24.000000
8,1117,3448181866,229,Day 9 08:02,none,,8.406654,8.406654,completed,0.208333,0.279006,0.252072,0.942066,0.420833,0.006667,0.472962,0.000000,0.000000,10,1,1,1,0,0,0,1,1,1,1,1,0,0,0,1,1,0.210092,0.000000,0.197043,0.000000,0.000000,0.000000,0.190780,0.000000,0.000000,0.237982,0.000000,0.000000,0.000000,0.000000,0.000000,0.164103,use_computer,1,30,12032,computer,none,alarm-rings,,0.000000,1.000000,0,none,,8.406654,8.406654,completed,60,8,clear,24.000000
8,1117,3448181866,230,Day 9 08:32,none,,8.406654,8.406654,completed,0.088333,0.393128,0.252072,0.932066,0.445833,0.026667,0.515747,0.080000,0.000000,11,1,1,1,0,0,0,1,1,1,1,1,0,1,0,1,1,0.149246,0.000000,0.145009,0.000000,0.000000,0.000000,0.169799,0.000000,0.000000,0.193219,0.000000,0.000000,0.214066,0.000000,0.000000,0.128661,turn_off_alarm,1,1,12033,alarm,none,,,0.000000,1.000000,0,none,,8.406654,8.406654,completed,60,8,clear,24.000000
8,1117,3448181866,231,Day 9 08:33,none,,8.406654,8.406654,completed,0.088667,0.393528,0.252072,0.961733,0.446667,0.027333,0.495747,0.079000,0.000000,10,1,1,1,0,0,0,1,1,1,1,1,0,0,0,1,1,0.189843,0.000000,0.184447,0.000000,0.000000,0.000000,0.216260,0.000000,0.000000,0.245861,0.000000,0.000000,0.000000,0.000000,0.000000,0.163590,use_computer,1,30,12063,computer,none,,,0.000000,1.000000,0,none,,8.406654,8.406654,completed,60,8,clear,24.000000
8,1117,3448181866,232,Day 9 09:03,none,,8.406654,8.406654,completed,0.000000,0.507650,0.252072,0.951733,0.471667,0.047333,0.495747,0.159000,0.000000,10,1,1,1,0,0,0,1,1,1,1,1,0,0,0,1,1,0.000000,0.000000,0.000000,0.000000,0.000000,0.000000,0.370574,0.000000,0.000000,0.382760,0.000000,0.000000,0.000000,0.000000,0.000000,0.246667,idle,1,10,12073,,none,,,0.000000,1.000000,0,none,,8.406654,8.406654,completed,60,8,clear,24.000000
8,1117,3448181866,233,Day 9 09:13,none,,8.406654,8.406654,completed,0.123333,0.511650,0.252072,0.898399,0.480000,0.054000,0.495747,0.149000,0.000000,10,1,1,1,0,0,0,1,1,1,1,1,0,0,0,1,1,0.181670,0.000000,0.178069,0.000000,0.000000,0.000000,0.235583,0.000000,0.000000,0.245713,0.000000,0.000000,0.000000,0.000000,0.000000,0.158965,get_meal,1,35,12108,door,none,,,0.000000,1.000000,0,none,,8.406654,8.406654,completed,60,8,clear,24.000000
8,1117,3448181866,234,Day 9 09:48,none,,8.406654,8.406654,completed,0.095000,0.525650,0.252072,1.000000,0.000000,0.077333,0.495747,0.114000,0.000000,10,1,1,1,0,0,0,1,1,1,1,1,0,0,0,1,1,0.240007,0.000000,0.236626,0.000000,0.000000,0.000000,0.312001,0.000000,0.000000,0.000000,0.000000,0.000000,0.000000,0.000000,0.000000,0.211366,rest_at_bed,1,60,12168,bed,none,,,0.000000,1.000000,0,none,,8.406654,8.406654,completed,60,8,clear,24.000000
8,1117,3448181866,235,Day 9 10:48,none,,8.406654,8.406654,completed,0.155000,0.317410,0.252072,1.000000,0.050000,0.117333,0.495747,0.000000,0.000000,10,1,1,1,0,0,0,1,1,1,1,1,0,0,0,1,1,0.268514,0.000000,0.255288,0.000000,0.000000,0.000000,0.259581,0.000000,0.000000,0.000000,0.000000,0.000000,0.000000,0.000000,0.000000,0.216618,use_phone,1,25,12193,phone,none,,,0.000000,1.000000,0,none,,8.406654,8.406654,completed,60,8,clear,24.000000
8,1117,3448181866,236,Day 9 11:13,none,,8.406654,8.406654,completed,0.000000,0.409930,0.252072,1.000000,0.070833,0.134000,0.495747,0.095000,0.085000,10,1,1,1,0,0,0,1,1,1,1,1,0,0,0,1,1,0.239699,0.000000,0.000000,0.000000,0.000000,0.000000,0.295964,0.000000,0.246581,0.000000,0.000000,0.000000,0.000000,0.000000,0.000000,0.217756,go_to_bathroom,1,15,12208,door,none,,,0.000000,1.000000,0,none,,8.406654,8.406654,completed,60,8,clear,24.000000
8,1117,3448181866,237,Day 9 11:28,none,,8.406654,8.406654,completed,0.005000,0.415930,0.252072,1.000000,0.083333,0.000000,0.495747,0.080000,0.076000,10,1,1,1,0,0,0,1,1,1,1,1,0,0,0,1,1,0.243064,0.000000,0.240219,0.000000,0.000000,0.000000,0.297270,0.000000,0.000000,0.000000,0.000000,0.000000,0.000000,0.000000,0.000000,0.219446,rest_at_bed,1,60,12268,bed,none,message-study-group,,0.000000,1.000000,0,none,,8.406654,8.406654,completed,60,9,clear,24.000000
8,1117,3448181866,238,Day 9 12:28,none,,8.406654,8.406654,completed,0.065000,0.207690,0.252072,1.000000,0.133333,0.040000,0.495747,0.000000,0.040000,10,1,1,1,0,0,0,1,1,1,1,1,0,0,0,1,1,0.268432,0.000000,0.255992,0.000000,0.000000,0.000000,0.000000,0.000000,0.000000,0.251410,0.000000,0.000000,0.000000,0.000000,0.000000,0.224167,use_computer,1,30,12298,computer,none,room-temperature-shift,,0.000000,1.000000,0,none,,8.406654,8.406654,completed,60,9,clear,24.000000
8,1117,3448181866,239,Day 9 12:58,none,,8.406654,8.406654,completed,0.000000,0.321812,0.252072,0.990000,0.158333,0.060000,0.495747,0.080000,0.022000,10,1,1,1,0,0,0,1,1,1,1,1,0,0,0,1,1,0.246000,0.000000,0.000000,0.000000,0.000000,0.000000,0.279178,0.000000,0.000000,0.254524,0.000000,0.000000,0.000000,0.000000,0.000000,0.220299,use_phone,1,25,12323,phone,none,,,0.000000,1.000000,0,none,,8.406654,8.406654,completed,60,9,clear,24.000000
8,1117,3448181866,240,Day 9 13:23,none,,8.406654,8.406654,completed,0.000000,0.414333,0.252072,1.000000,0.179167,0.076667,0.495747,0.175000,0.107000,10,1,1,1,0,0,0,1,1,1,1,1,0,0,0,1,1,0.000000,0.000000,0.000000,0.000000,0.000000,0.000000,0.394015,0.000000,0.000000,0.327786,0.000000,0.000000,0.000000,0.000000,0.000000,0.278199,rest_at_bed,1,60,12383,bed,none,,,0.000000,1.000000,0,none,,8.406654,8.406654,completed,60,9,clear,24.000000
8,1117,3448181866,241,Day 9 14:23,none,,8.406654,8.406654,completed,0.060000,0.206092,0.252072,1.000000,0.229167,0.116667,0.495747,0.000000,0.071000,10,1,1,1,0,0,0,1,1,1,1,1,0,0,0,1,1,0.261819,0.000000,0.249856,0.000000,0.000000,0.000000,0.000000,0.000000,0.000000,0.269148,0.000000,0.000000,0.000000,0.000000,0.000000,0.219177,get_meal,1,35,12418,door,none,,,0.000000,1.000000,0,none,,8.406654,8.406654,completed,60,9,clear,24.000000
8,1117,3448181866,242,Day 9 14:58,none,,8.406654,8.406654,completed,0.031667,0.220092,0.252072,1.000000,0.000000,0.140000,0.495747,0.000000,0.050000,10,1,1,1,0,0,0,1,1,1,1,1,0,0,0,1,1,0.210951,0.000000,0.202626,0.000000,0.000000,0.000000,0.203062,0.000000,0.203844,0.000000,0.000000,0.000000,0.000000,0.000000,0.000000,0.179518,rest_at_bed,1,60,12478,bed,none,weather-clear,,0.000000,1.000000,0,none,,8.406654,8.406654,completed,60,9,clear,24.000000
8,1117,3448181866,243,Day 9 15:58,none,,8.406654,8.406654,completed,0.091667,0.011852,0.252072,1.000000,0.050000,0.180000,0.495747,0.000000,0.014000,10,1,1,1,0,0,0,1,1,1,1,1,0,0,0,1,1,0.271848,0.000000,0.252350,0.000000,0.000000,0.000000,0.000000,0.000000,0.256877,0.000000,0.000000,0.000000,0.000000,0.000000,0.000000,0.218925,go_to_bathroom,1,15,12493,door,none,,,0.000000,1.000000,0,none,,8.406654,8.406654,completed,60,9,clear,24.000000
8,1117,3448181866,244,Day 9 16:13,none,,8.406654,8.406654,completed,0.096667,0.017852,0.252072,1.000000,0.062500,0.000000,0.495747,0.000000,0.005000,10,1,1,1,0,0,0,1,1,1,1,1,0,0,0,1,1,0.366048,0.000000,0.339733,0.000000,0.000000,0.000000,0.000000,0.000000,0.000000,0.000000,0.000000,0.000000,0.000000,0.000000,0.000000,0.294218,use_phone,1,25,12518,phone,none,,,0.000000,1.000000,0,none,,8.406654,8.406654,completed,60,9,clear,24.000000
8,1117,3448181866,245,Day 9 16:38,none,,8.406654,8.406654,completed,0.000000,0.110372,0.252072,1.000000,0.083333,0.016667,0.495747,0.095000,0.090000,10,1,1,1,0,0,0,1,1,1,1,1,0,0,0,1,1,0.532504,0.000000,0.000000,0.000000,0.000000,0.000000,0.000000,0.000000,0.000000,0.000000,0.000000,0.000000,0.000000,0.000000,0.000000,0.467496,use_phone,1,25,12543,phone,none,,,0.000000,1.000000,0,none,,8.406654,8.406654,completed,60,9,clear,24.000000
8,1117,3448181866,246,Day 9 17:03,none,,8.406654,8.406654,completed,0.000000,0.202893,0.252072,1.000000,0.104167,0.033333,0.495747,0.190000,0.175000,10,1,1,1,0,0,0,1,1,1,1,1,0,0,0,1,1,0.243402,0.262509,0.000000,0.000000,0.000000,0.000000,0.272198,0.000000,0.000000,0.000000,0.000000,0.000000,0.000000,0.000000,0.000000,0.221891,shop_on_phone,1,20,12563,phone,none,,,0.000000,1.000000,0,none,,8.406654,8.406654,completed,30,9,clear,24.000000
8,1117,3448181866,247,Day 9 17:23,none,,8.406654,8.406654,completed,0.006667,0.212484,0.252072,1.000000,0.120833,0.046667,0.495747,0.250000,0.000000,10,1,1,1,0,0,0,1,1,1,1,1,0,0,0,1,1,0.000000,0.000000,0.000000,0.000000,0.000000,0.000000,0.559489,0.000000,0.000000,0.000000,0.000000,0.000000,0.000000,0.000000,0.000000,0.440511,idle,1,10,12573,,none,,,0.000000,1.000000,0,none,,8.406654,8.406654,completed,30,9,clear,24.000000
8,1117,3448181866,248,Day 9 17:33,none,,8.406654,8.406654,completed,0.130000,0.216484,0.252072,0.946667,0.129167,0.053333,0.495747,0.240000,0.000000,10,1,1,1,0,0,0,1,1,1,1,1,0,0,0,1,1,0.256569,0.000000,0.243291,0.000000,0.000000,0.000000,0.278141,0.000000,0.000000,0.000000,0.000000,0.000000,0.000000,0.000000,0.000000,0.221999,use_phone,1,25,12598,phone,none,,,0.000000,1.000000,0,none,,8.406654,8.406654,completed,30,9,clear,24.000000
8,1117,3448181866,249,Day 9 17:58,none,,8.406654,8.406654,completed,0.000000,0.309005,0.252072,0.978333,0.150000,0.070000,0.495747,0.335000,0.085000,10,1,1,1,0,0,0,1,1,1,1,1,0,0,0,1,1,0.000000,0.000000,0.000000,0.000000,0.000000,0.000000,0.397773,0.000000,0.000000,0.321643,0.000000,0.000000,0.000000,0.000000,0.000000,0.280584,idle,1,10,12608,,none,,,0.000000,1.000000,0,none,,8.406654,8.406654,completed,30,9,clear,24.000000
8,1117,3448181866,250,Day 9 18:08,none,,8.406654,8.406654,completed,0.123333,0.313005,0.252072,0.925000,0.158333,0.076667,0.495747,0.325000,0.079000,10,1,1,1,0,0,0,1,1,1,1,1,0,0,0,1,1,0.238983,0.000000,0.000000,0.000000,0.000000,0.000000,0.300607,0.000000,0.000000,0.245454,0.000000,0.000000,0.000000,0.000000,0.000000,0.214956,idle,1,10,12618,,none,,,0.000000,1.000000,0,none,,8.406654,8.406654,completed,30,9,clear,24.000000
8,1117,3448181866,251,Day 9 18:18,none,,8.406654,8.406654,completed,0.246667,0.317005,0.252072,0.871667,0.166667,0.083333,0.495747,0.315000,0.073000,10,1,1,1,0,0,0,1,1,1,1,1,0,0,0,1,1,0.204083,0.000000,0.192115,0.000000,0.000000,0.000000,0.236840,0.000000,0.000000,0.195280,0.000000,0.000000,0.000000,0.000000,0.000000,0.171682,rest_at_bed,1,60,12678,bed,none,,,0.000000,1.000000,0,none,,8.406654,8.406654,completed,30,9,clear,24.000000
8,1117,3448181866,252,Day 9 19:18,none,,8.406654,8.406654,completed,0.306667,0.108764,0.252072,0.901667,0.216667,0.123333,0.495747,0.115000,0.037000,10,1,1,1,0,0,0,1,1,1,1,1,0,0,0,1,1,0.281720,0.000000,0.255321,0.000000,0.000000,0.000000,0.000000,0.000000,0.000000,0.251126,0.000000,0.000000,0.000000,0.000000,0.000000,0.211834,use_phone,1,25,12703,phone,none,evening,,0.000000,1.000000,0,none,,8.406654,8.406654,completed,30,9,clear,24.000000
8,1117,3448181866,253,Day 9 19:43,none,,8.406654,8.406654,completed,0.095000,0.201285,0.252072,0.933333,0.237500,0.140000,0.495747,0.210000,0.122000,10,1,1,1,0,0,0,1,1,1,1,1,0,0,0,1,1,0.167963,0.000000,0.159870,0.000000,0.000000,0.000000,0.179595,0.000000,0.165354,0.180717,0.000000,0.000000,0.000000,0.000000,0.000000,0.146501,rest_at_bed,1,60,12763,bed,none,,,0.000000,1.000000,0,none,,8.406654,8.406654,completed,30,9,clear,24.000000
8,1117,3448181866,254,Day 9 20:43,none,,8.406654,8.406654,completed,0.155000,0.000000,0.252072,0.963333,0.287500,0.180000,0.495747,0.010000,0.086000,10,1,1,1,0,0,0,1,1,1,1,1,0,0,0,1,1,0.216898,0.000000,0.198915,0.000000,0.000000,0.000000,0.000000,0.000000,0.197379,0.217574,0.000000,0.000000,0.000000,0.000000,0.000000,0.169234,go_to_bathroom,1,15,12778,door,none,,,0.000000,1.000000,0,none,,8.406654,8.406654,completed,30,9,clear,24.000000
8,1117,3448181866,255,Day 9 20:58,none,,8.406654,8.406654,completed,0.160000,0.006000,0.252072,1.000000,0.300000,0.000000,0.495747,0.000000,0.077000,10,1,1,1,0,0,0,1,1,1,1,1,0,0,0,1,1,0.270056,0.000000,0.247573,0.000000,0.000000,0.000000,0.000000,0.000000,0.000000,0.272666,0.000000,0.000000,0.000000,0.000000,0.000000,0.209704,use_phone,1,25,12803,phone,none,,,0.000000,1.000000,0,none,,8.406654,8.406654,completed,30,9,clear,24.000000
8,1117,3448181866,256,Day 9 21:23,none,,8.406654,8.406654,completed,0.000000,0.098520,0.252072,1.000000,0.320833,0.016667,0.495747,0.095000,0.162000,10,1,1,1,0,0,0,1,1,1,1,1,0,0,0,1,1,0.244965,0.251116,0.000000,0.000000,0.000000,0.000000,0.000000,0.000000,0.000000,0.289150,0.000000,0.000000,0.000000,0.000000,0.000000,0.214769,use_phone,1,25,12828,phone,none,,,0.000000,1.000000,0,none,,8.406654,8.406654,completed,30,9,clear,24.000000
