personality_index,scenario_seed,action_seed,step,decision_time,pre_commitment_status,pre_commitment_task_id,pre_task_effort,pre_task_effort_target,pre_task_status,pre_boredom,pre_fatigue,pre_task_pressure,pre_satisfaction,pre_hunger,pre_bathroom_urge,pre_anxiety,pre_screen_strain,pre_purchase_urge,known_action_count,known_use_phone,known_shop_on_phone,known_use_computer,known_study_at_computer,known_study_focused,known_study_halfhearted,known_rest_at_bed,known_sleep_at_bed,known_go_to_bathroom,known_get_meal,known_turn_light_on,known_turn_light_off,known_turn_off_alarm,known_open_curtain,known_close_curtain,known_idle,p_use_phone,p_shop_on_phone,p_use_computer,p_study_at_computer,p_study_focused,p_study_halfhearted,p_rest_at_bed,p_sleep_at_bed,p_go_to_bathroom,p_get_meal,p_turn_light_on,p_turn_light_off,p_turn_off_alarm,p_open_curtain,p_close_curtain,p_idle,chosen_action,accepted,elapsed_minutes,simulation_total_minutes,target_object_id,failure_reason,event_ids,outcome_task_id,outcome_task_effort_gained,outcome_task_settlement_variation,outcome_task_session_interrupted,post_commitment_status,post_commitment_task_id,post_task_effort,post_task_effort_target,post_task_status,post_wallet,post_unread_messages,post_weather,post_temperature_celsius
20,1102,3448075189,1,Day 1 08:00,none,,0.000000,8.054472,active,0.550000,0.150000,0.550000,0.450000,0.250000,0.150000,0.200000,0.050000,0.100000,13,1,1,1,1,1,1,1,1,1,1,0,1,0,0,1,1,0.148343,0.079481,0.117940,0.105991,0.110768,0.110840,0.092232,0.000000,0.078189,0.087172,0.000000,0.000000,0.000000,0.000000,0.000000,0.069043,use_computer,1,30,510,computer,none,,,0.000000,1.000000,0,none,,0.000000,8.054472,active,120,0,clear,23.000000
20,1102,3448075189,2,Day 1 08:30,none,,0.000000,8.054472,active,0.400000,0.265481,0.646772,0.440000,0.275000,0.170000,0.208595,0.130000,0.082000,13,1,1,1,1,1,1,1,1,1,1,0,1,0,0,1,1,0.127441,0.000000,0.106285,0.114236,0.119250,0.108954,0.106109,0.000000,0.079957,0.089605,0.000000,0.080742,0.000000,0.000000,0.000000,0.067422,get_meal,1,35,545,door,none,,,0.000000,1.000000,0,none,,0.000000,8.054472,active,120,0,clear,23.000000
20,1102,3448075189,3,Day 1 09:05,none,,0.000000,8.054472,active,0.371667,0.279481,0.646772,0.562631,0.000000,0.193333,0.210147,0.095000,0.061000,13,1,1,1,1,1,1,1,1,1,1,0,1,0,0,1,1,0.138728,0.000000,0.116494,0.125247,0.132551,0.118324,0.115822,0.000000,0.090354,0.000000,0.000000,0.088529,0.000000,0.000000,0.000000,0.073951,study_at_computer,1,35,580,computer,none,,coursework,0.784701,1.065764,0,active,coursework,0.784701,8.054472,active,120,0,clear,23.000000
20,1102,3448075189,4,Day 1 09:40,active,coursework,0.784701,8.054472,active,0.403333,0.405440,0.526178,0.630964,0.029167,0.216667,0.161700,0.140000,0.040000,13,1,1,1,1,1,1,1,1,1,1,0,1,0,0,1,1,0.116716,0.000000,0.099141,0.106441,0.113512,0.110607,0.112674,0.118909,0.078776,0.000000,0.000000,0.079711,0.000000,0.000000,0.000000,0.063513,study_focused,1,35,615,desk,none,,coursework,0.497430,1.000215,0,active,coursework,1.282131,8.054472,active,120,0,clear,23.000000
20,1102,3448075189,5,Day 1 10:15,active,coursework,1.282131,8.054472,active,0.435000,0.529440,0.405585,0.699298,0.058333,0.240000,0.111700,0.105000,0.019000,13,1,1,1,1,1,1,1,1,1,1,0,1,0,0,1,1,0.119521,0.000000,0.102483,0.089619,0.096305,0.102419,0.123985,0.136423,0.081361,0.000000,0.000000,0.083265,0.000000,0.000000,0.000000,0.064619,use_phone,1,25,640,phone,none,,,0.000000,1.000000,0,active,coursework,1.282131,8.054472,active,120,0,clear,23.000000
20,1102,3448075189,6,Day 1 10:40,active,coursework,1.282131,8.054472,active,0.223333,0.623574,0.522357,0.730964,0.079167,0.256667,0.120295,0.200000,0.104000,13,1,1,1,1,1,1,1,1,1,1,0,1,0,0,1,1,0.083145,0.062081,0.075538,0.084290,0.090901,0.084601,0.119912,0.138304,0.070345,0.000000,0.000000,0.074959,0.000000,0.000000,0.062807,0.053116,close_curtain,1,1,641,window,none,,,0.000000,1.000000,0,active,coursework,1.282131,8.054472,active,120,0,clear,23.000000
20,1102,3448075189,7,Day 1 10:41,active,coursework,1.282131,8.054472,active,0.223667,0.623974,0.522357,0.740631,0.080000,0.257333,0.120295,0.199000,0.103400,13,1,1,1,1,1,1,1,1,1,1,0,1,0,1,0,1,0.095042,0.000000,0.086344,0.096291,0.103954,0.096664,0.136968,0.157989,0.080430,0.000000,0.000000,0.085632,0.000000,0.000000,0.000000,0.060687,study_halfhearted,1,35,676,desk,none,,coursework,0.308777,1.034798,0,active,coursework,1.590908,8.054472,active,120,0,clear,23.000000
20,1102,3448075189,8,Day 1 11:16,active,coursework,1.590908,8.054472,active,0.285333,0.717974,0.458041,0.748964,0.109167,0.280667,0.100295,0.164000,0.082400,13,1,1,1,1,1,1,1,1,1,1,0,1,0,1,0,1,0.097779,0.000000,0.088767,0.085692,0.092598,0.092459,0.143409,0.170957,0.081327,0.000000,0.000000,0.086589,0.000000,0.000000,0.000000,0.060423,use_phone,1,25,701,phone,none,,,0.000000,1.000000,0,active,coursework,1.590908,8.054472,active,120,0,clear,23.000000
20,1102,3448075189,9,Day 1 11:41,active,coursework,1.590908,8.054472,active,0.073667,0.812108,0.574812,0.780631,0.130000,0.297333,0.108890,0.259000,0.167400,13,1,1,1,1,1,1,1,1,1,1,0,1,0,1,0,1,0.067456,0.062161,0.064885,0.079928,0.086677,0.075740,0.137548,0.171877,0.069733,0.057434,0.000000,0.077305,0.000000,0.000000,0.000000,0.049255,study_halfhearted,1,35,736,desk,none,weather-rain,coursework,0.310097,1.039221,0,active,coursework,1.901005,8.054472,active,120,0,rain,23.000000
20,1102,3448075189,10,Day 1 12:16,active,coursework,1.901005,8.054472,active,0.135333,0.906108,0.510496,0.788964,0.159167,0.320667,0.089288,0.224000,0.146400,13,1,1,1,1,1,1,1,1,1,1,0,1,0,1,0,1,0.069180,0.059930,0.066496,0.070913,0.076971,0.072221,0.143555,0.185397,0.070288,0.058242,0.000000,0.077922,0.000000,0.000000,0.000000,0.048887,shop_on_phone,1,20,756,phone,none,task-reminder|task-deadline,,0.000000,1.000000,0,active,coursework,1.901005,8.054472,active,90,0,rain,23.000000
20,1102,3448075189,11,Day 1 12:36,active,coursework,1.901005,8.054472,active,0.142000,0.916719,0.727267,0.882298,0.175833,0.334000,0.171634,0.284000,0.000000,13,1,1,1,1,1,1,1,1,1,1,0,1,0,1,0,1,0.067352,0.000000,0.064830,0.090355,0.099104,0.082381,0.146921,0.193296,0.070652,0.058745,0.000000,0.078629,0.000000,0.000000,0.000000,0.047734,study_focused,1,35,791,desk,none,,coursework,0.478906,0.962968,0,active,coursework,2.379912,8.054472,active,90,0,rain,23.000000
20,1102,3448075189,12,Day 1 13:11,active,coursework,2.379912,8.054472,active,0.173667,1.000000,0.606674,0.950631,0.205000,0.357333,0.124478,0.249000,0.000000,13,1,1,1,1,1,1,1,1,1,1,0,1,0,1,0,1,0.068960,0.000000,0.066640,0.076563,0.084621,0.076297,0.155314,0.209628,0.072560,0.060697,0.000000,0.080429,0.000000,0.000000,0.000000,0.048292,sleep_at_bed,1,480,1271,bed,none,message-study-group|room-temperature-shift|evening,,0.000000,1.000000,0,suspended,coursework,2.379912,8.054472,active,90,1,rain,24.000000
20,1102,3448075189,13,Day 1 21:11,suspended,coursework,2.379912,8.054472,active,0.253667,0.622724,0.793446,0.870631,0.605000,0.677333,0.195543,0.000000,0.000000,13,1,1,1,1,1,1,1,1,1,1,0,1,0,1,0,1,0.088420,0.000000,0.079471,0.093777,0.102723,0.082747,0.103341,0.118159,0.110636,0.100517,0.000000,0.069307,0.000000,0.000000,0.000000,0.050903,turn_light_off,1,1,1272,light,none,,,0.000000,1.000000,0,suspended,coursework,2.379912,8.054472,active,90,1,rain,24.000000
20,1102,3448075189,14,Day 1 21:12,suspended,coursework,2.379912,8.054472,active,0.254000,0.623124,0.793446,0.890298,0.605833,0.678000,0.195655,0.000000,0.000000,10,1,1,1,0,0,0,1,1,1,1,1,0,0,1,0,1,0.120317,0.000000,0.108138,0.000000,0.000000,0.000000,0.140640,0.160833,0.150632,0.136879,0.113307,0.000000,0.000000,0.000000,0.000000,0.069255,use_phone,1,25,1297,phone,none,,,0.000000,1.000000,0,suspended,coursework,2.379912,8.054472,active,90,1,rain,24.000000
20,1102,3448075189,15,Day 1 21:37,suspended,coursework,2.379912,8.054472,active,0.042333,0.717258,0.910217,0.921964,0.626667,0.694667,0.207039,0.095000,0.085000,10,1,1,1,0,0,0,1,1,1,1,1,0,0,1,0,1,0.096017,0.000000,0.091437,0.000000,0.000000,0.000000,0.155990,0.187048,0.149406,0.136350,0.118448,0.000000,0.000000,0.000000,0.000000,0.065305,sleep_at_bed,1,480,1777,bed,none,,,0.000000,1.000000,0,suspended,coursework,2.379912,8.054472,active,90,1,rain,24.000000
20,1102,3448075189,16,Day 2 05:37,suspended,coursework,2.379912,8.054472,active,0.122333,0.339982,1.000000,0.841964,1.000000,1.000000,0.294892,0.000000,0.000000,10,1,1,1,0,0,0,1,1,1,1,1,0,0,1,0,1,0.119314,0.000000,0.106042,0.000000,0.000000,0.000000,0.115232,0.000000,0.228619,0.223655,0.136431,0.000000,0.000000,0.000000,0.000000,0.070708,rest_at_bed,1,60,1837,bed,none,,,0.000000,1.000000,0,suspended,coursework,2.379912,8.054472,active,90,1,rain,24.000000
20,1102,3448075189,17,Day 2 06:37,suspended,coursework,2.379912,8.054472,active,0.182333,0.052163,1.000000,0.871964,1.000000,1.000000,0.315863,0.000000,0.000000,10,1,1,1,0,0,0,1,1,1,1,1,0,0,1,0,1,0.130915,0.000000,0.110585,0.000000,0.000000,0.000000,0.091261,0.000000,0.231042,0.226026,0.138233,0.000000,0.000000,0.000000,0.000000,0.071939,idle,1,10,1847,,none,,,0.000000,1.000000,0,suspended,coursework,2.379912,8.054472,active,90,1,rain,24.000000
20,1102,3448075189,18,Day 2 06:47,suspended,coursework,2.379912,8.054472,active,0.305667,0.056163,1.000000,0.818631,1.000000,1.000000,0.326521,0.000000,0.000000,10,1,1,1,0,0,0,1,1,1,1,1,0,0,1,0,1,0.140180,0.000000,0.115538,0.000000,0.000000,0.000000,0.089581,0.000000,0.226300,0.221386,0.135573,0.000000,0.000000,0.000000,0.000000,0.071441,get_meal,1,35,1882,door,none,alarm-rings,,0.000000,1.000000,0,suspended,coursework,2.379912,8.054472,active,90,1,rain,24.000000
20,1102,3448075189,19,Day 2 07:22,suspended,coursework,2.379912,8.054472,active,0.307333,0.070163,1.000000,0.941262,0.479167,1.000000,0.360616,0.000000,0.000000,11,1,1,1,0,0,0,1,1,1,1,1,0,1,1,0,1,0.135853,0.000000,0.112144,0.000000,0.000000,0.000000,0.087565,0.000000,0.219460,0.119777,0.132028,0.000000,0.123877,0.000000,0.000000,0.069295,use_phone,1,25,1907,phone,none,,,0.000000,1.000000,0,suspended,coursework,2.379912,8.054472,active,90,1,rain,24.000000
20,1102,3448075189,20,Day 2 07:47,suspended,coursework,2.379912,8.054472,active,0.095667,0.164297,1.000000,0.972929,0.500000,1.000000,0.374368,0.095000,0.085000,11,1,1,1,0,0,0,1,1,1,1,1,0,1,1,0,1,0.114267,0.000000,0.099942,0.000000,0.000000,0.000000,0.102338,0.000000,0.225094,0.125753,0.135647,0.000000,0.127547,0.000000,0.000000,0.069411,rest_at_bed,1,60,1967,bed,none,,,0.000000,1.000000,0,suspended,coursework,2.379912,8.054472,active,90,1,rain,24.000000
20,1102,3448075189,21,Day 2 08:47,suspended,coursework,2.379912,8.054472,active,0.155667,0.000000,1.000000,1.000000,0.550000,1.000000,0.395339,0.000000,0.049000,11,1,1,1,0,0,0,1,1,1,1,1,0,1,1,0,1,0.124871,0.000000,0.105314,0.000000,0.000000,0.000000,0.083613,0.000000,0.223122,0.131835,0.134806,0.000000,0.127173,0.000000,0.000000,0.069266,use_phone,1,25,1992,phone,none,,,0.000000,1.000000,0,suspended,coursework,2.379912,8.054472,active,90,1,rain,24.000000
20,1102,3448075189,22,Day 2 09:12,suspended,coursework,2.379912,8.054472,active,0.000000,0.094134,1.000000,1.000000,0.570833,1.000000,0.409091,0.095000,0.134000,11,1,1,1,0,0,0,1,1,1,1,1,0,1,1,0,1,0.099627,0.079918,0.088018,0.000000,0.000000,0.000000,0.088994,0.000000,0.208418,0.126055,0.126135,0.000000,0.119250,0.000000,0.000000,0.063584,turn_off_alarm,1,1,1993,alarm,none,,,0.000000,1.000000,0,suspended,coursework,2.379912,8.054472,active,90,1,rain,24.000000
20,1102,3448075189,23,Day 2 09:13,suspended,coursework,2.379912,8.054472,active,0.000333,0.094534,1.000000,1.000000,0.571667,1.000000,0.389297,0.094000,0.133400,10,1,1,1,0,0,0,1,1,1,1,1,0,0,1,0,1,0.113171,0.090680,0.099980,0.000000,0.000000,0.000000,0.101241,0.000000,0.236627,0.143250,0.142859,0.000000,0.000000,0.000000,0.000000,0.072193,go_to_bathroom,1,15,2008,door,none,,,0.000000,1.000000,0,suspended,coursework,2.379912,8.054472,active,90,1,rain,24.000000
20,1102,3448075189,24,Day 2 09:28,suspended,coursework,2.379912,8.054472,active,0.005333,0.100534,1.000000,1.000000,0.584167,0.390000,0.392391,0.079000,0.124400,10,1,1,1,0,0,0,1,1,1,1,1,0,0,1,0,1,0.129064,0.101664,0.113958,0.000000,0.000000,0.000000,0.114130,0.000000,0.133372,0.164373,0.161707,0.000000,0.000000,0.000000,0.000000,0.081732,use_phone,1,25,2033,phone,none,,,0.000000,1.000000,0,suspended,coursework,2.379912,8.054472,active,90,1,rain,24.000000
20,1102,3448075189,25,Day 2 09:53,suspended,coursework,2.379912,8.054472,active,0.000000,0.194668,1.000000,1.000000,0.605000,0.406667,0.406143,0.174000,0.209400,10,1,1,1,0,0,0,1,1,1,1,1,0,0,1,0,1,0.120272,0.108792,0.107892,0.000000,0.000000,0.000000,0.127196,0.000000,0.132956,0.164568,0.158430,0.000000,0.000000,0.000000,0.000000,0.079893,get_meal,1,35,2068,door,none,,,0.000000,1.000000,0,suspended,coursework,2.379912,8.054472,active,90,1,rain,24.000000
20,1102,3448075189,26,Day 2 10:28,suspended,coursework,2.379912,8.054472,active,0.000000,0.208668,1.000000,1.000000,0.084167,0.430000,0.413363,0.139000,0.188400,10,1,1,1,0,0,0,1,1,1,1,1,0,0,1,0,1,0.144937,0.126951,0.130160,0.000000,0.000000,0.000000,0.150471,0.000000,0.162935,0.000000,0.189214,0.000000,0.000000,0.000000,0.000000,0.095332,shop_on_phone,1,20,2088,phone,none,,,0.000000,1.000000,0,suspended,coursework,2.379912,8.054472,active,60,1,rain,24.000000
20,1102,3448075189,27,Day 2 10:48,suspended,coursework,2.379912,8.054472,active,0.006667,0.219279,1.000000,1.000000,0.100833,0.443333,0.426083,0.199000,0.000000,10,1,1,1,0,0,0,1,1,1,1,1,0,0,1,0,1,0.162370,0.000000,0.146022,0.000000,0.000000,0.000000,0.178589,0.000000,0.188458,0.000000,0.215882,0.000000,0.000000,0.000000,0.000000,0.108679,turn_light_on,1,1,2089,light,none,,,0.000000,1.000000,0,suspended,coursework,2.379912,8.054472,active,60,1,rain,24.000000
20,1102,3448075189,28,Day 2 10:49,suspended,coursework,2.379912,8.054472,active,0.007000,0.219679,1.000000,1.000000,0.101667,0.444000,0.426289,0.198000,0.000000,13,1,1,1,1,1,1,1,1,1,1,0,1,0,1,0,1,0.077082,0.000000,0.069318,0.174923,0.194403,0.192436,0.084716,0.000000,0.089488,0.000000,0.000000,0.066067,0.000000,0.000000,0.000000,0.051568,study_halfhearted,1,35,2124,desk,none,weather-rain,coursework,0.318896,1.068708,0,active,coursework,2.698808,8.054472,active,60,1,rain,24.000000
20,1102,3448075189,29,Day 2 11:24,active,coursework,2.698808,8.054472,active,0.068667,0.313679,0.935684,1.000000,0.130833,0.467333,0.413509,0.163000,0.000000,13,1,1,1,1,1,1,1,1,1,1,0,1,0,1,0,1,0.083490,0.000000,0.075027,0.164155,0.182436,0.117256,0.093309,0.000000,0.095265,0.064674,0.000000,0.070333,0.000000,0.000000,0.000000,0.054056,idle,1,10,2134,,none,,,0.000000,1.000000,0,active,coursework,2.698808,8.054472,active,60,1,rain,24.000000
20,1102,3448075189,30,Day 2 11:34,active,coursework,2.698808,8.054472,active,0.192000,0.317679,1.000000,0.946667,0.139167,0.474000,0.423872,0.153000,0.000000,13,1,1,1,1,1,1,1,1,1,1,0,1,0,1,0,1,0.087198,0.000000,0.076440,0.167885,0.185472,0.122045,0.088543,0.000000,0.091400,0.062157,0.000000,0.066900,0.000000,0.000000,0.000000,0.051960,use_phone,1,25,2159,phone,none,,,0.000000,1.000000,0,active,coursework,2.698808,8.054472,active,60,1,rain,24.000000
20,1102,3448075189,31,Day 2 11:59,active,coursework,2.698808,8.054472,active,0.000000,0.411813,1.000000,0.978333,0.160000,0.490667,0.437623,0.248000,0.085000,13,1,1,1,1,1,1,1,1,1,1,0,1,0,1,0,1,0.066677,0.000000,0.061684,0.150777,0.167163,0.102711,0.092740,0.102121,0.085632,0.058485,0.000000,0.065262,0.000000,0.000000,0.000000,0.046748,study_focused,1,35,2194,desk,none,,coursework,0.520313,1.046227,0,active,coursework,3.219121,8.054472,active,60,1,rain,24.000000
20,1102,3448075189,32,Day 2 12:34,active,coursework,3.219121,8.054472,active,0.031667,0.535813,0.879407,1.000000,0.189167,0.514000,0.394843,0.213000,0.064000,13,1,1,1,1,1,1,1,1,1,1,0,1,0,1,0,1,0.069689,0.000000,0.065080,0.129777,0.144230,0.097157,0.104072,0.119581,0.090267,0.062024,0.000000,0.069579,0.000000,0.000000,0.000000,0.048543,study_halfhearted,1,35,2229,desk,none,,coursework,0.295231,0.989399,0,active,coursework,3.514351,8.054472,active,60,1,rain,24.000000
20,1102,3448075189,33,Day 2 13:09,active,coursework,3.514351,8.054472,active,0.093333,0.629813,0.815091,1.000000,0.218333,0.537333,0.380128,0.178000,0.043000,13,1,1,1,1,1,1,1,1,1,1,0,1,0,1,0,1,0.072634,0.000000,0.067782,0.117142,0.130188,0.094208,0.110326,0.131090,0.092468,0.063920,0.000000,0.071277,0.000000,0.000000,0.000000,0.048965,sleep_at_bed,1,480,2709,bed,none,message-study-group|task-reminder|room-temperature-shift|evening,,0.000000,1.000000,0,suspended,coursework,3.514351,8.054472,active,60,2,rain,24.000000
20,1102,3448075189,34,Day 2 21:09,suspended,coursework,3.514351,8.054472,active,0.173333,0.252537,1.000000,0.920000,0.618333,0.857333,0.497050,0.000000,0.000000,13,1,1,1,1,1,1,1,1,1,1,0,1,0,1,0,1,0.095615,0.000000,0.083121,0.152104,0.167537,0.107913,0.079898,0.000000,0.148240,0.111298,0.000000,0.000000,0.000000,0.000000,0.000000,0.054273,go_to_bathroom,1,15,2724,door,none,,,0.000000,1.000000,0,suspended,coursework,3.514351,8.054472,active,60,2,rain,24.000000
20,1102,3448075189,35,Day 2 21:24,suspended,coursework,3.514351,8.054472,active,0.178333,0.258537,1.000000,1.000000,0.630833,0.247333,0.500144,0.000000,0.000000,13,1,1,1,1,1,1,1,1,1,1,0,1,0,1,0,1,0.102759,0.000000,0.089312,0.162846,0.180981,0.119784,0.086027,0.000000,0.079136,0.120958,0.000000,0.000000,0.000000,0.000000,0.000000,0.058196,study_focused,1,35,2759,desk,none,,coursework,0.485145,0.975512,0,active,coursework,3.999496,8.054472,active,60,2,rain,24.000000
20,1102,3448075189,36,Day 2 21:59,active,coursework,3.999496,8.054472,active,0.210000,0.382537,0.879407,1.000000,0.660000,0.270667,0.457364,0.000000,0.000000,13,1,1,1,1,1,1,1,1,1,1,0,1,0,1,0,1,0.093865,0.000000,0.082418,0.148235,0.164743,0.115877,0.087056,0.000000,0.073767,0.113434,0.000000,0.067165,0.000000,0.000000,0.000000,0.053439,study_focused,1,35,2794,desk,none,,coursework,0.513984,1.033502,0,active,coursework,4.513481,8.054472,active,60,2,rain,24.000000
20,1102,3448075189,37,Day 2 22:34,active,coursework,4.513481,8.054472,active,0.241667,0.506537,0.758814,1.000000,0.689167,0.294000,0.412649,0.000000,0.000000,13,1,1,1,1,1,1,1,1,1,1,0,1,0,1,0,1,0.088256,0.000000,0.078287,0.116086,0.129014,0.099748,0.090701,0.101365,0.070780,0.109497,0.000000,0.065756,0.000000,0.000000,0.000000,0.050510,study_focused,1,35,2829,desk,none,,coursework,0.530646,1.067004,0,active,coursework,5.044127,8.054472,active,60,2,rain,24.000000
20,1102,3448075189,38,Day 2 23:09,active,coursework,5.044127,8.054472,active,0.273333,0.630537,0.638221,1.000000,0.718333,0.317333,0.365999,0.000000,0.000000,13,1,1,1,1,1,1,1,1,1,1,0,1,0,1,0,1,0.089633,0.000000,0.080323,0.098153,0.109084,0.092724,0.102094,0.119357,0.073357,0.114169,0.000000,0.069537,0.000000,0.000000,0.000000,0.051568,study_focused,1,35,2864,desk,none,,coursework,0.504924,1.015284,0,active,coursework,5.549051,8.054472,active,60,2,rain,24.000000
20,1102,3448075189,39,Day 2 23:44,active,coursework,5.549051,8.054472,active,0.305000,0.754537,0.517627,1.000000,0.747500,0.340667,0.317414,0.000000,0.000000,13,1,1,1,1,1,1,1,1,1,1,0,1,0,1,0,1,0.089996,0.000000,0.081475,0.082011,0.091144,0.085194,0.113637,0.138944,0.075163,0.117687,0.000000,0.072699,0.000000,0.000000,0.000000,0.052050,idle,1,10,2874,,none,,,0.000000,1.000000,0,active,coursework,5.549051,8.054472,active,60,2,rain,24.000000
20,1102,3448075189,40,Day 2 23:54,active,coursework,5.549051,8.054472,active,0.428333,0.758537,0.644399,0.946667,0.755833,0.347333,0.326009,0.000000,0.000000,13,1,1,1,1,1,1,1,1,1,1,0,1,0,1,0,1,0.093380,0.000000,0.082487,0.089479,0.098852,0.091754,0.108114,0.132533,0.071884,0.112748,0.000000,0.069105,0.000000,0.000000,0.000000,0.049664,study_halfhearted,1,35,2909,desk,none,,coursework,0.279338,0.936137,0,active,coursework,5.828388,8.054472,active,60,2,rain,24.000000
20,1102,3448075189,41,Day 3 00:29,active,coursework,5.828388,8.054472,active,0.490000,0.852537,0.580083,0.955000,0.785000,0.370667,0.307523,0.000000,0.000000,13,1,1,1,1,1,1,1,1,1,1,0,1,0,1,0,1,0.094592,0.000000,0.083563,0.079358,0.087753,0.087450,0.114984,0.146127,0.072414,0.114265,0.000000,0.070231,0.000000,0.000000,0.000000,0.049263,get_meal,1,35,2944,door,none,,,0.000000,1.000000,0,suspended,coursework,5.828388,8.054472,active,60,2,rain,24.000000
20,1102,3448075189,42,Day 3 01:04,suspended,coursework,5.828388,8.054472,active,0.461667,0.866537,0.580083,1.000000,0.264167,0.394000,0.308006,0.000000,0.000000,13,1,1,1,1,1,1,1,1,1,1,0,1,0,1,0,1,0.101703,0.000000,0.090534,0.072688,0.080783,0.079349,0.127924,0.163507,0.081779,0.070098,0.000000,0.077637,0.000000,0.000000,0.000000,0.053999,study_halfhearted,1,35,2979,desk,none,,coursework,0.297672,0.997582,0,active,coursework,6.126061,8.054472,active,60,2,rain,24.000000
20,1102,3448075189,43,Day 3 01:39,active,coursework,6.126061,8.054472,active,0.523333,0.960537,0.515766,1.000000,0.293333,0.417333,0.288489,0.000000,0.000000,13,1,1,1,1,1,1,1,1,1,1,0,1,0,1,0,1,0.098103,0.000000,0.087335,0.073401,0.081575,0.086116,0.129569,0.171667,0.078447,0.067648,0.000000,0.075134,0.000000,0.000000,0.000000,0.051005,rest_at_bed,1,60,3039,bed,none,,,0.000000,1.000000,0,suspended,coursework,6.126061,8.054472,active,60,2,rain,24.000000
20,1102,3448075189,44,Day 3 02:39,suspended,coursework,6.126061,8.054472,active,0.583333,0.672718,0.592538,1.000000,0.343333,0.457333,0.297084,0.000000,0.000000,13,1,1,1,1,1,1,1,1,1,1,0,1,0,1,0,1,0.115290,0.000000,0.097549,0.078452,0.087189,0.087003,0.110060,0.129884,0.088882,0.077443,0.000000,0.072954,0.000000,0.000000,0.000000,0.055295,study_at_computer,1,35,3074,computer,none,,coursework,0.677751,0.920508,0,active,coursework,6.803812,8.054472,active,60,2,rain,24.000000
20,1102,3448075189,45,Day 3 03:14,active,coursework,6.803812,8.054472,active,0.615000,0.798676,0.471945,1.000000,0.372500,0.480667,0.247766,0.045000,0.000000,13,1,1,1,1,1,1,1,1,1,1,0,1,0,1,0,1,0.107714,0.000000,0.092189,0.074024,0.082268,0.090304,0.118910,0.147423,0.086054,0.075432,0.000000,0.072945,0.000000,0.000000,0.000000,0.052737,study_halfhearted,1,35,3109,desk,none,,coursework,0.286099,0.958796,0,active,coursework,7.089911,8.054472,active,60,2,rain,24.000000
20,1102,3448075189,46,Day 3 03:49,active,coursework,7.089911,8.054472,active,0.676667,0.892676,0.407628,1.000000,0.401667,0.504000,0.227766,0.010000,0.000000,13,1,1,1,1,1,1,1,1,1,1,0,1,0,1,0,1,0.104196,0.000000,0.089114,0.061941,0.068839,0.081216,0.117064,0.149994,0.081816,0.072150,0.000000,0.069353,0.000000,0.054946,0.000000,0.049372,go_to_bathroom,1,15,3124,door,none,,,0.000000,1.000000,0,suspended,coursework,7.089911,8.054472,active,60,2,rain,24.000000
20,1102,3448075189,47,Day 3 04:04,suspended,coursework,7.089911,8.054472,active,0.681667,0.898676,0.407628,1.000000,0.414167,0.000000,0.227766,0.000000,0.000000,13,1,1,1,1,1,1,1,1,1,1,0,1,0,1,0,1,0.125712,0.000000,0.107469,0.000000,0.068902,0.081525,0.140288,0.180038,0.000000,0.087732,0.000000,0.083137,0.000000,0.065965,0.000000,0.059232,turn_light_off,1,1,3125,light,none,,,0.000000,1.000000,0,suspended,coursework,7.089911,8.054472,active,60,2,rain,24.000000
20,1102,3448075189,48,Day 3 04:05,suspended,coursework,7.089911,8.054472,active,0.682000,0.899076,0.407628,1.000000,0.415000,0.000667,0.227766,0.000000,0.000000,10,1,1,1,0,0,0,1,1,1,1,1,0,0,1,0,1,0.149976,0.000000,0.128210,0.000000,0.000000,0.000000,0.167389,0.214853,0.000000,0.104743,0.085488,0.000000,0.000000,0.078688,0.000000,0.070654,rest_at_bed,1,60,3185,bed,none,,,0.000000,1.000000,0,suspended,coursework,7.089911,8.054472,active,60,2,rain,24.000000
20,1102,3448075189,49,Day 3 05:05,suspended,coursework,7.089911,8.054472,active,0.742000,0.611257,0.484400,1.000000,0.465000,0.040667,0.236361,0.000000,0.000000,10,1,1,1,0,0,0,1,1,1,1,1,0,0,1,0,1,0.175523,0.000000,0.142612,0.000000,0.000000,0.000000,0.141597,0.161886,0.000000,0.119413,0.096605,0.000000,0.000000,0.086083,0.000000,0.076280,use_phone,1,25,3210,phone,none,,,0.000000,1.000000,0,suspended,coursework,7.089911,8.054472,active,60,2,rain,24.000000
20,1102,3448075189,50,Day 3 05:30,suspended,coursework,7.089911,8.054472,active,0.530333,0.705391,0.601172,1.000000,0.485833,0.057333,0.244956,0.095000,0.085000,10,1,1,1,0,0,0,1,1,1,1,1,0,0,1,0,1,0.142976,0.083533,0.123084,0.000000,0.000000,0.000000,0.160356,0.192173,0.000000,0.121415,0.103045,0.000000,0.000000,0.000000,0.000000,0.073419,use_phone,1,25,3235,phone,none,,,0.000000,1.000000,0,suspended,coursework,7.089911,8.054472,active,60,2,rain,24.000000
20,1102,3448075189,51,Day 3 05:55,suspended,coursework,7.089911,8.054472,active,0.318667,0.799525,0.717943,1.000000,0.506667,0.074000,0.254137,0.190000,0.170000,10,1,1,1,0,0,0,1,1,1,1,1,0,0,1,0,1,0.113526,0.087174,0.103552,0.000000,0.000000,0.000000,0.177007,0.222372,0.000000,0.120337,0.107149,0.000000,0.000000,0.000000,0.000000,0.068883,sleep_at_bed,1,480,3715,bed,none,alarm-rings|weather-rain,,0.000000,1.000000,0,suspended,coursework,7.089911,8.054472,active,60,2,rain,24.000000
20,1102,3448075189,52,Day 3 13:55,suspended,coursework,7.089911,8.054472,active,0.428667,0.422249,0.824715,0.920000,0.906667,0.394000,0.326560,0.000000,0.000000,11,1,1,1,0,0,0,1,1,1,1,1,0,1,1,0,1,0.142325,0.000000,0.120166,0.000000,0.000000,0.000000,0.118761,0.000000,0.110436,0.194460,0.118991,0.000000,0.123390,0.000000,0.000000,0.071470,use_phone,1,25,3740,phone,none,,,0.000000,1.000000,0,suspended,coursework,7.089911,8.054472,active,60,2,rain,24.000000
20,1102,3448075189,53,Day 3 14:20,suspended,coursework,7.089911,8.054472,active,0.217000,0.516383,0.941486,0.951667,0.927500,0.410667,0.338303,0.095000,0.085000,11,1,1,1,0,0,0,1,1,1,1,1,0,1,1,0,1,0.102310,0.000000,0.091526,0.000000,0.000000,0.000000,0.118648,0.133084,0.098668,0.174487,0.112052,0.000000,0.108518,0.000000,0.000000,0.060707,turn_off_alarm,1,1,3741,alarm,none,,,0.000000,1.000000,0,suspended,coursework,7.089911,8.054472,active,60,2,rain,24.000000
20,1102,3448075189,54,Day 3 14:21,suspended,coursework,7.089911,8.054472,active,0.217333,0.516783,0.941486,0.981333,0.928333,0.411333,0.318482,0.094000,0.084400,10,1,1,1,0,0,0,1,1,1,1,1,0,0,1,0,1,0.114788,0.000000,0.102684,0.000000,0.000000,0.000000,0.133314,0.149214,0.110728,0.195848,0.125346,0.000000,0.000000,0.000000,0.000000,0.068077,use_computer,1,30,3771,computer,none,,,0.000000,1.000000,0,suspended,coursework,7.089911,8.054472,active,60,2,rain,24.000000
20,1102,3448075189,55,Day 3 14:51,suspended,coursework,7.089911,8.054472,active,0.067333,0.632264,1.000000,0.971333,0.953333,0.431333,0.332461,0.174000,0.066400,10,1,1,1,0,0,0,1,1,1,1,1,0,0,1,0,1,0.095105,0.000000,0.089244,0.000000,0.000000,0.000000,0.147825,0.174827,0.109202,0.194150,0.125368,0.000000,0.000000,0.000000,0.000000,0.064278,rest_at_bed,1,60,3831,bed,none,message-study-group,,0.000000,1.000000,0,suspended,coursework,7.089911,8.054472,active,60,3,rain,24.000000
20,1102,3448075189,56,Day 3 15:51,suspended,coursework,7.089911,8.054472,active,0.127333,0.344445,1.000000,1.000000,1.000000,0.471333,0.403432,0.000000,0.030400,10,1,1,1,0,0,0,1,1,1,1,1,0,0,1,0,1,0.133284,0.000000,0.118409,0.000000,0.000000,0.000000,0.127262,0.000000,0.139181,0.249086,0.153986,0.000000,0.000000,0.000000,0.000000,0.078792,get_meal,1,35,3866,door,none,,,0.000000,1.000000,0,suspended,coursework,7.089911,8.054472,active,60,3,rain,24.000000
20,1102,3448075189,57,Day 3 16:26,suspended,coursework,7.089911,8.054472,active,0.099000,0.358445,1.000000,1.000000,0.479167,0.494667,0.410652,0.000000,0.009400,10,1,1,1,0,0,0,1,1,1,1,1,0,0,1,0,1,0.146393,0.000000,0.131053,0.000000,0.000000,0.000000,0.144527,0.000000,0.160569,0.156100,0.173129,0.000000,0.000000,0.000000,0.000000,0.088229,use_computer,1,30,3896,computer,none,task-reminder,,0.000000,1.000000,0,suspended,coursework,7.089911,8.054472,active,60,3,rain,24.000000
20,1102,3448075189,58,Day 3 16:56,suspended,coursework,7.089911,8.054472,active,0.000000,0.473926,1.000000,0.990000,0.504167,0.514667,0.425435,0.080000,0.000000,10,1,1,1,0,0,0,1,1,1,1,1,0,0,1,0,1,0.109867,0.000000,0.102106,0.000000,0.000000,0.000000,0.139868,0.155522,0.138221,0.135069,0.145932,0.000000,0.000000,0.000000,0.000000,0.073416,go_to_bathroom,1,15,3911,door,none,,,0.000000,1.000000,0,suspended,coursework,7.089911,8.054472,active,60,3,rain,24.000000
20,1102,3448075189,59,Day 3 17:11,suspended,coursework,7.089911,8.054472,active,0.005000,0.479926,1.000000,1.000000,0.516667,0.000000,0.428529,0.065000,0.000000,10,1,1,1,0,0,0,1,1,1,1,1,0,0,1,0,1,0.128084,0.000000,0.118971,0.000000,0.000000,0.000000,0.161185,0.179497,0.000000,0.158436,0.168861,0.000000,0.000000,0.000000,0.000000,0.084966,rest_at_bed,1,60,3971,bed,none,,,0.000000,1.000000,0,suspended,coursework,7.089911,8.054472,active,60,3,rain,24.000000
20,1102,3448075189,60,Day 3 18:11,suspended,coursework,7.089911,8.054472,active,0.065000,0.192107,1.000000,1.000000,0.566667,0.040000,0.449500,0.000000,0.000000,10,1,1,1,0,0,0,1,1,1,1,1,0,0,1,0,1,0.175117,0.000000,0.154371,0.000000,0.000000,0.000000,0.150077,0.000000,0.000000,0.206456,0.208589,0.000000,0.000000,0.000000,0.000000,0.105391,use_computer,1,30,4001,computer,none,room-temperature-shift,,0.000000,1.000000,0,suspended,coursework,7.089911,8.054472,active,60,3,rain,24.000000
20,1102,3448075189,61,Day 3 18:41,suspended,coursework,7.089911,8.054472,active,0.000000,0.307589,1.000000,0.990000,0.591667,0.060000,0.464283,0.080000,0.000000,10,1,1,1,0,0,0,1,1,1,1,1,0,0,1,0,1,0.159446,0.000000,0.144912,0.000000,0.000000,0.000000,0.171905,0.000000,0.000000,0.211441,0.208102,0.000000,0.000000,0.000000,0.000000,0.104194,get_meal,1,35,4036,door,none,,,0.000000,1.000000,0,suspended,coursework,7.089911,8.054472,active,60,3,rain,24.000000
20,1102,3448075189,62,Day 3 19:16,suspended,coursework,7.089911,8.054472,active,0.000000,0.321589,1.000000,1.000000,0.070833,0.083333,0.471503,0.045000,0.000000,10,1,1,1,0,0,0,1,1,1,1,1,0,0,1,0,1,0.203717,0.000000,0.185351,0.000000,0.000000,0.000000,0.215609,0.000000,0.000000,0.000000,0.263507,0.000000,0.000000,0.000000,0.000000,0.131817,idle,1,10,4046,,none,evening,,0.000000,1.000000,0,suspended,coursework,7.089911,8.054472,active,60,3,rain,24.000000
20,1102,3448075189,63,Day 3 19:26,suspended,coursework,7.089911,8.054472,active,0.123333,0.325589,1.000000,0.946667,0.079167,0.090000,0.482160,0.035000,0.000000,10,1,1,1,0,0,0,1,1,1,1,1,0,0,1,0,1,0.216074,0.000000,0.191780,0.000000,0.000000,0.000000,0.207774,0.000000,0.000000,0.000000,0.255138,0.000000,0.000000,0.000000,0.000000,0.129234,use_phone,1,25,4071,phone,none,,,0.000000,1.000000,0,suspended,coursework,7.089911,8.054472,active,60,3,rain,24.000000
20,1102,3448075189,64,Day 3 19:51,suspended,coursework,7.089911,8.054472,active,0.000000,0.419723,1.000000,0.978333,0.100000,0.106667,0.495912,0.130000,0.085000,10,1,1,1,0,0,0,1,1,1,1,1,0,0,1,0,1,0.151897,0.000000,0.140302,0.000000,0.000000,0.000000,0.190328,0.209544,0.000000,0.000000,0.205459,0.000000,0.000000,0.000000,0.000000,0.102471,rest_at_bed,1,60,4131,bed,none,,,0.000000,1.000000,0,suspended,coursework,7.089911,8.054472,active,60,3,rain,24.000000
20,1102,3448075189,65,Day 3 20:51,suspended,coursework,7.089911,8.054472,active,0.060000,0.131904,1.000000,1.000000,0.150000,0.146667,0.516884,0.000000,0.049000,10,1,1,1,0,0,0,1,1,1,1,1,0,0,1,0,1,0.168170,0.000000,0.147203,0.000000,0.000000,0.000000,0.135394,0.000000,0.123690,0.123754,0.201086,0.000000,0.000000,0.000000,0.000000,0.100705,go_to_bathroom,1,15,4146,door,none,,,0.000000,1.000000,0,suspended,coursework,7.089911,8.054472,active,60,3,rain,24.000000
20,1102,3448075189,66,Day 3 21:06,suspended,coursework,7.089911,8.054472,active,0.065000,0.137904,1.000000,1.000000,0.162500,0.000000,0.519978,0.000000,0.040000,10,1,1,1,0,0,0,1,1,1,1,1,0,0,1,0,1,0.191712,0.000000,0.167774,0.000000,0.000000,0.000000,0.154634,0.000000,0.000000,0.142663,0.228675,0.000000,0.000000,0.000000,0.000000,0.114542,turn_light_on,1,1,4147,light,none,,,0.000000,1.000000,0,suspended,coursework,7.089911,8.054472,active,60,3,rain,24.000000
20,1102,3448075189,67,Day 3 21:07,suspended,coursework,7.089911,8.054472,active,0.065333,0.138304,1.000000,1.000000,0.163333,0.000667,0.520184,0.000000,0.039400,13,1,1,1,1,1,1,1,1,1,1,0,1,0,1,0,1,0.089230,0.000000,0.078087,0.187670,0.208569,0.244709,0.071981,0.000000,0.000000,0.066450,0.000000,0.000000,0.000000,0.000000,0.000000,0.053304,study_halfhearted,1,35,4182,desk,none,,coursework,0.276605,0.926979,0,active,coursework,7.366516,8.054472,active,60,3,rain,24.000000
20,1102,3448075189,68,Day 3 21:42,active,coursework,7.366516,8.054472,active,0.127000,0.232304,0.935684,1.000000,0.192500,0.024000,0.507404,0.000000,0.018400,13,1,1,1,1,1,1,1,1,1,1,0,1,0,1,0,1,0.107939,0.000000,0.094467,0.199017,0.221181,0.142472,0.091362,0.000000,0.000000,0.080421,0.000000,0.000000,0.000000,0.000000,0.000000,0.063141,idle,1,10,4192,,none,,,0.000000,1.000000,0,active,coursework,7.366516,8.054472,active,60,3,rain,24.000000
20,1102,3448075189,69,Day 3 21:52,active,coursework,7.366516,8.054472,active,0.250333,0.236304,1.000000,0.946667,0.200833,0.030667,0.517766,0.000000,0.012400,13,1,1,1,1,1,1,1,1,1,1,0,1,0,1,0,1,0.111225,0.000000,0.094980,0.201493,0.222600,0.146800,0.086305,0.000000,0.000000,0.076515,0.000000,0.000000,0.000000,0.000000,0.000000,0.060082,study_focused,1,35,4227,desk,none,,coursework,0.455242,0.915385,0,active,coursework,7.821758,8.054472,active,60,3,rain,24.000000
20,1102,3448075189,70,Day 3 22:27,active,coursework,7.821758,8.054472,active,0.282000,0.360304,0.879407,1.000000,0.230000,0.054000,0.474986,0.000000,0.000000,13,1,1,1,1,1,1,1,1,1,1,0,1,0,1,0,1,0.110635,0.000000,0.095444,0.167003,0.185602,0.133717,0.095106,0.000000,0.000000,0.078137,0.000000,0.074278,0.000000,0.000000,0.000000,0.060078,turn_light_off,1,1,4228,light,none,,,0.000000,1.000000,0,active,coursework,7.821758,8.054472,active,60,3,rain,24.000000
20,1102,3448075189,71,Day 3 22:28,active,coursework,7.821758,8.054472,active,0.282333,0.360704,0.879407,1.000000,0.230833,0.054667,0.475137,0.000000,0.000000,10,1,1,1,0,0,0,1,1,1,1,1,0,0,1,0,1,0.202314,0.000000,0.174533,0.000000,0.000000,0.000000,0.173938,0.000000,0.000000,0.142992,0.196376,0.000000,0.000000,0.000000,0.000000,0.109846,use_phone,1,25,4253,phone,none,,,0.000000,1.000000,0,active,coursework,7.821758,8.054472,active,60,3,rain,24.000000
20,1102,3448075189,72,Day 3 22:53,active,coursework,7.821758,8.054472,active,0.070667,0.454838,0.996178,1.000000,0.251667,0.071333,0.487507,0.095000,0.085000,10,1,1,1,0,0,0,1,1,1,1,1,0,0,1,0,1,0.138248,0.000000,0.126366,0.000000,0.000000,0.000000,0.165176,0.183747,0.000000,0.121967,0.175802,0.000000,0.000000,0.000000,0.000000,0.088693,sleep_at_bed,1,480,4733,bed,none,,,0.000000,1.000000,0,suspended,coursework,7.821758,8.054472,active,60,3,rain,24.000000
20,1102,3448075189,73,Day 4 06:53,suspended,coursework,7.821758,8.054472,active,0.150667,0.077562,1.000000,0.920000,0.651667,0.391333,0.594273,0.000000,0.000000,10,1,1,1,0,0,0,1,1,1,1,1,0,0,1,0,1,0.157482,0.000000,0.134344,0.000000,0.000000,0.000000,0.111618,0.000000,0.142369,0.188960,0.176687,0.000000,0.000000,0.000000,0.000000,0.088541,use_computer,1,30,4763,computer,none,,,0.000000,1.000000,0,suspended,coursework,7.821758,8.054472,active,60,3,rain,24.000000
20,1102,3448075189,74,Day 4 07:23,suspended,coursework,7.821758,8.054472,active,0.000667,0.193043,1.000000,0.910000,0.676667,0.411333,0.609056,0.080000,0.000000,10,1,1,1,0,0,0,1,1,1,1,1,0,0,1,0,1,0.136873,0.000000,0.122482,0.000000,0.000000,0.000000,0.129821,0.000000,0.147290,0.196503,0.178990,0.000000,0.000000,0.000000,0.000000,0.088042,use_computer,1,30,4793,computer,none,,,0.000000,1.000000,0,suspended,coursework,7.821758,8.054472,active,60,3,rain,24.000000
20,1102,3448075189,75,Day 4 07:53,suspended,coursework,7.821758,8.054472,active,0.000000,0.308524,1.000000,0.900000,0.701667,0.431333,0.623839,0.160000,0.000000,10,1,1,1,0,0,0,1,1,1,1,1,0,0,1,0,1,0.128564,0.000000,0.117069,0.000000,0.000000,0.000000,0.146395,0.000000,0.147740,0.198123,0.175800,0.000000,0.000000,0.000000,0.000000,0.086310,get_meal,1,35,4828,door,none,alarm-rings,,0.000000,1.000000,0,suspended,coursework,7.821758,8.054472,active,60,3,rain,24.000000
20,1102,3448075189,76,Day 4 08:28,suspended,coursework,7.821758,8.054472,active,0.001667,0.322524,1.000000,1.000000,0.180833,0.454667,0.657935,0.125000,0.000000,11,1,1,1,0,0,0,1,1,1,1,1,0,1,1,0,1,0.119064,0.000000,0.108500,0.000000,0.000000,0.000000,0.132531,0.000000,0.138971,0.101236,0.161693,0.000000,0.158940,0.000000,0.000000,0.079066,use_phone,1,25,4853,phone,none,,,0.000000,1.000000,0,suspended,coursework,7.821758,8.054472,active,60,3,rain,24.000000
20,1102,3448075189,77,Day 4 08:53,suspended,coursework,7.821758,8.054472,active,0.000000,0.416658,1.000000,1.000000,0.201667,0.471333,0.671686,0.220000,0.085000,11,1,1,1,0,0,0,1,1,1,1,1,0,1,1,0,1,0.095868,0.000000,0.088691,0.000000,0.000000,0.000000,0.127281,0.143818,0.119383,0.087342,0.136513,0.000000,0.134478,0.000000,0.000000,0.066628,rest_at_bed,1,60,4913,bed,none,,,0.000000,1.000000,0,suspended,coursework,7.821758,8.054472,active,60,3,rain,24.000000
20,1102,3448075189,78,Day 4 09:53,suspended,coursework,7.821758,8.054472,active,0.060000,0.128839,1.000000,1.000000,0.251667,0.511333,0.692658,0.020000,0.049000,11,1,1,1,0,0,0,1,1,1,1,1,0,1,1,0,1,0.130265,0.000000,0.114029,0.000000,0.000000,0.000000,0.104380,0.000000,0.146245,0.108105,0.160173,0.000000,0.158304,0.000000,0.000000,0.078499,use_computer,1,30,4943,computer,none,,,0.000000,1.000000,0,suspended,coursework,7.821758,8.054472,active,60,3,rain,24.000000
20,1102,3448075189,79,Day 4 10:23,suspended,coursework,7.821758,8.054472,active,0.000000,0.244321,1.000000,0.990000,0.276667,0.531333,0.707441,0.100000,0.031000,11,1,1,1,0,0,0,1,1,1,1,1,0,1,1,0,1,0.118874,0.000000,0.107173,0.000000,0.000000,0.000000,0.119395,0.000000,0.148797,0.110561,0.159576,0.000000,0.158080,0.000000,0.000000,0.077543,idle,1,10,4953,,none,,,0.000000,1.000000,0,suspended,coursework,7.821758,8.054472,active,60,3,rain,24.000000
20,1102,3448075189,80,Day 4 10:33,suspended,coursework,7.821758,8.054472,active,0.123333,0.248321,1.000000,0.936667,0.285000,0.538000,0.718099,0.090000,0.025000,11,1,1,1,0,0,0,1,1,1,1,1,0,1,1,0,1,0.127516,0.000000,0.112149,0.000000,0.000000,0.000000,0.116363,0.000000,0.146629,0.109138,0.156263,0.000000,0.155056,0.000000,0.000000,0.076886,turn_light_on,1,1,4954,light,none,,,0.000000,1.000000,0,suspended,coursework,7.821758,8.054472,active,60,3,rain,24.000000
20,1102,3448075189,81,Day 4 10:34,suspended,coursework,7.821758,8.054472,active,0.123667,0.248721,1.000000,0.956333,0.285833,0.538667,0.718305,0.089000,0.024400,14,1,1,1,1,1,1,1,1,1,1,0,1,1,1,0,1,0.076837,0.000000,0.067575,0.164165,0.181558,0.145945,0.070062,0.000000,0.088374,0.065789,0.000000,0.000000,0.093387,0.000000,0.000000,0.046306,study_focused,1,35,4989,desk,none,task-completed,coursework,0.531315,1.068350,0,none,,8.054472,8.054472,completed,60,3,rain,24.000000
20,1102,3448075189,82,Day 4 11:09,none,,8.054472,8.054472,completed,0.155333,0.372721,0.196046,1.000000,0.315000,0.562000,0.125524,0.054000,0.003400,11,1,1,1,0,0,0,1,1,1,1,0,1,1,1,0,1,0.135860,0.000000,0.120613,0.000000,0.000000,0.000000,0.141449,0.000000,0.157599,0.118032,0.000000,0.103891,0.137391,0.000000,0.000000,0.085165,turn_off_alarm,1,1,4990,alarm,none,,,0.000000,1.000000,0,none,,8.054472,8.054472,completed,60,3,rain,24.000000
20,1102,3448075189,83,Day 4 11:10,none,,8.054472,8.054472,completed,0.155667,0.373121,0.196046,1.000000,0.315833,0.562667,0.105524,0.053000,0.002800,10,1,1,1,0,0,0,1,1,1,1,0,1,0,1,0,1,0.157465,0.000000,0.139788,0.000000,0.000000,0.000000,0.164187,0.000000,0.182705,0.136858,0.000000,0.120337,0.000000,0.000000,0.000000,0.098660,use_phone,1,25,5015,phone,none,,,0.000000,1.000000,0,none,,8.054472,8.054472,completed,60,3,rain,24.000000
20,1102,3448075189,84,Day 4 11:35,none,,8.054472,8.054472,completed,0.000000,0.467255,0.196046,1.000000,0.336667,0.579333,0.105524,0.148000,0.087800,10,1,1,1,0,0,0,1,1,1,1,0,1,0,1,0,1,0.112123,0.000000,0.104269,0.000000,0.000000,0.000000,0.156203,0.168084,0.155241,0.116788,0.000000,0.106463,0.000000,0.000000,0.000000,0.080829,idle,1,10,5025,,none,,,0.000000,1.000000,0,none,,8.054472,8.054472,completed,60,3,rain,24.000000
20,1102,3448075189,85,Day 4 11:45,none,,8.054472,8.054472,completed,0.123333,0.471255,0.196046,0.946667,0.345000,0.586000,0.105524,0.138000,0.081800,10,1,1,1,0,0,0,1,1,1,1,0,1,0,1,0,1,0.120472,0.000000,0.109290,0.000000,0.000000,0.000000,0.152668,0.164408,0.153230,0.115473,0.000000,0.104182,0.000000,0.000000,0.000000,0.080276,sleep_at_bed,1,296,5321,bed,none,weather-rain|message-study-group|room-temperature-shift,,0.000000,1.000000,0,none,,8.054472,8.054472,completed,60,4,rain,17.000000
20,1102,3448075189,86,Day 4 16:41,none,,8.054472,8.054472,completed,0.142000,0.061307,0.196046,0.868000,0.591667,0.783333,0.105524,0.000000,0.000000,10,1,1,1,0,0,0,1,1,1,1,0,1,0,1,0,1,0.174320,0.000000,0.148646,0.000000,0.000000,0.000000,0.129258,0.000000,0.247637,0.196372,0.000000,0.000000,0.000000,0.000000,0.000000,0.103767,get_meal,1,35,5356,door,none,,,0.000000,1.000000,0,none,,8.054472,8.054472,completed,60,4,rain,17.000000
20,1102,3448075189,87,Day 4 17:16,none,,8.054472,8.054472,completed,0.113667,0.075307,0.196046,0.990631,0.070833,0.806667,0.105524,0.000000,0.000000,10,1,1,1,0,0,0,1,1,1,1,0,1,0,1,0,1,0.211614,0.000000,0.181833,0.000000,0.000000,0.000000,0.162374,0.000000,0.315756,0.000000,0.000000,0.000000,0.000000,0.000000,0.000000,0.128423,go_to_bathroom,1,15,5371,door,none,,,0.000000,1.000000,0,none,,8.054472,8.054472,completed,60,4,rain,17.000000
20,1102,3448075189,88,Day 4 17:31,none,,8.054472,8.054472,completed,0.118667,0.081307,0.196046,1.000000,0.083333,0.196667,0.105524,0.000000,0.000000,10,1,1,1,0,0,0,1,1,1,1,0,1,0,1,0,1,0.251588,0.000000,0.216134,0.000000,0.000000,0.000000,0.193472,0.000000,0.186471,0.000000,0.000000,0.000000,0.000000,0.000000,0.000000,0.152335,use_phone,1,25,5396,phone,none,,,0.000000,1.000000,0,none,,8.054472,8.054472,completed,60,4,rain,17.000000
20,1102,3448075189,89,Day 4 17:56,none,,8.054472,8.054472,completed,0.000000,0.175441,0.196046,1.000000,0.104167,0.213333,0.105524,0.095000,0.085000,10,1,1,1,0,0,0,1,1,1,1,0,1,0,1,0,1,0.225462,0.000000,0.201376,0.000000,0.000000,0.000000,0.225507,0.000000,0.194116,0.000000,0.000000,0.000000,0.000000,0.000000,0.000000,0.153538,use_computer,1,30,5426,computer,none,,,0.000000,1.000000,0,none,,8.054472,8.054472,completed,60,4,rain,17.000000
20,1102,3448075189,90,Day 4 18:26,none,,8.054472,8.054472,completed,0.000000,0.290922,0.196046,0.990000,0.129167,0.233333,0.105524,0.175000,0.067000,10,1,1,1,0,0,0,1,1,1,1,0,1,0,1,0,1,0.177879,0.000000,0.161647,0.000000,0.000000,0.000000,0.213844,0.000000,0.163464,0.000000,0.000000,0.156794,0.000000,0.000000,0.000000,0.126373,use_computer,1,30,5456,computer,none,,,0.000000,1.000000,0,none,,8.054472,8.054472,completed,60,4,rain,17.000000
20,1102,3448075189,91,Day 4 18:56,none,,8.054472,8.054472,completed,0.000000,0.406404,0.196046,0.980000,0.154167,0.253333,0.105524,0.255000,0.049000,10,1,1,1,0,0,0,1,1,1,1,0,1,0,1,0,1,0.117991,0.000000,0.109094,0.000000,0.000000,0.000000,0.170494,0.180604,0.115734,0.102988,0.000000,0.115643,0.000000,0.000000,0.000000,0.087452,idle,1,10,5466,,none,evening,,0.000000,1.000000,0,none,,8.054472,8.054472,completed,60,4,rain,17.000000
20,1102,3448075189,92,Day 4 19:06,none,,8.054472,8.054472,completed,0.123333,0.410404,0.196046,0.926667,0.162500,0.260000,0.105524,0.245000,0.043000,10,1,1,1,0,0,0,1,1,1,1,0,1,0,1,0,1,0.126715,0.000000,0.114291,0.000000,0.000000,0.000000,0.166552,0.176567,0.114178,0.101779,0.000000,0.113108,0.000000,0.000000,0.000000,0.086811,idle,1,10,5476,,none,,,0.000000,1.000000,0,none,,8.054472,8.054472,completed,60,4,rain,17.000000
20,1102,3448075189,93,Day 4 19:16,none,,8.054472,8.054472,completed,0.246667,0.414404,0.196046,0.873333,0.170833,0.266667,0.105524,0.235000,0.037000,10,1,1,1,0,0,0,1,1,1,1,0,1,0,1,0,1,0.135924,0.000000,0.119595,0.000000,0.000000,0.000000,0.162512,0.172419,0.112511,0.100466,0.000000,0.110500,0.000000,0.000000,0.000000,0.086073,rest_at_bed,1,60,5536,bed,none,,,0.000000,1.000000,0,none,,8.054472,8.054472,completed,60,4,rain,17.000000
20,1102,3448075189,94,Day 4 20:16,none,,8.054472,8.054472,completed,0.306667,0.126585,0.196046,0.903333,0.220833,0.306667,0.105524,0.035000,0.001000,10,1,1,1,0,0,0,1,1,1,1,0,1,0,1,0,1,0.221024,0.000000,0.184007,0.000000,0.000000,0.000000,0.159862,0.000000,0.164939,0.148810,0.000000,0.000000,0.000000,0.000000,0.000000,0.121357,go_to_bathroom,1,15,5551,door,none,,,0.000000,1.000000,0,none,,8.054472,8.054472,completed,60,4,rain,17.000000
20,1102,3448075189,95,Day 4 20:31,none,,8.054472,8.054472,completed,0.311667,0.132585,0.196046,0.992631,0.233333,0.000000,0.105524,0.020000,0.000000,10,1,1,1,0,0,0,1,1,1,1,0,1,0,1,0,1,0.265268,0.000000,0.220720,0.000000,0.000000,0.000000,0.189723,0.000000,0.000000,0.179699,0.000000,0.000000,0.000000,0.000000,0.000000,0.144590,use_phone,1,25,5576,phone,none,,,0.000000,1.000000,0,none,,8.054472,8.054472,completed,60,4,rain,17.000000
20,1102,3448075189,96,Day 4 20:56,none,,8.054472,8.054472,completed,0.100000,0.226719,0.196046,1.000000,0.254167,0.016667,0.105524,0.115000,0.085000,10,1,1,1,0,0,0,1,1,1,1,0,1,0,1,0,1,0.228748,0.000000,0.201667,0.000000,0.000000,0.000000,0.227673,0.000000,0.000000,0.193425,0.000000,0.000000,0.000000,0.000000,0.000000,0.148487,rest_at_bed,1,60,5636,bed,none,,,0.000000,1.000000,0,none,,8.054472,8.054472,completed,60,4,rain,17.000000
20,1102,3448075189,97,Day 4 21:56,none,,8.054472,8.054472,completed,0.160000,0.000000,0.196046,1.000000,0.304167,0.056667,0.105524,0.000000,0.049000,10,1,1,1,0,0,0,1,1,1,1,0,1,0,1,0,1,0.255425,0.000000,0.215231,0.000000,0.000000,0.000000,0.176110,0.000000,0.000000,0.204096,0.000000,0.000000,0.000000,0.000000,0.000000,0.149139,get_meal,1,35,5671,door,none,,,0.000000,1.000000,0,none,,8.054472,8.054472,completed,60,4,rain,17.000000
20,1102,3448075189,98,Day 4 22:31,none,,8.054472,8.054472,completed,0.131667,0.014000,0.196046,1.000000,0.000000,0.080000,0.105524,0.000000,0.028000,10,1,1,1,0,0,0,1,1,1,1,0,1,0,1,0,1,0.316670,0.000000,0.268887,0.000000,0.000000,0.000000,0.225938,0.000000,0.000000,0.000000,0.000000,0.000000,0.000000,0.000000,0.000000,0.188505,use_computer,1,30,5701,computer,none,,,0.000000,1.000000,0,none,,8.054472,8.054472,completed,60,4,rain,17.000000
20,1102,3448075189,99,Day 4 23:01,none,,8.054472,8.054472,completed,0.000000,0.129481,0.196046,0.990000,0.025000,0.100000,0.105524,0.080000,0.010000,10,1,1,1,0,0,0,1,1,1,1,0,1,0,1,0,1,0.285348,0.000000,0.253212,0.000000,0.000000,0.000000,0.269285,0.000000,0.000000,0.000000,0.000000,0.000000,0.000000,0.000000,0.000000,0.192155,rest_at_bed,1,60,5761,bed,none,,,0.000000,1.000000,0,none,,8.054472,8.054472,completed,60,4,rain,17.000000
20,1102,3448075189,100,Day 5 00:01,none,,8.054472,8.054472,completed,0.060000,0.000000,0.196046,1.000000,0.075000,0.140000,0.105524,0.000000,0.000000,10,1,1,1,0,0,0,1,1,1,1,0,1,0,1,0,1,0.253840,0.000000,0.218294,0.000000,0.000000,0.000000,0.188214,0.000000,0.182033,0.000000,0.000000,0.000000,0.000000,0.000000,0.000000,0.157618,rest_at_bed,1,60,5821,bed,none,,,0.000000,1.000000,0,none,,8.054472,8.054472,completed,60,4,rain,17.000000
20,1102,3448075189,101,Day 5 01:01,none,,8.054472,8.054472,completed,0.120000,0.000000,0.196046,1.000000,0.125000,0.180000,0.105524,0.000000,0.000000,10,1,1,1,0,0,0,1,1,1,1,0,1,0,1,0,1,0.257972,0.000000,0.219154,0.000000,0.000000,0.000000,0.183114,0.000000,0.185381,0.000000,0.000000,0.000000,0.000000,0.000000,0.000000,0.154379,rest_at_bed,1,60,5881,bed,none,,,0.000000,1.000000,0,none,,8.054472,8.054472,completed,60,4,rain,17.000000
20,1102,3448075189,102,Day 5 02:01,none,,8.054472,8.054472,completed,0.180000,0.000000,0.196046,1.000000,0.175000,0.220000,0.105524,0.000000,0.000000,10,1,1,1,0,0,0,1,1,1,1,0,1,0,1,0,1,0.222371,0.000000,0.186617,0.000000,0.000000,0.000000,0.151107,0.000000,0.160131,0.151523,0.000000,0.000000,0.000000,0.000000,0.000000,0.128252,rest_at_bed,1,60,5941,bed,none,,,0.000000,1.000000,0,none,,8.054472,8.054472,completed,60,4,rain,17.000000
20,1102,3448075189,103,Day 5 03:01,none,,8.054472,8.054472,completed,0.240000,0.000000,0.196046,1.000000,0.225000,0.260000,0.105524,0.000000,0.000000,10,1,1,1,0,0,0,1,1,1,1,0,1,0,1,0,1,0.224875,0.000000,0.186428,0.000000,0.000000,0.000000,0.146286,0.000000,0.162271,0.155143,0.000000,0.000000,0.000000,0.000000,0.000000,0.124997,go_to_bathroom,1,15,5956,door,none,,,0.000000,1.000000,0,none,,8.054472,8.054472,completed,60,4,rain,17.000000
20,1102,3448075189,104,Day 5 03:16,none,,8.054472,8.054472,completed,0.245000,0.006000,0.196046,1.000000,0.237500,0.000000,0.105524,0.000000,0.000000,10,1,1,1,0,0,0,1,1,1,1,0,1,0,1,0,1,0.267877,0.000000,0.222030,0.000000,0.000000,0.000000,0.174644,0.000000,0.000000,0.186887,0.000000,0.000000,0.000000,0.000000,0.000000,0.148562,use_phone,1,25,5981,phone,none,,,0.000000,1.000000,0,none,,8.054472,8.054472,completed,60,4,rain,17.000000
20,1102,3448075189,105,Day 5 03:41,none,,8.054472,8.054472,completed,0.033333,0.100134,0.196046,1.000000,0.258333,0.016667,0.105524,0.095000,0.085000,10,1,1,1,0,0,0,1,1,1,1,0,1,0,1,0,1,0.231654,0.000000,0.203441,0.000000,0.000000,0.000000,0.210174,0.000000,0.000000,0.201733,0.000000,0.000000,0.000000,0.000000,0.000000,0.152998,get_meal,1,35,6016,door,none,,,0.000000,1.000000,0,none,,8.054472,8.054472,completed,60,4,rain,17.000000
20,1102,3448075189,106,Day 5 04:16,none,,8.054472,8.054472,completed,0.005000,0.114134,0.196046,1.000000,0.000000,0.040000,0.105524,0.060000,0.064000,10,1,1,1,0,0,0,1,1,1,1,0,1,0,1,0,1,0.289047,0.000000,0.255592,0.000000,0.000000,0.000000,0.263008,0.000000,0.000000,0.000000,0.000000,0.000000,0.000000,0.000000,0.000000,0.192353,idle,1,10,6026,,none,,,0.000000,1.000000,0,none,,8.054472,8.054472,completed,60,4,rain,17.000000
20,1102,3448075189,107,Day 5 04:26,none,,8.054472,8.054472,completed,0.128333,0.118134,0.196046,0.946667,0.008333,0.046667,0.105524,0.050000,0.058000,10,1,1,1,0,0,0,1,1,1,1,0,1,0,1,0,1,0.302534,0.000000,0.260967,0.000000,0.000000,0.000000,0.250404,0.000000,0.000000,0.000000,0.000000,0.000000,0.000000,0.000000,0.000000,0.186095,use_phone,1,25,6051,phone,none,,,0.000000,1.000000,0,none,,8.054472,8.054472,completed,60,4,rain,17.000000
20,1102,3448075189,108,Day 5 04:51,none,,8.054472,8.054472,completed,0.000000,0.212268,0.196046,0.978333,0.029167,0.063333,0.105524,0.145000,0.143000,10,1,1,1,0,0,0,1,1,1,1,0,1,0,1,0,1,0.221464,0.185309,0.199008,0.000000,0.000000,0.000000,0.240094,0.000000,0.000000,0.000000,0.000000,0.000000,0.000000,0.000000,0.000000,0.154126,use_phone,1,25,6076,phone,none,,,0.000000,1.000000,0,none,,8.054472,8.054472,completed,60,4,rain,17.000000
20,1102,3448075189,109,Day 5 05:16,none,,8.054472,8.054472,completed,0.000000,0.306402,0.196046,1.000000,0.050000,0.080000,0.105524,0.240000,0.228000,10,1,1,1,0,0,0,1,1,1,1,0,1,0,1,0,1,0.172009,0.164701,0.156866,0.000000,0.000000,0.000000,0.222496,0.000000,0.000000,0.000000,0.000000,0.158771,0.000000,0.000000,0.000000,0.125157,turn_light_off,1,1,6077,light,none,,,0.000000,1.000000,0,none,,8.054472,8.054472,completed,60,4,rain,17.000000
20,1102,3448075189,110,Day 5 05:17,none,,8.054472,8.054472,completed,0.000333,0.306802,0.196046,1.000000,0.050833,0.080667,0.105524,0.239000,0.227400,10,1,1,1,0,0,0,1,1,1,1,1,0,0,1,0,1,0.204576,0.195661,0.186558,0.000000,0.000000,0.000000,0.264424,0.000000,0.000000,0.000000,0.000000,0.000000,0.000000,0.000000,0.000000,0.148781,use_phone,1,25,6102,phone,none,,,0.000000,1.000000,0,none,,8.054472,8.054472,completed,60,4,rain,17.000000
20,1102,3448075189,111,Day 5 05:42,none,,8.054472,8.054472,completed,0.000000,0.400936,0.196046,1.000000,0.071667,0.097333,0.105524,0.334000,0.312400,10,1,1,1,0,0,0,1,1,1,1,1,0,0,1,0,1,0.143583,0.157181,0.132893,0.000000,0.000000,0.000000,0.221487,0.235658,0.000000,0.000000,0.000000,0.000000,0.000000,0.000000,0.000000,0.109198,use_computer,1,30,6132,computer,none,,,0.000000,1.000000,0,none,,8.054472,8.054472,completed,60,4,rain,17.000000
20,1102,3448075189,112,Day 5 06:12,none,,8.054472,8.054472,completed,0.000000,0.516417,0.196046,0.990000,0.096667,0.117333,0.105524,0.414000,0.294400,10,1,1,1,0,0,0,1,1,1,1,1,0,0,1,0,1,0.128357,0.143813,0.120872,0.000000,0.000000,0.000000,0.237984,0.267135,0.000000,0.000000,0.000000,0.000000,0.000000,0.000000,0.000000,0.101840,rest_at_bed,1,60,6192,bed,none,,,0.000000,1.000000,0,none,,8.054472,8.054472,completed,60,4,rain,17.000000
20,1102,3448075189,113,Day 5 07:12,none,,8.054472,8.054472,completed,0.060000,0.228598,0.196046,1.000000,0.146667,0.157333,0.105524,0.214000,0.258400,10,1,1,1,0,0,0,1,1,1,1,1,0,0,1,0,1,0.160210,0.149448,0.142749,0.000000,0.000000,0.000000,0.179695,0.000000,0.129834,0.127849,0.000000,0.000000,0.000000,0.000000,0.000000,0.110215,idle,1,10,6202,,none,,,0.000000,1.000000,0,none,,8.054472,8.054472,completed,60,4,rain,17.000000
20,1102,3448075189,114,Day 5 07:22,none,,8.054472,8.054472,completed,0.183333,0.232598,0.196046,0.946667,0.155000,0.164000,0.105524,0.204000,0.252400,10,1,1,1,0,0,0,1,1,1,1,1,0,0,1,0,1,0.170742,0.145580,0.148408,0.000000,0.000000,0.000000,0.174202,0.000000,0.127111,0.125383,0.000000,0.000000,0.000000,0.000000,0.000000,0.108572,use_computer,1,30,6232,computer,none,,,0.000000,1.000000,0,none,,8.054472,8.054472,completed,60,4,rain,17.000000
20,1102,3448075189,115,Day 5 07:52,none,,8.054472,8.054472,completed,0.033333,0.348080,0.196046,0.936667,0.180000,0.184000,0.105524,0.284000,0.234400,10,1,1,1,0,0,0,1,1,1,1,1,0,0,1,0,1,0.122660,0.118078,0.111838,0.000000,0.000000,0.000000,0.167749,0.173967,0.108696,0.107774,0.000000,0.000000,0.000000,0.000000,0.000000,0.089237,go_to_bathroom,1,15,6247,door,none,alarm-rings,,0.000000,1.000000,0,none,,8.054472,8.054472,completed,60,4,rain,17.000000
20,1102,3448075189,116,Day 5 08:07,none,,8.054472,8.054472,completed,0.068333,0.354080,0.196046,1.000000,0.192500,0.000000,0.132400,0.269000,0.225400,11,1,1,1,0,0,0,1,1,1,1,1,0,1,1,0,1,0.121096,0.112373,0.109680,0.000000,0.000000,0.000000,0.159749,0.166364,0.000000,0.104746,0.000000,0.000000,0.140134,0.000000,0.000000,0.085858,shop_on_phone,1,20,6267,phone,none,,,0.000000,1.000000,0,none,,8.054472,8.054472,completed,30,4,rain,17.000000
20,1102,3448075189,117,Day 5 08:27,none,,8.054472,8.054472,completed,0.075000,0.364691,0.196046,1.000000,0.209167,0.013333,0.132400,0.329000,0.000000,11,1,1,1,0,0,0,1,1,1,1,1,0,1,1,0,1,0.132063,0.000000,0.119781,0.000000,0.000000,0.000000,0.184834,0.194294,0.000000,0.118346,0.000000,0.000000,0.155399,0.000000,0.000000,0.095283,rest_at_bed,1,60,6327,bed,none,,,0.000000,1.000000,0,none,,8.054472,8.054472,completed,30,4,rain,17.000000
20,1102,3448075189,118,Day 5 09:27,none,,8.054472,8.054472,completed,0.135000,0.076872,0.196046,1.000000,0.259167,0.053333,0.132400,0.129000,0.000000,11,1,1,1,0,0,0,1,1,1,1,1,0,1,1,0,1,0.193791,0.000000,0.166310,0.000000,0.000000,0.000000,0.164078,0.000000,0.000000,0.158189,0.000000,0.000000,0.196399,0.000000,0.000000,0.121232,rest_at_bed,1,60,6387,bed,none,,,0.000000,1.000000,0,none,,8.054472,8.054472,completed,30,4,rain,17.000000
20,1102,3448075189,119,Day 5 10:27,none,,8.054472,8.054472,completed,0.195000,0.000000,0.196046,1.000000,0.309167,0.093333,0.132400,0.000000,0.000000,11,1,1,1,0,0,0,1,1,1,1,1,0,1,1,0,1,0.209154,0.000000,0.174990,0.000000,0.000000,0.000000,0.140162,0.000000,0.000000,0.163840,0.000000,0.000000,0.192332,0.000000,0.000000,0.119521,get_meal,1,35,6422,door,none,,,0.000000,1.000000,0,none,,8.054472,8.054472,completed,30,4,rain,17.000000
20,1102,3448075189,120,Day 5 11:02,none,,8.054472,8.054472,completed,0.166667,0.014000,0.196046,1.000000,0.000000,0.116667,0.132400,0.000000,0.000000,11,1,1,1,0,0,0,1,1,1,1,1,0,1,1,0,1,0.246329,0.000000,0.207675,0.000000,0.000000,0.000000,0.170821,0.000000,0.000000,0.000000,0.000000,0.000000,0.231666,0.000000,0.000000,0.143509,use_phone,1,25,6447,phone,none,,,0.000000,1.000000,0,none,,8.054472,8.054472,completed,30,4,rain,17.000000
20,1102,3448075189,121,Day 5 11:27,none,,8.054472,8.054472,completed,0.000000,0.108134,0.196046,1.000000,0.020833,0.133333,0.132400,0.095000,0.085000,11,1,1,1,0,0,0,1,1,1,1,1,0,1,1,0,1,0.185783,0.000000,0.164444,0.000000,0.000000,0.000000,0.173518,0.000000,0.144670,0.000000,0.000000,0.000000,0.206207,0.000000,0.000000,0.125379,rest_at_bed,1,60,6507,bed,none,,,0.000000,1.000000,0,none,,8.054472,8.054472,completed,30,4,rain,17.000000
20,1102,3448075189,122,Day 5 12:27,none,,8.054472,8.054472,completed,0.060000,0.000000,0.196046,1.000000,0.070833,0.173333,0.132400,0.000000,0.049000,11,1,1,1,0,0,0,1,1,1,1,1,0,1,1,0,1,0.200824,0.000000,0.172702,0.000000,0.000000,0.000000,0.148457,0.000000,0.149604,0.000000,0.000000,0.000000,0.203715,0.000000,0.000000,0.124698,turn_off_alarm,1,1,6508,alarm,none,,,0.000000,1.000000,0,none,,8.054472,8.054472,completed,30,4,rain,17.000000
20,1102,3448075189,123,Day 5 12:28,none,,8.054472,8.054472,completed,0.060333,0.000400,0.196046,1.000000,0.071667,0.174000,0.112400,0.000000,0.048400,10,1,1,1,0,0,0,1,1,1,1,1,0,0,1,0,1,0.252068,0.000000,0.216767,0.000000,0.000000,0.000000,0.186784,0.000000,0.187887,0.000000,0.000000,0.000000,0.000000,0.000000,0.000000,0.156493,use_computer,1,30,6538,computer,none,,,0.000000,1.000000,0,none,,8.054472,8.054472,completed,30,4,rain,17.000000
20,1102,3448075189,124,Day 5 12:58,none,,8.054472,8.054472,completed,0.000000,0.115881,0.196046,0.990000,0.096667,0.194000,0.112400,0.080000,0.030400,10,1,1,1,0,0,0,1,1,1,1,1,0,0,1,0,1,0.231493,0.000000,0.205048,0.000000,0.000000,0.000000,0.215424,0.000000,0.192431,0.000000,0.000000,0.000000,0.000000,0.000000,0.000000,0.155604,go_to_bathroom,1,15,6553,door,none,,,0.000000,1.000000,0,none,,8.054472,8.054472,completed,30,4,rain,17.000000
20,1102,3448075189,125,Day 5 13:13,none,,8.054472,8.054472,completed,0.005000,0.121881,0.196046,1.000000,0.109167,0.000000,0.112400,0.065000,0.021400,10,1,1,1,0,0,0,1,1,1,1,1,0,0,1,0,1,0.287955,0.000000,0.254920,0.000000,0.000000,0.000000,0.264977,0.000000,0.000000,0.000000,0.000000,0.000000,0.000000,0.000000,0.000000,0.192148,rest_at_bed,1,60,6613,bed,none,message-study-group,,0.000000,1.000000,0,none,,8.054472,8.054472,completed,30,5,rain,17.000000
20,1102,3448075189,126,Day 5 14:13,none,,8.054472,8.054472,completed,0.065000,0.000000,0.196046,1.000000,0.159167,0.040000,0.112400,0.000000,0.000000,10,1,1,1,0,0,0,1,1,1,1,1,0,0,1,0,1,0.253543,0.000000,0.217816,0.000000,0.000000,0.000000,0.187167,0.000000,0.000000,0.184525,0.000000,0.000000,0.000000,0.000000,0.000000,0.156949,use_computer,1,30,6643,computer,none,,,0.000000,1.000000,0,none,,8.054472,8.054472,completed,30,5,rain,17.000000
20,1102,3448075189,127,Day 5 14:43,none,,8.054472,8.054472,completed,0.000000,0.115481,0.196046,0.990000,0.184167,0.060000,0.112400,0.080000,0.000000,10,1,1,1,0,0,0,1,1,1,1,1,0,0,1,0,1,0.232197,0.000000,0.205660,0.000000,0.000000,0.000000,0.215994,0.000000,0.000000,0.190080,0.000000,0.000000,0.000000,0.000000,0.000000,0.156069,use_phone,1,25,6668,phone,none,,,0.000000,1.000000,0,none,,8.054472,8.054472,completed,30,5,rain,17.000000
20,1102,3448075189,128,Day 5 15:08,none,,8.054472,8.054472,completed,0.000000,0.209615,0.196046,1.000000,0.205000,0.076667,0.112400,0.175000,0.085000,10,1,1,1,0,0,0,1,1,1,1,1,0,0,1,0,1,0.217979,0.000000,0.195938,0.000000,0.000000,0.000000,0.241933,0.000000,0.000000,0.190969,0.000000,0.000000,0.000000,0.000000,0.000000,0.153181,idle,1,10,6678,,none,,,0.000000,1.000000,0,none,,8.054472,8.054472,completed,30,5,rain,17.000000
20,1102,3448075189,129,Day 5 15:18,none,,8.054472,8.054472,completed,0.123333,0.213615,0.196046,0.946667,0.213333,0.083333,0.112400,0.165000,0.079000,10,1,1,1,0,0,0,1,1,1,1,1,0,0,1,0,1,0.230297,0.000000,0.201941,0.000000,0.000000,0.000000,0.232506,0.000000,0.000000,0.185664,0.000000,0.000000,0.000000,0.000000,0.000000,0.149591,use_phone,1,25,6703,phone,none,,,0.000000,1.000000,0,none,,8.054472,8.054472,completed,30,5,rain,17.000000
20,1102,3448075189,130,Day 5 15:43,none,,8.054472,8.054472,completed,0.000000,0.307749,0.196046,0.978333,0.234167,0.100000,0.112400,0.260000,0.164000,10,1,1,1,0,0,0,1,1,1,1,1,0,0,1,0,1,0.172199,0.155109,0.157137,0.000000,0.000000,0.000000,0.226886,0.000000,0.000000,0.162508,0.000000,0.000000,0.000000,0.000000,0.000000,0.126161,shop_on_phone,1,20,6723,phone,none,,,0.000000,1.000000,0,none,,8.054472,8.054472,completed,0,5,rain,17.000000
20,1102,3448075189,131,Day 5 16:03,none,,8.054472,8.054472,completed,0.006667,0.318360,0.196046,1.000000,0.250833,0.113333,0.112400,0.320000,0.000000,10,1,1,1,0,0,0,1,1,1,1,1,0,0,1,0,1,0.154494,0.000000,0.141180,0.000000,0.000000,0.000000,0.215965,0.222128,0.000000,0.151051,0.000000,0.000000,0.000000,0.000000,0.000000,0.115183,get_meal,1,35,6758,door,none,weather-rain,,0.000000,1.000000,0,none,,8.054472,8.054472,completed,0,5,rain,17.000000
20,1102,3448075189,132,Day 5 16:38,none,,8.054472,8.054472,completed,0.000000,0.332360,0.196046,1.000000,0.000000,0.136667,0.112400,0.285000,0.000000,10,1,1,1,0,0,0,1,1,1,1,1,0,0,1,0,1,0.158246,0.000000,0.144964,0.000000,0.000000,0.000000,0.218386,0.225235,0.135867,0.000000,0.000000,0.000000,0.000000,0.000000,0.000000,0.117302,idle,1,10,6768,,none,,,0.000000,1.000000,0,none,,8.054472,8.054472,completed,0,5,rain,17.000000
20,1102,3448075189,133,Day 5 16:48,none,,8.054472,8.054472,completed,0.123333,0.336360,0.196046,0.946667,0.008333,0.143333,0.112400,0.275000,0.000000,10,1,1,1,0,0,0,1,1,1,1,1,0,0,1,0,1,0.168960,0.000000,0.150988,0.000000,0.000000,0.000000,0.212100,0.218923,0.133263,0.000000,0.000000,0.000000,0.000000,0.000000,0.000000,0.115767,sleep_at_bed,1,480,7248,bed,none,room-temperature-shift|evening,,0.000000,1.000000,0,none,,8.054472,8.054472,completed,0,5,rain,24.000000
20,1102,3448075189,134,Day 6 00:48,none,,8.054472,8.054472,completed,0.203333,0.000000,0.196046,0.866667,0.408333,0.463333,0.112400,0.000000,0.000000,10,1,1,1,0,0,0,1,1,1,1,1,0,0,1,0,1,0.205071,0.000000,0.171283,0.000000,0.000000,0.000000,0.136902,0.000000,0.191719,0.178436,0.000000,0.000000,0.000000,0.000000,0.000000,0.116589,go_to_bathroom,1,15,7263,door,none,,,0.000000,1.000000,0,none,,8.054472,8.054472,completed,0,5,rain,24.000000
20,1102,3448075189,135,Day 6 01:03,none,,8.054472,8.054472,completed,0.208333,0.006000,0.196046,0.955964,0.420833,0.000000,0.112400,0.000000,0.000000,10,1,1,1,0,0,0,1,1,1,1,1,0,0,1,0,1,0.253084,0.000000,0.211341,0.000000,0.000000,0.000000,0.169327,0.000000,0.000000,0.222689,0.000000,0.000000,0.000000,0.000000,0.000000,0.143559,rest_at_bed,1,60,7323,bed,none,,,0.000000,1.000000,0,none,,8.054472,8.054472,completed,0,5,rain,24.000000
20,1102,3448075189,136,Day 6 02:03,none,,8.054472,8.054472,completed,0.268333,0.000000,0.196046,0.985964,0.470833,0.040000,0.112400,0.000000,0.000000,10,1,1,1,0,0,0,1,1,1,1,1,0,0,1,0,1,0.256578,0.000000,0.211487,0.000000,0.000000,0.000000,0.163382,0.000000,0.000000,0.228398,0.000000,0.000000,0.000000,0.000000,0.000000,0.140155,idle,1,10,7333,,none,,,0.000000,1.000000,0,none,,8.054472,8.054472,completed,0,5,rain,24.000000
20,1102,3448075189,137,Day 6 02:13,none,,8.054472,8.054472,completed,0.391667,0.004000,0.196046,0.932631,0.479167,0.046667,0.112400,0.000000,0.000000,10,1,1,1,0,0,0,1,1,1,1,1,0,0,1,0,1,0.269019,0.000000,0.216361,0.000000,0.000000,0.000000,0.157224,0.000000,0.000000,0.221108,0.000000,0.000000,0.000000,0.000000,0.000000,0.136288,use_phone,1,25,7358,phone,none,,,0.000000,1.000000,0,none,,8.054472,8.054472,completed,0,5,rain,24.000000
20,1102,3448075189,138,Day 6 02:38,none,,8.054472,8.054472,completed,0.180000,0.098134,0.196046,0.964298,0.500000,0.063333,0.112400,0.095000,0.085000,10,1,1,1,0,0,0,1,1,1,1,1,0,0,1,0,1,0.232845,0.000000,0.198419,0.000000,0.000000,0.000000,0.189375,0.000000,0.000000,0.238882,0.000000,0.000000,0.000000,0.000000,0.000000,0.140480,rest_at_bed,1,60,7418,bed,none,,,0.000000,1.000000,0,none,,8.054472,8.054472,completed,0,5,rain,24.000000
20,1102,3448075189,139,Day 6 03:38,none,,8.054472,8.054472,completed,0.240000,0.000000,0.196046,0.994298,0.550000,0.103333,0.112400,0.000000,0.049000,10,1,1,1,0,0,0,1,1,1,1,1,0,0,1,0,1,0.248269,0.000000,0.205822,0.000000,0.000000,0.000000,0.161381,0.000000,0.000000,0.246527,0.000000,0.000000,0.000000,0.000000,0.000000,0.138000,use_phone,1,25,7443,phone,none,,,0.000000,1.000000,0,none,,8.054472,8.054472,completed,0,5,rain,24.000000
20,1102,3448075189,140,Day 6 04:03,none,,8.054472,8.054472,completed,0.028333,0.094134,0.196046,1.000000,0.570833,0.120000,0.112400,0.095000,0.134000,10,1,1,1,0,0,0,1,1,1,1,1,0,0,1,0,1,0.182753,0.143908,0.160530,0.000000,0.000000,0.000000,0.165316,0.000000,0.000000,0.226517,0.000000,0.000000,0.000000,0.000000,0.000000,0.120976,use_phone,1,25,7468,phone,none,,,0.000000,1.000000,0,none,,8.054472,8.054472,completed,0,5,rain,24.000000
20,1102,3448075189,141,Day 6 04:28,none,,8.054472,8.054472,completed,0.000000,0.188268,0.196046,1.000000,0.591667,0.136667,0.112400,0.190000,0.219000,10,1,1,1,0,0,0,1,1,1,1,1,0,0,1,0,1,0.147267,0.135184,0.132041,0.000000,0.000000,0.000000,0.162253,0.000000,0.120128,0.199413,0.000000,0.000000,0.000000,0.000000,0.000000,0.103714,idle,1,10,7478,,none,,,0.000000,1.000000,0,none,,8.054472,8.054472,completed,0,5,rain,24.000000
20,1102,3448075189,142,Day 6 04:38,none,,8.054472,8.054472,completed,0.123333,0.192268,0.196046,0.946667,0.600000,0.143333,0.112400,0.180000,0.213000,10,1,1,1,0,0,0,1,1,1,1,1,0,0,1,0,1,0.157176,0.131877,0.137475,0.000000,0.000000,0.000000,0.157522,0.000000,0.117780,0.195852,0.000000,0.000000,0.000000,0.000000,0.000000,0.102317,get_meal,1,35,7513,door,none,,,0.000000,1.000000,0,none,,8.054472,8.054472,completed,0,5,rain,24.000000
20,1102,3448075189,143,Day 6 05:13,none,,8.054472,8.054472,completed,0.095000,0.206268,0.196046,1.000000,0.079167,0.166667,0.112400,0.145000,0.192000,10,1,1,1,0,0,0,1,1,1,1,1,0,0,1,0,1,0.194277,0.160799,0.171097,0.000000,0.000000,0.000000,0.195271,0.000000,0.151128,0.000000,0.000000,0.000000,0.000000,0.000000,0.000000,0.127429,rest_at_bed,1,60,7573,bed,none,,,0.000000,1.000000,0,none,,8.054472,8.054472,completed,0,5,rain,24.000000
20,1102,3448075189,144,Day 6 06:13,none,,8.054472,8.054472,completed,0.155000,0.000000,0.196046,1.000000,0.129167,0.206667,0.112400,0.000000,0.156000,10,1,1,1,0,0,0,1,1,1,1,1,0,0,1,0,1,0.219658,0.155882,0.185281,0.000000,0.000000,0.000000,0.151884,0.000000,0.158643,0.000000,0.000000,0.000000,0.000000,0.000000,0.000000,0.128651,shop_on_phone,0,0,7573,phone,resource_insufficient,,,0.000000,1.000000,0,none,,8.054472,8.054472,completed,0,5,rain,24.000000
20,1102,3448075189,145,Day 6 06:13,none,,8.054472,8.054472,completed,0.155000,0.000000,0.196046,0.970000,0.129167,0.206667,0.142400,0.000000,0.156000,10,1,1,1,0,0,0,1,1,1,1,1,0,0,1,0,1,0.219770,0.155961,0.185376,0.000000,0.000000,0.000000,0.151452,0.000000,0.158724,0.000000,0.000000,0.000000,0.000000,0.000000,0.000000,0.128716,go_to_bathroom,1,15,7588,door,none,,,0.000000,1.000000,0,none,,8.054472,8.054472,completed,0,5,rain,24.000000
20,1102,3448075189,146,Day 6 06:28,none,,8.054472,8.054472,completed,0.160000,0.006000,0.196046,1.000000,0.141667,0.000000,0.142400,0.000000,0.147000,10,1,1,1,0,0,0,1,1,1,1,1,0,0,1,0,1,0.222912,0.156300,0.187986,0.000000,0.000000,0.000000,0.153956,0.000000,0.000000,0.148586,0.000000,0.000000,0.000000,0.000000,0.000000,0.130260,get_meal,1,35,7623,door,none,,,0.000000,1.000000,0,none,,8.054472,8.054472,completed,0,5,rain,24.000000
20,1102,3448075189,147,Day 6 07:03,none,,8.054472,8.054472,completed,0.131667,0.020000,0.196046,1.000000,0.000000,0.023333,0.142400,0.000000,0.126000,10,1,1,1,0,0,0,1,1,1,1,1,0,0,1,0,1,0.259061,0.181302,0.220148,0.000000,0.000000,0.000000,0.185152,0.000000,0.000000,0.000000,0.000000,0.000000,0.000000,0.000000,0.000000,0.154336,idle,1,10,7633,,none,,,0.000000,1.000000,0,none,,8.054472,8.054472,completed,0,5,rain,24.000000
20,1102,3448075189,148,Day 6 07:13,none,,8.054472,8.054472,completed,0.255000,0.024000,0.196046,0.946667,0.008333,0.030000,0.142400,0.000000,0.120000,10,1,1,1,0,0,0,1,1,1,1,1,0,0,1,0,1,0.271777,0.174435,0.225349,0.000000,0.000000,0.000000,0.178275,0.000000,0.000000,0.000000,0.000000,0.000000,0.000000,0.000000,0.000000,0.150163,shop_on_phone,0,0,7633,phone,resource_insufficient,,,0.000000,1.000000,0,none,,8.054472,8.054472,completed,0,5,rain,24.000000
20,1102,3448075189,149,Day 6 07:13,none,,8.054472,8.054472,completed,0.255000,0.024000,0.196046,0.916667,0.008333,0.030000,0.172400,0.000000,0.120000,10,1,1,1,0,0,0,1,1,1,1,1,0,0,1,0,1,0.271940,0.174539,0.225484,0.000000,0.000000,0.000000,0.177784,0.000000,0.000000,0.000000,0.000000,0.000000,0.000000,0.000000,0.000000,0.150253,use_phone,1,25,7658,phone,none,,,0.000000,1.000000,0,none,,8.054472,8.054472,completed,0,5,rain,24.000000
20,1102,3448075189,150,Day 6 07:38,none,,8.054472,8.054472,completed,0.043333,0.118134,0.196046,0.948333,0.029167,0.046667,0.172400,0.095000,0.205000,10,1,1,1,0,0,0,1,1,1,1,1,0,0,1,0,1,0.233106,0.196639,0.204794,0.000000,0.000000,0.000000,0.212077,0.000000,0.000000,0.000000,0.000000,0.000000,0.000000,0.000000,0.000000,0.153383,use_computer,1,30,7688,computer,none,alarm-rings,,0.000000,1.000000,0,none,,8.054472,8.054472,completed,0,5,rain,24.000000
20,1102,3448075189,151,Day 6 08:08,none,,8.054472,8.054472,completed,0.000000,0.233615,0.196046,0.938333,0.054167,0.066667,0.199276,0.175000,0.187000,11,1,1,1,0,0,0,1,1,1,1,1,0,1,1,0,1,0.172370,0.153099,0.155440,0.000000,0.000000,0.000000,0.193938,0.000000,0.000000,0.000000,0.000000,0.000000,0.203633,0.000000,0.000000,0.121521,use_phone,1,25,7713,phone,none,,,0.000000,1.000000,0,none,,8.054472,8.054472,completed,0,5,rain,24.000000
20,1102,3448075189,152,Day 6 08:33,none,,8.054472,8.054472,completed,0.000000,0.327749,0.196046,0.970000,0.075000,0.083333,0.199276,0.270000,0.272000,11,1,1,1,0,0,0,1,1,1,1,1,0,1,1,0,1,0.130891,0.133037,0.119790,0.000000,0.000000,0.000000,0.175713,0.182421,0.000000,0.000000,0.000000,0.000000,0.161669,0.000000,0.000000,0.096478,idle,1,10,7723,,none,,,0.000000,1.000000,0,none,,8.054472,8.054472,completed,0,5,rain,24.000000
20,1102,3448075189,153,Day 6 08:43,none,,8.054472,8.054472,completed,0.123333,0.331749,0.196046,0.916667,0.083333,0.090000,0.199276,0.260000,0.266000,11,1,1,1,0,0,0,1,1,1,1,1,0,1,1,0,1,0.140469,0.130498,0.125408,0.000000,0.000000,0.000000,0.171530,0.178218,0.000000,0.000000,0.000000,0.000000,0.158174,0.000000,0.000000,0.095703,use_computer,1,30,7753,computer,none,,,0.000000,1.000000,0,none,,8.054472,8.054472,completed,0,5,rain,24.000000
20,1102,3448075189,154,Day 6 09:13,none,,8.054472,8.054472,completed,0.000000,0.447231,0.196046,0.906667,0.108333,0.110000,0.199276,0.340000,0.248000,11,1,1,1,0,0,0,1,1,1,1,1,0,1,1,0,1,0.119345,0.123015,0.111163,0.000000,0.000000,0.000000,0.191598,0.210014,0.000000,0.000000,0.000000,0.000000,0.153351,0.000000,0.000000,0.091514,use_computer,1,30,7783,computer,none,,,0.000000,1.000000,0,none,,8.054472,8.054472,completed,0,5,rain,24.000000
20,1102,3448075189,155,Day 6 09:43,none,,8.054472,8.054472,completed,0.000000,0.562712,0.196046,0.896667,0.133333,0.130000,0.199276,0.420000,0.230000,11,1,1,1,0,0,0,1,1,1,1,1,0,1,1,0,1,0.089734,0.094666,0.085040,0.000000,0.000000,0.000000,0.173153,0.200233,0.082514,0.082587,0.000000,0.000000,0.120290,0.000000,0.000000,0.071784,rest_at_bed,1,60,7843,bed,none,,,0.000000,1.000000,0,none,,8.054472,8.054472,completed,0,5,rain,24.000000
20,1102,3448075189,156,Day 6 10:43,none,,8.054472,8.054472,completed,0.060000,0.274893,0.196046,0.926667,0.183333,0.170000,0.199276,0.220000,0.194000,11,1,1,1,0,0,0,1,1,1,1,1,0,1,1,0,1,0.134087,0.117772,0.120234,0.000000,0.000000,0.000000,0.156522,0.000000,0.111158,0.112411,0.000000,0.000000,0.154809,0.000000,0.000000,0.093006,use_computer,1,30,7873,computer,none,,,0.000000,1.000000,0,none,,8.054472,8.054472,completed,0,5,rain,24.000000
20,1102,3448075189,157,Day 6 11:13,none,,8.054472,8.054472,completed,0.000000,0.390374,0.196046,0.916667,0.208333,0.190000,0.199276,0.300000,0.176000,11,1,1,1,0,0,0,1,1,1,1,1,0,1,1,0,1,0.102443,0.095779,0.094610,0.000000,0.000000,0.000000,0.150141,0.160283,0.094687,0.096250,0.000000,0.000000,0.128891,0.000000,0.000000,0.076917,rest_at_bed,1,60,7933,bed,none,,,0.000000,1.000000,0,none,,8.054472,8.054472,completed,0,5,rain,24.000000
20,1102,3448075189,158,Day 6 12:13,none,,8.054472,8.054472,completed,0.060000,0.102555,0.196046,0.946667,0.258333,0.230000,0.199276,0.100000,0.140000,11,1,1,1,0,0,0,1,1,1,1,1,0,1,1,0,1,0.143624,0.111798,0.125504,0.000000,0.000000,0.000000,0.127339,0.000000,0.119680,0.122918,0.000000,0.000000,0.155634,0.000000,0.000000,0.093502,use_phone,1,25,7958,phone,none,,,0.000000,1.000000,0,none,,8.054472,8.054472,completed,0,5,rain,24.000000
20,1102,3448075189,159,Day 6 12:38,none,,8.054472,8.054472,completed,0.000000,0.196689,0.196046,0.978333,0.279167,0.246667,0.199276,0.195000,0.225000,11,1,1,1,0,0,0,1,1,1,1,1,0,1,1,0,1,0.129817,0.120265,0.116540,0.000000,0.000000,0.000000,0.143450,0.000000,0.120411,0.124203,0.000000,0.000000,0.153632,0.000000,0.000000,0.091682,get_meal,1,35,7993,door,none,message-study-group,,0.000000,1.000000,0,none,,8.054472,8.054472,completed,0,6,rain,24.000000
20,1102,3448075189,160,Day 6 13:13,none,,8.054472,8.054472,completed,0.000000,0.210689,0.196046,1.000000,0.000000,0.270000,0.199276,0.160000,0.204000,11,1,1,1,0,0,0,1,1,1,1,1,0,1,1,0,1,0.149347,0.133977,0.134220,0.000000,0.000000,0.000000,0.162137,0.000000,0.140872,0.000000,0.000000,0.000000,0.175010,0.000000,0.000000,0.104439,turn_off_alarm,1,1,7994,alarm,none,,,0.000000,1.000000,0,none,,8.054472,8.054472,completed,0,6,rain,24.000000
20,1102,3448075189,161,Day 6 13:14,none,,8.054472,8.054472,completed,0.000333,0.211089,0.196046,1.000000,0.000833,0.270667,0.179276,0.159000,0.203400,10,1,1,1,0,0,0,1,1,1,1,1,0,0,1,0,1,0.181014,0.162200,0.162673,0.000000,0.000000,0.000000,0.196808,0.000000,0.170782,0.000000,0.000000,0.000000,0.000000,0.000000,0.000000,0.126522,idle,1,10,8004,,none,,,0.000000,1.000000,0,none,,8.054472,8.054472,completed,0,6,rain,24.000000
20,1102,3448075189,162,Day 6 13:24,none,,8.054472,8.054472,completed,0.123667,0.215089,0.196046,0.946667,0.009167,0.277333,0.179276,0.149000,0.197400,10,1,1,1,0,0,0,1,1,1,1,1,0,0,1,0,1,0.192400,0.157583,0.168672,0.000000,0.000000,0.000000,0.190284,0.000000,0.166756,0.000000,0.000000,0.000000,0.000000,0.000000,0.000000,0.124305,rest_at_bed,1,60,8064,bed,none,,,0.000000,1.000000,0,none,,8.054472,8.054472,completed,0,6,rain,24.000000
20,1102,3448075189,163,Day 6 14:24,none,,8.054472,8.054472,completed,0.183667,0.000000,0.196046,0.976667,0.059167,0.317333,0.179276,0.000000,0.161400,10,1,1,1,0,0,0,1,1,1,1,1,0,0,1,0,1,0.217897,0.152632,0.182726,0.000000,0.000000,0.000000,0.146459,0.000000,0.174897,0.000000,0.000000,0.000000,0.000000,0.000000,0.000000,0.125389,go_to_bathroom,1,15,8079,door,none,weather-rain,,0.000000,1.000000,0,none,,8.054472,8.054472,completed,0,6,rain,24.000000
20,1102,3448075189,164,Day 6 14:39,none,,8.054472,8.054472,completed,0.188667,0.006000,0.196046,1.000000,0.071667,0.000000,0.179276,0.000000,0.152400,10,1,1,1,0,0,0,1,1,1,1,1,0,0,1,0,1,0.264670,0.183179,0.221902,0.000000,0.000000,0.000000,0.178290,0.000000,0.000000,0.000000,0.000000,0.000000,0.000000,0.000000,0.000000,0.151959,use_phone,1,25,8104,phone,none,,,0.000000,1.000000,0,none,,8.054472,8.054472,completed,0,6,rain,24.000000
20,1102,3448075189,165,Day 6 15:04,none,,8.054472,8.054472,completed,0.000000,0.100134,0.196046,1.000000,0.092500,0.016667,0.179276,0.095000,0.237400,10,1,1,1,0,0,0,1,1,1,1,1,0,0,1,0,1,0.228505,0.204751,0.202041,0.000000,0.000000,0.000000,0.210658,0.000000,0.000000,0.000000,0.000000,0.000000,0.000000,0.000000,0.000000,0.154045,idle,1,10,8114,,none,,,0.000000,1.000000,0,none,,8.054472,8.054472,completed,0,6,rain,24.000000
20,1102,3448075189,166,Day 6 15:14,none,,8.054472,8.054472,completed,0.123333,0.104134,0.196046,0.946667,0.100833,0.023333,0.179276,0.085000,0.231400,10,1,1,1,0,0,0,1,1,1,1,1,0,0,1,0,1,0.241355,0.197674,0.208178,0.000000,0.000000,0.000000,0.202397,0.000000,0.000000,0.000000,0.000000,0.000000,0.000000,0.000000,0.000000,0.150396,rest_at_bed,1,60,8174,bed,none,,,0.000000,1.000000,0,none,,8.054472,8.054472,completed,0,6,rain,24.000000
20,1102,3448075189,167,Day 6 16:14,none,,8.054472,8.054472,completed,0.183333,0.000000,0.196046,0.976667,0.150833,0.063333,0.179276,0.000000,0.195400,10,1,1,1,0,0,0,1,1,1,1,1,0,0,1,0,1,0.223488,0.162342,0.187427,0.000000,0.000000,0.000000,0.150254,0.000000,0.000000,0.147857,0.000000,0.000000,0.000000,0.000000,0.000000,0.128632,use_computer,1,30,8204,computer,none,,,0.000000,1.000000,0,none,,8.054472,8.054472,completed,0,6,rain,24.000000
20,1102,3448075189,168,Day 6 16:44,none,,8.054472,8.054472,completed,0.033333,0.115481,0.196046,0.966667,0.175833,0.083333,0.179276,0.080000,0.177400,10,1,1,1,0,0,0,1,1,1,1,1,0,0,1,0,1,0.197976,0.162365,0.174164,0.000000,0.000000,0.000000,0.178413,0.000000,0.000000,0.156715,0.000000,0.000000,0.000000,0.000000,0.000000,0.130367,rest_at_bed,1,60,8264,bed,none,,,0.000000,1.000000,0,none,,8.054472,8.054472,completed,0,6,rain,24.000000
20,1102,3448075189,169,Day 6 17:44,none,,8.054472,8.054472,completed,0.093333,0.000000,0.196046,0.996667,0.225833,0.123333,0.179276,0.000000,0.141400,10,1,1,1,0,0,0,1,1,1,1,1,0,0,1,0,1,0.213858,0.155582,0.182667,0.000000,0.000000,0.000000,0.153501,0.000000,0.000000,0.164296,0.000000,0.000000,0.000000,0.000000,0.000000,0.130096,shop_on_phone,0,0,8264,phone,resource_insufficient,,,0.000000,1.000000,0,none,,8.054472,8.054472,completed,0,6,rain,24.000000
20,1102,3448075189,170,Day 6 17:44,none,,8.054472,8.054472,completed,0.093333,0.000000,0.196046,0.966667,0.225833,0.123333,0.209276,0.000000,0.141400,10,1,1,1,0,0,0,1,1,1,1,1,0,0,1,0,1,0.213968,0.155662,0.182761,0.000000,0.000000,0.000000,0.153066,0.000000,0.000000,0.164380,0.000000,0.000000,0.000000,0.000000,0.000000,0.130163,use_computer,1,30,8294,computer,none,,,0.000000,1.000000,0,none,,8.054472,8.054472,completed,0,6,rain,24.000000
20,1102,3448075189,171,Day 6 18:14,none,,8.054472,8.054472,completed,0.000000,0.115481,0.196046,0.956667,0.250833,0.143333,0.209276,0.080000,0.123400,10,1,1,1,0,0,0,1,1,1,1,1,0,0,1,0,1,0.168461,0.133332,0.149208,0.000000,0.000000,0.000000,0.155017,0.000000,0.132152,0.148600,0.000000,0.000000,0.000000,0.000000,0.000000,0.113229,use_phone,1,25,8319,phone,none,,,0.000000,1.000000,0,none,,8.054472,8.054472,completed,0,6,rain,24.000000
20,1102,3448075189,172,Day 6 18:39,none,,8.054472,8.054472,completed,0.000000,0.209615,0.196046,0.988333,0.271667,0.160000,0.209276,0.175000,0.208400,10,1,1,1,0,0,0,1,1,1,1,1,0,0,1,0,1,0.156612,0.141844,0.140775,0.000000,0.000000,0.000000,0.171948,0.000000,0.130918,0.147847,0.000000,0.000000,0.000000,0.000000,0.000000,0.110056,use_computer,1,30,8349,computer,none,evening,,0.000000,1.000000,0,none,,8.054472,8.054472,completed,0,6,rain,24.000000
20,1102,3448075189,173,Day 6 19:09,none,,8.054472,8.054472,completed,0.000000,0.325097,0.196046,0.978333,0.296667,0.180000,0.209276,0.255000,0.190400,10,1,1,1,0,0,0,1,1,1,1,1,0,0,1,0,1,0.122432,0.113492,0.111972,0.000000,0.000000,0.000000,0.161568,0.167533,0.109240,0.124005,0.000000,0.000000,0.000000,0.000000,0.000000,0.089758,use_computer,1,30,8379,computer,none,,,0.000000,1.000000,0,none,,8.054472,8.054472,completed,0,6,rain,24.000000
20,1102,3448075189,174,Day 6 19:39,none,,8.054472,8.054472,completed,0.000000,0.440578,0.196046,0.968333,0.321667,0.200000,0.209276,0.335000,0.172400,10,1,1,1,0,0,0,1,1,1,1,1,0,0,1,0,1,0.111057,0.105365,0.103339,0.000000,0.000000,0.000000,0.176153,0.192700,0.105765,0.120682,0.000000,0.000000,0.000000,0.000000,0.000000,0.084940,idle,1,10,8389,,none,,,0.000000,1.000000,0,none,,8.054472,8.054472,completed,0,6,rain,24.000000
20,1102,3448075189,175,Day 6 19:49,none,,8.054472,8.054472,completed,0.123333,0.444578,0.196046,0.915000,0.330000,0.206667,0.209276,0.325000,0.166400,10,1,1,1,0,0,0,1,1,1,1,1,0,0,1,0,1,0.119344,0.103494,0.108331,0.000000,0.000000,0.000000,0.172192,0.188514,0.104410,0.119341,0.000000,0.000000,0.000000,0.000000,0.000000,0.084372,rest_at_bed,1,60,8449,bed,none,room-temperature-shift,,0.000000,1.000000,0,none,,8.054472,8.054472,completed,0,6,rain,17.000000
20,1102,3448075189,176,Day 6 20:49,none,,8.054472,8.054472,completed,0.183333,0.195653,0.196046,0.885000,0.380000,0.246667,0.209276,0.125000,0.130400,10,1,1,1,0,0,0,1,1,1,1,1,0,0,1,0,1,0.171812,0.124697,0.148337,0.000000,0.000000,0.000000,0.155746,0.000000,0.136222,0.157318,0.000000,0.000000,0.000000,0.000000,0.000000,0.105869,get_meal,1,35,8484,door,none,,,0.000000,1.000000,0,none,,8.054472,8.054472,completed,0,6,rain,17.000000
20,1102,3448075189,177,Day 6 21:24,none,,8.054472,8.054472,completed,0.155000,0.209653,0.196046,1.000000,0.000000,0.270000,0.209276,0.090000,0.109400,10,1,1,1,0,0,0,1,1,1,1,1,0,0,1,0,1,0.202498,0.144977,0.176035,0.000000,0.000000,0.000000,0.184097,0.000000,0.166668,0.000000,0.000000,0.000000,0.000000,0.000000,0.000000,0.125725,shop_on_phone,0,0,8484,phone,resource_insufficient,,,0.000000,1.000000,0,none,,8.054472,8.054472,completed,0,6,rain,17.000000
20,1102,3448075189,178,Day 6 21:24,none,,8.054472,8.054472,completed,0.155000,0.209653,0.196046,0.970000,0.000000,0.270000,0.239276,0.090000,0.109400,10,1,1,1,0,0,0,1,1,1,1,1,0,0,1,0,1,0.202623,0.145067,0.176143,0.000000,0.000000,0.000000,0.183593,0.000000,0.166771,0.000000,0.000000,0.000000,0.000000,0.000000,0.000000,0.125802,use_phone,1,25,8509,phone,none,,,0.000000,1.000000,0,none,,8.054472,8.054472,completed,0,6,rain,17.000000
20,1102,3448075189,179,Day 6 21:49,none,,8.054472,8.054472,completed,0.000000,0.303787,0.196046,1.000000,0.020833,0.286667,0.239276,0.185000,0.194400,10,1,1,1,0,0,0,1,1,1,1,1,0,0,1,0,1,0.174733,0.158434,0.159098,0.000000,0.000000,0.000000,0.211433,0.000000,0.171531,0.000000,0.000000,0.000000,0.000000,0.000000,0.000000,0.124770,rest_at_bed,1,60,8569,bed,none,,,0.000000,1.000000,0,none,,8.054472,8.054472,completed,0,6,rain,17.000000
20,1102,3448075189,180,Day 6 22:49,none,,8.054472,8.054472,completed,0.060000,0.015968,0.196046,1.000000,0.070833,0.326667,0.239276,0.000000,0.158400,10,1,1,1,0,0,0,1,1,1,1,1,0,0,1,0,1,0.205163,0.155661,0.176812,0.000000,0.000000,0.000000,0.152210,0.000000,0.182489,0.000000,0.000000,0.000000,0.000000,0.000000,0.000000,0.127666,rest_at_bed,1,60,8629,bed,none,,,0.000000,1.000000,0,none,,8.054472,8.054472,completed,0,6,rain,17.000000
20,1102,3448075189,181,Day 6 23:49,none,,8.054472,8.054472,completed,0.120000,0.000000,0.196046,1.000000,0.120833,0.366667,0.239276,0.000000,0.122400,10,1,1,1,0,0,0,1,1,1,1,1,0,0,1,0,1,0.211091,0.147897,0.179328,0.000000,0.000000,0.000000,0.147612,0.000000,0.187749,0.000000,0.000000,0.000000,0.000000,0.000000,0.000000,0.126324,rest_at_bed,1,60,8689,bed,none,,,0.000000,1.000000,0,none,,8.054472,8.054472,completed,0,6,rain,17.000000
20,1102,3448075189,182,Day 7 00:49,none,,8.054472,8.054472,completed,0.180000,0.000000,0.196046,1.000000,0.170833,0.406667,0.239276,0.000000,0.086400,10,1,1,1,0,0,0,1,1,1,1,1,0,0,1,0,1,0.214827,0.000000,0.180286,0.000000,0.000000,0.000000,0.143813,0.000000,0.191471,0.145701,0.000000,0.000000,0.000000,0.000000,0.000000,0.123901,go_to_bathroom,1,15,8704,door,none,,,0.000000,1.000000,0,none,,8.054472,8.054472,completed,0,6,rain,17.000000
20,1102,3448075189,183,Day 7 01:04,none,,8.054472,8.054472,completed,0.185000,0.006000,0.196046,1.000000,0.183333,0.000000,0.239276,0.000000,0.077400,10,1,1,1,0,0,0,1,1,1,1,1,0,0,1,0,1,0.265165,0.000000,0.222483,0.000000,0.000000,0.000000,0.177903,0.000000,0.000000,0.181863,0.000000,0.000000,0.000000,0.000000,0.000000,0.152587,rest_at_bed,1,60,8764,bed,none,,,0.000000,1.000000,0,none,,8.054472,8.054472,completed,0,6,rain,17.000000
20,1102,3448075189,184,Day 7 02:04,none,,8.054472,8.054472,completed,0.245000,0.000000,0.196046,1.000000,0.233333,0.040000,0.239276,0.000000,0.041400,10,1,1,1,0,0,0,1,1,1,1,1,0,0,1,0,1,0.269199,0.000000,0.222947,0.000000,0.000000,0.000000,0.171894,0.000000,0.000000,0.186784,0.000000,0.000000,0.000000,0.000000,0.000000,0.149175,use_phone,1,25,8789,phone,none,,,0.000000,1.000000,0,none,,8.054472,8.054472,completed,0,6,rain,17.000000
20,1102,3448075189,185,Day 7 02:29,none,,8.054472,8.054472,completed,0.033333,0.094134,0.196046,1.000000,0.254167,0.056667,0.239276,0.095000,0.126400,10,1,1,1,0,0,0,1,1,1,1,1,0,0,1,0,1,0.197212,0.153541,0.173054,0.000000,0.000000,0.000000,0.175243,0.000000,0.000000,0.170803,0.000000,0.000000,0.000000,0.000000,0.000000,0.130146,use_computer,1,30,8819,computer,none,,,0.000000,1.000000,0,none,,8.054472,8.054472,completed,0,6,rain,17.000000
20,1102,3448075189,186,Day 7 02:59,none,,8.054472,8.054472,completed,0.000000,0.209615,0.196046,0.990000,0.279167,0.076667,0.239276,0.175000,0.108400,10,1,1,1,0,0,0,1,1,1,1,1,0,0,1,0,1,0.215152,0.000000,0.193397,0.000000,0.000000,0.000000,0.235431,0.000000,0.000000,0.204826,0.000000,0.000000,0.000000,0.000000,0.000000,0.151195,use_computer,1,30,8849,computer,none,,,0.000000,1.000000,0,none,,8.054472,8.054472,completed,0,6,rain,17.000000
20,1102,3448075189,187,Day 7 03:29,none,,8.054472,8.054472,completed,0.000000,0.325097,0.196046,0.980000,0.304167,0.096667,0.239276,0.255000,0.090400,10,1,1,1,0,0,0,1,1,1,1,1,0,0,1,0,1,0.157414,0.000000,0.143964,0.000000,0.000000,0.000000,0.207036,0.215400,0.000000,0.160781,0.000000,0.000000,0.000000,0.000000,0.000000,0.115404,use_phone,1,25,8874,phone,none,,,0.000000,1.000000,0,none,,8.054472,8.054472,completed,0,6,rain,17.000000
20,1102,3448075189,188,Day 7 03:54,none,,8.054472,8.054472,completed,0.000000,0.419231,0.196046,1.000000,0.325000,0.113333,0.239276,0.350000,0.175400,10,1,1,1,0,0,0,1,1,1,1,1,0,0,1,0,1,0.124679,0.118924,0.115721,0.000000,0.000000,0.000000,0.195654,0.213169,0.000000,0.136286,0.000000,0.000000,0.000000,0.000000,0.000000,0.095565,get_meal,1,35,8909,door,none,,,0.000000,1.000000,0,none,,8.054472,8.054472,completed,0,6,rain,17.000000
20,1102,3448075189,189,Day 7 04:29,none,,8.054472,8.054472,completed,0.000000,0.433231,0.196046,1.000000,0.000000,0.136667,0.239276,0.315000,0.154400,10,1,1,1,0,0,0,1,1,1,1,1,0,0,1,0,1,0.129584,0.119690,0.120406,0.000000,0.000000,0.000000,0.199786,0.218268,0.113916,0.000000,0.000000,0.000000,0.000000,0.000000,0.000000,0.098350,rest_at_bed,1,60,8969,bed,none,,,0.000000,1.000000,0,none,,8.054472,8.054472,completed,0,6,rain,17.000000
20,1102,3448075189,190,Day 7 05:29,none,,8.054472,8.054472,completed,0.060000,0.145412,0.196046,1.000000,0.050000,0.176667,0.239276,0.115000,0.118400,10,1,1,1,0,0,0,1,1,1,1,1,0,0,1,0,1,0.198750,0.152838,0.174736,0.000000,0.000000,0.000000,0.185368,0.000000,0.157515,0.000000,0.000000,0.000000,0.000000,0.000000,0.000000,0.130793,use_computer,1,30,8999,computer,none,,,0.000000,1.000000,0,none,,8.054472,8.054472,completed,0,6,rain,17.000000
20,1102,3448075189,191,Day 7 05:59,none,,8.054472,8.054472,completed,0.000000,0.260893,0.196046,0.990000,0.075000,0.196667,0.239276,0.195000,0.100400,10,1,1,1,0,0,0,1,1,1,1,1,0,0,1,0,1,0.214019,0.000000,0.193794,0.000000,0.000000,0.000000,0.250617,0.000000,0.189114,0.000000,0.000000,0.000000,0.000000,0.000000,0.000000,0.152457,rest_at_bed,1,60,9059,bed,none,,,0.000000,1.000000,0,none,,8.054472,8.054472,completed,0,6,rain,17.000000
20,1102,3448075189,192,Day 7 06:59,none,,8.054472,8.054472,completed,0.060000,0.000000,0.196046,1.000000,0.125000,0.236667,0.239276,0.000000,0.064400,10,1,1,1,0,0,0,1,1,1,1,1,0,0,1,0,1,0.249239,0.000000,0.214338,0.000000,0.000000,0.000000,0.182059,0.000000,0.199604,0.000000,0.000000,0.000000,0.000000,0.000000,0.000000,0.154761,rest_at_bed,1,60,9119,bed,none,alarm-rings,,0.000000,1.000000,0,none,,8.054472,8.054472,completed,0,6,rain,17.000000
20,1102,3448075189,193,Day 7 07:59,none,,8.054472,8.054472,completed,0.150000,0.000000,0.196046,1.000000,0.175000,0.276667,0.266152,0.000000,0.028400,11,1,1,1,0,0,0,1,1,1,1,1,0,1,1,0,1,0.179148,0.000000,0.151265,0.000000,0.000000,0.000000,0.122205,0.000000,0.140668,0.124763,0.000000,0.000000,0.176704,0.000000,0.000000,0.105248,use_phone,1,25,9144,phone,none,,,0.000000,1.000000,0,none,,8.054472,8.054472,completed,0,6,rain,17.000000
20,1102,3448075189,194,Day 7 08:24,none,,8.054472,8.054472,completed,0.000000,0.094134,0.196046,1.000000,0.195833,0.293333,0.266152,0.095000,0.113400,11,1,1,1,0,0,0,1,1,1,1,1,0,1,1,0,1,0.156761,0.000000,0.138495,0.000000,0.000000,0.000000,0.142287,0.000000,0.146278,0.130298,0.000000,0.000000,0.180286,0.000000,0.000000,0.105595,turn_off_alarm,1,1,9145,alarm,none,,,0.000000,1.000000,0,none,,8.054472,8.054472,completed,0,6,rain,17.000000
20,1102,3448075189,195,Day 7 08:25,none,,8.054472,8.054472,completed,0.000333,0.094534,0.196046,1.000000,0.196667,0.294000,0.246152,0.094000,0.112800,10,1,1,1,0,0,0,1,1,1,1,1,0,0,1,0,1,0.191182,0.000000,0.168899,0.000000,0.000000,0.000000,0.173788,0.000000,0.178440,0.158973,0.000000,0.000000,0.000000,0.000000,0.000000,0.128718,get_meal,1,35,9180,door,none,,,0.000000,1.000000,0,none,,8.054472,8.054472,completed,0,6,rain,17.000000
20,1102,3448075189,196,Day 7 09:00,none,,8.054472,8.054472,completed,0.000000,0.108534,0.196046,1.000000,0.000000,0.317333,0.246152,0.059000,0.091800,10,1,1,1,0,0,0,1,1,1,1,1,0,0,1,0,1,0.227586,0.000000,0.201293,0.000000,0.000000,0.000000,0.203301,0.000000,0.216066,0.000000,0.000000,0.000000,0.000000,0.000000,0.000000,0.151754,go_to_bathroom,1,15,9195,door,none,,,0.000000,1.000000,0,none,,8.054472,8.054472,completed,0,6,rain,17.000000
20,1102,3448075189,197,Day 7 09:15,none,,8.054472,8.054472,completed,0.005000,0.114534,0.196046,1.000000,0.012500,0.000000,0.246152,0.044000,0.082800,10,1,1,1,0,0,0,1,1,1,1,1,0,0,1,0,1,0.291608,0.000000,0.257778,0.000000,0.000000,0.000000,0.257585,0.000000,0.000000,0.000000,0.000000,0.000000,0.000000,0.000000,0.000000,0.193029,rest_at_bed,1,60,9255,bed,none,weather-clear,,0.000000,1.000000,0,none,,8.054472,8.054472,completed,0,6,clear,17.000000
20,1102,3448075189,198,Day 7 10:15,none,,8.054472,8.054472,completed,0.065000,0.000000,0.196046,1.000000,0.062500,0.040000,0.246152,0.000000,0.046800,10,1,1,1,0,0,0,1,1,1,1,1,0,0,1,0,1,0.311977,0.000000,0.268017,0.000000,0.000000,0.000000,0.226885,0.000000,0.000000,0.000000,0.000000,0.000000,0.000000,0.000000,0.000000,0.193121,use_computer,1,30,9285,computer,none,,,0.000000,1.000000,0,none,,8.054472,8.054472,completed,0,6,clear,17.000000
20,1102,3448075189,199,Day 7 10:45,none,,8.054472,8.054472,completed,0.000000,0.115481,0.196046,0.990000,0.087500,0.060000,0.246152,0.080000,0.028800,10,1,1,1,0,0,0,1,1,1,1,1,0,0,1,0,1,0.287831,0.000000,0.254936,0.000000,0.000000,0.000000,0.263771,0.000000,0.000000,0.000000,0.000000,0.000000,0.000000,0.000000,0.000000,0.193463,idle,1,10,9295,,none,,,0.000000,1.000000,0,none,,8.054472,8.054472,completed,0,6,clear,17.000000
20,1102,3448075189,200,Day 7 10:55,none,,8.054472,8.054472,completed,0.123333,0.119481,0.196046,0.936667,0.095833,0.066667,0.246152,0.070000,0.022800,10,1,1,1,0,0,0,1,1,1,1,1,0,0,1,0,1,0.301304,0.000000,0.260335,0.000000,0.000000,0.000000,0.251166,0.000000,0.000000,0.000000,0.000000,0.000000,0.000000,0.000000,0.000000,0.187195,use_computer,1,30,9325,computer,none,,,0.000000,1.000000,0,none,,8.054472,8.054472,completed,0,6,clear,17.000000
20,1102,3448075189,201,Day 7 11:25,none,,8.054472,8.054472,completed,0.000000,0.234963,0.196046,0.926667,0.120833,0.086667,0.246152,0.150000,0.004800,10,1,1,1,0,0,0,1,1,1,1,1,0,0,1,0,1,0.270519,0.000000,0.243857,0.000000,0.000000,0.000000,0.296468,0.000000,0.000000,0.000000,0.000000,0.000000,0.000000,0.000000,0.000000,0.189157,rest_at_bed,1,60,9385,bed,none,,,0.000000,1.000000,0,none,,8.054472,8.054472,completed,0,6,clear,17.000000
20,1102,3448075189,202,Day 7 12:25,none,,8.054472,8.054472,completed,0.060000,0.000000,0.196046,0.956667,0.170833,0.126667,0.246152,0.000000,0.000000,10,1,1,1,0,0,0,1,1,1,1,1,0,0,1,0,1,0.253111,0.000000,0.217667,0.000000,0.000000,0.000000,0.184745,0.000000,0.000000,0.187314,0.000000,0.000000,0.000000,0.000000,0.000000,0.157164,use_computer,1,30,9415,computer,none,,,0.000000,1.000000,0,none,,8.054472,8.054472,completed,0,6,clear,17.000000
20,1102,3448075189,203,Day 7 12:55,none,,8.054472,8.054472,completed,0.000000,0.115481,0.196046,0.946667,0.195833,0.146667,0.246152,0.080000,0.000000,10,1,1,1,0,0,0,1,1,1,1,1,0,0,1,0,1,0.196421,0.000000,0.173973,0.000000,0.000000,0.000000,0.180002,0.000000,0.154674,0.162909,0.000000,0.000000,0.000000,0.000000,0.000000,0.132022,go_to_bathroom,1,15,9430,door,none,,,0.000000,1.000000,0,none,,8.054472,8.054472,completed,0,6,clear,17.000000
20,1102,3448075189,204,Day 7 13:10,none,,8.054472,8.054472,completed,0.005000,0.121481,0.196046,1.000000,0.208333,0.000000,0.246152,0.065000,0.000000,10,1,1,1,0,0,0,1,1,1,1,1,0,0,1,0,1,0.232928,0.000000,0.206195,0.000000,0.000000,0.000000,0.211077,0.000000,0.000000,0.194378,0.000000,0.000000,0.000000,0.000000,0.000000,0.155422,rest_at_bed,1,60,9490,bed,none,,,0.000000,1.000000,0,none,,8.054472,8.054472,completed,0,6,clear,17.000000
20,1102,3448075189,205,Day 7 14:10,none,,8.054472,8.054472,completed,0.065000,0.000000,0.196046,1.000000,0.258333,0.040000,0.246152,0.000000,0.000000,10,1,1,1,0,0,0,1,1,1,1,1,0,0,1,0,1,0.248838,0.000000,0.213774,0.000000,0.000000,0.000000,0.180967,0.000000,0.000000,0.202384,0.000000,0.000000,0.000000,0.000000,0.000000,0.154037,use_computer,1,30,9520,computer,none,,,0.000000,1.000000,0,none,,8.054472,8.054472,completed,0,6,clear,17.000000
20,1102,3448075189,206,Day 7 14:40,none,,8.054472,8.054472,completed,0.000000,0.115481,0.196046,0.990000,0.283333,0.060000,0.246152,0.080000,0.000000,10,1,1,1,0,0,0,1,1,1,1,1,0,0,1,0,1,0.227838,0.000000,0.201799,0.000000,0.000000,0.000000,0.208793,0.000000,0.000000,0.208431,0.000000,0.000000,0.000000,0.000000,0.000000,0.153139,idle,1,10,9530,,none,,,0.000000,1.000000,0,none,,8.054472,8.054472,completed,0,6,clear,17.000000
20,1102,3448075189,207,Day 7 14:50,none,,8.054472,8.054472,completed,0.123333,0.119481,0.196046,0.936667,0.291667,0.066667,0.246152,0.070000,0.000000,10,1,1,1,0,0,0,1,1,1,1,1,0,0,1,0,1,0.240342,0.000000,0.207662,0.000000,0.000000,0.000000,0.200348,0.000000,0.000000,0.202329,0.000000,0.000000,0.000000,0.000000,0.000000,0.149320,use_phone,1,25,9555,phone,none,message-study-group,,0.000000,1.000000,0,none,,8.054472,8.054472,completed,0,7,clear,17.000000
20,1102,3448075189,208,Day 7 15:15,none,,8.054472,8.054472,completed,0.000000,0.213615,0.196046,0.968333,0.312500,0.083333,0.246152,0.165000,0.085000,10,1,1,1,0,0,0,1,1,1,1,1,0,0,1,0,1,0.213983,0.000000,0.192406,0.000000,0.000000,0.000000,0.232791,0.000000,0.000000,0.210870,0.000000,0.000000,0.000000,0.000000,0.000000,0.149950,idle,1,10,9565,,none,,,0.000000,1.000000,0,none,,8.054472,8.054472,completed,0,7,clear,17.000000
20,1102,3448075189,209,Day 7 15:25,none,,8.054472,8.054472,completed,0.123333,0.217615,0.196046,0.915000,0.320833,0.090000,0.246152,0.155000,0.079000,10,1,1,1,0,0,0,1,1,1,1,1,0,0,1,0,1,0.226178,0.000000,0.198391,0.000000,0.000000,0.000000,0.223823,0.000000,0.000000,0.205106,0.000000,0.000000,0.000000,0.000000,0.000000,0.146502,get_meal,1,35,9600,door,none,,,0.000000,1.000000,0,none,,8.054472,8.054472,completed,0,7,clear,17.000000
20,1102,3448075189,210,Day 7 16:00,none,,8.054472,8.054472,completed,0.095000,0.231615,0.196046,1.000000,0.000000,0.113333,0.246152,0.120000,0.058000,10,1,1,1,0,0,0,1,1,1,1,1,0,0,1,0,1,0.283422,0.000000,0.250315,0.000000,0.000000,0.000000,0.281287,0.000000,0.000000,0.000000,0.000000,0.000000,0.000000,0.000000,0.000000,0.184975,use_phone,1,25,9625,phone,none,,,0.000000,1.000000,0,none,,8.054472,8.054472,completed,0,7,clear,17.000000
20,1102,3448075189,211,Day 7 16:25,none,,8.054472,8.054472,completed,0.000000,0.325749,0.196046,1.000000,0.020833,0.130000,0.246152,0.215000,0.143000,10,1,1,1,0,0,0,1,1,1,1,1,0,0,1,0,1,0.178336,0.155113,0.162967,0.000000,0.000000,0.000000,0.226277,0.000000,0.148295,0.000000,0.000000,0.000000,0.000000,0.000000,0.000000,0.129011,rest_at_bed,1,60,9685,bed,none,,,0.000000,1.000000,0,none,,8.054472,8.054472,completed,0,7,clear,17.000000
20,1102,3448075189,212,Day 7 17:25,none,,8.054472,8.054472,completed,0.060000,0.037930,0.196046,1.000000,0.070833,0.170000,0.246152,0.015000,0.107000,10,1,1,1,0,0,0,1,1,1,1,1,0,0,1,0,1,0.249430,0.000000,0.215669,0.000000,0.000000,0.000000,0.191455,0.000000,0.186991,0.000000,0.000000,0.000000,0.000000,0.000000,0.000000,0.156455,use_phone,1,25,9710,phone,none,,,0.000000,1.000000,0,none,,8.054472,8.054472,completed,0,7,clear,17.000000
20,1102,3448075189,213,Day 7 17:50,none,,8.054472,8.054472,completed,0.000000,0.132064,0.196046,1.000000,0.091667,0.186667,0.246152,0.110000,0.192000,10,1,1,1,0,0,0,1,1,1,1,1,0,0,1,0,1,0.191508,0.165050,0.170114,0.000000,0.000000,0.000000,0.183207,0.000000,0.159809,0.000000,0.000000,0.000000,0.000000,0.000000,0.000000,0.130312,rest_at_bed,1,60,9770,bed,none,,,0.000000,1.000000,0,none,,8.054472,8.054472,completed,0,7,clear,17.000000
20,1102,3448075189,214,Day 7 18:50,none,,8.054472,8.054472,completed,0.060000,0.000000,0.196046,1.000000,0.141667,0.226667,0.246152,0.000000,0.156000,10,1,1,1,0,0,0,1,1,1,1,1,0,0,1,0,1,0.182683,0.137956,0.157101,0.000000,0.000000,0.000000,0.133340,0.000000,0.144640,0.130847,0.000000,0.000000,0.000000,0.000000,0.000000,0.113434,get_meal,1,35,9805,door,none,room-temperature-shift,,0.000000,1.000000,0,none,,8.054472,8.054472,completed,0,7,clear,17.000000
20,1102,3448075189,215,Day 7 19:25,none,,8.054472,8.054472,completed,0.031667,0.014000,0.196046,1.000000,0.000000,0.250000,0.246152,0.000000,0.135000,10,1,1,1,0,0,0,1,1,1,1,1,0,0,1,0,1,0.206600,0.155722,0.179033,0.000000,0.000000,0.000000,0.156046,0.000000,0.171814,0.000000,0.000000,0.000000,0.000000,0.000000,0.000000,0.130785,use_computer,1,30,9835,computer,none,,,0.000000,1.000000,0,none,,8.054472,8.054472,completed,0,7,clear,17.000000
20,1102,3448075189,216,Day 7 19:55,none,,8.054472,8.054472,completed,0.000000,0.129481,0.196046,0.990000,0.025000,0.270000,0.246152,0.080000,0.117000,10,1,1,1,0,0,0,1,1,1,1,1,0,0,1,0,1,0.227372,0.000000,0.201765,0.000000,0.000000,0.000000,0.211224,0.000000,0.206526,0.000000,0.000000,0.000000,0.000000,0.000000,0.000000,0.153113,use_computer,1,30,9865,computer,none,,,0.000000,1.000000,0,none,,8.054472,8.054472,completed,0,7,clear,17.000000
20,1102,3448075189,217,Day 7 20:25,none,,8.054472,8.054472,completed,0.000000,0.244963,0.196046,0.980000,0.050000,0.290000,0.246152,0.160000,0.099000,10,1,1,1,0,0,0,1,1,1,1,1,0,0,1,0,1,0.213153,0.000000,0.192446,0.000000,0.000000,0.000000,0.238003,0.000000,0.206652,0.000000,0.000000,0.000000,0.000000,0.000000,0.000000,0.149746,use_computer,1,30,9895,computer,none,evening,,0.000000,1.000000,0,none,,8.054472,8.054472,completed,0,7,clear,17.000000
20,1102,3448075189,218,Day 7 20:55,none,,8.054472,8.054472,completed,0.000000,0.360444,0.196046,0.970000,0.075000,0.310000,0.246152,0.240000,0.081000,10,1,1,1,0,0,0,1,1,1,1,1,0,0,1,0,1,0.155179,0.000000,0.142548,0.000000,0.000000,0.000000,0.208262,0.219696,0.160581,0.000000,0.000000,0.000000,0.000000,0.000000,0.000000,0.113733,rest_at_bed,1,60,9955,bed,none,,,0.000000,1.000000,0,none,,8.054472,8.054472,completed,0,7,clear,17.000000
20,1102,3448075189,219,Day 7 21:55,none,,8.054472,8.054472,completed,0.060000,0.072625,0.196046,1.000000,0.125000,0.350000,0.246152,0.040000,0.045000,10,1,1,1,0,0,0,1,1,1,1,1,0,0,1,0,1,0.235324,0.000000,0.204536,0.000000,0.000000,0.000000,0.191056,0.000000,0.219539,0.000000,0.000000,0.000000,0.000000,0.000000,0.000000,0.149545,use_phone,1,25,9980,phone,none,,,0.000000,1.000000,0,none,,8.054472,8.054472,completed,0,7,clear,17.000000
20,1102,3448075189,220,Day 7 22:20,none,,8.054472,8.054472,completed,0.000000,0.166759,0.196046,1.000000,0.145833,0.366667,0.246152,0.135000,0.130000,10,1,1,1,0,0,0,1,1,1,1,1,0,0,1,0,1,0.159886,0.130706,0.142767,0.000000,0.000000,0.000000,0.161786,0.000000,0.166034,0.128599,0.000000,0.000000,0.000000,0.000000,0.000000,0.110223,go_to_bathroom,1,15,9995,door,none,,,0.000000,1.000000,0,none,,8.054472,8.054472,completed,0,7,clear,17.000000
20,1102,3448075189,221,Day 7 22:35,none,,8.054472,8.054472,completed,0.005000,0.172759,0.196046,1.000000,0.158333,0.000000,0.246152,0.120000,0.121000,10,1,1,1,0,0,0,1,1,1,1,1,0,0,1,0,1,0.192665,0.154838,0.171942,0.000000,0.000000,0.000000,0.192780,0.000000,0.000000,0.155919,0.000000,0.000000,0.000000,0.000000,0.000000,0.131855,get_meal,1,35,10030,door,none,,,0.000000,1.000000,0,none,,8.054472,8.054472,completed,0,7,clear,17.000000
20,1102,3448075189,222,Day 7 23:10,none,,8.054472,8.054472,completed,0.000000,0.186759,0.196046,1.000000,0.000000,0.023333,0.246152,0.085000,0.100000,10,1,1,1,0,0,0,1,1,1,1,1,0,0,1,0,1,0.280844,0.000000,0.251167,0.000000,0.000000,0.000000,0.277088,0.000000,0.000000,0.000000,0.000000,0.000000,0.000000,0.000000,0.000000,0.190901,rest_at_bed,1,60,10090,bed,none,,,0.000000,1.000000,0,none,,8.054472,8.054472,completed,0,7,clear,17.000000
20,1102,3448075189,223,Day 8 00:10,none,,8.054472,8.054472,completed,0.060000,0.000000,0.196046,1.000000,0.050000,0.063333,0.246152,0.000000,0.064000,10,1,1,1,0,0,0,1,1,1,1,1,0,0,1,0,1,0.311449,0.000000,0.267836,0.000000,0.000000,0.000000,0.227326,0.000000,0.000000,0.000000,0.000000,0.000000,0.000000,0.000000,0.000000,0.193389,use_phone,1,25,10115,phone,none,,,0.000000,1.000000,0,none,,8.054472,8.054472,completed,0,7,clear,17.000000
20,1102,3448075189,224,Day 8 00:35,none,,8.054472,8.054472,completed,0.000000,0.094134,0.196046,1.000000,0.070833,0.080000,0.246152,0.095000,0.149000,10,1,1,1,0,0,0,1,1,1,1,1,0,0,1,0,1,0.233545,0.190353,0.206331,0.000000,0.000000,0.000000,0.212455,0.000000,0.000000,0.000000,0.000000,0.000000,0.000000,0.000000,0.000000,0.157316,rest_at_bed,1,60,10175,bed,none,,,0.000000,1.000000,0,none,,8.054472,8.054472,completed,0,7,clear,17.000000
20,1102,3448075189,225,Day 8 01:35,none,,8.054472,8.054472,completed,0.060000,0.000000,0.196046,1.000000,0.120833,0.120000,0.246152,0.000000,0.113000,10,1,1,1,0,0,0,1,1,1,1,1,0,0,1,0,1,0.311449,0.000000,0.267836,0.000000,0.000000,0.000000,0.227326,0.000000,0.000000,0.000000,0.000000,0.000000,0.000000,0.000000,0.000000,0.193389,use_phone,1,25,10200,phone,none,,,0.000000,1.000000,0,none,,8.054472,8.054472,completed,0,7,clear,17.000000
20,1102,3448075189,226,Day 8 02:00,none,,8.054472,8.054472,completed,0.000000,0.094134,0.196046,1.000000,0.141667,0.136667,0.246152,0.095000,0.198000,10,1,1,1,0,0,0,1,1,1,1,1,0,0,1,0,1,0.169842,0.145829,0.150051,0.000000,0.000000,0.000000,0.154505,0.000000,0.132511,0.132857,0.000000,0.000000,0.000000,0.000000,0.000000,0.114405,idle,1,10,10210,,none,,,0.000000,1.000000,0,none,,8.054472,8.054472,completed,0,7,clear,17.000000
20,1102,3448075189,227,Day 8 02:10,none,,8.054472,8.054472,completed,0.123333,0.098134,0.196046,0.946667,0.150000,0.143333,0.246152,0.085000,0.192000,10,1,1,1,0,0,0,1,1,1,1,1,0,0,1,0,1,0.180723,0.141833,0.155755,0.000000,0.000000,0.000000,0.149547,0.000000,0.129529,0.130090,0.000000,0.000000,0.000000,0.000000,0.000000,0.112523,idle,1,10,10220,,none,,,0.000000,1.000000,0,none,,8.054472,8.054472,completed,0,7,clear,17.000000
20,1102,3448075189,228,Day 8 02:20,none,,8.054472,8.054472,completed,0.246667,0.102134,0.196046,0.893333,0.158333,0.150000,0.246152,0.075000,0.186000,10,1,1,1,0,0,0,1,1,1,1,1,0,0,1,0,1,0.192044,0.137761,0.161459,0.000000,0.000000,0.000000,0.144554,0.000000,0.126445,0.127211,0.000000,0.000000,0.000000,0.000000,0.000000,0.110525,idle,1,10,10230,,none,,,0.000000,1.000000,0,none,,8.054472,8.054472,completed,0,7,clear,17.000000
20,1102,3448075189,229,Day 8 02:30,none,,8.054472,8.054472,completed,0.370000,0.106134,0.196046,0.840000,0.166667,0.156667,0.246152,0.065000,0.180000,10,1,1,1,0,0,0,1,1,1,1,1,0,0,1,0,1,0.203795,0.133623,0.167143,0.000000,0.000000,0.000000,0.139537,0.000000,0.123264,0.124225,0.000000,0.000000,0.000000,0.000000,0.000000,0.108412,go_to_bathroom,1,15,10245,door,none,,,0.000000,1.000000,0,none,,8.054472,8.054472,completed,0,7,clear,17.000000
20,1102,3448075189,230,Day 8 02:45,none,,8.054472,8.054472,completed,0.375000,0.112134,0.196046,0.929298,0.179167,0.000000,0.246152,0.050000,0.171000,10,1,1,1,0,0,0,1,1,1,1,1,0,0,1,0,1,0.233494,0.150507,0.191396,0.000000,0.000000,0.000000,0.158089,0.000000,0.000000,0.143206,0.000000,0.000000,0.000000,0.000000,0.000000,0.123308,rest_at_bed,1,60,10305,bed,none,,,0.000000,1.000000,0,none,,8.054472,8.054472,completed,0,7,clear,17.000000
20,1102,3448075189,231,Day 8 03:45,none,,8.054472,8.054472,completed,0.435000,0.000000,0.196046,0.959298,0.229167,0.040000,0.246152,0.000000,0.135000,10,1,1,1,0,0,0,1,1,1,1,1,0,0,1,0,1,0.248455,0.143564,0.197961,0.000000,0.000000,0.000000,0.138075,0.000000,0.000000,0.149451,0.000000,0.000000,0.000000,0.000000,0.000000,0.122493,idle,1,10,10315,,none,,,0.000000,1.000000,0,none,,8.054472,8.054472,completed,0,7,clear,17.000000
20,1102,3448075189,232,Day 8 03:55,none,,8.054472,8.054472,completed,0.558333,0.004000,0.196046,0.905964,0.237500,0.046667,0.246152,0.000000,0.129000,10,1,1,1,0,0,0,1,1,1,1,1,0,0,1,0,1,0.261093,0.138360,0.202981,0.000000,0.000000,0.000000,0.133172,0.000000,0.000000,0.145010,0.000000,0.000000,0.000000,0.000000,0.000000,0.119383,shop_on_phone,0,0,10315,phone,resource_insufficient,,,0.000000,1.000000,0,none,,8.054472,8.054472,completed,0,7,clear,17.000000
20,1102,3448075189,233,Day 8 03:55,none,,8.054472,8.054472,completed,0.558333,0.004000,0.196046,0.875964,0.237500,0.046667,0.276152,0.000000,0.129000,10,1,1,1,0,0,0,1,1,1,1,1,0,0,1,0,1,0.261209,0.138422,0.203072,0.000000,0.000000,0.000000,0.132785,0.000000,0.000000,0.145074,0.000000,0.000000,0.000000,0.000000,0.000000,0.119437,shop_on_phone,0,0,10315,phone,resource_insufficient,,,0.000000,1.000000,0,none,,8.054472,8.054472,completed,0,7,clear,17.000000
20,1102,3448075189,234,Day 8 03:55,none,,8.054472,8.054472,completed,0.558333,0.004000,0.196046,0.845964,0.237500,0.046667,0.306152,0.000000,0.129000,10,1,1,1,0,0,0,1,1,1,1,1,0,0,1,0,1,0.261325,0.138484,0.203162,0.000000,0.000000,0.000000,0.132400,0.000000,0.000000,0.145139,0.000000,0.000000,0.000000,0.000000,0.000000,0.119490,use_phone,1,25,10340,phone,none,,,0.000000,1.000000,0,none,,8.054472,8.054472,completed,0,7,clear,17.000000
20,1102,3448075189,235,Day 8 04:20,none,,8.054472,8.054472,completed,0.346667,0.098134,0.196046,0.877631,0.258333,0.063333,0.306152,0.095000,0.214000,10,1,1,1,0,0,0,1,1,1,1,1,0,0,1,0,1,0.224061,0.156056,0.184565,0.000000,0.000000,0.000000,0.157976,0.000000,0.000000,0.155333,0.000000,0.000000,0.000000,0.000000,0.000000,0.122009,use_phone,1,25,10365,phone,none,,,0.000000,1.000000,0,none,,8.054472,8.054472,completed,0,7,clear,17.000000
20,1102,3448075189,236,Day 8 04:45,none,,8.054472,8.054472,completed,0.135000,0.192268,0.196046,0.909298,0.279167,0.080000,0.306152,0.190000,0.299000,10,1,1,1,0,0,0,1,1,1,1,1,0,0,1,0,1,0.189280,0.173266,0.165199,0.000000,0.000000,0.000000,0.185716,0.000000,0.000000,0.163793,0.000000,0.000000,0.000000,0.000000,0.000000,0.122745,use_phone,1,25,10390,phone,none,,,0.000000,1.000000,0,none,,8.054472,8.054472,completed,0,7,clear,17.000000
20,1102,3448075189,237,Day 8 05:10,none,,8.054472,8.054472,completed,0.000000,0.286402,0.196046,0.940964,0.300000,0.096667,0.306152,0.285000,0.384000,10,1,1,1,0,0,0,1,1,1,1,1,0,0,1,0,1,0.163817,0.187447,0.149144,0.000000,0.000000,0.000000,0.211553,0.000000,0.000000,0.167355,0.000000,0.000000,0.000000,0.000000,0.000000,0.120685,get_meal,1,35,10425,door,none,,,0.000000,1.000000,0,none,,8.054472,8.054472,completed,0,7,clear,17.000000
20,1102,3448075189,238,Day 8 05:45,none,,8.054472,8.054472,completed,0.000000,0.300402,0.196046,1.000000,0.000000,0.120000,0.306152,0.250000,0.363000,10,1,1,1,0,0,0,1,1,1,1,1,0,0,1,0,1,0.199296,0.220822,0.181644,0.000000,0.000000,0.000000,0.252856,0.000000,0.000000,0.000000,0.000000,0.000000,0.000000,0.000000,0.000000,0.145381,shop_on_phone,0,0,10425,phone,resource_insufficient,,,0.000000,1.000000,0,none,,8.054472,8.054472,completed,0,7,clear,17.000000
20,1102,3448075189,239,Day 8 05:45,none,,8.054472,8.054472,completed,0.000000,0.300402,0.196046,0.970000,0.000000,0.120000,0.336152,0.250000,0.363000,10,1,1,1,0,0,0,1,1,1,1,1,0,0,1,0,1,0.199465,0.221010,0.181798,0.000000,0.000000,0.000000,0.252223,0.000000,0.000000,0.000000,0.000000,0.000000,0.000000,0.000000,0.000000,0.145504,rest_at_bed,1,60,10485,bed,none,,,0.000000,1.000000,0,none,,8.054472,8.054472,completed,0,7,clear,17.000000
20,1102,3448075189,240,Day 8 06:45,none,,8.054472,8.054472,completed,0.060000,0.012583,0.196046,1.000000,0.050000,0.160000,0.336152,0.050000,0.327000,10,1,1,1,0,0,0,1,1,1,1,1,0,0,1,0,1,0.202852,0.187131,0.174936,0.000000,0.000000,0.000000,0.155173,0.000000,0.151604,0.000000,0.000000,0.000000,0.000000,0.000000,0.000000,0.128304,use_computer,1,30,10515,computer,none,,,0.000000,1.000000,0,none,,8.054472,8.054472,completed,0,7,clear,17.000000
20,1102,3448075189,241,Day 8 07:15,none,,8.054472,8.054472,completed,0.000000,0.128064,0.196046,0.990000,0.075000,0.180000,0.336152,0.130000,0.309000,10,1,1,1,0,0,0,1,1,1,1,1,0,0,1,0,1,0.186967,0.183596,0.166065,0.000000,0.000000,0.000000,0.179568,0.000000,0.155794,0.000000,0.000000,0.000000,0.000000,0.000000,0.000000,0.128010,idle,1,10,10525,,none,,,0.000000,1.000000,0,none,,8.054472,8.054472,completed,0,7,clear,17.000000
20,1102,3448075189,242,Day 8 07:25,none,,8.054472,8.054472,completed,0.123333,0.132064,0.196046,0.936667,0.083333,0.186667,0.336152,0.120000,0.303000,10,1,1,1,0,0,0,1,1,1,1,1,0,0,1,0,1,0.198571,0.178228,0.172053,0.000000,0.000000,0.000000,0.173479,0.000000,0.152002,0.000000,0.000000,0.000000,0.000000,0.000000,0.000000,0.125668,shop_on_phone,0,0,10525,phone,resource_insufficient,,,0.000000,1.000000,0,none,,8.054472,8.054472,completed,0,7,clear,17.000000
20,1102,3448075189,243,Day 8 07:25,none,,8.054472,8.054472,completed,0.123333,0.132064,0.196046,0.906667,0.083333,0.186667,0.366152,0.120000,0.303000,10,1,1,1,0,0,0,1,1,1,1,1,0,0,1,0,1,0.198686,0.178332,0.172153,0.000000,0.000000,0.000000,0.172998,0.000000,0.152090,0.000000,0.000000,0.000000,0.000000,0.000000,0.000000,0.125741,idle,1,10,10535,,none,,,0.000000,1.000000,0,none,,8.054472,8.054472,completed,0,7,clear,17.000000
20,1102,3448075189,244,Day 8 07:35,none,,8.054472,8.054472,completed,0.246667,0.136064,0.196046,0.853333,0.091667,0.193333,0.366152,0.110000,0.297000,10,1,1,1,0,0,0,1,1,1,1,1,0,0,1,0,1,0.210711,0.172866,0.178101,0.000000,0.000000,0.000000,0.166889,0.000000,0.148172,0.000000,0.000000,0.000000,0.000000,0.000000,0.000000,0.123260,idle,1,10,10545,,none,,,0.000000,1.000000,0,none,,8.054472,8.054472,completed,0,7,clear,17.000000
20,1102,3448075189,245,Day 8 07:45,none,,8.054472,8.054472,completed,0.370000,0.140064,0.196046,0.800000,0.100000,0.200000,0.366152,0.100000,0.291000,10,1,1,1,0,0,0,1,1,1,1,1,0,0,1,0,1,0.223137,0.167323,0.183985,0.000000,0.000000,0.000000,0.160759,0.000000,0.144143,0.000000,0.000000,0.000000,0.000000,0.000000,0.000000,0.120652,use_computer,1,30,10575,computer,none,alarm-rings,,0.000000,1.000000,0,none,,8.054472,8.054472,completed,0,7,clear,17.000000
20,1102,3448075189,246,Day 8 08:15,none,,8.054472,8.054472,completed,0.250000,0.255546,0.196046,0.790000,0.125000,0.220000,0.393028,0.180000,0.273000,11,1,1,1,0,0,0,1,1,1,1,1,0,1,1,0,1,0.165666,0.137531,0.142417,0.000000,0.000000,0.000000,0.156065,0.000000,0.124639,0.000000,0.000000,0.000000,0.173072,0.000000,0.000000,0.100610,use_computer,1,30,10605,computer,none,,,0.000000,1.000000,0,none,,8.054472,8.054472,completed,0,7,clear,17.000000
20,1102,3448075189,247,Day 8 08:45,none,,8.054472,8.054472,completed,0.100000,0.371027,0.196046,0.780000,0.150000,0.240000,0.393028,0.260000,0.255000,11,1,1,1,0,0,0,1,1,1,1,1,0,1,1,0,1,0.110190,0.103279,0.099366,0.000000,0.000000,0.000000,0.139142,0.150105,0.098680,0.088746,0.000000,0.000000,0.133931,0.000000,0.000000,0.076562,go_to_bathroom,1,15,10620,door,none,,,0.000000,1.000000,0,none,,8.054472,8.054472,completed,0,7,clear,17.000000
20,1102,3448075189,248,Day 8 09:00,none,,8.054472,8.054472,completed,0.105000,0.377027,0.196046,0.869298,0.162500,0.000000,0.393028,0.245000,0.246000,11,1,1,1,0,0,0,1,1,1,1,1,0,1,1,0,1,0.123061,0.113392,0.110913,0.000000,0.000000,0.000000,0.153661,0.165963,0.000000,0.099723,0.000000,0.000000,0.148404,0.000000,0.000000,0.084883,use_phone,1,25,10645,phone,none,,,0.000000,1.000000,0,none,,8.054472,8.054472,completed,0,7,clear,17.000000
20,1102,3448075189,249,Day 8 09:25,none,,8.054472,8.054472,completed,0.000000,0.471161,0.196046,0.900964,0.183333,0.016667,0.393028,0.340000,0.331000,11,1,1,1,0,0,0,1,1,1,1,1,0,1,1,0,1,0.104639,0.118179,0.097778,0.000000,0.000000,0.000000,0.168259,0.190310,0.000000,0.097945,0.000000,0.000000,0.142395,0.000000,0.000000,0.080495,turn_off_alarm,1,1,10646,alarm,none,,,0.000000,1.000000,0,none,,8.054472,8.054472,completed,0,7,clear,17.000000
20,1102,3448075189,250,Day 8 09:26,none,,8.054472,8.054472,completed,0.000333,0.471561,0.196046,0.930631,0.184167,0.017333,0.373028,0.339000,0.330400,10,1,1,1,0,0,0,1,1,1,1,1,0,0,1,0,1,0.122015,0.137646,0.114011,0.000000,0.000000,0.000000,0.196492,0.221764,0.000000,0.114256,0.000000,0.000000,0.000000,0.000000,0.000000,0.093816,use_computer,1,30,10676,computer,none,,,0.000000,1.000000,0,none,,8.054472,8.054472,completed,0,7,clear,17.000000
20,1102,3448075189,251,Day 8 09:56,none,,8.054472,8.054472,completed,0.000000,0.587042,0.196046,0.920631,0.209167,0.037333,0.373028,0.419000,0.312400,10,1,1,1,0,0,0,1,1,1,1,1,0,0,1,0,1,0.109240,0.126157,0.103861,0.000000,0.000000,0.000000,0.211497,0.251824,0.000000,0.109776,0.000000,0.000000,0.000000,0.000000,0.000000,0.087644,rest_at_bed,1,60,10736,bed,none,,,0.000000,1.000000,0,none,,8.054472,8.054472,completed,0,7,clear,17.000000
20,1102,3448075189,252,Day 8 10:56,none,,8.054472,8.054472,completed,0.060000,0.299223,0.196046,0.950631,0.259167,0.077333,0.373028,0.219000,0.276400,10,1,1,1,0,0,0,1,1,1,1,1,0,0,1,0,1,0.177199,0.170378,0.159409,0.000000,0.000000,0.000000,0.207541,0.000000,0.000000,0.162203,0.000000,0.000000,0.000000,0.000000,0.000000,0.123270,use_phone,1,25,10761,phone,none,,,0.000000,1.000000,0,none,,8.054472,8.054472,completed,0,7,clear,17.000000
20,1102,3448075189,253,Day 8 11:21,none,,8.054472,8.054472,completed,0.000000,0.393357,0.196046,0.982298,0.280000,0.094000,0.373028,0.314000,0.361400,10,1,1,1,0,0,0,1,1,1,1,1,0,0,1,0,1,0.126599,0.144871,0.117002,0.000000,0.000000,0.000000,0.184802,0.201638,0.000000,0.129550,0.000000,0.000000,0.000000,0.000000,0.000000,0.095540,use_phone,1,25,10786,phone,none,,,0.000000,1.000000,0,none,,8.054472,8.054472,completed,0,7,clear,17.000000
20,1102,3448075189,254,Day 8 11:46,none,,8.054472,8.054472,completed,0.000000,0.487491,0.196046,1.000000,0.300833,0.110667,0.373028,0.409000,0.446400,10,1,1,1,0,0,0,1,1,1,1,1,0,0,1,0,1,0.112824,0.147742,0.105822,0.000000,0.000000,0.000000,0.196504,0.224529,0.000000,0.123560,0.000000,0.000000,0.000000,0.000000,0.000000,0.089020,get_meal,1,35,10821,door,none,,,0.000000,1.000000,0,none,,8.054472,8.054472,completed,0,7,clear,17.000000
20,1102,3448075189,255,Day 8 12:21,none,,8.054472,8.054472,completed,0.000000,0.501491,0.196046,1.000000,0.000000,0.134000,0.373028,0.374000,0.425400,10,1,1,1,0,0,0,1,1,1,1,1,0,0,1,0,1,0.116794,0.148097,0.109665,0.000000,0.000000,0.000000,0.199851,0.228979,0.105367,0.000000,0.000000,0.000000,0.000000,0.000000,0.000000,0.091247,shop_on_phone,0,0,10821,phone,resource_insufficient,,,0.000000,1.000000,0,none,,8.054472,8.054472,completed,0,7,clear,17.000000
20,1102,3448075189,256,Day 8 12:21,none,,8.054472,8.054472,completed,0.000000,0.501491,0.196046,0.970000,0.000000,0.134000,0.403028,0.374000,0.425400,10,1,1,1,0,0,0,1,1,1,1,1,0,0,1,0,1,0.116872,0.148197,0.109738,0.000000,0.000000,0.000000,0.199315,0.229133,0.105437,0.000000,0.000000,0.000000,0.000000,0.000000,0.000000,0.091308,rest_at_bed,1,60,10881,bed,none,,,0.000000,1.000000,0,none,,8.054472,8.054472,completed,0,7,clear,17.000000
