personality_index,scenario_seed,action_seed,step,decision_time,pre_commitment_status,pre_commitment_task_id,pre_task_effort,pre_task_effort_target,pre_task_status,pre_boredom,pre_fatigue,pre_task_pressure,pre_satisfaction,pre_hunger,pre_bathroom_urge,pre_anxiety,pre_screen_strain,pre_purchase_urge,known_action_count,known_use_phone,known_shop_on_phone,known_use_computer,known_study_at_computer,known_study_focused,known_study_halfhearted,known_rest_at_bed,known_sleep_at_bed,known_go_to_bathroom,known_get_meal,known_turn_light_on,known_turn_light_off,known_turn_off_alarm,known_open_curtain,known_close_curtain,known_idle,p_use_phone,p_shop_on_phone,p_use_computer,p_study_at_computer,p_study_focused,p_study_halfhearted,p_rest_at_bed,p_sleep_at_bed,p_go_to_bathroom,p_get_meal,p_turn_light_on,p_turn_light_off,p_turn_off_alarm,p_open_curtain,p_close_curtain,p_idle,chosen_action,accepted,elapsed_minutes,simulation_total_minutes,target_object_id,failure_reason,event_ids,outcome_task_id,outcome_task_effort_gained,outcome_task_settlement_variation,outcome_task_session_interrupted,post_commitment_status,post_commitment_task_id,post_task_effort,post_task_effort_target,post_task_status,post_wallet,post_unread_messages,post_weather,post_temperature_celsius
16,1113,3448158262,1,Day 1 08:00,none,,0.000000,8.617556,active,0.550000,0.150000,0.550000,0.450000,0.250000,0.150000,0.200000,0.050000,0.100000,13,1,1,1,1,1,1,1,1,1,1,0,1,0,0,1,1,0.122260,0.000000,0.104724,0.155060,0.162893,0.121025,0.082938,0.000000,0.083739,0.093282,0.000000,0.000000,0.000000,0.000000,0.000000,0.074080,study_focused,1,35,515,desk,none,alarm-rings,coursework,0.431764,0.900438,0,active,coursework,0.431764,8.617556,active,120,0,clear,23.000000
16,1113,3448158262,2,Day 1 08:35,active,coursework,0.431764,8.617556,active,0.611667,0.274000,0.403417,0.518333,0.279167,0.173333,0.201894,0.015000,0.079000,14,1,1,1,1,1,1,1,1,1,1,0,1,1,0,1,1,0.113298,0.000000,0.097354,0.126755,0.134135,0.114063,0.080183,0.000000,0.076666,0.085922,0.000000,0.000000,0.104481,0.000000,0.000000,0.067144,use_phone,1,25,540,phone,none,,,0.000000,1.000000,0,active,coursework,0.431764,8.617556,active,120,0,clear,23.000000
16,1113,3448158262,3,Day 1 09:00,active,coursework,0.431764,8.617556,active,0.400000,0.364986,0.500152,0.550000,0.300000,0.190000,0.241762,0.110000,0.164000,14,1,1,1,1,1,1,1,1,1,1,0,1,1,0,1,1,0.085551,0.071191,0.077660,0.132117,0.140283,0.103391,0.082448,0.000000,0.071266,0.080218,0.000000,0.000000,0.096353,0.000000,0.000000,0.059522,study_halfhearted,1,35,575,desk,none,,coursework,0.283355,0.984886,0,active,coursework,0.715119,8.617556,active,120,0,clear,23.000000
16,1113,3448158262,4,Day 1 09:35,active,coursework,0.715119,8.617556,active,0.461667,0.458986,0.421974,0.558333,0.329167,0.213333,0.221762,0.075000,0.143000,14,1,1,1,1,1,1,1,1,1,1,0,1,1,0,1,1,0.091799,0.072008,0.083275,0.117030,0.124375,0.100498,0.089966,0.000000,0.075259,0.085229,0.000000,0.000000,0.098606,0.000000,0.000000,0.061956,study_focused,1,35,610,desk,none,,coursework,0.489240,1.020302,0,active,coursework,1.204359,8.617556,active,120,0,clear,23.000000
16,1113,3448158262,5,Day 1 10:10,active,coursework,1.204359,8.617556,active,0.493333,0.582986,0.275391,0.626667,0.358333,0.236667,0.171762,0.040000,0.122000,14,1,1,1,1,1,1,1,1,1,1,0,1,1,0,1,1,0.082911,0.062709,0.075893,0.079348,0.084946,0.078047,0.087039,0.095120,0.068568,0.078125,0.000000,0.065221,0.086367,0.000000,0.000000,0.055705,sleep_at_bed,1,399,1009,bed,none,weather-rain|task-reminder|room-temperature-shift,,0.000000,1.000000,0,suspended,coursework,1.204359,8.617556,active,120,0,rain,17.000000
16,1113,3448158262,6,Day 1 16:49,suspended,coursework,1.204359,8.617556,active,0.576333,0.310287,0.502126,0.513667,0.690833,0.502667,0.335417,0.000000,0.000000,14,1,1,1,1,1,1,1,1,1,1,0,1,1,0,1,1,0.103039,0.000000,0.089537,0.118088,0.124900,0.097140,0.075234,0.000000,0.103197,0.126015,0.000000,0.000000,0.100906,0.000000,0.000000,0.061943,idle,1,10,1019,,none,,,0.000000,1.000000,0,suspended,coursework,1.204359,8.617556,active,120,0,rain,17.000000
16,1113,3448158262,7,Day 1 16:59,suspended,coursework,1.204359,8.617556,active,0.699667,0.314287,0.608861,0.460333,0.699167,0.509333,0.375285,0.000000,0.000000,14,1,1,1,1,1,1,1,1,1,1,0,1,1,0,1,1,0.103763,0.000000,0.088074,0.129664,0.136364,0.106914,0.069501,0.000000,0.096147,0.117611,0.000000,0.000000,0.094315,0.000000,0.000000,0.057648,idle,1,10,1029,,none,,,0.000000,1.000000,0,suspended,coursework,1.204359,8.617556,active,120,0,rain,17.000000
16,1113,3448158262,8,Day 1 17:09,suspended,coursework,1.204359,8.617556,active,0.823000,0.318287,0.715595,0.407000,0.707500,0.516000,0.416404,0.000000,0.000000,14,1,1,1,1,1,1,1,1,1,1,0,1,1,0,1,1,0.103918,0.000000,0.086158,0.141630,0.148102,0.117042,0.063844,0.000000,0.089086,0.109163,0.000000,0.000000,0.087700,0.000000,0.000000,0.053356,turn_off_alarm,1,1,1030,alarm,none,,,0.000000,1.000000,0,suspended,coursework,1.204359,8.617556,active,120,0,rain,17.000000
16,1113,3448158262,9,Day 1 17:10,suspended,coursework,1.204359,8.617556,active,0.823333,0.318687,0.715595,0.436667,0.708333,0.516667,0.396756,0.000000,0.000000,13,1,1,1,1,1,1,1,1,1,1,0,1,0,0,1,1,0.113540,0.000000,0.094133,0.154050,0.161601,0.131729,0.069912,0.000000,0.097389,0.119358,0.000000,0.000000,0.000000,0.000000,0.000000,0.058287,study_at_computer,1,35,1065,computer,none,message-study-group,coursework,0.850587,1.059460,0,active,coursework,2.054946,8.617556,active,120,1,rain,17.000000
16,1113,3448158262,10,Day 1 17:45,active,coursework,2.054946,8.617556,active,0.855000,0.443154,0.647190,0.505000,0.737500,0.540000,0.409080,0.045000,0.000000,13,1,1,1,1,1,1,1,1,1,1,0,1,0,0,1,1,0.109334,0.000000,0.091628,0.154950,0.163738,0.129803,0.076742,0.000000,0.097069,0.119691,0.000000,0.000000,0.000000,0.000000,0.000000,0.057043,study_at_computer,1,35,1100,computer,none,,coursework,0.746630,0.929975,0,active,coursework,2.801576,8.617556,active,120,1,rain,17.000000
16,1113,3448158262,11,Day 1 18:20,active,coursework,2.801576,8.617556,active,0.886667,0.567621,0.500607,0.573333,0.766667,0.563333,0.366312,0.090000,0.000000,13,1,1,1,1,1,1,1,1,1,1,0,1,0,0,1,1,0.099442,0.000000,0.084241,0.108708,0.115715,0.104240,0.080035,0.089130,0.091381,0.113364,0.000000,0.060750,0.000000,0.000000,0.000000,0.052993,rest_at_bed,1,60,1160,bed,none,,,0.000000,1.000000,0,suspended,coursework,2.801576,8.617556,active,120,1,rain,17.000000
16,1113,3448158262,12,Day 1 19:20,suspended,coursework,2.801576,8.617556,active,0.946667,0.355426,0.557342,0.603333,0.816667,0.603333,0.406180,0.000000,0.000000,13,1,1,1,1,1,1,1,1,1,1,0,1,0,0,1,1,0.129097,0.000000,0.104987,0.125628,0.134156,0.114644,0.075421,0.000000,0.112492,0.141015,0.000000,0.000000,0.000000,0.000000,0.000000,0.062560,rest_at_bed,1,60,1220,bed,none,evening|task-deadline,,0.000000,1.000000,0,suspended,coursework,2.801576,8.617556,active,120,1,rain,17.000000
16,1113,3448158262,13,Day 1 20:20,suspended,coursework,2.801576,8.617556,active,1.000000,0.143231,0.614076,0.633333,0.866667,0.643333,0.446984,0.000000,0.000000,13,1,1,1,1,1,1,1,1,1,1,0,1,0,0,1,1,0.136457,0.000000,0.106877,0.145074,0.155419,0.129755,0.000000,0.000000,0.116594,0.147688,0.000000,0.000000,0.000000,0.000000,0.000000,0.062137,get_meal,1,35,1255,door,none,,,0.000000,1.000000,0,suspended,coursework,2.801576,8.617556,active,120,1,rain,17.000000
16,1113,3448158262,14,Day 1 20:55,suspended,coursework,2.801576,8.617556,active,0.971667,0.157231,0.614076,0.760493,0.345833,0.666667,0.451753,0.000000,0.000000,13,1,1,1,1,1,1,1,1,1,1,0,1,0,0,1,1,0.142396,0.000000,0.112346,0.154255,0.167517,0.141128,0.000000,0.000000,0.127591,0.088718,0.000000,0.000000,0.000000,0.000000,0.000000,0.066049,use_phone,1,25,1280,phone,none,,,0.000000,1.000000,0,suspended,coursework,2.801576,8.617556,active,120,1,rain,17.000000
16,1113,3448158262,15,Day 1 21:20,suspended,coursework,2.801576,8.617556,active,0.760000,0.248217,0.710811,0.792160,0.366667,0.683333,0.495026,0.095000,0.085000,13,1,1,1,1,1,1,1,1,1,1,0,1,0,0,1,1,0.108058,0.000000,0.090066,0.161699,0.176197,0.132806,0.069893,0.000000,0.119196,0.083241,0.000000,0.000000,0.000000,0.000000,0.000000,0.058844,go_to_bathroom,1,15,1295,door,none,,,0.000000,1.000000,0,suspended,coursework,2.801576,8.617556,active,120,1,rain,17.000000
16,1113,3448158262,16,Day 1 21:35,suspended,coursework,2.801576,8.617556,active,0.765000,0.254217,0.710811,0.885986,0.379167,0.073333,0.500155,0.080000,0.076000,13,1,1,1,1,1,1,1,1,1,1,0,1,0,0,1,1,0.111285,0.000000,0.092707,0.196021,0.215750,0.166620,0.071173,0.000000,0.000000,0.086264,0.000000,0.000000,0.000000,0.000000,0.000000,0.060179,study_halfhearted,1,35,1330,desk,none,,coursework,0.310440,1.079029,0,active,coursework,3.112016,8.617556,active,120,1,rain,17.000000
16,1113,3448158262,17,Day 1 22:10,active,coursework,3.112016,8.617556,active,0.826667,0.348217,0.632634,0.894320,0.408333,0.096667,0.492123,0.045000,0.055000,13,1,1,1,1,1,1,1,1,1,1,0,1,0,0,1,1,0.124493,0.000000,0.103639,0.181488,0.199933,0.148724,0.080865,0.000000,0.000000,0.095552,0.000000,0.000000,0.000000,0.000000,0.000000,0.065305,study_at_computer,1,35,1365,computer,none,,coursework,0.723210,0.900803,0,active,coursework,3.835226,8.617556,active,120,1,rain,17.000000
16,1113,3448158262,18,Day 1 22:45,active,coursework,3.835226,8.617556,active,0.858333,0.472684,0.486050,0.962653,0.437500,0.120000,0.448272,0.090000,0.034000,13,1,1,1,1,1,1,1,1,1,1,0,1,0,0,1,1,0.125901,0.000000,0.105946,0.141542,0.157071,0.132784,0.093784,0.000000,0.000000,0.100630,0.000000,0.074884,0.000000,0.000000,0.000000,0.067458,study_at_computer,1,35,1400,computer,none,,coursework,0.854461,1.064285,0,active,coursework,4.689688,8.617556,active,120,1,rain,17.000000
16,1113,3448158262,19,Day 1 23:20,active,coursework,4.689688,8.617556,active,0.890000,0.597151,0.339467,1.000000,0.466667,0.143333,0.398272,0.135000,0.013000,13,1,1,1,1,1,1,1,1,1,1,0,1,0,0,1,1,0.110693,0.000000,0.094157,0.095842,0.106782,0.102991,0.094621,0.107338,0.064664,0.092133,0.000000,0.070199,0.000000,0.000000,0.000000,0.060579,turn_light_off,1,1,1401,light,none,,,0.000000,1.000000,0,active,coursework,4.689688,8.617556,active,120,1,rain,17.000000
16,1113,3448158262,20,Day 1 23:21,active,coursework,4.689688,8.617556,active,0.890333,0.597551,0.339467,1.000000,0.467500,0.144000,0.398272,0.134000,0.012400,10,1,1,1,0,0,0,1,1,1,1,1,0,0,0,1,1,0.158092,0.000000,0.134471,0.000000,0.000000,0.000000,0.135041,0.153203,0.092376,0.131639,0.108699,0.000000,0.000000,0.000000,0.000000,0.086479,turn_light_on,1,1,1402,light,none,,,0.000000,1.000000,0,active,coursework,4.689688,8.617556,active,120,1,rain,17.000000
16,1113,3448158262,21,Day 1 23:22,active,coursework,4.689688,8.617556,active,0.890667,0.597951,0.339467,1.000000,0.468333,0.144667,0.398272,0.133000,0.011800,13,1,1,1,1,1,1,1,1,1,1,0,1,0,0,1,1,0.110764,0.000000,0.094211,0.095787,0.106721,0.102970,0.094546,0.107270,0.064737,0.092269,0.000000,0.070161,0.000000,0.000000,0.000000,0.060562,turn_light_off,1,1,1403,light,none,,,0.000000,1.000000,0,active,coursework,4.689688,8.617556,active,120,1,rain,17.000000
16,1113,3448158262,22,Day 1 23:23,active,coursework,4.689688,8.617556,active,0.891000,0.598351,0.339467,1.000000,0.469167,0.145333,0.398272,0.132000,0.011200,10,1,1,1,0,0,0,1,1,1,1,1,0,0,0,1,1,0.158160,0.000000,0.134519,0.000000,0.000000,0.000000,0.134906,0.153073,0.092461,0.131806,0.108637,0.000000,0.000000,0.000000,0.000000,0.086436,get_meal,1,35,1438,door,none,,,0.000000,1.000000,0,suspended,coursework,4.689688,8.617556,active,120,1,rain,17.000000
16,1113,3448158262,23,Day 1 23:58,suspended,coursework,4.689688,8.617556,active,0.862667,0.612351,0.339467,1.000000,0.000000,0.168667,0.398272,0.097000,0.000000,10,1,1,1,0,0,0,1,1,1,1,1,0,0,0,1,1,0.180662,0.000000,0.154669,0.000000,0.000000,0.000000,0.154528,0.175797,0.109521,0.000000,0.125373,0.000000,0.000000,0.000000,0.000000,0.099450,use_phone,1,25,1463,phone,none,,,0.000000,1.000000,0,suspended,coursework,4.689688,8.617556,active,120,1,rain,17.000000
16,1113,3448158262,24,Day 2 00:23,suspended,coursework,4.689688,8.617556,active,0.651000,0.703337,0.436202,1.000000,0.020833,0.185333,0.438140,0.192000,0.085000,10,1,1,1,0,0,0,1,1,1,1,1,0,0,0,1,1,0.147816,0.000000,0.133690,0.000000,0.000000,0.000000,0.172169,0.205322,0.110314,0.000000,0.135161,0.000000,0.000000,0.000000,0.000000,0.095528,rest_at_bed,1,60,1523,bed,none,,,0.000000,1.000000,0,suspended,coursework,4.689688,8.617556,active,120,1,rain,17.000000
16,1113,3448158262,25,Day 2 01:23,suspended,coursework,4.689688,8.617556,active,0.711000,0.491143,0.492937,1.000000,0.070833,0.225333,0.478007,0.000000,0.049000,10,1,1,1,0,0,0,1,1,1,1,1,0,0,0,1,1,0.210935,0.000000,0.182746,0.000000,0.000000,0.000000,0.163441,0.000000,0.144467,0.000000,0.178439,0.000000,0.000000,0.000000,0.000000,0.119972,use_computer,1,30,1553,computer,none,,,0.000000,1.000000,0,suspended,coursework,4.689688,8.617556,active,120,1,rain,17.000000
16,1113,3448158262,26,Day 2 01:53,suspended,coursework,4.689688,8.617556,active,0.561000,0.603973,0.569672,0.990000,0.095833,0.245333,0.517875,0.080000,0.031000,10,1,1,1,0,0,0,1,1,1,1,1,0,0,0,1,1,0.151661,0.000000,0.137493,0.000000,0.000000,0.000000,0.154460,0.177163,0.122716,0.000000,0.158916,0.000000,0.000000,0.000000,0.000000,0.097591,use_phone,1,25,1578,phone,none,,,0.000000,1.000000,0,suspended,coursework,4.689688,8.617556,active,120,1,rain,17.000000
16,1113,3448158262,27,Day 2 02:18,suspended,coursework,4.689688,8.617556,active,0.349333,0.694959,0.666407,1.000000,0.116667,0.262000,0.558788,0.175000,0.116000,10,1,1,1,0,0,0,1,1,1,1,1,0,0,0,1,1,0.122784,0.000000,0.117596,0.000000,0.000000,0.000000,0.170267,0.204744,0.122306,0.000000,0.169545,0.000000,0.000000,0.000000,0.000000,0.092758,sleep_at_bed,1,480,2058,bed,none,alarm-rings,,0.000000,1.000000,0,suspended,coursework,4.689688,8.617556,active,120,1,rain,17.000000
16,1113,3448158262,28,Day 2 10:18,suspended,coursework,4.689688,8.617556,active,0.459333,0.416812,0.753142,0.920000,0.516667,0.582000,0.769356,0.000000,0.000000,11,1,1,1,0,0,0,1,1,1,1,1,0,1,0,1,1,0.122121,0.000000,0.110057,0.000000,0.000000,0.000000,0.101955,0.000000,0.146952,0.135564,0.157213,0.000000,0.147685,0.000000,0.000000,0.078453,go_to_bathroom,1,15,2073,door,none,,,0.000000,1.000000,0,suspended,coursework,4.689688,8.617556,active,120,1,rain,17.000000
16,1113,3448158262,29,Day 2 10:33,suspended,coursework,4.689688,8.617556,active,0.464333,0.422812,0.753142,1.000000,0.529167,0.000000,0.775835,0.000000,0.000000,11,1,1,1,0,0,0,1,1,1,1,1,0,1,0,1,1,0.142989,0.000000,0.128838,0.000000,0.000000,0.000000,0.119545,0.000000,0.000000,0.160495,0.183720,0.000000,0.172753,0.000000,0.000000,0.091659,idle,1,10,2083,,none,,,0.000000,1.000000,0,suspended,coursework,4.689688,8.617556,active,120,1,rain,17.000000
16,1113,3448158262,30,Day 2 10:43,suspended,coursework,4.689688,8.617556,active,0.587667,0.426812,0.859876,0.946667,0.537500,0.006667,0.820022,0.000000,0.000000,11,1,1,1,0,0,0,1,1,1,1,1,0,1,0,1,1,0.149248,0.000000,0.131356,0.000000,0.000000,0.000000,0.114413,0.000000,0.000000,0.155257,0.193755,0.000000,0.167555,0.000000,0.000000,0.088416,rest_at_bed,1,60,2143,bed,none,message-study-group|task-reminder,,0.000000,1.000000,0,suspended,coursework,4.689688,8.617556,active,120,2,rain,17.000000
16,1113,3448158262,31,Day 2 11:43,suspended,coursework,4.689688,8.617556,active,0.647667,0.214617,0.996611,0.976667,0.587500,0.046667,0.949422,0.000000,0.000000,11,1,1,1,0,0,0,1,1,1,1,1,0,1,0,1,1,0.169774,0.000000,0.143719,0.000000,0.000000,0.000000,0.000000,0.000000,0.000000,0.174179,0.234506,0.000000,0.184165,0.000000,0.000000,0.093656,use_phone,1,25,2168,phone,none,weather-clear,,0.000000,1.000000,0,suspended,coursework,4.689688,8.617556,active,120,2,clear,17.000000
16,1113,3448158262,32,Day 2 12:08,suspended,coursework,4.689688,8.617556,active,0.436000,0.305603,1.000000,1.000000,0.608333,0.063333,1.000000,0.095000,0.085000,11,1,1,1,0,0,0,1,1,1,1,1,0,1,0,1,1,0.130950,0.000000,0.117109,0.000000,0.000000,0.000000,0.106027,0.000000,0.000000,0.166109,0.220502,0.000000,0.173984,0.000000,0.000000,0.085318,turn_light_on,1,1,2169,light,none,,,0.000000,1.000000,0,suspended,coursework,4.689688,8.617556,active,120,2,clear,17.000000
16,1113,3448158262,33,Day 2 12:09,suspended,coursework,4.689688,8.617556,active,0.436333,0.306003,1.000000,1.000000,0.609167,0.064000,1.000000,0.094000,0.084400,14,1,1,1,1,1,1,1,1,1,1,0,1,1,0,1,1,0.066283,0.000000,0.059275,0.214147,0.238592,0.152770,0.053630,0.000000,0.000000,0.084115,0.000000,0.000000,0.088022,0.000000,0.000000,0.043166,study_halfhearted,1,35,2204,desk,none,,coursework,0.270933,0.941710,0,active,coursework,4.960620,8.617556,active,120,2,clear,17.000000
16,1113,3448158262,34,Day 2 12:44,active,coursework,4.960620,8.617556,active,0.498000,0.400003,0.921822,1.000000,0.638333,0.087333,1.000000,0.059000,0.063400,14,1,1,1,1,1,1,1,1,1,1,0,1,1,0,1,1,0.069457,0.000000,0.062071,0.220754,0.245953,0.125146,0.057027,0.000000,0.000000,0.087275,0.000000,0.000000,0.088440,0.000000,0.000000,0.043877,study_focused,1,35,2239,desk,none,,coursework,0.441563,0.920872,0,active,coursework,5.402183,8.617556,active,120,2,clear,17.000000
16,1113,3448158262,35,Day 2 13:19,active,coursework,5.402183,8.617556,active,0.529667,0.524003,0.775239,1.000000,0.667500,0.110667,0.977671,0.024000,0.042400,14,1,1,1,1,1,1,1,1,1,1,0,1,1,0,1,1,0.075224,0.000000,0.067832,0.180543,0.201152,0.116920,0.065961,0.000000,0.000000,0.095930,0.000000,0.055556,0.093578,0.000000,0.000000,0.047305,get_meal,1,35,2274,door,none,,,0.000000,1.000000,0,suspended,coursework,5.402183,8.617556,active,120,2,clear,17.000000
16,1113,3448158262,36,Day 2 13:54,suspended,coursework,5.402183,8.617556,active,0.501333,0.538003,0.775239,1.000000,0.146667,0.134000,0.994433,0.000000,0.021400,14,1,1,1,1,1,1,1,1,1,1,0,1,1,0,1,1,0.073551,0.000000,0.066776,0.178952,0.199380,0.114671,0.065169,0.000000,0.052945,0.053582,0.000000,0.055036,0.093184,0.000000,0.000000,0.046754,study_focused,1,35,2309,desk,none,,coursework,0.475717,0.992100,0,active,coursework,5.877900,8.617556,active,120,2,clear,17.000000
16,1113,3448158262,37,Day 2 14:29,active,coursework,5.877900,8.617556,active,0.533000,0.662003,0.628656,1.000000,0.175833,0.157333,0.961195,0.000000,0.000400,14,1,1,1,1,1,1,1,1,1,1,0,1,1,0,1,1,0.074013,0.000000,0.067853,0.137198,0.152859,0.100536,0.072250,0.088301,0.054351,0.055339,0.000000,0.057563,0.092374,0.000000,0.000000,0.047363,sleep_at_bed,1,480,2789,bed,none,room-temperature-shift|evening,,0.000000,1.000000,0,suspended,coursework,5.877900,8.617556,active,120,2,clear,24.000000
16,1113,3448158262,38,Day 2 22:29,suspended,coursework,5.877900,8.617556,active,0.613000,0.383856,0.715391,0.920000,0.575833,0.477333,1.000000,0.000000,0.000000,14,1,1,1,1,1,1,1,1,1,1,0,1,1,0,1,1,0.082041,0.000000,0.071456,0.172303,0.190337,0.117527,0.058242,0.000000,0.078604,0.086990,0.000000,0.000000,0.094435,0.000000,0.000000,0.048064,study_focused,1,35,2824,desk,none,,coursework,0.501306,1.045467,0,active,coursework,6.379206,8.617556,active,120,2,clear,24.000000
16,1113,3448158262,39,Day 2 23:04,active,coursework,6.379206,8.617556,active,0.644667,0.507856,0.568808,0.988333,0.605000,0.500667,0.962308,0.000000,0.000000,14,1,1,1,1,1,1,1,1,1,1,0,1,1,0,1,1,0.090293,0.000000,0.079413,0.144343,0.160620,0.112638,0.070656,0.000000,0.088253,0.098265,0.000000,0.000000,0.102266,0.000000,0.000000,0.053253,rest_at_bed,1,60,2884,bed,none,,,0.000000,1.000000,0,suspended,coursework,6.379206,8.617556,active,120,2,clear,24.000000
16,1113,3448158262,40,Day 3 00:04,suspended,coursework,6.379206,8.617556,active,0.704667,0.295661,0.625542,1.000000,0.655000,0.540667,1.000000,0.000000,0.000000,14,1,1,1,1,1,1,1,1,1,1,0,1,1,0,1,1,0.097186,0.000000,0.082214,0.142287,0.158530,0.105691,0.059636,0.000000,0.092713,0.104311,0.000000,0.000000,0.103782,0.000000,0.000000,0.053649,study_at_computer,1,35,2919,computer,none,,coursework,0.845264,1.052830,0,active,coursework,7.224470,8.617556,active,120,2,clear,24.000000
16,1113,3448158262,41,Day 3 00:39,active,coursework,7.224470,8.617556,active,0.736333,0.420128,0.478959,1.000000,0.684167,0.564000,0.955622,0.045000,0.000000,14,1,1,1,1,1,1,1,1,1,1,0,1,1,0,1,1,0.097435,0.000000,0.083318,0.130522,0.145421,0.110995,0.068569,0.000000,0.096209,0.108904,0.000000,0.000000,0.103688,0.000000,0.000000,0.054939,idle,1,10,2929,,none,,,0.000000,1.000000,0,active,coursework,7.224470,8.617556,active,120,2,clear,24.000000
16,1113,3448158262,42,Day 3 00:49,active,coursework,7.224470,8.617556,active,0.859667,0.424128,0.585694,0.946667,0.692500,0.570667,0.995489,0.035000,0.000000,14,1,1,1,1,1,1,1,1,1,1,0,1,1,0,1,1,0.098106,0.000000,0.081926,0.142837,0.158237,0.117911,0.062796,0.000000,0.089336,0.101301,0.000000,0.000000,0.096591,0.000000,0.000000,0.050958,use_phone,1,25,2954,phone,none,,,0.000000,1.000000,0,active,coursework,7.224470,8.617556,active,120,2,clear,24.000000
16,1113,3448158262,43,Day 3 01:14,active,coursework,7.224470,8.617556,active,0.648000,0.515114,0.682429,0.978333,0.713333,0.587333,1.000000,0.130000,0.085000,14,1,1,1,1,1,1,1,1,1,1,0,1,1,0,1,1,0.075058,0.000000,0.066216,0.149709,0.166413,0.107841,0.065670,0.000000,0.084141,0.095824,0.000000,0.053952,0.089405,0.000000,0.000000,0.045771,study_halfhearted,1,35,2989,desk,none,,coursework,0.281292,0.977717,0,active,coursework,7.505762,8.617556,active,120,2,clear,24.000000
16,1113,3448158262,44,Day 3 01:49,active,coursework,7.505762,8.617556,active,0.709667,0.609114,0.604251,0.986667,0.742500,0.610667,0.989855,0.095000,0.064000,14,1,1,1,1,1,1,1,1,1,1,0,1,1,0,1,1,0.074406,0.000000,0.065596,0.122773,0.136592,0.096952,0.066132,0.080033,0.082088,0.094056,0.000000,0.052607,0.084750,0.000000,0.000000,0.044014,study_halfhearted,1,35,3024,desk,none,,coursework,0.259520,0.902040,0,active,coursework,7.765282,8.617556,active,120,2,clear,24.000000
16,1113,3448158262,45,Day 3 02:24,active,coursework,7.765282,8.617556,active,0.771333,0.703114,0.526074,0.995000,0.771667,0.634000,0.973893,0.060000,0.043000,14,1,1,1,1,1,1,1,1,1,1,0,1,1,0,1,1,0.078928,0.000000,0.069535,0.107603,0.119822,0.093207,0.071307,0.089096,0.085697,0.098790,0.000000,0.054890,0.085834,0.000000,0.000000,0.045290,turn_off_alarm,1,1,3025,alarm,none,,,0.000000,1.000000,0,active,coursework,7.765282,8.617556,active,120,2,clear,24.000000
16,1113,3448158262,46,Day 3 02:25,active,coursework,7.765282,8.617556,active,0.771667,0.703514,0.526074,1.000000,0.772500,0.634667,0.953893,0.059000,0.042400,13,1,1,1,1,1,1,1,1,1,1,0,1,0,0,1,1,0.086457,0.000000,0.076165,0.117294,0.130683,0.101815,0.078221,0.097533,0.093895,0.108259,0.000000,0.060090,0.000000,0.000000,0.000000,0.049587,idle,1,10,3035,,none,,,0.000000,1.000000,0,active,coursework,7.765282,8.617556,active,120,2,clear,24.000000
16,1113,3448158262,47,Day 3 02:35,active,coursework,7.765282,8.617556,active,0.895000,0.707514,0.632808,0.946667,0.780833,0.641333,0.993760,0.049000,0.036400,13,1,1,1,1,1,1,1,1,1,1,0,1,0,0,1,1,0.087818,0.000000,0.075552,0.129490,0.143451,0.109110,0.072265,0.090559,0.087955,0.101586,0.000000,0.055817,0.000000,0.000000,0.000000,0.046399,use_phone,1,25,3060,phone,none,,,0.000000,1.000000,0,active,coursework,7.765282,8.617556,active,120,2,clear,24.000000
16,1113,3448158262,48,Day 3 03:00,active,coursework,7.765282,8.617556,active,0.683333,0.798500,0.729543,0.978333,0.801667,0.658000,1.000000,0.144000,0.121400,13,1,1,1,1,1,1,1,1,1,1,0,1,0,0,1,1,0.066370,0.047348,0.060322,0.134119,0.149083,0.098599,0.074639,0.097699,0.081832,0.094926,0.000000,0.053894,0.000000,0.000000,0.000000,0.041169,sleep_at_bed,1,480,3540,bed,none,alarm-rings,,0.000000,1.000000,0,suspended,coursework,7.765282,8.617556,active,120,2,clear,24.000000
16,1113,3448158262,49,Day 3 11:00,suspended,coursework,7.765282,8.617556,active,0.793333,0.520352,0.816278,0.898333,1.000000,0.978000,1.000000,0.000000,0.000000,14,1,1,1,1,1,1,1,1,1,1,0,1,1,0,1,1,0.078328,0.000000,0.067033,0.140163,0.154474,0.097392,0.055698,0.000000,0.117833,0.118973,0.000000,0.047433,0.080945,0.000000,0.000000,0.041729,rest_at_bed,1,60,3600,bed,none,,,0.000000,1.000000,0,suspended,coursework,7.765282,8.617556,active,120,2,clear,24.000000
16,1113,3448158262,50,Day 3 12:00,suspended,coursework,7.765282,8.617556,active,0.853333,0.308158,0.873013,0.928333,1.000000,1.000000,1.000000,0.000000,0.000000,14,1,1,1,1,1,1,1,1,1,1,0,1,1,0,1,1,0.082733,0.000000,0.068101,0.159593,0.176453,0.109394,0.046319,0.000000,0.119058,0.117293,0.000000,0.000000,0.079803,0.000000,0.000000,0.041254,study_at_computer,1,35,3635,computer,none,,coursework,0.772272,0.961914,0,active,coursework,8.537554,8.617556,active,120,2,clear,24.000000
16,1113,3448158262,51,Day 3 12:35,active,coursework,8.537554,8.617556,active,0.885000,0.432625,0.726430,0.996667,1.000000,1.000000,0.974038,0.045000,0.000000,14,1,1,1,1,1,1,1,1,1,1,0,1,1,0,1,1,0.083901,0.000000,0.069810,0.148668,0.165580,0.112784,0.053765,0.000000,0.121758,0.119953,0.000000,0.000000,0.081048,0.000000,0.000000,0.042733,go_to_bathroom,1,15,3650,door,none,,,0.000000,1.000000,0,suspended,coursework,8.537554,8.617556,active,120,2,clear,24.000000
16,1113,3448158262,52,Day 3 12:50,suspended,coursework,8.537554,8.617556,active,0.890000,0.438625,0.726430,1.000000,1.000000,0.390000,0.979666,0.030000,0.000000,14,1,1,1,1,1,1,1,1,1,1,0,1,1,0,1,1,0.096733,0.000000,0.080445,0.143313,0.159672,0.108962,0.061290,0.000000,0.070512,0.137263,0.000000,0.000000,0.092883,0.000000,0.000000,0.048926,rest_at_bed,1,60,3710,bed,none,weather-rain|message-study-group,,0.000000,1.000000,0,suspended,coursework,8.537554,8.617556,active,120,3,rain,24.000000
16,1113,3448158262,53,Day 3 13:50,suspended,coursework,8.537554,8.617556,active,0.980000,0.226430,0.863165,1.000000,1.000000,0.430000,1.000000,0.000000,0.000000,14,1,1,1,1,1,1,1,1,1,1,0,1,1,0,1,1,0.099176,0.000000,0.078817,0.174526,0.194448,0.125038,0.000000,0.000000,0.068441,0.127413,0.000000,0.000000,0.086688,0.000000,0.000000,0.045453,turn_off_alarm,1,1,3711,alarm,none,,,0.000000,1.000000,0,suspended,coursework,8.537554,8.617556,active,120,3,rain,24.000000
16,1113,3448158262,54,Day 3 13:51,suspended,coursework,8.537554,8.617556,active,0.980333,0.226830,0.863165,1.000000,1.000000,0.430667,0.980666,0.000000,0.000000,13,1,1,1,1,1,1,1,1,1,1,0,1,0,0,1,1,0.108335,0.000000,0.086094,0.189801,0.211467,0.140702,0.000000,0.000000,0.074804,0.139154,0.000000,0.000000,0.000000,0.000000,0.000000,0.049644,use_phone,1,25,3736,phone,none,room-temperature-shift,,0.000000,1.000000,0,suspended,coursework,8.537554,8.617556,active,120,3,rain,24.000000
16,1113,3448158262,55,Day 3 14:16,suspended,coursework,8.537554,8.617556,active,0.768667,0.317816,0.959900,1.000000,1.000000,0.447333,1.000000,0.095000,0.085000,13,1,1,1,1,1,1,1,1,1,1,0,1,0,0,1,1,0.082468,0.000000,0.069236,0.198563,0.221229,0.132445,0.053594,0.000000,0.070100,0.127999,0.000000,0.000000,0.000000,0.000000,0.000000,0.044366,study_at_computer,1,35,3771,computer,none,task-completed,coursework,0.735086,0.915596,0,none,,8.617556,8.617556,completed,120,3,rain,24.000000
16,1113,3448158262,56,Day 3 14:51,none,,8.617556,8.617556,completed,0.800333,0.442283,0.000000,1.000000,1.000000,0.470667,0.430505,0.140000,0.064000,10,1,1,1,0,0,0,1,1,1,1,0,1,0,0,1,1,0.159022,0.000000,0.134954,0.000000,0.000000,0.000000,0.125366,0.000000,0.139911,0.248902,0.000000,0.099782,0.000000,0.000000,0.000000,0.092064,use_phone,1,25,3796,phone,none,,,0.000000,1.000000,0,none,,8.617556,8.617556,completed,120,3,rain,24.000000
16,1113,3448158262,57,Day 3 15:16,none,,8.617556,8.617556,completed,0.588667,0.533269,0.000000,1.000000,1.000000,0.487333,0.430505,0.235000,0.149000,10,1,1,1,0,0,0,1,1,1,1,0,1,0,0,1,1,0.106200,0.082271,0.095212,0.000000,0.000000,0.000000,0.114496,0.128170,0.115026,0.200859,0.000000,0.085134,0.000000,0.000000,0.000000,0.072631,idle,1,10,3806,,none,,,0.000000,1.000000,0,none,,8.617556,8.617556,completed,120,3,rain,24.000000
16,1113,3448158262,58,Day 3 15:26,none,,8.617556,8.617556,completed,0.712000,0.537269,0.000000,0.946667,1.000000,0.494000,0.430505,0.225000,0.143000,10,1,1,1,0,0,0,1,1,1,1,0,1,0,0,1,1,0.113999,0.081040,0.099810,0.000000,0.000000,0.000000,0.112264,0.125765,0.113869,0.197365,0.000000,0.083572,0.000000,0.000000,0.000000,0.072315,rest_at_bed,1,60,3866,bed,none,,,0.000000,1.000000,0,none,,8.617556,8.617556,completed,120,3,rain,24.000000
16,1113,3448158262,59,Day 3 16:26,none,,8.617556,8.617556,completed,0.772000,0.325074,0.000000,0.976667,1.000000,0.534000,0.430505,0.025000,0.107000,10,1,1,1,0,0,0,1,1,1,1,0,1,0,0,1,1,0.164388,0.099037,0.137845,0.000000,0.000000,0.000000,0.107416,0.000000,0.150304,0.249138,0.000000,0.000000,0.000000,0.000000,0.000000,0.091872,use_computer,1,30,3896,computer,none,,,0.000000,1.000000,0,none,,8.617556,8.617556,completed,120,3,rain,24.000000
16,1113,3448158262,60,Day 3 16:56,none,,8.617556,8.617556,completed,0.622000,0.437904,0.000000,0.966667,1.000000,0.554000,0.430505,0.105000,0.089000,10,1,1,1,0,0,0,1,1,1,1,0,1,0,0,1,1,0.161118,0.000000,0.141376,0.000000,0.000000,0.000000,0.138972,0.000000,0.174042,0.282115,0.000000,0.000000,0.000000,0.000000,0.000000,0.102377,idle,1,10,3906,,none,,,0.000000,1.000000,0,none,,8.617556,8.617556,completed,120,3,rain,24.000000
16,1113,3448158262,61,Day 3 17:06,none,,8.617556,8.617556,completed,0.745333,0.441904,0.000000,0.913333,1.000000,0.560667,0.430505,0.095000,0.083000,10,1,1,1,0,0,0,1,1,1,1,0,1,0,0,1,1,0.171434,0.000000,0.146904,0.000000,0.000000,0.000000,0.135067,0.000000,0.170781,0.274776,0.000000,0.000000,0.000000,0.000000,0.000000,0.101038,get_meal,1,35,3941,door,none,,,0.000000,1.000000,0,none,,8.617556,8.617556,completed,120,3,rain,24.000000
16,1113,3448158262,62,Day 3 17:41,none,,8.617556,8.617556,completed,0.717000,0.455904,0.000000,1.000000,0.479167,0.584000,0.430505,0.060000,0.062000,10,1,1,1,0,0,0,1,1,1,1,0,1,0,0,1,1,0.192616,0.000000,0.166142,0.000000,0.000000,0.000000,0.152178,0.000000,0.198979,0.175739,0.000000,0.000000,0.000000,0.000000,0.000000,0.114346,use_computer,1,30,3971,computer,none,evening,,0.000000,1.000000,0,none,,8.617556,8.617556,completed,120,3,rain,24.000000
16,1113,3448158262,63,Day 3 18:11,none,,8.617556,8.617556,completed,0.567000,0.568735,0.000000,0.990000,0.504167,0.604000,0.430505,0.140000,0.044000,10,1,1,1,0,0,0,1,1,1,1,0,1,0,0,1,1,0.126837,0.000000,0.114483,0.000000,0.000000,0.000000,0.132279,0.148986,0.154800,0.137433,0.000000,0.099573,0.000000,0.000000,0.000000,0.085609,rest_at_bed,1,60,4031,bed,none,,,0.000000,1.000000,0,none,,8.617556,8.617556,completed,120,3,rain,24.000000
16,1113,3448158262,64,Day 3 19:11,none,,8.617556,8.617556,completed,0.627000,0.356540,0.000000,1.000000,0.554167,0.644000,0.430505,0.000000,0.008000,10,1,1,1,0,0,0,1,1,1,1,0,1,0,0,1,1,0.186540,0.000000,0.161462,0.000000,0.000000,0.000000,0.135882,0.000000,0.212446,0.190588,0.000000,0.000000,0.000000,0.000000,0.000000,0.113081,get_meal,1,35,4066,door,none,,,0.000000,1.000000,0,none,,8.617556,8.617556,completed,120,3,rain,24.000000
16,1113,3448158262,65,Day 3 19:46,none,,8.617556,8.617556,completed,0.598667,0.370540,0.000000,1.000000,0.033333,0.667333,0.430505,0.000000,0.000000,10,1,1,1,0,0,0,1,1,1,1,0,1,0,0,1,1,0.225408,0.000000,0.196536,0.000000,0.000000,0.000000,0.169656,0.000000,0.269211,0.000000,0.000000,0.000000,0.000000,0.000000,0.000000,0.139189,use_computer,1,30,4096,computer,none,,,0.000000,1.000000,0,none,,8.617556,8.617556,completed,120,3,rain,24.000000
16,1113,3448158262,66,Day 3 20:16,none,,8.617556,8.617556,completed,0.448667,0.483370,0.000000,0.990000,0.058333,0.687333,0.430505,0.080000,0.000000,10,1,1,1,0,0,0,1,1,1,1,0,1,0,0,1,1,0.172134,0.000000,0.157054,0.000000,0.000000,0.000000,0.171022,0.000000,0.242885,0.000000,0.000000,0.136055,0.000000,0.000000,0.000000,0.120850,idle,1,10,4106,,none,,,0.000000,1.000000,0,none,,8.617556,8.617556,completed,120,3,rain,24.000000
16,1113,3448158262,67,Day 3 20:26,none,,8.617556,8.617556,completed,0.572000,0.487370,0.000000,0.936667,0.066667,0.694000,0.430505,0.070000,0.000000,10,1,1,1,0,0,0,1,1,1,1,0,1,0,0,1,1,0.182688,0.000000,0.162779,0.000000,0.000000,0.000000,0.165793,0.000000,0.237726,0.000000,0.000000,0.132051,0.000000,0.000000,0.000000,0.118965,turn_light_off,1,1,4107,light,none,,,0.000000,1.000000,0,none,,8.617556,8.617556,completed,120,3,rain,24.000000
16,1113,3448158262,68,Day 3 20:27,none,,8.617556,8.617556,completed,0.572333,0.487770,0.000000,0.956333,0.067500,0.694667,0.430505,0.069000,0.000000,10,1,1,1,0,0,0,1,1,1,1,1,0,0,0,1,1,0.210511,0.000000,0.187564,0.000000,0.000000,0.000000,0.190907,0.000000,0.273998,0.000000,0.000000,0.000000,0.000000,0.000000,0.000000,0.137020,idle,1,10,4117,,none,,,0.000000,1.000000,0,none,,8.617556,8.617556,completed,120,3,rain,24.000000
16,1113,3448158262,69,Day 3 20:37,none,,8.617556,8.617556,completed,0.695667,0.491770,0.000000,0.903000,0.075833,0.701333,0.430505,0.059000,0.000000,10,1,1,1,0,0,0,1,1,1,1,1,0,0,0,1,1,0.222097,0.000000,0.193251,0.000000,0.000000,0.000000,0.183976,0.000000,0.266593,0.000000,0.000000,0.000000,0.000000,0.000000,0.000000,0.134084,go_to_bathroom,1,15,4132,door,none,,,0.000000,1.000000,0,none,,8.617556,8.617556,completed,120,3,rain,24.000000
16,1113,3448158262,70,Day 3 20:52,none,,8.617556,8.617556,completed,0.700667,0.497770,0.000000,0.996827,0.088333,0.091333,0.430505,0.044000,0.000000,10,1,1,1,0,0,0,1,1,1,1,1,0,0,0,1,1,0.304071,0.000000,0.264439,0.000000,0.000000,0.000000,0.249193,0.000000,0.000000,0.000000,0.000000,0.000000,0.000000,0.000000,0.000000,0.182297,use_phone,1,25,4157,phone,none,,,0.000000,1.000000,0,none,,8.617556,8.617556,completed,120,3,rain,24.000000
16,1113,3448158262,71,Day 3 21:17,none,,8.617556,8.617556,completed,0.489000,0.588756,0.000000,1.000000,0.109167,0.108000,0.430505,0.139000,0.085000,10,1,1,1,0,0,0,1,1,1,1,1,0,0,0,1,1,0.199213,0.000000,0.183026,0.000000,0.000000,0.000000,0.223267,0.253406,0.000000,0.000000,0.000000,0.000000,0.000000,0.000000,0.000000,0.141088,use_computer,1,30,4187,computer,none,,,0.000000,1.000000,0,none,,8.617556,8.617556,completed,120,3,rain,24.000000
16,1113,3448158262,72,Day 3 21:47,none,,8.617556,8.617556,completed,0.339000,0.701586,0.000000,0.990000,0.134167,0.128000,0.430505,0.219000,0.067000,10,1,1,1,0,0,0,1,1,1,1,1,0,0,0,1,1,0.128707,0.000000,0.123738,0.000000,0.000000,0.000000,0.190410,0.227228,0.112863,0.113415,0.000000,0.000000,0.000000,0.000000,0.000000,0.103638,idle,1,10,4197,,none,,,0.000000,1.000000,0,none,,8.617556,8.617556,completed,120,3,rain,24.000000
16,1113,3448158262,73,Day 3 21:57,none,,8.617556,8.617556,completed,0.462333,0.705586,0.000000,0.936667,0.142500,0.134667,0.430505,0.209000,0.061000,10,1,1,1,0,0,0,1,1,1,1,1,0,0,0,1,1,0.137482,0.000000,0.129079,0.000000,0.000000,0.000000,0.185784,0.221873,0.111181,0.111919,0.000000,0.000000,0.000000,0.000000,0.000000,0.102681,idle,1,10,4207,,none,,,0.000000,1.000000,0,none,,8.617556,8.617556,completed,120,3,rain,24.000000
16,1113,3448158262,74,Day 3 22:07,none,,8.617556,8.617556,completed,0.585667,0.709586,0.000000,0.883333,0.150833,0.141333,0.430505,0.199000,0.055000,10,1,1,1,0,0,0,1,1,1,1,1,0,0,0,1,1,0.146691,0.000000,0.134499,0.000000,0.000000,0.000000,0.181067,0.216402,0.109402,0.110319,0.000000,0.000000,0.000000,0.000000,0.000000,0.101620,sleep_at_bed,1,480,4687,bed,none,,,0.000000,1.000000,0,none,,8.617556,8.617556,completed,120,3,rain,24.000000
16,1113,3448158262,75,Day 4 06:07,none,,8.617556,8.617556,completed,0.665667,0.431439,0.000000,0.803333,0.550833,0.461333,0.430505,0.000000,0.000000,10,1,1,1,0,0,0,1,1,1,1,1,0,0,0,1,1,0.194576,0.000000,0.168770,0.000000,0.000000,0.000000,0.147935,0.000000,0.177623,0.194681,0.000000,0.000000,0.000000,0.000000,0.000000,0.116415,use_phone,1,25,4712,phone,none,,,0.000000,1.000000,0,none,,8.617556,8.617556,completed,120,3,rain,24.000000
16,1113,3448158262,76,Day 4 06:32,none,,8.617556,8.617556,completed,0.454000,0.522425,0.000000,0.835000,0.571667,0.478000,0.430505,0.095000,0.085000,10,1,1,1,0,0,0,1,1,1,1,1,0,0,0,1,1,0.166010,0.000000,0.152119,0.000000,0.000000,0.000000,0.172608,0.000000,0.186562,0.205368,0.000000,0.000000,0.000000,0.000000,0.000000,0.117333,rest_at_bed,1,60,4772,bed,none,alarm-rings,,0.000000,1.000000,0,none,,8.617556,8.617556,completed,120,3,rain,24.000000
16,1113,3448158262,77,Day 4 07:32,none,,8.617556,8.617556,completed,0.544000,0.310230,0.000000,0.865000,0.621667,0.518000,0.482399,0.000000,0.049000,11,1,1,1,0,0,0,1,1,1,1,1,0,1,0,1,1,0.154203,0.000000,0.134843,0.000000,0.000000,0.000000,0.113349,0.000000,0.160676,0.178724,0.000000,0.000000,0.160631,0.000000,0.000000,0.097574,idle,1,10,4782,,none,,,0.000000,1.000000,0,none,,8.617556,8.617556,completed,120,3,rain,24.000000
16,1113,3448158262,78,Day 4 07:42,none,,8.617556,8.617556,completed,0.667333,0.314230,0.000000,0.811667,0.630000,0.524667,0.482399,0.000000,0.043000,11,1,1,1,0,0,0,1,1,1,1,1,0,1,0,1,1,0.163535,0.000000,0.139683,0.000000,0.000000,0.000000,0.110745,0.000000,0.157650,0.175663,0.000000,0.000000,0.156437,0.000000,0.000000,0.096288,get_meal,1,35,4817,door,none,,,0.000000,1.000000,0,none,,8.617556,8.617556,completed,120,3,rain,24.000000
16,1113,3448158262,79,Day 4 08:17,none,,8.617556,8.617556,completed,0.639000,0.328230,0.000000,0.938827,0.109167,0.548000,0.482399,0.000000,0.022000,11,1,1,1,0,0,0,1,1,1,1,1,0,1,0,1,1,0.194242,0.000000,0.167128,0.000000,0.000000,0.000000,0.135914,0.000000,0.196369,0.000000,0.000000,0.000000,0.189848,0.000000,0.000000,0.116498,use_computer,1,30,4847,computer,none,,,0.000000,1.000000,0,none,,8.617556,8.617556,completed,120,3,rain,24.000000
16,1113,3448158262,80,Day 4 08:47,none,,8.617556,8.617556,completed,0.489000,0.441060,0.000000,0.928827,0.134167,0.568000,0.482399,0.080000,0.004000,11,1,1,1,0,0,0,1,1,1,1,1,0,1,0,1,1,0.152350,0.000000,0.137169,0.000000,0.000000,0.000000,0.140717,0.000000,0.181962,0.111880,0.000000,0.000000,0.172034,0.000000,0.000000,0.103888,get_meal,1,35,4882,door,none,,,0.000000,1.000000,0,none,,8.617556,8.617556,completed,120,3,rain,24.000000
16,1113,3448158262,81,Day 4 09:22,none,,8.617556,8.617556,completed,0.460667,0.455060,0.000000,1.000000,0.000000,0.591333,0.482399,0.045000,0.000000,11,1,1,1,0,0,0,1,1,1,1,1,0,1,0,1,1,0.169528,0.000000,0.153641,0.000000,0.000000,0.000000,0.157019,0.000000,0.209966,0.000000,0.000000,0.000000,0.193406,0.000000,0.000000,0.116440,use_phone,1,25,4907,phone,none,,,0.000000,1.000000,0,none,,8.617556,8.617556,completed,120,3,rain,24.000000
16,1113,3448158262,82,Day 4 09:47,none,,8.617556,8.617556,completed,0.249000,0.546046,0.000000,1.000000,0.020833,0.608000,0.482399,0.140000,0.085000,11,1,1,1,0,0,0,1,1,1,1,1,0,1,0,1,1,0.119606,0.000000,0.114515,0.000000,0.000000,0.000000,0.151499,0.170082,0.182365,0.000000,0.000000,0.000000,0.164885,0.000000,0.000000,0.097048,sleep_at_bed,1,480,5387,bed,none,message-study-group|weather-clear,,0.000000,1.000000,0,none,,8.617556,8.617556,completed,120,4,clear,24.000000
16,1113,3448158262,83,Day 4 17:47,none,,8.617556,8.617556,completed,0.329000,0.267899,0.000000,0.920000,0.420833,0.928000,0.482399,0.000000,0.000000,11,1,1,1,0,0,0,1,1,1,1,1,0,1,0,1,1,0.131243,0.000000,0.119021,0.000000,0.000000,0.000000,0.107695,0.000000,0.249616,0.140808,0.000000,0.000000,0.157888,0.000000,0.000000,0.093728,use_phone,1,25,5412,phone,none,,,0.000000,1.000000,0,none,,8.617556,8.617556,completed,120,4,clear,24.000000
16,1113,3448158262,84,Day 4 18:12,none,,8.617556,8.617556,completed,0.117333,0.358885,0.000000,0.951667,0.441667,0.944667,0.482399,0.095000,0.085000,11,1,1,1,0,0,0,1,1,1,1,1,0,1,0,1,1,0.110552,0.000000,0.105915,0.000000,0.000000,0.000000,0.124061,0.000000,0.258847,0.146650,0.000000,0.000000,0.160709,0.000000,0.000000,0.093267,go_to_bathroom,1,15,5427,door,none,room-temperature-shift,,0.000000,1.000000,0,none,,8.617556,8.617556,completed,120,4,clear,24.000000
16,1113,3448158262,85,Day 4 18:27,none,,8.617556,8.617556,completed,0.122333,0.364885,0.000000,1.000000,0.454167,0.334667,0.482399,0.080000,0.076000,11,1,1,1,0,0,0,1,1,1,1,1,0,1,0,1,1,0.127238,0.000000,0.121837,0.000000,0.000000,0.000000,0.141262,0.000000,0.149641,0.169844,0.000000,0.000000,0.183580,0.000000,0.000000,0.106597,go_to_bathroom,1,15,5442,door,none,evening,,0.000000,1.000000,0,none,,8.617556,8.617556,completed,120,4,clear,24.000000
16,1113,3448158262,86,Day 4 18:42,none,,8.617556,8.617556,completed,0.127333,0.370885,0.000000,1.000000,0.466667,0.000000,0.482399,0.065000,0.067000,11,1,1,1,0,0,0,1,1,1,1,1,0,1,0,1,1,0.150092,0.000000,0.143645,0.000000,0.000000,0.000000,0.164857,0.000000,0.000000,0.201606,0.000000,0.000000,0.214931,0.000000,0.000000,0.124869,idle,1,10,5452,,none,,,0.000000,1.000000,0,none,,8.617556,8.617556,completed,120,4,clear,24.000000
16,1113,3448158262,87,Day 4 18:52,none,,8.617556,8.617556,completed,0.250667,0.374885,0.000000,0.946667,0.475000,0.006667,0.482399,0.055000,0.061000,11,1,1,1,0,0,0,1,1,1,1,1,0,1,0,1,1,0.159712,0.000000,0.149271,0.000000,0.000000,0.000000,0.160236,0.000000,0.000000,0.198185,0.000000,0.000000,0.209354,0.000000,0.000000,0.123243,use_phone,1,25,5477,phone,none,,,0.000000,1.000000,0,none,,8.617556,8.617556,completed,120,4,clear,24.000000
16,1113,3448158262,88,Day 4 19:17,none,,8.617556,8.617556,completed,0.039000,0.465871,0.000000,0.978333,0.495833,0.023333,0.482399,0.150000,0.146000,11,1,1,1,0,0,0,1,1,1,1,1,0,1,0,1,1,0.134181,0.140999,0.000000,0.000000,0.000000,0.000000,0.184102,0.000000,0.000000,0.205867,0.000000,0.000000,0.212535,0.000000,0.000000,0.122316,rest_at_bed,1,60,5537,bed,none,,,0.000000,1.000000,0,none,,8.617556,8.617556,completed,120,4,clear,24.000000
16,1113,3448158262,89,Day 4 20:17,none,,8.617556,8.617556,completed,0.099000,0.253676,0.000000,1.000000,0.545833,0.063333,0.482399,0.000000,0.110000,11,1,1,1,0,0,0,1,1,1,1,1,0,1,0,1,1,0.152347,0.000000,0.144220,0.000000,0.000000,0.000000,0.144755,0.000000,0.000000,0.219693,0.000000,0.000000,0.214655,0.000000,0.000000,0.124331,idle,1,10,5547,,none,,,0.000000,1.000000,0,none,,8.617556,8.617556,completed,120,4,clear,24.000000
16,1113,3448158262,90,Day 4 20:27,none,,8.617556,8.617556,completed,0.222333,0.257676,0.000000,0.946667,0.554167,0.070000,0.482399,0.000000,0.104000,11,1,1,1,0,0,0,1,1,1,1,1,0,1,0,1,1,0.161555,0.000000,0.149387,0.000000,0.000000,0.000000,0.141420,0.000000,0.000000,0.215917,0.000000,0.000000,0.209037,0.000000,0.000000,0.122684,use_phone,1,25,5572,phone,none,,,0.000000,1.000000,0,none,,8.617556,8.617556,completed,120,4,clear,24.000000
16,1113,3448158262,91,Day 4 20:52,none,,8.617556,8.617556,completed,0.010667,0.348662,0.000000,0.978333,0.575000,0.086667,0.482399,0.095000,0.189000,11,1,1,1,0,0,0,1,1,1,1,1,0,1,0,1,1,0.119496,0.129228,0.116732,0.000000,0.000000,0.000000,0.143050,0.000000,0.000000,0.197462,0.000000,0.000000,0.186833,0.000000,0.000000,0.107199,get_meal,1,35,5607,door,none,,,0.000000,1.000000,0,none,,8.617556,8.617556,completed,120,4,clear,24.000000
16,1113,3448158262,92,Day 4 21:27,none,,8.617556,8.617556,completed,0.000000,0.362662,0.000000,1.000000,0.054167,0.110000,0.482399,0.060000,0.168000,11,1,1,1,0,0,0,1,1,1,1,1,0,1,0,1,1,0.149790,0.158132,0.146782,0.000000,0.000000,0.000000,0.177619,0.000000,0.000000,0.000000,0.000000,0.000000,0.233725,0.000000,0.000000,0.133951,use_phone,1,25,5632,phone,none,,,0.000000,1.000000,0,none,,8.617556,8.617556,completed,120,4,clear,24.000000
16,1113,3448158262,93,Day 4 21:52,none,,8.617556,8.617556,completed,0.000000,0.453648,0.000000,1.000000,0.075000,0.126667,0.482399,0.155000,0.253000,11,1,1,1,0,0,0,1,1,1,1,1,0,1,0,1,1,0.000000,0.193239,0.000000,0.000000,0.000000,0.000000,0.225326,0.000000,0.169298,0.000000,0.000000,0.000000,0.261988,0.000000,0.000000,0.150149,shop_on_phone,1,20,5652,phone,none,,,0.000000,1.000000,0,none,,8.617556,8.617556,completed,90,4,clear,24.000000
16,1113,3448158262,94,Day 4 22:12,none,,8.617556,8.617556,completed,0.006667,0.462271,0.000000,1.000000,0.091667,0.140000,0.482399,0.215000,0.000000,11,1,1,1,0,0,0,1,1,1,1,1,0,1,0,1,1,0.000000,0.000000,0.000000,0.000000,0.000000,0.000000,0.286285,0.000000,0.209976,0.000000,0.000000,0.000000,0.320135,0.000000,0.000000,0.183604,idle,1,10,5662,,none,,,0.000000,1.000000,0,none,,8.617556,8.617556,completed,90,4,clear,24.000000
16,1113,3448158262,95,Day 4 22:22,none,,8.617556,8.617556,completed,0.130000,0.466271,0.000000,0.946667,0.100000,0.146667,0.482399,0.205000,0.000000,11,1,1,1,0,0,0,1,1,1,1,1,0,1,0,1,1,0.148927,0.000000,0.144643,0.000000,0.000000,0.000000,0.201126,0.000000,0.148936,0.000000,0.000000,0.000000,0.225388,0.000000,0.000000,0.130981,rest_at_bed,1,60,5722,bed,none,,,0.000000,1.000000,0,none,,8.617556,8.617556,completed,90,4,clear,24.000000
16,1113,3448158262,96,Day 4 23:22,none,,8.617556,8.617556,completed,0.190000,0.254076,0.000000,0.976667,0.150000,0.186667,0.482399,0.005000,0.000000,11,1,1,1,0,0,0,1,1,1,1,1,0,1,0,1,1,0.148851,0.000000,0.138459,0.000000,0.000000,0.000000,0.133384,0.000000,0.136262,0.130504,0.000000,0.000000,0.197202,0.000000,0.000000,0.115338,use_computer,1,30,5752,computer,none,,,0.000000,1.000000,0,none,,8.617556,8.617556,completed,90,4,clear,24.000000
16,1113,3448158262,97,Day 4 23:52,none,,8.617556,8.617556,completed,0.040000,0.366906,0.000000,0.966667,0.175000,0.206667,0.482399,0.085000,0.000000,11,1,1,1,0,0,0,1,1,1,1,1,0,1,0,1,1,0.130030,0.000000,0.126567,0.000000,0.000000,0.000000,0.153807,0.000000,0.140628,0.135389,0.000000,0.000000,0.199026,0.000000,0.000000,0.114553,rest_at_bed,1,60,5812,bed,none,,,0.000000,1.000000,0,none,,8.617556,8.617556,completed,90,4,clear,24.000000
16,1113,3448158262,98,Day 5 00:52,none,,8.617556,8.617556,completed,0.100000,0.154712,0.000000,0.996667,0.225000,0.246667,0.482399,0.000000,0.000000,11,1,1,1,0,0,0,1,1,1,1,1,0,1,0,1,1,0.162429,0.000000,0.151794,0.000000,0.000000,0.000000,0.000000,0.000000,0.166844,0.162310,0.000000,0.000000,0.225815,0.000000,0.000000,0.130809,use_phone,1,25,5837,phone,none,,,0.000000,1.000000,0,none,,8.617556,8.617556,completed,90,4,clear,24.000000
16,1113,3448158262,99,Day 5 01:17,none,,8.617556,8.617556,completed,0.000000,0.245698,0.000000,1.000000,0.245833,0.263333,0.482399,0.095000,0.085000,11,1,1,1,0,0,0,1,1,1,1,1,0,1,0,1,1,0.145889,0.000000,0.000000,0.000000,0.000000,0.000000,0.159873,0.000000,0.170703,0.166786,0.000000,0.000000,0.226779,0.000000,0.000000,0.129970,use_phone,1,25,5862,phone,none,,,0.000000,1.000000,0,none,,8.617556,8.617556,completed,90,4,clear,24.000000
16,1113,3448158262,100,Day 5 01:42,none,,8.617556,8.617556,completed,0.000000,0.336683,0.000000,1.000000,0.266667,0.280000,0.482399,0.190000,0.170000,11,1,1,1,0,0,0,1,1,1,1,1,0,1,0,1,1,0.000000,0.148403,0.000000,0.000000,0.000000,0.000000,0.174649,0.000000,0.167866,0.164729,0.000000,0.000000,0.218899,0.000000,0.000000,0.125454,shop_on_phone,1,20,5882,phone,none,,,0.000000,1.000000,0,none,,8.617556,8.617556,completed,60,4,clear,24.000000
16,1113,3448158262,101,Day 5 02:02,none,,8.617556,8.617556,completed,0.006667,0.345306,0.000000,1.000000,0.283333,0.293333,0.482399,0.250000,0.000000,11,1,1,1,0,0,0,1,1,1,1,1,0,1,0,1,1,0.000000,0.000000,0.000000,0.000000,0.000000,0.000000,0.210128,0.000000,0.197158,0.194146,0.000000,0.000000,0.253297,0.000000,0.000000,0.145271,idle,1,10,5892,,none,,,0.000000,1.000000,0,none,,8.617556,8.617556,completed,60,4,clear,24.000000
16,1113,3448158262,102,Day 5 02:12,none,,8.617556,8.617556,completed,0.130000,0.349306,0.000000,0.946667,0.291667,0.300000,0.482399,0.240000,0.000000,11,1,1,1,0,0,0,1,1,1,1,1,0,1,0,1,1,0.125976,0.000000,0.120620,0.000000,0.000000,0.000000,0.157228,0.000000,0.148943,0.146922,0.000000,0.000000,0.189934,0.000000,0.000000,0.110377,use_phone,1,25,5917,phone,none,,,0.000000,1.000000,0,none,,8.617556,8.617556,completed,60,4,clear,24.000000
16,1113,3448158262,103,Day 5 02:37,none,,8.617556,8.617556,completed,0.000000,0.440292,0.000000,0.978333,0.312500,0.316667,0.482399,0.335000,0.085000,11,1,1,1,0,0,0,1,1,1,1,1,0,1,0,1,1,0.000000,0.000000,0.000000,0.000000,0.000000,0.000000,0.182772,0.200054,0.155860,0.154414,0.000000,0.000000,0.195091,0.000000,0.000000,0.111809,turn_off_alarm,1,1,5918,alarm,none,,,0.000000,1.000000,0,none,,8.617556,8.617556,completed,60,4,clear,24.000000
16,1113,3448158262,104,Day 5 02:38,none,,8.617556,8.617556,completed,0.000333,0.440692,0.000000,1.000000,0.313333,0.317333,0.462399,0.334000,0.084400,10,1,1,1,0,0,0,1,1,1,1,1,0,0,0,1,1,0.000000,0.000000,0.000000,0.000000,0.000000,0.000000,0.227344,0.248326,0.193640,0.191877,0.000000,0.000000,0.000000,0.000000,0.000000,0.138813,rest_at_bed,1,60,5978,bed,none,,,0.000000,1.000000,0,none,,8.617556,8.617556,completed,60,4,clear,24.000000
16,1113,3448158262,105,Day 5 03:38,none,,8.617556,8.617556,completed,0.060333,0.228497,0.000000,1.000000,0.363333,0.357333,0.462399,0.134000,0.048400,10,1,1,1,0,0,0,1,1,1,1,1,0,0,0,1,1,0.155920,0.000000,0.148663,0.000000,0.000000,0.000000,0.167075,0.000000,0.196319,0.196569,0.000000,0.000000,0.000000,0.000000,0.000000,0.135453,get_meal,1,35,6013,door,none,,,0.000000,1.000000,0,none,,8.617556,8.617556,completed,60,4,clear,24.000000
16,1113,3448158262,106,Day 5 04:13,none,,8.617556,8.617556,completed,0.032000,0.242497,0.000000,1.000000,0.000000,0.380667,0.462399,0.099000,0.027400,10,1,1,1,0,0,0,1,1,1,1,1,0,0,0,1,1,0.191756,0.000000,0.184035,0.000000,0.000000,0.000000,0.206046,0.000000,0.250369,0.000000,0.000000,0.000000,0.000000,0.000000,0.000000,0.167794,use_phone,1,25,6038,phone,none,,,0.000000,1.000000,0,none,,8.617556,8.617556,completed,60,4,clear,24.000000
16,1113,3448158262,107,Day 5 04:38,none,,8.617556,8.617556,completed,0.000000,0.333483,0.000000,1.000000,0.020833,0.397333,0.462399,0.194000,0.112400,10,1,1,1,0,0,0,1,1,1,1,1,0,0,0,1,1,0.000000,0.000000,0.000000,0.000000,0.000000,0.000000,0.355755,0.000000,0.389135,0.000000,0.000000,0.000000,0.000000,0.000000,0.000000,0.255110,go_to_bathroom,1,15,6053,door,none,,,0.000000,1.000000,0,none,,8.617556,8.617556,completed,60,4,clear,24.000000
16,1113,3448158262,108,Day 5 04:53,none,,8.617556,8.617556,completed,0.005000,0.339483,0.000000,1.000000,0.033333,0.000000,0.462399,0.179000,0.103400,10,1,1,1,0,0,0,1,1,1,1,1,0,0,0,1,1,0.311846,0.000000,0.000000,0.000000,0.000000,0.000000,0.400140,0.000000,0.000000,0.000000,0.000000,0.000000,0.000000,0.000000,0.000000,0.288014,rest_at_bed,1,60,6113,bed,none,,,0.000000,1.000000,0,none,,8.617556,8.617556,completed,60,4,clear,24.000000
16,1113,3448158262,109,Day 5 05:53,none,,8.617556,8.617556,completed,0.065000,0.127289,0.000000,1.000000,0.083333,0.040000,0.462399,0.000000,0.067400,10,1,1,1,0,0,0,1,1,1,1,1,0,0,0,1,1,0.362739,0.000000,0.340108,0.000000,0.000000,0.000000,0.000000,0.000000,0.000000,0.000000,0.000000,0.000000,0.000000,0.000000,0.000000,0.297153,idle,1,10,6123,,none,,,0.000000,1.000000,0,none,,8.617556,8.617556,completed,60,4,clear,24.000000
16,1113,3448158262,110,Day 5 06:03,none,,8.617556,8.617556,completed,0.188333,0.131289,0.000000,0.946667,0.091667,0.046667,0.462399,0.000000,0.061400,10,1,1,1,0,0,0,1,1,1,1,1,0,0,0,1,1,0.373397,0.000000,0.341974,0.000000,0.000000,0.000000,0.000000,0.000000,0.000000,0.000000,0.000000,0.000000,0.000000,0.000000,0.000000,0.284629,use_computer,1,30,6153,computer,none,,,0.000000,1.000000,0,none,,8.617556,8.617556,completed,60,4,clear,24.000000
16,1113,3448158262,111,Day 5 06:33,none,,8.617556,8.617556,completed,0.038333,0.244119,0.000000,0.936667,0.116667,0.066667,0.462399,0.080000,0.043400,10,1,1,1,0,0,0,1,1,1,1,1,0,0,0,1,1,0.257787,0.000000,0.247053,0.000000,0.000000,0.000000,0.271745,0.000000,0.000000,0.000000,0.000000,0.000000,0.000000,0.000000,0.000000,0.223415,use_computer,1,30,6183,computer,none,,,0.000000,1.000000,0,none,,8.617556,8.617556,completed,60,4,clear,24.000000
16,1113,3448158262,112,Day 5 07:03,none,,8.617556,8.617556,completed,0.000000,0.356949,0.000000,0.926667,0.141667,0.086667,0.462399,0.160000,0.025400,10,1,1,1,0,0,0,1,1,1,1,1,0,0,0,1,1,0.234407,0.000000,0.000000,0.000000,0.000000,0.000000,0.301821,0.000000,0.000000,0.247476,0.000000,0.000000,0.000000,0.000000,0.000000,0.216296,get_meal,1,35,6218,door,none,,,0.000000,1.000000,0,none,,8.617556,8.617556,completed,60,4,clear,24.000000
16,1113,3448158262,113,Day 5 07:38,none,,8.617556,8.617556,completed,0.000000,0.370949,0.000000,1.000000,0.000000,0.110000,0.462399,0.125000,0.004400,10,1,1,1,0,0,0,1,1,1,1,1,0,0,0,1,1,0.314459,0.000000,0.000000,0.000000,0.000000,0.000000,0.398103,0.000000,0.000000,0.000000,0.000000,0.000000,0.000000,0.000000,0.000000,0.287438,rest_at_bed,1,60,6278,bed,none,,,0.000000,1.000000,0,none,,8.617556,8.617556,completed,60,4,clear,24.000000
16,1113,3448158262,114,Day 5 08:38,none,,8.617556,8.617556,completed,0.060000,0.158754,0.000000,1.000000,0.050000,0.150000,0.462399,0.000000,0.000000,10,1,1,1,0,0,0,1,1,1,1,1,0,0,0,1,1,0.269119,0.000000,0.253596,0.000000,0.000000,0.000000,0.000000,0.000000,0.255281,0.000000,0.000000,0.000000,0.000000,0.000000,0.000000,0.222004,go_to_bathroom,1,15,6293,door,none,,,0.000000,1.000000,0,none,,8.617556,8.617556,completed,60,4,clear,24.000000
16,1113,3448158262,115,Day 5 08:53,none,,8.617556,8.617556,completed,0.065000,0.164754,0.000000,1.000000,0.062500,0.000000,0.462399,0.000000,0.000000,10,1,1,1,0,0,0,1,1,1,1,1,0,0,0,1,1,0.361628,0.000000,0.340701,0.000000,0.000000,0.000000,0.000000,0.000000,0.000000,0.000000,0.000000,0.000000,0.000000,0.000000,0.000000,0.297671,use_computer,1,30,6323,computer,none,alarm-rings,,0.000000,1.000000,0,none,,8.617556,8.617556,completed,60,4,clear,24.000000
16,1113,3448158262,116,Day 5 09:23,none,,8.617556,8.617556,completed,0.000000,0.277585,0.000000,0.990000,0.087500,0.020000,0.514293,0.080000,0.000000,11,1,1,1,0,0,0,1,1,1,1,1,0,1,0,1,1,0.218936,0.000000,0.000000,0.000000,0.000000,0.000000,0.243164,0.000000,0.000000,0.000000,0.000000,0.000000,0.342995,0.000000,0.000000,0.194906,rest_at_bed,1,60,6383,bed,none,,,0.000000,1.000000,0,none,,8.617556,8.617556,completed,60,4,clear,24.000000
16,1113,3448158262,117,Day 5 10:23,none,,8.617556,8.617556,completed,0.060000,0.065390,0.000000,1.000000,0.137500,0.060000,0.514293,0.000000,0.000000,11,1,1,1,0,0,0,1,1,1,1,1,0,1,0,1,1,0.196315,0.000000,0.182789,0.000000,0.000000,0.000000,0.000000,0.000000,0.000000,0.181081,0.000000,0.000000,0.279797,0.000000,0.000000,0.160018,use_phone,1,25,6408,phone,none,weather-rain,,0.000000,1.000000,0,none,,8.617556,8.617556,completed,60,4,rain,24.000000
16,1113,3448158262,118,Day 5 10:48,none,,8.617556,8.617556,completed,0.000000,0.156376,0.000000,1.000000,0.158333,0.076667,0.514293,0.095000,0.085000,11,1,1,1,0,0,0,1,1,1,1,1,0,1,0,1,1,0.183081,0.000000,0.000000,0.000000,0.000000,0.000000,0.184005,0.000000,0.000000,0.187908,0.000000,0.000000,0.283760,0.000000,0.000000,0.161246,idle,1,10,6418,,none,,,0.000000,1.000000,0,none,,8.617556,8.617556,completed,60,4,rain,24.000000
16,1113,3448158262,119,Day 5 10:58,none,,8.617556,8.617556,completed,0.123333,0.160376,0.000000,0.946667,0.166667,0.083333,0.514293,0.085000,0.079000,11,1,1,1,0,0,0,1,1,1,1,1,0,1,0,1,1,0.165713,0.000000,0.154555,0.000000,0.000000,0.000000,0.152130,0.000000,0.000000,0.157125,0.000000,0.000000,0.235106,0.000000,0.000000,0.135372,use_phone,1,25,6443,phone,none,,,0.000000,1.000000,0,none,,8.617556,8.617556,completed,60,4,rain,24.000000
16,1113,3448158262,120,Day 5 11:23,none,,8.617556,8.617556,completed,0.000000,0.251362,0.000000,0.978333,0.187500,0.100000,0.514293,0.180000,0.164000,11,1,1,1,0,0,0,1,1,1,1,1,0,1,0,1,1,0.145162,0.156365,0.000000,0.000000,0.000000,0.000000,0.171392,0.000000,0.000000,0.160045,0.000000,0.000000,0.234042,0.000000,0.000000,0.132994,turn_off_alarm,1,1,6444,alarm,none,,,0.000000,1.000000,0,none,,8.617556,8.617556,completed,60,4,rain,24.000000
16,1113,3448158262,121,Day 5 11:24,none,,8.617556,8.617556,completed,0.000333,0.251762,0.000000,1.000000,0.188333,0.100667,0.494293,0.179000,0.163400,10,1,1,1,0,0,0,1,1,1,1,1,0,0,0,1,1,0.189497,0.203901,0.000000,0.000000,0.000000,0.000000,0.224058,0.000000,0.000000,0.209013,0.000000,0.000000,0.000000,0.000000,0.000000,0.173532,idle,1,10,6454,,none,,,0.000000,1.000000,0,none,,8.617556,8.617556,completed,60,4,rain,24.000000
16,1113,3448158262,122,Day 5 11:34,none,,8.617556,8.617556,completed,0.123667,0.255762,0.000000,0.946667,0.196667,0.107333,0.494293,0.169000,0.157400,10,1,1,1,0,0,0,1,1,1,1,1,0,0,0,1,1,0.170023,0.167881,0.160806,0.000000,0.000000,0.000000,0.183628,0.000000,0.000000,0.173248,0.000000,0.000000,0.000000,0.000000,0.000000,0.144415,idle,1,10,6464,,none,,,0.000000,1.000000,0,none,,8.617556,8.617556,completed,60,4,rain,24.000000
16,1113,3448158262,123,Day 5 11:44,none,,8.617556,8.617556,completed,0.247000,0.259762,0.000000,0.893333,0.205000,0.114000,0.494293,0.159000,0.151400,10,1,1,1,0,0,0,1,1,1,1,1,0,0,0,1,1,0.180329,0.163394,0.166558,0.000000,0.000000,0.000000,0.177897,0.000000,0.000000,0.169752,0.000000,0.000000,0.000000,0.000000,0.000000,0.142069,rest_at_bed,1,60,6524,bed,none,message-study-group,,0.000000,1.000000,0,none,,8.617556,8.617556,completed,60,5,rain,24.000000
16,1113,3448158262,124,Day 5 12:44,none,,8.617556,8.617556,completed,0.307000,0.047567,0.000000,0.923333,0.255000,0.154000,0.494293,0.000000,0.115400,10,1,1,1,0,0,0,1,1,1,1,1,0,0,0,1,1,0.234629,0.000000,0.207735,0.000000,0.000000,0.000000,0.000000,0.000000,0.185628,0.206996,0.000000,0.000000,0.000000,0.000000,0.000000,0.165012,get_meal,1,35,6559,door,none,,,0.000000,1.000000,0,none,,8.617556,8.617556,completed,60,5,rain,24.000000
16,1113,3448158262,125,Day 5 13:19,none,,8.617556,8.617556,completed,0.278667,0.061567,0.000000,1.000000,0.000000,0.177333,0.494293,0.000000,0.094400,10,1,1,1,0,0,0,1,1,1,1,1,0,0,0,1,1,0.290872,0.000000,0.259420,0.000000,0.000000,0.000000,0.000000,0.000000,0.241329,0.000000,0.000000,0.000000,0.000000,0.000000,0.000000,0.208378,use_phone,1,25,6584,phone,none,,,0.000000,1.000000,0,none,,8.617556,8.617556,completed,60,5,rain,24.000000
16,1113,3448158262,126,Day 5 13:44,none,,8.617556,8.617556,completed,0.067000,0.152553,0.000000,1.000000,0.020833,0.194000,0.494293,0.095000,0.179400,10,1,1,1,0,0,0,1,1,1,1,1,0,0,0,1,1,0.173130,0.174545,0.163124,0.000000,0.000000,0.000000,0.165851,0.000000,0.176831,0.000000,0.000000,0.000000,0.000000,0.000000,0.000000,0.146518,use_computer,1,30,6614,computer,none,,,0.000000,1.000000,0,none,,8.617556,8.617556,completed,60,5,rain,24.000000
16,1113,3448158262,127,Day 5 14:14,none,,8.617556,8.617556,completed,0.000000,0.265383,0.000000,0.990000,0.045833,0.214000,0.494293,0.175000,0.161400,10,1,1,1,0,0,0,1,1,1,1,1,0,0,0,1,1,0.187843,0.201847,0.000000,0.000000,0.000000,0.000000,0.224218,0.000000,0.213962,0.000000,0.000000,0.000000,0.000000,0.000000,0.000000,0.172131,use_phone,1,25,6639,phone,none,,,0.000000,1.000000,0,none,,8.617556,8.617556,completed,60,5,rain,24.000000
16,1113,3448158262,128,Day 5 14:39,none,,8.617556,8.617556,completed,0.000000,0.356369,0.000000,1.000000,0.066667,0.230667,0.494293,0.270000,0.246400,10,1,1,1,0,0,0,1,1,1,1,1,0,0,0,1,1,0.000000,0.254711,0.000000,0.000000,0.000000,0.000000,0.293728,0.000000,0.252316,0.000000,0.000000,0.000000,0.000000,0.000000,0.000000,0.199244,shop_on_phone,1,20,6659,phone,none,,,0.000000,1.000000,0,none,,8.617556,8.617556,completed,30,5,rain,24.000000
16,1113,3448158262,129,Day 5 14:59,none,,8.617556,8.617556,completed,0.006667,0.364992,0.000000,1.000000,0.083333,0.244000,0.494293,0.330000,0.000000,10,1,1,1,0,0,0,1,1,1,1,1,0,0,0,1,1,0.000000,0.000000,0.000000,0.000000,0.000000,0.000000,0.401380,0.000000,0.336577,0.000000,0.000000,0.000000,0.000000,0.000000,0.000000,0.262042,go_to_bathroom,1,15,6674,door,none,,,0.000000,1.000000,0,none,,8.617556,8.617556,completed,30,5,rain,24.000000
16,1113,3448158262,130,Day 5 15:14,none,,8.617556,8.617556,completed,0.011667,0.370992,0.000000,1.000000,0.095833,0.000000,0.494293,0.315000,0.000000,10,1,1,1,0,0,0,1,1,1,1,1,0,0,0,1,1,0.000000,0.000000,0.000000,0.000000,0.000000,0.000000,0.604120,0.000000,0.000000,0.000000,0.000000,0.000000,0.000000,0.000000,0.000000,0.395880,rest_at_bed,1,60,6734,bed,none,,,0.000000,1.000000,0,none,,8.617556,8.617556,completed,30,5,rain,24.000000
16,1113,3448158262,131,Day 5 16:14,none,,8.617556,8.617556,completed,0.071667,0.158797,0.000000,1.000000,0.145833,0.040000,0.494293,0.115000,0.000000,10,1,1,1,0,0,0,1,1,1,1,1,0,0,0,1,1,0.211005,0.000000,0.198873,0.000000,0.000000,0.000000,0.206150,0.000000,0.000000,0.204599,0.000000,0.000000,0.000000,0.000000,0.000000,0.179372,use_phone,1,25,6759,phone,none,,,0.000000,1.000000,0,none,,8.617556,8.617556,completed,30,5,rain,24.000000
16,1113,3448158262,132,Day 5 16:39,none,,8.617556,8.617556,completed,0.000000,0.249783,0.000000,1.000000,0.166667,0.056667,0.494293,0.210000,0.085000,10,1,1,1,0,0,0,1,1,1,1,1,0,0,0,1,1,0.236699,0.000000,0.000000,0.000000,0.000000,0.000000,0.286928,0.000000,0.000000,0.257462,0.000000,0.000000,0.000000,0.000000,0.000000,0.218911,use_phone,1,25,6784,phone,none,,,0.000000,1.000000,0,none,,8.617556,8.617556,completed,30,5,rain,24.000000
16,1113,3448158262,133,Day 5 17:04,none,,8.617556,8.617556,completed,0.000000,0.340769,0.000000,1.000000,0.187500,0.073333,0.494293,0.305000,0.170000,10,1,1,1,0,0,0,1,1,1,1,1,0,0,0,1,1,0.000000,0.242915,0.000000,0.000000,0.000000,0.000000,0.304614,0.000000,0.000000,0.247120,0.000000,0.000000,0.000000,0.000000,0.000000,0.205351,idle,1,10,6794,,none,,,0.000000,1.000000,0,none,,8.617556,8.617556,completed,30,5,rain,24.000000
16,1113,3448158262,134,Day 5 17:14,none,,8.617556,8.617556,completed,0.123333,0.344769,0.000000,0.946667,0.195833,0.080000,0.494293,0.295000,0.164000,10,1,1,1,0,0,0,1,1,1,1,1,0,0,0,1,1,0.187919,0.196780,0.000000,0.000000,0.000000,0.000000,0.245625,0.000000,0.000000,0.201533,0.000000,0.000000,0.000000,0.000000,0.000000,0.168142,use_phone,1,25,6819,phone,none,,,0.000000,1.000000,0,none,,8.617556,8.617556,completed,30,5,rain,24.000000
16,1113,3448158262,135,Day 5 17:39,none,,8.617556,8.617556,completed,0.000000,0.435755,0.000000,0.978333,0.216667,0.096667,0.494293,0.390000,0.249000,10,1,1,1,0,0,0,1,1,1,1,1,0,0,0,1,1,0.000000,0.182056,0.000000,0.000000,0.000000,0.000000,0.237940,0.261462,0.000000,0.176507,0.000000,0.000000,0.000000,0.000000,0.000000,0.142035,shop_on_phone,1,20,6839,phone,none,,,0.000000,1.000000,0,none,,8.617556,8.617556,completed,0,5,rain,24.000000
16,1113,3448158262,136,Day 5 17:59,none,,8.617556,8.617556,completed,0.006667,0.444378,0.000000,1.000000,0.233333,0.110000,0.494293,0.450000,0.000000,10,1,1,1,0,0,0,1,1,1,1,1,0,0,0,1,1,0.000000,0.000000,0.000000,0.000000,0.000000,0.000000,0.293339,0.324976,0.000000,0.213158,0.000000,0.000000,0.000000,0.000000,0.000000,0.168528,rest_at_bed,1,60,6899,bed,none,room-temperature-shift,,0.000000,1.000000,0,none,,8.617556,8.617556,completed,0,5,rain,17.000000
16,1113,3448158262,137,Day 5 18:59,none,,8.617556,8.617556,completed,0.066667,0.260858,0.000000,0.970000,0.283333,0.150000,0.494293,0.250000,0.000000,10,1,1,1,0,0,0,1,1,1,1,1,0,0,0,1,1,0.187041,0.000000,0.000000,0.000000,0.000000,0.000000,0.226321,0.000000,0.193874,0.224043,0.000000,0.000000,0.000000,0.000000,0.000000,0.168721,use_phone,1,25,6924,phone,none,,,0.000000,1.000000,0,none,,8.617556,8.617556,completed,0,5,rain,17.000000
16,1113,3448158262,138,Day 5 19:24,none,,8.617556,8.617556,completed,0.000000,0.351844,0.000000,1.000000,0.304167,0.166667,0.494293,0.345000,0.085000,10,1,1,1,0,0,0,1,1,1,1,1,0,0,0,1,1,0.000000,0.000000,0.000000,0.000000,0.000000,0.000000,0.301189,0.000000,0.232256,0.269566,0.000000,0.000000,0.000000,0.000000,0.000000,0.196989,go_to_bathroom,1,15,6939,door,none,evening,,0.000000,1.000000,0,none,,8.617556,8.617556,completed,0,5,rain,17.000000
16,1113,3448158262,139,Day 5 19:39,none,,8.617556,8.617556,completed,0.005000,0.357844,0.000000,1.000000,0.316667,0.000000,0.494293,0.330000,0.076000,10,1,1,1,0,0,0,1,1,1,1,1,0,0,0,1,1,0.000000,0.000000,0.000000,0.000000,0.000000,0.000000,0.389587,0.000000,0.000000,0.354653,0.000000,0.000000,0.000000,0.000000,0.000000,0.255760,rest_at_bed,1,60,6999,bed,none,,,0.000000,1.000000,0,none,,8.617556,8.617556,completed,0,5,rain,17.000000
16,1113,3448158262,140,Day 5 20:39,none,,8.617556,8.617556,completed,0.065000,0.145649,0.000000,1.000000,0.366667,0.040000,0.494293,0.130000,0.040000,10,1,1,1,0,0,0,1,1,1,1,1,0,0,0,1,1,0.198928,0.000000,0.187477,0.000000,0.000000,0.000000,0.195370,0.000000,0.000000,0.247925,0.000000,0.000000,0.000000,0.000000,0.000000,0.170300,get_meal,1,35,7034,door,none,,,0.000000,1.000000,0,none,,8.617556,8.617556,completed,0,5,rain,17.000000
16,1113,3448158262,141,Day 5 21:14,none,,8.617556,8.617556,completed,0.036667,0.159649,0.000000,1.000000,0.000000,0.063333,0.494293,0.095000,0.019000,10,1,1,1,0,0,0,1,1,1,1,1,0,0,0,1,1,0.263449,0.000000,0.249920,0.000000,0.000000,0.000000,0.259457,0.000000,0.000000,0.000000,0.000000,0.000000,0.000000,0.000000,0.000000,0.227174,use_computer,1,30,7064,computer,none,,,0.000000,1.000000,0,none,,8.617556,8.617556,completed,0,5,rain,17.000000
16,1113,3448158262,142,Day 5 21:44,none,,8.617556,8.617556,completed,0.000000,0.272479,0.000000,0.990000,0.025000,0.083333,0.494293,0.175000,0.001000,10,1,1,1,0,0,0,1,1,1,1,1,0,0,0,1,1,0.320642,0.000000,0.000000,0.000000,0.000000,0.000000,0.385268,0.000000,0.000000,0.000000,0.000000,0.000000,0.000000,0.000000,0.000000,0.294090,rest_at_bed,1,60,7124,bed,none,,,0.000000,1.000000,0,none,,8.617556,8.617556,completed,0,5,rain,17.000000
16,1113,3448158262,143,Day 5 22:44,none,,8.617556,8.617556,completed,0.060000,0.060284,0.000000,1.000000,0.075000,0.123333,0.494293,0.000000,0.000000,10,1,1,1,0,0,0,1,1,1,1,1,0,0,0,1,1,0.364291,0.000000,0.338969,0.000000,0.000000,0.000000,0.000000,0.000000,0.000000,0.000000,0.000000,0.000000,0.000000,0.000000,0.000000,0.296741,use_phone,1,25,7149,phone,none,,,0.000000,1.000000,0,none,,8.617556,8.617556,completed,0,5,rain,17.000000
16,1113,3448158262,144,Day 5 23:09,none,,8.617556,8.617556,completed,0.000000,0.151270,0.000000,1.000000,0.095833,0.140000,0.494293,0.095000,0.085000,10,1,1,1,0,0,0,1,1,1,1,1,0,0,0,1,1,0.257078,0.000000,0.000000,0.000000,0.000000,0.000000,0.257701,0.000000,0.258952,0.000000,0.000000,0.000000,0.000000,0.000000,0.000000,0.226269,rest_at_bed,1,60,7209,bed,none,,,0.000000,1.000000,0,none,,8.617556,8.617556,completed,0,5,rain,17.000000
16,1113,3448158262,145,Day 6 00:09,none,,8.617556,8.617556,completed,0.060000,0.000000,0.000000,1.000000,0.145833,0.180000,0.494293,0.000000,0.049000,10,1,1,1,0,0,0,1,1,1,1,1,0,0,0,1,1,0.216645,0.000000,0.200032,0.000000,0.000000,0.000000,0.000000,0.000000,0.208220,0.199991,0.000000,0.000000,0.000000,0.000000,0.000000,0.175113,use_computer,1,30,7239,computer,none,,,0.000000,1.000000,0,none,,8.617556,8.617556,completed,0,5,rain,17.000000
16,1113,3448158262,146,Day 6 00:39,none,,8.617556,8.617556,completed,0.000000,0.112830,0.000000,0.990000,0.170833,0.200000,0.494293,0.080000,0.031000,10,1,1,1,0,0,0,1,1,1,1,1,0,0,0,1,1,0.252011,0.000000,0.000000,0.000000,0.000000,0.000000,0.000000,0.000000,0.268803,0.259528,0.000000,0.000000,0.000000,0.000000,0.000000,0.219658,idle,1,10,7249,,none,,,0.000000,1.000000,0,none,,8.617556,8.617556,completed,0,5,rain,17.000000
16,1113,3448158262,147,Day 6 00:49,none,,8.617556,8.617556,completed,0.123333,0.116830,0.000000,0.936667,0.179167,0.206667,0.494293,0.070000,0.025000,10,1,1,1,0,0,0,1,1,1,1,1,0,0,0,1,1,0.214102,0.000000,0.198509,0.000000,0.000000,0.000000,0.000000,0.000000,0.210606,0.203692,0.000000,0.000000,0.000000,0.000000,0.000000,0.173092,get_meal,1,35,7284,door,none,,,0.000000,1.000000,0,none,,8.617556,8.617556,completed,0,5,rain,17.000000
16,1113,3448158262,148,Day 6 01:24,none,,8.617556,8.617556,completed,0.095000,0.130830,0.000000,1.000000,0.000000,0.230000,0.494293,0.035000,0.004000,10,1,1,1,0,0,0,1,1,1,1,1,0,0,0,1,1,0.265418,0.000000,0.247708,0.000000,0.000000,0.000000,0.000000,0.000000,0.270739,0.000000,0.000000,0.000000,0.000000,0.000000,0.000000,0.216136,idle,1,10,7294,,none,,,0.000000,1.000000,0,none,,8.617556,8.617556,completed,0,5,rain,17.000000
16,1113,3448158262,149,Day 6 01:34,none,,8.617556,8.617556,completed,0.218333,0.134830,0.000000,0.946667,0.008333,0.236667,0.494293,0.025000,0.000000,10,1,1,1,0,0,0,1,1,1,1,1,0,0,0,1,1,0.277205,0.000000,0.252649,0.000000,0.000000,0.000000,0.000000,0.000000,0.260769,0.000000,0.000000,0.000000,0.000000,0.000000,0.000000,0.209376,use_computer,1,30,7324,computer,none,,,0.000000,1.000000,0,none,,8.617556,8.617556,completed,0,5,rain,17.000000
16,1113,3448158262,150,Day 6 02:04,none,,8.617556,8.617556,completed,0.068333,0.247661,0.000000,0.936667,0.033333,0.256667,0.494293,0.105000,0.000000,10,1,1,1,0,0,0,1,1,1,1,1,0,0,0,1,1,0.200866,0.000000,0.191571,0.000000,0.000000,0.000000,0.211831,0.000000,0.223238,0.000000,0.000000,0.000000,0.000000,0.000000,0.000000,0.172495,rest_at_bed,1,60,7384,bed,none,,,0.000000,1.000000,0,none,,8.617556,8.617556,completed,0,5,rain,17.000000
16,1113,3448158262,151,Day 6 03:04,none,,8.617556,8.617556,completed,0.128333,0.035466,0.000000,0.966667,0.083333,0.296667,0.494293,0.000000,0.000000,10,1,1,1,0,0,0,1,1,1,1,1,0,0,0,1,1,0.267088,0.000000,0.244460,0.000000,0.000000,0.000000,0.000000,0.000000,0.280123,0.000000,0.000000,0.000000,0.000000,0.000000,0.000000,0.208328,use_phone,1,25,7409,phone,none,,,0.000000,1.000000,0,none,,8.617556,8.617556,completed,0,5,rain,17.000000
16,1113,3448158262,152,Day 6 03:29,none,,8.617556,8.617556,completed,0.000000,0.126452,0.000000,0.998333,0.104167,0.313333,0.494293,0.095000,0.085000,10,1,1,1,0,0,0,1,1,1,1,1,0,0,0,1,1,0.323015,0.000000,0.000000,0.000000,0.000000,0.000000,0.000000,0.000000,0.393586,0.000000,0.000000,0.000000,0.000000,0.000000,0.000000,0.283399,go_to_bathroom,1,15,7424,door,none,,,0.000000,1.000000,0,none,,8.617556,8.617556,completed,0,5,rain,17.000000
16,1113,3448158262,153,Day 6 03:44,none,,8.617556,8.617556,completed,0.005000,0.132452,0.000000,1.000000,0.116667,0.000000,0.494293,0.080000,0.076000,10,1,1,1,0,0,0,1,1,1,1,1,0,0,0,1,1,0.354342,0.000000,0.336936,0.000000,0.000000,0.000000,0.000000,0.000000,0.000000,0.000000,0.000000,0.000000,0.000000,0.000000,0.000000,0.308722,use_phone,1,25,7449,phone,none,,,0.000000,1.000000,0,none,,8.617556,8.617556,completed,0,5,rain,17.000000
16,1113,3448158262,154,Day 6 04:09,none,,8.617556,8.617556,completed,0.000000,0.223438,0.000000,1.000000,0.137500,0.016667,0.494293,0.175000,0.161000,10,1,1,1,0,0,0,1,1,1,1,1,0,0,0,1,1,0.193581,0.206812,0.000000,0.000000,0.000000,0.000000,0.222224,0.000000,0.000000,0.200947,0.000000,0.000000,0.000000,0.000000,0.000000,0.176437,idle,1,10,7459,,none,,,0.000000,1.000000,0,none,,8.617556,8.617556,completed,0,5,rain,17.000000
16,1113,3448158262,155,Day 6 04:19,none,,8.617556,8.617556,completed,0.123333,0.227438,0.000000,0.946667,0.145833,0.023333,0.494293,0.165000,0.155000,10,1,1,1,0,0,0,1,1,1,1,1,0,0,0,1,1,0.173141,0.169742,0.163157,0.000000,0.000000,0.000000,0.181552,0.000000,0.000000,0.166037,0.000000,0.000000,0.000000,0.000000,0.000000,0.146371,rest_at_bed,1,60,7519,bed,none,,,0.000000,1.000000,0,none,,8.617556,8.617556,completed,0,5,rain,17.000000
16,1113,3448158262,156,Day 6 05:19,none,,8.617556,8.617556,completed,0.183333,0.015243,0.000000,0.976667,0.195833,0.063333,0.494293,0.000000,0.119000,10,1,1,1,0,0,0,1,1,1,1,1,0,0,0,1,1,0.281419,0.000000,0.254174,0.000000,0.000000,0.000000,0.000000,0.000000,0.000000,0.252439,0.000000,0.000000,0.000000,0.000000,0.000000,0.211969,use_phone,1,25,7544,phone,none,,,0.000000,1.000000,0,none,,8.617556,8.617556,completed,0,5,rain,17.000000
16,1113,3448158262,157,Day 6 05:44,none,,8.617556,8.617556,completed,0.000000,0.106229,0.000000,1.000000,0.216667,0.080000,0.494293,0.095000,0.204000,10,1,1,1,0,0,0,1,1,1,1,1,0,0,0,1,1,0.247888,0.265620,0.000000,0.000000,0.000000,0.000000,0.000000,0.000000,0.000000,0.269569,0.000000,0.000000,0.000000,0.000000,0.000000,0.216923,idle,1,10,7554,,none,,,0.000000,1.000000,0,none,,8.617556,8.617556,completed,0,5,rain,17.000000
16,1113,3448158262,158,Day 6 05:54,none,,8.617556,8.617556,completed,0.123333,0.110229,0.000000,0.946667,0.225000,0.086667,0.494293,0.085000,0.198000,10,1,1,1,0,0,0,1,1,1,1,1,0,0,0,1,1,0.211584,0.208049,0.196071,0.000000,0.000000,0.000000,0.000000,0.000000,0.000000,0.212561,0.000000,0.000000,0.000000,0.000000,0.000000,0.171736,get_meal,1,35,7589,door,none,,,0.000000,1.000000,0,none,,8.617556,8.617556,completed,0,5,rain,17.000000
16,1113,3448158262,159,Day 6 06:29,none,,8.617556,8.617556,completed,0.095000,0.124229,0.000000,1.000000,0.000000,0.110000,0.494293,0.050000,0.177000,10,1,1,1,0,0,0,1,1,1,1,1,0,0,0,1,1,0.268752,0.260839,0.250688,0.000000,0.000000,0.000000,0.000000,0.000000,0.000000,0.000000,0.000000,0.000000,0.000000,0.000000,0.000000,0.219721,use_phone,1,25,7614,phone,none,,,0.000000,1.000000,0,none,,8.617556,8.617556,completed,0,5,rain,17.000000
16,1113,3448158262,160,Day 6 06:54,none,,8.617556,8.617556,completed,0.000000,0.215215,0.000000,1.000000,0.020833,0.126667,0.494293,0.145000,0.262000,10,1,1,1,0,0,0,1,1,1,1,1,0,0,0,1,1,0.192305,0.225228,0.000000,0.000000,0.000000,0.000000,0.213526,0.000000,0.195528,0.000000,0.000000,0.000000,0.000000,0.000000,0.000000,0.173412,rest_at_bed,1,60,7674,bed,none,,,0.000000,1.000000,0,none,,8.617556,8.617556,completed,0,5,rain,17.000000
16,1113,3448158262,161,Day 6 07:54,none,,8.617556,8.617556,completed,0.060000,0.003020,0.000000,1.000000,0.070833,0.166667,0.494293,0.000000,0.226000,10,1,1,1,0,0,0,1,1,1,1,1,0,0,0,1,1,0.213228,0.215412,0.196954,0.000000,0.000000,0.000000,0.000000,0.000000,0.201987,0.000000,0.000000,0.000000,0.000000,0.000000,0.000000,0.172418,go_to_bathroom,1,15,7689,door,none,,,0.000000,1.000000,0,none,,8.617556,8.617556,completed,0,5,rain,17.000000
16,1113,3448158262,162,Day 6 08:09,none,,8.617556,8.617556,completed,0.065000,0.009020,0.000000,1.000000,0.083333,0.000000,0.494293,0.000000,0.217000,10,1,1,1,0,0,0,1,1,1,1,1,0,0,0,1,1,0.268166,0.267815,0.247648,0.000000,0.000000,0.000000,0.000000,0.000000,0.000000,0.000000,0.000000,0.000000,0.000000,0.000000,0.000000,0.216371,use_phone,1,25,7714,phone,none,alarm-rings,,0.000000,1.000000,0,none,,8.617556,8.617556,completed,0,5,rain,17.000000
16,1113,3448158262,163,Day 6 08:34,none,,8.617556,8.617556,completed,0.000000,0.100006,0.000000,1.000000,0.104167,0.016667,0.546187,0.095000,0.302000,11,1,1,1,0,0,0,1,1,1,1,1,0,1,0,1,1,0.216964,0.256615,0.000000,0.000000,0.000000,0.000000,0.000000,0.000000,0.000000,0.000000,0.000000,0.000000,0.336710,0.000000,0.000000,0.189710,use_phone,1,25,7739,phone,none,,,0.000000,1.000000,0,none,,8.617556,8.617556,completed,0,5,rain,17.000000
16,1113,3448158262,164,Day 6 08:59,none,,8.617556,8.617556,completed,0.000000,0.190992,0.000000,1.000000,0.125000,0.033333,0.546187,0.190000,0.387000,11,1,1,1,0,0,0,1,1,1,1,1,0,1,0,1,1,0.166732,0.224242,0.000000,0.000000,0.000000,0.000000,0.187069,0.000000,0.000000,0.000000,0.000000,0.000000,0.269893,0.000000,0.000000,0.152064,shop_on_phone,0,0,7739,phone,resource_insufficient,,,0.000000,1.000000,0,none,,8.617556,8.617556,completed,0,5,rain,17.000000
16,1113,3448158262,165,Day 6 08:59,none,,8.617556,8.617556,completed,0.000000,0.190992,0.000000,0.970000,0.125000,0.033333,0.576187,0.190000,0.387000,11,1,1,1,0,0,0,1,1,1,1,1,0,1,0,1,1,0.166470,0.223890,0.000000,0.000000,0.000000,0.000000,0.186177,0.000000,0.000000,0.000000,0.000000,0.000000,0.271639,0.000000,0.000000,0.151825,shop_on_phone,0,0,7739,phone,resource_insufficient,,,0.000000,1.000000,0,none,,8.617556,8.617556,completed,0,5,rain,17.000000
16,1113,3448158262,166,Day 6 08:59,none,,8.617556,8.617556,completed,0.000000,0.190992,0.000000,0.940000,0.125000,0.033333,0.606187,0.190000,0.387000,11,1,1,1,0,0,0,1,1,1,1,1,0,1,0,1,1,0.166205,0.223534,0.000000,0.000000,0.000000,0.000000,0.185286,0.000000,0.000000,0.000000,0.000000,0.000000,0.273391,0.000000,0.000000,0.151584,turn_off_alarm,1,1,7740,alarm,none,,,0.000000,1.000000,0,none,,8.617556,8.617556,completed,0,5,rain,17.000000
16,1113,3448158262,167,Day 6 09:00,none,,8.617556,8.617556,completed,0.000333,0.191392,0.000000,0.969667,0.125833,0.034000,0.586187,0.189000,0.386400,10,1,1,1,0,0,0,1,1,1,1,1,0,0,0,1,1,0.228757,0.307326,0.000000,0.000000,0.000000,0.000000,0.255381,0.000000,0.000000,0.000000,0.000000,0.000000,0.000000,0.000000,0.000000,0.208535,use_phone,1,25,7765,phone,none,,,0.000000,1.000000,0,none,,8.617556,8.617556,completed,0,5,rain,17.000000
16,1113,3448158262,168,Day 6 09:25,none,,8.617556,8.617556,completed,0.000000,0.282378,0.000000,1.000000,0.146667,0.050667,0.586187,0.284000,0.471400,10,1,1,1,0,0,0,1,1,1,1,1,0,0,0,1,1,0.000000,0.312388,0.000000,0.000000,0.000000,0.000000,0.269489,0.000000,0.000000,0.223690,0.000000,0.000000,0.000000,0.000000,0.000000,0.194433,idle,1,10,7775,,none,,,0.000000,1.000000,0,none,,8.617556,8.617556,completed,0,5,rain,17.000000
16,1113,3448158262,169,Day 6 09:35,none,,8.617556,8.617556,completed,0.123333,0.286378,0.000000,0.946667,0.155000,0.057333,0.586187,0.274000,0.465400,10,1,1,1,0,0,0,1,1,1,1,1,0,0,0,1,1,0.155019,0.217362,0.147533,0.000000,0.000000,0.000000,0.186649,0.000000,0.000000,0.156692,0.000000,0.000000,0.000000,0.000000,0.000000,0.136745,rest_at_bed,1,60,7835,bed,none,message-study-group,,0.000000,1.000000,0,none,,8.617556,8.617556,completed,0,6,rain,17.000000
16,1113,3448158262,170,Day 6 10:35,none,,8.617556,8.617556,completed,0.183333,0.074183,0.000000,0.976667,0.205000,0.097333,0.586187,0.074000,0.429400,10,1,1,1,0,0,0,1,1,1,1,1,0,0,0,1,1,0.207819,0.246952,0.189423,0.000000,0.000000,0.000000,0.000000,0.000000,0.000000,0.194297,0.000000,0.000000,0.000000,0.000000,0.000000,0.161509,use_phone,1,25,7860,phone,none,,,0.000000,1.000000,0,none,,8.617556,8.617556,completed,0,6,rain,17.000000
16,1113,3448158262,171,Day 6 11:00,none,,8.617556,8.617556,completed,0.000000,0.165169,0.000000,1.000000,0.225833,0.114000,0.586187,0.169000,0.514400,10,1,1,1,0,0,0,1,1,1,1,1,0,0,0,1,1,0.177840,0.269506,0.000000,0.000000,0.000000,0.000000,0.190511,0.000000,0.000000,0.201569,0.000000,0.000000,0.000000,0.000000,0.000000,0.160573,get_meal,1,35,7895,door,none,,,0.000000,1.000000,0,none,,8.617556,8.617556,completed,0,6,rain,17.000000
16,1113,3448158262,172,Day 6 11:35,none,,8.617556,8.617556,completed,0.000000,0.179169,0.000000,1.000000,0.000000,0.137333,0.586187,0.134000,0.493400,10,1,1,1,0,0,0,1,1,1,1,1,0,0,0,1,1,0.183897,0.270242,0.000000,0.000000,0.000000,0.000000,0.193695,0.000000,0.187683,0.000000,0.000000,0.000000,0.000000,0.000000,0.000000,0.164483,go_to_bathroom,1,15,7910,door,none,,,0.000000,1.000000,0,none,,8.617556,8.617556,completed,0,6,rain,17.000000
16,1113,3448158262,173,Day 6 11:50,none,,8.617556,8.617556,completed,0.005000,0.185169,0.000000,1.000000,0.012500,0.000000,0.586187,0.119000,0.484400,10,1,1,1,0,0,0,1,1,1,1,1,0,0,0,1,1,0.228519,0.330382,0.000000,0.000000,0.000000,0.000000,0.238127,0.000000,0.000000,0.000000,0.000000,0.000000,0.000000,0.000000,0.000000,0.202973,rest_at_bed,1,60,7970,bed,none,,,0.000000,1.000000,0,none,,8.617556,8.617556,completed,0,6,rain,17.000000
16,1113,3448158262,174,Day 6 12:50,none,,8.617556,8.617556,completed,0.065000,0.000000,0.000000,1.000000,0.062500,0.040000,0.586187,0.000000,0.448400,10,1,1,1,0,0,0,1,1,1,1,1,0,0,0,1,1,0.250613,0.316241,0.231171,0.000000,0.000000,0.000000,0.000000,0.000000,0.000000,0.000000,0.000000,0.000000,0.000000,0.000000,0.000000,0.201975,shop_on_phone,0,0,7970,phone,resource_insufficient,,,0.000000,1.000000,0,none,,8.617556,8.617556,completed,0,6,rain,17.000000
16,1113,3448158262,175,Day 6 12:50,none,,8.617556,8.617556,completed,0.065000,0.000000,0.000000,0.970000,0.062500,0.040000,0.616187,0.000000,0.448400,10,1,1,1,0,0,0,1,1,1,1,1,0,0,0,1,1,0.250613,0.316241,0.231171,0.000000,0.000000,0.000000,0.000000,0.000000,0.000000,0.000000,0.000000,0.000000,0.000000,0.000000,0.000000,0.201975,use_phone,1,25,7995,phone,none,,,0.000000,1.000000,0,none,,8.617556,8.617556,completed,0,6,rain,17.000000
16,1113,3448158262,176,Day 6 13:15,none,,8.617556,8.617556,completed,0.000000,0.090986,0.000000,1.000000,0.083333,0.056667,0.616187,0.095000,0.533400,10,1,1,1,0,0,0,1,1,1,1,1,0,0,0,1,1,0.296929,0.443741,0.000000,0.000000,0.000000,0.000000,0.000000,0.000000,0.000000,0.000000,0.000000,0.000000,0.000000,0.000000,0.000000,0.259330,use_phone,1,25,8020,phone,none,,,0.000000,1.000000,0,none,,8.617556,8.617556,completed,0,6,rain,17.000000
16,1113,3448158262,177,Day 6 13:40,none,,8.617556,8.617556,completed,0.000000,0.181972,0.000000,1.000000,0.104167,0.073333,0.616187,0.190000,0.618400,10,1,1,1,0,0,0,1,1,1,1,1,0,0,0,1,1,0.212106,0.360442,0.000000,0.000000,0.000000,0.000000,0.234229,0.000000,0.000000,0.000000,0.000000,0.000000,0.000000,0.000000,0.000000,0.193223,shop_on_phone,0,0,8020,phone,resource_insufficient,,,0.000000,1.000000,0,none,,8.617556,8.617556,completed,0,6,rain,17.000000
16,1113,3448158262,178,Day 6 13:40,none,,8.617556,8.617556,completed,0.000000,0.181972,0.000000,0.970000,0.104167,0.073333,0.646187,0.190000,0.618400,10,1,1,1,0,0,0,1,1,1,1,1,0,0,0,1,1,0.212265,0.360712,0.000000,0.000000,0.000000,0.000000,0.233654,0.000000,0.000000,0.000000,0.000000,0.000000,0.000000,0.000000,0.000000,0.193368,use_phone,1,25,8045,phone,none,,,0.000000,1.000000,0,none,,8.617556,8.617556,completed,0,6,rain,17.000000
16,1113,3448158262,179,Day 6 14:05,none,,8.617556,8.617556,completed,0.000000,0.272958,0.000000,1.000000,0.125000,0.090000,0.646187,0.285000,0.703400,10,1,1,1,0,0,0,1,1,1,1,1,0,0,0,1,1,0.000000,0.462069,0.000000,0.000000,0.000000,0.000000,0.310719,0.000000,0.000000,0.000000,0.000000,0.000000,0.000000,0.000000,0.000000,0.227212,shop_on_phone,0,0,8045,phone,resource_insufficient,,,0.000000,1.000000,0,none,,8.617556,8.617556,completed,0,6,rain,17.000000
16,1113,3448158262,180,Day 6 14:05,none,,8.617556,8.617556,completed,0.000000,0.272958,0.000000,0.970000,0.125000,0.090000,0.676187,0.285000,0.703400,10,1,1,1,0,0,0,1,1,1,1,1,0,0,0,1,1,0.000000,0.462529,0.000000,0.000000,0.000000,0.000000,0.310033,0.000000,0.000000,0.000000,0.000000,0.000000,0.000000,0.000000,0.000000,0.227438,shop_on_phone,0,0,8045,phone,resource_insufficient,,,0.000000,1.000000,0,none,,8.617556,8.617556,completed,0,6,rain,17.000000
16,1113,3448158262,181,Day 6 14:05,none,,8.617556,8.617556,completed,0.000000,0.272958,0.000000,0.940000,0.125000,0.090000,0.706187,0.285000,0.703400,10,1,1,1,0,0,0,1,1,1,1,1,0,0,0,1,1,0.000000,0.462989,0.000000,0.000000,0.000000,0.000000,0.309347,0.000000,0.000000,0.000000,0.000000,0.000000,0.000000,0.000000,0.000000,0.227664,rest_at_bed,1,60,8105,bed,none,,,0.000000,1.000000,0,none,,8.617556,8.617556,completed,0,6,rain,17.000000
16,1113,3448158262,182,Day 6 15:05,none,,8.617556,8.617556,completed,0.060000,0.060763,0.000000,0.970000,0.175000,0.130000,0.706187,0.085000,0.667400,10,1,1,1,0,0,0,1,1,1,1,1,0,0,0,1,1,0.157837,0.258478,0.147142,0.000000,0.000000,0.000000,0.000000,0.000000,0.148582,0.155830,0.000000,0.000000,0.000000,0.000000,0.000000,0.132131,idle,1,10,8115,,none,,,0.000000,1.000000,0,none,,8.617556,8.617556,completed,0,6,rain,17.000000
16,1113,3448158262,183,Day 6 15:15,none,,8.617556,8.617556,completed,0.183333,0.064763,0.000000,0.916667,0.183333,0.136667,0.706187,0.075000,0.661400,10,1,1,1,0,0,0,1,1,1,1,1,0,0,0,1,1,0.167508,0.251726,0.152500,0.000000,0.000000,0.000000,0.000000,0.000000,0.145421,0.152780,0.000000,0.000000,0.000000,0.000000,0.000000,0.130065,use_phone,1,25,8140,phone,none,,,0.000000,1.000000,0,none,,8.617556,8.617556,completed,0,6,rain,17.000000
16,1113,3448158262,184,Day 6 15:40,none,,8.617556,8.617556,completed,0.000000,0.155749,0.000000,0.948333,0.204167,0.153333,0.706187,0.170000,0.746400,10,1,1,1,0,0,0,1,1,1,1,1,0,0,0,1,1,0.142421,0.272946,0.000000,0.000000,0.000000,0.000000,0.149437,0.000000,0.149242,0.157476,0.000000,0.000000,0.000000,0.000000,0.000000,0.128479,go_to_bathroom,1,15,8155,door,none,,,0.000000,1.000000,0,none,,8.617556,8.617556,completed,0,6,rain,17.000000
16,1113,3448158262,185,Day 6 15:55,none,,8.617556,8.617556,completed,0.005000,0.161749,0.000000,1.000000,0.216667,0.000000,0.706187,0.155000,0.737400,10,1,1,1,0,0,0,1,1,1,1,1,0,0,0,1,1,0.168577,0.317846,0.000000,0.000000,0.000000,0.000000,0.174994,0.000000,0.000000,0.187567,0.000000,0.000000,0.000000,0.000000,0.000000,0.151016,shop_on_phone,0,0,8155,phone,resource_insufficient,,,0.000000,1.000000,0,none,,8.617556,8.617556,completed,0,6,rain,17.000000
16,1113,3448158262,186,Day 6 15:55,none,,8.617556,8.617556,completed,0.005000,0.161749,0.000000,0.970000,0.216667,0.000000,0.736187,0.155000,0.737400,10,1,1,1,0,0,0,1,1,1,1,1,0,0,0,1,1,0.168671,0.318024,0.000000,0.000000,0.000000,0.000000,0.174532,0.000000,0.000000,0.187672,0.000000,0.000000,0.000000,0.000000,0.000000,0.151101,get_meal,1,35,8190,door,none,weather-rain,,0.000000,1.000000,0,none,,8.617556,8.617556,completed,0,6,rain,17.000000
16,1113,3448158262,187,Day 6 16:30,none,,8.617556,8.617556,completed,0.000000,0.175749,0.000000,1.000000,0.000000,0.023333,0.736187,0.120000,0.716400,10,1,1,1,0,0,0,1,1,1,1,1,0,0,0,1,1,0.210747,0.386525,0.000000,0.000000,0.000000,0.000000,0.215157,0.000000,0.000000,0.000000,0.000000,0.000000,0.000000,0.000000,0.000000,0.187571,idle,1,10,8200,,none,,,0.000000,1.000000,0,none,,8.617556,8.617556,completed,0,6,rain,17.000000
16,1113,3448158262,188,Day 6 16:40,none,,8.617556,8.617556,completed,0.123333,0.179749,0.000000,0.946667,0.008333,0.030000,0.736187,0.110000,0.710400,10,1,1,1,0,0,0,1,1,1,1,1,0,0,0,1,1,0.185991,0.313030,0.173992,0.000000,0.000000,0.000000,0.173444,0.000000,0.000000,0.000000,0.000000,0.000000,0.000000,0.000000,0.000000,0.153542,shop_on_phone,0,0,8200,phone,resource_insufficient,,,0.000000,1.000000,0,none,,8.617556,8.617556,completed,0,6,rain,17.000000
16,1113,3448158262,189,Day 6 16:40,none,,8.617556,8.617556,completed,0.123333,0.179749,0.000000,0.916667,0.008333,0.030000,0.766187,0.110000,0.710400,10,1,1,1,0,0,0,1,1,1,1,1,0,0,0,1,1,0.186094,0.313204,0.174089,0.000000,0.000000,0.000000,0.172985,0.000000,0.000000,0.000000,0.000000,0.000000,0.000000,0.000000,0.000000,0.153627,shop_on_phone,0,0,8200,phone,resource_insufficient,,,0.000000,1.000000,0,none,,8.617556,8.617556,completed,0,6,rain,17.000000
16,1113,3448158262,190,Day 6 16:40,none,,8.617556,8.617556,completed,0.123333,0.179749,0.000000,0.886667,0.008333,0.030000,0.796187,0.110000,0.710400,10,1,1,1,0,0,0,1,1,1,1,1,0,0,0,1,1,0.186198,0.313378,0.174185,0.000000,0.000000,0.000000,0.172527,0.000000,0.000000,0.000000,0.000000,0.000000,0.000000,0.000000,0.000000,0.153713,use_phone,1,25,8225,phone,none,,,0.000000,1.000000,0,none,,8.617556,8.617556,completed,0,6,rain,17.000000
16,1113,3448158262,191,Day 6 17:05,none,,8.617556,8.617556,completed,0.000000,0.270735,0.000000,0.918333,0.029167,0.046667,0.796187,0.205000,0.795400,10,1,1,1,0,0,0,1,1,1,1,1,0,0,0,1,1,0.192870,0.398720,0.000000,0.000000,0.000000,0.000000,0.229841,0.000000,0.000000,0.000000,0.000000,0.000000,0.000000,0.000000,0.000000,0.178569,rest_at_bed,1,60,8285,bed,none,evening,,0.000000,1.000000,0,none,,8.617556,8.617556,completed,0,6,rain,17.000000
16,1113,3448158262,192,Day 6 18:05,none,,8.617556,8.617556,completed,0.060000,0.058540,0.000000,0.948333,0.079167,0.086667,0.796187,0.005000,0.759400,10,1,1,1,0,0,0,1,1,1,1,1,0,0,0,1,1,0.222317,0.389500,0.206840,0.000000,0.000000,0.000000,0.000000,0.000000,0.000000,0.000000,0.000000,0.000000,0.000000,0.000000,0.000000,0.181343,idle,1,10,8295,,none,room-temperature-shift,,0.000000,1.000000,0,none,,8.617556,8.617556,completed,0,6,rain,24.000000
16,1113,3448158262,193,Day 6 18:15,none,,8.617556,8.617556,completed,0.183333,0.062540,0.000000,0.895000,0.087500,0.093333,0.796187,0.000000,0.753400,10,1,1,1,0,0,0,1,1,1,1,1,0,0,0,1,1,0.233820,0.376522,0.212469,0.000000,0.000000,0.000000,0.000000,0.000000,0.000000,0.000000,0.000000,0.000000,0.000000,0.000000,0.000000,0.177189,idle,1,10,8305,,none,,,0.000000,1.000000,0,none,,8.617556,8.617556,completed,0,6,rain,24.000000
16,1113,3448158262,194,Day 6 18:25,none,,8.617556,8.617556,completed,0.306667,0.066540,0.000000,0.841667,0.095833,0.100000,0.796187,0.000000,0.747400,10,1,1,1,0,0,0,1,1,1,1,1,0,0,0,1,1,0.245388,0.363774,0.217804,0.000000,0.000000,0.000000,0.000000,0.000000,0.000000,0.000000,0.000000,0.000000,0.000000,0.000000,0.000000,0.173033,shop_on_phone,0,0,8305,phone,resource_insufficient,,,0.000000,1.000000,0,none,,8.617556,8.617556,completed,0,6,rain,24.000000
16,1113,3448158262,195,Day 6 18:25,none,,8.617556,8.617556,completed,0.306667,0.066540,0.000000,0.811667,0.095833,0.100000,0.826187,0.000000,0.747400,10,1,1,1,0,0,0,1,1,1,1,1,0,0,0,1,1,0.245388,0.363774,0.217804,0.000000,0.000000,0.000000,0.000000,0.000000,0.000000,0.000000,0.000000,0.000000,0.000000,0.000000,0.000000,0.173033,shop_on_phone,0,0,8305,phone,resource_insufficient,,,0.000000,1.000000,0,none,,8.617556,8.617556,completed,0,6,rain,24.000000
16,1113,3448158262,196,Day 6 18:25,none,,8.617556,8.617556,completed,0.306667,0.066540,0.000000,0.781667,0.095833,0.100000,0.856187,0.000000,0.747400,10,1,1,1,0,0,0,1,1,1,1,1,0,0,0,1,1,0.245388,0.363774,0.217804,0.000000,0.000000,0.000000,0.000000,0.000000,0.000000,0.000000,0.000000,0.000000,0.000000,0.000000,0.000000,0.173033,use_phone,1,25,8330,phone,none,,,0.000000,1.000000,0,none,,8.617556,8.617556,completed,0,6,rain,24.000000
16,1113,3448158262,197,Day 6 18:50,none,,8.617556,8.617556,completed,0.095000,0.157526,0.000000,0.813333,0.116667,0.116667,0.856187,0.095000,0.832400,10,1,1,1,0,0,0,1,1,1,1,1,0,0,0,1,1,0.212991,0.409871,0.199717,0.000000,0.000000,0.000000,0.000000,0.000000,0.000000,0.000000,0.000000,0.000000,0.000000,0.000000,0.000000,0.177421,shop_on_phone,0,0,8330,phone,resource_insufficient,,,0.000000,1.000000,0,none,,8.617556,8.617556,completed,0,6,rain,24.000000
16,1113,3448158262,198,Day 6 18:50,none,,8.617556,8.617556,completed,0.095000,0.157526,0.000000,0.783333,0.116667,0.116667,0.886187,0.095000,0.832400,10,1,1,1,0,0,0,1,1,1,1,1,0,0,0,1,1,0.212991,0.409871,0.199717,0.000000,0.000000,0.000000,0.000000,0.000000,0.000000,0.000000,0.000000,0.000000,0.000000,0.000000,0.000000,0.177421,shop_on_phone,0,0,8330,phone,resource_insufficient,,,0.000000,1.000000,0,none,,8.617556,8.617556,completed,0,6,rain,24.000000
16,1113,3448158262,199,Day 6 18:50,none,,8.617556,8.617556,completed,0.095000,0.157526,0.000000,0.753333,0.116667,0.116667,0.916187,0.095000,0.832400,10,1,1,1,0,0,0,1,1,1,1,1,0,0,0,1,1,0.212991,0.409871,0.199717,0.000000,0.000000,0.000000,0.000000,0.000000,0.000000,0.000000,0.000000,0.000000,0.000000,0.000000,0.000000,0.177421,use_phone,1,25,8355,phone,none,,,0.000000,1.000000,0,none,,8.617556,8.617556,completed,0,6,rain,24.000000
16,1113,3448158262,200,Day 6 19:15,none,,8.617556,8.617556,completed,0.000000,0.248512,0.000000,0.785000,0.137500,0.133333,0.916187,0.190000,0.917400,10,1,1,1,0,0,0,1,1,1,1,1,0,0,0,1,1,0.133890,0.310918,0.000000,0.000000,0.000000,0.000000,0.152331,0.000000,0.139741,0.140105,0.000000,0.000000,0.000000,0.000000,0.000000,0.123016,shop_on_phone,0,0,8355,phone,resource_insufficient,,,0.000000,1.000000,0,none,,8.617556,8.617556,completed,0,6,rain,24.000000
16,1113,3448158262,201,Day 6 19:15,none,,8.617556,8.617556,completed,0.000000,0.248512,0.000000,0.755000,0.137500,0.133333,0.946187,0.190000,0.917400,10,1,1,1,0,0,0,1,1,1,1,1,0,0,0,1,1,0.133955,0.311070,0.000000,0.000000,0.000000,0.000000,0.151917,0.000000,0.139809,0.140173,0.000000,0.000000,0.000000,0.000000,0.000000,0.123076,rest_at_bed,1,60,8415,bed,none,,,0.000000,1.000000,0,none,,8.617556,8.617556,completed,0,6,rain,24.000000
16,1113,3448158262,202,Day 6 20:15,none,,8.617556,8.617556,completed,0.060000,0.036317,0.000000,0.785000,0.187500,0.173333,0.946187,0.000000,0.881400,10,1,1,1,0,0,0,1,1,1,1,1,0,0,0,1,1,0.150523,0.297184,0.139630,0.000000,0.000000,0.000000,0.000000,0.000000,0.144268,0.146158,0.000000,0.000000,0.000000,0.000000,0.000000,0.122236,get_meal,1,35,8450,door,none,,,0.000000,1.000000,0,none,,8.617556,8.617556,completed,0,6,rain,24.000000
16,1113,3448158262,203,Day 6 20:50,none,,8.617556,8.617556,completed,0.031667,0.050317,0.000000,0.912160,0.000000,0.196667,0.946187,0.000000,0.860400,10,1,1,1,0,0,0,1,1,1,1,1,0,0,0,1,1,0.174292,0.343488,0.162865,0.000000,0.000000,0.000000,0.000000,0.000000,0.175182,0.000000,0.000000,0.000000,0.000000,0.000000,0.000000,0.144174,use_phone,1,25,8475,phone,none,,,0.000000,1.000000,0,none,,8.617556,8.617556,completed,0,6,rain,24.000000
16,1113,3448158262,204,Day 6 21:15,none,,8.617556,8.617556,completed,0.000000,0.141303,0.000000,0.943827,0.020833,0.213333,0.946187,0.095000,0.945400,10,1,1,1,0,0,0,1,1,1,1,1,0,0,0,1,1,0.190234,0.434840,0.000000,0.000000,0.000000,0.000000,0.000000,0.000000,0.207704,0.000000,0.000000,0.000000,0.000000,0.000000,0.000000,0.167221,idle,1,10,8485,,none,,,0.000000,1.000000,0,none,,8.617556,8.617556,completed,0,6,rain,24.000000
16,1113,3448158262,205,Day 6 21:25,none,,8.617556,8.617556,completed,0.123333,0.145303,0.000000,0.890493,0.029167,0.220000,0.946187,0.085000,0.939400,10,1,1,1,0,0,0,1,1,1,1,1,0,0,0,1,1,0.170920,0.358519,0.159103,0.000000,0.000000,0.000000,0.000000,0.000000,0.172101,0.000000,0.000000,0.000000,0.000000,0.000000,0.000000,0.139356,use_phone,1,25,8510,phone,none,,,0.000000,1.000000,0,none,,8.617556,8.617556,completed,0,6,rain,24.000000
16,1113,3448158262,206,Day 6 21:50,none,,8.617556,8.617556,completed,0.000000,0.236289,0.000000,0.922160,0.050000,0.236667,0.946187,0.180000,1.000000,10,1,1,1,0,0,0,1,1,1,1,1,0,0,0,1,1,0.149136,0.374841,0.000000,0.000000,0.000000,0.000000,0.165797,0.000000,0.173856,0.000000,0.000000,0.000000,0.000000,0.000000,0.000000,0.136371,shop_on_phone,0,0,8510,phone,resource_insufficient,,,0.000000,1.000000,0,none,,8.617556,8.617556,completed,0,6,rain,24.000000
16,1113,3448158262,207,Day 6 21:50,none,,8.617556,8.617556,completed,0.000000,0.236289,0.000000,0.892160,0.050000,0.236667,0.976187,0.180000,1.000000,10,1,1,1,0,0,0,1,1,1,1,1,0,0,0,1,1,0.149215,0.375040,0.000000,0.000000,0.000000,0.000000,0.165353,0.000000,0.173948,0.000000,0.000000,0.000000,0.000000,0.000000,0.000000,0.136443,rest_at_bed,1,60,8570,bed,none,,,0.000000,1.000000,0,none,,8.617556,8.617556,completed,0,6,rain,24.000000
16,1113,3448158262,208,Day 6 22:50,none,,8.617556,8.617556,completed,0.060000,0.024094,0.000000,0.922160,0.100000,0.276667,0.976187,0.000000,0.964000,10,1,1,1,0,0,0,1,1,1,1,1,0,0,0,1,1,0.167934,0.360014,0.155537,0.000000,0.000000,0.000000,0.000000,0.000000,0.180355,0.000000,0.000000,0.000000,0.000000,0.000000,0.000000,0.136160,use_computer,1,30,8600,computer,none,,,0.000000,1.000000,0,none,,8.617556,8.617556,completed,0,6,rain,24.000000
16,1113,3448158262,209,Day 6 23:20,none,,8.617556,8.617556,completed,0.000000,0.136925,0.000000,0.912160,0.125000,0.296667,0.976187,0.080000,0.946000,10,1,1,1,0,0,0,1,1,1,1,1,0,0,0,1,1,0.187226,0.425930,0.000000,0.000000,0.000000,0.000000,0.000000,0.000000,0.223149,0.000000,0.000000,0.000000,0.000000,0.000000,0.000000,0.163695,go_to_bathroom,1,15,8615,door,none,,,0.000000,1.000000,0,none,,8.617556,8.617556,completed,0,6,rain,24.000000
16,1113,3448158262,210,Day 6 23:35,none,,8.617556,8.617556,completed,0.005000,0.142925,0.000000,1.000000,0.137500,0.000000,0.976187,0.065000,0.937000,10,1,1,1,0,0,0,1,1,1,1,1,0,0,0,1,1,0.165383,0.370153,0.157420,0.000000,0.000000,0.000000,0.000000,0.000000,0.000000,0.163452,0.000000,0.000000,0.000000,0.000000,0.000000,0.143592,use_computer,1,30,8645,computer,none,,,0.000000,1.000000,0,none,,8.617556,8.617556,completed,0,6,rain,24.000000
16,1113,3448158262,211,Day 7 00:05,none,,8.617556,8.617556,completed,0.000000,0.255755,0.000000,0.990000,0.162500,0.020000,0.976187,0.145000,0.919000,10,1,1,1,0,0,0,1,1,1,1,1,0,0,0,1,1,0.157293,0.360952,0.000000,0.000000,0.000000,0.000000,0.172255,0.000000,0.000000,0.166920,0.000000,0.000000,0.000000,0.000000,0.000000,0.142580,shop_on_phone,0,0,8645,phone,resource_insufficient,,,0.000000,1.000000,0,none,,8.617556,8.617556,completed,0,6,rain,24.000000
16,1113,3448158262,212,Day 7 00:05,none,,8.617556,8.617556,completed,0.000000,0.255755,0.000000,0.960000,0.162500,0.020000,1.000000,0.145000,0.919000,10,1,1,1,0,0,0,1,1,1,1,1,0,0,0,1,1,0.157362,0.361110,0.000000,0.000000,0.000000,0.000000,0.171892,0.000000,0.000000,0.166994,0.000000,0.000000,0.000000,0.000000,0.000000,0.142642,shop_on_phone,0,0,8645,phone,resource_insufficient,,,0.000000,1.000000,0,none,,8.617556,8.617556,completed,0,6,rain,24.000000
16,1113,3448158262,213,Day 7 00:05,none,,8.617556,8.617556,completed,0.000000,0.255755,0.000000,0.930000,0.162500,0.020000,1.000000,0.145000,0.919000,10,1,1,1,0,0,0,1,1,1,1,1,0,0,0,1,1,0.157362,0.361110,0.000000,0.000000,0.000000,0.000000,0.171892,0.000000,0.000000,0.166994,0.000000,0.000000,0.000000,0.000000,0.000000,0.142642,shop_on_phone,0,0,8645,phone,resource_insufficient,,,0.000000,1.000000,0,none,,8.617556,8.617556,completed,0,6,rain,24.000000
16,1113,3448158262,214,Day 7 00:05,none,,8.617556,8.617556,completed,0.000000,0.255755,0.000000,0.900000,0.162500,0.020000,1.000000,0.145000,0.919000,10,1,1,1,0,0,0,1,1,1,1,1,0,0,0,1,1,0.157362,0.361110,0.000000,0.000000,0.000000,0.000000,0.171892,0.000000,0.000000,0.166994,0.000000,0.000000,0.000000,0.000000,0.000000,0.142642,shop_on_phone,0,0,8645,phone,resource_insufficient,,,0.000000,1.000000,0,none,,8.617556,8.617556,completed,0,6,rain,24.000000
16,1113,3448158262,215,Day 7 00:05,none,,8.617556,8.617556,completed,0.000000,0.255755,0.000000,0.870000,0.162500,0.020000,1.000000,0.145000,0.919000,10,1,1,1,0,0,0,1,1,1,1,1,0,0,0,1,1,0.157362,0.361110,0.000000,0.000000,0.000000,0.000000,0.171892,0.000000,0.000000,0.166994,0.000000,0.000000,0.000000,0.000000,0.000000,0.142642,shop_on_phone,0,0,8645,phone,resource_insufficient,,,0.000000,1.000000,0,none,,8.617556,8.617556,completed,0,6,rain,24.000000
16,1113,3448158262,216,Day 7 00:05,none,,8.617556,8.617556,completed,0.000000,0.255755,0.000000,0.840000,0.162500,0.020000,1.000000,0.145000,0.919000,10,1,1,1,0,0,0,1,1,1,1,1,0,0,0,1,1,0.157362,0.361110,0.000000,0.000000,0.000000,0.000000,0.171892,0.000000,0.000000,0.166994,0.000000,0.000000,0.000000,0.000000,0.000000,0.142642,shop_on_phone,0,0,8645,phone,resource_insufficient,,,0.000000,1.000000,0,none,,8.617556,8.617556,completed,0,6,rain,24.000000
16,1113,3448158262,217,Day 7 00:05,none,,8.617556,8.617556,completed,0.000000,0.255755,0.000000,0.810000,0.162500,0.020000,1.000000,0.145000,0.919000,10,1,1,1,0,0,0,1,1,1,1,1,0,0,0,1,1,0.157362,0.361110,0.000000,0.000000,0.000000,0.000000,0.171892,0.000000,0.000000,0.166994,0.000000,0.000000,0.000000,0.000000,0.000000,0.142642,shop_on_phone,0,0,8645,phone,resource_insufficient,,,0.000000,1.000000,0,none,,8.617556,8.617556,completed,0,6,rain,24.000000
16,1113,3448158262,218,Day 7 00:05,none,,8.617556,8.617556,completed,0.000000,0.255755,0.000000,0.780000,0.162500,0.020000,1.000000,0.145000,0.919000,10,1,1,1,0,0,0,1,1,1,1,1,0,0,0,1,1,0.157362,0.361110,0.000000,0.000000,0.000000,0.000000,0.171892,0.000000,0.000000,0.166994,0.000000,0.000000,0.000000,0.000000,0.000000,0.142642,get_meal,1,35,8680,door,none,,,0.000000,1.000000,0,none,,8.617556,8.617556,completed,0,6,rain,24.000000
16,1113,3448158262,219,Day 7 00:40,none,,8.617556,8.617556,completed,0.000000,0.269755,0.000000,0.907160,0.000000,0.043333,1.000000,0.110000,0.898000,10,1,1,1,0,0,0,1,1,1,1,1,0,0,0,1,1,0.192411,0.428162,0.000000,0.000000,0.000000,0.000000,0.206652,0.000000,0.000000,0.000000,0.000000,0.000000,0.000000,0.000000,0.000000,0.172775,use_phone,1,25,8705,phone,none,,,0.000000,1.000000,0,none,,8.617556,8.617556,completed,0,6,rain,24.000000
16,1113,3448158262,220,Day 7 01:05,none,,8.617556,8.617556,completed,0.000000,0.360741,0.000000,0.938827,0.020833,0.060000,1.000000,0.205000,0.983000,10,1,1,1,0,0,0,1,1,1,1,1,0,0,0,1,1,0.000000,0.534418,0.000000,0.000000,0.000000,0.000000,0.267769,0.000000,0.000000,0.000000,0.000000,0.000000,0.000000,0.000000,0.000000,0.197813,shop_on_phone,0,0,8705,phone,resource_insufficient,,,0.000000,1.000000,0,none,,8.617556,8.617556,completed,0,6,rain,24.000000
16,1113,3448158262,221,Day 7 01:05,none,,8.617556,8.617556,completed,0.000000,0.360741,0.000000,0.908827,0.020833,0.060000,1.000000,0.205000,0.983000,10,1,1,1,0,0,0,1,1,1,1,1,0,0,0,1,1,0.000000,0.534418,0.000000,0.000000,0.000000,0.000000,0.267769,0.000000,0.000000,0.000000,0.000000,0.000000,0.000000,0.000000,0.000000,0.197813,idle,1,10,8715,,none,,,0.000000,1.000000,0,none,,8.617556,8.617556,completed,0,6,rain,24.000000
16,1113,3448158262,222,Day 7 01:15,none,,8.617556,8.617556,completed,0.123333,0.364741,0.000000,0.855493,0.029167,0.066667,1.000000,0.195000,0.977000,10,1,1,1,0,0,0,1,1,1,1,1,0,0,0,1,1,0.158516,0.368074,0.152128,0.000000,0.000000,0.000000,0.183573,0.000000,0.000000,0.000000,0.000000,0.000000,0.000000,0.000000,0.000000,0.137708,rest_at_bed,1,60,8775,bed,none,,,0.000000,1.000000,0,none,,8.617556,8.617556,completed,0,6,rain,24.000000
16,1113,3448158262,223,Day 7 02:15,none,,8.617556,8.617556,completed,0.183333,0.152546,0.000000,0.885493,0.079167,0.106667,1.000000,0.000000,0.941000,10,1,1,1,0,0,0,1,1,1,1,1,0,0,0,1,1,0.214738,0.423248,0.197396,0.000000,0.000000,0.000000,0.000000,0.000000,0.000000,0.000000,0.000000,0.000000,0.000000,0.000000,0.000000,0.164618,use_phone,1,25,8800,phone,none,,,0.000000,1.000000,0,none,,8.617556,8.617556,completed,0,6,rain,24.000000
16,1113,3448158262,224,Day 7 02:40,none,,8.617556,8.617556,completed,0.000000,0.243532,0.000000,0.917160,0.100000,0.123333,1.000000,0.095000,1.000000,10,1,1,1,0,0,0,1,1,1,1,1,0,0,0,1,1,0.186099,0.455586,0.000000,0.000000,0.000000,0.000000,0.192569,0.000000,0.000000,0.000000,0.000000,0.000000,0.000000,0.000000,0.000000,0.165747,rest_at_bed,1,60,8860,bed,none,,,0.000000,1.000000,0,none,,8.617556,8.617556,completed,0,6,rain,24.000000
16,1113,3448158262,225,Day 7 03:40,none,,8.617556,8.617556,completed,0.060000,0.031337,0.000000,0.947160,0.150000,0.163333,1.000000,0.000000,0.964000,10,1,1,1,0,0,0,1,1,1,1,1,0,0,0,1,1,0.147870,0.317297,0.137082,0.000000,0.000000,0.000000,0.000000,0.000000,0.140062,0.137684,0.000000,0.000000,0.000000,0.000000,0.000000,0.120005,use_phone,1,25,8885,phone,none,,,0.000000,1.000000,0,none,,8.617556,8.617556,completed,0,6,rain,24.000000
16,1113,3448158262,226,Day 7 04:05,none,,8.617556,8.617556,completed,0.000000,0.122323,0.000000,0.978827,0.170833,0.180000,1.000000,0.095000,1.000000,10,1,1,1,0,0,0,1,1,1,1,1,0,0,0,1,1,0.156921,0.378227,0.000000,0.000000,0.000000,0.000000,0.000000,0.000000,0.164671,0.162579,0.000000,0.000000,0.000000,0.000000,0.000000,0.137603,idle,1,10,8895,,none,,,0.000000,1.000000,0,none,,8.617556,8.617556,completed,0,6,rain,24.000000
16,1113,3448158262,227,Day 7 04:15,none,,8.617556,8.617556,completed,0.123333,0.126323,0.000000,0.925493,0.179167,0.186667,1.000000,0.085000,0.994000,10,1,1,1,0,0,0,1,1,1,1,1,0,0,0,1,1,0.145377,0.321548,0.134997,0.000000,0.000000,0.000000,0.000000,0.000000,0.140691,0.139145,0.000000,0.000000,0.000000,0.000000,0.000000,0.118242,shop_on_phone,0,0,8895,phone,resource_insufficient,,,0.000000,1.000000,0,none,,8.617556,8.617556,completed,0,6,rain,24.000000
16,1113,3448158262,228,Day 7 04:15,none,,8.617556,8.617556,completed,0.123333,0.126323,0.000000,0.895493,0.179167,0.186667,1.000000,0.085000,0.994000,10,1,1,1,0,0,0,1,1,1,1,1,0,0,0,1,1,0.145377,0.321548,0.134997,0.000000,0.000000,0.000000,0.000000,0.000000,0.140691,0.139145,0.000000,0.000000,0.000000,0.000000,0.000000,0.118242,shop_on_phone,0,0,8895,phone,resource_insufficient,,,0.000000,1.000000,0,none,,8.617556,8.617556,completed,0,6,rain,24.000000
16,1113,3448158262,229,Day 7 04:15,none,,8.617556,8.617556,completed,0.123333,0.126323,0.000000,0.865493,0.179167,0.186667,1.000000,0.085000,0.994000,10,1,1,1,0,0,0,1,1,1,1,1,0,0,0,1,1,0.145377,0.321548,0.134997,0.000000,0.000000,0.000000,0.000000,0.000000,0.140691,0.139145,0.000000,0.000000,0.000000,0.000000,0.000000,0.118242,use_computer,1,30,8925,computer,none,,,0.000000,1.000000,0,none,,8.617556,8.617556,completed,0,6,rain,24.000000
16,1113,3448158262,230,Day 7 04:45,none,,8.617556,8.617556,completed,0.000000,0.239154,0.000000,0.855493,0.204167,0.206667,1.000000,0.165000,0.976000,10,1,1,1,0,0,0,1,1,1,1,1,0,0,0,1,1,0.130129,0.317776,0.000000,0.000000,0.000000,0.000000,0.142381,0.000000,0.146051,0.145200,0.000000,0.000000,0.000000,0.000000,0.000000,0.118463,get_meal,1,35,8960,door,none,,,0.000000,1.000000,0,none,,8.617556,8.617556,completed,0,6,rain,24.000000
16,1113,3448158262,231,Day 7 05:20,none,,8.617556,8.617556,completed,0.000000,0.253154,0.000000,0.982653,0.000000,0.230000,1.000000,0.130000,0.955000,10,1,1,1,0,0,0,1,1,1,1,1,0,0,0,1,1,0.154159,0.365053,0.000000,0.000000,0.000000,0.000000,0.165845,0.000000,0.175921,0.000000,0.000000,0.000000,0.000000,0.000000,0.000000,0.139022,shop_on_phone,0,0,8960,phone,resource_insufficient,,,0.000000,1.000000,0,none,,8.617556,8.617556,completed,0,6,rain,24.000000
16,1113,3448158262,232,Day 7 05:20,none,,8.617556,8.617556,completed,0.000000,0.253154,0.000000,0.952653,0.000000,0.230000,1.000000,0.130000,0.955000,10,1,1,1,0,0,0,1,1,1,1,1,0,0,0,1,1,0.154159,0.365053,0.000000,0.000000,0.000000,0.000000,0.165845,0.000000,0.175921,0.000000,0.000000,0.000000,0.000000,0.000000,0.000000,0.139022,shop_on_phone,0,0,8960,phone,resource_insufficient,,,0.000000,1.000000,0,none,,8.617556,8.617556,completed,0,6,rain,24.000000
16,1113,3448158262,233,Day 7 05:20,none,,8.617556,8.617556,completed,0.000000,0.253154,0.000000,0.922653,0.000000,0.230000,1.000000,0.130000,0.955000,10,1,1,1,0,0,0,1,1,1,1,1,0,0,0,1,1,0.154159,0.365053,0.000000,0.000000,0.000000,0.000000,0.165845,0.000000,0.175921,0.000000,0.000000,0.000000,0.000000,0.000000,0.000000,0.139022,go_to_bathroom,1,15,8975,door,none,,,0.000000,1.000000,0,none,,8.617556,8.617556,completed,0,6,rain,24.000000
16,1113,3448158262,234,Day 7 05:35,none,,8.617556,8.617556,completed,0.005000,0.259154,0.000000,1.000000,0.012500,0.000000,1.000000,0.115000,0.946000,10,1,1,1,0,0,0,1,1,1,1,1,0,0,0,1,1,0.189051,0.440435,0.000000,0.000000,0.000000,0.000000,0.201212,0.000000,0.000000,0.000000,0.000000,0.000000,0.000000,0.000000,0.000000,0.169301,rest_at_bed,1,60,9035,bed,none,,,0.000000,1.000000,0,none,,8.617556,8.617556,completed,0,6,rain,24.000000
16,1113,3448158262,235,Day 7 06:35,none,,8.617556,8.617556,completed,0.065000,0.046959,0.000000,1.000000,0.062500,0.040000,1.000000,0.000000,0.910000,10,1,1,1,0,0,0,1,1,1,1,1,0,0,0,1,1,0.209743,0.425560,0.194640,0.000000,0.000000,0.000000,0.000000,0.000000,0.000000,0.000000,0.000000,0.000000,0.000000,0.000000,0.000000,0.170058,use_computer,1,30,9065,computer,none,,,0.000000,1.000000,0,none,,8.617556,8.617556,completed,0,6,rain,24.000000
16,1113,3448158262,236,Day 7 07:05,none,,8.617556,8.617556,completed,0.000000,0.159789,0.000000,0.990000,0.087500,0.060000,1.000000,0.080000,0.892000,10,1,1,1,0,0,0,1,1,1,1,1,0,0,0,1,1,0.247725,0.535049,0.000000,0.000000,0.000000,0.000000,0.000000,0.000000,0.000000,0.000000,0.000000,0.000000,0.000000,0.000000,0.000000,0.217227,shop_on_phone,0,0,9065,phone,resource_insufficient,,,0.000000,1.000000,0,none,,8.617556,8.617556,completed,0,6,rain,24.000000
16,1113,3448158262,237,Day 7 07:05,none,,8.617556,8.617556,completed,0.000000,0.159789,0.000000,0.960000,0.087500,0.060000,1.000000,0.080000,0.892000,10,1,1,1,0,0,0,1,1,1,1,1,0,0,0,1,1,0.247725,0.535049,0.000000,0.000000,0.000000,0.000000,0.000000,0.000000,0.000000,0.000000,0.000000,0.000000,0.000000,0.000000,0.000000,0.217227,shop_on_phone,0,0,9065,phone,resource_insufficient,,,0.000000,1.000000,0,none,,8.617556,8.617556,completed,0,6,rain,24.000000
16,1113,3448158262,238,Day 7 07:05,none,,8.617556,8.617556,completed,0.000000,0.159789,0.000000,0.930000,0.087500,0.060000,1.000000,0.080000,0.892000,10,1,1,1,0,0,0,1,1,1,1,1,0,0,0,1,1,0.247725,0.535049,0.000000,0.000000,0.000000,0.000000,0.000000,0.000000,0.000000,0.000000,0.000000,0.000000,0.000000,0.000000,0.000000,0.217227,shop_on_phone,0,0,9065,phone,resource_insufficient,,,0.000000,1.000000,0,none,,8.617556,8.617556,completed,0,6,rain,24.000000
16,1113,3448158262,239,Day 7 07:05,none,,8.617556,8.617556,completed,0.000000,0.159789,0.000000,0.900000,0.087500,0.060000,1.000000,0.080000,0.892000,10,1,1,1,0,0,0,1,1,1,1,1,0,0,0,1,1,0.247725,0.535049,0.000000,0.000000,0.000000,0.000000,0.000000,0.000000,0.000000,0.000000,0.000000,0.000000,0.000000,0.000000,0.000000,0.217227,shop_on_phone,0,0,9065,phone,resource_insufficient,,,0.000000,1.000000,0,none,,8.617556,8.617556,completed,0,6,rain,24.000000
16,1113,3448158262,240,Day 7 07:05,none,,8.617556,8.617556,completed,0.000000,0.159789,0.000000,0.870000,0.087500,0.060000,1.000000,0.080000,0.892000,10,1,1,1,0,0,0,1,1,1,1,1,0,0,0,1,1,0.247725,0.535049,0.000000,0.000000,0.000000,0.000000,0.000000,0.000000,0.000000,0.000000,0.000000,0.000000,0.000000,0.000000,0.000000,0.217227,shop_on_phone,0,0,9065,phone,resource_insufficient,,,0.000000,1.000000,0,none,,8.617556,8.617556,completed,0,6,rain,24.000000
16,1113,3448158262,241,Day 7 07:05,none,,8.617556,8.617556,completed,0.000000,0.159789,0.000000,0.840000,0.087500,0.060000,1.000000,0.080000,0.892000,10,1,1,1,0,0,0,1,1,1,1,1,0,0,0,1,1,0.247725,0.535049,0.000000,0.000000,0.000000,0.000000,0.000000,0.000000,0.000000,0.000000,0.000000,0.000000,0.000000,0.000000,0.000000,0.217227,idle,1,10,9075,,none,,,0.000000,1.000000,0,none,,8.617556,8.617556,completed,0,6,rain,24.000000
16,1113,3448158262,242,Day 7 07:15,none,,8.617556,8.617556,completed,0.123333,0.163789,0.000000,0.786667,0.095833,0.066667,1.000000,0.070000,0.886000,10,1,1,1,0,0,0,1,1,1,1,1,0,0,0,1,1,0.211501,0.419193,0.197283,0.000000,0.000000,0.000000,0.000000,0.000000,0.000000,0.000000,0.000000,0.000000,0.000000,0.000000,0.000000,0.172023,use_computer,1,30,9105,computer,none,,,0.000000,1.000000,0,none,,8.617556,8.617556,completed,0,6,rain,24.000000
16,1113,3448158262,243,Day 7 07:45,none,,8.617556,8.617556,completed,0.000000,0.276619,0.000000,0.776667,0.120833,0.086667,1.000000,0.150000,0.868000,10,1,1,1,0,0,0,1,1,1,1,1,0,0,0,1,1,0.191677,0.419438,0.000000,0.000000,0.000000,0.000000,0.214394,0.000000,0.000000,0.000000,0.000000,0.000000,0.000000,0.000000,0.000000,0.174492,rest_at_bed,1,60,9165,bed,none,,,0.000000,1.000000,0,none,,8.617556,8.617556,completed,0,6,rain,24.000000
16,1113,3448158262,244,Day 7 08:45,none,,8.617556,8.617556,completed,0.060000,0.064424,0.000000,0.806667,0.170833,0.126667,1.000000,0.000000,0.832000,10,1,1,1,0,0,0,1,1,1,1,1,0,0,0,1,1,0.153838,0.289907,0.143221,0.000000,0.000000,0.000000,0.000000,0.000000,0.140465,0.147189,0.000000,0.000000,0.000000,0.000000,0.000000,0.125379,idle,1,10,9175,,none,,,0.000000,1.000000,0,none,,8.617556,8.617556,completed,0,6,rain,24.000000
16,1113,3448158262,245,Day 7 08:55,none,,8.617556,8.617556,completed,0.183333,0.068424,0.000000,0.753333,0.179167,0.133333,1.000000,0.000000,0.826000,10,1,1,1,0,0,0,1,1,1,1,1,0,0,0,1,1,0.163023,0.282823,0.148249,0.000000,0.000000,0.000000,0.000000,0.000000,0.137715,0.144558,0.000000,0.000000,0.000000,0.000000,0.000000,0.123632,shop_on_phone,0,0,9175,phone,resource_insufficient,,,0.000000,1.000000,0,none,,8.617556,8.617556,completed,0,6,rain,24.000000
16,1113,3448158262,246,Day 7 08:55,none,,8.617556,8.617556,completed,0.183333,0.068424,0.000000,0.723333,0.179167,0.133333,1.000000,0.000000,0.826000,10,1,1,1,0,0,0,1,1,1,1,1,0,0,0,1,1,0.163023,0.282823,0.148249,0.000000,0.000000,0.000000,0.000000,0.000000,0.137715,0.144558,0.000000,0.000000,0.000000,0.000000,0.000000,0.123632,use_phone,1,25,9200,phone,none,alarm-rings,,0.000000,1.000000,0,none,,8.617556,8.617556,completed,0,6,rain,24.000000
16,1113,3448158262,247,Day 7 09:20,none,,8.617556,8.617556,completed,0.001667,0.159410,0.000000,0.755000,0.200000,0.150000,1.000000,0.095000,0.911000,11,1,1,1,0,0,0,1,1,1,1,1,0,1,0,1,1,0.125849,0.278145,0.000000,0.000000,0.000000,0.000000,0.000000,0.000000,0.128175,0.135130,0.000000,0.000000,0.221927,0.000000,0.000000,0.110774,use_phone,1,25,9225,phone,none,,,0.000000,1.000000,0,none,,8.617556,8.617556,completed,0,6,rain,24.000000
16,1113,3448158262,248,Day 7 09:45,none,,8.617556,8.617556,completed,0.000000,0.250396,0.000000,0.786667,0.220833,0.166667,1.000000,0.190000,0.996000,11,1,1,1,0,0,0,1,1,1,1,1,0,1,0,1,1,0.103770,0.261066,0.000000,0.000000,0.000000,0.000000,0.117214,0.000000,0.112439,0.119055,0.000000,0.000000,0.191091,0.000000,0.000000,0.095365,shop_on_phone,0,0,9225,phone,resource_insufficient,,,0.000000,1.000000,0,none,,8.617556,8.617556,completed,0,6,rain,24.000000
16,1113,3448158262,249,Day 7 09:45,none,,8.617556,8.617556,completed,0.000000,0.250396,0.000000,0.756667,0.220833,0.166667,1.000000,0.190000,0.996000,11,1,1,1,0,0,0,1,1,1,1,1,0,1,0,1,1,0.103770,0.261066,0.000000,0.000000,0.000000,0.000000,0.117214,0.000000,0.112439,0.119055,0.000000,0.000000,0.191091,0.000000,0.000000,0.095365,go_to_bathroom,1,15,9240,door,none,,,0.000000,1.000000,0,none,,8.617556,8.617556,completed,0,6,rain,24.000000
16,1113,3448158262,250,Day 7 10:00,none,,8.617556,8.617556,completed,0.005000,0.256396,0.000000,0.850493,0.233333,0.000000,1.000000,0.175000,0.987000,11,1,1,1,0,0,0,1,1,1,1,1,0,1,0,1,1,0.117821,0.291621,0.000000,0.000000,0.000000,0.000000,0.131666,0.000000,0.000000,0.136024,0.000000,0.000000,0.215342,0.000000,0.000000,0.107525,shop_on_phone,0,0,9240,phone,resource_insufficient,,,0.000000,1.000000,0,none,,8.617556,8.617556,completed,0,6,rain,24.000000
16,1113,3448158262,251,Day 7 10:00,none,,8.617556,8.617556,completed,0.005000,0.256396,0.000000,0.820493,0.233333,0.000000,1.000000,0.175000,0.987000,11,1,1,1,0,0,0,1,1,1,1,1,0,1,0,1,1,0.117821,0.291621,0.000000,0.000000,0.000000,0.000000,0.131666,0.000000,0.000000,0.136024,0.000000,0.000000,0.215342,0.000000,0.000000,0.107525,turn_off_alarm,1,1,9241,alarm,none,,,0.000000,1.000000,0,none,,8.617556,8.617556,completed,0,6,rain,24.000000
16,1113,3448158262,252,Day 7 10:01,none,,8.617556,8.617556,completed,0.005333,0.256796,0.000000,0.850160,0.234167,0.000667,0.980000,0.174000,0.986400,10,1,1,1,0,0,0,1,1,1,1,1,0,0,0,1,1,0.150180,0.371308,0.000000,0.000000,0.000000,0.000000,0.168066,0.000000,0.000000,0.173454,0.000000,0.000000,0.000000,0.000000,0.000000,0.136992,shop_on_phone,0,0,9241,phone,resource_insufficient,,,0.000000,1.000000,0,none,,8.617556,8.617556,completed,0,6,rain,24.000000
16,1113,3448158262,253,Day 7 10:01,none,,8.617556,8.617556,completed,0.005333,0.256796,0.000000,0.820160,0.234167,0.000667,1.000000,0.174000,0.986400,10,1,1,1,0,0,0,1,1,1,1,1,0,0,0,1,1,0.150234,0.371441,0.000000,0.000000,0.000000,0.000000,0.167767,0.000000,0.000000,0.173516,0.000000,0.000000,0.000000,0.000000,0.000000,0.137041,shop_on_phone,0,0,9241,phone,resource_insufficient,,,0.000000,1.000000,0,none,,8.617556,8.617556,completed,0,6,rain,24.000000
16,1113,3448158262,254,Day 7 10:01,none,,8.617556,8.617556,completed,0.005333,0.256796,0.000000,0.790160,0.234167,0.000667,1.000000,0.174000,0.986400,10,1,1,1,0,0,0,1,1,1,1,1,0,0,0,1,1,0.150234,0.371441,0.000000,0.000000,0.000000,0.000000,0.167767,0.000000,0.000000,0.173516,0.000000,0.000000,0.000000,0.000000,0.000000,0.137041,get_meal,1,35,9276,door,none,message-study-group,,0.000000,1.000000,0,none,,8.617556,8.617556,completed,0,7,rain,24.000000
16,1113,3448158262,255,Day 7 10:36,none,,8.617556,8.617556,completed,0.000000,0.270796,0.000000,0.917320,0.000000,0.024000,1.000000,0.139000,0.965400,10,1,1,1,0,0,0,1,1,1,1,1,0,0,0,1,1,0.184705,0.444313,0.000000,0.000000,0.000000,0.000000,0.203555,0.000000,0.000000,0.000000,0.000000,0.000000,0.000000,0.000000,0.000000,0.167428,use_phone,1,25,9301,phone,none,,,0.000000,1.000000,0,none,,8.617556,8.617556,completed,0,7,rain,24.000000
16,1113,3448158262,256,Day 7 11:01,none,,8.617556,8.617556,completed,0.000000,0.361782,0.000000,0.948986,0.020833,0.040667,1.000000,0.234000,1.000000,10,1,1,1,0,0,0,1,1,1,1,1,0,0,0,1,1,0.000000,0.536368,0.000000,0.000000,0.000000,0.000000,0.268496,0.000000,0.000000,0.000000,0.000000,0.000000,0.000000,0.000000,0.000000,0.195136,rest_at_bed,1,60,9361,bed,none,,,0.000000,1.000000,0,none,,8.617556,8.617556,completed,0,7,rain,24.000000
