personality_index,scenario_seed,action_seed,step,decision_time,pre_commitment_status,pre_commitment_task_id,pre_task_effort,pre_task_effort_target,pre_task_status,pre_boredom,pre_fatigue,pre_task_pressure,pre_satisfaction,pre_hunger,pre_bathroom_urge,pre_anxiety,pre_screen_strain,pre_purchase_urge,known_action_count,known_use_phone,known_shop_on_phone,known_use_computer,known_study_at_computer,known_study_focused,known_study_halfhearted,known_rest_at_bed,known_sleep_at_bed,known_go_to_bathroom,known_get_meal,known_turn_light_on,known_turn_light_off,known_turn_off_alarm,known_open_curtain,known_close_curtain,known_idle,p_use_phone,p_shop_on_phone,p_use_computer,p_study_at_computer,p_study_focused,p_study_halfhearted,p_rest_at_bed,p_sleep_at_bed,p_go_to_bathroom,p_get_meal,p_turn_light_on,p_turn_light_off,p_turn_off_alarm,p_open_curtain,p_close_curtain,p_idle,chosen_action,accepted,elapsed_minutes,simulation_total_minutes,target_object_id,failure_reason,event_ids,outcome_task_id,outcome_task_effort_gained,outcome_task_settlement_variation,outcome_task_session_interrupted,post_commitment_status,post_commitment_task_id,post_task_effort,post_task_effort_target,post_task_status,post_wallet,post_unread_messages,post_weather,post_temperature_celsius
2,1112,3448136217,1,Day 1 08:00,none,,0.000000,7.479986,active,0.550000,0.150000,0.550000,0.450000,0.250000,0.150000,0.200000,0.050000,0.100000,13,1,1,1,1,1,1,1,1,1,1,0,1,0,0,1,1,0.125427,0.089104,0.110234,0.102062,0.105099,0.110213,0.094144,0.000000,0.088088,0.093716,0.000000,0.000000,0.000000,0.000000,0.000000,0.081913,study_focused,1,35,515,desk,none,,coursework,0.465594,1.035826,0,active,coursework,0.465594,7.479986,active,120,0,clear,23.000000
2,1112,3448136217,2,Day 1 08:35,active,coursework,0.465594,7.479986,active,0.581667,0.274000,0.438431,0.518333,0.279167,0.173333,0.150000,0.015000,0.079000,13,1,1,1,1,1,1,1,1,1,1,0,1,0,0,1,1,0.135452,0.000000,0.119770,0.111152,0.115026,0.126531,0.106502,0.000000,0.095540,0.101972,0.000000,0.000000,0.000000,0.000000,0.000000,0.088055,rest_at_bed,1,60,575,bed,none,,,0.000000,1.000000,0,suspended,coursework,0.465594,7.479986,active,120,0,clear,23.000000
2,1112,3448136217,3,Day 1 09:35,suspended,coursework,0.465594,7.479986,active,0.641667,0.018873,0.511663,0.548333,0.329167,0.213333,0.169933,0.000000,0.043000,13,1,1,1,1,1,1,1,1,1,1,0,1,0,0,1,1,0.151974,0.000000,0.130379,0.129621,0.134430,0.143324,0.000000,0.000000,0.104435,0.112083,0.000000,0.000000,0.000000,0.000000,0.000000,0.093754,use_computer,1,30,605,computer,none,,,0.000000,1.000000,0,suspended,coursework,0.465594,7.479986,active,120,0,clear,23.000000
2,1112,3448136217,4,Day 1 10:05,suspended,coursework,0.465594,7.479986,active,0.491667,0.132961,0.604895,0.538333,0.354167,0.233333,0.189866,0.080000,0.025000,13,1,1,1,1,1,1,1,1,1,1,0,1,0,0,1,1,0.125640,0.000000,0.111154,0.122642,0.127100,0.131248,0.097638,0.000000,0.096512,0.103867,0.000000,0.000000,0.000000,0.000000,0.000000,0.084198,study_at_computer,1,35,640,computer,none,,coursework,0.644385,0.926652,0,active,coursework,1.109979,7.479986,active,120,0,clear,23.000000
2,1112,3448136217,5,Day 1 10:40,active,coursework,1.109979,7.479986,active,0.523333,0.258135,0.493326,0.606667,0.383333,0.256667,0.141909,0.125000,0.004000,13,1,1,1,1,1,1,1,1,1,1,0,1,0,0,1,1,0.127178,0.000000,0.113344,0.113502,0.118209,0.125298,0.108496,0.000000,0.099843,0.107798,0.000000,0.000000,0.000000,0.000000,0.000000,0.086332,use_phone,1,25,665,phone,none,,,0.000000,1.000000,0,active,coursework,1.109979,7.479986,active,120,0,clear,23.000000
2,1112,3448136217,6,Day 1 11:05,active,coursework,1.109979,7.479986,active,0.311667,0.350614,0.606558,0.638333,0.404167,0.273333,0.161842,0.220000,0.089000,13,1,1,1,1,1,1,1,1,1,1,0,1,0,0,1,1,0.102486,0.000000,0.094801,0.109610,0.114418,0.111954,0.107966,0.000000,0.092497,0.100096,0.000000,0.088682,0.000000,0.000000,0.000000,0.077489,study_focused,1,35,700,desk,none,,coursework,0.483995,1.076763,0,active,coursework,1.593974,7.479986,active,120,0,clear,23.000000
2,1112,3448136217,7,Day 1 11:40,active,coursework,1.593974,7.479986,active,0.343333,0.474614,0.494990,0.706667,0.433333,0.296667,0.113947,0.185000,0.068000,13,1,1,1,1,1,1,1,1,1,1,0,1,0,0,1,1,0.093356,0.000000,0.086883,0.089728,0.094127,0.096598,0.103008,0.107718,0.084622,0.091870,0.000000,0.081826,0.000000,0.000000,0.000000,0.070263,go_to_bathroom,1,15,715,door,none,,,0.000000,1.000000,0,suspended,coursework,1.593974,7.479986,active,120,0,clear,23.000000
2,1112,3448136217,8,Day 1 11:55,suspended,coursework,1.593974,7.479986,active,0.348333,0.480614,0.494990,0.781807,0.445833,0.000000,0.113947,0.170000,0.059000,13,1,1,1,1,1,1,1,1,1,1,0,1,0,0,1,1,0.102326,0.000000,0.095197,0.097745,0.103096,0.105425,0.112091,0.117305,0.000000,0.101016,0.000000,0.089147,0.000000,0.000000,0.000000,0.076652,study_at_computer,1,35,750,computer,none,,coursework,0.749956,1.078468,0,active,coursework,2.343930,7.479986,active,120,0,clear,23.000000
2,1112,3448136217,9,Day 1 12:30,active,coursework,2.343930,7.479986,active,0.380000,0.605788,0.383421,0.850140,0.475000,0.023333,0.063947,0.215000,0.038000,13,1,1,1,1,1,1,1,1,1,1,0,1,0,0,1,1,0.100896,0.000000,0.094558,0.088091,0.093372,0.100170,0.121347,0.131069,0.000000,0.102124,0.000000,0.091815,0.000000,0.000000,0.000000,0.076559,rest_at_bed,1,60,810,bed,none,room-temperature-shift,,0.000000,1.000000,0,suspended,coursework,2.343930,7.479986,active,120,0,clear,24.000000
2,1112,3448136217,10,Day 1 13:30,suspended,coursework,2.343930,7.479986,active,0.440000,0.350661,0.456653,0.880140,0.525000,0.063333,0.083880,0.015000,0.002000,13,1,1,1,1,1,1,1,1,1,1,0,1,0,0,1,1,0.138926,0.000000,0.125986,0.121116,0.128656,0.133774,0.123096,0.000000,0.000000,0.132343,0.000000,0.000000,0.000000,0.000000,0.000000,0.096104,rest_at_bed,1,60,870,bed,none,message-study-group,,0.000000,1.000000,0,suspended,coursework,2.343930,7.479986,active,120,1,clear,24.000000
2,1112,3448136217,11,Day 1 14:30,suspended,coursework,2.343930,7.479986,active,0.500000,0.095534,0.609885,0.910140,0.575000,0.103333,0.153813,0.000000,0.000000,13,1,1,1,1,1,1,1,1,1,1,0,1,0,0,1,1,0.139080,0.000000,0.122370,0.133073,0.141665,0.142364,0.100669,0.000000,0.000000,0.129794,0.000000,0.000000,0.000000,0.000000,0.000000,0.090985,study_halfhearted,1,35,905,desk,none,task-deadline,coursework,0.271055,1.005044,0,active,coursework,2.614985,7.479986,active,120,1,clear,24.000000
2,1112,3448136217,12,Day 1 15:05,active,coursework,2.614985,7.479986,active,0.561667,0.189534,0.550382,0.918474,0.604167,0.126667,0.136041,0.000000,0.000000,13,1,1,1,1,1,1,1,1,1,1,0,1,0,0,1,1,0.142760,0.000000,0.125614,0.126667,0.134926,0.138268,0.106629,0.000000,0.000000,0.133021,0.000000,0.000000,0.000000,0.000000,0.000000,0.092115,get_meal,1,35,940,door,none,,,0.000000,1.000000,0,suspended,coursework,2.614985,7.479986,active,120,1,clear,24.000000
2,1112,3448136217,13,Day 1 15:40,suspended,coursework,2.614985,7.479986,active,0.533333,0.203534,0.550382,1.000000,0.083333,0.150000,0.136055,0.000000,0.000000,13,1,1,1,1,1,1,1,1,1,1,0,1,0,0,1,1,0.146218,0.000000,0.129294,0.131300,0.140687,0.142461,0.111653,0.000000,0.102857,0.000000,0.000000,0.000000,0.000000,0.000000,0.000000,0.095530,rest_at_bed,1,60,1000,bed,none,weather-clear,,0.000000,1.000000,0,suspended,coursework,2.614985,7.479986,active,120,1,clear,24.000000
2,1112,3448136217,14,Day 1 16:40,suspended,coursework,2.614985,7.479986,active,0.593333,0.000000,0.623613,1.000000,0.133333,0.190000,0.156013,0.000000,0.000000,13,1,1,1,1,1,1,1,1,1,1,0,1,0,0,1,1,0.163500,0.000000,0.140930,0.152358,0.163250,0.164883,0.000000,0.000000,0.112923,0.000000,0.000000,0.000000,0.000000,0.000000,0.000000,0.102156,study_halfhearted,1,35,1035,desk,none,,coursework,0.292971,1.086306,0,active,coursework,2.907955,7.479986,active,120,1,clear,24.000000
2,1112,3448136217,15,Day 1 17:15,active,coursework,2.907955,7.479986,active,0.655000,0.094000,0.564110,1.000000,0.162500,0.213333,0.138752,0.000000,0.000000,13,1,1,1,1,1,1,1,1,1,1,0,1,0,0,1,1,0.138046,0.000000,0.118995,0.119297,0.127826,0.131727,0.092918,0.000000,0.094888,0.091232,0.000000,0.000000,0.000000,0.000000,0.000000,0.085072,go_to_bathroom,1,15,1050,door,none,,,0.000000,1.000000,0,suspended,coursework,2.907955,7.479986,active,120,1,clear,24.000000
2,1112,3448136217,16,Day 1 17:30,suspended,coursework,2.907955,7.479986,active,0.660000,0.100000,0.564110,1.000000,0.175000,0.000000,0.138977,0.000000,0.000000,13,1,1,1,1,1,1,1,1,1,1,0,1,0,0,1,1,0.152563,0.000000,0.131490,0.131464,0.140863,0.145430,0.102834,0.000000,0.000000,0.101475,0.000000,0.000000,0.000000,0.000000,0.000000,0.093881,get_meal,1,35,1085,door,none,evening,,0.000000,1.000000,0,suspended,coursework,2.907955,7.479986,active,120,1,clear,24.000000
2,1112,3448136217,17,Day 1 18:05,suspended,coursework,2.907955,7.479986,active,0.631667,0.114000,0.564110,1.000000,0.000000,0.023333,0.139502,0.000000,0.000000,13,1,1,1,1,1,1,1,1,1,1,0,1,0,0,1,1,0.167646,0.000000,0.145206,0.146215,0.156668,0.164288,0.115521,0.000000,0.000000,0.000000,0.000000,0.000000,0.000000,0.000000,0.000000,0.104457,study_focused,1,35,1120,desk,none,task-reminder,coursework,0.474324,1.055247,0,active,coursework,3.382279,7.479986,active,120,1,clear,24.000000
2,1112,3448136217,18,Day 1 18:40,active,coursework,3.382279,7.479986,active,0.663333,0.238000,0.556672,1.000000,0.029167,0.046667,0.181920,0.000000,0.000000,13,1,1,1,1,1,1,1,1,1,1,0,1,0,0,1,1,0.168302,0.000000,0.146737,0.143195,0.153432,0.160482,0.123145,0.000000,0.000000,0.000000,0.000000,0.000000,0.000000,0.000000,0.000000,0.104707,idle,1,10,1130,,none,,,0.000000,1.000000,0,active,coursework,3.382279,7.479986,active,120,1,clear,24.000000
2,1112,3448136217,19,Day 1 18:50,active,coursework,3.382279,7.479986,active,0.786667,0.242000,0.679904,0.946667,0.037500,0.053333,0.201924,0.000000,0.000000,13,1,1,1,1,1,1,1,1,1,1,0,1,0,0,1,1,0.169572,0.000000,0.145517,0.146796,0.156685,0.164259,0.117218,0.000000,0.000000,0.000000,0.000000,0.000000,0.000000,0.000000,0.000000,0.099952,study_at_computer,1,35,1165,computer,none,,coursework,0.744968,1.071295,0,active,coursework,4.127247,7.479986,active,120,1,clear,24.000000
2,1112,3448136217,20,Day 1 19:25,active,coursework,4.127247,7.479986,active,0.818333,0.367174,0.568335,1.000000,0.066667,0.076667,0.156758,0.045000,0.000000,13,1,1,1,1,1,1,1,1,1,1,0,1,0,0,1,1,0.172587,0.000000,0.149195,0.136652,0.146422,0.161159,0.130939,0.000000,0.000000,0.000000,0.000000,0.000000,0.000000,0.000000,0.000000,0.103046,study_focused,1,35,1200,desk,none,,coursework,0.477831,1.063050,0,active,coursework,4.605078,7.479986,active,120,1,clear,24.000000
2,1112,3448136217,21,Day 1 20:00,active,coursework,4.605078,7.479986,active,0.850000,0.491174,0.456767,1.000000,0.095833,0.100000,0.107440,0.010000,0.000000,13,1,1,1,1,1,1,1,1,1,1,0,1,0,0,1,1,0.159568,0.000000,0.138781,0.113517,0.121632,0.141120,0.126810,0.000000,0.000000,0.000000,0.000000,0.103735,0.000000,0.000000,0.000000,0.094837,study_halfhearted,1,35,1235,desk,none,,coursework,0.245504,0.910306,0,active,coursework,4.850583,7.479986,active,120,1,clear,24.000000
2,1112,3448136217,22,Day 1 20:35,active,coursework,4.850583,7.479986,active,0.911667,0.585174,0.397264,1.000000,0.125000,0.123333,0.087440,0.000000,0.000000,13,1,1,1,1,1,1,1,1,1,1,0,1,0,0,1,1,0.142801,0.000000,0.124186,0.093971,0.100689,0.121828,0.116450,0.123864,0.000000,0.000000,0.000000,0.092679,0.000000,0.000000,0.000000,0.083530,study_at_computer,1,35,1270,computer,none,,coursework,0.705666,1.014777,0,active,coursework,5.556249,7.479986,active,120,1,clear,24.000000
2,1112,3448136217,23,Day 1 21:10,active,coursework,5.556249,7.479986,active,0.943333,0.710348,0.285695,1.000000,0.154167,0.146667,0.037440,0.045000,0.000000,13,1,1,1,1,1,1,1,1,1,1,0,1,0,0,1,1,0.129642,0.000000,0.113572,0.000000,0.083549,0.106577,0.116071,0.127425,0.079193,0.079272,0.000000,0.087885,0.000000,0.000000,0.000000,0.076813,study_halfhearted,1,35,1305,desk,none,,coursework,0.274035,1.016095,0,active,coursework,5.830284,7.479986,active,120,1,clear,24.000000
2,1112,3448136217,24,Day 1 21:45,active,coursework,5.830284,7.479986,active,1.000000,0.804348,0.226192,1.000000,0.183333,0.170000,0.017440,0.010000,0.000000,13,1,1,1,1,1,1,1,1,1,1,0,1,0,0,1,1,0.141713,0.000000,0.124171,0.000000,0.000000,0.111893,0.128627,0.144246,0.085704,0.086066,0.000000,0.095225,0.000000,0.000000,0.000000,0.082355,use_computer,1,30,1335,computer,none,,,0.000000,1.000000,0,active,coursework,5.830284,7.479986,active,120,1,clear,24.000000
2,1112,3448136217,25,Day 1 22:15,active,coursework,5.830284,7.479986,active,0.850000,0.918436,0.319424,0.990000,0.208333,0.190000,0.037373,0.090000,0.000000,13,1,1,1,1,1,1,1,1,1,1,0,1,0,0,1,1,0.108202,0.000000,0.097771,0.000000,0.073543,0.092605,0.118397,0.137593,0.073149,0.073661,0.000000,0.083506,0.000000,0.000000,0.073264,0.068307,go_to_bathroom,1,15,1350,door,none,,,0.000000,1.000000,0,suspended,coursework,5.830284,7.479986,active,120,1,clear,24.000000
2,1112,3448136217,26,Day 1 22:30,suspended,coursework,5.830284,7.479986,active,0.855000,0.924436,0.319424,1.000000,0.220833,0.000000,0.037373,0.075000,0.000000,13,1,1,1,1,1,1,1,1,1,1,0,1,0,0,1,1,0.128802,0.000000,0.116343,0.000000,0.000000,0.097782,0.139920,0.162728,0.000000,0.087963,0.000000,0.098804,0.000000,0.000000,0.086729,0.080929,use_computer,1,30,1380,computer,none,,,0.000000,1.000000,0,suspended,coursework,5.830284,7.479986,active,120,1,clear,24.000000
2,1112,3448136217,27,Day 1 23:00,suspended,coursework,5.830284,7.479986,active,0.705000,1.000000,0.412655,0.990000,0.245833,0.020000,0.057306,0.155000,0.000000,13,1,1,1,1,1,1,1,1,1,1,0,1,0,0,1,1,0.115778,0.000000,0.107487,0.000000,0.000000,0.097359,0.147996,0.176576,0.000000,0.088334,0.000000,0.100713,0.000000,0.000000,0.086997,0.078761,get_meal,1,35,1415,door,none,,,0.000000,1.000000,0,suspended,coursework,5.830284,7.479986,active,120,1,clear,24.000000
2,1112,3448136217,28,Day 1 23:35,suspended,coursework,5.830284,7.479986,active,0.676667,1.000000,0.412655,1.000000,0.000000,0.043333,0.057306,0.120000,0.000000,13,1,1,1,1,1,1,1,1,1,1,0,1,0,0,1,1,0.126955,0.000000,0.118244,0.000000,0.000000,0.108917,0.161164,0.191923,0.000000,0.000000,0.000000,0.110439,0.000000,0.000000,0.095676,0.086682,rest_at_bed,1,60,1475,bed,none,,,0.000000,1.000000,0,suspended,coursework,5.830284,7.479986,active,120,1,clear,24.000000
2,1112,3448136217,29,Day 2 00:35,suspended,coursework,5.830284,7.479986,active,0.736667,0.744873,0.485887,1.000000,0.050000,0.083333,0.077239,0.000000,0.000000,13,1,1,1,1,1,1,1,1,1,1,0,1,0,0,1,1,0.144603,0.000000,0.130474,0.000000,0.102206,0.125110,0.141639,0.156975,0.000000,0.000000,0.000000,0.107407,0.000000,0.000000,0.000000,0.091585,study_focused,1,35,1510,desk,none,,coursework,0.461284,1.026238,0,active,coursework,6.291568,7.479986,active,120,1,clear,24.000000
2,1112,3448136217,30,Day 2 01:10,active,coursework,6.291568,7.479986,active,0.768333,0.868873,0.374319,1.000000,0.079167,0.106667,0.027239,0.000000,0.000000,13,1,1,1,1,1,1,1,1,1,1,0,1,0,0,1,1,0.128006,0.000000,0.116262,0.000000,0.091936,0.111167,0.134027,0.152887,0.000000,0.000000,0.000000,0.097595,0.000000,0.000000,0.086803,0.081317,turn_light_off,1,1,1511,light,none,,,0.000000,1.000000,0,active,coursework,6.291568,7.479986,active,120,1,clear,24.000000
2,1112,3448136217,31,Day 2 01:11,active,coursework,6.291568,7.479986,active,0.768667,0.869273,0.374319,1.000000,0.080000,0.107333,0.027239,0.000000,0.000000,10,1,1,1,0,0,0,1,1,1,1,1,0,0,0,1,1,0.183041,0.000000,0.166246,0.000000,0.000000,0.000000,0.191668,0.218664,0.000000,0.000000,0.000000,0.000000,0.000000,0.000000,0.124113,0.116268,use_phone,1,25,1536,phone,none,,,0.000000,1.000000,0,active,coursework,6.291568,7.479986,active,120,1,clear,24.000000
2,1112,3448136217,32,Day 2 01:36,active,coursework,6.291568,7.479986,active,0.557000,0.961752,0.487550,1.000000,0.100833,0.124000,0.047172,0.095000,0.085000,10,1,1,1,0,0,0,1,1,1,1,1,0,0,0,1,1,0.141877,0.000000,0.133745,0.000000,0.000000,0.000000,0.183458,0.215845,0.000000,0.000000,0.113310,0.000000,0.000000,0.000000,0.111387,0.100378,use_phone,1,25,1561,phone,none,,,0.000000,1.000000,0,active,coursework,6.291568,7.479986,active,120,1,clear,24.000000
2,1112,3448136217,33,Day 2 02:01,active,coursework,6.291568,7.479986,active,0.345333,1.000000,0.600782,1.000000,0.121667,0.140667,0.067106,0.190000,0.170000,10,1,1,1,0,0,0,1,1,1,1,1,0,0,0,1,1,0.102675,0.092592,0.099989,0.000000,0.000000,0.000000,0.158457,0.189551,0.087522,0.000000,0.096386,0.000000,0.000000,0.000000,0.092298,0.080531,rest_at_bed,1,60,1621,bed,none,,,0.000000,1.000000,0,suspended,coursework,6.291568,7.479986,active,120,1,clear,24.000000
2,1112,3448136217,34,Day 2 03:01,suspended,coursework,6.291568,7.479986,active,0.405333,0.744873,0.674014,1.000000,0.171667,0.180667,0.090278,0.000000,0.134000,10,1,1,1,0,0,0,1,1,1,1,1,0,0,0,1,1,0.119828,0.096480,0.112934,0.000000,0.000000,0.000000,0.137000,0.151977,0.095812,0.094782,0.105318,0.000000,0.000000,0.000000,0.000000,0.085869,go_to_bathroom,1,15,1636,door,none,,,0.000000,1.000000,0,suspended,coursework,6.291568,7.479986,active,120,1,clear,24.000000
2,1112,3448136217,35,Day 2 03:16,suspended,coursework,6.291568,7.479986,active,0.410333,0.750873,0.674014,1.000000,0.184167,0.000000,0.092256,0.000000,0.125000,10,1,1,1,0,0,0,1,1,1,1,1,0,0,0,1,1,0.132500,0.105857,0.124859,0.000000,0.000000,0.000000,0.151681,0.168552,0.000000,0.105480,0.116261,0.000000,0.000000,0.000000,0.000000,0.094811,use_computer,1,30,1666,computer,none,,,0.000000,1.000000,0,suspended,coursework,6.291568,7.479986,active,120,1,clear,24.000000
2,1112,3448136217,36,Day 2 03:46,suspended,coursework,6.291568,7.479986,active,0.260333,0.864961,0.767246,0.990000,0.209167,0.020000,0.116144,0.080000,0.107000,10,1,1,1,0,0,0,1,1,1,1,1,0,0,0,1,1,0.117784,0.000000,0.114460,0.000000,0.000000,0.000000,0.162503,0.187184,0.000000,0.105104,0.117675,0.000000,0.000000,0.000000,0.103734,0.091555,use_phone,1,25,1691,phone,none,,,0.000000,1.000000,0,suspended,coursework,6.291568,7.479986,active,120,1,clear,24.000000
2,1112,3448136217,37,Day 2 04:11,suspended,coursework,6.291568,7.479986,active,0.048667,0.957439,0.880478,1.000000,0.230000,0.036667,0.141851,0.175000,0.192000,10,1,1,1,0,0,0,1,1,1,1,1,0,0,0,1,1,0.092079,0.094898,0.092873,0.000000,0.000000,0.000000,0.156811,0.186356,0.000000,0.094678,0.108690,0.000000,0.000000,0.000000,0.093896,0.079720,rest_at_bed,1,60,1751,bed,none,,,0.000000,1.000000,0,suspended,coursework,6.291568,7.479986,active,120,1,clear,24.000000
2,1112,3448136217,38,Day 2 05:11,suspended,coursework,6.291568,7.479986,active,0.108667,0.702313,0.953709,1.000000,0.280000,0.076667,0.182864,0.000000,0.156000,10,1,1,1,0,0,0,1,1,1,1,1,0,0,0,1,1,0.118329,0.109237,0.115529,0.000000,0.000000,0.000000,0.150393,0.166092,0.000000,0.115131,0.131384,0.000000,0.000000,0.000000,0.000000,0.093905,use_phone,1,25,1776,phone,none,,,0.000000,1.000000,0,suspended,coursework,6.291568,7.479986,active,120,1,clear,24.000000
2,1112,3448136217,39,Day 2 05:36,suspended,coursework,6.291568,7.479986,active,0.000000,0.794791,1.000000,1.000000,0.300833,0.093333,0.213527,0.095000,0.241000,10,1,1,1,0,0,0,1,1,1,1,1,0,0,0,1,1,0.096344,0.101579,0.096318,0.000000,0.000000,0.000000,0.143961,0.164089,0.000000,0.102915,0.117881,0.000000,0.000000,0.000000,0.094930,0.081984,shop_on_phone,1,20,1796,phone,none,,,0.000000,1.000000,0,suspended,coursework,6.291568,7.479986,active,90,1,clear,24.000000
2,1112,3448136217,40,Day 2 05:56,suspended,coursework,6.291568,7.479986,active,0.006667,0.804357,1.000000,1.000000,0.317500,0.106667,0.243028,0.155000,0.000000,10,1,1,1,0,0,0,1,1,1,1,1,0,0,0,1,1,0.105033,0.000000,0.105091,0.000000,0.000000,0.000000,0.162604,0.186806,0.000000,0.114659,0.130200,0.000000,0.000000,0.000000,0.105225,0.090383,sleep_at_bed,1,480,2276,bed,none,alarm-rings|weather-rain,,0.000000,1.000000,0,suspended,coursework,6.291568,7.479986,active,90,1,rain,24.000000
2,1112,3448136217,41,Day 2 13:56,suspended,coursework,6.291568,7.479986,active,0.116667,0.469934,1.000000,0.920000,0.717500,0.426667,0.528538,0.000000,0.000000,11,1,1,1,0,0,0,1,1,1,1,1,0,1,0,1,1,0.118605,0.000000,0.113370,0.000000,0.000000,0.000000,0.126572,0.000000,0.125560,0.150382,0.134162,0.000000,0.139577,0.000000,0.000000,0.091771,go_to_bathroom,1,15,2291,door,none,,,0.000000,1.000000,0,suspended,coursework,6.291568,7.479986,active,90,1,rain,24.000000
2,1112,3448136217,42,Day 2 14:11,suspended,coursework,6.291568,7.479986,active,0.121667,0.475934,1.000000,0.995140,0.730000,0.000000,0.535714,0.000000,0.000000,11,1,1,1,0,0,0,1,1,1,1,1,0,1,0,1,1,0.135529,0.000000,0.129529,0.000000,0.000000,0.000000,0.144763,0.000000,0.000000,0.172946,0.153113,0.000000,0.159408,0.000000,0.000000,0.104712,get_meal,1,35,2326,door,none,,,0.000000,1.000000,0,suspended,coursework,6.291568,7.479986,active,90,1,rain,24.000000
2,1112,3448136217,43,Day 2 14:46,suspended,coursework,6.291568,7.479986,active,0.093333,0.489934,1.000000,1.000000,0.209167,0.023333,0.552457,0.000000,0.000000,11,1,1,1,0,0,0,1,1,1,1,1,0,1,0,1,1,0.140915,0.000000,0.135344,0.000000,0.000000,0.000000,0.153695,0.000000,0.000000,0.129389,0.161742,0.000000,0.168677,0.000000,0.000000,0.110240,get_meal,1,35,2361,door,none,task-reminder,,0.000000,1.000000,0,suspended,coursework,6.291568,7.479986,active,90,1,rain,24.000000
2,1112,3448136217,44,Day 2 15:21,suspended,coursework,6.291568,7.479986,active,0.065000,0.503934,1.000000,1.000000,0.000000,0.046667,0.569201,0.000000,0.000000,11,1,1,1,0,0,0,1,1,1,1,1,0,1,0,1,1,0.159862,0.000000,0.154302,0.000000,0.000000,0.000000,0.178041,0.000000,0.000000,0.000000,0.186420,0.000000,0.194743,0.000000,0.000000,0.126632,use_phone,1,25,2386,phone,none,,,0.000000,1.000000,0,suspended,coursework,6.291568,7.479986,active,90,1,rain,24.000000
2,1112,3448136217,45,Day 2 15:46,suspended,coursework,6.291568,7.479986,active,0.000000,0.596413,1.000000,1.000000,0.020833,0.063333,0.601094,0.095000,0.085000,11,1,1,1,0,0,0,1,1,1,1,1,0,1,0,1,1,0.123926,0.000000,0.121780,0.000000,0.000000,0.000000,0.158956,0.176893,0.000000,0.000000,0.153704,0.000000,0.161085,0.000000,0.000000,0.103656,use_computer,1,30,2416,computer,none,,,0.000000,1.000000,0,suspended,coursework,6.291568,7.479986,active,90,1,rain,24.000000
2,1112,3448136217,46,Day 2 16:16,suspended,coursework,6.291568,7.479986,active,0.000000,0.710500,1.000000,0.990000,0.045833,0.083333,0.635379,0.175000,0.067000,11,1,1,1,0,0,0,1,1,1,1,1,0,1,0,1,1,0.116594,0.000000,0.115848,0.000000,0.000000,0.000000,0.167854,0.193776,0.000000,0.000000,0.149008,0.000000,0.156705,0.000000,0.000000,0.100216,idle,1,10,2426,,none,message-study-group,,0.000000,1.000000,0,suspended,coursework,6.291568,7.479986,active,90,2,rain,24.000000
2,1112,3448136217,47,Day 2 16:26,suspended,coursework,6.291568,7.479986,active,0.123333,0.714500,1.000000,0.936667,0.054167,0.090000,0.710096,0.165000,0.061000,11,1,1,1,0,0,0,1,1,1,1,1,0,1,0,1,1,0.121948,0.000000,0.119243,0.000000,0.000000,0.000000,0.164256,0.190744,0.000000,0.000000,0.147688,0.000000,0.156496,0.000000,0.000000,0.099624,use_phone,1,25,2451,phone,none,,,0.000000,1.000000,0,suspended,coursework,6.291568,7.479986,active,90,2,rain,24.000000
2,1112,3448136217,48,Day 2 16:51,suspended,coursework,6.291568,7.479986,active,0.000000,0.806979,1.000000,0.968333,0.075000,0.106667,0.741990,0.260000,0.146000,11,1,1,1,0,0,0,1,1,1,1,1,0,1,0,1,1,0.089408,0.091628,0.089692,0.000000,0.000000,0.000000,0.142546,0.170859,0.000000,0.000000,0.118364,0.000000,0.125828,0.000000,0.092740,0.078935,close_curtain,1,1,2452,window,none,,,0.000000,1.000000,0,suspended,coursework,6.291568,7.479986,active,90,2,rain,24.000000
2,1112,3448136217,49,Day 2 16:52,suspended,coursework,6.291568,7.479986,active,0.000333,0.807379,1.000000,0.978000,0.075833,0.107333,0.742468,0.259000,0.145400,11,1,1,1,0,0,0,1,1,1,1,1,0,1,1,0,1,0.098581,0.100955,0.098892,0.000000,0.000000,0.000000,0.157089,0.188307,0.000000,0.000000,0.130469,0.000000,0.138703,0.000000,0.000000,0.087006,idle,1,10,2462,,none,,,0.000000,1.000000,0,suspended,coursework,6.291568,7.479986,active,90,2,rain,24.000000
2,1112,3448136217,50,Day 2 17:02,suspended,coursework,6.291568,7.479986,active,0.123667,0.811379,1.000000,0.924667,0.084167,0.114000,0.767185,0.249000,0.139400,11,1,1,1,0,0,0,1,1,1,1,1,0,1,1,0,1,0.103446,0.099962,0.102123,0.000000,0.000000,0.000000,0.154783,0.185968,0.000000,0.000000,0.129222,0.000000,0.137722,0.000000,0.000000,0.086775,use_phone,1,25,2487,phone,none,room-temperature-shift,,0.000000,1.000000,0,suspended,coursework,6.291568,7.479986,active,90,2,rain,24.000000
2,1112,3448136217,51,Day 2 17:27,suspended,coursework,6.291568,7.479986,active,0.000000,0.903858,1.000000,0.956333,0.105000,0.130667,0.799078,0.344000,0.224400,11,1,1,1,0,0,0,1,1,1,1,1,0,1,1,0,1,0.092385,0.102606,0.093573,0.000000,0.000000,0.000000,0.163649,0.202946,0.000000,0.000000,0.126173,0.000000,0.134906,0.000000,0.000000,0.083762,turn_off_alarm,1,1,2488,alarm,none,,,0.000000,1.000000,0,suspended,coursework,6.291568,7.479986,active,90,2,rain,24.000000
2,1112,3448136217,52,Day 2 17:28,suspended,coursework,6.291568,7.479986,active,0.000333,0.904258,1.000000,0.986000,0.105833,0.131333,0.779557,0.343000,0.223800,10,1,1,1,0,0,0,1,1,1,1,1,0,0,1,0,1,0.106826,0.118558,0.108198,0.000000,0.000000,0.000000,0.189405,0.234568,0.000000,0.000000,0.145621,0.000000,0.000000,0.000000,0.000000,0.096824,use_phone,1,25,2513,phone,none,evening,,0.000000,1.000000,0,suspended,coursework,6.291568,7.479986,active,90,2,rain,24.000000
2,1112,3448136217,53,Day 2 17:53,suspended,coursework,6.291568,7.479986,active,0.000000,0.996737,1.000000,1.000000,0.126667,0.148000,0.811450,0.438000,0.308800,10,1,1,1,0,0,0,1,1,1,1,1,0,0,1,0,1,0.000000,0.132675,0.000000,0.000000,0.000000,0.000000,0.217061,0.277469,0.116465,0.000000,0.154118,0.000000,0.000000,0.000000,0.000000,0.102212,go_to_bathroom,1,15,2528,door,none,,,0.000000,1.000000,0,suspended,coursework,6.291568,7.479986,active,90,2,rain,24.000000
2,1112,3448136217,54,Day 2 18:08,suspended,coursework,6.291568,7.479986,active,0.005000,1.000000,1.000000,1.000000,0.139167,0.000000,0.818626,0.423000,0.299800,10,1,1,1,0,0,0,1,1,1,1,1,0,0,1,0,1,0.000000,0.149708,0.000000,0.000000,0.000000,0.000000,0.245364,0.313823,0.000000,0.000000,0.175041,0.000000,0.000000,0.000000,0.000000,0.116064,sleep_at_bed,1,480,3008,bed,none,,,0.000000,1.000000,0,suspended,coursework,6.291568,7.479986,active,90,2,rain,24.000000
2,1112,3448136217,55,Day 3 02:08,suspended,coursework,6.291568,7.479986,active,0.085000,0.665577,1.000000,0.920000,0.539167,0.320000,1.000000,0.000000,0.011800,10,1,1,1,0,0,0,1,1,1,1,1,0,0,1,0,1,0.114648,0.000000,0.111927,0.000000,0.000000,0.000000,0.135727,0.157487,0.116445,0.133407,0.138991,0.000000,0.000000,0.000000,0.000000,0.091368,get_meal,1,35,3043,door,none,,,0.000000,1.000000,0,suspended,coursework,6.291568,7.479986,active,90,2,rain,24.000000
2,1112,3448136217,56,Day 3 02:43,suspended,coursework,6.291568,7.479986,active,0.056667,0.679577,1.000000,1.000000,0.018333,0.343333,1.000000,0.000000,0.000000,10,1,1,1,0,0,0,1,1,1,1,1,0,0,1,0,1,0.130121,0.000000,0.127663,0.000000,0.000000,0.000000,0.157488,0.183409,0.136261,0.000000,0.160057,0.000000,0.000000,0.000000,0.000000,0.105002,sleep_at_bed,1,480,3523,bed,none,alarm-rings,,0.000000,1.000000,0,suspended,coursework,6.291568,7.479986,active,90,2,rain,24.000000
2,1112,3448136217,57,Day 3 10:43,suspended,coursework,6.291568,7.479986,active,0.166667,0.345154,1.000000,0.920000,0.418333,0.663333,1.000000,0.000000,0.000000,11,1,1,1,0,0,0,1,1,1,1,1,0,1,1,0,1,0.121900,0.000000,0.114511,0.000000,0.000000,0.000000,0.113552,0.000000,0.146706,0.122596,0.138327,0.000000,0.150938,0.000000,0.000000,0.091470,turn_light_on,1,1,3524,light,none,,,0.000000,1.000000,0,suspended,coursework,6.291568,7.479986,active,90,2,rain,24.000000
2,1112,3448136217,58,Day 3 10:44,suspended,coursework,6.291568,7.479986,active,0.167000,0.345554,1.000000,0.939667,0.419167,0.664000,1.000000,0.000000,0.000000,14,1,1,1,1,1,1,1,1,1,1,0,1,1,1,0,1,0.084136,0.000000,0.079036,0.116516,0.124303,0.164391,0.078382,0.000000,0.101291,0.084653,0.000000,0.000000,0.104166,0.000000,0.000000,0.063127,study_focused,1,35,3559,desk,none,weather-rain,coursework,0.460401,1.024273,0,active,coursework,6.751969,7.479986,active,90,2,rain,24.000000
2,1112,3448136217,59,Day 3 11:19,active,coursework,6.751969,7.479986,active,0.198667,0.469554,0.888431,1.000000,0.448333,0.687333,0.966744,0.000000,0.000000,14,1,1,1,1,1,1,1,1,1,1,0,1,1,1,0,1,0.081973,0.000000,0.077513,0.115632,0.123899,0.102124,0.081533,0.000000,0.099869,0.083733,0.000000,0.071569,0.100465,0.000000,0.000000,0.061689,study_focused,1,35,3594,desk,none,,coursework,0.457163,1.017068,0,active,coursework,7.209132,7.479986,active,90,2,rain,24.000000
2,1112,3448136217,60,Day 3 11:54,active,coursework,7.209132,7.479986,active,0.230333,0.593554,0.776863,1.000000,0.477500,0.710667,0.929336,0.000000,0.000000,14,1,1,1,1,1,1,1,1,1,1,0,1,1,1,0,1,0.075811,0.000000,0.072159,0.096982,0.103915,0.090217,0.080530,0.091228,0.093468,0.078619,0.000000,0.067940,0.091908,0.000000,0.000000,0.057224,use_computer,1,30,3624,computer,none,,,0.000000,1.000000,0,active,coursework,7.209132,7.479986,active,90,2,rain,24.000000
2,1112,3448136217,61,Day 3 12:24,active,coursework,7.209132,7.479986,active,0.080333,0.707641,0.870095,0.990000,0.502500,0.730667,0.956505,0.080000,0.000000,14,1,1,1,1,1,1,1,1,1,1,0,1,1,1,0,1,0.067461,0.000000,0.066217,0.098870,0.105862,0.087069,0.086343,0.101416,0.092973,0.078419,0.000000,0.069435,0.090618,0.000000,0.000000,0.055315,study_halfhearted,1,35,3659,desk,none,,coursework,0.253669,0.940581,0,active,coursework,7.462802,7.479986,active,90,2,rain,24.000000
2,1112,3448136217,62,Day 3 12:59,active,coursework,7.462802,7.479986,active,0.142000,0.801641,0.810591,0.998333,0.531667,0.754000,0.948415,0.045000,0.000000,14,1,1,1,1,1,1,1,1,1,1,0,1,1,1,0,1,0.068955,0.000000,0.067652,0.093137,0.099783,0.085468,0.089185,0.107099,0.093864,0.079426,0.000000,0.070185,0.089901,0.000000,0.000000,0.055345,go_to_bathroom,1,15,3674,door,none,,,0.000000,1.000000,0,suspended,coursework,7.462802,7.479986,active,90,2,rain,24.000000
2,1112,3448136217,63,Day 3 13:14,suspended,coursework,7.462802,7.479986,active,0.147000,0.807641,0.810591,1.000000,0.544167,0.144000,0.952571,0.030000,0.000000,14,1,1,1,1,1,1,1,1,1,1,0,1,1,1,0,1,0.073849,0.000000,0.072429,0.088367,0.094685,0.081221,0.094797,0.113959,0.065786,0.085333,0.000000,0.074713,0.095866,0.000000,0.000000,0.058995,idle,1,10,3684,,none,,,0.000000,1.000000,0,suspended,coursework,7.462802,7.479986,active,90,2,rain,24.000000
2,1112,3448136217,64,Day 3 13:24,suspended,coursework,7.462802,7.479986,active,0.270333,0.811641,0.933823,0.946667,0.552500,0.150667,0.975274,0.020000,0.000000,14,1,1,1,1,1,1,1,1,1,1,0,1,1,1,0,1,0.076057,0.000000,0.073409,0.092433,0.098661,0.086668,0.091687,0.110457,0.064117,0.083245,0.000000,0.072438,0.093389,0.000000,0.000000,0.057440,turn_off_alarm,1,1,3685,alarm,none,,,0.000000,1.000000,0,suspended,coursework,7.462802,7.479986,active,90,2,rain,24.000000
2,1112,3448136217,65,Day 3 13:25,suspended,coursework,7.462802,7.479986,active,0.270667,0.812041,0.933823,0.976333,0.553333,0.151333,0.955682,0.019000,0.000000,13,1,1,1,1,1,1,1,1,1,1,0,1,0,1,0,1,0.083767,0.000000,0.080849,0.101475,0.108544,0.097366,0.101076,0.121602,0.070626,0.091703,0.000000,0.079749,0.000000,0.000000,0.000000,0.063243,study_focused,1,35,3720,desk,none,room-temperature-shift|task-completed,coursework,0.424738,0.944932,0,none,,7.479986,7.479986,completed,90,2,rain,17.000000
2,1112,3448136217,66,Day 3 14:00,none,,7.479986,7.479986,completed,0.302333,0.976041,0.190033,1.000000,0.582500,0.174667,0.369964,0.000000,0.000000,10,1,1,1,0,0,0,1,1,1,1,0,1,0,1,0,1,0.115020,0.000000,0.112105,0.000000,0.000000,0.000000,0.156409,0.188097,0.098074,0.127754,0.000000,0.113079,0.000000,0.000000,0.000000,0.089462,go_to_bathroom,1,15,3735,door,none,,,0.000000,1.000000,0,none,,7.479986,7.479986,completed,90,2,rain,17.000000
2,1112,3448136217,67,Day 3 14:15,none,,7.479986,7.479986,completed,0.307333,0.982041,0.190033,1.000000,0.595000,0.000000,0.369964,0.000000,0.000000,10,1,1,1,0,0,0,1,1,1,1,0,1,0,1,0,1,0.127327,0.000000,0.124082,0.000000,0.000000,0.000000,0.173390,0.208847,0.000000,0.142333,0.000000,0.125132,0.000000,0.000000,0.000000,0.098889,turn_light_off,1,1,3736,light,none,,,0.000000,1.000000,0,none,,7.479986,7.479986,completed,90,2,rain,17.000000
2,1112,3448136217,68,Day 3 14:16,none,,7.479986,7.479986,completed,0.307667,0.982441,0.190033,1.000000,0.595833,0.000667,0.369964,0.000000,0.000000,10,1,1,1,0,0,0,1,1,1,1,1,0,0,1,0,1,0.145520,0.000000,0.141811,0.000000,0.000000,0.000000,0.198184,0.238736,0.000000,0.162741,0.000000,0.000000,0.000000,0.000000,0.000000,0.113008,use_computer,1,30,3766,computer,none,,,0.000000,1.000000,0,none,,7.479986,7.479986,completed,90,2,rain,17.000000
2,1112,3448136217,69,Day 3 14:46,none,,7.479986,7.479986,completed,0.157667,1.000000,0.190033,0.990000,0.620833,0.020667,0.369964,0.080000,0.000000,10,1,1,1,0,0,0,1,1,1,1,1,0,0,1,0,1,0.133194,0.000000,0.132739,0.000000,0.000000,0.000000,0.206106,0.250506,0.000000,0.165577,0.000000,0.000000,0.000000,0.000000,0.000000,0.111878,idle,1,10,3776,,none,,,0.000000,1.000000,0,none,,7.479986,7.479986,completed,90,2,rain,17.000000
2,1112,3448136217,70,Day 3 14:56,none,,7.479986,7.479986,completed,0.281000,1.000000,0.190033,0.936667,0.629167,0.027333,0.369964,0.070000,0.000000,10,1,1,1,0,0,0,1,1,1,1,1,0,0,1,0,1,0.139446,0.000000,0.136714,0.000000,0.000000,0.000000,0.202465,0.245948,0.000000,0.164141,0.000000,0.000000,0.000000,0.000000,0.000000,0.111286,idle,1,10,3786,,none,,,0.000000,1.000000,0,none,,7.479986,7.479986,completed,90,2,rain,17.000000
2,1112,3448136217,71,Day 3 15:06,none,,7.479986,7.479986,completed,0.404333,1.000000,0.190033,0.883333,0.637500,0.034000,0.369964,0.060000,0.000000,10,1,1,1,0,0,0,1,1,1,1,1,0,0,1,0,1,0.145907,0.000000,0.140727,0.000000,0.000000,0.000000,0.198774,0.241334,0.000000,0.162624,0.000000,0.000000,0.000000,0.000000,0.000000,0.110634,use_phone,1,25,3811,phone,none,message-study-group,,0.000000,1.000000,0,none,,7.479986,7.479986,completed,90,3,rain,17.000000
2,1112,3448136217,72,Day 3 15:31,none,,7.479986,7.479986,completed,0.192667,1.000000,0.190033,0.915000,0.658333,0.050667,0.369964,0.155000,0.085000,10,1,1,1,0,0,0,1,1,1,1,1,0,0,1,0,1,0.130914,0.000000,0.130008,0.000000,0.000000,0.000000,0.208103,0.253963,0.000000,0.166790,0.000000,0.000000,0.000000,0.000000,0.000000,0.110221,get_meal,1,35,3846,door,none,,,0.000000,1.000000,0,none,,7.479986,7.479986,completed,90,3,rain,17.000000
2,1112,3448136217,73,Day 3 16:06,none,,7.479986,7.479986,completed,0.164333,1.000000,0.190033,1.000000,0.137500,0.074000,0.369964,0.120000,0.064000,10,1,1,1,0,0,0,1,1,1,1,1,0,0,1,0,1,0.157658,0.000000,0.157072,0.000000,0.000000,0.000000,0.248886,0.303159,0.000000,0.000000,0.000000,0.000000,0.000000,0.000000,0.000000,0.133226,sleep_at_bed,1,480,4326,bed,none,evening,,0.000000,1.000000,0,none,,7.479986,7.479986,completed,90,3,rain,17.000000
2,1112,3448136217,74,Day 4 00:06,none,,7.479986,7.479986,completed,0.244333,0.665577,0.190033,0.920000,0.537500,0.394000,0.369964,0.000000,0.000000,10,1,1,1,0,0,0,1,1,1,1,1,0,0,1,0,1,0.138403,0.000000,0.132317,0.000000,0.000000,0.000000,0.159118,0.176414,0.137240,0.149275,0.000000,0.000000,0.000000,0.000000,0.000000,0.107233,idle,1,10,4336,,none,,,0.000000,1.000000,0,none,,7.479986,7.479986,completed,90,3,rain,17.000000
2,1112,3448136217,75,Day 4 00:16,none,,7.479986,7.479986,completed,0.367667,0.669577,0.190033,0.866667,0.545833,0.400667,0.369964,0.000000,0.000000,10,1,1,1,0,0,0,1,1,1,1,1,0,0,1,0,1,0.144130,0.000000,0.135624,0.000000,0.000000,0.000000,0.156773,0.173996,0.135544,0.147566,0.000000,0.000000,0.000000,0.000000,0.000000,0.106367,use_computer,1,30,4366,computer,none,,,0.000000,1.000000,0,none,,7.479986,7.479986,completed,90,3,rain,17.000000
2,1112,3448136217,76,Day 4 00:46,none,,7.479986,7.479986,completed,0.217667,0.783664,0.190033,0.856667,0.570833,0.420667,0.369964,0.080000,0.000000,10,1,1,1,0,0,0,1,1,1,1,1,0,0,1,0,1,0.128278,0.000000,0.124479,0.000000,0.000000,0.000000,0.168452,0.193465,0.134852,0.147218,0.000000,0.000000,0.000000,0.000000,0.000000,0.103256,use_phone,1,25,4391,phone,none,,,0.000000,1.000000,0,none,,7.479986,7.479986,completed,90,3,rain,17.000000
2,1112,3448136217,77,Day 4 01:11,none,,7.479986,7.479986,completed,0.006000,0.876143,0.190033,0.888333,0.591667,0.437333,0.369964,0.175000,0.085000,10,1,1,1,0,0,0,1,1,1,1,1,0,0,1,0,1,0.111313,0.000000,0.112112,0.000000,0.000000,0.000000,0.180766,0.213794,0.134526,0.147201,0.000000,0.000000,0.000000,0.000000,0.000000,0.100289,use_computer,1,30,4421,computer,none,,,0.000000,1.000000,0,none,,7.479986,7.479986,completed,90,3,rain,17.000000
2,1112,3448136217,78,Day 4 01:41,none,,7.479986,7.479986,completed,0.000000,0.990231,0.190033,0.878333,0.616667,0.457333,0.369964,0.255000,0.067000,10,1,1,1,0,0,0,1,1,1,1,1,0,0,1,0,1,0.103411,0.000000,0.105393,0.000000,0.000000,0.000000,0.189486,0.231906,0.130569,0.143265,0.000000,0.000000,0.000000,0.000000,0.000000,0.095969,rest_at_bed,1,60,4481,bed,none,,,0.000000,1.000000,0,none,,7.479986,7.479986,completed,90,3,rain,17.000000
2,1112,3448136217,79,Day 4 02:41,none,,7.479986,7.479986,completed,0.060000,0.735104,0.190033,0.908333,0.666667,0.497333,0.369964,0.055000,0.031000,10,1,1,1,0,0,0,1,1,1,1,1,0,0,1,0,1,0.121900,0.000000,0.120216,0.000000,0.000000,0.000000,0.164796,0.186622,0.144060,0.158943,0.000000,0.000000,0.000000,0.000000,0.000000,0.103464,idle,1,10,4491,,none,,,0.000000,1.000000,0,none,,7.479986,7.479986,completed,90,3,rain,17.000000
2,1112,3448136217,80,Day 4 02:51,none,,7.479986,7.479986,completed,0.183333,0.739104,0.190033,0.855000,0.675000,0.504000,0.369964,0.045000,0.025000,10,1,1,1,0,0,0,1,1,1,1,1,0,0,1,0,1,0.127500,0.000000,0.123741,0.000000,0.000000,0.000000,0.162139,0.183705,0.142593,0.157469,0.000000,0.000000,0.000000,0.000000,0.000000,0.102854,rest_at_bed,1,60,4551,bed,none,,,0.000000,1.000000,0,none,,7.479986,7.479986,completed,90,3,rain,17.000000
2,1112,3448136217,81,Day 4 03:51,none,,7.479986,7.479986,completed,0.243333,0.483977,0.190033,0.885000,0.725000,0.544000,0.369964,0.000000,0.000000,10,1,1,1,0,0,0,1,1,1,1,1,0,0,1,0,1,0.166251,0.000000,0.156479,0.000000,0.000000,0.000000,0.170599,0.000000,0.179973,0.199849,0.000000,0.000000,0.000000,0.000000,0.000000,0.126848,use_phone,1,25,4576,phone,none,,,0.000000,1.000000,0,none,,7.479986,7.479986,completed,90,3,rain,17.000000
2,1112,3448136217,82,Day 4 04:16,none,,7.479986,7.479986,completed,0.031667,0.576456,0.190033,0.916667,0.745833,0.560667,0.369964,0.095000,0.085000,10,1,1,1,0,0,0,1,1,1,1,1,0,0,1,0,1,0.123287,0.000000,0.120441,0.000000,0.000000,0.000000,0.156451,0.170330,0.153433,0.170770,0.000000,0.000000,0.000000,0.000000,0.000000,0.105289,idle,1,10,4586,,none,,,0.000000,1.000000,0,none,,7.479986,7.479986,completed,90,3,rain,17.000000
2,1112,3448136217,83,Day 4 04:26,none,,7.479986,7.479986,completed,0.155000,0.580456,0.190033,0.863333,0.754167,0.567333,0.369964,0.085000,0.079000,10,1,1,1,0,0,0,1,1,1,1,1,0,0,1,0,1,0.128919,0.000000,0.123942,0.000000,0.000000,0.000000,0.153890,0.167627,0.151833,0.169145,0.000000,0.000000,0.000000,0.000000,0.000000,0.104644,use_phone,1,25,4611,phone,none,,,0.000000,1.000000,0,none,,7.479986,7.479986,completed,90,3,rain,17.000000
2,1112,3448136217,84,Day 4 04:51,none,,7.479986,7.479986,completed,0.000000,0.672935,0.190033,0.895000,0.775000,0.584000,0.369964,0.180000,0.164000,10,1,1,1,0,0,0,1,1,1,1,1,0,0,1,0,1,0.102806,0.103624,0.101824,0.000000,0.000000,0.000000,0.147776,0.165764,0.135540,0.151343,0.000000,0.000000,0.000000,0.000000,0.000000,0.091323,shop_on_phone,1,20,4631,phone,none,,,0.000000,1.000000,0,none,,7.479986,7.479986,completed,60,3,rain,17.000000
2,1112,3448136217,85,Day 4 05:11,none,,7.479986,7.479986,completed,0.006667,0.682500,0.190033,0.988333,0.791667,0.597333,0.369964,0.240000,0.000000,10,1,1,1,0,0,0,1,1,1,1,1,0,0,1,0,1,0.112170,0.000000,0.111189,0.000000,0.000000,0.000000,0.167407,0.188868,0.150853,0.168750,0.000000,0.000000,0.000000,0.000000,0.000000,0.100762,go_to_bathroom,1,15,4646,door,none,,,0.000000,1.000000,0,none,,7.479986,7.479986,completed,60,3,rain,17.000000
2,1112,3448136217,86,Day 4 05:26,none,,7.479986,7.479986,completed,0.011667,0.688500,0.190033,1.000000,0.804167,0.000000,0.369964,0.225000,0.000000,10,1,1,1,0,0,0,1,1,1,1,1,0,0,1,0,1,0.132473,0.000000,0.131268,0.000000,0.000000,0.000000,0.196281,0.221611,0.000000,0.199927,0.000000,0.000000,0.000000,0.000000,0.000000,0.118440,get_meal,1,35,4681,door,none,,,0.000000,1.000000,0,none,,7.479986,7.479986,completed,60,3,rain,17.000000
2,1112,3448136217,87,Day 4 06:01,none,,7.479986,7.479986,completed,0.000000,0.702500,0.190033,1.000000,0.283333,0.023333,0.369964,0.190000,0.000000,10,1,1,1,0,0,0,1,1,1,1,1,0,0,1,0,1,0.140969,0.000000,0.140001,0.000000,0.000000,0.000000,0.207630,0.234840,0.000000,0.150742,0.000000,0.000000,0.000000,0.000000,0.000000,0.125818,sleep_at_bed,1,480,5161,bed,none,alarm-rings|message-study-group|weather-rain,,0.000000,1.000000,0,none,,7.479986,7.479986,completed,60,4,rain,17.000000
2,1112,3448136217,88,Day 4 14:01,none,,7.479986,7.479986,completed,0.110000,0.368077,0.190033,0.920000,0.683333,0.343333,0.405910,0.000000,0.000000,11,1,1,1,0,0,0,1,1,1,1,1,0,1,1,0,1,0.140272,0.000000,0.133019,0.000000,0.000000,0.000000,0.142106,0.000000,0.139441,0.172901,0.000000,0.000000,0.160542,0.000000,0.000000,0.111721,rest_at_bed,1,60,5221,bed,none,,,0.000000,1.000000,0,none,,7.479986,7.479986,completed,60,4,rain,17.000000
2,1112,3448136217,89,Day 4 15:01,none,,7.479986,7.479986,completed,0.170000,0.112950,0.190033,0.950000,0.733333,0.383333,0.405910,0.000000,0.000000,11,1,1,1,0,0,0,1,1,1,1,1,0,1,1,0,1,0.147244,0.000000,0.135503,0.000000,0.000000,0.000000,0.123540,0.000000,0.143069,0.178382,0.000000,0.000000,0.160256,0.000000,0.000000,0.112006,go_to_bathroom,1,15,5236,door,none,,,0.000000,1.000000,0,none,,7.479986,7.479986,completed,60,4,rain,17.000000
2,1112,3448136217,90,Day 4 15:16,none,,7.479986,7.479986,completed,0.175000,0.118950,0.190033,1.000000,0.745833,0.000000,0.405910,0.000000,0.000000,11,1,1,1,0,0,0,1,1,1,1,1,0,1,1,0,1,0.171657,0.000000,0.157948,0.000000,0.000000,0.000000,0.144228,0.000000,0.000000,0.209297,0.000000,0.000000,0.186485,0.000000,0.000000,0.130386,use_phone,1,25,5261,phone,none,,,0.000000,1.000000,0,none,,7.479986,7.479986,completed,60,4,rain,17.000000
2,1112,3448136217,91,Day 4 15:41,none,,7.479986,7.479986,completed,0.000000,0.211429,0.190033,1.000000,0.766667,0.016667,0.405910,0.095000,0.085000,11,1,1,1,0,0,0,1,1,1,1,1,0,1,1,0,1,0.156146,0.000000,0.148407,0.000000,0.000000,0.000000,0.159475,0.000000,0.000000,0.215632,0.000000,0.000000,0.189507,0.000000,0.000000,0.130834,rest_at_bed,1,60,5321,bed,none,,,0.000000,1.000000,0,none,,7.479986,7.479986,completed,60,4,rain,17.000000
2,1112,3448136217,92,Day 4 16:41,none,,7.479986,7.479986,completed,0.060000,0.000000,0.190033,1.000000,0.816667,0.056667,0.405910,0.000000,0.049000,11,1,1,1,0,0,0,1,1,1,1,1,0,1,1,0,1,0.193011,0.000000,0.178452,0.000000,0.000000,0.000000,0.000000,0.000000,0.000000,0.257604,0.000000,0.000000,0.219047,0.000000,0.000000,0.151885,use_computer,1,30,5351,computer,none,,,0.000000,1.000000,0,none,,7.479986,7.479986,completed,60,4,rain,17.000000
2,1112,3448136217,93,Day 4 17:11,none,,7.479986,7.479986,completed,0.000000,0.114087,0.190033,0.990000,0.841667,0.076667,0.405910,0.080000,0.031000,11,1,1,1,0,0,0,1,1,1,1,1,0,1,1,0,1,0.157319,0.000000,0.148233,0.000000,0.000000,0.000000,0.149833,0.000000,0.000000,0.225619,0.000000,0.000000,0.188711,0.000000,0.000000,0.130285,use_computer,1,30,5381,computer,none,,,0.000000,1.000000,0,none,,7.479986,7.479986,completed,60,4,rain,17.000000
2,1112,3448136217,94,Day 4 17:41,none,,7.479986,7.479986,completed,0.000000,0.228175,0.190033,0.980000,0.866667,0.096667,0.405910,0.160000,0.013000,11,1,1,1,0,0,0,1,1,1,1,1,0,1,1,0,1,0.151372,0.000000,0.144213,0.000000,0.000000,0.000000,0.162214,0.000000,0.000000,0.226792,0.000000,0.000000,0.186589,0.000000,0.000000,0.128819,turn_off_alarm,1,1,5382,alarm,none,,,0.000000,1.000000,0,none,,7.479986,7.479986,completed,60,4,rain,17.000000
2,1112,3448136217,95,Day 4 17:42,none,,7.479986,7.479986,completed,0.000333,0.228575,0.190033,1.000000,0.867500,0.097333,0.385910,0.159000,0.012400,10,1,1,1,0,0,0,1,1,1,1,1,0,0,1,0,1,0.186059,0.000000,0.177255,0.000000,0.000000,0.000000,0.199577,0.000000,0.000000,0.278821,0.000000,0.000000,0.000000,0.000000,0.000000,0.158288,idle,1,10,5392,,none,,,0.000000,1.000000,0,none,,7.479986,7.479986,completed,60,4,rain,17.000000
2,1112,3448136217,96,Day 4 17:52,none,,7.479986,7.479986,completed,0.123667,0.232575,0.190033,0.946667,0.875833,0.104000,0.385910,0.149000,0.006400,10,1,1,1,0,0,0,1,1,1,1,1,0,0,1,0,1,0.193252,0.000000,0.181183,0.000000,0.000000,0.000000,0.194992,0.000000,0.000000,0.274312,0.000000,0.000000,0.000000,0.000000,0.000000,0.156261,rest_at_bed,1,60,5452,bed,none,,,0.000000,1.000000,0,none,,7.479986,7.479986,completed,60,4,rain,17.000000
2,1112,3448136217,97,Day 4 18:52,none,,7.479986,7.479986,completed,0.183667,0.000000,0.190033,0.976667,0.925833,0.144000,0.385910,0.000000,0.000000,10,1,1,1,0,0,0,1,1,1,1,1,0,0,1,0,1,0.207323,0.000000,0.188593,0.000000,0.000000,0.000000,0.000000,0.000000,0.168164,0.280596,0.000000,0.000000,0.000000,0.000000,0.000000,0.155325,use_computer,1,30,5482,computer,none,room-temperature-shift|evening,,0.000000,1.000000,0,none,,7.479986,7.479986,completed,60,4,rain,24.000000
2,1112,3448136217,98,Day 4 19:22,none,,7.479986,7.479986,completed,0.033667,0.114087,0.190033,0.966667,0.950833,0.164000,0.385910,0.080000,0.000000,10,1,1,1,0,0,0,1,1,1,1,1,0,0,1,0,1,0.163456,0.000000,0.153335,0.000000,0.000000,0.000000,0.153458,0.000000,0.148206,0.247978,0.000000,0.000000,0.000000,0.000000,0.000000,0.133568,get_meal,1,35,5517,door,none,,,0.000000,1.000000,0,none,,7.479986,7.479986,completed,60,4,rain,24.000000
2,1112,3448136217,99,Day 4 19:57,none,,7.479986,7.479986,completed,0.005333,0.128087,0.190033,1.000000,0.430000,0.187333,0.385910,0.045000,0.000000,10,1,1,1,0,0,0,1,1,1,1,1,0,0,1,0,1,0.174974,0.000000,0.164869,0.000000,0.000000,0.000000,0.164580,0.000000,0.162334,0.189562,0.000000,0.000000,0.000000,0.000000,0.000000,0.143681,use_computer,1,30,5547,computer,none,,,0.000000,1.000000,0,none,,7.479986,7.479986,completed,60,4,rain,24.000000
2,1112,3448136217,100,Day 4 20:27,none,,7.479986,7.479986,completed,0.000000,0.242175,0.190033,0.990000,0.455000,0.207333,0.385910,0.125000,0.000000,10,1,1,1,0,0,0,1,1,1,1,1,0,0,1,0,1,0.167685,0.000000,0.159868,0.000000,0.000000,0.000000,0.177911,0.000000,0.162482,0.190259,0.000000,0.000000,0.000000,0.000000,0.000000,0.141796,rest_at_bed,1,60,5607,bed,none,,,0.000000,1.000000,0,none,,7.479986,7.479986,completed,60,4,rain,24.000000
2,1112,3448136217,101,Day 4 21:27,none,,7.479986,7.479986,completed,0.060000,0.000000,0.190033,1.000000,0.505000,0.247333,0.385910,0.000000,0.000000,10,1,1,1,0,0,0,1,1,1,1,1,0,0,1,0,1,0.211823,0.000000,0.195846,0.000000,0.000000,0.000000,0.000000,0.000000,0.195478,0.230164,0.000000,0.000000,0.000000,0.000000,0.000000,0.166689,get_meal,1,35,5642,door,none,,,0.000000,1.000000,0,none,,7.479986,7.479986,completed,60,4,rain,24.000000
2,1112,3448136217,102,Day 4 22:02,none,,7.479986,7.479986,completed,0.031667,0.014000,0.190033,1.000000,0.000000,0.270667,0.385910,0.000000,0.000000,10,1,1,1,0,0,0,1,1,1,1,1,0,0,1,0,1,0.271931,0.000000,0.252664,0.000000,0.000000,0.000000,0.000000,0.000000,0.258730,0.000000,0.000000,0.000000,0.000000,0.000000,0.000000,0.216675,idle,1,10,5652,,none,,,0.000000,1.000000,0,none,,7.479986,7.479986,completed,60,4,rain,24.000000
2,1112,3448136217,103,Day 4 22:12,none,,7.479986,7.479986,completed,0.155000,0.018000,0.190033,0.946667,0.008333,0.277333,0.385910,0.000000,0.000000,10,1,1,1,0,0,0,1,1,1,1,1,0,0,1,0,1,0.279655,0.000000,0.255750,0.000000,0.000000,0.000000,0.000000,0.000000,0.252348,0.000000,0.000000,0.000000,0.000000,0.000000,0.000000,0.212247,go_to_bathroom,1,15,5667,door,none,,,0.000000,1.000000,0,none,,7.479986,7.479986,completed,60,4,rain,24.000000
2,1112,3448136217,104,Day 4 22:27,none,,7.479986,7.479986,completed,0.160000,0.024000,0.190033,1.000000,0.020833,0.000000,0.385910,0.000000,0.000000,10,1,1,1,0,0,0,1,1,1,1,1,0,0,1,0,1,0.374217,0.000000,0.342182,0.000000,0.000000,0.000000,0.000000,0.000000,0.000000,0.000000,0.000000,0.000000,0.000000,0.000000,0.000000,0.283600,use_phone,1,25,5692,phone,none,,,0.000000,1.000000,0,none,,7.479986,7.479986,completed,60,4,rain,24.000000
2,1112,3448136217,105,Day 4 22:52,none,,7.479986,7.479986,completed,0.000000,0.116479,0.190033,1.000000,0.041667,0.016667,0.385910,0.095000,0.085000,10,1,1,1,0,0,0,1,1,1,1,1,0,0,1,0,1,0.267579,0.000000,0.252232,0.000000,0.000000,0.000000,0.257824,0.000000,0.000000,0.000000,0.000000,0.000000,0.000000,0.000000,0.000000,0.222365,idle,1,10,5702,,none,,,0.000000,1.000000,0,none,,7.479986,7.479986,completed,60,4,rain,24.000000
2,1112,3448136217,106,Day 4 23:02,none,,7.479986,7.479986,completed,0.123333,0.120479,0.190033,0.946667,0.050000,0.023333,0.385910,0.085000,0.079000,10,1,1,1,0,0,0,1,1,1,1,1,0,0,1,0,1,0.275948,0.000000,0.255988,0.000000,0.000000,0.000000,0.250109,0.000000,0.000000,0.000000,0.000000,0.000000,0.000000,0.000000,0.000000,0.217956,use_phone,1,25,5727,phone,none,,,0.000000,1.000000,0,none,,7.479986,7.479986,completed,60,4,rain,24.000000
2,1112,3448136217,107,Day 4 23:27,none,,7.479986,7.479986,completed,0.000000,0.212958,0.190033,0.978333,0.070833,0.040000,0.385910,0.180000,0.164000,10,1,1,1,0,0,0,1,1,1,1,1,0,0,1,0,1,0.206220,0.199737,0.196265,0.000000,0.000000,0.000000,0.221752,0.000000,0.000000,0.000000,0.000000,0.000000,0.000000,0.000000,0.000000,0.176026,rest_at_bed,1,60,5787,bed,none,,,0.000000,1.000000,0,none,,7.479986,7.479986,completed,60,4,rain,24.000000
2,1112,3448136217,108,Day 5 00:27,none,,7.479986,7.479986,completed,0.060000,0.000000,0.190033,1.000000,0.120833,0.080000,0.385910,0.000000,0.128000,10,1,1,1,0,0,0,1,1,1,1,1,0,0,1,0,1,0.279227,0.242876,0.258165,0.000000,0.000000,0.000000,0.000000,0.000000,0.000000,0.000000,0.000000,0.000000,0.000000,0.000000,0.000000,0.219731,use_phone,1,25,5812,phone,none,,,0.000000,1.000000,0,none,,7.479986,7.479986,completed,60,4,rain,24.000000
2,1112,3448136217,109,Day 5 00:52,none,,7.479986,7.479986,completed,0.000000,0.092479,0.190033,1.000000,0.141667,0.096667,0.385910,0.095000,0.213000,10,1,1,1,0,0,0,1,1,1,1,1,0,0,1,0,1,0.213116,0.207401,0.200475,0.000000,0.000000,0.000000,0.202272,0.000000,0.000000,0.000000,0.000000,0.000000,0.000000,0.000000,0.000000,0.176736,use_phone,1,25,5837,phone,none,,,0.000000,1.000000,0,none,,7.479986,7.479986,completed,60,4,rain,24.000000
2,1112,3448136217,110,Day 5 01:17,none,,7.479986,7.479986,completed,0.000000,0.184958,0.190033,1.000000,0.162500,0.113333,0.385910,0.190000,0.298000,10,1,1,1,0,0,0,1,1,1,1,1,0,0,1,0,1,0.170322,0.180810,0.161730,0.000000,0.000000,0.000000,0.180999,0.000000,0.000000,0.160794,0.000000,0.000000,0.000000,0.000000,0.000000,0.145346,shop_on_phone,1,20,5857,phone,none,,,0.000000,1.000000,0,none,,7.479986,7.479986,completed,30,4,rain,24.000000
2,1112,3448136217,111,Day 5 01:37,none,,7.479986,7.479986,completed,0.006667,0.194523,0.190033,1.000000,0.179167,0.126667,0.385910,0.250000,0.000000,10,1,1,1,0,0,0,1,1,1,1,1,0,0,1,0,1,0.204859,0.000000,0.194684,0.000000,0.000000,0.000000,0.226032,0.000000,0.000000,0.197641,0.000000,0.000000,0.000000,0.000000,0.000000,0.176784,get_meal,1,35,5892,door,none,,,0.000000,1.000000,0,none,,7.479986,7.479986,completed,30,4,rain,24.000000
2,1112,3448136217,112,Day 5 02:12,none,,7.479986,7.479986,completed,0.000000,0.208523,0.190033,1.000000,0.000000,0.150000,0.385910,0.215000,0.000000,10,1,1,1,0,0,0,1,1,1,1,1,0,0,1,0,1,0.206059,0.000000,0.196136,0.000000,0.000000,0.000000,0.225478,0.000000,0.195167,0.000000,0.000000,0.000000,0.000000,0.000000,0.000000,0.177160,use_phone,1,25,5917,phone,none,,,0.000000,1.000000,0,none,,7.479986,7.479986,completed,30,4,rain,24.000000
2,1112,3448136217,113,Day 5 02:37,none,,7.479986,7.479986,completed,0.000000,0.301002,0.190033,1.000000,0.020833,0.166667,0.385910,0.310000,0.085000,10,1,1,1,0,0,0,1,1,1,1,1,0,0,1,0,1,0.197764,0.000000,0.190016,0.000000,0.000000,0.000000,0.242294,0.000000,0.194964,0.000000,0.000000,0.000000,0.000000,0.000000,0.000000,0.174962,idle,1,10,5927,,none,,,0.000000,1.000000,0,none,,7.479986,7.479986,completed,30,4,rain,24.000000
2,1112,3448136217,114,Day 5 02:47,none,,7.479986,7.479986,completed,0.123333,0.305002,0.190033,0.946667,0.029167,0.173333,0.385910,0.300000,0.079000,10,1,1,1,0,0,0,1,1,1,1,1,0,0,1,0,1,0.205262,0.000000,0.194087,0.000000,0.000000,0.000000,0.236557,0.000000,0.191498,0.000000,0.000000,0.000000,0.000000,0.000000,0.000000,0.172596,go_to_bathroom,1,15,5942,door,none,,,0.000000,1.000000,0,none,,7.479986,7.479986,completed,30,4,rain,24.000000
2,1112,3448136217,115,Day 5 03:02,none,,7.479986,7.479986,completed,0.128333,0.311002,0.190033,1.000000,0.041667,0.000000,0.385910,0.285000,0.070000,10,1,1,1,0,0,0,1,1,1,1,1,0,0,1,0,1,0.254695,0.000000,0.240743,0.000000,0.000000,0.000000,0.291407,0.000000,0.000000,0.000000,0.000000,0.000000,0.000000,0.000000,0.000000,0.213155,idle,1,10,5952,,none,,,0.000000,1.000000,0,none,,7.479986,7.479986,completed,30,4,rain,24.000000
2,1112,3448136217,116,Day 5 03:12,none,,7.479986,7.479986,completed,0.251667,0.315002,0.190033,0.946667,0.050000,0.006667,0.385910,0.275000,0.064000,10,1,1,1,0,0,0,1,1,1,1,1,0,0,1,0,1,0.263027,0.000000,0.244670,0.000000,0.000000,0.000000,0.283082,0.000000,0.000000,0.000000,0.000000,0.000000,0.000000,0.000000,0.000000,0.209220,use_computer,1,30,5982,computer,none,,,0.000000,1.000000,0,none,,7.479986,7.479986,completed,30,4,rain,24.000000
2,1112,3448136217,117,Day 5 03:42,none,,7.479986,7.479986,completed,0.101667,0.429090,0.190033,0.936667,0.075000,0.026667,0.385910,0.355000,0.046000,10,1,1,1,0,0,0,1,1,1,1,1,0,0,1,0,1,0.181550,0.000000,0.174156,0.000000,0.000000,0.000000,0.235893,0.250892,0.000000,0.000000,0.000000,0.000000,0.000000,0.000000,0.000000,0.157509,sleep_at_bed,1,480,6462,bed,none,alarm-rings|message-study-group,,0.000000,1.000000,0,none,,7.479986,7.479986,completed,30,5,rain,24.000000
2,1112,3448136217,118,Day 5 11:42,none,,7.479986,7.479986,completed,0.211667,0.094667,0.190033,0.856667,0.475000,0.346667,0.421857,0.000000,0.000000,11,1,1,1,0,0,0,1,1,1,1,1,0,1,1,0,1,0.154565,0.000000,0.141239,0.000000,0.000000,0.000000,0.125572,0.000000,0.143383,0.154601,0.000000,0.000000,0.165178,0.000000,0.000000,0.115462,turn_off_alarm,1,1,6463,alarm,none,,,0.000000,1.000000,0,none,,7.479986,7.479986,completed,30,5,rain,24.000000
2,1112,3448136217,119,Day 5 11:43,none,,7.479986,7.479986,completed,0.212000,0.095067,0.190033,0.886333,0.475833,0.347333,0.401857,0.000000,0.000000,10,1,1,1,0,0,0,1,1,1,1,1,0,0,1,0,1,0.185082,0.000000,0.169123,0.000000,0.000000,0.000000,0.150596,0.000000,0.171750,0.185204,0.000000,0.000000,0.000000,0.000000,0.000000,0.138245,use_phone,1,25,6488,phone,none,,,0.000000,1.000000,0,none,,7.479986,7.479986,completed,30,5,rain,24.000000
2,1112,3448136217,120,Day 5 12:08,none,,7.479986,7.479986,completed,0.000333,0.187545,0.190033,0.918000,0.496667,0.364000,0.401857,0.095000,0.085000,10,1,1,1,0,0,0,1,1,1,1,1,0,0,1,0,1,0.166374,0.000000,0.157793,0.000000,0.000000,0.000000,0.167411,0.000000,0.177490,0.191835,0.000000,0.000000,0.000000,0.000000,0.000000,0.139096,get_meal,1,35,6523,door,none,,,0.000000,1.000000,0,none,,7.479986,7.479986,completed,30,5,rain,24.000000
2,1112,3448136217,121,Day 5 12:43,none,,7.479986,7.479986,completed,0.000000,0.201545,0.190033,1.000000,0.000000,0.387333,0.401857,0.060000,0.064000,10,1,1,1,0,0,0,1,1,1,1,1,0,0,1,0,1,0.206089,0.000000,0.195607,0.000000,0.000000,0.000000,0.205049,0.000000,0.222027,0.000000,0.000000,0.000000,0.000000,0.000000,0.000000,0.171228,rest_at_bed,1,60,6583,bed,none,,,0.000000,1.000000,0,none,,7.479986,7.479986,completed,30,5,rain,24.000000
2,1112,3448136217,122,Day 5 13:43,none,,7.479986,7.479986,completed,0.060000,0.000000,0.190033,1.000000,0.050000,0.427333,0.401857,0.000000,0.028000,10,1,1,1,0,0,0,1,1,1,1,1,0,0,1,0,1,0.266258,0.000000,0.246174,0.000000,0.000000,0.000000,0.000000,0.000000,0.278044,0.000000,0.000000,0.000000,0.000000,0.000000,0.000000,0.209525,use_computer,1,30,6613,computer,none,,,0.000000,1.000000,0,none,,7.479986,7.479986,completed,30,5,rain,24.000000
2,1112,3448136217,123,Day 5 14:13,none,,7.479986,7.479986,completed,0.000000,0.114087,0.190033,0.990000,0.075000,0.447333,0.401857,0.080000,0.010000,10,1,1,1,0,0,0,1,1,1,1,1,0,0,1,0,1,0.206522,0.000000,0.194594,0.000000,0.000000,0.000000,0.196752,0.000000,0.231101,0.000000,0.000000,0.000000,0.000000,0.000000,0.000000,0.171032,go_to_bathroom,1,15,6628,door,none,,,0.000000,1.000000,0,none,,7.479986,7.479986,completed,30,5,rain,24.000000
2,1112,3448136217,124,Day 5 14:28,none,,7.479986,7.479986,completed,0.005000,0.120087,0.190033,1.000000,0.087500,0.000000,0.401857,0.065000,0.001000,10,1,1,1,0,0,0,1,1,1,1,1,0,0,1,0,1,0.269398,0.000000,0.253748,0.000000,0.000000,0.000000,0.254801,0.000000,0.000000,0.000000,0.000000,0.000000,0.000000,0.000000,0.000000,0.222053,use_computer,1,30,6658,computer,none,weather-clear,,0.000000,1.000000,0,none,,7.479986,7.479986,completed,30,5,clear,24.000000
2,1112,3448136217,125,Day 5 14:58,none,,7.479986,7.479986,completed,0.000000,0.234175,0.190033,0.990000,0.112500,0.020000,0.401857,0.145000,0.000000,10,1,1,1,0,0,0,1,1,1,1,1,0,0,1,0,1,0.258505,0.000000,0.246355,0.000000,0.000000,0.000000,0.275749,0.000000,0.000000,0.000000,0.000000,0.000000,0.000000,0.000000,0.000000,0.219391,use_phone,1,25,6683,phone,none,,,0.000000,1.000000,0,none,,7.479986,7.479986,completed,30,5,clear,24.000000
2,1112,3448136217,126,Day 5 15:23,none,,7.479986,7.479986,completed,0.000000,0.326654,0.190033,1.000000,0.133333,0.036667,0.401857,0.240000,0.085000,10,1,1,1,0,0,0,1,1,1,1,1,0,0,1,0,1,0.248161,0.000000,0.238727,0.000000,0.000000,0.000000,0.296389,0.000000,0.000000,0.000000,0.000000,0.000000,0.000000,0.000000,0.000000,0.216723,rest_at_bed,1,60,6743,bed,none,,,0.000000,1.000000,0,none,,7.479986,7.479986,completed,30,5,clear,24.000000
2,1112,3448136217,127,Day 5 16:23,none,,7.479986,7.479986,completed,0.060000,0.071527,0.190033,1.000000,0.183333,0.076667,0.401857,0.040000,0.049000,10,1,1,1,0,0,0,1,1,1,1,1,0,0,1,0,1,0.222089,0.000000,0.206733,0.000000,0.000000,0.000000,0.195699,0.000000,0.000000,0.198094,0.000000,0.000000,0.000000,0.000000,0.000000,0.177385,rest_at_bed,1,60,6803,bed,none,room-temperature-shift,,0.000000,1.000000,0,none,,7.479986,7.479986,completed,30,5,clear,24.000000
2,1112,3448136217,128,Day 5 17:23,none,,7.479986,7.479986,completed,0.120000,0.000000,0.190033,1.000000,0.233333,0.116667,0.401857,0.000000,0.013000,10,1,1,1,0,0,0,1,1,1,1,1,0,0,1,0,1,0.280211,0.000000,0.257039,0.000000,0.000000,0.000000,0.000000,0.000000,0.000000,0.247438,0.000000,0.000000,0.000000,0.000000,0.000000,0.215311,get_meal,1,35,6838,door,none,,,0.000000,1.000000,0,none,,7.479986,7.479986,completed,30,5,clear,24.000000
2,1112,3448136217,129,Day 5 17:58,none,,7.479986,7.479986,completed,0.091667,0.014000,0.190033,1.000000,0.000000,0.140000,0.401857,0.000000,0.000000,10,1,1,1,0,0,0,1,1,1,1,1,0,0,1,0,1,0.282047,0.000000,0.260004,0.000000,0.000000,0.000000,0.000000,0.000000,0.238507,0.000000,0.000000,0.000000,0.000000,0.000000,0.000000,0.219441,idle,1,10,6848,,none,,,0.000000,1.000000,0,none,,7.479986,7.479986,completed,30,5,clear,24.000000
2,1112,3448136217,130,Day 5 18:08,none,,7.479986,7.479986,completed,0.215000,0.018000,0.190033,0.946667,0.008333,0.146667,0.401857,0.000000,0.000000,10,1,1,1,0,0,0,1,1,1,1,1,0,0,1,0,1,0.289821,0.000000,0.262964,0.000000,0.000000,0.000000,0.000000,0.000000,0.232433,0.000000,0.000000,0.000000,0.000000,0.000000,0.000000,0.214781,go_to_bathroom,1,15,6863,door,none,,,0.000000,1.000000,0,none,,7.479986,7.479986,completed,30,5,clear,24.000000
2,1112,3448136217,131,Day 5 18:23,none,,7.479986,7.479986,completed,0.220000,0.024000,0.190033,1.000000,0.020833,0.000000,0.401857,0.000000,0.000000,10,1,1,1,0,0,0,1,1,1,1,1,0,0,1,0,1,0.377757,0.000000,0.342705,0.000000,0.000000,0.000000,0.000000,0.000000,0.000000,0.000000,0.000000,0.000000,0.000000,0.000000,0.000000,0.279539,use_phone,1,25,6888,phone,none,,,0.000000,1.000000,0,none,,7.479986,7.479986,completed,30,5,clear,24.000000
2,1112,3448136217,132,Day 5 18:48,none,,7.479986,7.479986,completed,0.008333,0.116479,0.190033,1.000000,0.041667,0.016667,0.401857,0.095000,0.085000,10,1,1,1,0,0,0,1,1,1,1,1,0,0,1,0,1,0.268200,0.000000,0.252540,0.000000,0.000000,0.000000,0.257116,0.000000,0.000000,0.000000,0.000000,0.000000,0.000000,0.000000,0.000000,0.222144,use_computer,1,30,6918,computer,none,,,0.000000,1.000000,0,none,,7.479986,7.479986,completed,30,5,clear,24.000000
2,1112,3448136217,133,Day 5 19:18,none,,7.479986,7.479986,completed,0.000000,0.230566,0.190033,0.990000,0.066667,0.036667,0.401857,0.175000,0.067000,10,1,1,1,0,0,0,1,1,1,1,1,0,0,1,0,1,0.257071,0.000000,0.245018,0.000000,0.000000,0.000000,0.278382,0.000000,0.000000,0.000000,0.000000,0.000000,0.000000,0.000000,0.000000,0.219529,rest_at_bed,1,60,6978,bed,none,,,0.000000,1.000000,0,none,,7.479986,7.479986,completed,30,5,clear,24.000000
2,1112,3448136217,134,Day 5 20:18,none,,7.479986,7.479986,completed,0.060000,0.000000,0.190033,1.000000,0.116667,0.076667,0.401857,0.000000,0.031000,10,1,1,1,0,0,0,1,1,1,1,1,0,0,1,0,1,0.368800,0.000000,0.340982,0.000000,0.000000,0.000000,0.000000,0.000000,0.000000,0.000000,0.000000,0.000000,0.000000,0.000000,0.000000,0.290218,idle,1,10,6988,,none,evening,,0.000000,1.000000,0,none,,7.479986,7.479986,completed,30,5,clear,24.000000
2,1112,3448136217,135,Day 5 20:28,none,,7.479986,7.479986,completed,0.183333,0.004000,0.190033,0.946667,0.125000,0.083333,0.401857,0.000000,0.025000,10,1,1,1,0,0,0,1,1,1,1,1,0,0,1,0,1,0.376001,0.000000,0.342166,0.000000,0.000000,0.000000,0.000000,0.000000,0.000000,0.000000,0.000000,0.000000,0.000000,0.000000,0.000000,0.281833,idle,1,10,6998,,none,,,0.000000,1.000000,0,none,,7.479986,7.479986,completed,30,5,clear,24.000000
2,1112,3448136217,136,Day 5 20:38,none,,7.479986,7.479986,completed,0.306667,0.008000,0.190033,0.893333,0.133333,0.090000,0.401857,0.000000,0.019000,10,1,1,1,0,0,0,1,1,1,1,1,0,0,1,0,1,0.383194,0.000000,0.343222,0.000000,0.000000,0.000000,0.000000,0.000000,0.000000,0.000000,0.000000,0.000000,0.000000,0.000000,0.000000,0.273584,use_phone,1,25,7023,phone,none,,,0.000000,1.000000,0,none,,7.479986,7.479986,completed,30,5,clear,24.000000
2,1112,3448136217,137,Day 5 21:03,none,,7.479986,7.479986,completed,0.095000,0.100479,0.190033,0.925000,0.154167,0.106667,0.401857,0.095000,0.104000,10,1,1,1,0,0,0,1,1,1,1,1,0,0,1,0,1,0.221571,0.000000,0.205984,0.000000,0.000000,0.000000,0.201903,0.000000,0.000000,0.193477,0.000000,0.000000,0.000000,0.000000,0.000000,0.177064,use_phone,1,25,7048,phone,none,,,0.000000,1.000000,0,none,,7.479986,7.479986,completed,30,5,clear,24.000000
2,1112,3448136217,138,Day 5 21:28,none,,7.479986,7.479986,completed,0.000000,0.192958,0.190033,0.956667,0.175000,0.123333,0.401857,0.190000,0.189000,10,1,1,1,0,0,0,1,1,1,1,1,0,0,1,0,1,0.172139,0.169685,0.163569,0.000000,0.000000,0.000000,0.183640,0.000000,0.000000,0.163969,0.000000,0.000000,0.000000,0.000000,0.000000,0.146998,use_computer,1,30,7078,computer,none,,,0.000000,1.000000,0,none,,7.479986,7.479986,completed,30,5,clear,24.000000
2,1112,3448136217,139,Day 5 21:58,none,,7.479986,7.479986,completed,0.000000,0.307045,0.190033,0.946667,0.200000,0.143333,0.401857,0.270000,0.171000,10,1,1,1,0,0,0,1,1,1,1,1,0,0,1,0,1,0.142927,0.143001,0.137320,0.000000,0.000000,0.000000,0.171562,0.000000,0.137539,0.142228,0.000000,0.000000,0.000000,0.000000,0.000000,0.125422,use_phone,1,25,7103,phone,none,,,0.000000,1.000000,0,none,,7.479986,7.479986,completed,30,5,clear,24.000000
2,1112,3448136217,140,Day 5 22:23,none,,7.479986,7.479986,completed,0.000000,0.399524,0.190033,0.978333,0.220833,0.160000,0.401857,0.365000,0.256000,10,1,1,1,0,0,0,1,1,1,1,1,0,0,1,0,1,0.114041,0.124464,0.110601,0.000000,0.000000,0.000000,0.153268,0.162030,0.114226,0.118393,0.000000,0.000000,0.000000,0.000000,0.000000,0.102977,use_computer,1,30,7133,computer,none,,,0.000000,1.000000,0,none,,7.479986,7.479986,completed,30,5,clear,24.000000
2,1112,3448136217,141,Day 5 22:53,none,,7.479986,7.479986,completed,0.000000,0.513612,0.190033,0.968333,0.245833,0.180000,0.401857,0.445000,0.238000,10,1,1,1,0,0,0,1,1,1,1,1,0,0,1,0,1,0.120045,0.132980,0.000000,0.000000,0.000000,0.000000,0.181532,0.198589,0.125268,0.130196,0.000000,0.000000,0.000000,0.000000,0.000000,0.111391,rest_at_bed,1,60,7193,bed,none,,,0.000000,1.000000,0,none,,7.479986,7.479986,completed,30,5,clear,24.000000
2,1112,3448136217,142,Day 5 23:53,none,,7.479986,7.479986,completed,0.060000,0.258485,0.190033,0.998333,0.295833,0.220000,0.401857,0.245000,0.202000,10,1,1,1,0,0,0,1,1,1,1,1,0,0,1,0,1,0.144979,0.143080,0.137567,0.000000,0.000000,0.000000,0.161751,0.000000,0.141601,0.147986,0.000000,0.000000,0.000000,0.000000,0.000000,0.123035,shop_on_phone,1,20,7213,phone,none,,,0.000000,1.000000,0,none,,7.479986,7.479986,completed,0,5,clear,24.000000
2,1112,3448136217,143,Day 6 00:13,none,,7.479986,7.479986,completed,0.066667,0.268050,0.190033,1.000000,0.312500,0.233333,0.401857,0.305000,0.000000,10,1,1,1,0,0,0,1,1,1,1,1,0,0,1,0,1,0.166510,0.000000,0.158127,0.000000,0.000000,0.000000,0.192882,0.000000,0.165893,0.173692,0.000000,0.000000,0.000000,0.000000,0.000000,0.142896,rest_at_bed,1,60,7273,bed,none,,,0.000000,1.000000,0,none,,7.479986,7.479986,completed,0,5,clear,24.000000
2,1112,3448136217,144,Day 6 01:13,none,,7.479986,7.479986,completed,0.126667,0.012923,0.190033,1.000000,0.362500,0.273333,0.401857,0.105000,0.000000,10,1,1,1,0,0,0,1,1,1,1,1,0,0,1,0,1,0.182725,0.000000,0.167910,0.000000,0.000000,0.000000,0.156165,0.000000,0.170393,0.179391,0.000000,0.000000,0.000000,0.000000,0.000000,0.143416,get_meal,1,35,7308,door,none,,,0.000000,1.000000,0,none,,7.479986,7.479986,completed,0,5,clear,24.000000
2,1112,3448136217,145,Day 6 01:48,none,,7.479986,7.479986,completed,0.098333,0.026923,0.190033,1.000000,0.000000,0.296667,0.401857,0.070000,0.000000,10,1,1,1,0,0,0,1,1,1,1,1,0,0,1,0,1,0.221134,0.000000,0.204108,0.000000,0.000000,0.000000,0.189346,0.000000,0.210999,0.000000,0.000000,0.000000,0.000000,0.000000,0.000000,0.174413,use_computer,1,30,7338,computer,none,,,0.000000,1.000000,0,none,,7.479986,7.479986,completed,0,5,clear,24.000000
2,1112,3448136217,146,Day 6 02:18,none,,7.479986,7.479986,completed,0.000000,0.141011,0.190033,0.990000,0.025000,0.316667,0.401857,0.150000,0.000000,10,1,1,1,0,0,0,1,1,1,1,1,0,0,1,0,1,0.206690,0.000000,0.195405,0.000000,0.000000,0.000000,0.208540,0.000000,0.215171,0.000000,0.000000,0.000000,0.000000,0.000000,0.000000,0.174194,idle,1,10,7348,,none,,,0.000000,1.000000,0,none,,7.479986,7.479986,completed,0,5,clear,24.000000
2,1112,3448136217,147,Day 6 02:28,none,,7.479986,7.479986,completed,0.123333,0.145011,0.190033,0.936667,0.033333,0.323333,0.401857,0.140000,0.000000,10,1,1,1,0,0,0,1,1,1,1,1,0,0,1,0,1,0.214332,0.000000,0.199411,0.000000,0.000000,0.000000,0.203418,0.000000,0.211155,0.000000,0.000000,0.000000,0.000000,0.000000,0.000000,0.171684,rest_at_bed,1,60,7408,bed,none,,,0.000000,1.000000,0,none,,7.479986,7.479986,completed,0,5,clear,24.000000
2,1112,3448136217,148,Day 6 03:28,none,,7.479986,7.479986,completed,0.183333,0.000000,0.190033,0.966667,0.083333,0.363333,0.401857,0.000000,0.000000,10,1,1,1,0,0,0,1,1,1,1,1,0,0,1,0,1,0.277614,0.000000,0.252545,0.000000,0.000000,0.000000,0.000000,0.000000,0.261826,0.000000,0.000000,0.000000,0.000000,0.000000,0.000000,0.208015,use_phone,1,25,7433,phone,none,,,0.000000,1.000000,0,none,,7.479986,7.479986,completed,0,5,clear,24.000000
2,1112,3448136217,149,Day 6 03:53,none,,7.479986,7.479986,completed,0.000000,0.092479,0.190033,0.998333,0.104167,0.380000,0.401857,0.095000,0.085000,10,1,1,1,0,0,0,1,1,1,1,1,0,0,1,0,1,0.208859,0.000000,0.196470,0.000000,0.000000,0.000000,0.198003,0.000000,0.223462,0.000000,0.000000,0.000000,0.000000,0.000000,0.000000,0.173206,use_computer,1,30,7463,computer,none,,,0.000000,1.000000,0,none,,7.479986,7.479986,completed,0,5,clear,24.000000
2,1112,3448136217,150,Day 6 04:23,none,,7.479986,7.479986,completed,0.000000,0.206566,0.190033,0.988333,0.129167,0.400000,0.401857,0.175000,0.067000,10,1,1,1,0,0,0,1,1,1,1,1,0,0,1,0,1,0.200615,0.000000,0.190812,0.000000,0.000000,0.000000,0.213994,0.000000,0.223617,0.000000,0.000000,0.000000,0.000000,0.000000,0.000000,0.170962,go_to_bathroom,1,15,7478,door,none,,,0.000000,1.000000,0,none,,7.479986,7.479986,completed,0,5,clear,24.000000
2,1112,3448136217,151,Day 6 04:38,none,,7.479986,7.479986,completed,0.005000,0.212566,0.190033,1.000000,0.141667,0.000000,0.401857,0.160000,0.058000,10,1,1,1,0,0,0,1,1,1,1,1,0,0,1,0,1,0.259204,0.000000,0.246450,0.000000,0.000000,0.000000,0.274494,0.000000,0.000000,0.000000,0.000000,0.000000,0.000000,0.000000,0.000000,0.219851,rest_at_bed,1,60,7538,bed,none,,,0.000000,1.000000,0,none,,7.479986,7.479986,completed,0,5,clear,24.000000
2,1112,3448136217,152,Day 6 05:38,none,,7.479986,7.479986,completed,0.065000,0.000000,0.190033,1.000000,0.191667,0.040000,0.401857,0.000000,0.022000,10,1,1,1,0,0,0,1,1,1,1,1,0,0,1,0,1,0.278482,0.000000,0.257307,0.000000,0.000000,0.000000,0.000000,0.000000,0.000000,0.245501,0.000000,0.000000,0.000000,0.000000,0.000000,0.218710,use_computer,1,30,7568,computer,none,,,0.000000,1.000000,0,none,,7.479986,7.479986,completed,0,5,clear,24.000000
2,1112,3448136217,153,Day 6 06:08,none,,7.479986,7.479986,completed,0.000000,0.114087,0.190033,0.990000,0.216667,0.060000,0.401857,0.080000,0.004000,10,1,1,1,0,0,0,1,1,1,1,1,0,0,1,0,1,0.214014,0.000000,0.201653,0.000000,0.000000,0.000000,0.203889,0.000000,0.000000,0.203208,0.000000,0.000000,0.000000,0.000000,0.000000,0.177236,rest_at_bed,1,60,7628,bed,none,,,0.000000,1.000000,0,none,,7.479986,7.479986,completed,0,5,clear,24.000000
2,1112,3448136217,154,Day 6 07:08,none,,7.479986,7.479986,completed,0.060000,0.000000,0.190033,1.000000,0.266667,0.100000,0.401857,0.000000,0.000000,10,1,1,1,0,0,0,1,1,1,1,1,0,0,1,0,1,0.274728,0.000000,0.254005,0.000000,0.000000,0.000000,0.000000,0.000000,0.000000,0.255077,0.000000,0.000000,0.000000,0.000000,0.000000,0.216190,use_computer,1,30,7658,computer,none,,,0.000000,1.000000,0,none,,7.479986,7.479986,completed,0,5,clear,24.000000
2,1112,3448136217,155,Day 6 07:38,none,,7.479986,7.479986,completed,0.000000,0.114087,0.190033,0.990000,0.291667,0.120000,0.401857,0.080000,0.000000,10,1,1,1,0,0,0,1,1,1,1,1,0,0,1,0,1,0.211830,0.000000,0.199595,0.000000,0.000000,0.000000,0.201809,0.000000,0.000000,0.211339,0.000000,0.000000,0.000000,0.000000,0.000000,0.175428,use_phone,1,25,7683,phone,none,,,0.000000,1.000000,0,none,,7.479986,7.479986,completed,0,5,clear,24.000000
2,1112,3448136217,156,Day 6 08:03,none,,7.479986,7.479986,completed,0.000000,0.206566,0.190033,1.000000,0.312500,0.136667,0.401857,0.175000,0.085000,10,1,1,1,0,0,0,1,1,1,1,1,0,0,1,0,1,0.203631,0.000000,0.193680,0.000000,0.000000,0.000000,0.217211,0.000000,0.000000,0.211947,0.000000,0.000000,0.000000,0.000000,0.000000,0.173531,use_computer,1,30,7713,computer,none,alarm-rings,,0.000000,1.000000,0,none,,7.479986,7.479986,completed,0,5,clear,24.000000
2,1112,3448136217,157,Day 6 08:33,none,,7.479986,7.479986,completed,0.000000,0.320654,0.190033,0.990000,0.337500,0.156667,0.437803,0.255000,0.067000,11,1,1,1,0,0,0,1,1,1,1,1,0,1,1,0,1,0.135745,0.000000,0.130545,0.000000,0.000000,0.000000,0.162500,0.000000,0.131557,0.147604,0.000000,0.000000,0.173177,0.000000,0.000000,0.118873,turn_off_alarm,1,1,7714,alarm,none,,,0.000000,1.000000,0,none,,7.479986,7.479986,completed,0,5,clear,24.000000
2,1112,3448136217,158,Day 6 08:34,none,,7.479986,7.479986,completed,0.000333,0.321054,0.190033,1.000000,0.338333,0.157333,0.417803,0.254000,0.066400,10,1,1,1,0,0,0,1,1,1,1,1,0,0,1,0,1,0.164144,0.000000,0.157853,0.000000,0.000000,0.000000,0.196685,0.000000,0.159099,0.178521,0.000000,0.000000,0.000000,0.000000,0.000000,0.143697,go_to_bathroom,1,15,7729,door,none,,,0.000000,1.000000,0,none,,7.479986,7.479986,completed,0,5,clear,24.000000
2,1112,3448136217,159,Day 6 08:49,none,,7.479986,7.479986,completed,0.005333,0.327054,0.190033,1.000000,0.350833,0.000000,0.417803,0.239000,0.057400,10,1,1,1,0,0,0,1,1,1,1,1,0,0,1,0,1,0.195569,0.000000,0.188007,0.000000,0.000000,0.000000,0.232648,0.000000,0.000000,0.213374,0.000000,0.000000,0.000000,0.000000,0.000000,0.170402,use_computer,1,30,7759,computer,none,,,0.000000,1.000000,0,none,,7.479986,7.479986,completed,0,5,clear,24.000000
2,1112,3448136217,160,Day 6 09:19,none,,7.479986,7.479986,completed,0.000000,0.441141,0.190033,0.990000,0.375833,0.020000,0.417803,0.319000,0.039400,10,1,1,1,0,0,0,1,1,1,1,1,0,0,1,0,1,0.147348,0.000000,0.143324,0.000000,0.000000,0.000000,0.197719,0.211030,0.000000,0.168369,0.000000,0.000000,0.000000,0.000000,0.000000,0.132210,rest_at_bed,1,60,7819,bed,none,,,0.000000,1.000000,0,none,,7.479986,7.479986,completed,0,5,clear,24.000000
2,1112,3448136217,161,Day 6 10:19,none,,7.479986,7.479986,completed,0.060000,0.186014,0.190033,1.000000,0.425833,0.060000,0.417803,0.119000,0.003400,10,1,1,1,0,0,0,1,1,1,1,1,0,0,1,0,1,0.207157,0.000000,0.194980,0.000000,0.000000,0.000000,0.205087,0.000000,0.000000,0.222782,0.000000,0.000000,0.000000,0.000000,0.000000,0.169995,use_computer,1,30,7849,computer,none,,,0.000000,1.000000,0,none,,7.479986,7.479986,completed,0,5,clear,24.000000
2,1112,3448136217,162,Day 6 10:49,none,,7.479986,7.479986,completed,0.000000,0.300102,0.190033,0.990000,0.450833,0.080000,0.417803,0.199000,0.000000,10,1,1,1,0,0,0,1,1,1,1,1,0,0,1,0,1,0.195154,0.000000,0.187193,0.000000,0.000000,0.000000,0.223598,0.000000,0.000000,0.225518,0.000000,0.000000,0.000000,0.000000,0.000000,0.168536,rest_at_bed,1,60,7909,bed,none,,,0.000000,1.000000,0,none,,7.479986,7.479986,completed,0,5,clear,24.000000
2,1112,3448136217,163,Day 6 11:49,none,,7.479986,7.479986,completed,0.060000,0.044975,0.190033,1.000000,0.500833,0.120000,0.417803,0.000000,0.000000,10,1,1,1,0,0,0,1,1,1,1,1,0,0,1,0,1,0.262742,0.000000,0.243872,0.000000,0.000000,0.000000,0.000000,0.000000,0.000000,0.285819,0.000000,0.000000,0.000000,0.000000,0.000000,0.207566,use_computer,1,30,7939,computer,none,weather-clear|room-temperature-shift,,0.000000,1.000000,0,none,,7.479986,7.479986,completed,0,5,clear,17.000000
2,1112,3448136217,164,Day 6 12:19,none,,7.479986,7.479986,completed,0.000000,0.199062,0.190033,0.930000,0.525833,0.140000,0.417803,0.080000,0.000000,10,1,1,1,0,0,0,1,1,1,1,1,0,0,1,0,1,0.170269,0.000000,0.161621,0.000000,0.000000,0.000000,0.170916,0.000000,0.155420,0.199723,0.000000,0.000000,0.000000,0.000000,0.000000,0.142052,go_to_bathroom,1,15,7954,door,none,,,0.000000,1.000000,0,none,,7.479986,7.479986,completed,0,5,clear,17.000000
2,1112,3448136217,165,Day 6 12:34,none,,7.479986,7.479986,completed,0.005000,0.205062,0.190033,1.000000,0.538333,0.000000,0.417803,0.065000,0.000000,10,1,1,1,0,0,0,1,1,1,1,1,0,0,1,0,1,0.201919,0.000000,0.191596,0.000000,0.000000,0.000000,0.201222,0.000000,0.000000,0.237599,0.000000,0.000000,0.000000,0.000000,0.000000,0.167664,use_phone,1,25,7979,phone,none,message-study-group,,0.000000,1.000000,0,none,,7.479986,7.479986,completed,0,6,clear,17.000000
2,1112,3448136217,166,Day 6 12:59,none,,7.479986,7.479986,completed,0.000000,0.297541,0.190033,1.000000,0.559167,0.016667,0.417803,0.160000,0.085000,10,1,1,1,0,0,0,1,1,1,1,1,0,0,1,0,1,0.193667,0.000000,0.185621,0.000000,0.000000,0.000000,0.216600,0.000000,0.000000,0.238306,0.000000,0.000000,0.000000,0.000000,0.000000,0.165807,idle,1,10,7989,,none,,,0.000000,1.000000,0,none,,7.479986,7.479986,completed,0,6,clear,17.000000
2,1112,3448136217,167,Day 6 13:09,none,,7.479986,7.479986,completed,0.123333,0.301541,0.190033,0.946667,0.567500,0.023333,0.417803,0.150000,0.079000,10,1,1,1,0,0,0,1,1,1,1,1,0,0,1,0,1,0.201024,0.000000,0.189611,0.000000,0.000000,0.000000,0.211486,0.000000,0.000000,0.234301,0.000000,0.000000,0.000000,0.000000,0.000000,0.163577,get_meal,1,35,8024,door,none,,,0.000000,1.000000,0,none,,7.479986,7.479986,completed,0,6,clear,17.000000
2,1112,3448136217,168,Day 6 13:44,none,,7.479986,7.479986,completed,0.095000,0.315541,0.190033,1.000000,0.046667,0.046667,0.417803,0.115000,0.058000,10,1,1,1,0,0,0,1,1,1,1,1,0,0,1,0,1,0.261838,0.000000,0.248071,0.000000,0.000000,0.000000,0.275984,0.000000,0.000000,0.000000,0.000000,0.000000,0.000000,0.000000,0.000000,0.214107,use_phone,1,25,8049,phone,none,,,0.000000,1.000000,0,none,,7.479986,7.479986,completed,0,6,clear,17.000000
2,1112,3448136217,169,Day 6 14:09,none,,7.479986,7.479986,completed,0.000000,0.408020,0.190033,1.000000,0.067500,0.063333,0.417803,0.210000,0.143000,10,1,1,1,0,0,0,1,1,1,1,1,0,0,1,0,1,0.157444,0.153873,0.152465,0.000000,0.000000,0.000000,0.194282,0.204361,0.000000,0.000000,0.000000,0.000000,0.000000,0.000000,0.000000,0.137575,shop_on_phone,0,0,8049,phone,resource_insufficient,,,0.000000,1.000000,0,none,,7.479986,7.479986,completed,0,6,clear,17.000000
2,1112,3448136217,170,Day 6 14:09,none,,7.479986,7.479986,completed,0.000000,0.408020,0.190033,0.970000,0.067500,0.063333,0.447803,0.210000,0.143000,10,1,1,1,0,0,0,1,1,1,1,1,0,0,1,0,1,0.157510,0.153937,0.152529,0.000000,0.000000,0.000000,0.193943,0.204447,0.000000,0.000000,0.000000,0.000000,0.000000,0.000000,0.000000,0.137633,idle,1,10,8059,,none,,,0.000000,1.000000,0,none,,7.479986,7.479986,completed,0,6,clear,17.000000
2,1112,3448136217,171,Day 6 14:19,none,,7.479986,7.479986,completed,0.123333,0.412020,0.190033,0.916667,0.075833,0.070000,0.447803,0.200000,0.137000,10,1,1,1,0,0,0,1,1,1,1,1,0,0,1,0,1,0.164325,0.151539,0.156601,0.000000,0.000000,0.000000,0.190327,0.200736,0.000000,0.000000,0.000000,0.000000,0.000000,0.000000,0.000000,0.136472,use_phone,1,25,8084,phone,none,,,0.000000,1.000000,0,none,,7.479986,7.479986,completed,0,6,clear,17.000000
2,1112,3448136217,172,Day 6 14:44,none,,7.479986,7.479986,completed,0.000000,0.504499,0.190033,0.948333,0.096667,0.086667,0.447803,0.295000,0.222000,10,1,1,1,0,0,0,1,1,1,1,1,0,0,1,0,1,0.147023,0.155811,0.143746,0.000000,0.000000,0.000000,0.202032,0.219430,0.000000,0.000000,0.000000,0.000000,0.000000,0.000000,0.000000,0.131957,idle,1,10,8094,,none,,,0.000000,1.000000,0,none,,7.479986,7.479986,completed,0,6,clear,17.000000
2,1112,3448136217,173,Day 6 14:54,none,,7.479986,7.479986,completed,0.123333,0.508499,0.190033,0.895000,0.105000,0.093333,0.447803,0.285000,0.216000,10,1,1,1,0,0,0,1,1,1,1,1,0,0,1,0,1,0.153552,0.153551,0.147744,0.000000,0.000000,0.000000,0.198481,0.215684,0.000000,0.000000,0.000000,0.000000,0.000000,0.000000,0.000000,0.130987,use_computer,1,30,8124,computer,none,,,0.000000,1.000000,0,none,,7.479986,7.479986,completed,0,6,clear,17.000000
2,1112,3448136217,174,Day 6 15:24,none,,7.479986,7.479986,completed,0.000000,0.622587,0.190033,0.885000,0.130000,0.113333,0.447803,0.365000,0.198000,10,1,1,1,0,0,0,1,1,1,1,1,0,0,1,0,1,0.137879,0.147432,0.136331,0.000000,0.000000,0.000000,0.212486,0.238938,0.000000,0.000000,0.000000,0.000000,0.000000,0.000000,0.000000,0.126934,idle,1,10,8134,,none,,,0.000000,1.000000,0,none,,7.479986,7.479986,completed,0,6,clear,17.000000
2,1112,3448136217,175,Day 6 15:34,none,,7.479986,7.479986,completed,0.123333,0.626587,0.190033,0.831667,0.138333,0.120000,0.447803,0.355000,0.192000,10,1,1,1,0,0,0,1,1,1,1,1,0,0,1,0,1,0.144142,0.145435,0.140259,0.000000,0.000000,0.000000,0.208955,0.235086,0.000000,0.000000,0.000000,0.000000,0.000000,0.000000,0.000000,0.126124,use_phone,1,25,8159,phone,none,,,0.000000,1.000000,0,none,,7.479986,7.479986,completed,0,6,clear,17.000000
2,1112,3448136217,176,Day 6 15:59,none,,7.479986,7.479986,completed,0.000000,0.719065,0.190033,0.863333,0.159167,0.136667,0.447803,0.450000,0.277000,10,1,1,1,0,0,0,1,1,1,1,1,0,0,1,0,1,0.000000,0.168988,0.000000,0.000000,0.000000,0.000000,0.250660,0.290410,0.000000,0.152128,0.000000,0.000000,0.000000,0.000000,0.000000,0.137815,sleep_at_bed,1,480,8639,bed,none,evening,,0.000000,1.000000,0,none,,7.479986,7.479986,completed,0,6,clear,17.000000
2,1112,3448136217,177,Day 6 23:59,none,,7.479986,7.479986,completed,0.080000,0.384642,0.190033,0.783333,0.559167,0.456667,0.447803,0.000000,0.000000,10,1,1,1,0,0,0,1,1,1,1,1,0,0,1,0,1,0.165552,0.000000,0.157839,0.000000,0.000000,0.000000,0.171356,0.000000,0.180675,0.190951,0.000000,0.000000,0.000000,0.000000,0.000000,0.133628,use_computer,1,30,8669,computer,none,,,0.000000,1.000000,0,none,,7.479986,7.479986,completed,0,6,clear,17.000000
2,1112,3448136217,178,Day 7 00:29,none,,7.479986,7.479986,completed,0.000000,0.498730,0.190033,0.773333,0.584167,0.476667,0.447803,0.080000,0.000000,10,1,1,1,0,0,0,1,1,1,1,1,0,0,1,0,1,0.128744,0.000000,0.125421,0.000000,0.000000,0.000000,0.155676,0.166873,0.151982,0.161070,0.000000,0.000000,0.000000,0.000000,0.000000,0.110235,sleep_at_bed,1,480,9149,bed,none,,,0.000000,1.000000,0,none,,7.479986,7.479986,completed,0,6,clear,17.000000
2,1112,3448136217,179,Day 7 08:29,none,,7.479986,7.479986,completed,0.080000,0.164307,0.190033,0.693333,0.984167,0.796667,0.447803,0.000000,0.000000,10,1,1,1,0,0,0,1,1,1,1,1,0,0,1,0,1,0.154353,0.000000,0.144377,0.000000,0.000000,0.000000,0.139104,0.000000,0.208733,0.231201,0.000000,0.000000,0.000000,0.000000,0.000000,0.122231,use_phone,1,25,9174,phone,none,,,0.000000,1.000000,0,none,,7.479986,7.479986,completed,0,6,clear,17.000000
2,1112,3448136217,180,Day 7 08:54,none,,7.479986,7.479986,completed,0.000000,0.256786,0.190033,0.725000,1.000000,0.813333,0.447803,0.095000,0.085000,10,1,1,1,0,0,0,1,1,1,1,1,0,0,1,0,1,0.144474,0.000000,0.137854,0.000000,0.000000,0.000000,0.151362,0.000000,0.211142,0.233637,0.000000,0.000000,0.000000,0.000000,0.000000,0.121531,use_computer,1,30,9204,computer,none,alarm-rings,,0.000000,1.000000,0,none,,7.479986,7.479986,completed,0,6,clear,17.000000
2,1112,3448136217,181,Day 7 09:24,none,,7.479986,7.479986,completed,0.000000,0.370873,0.190033,0.715000,1.000000,0.833333,0.483750,0.175000,0.067000,11,1,1,1,0,0,0,1,1,1,1,1,0,1,1,0,1,0.118216,0.000000,0.114052,0.000000,0.000000,0.000000,0.138993,0.000000,0.179991,0.196450,0.000000,0.000000,0.150109,0.000000,0.000000,0.102188,get_meal,1,35,9239,door,none,,,0.000000,1.000000,0,none,,7.479986,7.479986,completed,0,6,clear,17.000000
2,1112,3448136217,182,Day 7 09:59,none,,7.479986,7.479986,completed,0.000000,0.384873,0.190033,0.823474,0.479167,0.856667,0.483750,0.140000,0.046000,11,1,1,1,0,0,0,1,1,1,1,1,0,1,1,0,1,0.125678,0.000000,0.121337,0.000000,0.000000,0.000000,0.146087,0.000000,0.193209,0.147171,0.000000,0.000000,0.158571,0.000000,0.000000,0.107948,get_meal,1,35,9274,door,none,,,0.000000,1.000000,0,none,,7.479986,7.479986,completed,0,6,clear,17.000000
2,1112,3448136217,183,Day 7 10:34,none,,7.479986,7.479986,completed,0.000000,0.398873,0.190033,0.931947,0.000000,0.880000,0.483750,0.105000,0.025000,11,1,1,1,0,0,0,1,1,1,1,1,0,1,1,0,1,0.147607,0.000000,0.142610,0.000000,0.000000,0.000000,0.169628,0.000000,0.229122,0.000000,0.000000,0.000000,0.185056,0.000000,0.000000,0.125978,use_computer,1,30,9304,computer,none,,,0.000000,1.000000,0,none,,7.479986,7.479986,completed,0,6,clear,17.000000
2,1112,3448136217,184,Day 7 11:04,none,,7.479986,7.479986,completed,0.000000,0.512961,0.190033,0.921947,0.025000,0.900000,0.483750,0.185000,0.007000,11,1,1,1,0,0,0,1,1,1,1,1,0,1,1,0,1,0.118271,0.000000,0.115536,0.000000,0.000000,0.000000,0.152928,0.165907,0.191262,0.000000,0.000000,0.000000,0.152370,0.000000,0.000000,0.103726,rest_at_bed,1,60,9364,bed,none,,,0.000000,1.000000,0,none,,7.479986,7.479986,completed,0,6,clear,17.000000
2,1112,3448136217,185,Day 7 12:04,none,,7.479986,7.479986,completed,0.060000,0.257834,0.190033,0.951947,0.075000,0.940000,0.483750,0.000000,0.000000,11,1,1,1,0,0,0,1,1,1,1,1,0,1,1,0,1,0.156055,0.000000,0.147545,0.000000,0.000000,0.000000,0.150170,0.000000,0.236976,0.000000,0.000000,0.000000,0.183673,0.000000,0.000000,0.125580,idle,1,10,9374,,none,,,0.000000,1.000000,0,none,,7.479986,7.479986,completed,0,6,clear,17.000000
2,1112,3448136217,186,Day 7 12:14,none,,7.479986,7.479986,completed,0.183333,0.261834,0.190033,0.898614,0.083333,0.946667,0.483750,0.000000,0.000000,11,1,1,1,0,0,0,1,1,1,1,1,0,1,1,0,1,0.162369,0.000000,0.151098,0.000000,0.000000,0.000000,0.147825,0.000000,0.233839,0.000000,0.000000,0.000000,0.180414,0.000000,0.000000,0.124455,use_phone,1,25,9399,phone,none,,,0.000000,1.000000,0,none,,7.479986,7.479986,completed,0,6,clear,17.000000
2,1112,3448136217,187,Day 7 12:39,none,,7.479986,7.479986,completed,0.000000,0.354313,0.190033,0.930281,0.104167,0.963333,0.483750,0.095000,0.085000,11,1,1,1,0,0,0,1,1,1,1,1,0,1,1,0,1,0.147025,0.000000,0.141479,0.000000,0.000000,0.000000,0.163345,0.000000,0.240207,0.000000,0.000000,0.000000,0.183218,0.000000,0.000000,0.124726,rest_at_bed,1,60,9459,bed,none,,,0.000000,1.000000,0,none,,7.479986,7.479986,completed,0,6,clear,17.000000
2,1112,3448136217,188,Day 7 13:39,none,,7.479986,7.479986,completed,0.060000,0.099186,0.190033,0.960281,0.154167,1.000000,0.483750,0.000000,0.049000,11,1,1,1,0,0,0,1,1,1,1,1,0,1,1,0,1,0.139112,0.000000,0.129730,0.000000,0.000000,0.000000,0.121162,0.000000,0.217127,0.120957,0.000000,0.000000,0.161495,0.000000,0.000000,0.110416,use_phone,1,25,9484,phone,none,,,0.000000,1.000000,0,none,,7.479986,7.479986,completed,0,6,clear,17.000000
2,1112,3448136217,189,Day 7 14:04,none,,7.479986,7.479986,completed,0.000000,0.191665,0.190033,0.991947,0.175000,1.000000,0.483750,0.095000,0.134000,11,1,1,1,0,0,0,1,1,1,1,1,0,1,1,0,1,0.117208,0.108979,0.111208,0.000000,0.000000,0.000000,0.117566,0.000000,0.193627,0.109358,0.000000,0.000000,0.144016,0.000000,0.000000,0.098040,shop_on_phone,0,0,9484,phone,resource_insufficient,,,0.000000,1.000000,0,none,,7.479986,7.479986,completed,0,6,clear,17.000000
2,1112,3448136217,190,Day 7 14:04,none,,7.479986,7.479986,completed,0.000000,0.191665,0.190033,0.961947,0.175000,1.000000,0.513750,0.095000,0.134000,11,1,1,1,0,0,0,1,1,1,1,1,0,1,1,0,1,0.117146,0.108921,0.111149,0.000000,0.000000,0.000000,0.117249,0.000000,0.193525,0.109300,0.000000,0.000000,0.144722,0.000000,0.000000,0.097988,rest_at_bed,1,60,9544,bed,none,weather-clear,,0.000000,1.000000,0,none,,7.479986,7.479986,completed,0,6,clear,17.000000
2,1112,3448136217,191,Day 7 15:04,none,,7.479986,7.479986,completed,0.060000,0.000000,0.190033,0.991947,0.225000,1.000000,0.513750,0.000000,0.098000,11,1,1,1,0,0,0,1,1,1,1,1,0,1,1,0,1,0.158242,0.000000,0.146305,0.000000,0.000000,0.000000,0.000000,0.000000,0.244870,0.142938,0.000000,0.000000,0.183120,0.000000,0.000000,0.124524,turn_off_alarm,1,1,9545,alarm,none,,,0.000000,1.000000,0,none,,7.479986,7.479986,completed,0,6,clear,17.000000
2,1112,3448136217,192,Day 7 15:05,none,,7.479986,7.479986,completed,0.060333,0.000400,0.190033,1.000000,0.225833,1.000000,0.493750,0.000000,0.097400,10,1,1,1,0,0,0,1,1,1,1,1,0,0,1,0,1,0.193710,0.000000,0.179097,0.000000,0.000000,0.000000,0.000000,0.000000,0.299720,0.175052,0.000000,0.000000,0.000000,0.000000,0.000000,0.152421,go_to_bathroom,1,15,9560,door,none,,,0.000000,1.000000,0,none,,7.479986,7.479986,completed,0,6,clear,17.000000
2,1112,3448136217,193,Day 7 15:20,none,,7.479986,7.479986,completed,0.065333,0.006400,0.190033,1.000000,0.238333,0.390000,0.493750,0.000000,0.088400,10,1,1,1,0,0,0,1,1,1,1,1,0,0,1,0,1,0.215727,0.000000,0.199426,0.000000,0.000000,0.000000,0.000000,0.000000,0.219147,0.196204,0.000000,0.000000,0.000000,0.000000,0.000000,0.169496,get_meal,1,35,9595,door,none,room-temperature-shift,,0.000000,1.000000,0,none,,7.479986,7.479986,completed,0,6,clear,24.000000
2,1112,3448136217,194,Day 7 15:55,none,,7.479986,7.479986,completed,0.037000,0.020400,0.190033,1.000000,0.000000,0.413333,0.493750,0.000000,0.067400,10,1,1,1,0,0,0,1,1,1,1,1,0,0,1,0,1,0.265117,0.000000,0.246297,0.000000,0.000000,0.000000,0.000000,0.000000,0.277671,0.000000,0.000000,0.000000,0.000000,0.000000,0.000000,0.210915,idle,1,10,9605,,none,,,0.000000,1.000000,0,none,,7.479986,7.479986,completed,0,6,clear,24.000000
2,1112,3448136217,195,Day 7 16:05,none,,7.479986,7.479986,completed,0.160333,0.024400,0.190033,0.946667,0.008333,0.420000,0.493750,0.000000,0.061400,10,1,1,1,0,0,0,1,1,1,1,1,0,0,1,0,1,0.272817,0.000000,0.249460,0.000000,0.000000,0.000000,0.000000,0.000000,0.270990,0.000000,0.000000,0.000000,0.000000,0.000000,0.000000,0.206734,use_computer,1,30,9635,computer,none,message-study-group,,0.000000,1.000000,0,none,,7.479986,7.479986,completed,0,7,clear,24.000000
2,1112,3448136217,196,Day 7 16:35,none,,7.479986,7.479986,completed,0.010333,0.138487,0.190033,0.936667,0.033333,0.440000,0.493750,0.080000,0.043400,10,1,1,1,0,0,0,1,1,1,1,1,0,0,1,0,1,0.206775,0.000000,0.194980,0.000000,0.000000,0.000000,0.197752,0.000000,0.229593,0.000000,0.000000,0.000000,0.000000,0.000000,0.000000,0.170901,use_computer,1,30,9665,computer,none,,,0.000000,1.000000,0,none,,7.479986,7.479986,completed,0,7,clear,24.000000
2,1112,3448136217,197,Day 7 17:05,none,,7.479986,7.479986,completed,0.000000,0.252575,0.190033,0.926667,0.058333,0.460000,0.493750,0.160000,0.025400,10,1,1,1,0,0,0,1,1,1,1,1,0,0,1,0,1,0.197971,0.000000,0.189008,0.000000,0.000000,0.000000,0.214067,0.000000,0.230122,0.000000,0.000000,0.000000,0.000000,0.000000,0.000000,0.168832,use_computer,1,30,9695,computer,none,,,0.000000,1.000000,0,none,,7.479986,7.479986,completed,0,7,clear,24.000000
2,1112,3448136217,198,Day 7 17:35,none,,7.479986,7.479986,completed,0.000000,0.366662,0.190033,0.916667,0.083333,0.480000,0.493750,0.240000,0.007400,10,1,1,1,0,0,0,1,1,1,1,1,0,0,1,0,1,0.189777,0.000000,0.183197,0.000000,0.000000,0.000000,0.230892,0.000000,0.229822,0.000000,0.000000,0.000000,0.000000,0.000000,0.000000,0.166312,idle,1,10,9705,,none,,,0.000000,1.000000,0,none,,7.479986,7.479986,completed,0,7,clear,24.000000
2,1112,3448136217,199,Day 7 17:45,none,,7.479986,7.479986,completed,0.123333,0.370662,0.190033,0.863333,0.091667,0.486667,0.493750,0.230000,0.001400,10,1,1,1,0,0,0,1,1,1,1,1,0,0,1,0,1,0.197106,0.000000,0.187250,0.000000,0.000000,0.000000,0.225579,0.000000,0.225889,0.000000,0.000000,0.000000,0.000000,0.000000,0.000000,0.164175,idle,1,10,9715,,none,,,0.000000,1.000000,0,none,,7.479986,7.479986,completed,0,7,clear,24.000000
2,1112,3448136217,200,Day 7 17:55,none,,7.479986,7.479986,completed,0.246667,0.374662,0.190033,0.810000,0.100000,0.493333,0.493750,0.220000,0.000000,10,1,1,1,0,0,0,1,1,1,1,1,0,0,1,0,1,0.204598,0.000000,0.191280,0.000000,0.000000,0.000000,0.220258,0.000000,0.221893,0.000000,0.000000,0.000000,0.000000,0.000000,0.000000,0.161971,idle,1,10,9725,,none,,,0.000000,1.000000,0,none,,7.479986,7.479986,completed,0,7,clear,24.000000
2,1112,3448136217,201,Day 7 18:05,none,,7.479986,7.479986,completed,0.370000,0.378662,0.190033,0.756667,0.108333,0.500000,0.493750,0.210000,0.000000,10,1,1,1,0,0,0,1,1,1,1,1,0,0,1,0,1,0.212248,0.000000,0.195279,0.000000,0.000000,0.000000,0.214933,0.000000,0.217838,0.000000,0.000000,0.000000,0.000000,0.000000,0.000000,0.159701,use_computer,1,30,9755,computer,none,,,0.000000,1.000000,0,none,,7.479986,7.479986,completed,0,7,clear,24.000000
2,1112,3448136217,202,Day 7 18:35,none,,7.479986,7.479986,completed,0.220000,0.492750,0.190033,0.746667,0.133333,0.520000,0.493750,0.290000,0.000000,10,1,1,1,0,0,0,1,1,1,1,1,0,0,1,0,1,0.154629,0.000000,0.146712,0.000000,0.000000,0.000000,0.189042,0.205316,0.177402,0.000000,0.000000,0.000000,0.000000,0.000000,0.000000,0.126900,rest_at_bed,1,60,9815,bed,none,,,0.000000,1.000000,0,none,,7.479986,7.479986,completed,0,7,clear,24.000000
2,1112,3448136217,203,Day 7 19:35,none,,7.479986,7.479986,completed,0.280000,0.237623,0.190033,0.776667,0.183333,0.560000,0.493750,0.090000,0.000000,10,1,1,1,0,0,0,1,1,1,1,1,0,0,1,0,1,0.182834,0.000000,0.167859,0.000000,0.000000,0.000000,0.164913,0.000000,0.196332,0.150834,0.000000,0.000000,0.000000,0.000000,0.000000,0.137229,idle,1,10,9825,,none,,,0.000000,1.000000,0,none,,7.479986,7.479986,completed,0,7,clear,24.000000
2,1112,3448136217,204,Day 7 19:45,none,,7.479986,7.479986,completed,0.403333,0.241623,0.190033,0.723333,0.191667,0.566667,0.493750,0.080000,0.000000,10,1,1,1,0,0,0,1,1,1,1,1,0,0,1,0,1,0.190006,0.000000,0.171673,0.000000,0.000000,0.000000,0.161213,0.000000,0.193085,0.148476,0.000000,0.000000,0.000000,0.000000,0.000000,0.135546,get_meal,1,35,9860,door,none,evening,,0.000000,1.000000,0,none,,7.479986,7.479986,completed,0,7,clear,24.000000
2,1112,3448136217,205,Day 7 20:20,none,,7.479986,7.479986,completed,0.375000,0.255623,0.190033,0.831807,0.000000,0.590000,0.493750,0.045000,0.000000,10,1,1,1,0,0,0,1,1,1,1,1,0,0,1,0,1,0.221521,0.000000,0.201036,0.000000,0.000000,0.000000,0.188304,0.000000,0.230338,0.000000,0.000000,0.000000,0.000000,0.000000,0.000000,0.158801,rest_at_bed,1,60,9920,bed,none,,,0.000000,1.000000,0,none,,7.479986,7.479986,completed,0,7,clear,24.000000
2,1112,3448136217,206,Day 7 21:20,none,,7.479986,7.479986,completed,0.435000,0.000496,0.190033,0.861807,0.050000,0.630000,0.493750,0.000000,0.000000,10,1,1,1,0,0,0,1,1,1,1,1,0,0,1,0,1,0.280533,0.000000,0.246906,0.000000,0.000000,0.000000,0.000000,0.000000,0.282352,0.000000,0.000000,0.000000,0.000000,0.000000,0.000000,0.190209,use_phone,1,25,9945,phone,none,,,0.000000,1.000000,0,none,,7.479986,7.479986,completed,0,7,clear,24.000000
2,1112,3448136217,207,Day 7 21:45,none,,7.479986,7.479986,completed,0.223333,0.092975,0.190033,0.893474,0.070833,0.646667,0.493750,0.095000,0.085000,10,1,1,1,0,0,0,1,1,1,1,1,0,0,1,0,1,0.213778,0.000000,0.195287,0.000000,0.000000,0.000000,0.181339,0.000000,0.247358,0.000000,0.000000,0.000000,0.000000,0.000000,0.000000,0.162239,go_to_bathroom,1,15,9960,door,none,,,0.000000,1.000000,0,none,,7.479986,7.479986,completed,0,7,clear,24.000000
2,1112,3448136217,208,Day 7 22:00,none,,7.479986,7.479986,completed,0.228333,0.098975,0.190033,0.968614,0.083333,0.036667,0.493750,0.080000,0.076000,10,1,1,1,0,0,0,1,1,1,1,1,0,0,1,0,1,0.284847,0.000000,0.260116,0.000000,0.000000,0.000000,0.239880,0.000000,0.000000,0.000000,0.000000,0.000000,0.000000,0.000000,0.000000,0.215157,idle,1,10,9970,,none,,,0.000000,1.000000,0,none,,7.479986,7.479986,completed,0,7,clear,24.000000
2,1112,3448136217,209,Day 7 22:10,none,,7.479986,7.479986,completed,0.351667,0.102975,0.190033,0.915281,0.091667,0.043333,0.493750,0.070000,0.070000,10,1,1,1,0,0,0,1,1,1,1,1,0,0,1,0,1,0.293363,0.000000,0.263637,0.000000,0.000000,0.000000,0.232391,0.000000,0.000000,0.000000,0.000000,0.000000,0.000000,0.000000,0.000000,0.210609,use_phone,1,25,9995,phone,none,,,0.000000,1.000000,0,none,,7.479986,7.479986,completed,0,7,clear,24.000000
2,1112,3448136217,210,Day 7 22:35,none,,7.479986,7.479986,completed,0.140000,0.195454,0.190033,0.946947,0.112500,0.060000,0.493750,0.165000,0.155000,10,1,1,1,0,0,0,1,1,1,1,1,0,0,1,0,1,0.216501,0.195496,0.201941,0.000000,0.000000,0.000000,0.212091,0.000000,0.000000,0.000000,0.000000,0.000000,0.000000,0.000000,0.000000,0.173971,idle,1,10,10005,,none,,,0.000000,1.000000,0,none,,7.479986,7.479986,completed,0,7,clear,24.000000
2,1112,3448136217,211,Day 7 22:45,none,,7.479986,7.479986,completed,0.263333,0.199454,0.190033,0.893614,0.120833,0.066667,0.493750,0.155000,0.149000,10,1,1,1,0,0,0,1,1,1,1,1,0,0,1,0,1,0.224456,0.191247,0.206035,0.000000,0.000000,0.000000,0.206835,0.000000,0.000000,0.000000,0.000000,0.000000,0.000000,0.000000,0.000000,0.171426,rest_at_bed,1,60,10065,bed,none,,,0.000000,1.000000,0,none,,7.479986,7.479986,completed,0,7,clear,24.000000
2,1112,3448136217,212,Day 7 23:45,none,,7.479986,7.479986,completed,0.323333,0.000000,0.190033,0.923614,0.170833,0.106667,0.493750,0.000000,0.113000,10,1,1,1,0,0,0,1,1,1,1,1,0,0,1,0,1,0.241411,0.185945,0.215606,0.000000,0.000000,0.000000,0.000000,0.000000,0.000000,0.185936,0.000000,0.000000,0.000000,0.000000,0.000000,0.171101,idle,1,10,10075,,none,,,0.000000,1.000000,0,none,,7.479986,7.479986,completed,0,7,clear,24.000000
2,1112,3448136217,213,Day 7 23:55,none,,7.479986,7.479986,completed,0.446667,0.004000,0.190033,0.870281,0.179167,0.113333,0.493750,0.000000,0.107000,10,1,1,1,0,0,0,1,1,1,1,1,0,0,1,0,1,0.249150,0.181474,0.219015,0.000000,0.000000,0.000000,0.000000,0.000000,0.000000,0.182161,0.000000,0.000000,0.000000,0.000000,0.000000,0.168200,idle,1,10,10085,,none,,,0.000000,1.000000,0,none,,7.479986,7.479986,completed,0,7,clear,24.000000
2,1112,3448136217,214,Day 8 00:05,none,,7.479986,7.479986,completed,0.570000,0.008000,0.190033,0.816947,0.187500,0.120000,0.493750,0.000000,0.101000,10,1,1,1,0,0,0,1,1,1,1,1,0,0,1,0,1,0.256999,0.177016,0.222358,0.000000,0.000000,0.000000,0.000000,0.000000,0.000000,0.178367,0.000000,0.000000,0.000000,0.000000,0.000000,0.165260,get_meal,1,35,10120,door,none,,,0.000000,1.000000,0,none,,7.479986,7.479986,completed,0,7,clear,24.000000
2,1112,3448136217,215,Day 8 00:40,none,,7.479986,7.479986,completed,0.541667,0.022000,0.190033,0.925421,0.000000,0.143333,0.493750,0.000000,0.080000,10,1,1,1,0,0,0,1,1,1,1,1,0,0,1,0,1,0.311798,0.000000,0.271106,0.000000,0.000000,0.000000,0.000000,0.000000,0.214084,0.000000,0.000000,0.000000,0.000000,0.000000,0.000000,0.203013,use_computer,1,30,10150,computer,none,,,0.000000,1.000000,0,none,,7.479986,7.479986,completed,0,7,clear,24.000000
2,1112,3448136217,216,Day 8 01:10,none,,7.479986,7.479986,completed,0.391667,0.136087,0.190033,0.915421,0.025000,0.163333,0.493750,0.080000,0.062000,10,1,1,1,0,0,0,1,1,1,1,1,0,0,1,0,1,0.239652,0.000000,0.214887,0.000000,0.000000,0.000000,0.191332,0.000000,0.183937,0.000000,0.000000,0.000000,0.000000,0.000000,0.000000,0.170192,rest_at_bed,1,60,10210,bed,none,,,0.000000,1.000000,0,none,,7.479986,7.479986,completed,0,7,clear,24.000000
2,1112,3448136217,217,Day 8 02:10,none,,7.479986,7.479986,completed,0.451667,0.000000,0.190033,0.945421,0.075000,0.203333,0.493750,0.000000,0.026000,10,1,1,1,0,0,0,1,1,1,1,1,0,0,1,0,1,0.303339,0.000000,0.266382,0.000000,0.000000,0.000000,0.000000,0.000000,0.225974,0.000000,0.000000,0.000000,0.000000,0.000000,0.000000,0.204305,use_phone,1,25,10235,phone,none,,,0.000000,1.000000,0,none,,7.479986,7.479986,completed,0,7,clear,24.000000
2,1112,3448136217,218,Day 8 02:35,none,,7.479986,7.479986,completed,0.240000,0.092479,0.190033,0.977088,0.095833,0.220000,0.493750,0.095000,0.111000,10,1,1,1,0,0,0,1,1,1,1,1,0,0,1,0,1,0.229192,0.000000,0.208901,0.000000,0.000000,0.000000,0.192839,0.000000,0.196286,0.000000,0.000000,0.000000,0.000000,0.000000,0.000000,0.172782,idle,1,10,10245,,none,,,0.000000,1.000000,0,none,,7.479986,7.479986,completed,0,7,clear,24.000000
2,1112,3448136217,219,Day 8 02:45,none,,7.479986,7.479986,completed,0.363333,0.096479,0.190033,0.923754,0.104167,0.226667,0.493750,0.085000,0.105000,10,1,1,1,0,0,0,1,1,1,1,1,0,0,1,0,1,0.200439,0.155065,0.179791,0.000000,0.000000,0.000000,0.158638,0.000000,0.162449,0.000000,0.000000,0.000000,0.000000,0.000000,0.000000,0.143618,idle,1,10,10255,,none,,,0.000000,1.000000,0,none,,7.479986,7.479986,completed,0,7,clear,24.000000
2,1112,3448136217,220,Day 8 02:55,none,,7.479986,7.479986,completed,0.486667,0.100479,0.190033,0.870421,0.112500,0.233333,0.493750,0.075000,0.099000,10,1,1,1,0,0,0,1,1,1,1,1,0,0,1,0,1,0.208108,0.151917,0.183704,0.000000,0.000000,0.000000,0.154934,0.000000,0.159614,0.000000,0.000000,0.000000,0.000000,0.000000,0.000000,0.141724,use_phone,1,25,10280,phone,none,,,0.000000,1.000000,0,none,,7.479986,7.479986,completed,0,7,clear,24.000000
2,1112,3448136217,221,Day 8 03:20,none,,7.479986,7.479986,completed,0.275000,0.192958,0.190033,0.902088,0.133333,0.250000,0.493750,0.170000,0.184000,10,1,1,1,0,0,0,1,1,1,1,1,0,0,1,0,1,0.186857,0.162717,0.171200,0.000000,0.000000,0.000000,0.172035,0.000000,0.164759,0.000000,0.000000,0.000000,0.000000,0.000000,0.000000,0.142433,rest_at_bed,1,60,10340,bed,none,,,0.000000,1.000000,0,none,,7.479986,7.479986,completed,0,7,clear,24.000000
2,1112,3448136217,222,Day 8 04:20,none,,7.479986,7.479986,completed,0.335000,0.000000,0.190033,0.932088,0.183333,0.290000,0.493750,0.000000,0.148000,10,1,1,1,0,0,0,1,1,1,1,1,0,0,1,0,1,0.200409,0.157338,0.178712,0.000000,0.000000,0.000000,0.000000,0.000000,0.167374,0.154784,0.000000,0.000000,0.000000,0.000000,0.000000,0.141384,get_meal,1,35,10375,door,none,,,0.000000,1.000000,0,none,,7.479986,7.479986,completed,0,7,clear,24.000000
2,1112,3448136217,223,Day 8 04:55,none,,7.479986,7.479986,completed,0.306667,0.014000,0.190033,1.000000,0.000000,0.313333,0.493750,0.000000,0.127000,10,1,1,1,0,0,0,1,1,1,1,1,0,0,1,0,1,0.234981,0.184254,0.210579,0.000000,0.000000,0.000000,0.000000,0.000000,0.202333,0.000000,0.000000,0.000000,0.000000,0.000000,0.000000,0.167854,shop_on_phone,0,0,10375,phone,resource_insufficient,,,0.000000,1.000000,0,none,,7.479986,7.479986,completed,0,7,clear,24.000000
2,1112,3448136217,224,Day 8 04:55,none,,7.479986,7.479986,completed,0.306667,0.014000,0.190033,0.970000,0.000000,0.313333,0.523750,0.000000,0.127000,10,1,1,1,0,0,0,1,1,1,1,1,0,0,1,0,1,0.234981,0.184254,0.210579,0.000000,0.000000,0.000000,0.000000,0.000000,0.202333,0.000000,0.000000,0.000000,0.000000,0.000000,0.000000,0.167854,shop_on_phone,0,0,10375,phone,resource_insufficient,,,0.000000,1.000000,0,none,,7.479986,7.479986,completed,0,7,clear,24.000000
2,1112,3448136217,225,Day 8 04:55,none,,7.479986,7.479986,completed,0.306667,0.014000,0.190033,0.940000,0.000000,0.313333,0.553750,0.000000,0.127000,10,1,1,1,0,0,0,1,1,1,1,1,0,0,1,0,1,0.234981,0.184254,0.210579,0.000000,0.000000,0.000000,0.000000,0.000000,0.202333,0.000000,0.000000,0.000000,0.000000,0.000000,0.000000,0.167854,use_computer,1,30,10405,computer,none,,,0.000000,1.000000,0,none,,7.479986,7.479986,completed,0,7,clear,24.000000
2,1112,3448136217,226,Day 8 05:25,none,,7.479986,7.479986,completed,0.156667,0.128087,0.190033,0.930000,0.025000,0.333333,0.553750,0.080000,0.109000,10,1,1,1,0,0,0,1,1,1,1,1,0,0,1,0,1,0.219828,0.000000,0.203155,0.000000,0.000000,0.000000,0.194153,0.000000,0.211591,0.000000,0.000000,0.000000,0.000000,0.000000,0.000000,0.171273,use_phone,1,25,10430,phone,none,,,0.000000,1.000000,0,none,,7.479986,7.479986,completed,0,7,clear,24.000000
2,1112,3448136217,227,Day 8 05:50,none,,7.479986,7.479986,completed,0.000000,0.220566,0.190033,0.961667,0.045833,0.350000,0.553750,0.175000,0.194000,10,1,1,1,0,0,0,1,1,1,1,1,0,0,1,0,1,0.168449,0.166476,0.160412,0.000000,0.000000,0.000000,0.179293,0.000000,0.181645,0.000000,0.000000,0.000000,0.000000,0.000000,0.000000,0.143724,rest_at_bed,1,60,10490,bed,none,,,0.000000,1.000000,0,none,,7.479986,7.479986,completed,0,7,clear,24.000000
2,1112,3448136217,228,Day 8 06:50,none,,7.479986,7.479986,completed,0.060000,0.000000,0.190033,0.991667,0.095833,0.390000,0.553750,0.000000,0.158000,10,1,1,1,0,0,0,1,1,1,1,1,0,0,1,0,1,0.216580,0.192303,0.200243,0.000000,0.000000,0.000000,0.000000,0.000000,0.220442,0.000000,0.000000,0.000000,0.000000,0.000000,0.000000,0.170432,use_phone,1,25,10515,phone,none,alarm-rings,,0.000000,1.000000,0,none,,7.479986,7.479986,completed,0,7,clear,24.000000
2,1112,3448136217,229,Day 8 07:15,none,,7.479986,7.479986,completed,0.000000,0.092479,0.190033,1.000000,0.116667,0.406667,0.589696,0.095000,0.243000,11,1,1,1,0,0,0,1,1,1,1,1,0,1,1,0,1,0.142246,0.141311,0.133808,0.000000,0.000000,0.000000,0.133035,0.000000,0.155005,0.000000,0.000000,0.000000,0.176632,0.000000,0.000000,0.117964,use_computer,1,30,10545,computer,none,,,0.000000,1.000000,0,none,,7.479986,7.479986,completed,0,7,clear,24.000000
2,1112,3448136217,230,Day 8 07:45,none,,7.479986,7.479986,completed,0.000000,0.206566,0.190033,0.990000,0.141667,0.426667,0.589696,0.175000,0.225000,11,1,1,1,0,0,0,1,1,1,1,1,0,1,1,0,1,0.137453,0.138596,0.130736,0.000000,0.000000,0.000000,0.144644,0.000000,0.156045,0.000000,0.000000,0.000000,0.175391,0.000000,0.000000,0.117136,use_phone,1,25,10570,phone,none,,,0.000000,1.000000,0,none,,7.479986,7.479986,completed,0,7,clear,24.000000
2,1112,3448136217,231,Day 8 08:10,none,,7.479986,7.479986,completed,0.000000,0.299045,0.190033,1.000000,0.162500,0.443333,0.589696,0.270000,0.310000,11,1,1,1,0,0,0,1,1,1,1,1,0,1,1,0,1,0.116551,0.128194,0.111901,0.000000,0.000000,0.000000,0.137324,0.000000,0.137722,0.113068,0.000000,0.000000,0.153035,0.000000,0.000000,0.102205,go_to_bathroom,1,15,10585,door,none,,,0.000000,1.000000,0,none,,7.479986,7.479986,completed,0,7,clear,24.000000
2,1112,3448136217,232,Day 8 08:25,none,,7.479986,7.479986,completed,0.005000,0.305045,0.190033,1.000000,0.175000,0.000000,0.589696,0.255000,0.301000,11,1,1,1,0,0,0,1,1,1,1,1,0,1,1,0,1,0.135691,0.147610,0.130231,0.000000,0.000000,0.000000,0.158721,0.000000,0.000000,0.132054,0.000000,0.000000,0.177264,0.000000,0.000000,0.118429,turn_off_alarm,1,1,10586,alarm,none,,,0.000000,1.000000,0,none,,7.479986,7.479986,completed,0,7,clear,24.000000
2,1112,3448136217,233,Day 8 08:26,none,,7.479986,7.479986,completed,0.005333,0.305445,0.190033,1.000000,0.175833,0.000667,0.569696,0.254000,0.300400,10,1,1,1,0,0,0,1,1,1,1,1,0,0,1,0,1,0.164920,0.179275,0.158280,0.000000,0.000000,0.000000,0.193096,0.000000,0.000000,0.160533,0.000000,0.000000,0.000000,0.000000,0.000000,0.143895,rest_at_bed,1,60,10646,bed,none,,,0.000000,1.000000,0,none,,7.479986,7.479986,completed,0,7,clear,24.000000
2,1112,3448136217,234,Day 8 09:26,none,,7.479986,7.479986,completed,0.065333,0.050318,0.190033,1.000000,0.225833,0.040667,0.569696,0.054000,0.264400,10,1,1,1,0,0,0,1,1,1,1,1,0,0,1,0,1,0.216861,0.210020,0.201396,0.000000,0.000000,0.000000,0.000000,0.000000,0.000000,0.198673,0.000000,0.000000,0.000000,0.000000,0.000000,0.173050,use_computer,1,30,10676,computer,none,,,0.000000,1.000000,0,none,,7.479986,7.479986,completed,0,7,clear,24.000000
2,1112,3448136217,235,Day 8 09:56,none,,7.479986,7.479986,completed,0.000000,0.164406,0.190033,0.990000,0.250833,0.060667,0.569696,0.134000,0.246400,10,1,1,1,0,0,0,1,1,1,1,1,0,0,1,0,1,0.172763,0.174574,0.163624,0.000000,0.000000,0.000000,0.173151,0.000000,0.000000,0.170497,0.000000,0.000000,0.000000,0.000000,0.000000,0.145391,shop_on_phone,0,0,10676,phone,resource_insufficient,,,0.000000,1.000000,0,none,,7.479986,7.479986,completed,0,7,clear,24.000000
2,1112,3448136217,236,Day 8 09:56,none,,7.479986,7.479986,completed,0.000000,0.164406,0.190033,0.960000,0.250833,0.060667,0.599696,0.134000,0.246400,10,1,1,1,0,0,0,1,1,1,1,1,0,0,1,0,1,0.172828,0.174639,0.163685,0.000000,0.000000,0.000000,0.172841,0.000000,0.000000,0.170561,0.000000,0.000000,0.000000,0.000000,0.000000,0.145446,idle,1,10,10686,,none,,,0.000000,1.000000,0,none,,7.479986,7.479986,completed,0,7,clear,24.000000
2,1112,3448136217,237,Day 8 10:06,none,,7.479986,7.479986,completed,0.123333,0.168406,0.190033,0.906667,0.259167,0.067333,0.599696,0.124000,0.240400,10,1,1,1,0,0,0,1,1,1,1,1,0,0,1,0,1,0.179826,0.171462,0.167608,0.000000,0.000000,0.000000,0.169168,0.000000,0.000000,0.168100,0.000000,0.000000,0.000000,0.000000,0.000000,0.143837,use_computer,1,30,10716,computer,none,,,0.000000,1.000000,0,none,,7.479986,7.479986,completed,0,7,clear,24.000000
2,1112,3448136217,238,Day 8 10:36,none,,7.479986,7.479986,completed,0.000000,0.282493,0.190033,0.896667,0.284167,0.087333,0.599696,0.204000,0.222400,10,1,1,1,0,0,0,1,1,1,1,1,0,0,1,0,1,0.166751,0.170011,0.159716,0.000000,0.000000,0.000000,0.187026,0.000000,0.000000,0.172553,0.000000,0.000000,0.000000,0.000000,0.000000,0.143943,idle,1,10,10726,,none,,,0.000000,1.000000,0,none,,7.479986,7.479986,completed,0,7,clear,24.000000
2,1112,3448136217,239,Day 8 10:46,none,,7.479986,7.479986,completed,0.123333,0.286493,0.190033,0.843333,0.292500,0.094000,0.599696,0.194000,0.216400,10,1,1,1,0,0,0,1,1,1,1,1,0,0,1,0,1,0.173603,0.167013,0.163637,0.000000,0.000000,0.000000,0.183156,0.000000,0.000000,0.170159,0.000000,0.000000,0.000000,0.000000,0.000000,0.142432,use_phone,1,25,10751,phone,none,,,0.000000,1.000000,0,none,,7.479986,7.479986,completed,0,7,clear,24.000000
2,1112,3448136217,240,Day 8 11:11,none,,7.479986,7.479986,completed,0.000000,0.378972,0.190033,0.875000,0.313333,0.110667,0.599696,0.289000,0.301400,10,1,1,1,0,0,0,1,1,1,1,1,0,0,1,0,1,0.131163,0.145010,0.126840,0.000000,0.000000,0.000000,0.164176,0.174396,0.000000,0.142119,0.000000,0.000000,0.000000,0.000000,0.000000,0.116296,shop_on_phone,0,0,10751,phone,resource_insufficient,,,0.000000,1.000000,0,none,,7.479986,7.479986,completed,0,7,clear,24.000000
2,1112,3448136217,241,Day 8 11:11,none,,7.479986,7.479986,completed,0.000000,0.378972,0.190033,0.845000,0.313333,0.110667,0.629696,0.289000,0.301400,10,1,1,1,0,0,0,1,1,1,1,1,0,0,1,0,1,0.131209,0.145061,0.126885,0.000000,0.000000,0.000000,0.163879,0.174458,0.000000,0.142170,0.000000,0.000000,0.000000,0.000000,0.000000,0.116337,shop_on_phone,0,0,10751,phone,resource_insufficient,,,0.000000,1.000000,0,none,,7.479986,7.479986,completed,0,7,clear,24.000000
2,1112,3448136217,242,Day 8 11:11,none,,7.479986,7.479986,completed,0.000000,0.378972,0.190033,0.815000,0.313333,0.110667,0.659696,0.289000,0.301400,10,1,1,1,0,0,0,1,1,1,1,1,0,0,1,0,1,0.131256,0.145113,0.126930,0.000000,0.000000,0.000000,0.163582,0.174520,0.000000,0.142220,0.000000,0.000000,0.000000,0.000000,0.000000,0.116379,get_meal,1,35,10786,door,none,,,0.000000,1.000000,0,none,,7.479986,7.479986,completed,0,7,clear,24.000000
2,1112,3448136217,243,Day 8 11:46,none,,7.479986,7.479986,completed,0.000000,0.392972,0.190033,0.923474,0.000000,0.134000,0.659696,0.254000,0.280400,10,1,1,1,0,0,0,1,1,1,1,1,0,0,1,0,1,0.154308,0.167090,0.149328,0.000000,0.000000,0.000000,0.190127,0.203198,0.000000,0.000000,0.000000,0.000000,0.000000,0.000000,0.000000,0.135949,sleep_at_bed,1,303,11089,bed,none,message-study-group|weather-rain|room-temperature-shift,,0.000000,1.000000,0,none,,7.479986,7.479986,completed,0,8,rain,17.000000
2,1112,3448136217,244,Day 8 16:49,none,,7.479986,7.479986,completed,0.021000,0.032002,0.190033,0.842474,0.252500,0.336000,0.659696,0.000000,0.098600,10,1,1,1,0,0,0,1,1,1,1,1,0,0,1,0,1,0.213929,0.000000,0.199361,0.000000,0.000000,0.000000,0.000000,0.000000,0.214288,0.200972,0.000000,0.000000,0.000000,0.000000,0.000000,0.171450,use_phone,1,25,11114,phone,none,,,0.000000,1.000000,0,none,,7.479986,7.479986,completed,0,8,rain,17.000000
2,1112,3448136217,245,Day 8 17:14,none,,7.479986,7.479986,completed,0.000000,0.124481,0.190033,0.874140,0.273333,0.352667,0.659696,0.095000,0.183600,10,1,1,1,0,0,0,1,1,1,1,1,0,0,1,0,1,0.148733,0.142248,0.140299,0.000000,0.000000,0.000000,0.141212,0.000000,0.156607,0.147214,0.000000,0.000000,0.000000,0.000000,0.000000,0.123686,rest_at_bed,1,60,11174,bed,none,,,0.000000,1.000000,0,none,,7.479986,7.479986,completed,0,8,rain,17.000000
2,1112,3448136217,246,Day 8 18:14,none,,7.479986,7.479986,completed,0.060000,0.000000,0.190033,0.904140,0.323333,0.392667,0.659696,0.000000,0.147600,10,1,1,1,0,0,0,1,1,1,1,1,0,0,1,0,1,0.179320,0.158087,0.165794,0.000000,0.000000,0.000000,0.000000,0.000000,0.182852,0.172836,0.000000,0.000000,0.000000,0.000000,0.000000,0.141111,shop_on_phone,0,0,11174,phone,resource_insufficient,,,0.000000,1.000000,0,none,,7.479986,7.479986,completed,0,8,rain,17.000000
2,1112,3448136217,247,Day 8 18:14,none,,7.479986,7.479986,completed,0.060000,0.000000,0.190033,0.874140,0.323333,0.392667,0.689696,0.000000,0.147600,10,1,1,1,0,0,0,1,1,1,1,1,0,0,1,0,1,0.179320,0.158087,0.165794,0.000000,0.000000,0.000000,0.000000,0.000000,0.182852,0.172836,0.000000,0.000000,0.000000,0.000000,0.000000,0.141111,use_phone,1,25,11199,phone,none,evening,,0.000000,1.000000,0,none,,7.479986,7.479986,completed,0,8,rain,17.000000
2,1112,3448136217,248,Day 8 18:39,none,,7.479986,7.479986,completed,0.000000,0.092479,0.190033,0.905807,0.344167,0.409333,0.689696,0.095000,0.232600,10,1,1,1,0,0,0,1,1,1,1,1,0,0,1,0,1,0.146825,0.144823,0.138116,0.000000,0.000000,0.000000,0.136330,0.000000,0.160288,0.151857,0.000000,0.000000,0.000000,0.000000,0.000000,0.121762,use_computer,1,30,11229,computer,none,,,0.000000,1.000000,0,none,,7.479986,7.479986,completed,0,8,rain,17.000000
2,1112,3448136217,249,Day 8 19:09,none,,7.479986,7.479986,completed,0.000000,0.206566,0.190033,0.895807,0.369167,0.429333,0.689696,0.175000,0.214600,10,1,1,1,0,0,0,1,1,1,1,1,0,0,1,0,1,0.141502,0.141664,0.134587,0.000000,0.000000,0.000000,0.147833,0.000000,0.160936,0.152892,0.000000,0.000000,0.000000,0.000000,0.000000,0.120586,use_phone,1,25,11254,phone,none,,,0.000000,1.000000,0,none,,7.479986,7.479986,completed,0,8,rain,17.000000
2,1112,3448136217,250,Day 8 19:34,none,,7.479986,7.479986,completed,0.000000,0.299045,0.190033,0.927474,0.390000,0.446000,0.689696,0.270000,0.299600,10,1,1,1,0,0,0,1,1,1,1,1,0,0,1,0,1,0.134955,0.147381,0.129571,0.000000,0.000000,0.000000,0.157863,0.000000,0.159762,0.152126,0.000000,0.000000,0.000000,0.000000,0.000000,0.118344,use_phone,1,25,11279,phone,none,,,0.000000,1.000000,0,none,,7.479986,7.479986,completed,0,8,rain,17.000000
2,1112,3448136217,251,Day 8 19:59,none,,7.479986,7.479986,completed,0.000000,0.391524,0.190033,0.959140,0.410833,0.462667,0.689696,0.365000,0.384600,10,1,1,1,0,0,0,1,1,1,1,1,0,0,1,0,1,0.108797,0.129606,0.105442,0.000000,0.000000,0.000000,0.142493,0.153483,0.134059,0.127945,0.000000,0.000000,0.000000,0.000000,0.000000,0.098174,sleep_at_bed,1,480,11759,bed,none,,,0.000000,1.000000,0,none,,7.479986,7.479986,completed,0,8,rain,17.000000
2,1112,3448136217,252,Day 9 03:59,none,,7.479986,7.479986,completed,0.080000,0.057101,0.190033,0.879140,0.810833,0.782667,0.689696,0.000000,0.096600,10,1,1,1,0,0,0,1,1,1,1,1,0,0,1,0,1,0.186501,0.000000,0.172833,0.000000,0.000000,0.000000,0.000000,0.000000,0.247483,0.246860,0.000000,0.000000,0.000000,0.000000,0.000000,0.146323,use_phone,1,25,11784,phone,none,,,0.000000,1.000000,0,none,,7.479986,7.479986,completed,0,8,rain,17.000000
2,1112,3448136217,253,Day 9 04:24,none,,7.479986,7.479986,completed,0.000000,0.149580,0.190033,0.910807,0.831667,0.799333,0.689696,0.095000,0.181600,10,1,1,1,0,0,0,1,1,1,1,1,0,0,1,0,1,0.132167,0.126505,0.124944,0.000000,0.000000,0.000000,0.127203,0.000000,0.189537,0.189496,0.000000,0.000000,0.000000,0.000000,0.000000,0.110149,use_computer,1,30,11814,computer,none,,,0.000000,1.000000,0,none,,7.479986,7.479986,completed,0,8,rain,17.000000
2,1112,3448136217,254,Day 9 04:54,none,,7.479986,7.479986,completed,0.000000,0.263667,0.190033,0.900807,0.856667,0.819333,0.689696,0.175000,0.163600,10,1,1,1,0,0,0,1,1,1,1,1,0,0,1,0,1,0.127250,0.123624,0.121632,0.000000,0.000000,0.000000,0.137800,0.000000,0.190116,0.190600,0.000000,0.000000,0.000000,0.000000,0.000000,0.108978,go_to_bathroom,1,15,11829,door,none,,,0.000000,1.000000,0,none,,7.479986,7.479986,completed,0,8,rain,17.000000
2,1112,3448136217,255,Day 9 05:09,none,,7.479986,7.479986,completed,0.005000,0.269667,0.190033,0.975947,0.869167,0.209333,0.689696,0.160000,0.154600,10,1,1,1,0,0,0,1,1,1,1,1,0,0,1,0,1,0.136534,0.131190,0.130460,0.000000,0.000000,0.000000,0.146787,0.000000,0.133493,0.205156,0.000000,0.000000,0.000000,0.000000,0.000000,0.116380,get_meal,1,35,11864,door,none,,,0.000000,1.000000,0,none,,7.479986,7.479986,completed,0,8,rain,17.000000
2,1112,3448136217,256,Day 9 05:44,none,,7.479986,7.479986,completed,0.000000,0.283667,0.190033,1.000000,0.348333,0.232667,0.689696,0.125000,0.133600,10,1,1,1,0,0,0,1,1,1,1,1,0,0,1,0,1,0.145671,0.137380,0.139381,0.000000,0.000000,0.000000,0.155194,0.000000,0.144146,0.154604,0.000000,0.000000,0.000000,0.000000,0.000000,0.123624,use_computer,1,30,11894,computer,none,,,0.000000,1.000000,0,none,,7.479986,7.479986,completed,0,8,rain,17.000000
