personality_index,scenario_seed,action_seed,step,decision_time,pre_commitment_status,pre_commitment_task_id,pre_task_effort,pre_task_effort_target,pre_task_status,pre_boredom,pre_fatigue,pre_task_pressure,pre_satisfaction,pre_hunger,pre_bathroom_urge,pre_anxiety,pre_screen_strain,pre_purchase_urge,known_action_count,known_use_phone,known_shop_on_phone,known_use_computer,known_study_at_computer,known_study_focused,known_study_halfhearted,known_rest_at_bed,known_sleep_at_bed,known_go_to_bathroom,known_get_meal,known_turn_light_on,known_turn_light_off,known_turn_off_alarm,known_open_curtain,known_close_curtain,known_idle,p_use_phone,p_shop_on_phone,p_use_computer,p_study_at_computer,p_study_focused,p_study_halfhearted,p_rest_at_bed,p_sleep_at_bed,p_go_to_bathroom,p_get_meal,p_turn_light_on,p_turn_light_off,p_turn_off_alarm,p_open_curtain,p_close_curtain,p_idle,chosen_action,accepted,elapsed_minutes,simulation_total_minutes,target_object_id,failure_reason,event_ids,outcome_task_id,outcome_task_effort_gained,outcome_task_settlement_variation,outcome_task_session_interrupted,post_commitment_status,post_commitment_task_id,post_task_effort,post_task_effort_target,post_task_status,post_wallet,post_unread_messages,post_weather,post_temperature_celsius
22,1112,3448156397,1,Day 1 08:00,none,,0.000000,7.479986,active,0.550000,0.150000,0.550000,0.450000,0.250000,0.150000,0.200000,0.050000,0.100000,13,1,1,1,1,1,1,1,1,1,1,0,1,0,0,1,1,0.151812,0.073472,0.115909,0.119039,0.126056,0.113627,0.080626,0.000000,0.073033,0.084442,0.000000,0.000000,0.000000,0.000000,0.000000,0.061985,get_meal,1,35,515,door,none,,,0.000000,1.000000,0,none,,0.000000,7.479986,active,120,0,clear,23.000000
22,1112,3448156397,2,Day 1 08:35,none,,0.000000,7.479986,active,0.521667,0.164000,0.550000,0.580666,0.000000,0.173333,0.200000,0.015000,0.079000,13,1,1,1,1,1,1,1,1,1,1,0,1,0,0,1,1,0.178257,0.000000,0.137273,0.140972,0.152035,0.132995,0.095016,0.000000,0.089978,0.000000,0.000000,0.000000,0.000000,0.000000,0.000000,0.073474,study_focused,1,35,550,desk,none,,coursework,0.465594,1.035826,0,active,coursework,0.465594,7.479986,active,120,0,clear,23.000000
22,1112,3448156397,3,Day 1 09:10,active,coursework,0.465594,7.479986,active,0.553333,0.288000,0.422147,0.648999,0.029167,0.196667,0.150000,0.000000,0.058000,13,1,1,1,1,1,1,1,1,1,1,0,1,0,0,1,1,0.175538,0.000000,0.136857,0.132625,0.144407,0.143037,0.104689,0.000000,0.090430,0.000000,0.000000,0.000000,0.000000,0.000000,0.000000,0.072418,study_focused,1,35,585,desk,none,,coursework,0.416521,0.926652,0,active,coursework,0.882115,7.479986,active,120,0,clear,23.000000
22,1112,3448156397,4,Day 1 09:45,active,coursework,0.882115,7.479986,active,0.585000,0.412000,0.294293,0.717333,0.058333,0.220000,0.100000,0.000000,0.037000,13,1,1,1,1,1,1,1,1,1,1,0,1,0,0,1,1,0.171456,0.000000,0.135390,0.099565,0.109451,0.122758,0.116347,0.000000,0.090715,0.000000,0.000000,0.083073,0.000000,0.000000,0.000000,0.071244,use_phone,1,25,610,phone,none,,,0.000000,1.000000,0,active,coursework,0.882115,7.479986,active,120,0,clear,23.000000
22,1112,3448156397,5,Day 1 10:10,active,coursework,0.882115,7.479986,active,0.373333,0.505629,0.406464,0.748999,0.079167,0.236667,0.142744,0.095000,0.122000,13,1,1,1,1,1,1,1,1,1,1,0,1,0,0,1,1,0.108554,0.067619,0.092144,0.094121,0.103926,0.097604,0.110635,0.121770,0.075447,0.000000,0.000000,0.072587,0.000000,0.000000,0.000000,0.055592,study_focused,1,35,645,desk,none,,coursework,0.483995,1.076763,0,active,coursework,1.366110,7.479986,active,120,0,clear,23.000000
22,1112,3448156397,6,Day 1 10:45,active,coursework,1.366110,7.479986,active,0.405000,0.629629,0.278611,0.817333,0.108333,0.260000,0.092744,0.060000,0.101000,13,1,1,1,1,1,1,1,1,1,1,0,1,0,0,1,1,0.112040,0.066540,0.096228,0.073575,0.082020,0.087224,0.124933,0.144878,0.078809,0.000000,0.000000,0.076804,0.000000,0.000000,0.000000,0.056948,turn_light_off,1,1,646,light,none,,,0.000000,1.000000,0,active,coursework,1.366110,7.479986,active,120,0,clear,23.000000
22,1112,3448156397,7,Day 1 10:46,active,coursework,1.366110,7.479986,active,0.405333,0.630029,0.278611,0.836999,0.109167,0.260667,0.092744,0.059000,0.100400,10,1,1,1,0,0,0,1,1,1,1,1,0,0,0,1,1,0.164757,0.097709,0.141499,0.000000,0.000000,0.000000,0.183545,0.212868,0.115929,0.000000,0.000000,0.000000,0.000000,0.000000,0.000000,0.083693,use_phone,1,25,671,phone,none,,,0.000000,1.000000,0,active,coursework,1.366110,7.479986,active,120,0,clear,23.000000
22,1112,3448156397,8,Day 1 11:11,active,coursework,1.366110,7.479986,active,0.193667,0.723657,0.390782,0.868666,0.130000,0.277333,0.135487,0.154000,0.185400,10,1,1,1,0,0,0,1,1,1,1,1,0,0,0,1,1,0.103626,0.086493,0.095667,0.000000,0.000000,0.000000,0.173384,0.214251,0.095783,0.076826,0.089093,0.000000,0.000000,0.000000,0.000000,0.064877,sleep_at_bed,1,480,1151,bed,none,room-temperature-shift|message-study-group|weather-clear|evening|task-reminder|task-deadline,,0.000000,1.000000,0,suspended,coursework,1.366110,7.479986,active,120,1,clear,24.000000
22,1112,3448156397,9,Day 1 19:11,suspended,coursework,1.366110,7.479986,active,0.273667,0.392263,0.712954,0.788666,0.530000,0.597333,0.356621,0.000000,0.000000,10,1,1,1,0,0,0,1,1,1,1,1,0,0,0,1,1,0.153846,0.000000,0.131070,0.000000,0.000000,0.000000,0.130498,0.000000,0.188574,0.169421,0.148427,0.000000,0.000000,0.000000,0.000000,0.078164,turn_light_on,1,1,1152,light,none,,,0.000000,1.000000,0,suspended,coursework,1.366110,7.479986,active,120,1,clear,24.000000
22,1112,3448156397,10,Day 1 19:12,suspended,coursework,1.366110,7.479986,active,0.274000,0.392663,0.712954,0.808333,0.530833,0.598000,0.356992,0.000000,0.000000,13,1,1,1,1,1,1,1,1,1,1,0,1,0,0,1,1,0.098502,0.000000,0.083918,0.156435,0.174171,0.123962,0.083565,0.000000,0.120828,0.108582,0.000000,0.000000,0.000000,0.000000,0.000000,0.050036,rest_at_bed,1,60,1212,bed,none,,,0.000000,1.000000,0,suspended,coursework,1.366110,7.479986,active,120,1,clear,24.000000
22,1112,3448156397,11,Day 1 20:12,suspended,coursework,1.366110,7.479986,active,0.334000,0.139847,0.785125,0.838333,0.580833,0.638000,0.422025,0.000000,0.000000,13,1,1,1,1,1,1,1,1,1,1,0,1,0,0,1,1,0.108160,0.000000,0.086979,0.155037,0.173340,0.118956,0.063296,0.000000,0.127781,0.116470,0.000000,0.000000,0.000000,0.000000,0.000000,0.049980,use_phone,1,25,1237,phone,none,,,0.000000,1.000000,0,suspended,coursework,1.366110,7.479986,active,120,1,clear,24.000000
22,1112,3448156397,12,Day 1 20:37,suspended,coursework,1.366110,7.479986,active,0.122333,0.233475,0.897296,0.869999,0.601667,0.654667,0.478169,0.095000,0.085000,13,1,1,1,1,1,1,1,1,1,1,0,1,0,0,1,1,0.081366,0.000000,0.070335,0.174792,0.196296,0.117438,0.071381,0.000000,0.126274,0.115778,0.000000,0.000000,0.000000,0.000000,0.000000,0.046339,get_meal,1,35,1272,door,none,,,0.000000,1.000000,0,suspended,coursework,1.366110,7.479986,active,120,1,clear,24.000000
22,1112,3448156397,13,Day 1 21:12,suspended,coursework,1.366110,7.479986,active,0.094000,0.247475,0.897296,1.000000,0.080833,0.678000,0.505879,0.060000,0.064000,13,1,1,1,1,1,1,1,1,1,1,0,1,0,0,1,1,0.089770,0.000000,0.078269,0.196010,0.224164,0.135264,0.078734,0.000000,0.146177,0.000000,0.000000,0.000000,0.000000,0.000000,0.000000,0.051611,study_focused,1,35,1307,desk,none,,coursework,0.484761,1.078468,0,active,coursework,1.850872,7.479986,active,120,1,clear,24.000000
22,1112,3448156397,14,Day 1 21:47,active,coursework,1.850872,7.479986,active,0.125667,0.371475,0.769443,1.000000,0.110000,0.701333,0.483589,0.025000,0.043000,13,1,1,1,1,1,1,1,1,1,1,0,1,0,0,1,1,0.091649,0.000000,0.080854,0.191059,0.218502,0.126992,0.087608,0.000000,0.151038,0.000000,0.000000,0.000000,0.000000,0.000000,0.000000,0.052298,study_focused,1,35,1342,desk,none,,coursework,0.451758,1.005044,0,active,coursework,2.302630,7.479986,active,120,1,clear,24.000000
22,1112,3448156397,15,Day 1 22:22,active,coursework,2.302630,7.479986,active,0.157333,0.495475,0.641589,1.000000,0.139167,0.724667,0.451098,0.000000,0.022000,13,1,1,1,1,1,1,1,1,1,1,0,1,0,0,1,1,0.088732,0.000000,0.079229,0.141380,0.161687,0.107191,0.093616,0.000000,0.148615,0.062176,0.000000,0.066906,0.000000,0.000000,0.000000,0.050466,use_computer,1,30,1372,computer,none,,,0.000000,1.000000,0,active,coursework,2.302630,7.479986,active,120,1,clear,24.000000
22,1112,3448156397,16,Day 1 22:52,active,coursework,2.302630,7.479986,active,0.007333,0.610531,0.733761,0.990000,0.164167,0.744667,0.500105,0.080000,0.004000,13,1,1,1,1,1,1,1,1,1,1,0,1,0,0,1,1,0.062516,0.000000,0.059257,0.135184,0.154385,0.090453,0.094451,0.115076,0.130339,0.054918,0.000000,0.061674,0.000000,0.000000,0.000000,0.041748,rest_at_bed,1,60,1432,bed,none,,,0.000000,1.000000,0,suspended,coursework,2.302630,7.479986,active,120,1,clear,24.000000
22,1112,3448156397,17,Day 1 23:52,suspended,coursework,2.302630,7.479986,active,0.067333,0.357715,0.805932,1.000000,0.214167,0.784667,0.567984,0.000000,0.000000,13,1,1,1,1,1,1,1,1,1,1,0,1,0,0,1,1,0.087519,0.000000,0.078130,0.165304,0.189047,0.102659,0.083368,0.000000,0.169935,0.072624,0.000000,0.000000,0.000000,0.000000,0.000000,0.051412,study_at_computer,1,35,1467,computer,none,,coursework,0.755406,1.086306,0,active,coursework,3.058036,7.479986,active,120,1,clear,24.000000
22,1112,3448156397,18,Day 2 00:27,active,coursework,3.058036,7.479986,active,0.099000,0.483434,0.678078,1.000000,0.243333,0.808000,0.538404,0.045000,0.000000,13,1,1,1,1,1,1,1,1,1,1,0,1,0,0,1,1,0.078877,0.000000,0.071429,0.146750,0.167828,0.103951,0.089837,0.000000,0.160339,0.069092,0.000000,0.064325,0.000000,0.000000,0.000000,0.047572,rest_at_bed,1,60,1527,bed,none,,,0.000000,1.000000,0,suspended,coursework,3.058036,7.479986,active,120,1,clear,24.000000
22,1112,3448156397,19,Day 2 01:27,suspended,coursework,3.058036,7.479986,active,0.159000,0.230617,0.750250,1.000000,0.293333,0.848000,0.598666,0.000000,0.000000,13,1,1,1,1,1,1,1,1,1,1,0,1,0,0,1,1,0.095138,0.000000,0.081221,0.156559,0.179046,0.103031,0.071124,0.000000,0.182775,0.079885,0.000000,0.000000,0.000000,0.000000,0.000000,0.051221,get_meal,1,35,1562,door,none,,,0.000000,1.000000,0,suspended,coursework,3.058036,7.479986,active,120,1,clear,24.000000
22,1112,3448156397,20,Day 2 02:02,suspended,coursework,3.058036,7.479986,active,0.130667,0.244617,0.750250,1.000000,0.000000,0.871333,0.614644,0.000000,0.000000,13,1,1,1,1,1,1,1,1,1,1,0,1,0,0,1,1,0.099906,0.000000,0.086111,0.169021,0.193297,0.114416,0.077780,0.000000,0.204368,0.000000,0.000000,0.000000,0.000000,0.000000,0.000000,0.055102,use_computer,1,30,1592,computer,none,,,0.000000,1.000000,0,suspended,coursework,3.058036,7.479986,active,120,1,clear,24.000000
22,1112,3448156397,21,Day 2 02:32,suspended,coursework,3.058036,7.479986,active,0.000000,0.359673,0.842421,0.990000,0.025000,0.891333,0.671082,0.080000,0.000000,13,1,1,1,1,1,1,1,1,1,1,0,1,0,0,1,1,0.075448,0.000000,0.068695,0.170567,0.194793,0.107205,0.082563,0.000000,0.188772,0.000000,0.000000,0.063817,0.000000,0.000000,0.000000,0.048139,study_halfhearted,1,35,1627,desk,none,,coursework,0.284594,1.055247,0,active,coursework,3.342630,7.479986,active,120,1,clear,24.000000
22,1112,3448156397,22,Day 2 03:07,active,coursework,3.342630,7.479986,active,0.061667,0.453673,0.774233,0.998333,0.054167,0.914667,0.674414,0.045000,0.000000,13,1,1,1,1,1,1,1,1,1,1,0,1,0,0,1,1,0.074630,0.000000,0.067889,0.174094,0.199053,0.110663,0.083209,0.000000,0.182967,0.000000,0.000000,0.061775,0.000000,0.000000,0.000000,0.045721,study_focused,1,35,1662,desk,none,,coursework,0.481537,1.071295,0,active,coursework,3.824168,7.479986,active,120,1,clear,24.000000
22,1112,3448156397,23,Day 2 03:42,active,coursework,3.824168,7.479986,active,0.093333,0.577673,0.646379,1.000000,0.083333,0.938000,0.642305,0.010000,0.000000,13,1,1,1,1,1,1,1,1,1,1,0,1,0,0,1,1,0.073285,0.000000,0.067454,0.130130,0.148821,0.094349,0.089175,0.108202,0.181835,0.000000,0.000000,0.062188,0.000000,0.000000,0.000000,0.044561,study_at_computer,1,35,1697,computer,none,,coursework,0.739234,1.063050,0,active,coursework,4.563402,7.479986,active,120,1,clear,24.000000
22,1112,3448156397,24,Day 2 04:17,active,coursework,4.563402,7.479986,active,0.125000,0.703392,0.518526,1.000000,0.112500,0.961333,0.599995,0.055000,0.000000,13,1,1,1,1,1,1,1,1,1,1,0,1,0,0,1,1,0.073744,0.000000,0.068855,0.102752,0.117511,0.085112,0.107483,0.138835,0.191560,0.000000,0.000000,0.068110,0.000000,0.000000,0.000000,0.046038,sleep_at_bed,1,480,2177,bed,none,alarm-rings,,0.000000,1.000000,0,suspended,coursework,4.563402,7.479986,active,120,1,clear,24.000000
22,1112,3448156397,25,Day 2 12:17,suspended,coursework,4.563402,7.479986,active,0.235000,0.371998,0.620697,0.920000,0.512500,1.000000,0.696934,0.000000,0.000000,14,1,1,1,1,1,1,1,1,1,1,0,1,1,0,1,1,0.087387,0.000000,0.074932,0.110019,0.124421,0.083435,0.071425,0.000000,0.201068,0.096813,0.000000,0.000000,0.104562,0.000000,0.000000,0.045938,use_phone,1,25,2202,phone,none,,,0.000000,1.000000,0,suspended,coursework,4.563402,7.479986,active,120,1,clear,24.000000
22,1112,3448156397,26,Day 2 12:42,suspended,coursework,4.563402,7.479986,active,0.023333,0.465626,0.732868,0.951667,0.533333,1.000000,0.743707,0.095000,0.085000,14,1,1,1,1,1,1,1,1,1,1,0,1,1,0,1,1,0.062757,0.000000,0.057845,0.118101,0.134154,0.078520,0.076995,0.000000,0.185046,0.091873,0.000000,0.056230,0.097817,0.000000,0.000000,0.040660,get_meal,1,35,2237,door,none,weather-rain,,0.000000,1.000000,0,suspended,coursework,4.563402,7.479986,active,120,1,rain,24.000000
22,1112,3448156397,27,Day 2 13:17,suspended,coursework,4.563402,7.479986,active,0.000000,0.479626,0.732868,1.000000,0.012500,1.000000,0.758297,0.060000,0.064000,14,1,1,1,1,1,1,1,1,1,1,0,1,1,0,1,1,0.068369,0.000000,0.063480,0.129705,0.148334,0.088943,0.083633,0.000000,0.203392,0.000000,0.000000,0.061533,0.108065,0.000000,0.000000,0.044545,study_at_computer,1,35,2272,computer,none,,coursework,0.633018,0.910306,0,active,coursework,5.196420,7.479986,active,120,1,rain,24.000000
22,1112,3448156397,28,Day 2 13:52,active,coursework,5.196420,7.479986,active,0.031667,0.605345,0.605015,1.000000,0.041667,1.000000,0.722888,0.105000,0.043000,14,1,1,1,1,1,1,1,1,1,1,0,1,1,0,1,1,0.059441,0.000000,0.055986,0.110898,0.126827,0.079816,0.087010,0.109366,0.178824,0.000000,0.000000,0.058227,0.093842,0.000000,0.000000,0.039763,use_phone,1,25,2297,phone,none,,,0.000000,1.000000,0,active,coursework,5.196420,7.479986,active,120,1,rain,24.000000
22,1112,3448156397,29,Day 2 14:17,active,coursework,5.196420,7.479986,active,0.000000,0.698974,0.717186,1.000000,0.062500,1.000000,0.768767,0.200000,0.128000,14,1,1,1,1,1,1,1,1,1,1,0,1,1,0,1,1,0.048124,0.044275,0.046541,0.113916,0.130278,0.075472,0.089788,0.120300,0.157523,0.000000,0.000000,0.055237,0.084001,0.000000,0.000000,0.034545,study_at_computer,1,35,2332,computer,none,task-reminder,coursework,0.705666,1.014777,0,active,coursework,5.902086,7.479986,active,120,1,rain,24.000000
22,1112,3448156397,30,Day 2 14:52,active,coursework,5.902086,7.479986,active,0.031667,0.824692,0.589333,1.000000,0.091667,1.000000,0.732107,0.245000,0.107000,14,1,1,1,1,1,1,1,1,1,1,0,1,1,0,1,1,0.048066,0.000000,0.047154,0.089423,0.102267,0.067635,0.107334,0.153211,0.159104,0.000000,0.000000,0.060047,0.083764,0.000000,0.046570,0.035425,turn_off_alarm,1,1,2333,alarm,none,,,0.000000,1.000000,0,active,coursework,5.902086,7.479986,active,120,1,rain,24.000000
22,1112,3448156397,31,Day 2 14:53,active,coursework,5.902086,7.479986,active,0.032000,0.825092,0.589333,1.000000,0.092500,1.000000,0.712196,0.244000,0.106400,13,1,1,1,1,1,1,1,1,1,1,0,1,0,0,1,1,0.052552,0.000000,0.051552,0.097148,0.111102,0.073681,0.117568,0.167370,0.173840,0.000000,0.000000,0.065600,0.000000,0.000000,0.050880,0.038707,rest_at_bed,1,60,2393,bed,none,,,0.000000,1.000000,0,suspended,coursework,5.902086,7.479986,active,120,1,rain,24.000000
22,1112,3448156397,32,Day 2 15:53,suspended,coursework,5.902086,7.479986,active,0.092000,0.572276,0.661504,1.000000,0.142500,1.000000,0.760320,0.044000,0.070400,13,1,1,1,1,1,1,1,1,1,1,0,1,0,0,1,1,0.071171,0.000000,0.065534,0.108672,0.124281,0.076690,0.088016,0.108664,0.196465,0.054877,0.000000,0.061783,0.000000,0.000000,0.000000,0.043847,turn_light_off,1,1,2394,light,none,,,0.000000,1.000000,0,suspended,coursework,5.902086,7.479986,active,120,1,rain,24.000000
22,1112,3448156397,33,Day 2 15:54,suspended,coursework,5.902086,7.479986,active,0.092333,0.572676,0.661504,1.000000,0.143333,1.000000,0.760574,0.043000,0.069800,10,1,1,1,0,0,0,1,1,1,1,1,0,0,0,1,1,0.099564,0.000000,0.091674,0.000000,0.000000,0.000000,0.123009,0.151886,0.274663,0.076814,0.121088,0.000000,0.000000,0.000000,0.000000,0.061302,use_computer,1,30,2424,computer,none,,,0.000000,1.000000,0,suspended,coursework,5.902086,7.479986,active,120,1,rain,24.000000
22,1112,3448156397,34,Day 2 16:24,suspended,coursework,5.902086,7.479986,active,0.000000,0.687732,0.753675,0.990000,0.168333,1.000000,0.810943,0.123000,0.051800,10,1,1,1,0,0,0,1,1,1,1,1,0,0,0,1,1,0.082199,0.000000,0.079173,0.000000,0.000000,0.000000,0.137973,0.183408,0.260011,0.075442,0.124948,0.000000,0.000000,0.000000,0.000000,0.056846,use_phone,1,25,2449,phone,none,message-study-group,,0.000000,1.000000,0,suspended,coursework,5.902086,7.479986,active,120,2,rain,24.000000
22,1112,3448156397,35,Day 2 16:49,suspended,coursework,5.902086,7.479986,active,0.000000,0.781360,0.945847,1.000000,0.189167,1.000000,0.915295,0.218000,0.136800,10,1,1,1,0,0,0,1,1,1,1,1,0,0,0,1,1,0.062927,0.059842,0.061735,0.000000,0.000000,0.000000,0.129743,0.185351,0.210429,0.062956,0.121018,0.000000,0.000000,0.000000,0.060727,0.045270,close_curtain,1,1,2450,window,none,,,0.000000,1.000000,0,suspended,coursework,5.902086,7.479986,active,120,2,rain,24.000000
22,1112,3448156397,36,Day 2 16:50,suspended,coursework,5.902086,7.479986,active,0.000333,0.781760,0.945847,1.000000,0.190000,1.000000,0.916197,0.217000,0.136200,10,1,1,1,0,0,0,1,1,1,1,1,0,0,1,0,1,0.067037,0.063659,0.065763,0.000000,0.000000,0.000000,0.138069,0.197290,0.224024,0.067106,0.128855,0.000000,0.000000,0.000000,0.000000,0.048197,rest_at_bed,1,60,2510,bed,none,room-temperature-shift|evening,,0.000000,1.000000,0,suspended,coursework,5.902086,7.479986,active,120,2,rain,24.000000
22,1112,3448156397,37,Day 2 17:50,suspended,coursework,5.902086,7.479986,active,0.060333,0.528944,1.000000,1.000000,0.240000,1.000000,1.000000,0.017000,0.100200,10,1,1,1,0,0,0,1,1,1,1,1,0,0,1,0,1,0.095637,0.000000,0.088065,0.000000,0.000000,0.000000,0.108343,0.134931,0.266706,0.085992,0.162726,0.000000,0.000000,0.000000,0.000000,0.057601,rest_at_bed,1,60,2570,bed,none,,,0.000000,1.000000,0,suspended,coursework,5.902086,7.479986,active,120,2,rain,24.000000
22,1112,3448156397,38,Day 2 18:50,suspended,coursework,5.902086,7.479986,active,0.120333,0.276128,1.000000,1.000000,0.290000,1.000000,1.000000,0.000000,0.064200,10,1,1,1,0,0,0,1,1,1,1,1,0,0,1,0,1,0.123333,0.000000,0.107149,0.000000,0.000000,0.000000,0.095429,0.000000,0.309931,0.107559,0.189099,0.000000,0.000000,0.000000,0.000000,0.067500,get_meal,1,35,2605,door,none,,,0.000000,1.000000,0,suspended,coursework,5.902086,7.479986,active,120,2,rain,24.000000
22,1112,3448156397,39,Day 2 19:25,suspended,coursework,5.902086,7.479986,active,0.092000,0.290128,1.000000,1.000000,0.000000,1.000000,1.000000,0.000000,0.043200,10,1,1,1,0,0,0,1,1,1,1,1,0,0,1,0,1,0.135008,0.000000,0.118419,0.000000,0.000000,0.000000,0.109031,0.000000,0.348944,0.000000,0.212902,0.000000,0.000000,0.000000,0.000000,0.075696,go_to_bathroom,1,15,2620,door,none,,,0.000000,1.000000,0,suspended,coursework,5.902086,7.479986,active,120,2,rain,24.000000
22,1112,3448156397,40,Day 2 19:40,suspended,coursework,5.902086,7.479986,active,0.097000,0.296128,1.000000,1.000000,0.012500,0.390000,1.000000,0.000000,0.034200,10,1,1,1,0,0,0,1,1,1,1,1,0,0,1,0,1,0.170703,0.000000,0.149688,0.000000,0.000000,0.000000,0.138238,0.000000,0.177692,0.000000,0.268240,0.000000,0.000000,0.000000,0.000000,0.095438,go_to_bathroom,1,15,2635,door,none,,,0.000000,1.000000,0,suspended,coursework,5.902086,7.479986,active,120,2,rain,24.000000
22,1112,3448156397,41,Day 2 19:55,suspended,coursework,5.902086,7.479986,active,0.102000,0.302128,1.000000,1.000000,0.025000,0.000000,1.000000,0.000000,0.025200,10,1,1,1,0,0,0,1,1,1,1,1,0,0,1,0,1,0.207812,0.000000,0.182180,0.000000,0.000000,0.000000,0.168754,0.000000,0.000000,0.000000,0.325399,0.000000,0.000000,0.000000,0.000000,0.115856,use_phone,1,25,2660,phone,none,,,0.000000,1.000000,0,suspended,coursework,5.902086,7.479986,active,120,2,rain,24.000000
22,1112,3448156397,42,Day 2 20:20,suspended,coursework,5.902086,7.479986,active,0.000000,0.395757,1.000000,1.000000,0.045833,0.016667,1.000000,0.095000,0.110200,10,1,1,1,0,0,0,1,1,1,1,1,0,0,1,0,1,0.182463,0.000000,0.167209,0.000000,0.000000,0.000000,0.202624,0.000000,0.000000,0.000000,0.331387,0.000000,0.000000,0.000000,0.000000,0.116316,use_phone,1,25,2685,phone,none,,,0.000000,1.000000,0,suspended,coursework,5.902086,7.479986,active,120,2,rain,24.000000
22,1112,3448156397,43,Day 2 20:45,suspended,coursework,5.902086,7.479986,active,0.000000,0.489385,1.000000,1.000000,0.066667,0.033333,1.000000,0.190000,0.195200,10,1,1,1,0,0,0,1,1,1,1,1,0,0,1,0,1,0.116292,0.112468,0.108547,0.000000,0.000000,0.000000,0.160962,0.200080,0.000000,0.000000,0.223281,0.000000,0.000000,0.000000,0.000000,0.078371,shop_on_phone,1,20,2705,phone,none,,,0.000000,1.000000,0,suspended,coursework,5.902086,7.479986,active,90,2,rain,24.000000
22,1112,3448156397,44,Day 2 21:05,suspended,coursework,5.902086,7.479986,active,0.006667,0.499677,1.000000,1.000000,0.083333,0.046667,1.000000,0.250000,0.000000,10,1,1,1,0,0,0,1,1,1,1,1,0,0,1,0,1,0.125827,0.000000,0.117648,0.000000,0.000000,0.000000,0.187463,0.235720,0.000000,0.000000,0.246677,0.000000,0.000000,0.000000,0.000000,0.086664,sleep_at_bed,1,480,3185,bed,none,,,0.000000,1.000000,0,suspended,coursework,5.902086,7.479986,active,90,2,rain,24.000000
22,1112,3448156397,45,Day 3 05:05,suspended,coursework,5.902086,7.479986,active,0.086667,0.168283,1.000000,0.920000,0.483333,0.366667,1.000000,0.000000,0.000000,10,1,1,1,0,0,0,1,1,1,1,1,0,0,1,0,1,0.146381,0.000000,0.125966,0.000000,0.000000,0.000000,0.102419,0.000000,0.145419,0.171812,0.227262,0.000000,0.000000,0.000000,0.000000,0.080742,rest_at_bed,1,60,3245,bed,none,,,0.000000,1.000000,0,suspended,coursework,5.902086,7.479986,active,90,2,rain,24.000000
22,1112,3448156397,46,Day 3 06:05,suspended,coursework,5.902086,7.479986,active,0.146667,0.000000,1.000000,0.950000,0.533333,0.406667,1.000000,0.000000,0.000000,10,1,1,1,0,0,0,1,1,1,1,1,0,0,1,0,1,0.169535,0.000000,0.139677,0.000000,0.000000,0.000000,0.000000,0.000000,0.164526,0.197163,0.242293,0.000000,0.000000,0.000000,0.000000,0.086807,use_phone,1,25,3270,phone,none,,,0.000000,1.000000,0,suspended,coursework,5.902086,7.479986,active,90,2,rain,24.000000
22,1112,3448156397,47,Day 3 06:30,suspended,coursework,5.902086,7.479986,active,0.000000,0.093629,1.000000,0.981667,0.554167,0.423333,1.000000,0.095000,0.085000,10,1,1,1,0,0,0,1,1,1,1,1,0,0,1,0,1,0.131191,0.000000,0.114279,0.000000,0.000000,0.000000,0.100864,0.000000,0.157646,0.190038,0.226486,0.000000,0.000000,0.000000,0.000000,0.079496,rest_at_bed,1,60,3330,bed,none,,,0.000000,1.000000,0,suspended,coursework,5.902086,7.479986,active,90,2,rain,24.000000
22,1112,3448156397,48,Day 3 07:30,suspended,coursework,5.902086,7.479986,active,0.060000,0.000000,1.000000,1.000000,0.604167,0.463333,1.000000,0.000000,0.049000,10,1,1,1,0,0,0,1,1,1,1,1,0,0,1,0,1,0.154447,0.000000,0.130085,0.000000,0.000000,0.000000,0.000000,0.000000,0.176411,0.215696,0.238827,0.000000,0.000000,0.000000,0.000000,0.084534,turn_light_on,1,1,3331,light,none,,,0.000000,1.000000,0,suspended,coursework,5.902086,7.479986,active,90,2,rain,24.000000
22,1112,3448156397,49,Day 3 07:31,suspended,coursework,5.902086,7.479986,active,0.060333,0.000400,1.000000,1.000000,0.605000,0.464000,1.000000,0.000000,0.048400,13,1,1,1,1,1,1,1,1,1,1,0,1,0,1,0,1,0.068573,0.000000,0.057756,0.211953,0.242396,0.207548,0.000000,0.000000,0.078384,0.095862,0.000000,0.000000,0.000000,0.000000,0.000000,0.037526,use_phone,1,25,3356,phone,none,,,0.000000,1.000000,0,suspended,coursework,5.902086,7.479986,active,90,2,rain,24.000000
22,1112,3448156397,50,Day 3 07:56,suspended,coursework,5.902086,7.479986,active,0.000000,0.094029,1.000000,1.000000,0.625833,0.480667,1.000000,0.095000,0.133400,13,1,1,1,1,1,1,1,1,1,1,0,1,0,1,0,1,0.057166,0.045795,0.049800,0.190969,0.218399,0.192428,0.043972,0.000000,0.074804,0.092025,0.000000,0.000000,0.000000,0.000000,0.000000,0.034642,study_at_computer,1,35,3391,computer,none,,coursework,0.706583,1.016095,0,active,coursework,6.608669,7.479986,active,90,2,rain,24.000000
22,1112,3448156397,51,Day 3 08:31,active,coursework,6.608669,7.479986,active,0.031667,0.219747,0.872147,1.000000,0.655000,0.504000,0.985905,0.140000,0.112400,13,1,1,1,1,1,1,1,1,1,1,0,1,0,1,0,1,0.065111,0.000000,0.057538,0.215184,0.246091,0.115971,0.059754,0.000000,0.089197,0.110644,0.000000,0.000000,0.000000,0.000000,0.000000,0.040511,go_to_bathroom,1,15,3406,door,none,alarm-rings,,0.000000,1.000000,0,suspended,coursework,6.608669,7.479986,active,90,2,rain,24.000000
22,1112,3448156397,52,Day 3 08:46,suspended,coursework,6.608669,7.479986,active,0.066667,0.225747,0.872147,1.000000,0.667500,0.000000,1.000000,0.125000,0.103400,14,1,1,1,1,1,1,1,1,1,1,0,1,1,1,0,1,0.074155,0.000000,0.064987,0.189138,0.216304,0.103676,0.065171,0.000000,0.000000,0.123676,0.000000,0.000000,0.118219,0.000000,0.000000,0.044675,idle,1,10,3416,,none,,,0.000000,1.000000,0,suspended,coursework,6.608669,7.479986,active,90,2,rain,24.000000
22,1112,3448156397,53,Day 3 08:56,suspended,coursework,6.608669,7.479986,active,0.190000,0.229747,0.994318,0.946667,0.675833,0.006667,1.000000,0.115000,0.097400,14,1,1,1,1,1,1,1,1,1,1,0,1,1,1,0,1,0.074186,0.000000,0.063030,0.203345,0.230823,0.113683,0.057915,0.000000,0.000000,0.111575,0.000000,0.000000,0.105351,0.000000,0.000000,0.040092,use_computer,1,30,3446,computer,none,,,0.000000,1.000000,0,suspended,coursework,6.608669,7.479986,active,90,2,rain,24.000000
22,1112,3448156397,54,Day 3 09:26,suspended,coursework,6.608669,7.479986,active,0.040000,0.344803,1.000000,0.936667,0.700833,0.026667,1.000000,0.195000,0.079400,14,1,1,1,1,1,1,1,1,1,1,0,1,1,1,0,1,0.059666,0.000000,0.053814,0.191505,0.217079,0.105301,0.067161,0.000000,0.000000,0.112499,0.000000,0.052452,0.102386,0.000000,0.000000,0.038136,study_halfhearted,1,35,3481,desk,none,,coursework,0.276771,1.026238,0,active,coursework,6.885439,7.479986,active,90,2,rain,24.000000
22,1112,3448156397,55,Day 3 10:01,active,coursework,6.885439,7.479986,active,0.101667,0.438803,0.931811,0.945000,0.730000,0.050000,1.000000,0.160000,0.058400,14,1,1,1,1,1,1,1,1,1,1,0,1,1,1,0,1,0.054645,0.000000,0.049240,0.180809,0.205195,0.100590,0.062699,0.075724,0.000000,0.101796,0.000000,0.047011,0.088754,0.000000,0.000000,0.033536,get_meal,1,35,3516,door,none,,,0.000000,1.000000,0,suspended,coursework,6.885439,7.479986,active,90,2,rain,24.000000
22,1112,3448156397,56,Day 3 10:36,suspended,coursework,6.885439,7.479986,active,0.073333,0.452803,0.931811,1.000000,0.209167,0.073333,1.000000,0.125000,0.037400,14,1,1,1,1,1,1,1,1,1,1,0,1,1,1,0,1,0.057288,0.000000,0.052068,0.191179,0.218639,0.105120,0.065971,0.079950,0.000000,0.050256,0.000000,0.049731,0.094305,0.000000,0.000000,0.035493,study_halfhearted,1,35,3551,desk,none,weather-rain,coursework,0.276241,1.024273,0,active,coursework,7.161680,7.479986,active,90,2,rain,24.000000
22,1112,3448156397,57,Day 3 11:11,active,coursework,7.161680,7.479986,active,0.135000,0.546803,0.863623,1.000000,0.238333,0.096667,1.000000,0.090000,0.016400,14,1,1,1,1,1,1,1,1,1,1,0,1,1,1,0,1,0.062509,0.000000,0.056762,0.171925,0.196619,0.104020,0.073376,0.092924,0.000000,0.054179,0.000000,0.053104,0.097395,0.000000,0.000000,0.037186,idle,1,10,3561,,none,,,0.000000,1.000000,0,active,coursework,7.161680,7.479986,active,90,2,rain,24.000000
22,1112,3448156397,58,Day 3 11:21,active,coursework,7.161680,7.479986,active,0.258333,0.550803,0.985794,0.946667,0.246667,0.103333,1.000000,0.080000,0.010400,14,1,1,1,1,1,1,1,1,1,1,0,1,1,1,0,1,0.063438,0.000000,0.055846,0.187504,0.212841,0.110950,0.066147,0.083850,0.000000,0.049583,0.000000,0.047945,0.088045,0.000000,0.000000,0.033852,study_focused,1,35,3596,desk,none,task-completed,coursework,0.457163,1.017068,0,none,,7.479986,7.479986,completed,90,2,rain,24.000000
22,1112,3448156397,59,Day 3 11:56,none,,7.479986,7.479986,completed,0.290000,0.674803,0.133438,1.000000,0.275833,0.126667,0.434771,0.045000,0.000000,11,1,1,1,0,0,0,1,1,1,1,0,1,1,1,0,1,0.117224,0.000000,0.104418,0.000000,0.000000,0.000000,0.143728,0.178612,0.075196,0.093497,0.000000,0.090826,0.130522,0.000000,0.000000,0.065978,get_meal,1,35,3631,door,none,,,0.000000,1.000000,0,none,,7.479986,7.479986,completed,90,2,rain,24.000000
22,1112,3448156397,60,Day 3 12:31,none,,7.479986,7.479986,completed,0.261667,0.688803,0.133438,1.000000,0.000000,0.150000,0.434771,0.010000,0.000000,11,1,1,1,0,0,0,1,1,1,1,0,1,1,1,0,1,0.127958,0.000000,0.114962,0.000000,0.000000,0.000000,0.157460,0.196349,0.086124,0.000000,0.000000,0.100041,0.144400,0.000000,0.000000,0.072705,turn_off_alarm,1,1,3632,alarm,none,,,0.000000,1.000000,0,none,,7.479986,7.479986,completed,90,2,rain,24.000000
22,1112,3448156397,61,Day 3 12:32,none,,7.479986,7.479986,completed,0.262000,0.689203,0.133438,1.000000,0.000833,0.150667,0.414771,0.009000,0.000000,10,1,1,1,0,0,0,1,1,1,1,0,1,0,1,0,1,0.149549,0.000000,0.134353,0.000000,0.000000,0.000000,0.184371,0.229286,0.100690,0.000000,0.000000,0.116830,0.000000,0.000000,0.000000,0.084921,use_computer,1,30,3662,computer,none,,,0.000000,1.000000,0,none,,7.479986,7.479986,completed,90,2,rain,24.000000
22,1112,3448156397,62,Day 3 13:02,none,,7.479986,7.479986,completed,0.112000,0.804259,0.133438,0.990000,0.025833,0.170667,0.414771,0.089000,0.000000,10,1,1,1,0,0,0,1,1,1,1,0,1,0,1,0,1,0.115920,0.000000,0.110552,0.000000,0.000000,0.000000,0.206059,0.273943,0.097154,0.000000,0.000000,0.118483,0.000000,0.000000,0.000000,0.077889,use_phone,1,25,3687,phone,none,,,0.000000,1.000000,0,none,,7.479986,7.479986,completed,90,2,rain,24.000000
22,1112,3448156397,63,Day 3 13:27,none,,7.479986,7.479986,completed,0.000000,0.897887,0.133438,1.000000,0.046667,0.187333,0.414771,0.184000,0.085000,10,1,1,1,0,0,0,1,1,1,1,0,1,0,1,0,1,0.091117,0.000000,0.091070,0.000000,0.000000,0.000000,0.223520,0.314726,0.091626,0.000000,0.000000,0.117394,0.000000,0.000000,0.000000,0.070547,sleep_at_bed,1,22,3709,bed,none,room-temperature-shift,,0.000000,1.000000,0,none,,7.479986,7.479986,completed,90,2,rain,17.000000
22,1112,3448156397,64,Day 3 13:49,none,,7.479986,7.479986,completed,0.000000,0.444185,0.133438,1.000000,0.065000,0.202000,0.414771,0.000000,0.071800,10,1,1,1,0,0,0,1,1,1,1,0,1,0,1,0,1,0.183199,0.000000,0.168805,0.000000,0.000000,0.000000,0.210581,0.000000,0.161507,0.000000,0.000000,0.154235,0.000000,0.000000,0.000000,0.121673,use_phone,1,25,3734,phone,none,,,0.000000,1.000000,0,none,,7.479986,7.479986,completed,90,2,rain,17.000000
22,1112,3448156397,65,Day 3 14:14,none,,7.479986,7.479986,completed,0.000000,0.537813,0.133438,1.000000,0.085833,0.218667,0.414771,0.095000,0.156800,10,1,1,1,0,0,0,1,1,1,1,0,1,0,1,0,1,0.117062,0.104221,0.109865,0.000000,0.000000,0.000000,0.167714,0.194910,0.111834,0.000000,0.000000,0.112202,0.000000,0.000000,0.000000,0.082192,use_computer,1,30,3764,computer,none,,,0.000000,1.000000,0,none,,7.479986,7.479986,completed,90,2,rain,17.000000
22,1112,3448156397,66,Day 3 14:44,none,,7.479986,7.479986,completed,0.000000,0.652869,0.133438,0.990000,0.110833,0.238667,0.414771,0.175000,0.138800,10,1,1,1,0,0,0,1,1,1,1,0,1,0,1,0,1,0.102156,0.093622,0.097964,0.000000,0.000000,0.000000,0.184122,0.228746,0.105996,0.000000,0.000000,0.111774,0.000000,0.000000,0.000000,0.075621,use_phone,1,25,3789,phone,none,,,0.000000,1.000000,0,none,,7.479986,7.479986,completed,90,2,rain,17.000000
22,1112,3448156397,67,Day 3 15:09,none,,7.479986,7.479986,completed,0.000000,0.746497,0.133438,1.000000,0.131667,0.255333,0.414771,0.270000,0.223800,10,1,1,1,0,0,0,1,1,1,1,0,1,0,1,0,1,0.080968,0.087827,0.079086,0.000000,0.000000,0.000000,0.181892,0.239336,0.091039,0.075631,0.000000,0.100859,0.000000,0.000000,0.000000,0.063362,use_phone,1,25,3814,phone,none,message-study-group,,0.000000,1.000000,0,none,,7.479986,7.479986,completed,90,3,rain,17.000000
22,1112,3448156397,68,Day 3 15:34,none,,7.479986,7.479986,completed,0.000000,0.840126,0.133438,1.000000,0.152500,0.272000,0.414771,0.365000,0.308800,10,1,1,1,0,0,0,1,1,1,1,0,1,0,1,0,1,0.069143,0.088767,0.068787,0.000000,0.000000,0.000000,0.193598,0.269801,0.084246,0.070402,0.000000,0.098054,0.000000,0.000000,0.000000,0.057201,sleep_at_bed,1,480,4294,bed,none,evening,,0.000000,1.000000,0,none,,7.479986,7.479986,completed,90,3,rain,17.000000
22,1112,3448156397,69,Day 3 23:34,none,,7.479986,7.479986,completed,0.080000,0.508732,0.133438,0.920000,0.552500,0.592000,0.414771,0.000000,0.020800,10,1,1,1,0,0,0,1,1,1,1,0,1,0,1,0,1,0.135517,0.000000,0.123685,0.000000,0.000000,0.000000,0.156680,0.000000,0.200408,0.187595,0.000000,0.110561,0.000000,0.000000,0.000000,0.085554,turn_light_off,1,1,4295,light,none,,,0.000000,1.000000,0,none,,7.479986,7.479986,completed,90,3,rain,17.000000
22,1112,3448156397,70,Day 3 23:35,none,,7.479986,7.479986,completed,0.080333,0.509132,0.133438,0.939667,0.553333,0.592667,0.414771,0.000000,0.020200,10,1,1,1,0,0,0,1,1,1,1,1,0,0,1,0,1,0.152303,0.000000,0.139003,0.000000,0.000000,0.000000,0.176119,0.000000,0.225402,0.211041,0.000000,0.000000,0.000000,0.000000,0.000000,0.096133,use_phone,1,25,4320,phone,none,,,0.000000,1.000000,0,none,,7.479986,7.479986,completed,90,3,rain,17.000000
22,1112,3448156397,71,Day 4 00:00,none,,7.479986,7.479986,completed,0.000000,0.602760,0.133438,0.971333,0.574167,0.609333,0.414771,0.095000,0.105200,10,1,1,1,0,0,0,1,1,1,1,1,0,0,1,0,1,0.106139,0.000000,0.100705,0.000000,0.000000,0.000000,0.164570,0.197660,0.183119,0.172468,0.000000,0.000000,0.000000,0.000000,0.000000,0.075339,go_to_bathroom,1,15,4335,door,none,,,0.000000,1.000000,0,none,,7.479986,7.479986,completed,90,3,rain,17.000000
22,1112,3448156397,72,Day 4 00:15,none,,7.479986,7.479986,completed,0.005000,0.608760,0.133438,1.000000,0.586667,0.000000,0.414771,0.080000,0.096200,10,1,1,1,0,0,0,1,1,1,1,1,0,0,1,0,1,0.130576,0.000000,0.123806,0.000000,0.000000,0.000000,0.199640,0.240134,0.000000,0.214002,0.000000,0.000000,0.000000,0.000000,0.000000,0.091842,use_phone,1,25,4360,phone,none,,,0.000000,1.000000,0,none,,7.479986,7.479986,completed,90,3,rain,17.000000
22,1112,3448156397,73,Day 4 00:40,none,,7.479986,7.479986,completed,0.000000,0.702389,0.133438,1.000000,0.607500,0.016667,0.414771,0.175000,0.181200,10,1,1,1,0,0,0,1,1,1,1,1,0,0,1,0,1,0.101638,0.099369,0.098281,0.000000,0.000000,0.000000,0.194569,0.247871,0.000000,0.182407,0.000000,0.000000,0.000000,0.000000,0.000000,0.075866,shop_on_phone,1,20,4380,phone,none,,,0.000000,1.000000,0,none,,7.479986,7.479986,completed,60,3,rain,17.000000
22,1112,3448156397,74,Day 4 01:00,none,,7.479986,7.479986,completed,0.006667,0.712681,0.133438,1.000000,0.624167,0.030000,0.414771,0.235000,0.000000,10,1,1,1,0,0,0,1,1,1,1,1,0,0,1,0,1,0.107233,0.000000,0.103869,0.000000,0.000000,0.000000,0.220960,0.284752,0.000000,0.201382,0.000000,0.000000,0.000000,0.000000,0.000000,0.081804,use_phone,1,25,4405,phone,none,,,0.000000,1.000000,0,none,,7.479986,7.479986,completed,60,3,rain,17.000000
22,1112,3448156397,75,Day 4 01:25,none,,7.479986,7.479986,completed,0.000000,0.806309,0.133438,1.000000,0.645000,0.046667,0.414771,0.330000,0.085000,10,1,1,1,0,0,0,1,1,1,1,1,0,0,1,0,1,0.091165,0.000000,0.090095,0.000000,0.000000,0.000000,0.235561,0.321517,0.000000,0.187762,0.000000,0.000000,0.000000,0.000000,0.000000,0.073900,get_meal,1,35,4440,door,none,,,0.000000,1.000000,0,none,,7.479986,7.479986,completed,60,3,rain,17.000000
22,1112,3448156397,76,Day 4 02:00,none,,7.479986,7.479986,completed,0.000000,0.820309,0.133438,1.000000,0.124167,0.070000,0.414771,0.295000,0.064000,10,1,1,1,0,0,0,1,1,1,1,1,0,0,1,0,1,0.102836,0.000000,0.101768,0.000000,0.000000,0.000000,0.259900,0.355956,0.000000,0.097202,0.000000,0.000000,0.000000,0.000000,0.000000,0.082338,use_phone,1,25,4465,phone,none,,,0.000000,1.000000,0,none,,7.479986,7.479986,completed,60,3,rain,17.000000
22,1112,3448156397,77,Day 4 02:25,none,,7.479986,7.479986,completed,0.000000,0.913938,0.133438,1.000000,0.145000,0.086667,0.414771,0.390000,0.149000,10,1,1,1,0,0,0,1,1,1,1,1,0,0,1,0,1,0.078949,0.083862,0.079578,0.000000,0.000000,0.000000,0.248694,0.360746,0.000000,0.081345,0.000000,0.000000,0.000000,0.000000,0.000000,0.066825,use_phone,1,25,4490,phone,none,,,0.000000,1.000000,0,none,,7.479986,7.479986,completed,60,3,rain,17.000000
22,1112,3448156397,78,Day 4 02:50,none,,7.479986,7.479986,completed,0.000000,1.000000,0.133438,1.000000,0.165833,0.103333,0.414771,0.485000,0.234000,10,1,1,1,0,0,0,1,1,1,1,1,0,0,1,0,1,0.066048,0.082932,0.067723,0.000000,0.000000,0.000000,0.256944,0.393238,0.000000,0.074088,0.000000,0.000000,0.000000,0.000000,0.000000,0.059026,sleep_at_bed,1,480,4970,bed,none,alarm-rings,,0.000000,1.000000,0,none,,7.479986,7.479986,completed,60,3,rain,17.000000
22,1112,3448156397,79,Day 4 10:50,none,,7.479986,7.479986,completed,0.110000,0.668606,0.133438,0.920000,0.565833,0.423333,0.468966,0.000000,0.000000,11,1,1,1,0,0,0,1,1,1,1,1,0,1,1,0,1,0.105668,0.000000,0.098311,0.000000,0.000000,0.000000,0.143325,0.177564,0.121587,0.149108,0.000000,0.000000,0.137477,0.000000,0.000000,0.066961,sleep_at_bed,1,480,5450,bed,none,message-study-group|weather-rain,,0.000000,1.000000,0,none,,7.479986,7.479986,completed,60,4,rain,17.000000
22,1112,3448156397,80,Day 4 18:50,none,,7.479986,7.479986,completed,0.190000,0.337212,0.133438,0.840000,0.965833,0.743333,0.468966,0.000000,0.000000,11,1,1,1,0,0,0,1,1,1,1,1,0,1,1,0,1,0.120823,0.000000,0.104185,0.000000,0.000000,0.000000,0.101809,0.000000,0.196669,0.270158,0.000000,0.000000,0.138257,0.000000,0.000000,0.068098,use_phone,1,25,5475,phone,none,room-temperature-shift,,0.000000,1.000000,0,none,,7.479986,7.479986,completed,60,4,rain,24.000000
22,1112,3448156397,81,Day 4 19:15,none,,7.479986,7.479986,completed,0.000000,0.430840,0.133438,0.871667,0.986667,0.760000,0.468966,0.095000,0.085000,11,1,1,1,0,0,0,1,1,1,1,1,0,1,1,0,1,0.097171,0.000000,0.089574,0.000000,0.000000,0.000000,0.121299,0.000000,0.203723,0.281507,0.000000,0.000000,0.139715,0.000000,0.000000,0.067011,rest_at_bed,1,60,5535,bed,none,evening,,0.000000,1.000000,0,none,,7.479986,7.479986,completed,60,4,rain,24.000000
22,1112,3448156397,82,Day 4 20:15,none,,7.479986,7.479986,completed,0.060000,0.178024,0.133438,0.901667,1.000000,0.800000,0.468966,0.000000,0.049000,11,1,1,1,0,0,0,1,1,1,1,1,0,1,1,0,1,0.110787,0.000000,0.096142,0.000000,0.000000,0.000000,0.086561,0.000000,0.214957,0.285446,0.000000,0.000000,0.138917,0.000000,0.000000,0.067190,turn_off_alarm,1,1,5536,alarm,none,,,0.000000,1.000000,0,none,,7.479986,7.479986,completed,60,4,rain,24.000000
22,1112,3448156397,83,Day 4 20:16,none,,7.479986,7.479986,completed,0.060333,0.178424,0.133438,0.931333,1.000000,0.800667,0.448966,0.000000,0.048400,10,1,1,1,0,0,0,1,1,1,1,1,0,0,1,0,1,0.128609,0.000000,0.111607,0.000000,0.000000,0.000000,0.100786,0.000000,0.249726,0.331288,0.000000,0.000000,0.000000,0.000000,0.000000,0.077985,use_computer,1,30,5566,computer,none,,,0.000000,1.000000,0,none,,7.479986,7.479986,completed,60,4,rain,24.000000
22,1112,3448156397,84,Day 4 20:46,none,,7.479986,7.479986,completed,0.000000,0.293480,0.133438,0.921333,1.000000,0.820667,0.448966,0.080000,0.030400,10,1,1,1,0,0,0,1,1,1,1,1,0,0,1,0,1,0.114832,0.000000,0.103398,0.000000,0.000000,0.000000,0.119594,0.000000,0.255827,0.329449,0.000000,0.000000,0.000000,0.000000,0.000000,0.076900,rest_at_bed,1,60,5626,bed,none,,,0.000000,1.000000,0,none,,7.479986,7.479986,completed,60,4,rain,24.000000
22,1112,3448156397,85,Day 4 21:46,none,,7.479986,7.479986,completed,0.060000,0.040664,0.133438,0.951333,1.000000,0.860667,0.448966,0.000000,0.000000,10,1,1,1,0,0,0,1,1,1,1,1,0,0,1,0,1,0.142181,0.000000,0.120574,0.000000,0.000000,0.000000,0.000000,0.000000,0.294998,0.357983,0.000000,0.000000,0.000000,0.000000,0.000000,0.084265,get_meal,1,35,5661,door,none,,,0.000000,1.000000,0,none,,7.479986,7.479986,completed,60,4,rain,24.000000
22,1112,3448156397,86,Day 4 22:21,none,,7.479986,7.479986,completed,0.031667,0.054664,0.133438,1.000000,0.479167,0.884000,0.448966,0.000000,0.000000,10,1,1,1,0,0,0,1,1,1,1,1,0,0,1,0,1,0.170191,0.000000,0.145714,0.000000,0.000000,0.000000,0.000000,0.000000,0.375988,0.204776,0.000000,0.000000,0.000000,0.000000,0.000000,0.103331,use_computer,1,30,5691,computer,none,,,0.000000,1.000000,0,none,,7.479986,7.479986,completed,60,4,rain,24.000000
22,1112,3448156397,87,Day 4 22:51,none,,7.479986,7.479986,completed,0.000000,0.169719,0.133438,0.990000,0.504167,0.904000,0.448966,0.080000,0.000000,10,1,1,1,0,0,0,1,1,1,1,1,0,0,1,0,1,0.137784,0.000000,0.121514,0.000000,0.000000,0.000000,0.123434,0.000000,0.340259,0.186635,0.000000,0.000000,0.000000,0.000000,0.000000,0.090374,get_meal,1,35,5726,door,none,,,0.000000,1.000000,0,none,,7.479986,7.479986,completed,60,4,rain,24.000000
22,1112,3448156397,88,Day 4 23:26,none,,7.479986,7.479986,completed,0.000000,0.183719,0.133438,1.000000,0.000000,0.927333,0.448966,0.045000,0.000000,10,1,1,1,0,0,0,1,1,1,1,1,0,0,1,0,1,0.168564,0.000000,0.148863,0.000000,0.000000,0.000000,0.147703,0.000000,0.425663,0.000000,0.000000,0.000000,0.000000,0.000000,0.000000,0.109207,go_to_bathroom,1,15,5741,door,none,,,0.000000,1.000000,0,none,,7.479986,7.479986,completed,60,4,rain,24.000000
22,1112,3448156397,89,Day 4 23:41,none,,7.479986,7.479986,completed,0.005000,0.189719,0.133438,1.000000,0.012500,0.317333,0.448966,0.030000,0.000000,10,1,1,1,0,0,0,1,1,1,1,1,0,0,1,0,1,0.227316,0.000000,0.200611,0.000000,0.000000,0.000000,0.196408,0.000000,0.229735,0.000000,0.000000,0.000000,0.000000,0.000000,0.000000,0.145931,use_phone,1,25,5766,phone,none,,,0.000000,1.000000,0,none,,7.479986,7.479986,completed,60,4,rain,24.000000
22,1112,3448156397,90,Day 5 00:06,none,,7.479986,7.479986,completed,0.000000,0.283348,0.133438,1.000000,0.033333,0.334000,0.448966,0.125000,0.085000,10,1,1,1,0,0,0,1,1,1,1,1,0,0,1,0,1,0.209938,0.000000,0.188950,0.000000,0.000000,0.000000,0.227118,0.000000,0.230968,0.000000,0.000000,0.000000,0.000000,0.000000,0.000000,0.143027,go_to_bathroom,1,15,5781,door,none,,,0.000000,1.000000,0,none,,7.479986,7.479986,completed,60,4,rain,24.000000
22,1112,3448156397,91,Day 5 00:21,none,,7.479986,7.479986,completed,0.005000,0.289348,0.133438,1.000000,0.045833,0.000000,0.448966,0.110000,0.076000,10,1,1,1,0,0,0,1,1,1,1,1,0,0,1,0,1,0.274630,0.000000,0.247006,0.000000,0.000000,0.000000,0.292965,0.000000,0.000000,0.000000,0.000000,0.000000,0.000000,0.000000,0.000000,0.185399,idle,1,10,5791,,none,,,0.000000,1.000000,0,none,,7.479986,7.479986,completed,60,4,rain,24.000000
22,1112,3448156397,92,Day 5 00:31,none,,7.479986,7.479986,completed,0.128333,0.293348,0.133438,0.946667,0.054167,0.006667,0.448966,0.100000,0.070000,10,1,1,1,0,0,0,1,1,1,1,1,0,0,1,0,1,0.291430,0.000000,0.254113,0.000000,0.000000,0.000000,0.276156,0.000000,0.000000,0.000000,0.000000,0.000000,0.000000,0.000000,0.000000,0.178301,use_phone,1,25,5816,phone,none,,,0.000000,1.000000,0,none,,7.479986,7.479986,completed,60,4,rain,24.000000
22,1112,3448156397,93,Day 5 00:56,none,,7.479986,7.479986,completed,0.000000,0.386976,0.133438,0.978333,0.075000,0.023333,0.448966,0.195000,0.155000,10,1,1,1,0,0,0,1,1,1,1,1,0,0,1,0,1,0.205683,0.185748,0.188738,0.000000,0.000000,0.000000,0.272993,0.000000,0.000000,0.000000,0.000000,0.000000,0.000000,0.000000,0.000000,0.146838,rest_at_bed,1,60,5876,bed,none,,,0.000000,1.000000,0,none,,7.479986,7.479986,completed,60,4,rain,24.000000
22,1112,3448156397,94,Day 5 01:56,none,,7.479986,7.479986,completed,0.060000,0.134160,0.133438,1.000000,0.125000,0.063333,0.448966,0.000000,0.119000,10,1,1,1,0,0,0,1,1,1,1,1,0,0,1,0,1,0.255629,0.000000,0.220211,0.000000,0.000000,0.000000,0.189879,0.000000,0.000000,0.180383,0.000000,0.000000,0.000000,0.000000,0.000000,0.153898,use_phone,1,25,5901,phone,none,,,0.000000,1.000000,0,none,,7.479986,7.479986,completed,60,4,rain,24.000000
22,1112,3448156397,95,Day 5 02:21,none,,7.479986,7.479986,completed,0.000000,0.227789,0.133438,1.000000,0.145833,0.080000,0.448966,0.095000,0.204000,10,1,1,1,0,0,0,1,1,1,1,1,0,0,1,0,1,0.190572,0.171489,0.169786,0.000000,0.000000,0.000000,0.186327,0.000000,0.000000,0.154807,0.000000,0.000000,0.000000,0.000000,0.000000,0.127019,rest_at_bed,1,60,5961,bed,none,,,0.000000,1.000000,0,none,,7.479986,7.479986,completed,60,4,rain,24.000000
22,1112,3448156397,96,Day 5 03:21,none,,7.479986,7.479986,completed,0.060000,0.000000,0.133438,1.000000,0.195833,0.120000,0.448966,0.000000,0.168000,10,1,1,1,0,0,0,1,1,1,1,1,0,0,1,0,1,0.253037,0.191135,0.213124,0.000000,0.000000,0.000000,0.000000,0.000000,0.000000,0.193759,0.000000,0.000000,0.000000,0.000000,0.000000,0.148945,use_phone,1,25,5986,phone,none,,,0.000000,1.000000,0,none,,7.479986,7.479986,completed,60,4,rain,24.000000
22,1112,3448156397,97,Day 5 03:46,none,,7.479986,7.479986,completed,0.000000,0.093629,0.133438,1.000000,0.216667,0.136667,0.448966,0.095000,0.253000,10,1,1,1,0,0,0,1,1,1,1,1,0,0,1,0,1,0.167820,0.157587,0.146186,0.000000,0.000000,0.000000,0.139365,0.000000,0.131745,0.147934,0.000000,0.000000,0.000000,0.000000,0.000000,0.109364,go_to_bathroom,1,15,6001,door,none,,,0.000000,1.000000,0,none,,7.479986,7.479986,completed,60,4,rain,24.000000
22,1112,3448156397,98,Day 5 04:01,none,,7.479986,7.479986,completed,0.005000,0.099629,0.133438,1.000000,0.229167,0.000000,0.448966,0.080000,0.244000,10,1,1,1,0,0,0,1,1,1,1,1,0,0,1,0,1,0.194425,0.178714,0.169245,0.000000,0.000000,0.000000,0.159208,0.000000,0.000000,0.172860,0.000000,0.000000,0.000000,0.000000,0.000000,0.125549,idle,1,10,6011,,none,,,0.000000,1.000000,0,none,,7.479986,7.479986,completed,60,4,rain,24.000000
22,1112,3448156397,99,Day 5 04:11,none,,7.479986,7.479986,completed,0.128333,0.103629,0.133438,0.946667,0.237500,0.006667,0.448966,0.070000,0.238000,10,1,1,1,0,0,0,1,1,1,1,1,0,0,1,0,1,0.209217,0.171862,0.176561,0.000000,0.000000,0.000000,0.152182,0.000000,0.000000,0.167739,0.000000,0.000000,0.000000,0.000000,0.000000,0.122439,shop_on_phone,1,20,6031,phone,none,,,0.000000,1.000000,0,none,,7.479986,7.479986,completed,30,4,rain,24.000000
22,1112,3448156397,100,Day 5 04:31,none,,7.479986,7.479986,completed,0.135000,0.113920,0.133438,1.000000,0.254167,0.020000,0.448966,0.130000,0.000000,10,1,1,1,0,0,0,1,1,1,1,1,0,0,1,0,1,0.245980,0.000000,0.207940,0.000000,0.000000,0.000000,0.192590,0.000000,0.000000,0.206367,0.000000,0.000000,0.000000,0.000000,0.000000,0.147122,idle,1,10,6041,,none,,,0.000000,1.000000,0,none,,7.479986,7.479986,completed,30,4,rain,24.000000
22,1112,3448156397,101,Day 5 04:41,none,,7.479986,7.479986,completed,0.258333,0.117920,0.133438,0.946667,0.262500,0.026667,0.448966,0.120000,0.000000,10,1,1,1,0,0,0,1,1,1,1,1,0,0,1,0,1,0.262218,0.000000,0.214900,0.000000,0.000000,0.000000,0.182368,0.000000,0.000000,0.198380,0.000000,0.000000,0.000000,0.000000,0.000000,0.142135,use_computer,1,30,6071,computer,none,,,0.000000,1.000000,0,none,,7.479986,7.479986,completed,30,4,rain,24.000000
22,1112,3448156397,102,Day 5 05:11,none,,7.479986,7.479986,completed,0.108333,0.232976,0.133438,0.936667,0.287500,0.046667,0.448966,0.200000,0.000000,10,1,1,1,0,0,0,1,1,1,1,1,0,0,1,0,1,0.224083,0.000000,0.194952,0.000000,0.000000,0.000000,0.224708,0.000000,0.000000,0.212531,0.000000,0.000000,0.000000,0.000000,0.000000,0.143726,use_phone,1,25,6096,phone,none,,,0.000000,1.000000,0,none,,7.479986,7.479986,completed,30,4,rain,24.000000
22,1112,3448156397,103,Day 5 05:36,none,,7.479986,7.479986,completed,0.000000,0.326604,0.133438,0.968333,0.308333,0.063333,0.448966,0.295000,0.085000,10,1,1,1,0,0,0,1,1,1,1,1,0,0,1,0,1,0.193496,0.000000,0.176258,0.000000,0.000000,0.000000,0.266881,0.000000,0.000000,0.220760,0.000000,0.000000,0.000000,0.000000,0.000000,0.142605,get_meal,1,35,6131,door,none,,,0.000000,1.000000,0,none,,7.479986,7.479986,completed,30,4,rain,24.000000
22,1112,3448156397,104,Day 5 06:11,none,,7.479986,7.479986,completed,0.000000,0.340604,0.133438,1.000000,0.000000,0.086667,0.448966,0.260000,0.064000,10,1,1,1,0,0,0,1,1,1,1,1,0,0,1,0,1,0.250678,0.000000,0.228658,0.000000,0.000000,0.000000,0.338182,0.000000,0.000000,0.000000,0.000000,0.000000,0.000000,0.000000,0.000000,0.182482,use_phone,1,25,6156,phone,none,,,0.000000,1.000000,0,none,,7.479986,7.479986,completed,30,4,rain,24.000000
22,1112,3448156397,105,Day 5 06:36,none,,7.479986,7.479986,completed,0.000000,0.434233,0.133438,1.000000,0.020833,0.103333,0.448966,0.355000,0.149000,10,1,1,1,0,0,0,1,1,1,1,1,0,0,1,0,1,0.137733,0.133017,0.127964,0.000000,0.000000,0.000000,0.231595,0.263697,0.000000,0.000000,0.000000,0.000000,0.000000,0.000000,0.000000,0.105994,use_phone,1,25,6181,phone,none,,,0.000000,1.000000,0,none,,7.479986,7.479986,completed,30,4,rain,24.000000
22,1112,3448156397,106,Day 5 07:01,none,,7.479986,7.479986,completed,0.000000,0.527862,0.133438,1.000000,0.041667,0.120000,0.448966,0.450000,0.234000,10,1,1,1,0,0,0,1,1,1,1,1,0,0,1,0,1,0.117287,0.134065,0.110989,0.000000,0.000000,0.000000,0.245809,0.296431,0.000000,0.000000,0.000000,0.000000,0.000000,0.000000,0.000000,0.095419,rest_at_bed,1,60,6241,bed,none,,,0.000000,1.000000,0,none,,7.479986,7.479986,completed,30,4,rain,24.000000
22,1112,3448156397,107,Day 5 08:01,none,,7.479986,7.479986,completed,0.060000,0.275045,0.133438,1.000000,0.091667,0.160000,0.448966,0.250000,0.198000,10,1,1,1,0,0,0,1,1,1,1,1,0,0,1,0,1,0.181811,0.166228,0.161494,0.000000,0.000000,0.000000,0.212057,0.000000,0.153936,0.000000,0.000000,0.000000,0.000000,0.000000,0.000000,0.124473,use_computer,1,30,6271,computer,none,alarm-rings,,0.000000,1.000000,0,none,,7.479986,7.479986,completed,30,4,rain,24.000000
22,1112,3448156397,108,Day 5 08:31,none,,7.479986,7.479986,completed,0.000000,0.390101,0.133438,0.990000,0.116667,0.180000,0.503161,0.330000,0.180000,11,1,1,1,0,0,0,1,1,1,1,1,0,1,1,0,1,0.105365,0.104155,0.097101,0.000000,0.000000,0.000000,0.162039,0.181314,0.102323,0.000000,0.000000,0.000000,0.168056,0.000000,0.000000,0.079647,sleep_at_bed,1,480,6751,bed,none,message-study-group|weather-clear,,0.000000,1.000000,0,none,,7.479986,7.479986,completed,30,5,clear,24.000000
22,1112,3448156397,109,Day 5 16:31,none,,7.479986,7.479986,completed,0.080000,0.058707,0.133438,0.910000,0.516667,0.500000,0.503161,0.000000,0.000000,11,1,1,1,0,0,0,1,1,1,1,1,0,1,1,0,1,0.164830,0.000000,0.139493,0.000000,0.000000,0.000000,0.000000,0.000000,0.197158,0.200704,0.000000,0.000000,0.201327,0.000000,0.000000,0.096488,use_computer,1,30,6781,computer,none,room-temperature-shift,,0.000000,1.000000,0,none,,7.479986,7.479986,completed,30,5,clear,24.000000
22,1112,3448156397,110,Day 5 17:01,none,,7.479986,7.479986,completed,0.000000,0.173763,0.133438,0.900000,0.541667,0.520000,0.503161,0.080000,0.000000,11,1,1,1,0,0,0,1,1,1,1,1,0,1,1,0,1,0.130775,0.000000,0.115410,0.000000,0.000000,0.000000,0.116843,0.000000,0.182708,0.187318,0.000000,0.000000,0.181112,0.000000,0.000000,0.085834,rest_at_bed,1,60,6841,bed,none,,,0.000000,1.000000,0,none,,7.479986,7.479986,completed,30,5,clear,24.000000
22,1112,3448156397,111,Day 5 18:01,none,,7.479986,7.479986,completed,0.060000,0.000000,0.133438,0.930000,0.591667,0.560000,0.503161,0.000000,0.000000,11,1,1,1,0,0,0,1,1,1,1,1,0,1,1,0,1,0.157426,0.000000,0.132594,0.000000,0.000000,0.000000,0.000000,0.000000,0.207573,0.215849,0.000000,0.000000,0.193892,0.000000,0.000000,0.092666,get_meal,1,35,6876,door,none,,,0.000000,1.000000,0,none,,7.479986,7.479986,completed,30,5,clear,24.000000
22,1112,3448156397,112,Day 5 18:36,none,,7.479986,7.479986,completed,0.031667,0.014000,0.133438,1.000000,0.070833,0.583333,0.503161,0.000000,0.000000,11,1,1,1,0,0,0,1,1,1,1,1,0,1,1,0,1,0.195157,0.000000,0.165953,0.000000,0.000000,0.000000,0.000000,0.000000,0.273991,0.000000,0.000000,0.000000,0.247216,0.000000,0.000000,0.117683,use_computer,1,30,6906,computer,none,,,0.000000,1.000000,0,none,,7.479986,7.479986,completed,30,5,clear,24.000000
22,1112,3448156397,113,Day 5 19:06,none,,7.479986,7.479986,completed,0.000000,0.129056,0.133438,0.990000,0.095833,0.603333,0.503161,0.080000,0.000000,11,1,1,1,0,0,0,1,1,1,1,1,0,1,1,0,1,0.158292,0.000000,0.138650,0.000000,0.000000,0.000000,0.133939,0.000000,0.248418,0.000000,0.000000,0.000000,0.217582,0.000000,0.000000,0.103118,use_phone,1,25,6931,phone,none,,,0.000000,1.000000,0,none,,7.479986,7.479986,completed,30,5,clear,24.000000
22,1112,3448156397,114,Day 5 19:31,none,,7.479986,7.479986,completed,0.000000,0.222684,0.133438,1.000000,0.116667,0.620000,0.503161,0.175000,0.085000,11,1,1,1,0,0,0,1,1,1,1,1,0,1,1,0,1,0.147292,0.000000,0.131407,0.000000,0.000000,0.000000,0.155340,0.000000,0.250490,0.000000,0.000000,0.000000,0.214034,0.000000,0.000000,0.101437,go_to_bathroom,1,15,6946,door,none,,,0.000000,1.000000,0,none,,7.479986,7.479986,completed,30,5,clear,24.000000
22,1112,3448156397,115,Day 5 19:46,none,,7.479986,7.479986,completed,0.005000,0.228684,0.133438,1.000000,0.129167,0.010000,0.503161,0.160000,0.076000,11,1,1,1,0,0,0,1,1,1,1,1,0,1,1,0,1,0.170537,0.000000,0.152042,0.000000,0.000000,0.000000,0.177351,0.000000,0.000000,0.138305,0.000000,0.000000,0.245388,0.000000,0.000000,0.116378,idle,1,10,6956,,none,,,0.000000,1.000000,0,none,,7.479986,7.479986,completed,30,5,clear,24.000000
22,1112,3448156397,116,Day 5 19:56,none,,7.479986,7.479986,completed,0.128333,0.232684,0.133438,0.946667,0.137500,0.016667,0.503161,0.150000,0.070000,11,1,1,1,0,0,0,1,1,1,1,1,0,1,1,0,1,0.184515,0.000000,0.159481,0.000000,0.000000,0.000000,0.170450,0.000000,0.000000,0.134940,0.000000,0.000000,0.236500,0.000000,0.000000,0.114115,rest_at_bed,1,60,7016,bed,none,evening,,0.000000,1.000000,0,none,,7.479986,7.479986,completed,30,5,clear,24.000000
22,1112,3448156397,117,Day 5 20:56,none,,7.479986,7.479986,completed,0.188333,0.000000,0.133438,0.976667,0.187500,0.056667,0.503161,0.000000,0.034000,11,1,1,1,0,0,0,1,1,1,1,1,0,1,1,0,1,0.242863,0.000000,0.197979,0.000000,0.000000,0.000000,0.000000,0.000000,0.000000,0.163468,0.000000,0.000000,0.266175,0.000000,0.000000,0.129515,use_phone,1,25,7041,phone,none,,,0.000000,1.000000,0,none,,7.479986,7.479986,completed,30,5,clear,24.000000
22,1112,3448156397,118,Day 5 21:21,none,,7.479986,7.479986,completed,0.000000,0.093629,0.133438,1.000000,0.208333,0.073333,0.503161,0.095000,0.119000,11,1,1,1,0,0,0,1,1,1,1,1,0,1,1,0,1,0.178804,0.000000,0.155754,0.000000,0.000000,0.000000,0.147364,0.000000,0.000000,0.155695,0.000000,0.000000,0.245862,0.000000,0.000000,0.116521,rest_at_bed,1,60,7101,bed,none,,,0.000000,1.000000,0,none,,7.479986,7.479986,completed,30,5,clear,24.000000
22,1112,3448156397,119,Day 5 22:21,none,,7.479986,7.479986,completed,0.060000,0.000000,0.133438,1.000000,0.258333,0.113333,0.503161,0.000000,0.083000,11,1,1,1,0,0,0,1,1,1,1,1,0,1,1,0,1,0.222122,0.000000,0.187085,0.000000,0.000000,0.000000,0.000000,0.000000,0.000000,0.186472,0.000000,0.000000,0.273574,0.000000,0.000000,0.130747,use_phone,1,25,7126,phone,none,,,0.000000,1.000000,0,none,,7.479986,7.479986,completed,30,5,clear,24.000000
22,1112,3448156397,120,Day 5 22:46,none,,7.479986,7.479986,completed,0.000000,0.093629,0.133438,1.000000,0.279167,0.130000,0.503161,0.095000,0.168000,11,1,1,1,0,0,0,1,1,1,1,1,0,1,1,0,1,0.136903,0.114824,0.119255,0.000000,0.000000,0.000000,0.112831,0.000000,0.106415,0.132308,0.000000,0.000000,0.188248,0.000000,0.000000,0.089216,shop_on_phone,1,20,7146,phone,none,,,0.000000,1.000000,0,none,,7.479986,7.479986,completed,0,5,clear,24.000000
22,1112,3448156397,121,Day 5 23:06,none,,7.479986,7.479986,completed,0.006667,0.103920,0.133438,1.000000,0.295833,0.143333,0.503161,0.155000,0.000000,11,1,1,1,0,0,0,1,1,1,1,1,0,1,1,0,1,0.150363,0.000000,0.131204,0.000000,0.000000,0.000000,0.133390,0.000000,0.121726,0.152061,0.000000,0.000000,0.211111,0.000000,0.000000,0.100145,use_phone,1,25,7171,phone,none,,,0.000000,1.000000,0,none,,7.479986,7.479986,completed,0,5,clear,24.000000
22,1112,3448156397,122,Day 5 23:31,none,,7.479986,7.479986,completed,0.000000,0.197549,0.133438,1.000000,0.316667,0.160000,0.503161,0.250000,0.085000,11,1,1,1,0,0,0,1,1,1,1,1,0,1,1,0,1,0.138978,0.000000,0.123728,0.000000,0.000000,0.000000,0.154604,0.000000,0.122662,0.154139,0.000000,0.000000,0.207533,0.000000,0.000000,0.098356,rest_at_bed,1,60,7231,bed,none,,,0.000000,1.000000,0,none,,7.479986,7.479986,completed,0,5,clear,24.000000
22,1112,3448156397,123,Day 6 00:31,none,,7.479986,7.479986,completed,0.060000,0.000000,0.133438,1.000000,0.366667,0.200000,0.503161,0.050000,0.049000,11,1,1,1,0,0,0,1,1,1,1,1,0,1,1,0,1,0.181928,0.000000,0.153446,0.000000,0.000000,0.000000,0.000000,0.000000,0.143521,0.182926,0.000000,0.000000,0.228820,0.000000,0.000000,0.109359,turn_off_alarm,1,1,7232,alarm,none,,,0.000000,1.000000,0,none,,7.479986,7.479986,completed,0,5,clear,24.000000
22,1112,3448156397,124,Day 6 00:32,none,,7.479986,7.479986,completed,0.060333,0.000400,0.133438,1.000000,0.367500,0.200667,0.483161,0.049000,0.048400,10,1,1,1,0,0,0,1,1,1,1,1,0,0,1,0,1,0.235884,0.000000,0.198946,0.000000,0.000000,0.000000,0.000000,0.000000,0.186149,0.237314,0.000000,0.000000,0.000000,0.000000,0.000000,0.141706,use_phone,1,25,7257,phone,none,,,0.000000,1.000000,0,none,,7.479986,7.479986,completed,0,5,clear,24.000000
22,1112,3448156397,125,Day 6 00:57,none,,7.479986,7.479986,completed,0.000000,0.094029,0.133438,1.000000,0.388333,0.217333,0.483161,0.144000,0.133400,10,1,1,1,0,0,0,1,1,1,1,1,0,0,1,0,1,0.158964,0.129989,0.138671,0.000000,0.000000,0.000000,0.138853,0.000000,0.143607,0.184164,0.000000,0.000000,0.000000,0.000000,0.000000,0.105752,go_to_bathroom,1,15,7272,door,none,,,0.000000,1.000000,0,none,,7.479986,7.479986,completed,0,5,clear,24.000000
22,1112,3448156397,126,Day 6 01:12,none,,7.479986,7.479986,completed,0.005000,0.100029,0.133438,1.000000,0.400833,0.000000,0.483161,0.129000,0.124400,10,1,1,1,0,0,0,1,1,1,1,1,0,0,1,0,1,0.186525,0.149306,0.162602,0.000000,0.000000,0.000000,0.160657,0.000000,0.000000,0.217952,0.000000,0.000000,0.000000,0.000000,0.000000,0.122958,use_computer,1,30,7302,computer,none,,,0.000000,1.000000,0,none,,7.479986,7.479986,completed,0,5,clear,24.000000
22,1112,3448156397,127,Day 6 01:42,none,,7.479986,7.479986,completed,0.000000,0.215084,0.133438,0.990000,0.425833,0.020000,0.483161,0.209000,0.106400,10,1,1,1,0,0,0,1,1,1,1,1,0,0,1,0,1,0.201532,0.000000,0.179740,0.000000,0.000000,0.000000,0.219368,0.000000,0.000000,0.258755,0.000000,0.000000,0.000000,0.000000,0.000000,0.140606,get_meal,1,35,7337,door,none,,,0.000000,1.000000,0,none,,7.479986,7.479986,completed,0,5,clear,24.000000
22,1112,3448156397,128,Day 6 02:17,none,,7.479986,7.479986,completed,0.000000,0.229084,0.133438,1.000000,0.000000,0.043333,0.483161,0.174000,0.085400,10,1,1,1,0,0,0,1,1,1,1,1,0,0,1,0,1,0.274205,0.000000,0.244891,0.000000,0.000000,0.000000,0.291940,0.000000,0.000000,0.000000,0.000000,0.000000,0.000000,0.000000,0.000000,0.188963,rest_at_bed,1,60,7397,bed,none,,,0.000000,1.000000,0,none,,7.479986,7.479986,completed,0,5,clear,24.000000
22,1112,3448156397,129,Day 6 03:17,none,,7.479986,7.479986,completed,0.060000,0.000000,0.133438,1.000000,0.050000,0.083333,0.483161,0.000000,0.049400,10,1,1,1,0,0,0,1,1,1,1,1,0,0,1,0,1,0.411372,0.000000,0.346483,0.000000,0.000000,0.000000,0.000000,0.000000,0.000000,0.000000,0.000000,0.000000,0.000000,0.000000,0.000000,0.242145,use_phone,1,25,7422,phone,none,,,0.000000,1.000000,0,none,,7.479986,7.479986,completed,0,5,clear,24.000000
22,1112,3448156397,130,Day 6 03:42,none,,7.479986,7.479986,completed,0.000000,0.093629,0.133438,1.000000,0.070833,0.100000,0.483161,0.095000,0.134400,10,1,1,1,0,0,0,1,1,1,1,1,0,0,1,0,1,0.240887,0.193214,0.209833,0.000000,0.000000,0.000000,0.199087,0.000000,0.000000,0.000000,0.000000,0.000000,0.000000,0.000000,0.000000,0.156979,use_phone,1,25,7447,phone,none,,,0.000000,1.000000,0,none,,7.479986,7.479986,completed,0,5,clear,24.000000
22,1112,3448156397,131,Day 6 04:07,none,,7.479986,7.479986,completed,0.000000,0.187257,0.133438,1.000000,0.091667,0.116667,0.483161,0.190000,0.219400,10,1,1,1,0,0,0,1,1,1,1,1,0,0,1,0,1,0.219509,0.208389,0.194757,0.000000,0.000000,0.000000,0.226120,0.000000,0.000000,0.000000,0.000000,0.000000,0.000000,0.000000,0.000000,0.151224,shop_on_phone,0,0,7447,phone,resource_insufficient,,,0.000000,1.000000,0,none,,7.479986,7.479986,completed,0,5,clear,24.000000
22,1112,3448156397,132,Day 6 04:07,none,,7.479986,7.479986,completed,0.000000,0.187257,0.133438,0.970000,0.091667,0.116667,0.513161,0.190000,0.219400,10,1,1,1,0,0,0,1,1,1,1,1,0,0,1,0,1,0.219717,0.208587,0.194942,0.000000,0.000000,0.000000,0.225387,0.000000,0.000000,0.000000,0.000000,0.000000,0.000000,0.000000,0.000000,0.151367,idle,1,10,7457,,none,,,0.000000,1.000000,0,none,,7.479986,7.479986,completed,0,5,clear,24.000000
22,1112,3448156397,133,Day 6 04:17,none,,7.479986,7.479986,completed,0.123333,0.191257,0.133438,0.916667,0.100000,0.123333,0.513161,0.180000,0.213400,10,1,1,1,0,0,0,1,1,1,1,1,0,0,1,0,1,0.201253,0.170742,0.173108,0.000000,0.000000,0.000000,0.183383,0.000000,0.145861,0.000000,0.000000,0.000000,0.000000,0.000000,0.000000,0.125652,use_phone,1,25,7482,phone,none,,,0.000000,1.000000,0,none,,7.479986,7.479986,completed,0,5,clear,24.000000
22,1112,3448156397,134,Day 6 04:42,none,,7.479986,7.479986,completed,0.000000,0.284886,0.133438,0.948333,0.120833,0.140000,0.513161,0.275000,0.298400,10,1,1,1,0,0,0,1,1,1,1,1,0,0,1,0,1,0.169790,0.188597,0.153498,0.000000,0.000000,0.000000,0.215718,0.000000,0.149175,0.000000,0.000000,0.000000,0.000000,0.000000,0.000000,0.123222,go_to_bathroom,1,15,7497,door,none,,,0.000000,1.000000,0,none,,7.479986,7.479986,completed,0,5,clear,24.000000
22,1112,3448156397,135,Day 6 04:57,none,,7.479986,7.479986,completed,0.005000,0.290886,0.133438,1.000000,0.133333,0.000000,0.513161,0.260000,0.289400,10,1,1,1,0,0,0,1,1,1,1,1,0,0,1,0,1,0.171746,0.186742,0.155160,0.000000,0.000000,0.000000,0.215163,0.000000,0.000000,0.147681,0.000000,0.000000,0.000000,0.000000,0.000000,0.123508,idle,1,10,7507,,none,,,0.000000,1.000000,0,none,,7.479986,7.479986,completed,0,5,clear,24.000000
22,1112,3448156397,136,Day 6 05:07,none,,7.479986,7.479986,completed,0.128333,0.294886,0.133438,0.946667,0.141667,0.006667,0.513161,0.250000,0.283400,10,1,1,1,0,0,0,1,1,1,1,1,0,0,1,0,1,0.185614,0.180361,0.162569,0.000000,0.000000,0.000000,0.206559,0.000000,0.000000,0.143927,0.000000,0.000000,0.000000,0.000000,0.000000,0.120971,get_meal,1,35,7542,door,none,,,0.000000,1.000000,0,none,,7.479986,7.479986,completed,0,5,clear,24.000000
22,1112,3448156397,137,Day 6 05:42,none,,7.479986,7.479986,completed,0.100000,0.308886,0.133438,1.000000,0.000000,0.030000,0.513161,0.215000,0.262400,10,1,1,1,0,0,0,1,1,1,1,1,0,0,1,0,1,0.216756,0.207059,0.191481,0.000000,0.000000,0.000000,0.242093,0.000000,0.000000,0.000000,0.000000,0.000000,0.000000,0.000000,0.000000,0.142610,use_computer,1,30,7572,computer,none,,,0.000000,1.000000,0,none,,7.479986,7.479986,completed,0,5,clear,24.000000
22,1112,3448156397,138,Day 6 06:12,none,,7.479986,7.479986,completed,0.000000,0.423941,0.133438,0.990000,0.025000,0.050000,0.513161,0.295000,0.244400,10,1,1,1,0,0,0,1,1,1,1,1,0,0,1,0,1,0.142272,0.151832,0.131732,0.000000,0.000000,0.000000,0.218933,0.248650,0.000000,0.000000,0.000000,0.000000,0.000000,0.000000,0.000000,0.106581,rest_at_bed,1,60,7632,bed,none,,,0.000000,1.000000,0,none,,7.479986,7.479986,completed,0,5,clear,24.000000
22,1112,3448156397,139,Day 6 07:12,none,,7.479986,7.479986,completed,0.060000,0.171125,0.133438,1.000000,0.075000,0.090000,0.513161,0.095000,0.208400,10,1,1,1,0,0,0,1,1,1,1,1,0,0,1,0,1,0.237555,0.202780,0.206463,0.000000,0.000000,0.000000,0.203442,0.000000,0.000000,0.000000,0.000000,0.000000,0.000000,0.000000,0.000000,0.149760,use_phone,1,25,7657,phone,none,,,0.000000,1.000000,0,none,,7.479986,7.479986,completed,0,5,clear,24.000000
22,1112,3448156397,140,Day 6 07:37,none,,7.479986,7.479986,completed,0.000000,0.264754,0.133438,1.000000,0.095833,0.106667,0.513161,0.190000,0.293400,10,1,1,1,0,0,0,1,1,1,1,1,0,0,1,0,1,0.208977,0.221758,0.187841,0.000000,0.000000,0.000000,0.235571,0.000000,0.000000,0.000000,0.000000,0.000000,0.000000,0.000000,0.000000,0.145853,use_phone,1,25,7682,phone,none,,,0.000000,1.000000,0,none,,7.479986,7.479986,completed,0,5,clear,24.000000
22,1112,3448156397,141,Day 6 08:02,none,,7.479986,7.479986,completed,0.000000,0.358382,0.133438,1.000000,0.116667,0.123333,0.513161,0.285000,0.378400,10,1,1,1,0,0,0,1,1,1,1,1,0,0,1,0,1,0.161662,0.203042,0.148006,0.000000,0.000000,0.000000,0.227138,0.000000,0.140873,0.000000,0.000000,0.000000,0.000000,0.000000,0.000000,0.119280,shop_on_phone,0,0,7682,phone,resource_insufficient,,,0.000000,1.000000,0,none,,7.479986,7.479986,completed,0,5,clear,24.000000
22,1112,3448156397,142,Day 6 08:02,none,,7.479986,7.479986,completed,0.000000,0.358382,0.133438,0.970000,0.116667,0.123333,0.543161,0.285000,0.378400,10,1,1,1,0,0,0,1,1,1,1,1,0,0,1,0,1,0.161816,0.203235,0.148147,0.000000,0.000000,0.000000,0.226402,0.000000,0.141007,0.000000,0.000000,0.000000,0.000000,0.000000,0.000000,0.119393,rest_at_bed,1,60,7742,bed,none,alarm-rings,,0.000000,1.000000,0,none,,7.479986,7.479986,completed,0,5,clear,24.000000
22,1112,3448156397,143,Day 6 09:02,none,,7.479986,7.479986,completed,0.090000,0.105566,0.133438,1.000000,0.166667,0.163333,0.597356,0.085000,0.342400,11,1,1,1,0,0,0,1,1,1,1,1,0,1,1,0,1,0.142812,0.139990,0.121793,0.000000,0.000000,0.000000,0.107391,0.000000,0.107241,0.107532,0.000000,0.000000,0.186592,0.000000,0.000000,0.086650,turn_off_alarm,1,1,7743,alarm,none,,,0.000000,1.000000,0,none,,7.479986,7.479986,completed,0,5,clear,24.000000
22,1112,3448156397,144,Day 6 09:03,none,,7.479986,7.479986,completed,0.090333,0.105966,0.133438,1.000000,0.167500,0.164000,0.577356,0.084000,0.341800,10,1,1,1,0,0,0,1,1,1,1,1,0,0,1,0,1,0.175563,0.171850,0.149718,0.000000,0.000000,0.000000,0.132265,0.000000,0.131879,0.132269,0.000000,0.000000,0.000000,0.000000,0.000000,0.106457,go_to_bathroom,1,15,7758,door,none,,,0.000000,1.000000,0,none,,7.479986,7.479986,completed,0,5,clear,24.000000
22,1112,3448156397,145,Day 6 09:18,none,,7.479986,7.479986,completed,0.095333,0.111966,0.133438,1.000000,0.180000,0.000000,0.577356,0.069000,0.332800,10,1,1,1,0,0,0,1,1,1,1,1,0,0,1,0,1,0.203500,0.194990,0.173423,0.000000,0.000000,0.000000,0.151176,0.000000,0.000000,0.154635,0.000000,0.000000,0.000000,0.000000,0.000000,0.122275,shop_on_phone,0,0,7758,phone,resource_insufficient,,,0.000000,1.000000,0,none,,7.479986,7.479986,completed,0,5,clear,24.000000
22,1112,3448156397,146,Day 6 09:18,none,,7.479986,7.479986,completed,0.095333,0.111966,0.133438,0.970000,0.180000,0.000000,0.607356,0.069000,0.332800,10,1,1,1,0,0,0,1,1,1,1,1,0,0,1,0,1,0.203629,0.195114,0.173533,0.000000,0.000000,0.000000,0.150639,0.000000,0.000000,0.154733,0.000000,0.000000,0.000000,0.000000,0.000000,0.122353,rest_at_bed,1,60,7818,bed,none,,,0.000000,1.000000,0,none,,7.479986,7.479986,completed,0,5,clear,24.000000
22,1112,3448156397,147,Day 6 10:18,none,,7.479986,7.479986,completed,0.155333,0.000000,0.133438,1.000000,0.230000,0.040000,0.607356,0.000000,0.296800,10,1,1,1,0,0,0,1,1,1,1,1,0,0,1,0,1,0.254031,0.210618,0.208830,0.000000,0.000000,0.000000,0.000000,0.000000,0.000000,0.187566,0.000000,0.000000,0.000000,0.000000,0.000000,0.138955,use_phone,1,25,7843,phone,none,,,0.000000,1.000000,0,none,,7.479986,7.479986,completed,0,5,clear,24.000000
22,1112,3448156397,148,Day 6 10:43,none,,7.479986,7.479986,completed,0.000000,0.093629,0.133438,1.000000,0.250833,0.056667,0.607356,0.095000,0.381800,10,1,1,1,0,0,0,1,1,1,1,1,0,0,1,0,1,0.186002,0.207266,0.162024,0.000000,0.000000,0.000000,0.151079,0.000000,0.000000,0.172417,0.000000,0.000000,0.000000,0.000000,0.000000,0.121212,use_computer,1,30,7873,computer,none,,,0.000000,1.000000,0,none,,7.479986,7.479986,completed,0,5,clear,24.000000
22,1112,3448156397,149,Day 6 11:13,none,,7.479986,7.479986,completed,0.000000,0.208684,0.133438,0.990000,0.275833,0.076667,0.607356,0.175000,0.363800,10,1,1,1,0,0,0,1,1,1,1,1,0,0,1,0,1,0.173613,0.199145,0.154526,0.000000,0.000000,0.000000,0.177402,0.000000,0.000000,0.176031,0.000000,0.000000,0.000000,0.000000,0.000000,0.119283,shop_on_phone,0,0,7873,phone,resource_insufficient,,,0.000000,1.000000,0,none,,7.479986,7.479986,completed,0,5,clear,24.000000
22,1112,3448156397,150,Day 6 11:13,none,,7.479986,7.479986,completed,0.000000,0.208684,0.133438,0.960000,0.275833,0.076667,0.637356,0.175000,0.363800,10,1,1,1,0,0,0,1,1,1,1,1,0,0,1,0,1,0.173742,0.199293,0.154641,0.000000,0.000000,0.000000,0.176790,0.000000,0.000000,0.176162,0.000000,0.000000,0.000000,0.000000,0.000000,0.119371,get_meal,1,35,7908,door,none,,,0.000000,1.000000,0,none,,7.479986,7.479986,completed,0,5,clear,24.000000
22,1112,3448156397,151,Day 6 11:48,none,,7.479986,7.479986,completed,0.000000,0.222684,0.133438,1.000000,0.000000,0.100000,0.637356,0.140000,0.342800,10,1,1,1,0,0,0,1,1,1,1,1,0,0,1,0,1,0.214269,0.236087,0.190975,0.000000,0.000000,0.000000,0.213257,0.000000,0.000000,0.000000,0.000000,0.000000,0.000000,0.000000,0.000000,0.145411,use_computer,1,30,7938,computer,none,weather-clear|room-temperature-shift,,0.000000,1.000000,0,none,,7.479986,7.479986,completed,0,5,clear,17.000000
22,1112,3448156397,152,Day 6 12:18,none,,7.479986,7.479986,completed,0.000000,0.377740,0.133438,0.930000,0.025000,0.120000,0.637356,0.220000,0.324800,10,1,1,1,0,0,0,1,1,1,1,1,0,0,1,0,1,0.196327,0.224175,0.180000,0.000000,0.000000,0.000000,0.258081,0.000000,0.000000,0.000000,0.000000,0.000000,0.000000,0.000000,0.000000,0.141417,use_computer,1,30,7968,computer,none,message-study-group,,0.000000,1.000000,0,none,,7.479986,7.479986,completed,0,6,clear,17.000000
22,1112,3448156397,153,Day 6 12:48,none,,7.479986,7.479986,completed,0.000000,0.492795,0.133438,0.920000,0.050000,0.140000,0.637356,0.300000,0.306800,10,1,1,1,0,0,0,1,1,1,1,1,0,0,1,0,1,0.118696,0.139516,0.111196,0.000000,0.000000,0.000000,0.196293,0.235028,0.109128,0.000000,0.000000,0.000000,0.000000,0.000000,0.000000,0.090142,go_to_bathroom,1,15,7983,door,none,,,0.000000,1.000000,0,none,,7.479986,7.479986,completed,0,6,clear,17.000000
22,1112,3448156397,154,Day 6 13:03,none,,7.479986,7.479986,completed,0.005000,0.498795,0.133438,1.000000,0.062500,0.000000,0.637356,0.285000,0.297800,10,1,1,1,0,0,0,1,1,1,1,1,0,0,1,0,1,0.134674,0.154954,0.126078,0.000000,0.000000,0.000000,0.219613,0.263335,0.000000,0.000000,0.000000,0.000000,0.000000,0.000000,0.000000,0.101346,idle,1,10,7993,,none,,,0.000000,1.000000,0,none,,7.479986,7.479986,completed,0,6,clear,17.000000
22,1112,3448156397,155,Day 6 13:13,none,,7.479986,7.479986,completed,0.128333,0.502795,0.133438,0.946667,0.070833,0.006667,0.637356,0.275000,0.291800,10,1,1,1,0,0,0,1,1,1,1,1,0,0,1,0,1,0.146952,0.151101,0.133371,0.000000,0.000000,0.000000,0.212863,0.255492,0.000000,0.000000,0.000000,0.000000,0.000000,0.000000,0.000000,0.100221,sleep_at_bed,1,480,8473,bed,none,evening,,0.000000,1.000000,0,none,,7.479986,7.479986,completed,0,6,clear,17.000000
22,1112,3448156397,156,Day 6 21:13,none,,7.479986,7.479986,completed,0.208333,0.171401,0.133438,0.866667,0.470833,0.326667,0.637356,0.000000,0.003800,10,1,1,1,0,0,0,1,1,1,1,1,0,0,1,0,1,0.203773,0.000000,0.170094,0.000000,0.000000,0.000000,0.134796,0.000000,0.170871,0.210334,0.000000,0.000000,0.000000,0.000000,0.000000,0.110134,get_meal,1,35,8508,door,none,,,0.000000,1.000000,0,none,,7.479986,7.479986,completed,0,6,clear,17.000000
22,1112,3448156397,157,Day 6 21:48,none,,7.479986,7.479986,completed,0.180000,0.185401,0.133438,0.997333,0.000000,0.350000,0.637356,0.000000,0.000000,10,1,1,1,0,0,0,1,1,1,1,1,0,0,1,0,1,0.251275,0.000000,0.211760,0.000000,0.000000,0.000000,0.173487,0.000000,0.224351,0.000000,0.000000,0.000000,0.000000,0.000000,0.000000,0.139127,use_phone,1,25,8533,phone,none,,,0.000000,1.000000,0,none,,7.479986,7.479986,completed,0,6,clear,17.000000
22,1112,3448156397,158,Day 6 22:13,none,,7.479986,7.479986,completed,0.000000,0.279030,0.133438,1.000000,0.020833,0.366667,0.637356,0.095000,0.085000,10,1,1,1,0,0,0,1,1,1,1,1,0,0,1,0,1,0.211683,0.000000,0.190223,0.000000,0.000000,0.000000,0.214555,0.000000,0.241231,0.000000,0.000000,0.000000,0.000000,0.000000,0.000000,0.142308,use_phone,1,25,8558,phone,none,,,0.000000,1.000000,0,none,,7.479986,7.479986,completed,0,6,clear,17.000000
22,1112,3448156397,159,Day 6 22:38,none,,7.479986,7.479986,completed,0.000000,0.372658,0.133438,1.000000,0.041667,0.383333,0.637356,0.190000,0.170000,10,1,1,1,0,0,0,1,1,1,1,1,0,0,1,0,1,0.165526,0.151808,0.151504,0.000000,0.000000,0.000000,0.209111,0.000000,0.204411,0.000000,0.000000,0.000000,0.000000,0.000000,0.000000,0.117639,go_to_bathroom,1,15,8573,door,none,,,0.000000,1.000000,0,none,,7.479986,7.479986,completed,0,6,clear,17.000000
22,1112,3448156397,160,Day 6 22:53,none,,7.479986,7.479986,completed,0.005000,0.378658,0.133438,1.000000,0.054167,0.000000,0.637356,0.175000,0.161000,10,1,1,1,0,0,0,1,1,1,1,1,0,0,1,0,1,0.209980,0.188511,0.192060,0.000000,0.000000,0.000000,0.261574,0.000000,0.000000,0.000000,0.000000,0.000000,0.000000,0.000000,0.000000,0.147875,use_phone,1,25,8598,phone,none,,,0.000000,1.000000,0,none,,7.479986,7.479986,completed,0,6,clear,17.000000
22,1112,3448156397,161,Day 6 23:18,none,,7.479986,7.479986,completed,0.000000,0.472287,0.133438,1.000000,0.075000,0.016667,0.637356,0.270000,0.246000,10,1,1,1,0,0,0,1,1,1,1,1,0,0,1,0,1,0.139876,0.149237,0.130478,0.000000,0.000000,0.000000,0.218168,0.257704,0.000000,0.000000,0.000000,0.000000,0.000000,0.000000,0.000000,0.104537,sleep_at_bed,1,480,9078,bed,none,,,0.000000,1.000000,0,none,,7.479986,7.479986,completed,0,6,clear,17.000000
22,1112,3448156397,162,Day 7 07:18,none,,7.479986,7.479986,completed,0.080000,0.140893,0.133438,0.920000,0.475000,0.336667,0.637356,0.000000,0.000000,10,1,1,1,0,0,0,1,1,1,1,1,0,0,1,0,1,0.189376,0.000000,0.162493,0.000000,0.000000,0.000000,0.135646,0.000000,0.180198,0.219890,0.000000,0.000000,0.000000,0.000000,0.000000,0.112397,idle,1,10,9088,,none,,,0.000000,1.000000,0,none,,7.479986,7.479986,completed,0,6,clear,17.000000
22,1112,3448156397,163,Day 7 07:28,none,,7.479986,7.479986,completed,0.203333,0.144893,0.133438,0.866667,0.483333,0.343333,0.637356,0.000000,0.000000,10,1,1,1,0,0,0,1,1,1,1,1,0,0,1,0,1,0.202974,0.000000,0.168890,0.000000,0.000000,0.000000,0.130598,0.000000,0.174483,0.213420,0.000000,0.000000,0.000000,0.000000,0.000000,0.109636,get_meal,1,35,9123,door,none,,,0.000000,1.000000,0,none,,7.479986,7.479986,completed,0,6,clear,17.000000
22,1112,3448156397,164,Day 7 08:03,none,,7.479986,7.479986,completed,0.175000,0.158893,0.133438,0.997333,0.000000,0.366667,0.637356,0.000000,0.000000,10,1,1,1,0,0,0,1,1,1,1,1,0,0,1,0,1,0.251238,0.000000,0.211058,0.000000,0.000000,0.000000,0.168720,0.000000,0.229962,0.000000,0.000000,0.000000,0.000000,0.000000,0.000000,0.139022,use_computer,1,30,9153,computer,none,,,0.000000,1.000000,0,none,,7.479986,7.479986,completed,0,6,clear,17.000000
22,1112,3448156397,165,Day 7 08:33,none,,7.479986,7.479986,completed,0.025000,0.273948,0.133438,0.987333,0.025000,0.386667,0.637356,0.080000,0.000000,10,1,1,1,0,0,0,1,1,1,1,1,0,0,1,0,1,0.214858,0.000000,0.191608,0.000000,0.000000,0.000000,0.208045,0.000000,0.244806,0.000000,0.000000,0.000000,0.000000,0.000000,0.000000,0.140682,idle,1,10,9163,,none,,,0.000000,1.000000,0,none,,7.479986,7.479986,completed,0,6,clear,17.000000
22,1112,3448156397,166,Day 7 08:43,none,,7.479986,7.479986,completed,0.148333,0.277948,0.133438,0.933999,0.033333,0.393333,0.637356,0.070000,0.000000,10,1,1,1,0,0,0,1,1,1,1,1,0,0,1,0,1,0.230250,0.000000,0.199064,0.000000,0.000000,0.000000,0.198042,0.000000,0.236014,0.000000,0.000000,0.000000,0.000000,0.000000,0.000000,0.136630,idle,1,10,9173,,none,,,0.000000,1.000000,0,none,,7.479986,7.479986,completed,0,6,clear,17.000000
22,1112,3448156397,167,Day 7 08:53,none,,7.479986,7.479986,completed,0.271667,0.281948,0.133438,0.880666,0.041667,0.400000,0.637356,0.060000,0.000000,10,1,1,1,0,0,0,1,1,1,1,1,0,0,1,0,1,0.246176,0.000000,0.206336,0.000000,0.000000,0.000000,0.188086,0.000000,0.227013,0.000000,0.000000,0.000000,0.000000,0.000000,0.000000,0.132389,use_phone,1,25,9198,phone,none,alarm-rings,,0.000000,1.000000,0,none,,7.479986,7.479986,completed,0,6,clear,17.000000
22,1112,3448156397,168,Day 7 09:18,none,,7.479986,7.479986,completed,0.090000,0.375577,0.133438,0.912333,0.062500,0.416667,0.691551,0.155000,0.085000,11,1,1,1,0,0,0,1,1,1,1,1,0,1,1,0,1,0.158816,0.000000,0.142000,0.000000,0.000000,0.000000,0.177054,0.000000,0.187209,0.000000,0.000000,0.000000,0.231086,0.000000,0.000000,0.103835,rest_at_bed,1,60,9258,bed,none,,,0.000000,1.000000,0,none,,7.479986,7.479986,completed,0,6,clear,17.000000
22,1112,3448156397,169,Day 7 10:18,none,,7.479986,7.479986,completed,0.150000,0.122761,0.133438,0.942333,0.112500,0.456667,0.691551,0.000000,0.049000,11,1,1,1,0,0,0,1,1,1,1,1,0,1,1,0,1,0.186753,0.000000,0.156933,0.000000,0.000000,0.000000,0.121852,0.000000,0.198666,0.000000,0.000000,0.000000,0.231086,0.000000,0.000000,0.104710,turn_off_alarm,1,1,9259,alarm,none,,,0.000000,1.000000,0,none,,7.479986,7.479986,completed,0,6,clear,17.000000
22,1112,3448156397,170,Day 7 10:19,none,,7.479986,7.479986,completed,0.150333,0.123161,0.133438,0.971999,0.113333,0.457333,0.671551,0.000000,0.048400,10,1,1,1,0,0,0,1,1,1,1,1,0,0,1,0,1,0.242724,0.000000,0.203963,0.000000,0.000000,0.000000,0.158845,0.000000,0.258403,0.000000,0.000000,0.000000,0.000000,0.000000,0.000000,0.136066,idle,1,10,9269,,none,,,0.000000,1.000000,0,none,,7.479986,7.479986,completed,0,6,clear,17.000000
22,1112,3448156397,171,Day 7 10:29,none,,7.479986,7.479986,completed,0.273667,0.127161,0.133438,0.918666,0.121667,0.464000,0.671551,0.000000,0.042400,10,1,1,1,0,0,0,1,1,1,1,1,0,0,1,0,1,0.258085,0.000000,0.210309,0.000000,0.000000,0.000000,0.151717,0.000000,0.248220,0.000000,0.000000,0.000000,0.000000,0.000000,0.000000,0.131669,rest_at_bed,1,60,9329,bed,none,,,0.000000,1.000000,0,none,,7.479986,7.479986,completed,0,6,clear,17.000000
22,1112,3448156397,172,Day 7 11:29,none,,7.479986,7.479986,completed,0.333667,0.000000,0.133438,0.948666,0.171667,0.504000,0.671551,0.000000,0.006400,10,1,1,1,0,0,0,1,1,1,1,1,0,0,1,0,1,0.264223,0.000000,0.207568,0.000000,0.000000,0.000000,0.000000,0.000000,0.249966,0.152242,0.000000,0.000000,0.000000,0.000000,0.000000,0.126000,use_phone,1,25,9354,phone,none,,,0.000000,1.000000,0,none,,7.479986,7.479986,completed,0,6,clear,17.000000
22,1112,3448156397,173,Day 7 11:54,none,,7.479986,7.479986,completed,0.122000,0.093629,0.133438,0.980333,0.192500,0.520667,0.671551,0.095000,0.091400,10,1,1,1,0,0,0,1,1,1,1,1,0,0,1,0,1,0.193711,0.000000,0.163579,0.000000,0.000000,0.000000,0.139561,0.000000,0.240734,0.147488,0.000000,0.000000,0.000000,0.000000,0.000000,0.114926,get_meal,1,35,9389,door,none,,,0.000000,1.000000,0,none,,7.479986,7.479986,completed,0,6,clear,17.000000
22,1112,3448156397,174,Day 7 12:29,none,,7.479986,7.479986,completed,0.093667,0.107629,0.133438,1.000000,0.000000,0.544000,0.671551,0.060000,0.070400,10,1,1,1,0,0,0,1,1,1,1,1,0,0,1,0,1,0.223330,0.000000,0.190216,0.000000,0.000000,0.000000,0.161486,0.000000,0.291211,0.000000,0.000000,0.000000,0.000000,0.000000,0.000000,0.133758,use_computer,1,30,9419,computer,none,,,0.000000,1.000000,0,none,,7.479986,7.479986,completed,0,6,clear,17.000000
22,1112,3448156397,175,Day 7 12:59,none,,7.479986,7.479986,completed,0.000000,0.222684,0.133438,0.990000,0.025000,0.564000,0.671551,0.140000,0.052400,10,1,1,1,0,0,0,1,1,1,1,1,0,0,1,0,1,0.195980,0.000000,0.174674,0.000000,0.000000,0.000000,0.194123,0.000000,0.302223,0.000000,0.000000,0.000000,0.000000,0.000000,0.000000,0.133000,rest_at_bed,1,60,9479,bed,none,,,0.000000,1.000000,0,none,,7.479986,7.479986,completed,0,6,clear,17.000000
22,1112,3448156397,176,Day 7 13:59,none,,7.479986,7.479986,completed,0.060000,0.000000,0.133438,1.000000,0.075000,0.604000,0.671551,0.000000,0.016400,10,1,1,1,0,0,0,1,1,1,1,1,0,0,1,0,1,0.260521,0.000000,0.219427,0.000000,0.000000,0.000000,0.000000,0.000000,0.366703,0.000000,0.000000,0.000000,0.000000,0.000000,0.000000,0.153350,use_phone,1,25,9504,phone,none,,,0.000000,1.000000,0,none,,7.479986,7.479986,completed,0,6,clear,17.000000
22,1112,3448156397,177,Day 7 14:24,none,,7.479986,7.479986,completed,0.000000,0.093629,0.133438,1.000000,0.095833,0.620667,0.671551,0.095000,0.101400,10,1,1,1,0,0,0,1,1,1,1,1,0,0,1,0,1,0.202487,0.000000,0.176384,0.000000,0.000000,0.000000,0.162998,0.000000,0.326176,0.000000,0.000000,0.000000,0.000000,0.000000,0.000000,0.131955,use_phone,1,25,9529,phone,none,,,0.000000,1.000000,0,none,,7.479986,7.479986,completed,0,6,clear,17.000000
22,1112,3448156397,178,Day 7 14:49,none,,7.479986,7.479986,completed,0.000000,0.187257,0.133438,1.000000,0.116667,0.637333,0.671551,0.190000,0.186400,10,1,1,1,0,0,0,1,1,1,1,1,0,0,1,0,1,0.160419,0.145758,0.142330,0.000000,0.000000,0.000000,0.160952,0.000000,0.280026,0.000000,0.000000,0.000000,0.000000,0.000000,0.000000,0.110515,idle,1,10,9539,,none,weather-clear,,0.000000,1.000000,0,none,,7.479986,7.479986,completed,0,6,clear,17.000000
22,1112,3448156397,179,Day 7 14:59,none,,7.479986,7.479986,completed,0.123333,0.191257,0.133438,0.946667,0.125000,0.644000,0.671551,0.180000,0.180400,10,1,1,1,0,0,0,1,1,1,1,1,0,0,1,0,1,0.154238,0.125240,0.132668,0.000000,0.000000,0.000000,0.137463,0.000000,0.242216,0.111875,0.000000,0.000000,0.000000,0.000000,0.000000,0.096299,use_phone,1,25,9564,phone,none,,,0.000000,1.000000,0,none,,7.479986,7.479986,completed,0,6,clear,17.000000
22,1112,3448156397,180,Day 7 15:24,none,,7.479986,7.479986,completed,0.000000,0.284886,0.133438,0.978333,0.145833,0.660667,0.671551,0.275000,0.265400,10,1,1,1,0,0,0,1,1,1,1,1,0,0,1,0,1,0.129470,0.137642,0.117047,0.000000,0.000000,0.000000,0.160888,0.000000,0.246475,0.114517,0.000000,0.000000,0.000000,0.000000,0.000000,0.093961,shop_on_phone,0,0,9564,phone,resource_insufficient,,,0.000000,1.000000,0,none,,7.479986,7.479986,completed,0,6,clear,17.000000
22,1112,3448156397,181,Day 7 15:24,none,,7.479986,7.479986,completed,0.000000,0.284886,0.133438,0.948333,0.145833,0.660667,0.701551,0.275000,0.265400,10,1,1,1,0,0,0,1,1,1,1,1,0,0,1,0,1,0.129558,0.137734,0.117126,0.000000,0.000000,0.000000,0.160322,0.000000,0.246641,0.114594,0.000000,0.000000,0.000000,0.000000,0.000000,0.094024,go_to_bathroom,1,15,9579,door,none,,,0.000000,1.000000,0,none,,7.479986,7.479986,completed,0,6,clear,17.000000
22,1112,3448156397,182,Day 7 15:39,none,,7.479986,7.479986,completed,0.005000,0.290886,0.133438,1.000000,0.158333,0.050667,0.701551,0.260000,0.256400,10,1,1,1,0,0,0,1,1,1,1,1,0,0,1,0,1,0.173143,0.180185,0.156423,0.000000,0.000000,0.000000,0.211273,0.000000,0.000000,0.154463,0.000000,0.000000,0.000000,0.000000,0.000000,0.124513,use_computer,1,30,9609,computer,none,room-temperature-shift,,0.000000,1.000000,0,none,,7.479986,7.479986,completed,0,6,clear,24.000000
22,1112,3448156397,183,Day 7 16:09,none,,7.479986,7.479986,completed,0.000000,0.405941,0.133438,0.990000,0.183333,0.070667,0.701551,0.340000,0.238400,10,1,1,1,0,0,0,1,1,1,1,1,0,0,1,0,1,0.123860,0.133230,0.114482,0.000000,0.000000,0.000000,0.191001,0.221740,0.000000,0.121415,0.000000,0.000000,0.000000,0.000000,0.000000,0.094272,shop_on_phone,0,0,9609,phone,resource_insufficient,,,0.000000,1.000000,0,none,,7.479986,7.479986,completed,0,6,clear,24.000000
22,1112,3448156397,184,Day 7 16:09,none,,7.479986,7.479986,completed,0.000000,0.405941,0.133438,0.960000,0.183333,0.070667,0.731551,0.340000,0.238400,10,1,1,1,0,0,0,1,1,1,1,1,0,0,1,0,1,0.123960,0.133336,0.114574,0.000000,0.000000,0.000000,0.190353,0.221917,0.000000,0.121512,0.000000,0.000000,0.000000,0.000000,0.000000,0.094347,use_computer,1,30,9639,computer,none,message-study-group,,0.000000,1.000000,0,none,,7.479986,7.479986,completed,0,7,clear,24.000000
22,1112,3448156397,185,Day 7 16:39,none,,7.479986,7.479986,completed,0.000000,0.520997,0.133438,0.950000,0.208333,0.090667,0.731551,0.420000,0.220400,10,1,1,1,0,0,0,1,1,1,1,1,0,0,1,0,1,0.107924,0.119499,0.101926,0.000000,0.000000,0.000000,0.208492,0.259838,0.000000,0.115719,0.000000,0.000000,0.000000,0.000000,0.000000,0.086603,sleep_at_bed,1,480,10119,bed,none,evening,,0.000000,1.000000,0,none,,7.479986,7.479986,completed,0,7,clear,24.000000
22,1112,3448156397,186,Day 8 00:39,none,,7.479986,7.479986,completed,0.080000,0.189603,0.133438,0.870000,0.608333,0.410667,0.731551,0.000000,0.000000,10,1,1,1,0,0,0,1,1,1,1,1,0,0,1,0,1,0.175169,0.000000,0.151536,0.000000,0.000000,0.000000,0.131390,0.000000,0.187568,0.249520,0.000000,0.000000,0.000000,0.000000,0.000000,0.104818,get_meal,1,35,10154,door,none,,,0.000000,1.000000,0,none,,7.479986,7.479986,completed,0,7,clear,24.000000
22,1112,3448156397,187,Day 8 01:14,none,,7.479986,7.479986,completed,0.051667,0.203603,0.133438,1.000000,0.087500,0.434000,0.731551,0.000000,0.000000,10,1,1,1,0,0,0,1,1,1,1,1,0,0,1,0,1,0.226787,0.000000,0.198075,0.000000,0.000000,0.000000,0.177546,0.000000,0.258570,0.000000,0.000000,0.000000,0.000000,0.000000,0.000000,0.139023,use_computer,1,30,10184,computer,none,,,0.000000,1.000000,0,none,,7.479986,7.479986,completed,0,7,clear,24.000000
22,1112,3448156397,188,Day 8 01:44,none,,7.479986,7.479986,completed,0.000000,0.318658,0.133438,0.990000,0.112500,0.454000,0.731551,0.080000,0.000000,10,1,1,1,0,0,0,1,1,1,1,1,0,0,1,0,1,0.203796,0.000000,0.184281,0.000000,0.000000,0.000000,0.210369,0.000000,0.264500,0.000000,0.000000,0.000000,0.000000,0.000000,0.000000,0.137055,go_to_bathroom,1,15,10199,door,none,,,0.000000,1.000000,0,none,,7.479986,7.479986,completed,0,7,clear,24.000000
22,1112,3448156397,189,Day 8 01:59,none,,7.479986,7.479986,completed,0.005000,0.324658,0.133438,1.000000,0.125000,0.000000,0.731551,0.065000,0.000000,10,1,1,1,0,0,0,1,1,1,1,1,0,0,1,0,1,0.228571,0.000000,0.206542,0.000000,0.000000,0.000000,0.232656,0.000000,0.000000,0.179911,0.000000,0.000000,0.000000,0.000000,0.000000,0.152319,rest_at_bed,1,60,10259,bed,none,,,0.000000,1.000000,0,none,,7.479986,7.479986,completed,0,7,clear,24.000000
22,1112,3448156397,190,Day 8 02:59,none,,7.479986,7.479986,completed,0.065000,0.071842,0.133438,1.000000,0.175000,0.040000,0.731551,0.000000,0.000000,10,1,1,1,0,0,0,1,1,1,1,1,0,0,1,0,1,0.313176,0.000000,0.266637,0.000000,0.000000,0.000000,0.000000,0.000000,0.000000,0.234322,0.000000,0.000000,0.000000,0.000000,0.000000,0.185865,use_phone,1,25,10284,phone,none,,,0.000000,1.000000,0,none,,7.479986,7.479986,completed,0,7,clear,24.000000
22,1112,3448156397,191,Day 8 03:24,none,,7.479986,7.479986,completed,0.000000,0.165471,0.133438,1.000000,0.195833,0.056667,0.731551,0.095000,0.085000,10,1,1,1,0,0,0,1,1,1,1,1,0,0,1,0,1,0.233772,0.000000,0.206106,0.000000,0.000000,0.000000,0.203659,0.000000,0.000000,0.202273,0.000000,0.000000,0.000000,0.000000,0.000000,0.154191,get_meal,1,35,10319,door,none,,,0.000000,1.000000,0,none,,7.479986,7.479986,completed,0,7,clear,24.000000
22,1112,3448156397,192,Day 8 03:59,none,,7.479986,7.479986,completed,0.000000,0.179471,0.133438,1.000000,0.000000,0.080000,0.731551,0.060000,0.064000,10,1,1,1,0,0,0,1,1,1,1,1,0,0,1,0,1,0.295292,0.000000,0.260703,0.000000,0.000000,0.000000,0.251624,0.000000,0.000000,0.000000,0.000000,0.000000,0.000000,0.000000,0.000000,0.192380,use_computer,1,30,10349,computer,none,,,0.000000,1.000000,0,none,,7.479986,7.479986,completed,0,7,clear,24.000000
22,1112,3448156397,193,Day 8 04:29,none,,7.479986,7.479986,completed,0.000000,0.294526,0.133438,0.990000,0.025000,0.100000,0.731551,0.140000,0.046000,10,1,1,1,0,0,0,1,1,1,1,1,0,0,1,0,1,0.273152,0.000000,0.246410,0.000000,0.000000,0.000000,0.292817,0.000000,0.000000,0.000000,0.000000,0.000000,0.000000,0.000000,0.000000,0.187620,rest_at_bed,1,60,10409,bed,none,,,0.000000,1.000000,0,none,,7.479986,7.479986,completed,0,7,clear,24.000000
22,1112,3448156397,194,Day 8 05:29,none,,7.479986,7.479986,completed,0.060000,0.041710,0.133438,1.000000,0.075000,0.140000,0.731551,0.000000,0.010000,10,1,1,1,0,0,0,1,1,1,1,1,0,0,1,0,1,0.317202,0.000000,0.269045,0.000000,0.000000,0.000000,0.000000,0.000000,0.225727,0.000000,0.000000,0.000000,0.000000,0.000000,0.000000,0.188026,use_phone,1,25,10434,phone,none,,,0.000000,1.000000,0,none,,7.479986,7.479986,completed,0,7,clear,24.000000
22,1112,3448156397,195,Day 8 05:54,none,,7.479986,7.479986,completed,0.000000,0.135339,0.133438,1.000000,0.095833,0.156667,0.731551,0.095000,0.095000,10,1,1,1,0,0,0,1,1,1,1,1,0,0,1,0,1,0.238797,0.000000,0.209474,0.000000,0.000000,0.000000,0.200546,0.000000,0.194472,0.000000,0.000000,0.000000,0.000000,0.000000,0.000000,0.156710,idle,1,10,10444,,none,,,0.000000,1.000000,0,none,,7.479986,7.479986,completed,0,7,clear,24.000000
22,1112,3448156397,196,Day 8 06:04,none,,7.479986,7.479986,completed,0.123333,0.139339,0.133438,0.946667,0.104167,0.163333,0.731551,0.085000,0.089000,10,1,1,1,0,0,0,1,1,1,1,1,0,0,1,0,1,0.254854,0.000000,0.216734,0.000000,0.000000,0.000000,0.190121,0.000000,0.186718,0.000000,0.000000,0.000000,0.000000,0.000000,0.000000,0.151573,go_to_bathroom,1,15,10459,door,none,,,0.000000,1.000000,0,none,,7.479986,7.479986,completed,0,7,clear,24.000000
22,1112,3448156397,197,Day 8 06:19,none,,7.479986,7.479986,completed,0.128333,0.145339,0.133438,1.000000,0.116667,0.000000,0.731551,0.070000,0.080000,10,1,1,1,0,0,0,1,1,1,1,1,0,0,1,0,1,0.314982,0.000000,0.267685,0.000000,0.000000,0.000000,0.231702,0.000000,0.000000,0.000000,0.000000,0.000000,0.000000,0.000000,0.000000,0.185630,use_phone,1,25,10484,phone,none,,,0.000000,1.000000,0,none,,7.479986,7.479986,completed,0,7,clear,24.000000
22,1112,3448156397,198,Day 8 06:44,none,,7.479986,7.479986,completed,0.000000,0.238967,0.133438,1.000000,0.137500,0.016667,0.731551,0.165000,0.165000,10,1,1,1,0,0,0,1,1,1,1,1,0,0,1,0,1,0.187907,0.165646,0.168054,0.000000,0.000000,0.000000,0.193606,0.000000,0.000000,0.155568,0.000000,0.000000,0.000000,0.000000,0.000000,0.129218,rest_at_bed,1,60,10544,bed,none,alarm-rings,,0.000000,1.000000,0,none,,7.479986,7.479986,completed,0,7,clear,24.000000
22,1112,3448156397,199,Day 8 07:44,none,,7.479986,7.479986,completed,0.090000,0.000000,0.133438,1.000000,0.187500,0.056667,0.785746,0.000000,0.129000,11,1,1,1,0,0,0,1,1,1,1,1,0,1,1,0,1,0.193427,0.135364,0.161677,0.000000,0.000000,0.000000,0.000000,0.000000,0.000000,0.142371,0.000000,0.000000,0.255901,0.000000,0.000000,0.111259,get_meal,1,35,10579,door,none,,,0.000000,1.000000,0,none,,7.479986,7.479986,completed,0,7,clear,24.000000
22,1112,3448156397,200,Day 8 08:19,none,,7.479986,7.479986,completed,0.061667,0.014000,0.133438,1.000000,0.000000,0.080000,0.785746,0.000000,0.108000,11,1,1,1,0,0,0,1,1,1,1,1,0,1,1,0,1,0.263585,0.000000,0.222435,0.000000,0.000000,0.000000,0.000000,0.000000,0.000000,0.000000,0.000000,0.000000,0.358661,0.000000,0.000000,0.155319,use_computer,1,30,10609,computer,none,,,0.000000,1.000000,0,none,,7.479986,7.479986,completed,0,7,clear,24.000000
22,1112,3448156397,201,Day 8 08:49,none,,7.479986,7.479986,completed,0.000000,0.129056,0.133438,0.990000,0.025000,0.100000,0.785746,0.080000,0.090000,11,1,1,1,0,0,0,1,1,1,1,1,0,1,1,0,1,0.205844,0.000000,0.180301,0.000000,0.000000,0.000000,0.167425,0.000000,0.000000,0.000000,0.000000,0.000000,0.312334,0.000000,0.000000,0.134096,turn_off_alarm,1,1,10610,alarm,none,,,0.000000,1.000000,0,none,,7.479986,7.479986,completed,0,7,clear,24.000000
22,1112,3448156397,202,Day 8 08:50,none,,7.479986,7.479986,completed,0.000333,0.129456,0.133438,1.000000,0.025833,0.100667,0.765746,0.079000,0.089400,10,1,1,1,0,0,0,1,1,1,1,1,0,0,1,0,1,0.299240,0.000000,0.262097,0.000000,0.000000,0.000000,0.243843,0.000000,0.000000,0.000000,0.000000,0.000000,0.000000,0.000000,0.000000,0.194820,use_computer,1,30,10640,computer,none,,,0.000000,1.000000,0,none,,7.479986,7.479986,completed,0,7,clear,24.000000
22,1112,3448156397,203,Day 8 09:20,none,,7.479986,7.479986,completed,0.000000,0.244511,0.133438,0.990000,0.050833,0.120667,0.765746,0.159000,0.071400,10,1,1,1,0,0,0,1,1,1,1,1,0,0,1,0,1,0.277234,0.000000,0.248133,0.000000,0.000000,0.000000,0.284289,0.000000,0.000000,0.000000,0.000000,0.000000,0.000000,0.000000,0.000000,0.190344,idle,1,10,10650,,none,,,0.000000,1.000000,0,none,,7.479986,7.479986,completed,0,7,clear,24.000000
22,1112,3448156397,204,Day 8 09:30,none,,7.479986,7.479986,completed,0.123333,0.248511,0.133438,0.936667,0.059167,0.127333,0.765746,0.149000,0.065400,10,1,1,1,0,0,0,1,1,1,1,1,0,0,1,0,1,0.242281,0.000000,0.210229,0.000000,0.000000,0.000000,0.220692,0.000000,0.176043,0.000000,0.000000,0.000000,0.000000,0.000000,0.000000,0.150755,idle,1,10,10660,,none,,,0.000000,1.000000,0,none,,7.479986,7.479986,completed,0,7,clear,24.000000
22,1112,3448156397,205,Day 8 09:40,none,,7.479986,7.479986,completed,0.246667,0.252511,0.133438,0.883333,0.067500,0.134000,0.765746,0.139000,0.059400,10,1,1,1,0,0,0,1,1,1,1,1,0,0,1,0,1,0.258536,0.000000,0.217484,0.000000,0.000000,0.000000,0.209189,0.000000,0.169000,0.000000,0.000000,0.000000,0.000000,0.000000,0.000000,0.145792,go_to_bathroom,1,15,10675,door,none,,,0.000000,1.000000,0,none,,7.479986,7.479986,completed,0,7,clear,24.000000
22,1112,3448156397,206,Day 8 09:55,none,,7.479986,7.479986,completed,0.251667,0.258511,0.133438,0.980666,0.080000,0.000000,0.765746,0.124000,0.050400,10,1,1,1,0,0,0,1,1,1,1,1,0,0,1,0,1,0.312766,0.000000,0.262922,0.000000,0.000000,0.000000,0.249543,0.000000,0.000000,0.000000,0.000000,0.000000,0.000000,0.000000,0.000000,0.174769,use_phone,1,25,10700,phone,none,,,0.000000,1.000000,0,none,,7.479986,7.479986,completed,0,7,clear,24.000000
22,1112,3448156397,207,Day 8 10:20,none,,7.479986,7.479986,completed,0.040000,0.352140,0.133438,1.000000,0.100833,0.016667,0.765746,0.219000,0.135400,10,1,1,1,0,0,0,1,1,1,1,1,0,0,1,0,1,0.214617,0.183526,0.193935,0.000000,0.000000,0.000000,0.258720,0.000000,0.000000,0.000000,0.000000,0.000000,0.000000,0.000000,0.000000,0.149202,idle,1,10,10710,,none,,,0.000000,1.000000,0,none,,7.479986,7.479986,completed,0,7,clear,24.000000
22,1112,3448156397,208,Day 8 10:30,none,,7.479986,7.479986,completed,0.163333,0.356140,0.133438,0.946667,0.109167,0.023333,0.765746,0.209000,0.129400,10,1,1,1,0,0,0,1,1,1,1,1,0,0,1,0,1,0.230356,0.176038,0.201802,0.000000,0.000000,0.000000,0.246670,0.000000,0.000000,0.000000,0.000000,0.000000,0.000000,0.000000,0.000000,0.145134,use_phone,1,25,10735,phone,none,,,0.000000,1.000000,0,none,,7.479986,7.479986,completed,0,7,clear,24.000000
22,1112,3448156397,209,Day 8 10:55,none,,7.479986,7.479986,completed,0.000000,0.449768,0.133438,0.978333,0.130000,0.040000,0.765746,0.304000,0.214400,10,1,1,1,0,0,0,1,1,1,1,1,0,0,1,0,1,0.124776,0.128997,0.116063,0.000000,0.000000,0.000000,0.193197,0.230526,0.000000,0.112206,0.000000,0.000000,0.000000,0.000000,0.000000,0.094235,use_phone,1,25,10760,phone,none,,,0.000000,1.000000,0,none,,7.479986,7.479986,completed,0,7,clear,24.000000
22,1112,3448156397,210,Day 8 11:20,none,,7.479986,7.479986,completed,0.000000,0.543397,0.133438,1.000000,0.150833,0.056667,0.765746,0.399000,0.299400,10,1,1,1,0,0,0,1,1,1,1,1,0,0,1,0,1,0.107314,0.131311,0.101671,0.000000,0.000000,0.000000,0.207101,0.261728,0.000000,0.105195,0.000000,0.000000,0.000000,0.000000,0.000000,0.085680,sleep_at_bed,1,329,11089,bed,none,message-study-group|weather-rain|room-temperature-shift,,0.000000,1.000000,0,none,,7.479986,7.479986,completed,0,8,rain,17.000000
22,1112,3448156397,211,Day 8 16:49,none,,7.479986,7.479986,completed,0.029667,0.194579,0.133438,0.910333,0.425000,0.276000,0.765746,0.000000,0.102000,10,1,1,1,0,0,0,1,1,1,1,1,0,0,1,0,1,0.187136,0.000000,0.164113,0.000000,0.000000,0.000000,0.147126,0.000000,0.171887,0.213240,0.000000,0.000000,0.000000,0.000000,0.000000,0.116498,get_meal,1,35,11124,door,none,,,0.000000,1.000000,0,none,,7.479986,7.479986,completed,0,8,rain,17.000000
22,1112,3448156397,212,Day 8 17:24,none,,7.479986,7.479986,completed,0.001333,0.208579,0.133438,1.000000,0.000000,0.299333,0.765746,0.000000,0.081000,10,1,1,1,0,0,0,1,1,1,1,1,0,0,1,0,1,0.231388,0.000000,0.204871,0.000000,0.000000,0.000000,0.189873,0.000000,0.226300,0.000000,0.000000,0.000000,0.000000,0.000000,0.000000,0.147567,rest_at_bed,1,60,11184,bed,none,,,0.000000,1.000000,0,none,,7.479986,7.479986,completed,0,8,rain,17.000000
22,1112,3448156397,213,Day 8 18:24,none,,7.479986,7.479986,completed,0.061333,0.000000,0.133438,1.000000,0.050000,0.339333,0.765746,0.000000,0.045000,10,1,1,1,0,0,0,1,1,1,1,1,0,0,1,0,1,0.295950,0.000000,0.249183,0.000000,0.000000,0.000000,0.000000,0.000000,0.280842,0.000000,0.000000,0.000000,0.000000,0.000000,0.000000,0.174026,use_computer,1,30,11214,computer,none,evening,,0.000000,1.000000,0,none,,7.479986,7.479986,completed,0,8,rain,17.000000
22,1112,3448156397,214,Day 8 18:54,none,,7.479986,7.479986,completed,0.000000,0.115056,0.133438,0.990000,0.075000,0.359333,0.765746,0.080000,0.027000,10,1,1,1,0,0,0,1,1,1,1,1,0,0,1,0,1,0.226480,0.000000,0.197912,0.000000,0.000000,0.000000,0.181605,0.000000,0.246809,0.000000,0.000000,0.000000,0.000000,0.000000,0.000000,0.147193,use_computer,1,30,11244,computer,none,,,0.000000,1.000000,0,none,,7.479986,7.479986,completed,0,8,rain,17.000000
22,1112,3448156397,215,Day 8 19:24,none,,7.479986,7.479986,completed,0.000000,0.230111,0.133438,0.980000,0.100000,0.379333,0.765746,0.160000,0.009000,10,1,1,1,0,0,0,1,1,1,1,1,0,0,1,0,1,0.209624,0.000000,0.187172,0.000000,0.000000,0.000000,0.211461,0.000000,0.248106,0.000000,0.000000,0.000000,0.000000,0.000000,0.000000,0.143637,use_phone,1,25,11269,phone,none,,,0.000000,1.000000,0,none,,7.479986,7.479986,completed,0,8,rain,17.000000
22,1112,3448156397,216,Day 8 19:49,none,,7.479986,7.479986,completed,0.000000,0.323740,0.133438,1.000000,0.120833,0.396000,0.765746,0.255000,0.094000,10,1,1,1,0,0,0,1,1,1,1,1,0,0,1,0,1,0.193284,0.000000,0.175783,0.000000,0.000000,0.000000,0.243020,0.000000,0.247903,0.000000,0.000000,0.000000,0.000000,0.000000,0.000000,0.140010,rest_at_bed,1,60,11329,bed,none,,,0.000000,1.000000,0,none,,7.479986,7.479986,completed,0,8,rain,17.000000
22,1112,3448156397,217,Day 8 20:49,none,,7.479986,7.479986,completed,0.060000,0.070924,0.133438,1.000000,0.170833,0.436000,0.765746,0.055000,0.058000,10,1,1,1,0,0,0,1,1,1,1,1,0,0,1,0,1,0.229178,0.000000,0.195641,0.000000,0.000000,0.000000,0.000000,0.000000,0.260306,0.175172,0.000000,0.000000,0.000000,0.000000,0.000000,0.139704,use_computer,1,30,11359,computer,none,,,0.000000,1.000000,0,none,,7.479986,7.479986,completed,0,8,rain,17.000000
22,1112,3448156397,218,Day 8 21:19,none,,7.479986,7.479986,completed,0.000000,0.185979,0.133438,0.990000,0.195833,0.456000,0.765746,0.135000,0.040000,10,1,1,1,0,0,0,1,1,1,1,1,0,0,1,0,1,0.176239,0.000000,0.156093,0.000000,0.000000,0.000000,0.163839,0.000000,0.229601,0.155609,0.000000,0.000000,0.000000,0.000000,0.000000,0.118619,rest_at_bed,1,60,11419,bed,none,,,0.000000,1.000000,0,none,,7.479986,7.479986,completed,0,8,rain,17.000000
22,1112,3448156397,219,Day 8 22:19,none,,7.479986,7.479986,completed,0.060000,0.000000,0.133438,1.000000,0.245833,0.496000,0.765746,0.000000,0.004000,10,1,1,1,0,0,0,1,1,1,1,1,0,0,1,0,1,0.224513,0.000000,0.189099,0.000000,0.000000,0.000000,0.000000,0.000000,0.269189,0.185044,0.000000,0.000000,0.000000,0.000000,0.000000,0.132155,idle,1,10,11429,,none,,,0.000000,1.000000,0,none,,7.479986,7.479986,completed,0,8,rain,17.000000
22,1112,3448156397,220,Day 8 22:29,none,,7.479986,7.479986,completed,0.183333,0.004000,0.133438,0.946667,0.254167,0.502667,0.765746,0.000000,0.000000,10,1,1,1,0,0,0,1,1,1,1,1,0,0,1,0,1,0.239118,0.000000,0.195306,0.000000,0.000000,0.000000,0.000000,0.000000,0.259011,0.178469,0.000000,0.000000,0.000000,0.000000,0.000000,0.128096,use_phone,1,25,11454,phone,none,,,0.000000,1.000000,0,none,,7.479986,7.479986,completed,0,8,rain,17.000000
22,1112,3448156397,221,Day 8 22:54,none,,7.479986,7.479986,completed,0.000000,0.097629,0.133438,0.978333,0.275000,0.519333,0.765746,0.095000,0.085000,10,1,1,1,0,0,0,1,1,1,1,1,0,0,1,0,1,0.176367,0.000000,0.153734,0.000000,0.000000,0.000000,0.140798,0.000000,0.244572,0.169519,0.000000,0.000000,0.000000,0.000000,0.000000,0.115011,use_computer,1,30,11484,computer,none,,,0.000000,1.000000,0,none,,7.479986,7.479986,completed,0,8,rain,17.000000
22,1112,3448156397,222,Day 8 23:24,none,,7.479986,7.479986,completed,0.000000,0.212684,0.133438,0.968333,0.300000,0.539333,0.765746,0.175000,0.067000,10,1,1,1,0,0,0,1,1,1,1,1,0,0,1,0,1,0.162868,0.000000,0.145060,0.000000,0.000000,0.000000,0.163570,0.000000,0.245296,0.171231,0.000000,0.000000,0.000000,0.000000,0.000000,0.111976,get_meal,1,35,11519,door,none,,,0.000000,1.000000,0,none,,7.479986,7.479986,completed,0,8,rain,17.000000
22,1112,3448156397,223,Day 8 23:59,none,,7.479986,7.479986,completed,0.000000,0.226684,0.133438,1.000000,0.000000,0.562667,0.765746,0.140000,0.046000,10,1,1,1,0,0,0,1,1,1,1,1,0,0,1,0,1,0.196332,0.000000,0.175106,0.000000,0.000000,0.000000,0.192863,0.000000,0.302370,0.000000,0.000000,0.000000,0.000000,0.000000,0.000000,0.133328,rest_at_bed,1,60,11579,bed,none,,,0.000000,1.000000,0,none,,7.479986,7.479986,completed,0,8,rain,17.000000
22,1112,3448156397,224,Day 9 00:59,none,,7.479986,7.479986,completed,0.060000,0.000000,0.133438,1.000000,0.050000,0.602667,0.765746,0.000000,0.010000,10,1,1,1,0,0,0,1,1,1,1,1,0,0,1,0,1,0.260710,0.000000,0.219586,0.000000,0.000000,0.000000,0.000000,0.000000,0.366243,0.000000,0.000000,0.000000,0.000000,0.000000,0.000000,0.153461,use_computer,1,30,11609,computer,none,,,0.000000,1.000000,0,none,,7.479986,7.479986,completed,0,8,rain,17.000000
22,1112,3448156397,225,Day 9 01:29,none,,7.479986,7.479986,completed,0.000000,0.115056,0.133438,0.990000,0.075000,0.622667,0.765746,0.080000,0.000000,10,1,1,1,0,0,0,1,1,1,1,1,0,0,1,0,1,0.202555,0.000000,0.177005,0.000000,0.000000,0.000000,0.162421,0.000000,0.326375,0.000000,0.000000,0.000000,0.000000,0.000000,0.000000,0.131644,idle,1,10,11619,,none,,,0.000000,1.000000,0,none,,7.479986,7.479986,completed,0,8,rain,17.000000
22,1112,3448156397,226,Day 9 01:39,none,,7.479986,7.479986,completed,0.123333,0.119056,0.133438,0.936667,0.083333,0.629333,0.765746,0.070000,0.000000,10,1,1,1,0,0,0,1,1,1,1,1,0,0,1,0,1,0.217484,0.000000,0.184248,0.000000,0.000000,0.000000,0.154910,0.000000,0.315259,0.000000,0.000000,0.000000,0.000000,0.000000,0.000000,0.128099,use_phone,1,25,11644,phone,none,,,0.000000,1.000000,0,none,,7.479986,7.479986,completed,0,8,rain,17.000000
22,1112,3448156397,227,Day 9 02:04,none,,7.479986,7.479986,completed,0.000000,0.212684,0.133438,0.968333,0.104167,0.646000,0.765746,0.165000,0.085000,10,1,1,1,0,0,0,1,1,1,1,1,0,0,1,0,1,0.187778,0.000000,0.167200,0.000000,0.000000,0.000000,0.186489,0.000000,0.329971,0.000000,0.000000,0.000000,0.000000,0.000000,0.000000,0.128561,use_phone,1,25,11669,phone,none,,,0.000000,1.000000,0,none,,7.479986,7.479986,completed,0,8,rain,17.000000
22,1112,3448156397,228,Day 9 02:29,none,,7.479986,7.479986,completed,0.000000,0.306313,0.133438,1.000000,0.125000,0.662667,0.765746,0.260000,0.170000,10,1,1,1,0,0,0,1,1,1,1,1,0,0,1,0,1,0.132235,0.123509,0.119928,0.000000,0.000000,0.000000,0.163687,0.000000,0.251807,0.113126,0.000000,0.000000,0.000000,0.000000,0.000000,0.095709,use_phone,1,25,11694,phone,none,,,0.000000,1.000000,0,none,,7.479986,7.479986,completed,0,8,rain,17.000000
22,1112,3448156397,229,Day 9 02:54,none,,7.479986,7.479986,completed,0.000000,0.399941,0.133438,1.000000,0.145833,0.679333,0.765746,0.355000,0.255000,10,1,1,1,0,0,0,1,1,1,1,1,0,0,1,0,1,0.098640,0.109043,0.091118,0.000000,0.000000,0.000000,0.152186,0.178010,0.203545,0.091986,0.000000,0.000000,0.000000,0.000000,0.000000,0.075474,go_to_bathroom,1,15,11709,door,none,,,0.000000,1.000000,0,none,,7.479986,7.479986,completed,0,8,rain,17.000000
22,1112,3448156397,230,Day 9 03:09,none,,7.479986,7.479986,completed,0.005000,0.405941,0.133438,1.000000,0.158333,0.069333,0.765746,0.340000,0.246000,10,1,1,1,0,0,0,1,1,1,1,1,0,0,1,0,1,0.124884,0.135140,0.115281,0.000000,0.000000,0.000000,0.189992,0.222558,0.000000,0.117461,0.000000,0.000000,0.000000,0.000000,0.000000,0.094686,rest_at_bed,1,60,11769,bed,none,,,0.000000,1.000000,0,none,,7.479986,7.479986,completed,0,8,rain,17.000000
22,1112,3448156397,231,Day 9 04:09,none,,7.479986,7.479986,completed,0.065000,0.153125,0.133438,1.000000,0.208333,0.109333,0.765746,0.140000,0.210000,10,1,1,1,0,0,0,1,1,1,1,1,0,0,1,0,1,0.197567,0.171006,0.171188,0.000000,0.000000,0.000000,0.167273,0.000000,0.000000,0.166911,0.000000,0.000000,0.000000,0.000000,0.000000,0.126056,idle,1,10,11779,,none,,,0.000000,1.000000,0,none,,7.479986,7.479986,completed,0,8,rain,17.000000
22,1112,3448156397,232,Day 9 04:19,none,,7.479986,7.479986,completed,0.188333,0.157125,0.133438,0.946667,0.216667,0.116000,0.765746,0.130000,0.204000,10,1,1,1,0,0,0,1,1,1,1,1,0,0,1,0,1,0.212508,0.164379,0.178512,0.000000,0.000000,0.000000,0.159823,0.000000,0.000000,0.161897,0.000000,0.000000,0.000000,0.000000,0.000000,0.122881,idle,1,10,11789,,none,,,0.000000,1.000000,0,none,,7.479986,7.479986,completed,0,8,rain,17.000000
22,1112,3448156397,233,Day 9 04:29,none,,7.479986,7.479986,completed,0.311667,0.161125,0.133438,0.893333,0.225000,0.122667,0.765746,0.120000,0.198000,10,1,1,1,0,0,0,1,1,1,1,1,0,0,1,0,1,0.200938,0.138901,0.163639,0.000000,0.000000,0.000000,0.134239,0.000000,0.118939,0.138044,0.000000,0.000000,0.000000,0.000000,0.000000,0.105300,get_meal,1,35,11824,door,none,,,0.000000,1.000000,0,none,,7.479986,7.479986,completed,0,8,rain,17.000000
22,1112,3448156397,234,Day 9 05:04,none,,7.479986,7.479986,completed,0.283333,0.175125,0.133438,1.000000,0.000000,0.146000,0.765746,0.085000,0.177000,10,1,1,1,0,0,0,1,1,1,1,1,0,0,1,0,1,0.231398,0.157252,0.190070,0.000000,0.000000,0.000000,0.155150,0.000000,0.143715,0.000000,0.000000,0.000000,0.000000,0.000000,0.000000,0.122415,use_phone,1,25,11849,phone,none,,,0.000000,1.000000,0,none,,7.479986,7.479986,completed,0,8,rain,17.000000
22,1112,3448156397,235,Day 9 05:29,none,,7.479986,7.479986,completed,0.071667,0.268754,0.133438,1.000000,0.020833,0.162667,0.765746,0.180000,0.262000,10,1,1,1,0,0,0,1,1,1,1,1,0,0,1,0,1,0.187741,0.179563,0.165766,0.000000,0.000000,0.000000,0.190192,0.000000,0.153171,0.000000,0.000000,0.000000,0.000000,0.000000,0.000000,0.123566,rest_at_bed,1,60,11909,bed,none,,,0.000000,1.000000,0,none,,7.479986,7.479986,completed,0,8,rain,17.000000
22,1112,3448156397,236,Day 9 06:29,none,,7.479986,7.479986,completed,0.131667,0.015938,0.133438,1.000000,0.070833,0.202667,0.765746,0.000000,0.226000,10,1,1,1,0,0,0,1,1,1,1,1,0,0,1,0,1,0.257211,0.198431,0.213292,0.000000,0.000000,0.000000,0.000000,0.000000,0.187402,0.000000,0.000000,0.000000,0.000000,0.000000,0.000000,0.143663,use_phone,1,25,11934,phone,none,,,0.000000,1.000000,0,none,,7.479986,7.479986,completed,0,8,rain,17.000000
22,1112,3448156397,237,Day 9 06:54,none,,7.479986,7.479986,completed,0.000000,0.109566,0.133438,1.000000,0.091667,0.219333,0.765746,0.095000,0.311000,10,1,1,1,0,0,0,1,1,1,1,1,0,0,1,0,1,0.190702,0.193940,0.166563,0.000000,0.000000,0.000000,0.154470,0.000000,0.169717,0.000000,0.000000,0.000000,0.000000,0.000000,0.000000,0.124608,use_computer,1,30,11964,computer,none,,,0.000000,1.000000,0,none,,7.479986,7.479986,completed,0,8,rain,17.000000
22,1112,3448156397,238,Day 9 07:24,none,,7.479986,7.479986,completed,0.000000,0.224622,0.133438,0.990000,0.116667,0.239333,0.765746,0.175000,0.293000,10,1,1,1,0,0,0,1,1,1,1,1,0,0,1,0,1,0.178133,0.186480,0.158974,0.000000,0.000000,0.000000,0.181519,0.000000,0.172178,0.000000,0.000000,0.000000,0.000000,0.000000,0.000000,0.122716,go_to_bathroom,1,15,11979,door,none,,,0.000000,1.000000,0,none,,7.479986,7.479986,completed,0,8,rain,17.000000
22,1112,3448156397,239,Day 9 07:39,none,,7.479986,7.479986,completed,0.005000,0.230622,0.133438,1.000000,0.129167,0.000000,0.765746,0.160000,0.284000,10,1,1,1,0,0,0,1,1,1,1,1,0,0,1,0,1,0.184662,0.189234,0.164688,0.000000,0.000000,0.000000,0.185550,0.000000,0.000000,0.149808,0.000000,0.000000,0.000000,0.000000,0.000000,0.126057,use_phone,1,25,12004,phone,none,alarm-rings,,0.000000,1.000000,0,none,,7.479986,7.479986,completed,0,8,rain,17.000000
22,1112,3448156397,240,Day 9 08:04,none,,7.479986,7.479986,completed,0.000000,0.324250,0.133438,1.000000,0.150000,0.016667,0.819941,0.255000,0.369000,11,1,1,1,0,0,0,1,1,1,1,1,0,1,1,0,1,0.129930,0.158236,0.118176,0.000000,0.000000,0.000000,0.162231,0.000000,0.000000,0.115424,0.000000,0.000000,0.221876,0.000000,0.000000,0.094126,idle,1,10,12014,,none,,,0.000000,1.000000,0,none,,7.479986,7.479986,completed,0,8,rain,17.000000
22,1112,3448156397,241,Day 9 08:14,none,,7.479986,7.479986,completed,0.123333,0.328250,0.133438,0.946667,0.158333,0.023333,0.819941,0.245000,0.363000,11,1,1,1,0,0,0,1,1,1,1,1,0,1,1,0,1,0.141683,0.154202,0.124931,0.000000,0.000000,0.000000,0.157143,0.000000,0.000000,0.113501,0.000000,0.000000,0.215519,0.000000,0.000000,0.093021,get_meal,1,35,12049,door,none,,,0.000000,1.000000,0,none,,7.479986,7.479986,completed,0,8,rain,17.000000
22,1112,3448156397,242,Day 9 08:49,none,,7.479986,7.479986,completed,0.095000,0.342250,0.133438,1.000000,0.000000,0.046667,0.819941,0.210000,0.342000,11,1,1,1,0,0,0,1,1,1,1,1,0,1,1,0,1,0.159314,0.170457,0.141688,0.000000,0.000000,0.000000,0.177340,0.000000,0.000000,0.000000,0.000000,0.000000,0.245612,0.000000,0.000000,0.105590,idle,1,10,12059,,none,,,0.000000,1.000000,0,none,,7.479986,7.479986,completed,0,8,rain,17.000000
22,1112,3448156397,243,Day 9 08:59,none,,7.479986,7.479986,completed,0.218333,0.346250,0.133438,0.946667,0.008333,0.053333,0.819941,0.200000,0.336000,11,1,1,1,0,0,0,1,1,1,1,1,0,1,1,0,1,0.172977,0.165395,0.149142,0.000000,0.000000,0.000000,0.171038,0.000000,0.000000,0.000000,0.000000,0.000000,0.237548,0.000000,0.000000,0.103900,rest_at_bed,1,60,12119,bed,none,,,0.000000,1.000000,0,none,,7.479986,7.479986,completed,0,8,rain,17.000000
22,1112,3448156397,244,Day 9 09:59,none,,7.479986,7.479986,completed,0.278333,0.093434,0.133438,0.976667,0.058333,0.093333,0.819941,0.000000,0.300000,11,1,1,1,0,0,0,1,1,1,1,1,0,1,1,0,1,0.236652,0.180994,0.191526,0.000000,0.000000,0.000000,0.000000,0.000000,0.000000,0.000000,0.000000,0.000000,0.271206,0.000000,0.000000,0.119622,turn_off_alarm,1,1,12120,alarm,none,,,0.000000,1.000000,0,none,,7.479986,7.479986,completed,0,8,rain,17.000000
22,1112,3448156397,245,Day 9 10:00,none,,7.479986,7.479986,completed,0.278667,0.093834,0.133438,1.000000,0.059167,0.094000,0.799941,0.000000,0.299400,10,1,1,1,0,0,0,1,1,1,1,1,0,0,1,0,1,0.324810,0.248169,0.262869,0.000000,0.000000,0.000000,0.000000,0.000000,0.000000,0.000000,0.000000,0.000000,0.000000,0.000000,0.000000,0.164152,use_computer,1,30,12150,computer,none,,,0.000000,1.000000,0,none,,7.479986,7.479986,completed,0,8,rain,17.000000
22,1112,3448156397,246,Day 9 10:30,none,,7.479986,7.479986,completed,0.128667,0.208890,0.133438,0.990000,0.084167,0.114000,0.799941,0.080000,0.281400,10,1,1,1,0,0,0,1,1,1,1,1,0,0,1,0,1,0.241420,0.214675,0.207410,0.000000,0.000000,0.000000,0.192124,0.000000,0.000000,0.000000,0.000000,0.000000,0.000000,0.000000,0.000000,0.144371,rest_at_bed,1,60,12210,bed,none,,,0.000000,1.000000,0,none,,7.479986,7.479986,completed,0,8,rain,17.000000
22,1112,3448156397,247,Day 9 11:30,none,,7.479986,7.479986,completed,0.188667,0.000000,0.133438,1.000000,0.134167,0.154000,0.799941,0.000000,0.245400,10,1,1,1,0,0,0,1,1,1,1,1,0,0,1,0,1,0.229057,0.172600,0.186709,0.000000,0.000000,0.000000,0.000000,0.000000,0.147018,0.142494,0.000000,0.000000,0.000000,0.000000,0.000000,0.122122,use_computer,1,30,12240,computer,none,,,0.000000,1.000000,0,none,,7.479986,7.479986,completed,0,8,rain,17.000000
22,1112,3448156397,248,Day 9 12:00,none,,7.479986,7.479986,completed,0.038667,0.115056,0.133438,0.990000,0.159167,0.174000,0.799941,0.080000,0.227400,10,1,1,1,0,0,0,1,1,1,1,1,0,0,1,0,1,0.174750,0.153251,0.151211,0.000000,0.000000,0.000000,0.134639,0.000000,0.139619,0.136286,0.000000,0.000000,0.000000,0.000000,0.000000,0.110244,get_meal,1,35,12275,door,none,room-temperature-shift,,0.000000,1.000000,0,none,,7.479986,7.479986,completed,0,8,rain,17.000000
22,1112,3448156397,249,Day 9 12:35,none,,7.479986,7.479986,completed,0.010333,0.129056,0.133438,1.000000,0.000000,0.197333,0.799941,0.045000,0.206400,10,1,1,1,0,0,0,1,1,1,1,1,0,0,1,0,1,0.200669,0.173004,0.175135,0.000000,0.000000,0.000000,0.155170,0.000000,0.168223,0.000000,0.000000,0.000000,0.000000,0.000000,0.000000,0.127798,rest_at_bed,1,60,12335,bed,none,weather-rain,,0.000000,1.000000,0,none,,7.479986,7.479986,completed,0,8,rain,17.000000
22,1112,3448156397,250,Day 9 13:35,none,,7.479986,7.479986,completed,0.070333,0.000000,0.133438,1.000000,0.050000,0.237333,0.799941,0.000000,0.170400,10,1,1,1,0,0,0,1,1,1,1,1,0,0,1,0,1,0.250984,0.188587,0.210839,0.000000,0.000000,0.000000,0.000000,0.000000,0.203024,0.000000,0.000000,0.000000,0.000000,0.000000,0.000000,0.146566,use_phone,1,25,12360,phone,none,,,0.000000,1.000000,0,none,,7.479986,7.479986,completed,0,8,rain,17.000000
22,1112,3448156397,251,Day 9 14:00,none,,7.479986,7.479986,completed,0.000000,0.093629,0.133438,1.000000,0.070833,0.254000,0.799941,0.095000,0.255400,10,1,1,1,0,0,0,1,1,1,1,1,0,0,1,0,1,0.192682,0.181510,0.167843,0.000000,0.000000,0.000000,0.152345,0.000000,0.180055,0.000000,0.000000,0.000000,0.000000,0.000000,0.000000,0.125565,use_computer,1,30,12390,computer,none,,,0.000000,1.000000,0,none,,7.479986,7.479986,completed,0,8,rain,17.000000
22,1112,3448156397,252,Day 9 14:30,none,,7.479986,7.479986,completed,0.000000,0.208684,0.133438,0.990000,0.095833,0.274000,0.799941,0.175000,0.237400,10,1,1,1,0,0,0,1,1,1,1,1,0,0,1,0,1,0.179972,0.174520,0.160187,0.000000,0.000000,0.000000,0.179012,0.000000,0.182657,0.000000,0.000000,0.000000,0.000000,0.000000,0.000000,0.123652,go_to_bathroom,1,15,12405,door,none,,,0.000000,1.000000,0,none,,7.479986,7.479986,completed,0,8,rain,17.000000
22,1112,3448156397,253,Day 9 14:45,none,,7.479986,7.479986,completed,0.005000,0.214684,0.133438,1.000000,0.108333,0.000000,0.799941,0.160000,0.228400,10,1,1,1,0,0,0,1,1,1,1,1,0,0,1,0,1,0.222207,0.210926,0.197643,0.000000,0.000000,0.000000,0.217942,0.000000,0.000000,0.000000,0.000000,0.000000,0.000000,0.000000,0.000000,0.151282,shop_on_phone,0,0,12405,phone,resource_insufficient,,,0.000000,1.000000,0,none,,7.479986,7.479986,completed,0,8,rain,17.000000
22,1112,3448156397,254,Day 9 14:45,none,,7.479986,7.479986,completed,0.005000,0.214684,0.133438,0.970000,0.108333,0.000000,0.829941,0.160000,0.228400,10,1,1,1,0,0,0,1,1,1,1,1,0,0,1,0,1,0.222410,0.211118,0.197823,0.000000,0.000000,0.000000,0.217228,0.000000,0.000000,0.000000,0.000000,0.000000,0.000000,0.000000,0.000000,0.151420,rest_at_bed,1,60,12465,bed,none,,,0.000000,1.000000,0,none,,7.479986,7.479986,completed,0,8,rain,17.000000
22,1112,3448156397,255,Day 9 15:45,none,,7.479986,7.479986,completed,0.065000,0.000000,0.133438,1.000000,0.158333,0.040000,0.829941,0.000000,0.192400,10,1,1,1,0,0,0,1,1,1,1,1,0,0,1,0,1,0.254715,0.197931,0.214264,0.000000,0.000000,0.000000,0.000000,0.000000,0.000000,0.183733,0.000000,0.000000,0.000000,0.000000,0.000000,0.149357,idle,1,10,12475,,none,,,0.000000,1.000000,0,none,,7.479986,7.479986,completed,0,8,rain,17.000000
22,1112,3448156397,256,Day 9 15:55,none,,7.479986,7.479986,completed,0.188333,0.004000,0.133438,0.946667,0.166667,0.046667,0.829941,0.000000,0.186400,10,1,1,1,0,0,0,1,1,1,1,1,0,0,1,0,1,0.270274,0.188478,0.220472,0.000000,0.000000,0.000000,0.000000,0.000000,0.000000,0.176544,0.000000,0.000000,0.000000,0.000000,0.000000,0.144231,use_computer,1,30,12505,computer,none,,,0.000000,1.000000,0,none,,7.479986,7.479986,completed,0,8,rain,17.000000
