personality_index,scenario_seed,action_seed,step,decision_time,pre_commitment_status,pre_commitment_task_id,pre_task_effort,pre_task_effort_target,pre_task_status,pre_boredom,pre_fatigue,pre_task_pressure,pre_satisfaction,pre_hunger,pre_bathroom_urge,pre_anxiety,pre_screen_strain,pre_purchase_urge,known_action_count,known_use_phone,known_shop_on_phone,known_use_computer,known_study_at_computer,known_study_focused,known_study_halfhearted,known_rest_at_bed,known_sleep_at_bed,known_go_to_bathroom,known_get_meal,known_turn_light_on,known_turn_light_off,known_turn_off_alarm,known_open_curtain,known_close_curtain,known_idle,p_use_phone,p_shop_on_phone,p_use_computer,p_study_at_computer,p_study_focused,p_study_halfhearted,p_rest_at_bed,p_sleep_at_bed,p_go_to_bathroom,p_get_meal,p_turn_light_on,p_turn_light_off,p_turn_off_alarm,p_open_curtain,p_close_curtain,p_idle,chosen_action,accepted,elapsed_minutes,simulation_total_minutes,target_object_id,failure_reason,event_ids,outcome_task_id,outcome_task_effort_gained,outcome_task_settlement_variation,outcome_task_session_interrupted,post_commitment_status,post_commitment_task_id,post_task_effort,post_task_effort_target,post_task_status,post_wallet,post_unread_messages,post_weather,post_temperature_celsius
32,1123,3448253596,1,Day 1 08:00,none,,0.000000,8.072416,active,0.550000,0.150000,0.550000,0.450000,0.250000,0.150000,0.200000,0.050000,0.100000,13,1,1,1,1,1,1,1,1,1,1,0,1,0,0,1,1,0.140858,0.073791,0.110101,0.129735,0.138664,0.116657,0.073729,0.000000,0.072255,0.081553,0.000000,0.000000,0.000000,0.000000,0.000000,0.062656,rest_at_bed,1,60,540,bed,none,,,0.000000,1.000000,0,none,,0.000000,8.072416,active,120,0,clear,23.000000
32,1123,3448253596,2,Day 1 09:00,none,,0.000000,8.072416,active,0.610000,0.000000,0.605952,0.480000,0.300000,0.190000,0.248316,0.000000,0.064000,13,1,1,1,1,1,1,1,1,1,1,0,1,0,0,1,1,0.165391,0.000000,0.123839,0.160589,0.172383,0.138318,0.000000,0.000000,0.080758,0.092129,0.000000,0.000000,0.000000,0.000000,0.000000,0.066593,use_phone,1,25,565,phone,none,alarm-rings|message-study-group,,0.000000,1.000000,0,none,,0.000000,8.072416,active,120,1,clear,23.000000
32,1123,3448253596,3,Day 1 09:25,none,,0.000000,8.072416,active,0.428333,0.099410,0.781905,0.511667,0.320833,0.206667,0.408891,0.095000,0.149000,14,1,1,1,1,1,1,1,1,1,1,0,1,1,0,1,1,0.102381,0.064195,0.081999,0.166584,0.179634,0.114997,0.000000,0.000000,0.064202,0.073568,0.000000,0.000000,0.102771,0.000000,0.000000,0.049669,study_at_computer,1,35,600,computer,none,,coursework,0.885201,1.008294,0,active,coursework,0.885201,8.072416,active,120,1,clear,23.000000
32,1123,3448253596,4,Day 1 10:00,active,coursework,0.885201,8.072416,active,0.460000,0.227867,0.654352,0.580000,0.350000,0.230000,0.379806,0.140000,0.128000,14,1,1,1,1,1,1,1,1,1,1,0,1,1,0,1,1,0.093973,0.058120,0.076415,0.150718,0.164128,0.119066,0.063722,0.000000,0.061551,0.070971,0.000000,0.000000,0.094475,0.000000,0.000000,0.046862,get_meal,1,35,635,door,none,,,0.000000,1.000000,0,suspended,coursework,0.885201,8.072416,active,120,1,clear,23.000000
32,1123,3448253596,5,Day 1 10:35,suspended,coursework,0.885201,8.072416,active,0.431667,0.241867,0.654352,0.686683,0.000000,0.253333,0.389218,0.105000,0.107000,14,1,1,1,1,1,1,1,1,1,1,0,1,1,0,1,1,0.099995,0.060770,0.082032,0.162225,0.179386,0.126470,0.067967,0.000000,0.068533,0.000000,0.000000,0.000000,0.102269,0.000000,0.000000,0.050351,study_halfhearted,1,35,670,desk,none,,coursework,0.222516,0.963664,0,active,coursework,1.107717,8.072416,active,120,1,clear,23.000000
32,1123,3448253596,6,Day 1 11:10,active,coursework,1.107717,8.072416,active,0.493333,0.335867,0.586324,0.695016,0.029167,0.276667,0.378630,0.070000,0.086000,14,1,1,1,1,1,1,1,1,1,1,0,1,1,0,1,1,0.116721,0.000000,0.095664,0.154912,0.171505,0.133364,0.081035,0.000000,0.078031,0.000000,0.000000,0.000000,0.112396,0.000000,0.000000,0.056372,study_focused,1,35,705,desk,none,,coursework,0.398081,1.034394,0,active,coursework,1.505798,8.072416,active,120,1,clear,23.000000
32,1123,3448253596,7,Day 1 11:45,active,coursework,1.505798,8.072416,active,0.525000,0.459867,0.458772,0.763350,0.058333,0.300000,0.331906,0.035000,0.065000,14,1,1,1,1,1,1,1,1,1,1,0,1,1,0,1,1,0.128628,0.000000,0.106705,0.128653,0.143837,0.126932,0.097894,0.000000,0.086706,0.000000,0.000000,0.000000,0.119000,0.000000,0.000000,0.061644,study_at_computer,1,35,740,computer,none,,coursework,0.846715,0.964457,0,active,coursework,2.352513,8.072416,active,120,1,clear,23.000000
32,1123,3448253596,8,Day 1 12:20,active,coursework,2.352513,8.072416,active,0.556667,0.588324,0.331219,0.831683,0.087500,0.323333,0.281906,0.080000,0.044000,14,1,1,1,1,1,1,1,1,1,1,0,1,1,0,1,1,0.109893,0.000000,0.092556,0.085585,0.096630,0.096894,0.101118,0.116757,0.077373,0.000000,0.000000,0.067999,0.101061,0.000000,0.000000,0.054134,sleep_at_bed,1,480,1220,bed,none,room-temperature-shift|task-reminder|weather-clear|evening,,0.000000,1.000000,0,suspended,coursework,2.352513,8.072416,active,120,1,clear,24.000000
32,1123,3448253596,9,Day 1 20:20,suspended,coursework,2.352513,8.072416,active,0.636667,0.305200,0.557172,0.751683,0.487500,0.643333,0.467529,0.000000,0.000000,14,1,1,1,1,1,1,1,1,1,1,0,1,1,0,1,1,0.126310,0.000000,0.098991,0.111412,0.124353,0.103657,0.067257,0.000000,0.117063,0.092227,0.000000,0.000000,0.106023,0.000000,0.000000,0.052708,study_halfhearted,1,35,1255,desk,none,task-deadline,coursework,0.236183,1.022850,0,active,coursework,2.588696,8.072416,active,120,1,clear,24.000000
32,1123,3448253596,10,Day 1 20:55,active,coursework,2.588696,8.072416,active,0.698333,0.399200,0.489144,0.760016,0.516667,0.666667,0.448176,0.000000,0.000000,14,1,1,1,1,1,1,1,1,1,1,0,1,1,0,1,1,0.123535,0.000000,0.096825,0.113588,0.126933,0.116835,0.070034,0.000000,0.113374,0.089879,0.000000,0.000000,0.098803,0.000000,0.000000,0.050195,use_computer,1,30,1285,computer,none,,,0.000000,1.000000,0,active,coursework,2.588696,8.072416,active,120,1,clear,24.000000
32,1123,3448253596,11,Day 1 21:25,active,coursework,2.588696,8.072416,active,0.548333,0.519124,0.565096,0.750016,0.541667,0.686667,0.496492,0.080000,0.000000,14,1,1,1,1,1,1,1,1,1,1,0,1,1,0,1,1,0.095282,0.000000,0.079471,0.116624,0.130140,0.106879,0.078581,0.000000,0.109204,0.087037,0.000000,0.056778,0.094250,0.000000,0.000000,0.045755,study_at_computer,1,35,1320,computer,none,,coursework,0.939005,1.069580,0,active,coursework,3.527701,8.072416,active,120,1,clear,24.000000
32,1123,3448253596,12,Day 1 22:00,active,coursework,3.527701,8.072416,active,0.580000,0.647581,0.437544,0.818350,0.570833,0.710000,0.447854,0.125000,0.000000,14,1,1,1,1,1,1,1,1,1,1,0,1,1,0,1,1,0.087863,0.000000,0.074402,0.083772,0.094401,0.088078,0.087591,0.107341,0.105180,0.084354,0.000000,0.057216,0.086434,0.000000,0.000000,0.043368,rest_at_bed,1,60,1380,bed,none,,,0.000000,1.000000,0,suspended,coursework,3.527701,8.072416,active,120,1,clear,24.000000
32,1123,3448253596,13,Day 1 23:00,suspended,coursework,3.527701,8.072416,active,0.640000,0.431589,0.493496,0.848350,0.620833,0.750000,0.496170,0.000000,0.000000,14,1,1,1,1,1,1,1,1,1,1,0,1,1,0,1,1,0.122939,0.000000,0.098386,0.096258,0.108941,0.095756,0.076109,0.000000,0.134101,0.108704,0.000000,0.000000,0.106225,0.000000,0.000000,0.052581,go_to_bathroom,1,15,1395,door,none,,,0.000000,1.000000,0,suspended,coursework,3.527701,8.072416,active,120,1,clear,24.000000
32,1123,3448253596,14,Day 1 23:15,suspended,coursework,3.527701,8.072416,active,0.645000,0.437589,0.493496,0.921699,0.633333,0.140000,0.496170,0.000000,0.000000,14,1,1,1,1,1,1,1,1,1,1,0,1,1,0,1,1,0.132271,0.000000,0.105825,0.102967,0.117768,0.107337,0.082118,0.000000,0.062999,0.118434,0.000000,0.000000,0.113874,0.000000,0.000000,0.056408,study_at_computer,1,35,1430,computer,none,,coursework,0.850866,0.969186,0,active,coursework,4.378568,8.072416,active,120,1,clear,24.000000
32,1123,3448253596,15,Day 1 23:50,active,coursework,4.378568,8.072416,active,0.676667,0.566046,0.365944,0.990032,0.662500,0.163333,0.446170,0.045000,0.000000,14,1,1,1,1,1,1,1,1,1,1,0,1,1,0,1,1,0.119845,0.000000,0.097348,0.091410,0.105580,0.104731,0.089957,0.000000,0.059620,0.112782,0.000000,0.063634,0.102560,0.000000,0.000000,0.052534,study_focused,1,35,1465,desk,none,,coursework,0.359395,0.933871,0,active,coursework,4.737963,8.072416,active,120,1,clear,24.000000
32,1123,3448253596,16,Day 2 00:25,active,coursework,4.737963,8.072416,active,0.708333,0.690046,0.238391,1.000000,0.691667,0.186667,0.396170,0.010000,0.000000,14,1,1,1,1,1,1,1,1,1,1,0,1,1,0,1,1,0.112275,0.000000,0.092308,0.064475,0.074577,0.084695,0.092427,0.113527,0.056319,0.107203,0.000000,0.061155,0.092202,0.000000,0.000000,0.048836,idle,1,10,1475,,none,,,0.000000,1.000000,0,active,coursework,4.737963,8.072416,active,120,1,clear,24.000000
32,1123,3448253596,17,Day 2 00:35,active,coursework,4.737963,8.072416,active,0.831667,0.694046,0.344344,0.946667,0.700000,0.193333,0.444487,0.000000,0.000000,14,1,1,1,1,1,1,1,1,1,1,0,1,1,0,1,1,0.118518,0.000000,0.094388,0.072357,0.083055,0.093435,0.085796,0.106223,0.053272,0.101585,0.000000,0.057254,0.087943,0.000000,0.000000,0.046174,study_focused,1,35,1510,desk,none,,coursework,0.397895,1.033910,0,active,coursework,5.135857,8.072416,active,120,1,clear,24.000000
32,1123,3448253596,18,Day 2 01:10,active,coursework,5.135857,8.072416,active,0.863333,0.818046,0.216791,1.000000,0.729167,0.216667,0.394487,0.000000,0.000000,14,1,1,1,1,1,1,1,1,1,1,0,1,1,0,1,1,0.119310,0.000000,0.096270,0.055675,0.064397,0.082428,0.098611,0.129299,0.054896,0.105335,0.000000,0.060707,0.086247,0.000000,0.000000,0.046826,rest_at_bed,1,60,1570,bed,none,,,0.000000,1.000000,0,suspended,coursework,5.135857,8.072416,active,120,1,clear,24.000000
32,1123,3448253596,19,Day 2 02:10,suspended,coursework,5.135857,8.072416,active,0.923333,0.602054,0.272744,1.000000,0.779167,0.256667,0.442803,0.000000,0.000000,14,1,1,1,1,1,1,1,1,1,1,0,1,1,0,1,1,0.138072,0.000000,0.105668,0.055838,0.064586,0.078217,0.081811,0.096530,0.061090,0.118481,0.000000,0.057638,0.092515,0.000000,0.000000,0.049553,sleep_at_bed,1,480,2050,bed,none,,,0.000000,1.000000,0,suspended,coursework,5.135857,8.072416,active,120,1,clear,24.000000
32,1123,3448253596,20,Day 2 10:10,suspended,coursework,5.135857,8.072416,active,1.000000,0.318930,0.358696,0.920000,1.000000,0.576667,0.491120,0.000000,0.000000,14,1,1,1,1,1,1,1,1,1,1,0,1,1,0,1,1,0.159984,0.000000,0.114294,0.073760,0.084342,0.099517,0.061526,0.000000,0.096746,0.162035,0.000000,0.000000,0.096705,0.000000,0.000000,0.051090,get_meal,1,35,2085,door,none,,,0.000000,1.000000,0,suspended,coursework,5.135857,8.072416,active,120,1,clear,24.000000
32,1123,3448253596,21,Day 2 10:45,suspended,coursework,5.135857,8.072416,active,0.971667,0.332930,0.358696,1.000000,0.479167,0.600000,0.491120,0.000000,0.000000,14,1,1,1,1,1,1,1,1,1,1,0,1,1,0,1,1,0.168875,0.000000,0.121836,0.079737,0.092230,0.110973,0.067863,0.000000,0.108482,0.089652,0.000000,0.000000,0.105068,0.000000,0.000000,0.055283,turn_off_alarm,1,1,2086,alarm,none,,,0.000000,1.000000,0,suspended,coursework,5.135857,8.072416,active,120,1,clear,24.000000
32,1123,3448253596,22,Day 2 10:46,suspended,coursework,5.135857,8.072416,active,0.972000,0.333330,0.358696,1.000000,0.480000,0.600667,0.471120,0.000000,0.000000,13,1,1,1,1,1,1,1,1,1,1,0,1,0,0,1,1,0.187905,0.000000,0.135563,0.088180,0.101996,0.128490,0.075741,0.000000,0.120786,0.099838,0.000000,0.000000,0.000000,0.000000,0.000000,0.061501,use_phone,1,25,2111,phone,none,,,0.000000,1.000000,0,suspended,coursework,5.135857,8.072416,active,120,1,clear,24.000000
32,1123,3448253596,23,Day 2 11:11,suspended,coursework,5.135857,8.072416,active,0.760333,0.432739,0.454649,1.000000,0.500833,0.617333,0.519436,0.095000,0.085000,13,1,1,1,1,1,1,1,1,1,1,0,1,0,0,1,1,0.139033,0.064017,0.108137,0.095938,0.110969,0.123701,0.085636,0.000000,0.118036,0.098001,0.000000,0.000000,0.000000,0.000000,0.000000,0.056532,idle,1,10,2121,,none,,,0.000000,1.000000,0,suspended,coursework,5.135857,8.072416,active,120,1,clear,24.000000
32,1123,3448253596,24,Day 2 11:21,suspended,coursework,5.135857,8.072416,active,0.883667,0.436739,0.560601,0.946667,0.509167,0.624000,0.567753,0.085000,0.079000,13,1,1,1,1,1,1,1,1,1,1,0,1,0,0,1,1,0.142666,0.058528,0.107485,0.104659,0.120133,0.138496,0.077272,0.000000,0.108533,0.090271,0.000000,0.000000,0.000000,0.000000,0.000000,0.051958,study_at_computer,1,35,2156,computer,none,,coursework,0.804115,0.915933,0,active,coursework,5.939972,8.072416,active,120,1,clear,24.000000
32,1123,3448253596,25,Day 2 11:56,active,coursework,5.939972,8.072416,active,0.915333,0.565197,0.433049,1.000000,0.538333,0.647333,0.518709,0.130000,0.058000,13,1,1,1,1,1,1,1,1,1,1,0,1,0,0,1,1,0.126357,0.000000,0.096652,0.090848,0.105081,0.111202,0.082734,0.098178,0.100402,0.084030,0.000000,0.057214,0.000000,0.000000,0.000000,0.047302,study_halfhearted,1,35,2191,desk,none,,coursework,0.210063,0.909730,0,active,coursework,6.150035,8.072416,active,120,1,clear,24.000000
32,1123,3448253596,26,Day 2 12:31,active,coursework,6.150035,8.072416,active,0.977000,0.659197,0.365021,1.000000,0.567500,0.670667,0.498709,0.095000,0.037000,13,1,1,1,1,1,1,1,1,1,1,0,1,0,0,1,1,0.132423,0.000000,0.101198,0.077678,0.089849,0.105125,0.088682,0.109783,0.102635,0.086436,0.000000,0.058644,0.000000,0.000000,0.000000,0.047546,go_to_bathroom,1,15,2206,door,none,,,0.000000,1.000000,0,suspended,coursework,6.150035,8.072416,active,120,1,clear,24.000000
32,1123,3448253596,27,Day 2 12:46,suspended,coursework,6.150035,8.072416,active,0.982000,0.665197,0.365021,1.000000,0.580000,0.060667,0.498709,0.080000,0.028000,13,1,1,1,1,1,1,1,1,1,1,0,1,0,0,1,1,0.158458,0.000000,0.121009,0.072969,0.084401,0.099119,0.104600,0.129683,0.000000,0.104063,0.000000,0.069334,0.000000,0.000000,0.000000,0.056363,study_focused,1,35,2241,desk,none,,coursework,0.416308,1.081757,0,active,coursework,6.566343,8.072416,active,120,1,clear,24.000000
32,1123,3448253596,28,Day 2 13:21,active,coursework,6.566343,8.072416,active,1.000000,0.789197,0.237468,1.000000,0.609167,0.084000,0.448709,0.045000,0.007000,13,1,1,1,1,1,1,1,1,1,1,0,1,0,0,1,1,0.151728,0.000000,0.117698,0.067044,0.077548,0.103679,0.111256,0.145532,0.000000,0.102399,0.000000,0.068980,0.000000,0.000000,0.000000,0.054135,use_phone,1,25,2266,phone,none,message-study-group,,0.000000,1.000000,0,active,coursework,6.566343,8.072416,active,120,2,clear,24.000000
32,1123,3448253596,29,Day 2 13:46,active,coursework,6.566343,8.072416,active,0.788333,0.888606,0.413421,1.000000,0.630000,0.100667,0.547025,0.140000,0.092000,13,1,1,1,1,1,1,1,1,1,1,0,1,0,0,1,1,0.099738,0.049947,0.083410,0.074604,0.086293,0.091779,0.110954,0.156613,0.000000,0.089298,0.000000,0.063359,0.000000,0.000000,0.050100,0.043905,turn_light_off,1,1,2267,light,none,,,0.000000,1.000000,0,active,coursework,6.566343,8.072416,active,120,2,clear,24.000000
32,1123,3448253596,30,Day 2 13:47,active,coursework,6.566343,8.072416,active,0.788667,0.889006,0.413421,1.000000,0.630833,0.101333,0.547025,0.139000,0.091400,10,1,1,1,0,0,0,1,1,1,1,1,0,0,0,1,1,0.133992,0.067002,0.112051,0.000000,0.000000,0.000000,0.148916,0.210219,0.000000,0.120015,0.081601,0.000000,0.000000,0.000000,0.067257,0.058947,sleep_at_bed,1,480,2747,bed,none,weather-rain|room-temperature-shift|evening|task-reminder,,0.000000,1.000000,0,suspended,coursework,6.566343,8.072416,active,120,2,rain,24.000000
32,1123,3448253596,31,Day 2 21:47,suspended,coursework,6.566343,8.072416,active,0.898667,0.605882,0.499373,0.920000,1.000000,0.421333,0.595342,0.000000,0.000000,10,1,1,1,0,0,0,1,1,1,1,1,0,0,0,1,1,0.174907,0.000000,0.134814,0.000000,0.000000,0.000000,0.104251,0.125982,0.099011,0.204596,0.093628,0.000000,0.000000,0.000000,0.000000,0.062812,get_meal,1,35,2782,door,none,,,0.000000,1.000000,0,suspended,coursework,6.566343,8.072416,active,120,2,rain,24.000000
32,1123,3448253596,32,Day 2 22:22,suspended,coursework,6.566343,8.072416,active,0.870333,0.619882,0.499373,1.000000,0.479167,0.444667,0.595342,0.000000,0.000000,10,1,1,1,0,0,0,1,1,1,1,1,0,0,0,1,1,0.188933,0.000000,0.147061,0.000000,0.000000,0.000000,0.117669,0.143237,0.113611,0.115841,0.104097,0.000000,0.000000,0.000000,0.000000,0.069552,sleep_at_bed,1,480,3262,bed,none,,,0.000000,1.000000,0,suspended,coursework,6.566343,8.072416,active,120,2,rain,24.000000
32,1123,3448253596,33,Day 3 06:22,suspended,coursework,6.566343,8.072416,active,0.950333,0.336757,0.585325,0.920000,0.879167,0.764667,0.643658,0.000000,0.000000,10,1,1,1,0,0,0,1,1,1,1,1,0,0,0,1,1,0.212148,0.000000,0.154013,0.000000,0.000000,0.000000,0.085491,0.000000,0.173816,0.193041,0.112182,0.000000,0.000000,0.000000,0.000000,0.069309,idle,1,10,3272,,none,,,0.000000,1.000000,0,suspended,coursework,6.566343,8.072416,active,120,2,rain,24.000000
32,1123,3448253596,34,Day 3 06:32,suspended,coursework,6.566343,8.072416,active,1.000000,0.340757,0.691278,0.866667,0.887500,0.771333,0.692885,0.000000,0.000000,10,1,1,1,0,0,0,1,1,1,1,1,0,0,0,1,1,0.215548,0.000000,0.154569,0.000000,0.000000,0.000000,0.082754,0.000000,0.170244,0.189411,0.120332,0.000000,0.000000,0.000000,0.000000,0.067141,use_phone,1,25,3297,phone,none,,,0.000000,1.000000,0,suspended,coursework,6.566343,8.072416,active,120,2,rain,24.000000
32,1123,3448253596,35,Day 3 06:57,suspended,coursework,6.566343,8.072416,active,0.788333,0.440167,0.787230,0.898333,0.908333,0.788000,0.750303,0.095000,0.085000,10,1,1,1,0,0,0,1,1,1,1,1,0,0,0,1,1,0.161396,0.072679,0.124774,0.000000,0.000000,0.000000,0.094560,0.000000,0.168360,0.188150,0.127625,0.000000,0.000000,0.000000,0.000000,0.062456,use_phone,1,25,3322,phone,none,,,0.000000,1.000000,0,suspended,coursework,6.566343,8.072416,active,120,2,rain,24.000000
32,1123,3448253596,36,Day 3 07:22,suspended,coursework,6.566343,8.072416,active,0.576667,0.539577,0.883183,0.930000,0.929167,0.804667,0.813902,0.190000,0.170000,10,1,1,1,0,0,0,1,1,1,1,1,0,0,0,1,1,0.111215,0.071201,0.092694,0.000000,0.000000,0.000000,0.099350,0.122159,0.153224,0.171999,0.124691,0.000000,0.000000,0.000000,0.000000,0.053466,use_computer,1,30,3352,computer,none,,,0.000000,1.000000,0,suspended,coursework,6.566343,8.072416,active,120,2,rain,24.000000
32,1123,3448253596,37,Day 3 07:52,suspended,coursework,6.566343,8.072416,active,0.426667,0.659501,0.959135,0.920000,0.954167,0.824667,0.887976,0.270000,0.152000,10,1,1,1,0,0,0,1,1,1,1,1,0,0,0,1,1,0.088018,0.065903,0.078065,0.000000,0.000000,0.000000,0.113961,0.152051,0.151439,0.170906,0.129647,0.000000,0.000000,0.000000,0.000000,0.050009,shop_on_phone,1,20,3372,phone,none,alarm-rings,,0.000000,1.000000,0,suspended,coursework,6.566343,8.072416,active,90,2,rain,24.000000
32,1123,3448253596,38,Day 3 08:12,suspended,coursework,6.566343,8.072416,active,0.463333,0.673443,1.000000,1.000000,0.970833,0.838000,1.000000,0.330000,0.000000,11,1,1,1,0,0,0,1,1,1,1,1,0,1,0,1,1,0.080902,0.000000,0.071363,0.000000,0.000000,0.000000,0.108592,0.149271,0.140884,0.159562,0.124933,0.000000,0.118721,0.000000,0.000000,0.045772,sleep_at_bed,1,480,3852,bed,none,weather-rain|room-temperature-shift|task-reminder|message-study-group,,0.000000,1.000000,0,suspended,coursework,6.566343,8.072416,active,90,3,rain,24.000000
32,1123,3448253596,39,Day 3 16:12,suspended,coursework,6.566343,8.072416,active,0.543333,0.390319,1.000000,0.920000,1.000000,1.000000,1.000000,0.000000,0.000000,11,1,1,1,0,0,0,1,1,1,1,1,0,1,0,1,1,0.119132,0.000000,0.097086,0.000000,0.000000,0.000000,0.071310,0.000000,0.198023,0.187086,0.141051,0.000000,0.134038,0.000000,0.000000,0.052274,use_computer,1,30,3882,computer,none,,,0.000000,1.000000,0,suspended,coursework,6.566343,8.072416,active,90,3,rain,24.000000
32,1123,3448253596,40,Day 3 16:42,suspended,coursework,6.566343,8.072416,active,0.393333,0.510243,1.000000,0.910000,1.000000,1.000000,1.000000,0.080000,0.000000,11,1,1,1,0,0,0,1,1,1,1,1,0,1,0,1,1,0.099980,0.000000,0.086704,0.000000,0.000000,0.000000,0.087666,0.000000,0.202002,0.190844,0.143885,0.000000,0.136731,0.000000,0.000000,0.052188,get_meal,1,35,3917,door,none,,,0.000000,1.000000,0,suspended,coursework,6.566343,8.072416,active,90,3,rain,24.000000
32,1123,3448253596,41,Day 3 17:17,suspended,coursework,6.566343,8.072416,active,0.365000,0.524243,1.000000,1.000000,0.479167,1.000000,1.000000,0.045000,0.000000,11,1,1,1,0,0,0,1,1,1,1,1,0,1,0,1,1,0.109149,0.000000,0.095494,0.000000,0.000000,0.000000,0.096064,0.000000,0.223588,0.107573,0.159260,0.000000,0.151342,0.000000,0.000000,0.057530,go_to_bathroom,1,15,3932,door,none,,,0.000000,1.000000,0,suspended,coursework,6.566343,8.072416,active,90,3,rain,24.000000
32,1123,3448253596,42,Day 3 17:32,suspended,coursework,6.566343,8.072416,active,0.370000,0.530243,1.000000,1.000000,0.491667,0.390000,1.000000,0.030000,0.000000,11,1,1,1,0,0,0,1,1,1,1,1,0,1,0,1,1,0.125608,0.000000,0.109816,0.000000,0.000000,0.000000,0.108968,0.000000,0.111625,0.124551,0.181434,0.000000,0.172412,0.000000,0.000000,0.065587,turn_off_alarm,1,1,3933,alarm,none,,,0.000000,1.000000,0,suspended,coursework,6.566343,8.072416,active,90,3,rain,24.000000
32,1123,3448253596,43,Day 3 17:33,suspended,coursework,6.566343,8.072416,active,0.370333,0.530643,1.000000,1.000000,0.492500,0.390667,0.981160,0.029000,0.000000,10,1,1,1,0,0,0,1,1,1,1,1,0,0,0,1,1,0.151856,0.000000,0.132758,0.000000,0.000000,0.000000,0.131969,0.000000,0.134983,0.150640,0.218550,0.000000,0.000000,0.000000,0.000000,0.079243,idle,1,10,3943,,none,,,0.000000,1.000000,0,suspended,coursework,6.566343,8.072416,active,90,3,rain,24.000000
32,1123,3448253596,44,Day 3 17:43,suspended,coursework,6.566343,8.072416,active,0.493667,0.534643,1.000000,0.946667,0.500833,0.397333,1.000000,0.019000,0.000000,10,1,1,1,0,0,0,1,1,1,1,1,0,0,0,1,1,0.165158,0.000000,0.139863,0.000000,0.000000,0.000000,0.126749,0.000000,0.131550,0.147070,0.211708,0.000000,0.000000,0.000000,0.000000,0.077902,go_to_bathroom,1,15,3958,door,none,,,0.000000,1.000000,0,suspended,coursework,6.566343,8.072416,active,90,3,rain,24.000000
32,1123,3448253596,45,Day 3 17:58,suspended,coursework,6.566343,8.072416,active,0.498667,0.540643,1.000000,1.000000,0.513333,0.000000,1.000000,0.004000,0.000000,10,1,1,1,0,0,0,1,1,1,1,1,0,0,0,1,1,0.191026,0.000000,0.161655,0.000000,0.000000,0.000000,0.144505,0.000000,0.000000,0.171145,0.242407,0.000000,0.000000,0.000000,0.000000,0.089263,use_phone,1,25,3983,phone,none,,,0.000000,1.000000,0,suspended,coursework,6.566343,8.072416,active,90,3,rain,24.000000
32,1123,3448253596,46,Day 3 18:23,suspended,coursework,6.566343,8.072416,active,0.287000,0.640053,1.000000,1.000000,0.534167,0.016667,1.000000,0.099000,0.085000,10,1,1,1,0,0,0,1,1,1,1,1,0,0,0,1,1,0.124647,0.000000,0.113719,0.000000,0.000000,0.000000,0.145087,0.191184,0.000000,0.148152,0.204251,0.000000,0.000000,0.000000,0.000000,0.072960,get_meal,1,35,4018,door,none,evening,,0.000000,1.000000,0,suspended,coursework,6.566343,8.072416,active,90,3,rain,24.000000
32,1123,3448253596,47,Day 3 18:58,suspended,coursework,6.566343,8.072416,active,0.258667,0.654053,1.000000,1.000000,0.013333,0.040000,1.000000,0.064000,0.064000,10,1,1,1,0,0,0,1,1,1,1,1,0,0,0,1,1,0.145220,0.000000,0.133661,0.000000,0.000000,0.000000,0.169664,0.224359,0.000000,0.000000,0.241264,0.000000,0.000000,0.000000,0.000000,0.085832,use_phone,1,25,4043,phone,none,,,0.000000,1.000000,0,suspended,coursework,6.566343,8.072416,active,90,3,rain,24.000000
32,1123,3448253596,48,Day 3 19:23,suspended,coursework,6.566343,8.072416,active,0.047000,0.753462,1.000000,1.000000,0.034167,0.056667,1.000000,0.159000,0.149000,10,1,1,1,0,0,0,1,1,1,1,1,0,0,0,1,1,0.098051,0.097453,0.097293,0.000000,0.000000,0.000000,0.176266,0.247993,0.000000,0.000000,0.210350,0.000000,0.000000,0.000000,0.000000,0.072593,use_computer,1,30,4073,computer,none,,,0.000000,1.000000,0,suspended,coursework,6.566343,8.072416,active,90,3,rain,24.000000
32,1123,3448253596,49,Day 3 19:53,suspended,coursework,6.566343,8.072416,active,0.000000,0.873386,1.000000,0.990000,0.059167,0.076667,1.000000,0.239000,0.131000,10,1,1,1,0,0,0,1,1,1,1,1,0,0,0,1,1,0.081181,0.000000,0.083444,0.000000,0.000000,0.000000,0.194186,0.293322,0.000000,0.000000,0.192285,0.000000,0.000000,0.000000,0.089669,0.065913,idle,1,10,4083,,none,,,0.000000,1.000000,0,suspended,coursework,6.566343,8.072416,active,90,3,rain,24.000000
32,1123,3448253596,50,Day 3 20:03,suspended,coursework,6.566343,8.072416,active,0.123333,0.877386,1.000000,0.936667,0.067500,0.083333,1.000000,0.229000,0.125000,10,1,1,1,0,0,0,1,1,1,1,1,0,0,0,1,1,0.082756,0.078604,0.082397,0.000000,0.000000,0.000000,0.175284,0.265036,0.000000,0.000000,0.174067,0.000000,0.000000,0.000000,0.081122,0.060734,rest_at_bed,1,60,4143,bed,none,,,0.000000,1.000000,0,suspended,coursework,6.566343,8.072416,active,90,3,rain,24.000000
32,1123,3448253596,51,Day 3 21:03,suspended,coursework,6.566343,8.072416,active,0.183333,0.661394,1.000000,0.966667,0.117500,0.123333,1.000000,0.029000,0.089000,10,1,1,1,0,0,0,1,1,1,1,1,0,0,0,1,1,0.140102,0.000000,0.131549,0.000000,0.000000,0.000000,0.170243,0.225135,0.000000,0.000000,0.246293,0.000000,0.000000,0.000000,0.000000,0.086678,use_phone,1,25,4168,phone,none,,,0.000000,1.000000,0,suspended,coursework,6.566343,8.072416,active,90,3,rain,24.000000
32,1123,3448253596,52,Day 3 21:28,suspended,coursework,6.566343,8.072416,active,0.000000,0.760804,1.000000,0.998333,0.138333,0.140000,1.000000,0.124000,0.174000,10,1,1,1,0,0,0,1,1,1,1,1,0,0,0,1,1,0.087862,0.092706,0.088284,0.000000,0.000000,0.000000,0.159990,0.225107,0.085222,0.000000,0.194245,0.000000,0.000000,0.000000,0.000000,0.066584,shop_on_phone,1,20,4188,phone,none,,,0.000000,1.000000,0,suspended,coursework,6.566343,8.072416,active,60,3,rain,24.000000
32,1123,3448253596,53,Day 3 21:48,suspended,coursework,6.566343,8.072416,active,0.006667,0.774747,1.000000,1.000000,0.155000,0.153333,1.000000,0.184000,0.000000,10,1,1,1,0,0,0,1,1,1,1,1,0,0,0,1,1,0.084443,0.000000,0.085051,0.000000,0.000000,0.000000,0.166594,0.237635,0.085254,0.084697,0.190845,0.000000,0.000000,0.000000,0.000000,0.065481,get_meal,1,35,4223,door,none,,,0.000000,1.000000,0,suspended,coursework,6.566343,8.072416,active,60,3,rain,24.000000
32,1123,3448253596,54,Day 3 22:23,suspended,coursework,6.566343,8.072416,active,0.000000,0.788747,1.000000,1.000000,0.000000,0.176667,1.000000,0.149000,0.000000,10,1,1,1,0,0,0,1,1,1,1,1,0,0,0,1,1,0.092770,0.000000,0.093733,0.000000,0.000000,0.000000,0.180027,0.257702,0.096043,0.000000,0.208317,0.000000,0.000000,0.000000,0.000000,0.071408,go_to_bathroom,1,15,4238,door,none,,,0.000000,1.000000,0,suspended,coursework,6.566343,8.072416,active,60,3,rain,24.000000
32,1123,3448253596,55,Day 3 22:38,suspended,coursework,6.566343,8.072416,active,0.005000,0.794747,1.000000,1.000000,0.012500,0.000000,1.000000,0.134000,0.000000,10,1,1,1,0,0,0,1,1,1,1,1,0,0,0,1,1,0.103624,0.000000,0.104626,0.000000,0.000000,0.000000,0.198214,0.284165,0.000000,0.000000,0.230353,0.000000,0.000000,0.000000,0.000000,0.079018,use_phone,1,25,4263,phone,none,,,0.000000,1.000000,0,suspended,coursework,6.566343,8.072416,active,60,3,rain,24.000000
32,1123,3448253596,56,Day 3 23:03,suspended,coursework,6.566343,8.072416,active,0.000000,0.894157,1.000000,1.000000,0.033333,0.016667,1.000000,0.229000,0.085000,10,1,1,1,0,0,0,1,1,1,1,1,0,0,0,1,1,0.080351,0.000000,0.082863,0.000000,0.000000,0.000000,0.194999,0.297433,0.000000,0.000000,0.190180,0.000000,0.000000,0.000000,0.088984,0.065191,use_phone,1,25,4288,phone,none,,,0.000000,1.000000,0,suspended,coursework,6.566343,8.072416,active,60,3,rain,24.000000
32,1123,3448253596,57,Day 3 23:28,suspended,coursework,6.566343,8.072416,active,0.000000,0.993566,1.000000,1.000000,0.054167,0.033333,1.000000,0.324000,0.170000,10,1,1,1,0,0,0,1,1,1,1,1,0,0,0,1,1,0.000000,0.080077,0.070749,0.000000,0.000000,0.000000,0.206116,0.334493,0.000000,0.000000,0.168700,0.000000,0.000000,0.000000,0.082037,0.057828,shop_on_phone,1,20,4308,phone,none,,,0.000000,1.000000,0,suspended,coursework,6.566343,8.072416,active,30,3,rain,24.000000
32,1123,3448253596,58,Day 3 23:48,suspended,coursework,6.566343,8.072416,active,0.006667,1.000000,1.000000,1.000000,0.070833,0.046667,1.000000,0.384000,0.000000,10,1,1,1,0,0,0,1,1,1,1,1,0,0,0,1,1,0.000000,0.000000,0.000000,0.000000,0.000000,0.000000,0.245863,0.402931,0.000000,0.000000,0.191416,0.000000,0.000000,0.000000,0.094113,0.065677,rest_at_bed,1,60,4368,bed,none,,,0.000000,1.000000,0,suspended,coursework,6.566343,8.072416,active,30,3,rain,24.000000
32,1123,3448253596,59,Day 4 00:48,suspended,coursework,6.566343,8.072416,active,0.066667,0.784008,1.000000,1.000000,0.120833,0.086667,1.000000,0.184000,0.000000,10,1,1,1,0,0,0,1,1,1,1,1,0,0,0,1,1,0.105640,0.000000,0.104912,0.000000,0.000000,0.000000,0.199353,0.285739,0.000000,0.000000,0.226106,0.000000,0.000000,0.000000,0.000000,0.078251,sleep_at_bed,1,480,4848,bed,none,alarm-rings,,0.000000,1.000000,0,suspended,coursework,6.566343,8.072416,active,30,3,rain,24.000000
32,1123,3448253596,60,Day 4 08:48,suspended,coursework,6.566343,8.072416,active,0.176667,0.500884,1.000000,0.920000,0.520833,0.406667,1.000000,0.000000,0.000000,11,1,1,1,0,0,0,1,1,1,1,1,0,1,0,1,1,0.110202,0.000000,0.100743,0.000000,0.000000,0.000000,0.106647,0.000000,0.117840,0.133506,0.187266,0.000000,0.177955,0.000000,0.000000,0.065842,use_phone,1,25,4873,phone,none,,,0.000000,1.000000,0,suspended,coursework,6.566343,8.072416,active,30,3,rain,24.000000
32,1123,3448253596,61,Day 4 09:13,suspended,coursework,6.566343,8.072416,active,0.000000,0.600293,1.000000,0.951667,0.541667,0.423333,1.000000,0.095000,0.085000,11,1,1,1,0,0,0,1,1,1,1,1,0,1,0,1,1,0.076514,0.000000,0.074721,0.000000,0.000000,0.000000,0.110272,0.142270,0.104586,0.119018,0.162498,0.000000,0.154418,0.000000,0.000000,0.055702,turn_light_on,1,1,4874,light,none,,,0.000000,1.000000,0,suspended,coursework,6.566343,8.072416,active,30,3,rain,24.000000
32,1123,3448253596,62,Day 4 09:14,suspended,coursework,6.566343,8.072416,active,0.000333,0.600693,1.000000,0.971333,0.542500,0.424000,1.000000,0.094000,0.084400,14,1,1,1,1,1,1,1,1,1,1,0,1,1,0,1,1,0.032758,0.000000,0.031989,0.152301,0.175439,0.279108,0.047166,0.060859,0.044787,0.050976,0.000000,0.034714,0.066068,0.000000,0.000000,0.023833,study_halfhearted,1,35,4909,desk,none,,coursework,0.209655,0.907965,0,active,coursework,6.775998,8.072416,active,30,3,rain,24.000000
32,1123,3448253596,63,Day 4 09:49,active,coursework,6.775998,8.072416,active,0.062000,0.694693,0.931972,0.979667,0.571667,0.447333,1.000000,0.059000,0.063400,14,1,1,1,1,1,1,1,1,1,1,0,1,1,0,1,1,0.045105,0.000000,0.044006,0.172079,0.198459,0.091462,0.066234,0.089410,0.060152,0.068893,0.000000,0.046749,0.085977,0.000000,0.000000,0.031475,study_at_computer,1,35,4944,computer,none,,coursework,0.794281,0.904732,0,active,coursework,7.570280,8.072416,active,30,3,rain,24.000000
32,1123,3448253596,64,Day 4 10:24,active,coursework,7.570280,8.072416,active,0.093667,0.823151,0.804420,1.000000,0.600833,0.470667,0.984450,0.104000,0.042400,14,1,1,1,1,1,1,1,1,1,1,0,1,1,0,1,1,0.046790,0.000000,0.046347,0.140377,0.162371,0.085236,0.082660,0.119614,0.065175,0.075112,0.000000,0.052998,0.089759,0.000000,0.000000,0.033561,study_focused,1,35,4979,desk,none,,coursework,0.373341,0.970107,0,active,coursework,7.943620,8.072416,active,30,3,rain,24.000000
32,1123,3448253596,65,Day 4 10:59,active,coursework,7.943620,8.072416,active,0.125333,0.947151,0.676867,1.000000,0.630000,0.494000,0.957397,0.069000,0.021400,14,1,1,1,1,1,1,1,1,1,1,0,1,1,0,1,1,0.047499,0.000000,0.047621,0.108001,0.124922,0.074964,0.091727,0.140505,0.066713,0.077365,0.000000,0.055191,0.088163,0.000000,0.043521,0.033807,sleep_at_bed,1,480,5459,bed,none,weather-clear|message-study-group|task-reminder,,0.000000,1.000000,0,suspended,coursework,7.943620,8.072416,active,30,4,clear,24.000000
32,1123,3448253596,66,Day 4 18:59,suspended,coursework,7.943620,8.072416,active,0.205333,0.664026,0.842820,0.920000,1.000000,0.814000,1.000000,0.000000,0.000000,14,1,1,1,1,1,1,1,1,1,1,0,1,1,0,1,1,0.055511,0.000000,0.051803,0.125374,0.143360,0.076026,0.064127,0.084655,0.103116,0.125285,0.000000,0.047179,0.089761,0.000000,0.000000,0.033802,sleep_at_bed,1,480,5939,bed,none,evening|room-temperature-shift,,0.000000,1.000000,0,suspended,coursework,7.943620,8.072416,active,30,4,clear,24.000000
32,1123,3448253596,67,Day 5 02:59,suspended,coursework,7.943620,8.072416,active,0.285333,0.380902,0.928772,0.840000,1.000000,1.000000,1.000000,0.000000,0.000000,14,1,1,1,1,1,1,1,1,1,1,0,1,1,0,1,1,0.064176,0.000000,0.055857,0.162458,0.183643,0.095644,0.048303,0.000000,0.135502,0.128018,0.000000,0.000000,0.091718,0.000000,0.000000,0.034681,go_to_bathroom,1,15,5954,door,none,,,0.000000,1.000000,0,suspended,coursework,7.943620,8.072416,active,30,4,clear,24.000000
32,1123,3448253596,68,Day 5 03:14,suspended,coursework,7.943620,8.072416,active,0.290333,0.386902,0.928772,0.913350,1.000000,0.390000,1.000000,0.000000,0.000000,14,1,1,1,1,1,1,1,1,1,1,0,1,1,0,1,1,0.069242,0.000000,0.060251,0.174273,0.199084,0.107515,0.052264,0.000000,0.063837,0.137624,0.000000,0.000000,0.098601,0.000000,0.000000,0.037310,rest_at_bed,1,60,6014,bed,none,,,0.000000,1.000000,0,suspended,coursework,7.943620,8.072416,active,30,4,clear,24.000000
32,1123,3448253596,69,Day 5 04:14,suspended,coursework,7.943620,8.072416,active,0.350333,0.170910,0.984724,0.943350,1.000000,0.430000,1.000000,0.000000,0.000000,14,1,1,1,1,1,1,1,1,1,1,0,1,1,0,1,1,0.072543,0.000000,0.059870,0.196365,0.225291,0.120416,0.000000,0.000000,0.064314,0.131350,0.000000,0.000000,0.094106,0.000000,0.000000,0.035745,use_computer,1,30,6044,computer,none,,,0.000000,1.000000,0,suspended,coursework,7.943620,8.072416,active,30,4,clear,24.000000
32,1123,3448253596,70,Day 5 04:44,suspended,coursework,7.943620,8.072416,active,0.200333,0.290834,1.000000,0.933350,1.000000,0.450000,1.000000,0.080000,0.000000,14,1,1,1,1,1,1,1,1,1,1,0,1,1,0,1,1,0.058793,0.000000,0.051634,0.189817,0.217465,0.113760,0.046928,0.000000,0.065093,0.129393,0.000000,0.000000,0.092703,0.000000,0.000000,0.034416,study_halfhearted,1,35,6079,desk,none,task-completed,coursework,0.229620,0.994427,0,none,,8.072416,8.072416,completed,30,4,clear,24.000000
32,1123,3448253596,71,Day 5 05:19,none,,8.072416,8.072416,completed,0.262000,0.384834,0.209175,1.000000,1.000000,0.473333,0.470586,0.045000,0.000000,11,1,1,1,0,0,0,1,1,1,1,0,1,1,0,1,1,0.129105,0.000000,0.113281,0.000000,0.000000,0.000000,0.113400,0.000000,0.139427,0.268546,0.000000,0.000000,0.159095,0.000000,0.000000,0.077146,use_computer,1,30,6109,computer,none,,,0.000000,1.000000,0,none,,8.072416,8.072416,completed,30,4,clear,24.000000
32,1123,3448253596,72,Day 5 05:49,none,,8.072416,8.072416,completed,0.112000,0.504758,0.209175,0.990000,1.000000,0.493333,0.470586,0.125000,0.000000,11,1,1,1,0,0,0,1,1,1,1,0,1,1,0,1,1,0.097812,0.000000,0.091328,0.000000,0.000000,0.000000,0.125852,0.000000,0.131915,0.247298,0.000000,0.089760,0.146507,0.000000,0.000000,0.069528,turn_off_alarm,1,1,6110,alarm,none,,,0.000000,1.000000,0,none,,8.072416,8.072416,completed,30,4,clear,24.000000
32,1123,3448253596,73,Day 5 05:50,none,,8.072416,8.072416,completed,0.112333,0.505158,0.209175,1.000000,1.000000,0.494000,0.450586,0.124000,0.000000,10,1,1,1,0,0,0,1,1,1,1,0,1,0,0,1,1,0.114604,0.000000,0.107002,0.000000,0.000000,0.000000,0.147740,0.000000,0.154597,0.289558,0.000000,0.105086,0.000000,0.000000,0.000000,0.081413,go_to_bathroom,1,15,6125,door,none,,,0.000000,1.000000,0,none,,8.072416,8.072416,completed,30,4,clear,24.000000
32,1123,3448253596,74,Day 5 06:05,none,,8.072416,8.072416,completed,0.117333,0.511158,0.209175,1.000000,1.000000,0.000000,0.450586,0.109000,0.000000,10,1,1,1,0,0,0,1,1,1,1,0,1,0,0,1,1,0.136711,0.000000,0.127554,0.000000,0.000000,0.000000,0.173720,0.000000,0.000000,0.341946,0.000000,0.123858,0.000000,0.000000,0.000000,0.096212,get_meal,1,35,6160,door,none,,,0.000000,1.000000,0,none,,8.072416,8.072416,completed,30,4,clear,24.000000
32,1123,3448253596,75,Day 5 06:40,none,,8.072416,8.072416,completed,0.089000,0.525158,0.209175,1.000000,0.479167,0.023333,0.450586,0.074000,0.000000,10,1,1,1,0,0,0,1,1,1,1,0,1,0,0,1,1,0.163048,0.000000,0.153472,0.000000,0.000000,0.000000,0.207959,0.000000,0.000000,0.210563,0.000000,0.149092,0.000000,0.000000,0.000000,0.115866,use_phone,1,25,6185,phone,none,,,0.000000,1.000000,0,none,,8.072416,8.072416,completed,30,4,clear,24.000000
32,1123,3448253596,76,Day 5 07:05,none,,8.072416,8.072416,completed,0.000000,0.624567,0.209175,1.000000,0.500000,0.040000,0.450586,0.169000,0.085000,10,1,1,1,0,0,0,1,1,1,1,0,1,0,0,1,1,0.107085,0.000000,0.105237,0.000000,0.000000,0.000000,0.187419,0.228110,0.000000,0.163612,0.000000,0.122017,0.000000,0.000000,0.000000,0.086520,sleep_at_bed,1,480,6665,bed,none,alarm-rings|weather-rain|room-temperature-shift,,0.000000,1.000000,0,none,,8.072416,8.072416,completed,30,4,rain,24.000000
32,1123,3448253596,77,Day 5 15:05,none,,8.072416,8.072416,completed,0.110000,0.341443,0.209175,0.920000,0.900000,0.360000,0.509239,0.000000,0.000000,11,1,1,1,0,0,0,1,1,1,1,0,1,1,0,1,1,0.125665,0.000000,0.113729,0.000000,0.000000,0.000000,0.113788,0.000000,0.130618,0.257616,0.000000,0.000000,0.176160,0.000000,0.000000,0.082424,use_phone,1,25,6690,phone,none,,,0.000000,1.000000,0,none,,8.072416,8.072416,completed,30,4,rain,24.000000
32,1123,3448253596,78,Day 5 15:30,none,,8.072416,8.072416,completed,0.000000,0.440852,0.209175,0.951667,0.920833,0.376667,0.509239,0.095000,0.085000,11,1,1,1,0,0,0,1,1,1,1,0,1,1,0,1,1,0.107025,0.000000,0.101685,0.000000,0.000000,0.000000,0.135614,0.000000,0.133621,0.264715,0.000000,0.000000,0.176193,0.000000,0.000000,0.081148,get_meal,1,35,6725,door,none,,,0.000000,1.000000,0,none,,8.072416,8.072416,completed,30,4,rain,24.000000
32,1123,3448253596,79,Day 5 16:05,none,,8.072416,8.072416,completed,0.000000,0.454852,0.209175,1.000000,0.400000,0.400000,0.509239,0.060000,0.064000,11,1,1,1,0,0,0,1,1,1,1,0,1,1,0,1,1,0.123757,0.000000,0.117747,0.000000,0.000000,0.000000,0.153293,0.000000,0.157457,0.153919,0.000000,0.000000,0.201174,0.000000,0.000000,0.092653,rest_at_bed,1,60,6785,bed,none,message-study-group,,0.000000,1.000000,0,none,,8.072416,8.072416,completed,30,5,rain,24.000000
32,1123,3448253596,80,Day 5 17:05,none,,8.072416,8.072416,completed,0.060000,0.238860,0.209175,1.000000,0.450000,0.440000,0.509239,0.000000,0.028000,11,1,1,1,0,0,0,1,1,1,1,0,1,1,0,1,1,0.138520,0.000000,0.124787,0.000000,0.000000,0.000000,0.115612,0.000000,0.165152,0.163175,0.000000,0.000000,0.199894,0.000000,0.000000,0.092860,rest_at_bed,1,60,6845,bed,none,,,0.000000,1.000000,0,none,,8.072416,8.072416,completed,30,5,rain,24.000000
32,1123,3448253596,81,Day 5 18:05,none,,8.072416,8.072416,completed,0.120000,0.022869,0.209175,1.000000,0.500000,0.480000,0.509239,0.000000,0.000000,11,1,1,1,0,0,0,1,1,1,1,0,1,1,0,1,1,0.164569,0.000000,0.140614,0.000000,0.000000,0.000000,0.000000,0.000000,0.188679,0.188423,0.000000,0.000000,0.216343,0.000000,0.000000,0.101372,go_to_bathroom,1,15,6860,door,none,,,0.000000,1.000000,0,none,,8.072416,8.072416,completed,30,5,rain,24.000000
32,1123,3448253596,82,Day 5 18:20,none,,8.072416,8.072416,completed,0.125000,0.028869,0.209175,1.000000,0.512500,0.000000,0.509239,0.000000,0.000000,11,1,1,1,0,0,0,1,1,1,1,0,1,1,0,1,1,0.202526,0.000000,0.172998,0.000000,0.000000,0.000000,0.000000,0.000000,0.000000,0.234812,0.000000,0.000000,0.265275,0.000000,0.000000,0.124389,turn_off_alarm,1,1,6861,alarm,none,,,0.000000,1.000000,0,none,,8.072416,8.072416,completed,30,5,rain,24.000000
32,1123,3448253596,83,Day 5 18:21,none,,8.072416,8.072416,completed,0.125333,0.029269,0.209175,1.000000,0.513333,0.000667,0.489239,0.000000,0.000000,10,1,1,1,0,0,0,1,1,1,1,0,1,0,0,1,1,0.275585,0.000000,0.235401,0.000000,0.000000,0.000000,0.000000,0.000000,0.000000,0.319786,0.000000,0.000000,0.000000,0.000000,0.000000,0.169228,use_computer,1,30,6891,computer,none,,,0.000000,1.000000,0,none,,8.072416,8.072416,completed,30,5,rain,24.000000
32,1123,3448253596,84,Day 5 18:51,none,,8.072416,8.072416,completed,0.000000,0.149193,0.209175,0.990000,0.538333,0.020667,0.489239,0.080000,0.000000,10,1,1,1,0,0,0,1,1,1,1,0,1,0,0,1,1,0.203630,0.000000,0.183906,0.000000,0.000000,0.000000,0.176670,0.000000,0.000000,0.289913,0.000000,0.000000,0.000000,0.000000,0.000000,0.145881,use_computer,1,30,6921,computer,none,evening,,0.000000,1.000000,0,none,,8.072416,8.072416,completed,30,5,rain,24.000000
32,1123,3448253596,85,Day 5 19:21,none,,8.072416,8.072416,completed,0.000000,0.269116,0.209175,0.980000,0.563333,0.040667,0.489239,0.160000,0.000000,10,1,1,1,0,0,0,1,1,1,1,0,1,0,0,1,1,0.187268,0.000000,0.173058,0.000000,0.000000,0.000000,0.206907,0.000000,0.000000,0.291005,0.000000,0.000000,0.000000,0.000000,0.000000,0.141763,get_meal,1,35,6956,door,none,,,0.000000,1.000000,0,none,,8.072416,8.072416,completed,30,5,rain,24.000000
32,1123,3448253596,86,Day 5 19:56,none,,8.072416,8.072416,completed,0.000000,0.283116,0.209175,1.000000,0.042500,0.064000,0.489239,0.125000,0.000000,10,1,1,1,0,0,0,1,1,1,1,0,1,0,0,1,1,0.266457,0.000000,0.246585,0.000000,0.000000,0.000000,0.287787,0.000000,0.000000,0.000000,0.000000,0.000000,0.000000,0.000000,0.000000,0.199171,idle,1,10,6966,,none,,,0.000000,1.000000,0,none,,8.072416,8.072416,completed,30,5,rain,24.000000
32,1123,3448253596,87,Day 5 20:06,none,,8.072416,8.072416,completed,0.123333,0.287116,0.209175,0.946667,0.050833,0.070667,0.489239,0.115000,0.000000,10,1,1,1,0,0,0,1,1,1,1,0,1,0,0,1,1,0.283412,0.000000,0.254057,0.000000,0.000000,0.000000,0.271046,0.000000,0.000000,0.000000,0.000000,0.000000,0.000000,0.000000,0.000000,0.191486,use_phone,1,25,6991,phone,none,,,0.000000,1.000000,0,none,,8.072416,8.072416,completed,30,5,rain,24.000000
32,1123,3448253596,88,Day 5 20:31,none,,8.072416,8.072416,completed,0.000000,0.386526,0.209175,0.978333,0.071667,0.087333,0.489239,0.210000,0.085000,10,1,1,1,0,0,0,1,1,1,1,0,1,0,0,1,1,0.196316,0.000000,0.185394,0.000000,0.000000,0.000000,0.266026,0.000000,0.000000,0.000000,0.000000,0.197311,0.000000,0.000000,0.000000,0.154953,idle,1,10,7001,,none,,,0.000000,1.000000,0,none,,8.072416,8.072416,completed,30,5,rain,24.000000
32,1123,3448253596,89,Day 5 20:41,none,,8.072416,8.072416,completed,0.123333,0.390526,0.209175,0.925000,0.080000,0.094000,0.489239,0.200000,0.079000,10,1,1,1,0,0,0,1,1,1,1,0,1,0,0,1,1,0.211886,0.000000,0.193828,0.000000,0.000000,0.000000,0.254245,0.000000,0.000000,0.000000,0.000000,0.188871,0.000000,0.000000,0.000000,0.151170,idle,1,10,7011,,none,,,0.000000,1.000000,0,none,,8.072416,8.072416,completed,30,5,rain,24.000000
32,1123,3448253596,90,Day 5 20:51,none,,8.072416,8.072416,completed,0.246667,0.394526,0.209175,0.871667,0.088333,0.100667,0.489239,0.190000,0.073000,10,1,1,1,0,0,0,1,1,1,1,0,1,0,0,1,1,0.228100,0.000000,0.202122,0.000000,0.000000,0.000000,0.242356,0.000000,0.000000,0.000000,0.000000,0.180324,0.000000,0.000000,0.000000,0.147099,idle,1,10,7021,,none,,,0.000000,1.000000,0,none,,8.072416,8.072416,completed,30,5,rain,24.000000
32,1123,3448253596,91,Day 5 21:01,none,,8.072416,8.072416,completed,0.370000,0.398526,0.209175,0.818333,0.096667,0.107333,0.489239,0.180000,0.067000,10,1,1,1,0,0,0,1,1,1,1,0,1,0,0,1,1,0.244905,0.000000,0.210213,0.000000,0.000000,0.000000,0.230414,0.000000,0.000000,0.000000,0.000000,0.171709,0.000000,0.000000,0.000000,0.142759,use_computer,1,30,7051,computer,none,,,0.000000,1.000000,0,none,,8.072416,8.072416,completed,30,5,rain,24.000000
32,1123,3448253596,92,Day 5 21:31,none,,8.072416,8.072416,completed,0.220000,0.518450,0.209175,0.808333,0.121667,0.127333,0.489239,0.260000,0.049000,10,1,1,1,0,0,0,1,1,1,1,0,1,0,0,1,1,0.153287,0.000000,0.140013,0.000000,0.000000,0.000000,0.211259,0.247071,0.000000,0.000000,0.000000,0.142077,0.000000,0.000000,0.000000,0.106294,idle,1,10,7061,,none,,,0.000000,1.000000,0,none,,8.072416,8.072416,completed,30,5,rain,24.000000
32,1123,3448253596,93,Day 5 21:41,none,,8.072416,8.072416,completed,0.343333,0.522450,0.209175,0.755000,0.130000,0.134000,0.489239,0.250000,0.043000,10,1,1,1,0,0,0,1,1,1,1,0,1,0,0,1,1,0.167150,0.000000,0.147892,0.000000,0.000000,0.000000,0.203985,0.238803,0.000000,0.000000,0.000000,0.137402,0.000000,0.000000,0.000000,0.104768,turn_light_off,1,1,7062,light,none,,,0.000000,1.000000,0,none,,8.072416,8.072416,completed,30,5,rain,24.000000
32,1123,3448253596,94,Day 5 21:42,none,,8.072416,8.072416,completed,0.343667,0.522850,0.209175,0.774667,0.130833,0.134667,0.489239,0.249000,0.042400,10,1,1,1,0,0,0,1,1,1,1,1,0,0,0,1,1,0.169167,0.000000,0.149669,0.000000,0.000000,0.000000,0.206248,0.241477,0.000000,0.000000,0.127471,0.000000,0.000000,0.000000,0.000000,0.105967,turn_light_on,1,1,7063,light,none,,,0.000000,1.000000,0,none,,8.072416,8.072416,completed,30,5,rain,24.000000
32,1123,3448253596,95,Day 5 21:43,none,,8.072416,8.072416,completed,0.344000,0.523250,0.209175,0.794333,0.131667,0.135333,0.489239,0.248000,0.041800,10,1,1,1,0,0,0,1,1,1,1,0,1,0,0,1,1,0.167345,0.000000,0.148050,0.000000,0.000000,0.000000,0.203831,0.238671,0.000000,0.000000,0.000000,0.137342,0.000000,0.000000,0.000000,0.104760,sleep_at_bed,1,480,7543,bed,none,,,0.000000,1.000000,0,none,,8.072416,8.072416,completed,30,5,rain,24.000000
32,1123,3448253596,96,Day 6 05:43,none,,8.072416,8.072416,completed,0.424000,0.240126,0.209175,0.714333,0.531667,0.455333,0.489239,0.000000,0.000000,10,1,1,1,0,0,0,1,1,1,1,0,1,0,0,1,1,0.211941,0.000000,0.173639,0.000000,0.000000,0.000000,0.126494,0.000000,0.183704,0.197622,0.000000,0.000000,0.000000,0.000000,0.000000,0.106601,use_computer,1,30,7573,computer,none,,,0.000000,1.000000,0,none,,8.072416,8.072416,completed,30,5,rain,24.000000
32,1123,3448253596,97,Day 6 06:13,none,,8.072416,8.072416,completed,0.274000,0.360050,0.209175,0.704333,0.556667,0.475333,0.489239,0.080000,0.000000,10,1,1,1,0,0,0,1,1,1,1,0,1,0,0,1,1,0.178648,0.000000,0.155751,0.000000,0.000000,0.000000,0.156190,0.000000,0.193377,0.209142,0.000000,0.000000,0.000000,0.000000,0.000000,0.106892,use_phone,1,25,7598,phone,none,,,0.000000,1.000000,0,none,,8.072416,8.072416,completed,30,5,rain,24.000000
32,1123,3448253596,98,Day 6 06:38,none,,8.072416,8.072416,completed,0.062333,0.459459,0.209175,0.736000,0.577500,0.492000,0.489239,0.175000,0.085000,10,1,1,1,0,0,0,1,1,1,1,0,1,0,0,1,1,0.125215,0.000000,0.117691,0.000000,0.000000,0.000000,0.168448,0.000000,0.179010,0.194468,0.000000,0.121320,0.000000,0.000000,0.000000,0.093848,get_meal,1,35,7633,door,none,,,0.000000,1.000000,0,none,,8.072416,8.072416,completed,30,5,rain,24.000000
32,1123,3448253596,99,Day 6 07:13,none,,8.072416,8.072416,completed,0.034000,0.473459,0.209175,0.842683,0.056667,0.515333,0.489239,0.140000,0.064000,10,1,1,1,0,0,0,1,1,1,1,0,1,0,0,1,1,0.153159,0.000000,0.145229,0.000000,0.000000,0.000000,0.206810,0.000000,0.229115,0.000000,0.000000,0.149774,0.000000,0.000000,0.000000,0.115912,use_computer,1,30,7663,computer,none,,,0.000000,1.000000,0,none,,8.072416,8.072416,completed,30,5,rain,24.000000
32,1123,3448253596,100,Day 6 07:43,none,,8.072416,8.072416,completed,0.000000,0.593383,0.209175,0.832683,0.081667,0.535333,0.489239,0.220000,0.046000,10,1,1,1,0,0,0,1,1,1,1,0,1,0,0,1,1,0.104590,0.000000,0.102385,0.000000,0.000000,0.000000,0.185649,0.224785,0.175339,0.000000,0.000000,0.121334,0.000000,0.000000,0.000000,0.085918,sleep_at_bed,1,480,8143,bed,none,alarm-rings|weather-clear|message-study-group,,0.000000,1.000000,0,none,,8.072416,8.072416,completed,30,6,clear,24.000000
32,1123,3448253596,101,Day 6 15:43,none,,8.072416,8.072416,completed,0.110000,0.310259,0.209175,0.752683,0.481667,0.855333,0.547892,0.000000,0.000000,11,1,1,1,0,0,0,1,1,1,1,0,1,1,0,1,1,0.124402,0.000000,0.111983,0.000000,0.000000,0.000000,0.107740,0.000000,0.251318,0.147522,0.000000,0.000000,0.175878,0.000000,0.000000,0.081158,use_computer,1,30,8173,computer,none,room-temperature-shift,,0.000000,1.000000,0,none,,8.072416,8.072416,completed,30,6,clear,17.000000
32,1123,3448253596,102,Day 6 16:13,none,,8.072416,8.072416,completed,0.000000,0.470183,0.209175,0.682683,0.506667,0.875333,0.547892,0.080000,0.000000,11,1,1,1,0,0,0,1,1,1,1,0,1,1,0,1,1,0.095079,0.000000,0.090753,0.000000,0.000000,0.000000,0.122158,0.000000,0.232682,0.137314,0.000000,0.091534,0.158490,0.000000,0.000000,0.071989,turn_off_alarm,1,1,8174,alarm,none,,,0.000000,1.000000,0,none,,8.072416,8.072416,completed,30,6,clear,17.000000
32,1123,3448253596,103,Day 6 16:14,none,,8.072416,8.072416,completed,0.000333,0.470583,0.209175,0.712350,0.507500,0.876000,0.527892,0.079000,0.000000,10,1,1,1,0,0,0,1,1,1,1,0,1,0,0,1,1,0.112957,0.000000,0.107813,0.000000,0.000000,0.000000,0.145406,0.000000,0.276496,0.163200,0.000000,0.108658,0.000000,0.000000,0.000000,0.085471,go_to_bathroom,1,15,8189,door,none,,,0.000000,1.000000,0,none,,8.072416,8.072416,completed,30,6,clear,17.000000
32,1123,3448253596,104,Day 6 16:29,none,,8.072416,8.072416,completed,0.005333,0.476583,0.209175,0.785699,0.520000,0.266000,0.527892,0.064000,0.000000,10,1,1,1,0,0,0,1,1,1,1,0,1,0,0,1,1,0.134440,0.000000,0.128227,0.000000,0.000000,0.000000,0.170585,0.000000,0.142766,0.195427,0.000000,0.127777,0.000000,0.000000,0.000000,0.100777,use_computer,1,30,8219,computer,none,,,0.000000,1.000000,0,none,,8.072416,8.072416,completed,30,6,clear,17.000000
32,1123,3448253596,105,Day 6 16:59,none,,8.072416,8.072416,completed,0.000000,0.596506,0.209175,0.775699,0.545000,0.286000,0.527892,0.144000,0.000000,10,1,1,1,0,0,0,1,1,1,1,0,1,0,0,1,1,0.097925,0.000000,0.095703,0.000000,0.000000,0.000000,0.159023,0.192353,0.113461,0.156144,0.000000,0.107497,0.000000,0.000000,0.000000,0.077894,use_computer,1,30,8249,computer,none,,,0.000000,1.000000,0,none,,8.072416,8.072416,completed,30,6,clear,17.000000
32,1123,3448253596,106,Day 6 17:29,none,,8.072416,8.072416,completed,0.000000,0.716430,0.209175,0.765699,0.570000,0.306000,0.527892,0.224000,0.000000,10,1,1,1,0,0,0,1,1,1,1,0,1,0,0,1,1,0.084359,0.000000,0.084360,0.000000,0.000000,0.000000,0.174457,0.226560,0.106115,0.146817,0.000000,0.106426,0.000000,0.000000,0.000000,0.070907,use_phone,1,25,8274,phone,none,,,0.000000,1.000000,0,none,,8.072416,8.072416,completed,30,6,clear,17.000000
32,1123,3448253596,107,Day 6 17:54,none,,8.072416,8.072416,completed,0.000000,0.815840,0.209175,0.797366,0.590833,0.322667,0.527892,0.319000,0.085000,10,1,1,1,0,0,0,1,1,1,1,0,1,0,0,1,1,0.000000,0.000000,0.073036,0.000000,0.000000,0.000000,0.186984,0.258355,0.097623,0.135671,0.000000,0.103584,0.000000,0.000000,0.080969,0.063779,sleep_at_bed,1,480,8754,bed,none,evening,,0.000000,1.000000,0,none,,8.072416,8.072416,completed,30,6,clear,17.000000
32,1123,3448253596,108,Day 7 01:54,none,,8.072416,8.072416,completed,0.080000,0.532716,0.209175,0.717366,0.990833,0.642667,0.527892,0.000000,0.000000,10,1,1,1,0,0,0,1,1,1,1,0,1,0,0,1,1,0.114117,0.000000,0.107580,0.000000,0.000000,0.000000,0.134592,0.000000,0.184777,0.279705,0.000000,0.100015,0.000000,0.000000,0.000000,0.079214,get_meal,1,35,8789,door,none,,,0.000000,1.000000,0,none,,8.072416,8.072416,completed,30,6,clear,17.000000
32,1123,3448253596,109,Day 7 02:29,none,,8.072416,8.072416,completed,0.051667,0.546716,0.209175,0.824049,0.470000,0.666000,0.527892,0.000000,0.000000,10,1,1,1,0,0,0,1,1,1,1,0,1,0,0,1,1,0.128058,0.000000,0.121913,0.000000,0.000000,0.000000,0.157819,0.000000,0.220263,0.164520,0.000000,0.116306,0.000000,0.000000,0.000000,0.091122,rest_at_bed,1,60,8849,bed,none,,,0.000000,1.000000,0,none,,8.072416,8.072416,completed,30,6,clear,17.000000
32,1123,3448253596,110,Day 7 03:29,none,,8.072416,8.072416,completed,0.111667,0.330724,0.209175,0.854049,0.520000,0.706000,0.527892,0.000000,0.000000,10,1,1,1,0,0,0,1,1,1,1,0,1,0,0,1,1,0.157501,0.000000,0.142217,0.000000,0.000000,0.000000,0.140123,0.000000,0.260509,0.196671,0.000000,0.000000,0.000000,0.000000,0.000000,0.102979,rest_at_bed,1,60,8909,bed,none,,,0.000000,1.000000,0,none,,8.072416,8.072416,completed,30,6,clear,17.000000
32,1123,3448253596,111,Day 7 04:29,none,,8.072416,8.072416,completed,0.171667,0.114732,0.209175,0.884049,0.570000,0.746000,0.527892,0.000000,0.000000,10,1,1,1,0,0,0,1,1,1,1,0,1,0,0,1,1,0.190063,0.000000,0.162775,0.000000,0.000000,0.000000,0.000000,0.000000,0.302302,0.230674,0.000000,0.000000,0.000000,0.000000,0.000000,0.114187,go_to_bathroom,1,15,8924,door,none,,,0.000000,1.000000,0,none,,8.072416,8.072416,completed,30,6,clear,17.000000
32,1123,3448253596,112,Day 7 04:44,none,,8.072416,8.072416,completed,0.176667,0.120732,0.209175,0.957398,0.582500,0.136000,0.527892,0.000000,0.000000,10,1,1,1,0,0,0,1,1,1,1,0,1,0,0,1,1,0.271426,0.000000,0.232393,0.000000,0.000000,0.000000,0.000000,0.000000,0.000000,0.333587,0.000000,0.000000,0.000000,0.000000,0.000000,0.162594,idle,1,10,8934,,none,,,0.000000,1.000000,0,none,,8.072416,8.072416,completed,30,6,clear,17.000000
32,1123,3448253596,113,Day 7 04:54,none,,8.072416,8.072416,completed,0.300000,0.124732,0.209175,0.904065,0.590833,0.142667,0.527892,0.000000,0.000000,10,1,1,1,0,0,0,1,1,1,1,0,1,0,0,1,1,0.243520,0.000000,0.202025,0.000000,0.000000,0.000000,0.000000,0.000000,0.152202,0.269824,0.000000,0.000000,0.000000,0.000000,0.000000,0.132428,use_phone,1,25,8959,phone,none,,,0.000000,1.000000,0,none,,8.072416,8.072416,completed,30,6,clear,17.000000
32,1123,3448253596,114,Day 7 05:19,none,,8.072416,8.072416,completed,0.088333,0.224141,0.209175,0.935732,0.611667,0.159333,0.527892,0.095000,0.085000,10,1,1,1,0,0,0,1,1,1,1,0,1,0,0,1,1,0.173652,0.000000,0.155311,0.000000,0.000000,0.000000,0.154146,0.000000,0.143345,0.255256,0.000000,0.000000,0.000000,0.000000,0.000000,0.118290,get_meal,1,35,8994,door,none,,,0.000000,1.000000,0,none,,8.072416,8.072416,completed,30,6,clear,17.000000
32,1123,3448253596,115,Day 7 05:54,none,,8.072416,8.072416,completed,0.060000,0.238141,0.209175,1.000000,0.090833,0.182667,0.527892,0.060000,0.064000,10,1,1,1,0,0,0,1,1,1,1,0,1,0,0,1,1,0.230155,0.000000,0.207669,0.000000,0.000000,0.000000,0.205066,0.000000,0.198799,0.000000,0.000000,0.000000,0.000000,0.000000,0.000000,0.158310,use_computer,1,30,9024,computer,none,,,0.000000,1.000000,0,none,,8.072416,8.072416,completed,30,6,clear,17.000000
32,1123,3448253596,116,Day 7 06:24,none,,8.072416,8.072416,completed,0.000000,0.358065,0.209175,0.990000,0.115833,0.202667,0.527892,0.140000,0.046000,10,1,1,1,0,0,0,1,1,1,1,0,1,0,0,1,1,0.204426,0.000000,0.191722,0.000000,0.000000,0.000000,0.245315,0.000000,0.202743,0.000000,0.000000,0.000000,0.000000,0.000000,0.000000,0.155794,use_phone,1,25,9049,phone,none,,,0.000000,1.000000,0,none,,8.072416,8.072416,completed,30,6,clear,17.000000
32,1123,3448253596,117,Day 7 06:49,none,,8.072416,8.072416,completed,0.000000,0.457475,0.209175,1.000000,0.136667,0.219333,0.527892,0.235000,0.131000,10,1,1,1,0,0,0,1,1,1,1,0,1,0,0,1,1,0.155574,0.000000,0.148832,0.000000,0.000000,0.000000,0.235758,0.000000,0.167244,0.000000,0.000000,0.166941,0.000000,0.000000,0.000000,0.125651,go_to_bathroom,1,15,9064,door,none,,,0.000000,1.000000,0,none,,8.072416,8.072416,completed,30,6,clear,17.000000
32,1123,3448253596,118,Day 7 07:04,none,,8.072416,8.072416,completed,0.005000,0.463475,0.209175,1.000000,0.149167,0.000000,0.527892,0.220000,0.122000,10,1,1,1,0,0,0,1,1,1,1,0,1,0,0,1,1,0.159495,0.000000,0.152476,0.000000,0.000000,0.000000,0.238244,0.000000,0.000000,0.153067,0.000000,0.169101,0.000000,0.000000,0.000000,0.127616,get_meal,1,35,9099,door,none,,,0.000000,1.000000,0,none,,8.072416,8.072416,completed,30,6,clear,17.000000
32,1123,3448253596,119,Day 7 07:39,none,,8.072416,8.072416,completed,0.000000,0.477475,0.209175,1.000000,0.000000,0.023333,0.527892,0.185000,0.101000,10,1,1,1,0,0,0,1,1,1,1,0,1,0,0,1,1,0.189904,0.000000,0.182040,0.000000,0.000000,0.000000,0.278592,0.000000,0.000000,0.000000,0.000000,0.198836,0.000000,0.000000,0.000000,0.150628,use_computer,1,30,9129,computer,none,alarm-rings,,0.000000,1.000000,0,none,,8.072416,8.072416,completed,30,6,clear,17.000000
32,1123,3448253596,120,Day 7 08:09,none,,8.072416,8.072416,completed,0.000000,0.597399,0.209175,0.990000,0.025000,0.043333,0.586545,0.265000,0.083000,11,1,1,1,0,0,0,1,1,1,1,0,1,1,0,1,1,0.099638,0.000000,0.097731,0.000000,0.000000,0.000000,0.184583,0.228217,0.000000,0.000000,0.000000,0.119895,0.186426,0.000000,0.000000,0.083511,turn_light_off,1,1,9130,light,none,,,0.000000,1.000000,0,none,,8.072416,8.072416,completed,30,6,clear,17.000000
32,1123,3448253596,121,Day 7 08:10,none,,8.072416,8.072416,completed,0.000333,0.597799,0.209175,1.000000,0.025833,0.044000,0.586545,0.264000,0.082400,11,1,1,1,0,0,0,1,1,1,1,1,0,1,0,1,1,0.100986,0.000000,0.099048,0.000000,0.000000,0.000000,0.186900,0.231106,0.000000,0.000000,0.108552,0.000000,0.188821,0.000000,0.000000,0.084587,sleep_at_bed,1,396,9526,bed,none,room-temperature-shift,,0.000000,1.000000,0,none,,8.072416,8.072416,completed,30,6,clear,17.000000
32,1123,3448253596,122,Day 7 14:46,none,,8.072416,8.072416,completed,0.052333,0.290157,0.209175,0.948000,0.355833,0.308000,0.586545,0.000000,0.000000,11,1,1,1,0,0,0,1,1,1,1,1,0,1,0,1,1,0.126188,0.000000,0.114917,0.000000,0.000000,0.000000,0.111848,0.000000,0.127880,0.133696,0.109369,0.000000,0.190241,0.000000,0.000000,0.085862,rest_at_bed,1,60,9586,bed,none,weather-rain,,0.000000,1.000000,0,none,,8.072416,8.072416,completed,30,6,rain,17.000000
32,1123,3448253596,123,Day 7 15:46,none,,8.072416,8.072416,completed,0.112333,0.074165,0.209175,0.978000,0.405833,0.348000,0.586545,0.000000,0.000000,11,1,1,1,0,0,0,1,1,1,1,1,0,1,0,1,1,0.150235,0.000000,0.129766,0.000000,0.000000,0.000000,0.000000,0.000000,0.146407,0.154709,0.118620,0.000000,0.206333,0.000000,0.000000,0.093931,use_phone,1,25,9611,phone,none,,,0.000000,1.000000,0,none,,8.072416,8.072416,completed,30,6,rain,17.000000
32,1123,3448253596,124,Day 7 16:11,none,,8.072416,8.072416,completed,0.000000,0.173574,0.209175,1.000000,0.426667,0.364667,0.586545,0.095000,0.085000,11,1,1,1,0,0,0,1,1,1,1,1,0,1,0,1,1,0.117748,0.000000,0.106837,0.000000,0.000000,0.000000,0.105662,0.000000,0.138130,0.146615,0.109420,0.000000,0.190330,0.000000,0.000000,0.085259,use_phone,1,25,9636,phone,none,,,0.000000,1.000000,0,none,,8.072416,8.072416,completed,30,6,rain,17.000000
32,1123,3448253596,125,Day 7 16:36,none,,8.072416,8.072416,completed,0.000000,0.272984,0.209175,1.000000,0.447500,0.381333,0.586545,0.190000,0.170000,11,1,1,1,0,0,0,1,1,1,1,1,0,1,0,1,1,0.098582,0.097853,0.091241,0.000000,0.000000,0.000000,0.111714,0.000000,0.125354,0.133647,0.097086,0.000000,0.168875,0.000000,0.000000,0.075649,shop_on_phone,1,20,9656,phone,none,,,0.000000,1.000000,0,none,,8.072416,8.072416,completed,0,6,rain,17.000000
32,1123,3448253596,126,Day 7 16:56,none,,8.072416,8.072416,completed,0.006667,0.286927,0.209175,1.000000,0.464167,0.394667,0.586545,0.250000,0.000000,11,1,1,1,0,0,0,1,1,1,1,1,0,1,0,1,1,0.105951,0.000000,0.098295,0.000000,0.000000,0.000000,0.130081,0.000000,0.140231,0.150042,0.106667,0.000000,0.185541,0.000000,0.000000,0.083194,go_to_bathroom,1,15,9671,door,none,,,0.000000,1.000000,0,none,,8.072416,8.072416,completed,0,6,rain,17.000000
32,1123,3448253596,127,Day 7 17:11,none,,8.072416,8.072416,completed,0.011667,0.292927,0.209175,1.000000,0.476667,0.000000,0.586545,0.235000,0.000000,11,1,1,1,0,0,0,1,1,1,1,1,0,1,0,1,1,0.123912,0.000000,0.114878,0.000000,0.000000,0.000000,0.149958,0.000000,0.000000,0.176551,0.123496,0.000000,0.214815,0.000000,0.000000,0.096389,get_meal,1,35,9706,door,none,message-study-group,,0.000000,1.000000,0,none,,8.072416,8.072416,completed,0,7,rain,17.000000
32,1123,3448253596,128,Day 7 17:46,none,,8.072416,8.072416,completed,0.000000,0.306927,0.209175,1.000000,0.000000,0.023333,0.586545,0.200000,0.000000,11,1,1,1,0,0,0,1,1,1,1,1,0,1,0,1,1,0.150880,0.000000,0.140503,0.000000,0.000000,0.000000,0.180446,0.000000,0.000000,0.000000,0.150106,0.000000,0.261102,0.000000,0.000000,0.116962,use_phone,1,25,9731,phone,none,,,0.000000,1.000000,0,none,,8.072416,8.072416,completed,0,7,rain,17.000000
32,1123,3448253596,129,Day 7 18:11,none,,8.072416,8.072416,completed,0.000000,0.406337,0.209175,1.000000,0.020833,0.040000,0.586545,0.295000,0.085000,11,1,1,1,0,0,0,1,1,1,1,1,0,1,0,1,1,0.139469,0.000000,0.132482,0.000000,0.000000,0.000000,0.210638,0.000000,0.000000,0.000000,0.147049,0.000000,0.255783,0.000000,0.000000,0.114579,turn_light_on,1,1,9732,light,none,,,0.000000,1.000000,0,none,,8.072416,8.072416,completed,0,7,rain,17.000000
32,1123,3448253596,130,Day 7 18:12,none,,8.072416,8.072416,completed,0.000333,0.406737,0.209175,1.000000,0.021667,0.040667,0.586545,0.294000,0.084400,11,1,1,1,0,0,0,1,1,1,1,0,1,1,0,1,1,0.138942,0.000000,0.131976,0.000000,0.000000,0.000000,0.209642,0.000000,0.000000,0.000000,0.000000,0.150718,0.254646,0.000000,0.000000,0.114076,idle,1,10,9742,,none,,,0.000000,1.000000,0,none,,8.072416,8.072416,completed,0,7,rain,17.000000
32,1123,3448253596,131,Day 7 18:22,none,,8.072416,8.072416,completed,0.123667,0.410737,0.209175,0.946667,0.030000,0.047333,0.586545,0.284000,0.078400,11,1,1,1,0,0,0,1,1,1,1,0,1,1,0,1,1,0.151794,0.000000,0.139666,0.000000,0.000000,0.000000,0.202805,0.000000,0.000000,0.000000,0.000000,0.146034,0.247051,0.000000,0.000000,0.112651,rest_at_bed,1,60,9802,bed,none,evening,,0.000000,1.000000,0,none,,8.072416,8.072416,completed,0,7,rain,17.000000
32,1123,3448253596,132,Day 7 19:22,none,,8.072416,8.072416,completed,0.183667,0.194745,0.209175,0.976667,0.080000,0.087333,0.586545,0.084000,0.042400,11,1,1,1,0,0,0,1,1,1,1,0,1,1,0,1,1,0.216448,0.000000,0.187810,0.000000,0.000000,0.000000,0.165905,0.000000,0.000000,0.000000,0.000000,0.000000,0.294424,0.000000,0.000000,0.135414,use_phone,1,25,9827,phone,none,,,0.000000,1.000000,0,none,,8.072416,8.072416,completed,0,7,rain,17.000000
32,1123,3448253596,133,Day 7 19:47,none,,8.072416,8.072416,completed,0.000000,0.294154,0.209175,1.000000,0.100833,0.104000,0.586545,0.179000,0.127400,11,1,1,1,0,0,0,1,1,1,1,0,1,1,0,1,1,0.180008,0.000000,0.167160,0.000000,0.000000,0.000000,0.206824,0.000000,0.000000,0.000000,0.000000,0.000000,0.308026,0.000000,0.000000,0.137982,rest_at_bed,1,60,9887,bed,none,,,0.000000,1.000000,0,none,,8.072416,8.072416,completed,0,7,rain,17.000000
32,1123,3448253596,134,Day 7 20:47,none,,8.072416,8.072416,completed,0.060000,0.078163,0.209175,1.000000,0.150833,0.144000,0.586545,0.000000,0.091400,11,1,1,1,0,0,0,1,1,1,1,0,1,1,0,1,1,0.180956,0.000000,0.158563,0.000000,0.000000,0.000000,0.000000,0.000000,0.140622,0.140717,0.000000,0.000000,0.261147,0.000000,0.000000,0.117994,turn_off_alarm,1,1,9888,alarm,none,,,0.000000,1.000000,0,none,,8.072416,8.072416,completed,0,7,rain,17.000000
32,1123,3448253596,135,Day 7 20:48,none,,8.072416,8.072416,completed,0.060333,0.078563,0.209175,1.000000,0.151667,0.144667,0.566545,0.000000,0.090800,10,1,1,1,0,0,0,1,1,1,1,0,1,0,0,1,1,0.244854,0.000000,0.214550,0.000000,0.000000,0.000000,0.000000,0.000000,0.190403,0.190565,0.000000,0.000000,0.000000,0.000000,0.000000,0.159629,get_meal,1,35,9923,door,none,,,0.000000,1.000000,0,none,,8.072416,8.072416,completed,0,7,rain,17.000000
32,1123,3448253596,136,Day 7 21:23,none,,8.072416,8.072416,completed,0.032000,0.092563,0.209175,1.000000,0.000000,0.168000,0.566545,0.000000,0.069800,10,1,1,1,0,0,0,1,1,1,1,0,1,0,0,1,1,0.295925,0.000000,0.261859,0.000000,0.000000,0.000000,0.000000,0.000000,0.244449,0.000000,0.000000,0.000000,0.000000,0.000000,0.000000,0.197767,use_phone,1,25,9948,phone,none,,,0.000000,1.000000,0,none,,8.072416,8.072416,completed,0,7,rain,17.000000
32,1123,3448253596,137,Day 7 21:48,none,,8.072416,8.072416,completed,0.000000,0.191972,0.209175,1.000000,0.020833,0.184667,0.566545,0.095000,0.154800,10,1,1,1,0,0,0,1,1,1,1,0,1,0,0,1,1,0.185175,0.170417,0.168548,0.000000,0.000000,0.000000,0.170521,0.000000,0.170831,0.000000,0.000000,0.000000,0.000000,0.000000,0.000000,0.134507,use_computer,1,30,9978,computer,none,,,0.000000,1.000000,0,none,,8.072416,8.072416,completed,0,7,rain,17.000000
32,1123,3448253596,138,Day 7 22:18,none,,8.072416,8.072416,completed,0.000000,0.311896,0.209175,0.990000,0.045833,0.204667,0.566545,0.175000,0.136800,10,1,1,1,0,0,0,1,1,1,1,0,1,0,0,1,1,0.171761,0.162980,0.159971,0.000000,0.000000,0.000000,0.201424,0.000000,0.172029,0.000000,0.000000,0.000000,0.000000,0.000000,0.000000,0.131836,use_phone,1,25,10003,phone,none,,,0.000000,1.000000,0,none,,8.072416,8.072416,completed,0,7,rain,17.000000
32,1123,3448253596,139,Day 7 22:43,none,,8.072416,8.072416,completed,0.000000,0.411306,0.209175,1.000000,0.066667,0.221333,0.566545,0.270000,0.221800,10,1,1,1,0,0,0,1,1,1,1,0,1,0,0,1,1,0.132835,0.150004,0.126199,0.000000,0.000000,0.000000,0.196718,0.000000,0.144210,0.000000,0.000000,0.141980,0.000000,0.000000,0.000000,0.108053,use_phone,1,25,10028,phone,none,,,0.000000,1.000000,0,none,,8.072416,8.072416,completed,0,7,rain,17.000000
32,1123,3448253596,140,Day 7 23:08,none,,8.072416,8.072416,completed,0.000000,0.510715,0.209175,1.000000,0.087500,0.238000,0.566545,0.365000,0.306800,10,1,1,1,0,0,0,1,1,1,1,0,1,0,0,1,1,0.103026,0.138457,0.000000,0.000000,0.000000,0.000000,0.192672,0.229514,0.121237,0.000000,0.000000,0.126279,0.000000,0.000000,0.000000,0.088815,turn_light_off,1,1,10029,light,none,,,0.000000,1.000000,0,none,,8.072416,8.072416,completed,0,7,rain,17.000000
32,1123,3448253596,141,Day 7 23:09,none,,8.072416,8.072416,completed,0.000333,0.511115,0.209175,1.000000,0.088333,0.238667,0.566545,0.364000,0.306200,10,1,1,1,0,0,0,1,1,1,1,1,0,0,0,1,1,0.104419,0.140125,0.000000,0.000000,0.000000,0.000000,0.195091,0.232418,0.122904,0.000000,0.115083,0.000000,0.000000,0.000000,0.000000,0.089960,shop_on_phone,0,0,10029,phone,resource_insufficient,,,0.000000,1.000000,0,none,,8.072416,8.072416,completed,0,7,rain,17.000000
32,1123,3448253596,142,Day 7 23:09,none,,8.072416,8.072416,completed,0.000333,0.511115,0.209175,0.970000,0.088333,0.238667,0.596545,0.364000,0.306200,10,1,1,1,0,0,0,1,1,1,1,1,0,0,0,1,1,0.104450,0.140166,0.000000,0.000000,0.000000,0.000000,0.194309,0.232486,0.122940,0.000000,0.115663,0.000000,0.000000,0.000000,0.000000,0.089986,use_phone,1,25,10054,phone,none,,,0.000000,1.000000,0,none,,8.072416,8.072416,completed,0,7,rain,17.000000
32,1123,3448253596,143,Day 7 23:34,none,,8.072416,8.072416,completed,0.000000,0.610525,0.209175,1.000000,0.109167,0.255333,0.596545,0.459000,0.391200,10,1,1,1,0,0,0,1,1,1,1,1,0,0,0,1,1,0.000000,0.155060,0.000000,0.000000,0.000000,0.000000,0.228101,0.290369,0.123877,0.000000,0.113947,0.000000,0.000000,0.000000,0.000000,0.088646,sleep_at_bed,1,480,10534,bed,none,,,0.000000,1.000000,0,none,,8.072416,8.072416,completed,0,7,rain,17.000000
32,1123,3448253596,144,Day 8 07:34,none,,8.072416,8.072416,completed,0.080000,0.327401,0.209175,0.920000,0.509167,0.575333,0.596545,0.000000,0.103200,10,1,1,1,0,0,0,1,1,1,1,1,0,0,0,1,1,0.142261,0.000000,0.129449,0.000000,0.000000,0.000000,0.128548,0.000000,0.202986,0.180317,0.121121,0.000000,0.000000,0.000000,0.000000,0.095317,go_to_bathroom,1,15,10549,door,none,,,0.000000,1.000000,0,none,,8.072416,8.072416,completed,0,7,rain,17.000000
32,1123,3448253596,145,Day 8 07:49,none,,8.072416,8.072416,completed,0.085000,0.333401,0.209175,0.993350,0.521667,0.000000,0.596545,0.000000,0.094200,10,1,1,1,0,0,0,1,1,1,1,1,0,0,0,1,1,0.178070,0.000000,0.161989,0.000000,0.000000,0.000000,0.161361,0.000000,0.000000,0.228559,0.151059,0.000000,0.000000,0.000000,0.000000,0.118962,turn_light_on,1,1,10550,light,none,,,0.000000,1.000000,0,none,,8.072416,8.072416,completed,0,7,rain,17.000000
32,1123,3448253596,146,Day 8 07:50,none,,8.072416,8.072416,completed,0.085333,0.333801,0.209175,1.000000,0.522500,0.000667,0.596545,0.000000,0.093600,10,1,1,1,0,0,0,1,1,1,1,0,1,0,0,1,1,0.209707,0.000000,0.190766,0.000000,0.000000,0.000000,0.190065,0.000000,0.000000,0.269392,0.000000,0.000000,0.000000,0.000000,0.000000,0.140070,rest_at_bed,1,60,10610,bed,none,alarm-rings,,0.000000,1.000000,0,none,,8.072416,8.072416,completed,0,7,rain,17.000000
32,1123,3448253596,147,Day 8 08:50,none,,8.072416,8.072416,completed,0.175333,0.117809,0.209175,1.000000,0.572500,0.040667,0.655199,0.000000,0.057600,11,1,1,1,0,0,0,1,1,1,1,0,1,1,0,1,1,0.199728,0.000000,0.170979,0.000000,0.000000,0.000000,0.000000,0.000000,0.000000,0.242488,0.000000,0.000000,0.267095,0.000000,0.000000,0.119710,use_phone,1,25,10635,phone,none,,,0.000000,1.000000,0,none,,8.072416,8.072416,completed,0,7,rain,17.000000
32,1123,3448253596,148,Day 8 09:15,none,,8.072416,8.072416,completed,0.000000,0.217218,0.209175,1.000000,0.593333,0.057333,0.655199,0.095000,0.142600,11,1,1,1,0,0,0,1,1,1,1,0,1,1,0,1,1,0.129578,0.117794,0.118458,0.000000,0.000000,0.000000,0.121590,0.000000,0.000000,0.201746,0.000000,0.000000,0.216300,0.000000,0.000000,0.094533,use_computer,1,30,10665,computer,none,,,0.000000,1.000000,0,none,,8.072416,8.072416,completed,0,7,rain,17.000000
32,1123,3448253596,149,Day 8 09:45,none,,8.072416,8.072416,completed,0.000000,0.337142,0.209175,0.990000,0.618333,0.077333,0.655199,0.175000,0.124600,11,1,1,1,0,0,0,1,1,1,1,0,1,1,0,1,1,0.135786,0.000000,0.127017,0.000000,0.000000,0.000000,0.162260,0.000000,0.000000,0.230749,0.000000,0.000000,0.239510,0.000000,0.000000,0.104678,use_phone,1,25,10690,phone,none,,,0.000000,1.000000,0,none,,8.072416,8.072416,completed,0,7,rain,17.000000
32,1123,3448253596,150,Day 8 10:10,none,,8.072416,8.072416,completed,0.000000,0.436552,0.209175,1.000000,0.639167,0.094000,0.655199,0.270000,0.209600,11,1,1,1,0,0,0,1,1,1,1,0,1,1,0,1,1,0.098021,0.109337,0.093530,0.000000,0.000000,0.000000,0.147917,0.000000,0.000000,0.181360,0.000000,0.106521,0.183233,0.000000,0.000000,0.080081,turn_light_off,1,1,10691,light,none,,,0.000000,1.000000,0,none,,8.072416,8.072416,completed,0,7,rain,17.000000
32,1123,3448253596,151,Day 8 10:11,none,,8.072416,8.072416,completed,0.000333,0.436952,0.209175,1.000000,0.640000,0.094667,0.655199,0.269000,0.209000,11,1,1,1,0,0,0,1,1,1,1,1,0,1,0,1,1,0.098326,0.109517,0.093816,0.000000,0.000000,0.000000,0.148235,0.000000,0.000000,0.181998,0.104149,0.000000,0.183679,0.000000,0.000000,0.080280,shop_on_phone,0,0,10691,phone,resource_insufficient,,,0.000000,1.000000,0,none,,8.072416,8.072416,completed,0,7,rain,17.000000
32,1123,3448253596,152,Day 8 10:11,none,,8.072416,8.072416,completed,0.000333,0.436952,0.209175,0.970000,0.640000,0.094667,0.685199,0.269000,0.209000,11,1,1,1,0,0,0,1,1,1,1,1,0,1,0,1,1,0.098145,0.109316,0.093643,0.000000,0.000000,0.000000,0.147326,0.000000,0.000000,0.181662,0.104450,0.000000,0.185326,0.000000,0.000000,0.080132,rest_at_bed,1,60,10751,bed,none,weather-clear,,0.000000,1.000000,0,none,,8.072416,8.072416,completed,0,7,clear,17.000000
32,1123,3448253596,153,Day 8 11:11,none,,8.072416,8.072416,completed,0.060333,0.220960,0.209175,1.000000,0.690000,0.134667,0.685199,0.069000,0.173000,11,1,1,1,0,0,0,1,1,1,1,1,0,1,0,1,1,0.118222,0.105366,0.106374,0.000000,0.000000,0.000000,0.101810,0.000000,0.000000,0.195127,0.105155,0.000000,0.186575,0.000000,0.000000,0.081371,use_computer,1,30,10781,computer,none,,,0.000000,1.000000,0,none,,8.072416,8.072416,completed,0,7,clear,17.000000
32,1123,3448253596,154,Day 8 11:41,none,,8.072416,8.072416,completed,0.000000,0.340884,0.209175,0.990000,0.715000,0.154667,0.685199,0.149000,0.155000,11,1,1,1,0,0,0,1,1,1,1,1,0,1,0,1,1,0.095971,0.092777,0.089764,0.000000,0.000000,0.000000,0.111348,0.000000,0.089280,0.182908,0.095428,0.000000,0.169317,0.000000,0.000000,0.073207,use_phone,1,25,10806,phone,none,,,0.000000,1.000000,0,none,,8.072416,8.072416,completed,0,7,clear,17.000000
32,1123,3448253596,155,Day 8 12:06,none,,8.072416,8.072416,completed,0.000000,0.440294,0.209175,1.000000,0.735833,0.171333,0.685199,0.244000,0.240000,11,1,1,1,0,0,0,1,1,1,1,1,0,1,0,1,1,0.087834,0.101051,0.083801,0.000000,0.000000,0.000000,0.128692,0.000000,0.088569,0.182262,0.092558,0.000000,0.164226,0.000000,0.000000,0.071006,use_phone,1,25,10831,phone,none,,,0.000000,1.000000,0,none,,8.072416,8.072416,completed,0,7,clear,17.000000
32,1123,3448253596,156,Day 8 12:31,none,,8.072416,8.072416,completed,0.000000,0.539703,0.209175,1.000000,0.756667,0.188000,0.685199,0.339000,0.325000,11,1,1,1,0,0,0,1,1,1,1,1,0,1,0,1,1,0.072483,0.099241,0.000000,0.000000,0.000000,0.000000,0.134111,0.164510,0.079224,0.163759,0.080947,0.000000,0.143624,0.000000,0.000000,0.062098,shop_on_phone,0,0,10831,phone,resource_insufficient,,,0.000000,1.000000,0,none,,8.072416,8.072416,completed,0,7,clear,17.000000
32,1123,3448253596,157,Day 8 12:31,none,,8.072416,8.072416,completed,0.000000,0.539703,0.209175,0.970000,0.756667,0.188000,0.715199,0.339000,0.325000,11,1,1,1,0,0,0,1,1,1,1,1,0,1,0,1,1,0.072384,0.099106,0.000000,0.000000,0.000000,0.000000,0.133353,0.164286,0.079117,0.163536,0.081221,0.000000,0.144982,0.000000,0.000000,0.062014,shop_on_phone,0,0,10831,phone,resource_insufficient,,,0.000000,1.000000,0,none,,8.072416,8.072416,completed,0,7,clear,17.000000
32,1123,3448253596,158,Day 8 12:31,none,,8.072416,8.072416,completed,0.000000,0.539703,0.209175,0.940000,0.756667,0.188000,0.745199,0.339000,0.325000,11,1,1,1,0,0,0,1,1,1,1,1,0,1,0,1,1,0.072284,0.098970,0.000000,0.000000,0.000000,0.000000,0.132596,0.164060,0.079007,0.163310,0.081494,0.000000,0.146350,0.000000,0.000000,0.061928,sleep_at_bed,1,84,10915,bed,none,room-temperature-shift,,0.000000,1.000000,0,none,,8.072416,8.072416,completed,0,7,clear,17.000000
32,1123,3448253596,159,Day 8 13:55,none,,8.072416,8.072416,completed,0.000000,0.140994,0.209175,0.992000,0.826667,0.244000,0.745199,0.000000,0.274600,11,1,1,1,0,0,0,1,1,1,1,1,0,1,0,1,1,0.109748,0.113167,0.098751,0.000000,0.000000,0.000000,0.000000,0.000000,0.104386,0.219020,0.099818,0.000000,0.179256,0.000000,0.000000,0.075853,turn_off_alarm,1,1,10916,alarm,none,,,0.000000,1.000000,0,none,,8.072416,8.072416,completed,0,7,clear,17.000000
32,1123,3448253596,160,Day 8 13:56,none,,8.072416,8.072416,completed,0.000333,0.141394,0.209175,1.000000,0.827500,0.244667,0.725199,0.000000,0.274000,10,1,1,1,0,0,0,1,1,1,1,1,0,0,0,1,1,0.133754,0.137779,0.120349,0.000000,0.000000,0.000000,0.000000,0.000000,0.127303,0.267151,0.121239,0.000000,0.000000,0.000000,0.000000,0.092426,get_meal,1,35,10951,door,none,,,0.000000,1.000000,0,none,,8.072416,8.072416,completed,0,7,clear,17.000000
32,1123,3448253596,161,Day 8 14:31,none,,8.072416,8.072416,completed,0.000000,0.155394,0.209175,1.000000,0.306667,0.268000,0.725199,0.000000,0.253000,10,1,1,1,0,0,0,1,1,1,1,1,0,0,0,1,1,0.153554,0.154121,0.138510,0.000000,0.000000,0.000000,0.000000,0.000000,0.151245,0.156612,0.139566,0.000000,0.000000,0.000000,0.000000,0.106393,shop_on_phone,0,0,10951,phone,resource_insufficient,,,0.000000,1.000000,0,none,,8.072416,8.072416,completed,0,7,clear,17.000000
32,1123,3448253596,162,Day 8 14:31,none,,8.072416,8.072416,completed,0.000000,0.155394,0.209175,0.970000,0.306667,0.268000,0.755199,0.000000,0.253000,10,1,1,1,0,0,0,1,1,1,1,1,0,0,0,1,1,0.153452,0.154019,0.138418,0.000000,0.000000,0.000000,0.000000,0.000000,0.151144,0.156508,0.140136,0.000000,0.000000,0.000000,0.000000,0.106322,go_to_bathroom,1,15,10966,door,none,,,0.000000,1.000000,0,none,,8.072416,8.072416,completed,0,7,clear,17.000000
32,1123,3448253596,163,Day 8 14:46,none,,8.072416,8.072416,completed,0.005000,0.161394,0.209175,1.000000,0.319167,0.000000,0.755199,0.000000,0.244000,10,1,1,1,0,0,0,1,1,1,1,1,0,0,0,1,1,0.181039,0.178923,0.163258,0.000000,0.000000,0.000000,0.000000,0.000000,0.000000,0.186979,0.164729,0.000000,0.000000,0.000000,0.000000,0.125071,use_phone,1,25,10991,phone,none,,,0.000000,1.000000,0,none,,8.072416,8.072416,completed,0,7,clear,17.000000
32,1123,3448253596,164,Day 8 15:11,none,,8.072416,8.072416,completed,0.000000,0.260804,0.209175,1.000000,0.340000,0.016667,0.755199,0.095000,0.329000,10,1,1,1,0,0,0,1,1,1,1,1,0,0,0,1,1,0.144664,0.170867,0.133246,0.000000,0.000000,0.000000,0.141300,0.000000,0.000000,0.163435,0.140153,0.000000,0.000000,0.000000,0.000000,0.106335,use_computer,1,30,11021,computer,none,message-study-group,,0.000000,1.000000,0,none,,8.072416,8.072416,completed,0,8,clear,17.000000
32,1123,3448253596,165,Day 8 15:41,none,,8.072416,8.072416,completed,0.000000,0.380728,0.209175,0.990000,0.365000,0.036667,0.755199,0.175000,0.311000,10,1,1,1,0,0,0,1,1,1,1,1,0,0,0,1,1,0.134451,0.163735,0.126716,0.000000,0.000000,0.000000,0.167237,0.000000,0.000000,0.165791,0.137641,0.000000,0.000000,0.000000,0.000000,0.104429,get_meal,1,35,11056,door,none,,,0.000000,1.000000,0,none,,8.072416,8.072416,completed,0,8,clear,17.000000
32,1123,3448253596,166,Day 8 16:16,none,,8.072416,8.072416,completed,0.000000,0.394728,0.209175,1.000000,0.000000,0.060000,0.755199,0.140000,0.290000,10,1,1,1,0,0,0,1,1,1,1,1,0,0,0,1,1,0.163773,0.191371,0.154569,0.000000,0.000000,0.000000,0.199134,0.000000,0.000000,0.000000,0.165549,0.000000,0.000000,0.000000,0.000000,0.125603,rest_at_bed,1,60,11116,bed,none,,,0.000000,1.000000,0,none,,8.072416,8.072416,completed,0,8,clear,17.000000
32,1123,3448253596,167,Day 8 17:16,none,,8.072416,8.072416,completed,0.060000,0.178736,0.209175,1.000000,0.050000,0.100000,0.755199,0.000000,0.254000,10,1,1,1,0,0,0,1,1,1,1,1,0,0,0,1,1,0.228232,0.218991,0.203485,0.000000,0.000000,0.000000,0.000000,0.000000,0.000000,0.000000,0.197868,0.000000,0.000000,0.000000,0.000000,0.151423,use_computer,1,30,11146,computer,none,,,0.000000,1.000000,0,none,,8.072416,8.072416,completed,0,8,clear,17.000000
32,1123,3448253596,168,Day 8 17:46,none,,8.072416,8.072416,completed,0.000000,0.298660,0.209175,0.990000,0.075000,0.120000,0.755199,0.080000,0.236000,10,1,1,1,0,0,0,1,1,1,1,1,0,0,0,1,1,0.176128,0.183253,0.163219,0.000000,0.000000,0.000000,0.177283,0.000000,0.000000,0.000000,0.170646,0.000000,0.000000,0.000000,0.000000,0.129471,idle,1,10,11156,,none,,,0.000000,1.000000,0,none,,8.072416,8.072416,completed,0,8,clear,17.000000
32,1123,3448253596,169,Day 8 17:56,none,,8.072416,8.072416,completed,0.123333,0.302660,0.209175,0.936667,0.083333,0.126667,0.755199,0.070000,0.230000,10,1,1,1,0,0,0,1,1,1,1,1,0,0,0,1,1,0.190810,0.176886,0.171283,0.000000,0.000000,0.000000,0.170066,0.000000,0.000000,0.000000,0.164171,0.000000,0.000000,0.000000,0.000000,0.126784,use_computer,1,30,11186,computer,none,evening,,0.000000,1.000000,0,none,,8.072416,8.072416,completed,0,8,clear,17.000000
32,1123,3448253596,170,Day 8 18:26,none,,8.072416,8.072416,completed,0.000000,0.422584,0.209175,0.926667,0.108333,0.146667,0.755199,0.150000,0.212000,10,1,1,1,0,0,0,1,1,1,1,1,0,0,0,1,1,0.142652,0.151235,0.135321,0.000000,0.000000,0.000000,0.181671,0.000000,0.133197,0.000000,0.145518,0.000000,0.000000,0.000000,0.000000,0.110406,use_phone,1,25,11211,phone,none,,,0.000000,1.000000,0,none,,8.072416,8.072416,completed,0,8,clear,17.000000
32,1123,3448253596,171,Day 8 18:51,none,,8.072416,8.072416,completed,0.000000,0.521993,0.209175,0.958333,0.129167,0.163333,0.755199,0.245000,0.297000,10,1,1,1,0,0,0,1,1,1,1,1,0,0,0,1,1,0.103034,0.129998,0.099700,0.000000,0.000000,0.000000,0.165704,0.201384,0.104281,0.000000,0.111388,0.000000,0.000000,0.000000,0.000000,0.084511,use_phone,1,25,11236,phone,none,,,0.000000,1.000000,0,none,,8.072416,8.072416,completed,0,8,clear,17.000000
32,1123,3448253596,172,Day 8 19:16,none,,8.072416,8.072416,completed,0.000000,0.621403,0.209175,0.990000,0.150000,0.180000,0.755199,0.340000,0.382000,10,1,1,1,0,0,0,1,1,1,1,1,0,0,0,1,1,0.088378,0.132702,0.000000,0.000000,0.000000,0.000000,0.179489,0.232087,0.096955,0.092310,0.101255,0.000000,0.000000,0.000000,0.000000,0.076823,sleep_at_bed,1,480,11716,bed,none,,,0.000000,1.000000,0,none,,8.072416,8.072416,completed,0,8,clear,17.000000
32,1123,3448253596,173,Day 9 03:16,none,,8.072416,8.072416,completed,0.080000,0.338279,0.209175,0.910000,0.550000,0.500000,0.755199,0.000000,0.094000,10,1,1,1,0,0,0,1,1,1,1,1,0,0,0,1,1,0.143208,0.000000,0.130556,0.000000,0.000000,0.000000,0.128220,0.000000,0.184890,0.191739,0.125256,0.000000,0.000000,0.000000,0.000000,0.096131,idle,1,10,11726,,none,,,0.000000,1.000000,0,none,,8.072416,8.072416,completed,0,8,clear,17.000000
32,1123,3448253596,174,Day 9 03:26,none,,8.072416,8.072416,completed,0.203333,0.342279,0.209175,0.856667,0.558333,0.506667,0.755199,0.000000,0.088000,10,1,1,1,0,0,0,1,1,1,1,1,0,0,0,1,1,0.155191,0.000000,0.137086,0.000000,0.000000,0.000000,0.124458,0.000000,0.180312,0.187325,0.121059,0.000000,0.000000,0.000000,0.000000,0.094570,use_phone,1,25,11751,phone,none,,,0.000000,1.000000,0,none,,8.072416,8.072416,completed,0,8,clear,17.000000
32,1123,3448253596,175,Day 9 03:51,none,,8.072416,8.072416,completed,0.000000,0.441688,0.209175,0.888333,0.579167,0.523333,0.755199,0.095000,0.173000,10,1,1,1,0,0,0,1,1,1,1,1,0,0,0,1,1,0.110755,0.109085,0.105243,0.000000,0.000000,0.000000,0.135611,0.000000,0.168640,0.175980,0.110698,0.000000,0.000000,0.000000,0.000000,0.083988,use_phone,1,25,11776,phone,none,,,0.000000,1.000000,0,none,,8.072416,8.072416,completed,0,8,clear,17.000000
32,1123,3448253596,176,Day 9 04:16,none,,8.072416,8.072416,completed,0.000000,0.541098,0.209175,0.920000,0.600000,0.540000,0.755199,0.190000,0.258000,10,1,1,1,0,0,0,1,1,1,1,1,0,0,0,1,1,0.084618,0.099186,0.082021,0.000000,0.000000,0.000000,0.130840,0.159654,0.139659,0.146388,0.089631,0.000000,0.000000,0.000000,0.000000,0.068004,turn_light_on,1,1,11777,light,none,,,0.000000,1.000000,0,none,,8.072416,8.072416,completed,0,8,clear,17.000000
32,1123,3448253596,177,Day 9 04:17,none,,8.072416,8.072416,completed,0.000333,0.541498,0.209175,0.939667,0.600833,0.540667,0.755199,0.189000,0.257400,10,1,1,1,0,0,0,1,1,1,1,0,1,0,0,1,1,0.084394,0.098778,0.081799,0.000000,0.000000,0.000000,0.130367,0.159093,0.139320,0.146059,0.000000,0.092409,0.000000,0.000000,0.000000,0.067781,use_phone,1,25,11802,phone,none,,,0.000000,1.000000,0,none,,8.072416,8.072416,completed,0,8,clear,17.000000
32,1123,3448253596,178,Day 9 04:42,none,,8.072416,8.072416,completed,0.000000,0.640908,0.209175,0.971333,0.621667,0.557333,0.755199,0.284000,0.342400,10,1,1,1,0,0,0,1,1,1,1,0,1,0,0,1,1,0.073263,0.102079,0.072442,0.000000,0.000000,0.000000,0.142963,0.185620,0.131138,0.138095,0.000000,0.092024,0.000000,0.000000,0.000000,0.062376,rest_at_bed,1,60,11862,bed,none,,,0.000000,1.000000,0,none,,8.072416,8.072416,completed,0,8,clear,17.000000
32,1123,3448253596,179,Day 9 05:42,none,,8.072416,8.072416,completed,0.060000,0.424916,0.209175,1.000000,0.671667,0.597333,0.755199,0.084000,0.306400,10,1,1,1,0,0,0,1,1,1,1,0,1,0,0,1,1,0.122782,0.136891,0.114489,0.000000,0.000000,0.000000,0.137452,0.000000,0.193892,0.206370,0.000000,0.000000,0.000000,0.000000,0.000000,0.088124,use_computer,1,30,11892,computer,none,,,0.000000,1.000000,0,none,,8.072416,8.072416,completed,0,8,clear,17.000000
32,1123,3448253596,180,Day 9 06:12,none,,8.072416,8.072416,completed,0.000000,0.544840,0.209175,0.990000,0.696667,0.617333,0.755199,0.164000,0.288400,10,1,1,1,0,0,0,1,1,1,1,0,1,0,0,1,1,0.082305,0.099503,0.079770,0.000000,0.000000,0.000000,0.124096,0.151295,0.149233,0.159688,0.000000,0.088661,0.000000,0.000000,0.000000,0.065450,shop_on_phone,0,0,11892,phone,resource_insufficient,,,0.000000,1.000000,0,none,,8.072416,8.072416,completed,0,8,clear,17.000000
32,1123,3448253596,181,Day 9 06:12,none,,8.072416,8.072416,completed,0.000000,0.544840,0.209175,0.960000,0.696667,0.617333,0.785199,0.164000,0.288400,10,1,1,1,0,0,0,1,1,1,1,0,1,0,0,1,1,0.082349,0.099556,0.079812,0.000000,0.000000,0.000000,0.123628,0.151376,0.149313,0.159773,0.000000,0.088708,0.000000,0.000000,0.000000,0.065485,use_computer,1,30,11922,computer,none,,,0.000000,1.000000,0,none,,8.072416,8.072416,completed,0,8,clear,17.000000
32,1123,3448253596,182,Day 9 06:42,none,,8.072416,8.072416,completed,0.000000,0.664764,0.209175,0.950000,0.721667,0.637333,0.785199,0.244000,0.270400,10,1,1,1,0,0,0,1,1,1,1,0,1,0,0,1,1,0.072318,0.090144,0.071719,0.000000,0.000000,0.000000,0.138260,0.181758,0.142357,0.153146,0.000000,0.089530,0.000000,0.000000,0.000000,0.060768,use_phone,1,25,11947,phone,none,,,0.000000,1.000000,0,none,,8.072416,8.072416,completed,0,8,clear,17.000000
32,1123,3448253596,183,Day 9 07:07,none,,8.072416,8.072416,completed,0.000000,0.764173,0.209175,0.981667,0.742500,0.654000,0.785199,0.339000,0.355400,10,1,1,1,0,0,0,1,1,1,1,0,1,0,0,1,1,0.000000,0.097952,0.000000,0.000000,0.000000,0.000000,0.159418,0.222974,0.140891,0.152245,0.000000,0.093743,0.000000,0.000000,0.073975,0.058802,turn_light_off,1,1,11948,light,none,,,0.000000,1.000000,0,none,,8.072416,8.072416,completed,0,8,clear,17.000000
32,1123,3448253596,184,Day 9 07:08,none,,8.072416,8.072416,completed,0.000333,0.764573,0.209175,1.000000,0.743333,0.654667,0.785199,0.338000,0.354800,10,1,1,1,0,0,0,1,1,1,1,1,0,0,0,1,1,0.000000,0.099441,0.000000,0.000000,0.000000,0.000000,0.161922,0.226499,0.143274,0.154848,0.079116,0.000000,0.000000,0.000000,0.075154,0.059745,go_to_bathroom,1,15,11963,door,none,,,0.000000,1.000000,0,none,,8.072416,8.072416,completed,0,8,clear,17.000000
32,1123,3448253596,185,Day 9 07:23,none,,8.072416,8.072416,completed,0.005333,0.770573,0.209175,1.000000,0.755833,0.044667,0.785199,0.323000,0.345800,10,1,1,1,0,0,0,1,1,1,1,1,0,0,0,1,1,0.068285,0.098957,0.069026,0.000000,0.000000,0.000000,0.162348,0.227437,0.000000,0.158471,0.079667,0.000000,0.000000,0.000000,0.075605,0.060204,shop_on_phone,0,0,11963,phone,resource_insufficient,,,0.000000,1.000000,0,none,,8.072416,8.072416,completed,0,8,clear,17.000000
32,1123,3448253596,186,Day 9 07:23,none,,8.072416,8.072416,completed,0.005333,0.770573,0.209175,0.970000,0.755833,0.044667,0.815199,0.323000,0.345800,10,1,1,1,0,0,0,1,1,1,1,1,0,0,0,1,1,0.068307,0.098989,0.069048,0.000000,0.000000,0.000000,0.161702,0.227510,0.000000,0.158522,0.080071,0.000000,0.000000,0.000000,0.075630,0.060223,get_meal,1,35,11998,door,none,alarm-rings,,0.000000,1.000000,0,none,,8.072416,8.072416,completed,0,8,clear,17.000000
32,1123,3448253596,187,Day 9 07:58,none,,8.072416,8.072416,completed,0.007000,0.784573,0.209175,1.000000,0.235000,0.068000,0.873852,0.288000,0.324800,11,1,1,1,0,0,0,1,1,1,1,1,0,1,0,1,1,0.064962,0.090205,0.065731,0.000000,0.000000,0.000000,0.148837,0.211925,0.000000,0.075690,0.075774,0.000000,0.139642,0.000000,0.070754,0.056479,use_phone,1,25,12023,phone,none,,,0.000000,1.000000,0,none,,8.072416,8.072416,completed,0,8,clear,17.000000
32,1123,3448253596,188,Day 9 08:23,none,,8.072416,8.072416,completed,0.000000,0.883983,0.209175,1.000000,0.255833,0.084667,0.873852,0.383000,0.409800,11,1,1,1,0,0,0,1,1,1,1,1,0,1,0,1,1,0.000000,0.104319,0.000000,0.000000,0.000000,0.000000,0.182764,0.276873,0.000000,0.080133,0.078085,0.000000,0.143902,0.000000,0.075779,0.058144,idle,1,10,12033,,none,,,0.000000,1.000000,0,none,,8.072416,8.072416,completed,0,8,clear,17.000000
32,1123,3448253596,189,Day 9 08:33,none,,8.072416,8.072416,completed,0.123333,0.887983,0.209175,0.946667,0.264167,0.091333,0.873852,0.373000,0.403800,11,1,1,1,0,0,0,1,1,1,1,1,0,1,0,1,1,0.061848,0.091602,0.061949,0.000000,0.000000,0.000000,0.159492,0.241862,0.000000,0.070893,0.068339,0.000000,0.125941,0.000000,0.066279,0.051796,use_phone,1,25,12058,phone,none,,,0.000000,1.000000,0,none,,8.072416,8.072416,completed,0,8,clear,17.000000
32,1123,3448253596,190,Day 9 08:58,none,,8.072416,8.072416,completed,0.000000,0.987393,0.209175,0.978333,0.285000,0.108000,0.873852,0.468000,0.488800,11,1,1,1,0,0,0,1,1,1,1,1,0,1,0,1,1,0.000000,0.103210,0.000000,0.000000,0.000000,0.000000,0.192895,0.311221,0.000000,0.073923,0.069362,0.000000,0.127826,0.000000,0.069916,0.051648,idle,1,10,12068,,none,,,0.000000,1.000000,0,none,,8.072416,8.072416,completed,0,8,clear,17.000000
32,1123,3448253596,191,Day 9 09:08,none,,8.072416,8.072416,completed,0.123333,0.991393,0.209175,0.925000,0.293333,0.114667,0.873852,0.458000,0.482800,11,1,1,1,0,0,0,1,1,1,1,1,0,1,0,1,1,0.053026,0.092368,0.054200,0.000000,0.000000,0.000000,0.171565,0.277084,0.000000,0.066653,0.061869,0.000000,0.114018,0.000000,0.062324,0.046892,rest_at_bed,1,60,12128,bed,none,,,0.000000,1.000000,0,none,,8.072416,8.072416,completed,0,8,clear,17.000000
32,1123,3448253596,192,Day 9 10:08,none,,8.072416,8.072416,completed,0.183333,0.775401,0.209175,0.955000,0.343333,0.154667,0.873852,0.258000,0.446800,11,1,1,1,0,0,0,1,1,1,1,1,0,1,0,1,1,0.070106,0.097717,0.067575,0.000000,0.000000,0.000000,0.130128,0.183808,0.062081,0.078578,0.068363,0.000000,0.125986,0.000000,0.063395,0.052263,use_phone,1,25,12153,phone,none,,,0.000000,1.000000,0,none,,8.072416,8.072416,completed,0,8,clear,17.000000
32,1123,3448253596,193,Day 9 10:33,none,,8.072416,8.072416,completed,0.000000,0.874810,0.209175,0.986667,0.364167,0.171333,0.873852,0.353000,0.531800,11,1,1,1,0,0,0,1,1,1,1,1,0,1,0,1,1,0.000000,0.113390,0.000000,0.000000,0.000000,0.000000,0.162993,0.244953,0.066745,0.084859,0.071861,0.000000,0.132432,0.000000,0.069259,0.053509,sleep_at_bed,1,480,12633,bed,none,message-study-group|weather-clear|room-temperature-shift|evening,,0.000000,1.000000,0,none,,8.072416,8.072416,completed,0,9,clear,24.000000
32,1123,3448253596,194,Day 9 18:33,none,,8.072416,8.072416,completed,0.080000,0.591686,0.209175,0.906667,0.764167,0.491333,0.873852,0.000000,0.243800,11,1,1,1,0,0,0,1,1,1,1,1,0,1,0,1,1,0.093578,0.093495,0.089118,0.000000,0.000000,0.000000,0.113048,0.000000,0.124736,0.172739,0.087118,0.000000,0.160549,0.000000,0.000000,0.065620,turn_off_alarm,1,1,12634,alarm,none,,,0.000000,1.000000,0,none,,8.072416,8.072416,completed,0,9,clear,24.000000
32,1123,3448253596,195,Day 9 18:34,none,,8.072416,8.072416,completed,0.080333,0.592086,0.209175,0.936333,0.765000,0.492000,0.853852,0.000000,0.243200,10,1,1,1,0,0,0,1,1,1,1,1,0,0,0,1,1,0.111453,0.111240,0.106139,0.000000,0.000000,0.000000,0.135054,0.000000,0.148661,0.205907,0.103407,0.000000,0.000000,0.000000,0.000000,0.078139,get_meal,1,35,12669,door,none,,,0.000000,1.000000,0,none,,8.072416,8.072416,completed,0,9,clear,24.000000
32,1123,3448253596,196,Day 9 19:09,none,,8.072416,8.072416,completed,0.052000,0.606086,0.209175,1.000000,0.244167,0.515333,0.853852,0.000000,0.222200,10,1,1,1,0,0,0,1,1,1,1,1,0,0,0,1,1,0.101310,0.100870,0.097431,0.000000,0.000000,0.000000,0.128278,0.160898,0.143548,0.098106,0.096749,0.000000,0.000000,0.000000,0.000000,0.072811,idle,1,10,12679,,none,,,0.000000,1.000000,0,none,,8.072416,8.072416,completed,0,9,clear,24.000000
32,1123,3448253596,197,Day 9 19:19,none,,8.072416,8.072416,completed,0.175333,0.610086,0.209175,0.946667,0.252500,0.522000,0.853852,0.000000,0.216200,10,1,1,1,0,0,0,1,1,1,1,1,0,0,0,1,1,0.110683,0.098613,0.103140,0.000000,0.000000,0.000000,0.125531,0.157781,0.141137,0.096631,0.094270,0.000000,0.000000,0.000000,0.000000,0.072213,go_to_bathroom,1,15,12694,door,none,,,0.000000,1.000000,0,none,,8.072416,8.072416,completed,0,9,clear,24.000000
32,1123,3448253596,198,Day 9 19:34,none,,8.072416,8.072416,completed,0.180333,0.616086,0.209175,1.000000,0.265000,0.000000,0.853852,0.000000,0.207200,10,1,1,1,0,0,0,1,1,1,1,1,0,0,0,1,1,0.128807,0.113003,0.119997,0.000000,0.000000,0.000000,0.146501,0.184714,0.000000,0.113876,0.109309,0.000000,0.000000,0.000000,0.000000,0.083793,turn_light_on,1,1,12695,light,none,,,0.000000,1.000000,0,none,,8.072416,8.072416,completed,0,9,clear,24.000000
32,1123,3448253596,199,Day 9 19:35,none,,8.072416,8.072416,completed,0.180667,0.616486,0.209175,1.000000,0.265833,0.000667,0.853852,0.000000,0.206600,10,1,1,1,0,0,0,1,1,1,1,0,1,0,0,1,1,0.128893,0.112962,0.120075,0.000000,0.000000,0.000000,0.146627,0.184911,0.000000,0.114047,0.000000,0.108652,0.000000,0.000000,0.000000,0.083833,use_computer,1,30,12725,computer,none,,,0.000000,1.000000,0,none,,8.072416,8.072416,completed,0,9,clear,24.000000
32,1123,3448253596,200,Day 9 20:05,none,,8.072416,8.072416,completed,0.030667,0.736410,0.209175,0.990000,0.290833,0.020667,0.853852,0.080000,0.188600,10,1,1,1,0,0,0,1,1,1,1,0,1,0,0,1,1,0.100624,0.103136,0.099753,0.000000,0.000000,0.000000,0.167682,0.227034,0.000000,0.111784,0.000000,0.112133,0.000000,0.000000,0.000000,0.077855,rest_at_bed,1,60,12785,bed,none,,,0.000000,1.000000,0,none,,8.072416,8.072416,completed,0,9,clear,24.000000
32,1123,3448253596,201,Day 9 21:05,none,,8.072416,8.072416,completed,0.090667,0.520418,0.209175,1.000000,0.340833,0.060667,0.853852,0.000000,0.152600,10,1,1,1,0,0,0,1,1,1,1,0,1,0,0,1,1,0.154086,0.133081,0.144547,0.000000,0.000000,0.000000,0.169084,0.000000,0.000000,0.160737,0.000000,0.132630,0.000000,0.000000,0.000000,0.105835,turn_light_off,1,1,12786,light,none,,,0.000000,1.000000,0,none,,8.072416,8.072416,completed,0,9,clear,24.000000
32,1123,3448253596,202,Day 9 21:06,none,,8.072416,8.072416,completed,0.091000,0.520818,0.209175,1.000000,0.341667,0.061333,0.853852,0.000000,0.152000,10,1,1,1,0,0,0,1,1,1,1,1,0,0,0,1,1,0.152985,0.131994,0.143512,0.000000,0.000000,0.000000,0.167908,0.000000,0.000000,0.159722,0.138820,0.000000,0.000000,0.000000,0.000000,0.105059,idle,1,10,12796,,none,,,0.000000,1.000000,0,none,,8.072416,8.072416,completed,0,9,clear,24.000000
32,1123,3448253596,203,Day 9 21:16,none,,8.072416,8.072416,completed,0.214333,0.524818,0.209175,0.946667,0.350000,0.068000,0.853852,0.000000,0.146000,10,1,1,1,0,0,0,1,1,1,1,1,0,0,0,1,1,0.165617,0.127866,0.150537,0.000000,0.000000,0.000000,0.162816,0.000000,0.000000,0.155886,0.134031,0.000000,0.000000,0.000000,0.000000,0.103248,rest_at_bed,1,60,12856,bed,none,,,0.000000,1.000000,0,none,,8.072416,8.072416,completed,0,9,clear,24.000000
32,1123,3448253596,204,Day 9 22:16,none,,8.072416,8.072416,completed,0.274333,0.308826,0.209175,0.976667,0.400000,0.108000,0.853852,0.000000,0.110000,10,1,1,1,0,0,0,1,1,1,1,1,0,0,0,1,1,0.208476,0.000000,0.179729,0.000000,0.000000,0.000000,0.147953,0.000000,0.000000,0.190724,0.153698,0.000000,0.000000,0.000000,0.000000,0.119422,get_meal,1,35,12891,door,none,,,0.000000,1.000000,0,none,,8.072416,8.072416,completed,0,9,clear,24.000000
32,1123,3448253596,205,Day 9 22:51,none,,8.072416,8.072416,completed,0.246000,0.322826,0.209175,1.000000,0.000000,0.131333,0.853852,0.000000,0.089000,10,1,1,1,0,0,0,1,1,1,1,1,0,0,0,1,1,0.252638,0.000000,0.219951,0.000000,0.000000,0.000000,0.187348,0.000000,0.000000,0.000000,0.191710,0.000000,0.000000,0.000000,0.000000,0.148352,use_computer,1,30,12921,computer,none,,,0.000000,1.000000,0,none,,8.072416,8.072416,completed,0,9,clear,24.000000
32,1123,3448253596,206,Day 9 23:21,none,,8.072416,8.072416,completed,0.096000,0.442750,0.209175,0.990000,0.025000,0.151333,0.853852,0.080000,0.071000,10,1,1,1,0,0,0,1,1,1,1,1,0,0,0,1,1,0.182811,0.000000,0.169367,0.000000,0.000000,0.000000,0.198588,0.000000,0.152915,0.000000,0.168617,0.000000,0.000000,0.000000,0.000000,0.127702,use_phone,1,25,12946,phone,none,,,0.000000,1.000000,0,none,,8.072416,8.072416,completed,0,9,clear,24.000000
32,1123,3448253596,207,Day 9 23:46,none,,8.072416,8.072416,completed,0.000000,0.542160,0.209175,1.000000,0.045833,0.168000,0.853852,0.175000,0.156000,10,1,1,1,0,0,0,1,1,1,1,1,0,0,0,1,1,0.108726,0.110193,0.105362,0.000000,0.000000,0.000000,0.163135,0.201687,0.107822,0.000000,0.116244,0.000000,0.000000,0.000000,0.000000,0.086831,rest_at_bed,1,60,13006,bed,none,,,0.000000,1.000000,0,none,,8.072416,8.072416,completed,0,9,clear,24.000000
32,1123,3448253596,208,Day 10 00:46,none,,8.072416,8.072416,completed,0.060000,0.326168,0.209175,1.000000,0.095833,0.208000,0.853852,0.000000,0.120000,10,1,1,1,0,0,0,1,1,1,1,1,0,0,0,1,1,0.189806,0.000000,0.173581,0.000000,0.000000,0.000000,0.168144,0.000000,0.167859,0.000000,0.171440,0.000000,0.000000,0.000000,0.000000,0.129170,turn_light_on,1,1,13007,light,none,,,0.000000,1.000000,0,none,,8.072416,8.072416,completed,0,9,clear,24.000000
32,1123,3448253596,209,Day 10 00:47,none,,8.072416,8.072416,completed,0.060333,0.326568,0.209175,1.000000,0.096667,0.208667,0.853852,0.000000,0.119400,10,1,1,1,0,0,0,1,1,1,1,0,1,0,0,1,1,0.229048,0.000000,0.209464,0.000000,0.000000,0.000000,0.202945,0.000000,0.202697,0.000000,0.000000,0.000000,0.000000,0.000000,0.000000,0.155845,use_computer,1,30,13037,computer,none,,,0.000000,1.000000,0,none,,8.072416,8.072416,completed,0,9,clear,24.000000
32,1123,3448253596,210,Day 10 01:17,none,,8.072416,8.072416,completed,0.000000,0.446492,0.209175,0.990000,0.121667,0.228667,0.853852,0.080000,0.101400,10,1,1,1,0,0,0,1,1,1,1,0,1,0,0,1,1,0.203467,0.000000,0.193419,0.000000,0.000000,0.000000,0.242881,0.000000,0.206807,0.000000,0.000000,0.000000,0.000000,0.000000,0.000000,0.153426,go_to_bathroom,1,15,13052,door,none,,,0.000000,1.000000,0,none,,8.072416,8.072416,completed,0,9,clear,24.000000
32,1123,3448253596,211,Day 10 01:32,none,,8.072416,8.072416,completed,0.005000,0.452492,0.209175,1.000000,0.134167,0.000000,0.853852,0.065000,0.092400,10,1,1,1,0,0,0,1,1,1,1,0,1,0,0,1,1,0.258157,0.000000,0.245235,0.000000,0.000000,0.000000,0.303759,0.000000,0.000000,0.000000,0.000000,0.000000,0.000000,0.000000,0.000000,0.192849,use_phone,1,25,13077,phone,none,,,0.000000,1.000000,0,none,,8.072416,8.072416,completed,0,9,clear,24.000000
32,1123,3448253596,212,Day 10 01:57,none,,8.072416,8.072416,completed,0.000000,0.551901,0.209175,1.000000,0.155000,0.016667,0.853852,0.160000,0.177400,10,1,1,1,0,0,0,1,1,1,1,0,1,0,0,1,1,0.108829,0.113023,0.105594,0.000000,0.000000,0.000000,0.162465,0.201554,0.000000,0.104612,0.000000,0.117424,0.000000,0.000000,0.000000,0.086499,use_computer,1,30,13107,computer,none,,,0.000000,1.000000,0,none,,8.072416,8.072416,completed,0,9,clear,24.000000
32,1123,3448253596,213,Day 10 02:27,none,,8.072416,8.072416,completed,0.000000,0.671825,0.209175,0.990000,0.180000,0.036667,0.853852,0.240000,0.159400,10,1,1,1,0,0,0,1,1,1,1,0,1,0,0,1,1,0.094110,0.100771,0.093433,0.000000,0.000000,0.000000,0.178912,0.238301,0.000000,0.098737,0.000000,0.116697,0.000000,0.000000,0.000000,0.079039,idle,1,10,13117,,none,,,0.000000,1.000000,0,none,,8.072416,8.072416,completed,0,9,clear,24.000000
32,1123,3448253596,214,Day 10 02:37,none,,8.072416,8.072416,completed,0.123333,0.675825,0.209175,0.936667,0.188333,0.043333,0.853852,0.230000,0.153400,10,1,1,1,0,0,0,1,1,1,1,0,1,0,0,1,1,0.103688,0.098924,0.099717,0.000000,0.000000,0.000000,0.174548,0.232723,0.000000,0.097655,0.000000,0.114031,0.000000,0.000000,0.000000,0.078715,turn_light_off,1,1,13118,light,none,,,0.000000,1.000000,0,none,,8.072416,8.072416,completed,0,9,clear,24.000000
32,1123,3448253596,215,Day 10 02:38,none,,8.072416,8.072416,completed,0.123667,0.676225,0.209175,0.956333,0.189167,0.044000,0.853852,0.229000,0.152800,10,1,1,1,0,0,0,1,1,1,1,1,0,0,0,1,1,0.104852,0.099888,0.100831,0.000000,0.000000,0.000000,0.176337,0.235132,0.000000,0.098791,0.104620,0.000000,0.000000,0.000000,0.000000,0.079549,turn_light_on,1,1,13119,light,none,,,0.000000,1.000000,0,none,,8.072416,8.072416,completed,0,9,clear,24.000000
32,1123,3448253596,216,Day 10 02:39,none,,8.072416,8.072416,completed,0.124000,0.676625,0.209175,0.976000,0.190000,0.044667,0.853852,0.228000,0.152200,10,1,1,1,0,0,0,1,1,1,1,0,1,0,0,1,1,0.103816,0.098758,0.099831,0.000000,0.000000,0.000000,0.174428,0.232610,0.000000,0.097855,0.000000,0.113988,0.000000,0.000000,0.000000,0.078714,rest_at_bed,1,60,13179,bed,none,,,0.000000,1.000000,0,none,,8.072416,8.072416,completed,0,9,clear,24.000000
32,1123,3448253596,217,Day 10 03:39,none,,8.072416,8.072416,completed,0.184000,0.460633,0.209175,1.000000,0.240000,0.084667,0.853852,0.028000,0.116200,10,1,1,1,0,0,0,1,1,1,1,0,1,0,0,1,1,0.229863,0.000000,0.208448,0.000000,0.000000,0.000000,0.221566,0.000000,0.000000,0.193201,0.000000,0.000000,0.000000,0.000000,0.000000,0.146922,idle,1,10,13189,,none,,,0.000000,1.000000,0,none,,8.072416,8.072416,completed,0,9,clear,24.000000
32,1123,3448253596,218,Day 10 03:49,none,,8.072416,8.072416,completed,0.307333,0.464633,0.209175,0.946667,0.248333,0.091333,0.853852,0.018000,0.110200,10,1,1,1,0,0,0,1,1,1,1,0,1,0,0,1,1,0.246052,0.000000,0.216137,0.000000,0.000000,0.000000,0.210010,0.000000,0.000000,0.185645,0.000000,0.000000,0.000000,0.000000,0.000000,0.142155,use_computer,1,30,13219,computer,none,,,0.000000,1.000000,0,none,,8.072416,8.072416,completed,0,9,clear,24.000000
32,1123,3448253596,219,Day 10 04:19,none,,8.072416,8.072416,completed,0.157333,0.584557,0.209175,0.936667,0.273333,0.111333,0.853852,0.098000,0.092200,10,1,1,1,0,0,0,1,1,1,1,0,1,0,0,1,1,0.137077,0.000000,0.128135,0.000000,0.000000,0.000000,0.171387,0.214829,0.000000,0.129851,0.000000,0.124511,0.000000,0.000000,0.000000,0.094211,idle,1,10,13229,,none,,,0.000000,1.000000,0,none,,8.072416,8.072416,completed,0,9,clear,24.000000
32,1123,3448253596,220,Day 10 04:29,none,,8.072416,8.072416,completed,0.280667,0.588557,0.209175,0.883333,0.281667,0.118000,0.853852,0.088000,0.086200,10,1,1,1,0,0,0,1,1,1,1,0,1,0,0,1,1,0.149725,0.000000,0.135573,0.000000,0.000000,0.000000,0.165764,0.207989,0.000000,0.127319,0.000000,0.120616,0.000000,0.000000,0.000000,0.093015,rest_at_bed,1,60,13289,bed,none,,,0.000000,1.000000,0,none,,8.072416,8.072416,completed,0,9,clear,24.000000
32,1123,3448253596,221,Day 10 05:29,none,,8.072416,8.072416,completed,0.340667,0.372565,0.209175,0.913333,0.331667,0.158000,0.853852,0.000000,0.050200,10,1,1,1,0,0,0,1,1,1,1,0,1,0,0,1,1,0.219033,0.000000,0.187635,0.000000,0.000000,0.000000,0.158224,0.000000,0.140432,0.174296,0.000000,0.000000,0.000000,0.000000,0.000000,0.120380,get_meal,1,35,13324,door,none,,,0.000000,1.000000,0,none,,8.072416,8.072416,completed,0,9,clear,24.000000
32,1123,3448253596,222,Day 10 06:04,none,,8.072416,8.072416,completed,0.312333,0.386565,0.209175,1.000000,0.000000,0.181333,0.853852,0.000000,0.029200,10,1,1,1,0,0,0,1,1,1,1,0,1,0,0,1,1,0.258773,0.000000,0.223865,0.000000,0.000000,0.000000,0.195328,0.000000,0.176243,0.000000,0.000000,0.000000,0.000000,0.000000,0.000000,0.145791,go_to_bathroom,1,15,13339,door,none,,,0.000000,1.000000,0,none,,8.072416,8.072416,completed,0,9,clear,24.000000
32,1123,3448253596,223,Day 10 06:19,none,,8.072416,8.072416,completed,0.317333,0.392565,0.209175,1.000000,0.012500,0.000000,0.853852,0.000000,0.020200,10,1,1,1,0,0,0,1,1,1,1,0,1,0,0,1,1,0.314112,0.000000,0.271665,0.000000,0.000000,0.000000,0.237770,0.000000,0.000000,0.000000,0.000000,0.000000,0.000000,0.000000,0.000000,0.176453,use_phone,1,25,13364,phone,none,,,0.000000,1.000000,0,none,,8.072416,8.072416,completed,0,9,clear,24.000000
32,1123,3448253596,224,Day 10 06:44,none,,8.072416,8.072416,completed,0.105667,0.491975,0.209175,1.000000,0.033333,0.016667,0.853852,0.095000,0.105200,10,1,1,1,0,0,0,1,1,1,1,0,1,0,0,1,1,0.212959,0.000000,0.198563,0.000000,0.000000,0.000000,0.248041,0.000000,0.000000,0.000000,0.000000,0.190584,0.000000,0.000000,0.000000,0.149853,use_phone,1,25,13389,phone,none,,,0.000000,1.000000,0,none,,8.072416,8.072416,completed,0,9,clear,24.000000
32,1123,3448253596,225,Day 10 07:09,none,,8.072416,8.072416,completed,0.000000,0.591385,0.209175,1.000000,0.054167,0.033333,0.853852,0.190000,0.190200,10,1,1,1,0,0,0,1,1,1,1,0,1,0,0,1,1,0.115146,0.124114,0.112582,0.000000,0.000000,0.000000,0.186920,0.237475,0.000000,0.000000,0.000000,0.130421,0.000000,0.000000,0.000000,0.093343,turn_light_off,1,1,13390,light,none,,,0.000000,1.000000,0,none,,8.072416,8.072416,completed,0,9,clear,24.000000
32,1123,3448253596,226,Day 10 07:10,none,,8.072416,8.072416,completed,0.000333,0.591785,0.209175,1.000000,0.055000,0.034000,0.853852,0.189000,0.189600,10,1,1,1,0,0,0,1,1,1,1,1,0,0,0,1,1,0.115861,0.124703,0.113276,0.000000,0.000000,0.000000,0.187900,0.238744,0.000000,0.000000,0.125652,0.000000,0.000000,0.000000,0.000000,0.093864,sleep_at_bed,1,450,13840,bed,none,alarm-rings|weather-rain|room-temperature-shift,,0.000000,1.000000,0,none,,8.072416,8.072416,completed,0,9,rain,17.000000
32,1123,3448253596,227,Day 10 14:40,none,,8.072416,8.072416,completed,0.100333,0.329092,0.209175,0.870000,0.430000,0.334000,0.912505,0.000000,0.000000,11,1,1,1,0,0,0,1,1,1,1,1,0,1,0,1,1,0.124116,0.000000,0.112372,0.000000,0.000000,0.000000,0.105384,0.000000,0.125411,0.139352,0.109023,0.000000,0.202485,0.000000,0.000000,0.081858,use_computer,1,30,13870,computer,none,,,0.000000,1.000000,0,none,,8.072416,8.072416,completed,0,9,rain,17.000000
32,1123,3448253596,228,Day 10 15:10,none,,8.072416,8.072416,completed,0.000000,0.449016,0.209175,0.860000,0.455000,0.354000,0.912505,0.080000,0.000000,11,1,1,1,0,0,0,1,1,1,1,1,0,1,0,1,1,0.106885,0.000000,0.101651,0.000000,0.000000,0.000000,0.126920,0.000000,0.128764,0.143844,0.108951,0.000000,0.202351,0.000000,0.000000,0.080633,idle,1,10,13880,,none,,,0.000000,1.000000,0,none,,8.072416,8.072416,completed,0,9,rain,17.000000
32,1123,3448253596,229,Day 10 15:20,none,,8.072416,8.072416,completed,0.123333,0.453016,0.209175,0.806667,0.463333,0.360667,0.912505,0.070000,0.000000,11,1,1,1,0,0,0,1,1,1,1,1,0,1,0,1,1,0.117254,0.000000,0.108018,0.000000,0.000000,0.000000,0.123287,0.000000,0.126575,0.141651,0.106137,0.000000,0.197124,0.000000,0.000000,0.079954,idle,1,10,13890,,none,,,0.000000,1.000000,0,none,,8.072416,8.072416,completed,0,9,rain,17.000000
32,1123,3448253596,230,Day 10 15:30,none,,8.072416,8.072416,completed,0.246667,0.457016,0.209175,0.753333,0.471667,0.367333,0.912505,0.060000,0.000000,11,1,1,1,0,0,0,1,1,1,1,1,0,1,0,1,1,0.128397,0.000000,0.114577,0.000000,0.000000,0.000000,0.119545,0.000000,0.124200,0.139240,0.103211,0.000000,0.191690,0.000000,0.000000,0.079139,turn_off_alarm,1,1,13891,alarm,none,,,0.000000,1.000000,0,none,,8.072416,8.072416,completed,0,9,rain,17.000000
32,1123,3448253596,231,Day 10 15:31,none,,8.072416,8.072416,completed,0.247000,0.457416,0.209175,0.783000,0.472500,0.368000,0.892505,0.059000,0.000000,10,1,1,1,0,0,0,1,1,1,1,1,0,0,0,1,1,0.158873,0.000000,0.141767,0.000000,0.000000,0.000000,0.148202,0.000000,0.153715,0.172360,0.127220,0.000000,0.000000,0.000000,0.000000,0.097862,use_computer,1,30,13921,computer,none,,,0.000000,1.000000,0,none,,8.072416,8.072416,completed,0,9,rain,17.000000
32,1123,3448253596,232,Day 10 16:01,none,,8.072416,8.072416,completed,0.097000,0.577340,0.209175,0.773000,0.497500,0.388000,0.892505,0.139000,0.000000,10,1,1,1,0,0,0,1,1,1,1,1,0,0,0,1,1,0.107342,0.000000,0.101928,0.000000,0.000000,0.000000,0.146681,0.185006,0.129699,0.146210,0.104479,0.000000,0.000000,0.000000,0.000000,0.078656,sleep_at_bed,1,480,14401,bed,none,message-study-group|evening,,0.000000,1.000000,0,none,,8.072416,8.072416,completed,0,10,rain,17.000000
32,1123,3448253596,233,Day 11 00:01,none,,8.072416,8.072416,completed,0.177000,0.294215,0.209175,0.693000,0.897500,0.708000,0.892505,0.000000,0.000000,10,1,1,1,0,0,0,1,1,1,1,1,0,0,0,1,1,0.132928,0.000000,0.117256,0.000000,0.000000,0.000000,0.100880,0.000000,0.206116,0.253088,0.107708,0.000000,0.000000,0.000000,0.000000,0.082024,use_computer,1,30,14431,computer,none,,,0.000000,1.000000,0,none,,8.072416,8.072416,completed,0,10,rain,17.000000
32,1123,3448253596,234,Day 11 00:31,none,,8.072416,8.072416,completed,0.027000,0.414139,0.209175,0.683000,0.922500,0.728000,0.892505,0.080000,0.000000,10,1,1,1,0,0,0,1,1,1,1,1,0,0,0,1,1,0.109936,0.000000,0.103195,0.000000,0.000000,0.000000,0.122217,0.000000,0.212882,0.262796,0.108275,0.000000,0.000000,0.000000,0.000000,0.080698,use_computer,1,30,14461,computer,none,,,0.000000,1.000000,0,none,,8.072416,8.072416,completed,0,10,rain,17.000000
32,1123,3448253596,235,Day 11 01:01,none,,8.072416,8.072416,completed,0.000000,0.534063,0.209175,0.673000,0.947500,0.748000,0.892505,0.160000,0.000000,10,1,1,1,0,0,0,1,1,1,1,1,0,0,0,1,1,0.083999,0.000000,0.081252,0.000000,0.000000,0.000000,0.121955,0.150733,0.181097,0.224756,0.089650,0.000000,0.000000,0.000000,0.000000,0.066559,turn_light_on,1,1,14462,light,none,,,0.000000,1.000000,0,none,,8.072416,8.072416,completed,0,10,rain,17.000000
32,1123,3448253596,236,Day 11 01:02,none,,8.072416,8.072416,completed,0.000333,0.534463,0.209175,0.692667,0.948333,0.748667,0.892505,0.159000,0.000000,10,1,1,1,0,0,0,1,1,1,1,0,1,0,0,1,1,0.084025,0.000000,0.081273,0.000000,0.000000,0.000000,0.121875,0.150650,0.181193,0.224915,0.000000,0.089532,0.000000,0.000000,0.000000,0.066537,go_to_bathroom,1,15,14477,door,none,,,0.000000,1.000000,0,none,,8.072416,8.072416,completed,0,10,rain,17.000000
32,1123,3448253596,237,Day 11 01:17,none,,8.072416,8.072416,completed,0.005333,0.540463,0.209175,0.766016,0.960833,0.138667,0.892505,0.144000,0.000000,10,1,1,1,0,0,0,1,1,1,1,0,1,0,0,1,1,0.094054,0.000000,0.090909,0.000000,0.000000,0.000000,0.134471,0.166470,0.087990,0.253302,0.000000,0.099020,0.000000,0.000000,0.000000,0.073784,use_phone,1,25,14502,phone,none,,,0.000000,1.000000,0,none,,8.072416,8.072416,completed,0,10,rain,17.000000
32,1123,3448253596,238,Day 11 01:42,none,,8.072416,8.072416,completed,0.000000,0.639873,0.209175,0.797683,0.981667,0.155333,0.892505,0.239000,0.085000,10,1,1,1,0,0,0,1,1,1,1,0,1,0,0,1,1,0.081927,0.000000,0.080889,0.000000,0.000000,0.000000,0.148657,0.195800,0.083493,0.241429,0.000000,0.099405,0.000000,0.000000,0.000000,0.068400,sleep_at_bed,1,480,14982,bed,none,alarm-rings,,0.000000,1.000000,0,none,,8.072416,8.072416,completed,0,10,rain,17.000000
32,1123,3448253596,239,Day 11 09:42,none,,8.072416,8.072416,completed,0.110000,0.356748,0.209175,0.717683,1.000000,0.475333,0.951158,0.000000,0.000000,11,1,1,1,0,0,0,1,1,1,1,0,1,1,0,1,1,0.115790,0.000000,0.105069,0.000000,0.000000,0.000000,0.100299,0.000000,0.141042,0.270923,0.000000,0.000000,0.190729,0.000000,0.000000,0.076148,use_phone,1,25,15007,phone,none,,,0.000000,1.000000,0,none,,8.072416,8.072416,completed,0,10,rain,17.000000
32,1123,3448253596,240,Day 11 10:07,none,,8.072416,8.072416,completed,0.000000,0.456158,0.209175,0.749350,1.000000,0.492000,0.951158,0.095000,0.085000,11,1,1,1,0,0,0,1,1,1,1,0,1,1,0,1,1,0.090620,0.000000,0.086326,0.000000,0.000000,0.000000,0.109847,0.000000,0.132587,0.249006,0.000000,0.087424,0.175299,0.000000,0.000000,0.068891,turn_light_off,1,1,15008,light,none,,,0.000000,1.000000,0,none,,8.072416,8.072416,completed,0,10,rain,17.000000
32,1123,3448253596,241,Day 11 10:08,none,,8.072416,8.072416,completed,0.000333,0.456558,0.209175,0.769016,1.000000,0.492667,0.951158,0.094000,0.084400,11,1,1,1,0,0,0,1,1,1,1,1,0,1,0,1,1,0.090101,0.000000,0.085827,0.000000,0.000000,0.000000,0.109113,0.000000,0.131858,0.247413,0.093056,0.000000,0.174178,0.000000,0.000000,0.068454,idle,1,10,15018,,none,,,0.000000,1.000000,0,none,,8.072416,8.072416,completed,0,10,rain,17.000000
32,1123,3448253596,242,Day 11 10:18,none,,8.072416,8.072416,completed,0.123667,0.460558,0.209175,0.715683,1.000000,0.499333,0.951158,0.084000,0.078400,11,1,1,1,0,0,0,1,1,1,1,1,0,1,0,1,1,0.099350,0.000000,0.091672,0.000000,0.000000,0.000000,0.106535,0.000000,0.130283,0.242263,0.091119,0.000000,0.170552,0.000000,0.000000,0.068226,go_to_bathroom,1,15,15033,door,none,,,0.000000,1.000000,0,none,,8.072416,8.072416,completed,0,10,rain,17.000000
32,1123,3448253596,243,Day 11 10:33,none,,8.072416,8.072416,completed,0.128667,0.466558,0.209175,0.789032,1.000000,0.000000,0.951158,0.069000,0.069400,11,1,1,1,0,0,0,1,1,1,1,1,0,1,0,1,1,0.115197,0.000000,0.106220,0.000000,0.000000,0.000000,0.121762,0.000000,0.000000,0.278086,0.104592,0.000000,0.195771,0.000000,0.000000,0.078371,rest_at_bed,1,60,15093,bed,none,message-study-group,,0.000000,1.000000,0,none,,8.072416,8.072416,completed,0,11,rain,17.000000
32,1123,3448253596,244,Day 11 11:33,none,,8.072416,8.072416,completed,0.188667,0.250566,0.209175,0.819032,1.000000,0.040000,0.951158,0.000000,0.033400,11,1,1,1,0,0,0,1,1,1,1,1,0,1,0,1,1,0.131149,0.000000,0.114470,0.000000,0.000000,0.000000,0.092444,0.000000,0.000000,0.279963,0.105298,0.000000,0.197093,0.000000,0.000000,0.079583,get_meal,1,35,15128,door,none,,,0.000000,1.000000,0,none,,8.072416,8.072416,completed,0,11,rain,17.000000
32,1123,3448253596,245,Day 11 12:08,none,,8.072416,8.072416,completed,0.160333,0.264566,0.209175,0.925715,0.479167,0.063333,0.951158,0.000000,0.012400,11,1,1,1,0,0,0,1,1,1,1,1,0,1,0,1,1,0.148541,0.000000,0.130929,0.000000,0.000000,0.000000,0.109407,0.000000,0.000000,0.166205,0.122754,0.000000,0.229765,0.000000,0.000000,0.092399,turn_light_on,1,1,15129,light,none,,,0.000000,1.000000,0,none,,8.072416,8.072416,completed,0,11,rain,17.000000
32,1123,3448253596,246,Day 11 12:09,none,,8.072416,8.072416,completed,0.160667,0.264966,0.209175,0.945382,0.480000,0.064000,0.951158,0.000000,0.011800,11,1,1,1,0,0,0,1,1,1,1,0,1,1,0,1,1,0.169310,0.000000,0.149233,0.000000,0.000000,0.000000,0.124728,0.000000,0.000000,0.189603,0.000000,0.000000,0.261828,0.000000,0.000000,0.105298,rest_at_bed,1,60,15189,bed,none,room-temperature-shift,,0.000000,1.000000,0,none,,8.072416,8.072416,completed,0,11,rain,17.000000
32,1123,3448253596,247,Day 11 13:09,none,,8.072416,8.072416,completed,0.220667,0.048974,0.209175,0.975382,0.530000,0.104000,0.951158,0.000000,0.000000,11,1,1,1,0,0,0,1,1,1,1,0,1,1,0,1,1,0.203886,0.000000,0.170449,0.000000,0.000000,0.000000,0.000000,0.000000,0.000000,0.221920,0.000000,0.000000,0.287232,0.000000,0.000000,0.116514,use_phone,1,25,15214,phone,none,,,0.000000,1.000000,0,none,,8.072416,8.072416,completed,0,11,rain,17.000000
32,1123,3448253596,248,Day 11 13:34,none,,8.072416,8.072416,completed,0.009000,0.148384,0.209175,1.000000,0.550833,0.120667,0.951158,0.095000,0.085000,11,1,1,1,0,0,0,1,1,1,1,0,1,1,0,1,1,0.170061,0.000000,0.153272,0.000000,0.000000,0.000000,0.000000,0.000000,0.000000,0.245562,0.000000,0.000000,0.309368,0.000000,0.000000,0.121736,use_computer,1,30,15244,computer,none,,,0.000000,1.000000,0,none,,8.072416,8.072416,completed,0,11,rain,17.000000
32,1123,3448253596,249,Day 11 14:04,none,,8.072416,8.072416,completed,0.000000,0.268308,0.209175,0.990000,0.575833,0.140667,0.951158,0.175000,0.067000,11,1,1,1,0,0,0,1,1,1,1,0,1,1,0,1,1,0.122301,0.000000,0.113054,0.000000,0.000000,0.000000,0.128522,0.000000,0.111495,0.194379,0.000000,0.000000,0.237080,0.000000,0.000000,0.093170,turn_off_alarm,1,1,15245,alarm,none,,,0.000000,1.000000,0,none,,8.072416,8.072416,completed,0,11,rain,17.000000
32,1123,3448253596,250,Day 11 14:05,none,,8.072416,8.072416,completed,0.000333,0.268708,0.209175,1.000000,0.576667,0.141333,0.931158,0.174000,0.066400,10,1,1,1,0,0,0,1,1,1,1,0,1,0,0,1,1,0.160246,0.000000,0.148123,0.000000,0.000000,0.000000,0.168720,0.000000,0.146120,0.254790,0.000000,0.000000,0.000000,0.000000,0.000000,0.122001,use_computer,1,30,15275,computer,none,,,0.000000,1.000000,0,none,,8.072416,8.072416,completed,0,11,rain,17.000000
32,1123,3448253596,251,Day 11 14:35,none,,8.072416,8.072416,completed,0.000000,0.388632,0.209175,0.990000,0.601667,0.161333,0.931158,0.254000,0.048400,10,1,1,1,0,0,0,1,1,1,1,0,1,0,0,1,1,0.127251,0.000000,0.120367,0.000000,0.000000,0.000000,0.170673,0.000000,0.126012,0.220904,0.000000,0.132393,0.000000,0.000000,0.000000,0.102399,turn_light_off,1,1,15276,light,none,,,0.000000,1.000000,0,none,,8.072416,8.072416,completed,0,11,rain,17.000000
32,1123,3448253596,252,Day 11 14:36,none,,8.072416,8.072416,completed,0.000333,0.389032,0.209175,1.000000,0.602500,0.162000,0.931158,0.253000,0.047800,10,1,1,1,0,0,0,1,1,1,1,1,0,0,0,1,1,0.126471,0.000000,0.119624,0.000000,0.000000,0.000000,0.169464,0.000000,0.125268,0.219639,0.137826,0.000000,0.000000,0.000000,0.000000,0.101708,idle,1,10,15286,,none,,,0.000000,1.000000,0,none,,8.072416,8.072416,completed,0,11,rain,17.000000
32,1123,3448253596,253,Day 11 14:46,none,,8.072416,8.072416,completed,0.123667,0.393032,0.209175,0.946667,0.610833,0.168667,0.931158,0.243000,0.041800,10,1,1,1,0,0,0,1,1,1,1,1,0,0,0,1,1,0.138047,0.000000,0.126482,0.000000,0.000000,0.000000,0.163793,0.000000,0.122524,0.215210,0.133596,0.000000,0.000000,0.000000,0.000000,0.100348,use_phone,1,25,15311,phone,none,,,0.000000,1.000000,0,none,,8.072416,8.072416,completed,0,11,rain,17.000000
32,1123,3448253596,254,Day 11 15:11,none,,8.072416,8.072416,completed,0.000000,0.492441,0.209175,0.978333,0.631667,0.185333,0.931158,0.338000,0.126800,10,1,1,1,0,0,0,1,1,1,1,1,0,0,0,1,1,0.102544,0.000000,0.000000,0.000000,0.000000,0.000000,0.172446,0.213791,0.110724,0.195352,0.118039,0.000000,0.000000,0.000000,0.000000,0.087102,get_meal,1,35,15346,door,none,weather-clear,,0.000000,1.000000,0,none,,8.072416,8.072416,completed,0,11,clear,17.000000
32,1123,3448253596,255,Day 11 15:46,none,,8.072416,8.072416,completed,0.000000,0.506441,0.209175,1.000000,0.110833,0.208667,0.931158,0.303000,0.105800,10,1,1,1,0,0,0,1,1,1,1,1,0,0,0,1,1,0.114528,0.000000,0.110709,0.000000,0.000000,0.000000,0.188273,0.234235,0.126022,0.000000,0.130175,0.000000,0.000000,0.000000,0.000000,0.096057,rest_at_bed,1,60,15406,bed,none,,,0.000000,1.000000,0,none,,8.072416,8.072416,completed,0,11,clear,17.000000
32,1123,3448253596,256,Day 11 16:46,none,,8.072416,8.072416,completed,0.060000,0.290450,0.209175,1.000000,0.160833,0.248667,0.931158,0.103000,0.069800,10,1,1,1,0,0,0,1,1,1,1,1,0,0,0,1,1,0.157811,0.000000,0.143860,0.000000,0.000000,0.000000,0.148832,0.000000,0.153200,0.134803,0.149914,0.000000,0.000000,0.000000,0.000000,0.111580,go_to_bathroom,1,15,15421,door,none,,,0.000000,1.000000,0,none,,8.072416,8.072416,completed,0,11,clear,17.000000
