personality_index,scenario_seed,action_seed,step,decision_time,pre_commitment_status,pre_commitment_task_id,pre_task_effort,pre_task_effort_target,pre_task_status,pre_boredom,pre_fatigue,pre_task_pressure,pre_satisfaction,pre_hunger,pre_bathroom_urge,pre_anxiety,pre_screen_strain,pre_purchase_urge,known_action_count,known_use_phone,known_shop_on_phone,known_use_computer,known_study_at_computer,known_study_focused,known_study_halfhearted,known_rest_at_bed,known_sleep_at_bed,known_go_to_bathroom,known_get_meal,known_turn_light_on,known_turn_light_off,known_turn_off_alarm,known_open_curtain,known_close_curtain,known_idle,p_use_phone,p_shop_on_phone,p_use_computer,p_study_at_computer,p_study_focused,p_study_halfhearted,p_rest_at_bed,p_sleep_at_bed,p_go_to_bathroom,p_get_meal,p_turn_light_on,p_turn_light_off,p_turn_off_alarm,p_open_curtain,p_close_curtain,p_idle,chosen_action,accepted,elapsed_minutes,simulation_total_minutes,target_object_id,failure_reason,event_ids,outcome_task_id,outcome_task_effort_gained,outcome_task_settlement_variation,outcome_task_session_interrupted,post_commitment_status,post_commitment_task_id,post_task_effort,post_task_effort_target,post_task_status,post_wallet,post_unread_messages,post_weather,post_temperature_celsius
17,1127,3448270137,1,Day 1 08:00,none,,0.000000,8.086602,active,0.550000,0.150000,0.550000,0.450000,0.250000,0.150000,0.200000,0.050000,0.100000,13,1,1,1,1,1,1,1,1,1,1,0,1,0,0,1,1,0.136133,0.000000,0.113883,0.121223,0.129218,0.131101,0.100744,0.000000,0.089175,0.101810,0.000000,0.000000,0.000000,0.000000,0.000000,0.076714,go_to_bathroom,1,15,495,door,none,,,0.000000,1.000000,0,none,,0.000000,8.086602,active,120,0,clear,23.000000
17,1127,3448270137,2,Day 1 08:15,none,,0.000000,8.086602,active,0.555000,0.156000,0.550000,0.543766,0.262500,0.000000,0.200000,0.035000,0.091000,13,1,1,1,1,1,1,1,1,1,1,0,1,0,0,1,1,0.150036,0.000000,0.125433,0.132114,0.142573,0.143365,0.109579,0.000000,0.000000,0.113073,0.000000,0.000000,0.000000,0.000000,0.000000,0.083826,study_halfhearted,1,35,530,desk,none,alarm-rings,coursework,0.265222,0.944439,0,active,coursework,0.265222,8.086602,active,120,0,clear,23.000000
17,1127,3448270137,3,Day 1 08:50,active,coursework,0.265222,8.086602,active,0.646667,0.250000,0.491609,0.552099,0.291667,0.023333,0.200511,0.000000,0.070000,14,1,1,1,1,1,1,1,1,1,1,0,1,1,0,1,1,0.129693,0.000000,0.107560,0.119146,0.128719,0.140940,0.093995,0.000000,0.000000,0.094116,0.000000,0.000000,0.117631,0.000000,0.000000,0.068199,use_phone,1,25,555,phone,none,,,0.000000,1.000000,0,active,coursework,0.265222,8.086602,active,120,0,clear,23.000000
17,1127,3448270137,4,Day 1 09:15,active,coursework,0.265222,8.086602,active,0.435000,0.348403,0.580749,0.583766,0.312500,0.040000,0.201150,0.095000,0.155000,14,1,1,1,1,1,1,1,1,1,1,0,1,1,0,1,1,0.089943,0.071132,0.079891,0.110742,0.120139,0.115669,0.096564,0.000000,0.000000,0.084810,0.000000,0.070333,0.103076,0.000000,0.000000,0.057702,shop_on_phone,1,20,575,phone,none,,,0.000000,1.000000,0,active,coursework,0.265222,8.086602,active,90,0,clear,23.000000
17,1127,3448270137,5,Day 1 09:35,active,coursework,0.265222,8.086602,active,0.441667,0.361710,0.629889,0.677099,0.329167,0.053333,0.201810,0.155000,0.000000,14,1,1,1,1,1,1,1,1,1,1,0,1,1,0,1,1,0.092781,0.000000,0.082584,0.122054,0.134044,0.125297,0.107101,0.000000,0.000000,0.091294,0.000000,0.075792,0.108506,0.000000,0.000000,0.060547,study_at_computer,1,35,610,computer,none,weather-rain,coursework,0.878288,1.037636,0,active,coursework,1.143511,8.086602,active,90,0,rain,23.000000
17,1127,3448270137,6,Day 1 10:10,active,coursework,1.143511,8.086602,active,0.503333,0.489690,0.520406,0.745433,0.358333,0.076667,0.151905,0.200000,0.000000,14,1,1,1,1,1,1,1,1,1,1,0,1,1,0,1,1,0.083798,0.000000,0.075083,0.091890,0.101827,0.105025,0.112100,0.123625,0.000000,0.084517,0.000000,0.072346,0.094995,0.000000,0.000000,0.054793,study_halfhearted,1,35,645,desk,none,,coursework,0.300547,1.070227,0,active,coursework,1.444058,8.086602,active,90,0,rain,23.000000
17,1127,3448270137,7,Day 1 10:45,active,coursework,1.444058,8.086602,active,0.565000,0.583690,0.462015,0.753766,0.387500,0.100000,0.131905,0.165000,0.000000,14,1,1,1,1,1,1,1,1,1,1,0,1,1,0,1,1,0.086747,0.000000,0.077660,0.082074,0.091048,0.101060,0.118463,0.135795,0.000000,0.086433,0.000000,0.073386,0.092779,0.000000,0.000000,0.054556,sleep_at_bed,1,480,1125,bed,none,message-study-group|room-temperature-shift|task-reminder|evening,,0.000000,1.000000,0,suspended,coursework,1.444058,8.086602,active,90,1,rain,24.000000
17,1127,3448270137,8,Day 1 18:45,suspended,coursework,1.444058,8.086602,active,0.645000,0.239709,0.761156,0.673766,0.787500,0.420000,0.243566,0.000000,0.000000,14,1,1,1,1,1,1,1,1,1,1,0,1,1,0,1,1,0.106549,0.000000,0.088257,0.106079,0.116448,0.109979,0.075996,0.000000,0.092677,0.151190,0.000000,0.000000,0.097997,0.000000,0.000000,0.054828,study_focused,1,35,1160,desk,none,,coursework,0.452034,0.965798,0,active,coursework,1.896092,8.086602,active,90,1,rain,24.000000
17,1127,3448270137,9,Day 1 19:20,active,coursework,1.896092,8.086602,active,0.676667,0.363709,0.651673,0.742099,0.816667,0.443333,0.193818,0.000000,0.000000,14,1,1,1,1,1,1,1,1,1,1,0,1,1,0,1,1,0.102387,0.000000,0.085832,0.105752,0.117137,0.120266,0.082439,0.000000,0.091267,0.150003,0.000000,0.000000,0.091951,0.000000,0.000000,0.052966,turn_off_alarm,1,1,1161,alarm,none,,,0.000000,1.000000,0,active,coursework,1.896092,8.086602,active,90,1,rain,24.000000
17,1127,3448270137,10,Day 1 19:21,active,coursework,1.896092,8.086602,active,0.677000,0.364109,0.651673,0.771766,0.817500,0.444000,0.173822,0.000000,0.000000,13,1,1,1,1,1,1,1,1,1,1,0,1,0,0,1,1,0.112846,0.000000,0.094598,0.115904,0.128882,0.132152,0.091115,0.000000,0.100659,0.165476,0.000000,0.000000,0.000000,0.000000,0.000000,0.058367,study_focused,1,35,1196,desk,none,,coursework,0.428009,0.914466,0,active,coursework,2.324101,8.086602,active,90,1,rain,24.000000
17,1127,3448270137,11,Day 1 19:56,active,coursework,2.324101,8.086602,active,0.708667,0.488109,0.542190,0.840099,0.846667,0.467333,0.123943,0.000000,0.000000,13,1,1,1,1,1,1,1,1,1,1,0,1,0,0,1,1,0.108097,0.000000,0.091709,0.093344,0.104733,0.116747,0.098529,0.000000,0.098815,0.163660,0.000000,0.068160,0.000000,0.000000,0.000000,0.056207,study_focused,1,35,1231,desk,none,,coursework,0.427286,0.912921,0,active,coursework,2.751387,8.086602,active,90,1,rain,24.000000
17,1127,3448270137,12,Day 1 20:31,active,coursework,2.751387,8.086602,active,0.740333,0.612109,0.432707,0.908433,0.875833,0.490667,0.073943,0.000000,0.000000,13,1,1,1,1,1,1,1,1,1,1,0,1,0,0,1,1,0.097249,0.000000,0.083500,0.070602,0.079930,0.096862,0.100068,0.113530,0.091104,0.152019,0.000000,0.064302,0.000000,0.000000,0.000000,0.050835,go_to_bathroom,1,15,1246,door,none,,,0.000000,1.000000,0,suspended,coursework,2.751387,8.086602,active,90,1,rain,24.000000
17,1127,3448270137,13,Day 1 20:46,suspended,coursework,2.751387,8.086602,active,0.745333,0.618109,0.432707,1.000000,0.888333,0.000000,0.073943,0.000000,0.000000,13,1,1,1,1,1,1,1,1,1,1,0,1,0,0,1,1,0.112460,0.000000,0.096536,0.065818,0.075416,0.090606,0.116020,0.132004,0.000000,0.178201,0.000000,0.074310,0.000000,0.000000,0.000000,0.058630,study_at_computer,1,35,1281,computer,none,,coursework,0.844555,0.997783,0,active,coursework,3.595942,8.086602,active,90,1,rain,24.000000
17,1127,3448270137,14,Day 1 21:21,active,coursework,3.595942,8.086602,active,0.777000,0.746089,0.323224,1.000000,0.917500,0.023333,0.023943,0.045000,0.000000,13,1,1,1,1,1,1,1,1,1,1,0,1,0,0,1,1,0.102542,0.000000,0.089244,0.063327,0.072562,0.095693,0.125779,0.151776,0.000000,0.170872,0.000000,0.073467,0.000000,0.000000,0.000000,0.054739,turn_light_off,1,1,1282,light,none,,,0.000000,1.000000,0,active,coursework,3.595942,8.086602,active,90,1,rain,24.000000
17,1127,3448270137,15,Day 1 21:22,active,coursework,3.595942,8.086602,active,0.777333,0.746489,0.323224,1.000000,0.918333,0.024000,0.023943,0.044000,0.000000,10,1,1,1,0,0,0,1,1,1,1,1,0,0,0,1,1,0.147590,0.000000,0.128445,0.000000,0.000000,0.000000,0.180877,0.218282,0.000000,0.246065,0.000000,0.000000,0.000000,0.000000,0.000000,0.078742,rest_at_bed,1,60,1342,bed,none,,,0.000000,1.000000,0,suspended,coursework,3.595942,8.086602,active,90,1,rain,24.000000
17,1127,3448270137,16,Day 1 22:22,suspended,coursework,3.595942,8.086602,active,0.837333,0.484070,0.372364,1.000000,0.968333,0.064000,0.024582,0.000000,0.000000,10,1,1,1,0,0,0,1,1,1,1,1,0,0,0,1,1,0.211694,0.000000,0.174048,0.000000,0.000000,0.000000,0.174346,0.000000,0.000000,0.338322,0.000000,0.000000,0.000000,0.000000,0.000000,0.101590,rest_at_bed,1,60,1402,bed,none,task-deadline,,0.000000,1.000000,0,suspended,coursework,3.595942,8.086602,active,90,1,rain,24.000000
17,1127,3448270137,17,Day 1 23:22,suspended,coursework,3.595942,8.086602,active,0.897333,0.221652,0.421504,1.000000,1.000000,0.104000,0.025221,0.000000,0.000000,10,1,1,1,0,0,0,1,1,1,1,1,0,0,0,1,1,0.207866,0.000000,0.161640,0.000000,0.000000,0.000000,0.120489,0.000000,0.000000,0.316078,0.102631,0.000000,0.000000,0.000000,0.000000,0.091296,use_phone,1,25,1427,phone,none,,,0.000000,1.000000,0,suspended,coursework,3.595942,8.086602,active,90,1,rain,24.000000
17,1127,3448270137,18,Day 1 23:47,suspended,coursework,3.595942,8.086602,active,0.685667,0.320055,0.510644,1.000000,1.000000,0.120667,0.025860,0.095000,0.085000,10,1,1,1,0,0,0,1,1,1,1,1,0,0,0,1,1,0.172291,0.000000,0.143492,0.000000,0.000000,0.000000,0.147941,0.000000,0.000000,0.330951,0.113005,0.000000,0.000000,0.000000,0.000000,0.092320,use_phone,1,25,1452,phone,none,,,0.000000,1.000000,0,suspended,coursework,3.595942,8.086602,active,90,1,rain,24.000000
17,1127,3448270137,19,Day 2 00:12,suspended,coursework,3.595942,8.086602,active,0.474000,0.418457,0.599784,1.000000,1.000000,0.137333,0.026499,0.190000,0.170000,10,1,1,1,0,0,0,1,1,1,1,1,0,0,0,1,1,0.099738,0.081871,0.088966,0.000000,0.000000,0.000000,0.126866,0.132902,0.075530,0.242021,0.086903,0.000000,0.000000,0.000000,0.000000,0.065201,use_computer,1,30,1482,computer,none,,,0.000000,1.000000,0,suspended,coursework,3.595942,8.086602,active,90,1,rain,24.000000
17,1127,3448270137,20,Day 2 00:42,suspended,coursework,3.595942,8.086602,active,0.324000,0.537533,0.668925,0.990000,1.000000,0.157333,0.027189,0.270000,0.152000,10,1,1,1,0,0,0,1,1,1,1,1,0,0,0,1,1,0.080761,0.076494,0.076244,0.000000,0.000000,0.000000,0.145510,0.162617,0.075135,0.234242,0.087459,0.000000,0.000000,0.000000,0.000000,0.061538,rest_at_bed,1,60,1542,bed,none,,,0.000000,1.000000,0,suspended,coursework,3.595942,8.086602,active,90,1,rain,24.000000
17,1127,3448270137,21,Day 2 01:42,suspended,coursework,3.595942,8.086602,active,0.384000,0.275115,0.718065,1.000000,1.000000,0.197333,0.028071,0.070000,0.116000,10,1,1,1,0,0,0,1,1,1,1,1,0,0,0,1,1,0.128701,0.000000,0.114316,0.000000,0.000000,0.000000,0.132261,0.000000,0.106560,0.314482,0.120730,0.000000,0.000000,0.000000,0.000000,0.082950,get_meal,1,35,1577,door,none,,,0.000000,1.000000,0,suspended,coursework,3.595942,8.086602,active,90,1,rain,24.000000
17,1127,3448270137,22,Day 2 02:17,suspended,coursework,3.595942,8.086602,active,0.355667,0.289115,0.718065,1.000000,0.479167,0.220667,0.028271,0.035000,0.095000,10,1,1,1,0,0,0,1,1,1,1,1,0,0,0,1,1,0.151154,0.000000,0.135347,0.000000,0.000000,0.000000,0.155863,0.000000,0.130860,0.184889,0.143596,0.000000,0.000000,0.000000,0.000000,0.098291,turn_light_on,1,1,1578,light,none,,,0.000000,1.000000,0,suspended,coursework,3.595942,8.086602,active,90,1,rain,24.000000
17,1127,3448270137,23,Day 2 02:18,suspended,coursework,3.595942,8.086602,active,0.356000,0.289515,0.718065,1.000000,0.480000,0.221333,0.028277,0.034000,0.094400,13,1,1,1,1,1,1,1,1,1,1,0,1,0,0,1,1,0.094989,0.000000,0.085052,0.135707,0.155496,0.170652,0.097862,0.000000,0.082260,0.116249,0.000000,0.000000,0.000000,0.000000,0.000000,0.061733,rest_at_bed,1,60,1638,bed,none,,,0.000000,1.000000,0,suspended,coursework,3.595942,8.086602,active,90,1,rain,24.000000
17,1127,3448270137,24,Day 2 03:18,suspended,coursework,3.595942,8.086602,active,0.416000,0.027096,0.767205,1.000000,0.530000,0.261333,0.029259,0.000000,0.058400,13,1,1,1,1,1,1,1,1,1,1,0,1,0,0,1,1,0.098545,0.000000,0.083379,0.145186,0.166358,0.182610,0.068944,0.000000,0.081084,0.116061,0.000000,0.000000,0.000000,0.000000,0.000000,0.057834,use_phone,1,25,1663,phone,none,,,0.000000,1.000000,0,suspended,coursework,3.595942,8.086602,active,90,1,rain,24.000000
17,1127,3448270137,25,Day 2 03:43,suspended,coursework,3.595942,8.086602,active,0.204333,0.125499,0.856345,1.000000,0.550833,0.278000,0.030083,0.095000,0.143400,13,1,1,1,1,1,1,1,1,1,1,0,1,0,0,1,1,0.073157,0.065734,0.066294,0.144460,0.165526,0.166879,0.075817,0.000000,0.077798,0.111954,0.000000,0.000000,0.000000,0.000000,0.000000,0.052380,shop_on_phone,1,20,1683,phone,none,,,0.000000,1.000000,0,suspended,coursework,3.595942,8.086602,active,60,1,rain,24.000000
17,1127,3448270137,26,Day 2 04:03,suspended,coursework,3.595942,8.086602,active,0.211000,0.138806,0.905486,1.000000,0.567500,0.291333,0.030931,0.155000,0.000000,13,1,1,1,1,1,1,1,1,1,1,0,1,0,0,1,1,0.074229,0.000000,0.067406,0.156616,0.179454,0.184961,0.082710,0.000000,0.082024,0.118538,0.000000,0.000000,0.000000,0.000000,0.000000,0.054062,study_focused,1,35,1718,desk,none,,coursework,0.466780,0.997303,0,active,coursework,4.062721,8.086602,active,60,1,rain,24.000000
17,1127,3448270137,27,Day 2 04:38,active,coursework,4.062721,8.086602,active,0.242667,0.262806,0.796002,1.000000,0.596667,0.314667,0.000000,0.120000,0.000000,13,1,1,1,1,1,1,1,1,1,1,0,1,0,0,1,1,0.084045,0.000000,0.077169,0.147778,0.169328,0.128796,0.101645,0.000000,0.093870,0.136675,0.000000,0.000000,0.000000,0.000000,0.000000,0.060693,study_focused,1,35,1753,desk,none,,coursework,0.482503,1.030895,0,active,coursework,4.545224,8.086602,active,60,1,rain,24.000000
17,1127,3448270137,28,Day 2 05:13,active,coursework,4.545224,8.086602,active,0.274333,0.386806,0.686519,1.000000,0.625833,0.338000,0.000000,0.085000,0.000000,13,1,1,1,1,1,1,1,1,1,1,0,1,0,0,1,1,0.081817,0.000000,0.075958,0.120868,0.138493,0.114873,0.106967,0.000000,0.092366,0.135491,0.000000,0.074584,0.000000,0.000000,0.000000,0.058585,rest_at_bed,1,60,1813,bed,none,,,0.000000,1.000000,0,suspended,coursework,4.545224,8.086602,active,60,1,rain,24.000000
17,1127,3448270137,29,Day 2 06:13,suspended,coursework,4.545224,8.086602,active,0.334333,0.124387,0.735660,1.000000,0.675833,0.378000,0.000918,0.000000,0.000000,13,1,1,1,1,1,1,1,1,1,1,0,1,0,0,1,1,0.103443,0.000000,0.090629,0.125174,0.143427,0.114393,0.087048,0.000000,0.108750,0.161578,0.000000,0.000000,0.000000,0.000000,0.000000,0.065557,get_meal,1,35,1848,door,none,,,0.000000,1.000000,0,suspended,coursework,4.545224,8.086602,active,60,1,rain,24.000000
17,1127,3448270137,30,Day 2 06:48,suspended,coursework,4.545224,8.086602,active,0.306000,0.138387,0.735660,1.000000,0.155000,0.401333,0.001139,0.000000,0.000000,13,1,1,1,1,1,1,1,1,1,1,0,1,0,0,1,1,0.099749,0.000000,0.088181,0.152229,0.174427,0.143121,0.087379,0.000000,0.111172,0.079077,0.000000,0.000000,0.000000,0.000000,0.000000,0.064666,study_at_computer,1,35,1883,computer,none,,coursework,0.859656,1.015624,0,active,coursework,5.404880,8.086602,active,60,1,rain,24.000000
17,1127,3448270137,31,Day 2 07:23,active,coursework,5.404880,8.086602,active,0.337667,0.266367,0.626177,1.000000,0.184167,0.424667,0.000000,0.045000,0.000000,13,1,1,1,1,1,1,1,1,1,1,0,1,0,0,1,1,0.102746,0.000000,0.092091,0.135828,0.155635,0.133984,0.106328,0.000000,0.119527,0.085658,0.000000,0.000000,0.000000,0.000000,0.000000,0.068203,use_computer,1,30,1913,computer,none,,,0.000000,1.000000,0,active,coursework,5.404880,8.086602,active,60,1,rain,24.000000
17,1127,3448270137,32,Day 2 07:53,active,coursework,5.404880,8.086602,active,0.187667,0.385443,0.695317,0.990000,0.209167,0.444667,0.000717,0.125000,0.000000,13,1,1,1,1,1,1,1,1,1,1,0,1,0,0,1,1,0.079138,0.000000,0.075072,0.129102,0.147734,0.117258,0.116003,0.000000,0.113101,0.081573,0.000000,0.079790,0.000000,0.000000,0.000000,0.061231,get_meal,1,35,1948,door,none,,,0.000000,1.000000,0,suspended,coursework,5.404880,8.086602,active,60,1,rain,24.000000
17,1127,3448270137,33,Day 2 08:28,suspended,coursework,5.404880,8.086602,active,0.159333,0.399443,0.695317,1.000000,0.000000,0.468000,0.000890,0.090000,0.000000,13,1,1,1,1,1,1,1,1,1,1,0,1,0,0,1,1,0.085287,0.000000,0.081560,0.140259,0.160712,0.125994,0.125441,0.000000,0.127449,0.000000,0.000000,0.086722,0.000000,0.000000,0.000000,0.066578,go_to_bathroom,1,15,1963,door,none,,,0.000000,1.000000,0,suspended,coursework,5.404880,8.086602,active,60,1,rain,24.000000
17,1127,3448270137,34,Day 2 08:43,suspended,coursework,5.404880,8.086602,active,0.164333,0.405443,0.695317,1.000000,0.012500,0.000000,0.000964,0.075000,0.000000,13,1,1,1,1,1,1,1,1,1,1,0,1,0,0,1,1,0.098027,0.000000,0.093683,0.159417,0.182664,0.149464,0.142291,0.000000,0.000000,0.000000,0.000000,0.098585,0.000000,0.000000,0.000000,0.075869,rest_at_bed,1,60,2023,bed,none,alarm-rings,,0.000000,1.000000,0,suspended,coursework,5.404880,8.086602,active,60,1,rain,24.000000
17,1127,3448270137,35,Day 2 09:43,suspended,coursework,5.404880,8.086602,active,0.254333,0.143025,0.744457,1.000000,0.062500,0.040000,0.022412,0.000000,0.000000,14,1,1,1,1,1,1,1,1,1,1,0,1,1,0,1,1,0.103446,0.000000,0.092654,0.167286,0.191681,0.158731,0.094943,0.000000,0.000000,0.000000,0.000000,0.000000,0.121643,0.000000,0.000000,0.069616,study_at_computer,1,35,2058,computer,none,,coursework,0.885178,1.045776,0,active,coursework,6.290058,8.086602,active,60,1,rain,24.000000
17,1127,3448270137,36,Day 2 10:18,active,coursework,6.290058,8.086602,active,0.286000,0.271005,0.634974,1.000000,0.091667,0.063333,0.000000,0.045000,0.000000,14,1,1,1,1,1,1,1,1,1,1,0,1,1,0,1,1,0.108811,0.000000,0.098812,0.151575,0.173678,0.145432,0.118309,0.000000,0.000000,0.000000,0.000000,0.000000,0.128402,0.000000,0.000000,0.074980,use_computer,1,30,2088,computer,none,,,0.000000,1.000000,0,active,coursework,6.290058,8.086602,active,60,1,rain,24.000000
17,1127,3448270137,37,Day 2 10:48,active,coursework,6.290058,8.086602,active,0.136000,0.390081,0.704114,0.990000,0.116667,0.083333,0.000726,0.125000,0.000000,14,1,1,1,1,1,1,1,1,1,1,0,1,1,0,1,1,0.083496,0.000000,0.080249,0.143530,0.164245,0.126801,0.128591,0.000000,0.000000,0.000000,0.000000,0.088227,0.117798,0.000000,0.000000,0.067063,study_halfhearted,1,35,2123,desk,none,,coursework,0.273926,0.975431,0,active,coursework,6.563984,8.086602,active,60,1,rain,24.000000
17,1127,3448270137,38,Day 2 11:23,active,coursework,6.563984,8.086602,active,0.197667,0.484081,0.645723,0.998333,0.145833,0.106667,0.000000,0.090000,0.000000,14,1,1,1,1,1,1,1,1,1,1,0,1,1,0,1,1,0.071931,0.000000,0.069076,0.107228,0.122837,0.101824,0.112803,0.120306,0.000000,0.067596,0.000000,0.074480,0.096352,0.000000,0.000000,0.055568,study_halfhearted,1,35,2158,desk,none,,coursework,0.285921,1.018146,0,active,coursework,6.849905,8.086602,active,60,1,rain,24.000000
17,1127,3448270137,39,Day 2 11:58,active,coursework,6.849905,8.086602,active,0.259333,0.578081,0.587332,1.000000,0.175000,0.130000,0.000000,0.055000,0.000000,14,1,1,1,1,1,1,1,1,1,1,0,1,1,0,1,1,0.070132,0.000000,0.067292,0.090679,0.103902,0.092550,0.111979,0.124465,0.061410,0.065108,0.000000,0.071158,0.089216,0.000000,0.000000,0.052110,rest_at_bed,1,60,2218,bed,none,message-study-group,,0.000000,1.000000,0,suspended,coursework,6.849905,8.086602,active,60,2,rain,24.000000
17,1127,3448270137,40,Day 2 12:58,suspended,coursework,6.849905,8.086602,active,0.319333,0.315662,0.716473,1.000000,0.225000,0.170000,0.050715,0.000000,0.000000,14,1,1,1,1,1,1,1,1,1,1,0,1,1,0,1,1,0.091125,0.000000,0.082576,0.132512,0.151836,0.124604,0.096019,0.000000,0.075188,0.080743,0.000000,0.000000,0.105139,0.000000,0.000000,0.060258,turn_off_alarm,1,1,2219,alarm,none,,,0.000000,1.000000,0,suspended,coursework,6.849905,8.086602,active,60,2,rain,24.000000
17,1127,3448270137,41,Day 2 12:59,suspended,coursework,6.849905,8.086602,active,0.319667,0.316062,0.716473,1.000000,0.225833,0.170667,0.030721,0.000000,0.000000,13,1,1,1,1,1,1,1,1,1,1,0,1,0,0,1,1,0.101445,0.000000,0.091927,0.146695,0.168086,0.143856,0.107192,0.000000,0.083761,0.089968,0.000000,0.000000,0.000000,0.000000,0.000000,0.067070,use_computer,1,30,2249,computer,none,,,0.000000,1.000000,0,suspended,coursework,6.849905,8.086602,active,60,2,rain,24.000000
17,1127,3448270137,42,Day 2 13:29,suspended,coursework,6.849905,8.086602,active,0.169667,0.435138,0.785613,0.990000,0.250833,0.190667,0.031530,0.080000,0.000000,13,1,1,1,1,1,1,1,1,1,1,0,1,0,0,1,1,0.077745,0.000000,0.074563,0.138737,0.158759,0.130306,0.116360,0.000000,0.078862,0.085249,0.000000,0.079507,0.000000,0.000000,0.000000,0.059912,turn_light_off,1,1,2250,light,none,,,0.000000,1.000000,0,suspended,coursework,6.849905,8.086602,active,60,2,rain,24.000000
17,1127,3448270137,43,Day 2 13:30,suspended,coursework,6.849905,8.086602,active,0.170000,0.435538,0.785613,1.000000,0.251667,0.191333,0.031538,0.079000,0.000000,10,1,1,1,0,0,0,1,1,1,1,1,0,0,0,1,1,0.132608,0.000000,0.127176,0.000000,0.000000,0.000000,0.198299,0.000000,0.134554,0.145482,0.159747,0.000000,0.000000,0.000000,0.000000,0.102133,turn_light_on,1,1,2251,light,none,weather-clear,,0.000000,1.000000,0,suspended,coursework,6.849905,8.086602,active,60,2,clear,24.000000
17,1127,3448270137,44,Day 2 13:31,suspended,coursework,6.849905,8.086602,active,0.170333,0.435938,0.785613,1.000000,0.252500,0.192000,0.031546,0.078000,0.000000,13,1,1,1,1,1,1,1,1,1,1,0,1,0,0,1,1,0.076972,0.000000,0.073815,0.137153,0.157153,0.139445,0.115000,0.000000,0.078124,0.084488,0.000000,0.078601,0.000000,0.000000,0.000000,0.059249,idle,1,10,2261,,none,,,0.000000,1.000000,0,suspended,coursework,6.849905,8.086602,active,60,2,clear,24.000000
17,1127,3448270137,45,Day 2 13:41,suspended,coursework,6.849905,8.086602,active,0.293667,0.439938,0.884753,0.946667,0.260833,0.198667,0.032265,0.068000,0.000000,13,1,1,1,1,1,1,1,1,1,1,0,1,0,0,1,1,0.080217,0.000000,0.074719,0.141767,0.161306,0.151927,0.107220,0.000000,0.073708,0.079882,0.000000,0.073396,0.000000,0.000000,0.000000,0.055858,rest_at_bed,1,60,2321,bed,none,room-temperature-shift,,0.000000,1.000000,0,suspended,coursework,6.849905,8.086602,active,60,2,clear,17.000000
17,1127,3448270137,46,Day 2 14:41,suspended,coursework,6.849905,8.086602,active,0.353667,0.212982,0.933893,0.916667,0.310833,0.238667,0.033589,0.000000,0.000000,13,1,1,1,1,1,1,1,1,1,1,0,1,0,0,1,1,0.091086,0.000000,0.080552,0.162824,0.184536,0.175582,0.083071,0.000000,0.078904,0.086613,0.000000,0.000000,0.000000,0.000000,0.000000,0.056831,study_at_computer,1,35,2356,computer,none,,coursework,0.803554,0.949343,0,active,coursework,7.653460,8.086602,active,60,2,clear,17.000000
17,1127,3448270137,47,Day 2 15:16,active,coursework,7.653460,8.086602,active,0.385333,0.340962,0.824410,0.985000,0.340000,0.262000,0.000000,0.045000,0.000000,13,1,1,1,1,1,1,1,1,1,1,0,1,0,0,1,1,0.097613,0.000000,0.087522,0.149866,0.171382,0.139768,0.105618,0.000000,0.088261,0.097610,0.000000,0.000000,0.000000,0.000000,0.000000,0.062361,study_at_computer,1,35,2391,computer,none,task-completed,coursework,0.912505,1.078061,0,none,,8.086602,8.086602,completed,60,2,clear,17.000000
17,1127,3448270137,48,Day 2 15:51,none,,8.086602,8.086602,completed,0.417000,0.468942,0.094523,1.000000,0.369167,0.285333,0.000000,0.090000,0.000000,10,1,1,1,0,0,0,1,1,1,1,0,1,0,0,1,1,0.123861,0.000000,0.112599,0.000000,0.000000,0.000000,0.158303,0.167619,0.116900,0.130251,0.000000,0.105382,0.000000,0.000000,0.000000,0.085085,rest_at_bed,1,60,2451,bed,none,,,0.000000,1.000000,0,none,,8.086602,8.086602,completed,60,2,clear,17.000000
17,1127,3448270137,49,Day 2 16:51,none,,8.086602,8.086602,completed,0.477000,0.206524,0.094523,1.000000,0.419167,0.325333,0.000000,0.000000,0.000000,10,1,1,1,0,0,0,1,1,1,1,0,1,0,0,1,1,0.194084,0.000000,0.166481,0.000000,0.000000,0.000000,0.158840,0.000000,0.170242,0.192128,0.000000,0.000000,0.000000,0.000000,0.000000,0.118225,use_phone,1,25,2476,phone,none,,,0.000000,1.000000,0,none,,8.086602,8.086602,completed,60,2,clear,17.000000
17,1127,3448270137,50,Day 2 17:16,none,,8.086602,8.086602,completed,0.265333,0.304926,0.094523,1.000000,0.440000,0.342000,0.000000,0.095000,0.085000,10,1,1,1,0,0,0,1,1,1,1,0,1,0,0,1,1,0.158742,0.000000,0.145837,0.000000,0.000000,0.000000,0.192469,0.000000,0.179964,0.204185,0.000000,0.000000,0.000000,0.000000,0.000000,0.118803,use_computer,1,30,2506,computer,none,,,0.000000,1.000000,0,none,,8.086602,8.086602,completed,60,2,clear,17.000000
17,1127,3448270137,51,Day 2 17:46,none,,8.086602,8.086602,completed,0.115333,0.424002,0.094523,0.990000,0.465000,0.362000,0.000000,0.175000,0.067000,10,1,1,1,0,0,0,1,1,1,1,0,1,0,0,1,1,0.095408,0.000000,0.092768,0.000000,0.000000,0.000000,0.163868,0.171267,0.132880,0.151731,0.000000,0.108397,0.000000,0.000000,0.000000,0.083682,get_meal,1,35,2541,door,none,,,0.000000,1.000000,0,none,,8.086602,8.086602,completed,60,2,clear,17.000000
17,1127,3448270137,52,Day 2 18:21,none,,8.086602,8.086602,completed,0.087000,0.438002,0.094523,1.000000,0.000000,0.385333,0.000000,0.140000,0.046000,10,1,1,1,0,0,0,1,1,1,1,0,1,0,0,1,1,0.111140,0.000000,0.108939,0.000000,0.000000,0.000000,0.191541,0.200834,0.161851,0.000000,0.000000,0.127344,0.000000,0.000000,0.000000,0.098350,sleep_at_bed,1,480,3021,bed,none,evening,,0.000000,1.000000,0,none,,8.086602,8.086602,completed,60,2,clear,17.000000
17,1127,3448270137,53,Day 3 02:21,none,,8.086602,8.086602,completed,0.167000,0.094021,0.094523,0.920000,0.400000,0.705333,0.000000,0.000000,0.000000,10,1,1,1,0,0,0,1,1,1,1,0,1,0,0,1,1,0.148820,0.000000,0.135059,0.000000,0.000000,0.000000,0.139557,0.000000,0.281384,0.183763,0.000000,0.000000,0.000000,0.000000,0.000000,0.111418,idle,1,10,3031,,none,,,0.000000,1.000000,0,none,,8.086602,8.086602,completed,60,2,clear,17.000000
17,1127,3448270137,54,Day 3 02:31,none,,8.086602,8.086602,completed,0.290333,0.098021,0.094523,0.866667,0.408333,0.712000,0.000000,0.000000,0.000000,10,1,1,1,0,0,0,1,1,1,1,0,1,0,0,1,1,0.159794,0.000000,0.140893,0.000000,0.000000,0.000000,0.135488,0.000000,0.274603,0.179718,0.000000,0.000000,0.000000,0.000000,0.000000,0.109503,get_meal,1,35,3066,door,none,,,0.000000,1.000000,0,none,,8.086602,8.086602,completed,60,2,clear,17.000000
17,1127,3448270137,55,Day 3 03:06,none,,8.086602,8.086602,completed,0.262000,0.112021,0.094523,0.993766,0.000000,0.735333,0.000000,0.000000,0.000000,10,1,1,1,0,0,0,1,1,1,1,0,1,0,0,1,1,0.188852,0.000000,0.168016,0.000000,0.000000,0.000000,0.166693,0.000000,0.344055,0.000000,0.000000,0.000000,0.000000,0.000000,0.000000,0.132384,rest_at_bed,1,60,3126,bed,none,,,0.000000,1.000000,0,none,,8.086602,8.086602,completed,60,2,clear,17.000000
17,1127,3448270137,56,Day 3 04:06,none,,8.086602,8.086602,completed,0.322000,0.000000,0.094523,1.000000,0.050000,0.775333,0.000000,0.000000,0.000000,10,1,1,1,0,0,0,1,1,1,1,0,1,0,0,1,1,0.197809,0.000000,0.170442,0.000000,0.000000,0.000000,0.145945,0.000000,0.355348,0.000000,0.000000,0.000000,0.000000,0.000000,0.000000,0.130456,use_computer,1,30,3156,computer,none,,,0.000000,1.000000,0,none,,8.086602,8.086602,completed,60,2,clear,17.000000
17,1127,3448270137,57,Day 3 04:36,none,,8.086602,8.086602,completed,0.172000,0.119076,0.094523,0.990000,0.075000,0.795333,0.000000,0.080000,0.000000,10,1,1,1,0,0,0,1,1,1,1,0,1,0,0,1,1,0.168436,0.000000,0.153605,0.000000,0.000000,0.000000,0.176044,0.000000,0.371728,0.000000,0.000000,0.000000,0.000000,0.000000,0.000000,0.130187,idle,1,10,3166,,none,,,0.000000,1.000000,0,none,,8.086602,8.086602,completed,60,2,clear,17.000000
17,1127,3448270137,58,Day 3 04:46,none,,8.086602,8.086602,completed,0.295333,0.123076,0.094523,0.936667,0.083333,0.802000,0.000000,0.070000,0.000000,10,1,1,1,0,0,0,1,1,1,1,0,1,0,0,1,1,0.181044,0.000000,0.160364,0.000000,0.000000,0.000000,0.169298,0.000000,0.361716,0.000000,0.000000,0.000000,0.000000,0.000000,0.000000,0.127578,go_to_bathroom,1,15,3181,door,none,,,0.000000,1.000000,0,none,,8.086602,8.086602,completed,60,2,clear,17.000000
17,1127,3448270137,59,Day 3 05:01,none,,8.086602,8.086602,completed,0.300333,0.129076,0.094523,1.000000,0.095833,0.192000,0.000000,0.055000,0.000000,10,1,1,1,0,0,0,1,1,1,1,0,1,0,0,1,1,0.229127,0.000000,0.202825,0.000000,0.000000,0.000000,0.211458,0.000000,0.196507,0.000000,0.000000,0.000000,0.000000,0.000000,0.000000,0.160083,go_to_bathroom,1,15,3196,door,none,,,0.000000,1.000000,0,none,,8.086602,8.086602,completed,60,2,clear,17.000000
17,1127,3448270137,60,Day 3 05:16,none,,8.086602,8.086602,completed,0.305333,0.135076,0.094523,1.000000,0.108333,0.000000,0.000000,0.040000,0.000000,10,1,1,1,0,0,0,1,1,1,1,0,1,0,0,1,1,0.286686,0.000000,0.253613,0.000000,0.000000,0.000000,0.261115,0.000000,0.000000,0.000000,0.000000,0.000000,0.000000,0.000000,0.000000,0.198586,use_phone,1,25,3221,phone,none,,,0.000000,1.000000,0,none,,8.086602,8.086602,completed,60,2,clear,17.000000
17,1127,3448270137,61,Day 3 05:41,none,,8.086602,8.086602,completed,0.093667,0.233479,0.094523,1.000000,0.129167,0.016667,0.000000,0.135000,0.085000,10,1,1,1,0,0,0,1,1,1,1,0,1,0,0,1,1,0.194918,0.000000,0.184679,0.000000,0.000000,0.000000,0.263012,0.000000,0.000000,0.191505,0.000000,0.000000,0.000000,0.000000,0.000000,0.165886,use_computer,1,30,3251,computer,none,,,0.000000,1.000000,0,none,,8.086602,8.086602,completed,60,2,clear,17.000000
17,1127,3448270137,62,Day 3 06:11,none,,8.086602,8.086602,completed,0.000000,0.352555,0.094523,0.990000,0.154167,0.036667,0.000000,0.215000,0.067000,10,1,1,1,0,0,0,1,1,1,1,0,1,0,0,1,1,0.000000,0.000000,0.000000,0.000000,0.000000,0.000000,0.352247,0.000000,0.000000,0.223855,0.000000,0.238730,0.000000,0.000000,0.000000,0.185168,turn_light_off,1,1,3252,light,none,,,0.000000,1.000000,0,none,,8.086602,8.086602,completed,60,2,clear,17.000000
17,1127,3448270137,63,Day 3 06:12,none,,8.086602,8.086602,completed,0.000333,0.352955,0.094523,1.000000,0.155000,0.037333,0.000000,0.214000,0.066400,10,1,1,1,0,0,0,1,1,1,1,1,0,0,0,1,1,0.000000,0.000000,0.000000,0.000000,0.000000,0.000000,0.462486,0.000000,0.000000,0.294322,0.000000,0.000000,0.000000,0.000000,0.000000,0.243193,get_meal,1,35,3287,door,none,,,0.000000,1.000000,0,none,,8.086602,8.086602,completed,60,2,clear,17.000000
17,1127,3448270137,64,Day 3 06:47,none,,8.086602,8.086602,completed,0.000000,0.366955,0.094523,1.000000,0.000000,0.060667,0.000000,0.179000,0.045400,10,1,1,1,0,0,0,1,1,1,1,1,0,0,0,1,1,0.000000,0.000000,0.000000,0.000000,0.000000,0.000000,0.653308,0.000000,0.000000,0.000000,0.000000,0.000000,0.000000,0.000000,0.000000,0.346692,idle,1,10,3297,,none,,,0.000000,1.000000,0,none,,8.086602,8.086602,completed,60,2,clear,17.000000
17,1127,3448270137,65,Day 3 06:57,none,,8.086602,8.086602,completed,0.123333,0.370955,0.094523,0.946667,0.008333,0.067333,0.000000,0.169000,0.039400,10,1,1,1,0,0,0,1,1,1,1,1,0,0,0,1,1,0.226224,0.000000,0.217682,0.000000,0.000000,0.000000,0.360922,0.000000,0.000000,0.000000,0.000000,0.000000,0.000000,0.000000,0.000000,0.195172,rest_at_bed,1,60,3357,bed,none,alarm-rings,,0.000000,1.000000,0,none,,8.086602,8.086602,completed,60,2,clear,17.000000
17,1127,3448270137,66,Day 3 07:57,none,,8.086602,8.086602,completed,0.213333,0.108536,0.094523,0.976667,0.058333,0.107333,0.020511,0.000000,0.003400,11,1,1,1,0,0,0,1,1,1,1,1,0,1,0,1,1,0.210539,0.000000,0.189399,0.000000,0.000000,0.000000,0.192431,0.000000,0.000000,0.000000,0.000000,0.000000,0.254847,0.000000,0.000000,0.152785,rest_at_bed,1,60,3417,bed,none,,,0.000000,1.000000,0,none,,8.086602,8.086602,completed,60,2,clear,17.000000
17,1127,3448270137,67,Day 3 08:57,none,,8.086602,8.086602,completed,0.273333,0.000000,0.094523,1.000000,0.108333,0.147333,0.020511,0.000000,0.000000,11,1,1,1,0,0,0,1,1,1,1,1,0,1,0,1,1,0.223371,0.000000,0.194720,0.000000,0.000000,0.000000,0.000000,0.000000,0.176803,0.000000,0.000000,0.000000,0.252519,0.000000,0.000000,0.152587,turn_off_alarm,1,1,3418,alarm,none,,,0.000000,1.000000,0,none,,8.086602,8.086602,completed,60,2,clear,17.000000
17,1127,3448270137,68,Day 3 08:58,none,,8.086602,8.086602,completed,0.273667,0.000400,0.094523,1.000000,0.109167,0.148000,0.000511,0.000000,0.000000,10,1,1,1,0,0,0,1,1,1,1,1,0,0,0,1,1,0.242956,0.000000,0.211790,0.000000,0.000000,0.000000,0.186880,0.000000,0.192438,0.000000,0.000000,0.000000,0.000000,0.000000,0.000000,0.165936,rest_at_bed,1,60,3478,bed,none,,,0.000000,1.000000,0,none,,8.086602,8.086602,completed,60,2,clear,17.000000
17,1127,3448270137,69,Day 3 09:58,none,,8.086602,8.086602,completed,0.333667,0.000000,0.094523,1.000000,0.159167,0.188000,0.000511,0.000000,0.000000,10,1,1,1,0,0,0,1,1,1,1,1,0,0,0,1,1,0.208317,0.000000,0.178996,0.000000,0.000000,0.000000,0.152163,0.000000,0.165589,0.158703,0.000000,0.000000,0.000000,0.000000,0.000000,0.136233,use_phone,1,25,3503,phone,none,,,0.000000,1.000000,0,none,,8.086602,8.086602,completed,60,2,clear,17.000000
17,1127,3448270137,70,Day 3 10:23,none,,8.086602,8.086602,completed,0.122000,0.098403,0.094523,1.000000,0.180000,0.204667,0.000511,0.095000,0.085000,10,1,1,1,0,0,0,1,1,1,1,1,0,0,0,1,1,0.171728,0.000000,0.158038,0.000000,0.000000,0.000000,0.185834,0.000000,0.176427,0.169994,0.000000,0.000000,0.000000,0.000000,0.000000,0.137980,go_to_bathroom,1,15,3518,door,none,,,0.000000,1.000000,0,none,,8.086602,8.086602,completed,60,2,clear,17.000000
17,1127,3448270137,71,Day 3 10:38,none,,8.086602,8.086602,completed,0.127000,0.104403,0.094523,1.000000,0.192500,0.000000,0.000511,0.080000,0.076000,10,1,1,1,0,0,0,1,1,1,1,1,0,0,0,1,1,0.209126,0.000000,0.192330,0.000000,0.000000,0.000000,0.223342,0.000000,0.000000,0.208609,0.000000,0.000000,0.000000,0.000000,0.000000,0.166593,rest_at_bed,1,60,3578,bed,none,,,0.000000,1.000000,0,none,,8.086602,8.086602,completed,60,2,clear,17.000000
17,1127,3448270137,72,Day 3 11:38,none,,8.086602,8.086602,completed,0.187000,0.000000,0.094523,1.000000,0.242500,0.040000,0.000511,0.000000,0.040000,10,1,1,1,0,0,0,1,1,1,1,1,0,0,0,1,1,0.226685,0.000000,0.201730,0.000000,0.000000,0.000000,0.187672,0.000000,0.000000,0.219095,0.000000,0.000000,0.000000,0.000000,0.000000,0.164817,get_meal,1,35,3613,door,none,,,0.000000,1.000000,0,none,,8.086602,8.086602,completed,60,2,clear,17.000000
17,1127,3448270137,73,Day 3 12:13,none,,8.086602,8.086602,completed,0.158667,0.014000,0.094523,1.000000,0.000000,0.063333,0.000511,0.000000,0.019000,10,1,1,1,0,0,0,1,1,1,1,1,0,0,0,1,1,0.285425,0.000000,0.256295,0.000000,0.000000,0.000000,0.245994,0.000000,0.000000,0.000000,0.000000,0.000000,0.000000,0.000000,0.000000,0.212286,use_computer,1,30,3643,computer,none,,,0.000000,1.000000,0,none,,8.086602,8.086602,completed,60,2,clear,17.000000
17,1127,3448270137,74,Day 3 12:43,none,,8.086602,8.086602,completed,0.008667,0.133076,0.094523,0.990000,0.025000,0.083333,0.000511,0.080000,0.001000,10,1,1,1,0,0,0,1,1,1,1,1,0,0,0,1,1,0.323359,0.000000,0.000000,0.000000,0.000000,0.000000,0.394785,0.000000,0.000000,0.000000,0.000000,0.000000,0.000000,0.000000,0.000000,0.281856,idle,1,10,3653,,none,,,0.000000,1.000000,0,none,,8.086602,8.086602,completed,60,2,clear,17.000000
17,1127,3448270137,75,Day 3 12:53,none,,8.086602,8.086602,completed,0.132000,0.137076,0.094523,0.936667,0.033333,0.090000,0.000511,0.070000,0.000000,10,1,1,1,0,0,0,1,1,1,1,1,0,0,0,1,1,0.262458,0.000000,0.242271,0.000000,0.000000,0.000000,0.286695,0.000000,0.000000,0.000000,0.000000,0.000000,0.000000,0.000000,0.000000,0.208576,use_phone,1,25,3678,phone,none,message-study-group,,0.000000,1.000000,0,none,,8.086602,8.086602,completed,60,3,clear,17.000000
17,1127,3448270137,76,Day 3 13:18,none,,8.086602,8.086602,completed,0.000000,0.235479,0.094523,0.968333,0.054167,0.106667,0.000511,0.165000,0.085000,10,1,1,1,0,0,0,1,1,1,1,1,0,0,0,1,1,0.000000,0.000000,0.000000,0.000000,0.000000,0.000000,0.621239,0.000000,0.000000,0.000000,0.000000,0.000000,0.000000,0.000000,0.000000,0.378761,rest_at_bed,1,60,3738,bed,none,,,0.000000,1.000000,0,none,,8.086602,8.086602,completed,60,3,clear,17.000000
17,1127,3448270137,77,Day 3 14:18,none,,8.086602,8.086602,completed,0.060000,0.000000,0.094523,0.998333,0.104167,0.146667,0.000511,0.000000,0.049000,10,1,1,1,0,0,0,1,1,1,1,1,0,0,0,1,1,0.218063,0.000000,0.200040,0.000000,0.000000,0.000000,0.201212,0.000000,0.206899,0.000000,0.000000,0.000000,0.000000,0.000000,0.000000,0.173785,use_phone,1,25,3763,phone,none,,,0.000000,1.000000,0,none,,8.086602,8.086602,completed,60,3,clear,17.000000
17,1127,3448270137,78,Day 3 14:43,none,,8.086602,8.086602,completed,0.000000,0.098403,0.094523,1.000000,0.125000,0.163333,0.000511,0.095000,0.134000,10,1,1,1,0,0,0,1,1,1,1,1,0,0,0,1,1,0.240627,0.000000,0.000000,0.000000,0.000000,0.000000,0.288982,0.000000,0.259236,0.000000,0.000000,0.000000,0.000000,0.000000,0.000000,0.211154,go_to_bathroom,1,15,3778,door,none,,,0.000000,1.000000,0,none,,8.086602,8.086602,completed,60,3,clear,17.000000
17,1127,3448270137,79,Day 3 14:58,none,,8.086602,8.086602,completed,0.005000,0.104403,0.094523,1.000000,0.137500,0.000000,0.000511,0.080000,0.125000,10,1,1,1,0,0,0,1,1,1,1,1,0,0,0,1,1,0.244923,0.000000,0.000000,0.000000,0.000000,0.000000,0.290290,0.000000,0.000000,0.251699,0.000000,0.000000,0.000000,0.000000,0.000000,0.213088,use_phone,1,25,3803,phone,none,,,0.000000,1.000000,0,none,,8.086602,8.086602,completed,60,3,clear,17.000000
17,1127,3448270137,80,Day 3 15:23,none,,8.086602,8.086602,completed,0.000000,0.202805,0.094523,1.000000,0.158333,0.016667,0.000511,0.175000,0.210000,10,1,1,1,0,0,0,1,1,1,1,1,0,0,0,1,1,0.000000,0.253650,0.000000,0.000000,0.000000,0.000000,0.312806,0.000000,0.000000,0.237881,0.000000,0.000000,0.000000,0.000000,0.000000,0.195664,get_meal,1,35,3838,door,none,,,0.000000,1.000000,0,none,,8.086602,8.086602,completed,60,3,clear,17.000000
17,1127,3448270137,81,Day 3 15:58,none,,8.086602,8.086602,completed,0.000000,0.216805,0.094523,1.000000,0.000000,0.040000,0.000511,0.140000,0.189000,10,1,1,1,0,0,0,1,1,1,1,1,0,0,0,1,1,0.000000,0.328272,0.000000,0.000000,0.000000,0.000000,0.411777,0.000000,0.000000,0.000000,0.000000,0.000000,0.000000,0.000000,0.000000,0.259951,rest_at_bed,1,60,3898,bed,none,weather-clear,,0.000000,1.000000,0,none,,8.086602,8.086602,completed,60,3,clear,17.000000
17,1127,3448270137,82,Day 3 16:58,none,,8.086602,8.086602,completed,0.060000,0.000000,0.094523,1.000000,0.050000,0.080000,0.000511,0.000000,0.153000,10,1,1,1,0,0,0,1,1,1,1,1,0,0,0,1,1,0.217554,0.208752,0.199573,0.000000,0.000000,0.000000,0.200742,0.000000,0.000000,0.000000,0.000000,0.000000,0.000000,0.000000,0.000000,0.173379,rest_at_bed,1,60,3958,bed,none,,,0.000000,1.000000,0,none,,8.086602,8.086602,completed,60,3,clear,17.000000
17,1127,3448270137,83,Day 3 17:58,none,,8.086602,8.086602,completed,0.120000,0.000000,0.094523,1.000000,0.100000,0.120000,0.000511,0.000000,0.117000,10,1,1,1,0,0,0,1,1,1,1,1,0,0,0,1,1,0.282162,0.000000,0.255155,0.000000,0.000000,0.000000,0.247355,0.000000,0.000000,0.000000,0.000000,0.000000,0.000000,0.000000,0.000000,0.215329,rest_at_bed,1,60,4018,bed,none,room-temperature-shift|evening,,0.000000,1.000000,0,none,,8.086602,8.086602,completed,60,3,clear,17.000000
17,1127,3448270137,84,Day 3 18:58,none,,8.086602,8.086602,completed,0.180000,0.000000,0.094523,1.000000,0.150000,0.160000,0.000511,0.000000,0.081000,10,1,1,1,0,0,0,1,1,1,1,1,0,0,0,1,1,0.192858,0.000000,0.171914,0.000000,0.000000,0.000000,0.160623,0.000000,0.168211,0.165461,0.000000,0.000000,0.000000,0.000000,0.000000,0.140933,get_meal,1,35,4053,door,none,,,0.000000,1.000000,0,none,,8.086602,8.086602,completed,60,3,clear,17.000000
17,1127,3448270137,85,Day 3 19:33,none,,8.086602,8.086602,completed,0.151667,0.014000,0.094523,1.000000,0.000000,0.183333,0.000511,0.000000,0.060000,10,1,1,1,0,0,0,1,1,1,1,1,0,0,0,1,1,0.225294,0.000000,0.202640,0.000000,0.000000,0.000000,0.195334,0.000000,0.208319,0.000000,0.000000,0.000000,0.000000,0.000000,0.000000,0.168413,use_computer,1,30,4083,computer,none,,,0.000000,1.000000,0,none,,8.086602,8.086602,completed,60,3,clear,17.000000
17,1127,3448270137,86,Day 3 20:03,none,,8.086602,8.086602,completed,0.001667,0.133076,0.094523,0.990000,0.025000,0.203333,0.000511,0.080000,0.042000,10,1,1,1,0,0,0,1,1,1,1,1,0,0,0,1,1,0.235836,0.000000,0.000000,0.000000,0.000000,0.000000,0.289656,0.000000,0.267899,0.000000,0.000000,0.000000,0.000000,0.000000,0.000000,0.206609,use_phone,1,25,4108,phone,none,,,0.000000,1.000000,0,none,,8.086602,8.086602,completed,60,3,clear,17.000000
17,1127,3448270137,87,Day 3 20:28,none,,8.086602,8.086602,completed,0.000000,0.231479,0.094523,1.000000,0.045833,0.220000,0.000511,0.175000,0.127000,10,1,1,1,0,0,0,1,1,1,1,1,0,0,0,1,1,0.000000,0.000000,0.000000,0.000000,0.000000,0.000000,0.414085,0.000000,0.334116,0.000000,0.000000,0.000000,0.000000,0.000000,0.000000,0.251800,rest_at_bed,1,60,4168,bed,none,,,0.000000,1.000000,0,none,,8.086602,8.086602,completed,60,3,clear,17.000000
17,1127,3448270137,88,Day 3 21:28,none,,8.086602,8.086602,completed,0.060000,0.000000,0.094523,1.000000,0.095833,0.260000,0.000511,0.000000,0.091000,10,1,1,1,0,0,0,1,1,1,1,1,0,0,0,1,1,0.210732,0.000000,0.193315,0.000000,0.000000,0.000000,0.194448,0.000000,0.233562,0.000000,0.000000,0.000000,0.000000,0.000000,0.000000,0.167943,go_to_bathroom,1,15,4183,door,none,,,0.000000,1.000000,0,none,,8.086602,8.086602,completed,60,3,clear,17.000000
17,1127,3448270137,89,Day 3 21:43,none,,8.086602,8.086602,completed,0.065000,0.006000,0.094523,1.000000,0.108333,0.000000,0.000511,0.000000,0.082000,10,1,1,1,0,0,0,1,1,1,1,1,0,0,0,1,1,0.274947,0.000000,0.252160,0.000000,0.000000,0.000000,0.254358,0.000000,0.000000,0.000000,0.000000,0.000000,0.000000,0.000000,0.000000,0.218535,use_phone,1,25,4208,phone,none,,,0.000000,1.000000,0,none,,8.086602,8.086602,completed,60,3,clear,17.000000
17,1127,3448270137,90,Day 3 22:08,none,,8.086602,8.086602,completed,0.000000,0.104403,0.094523,1.000000,0.129167,0.016667,0.000511,0.095000,0.167000,10,1,1,1,0,0,0,1,1,1,1,1,0,0,0,1,1,0.192557,0.207799,0.000000,0.000000,0.000000,0.000000,0.232843,0.000000,0.000000,0.197669,0.000000,0.000000,0.000000,0.000000,0.000000,0.169132,get_meal,1,35,4243,door,none,,,0.000000,1.000000,0,none,,8.086602,8.086602,completed,60,3,clear,17.000000
17,1127,3448270137,91,Day 3 22:43,none,,8.086602,8.086602,completed,0.000000,0.118403,0.094523,1.000000,0.000000,0.040000,0.000511,0.060000,0.146000,10,1,1,1,0,0,0,1,1,1,1,1,0,0,0,1,1,0.244397,0.253961,0.000000,0.000000,0.000000,0.000000,0.289450,0.000000,0.000000,0.000000,0.000000,0.000000,0.000000,0.000000,0.000000,0.212192,shop_on_phone,1,20,4263,phone,none,,,0.000000,1.000000,0,none,,8.086602,8.086602,completed,30,3,clear,17.000000
17,1127,3448270137,92,Day 3 23:03,none,,8.086602,8.086602,completed,0.006667,0.131710,0.094523,1.000000,0.016667,0.053333,0.000511,0.120000,0.000000,10,1,1,1,0,0,0,1,1,1,1,1,0,0,0,1,1,0.316448,0.000000,0.000000,0.000000,0.000000,0.000000,0.402993,0.000000,0.000000,0.000000,0.000000,0.000000,0.000000,0.000000,0.000000,0.280559,rest_at_bed,1,60,4323,bed,none,,,0.000000,1.000000,0,none,,8.086602,8.086602,completed,30,3,clear,17.000000
17,1127,3448270137,93,Day 4 00:03,none,,8.086602,8.086602,completed,0.066667,0.000000,0.094523,1.000000,0.066667,0.093333,0.000511,0.000000,0.000000,10,1,1,1,0,0,0,1,1,1,1,1,0,0,0,1,1,0.275748,0.000000,0.252555,0.000000,0.000000,0.000000,0.252996,0.000000,0.000000,0.000000,0.000000,0.000000,0.000000,0.000000,0.000000,0.218701,use_phone,1,25,4348,phone,none,,,0.000000,1.000000,0,none,,8.086602,8.086602,completed,30,3,clear,17.000000
17,1127,3448270137,94,Day 4 00:28,none,,8.086602,8.086602,completed,0.000000,0.098403,0.094523,1.000000,0.087500,0.110000,0.000511,0.095000,0.085000,10,1,1,1,0,0,0,1,1,1,1,1,0,0,0,1,1,0.324837,0.000000,0.000000,0.000000,0.000000,0.000000,0.390114,0.000000,0.000000,0.000000,0.000000,0.000000,0.000000,0.000000,0.000000,0.285050,use_phone,1,25,4373,phone,none,,,0.000000,1.000000,0,none,,8.086602,8.086602,completed,30,3,clear,17.000000
17,1127,3448270137,95,Day 4 00:53,none,,8.086602,8.086602,completed,0.000000,0.196805,0.094523,1.000000,0.108333,0.126667,0.000511,0.190000,0.170000,10,1,1,1,0,0,0,1,1,1,1,1,0,0,0,1,1,0.000000,0.246363,0.000000,0.000000,0.000000,0.000000,0.320633,0.000000,0.233233,0.000000,0.000000,0.000000,0.000000,0.000000,0.000000,0.199771,go_to_bathroom,1,15,4388,door,none,,,0.000000,1.000000,0,none,,8.086602,8.086602,completed,30,3,clear,17.000000
17,1127,3448270137,96,Day 4 01:08,none,,8.086602,8.086602,completed,0.005000,0.202805,0.094523,1.000000,0.120833,0.000000,0.000511,0.175000,0.161000,10,1,1,1,0,0,0,1,1,1,1,1,0,0,0,1,1,0.000000,0.319422,0.000000,0.000000,0.000000,0.000000,0.418579,0.000000,0.000000,0.000000,0.000000,0.000000,0.000000,0.000000,0.000000,0.261998,idle,1,10,4398,,none,,,0.000000,1.000000,0,none,,8.086602,8.086602,completed,30,3,clear,17.000000
17,1127,3448270137,97,Day 4 01:18,none,,8.086602,8.086602,completed,0.128333,0.206805,0.094523,0.946667,0.129167,0.006667,0.000511,0.165000,0.155000,10,1,1,1,0,0,0,1,1,1,1,1,0,0,0,1,1,0.165248,0.166294,0.154745,0.000000,0.000000,0.000000,0.216684,0.000000,0.000000,0.158824,0.000000,0.000000,0.000000,0.000000,0.000000,0.138205,get_meal,1,35,4433,door,none,,,0.000000,1.000000,0,none,,8.086602,8.086602,completed,30,3,clear,17.000000
17,1127,3448270137,98,Day 4 01:53,none,,8.086602,8.086602,completed,0.100000,0.220805,0.094523,1.000000,0.000000,0.030000,0.000511,0.130000,0.134000,10,1,1,1,0,0,0,1,1,1,1,1,0,0,0,1,1,0.243690,0.000000,0.230048,0.000000,0.000000,0.000000,0.320633,0.000000,0.000000,0.000000,0.000000,0.000000,0.000000,0.000000,0.000000,0.205629,idle,1,10,4443,,none,,,0.000000,1.000000,0,none,,8.086602,8.086602,completed,30,3,clear,17.000000
17,1127,3448270137,99,Day 4 02:03,none,,8.086602,8.086602,completed,0.223333,0.224805,0.094523,0.946667,0.008333,0.036667,0.000511,0.120000,0.128000,10,1,1,1,0,0,0,1,1,1,1,1,0,0,0,1,1,0.258835,0.000000,0.237333,0.000000,0.000000,0.000000,0.304704,0.000000,0.000000,0.000000,0.000000,0.000000,0.000000,0.000000,0.000000,0.199128,use_computer,1,30,4473,computer,none,,,0.000000,1.000000,0,none,,8.086602,8.086602,completed,30,3,clear,17.000000
17,1127,3448270137,100,Day 4 02:33,none,,8.086602,8.086602,completed,0.073333,0.343881,0.094523,0.936667,0.033333,0.056667,0.000511,0.200000,0.110000,10,1,1,1,0,0,0,1,1,1,1,1,0,0,0,1,1,0.280171,0.000000,0.000000,0.000000,0.000000,0.000000,0.467222,0.000000,0.000000,0.000000,0.000000,0.000000,0.000000,0.000000,0.000000,0.252607,idle,1,10,4483,,none,,,0.000000,1.000000,0,none,,8.086602,8.086602,completed,30,3,clear,17.000000
17,1127,3448270137,101,Day 4 02:43,none,,8.086602,8.086602,completed,0.196667,0.347881,0.094523,0.883333,0.041667,0.063333,0.000511,0.190000,0.104000,10,1,1,1,0,0,0,1,1,1,1,1,0,0,0,1,1,0.234925,0.000000,0.221441,0.000000,0.000000,0.000000,0.350520,0.000000,0.000000,0.000000,0.000000,0.000000,0.000000,0.000000,0.000000,0.193113,rest_at_bed,1,60,4543,bed,none,,,0.000000,1.000000,0,none,,8.086602,8.086602,completed,30,3,clear,17.000000
17,1127,3448270137,102,Day 4 03:43,none,,8.086602,8.086602,completed,0.256667,0.085463,0.094523,0.913333,0.091667,0.103333,0.000511,0.000000,0.068000,10,1,1,1,0,0,0,1,1,1,1,1,0,0,0,1,1,0.290026,0.000000,0.257277,0.000000,0.000000,0.000000,0.249458,0.000000,0.000000,0.000000,0.000000,0.000000,0.000000,0.000000,0.000000,0.203239,rest_at_bed,1,60,4603,bed,none,,,0.000000,1.000000,0,none,,8.086602,8.086602,completed,30,3,clear,17.000000
17,1127,3448270137,103,Day 4 04:43,none,,8.086602,8.086602,completed,0.316667,0.000000,0.094523,0.943333,0.141667,0.143333,0.000511,0.000000,0.032000,10,1,1,1,0,0,0,1,1,1,1,1,0,0,0,1,1,0.209231,0.000000,0.180514,0.000000,0.000000,0.000000,0.155066,0.000000,0.158722,0.157946,0.000000,0.000000,0.000000,0.000000,0.000000,0.138522,use_computer,1,30,4633,computer,none,,,0.000000,1.000000,0,none,,8.086602,8.086602,completed,30,3,clear,17.000000
17,1127,3448270137,104,Day 4 05:13,none,,8.086602,8.086602,completed,0.166667,0.119076,0.094523,0.933333,0.166667,0.163333,0.000511,0.080000,0.014000,10,1,1,1,0,0,0,1,1,1,1,1,0,0,0,1,1,0.178439,0.000000,0.162935,0.000000,0.000000,0.000000,0.187337,0.000000,0.166295,0.166544,0.000000,0.000000,0.000000,0.000000,0.000000,0.138450,go_to_bathroom,1,15,4648,door,none,,,0.000000,1.000000,0,none,,8.086602,8.086602,completed,30,3,clear,17.000000
17,1127,3448270137,105,Day 4 05:28,none,,8.086602,8.086602,completed,0.171667,0.125076,0.094523,1.000000,0.179167,0.000000,0.000511,0.065000,0.005000,10,1,1,1,0,0,0,1,1,1,1,1,0,0,0,1,1,0.214663,0.000000,0.195886,0.000000,0.000000,0.000000,0.222418,0.000000,0.000000,0.201898,0.000000,0.000000,0.000000,0.000000,0.000000,0.165134,idle,1,10,4658,,none,,,0.000000,1.000000,0,none,,8.086602,8.086602,completed,30,3,clear,17.000000
17,1127,3448270137,106,Day 4 05:38,none,,8.086602,8.086602,completed,0.295000,0.129076,0.094523,0.946667,0.187500,0.006667,0.000511,0.055000,0.000000,10,1,1,1,0,0,0,1,1,1,1,1,0,0,0,1,1,0.228937,0.000000,0.202915,0.000000,0.000000,0.000000,0.212232,0.000000,0.000000,0.195349,0.000000,0.000000,0.000000,0.000000,0.000000,0.160567,rest_at_bed,1,60,4718,bed,none,,,0.000000,1.000000,0,none,,8.086602,8.086602,completed,30,3,clear,17.000000
17,1127,3448270137,107,Day 4 06:38,none,,8.086602,8.086602,completed,0.355000,0.000000,0.094523,0.976667,0.237500,0.046667,0.000511,0.000000,0.000000,10,1,1,1,0,0,0,1,1,1,1,1,0,0,0,1,1,0.247047,0.000000,0.211195,0.000000,0.000000,0.000000,0.177196,0.000000,0.000000,0.205471,0.000000,0.000000,0.000000,0.000000,0.000000,0.159090,use_phone,1,25,4743,phone,none,,,0.000000,1.000000,0,none,,8.086602,8.086602,completed,30,3,clear,17.000000
17,1127,3448270137,108,Day 4 07:03,none,,8.086602,8.086602,completed,0.143333,0.098403,0.094523,1.000000,0.258333,0.063333,0.000511,0.095000,0.085000,10,1,1,1,0,0,0,1,1,1,1,1,0,0,0,1,1,0.206182,0.000000,0.188779,0.000000,0.000000,0.000000,0.219090,0.000000,0.000000,0.222820,0.000000,0.000000,0.000000,0.000000,0.000000,0.163129,idle,1,10,4753,,none,,,0.000000,1.000000,0,none,,8.086602,8.086602,completed,30,3,clear,17.000000
17,1127,3448270137,109,Day 4 07:13,none,,8.086602,8.086602,completed,0.266667,0.102403,0.094523,0.946667,0.266667,0.070000,0.000511,0.085000,0.079000,10,1,1,1,0,0,0,1,1,1,1,1,0,0,0,1,1,0.220176,0.000000,0.195806,0.000000,0.000000,0.000000,0.209327,0.000000,0.000000,0.215870,0.000000,0.000000,0.000000,0.000000,0.000000,0.158822,use_phone,1,25,4778,phone,none,,,0.000000,1.000000,0,none,,8.086602,8.086602,completed,30,3,clear,17.000000
17,1127,3448270137,110,Day 4 07:38,none,,8.086602,8.086602,completed,0.055000,0.200805,0.094523,0.978333,0.287500,0.086667,0.000511,0.180000,0.164000,10,1,1,1,0,0,0,1,1,1,1,1,0,0,0,1,1,0.176968,0.191489,0.000000,0.000000,0.000000,0.000000,0.249257,0.000000,0.000000,0.225449,0.000000,0.000000,0.000000,0.000000,0.000000,0.156837,shop_on_phone,1,20,4798,phone,none,,,0.000000,1.000000,0,none,,8.086602,8.086602,completed,0,3,clear,17.000000
17,1127,3448270137,111,Day 4 07:58,none,,8.086602,8.086602,completed,0.061667,0.214112,0.094523,1.000000,0.304167,0.100000,0.000511,0.240000,0.000000,10,1,1,1,0,0,0,1,1,1,1,1,0,0,0,1,1,0.210575,0.000000,0.000000,0.000000,0.000000,0.000000,0.318918,0.000000,0.000000,0.279938,0.000000,0.000000,0.000000,0.000000,0.000000,0.190569,get_meal,1,35,4833,door,none,alarm-rings,,0.000000,1.000000,0,none,,8.086602,8.086602,completed,0,3,clear,17.000000
17,1127,3448270137,112,Day 4 08:33,none,,8.086602,8.086602,completed,0.063333,0.228112,0.094523,1.000000,0.000000,0.123333,0.021022,0.205000,0.000000,11,1,1,1,0,0,0,1,1,1,1,1,0,1,0,1,1,0.204456,0.000000,0.000000,0.000000,0.000000,0.000000,0.302036,0.000000,0.000000,0.000000,0.000000,0.000000,0.310828,0.000000,0.000000,0.182680,use_phone,1,25,4858,phone,none,,,0.000000,1.000000,0,none,,8.086602,8.086602,completed,0,3,clear,17.000000
17,1127,3448270137,113,Day 4 08:58,none,,8.086602,8.086602,completed,0.000000,0.326515,0.094523,1.000000,0.020833,0.140000,0.021022,0.300000,0.085000,11,1,1,1,0,0,0,1,1,1,1,1,0,1,0,1,1,0.000000,0.000000,0.000000,0.000000,0.000000,0.000000,0.333652,0.000000,0.202911,0.000000,0.000000,0.000000,0.292786,0.000000,0.000000,0.170650,turn_off_alarm,1,1,4859,alarm,none,,,0.000000,1.000000,0,none,,8.086602,8.086602,completed,0,3,clear,17.000000
17,1127,3448270137,114,Day 4 08:59,none,,8.086602,8.086602,completed,0.000333,0.326915,0.094523,1.000000,0.021667,0.140667,0.001022,0.299000,0.084400,10,1,1,1,0,0,0,1,1,1,1,1,0,0,0,1,1,0.000000,0.000000,0.000000,0.000000,0.000000,0.000000,0.472244,0.000000,0.286780,0.000000,0.000000,0.000000,0.000000,0.000000,0.000000,0.240975,go_to_bathroom,1,15,4874,door,none,,,0.000000,1.000000,0,none,,8.086602,8.086602,completed,0,3,clear,17.000000
17,1127,3448270137,115,Day 4 09:14,none,,8.086602,8.086602,completed,0.005333,0.332915,0.094523,1.000000,0.034167,0.000000,0.001022,0.284000,0.075400,10,1,1,1,0,0,0,1,1,1,1,1,0,0,0,1,1,0.000000,0.000000,0.000000,0.000000,0.000000,0.000000,0.661101,0.000000,0.000000,0.000000,0.000000,0.000000,0.000000,0.000000,0.000000,0.338899,rest_at_bed,1,60,4934,bed,none,message-study-group,,0.000000,1.000000,0,none,,8.086602,8.086602,completed,0,4,clear,17.000000
17,1127,3448270137,116,Day 4 10:14,none,,8.086602,8.086602,completed,0.065333,0.070496,0.094523,1.000000,0.084167,0.040000,0.001022,0.084000,0.039400,10,1,1,1,0,0,0,1,1,1,1,1,0,0,0,1,1,0.260033,0.000000,0.241432,0.000000,0.000000,0.000000,0.282765,0.000000,0.000000,0.000000,0.000000,0.000000,0.000000,0.000000,0.000000,0.215770,use_computer,1,30,4964,computer,none,,,0.000000,1.000000,0,none,,8.086602,8.086602,completed,0,4,clear,17.000000
17,1127,3448270137,117,Day 4 10:44,none,,8.086602,8.086602,completed,0.000000,0.189572,0.094523,0.990000,0.109167,0.060000,0.001022,0.164000,0.021400,10,1,1,1,0,0,0,1,1,1,1,1,0,0,0,1,1,0.000000,0.000000,0.000000,0.000000,0.000000,0.000000,0.610367,0.000000,0.000000,0.000000,0.000000,0.000000,0.000000,0.000000,0.000000,0.389633,idle,1,10,4974,,none,,,0.000000,1.000000,0,none,,8.086602,8.086602,completed,0,4,clear,17.000000
17,1127,3448270137,118,Day 4 10:54,none,,8.086602,8.086602,completed,0.123333,0.193572,0.094523,0.936667,0.117500,0.066667,0.001022,0.154000,0.015400,10,1,1,1,0,0,0,1,1,1,1,1,0,0,0,1,1,0.246825,0.000000,0.230865,0.000000,0.000000,0.000000,0.316457,0.000000,0.000000,0.000000,0.000000,0.000000,0.000000,0.000000,0.000000,0.205853,rest_at_bed,1,60,5034,bed,none,weather-rain,,0.000000,1.000000,0,none,,8.086602,8.086602,completed,0,4,rain,17.000000
17,1127,3448270137,119,Day 4 11:54,none,,8.086602,8.086602,completed,0.183333,0.000000,0.094523,0.966667,0.167500,0.106667,0.001022,0.000000,0.000000,10,1,1,1,0,0,0,1,1,1,1,1,0,0,0,1,1,0.231153,0.000000,0.205887,0.000000,0.000000,0.000000,0.191958,0.000000,0.000000,0.202491,0.000000,0.000000,0.000000,0.000000,0.000000,0.168512,use_phone,1,25,5059,phone,none,,,0.000000,1.000000,0,none,,8.086602,8.086602,completed,0,4,rain,17.000000
17,1127,3448270137,120,Day 4 12:19,none,,8.086602,8.086602,completed,0.000000,0.098403,0.094523,0.998333,0.188333,0.123333,0.001022,0.095000,0.085000,10,1,1,1,0,0,0,1,1,1,1,1,0,0,0,1,1,0.238696,0.000000,0.000000,0.000000,0.000000,0.000000,0.286643,0.000000,0.000000,0.265201,0.000000,0.000000,0.000000,0.000000,0.000000,0.209460,rest_at_bed,1,60,5119,bed,none,,,0.000000,1.000000,0,none,,8.086602,8.086602,completed,0,4,rain,17.000000
17,1127,3448270137,121,Day 4 13:19,none,,8.086602,8.086602,completed,0.060000,0.000000,0.094523,1.000000,0.238333,0.163333,0.001022,0.000000,0.049000,10,1,1,1,0,0,0,1,1,1,1,1,0,0,0,1,1,0.176091,0.000000,0.161537,0.000000,0.000000,0.000000,0.162473,0.000000,0.170939,0.188624,0.000000,0.000000,0.000000,0.000000,0.000000,0.140336,idle,1,10,5129,,none,,,0.000000,1.000000,0,none,,8.086602,8.086602,completed,0,4,rain,17.000000
17,1127,3448270137,122,Day 4 13:29,none,,8.086602,8.086602,completed,0.183333,0.004000,0.094523,0.946667,0.246667,0.170000,0.001022,0.000000,0.043000,10,1,1,1,0,0,0,1,1,1,1,1,0,0,0,1,1,0.188221,0.000000,0.167753,0.000000,0.000000,0.000000,0.157022,0.000000,0.166065,0.183637,0.000000,0.000000,0.000000,0.000000,0.000000,0.137301,use_phone,1,25,5154,phone,none,,,0.000000,1.000000,0,none,,8.086602,8.086602,completed,0,4,rain,17.000000
17,1127,3448270137,123,Day 4 13:54,none,,8.086602,8.086602,completed,0.000000,0.102403,0.094523,0.978333,0.267500,0.186667,0.001022,0.095000,0.128000,10,1,1,1,0,0,0,1,1,1,1,1,0,0,0,1,1,0.183995,0.000000,0.000000,0.000000,0.000000,0.000000,0.221967,0.000000,0.204798,0.227679,0.000000,0.000000,0.000000,0.000000,0.000000,0.161561,idle,1,10,5164,,none,,,0.000000,1.000000,0,none,,8.086602,8.086602,completed,0,4,rain,17.000000
17,1127,3448270137,124,Day 4 14:04,none,,8.086602,8.086602,completed,0.123333,0.106403,0.094523,0.925000,0.275833,0.193333,0.001022,0.085000,0.122000,10,1,1,1,0,0,0,1,1,1,1,1,0,0,0,1,1,0.168603,0.000000,0.155266,0.000000,0.000000,0.000000,0.181983,0.000000,0.169895,0.189278,0.000000,0.000000,0.000000,0.000000,0.000000,0.134975,idle,1,10,5174,,none,,,0.000000,1.000000,0,none,,8.086602,8.086602,completed,0,4,rain,17.000000
17,1127,3448270137,125,Day 4 14:14,none,,8.086602,8.086602,completed,0.246667,0.110403,0.094523,0.871667,0.284167,0.200000,0.001022,0.075000,0.116000,10,1,1,1,0,0,0,1,1,1,1,1,0,0,0,1,1,0.181133,0.000000,0.162018,0.000000,0.000000,0.000000,0.174923,0.000000,0.165237,0.184483,0.000000,0.000000,0.000000,0.000000,0.000000,0.132206,use_computer,1,30,5204,computer,none,,,0.000000,1.000000,0,none,,8.086602,8.086602,completed,0,4,rain,17.000000
17,1127,3448270137,126,Day 4 14:44,none,,8.086602,8.086602,completed,0.096667,0.229479,0.094523,0.861667,0.309167,0.220000,0.001022,0.155000,0.098000,10,1,1,1,0,0,0,1,1,1,1,1,0,0,0,1,1,0.152670,0.000000,0.144531,0.000000,0.000000,0.000000,0.208856,0.000000,0.171098,0.192252,0.000000,0.000000,0.000000,0.000000,0.000000,0.130593,idle,1,10,5214,,none,,,0.000000,1.000000,0,none,,8.086602,8.086602,completed,0,4,rain,17.000000
17,1127,3448270137,127,Day 4 14:54,none,,8.086602,8.086602,completed,0.220000,0.233479,0.094523,0.808333,0.317500,0.226667,0.001022,0.145000,0.092000,10,1,1,1,0,0,0,1,1,1,1,1,0,0,0,1,1,0.164462,0.000000,0.151226,0.000000,0.000000,0.000000,0.201300,0.000000,0.166861,0.187890,0.000000,0.000000,0.000000,0.000000,0.000000,0.128261,rest_at_bed,1,60,5274,bed,none,,,0.000000,1.000000,0,none,,8.086602,8.086602,completed,0,4,rain,17.000000
17,1127,3448270137,128,Day 4 15:54,none,,8.086602,8.086602,completed,0.280000,0.000000,0.094523,0.838333,0.367500,0.266667,0.001022,0.000000,0.056000,10,1,1,1,0,0,0,1,1,1,1,1,0,0,0,1,1,0.188716,0.000000,0.164248,0.000000,0.000000,0.000000,0.144300,0.000000,0.174930,0.199512,0.000000,0.000000,0.000000,0.000000,0.000000,0.128294,use_phone,1,25,5299,phone,none,,,0.000000,1.000000,0,none,,8.086602,8.086602,completed,0,4,rain,17.000000
17,1127,3448270137,129,Day 4 16:19,none,,8.086602,8.086602,completed,0.068333,0.098403,0.094523,0.870000,0.388333,0.283333,0.001022,0.095000,0.141000,10,1,1,1,0,0,0,1,1,1,1,1,0,0,0,1,1,0.134007,0.132710,0.124916,0.000000,0.000000,0.000000,0.151804,0.000000,0.160547,0.184086,0.000000,0.000000,0.000000,0.000000,0.000000,0.111929,shop_on_phone,0,0,5299,phone,resource_insufficient,,,0.000000,1.000000,0,none,,8.086602,8.086602,completed,0,4,rain,17.000000
17,1127,3448270137,130,Day 4 16:19,none,,8.086602,8.086602,completed,0.068333,0.098403,0.094523,0.840000,0.388333,0.283333,0.031022,0.095000,0.141000,10,1,1,1,0,0,0,1,1,1,1,1,0,0,0,1,1,0.134087,0.132789,0.124991,0.000000,0.000000,0.000000,0.151298,0.000000,0.160643,0.184196,0.000000,0.000000,0.000000,0.000000,0.000000,0.111996,get_meal,1,35,5334,door,none,,,0.000000,1.000000,0,none,,8.086602,8.086602,completed,0,4,rain,17.000000
17,1127,3448270137,131,Day 4 16:54,none,,8.086602,8.086602,completed,0.040000,0.112403,0.094523,0.967099,0.000000,0.306667,0.031022,0.060000,0.120000,10,1,1,1,0,0,0,1,1,1,1,1,0,0,0,1,1,0.193525,0.000000,0.181856,0.000000,0.000000,0.000000,0.219110,0.000000,0.242427,0.000000,0.000000,0.000000,0.000000,0.000000,0.000000,0.163083,use_phone,1,25,5359,phone,none,,,0.000000,1.000000,0,none,,8.086602,8.086602,completed,0,4,rain,17.000000
17,1127,3448270137,132,Day 4 17:19,none,,8.086602,8.086602,completed,0.000000,0.210805,0.094523,0.998766,0.020833,0.323333,0.031022,0.155000,0.205000,10,1,1,1,0,0,0,1,1,1,1,1,0,0,0,1,1,0.000000,0.238522,0.000000,0.000000,0.000000,0.000000,0.293262,0.000000,0.283070,0.000000,0.000000,0.000000,0.000000,0.000000,0.000000,0.185146,go_to_bathroom,1,15,5374,door,none,,,0.000000,1.000000,0,none,,8.086602,8.086602,completed,0,4,rain,17.000000
17,1127,3448270137,133,Day 4 17:34,none,,8.086602,8.086602,completed,0.005000,0.216805,0.094523,1.000000,0.033333,0.000000,0.031022,0.140000,0.196000,10,1,1,1,0,0,0,1,1,1,1,1,0,0,0,1,1,0.000000,0.330783,0.000000,0.000000,0.000000,0.000000,0.409497,0.000000,0.000000,0.000000,0.000000,0.000000,0.000000,0.000000,0.000000,0.259720,shop_on_phone,0,0,5374,phone,resource_insufficient,,,0.000000,1.000000,0,none,,8.086602,8.086602,completed,0,4,rain,17.000000
17,1127,3448270137,134,Day 4 17:34,none,,8.086602,8.086602,completed,0.005000,0.216805,0.094523,0.970000,0.033333,0.000000,0.061022,0.140000,0.196000,10,1,1,1,0,0,0,1,1,1,1,1,0,0,0,1,1,0.000000,0.331316,0.000000,0.000000,0.000000,0.000000,0.408545,0.000000,0.000000,0.000000,0.000000,0.000000,0.000000,0.000000,0.000000,0.260139,idle,1,10,5384,,none,,,0.000000,1.000000,0,none,,8.086602,8.086602,completed,0,4,rain,17.000000
17,1127,3448270137,135,Day 4 17:44,none,,8.086602,8.086602,completed,0.128333,0.220805,0.094523,0.916667,0.041667,0.006667,0.061022,0.130000,0.190000,10,1,1,1,0,0,0,1,1,1,1,1,0,0,0,1,1,0.196942,0.204652,0.184662,0.000000,0.000000,0.000000,0.250929,0.000000,0.000000,0.000000,0.000000,0.000000,0.000000,0.000000,0.000000,0.162815,rest_at_bed,1,60,5444,bed,none,,,0.000000,1.000000,0,none,,8.086602,8.086602,completed,0,4,rain,17.000000
17,1127,3448270137,136,Day 4 18:44,none,,8.086602,8.086602,completed,0.188333,0.000000,0.094523,0.946667,0.091667,0.046667,0.061022,0.000000,0.154000,10,1,1,1,0,0,0,1,1,1,1,1,0,0,0,1,1,0.286819,0.249679,0.255163,0.000000,0.000000,0.000000,0.000000,0.000000,0.000000,0.000000,0.000000,0.000000,0.000000,0.000000,0.000000,0.208339,use_computer,1,30,5474,computer,none,,,0.000000,1.000000,0,none,,8.086602,8.086602,completed,0,4,rain,17.000000
17,1127,3448270137,137,Day 4 19:14,none,,8.086602,8.086602,completed,0.038333,0.119076,0.094523,0.936667,0.116667,0.066667,0.061022,0.080000,0.136000,10,1,1,1,0,0,0,1,1,1,1,1,0,0,0,1,1,0.331844,0.000000,0.000000,0.000000,0.000000,0.000000,0.385662,0.000000,0.000000,0.000000,0.000000,0.000000,0.000000,0.000000,0.000000,0.282494,rest_at_bed,1,60,5534,bed,none,room-temperature-shift|evening,,0.000000,1.000000,0,none,,8.086602,8.086602,completed,0,4,rain,24.000000
17,1127,3448270137,138,Day 4 20:14,none,,8.086602,8.086602,completed,0.098333,0.000000,0.094523,0.966667,0.166667,0.106667,0.061022,0.000000,0.100000,10,1,1,1,0,0,0,1,1,1,1,1,0,0,0,1,1,0.275858,0.000000,0.250750,0.000000,0.000000,0.000000,0.000000,0.000000,0.000000,0.259552,0.000000,0.000000,0.000000,0.000000,0.000000,0.213840,get_meal,1,35,5569,door,none,,,0.000000,1.000000,0,none,,8.086602,8.086602,completed,0,4,rain,24.000000
17,1127,3448270137,139,Day 4 20:49,none,,8.086602,8.086602,completed,0.070000,0.014000,0.094523,1.000000,0.000000,0.130000,0.061022,0.000000,0.079000,10,1,1,1,0,0,0,1,1,1,1,1,0,0,0,1,1,0.219590,0.000000,0.201404,0.000000,0.000000,0.000000,0.202523,0.000000,0.202356,0.000000,0.000000,0.000000,0.000000,0.000000,0.000000,0.174127,go_to_bathroom,1,15,5584,door,none,,,0.000000,1.000000,0,none,,8.086602,8.086602,completed,0,4,rain,24.000000
17,1127,3448270137,140,Day 4 21:04,none,,8.086602,8.086602,completed,0.075000,0.020000,0.094523,1.000000,0.012500,0.000000,0.061022,0.000000,0.070000,10,1,1,1,0,0,0,1,1,1,1,1,0,0,0,1,1,0.275295,0.000000,0.252432,0.000000,0.000000,0.000000,0.254556,0.000000,0.000000,0.000000,0.000000,0.000000,0.000000,0.000000,0.000000,0.217717,rest_at_bed,1,60,5644,bed,none,,,0.000000,1.000000,0,none,,8.086602,8.086602,completed,0,4,rain,24.000000
17,1127,3448270137,141,Day 4 22:04,none,,8.086602,8.086602,completed,0.135000,0.000000,0.094523,1.000000,0.062500,0.040000,0.061022,0.000000,0.034000,10,1,1,1,0,0,0,1,1,1,1,1,0,0,0,1,1,0.376512,0.000000,0.339255,0.000000,0.000000,0.000000,0.000000,0.000000,0.000000,0.000000,0.000000,0.000000,0.000000,0.000000,0.000000,0.284234,use_computer,1,30,5674,computer,none,,,0.000000,1.000000,0,none,,8.086602,8.086602,completed,0,4,rain,24.000000
17,1127,3448270137,142,Day 4 22:34,none,,8.086602,8.086602,completed,0.000000,0.119076,0.094523,0.990000,0.087500,0.060000,0.061022,0.080000,0.016000,10,1,1,1,0,0,0,1,1,1,1,1,0,0,0,1,1,0.325093,0.000000,0.000000,0.000000,0.000000,0.000000,0.390388,0.000000,0.000000,0.000000,0.000000,0.000000,0.000000,0.000000,0.000000,0.284519,use_phone,1,25,5699,phone,none,,,0.000000,1.000000,0,none,,8.086602,8.086602,completed,0,4,rain,24.000000
17,1127,3448270137,143,Day 4 22:59,none,,8.086602,8.086602,completed,0.000000,0.217479,0.094523,1.000000,0.108333,0.076667,0.061022,0.175000,0.101000,10,1,1,1,0,0,0,1,1,1,1,1,0,0,0,1,1,0.000000,0.000000,0.000000,0.000000,0.000000,0.000000,0.616730,0.000000,0.000000,0.000000,0.000000,0.000000,0.000000,0.000000,0.000000,0.383270,idle,1,10,5709,,none,,,0.000000,1.000000,0,none,,8.086602,8.086602,completed,0,4,rain,24.000000
17,1127,3448270137,144,Day 4 23:09,none,,8.086602,8.086602,completed,0.123333,0.221479,0.094523,0.946667,0.116667,0.083333,0.061022,0.165000,0.095000,10,1,1,1,0,0,0,1,1,1,1,1,0,0,0,1,1,0.243333,0.000000,0.228668,0.000000,0.000000,0.000000,0.323278,0.000000,0.000000,0.000000,0.000000,0.000000,0.000000,0.000000,0.000000,0.204721,rest_at_bed,1,60,5769,bed,none,,,0.000000,1.000000,0,none,,8.086602,8.086602,completed,0,4,rain,24.000000
17,1127,3448270137,145,Day 5 00:09,none,,8.086602,8.086602,completed,0.183333,0.000000,0.094523,0.976667,0.166667,0.123333,0.061022,0.000000,0.059000,10,1,1,1,0,0,0,1,1,1,1,1,0,0,0,1,1,0.286146,0.000000,0.254869,0.000000,0.000000,0.000000,0.000000,0.000000,0.000000,0.250383,0.000000,0.000000,0.000000,0.000000,0.000000,0.208602,use_phone,1,25,5794,phone,none,,,0.000000,1.000000,0,none,,8.086602,8.086602,completed,0,4,rain,24.000000
17,1127,3448270137,146,Day 5 00:34,none,,8.086602,8.086602,completed,0.000000,0.098403,0.094523,1.000000,0.187500,0.140000,0.061022,0.095000,0.144000,10,1,1,1,0,0,0,1,1,1,1,1,0,0,0,1,1,0.191492,0.000000,0.000000,0.000000,0.000000,0.000000,0.228152,0.000000,0.199804,0.212515,0.000000,0.000000,0.000000,0.000000,0.000000,0.168037,rest_at_bed,1,60,5854,bed,none,,,0.000000,1.000000,0,none,,8.086602,8.086602,completed,0,4,rain,24.000000
17,1127,3448270137,147,Day 5 01:34,none,,8.086602,8.086602,completed,0.060000,0.000000,0.094523,1.000000,0.237500,0.180000,0.061022,0.000000,0.108000,10,1,1,1,0,0,0,1,1,1,1,1,0,0,0,1,1,0.209317,0.000000,0.192017,0.000000,0.000000,0.000000,0.000000,0.000000,0.207890,0.223961,0.000000,0.000000,0.000000,0.000000,0.000000,0.166815,use_phone,1,25,5879,phone,none,,,0.000000,1.000000,0,none,,8.086602,8.086602,completed,0,4,rain,24.000000
17,1127,3448270137,148,Day 5 01:59,none,,8.086602,8.086602,completed,0.000000,0.098403,0.094523,1.000000,0.258333,0.196667,0.061022,0.095000,0.193000,10,1,1,1,0,0,0,1,1,1,1,1,0,0,0,1,1,0.153098,0.170504,0.000000,0.000000,0.000000,0.000000,0.182407,0.000000,0.172652,0.186993,0.000000,0.000000,0.000000,0.000000,0.000000,0.134346,shop_on_phone,0,0,5879,phone,resource_insufficient,,,0.000000,1.000000,0,none,,8.086602,8.086602,completed,0,4,rain,24.000000
17,1127,3448270137,149,Day 5 01:59,none,,8.086602,8.086602,completed,0.000000,0.098403,0.094523,0.970000,0.258333,0.196667,0.091022,0.095000,0.193000,10,1,1,1,0,0,0,1,1,1,1,1,0,0,0,1,1,0.153208,0.170627,0.000000,0.000000,0.000000,0.000000,0.181820,0.000000,0.172776,0.187127,0.000000,0.000000,0.000000,0.000000,0.000000,0.134442,shop_on_phone,0,0,5879,phone,resource_insufficient,,,0.000000,1.000000,0,none,,8.086602,8.086602,completed,0,4,rain,24.000000
17,1127,3448270137,150,Day 5 01:59,none,,8.086602,8.086602,completed,0.000000,0.098403,0.094523,0.940000,0.258333,0.196667,0.121022,0.095000,0.193000,10,1,1,1,0,0,0,1,1,1,1,1,0,0,0,1,1,0.153317,0.170749,0.000000,0.000000,0.000000,0.000000,0.181235,0.000000,0.172899,0.187261,0.000000,0.000000,0.000000,0.000000,0.000000,0.134539,shop_on_phone,0,0,5879,phone,resource_insufficient,,,0.000000,1.000000,0,none,,8.086602,8.086602,completed,0,4,rain,24.000000
17,1127,3448270137,151,Day 5 01:59,none,,8.086602,8.086602,completed,0.000000,0.098403,0.094523,0.910000,0.258333,0.196667,0.151022,0.095000,0.193000,10,1,1,1,0,0,0,1,1,1,1,1,0,0,0,1,1,0.153427,0.170871,0.000000,0.000000,0.000000,0.000000,0.180651,0.000000,0.173023,0.187395,0.000000,0.000000,0.000000,0.000000,0.000000,0.134635,rest_at_bed,1,60,5939,bed,none,,,0.000000,1.000000,0,none,,8.086602,8.086602,completed,0,4,rain,24.000000
17,1127,3448270137,152,Day 5 02:59,none,,8.086602,8.086602,completed,0.060000,0.000000,0.094523,0.940000,0.308333,0.236667,0.151022,0.000000,0.157000,10,1,1,1,0,0,0,1,1,1,1,1,0,0,0,1,1,0.168644,0.162631,0.154706,0.000000,0.000000,0.000000,0.000000,0.000000,0.181028,0.198589,0.000000,0.000000,0.000000,0.000000,0.000000,0.134401,shop_on_phone,0,0,5939,phone,resource_insufficient,,,0.000000,1.000000,0,none,,8.086602,8.086602,completed,0,4,rain,24.000000
17,1127,3448270137,153,Day 5 02:59,none,,8.086602,8.086602,completed,0.060000,0.000000,0.094523,0.910000,0.308333,0.236667,0.181022,0.000000,0.157000,10,1,1,1,0,0,0,1,1,1,1,1,0,0,0,1,1,0.168644,0.162631,0.154706,0.000000,0.000000,0.000000,0.000000,0.000000,0.181028,0.198589,0.000000,0.000000,0.000000,0.000000,0.000000,0.134401,go_to_bathroom,1,15,5954,door,none,,,0.000000,1.000000,0,none,,8.086602,8.086602,completed,0,4,rain,24.000000
17,1127,3448270137,154,Day 5 03:14,none,,8.086602,8.086602,completed,0.065000,0.006000,0.094523,1.000000,0.320833,0.000000,0.181022,0.000000,0.148000,10,1,1,1,0,0,0,1,1,1,1,1,0,0,0,1,1,0.205912,0.195784,0.188847,0.000000,0.000000,0.000000,0.000000,0.000000,0.000000,0.245792,0.000000,0.000000,0.000000,0.000000,0.000000,0.163665,shop_on_phone,0,0,5954,phone,resource_insufficient,,,0.000000,1.000000,0,none,,8.086602,8.086602,completed,0,4,rain,24.000000
17,1127,3448270137,155,Day 5 03:14,none,,8.086602,8.086602,completed,0.065000,0.006000,0.094523,0.970000,0.320833,0.000000,0.211022,0.000000,0.148000,10,1,1,1,0,0,0,1,1,1,1,1,0,0,0,1,1,0.205912,0.195784,0.188847,0.000000,0.000000,0.000000,0.000000,0.000000,0.000000,0.245792,0.000000,0.000000,0.000000,0.000000,0.000000,0.163665,get_meal,1,35,5989,door,none,,,0.000000,1.000000,0,none,,8.086602,8.086602,completed,0,4,rain,24.000000
17,1127,3448270137,156,Day 5 03:49,none,,8.086602,8.086602,completed,0.036667,0.020000,0.094523,1.000000,0.000000,0.023333,0.211022,0.000000,0.127000,10,1,1,1,0,0,0,1,1,1,1,1,0,0,0,1,1,0.365170,0.000000,0.337926,0.000000,0.000000,0.000000,0.000000,0.000000,0.000000,0.000000,0.000000,0.000000,0.000000,0.000000,0.000000,0.296904,use_phone,1,25,6014,phone,none,,,0.000000,1.000000,0,none,,8.086602,8.086602,completed,0,4,rain,24.000000
17,1127,3448270137,157,Day 5 04:14,none,,8.086602,8.086602,completed,0.000000,0.118403,0.094523,1.000000,0.020833,0.040000,0.211022,0.095000,0.212000,10,1,1,1,0,0,0,1,1,1,1,1,0,0,0,1,1,0.236994,0.271126,0.000000,0.000000,0.000000,0.000000,0.283257,0.000000,0.000000,0.000000,0.000000,0.000000,0.000000,0.000000,0.000000,0.208623,use_phone,1,25,6039,phone,none,,,0.000000,1.000000,0,none,,8.086602,8.086602,completed,0,4,rain,24.000000
17,1127,3448270137,158,Day 5 04:39,none,,8.086602,8.086602,completed,0.000000,0.216805,0.094523,1.000000,0.041667,0.056667,0.211022,0.190000,0.297000,10,1,1,1,0,0,0,1,1,1,1,1,0,0,0,1,1,0.000000,0.357918,0.000000,0.000000,0.000000,0.000000,0.394393,0.000000,0.000000,0.000000,0.000000,0.000000,0.000000,0.000000,0.000000,0.247688,idle,1,10,6049,,none,,,0.000000,1.000000,0,none,,8.086602,8.086602,completed,0,4,rain,24.000000
17,1127,3448270137,159,Day 5 04:49,none,,8.086602,8.086602,completed,0.123333,0.220805,0.094523,0.946667,0.050000,0.063333,0.211022,0.180000,0.291000,10,1,1,1,0,0,0,1,1,1,1,1,0,0,0,1,1,0.188134,0.227046,0.176847,0.000000,0.000000,0.000000,0.248770,0.000000,0.000000,0.000000,0.000000,0.000000,0.000000,0.000000,0.000000,0.159203,shop_on_phone,0,0,6049,phone,resource_insufficient,,,0.000000,1.000000,0,none,,8.086602,8.086602,completed,0,4,rain,24.000000
17,1127,3448270137,160,Day 5 04:49,none,,8.086602,8.086602,completed,0.123333,0.220805,0.094523,0.916667,0.050000,0.063333,0.241022,0.180000,0.291000,10,1,1,1,0,0,0,1,1,1,1,1,0,0,0,1,1,0.188318,0.227269,0.177020,0.000000,0.000000,0.000000,0.248034,0.000000,0.000000,0.000000,0.000000,0.000000,0.000000,0.000000,0.000000,0.159359,rest_at_bed,1,60,6109,bed,none,,,0.000000,1.000000,0,none,,8.086602,8.086602,completed,0,4,rain,24.000000
17,1127,3448270137,161,Day 5 05:49,none,,8.086602,8.086602,completed,0.183333,0.000000,0.094523,0.946667,0.100000,0.103333,0.241022,0.000000,0.255000,10,1,1,1,0,0,0,1,1,1,1,1,0,0,0,1,1,0.276935,0.274513,0.246665,0.000000,0.000000,0.000000,0.000000,0.000000,0.000000,0.000000,0.000000,0.000000,0.000000,0.000000,0.000000,0.201887,shop_on_phone,0,0,6109,phone,resource_insufficient,,,0.000000,1.000000,0,none,,8.086602,8.086602,completed,0,4,rain,24.000000
17,1127,3448270137,162,Day 5 05:49,none,,8.086602,8.086602,completed,0.183333,0.000000,0.094523,0.916667,0.100000,0.103333,0.271022,0.000000,0.255000,10,1,1,1,0,0,0,1,1,1,1,1,0,0,0,1,1,0.276935,0.274513,0.246665,0.000000,0.000000,0.000000,0.000000,0.000000,0.000000,0.000000,0.000000,0.000000,0.000000,0.000000,0.000000,0.201887,idle,1,10,6119,,none,,,0.000000,1.000000,0,none,,8.086602,8.086602,completed,0,4,rain,24.000000
17,1127,3448270137,163,Day 5 05:59,none,,8.086602,8.086602,completed,0.306667,0.004000,0.094523,0.863333,0.108333,0.110000,0.271022,0.000000,0.249000,10,1,1,1,0,0,0,1,1,1,1,1,0,0,0,1,1,0.291708,0.261211,0.252432,0.000000,0.000000,0.000000,0.000000,0.000000,0.000000,0.000000,0.000000,0.000000,0.000000,0.000000,0.000000,0.194649,shop_on_phone,0,0,6119,phone,resource_insufficient,,,0.000000,1.000000,0,none,,8.086602,8.086602,completed,0,4,rain,24.000000
17,1127,3448270137,164,Day 5 05:59,none,,8.086602,8.086602,completed,0.306667,0.004000,0.094523,0.833333,0.108333,0.110000,0.301022,0.000000,0.249000,10,1,1,1,0,0,0,1,1,1,1,1,0,0,0,1,1,0.291708,0.261211,0.252432,0.000000,0.000000,0.000000,0.000000,0.000000,0.000000,0.000000,0.000000,0.000000,0.000000,0.000000,0.000000,0.194649,use_phone,1,25,6144,phone,none,,,0.000000,1.000000,0,none,,8.086602,8.086602,completed,0,4,rain,24.000000
17,1127,3448270137,165,Day 5 06:24,none,,8.086602,8.086602,completed,0.095000,0.102403,0.094523,0.865000,0.129167,0.126667,0.301022,0.095000,0.334000,10,1,1,1,0,0,0,1,1,1,1,1,0,0,0,1,1,0.144034,0.177918,0.133493,0.000000,0.000000,0.000000,0.154028,0.000000,0.136151,0.136294,0.000000,0.000000,0.000000,0.000000,0.000000,0.118082,get_meal,1,35,6179,door,none,,,0.000000,1.000000,0,none,,8.086602,8.086602,completed,0,4,rain,24.000000
17,1127,3448270137,166,Day 5 06:59,none,,8.086602,8.086602,completed,0.066667,0.116403,0.094523,0.992099,0.000000,0.150000,0.301022,0.060000,0.313000,10,1,1,1,0,0,0,1,1,1,1,1,0,0,0,1,1,0.165604,0.201311,0.154727,0.000000,0.000000,0.000000,0.177700,0.000000,0.163681,0.000000,0.000000,0.000000,0.000000,0.000000,0.000000,0.136977,rest_at_bed,1,60,6239,bed,none,,,0.000000,1.000000,0,none,,8.086602,8.086602,completed,0,4,rain,24.000000
17,1127,3448270137,167,Day 5 07:59,none,,8.086602,8.086602,completed,0.126667,0.000000,0.094523,1.000000,0.050000,0.190000,0.301022,0.000000,0.277000,10,1,1,1,0,0,0,1,1,1,1,1,0,0,0,1,1,0.213781,0.227504,0.193011,0.000000,0.000000,0.000000,0.000000,0.000000,0.203343,0.000000,0.000000,0.000000,0.000000,0.000000,0.000000,0.162361,go_to_bathroom,1,15,6254,door,none,,,0.000000,1.000000,0,none,,8.086602,8.086602,completed,0,4,rain,24.000000
17,1127,3448270137,168,Day 5 08:14,none,,8.086602,8.086602,completed,0.131667,0.006000,0.094523,1.000000,0.062500,0.000000,0.301022,0.000000,0.268000,10,1,1,1,0,0,0,1,1,1,1,1,0,0,0,1,1,0.269590,0.282872,0.243337,0.000000,0.000000,0.000000,0.000000,0.000000,0.000000,0.000000,0.000000,0.000000,0.000000,0.000000,0.000000,0.204201,shop_on_phone,0,0,6254,phone,resource_insufficient,,,0.000000,1.000000,0,none,,8.086602,8.086602,completed,0,4,rain,24.000000
17,1127,3448270137,169,Day 5 08:14,none,,8.086602,8.086602,completed,0.131667,0.006000,0.094523,0.970000,0.062500,0.000000,0.331022,0.000000,0.268000,10,1,1,1,0,0,0,1,1,1,1,1,0,0,0,1,1,0.269590,0.282872,0.243337,0.000000,0.000000,0.000000,0.000000,0.000000,0.000000,0.000000,0.000000,0.000000,0.000000,0.000000,0.000000,0.204201,use_phone,1,25,6279,phone,none,alarm-rings,,0.000000,1.000000,0,none,,8.086602,8.086602,completed,0,4,rain,24.000000
17,1127,3448270137,170,Day 5 08:39,none,,8.086602,8.086602,completed,0.000000,0.104403,0.094523,1.000000,0.083333,0.016667,0.351533,0.095000,0.353000,11,1,1,1,0,0,0,1,1,1,1,1,0,1,0,1,1,0.164637,0.224091,0.000000,0.000000,0.000000,0.000000,0.190110,0.000000,0.000000,0.000000,0.000000,0.000000,0.276553,0.000000,0.000000,0.144608,shop_on_phone,0,0,6279,phone,resource_insufficient,,,0.000000,1.000000,0,none,,8.086602,8.086602,completed,0,4,rain,24.000000
17,1127,3448270137,171,Day 5 08:39,none,,8.086602,8.086602,completed,0.000000,0.104403,0.094523,0.970000,0.083333,0.016667,0.381533,0.095000,0.353000,11,1,1,1,0,0,0,1,1,1,1,1,0,1,0,1,1,0.164310,0.223646,0.000000,0.000000,0.000000,0.000000,0.188986,0.000000,0.000000,0.000000,0.000000,0.000000,0.278737,0.000000,0.000000,0.144321,shop_on_phone,0,0,6279,phone,resource_insufficient,,,0.000000,1.000000,0,none,,8.086602,8.086602,completed,0,4,rain,24.000000
17,1127,3448270137,172,Day 5 08:39,none,,8.086602,8.086602,completed,0.000000,0.104403,0.094523,0.940000,0.083333,0.016667,0.411533,0.095000,0.353000,11,1,1,1,0,0,0,1,1,1,1,1,0,1,0,1,1,0.163979,0.223196,0.000000,0.000000,0.000000,0.000000,0.187864,0.000000,0.000000,0.000000,0.000000,0.000000,0.280930,0.000000,0.000000,0.144031,turn_off_alarm,1,1,6280,alarm,none,,,0.000000,1.000000,0,none,,8.086602,8.086602,completed,0,4,rain,24.000000
17,1127,3448270137,173,Day 5 08:40,none,,8.086602,8.086602,completed,0.000333,0.104803,0.094523,0.969667,0.084167,0.017333,0.391533,0.094000,0.352400,10,1,1,1,0,0,0,1,1,1,1,1,0,0,0,1,1,0.228060,0.310003,0.000000,0.000000,0.000000,0.000000,0.261736,0.000000,0.000000,0.000000,0.000000,0.000000,0.000000,0.000000,0.000000,0.200201,idle,1,10,6290,,none,,,0.000000,1.000000,0,none,,8.086602,8.086602,completed,0,4,rain,24.000000
17,1127,3448270137,174,Day 5 08:50,none,,8.086602,8.086602,completed,0.123667,0.108803,0.094523,0.916333,0.092500,0.024000,0.391533,0.084000,0.346400,10,1,1,1,0,0,0,1,1,1,1,1,0,0,0,1,1,0.201149,0.246026,0.185289,0.000000,0.000000,0.000000,0.206546,0.000000,0.000000,0.000000,0.000000,0.000000,0.000000,0.000000,0.000000,0.160990,rest_at_bed,1,60,6350,bed,none,message-study-group,,0.000000,1.000000,0,none,,8.086602,8.086602,completed,0,5,rain,24.000000
17,1127,3448270137,175,Day 5 09:50,none,,8.086602,8.086602,completed,0.183667,0.000000,0.094523,0.946333,0.142500,0.064000,0.391533,0.000000,0.310400,10,1,1,1,0,0,0,1,1,1,1,1,0,0,0,1,1,0.220847,0.234526,0.196692,0.000000,0.000000,0.000000,0.000000,0.000000,0.000000,0.186976,0.000000,0.000000,0.000000,0.000000,0.000000,0.160960,shop_on_phone,0,0,6350,phone,resource_insufficient,,,0.000000,1.000000,0,none,,8.086602,8.086602,completed,0,5,rain,24.000000
17,1127,3448270137,176,Day 5 09:50,none,,8.086602,8.086602,completed,0.183667,0.000000,0.094523,0.916333,0.142500,0.064000,0.421533,0.000000,0.310400,10,1,1,1,0,0,0,1,1,1,1,1,0,0,0,1,1,0.220847,0.234526,0.196692,0.000000,0.000000,0.000000,0.000000,0.000000,0.000000,0.186976,0.000000,0.000000,0.000000,0.000000,0.000000,0.160960,use_phone,1,25,6375,phone,none,,,0.000000,1.000000,0,none,,8.086602,8.086602,completed,0,5,rain,24.000000
17,1127,3448270137,177,Day 5 10:15,none,,8.086602,8.086602,completed,0.000000,0.098403,0.094523,0.948000,0.163333,0.080667,0.421533,0.095000,0.395400,10,1,1,1,0,0,0,1,1,1,1,1,0,0,0,1,1,0.181105,0.259655,0.000000,0.000000,0.000000,0.000000,0.205795,0.000000,0.000000,0.194523,0.000000,0.000000,0.000000,0.000000,0.000000,0.158922,get_meal,1,35,6410,door,none,,,0.000000,1.000000,0,none,,8.086602,8.086602,completed,0,5,rain,24.000000
17,1127,3448270137,178,Day 5 10:50,none,,8.086602,8.086602,completed,0.000000,0.112403,0.094523,1.000000,0.000000,0.104000,0.421533,0.060000,0.374400,10,1,1,1,0,0,0,1,1,1,1,1,0,0,0,1,1,0.229309,0.316573,0.000000,0.000000,0.000000,0.000000,0.255212,0.000000,0.000000,0.000000,0.000000,0.000000,0.000000,0.000000,0.000000,0.198905,idle,1,10,6420,,none,,,0.000000,1.000000,0,none,,8.086602,8.086602,completed,0,5,rain,24.000000
17,1127,3448270137,179,Day 5 11:00,none,,8.086602,8.086602,completed,0.123333,0.116403,0.094523,0.946667,0.008333,0.110667,0.421533,0.050000,0.368400,10,1,1,1,0,0,0,1,1,1,1,1,0,0,0,1,1,0.202006,0.250937,0.186150,0.000000,0.000000,0.000000,0.201154,0.000000,0.000000,0.000000,0.000000,0.000000,0.000000,0.000000,0.000000,0.159753,use_phone,1,25,6445,phone,none,,,0.000000,1.000000,0,none,,8.086602,8.086602,completed,0,5,rain,24.000000
17,1127,3448270137,180,Day 5 11:25,none,,8.086602,8.086602,completed,0.000000,0.214805,0.094523,0.978333,0.029167,0.127333,0.421533,0.145000,0.453400,10,1,1,1,0,0,0,1,1,1,1,1,0,0,0,1,1,0.000000,0.323726,0.000000,0.000000,0.000000,0.000000,0.276600,0.000000,0.215371,0.000000,0.000000,0.000000,0.000000,0.000000,0.000000,0.184302,idle,1,10,6455,,none,,,0.000000,1.000000,0,none,,8.086602,8.086602,completed,0,5,rain,24.000000
17,1127,3448270137,181,Day 5 11:35,none,,8.086602,8.086602,completed,0.123333,0.218805,0.094523,0.925000,0.037500,0.134000,0.421533,0.135000,0.447400,10,1,1,1,0,0,0,1,1,1,1,1,0,0,0,1,1,0.156280,0.225155,0.146684,0.000000,0.000000,0.000000,0.191290,0.000000,0.150709,0.000000,0.000000,0.000000,0.000000,0.000000,0.000000,0.129882,use_computer,1,30,6485,computer,none,,,0.000000,1.000000,0,none,,8.086602,8.086602,completed,0,5,rain,24.000000
17,1127,3448270137,182,Day 5 12:05,none,,8.086602,8.086602,completed,0.000000,0.337881,0.094523,0.915000,0.062500,0.154000,0.421533,0.215000,0.429400,10,1,1,1,0,0,0,1,1,1,1,1,0,0,0,1,1,0.000000,0.299550,0.000000,0.000000,0.000000,0.000000,0.311733,0.000000,0.212994,0.000000,0.000000,0.000000,0.000000,0.000000,0.000000,0.175723,rest_at_bed,1,60,6545,bed,none,,,0.000000,1.000000,0,none,,8.086602,8.086602,completed,0,5,rain,24.000000
17,1127,3448270137,183,Day 5 13:05,none,,8.086602,8.086602,completed,0.060000,0.075463,0.094523,0.945000,0.112500,0.194000,0.421533,0.015000,0.393400,10,1,1,1,0,0,0,1,1,1,1,1,0,0,0,1,1,0.165126,0.217726,0.153352,0.000000,0.000000,0.000000,0.159651,0.000000,0.170183,0.000000,0.000000,0.000000,0.000000,0.000000,0.000000,0.133962,idle,1,10,6555,,none,,,0.000000,1.000000,0,none,,8.086602,8.086602,completed,0,5,rain,24.000000
17,1127,3448270137,184,Day 5 13:15,none,,8.086602,8.086602,completed,0.183333,0.079463,0.094523,0.891667,0.120833,0.200667,0.421533,0.005000,0.387400,10,1,1,1,0,0,0,1,1,1,1,1,0,0,0,1,1,0.177740,0.210876,0.160329,0.000000,0.000000,0.000000,0.153753,0.000000,0.165837,0.000000,0.000000,0.000000,0.000000,0.000000,0.000000,0.131466,rest_at_bed,1,60,6615,bed,none,,,0.000000,1.000000,0,none,,8.086602,8.086602,completed,0,5,rain,24.000000
17,1127,3448270137,185,Day 5 14:15,none,,8.086602,8.086602,completed,0.243333,0.000000,0.094523,0.921667,0.170833,0.240667,0.421533,0.000000,0.351400,10,1,1,1,0,0,0,1,1,1,1,1,0,0,0,1,1,0.185095,0.197607,0.162515,0.000000,0.000000,0.000000,0.000000,0.000000,0.170830,0.154742,0.000000,0.000000,0.000000,0.000000,0.000000,0.129211,use_phone,1,25,6640,phone,none,,,0.000000,1.000000,0,none,,8.086602,8.086602,completed,0,5,rain,24.000000
17,1127,3448270137,186,Day 5 14:40,none,,8.086602,8.086602,completed,0.031667,0.098403,0.094523,0.953333,0.191667,0.257333,0.421533,0.095000,0.436400,10,1,1,1,0,0,0,1,1,1,1,1,0,0,0,1,1,0.148908,0.219300,0.000000,0.000000,0.000000,0.000000,0.164695,0.000000,0.177626,0.161757,0.000000,0.000000,0.000000,0.000000,0.000000,0.127714,use_phone,1,25,6665,phone,none,,,0.000000,1.000000,0,none,,8.086602,8.086602,completed,0,5,rain,24.000000
17,1127,3448270137,187,Day 5 15:05,none,,8.086602,8.086602,completed,0.000000,0.196805,0.094523,0.985000,0.212500,0.274000,0.421533,0.190000,0.521400,10,1,1,1,0,0,0,1,1,1,1,1,0,0,0,1,1,0.000000,0.266758,0.000000,0.000000,0.000000,0.000000,0.211870,0.000000,0.199349,0.182510,0.000000,0.000000,0.000000,0.000000,0.000000,0.139513,shop_on_phone,0,0,6665,phone,resource_insufficient,,,0.000000,1.000000,0,none,,8.086602,8.086602,completed,0,5,rain,24.000000
17,1127,3448270137,188,Day 5 15:05,none,,8.086602,8.086602,completed,0.000000,0.196805,0.094523,0.955000,0.212500,0.274000,0.451533,0.190000,0.521400,10,1,1,1,0,0,0,1,1,1,1,1,0,0,0,1,1,0.000000,0.266980,0.000000,0.000000,0.000000,0.000000,0.211213,0.000000,0.199515,0.182662,0.000000,0.000000,0.000000,0.000000,0.000000,0.139629,rest_at_bed,1,60,6725,bed,none,,,0.000000,1.000000,0,none,,8.086602,8.086602,completed,0,5,rain,24.000000
17,1127,3448270137,189,Day 5 16:05,none,,8.086602,8.086602,completed,0.060000,0.000000,0.094523,0.985000,0.262500,0.314000,0.451533,0.000000,0.485400,10,1,1,1,0,0,0,1,1,1,1,1,0,0,0,1,1,0.154620,0.224642,0.141841,0.000000,0.000000,0.000000,0.000000,0.000000,0.184543,0.171129,0.000000,0.000000,0.000000,0.000000,0.000000,0.123225,go_to_bathroom,1,15,6740,door,none,weather-clear,,0.000000,1.000000,0,none,,8.086602,8.086602,completed,0,5,clear,24.000000
17,1127,3448270137,190,Day 5 16:20,none,,8.086602,8.086602,completed,0.065000,0.006000,0.094523,1.000000,0.275000,0.000000,0.451533,0.000000,0.476400,10,1,1,1,0,0,0,1,1,1,1,1,0,0,0,1,1,0.189885,0.272007,0.174148,0.000000,0.000000,0.000000,0.000000,0.000000,0.000000,0.213034,0.000000,0.000000,0.000000,0.000000,0.000000,0.150926,shop_on_phone,0,0,6740,phone,resource_insufficient,,,0.000000,1.000000,0,none,,8.086602,8.086602,completed,0,5,clear,24.000000
17,1127,3448270137,191,Day 5 16:20,none,,8.086602,8.086602,completed,0.065000,0.006000,0.094523,0.970000,0.275000,0.000000,0.481533,0.000000,0.476400,10,1,1,1,0,0,0,1,1,1,1,1,0,0,0,1,1,0.189885,0.272007,0.174148,0.000000,0.000000,0.000000,0.000000,0.000000,0.000000,0.213034,0.000000,0.000000,0.000000,0.000000,0.000000,0.150926,get_meal,1,35,6775,door,none,,,0.000000,1.000000,0,none,,8.086602,8.086602,completed,0,5,clear,24.000000
17,1127,3448270137,192,Day 5 16:55,none,,8.086602,8.086602,completed,0.036667,0.020000,0.094523,1.000000,0.000000,0.023333,0.481533,0.000000,0.455400,10,1,1,1,0,0,0,1,1,1,1,1,0,0,0,1,1,0.239938,0.342941,0.222037,0.000000,0.000000,0.000000,0.000000,0.000000,0.000000,0.000000,0.000000,0.000000,0.000000,0.000000,0.000000,0.195084,use_computer,1,30,6805,computer,none,,,0.000000,1.000000,0,none,,8.086602,8.086602,completed,0,5,clear,24.000000
17,1127,3448270137,193,Day 5 17:25,none,,8.086602,8.086602,completed,0.000000,0.139076,0.094523,0.990000,0.025000,0.043333,0.481533,0.080000,0.437400,10,1,1,1,0,0,0,1,1,1,1,1,0,0,0,1,1,0.219675,0.332069,0.000000,0.000000,0.000000,0.000000,0.255391,0.000000,0.000000,0.000000,0.000000,0.000000,0.000000,0.000000,0.000000,0.192865,shop_on_phone,0,0,6805,phone,resource_insufficient,,,0.000000,1.000000,0,none,,8.086602,8.086602,completed,0,5,clear,24.000000
17,1127,3448270137,194,Day 5 17:25,none,,8.086602,8.086602,completed,0.000000,0.139076,0.094523,0.960000,0.025000,0.043333,0.511533,0.080000,0.437400,10,1,1,1,0,0,0,1,1,1,1,1,0,0,0,1,1,0.219896,0.332403,0.000000,0.000000,0.000000,0.000000,0.254642,0.000000,0.000000,0.000000,0.000000,0.000000,0.000000,0.000000,0.000000,0.193059,rest_at_bed,1,60,6865,bed,none,,,0.000000,1.000000,0,none,,8.086602,8.086602,completed,0,5,clear,24.000000
17,1127,3448270137,195,Day 5 18:25,none,,8.086602,8.086602,completed,0.060000,0.000000,0.094523,0.990000,0.075000,0.083333,0.511533,0.000000,0.401400,10,1,1,1,0,0,0,1,1,1,1,1,0,0,0,1,1,0.248598,0.325232,0.228051,0.000000,0.000000,0.000000,0.000000,0.000000,0.000000,0.000000,0.000000,0.000000,0.000000,0.000000,0.000000,0.198120,use_phone,1,25,6890,phone,none,,,0.000000,1.000000,0,none,,8.086602,8.086602,completed,0,5,clear,24.000000
17,1127,3448270137,196,Day 5 18:50,none,,8.086602,8.086602,completed,0.000000,0.098403,0.094523,1.000000,0.095833,0.100000,0.511533,0.095000,0.486400,10,1,1,1,0,0,0,1,1,1,1,1,0,0,0,1,1,0.217077,0.348661,0.000000,0.000000,0.000000,0.000000,0.243773,0.000000,0.000000,0.000000,0.000000,0.000000,0.000000,0.000000,0.000000,0.190489,rest_at_bed,1,60,6950,bed,none,evening|room-temperature-shift,,0.000000,1.000000,0,none,,8.086602,8.086602,completed,0,5,clear,17.000000
17,1127,3448270137,197,Day 5 19:50,none,,8.086602,8.086602,completed,0.060000,0.000000,0.094523,0.970000,0.145833,0.140000,0.511533,0.000000,0.450400,10,1,1,1,0,0,0,1,1,1,1,1,0,0,0,1,1,0.166933,0.232165,0.153136,0.000000,0.000000,0.000000,0.000000,0.000000,0.156946,0.157781,0.000000,0.000000,0.000000,0.000000,0.000000,0.133038,get_meal,1,35,6985,door,none,,,0.000000,1.000000,0,none,,8.086602,8.086602,completed,0,5,clear,17.000000
17,1127,3448270137,198,Day 5 20:25,none,,8.086602,8.086602,completed,0.031667,0.014000,0.094523,1.000000,0.000000,0.163333,0.511533,0.000000,0.429400,10,1,1,1,0,0,0,1,1,1,1,1,0,0,0,1,1,0.195113,0.270753,0.180602,0.000000,0.000000,0.000000,0.000000,0.000000,0.194471,0.000000,0.000000,0.000000,0.000000,0.000000,0.000000,0.159062,shop_on_phone,0,0,6985,phone,resource_insufficient,,,0.000000,1.000000,0,none,,8.086602,8.086602,completed,0,5,clear,17.000000
17,1127,3448270137,199,Day 5 20:25,none,,8.086602,8.086602,completed,0.031667,0.014000,0.094523,0.970000,0.000000,0.163333,0.541533,0.000000,0.429400,10,1,1,1,0,0,0,1,1,1,1,1,0,0,0,1,1,0.195113,0.270753,0.180602,0.000000,0.000000,0.000000,0.000000,0.000000,0.194471,0.000000,0.000000,0.000000,0.000000,0.000000,0.000000,0.159062,go_to_bathroom,1,15,7000,door,none,,,0.000000,1.000000,0,none,,8.086602,8.086602,completed,0,5,clear,17.000000
17,1127,3448270137,200,Day 5 20:40,none,,8.086602,8.086602,completed,0.036667,0.020000,0.094523,1.000000,0.012500,0.000000,0.541533,0.000000,0.420400,10,1,1,1,0,0,0,1,1,1,1,1,0,0,0,1,1,0.243507,0.333167,0.225340,0.000000,0.000000,0.000000,0.000000,0.000000,0.000000,0.000000,0.000000,0.000000,0.000000,0.000000,0.000000,0.197985,use_phone,1,25,7025,phone,none,,,0.000000,1.000000,0,none,,8.086602,8.086602,completed,0,5,clear,17.000000
17,1127,3448270137,201,Day 5 21:05,none,,8.086602,8.086602,completed,0.000000,0.118403,0.094523,1.000000,0.033333,0.016667,0.541533,0.095000,0.505400,10,1,1,1,0,0,0,1,1,1,1,1,0,0,0,1,1,0.213922,0.352948,0.000000,0.000000,0.000000,0.000000,0.244817,0.000000,0.000000,0.000000,0.000000,0.000000,0.000000,0.000000,0.000000,0.188313,shop_on_phone,0,0,7025,phone,resource_insufficient,,,0.000000,1.000000,0,none,,8.086602,8.086602,completed,0,5,clear,17.000000
17,1127,3448270137,202,Day 5 21:05,none,,8.086602,8.086602,completed,0.000000,0.118403,0.094523,0.970000,0.033333,0.016667,0.571533,0.095000,0.505400,10,1,1,1,0,0,0,1,1,1,1,1,0,0,0,1,1,0.214128,0.353288,0.000000,0.000000,0.000000,0.000000,0.244089,0.000000,0.000000,0.000000,0.000000,0.000000,0.000000,0.000000,0.000000,0.188494,idle,1,10,7035,,none,,,0.000000,1.000000,0,none,,8.086602,8.086602,completed,0,5,clear,17.000000
17,1127,3448270137,203,Day 5 21:15,none,,8.086602,8.086602,completed,0.123333,0.122403,0.094523,0.916667,0.041667,0.023333,0.571533,0.085000,0.499400,10,1,1,1,0,0,0,1,1,1,1,1,0,0,0,1,1,0.191194,0.283842,0.176516,0.000000,0.000000,0.000000,0.195000,0.000000,0.000000,0.000000,0.000000,0.000000,0.000000,0.000000,0.000000,0.153448,use_computer,1,30,7065,computer,none,,,0.000000,1.000000,0,none,,8.086602,8.086602,completed,0,5,clear,17.000000
17,1127,3448270137,204,Day 5 21:45,none,,8.086602,8.086602,completed,0.000000,0.241479,0.094523,0.906667,0.066667,0.043333,0.571533,0.165000,0.481400,10,1,1,1,0,0,0,1,1,1,1,1,0,0,0,1,1,0.000000,0.418187,0.000000,0.000000,0.000000,0.000000,0.351908,0.000000,0.000000,0.000000,0.000000,0.000000,0.000000,0.000000,0.000000,0.229905,rest_at_bed,1,60,7125,bed,none,,,0.000000,1.000000,0,none,,8.086602,8.086602,completed,0,5,clear,17.000000
17,1127,3448270137,205,Day 5 22:45,none,,8.086602,8.086602,completed,0.060000,0.000000,0.094523,0.936667,0.116667,0.083333,0.571533,0.000000,0.445400,10,1,1,1,0,0,0,1,1,1,1,1,0,0,0,1,1,0.244116,0.337396,0.223940,0.000000,0.000000,0.000000,0.000000,0.000000,0.000000,0.000000,0.000000,0.000000,0.000000,0.000000,0.000000,0.194548,use_computer,1,30,7155,computer,none,,,0.000000,1.000000,0,none,,8.086602,8.086602,completed,0,5,clear,17.000000
17,1127,3448270137,206,Day 5 23:15,none,,8.086602,8.086602,completed,0.000000,0.119076,0.094523,0.926667,0.141667,0.103333,0.571533,0.080000,0.427400,10,1,1,1,0,0,0,1,1,1,1,1,0,0,0,1,1,0.180942,0.269276,0.000000,0.000000,0.000000,0.000000,0.203190,0.000000,0.000000,0.188234,0.000000,0.000000,0.000000,0.000000,0.000000,0.158359,idle,1,10,7165,,none,,,0.000000,1.000000,0,none,,8.086602,8.086602,completed,0,5,clear,17.000000
17,1127,3448270137,207,Day 5 23:25,none,,8.086602,8.086602,completed,0.123333,0.123076,0.094523,0.873333,0.150000,0.110000,0.571533,0.070000,0.421400,10,1,1,1,0,0,0,1,1,1,1,1,0,0,0,1,1,0.166431,0.222864,0.153609,0.000000,0.000000,0.000000,0.167217,0.000000,0.000000,0.157078,0.000000,0.000000,0.000000,0.000000,0.000000,0.132800,use_computer,1,30,7195,computer,none,,,0.000000,1.000000,0,none,,8.086602,8.086602,completed,0,5,clear,17.000000
17,1127,3448270137,208,Day 5 23:55,none,,8.086602,8.086602,completed,0.000000,0.242152,0.094523,0.863333,0.175000,0.130000,0.571533,0.150000,0.403400,10,1,1,1,0,0,0,1,1,1,1,1,0,0,0,1,1,0.000000,0.250673,0.000000,0.000000,0.000000,0.000000,0.230383,0.000000,0.178157,0.188886,0.000000,0.000000,0.000000,0.000000,0.000000,0.151901,shop_on_phone,0,0,7195,phone,resource_insufficient,,,0.000000,1.000000,0,none,,8.086602,8.086602,completed,0,5,clear,17.000000
17,1127,3448270137,209,Day 5 23:55,none,,8.086602,8.086602,completed,0.000000,0.242152,0.094523,0.833333,0.175000,0.130000,0.601533,0.150000,0.403400,10,1,1,1,0,0,0,1,1,1,1,1,0,0,0,1,1,0.000000,0.250900,0.000000,0.000000,0.000000,0.000000,0.229685,0.000000,0.178319,0.189058,0.000000,0.000000,0.000000,0.000000,0.000000,0.152038,shop_on_phone,0,0,7195,phone,resource_insufficient,,,0.000000,1.000000,0,none,,8.086602,8.086602,completed,0,5,clear,17.000000
17,1127,3448270137,210,Day 5 23:55,none,,8.086602,8.086602,completed,0.000000,0.242152,0.094523,0.803333,0.175000,0.130000,0.631533,0.150000,0.403400,10,1,1,1,0,0,0,1,1,1,1,1,0,0,0,1,1,0.000000,0.251127,0.000000,0.000000,0.000000,0.000000,0.228989,0.000000,0.178480,0.189229,0.000000,0.000000,0.000000,0.000000,0.000000,0.152176,shop_on_phone,0,0,7195,phone,resource_insufficient,,,0.000000,1.000000,0,none,,8.086602,8.086602,completed,0,5,clear,17.000000
17,1127,3448270137,211,Day 5 23:55,none,,8.086602,8.086602,completed,0.000000,0.242152,0.094523,0.773333,0.175000,0.130000,0.661533,0.150000,0.403400,10,1,1,1,0,0,0,1,1,1,1,1,0,0,0,1,1,0.000000,0.251353,0.000000,0.000000,0.000000,0.000000,0.228294,0.000000,0.178641,0.189399,0.000000,0.000000,0.000000,0.000000,0.000000,0.152313,rest_at_bed,1,60,7255,bed,none,,,0.000000,1.000000,0,none,,8.086602,8.086602,completed,0,5,clear,17.000000
17,1127,3448270137,212,Day 6 00:55,none,,8.086602,8.086602,completed,0.060000,0.000000,0.094523,0.803333,0.225000,0.170000,0.661533,0.000000,0.367400,10,1,1,1,0,0,0,1,1,1,1,1,0,0,0,1,1,0.166670,0.208990,0.152894,0.000000,0.000000,0.000000,0.000000,0.000000,0.163279,0.175340,0.000000,0.000000,0.000000,0.000000,0.000000,0.132827,idle,1,10,7265,,none,,,0.000000,1.000000,0,none,,8.086602,8.086602,completed,0,5,clear,17.000000
17,1127,3448270137,213,Day 6 01:05,none,,8.086602,8.086602,completed,0.183333,0.004000,0.094523,0.750000,0.233333,0.176667,0.661533,0.000000,0.361400,10,1,1,1,0,0,0,1,1,1,1,1,0,0,0,1,1,0.178506,0.202200,0.159095,0.000000,0.000000,0.000000,0.000000,0.000000,0.158940,0.171045,0.000000,0.000000,0.000000,0.000000,0.000000,0.130214,shop_on_phone,0,0,7265,phone,resource_insufficient,,,0.000000,1.000000,0,none,,8.086602,8.086602,completed,0,5,clear,17.000000
17,1127,3448270137,214,Day 6 01:05,none,,8.086602,8.086602,completed,0.183333,0.004000,0.094523,0.720000,0.233333,0.176667,0.691533,0.000000,0.361400,10,1,1,1,0,0,0,1,1,1,1,1,0,0,0,1,1,0.178506,0.202200,0.159095,0.000000,0.000000,0.000000,0.000000,0.000000,0.158940,0.171045,0.000000,0.000000,0.000000,0.000000,0.000000,0.130214,shop_on_phone,0,0,7265,phone,resource_insufficient,,,0.000000,1.000000,0,none,,8.086602,8.086602,completed,0,5,clear,17.000000
17,1127,3448270137,215,Day 6 01:05,none,,8.086602,8.086602,completed,0.183333,0.004000,0.094523,0.690000,0.233333,0.176667,0.721533,0.000000,0.361400,10,1,1,1,0,0,0,1,1,1,1,1,0,0,0,1,1,0.178506,0.202200,0.159095,0.000000,0.000000,0.000000,0.000000,0.000000,0.158940,0.171045,0.000000,0.000000,0.000000,0.000000,0.000000,0.130214,shop_on_phone,0,0,7265,phone,resource_insufficient,,,0.000000,1.000000,0,none,,8.086602,8.086602,completed,0,5,clear,17.000000
17,1127,3448270137,216,Day 6 01:05,none,,8.086602,8.086602,completed,0.183333,0.004000,0.094523,0.660000,0.233333,0.176667,0.751533,0.000000,0.361400,10,1,1,1,0,0,0,1,1,1,1,1,0,0,0,1,1,0.178506,0.202200,0.159095,0.000000,0.000000,0.000000,0.000000,0.000000,0.158940,0.171045,0.000000,0.000000,0.000000,0.000000,0.000000,0.130214,shop_on_phone,0,0,7265,phone,resource_insufficient,,,0.000000,1.000000,0,none,,8.086602,8.086602,completed,0,5,clear,17.000000
17,1127,3448270137,217,Day 6 01:05,none,,8.086602,8.086602,completed,0.183333,0.004000,0.094523,0.630000,0.233333,0.176667,0.781533,0.000000,0.361400,10,1,1,1,0,0,0,1,1,1,1,1,0,0,0,1,1,0.178506,0.202200,0.159095,0.000000,0.000000,0.000000,0.000000,0.000000,0.158940,0.171045,0.000000,0.000000,0.000000,0.000000,0.000000,0.130214,shop_on_phone,0,0,7265,phone,resource_insufficient,,,0.000000,1.000000,0,none,,8.086602,8.086602,completed,0,5,clear,17.000000
17,1127,3448270137,218,Day 6 01:05,none,,8.086602,8.086602,completed,0.183333,0.004000,0.094523,0.600000,0.233333,0.176667,0.811533,0.000000,0.361400,10,1,1,1,0,0,0,1,1,1,1,1,0,0,0,1,1,0.178506,0.202200,0.159095,0.000000,0.000000,0.000000,0.000000,0.000000,0.158940,0.171045,0.000000,0.000000,0.000000,0.000000,0.000000,0.130214,shop_on_phone,0,0,7265,phone,resource_insufficient,,,0.000000,1.000000,0,none,,8.086602,8.086602,completed,0,5,clear,17.000000
17,1127,3448270137,219,Day 6 01:05,none,,8.086602,8.086602,completed,0.183333,0.004000,0.094523,0.570000,0.233333,0.176667,0.841533,0.000000,0.361400,10,1,1,1,0,0,0,1,1,1,1,1,0,0,0,1,1,0.178506,0.202200,0.159095,0.000000,0.000000,0.000000,0.000000,0.000000,0.158940,0.171045,0.000000,0.000000,0.000000,0.000000,0.000000,0.130214,get_meal,1,35,7300,door,none,,,0.000000,1.000000,0,none,,8.086602,8.086602,completed,0,5,clear,17.000000
17,1127,3448270137,220,Day 6 01:40,none,,8.086602,8.086602,completed,0.155000,0.018000,0.094523,0.697099,0.000000,0.200000,0.841533,0.000000,0.340400,10,1,1,1,0,0,0,1,1,1,1,1,0,0,0,1,1,0.211881,0.239470,0.190544,0.000000,0.000000,0.000000,0.000000,0.000000,0.200001,0.000000,0.000000,0.000000,0.000000,0.000000,0.000000,0.158105,go_to_bathroom,1,15,7315,door,none,,,0.000000,1.000000,0,none,,8.086602,8.086602,completed,0,5,clear,17.000000
17,1127,3448270137,221,Day 6 01:55,none,,8.086602,8.086602,completed,0.160000,0.024000,0.094523,0.790866,0.012500,0.000000,0.841533,0.000000,0.331400,10,1,1,1,0,0,0,1,1,1,1,1,0,0,0,1,1,0.266125,0.296557,0.239265,0.000000,0.000000,0.000000,0.000000,0.000000,0.000000,0.000000,0.000000,0.000000,0.000000,0.000000,0.000000,0.198053,idle,1,10,7325,,none,,,0.000000,1.000000,0,none,,8.086602,8.086602,completed,0,5,clear,17.000000
17,1127,3448270137,222,Day 6 02:05,none,,8.086602,8.086602,completed,0.283333,0.028000,0.094523,0.737532,0.020833,0.006667,0.841533,0.000000,0.325400,10,1,1,1,0,0,0,1,1,1,1,1,0,0,0,1,1,0.280793,0.282662,0.245272,0.000000,0.000000,0.000000,0.000000,0.000000,0.000000,0.000000,0.000000,0.000000,0.000000,0.000000,0.000000,0.191273,use_phone,1,25,7350,phone,none,,,0.000000,1.000000,0,none,,8.086602,8.086602,completed,0,5,clear,17.000000
17,1127,3448270137,223,Day 6 02:30,none,,8.086602,8.086602,completed,0.071667,0.126403,0.094523,0.769199,0.041667,0.023333,0.841533,0.095000,0.410400,10,1,1,1,0,0,0,1,1,1,1,1,0,0,0,1,1,0.192104,0.266766,0.179721,0.000000,0.000000,0.000000,0.200633,0.000000,0.000000,0.000000,0.000000,0.000000,0.000000,0.000000,0.000000,0.160776,rest_at_bed,1,60,7410,bed,none,,,0.000000,1.000000,0,none,,8.086602,8.086602,completed,0,5,clear,17.000000
17,1127,3448270137,224,Day 6 03:30,none,,8.086602,8.086602,completed,0.131667,0.000000,0.094523,0.799199,0.091667,0.063333,0.841533,0.000000,0.374400,10,1,1,1,0,0,0,1,1,1,1,1,0,0,0,1,1,0.259361,0.310490,0.233883,0.000000,0.000000,0.000000,0.000000,0.000000,0.000000,0.000000,0.000000,0.000000,0.000000,0.000000,0.000000,0.196267,use_phone,1,25,7435,phone,none,,,0.000000,1.000000,0,none,,8.086602,8.086602,completed,0,5,clear,17.000000
17,1127,3448270137,225,Day 6 03:55,none,,8.086602,8.086602,completed,0.000000,0.098403,0.094523,0.830866,0.112500,0.080000,0.841533,0.095000,0.459400,10,1,1,1,0,0,0,1,1,1,1,1,0,0,0,1,1,0.221937,0.344654,0.000000,0.000000,0.000000,0.000000,0.238656,0.000000,0.000000,0.000000,0.000000,0.000000,0.000000,0.000000,0.000000,0.194753,shop_on_phone,0,0,7435,phone,resource_insufficient,,,0.000000,1.000000,0,none,,8.086602,8.086602,completed,0,5,clear,17.000000
17,1127,3448270137,226,Day 6 03:55,none,,8.086602,8.086602,completed,0.000000,0.098403,0.094523,0.800866,0.112500,0.080000,0.871533,0.095000,0.459400,10,1,1,1,0,0,0,1,1,1,1,1,0,0,0,1,1,0.222145,0.344978,0.000000,0.000000,0.000000,0.000000,0.237941,0.000000,0.000000,0.000000,0.000000,0.000000,0.000000,0.000000,0.000000,0.194936,shop_on_phone,0,0,7435,phone,resource_insufficient,,,0.000000,1.000000,0,none,,8.086602,8.086602,completed,0,5,clear,17.000000
17,1127,3448270137,227,Day 6 03:55,none,,8.086602,8.086602,completed,0.000000,0.098403,0.094523,0.770866,0.112500,0.080000,0.901533,0.095000,0.459400,10,1,1,1,0,0,0,1,1,1,1,1,0,0,0,1,1,0.222353,0.345301,0.000000,0.000000,0.000000,0.000000,0.237227,0.000000,0.000000,0.000000,0.000000,0.000000,0.000000,0.000000,0.000000,0.195119,idle,1,10,7445,,none,,,0.000000,1.000000,0,none,,8.086602,8.086602,completed,0,5,clear,17.000000
17,1127,3448270137,228,Day 6 04:05,none,,8.086602,8.086602,completed,0.123333,0.102403,0.094523,0.717532,0.120833,0.086667,0.901533,0.085000,0.453400,10,1,1,1,0,0,0,1,1,1,1,1,0,0,0,1,1,0.197150,0.275486,0.181442,0.000000,0.000000,0.000000,0.188192,0.000000,0.000000,0.000000,0.000000,0.000000,0.000000,0.000000,0.000000,0.157730,use_phone,1,25,7470,phone,none,,,0.000000,1.000000,0,none,,8.086602,8.086602,completed,0,5,clear,17.000000
17,1127,3448270137,229,Day 6 04:30,none,,8.086602,8.086602,completed,0.000000,0.200805,0.094523,0.749199,0.141667,0.103333,0.901533,0.180000,0.538400,10,1,1,1,0,0,0,1,1,1,1,1,0,0,0,1,1,0.000000,0.351029,0.000000,0.000000,0.000000,0.000000,0.255597,0.000000,0.000000,0.213641,0.000000,0.000000,0.000000,0.000000,0.000000,0.179733,idle,1,10,7480,,none,,,0.000000,1.000000,0,none,,8.086602,8.086602,completed,0,5,clear,17.000000
17,1127,3448270137,230,Day 6 04:40,none,,8.086602,8.086602,completed,0.123333,0.204805,0.094523,0.695866,0.150000,0.110000,0.901533,0.170000,0.532400,10,1,1,1,0,0,0,1,1,1,1,1,0,0,0,1,1,0.152286,0.246796,0.142751,0.000000,0.000000,0.000000,0.178685,0.000000,0.000000,0.151444,0.000000,0.000000,0.000000,0.000000,0.000000,0.128037,shop_on_phone,0,0,7480,phone,resource_insufficient,,,0.000000,1.000000,0,none,,8.086602,8.086602,completed,0,5,clear,17.000000
17,1127,3448270137,231,Day 6 04:40,none,,8.086602,8.086602,completed,0.123333,0.204805,0.094523,0.665866,0.150000,0.110000,0.931533,0.170000,0.532400,10,1,1,1,0,0,0,1,1,1,1,1,0,0,0,1,1,0.152393,0.246970,0.142852,0.000000,0.000000,0.000000,0.178107,0.000000,0.000000,0.151551,0.000000,0.000000,0.000000,0.000000,0.000000,0.128127,shop_on_phone,0,0,7480,phone,resource_insufficient,,,0.000000,1.000000,0,none,,8.086602,8.086602,completed,0,5,clear,17.000000
17,1127,3448270137,232,Day 6 04:40,none,,8.086602,8.086602,completed,0.123333,0.204805,0.094523,0.635866,0.150000,0.110000,0.961533,0.170000,0.532400,10,1,1,1,0,0,0,1,1,1,1,1,0,0,0,1,1,0.152500,0.247143,0.142952,0.000000,0.000000,0.000000,0.177531,0.000000,0.000000,0.151657,0.000000,0.000000,0.000000,0.000000,0.000000,0.128217,rest_at_bed,1,60,7540,bed,none,,,0.000000,1.000000,0,none,,8.086602,8.086602,completed,0,5,clear,17.000000
17,1127,3448270137,233,Day 6 05:40,none,,8.086602,8.086602,completed,0.183333,0.000000,0.094523,0.665866,0.200000,0.150000,0.961533,0.000000,0.496400,10,1,1,1,0,0,0,1,1,1,1,1,0,0,0,1,1,0.174438,0.233702,0.155371,0.000000,0.000000,0.000000,0.000000,0.000000,0.149646,0.159676,0.000000,0.000000,0.000000,0.000000,0.000000,0.127166,get_meal,1,35,7575,door,none,,,0.000000,1.000000,0,none,,8.086602,8.086602,completed,0,5,clear,17.000000
17,1127,3448270137,234,Day 6 06:15,none,,8.086602,8.086602,completed,0.155000,0.014000,0.094523,0.792965,0.000000,0.173333,0.961533,0.000000,0.475400,10,1,1,1,0,0,0,1,1,1,1,1,0,0,0,1,1,0.204470,0.273329,0.183763,0.000000,0.000000,0.000000,0.000000,0.000000,0.185959,0.000000,0.000000,0.000000,0.000000,0.000000,0.000000,0.152479,shop_on_phone,0,0,7575,phone,resource_insufficient,,,0.000000,1.000000,0,none,,8.086602,8.086602,completed,0,5,clear,17.000000
17,1127,3448270137,235,Day 6 06:15,none,,8.086602,8.086602,completed,0.155000,0.014000,0.094523,0.762965,0.000000,0.173333,0.991533,0.000000,0.475400,10,1,1,1,0,0,0,1,1,1,1,1,0,0,0,1,1,0.204470,0.273329,0.183763,0.000000,0.000000,0.000000,0.000000,0.000000,0.185959,0.000000,0.000000,0.000000,0.000000,0.000000,0.000000,0.152479,idle,1,10,7585,,none,,,0.000000,1.000000,0,none,,8.086602,8.086602,completed,0,5,clear,17.000000
17,1127,3448270137,236,Day 6 06:25,none,,8.086602,8.086602,completed,0.278333,0.018000,0.094523,0.709632,0.008333,0.180000,0.991533,0.000000,0.469400,10,1,1,1,0,0,0,1,1,1,1,1,0,0,0,1,1,0.217869,0.263093,0.190236,0.000000,0.000000,0.000000,0.000000,0.000000,0.180090,0.000000,0.000000,0.000000,0.000000,0.000000,0.000000,0.148713,shop_on_phone,0,0,7585,phone,resource_insufficient,,,0.000000,1.000000,0,none,,8.086602,8.086602,completed,0,5,clear,17.000000
17,1127,3448270137,237,Day 6 06:25,none,,8.086602,8.086602,completed,0.278333,0.018000,0.094523,0.679632,0.008333,0.180000,1.000000,0.000000,0.469400,10,1,1,1,0,0,0,1,1,1,1,1,0,0,0,1,1,0.217869,0.263093,0.190236,0.000000,0.000000,0.000000,0.000000,0.000000,0.180090,0.000000,0.000000,0.000000,0.000000,0.000000,0.000000,0.148713,use_computer,1,30,7615,computer,none,,,0.000000,1.000000,0,none,,8.086602,8.086602,completed,0,5,clear,17.000000
17,1127,3448270137,238,Day 6 06:55,none,,8.086602,8.086602,completed,0.128333,0.137076,0.094523,0.669632,0.033333,0.200000,1.000000,0.080000,0.451400,10,1,1,1,0,0,0,1,1,1,1,1,0,0,0,1,1,0.163826,0.228270,0.151398,0.000000,0.000000,0.000000,0.159090,0.000000,0.166363,0.000000,0.000000,0.000000,0.000000,0.000000,0.000000,0.131053,use_phone,1,25,7640,phone,none,,,0.000000,1.000000,0,none,,8.086602,8.086602,completed,0,5,clear,17.000000
17,1127,3448270137,239,Day 6 07:20,none,,8.086602,8.086602,completed,0.000000,0.235479,0.094523,0.701298,0.054167,0.216667,1.000000,0.175000,0.536400,10,1,1,1,0,0,0,1,1,1,1,1,0,0,0,1,1,0.000000,0.340778,0.000000,0.000000,0.000000,0.000000,0.253257,0.000000,0.231045,0.000000,0.000000,0.000000,0.000000,0.000000,0.000000,0.174920,go_to_bathroom,1,15,7655,door,none,,,0.000000,1.000000,0,none,,8.086602,8.086602,completed,0,5,clear,17.000000
17,1127,3448270137,240,Day 6 07:35,none,,8.086602,8.086602,completed,0.005000,0.241479,0.094523,0.795064,0.066667,0.000000,1.000000,0.160000,0.527400,10,1,1,1,0,0,0,1,1,1,1,1,0,0,0,1,1,0.000000,0.441014,0.000000,0.000000,0.000000,0.000000,0.330006,0.000000,0.000000,0.000000,0.000000,0.000000,0.000000,0.000000,0.000000,0.228980,rest_at_bed,1,60,7715,bed,none,alarm-rings,,0.000000,1.000000,0,none,,8.086602,8.086602,completed,0,5,clear,17.000000
17,1127,3448270137,241,Day 6 08:35,none,,8.086602,8.086602,completed,0.095000,0.000000,0.094523,0.825064,0.116667,0.040000,1.000000,0.000000,0.491400,11,1,1,1,0,0,0,1,1,1,1,1,0,1,0,1,1,0.168701,0.240388,0.153468,0.000000,0.000000,0.000000,0.000000,0.000000,0.000000,0.000000,0.000000,0.000000,0.306353,0.000000,0.000000,0.131089,turn_off_alarm,1,1,7716,alarm,none,,,0.000000,1.000000,0,none,,8.086602,8.086602,completed,0,5,clear,17.000000
17,1127,3448270137,242,Day 6 08:36,none,,8.086602,8.086602,completed,0.095333,0.000400,0.094523,0.854731,0.117500,0.040667,0.980000,0.000000,0.490800,10,1,1,1,0,0,0,1,1,1,1,1,0,0,0,1,1,0.243298,0.346356,0.221326,0.000000,0.000000,0.000000,0.000000,0.000000,0.000000,0.000000,0.000000,0.000000,0.000000,0.000000,0.000000,0.189021,use_computer,1,30,7746,computer,none,,,0.000000,1.000000,0,none,,8.086602,8.086602,completed,0,5,clear,17.000000
17,1127,3448270137,243,Day 6 09:06,none,,8.086602,8.086602,completed,0.000000,0.119476,0.094523,0.844731,0.142500,0.060667,0.980000,0.080000,0.472800,10,1,1,1,0,0,0,1,1,1,1,1,0,0,0,1,1,0.179966,0.283454,0.000000,0.000000,0.000000,0.000000,0.191623,0.000000,0.000000,0.187442,0.000000,0.000000,0.000000,0.000000,0.000000,0.157515,idle,1,10,7756,,none,,,0.000000,1.000000,0,none,,8.086602,8.086602,completed,0,5,clear,17.000000
17,1127,3448270137,244,Day 6 09:16,none,,8.086602,8.086602,completed,0.123333,0.123476,0.094523,0.791398,0.150833,0.067333,0.980000,0.070000,0.466800,10,1,1,1,0,0,0,1,1,1,1,1,0,0,0,1,1,0.165678,0.234803,0.152924,0.000000,0.000000,0.000000,0.157836,0.000000,0.000000,0.156553,0.000000,0.000000,0.000000,0.000000,0.000000,0.132207,get_meal,1,35,7791,door,none,,,0.000000,1.000000,0,none,,8.086602,8.086602,completed,0,5,clear,17.000000
17,1127,3448270137,245,Day 6 09:51,none,,8.086602,8.086602,completed,0.095000,0.137476,0.094523,0.918497,0.000000,0.090667,0.980000,0.035000,0.445800,10,1,1,1,0,0,0,1,1,1,1,1,0,0,0,1,1,0.196610,0.274212,0.182944,0.000000,0.000000,0.000000,0.187944,0.000000,0.000000,0.000000,0.000000,0.000000,0.000000,0.000000,0.000000,0.158291,use_computer,1,30,7821,computer,none,,,0.000000,1.000000,0,none,,8.086602,8.086602,completed,0,5,clear,17.000000
17,1127,3448270137,246,Day 6 10:21,none,,8.086602,8.086602,completed,0.000000,0.256552,0.094523,0.908497,0.025000,0.110667,0.980000,0.115000,0.427800,10,1,1,1,0,0,0,1,1,1,1,1,0,0,0,1,1,0.000000,0.412318,0.000000,0.000000,0.000000,0.000000,0.345323,0.000000,0.000000,0.000000,0.000000,0.000000,0.000000,0.000000,0.000000,0.242360,rest_at_bed,1,60,7881,bed,none,,,0.000000,1.000000,0,none,,8.086602,8.086602,completed,0,5,clear,17.000000
17,1127,3448270137,247,Day 6 11:21,none,,8.086602,8.086602,completed,0.060000,0.000000,0.094523,0.938497,0.075000,0.150667,0.980000,0.000000,0.391800,10,1,1,1,0,0,0,1,1,1,1,1,0,0,0,1,1,0.201572,0.260569,0.184912,0.000000,0.000000,0.000000,0.000000,0.000000,0.192305,0.000000,0.000000,0.000000,0.000000,0.000000,0.000000,0.160643,idle,1,10,7891,,none,,,0.000000,1.000000,0,none,,8.086602,8.086602,completed,0,5,clear,17.000000
17,1127,3448270137,248,Day 6 11:31,none,,8.086602,8.086602,completed,0.183333,0.004000,0.094523,0.885164,0.083333,0.157333,0.980000,0.000000,0.385800,10,1,1,1,0,0,0,1,1,1,1,1,0,0,0,1,1,0.214796,0.250829,0.191439,0.000000,0.000000,0.000000,0.000000,0.000000,0.186249,0.000000,0.000000,0.000000,0.000000,0.000000,0.000000,0.156686,shop_on_phone,0,0,7891,phone,resource_insufficient,,,0.000000,1.000000,0,none,,8.086602,8.086602,completed,0,5,clear,17.000000
17,1127,3448270137,249,Day 6 11:31,none,,8.086602,8.086602,completed,0.183333,0.004000,0.094523,0.855164,0.083333,0.157333,1.000000,0.000000,0.385800,10,1,1,1,0,0,0,1,1,1,1,1,0,0,0,1,1,0.214796,0.250829,0.191439,0.000000,0.000000,0.000000,0.000000,0.000000,0.186249,0.000000,0.000000,0.000000,0.000000,0.000000,0.000000,0.156686,shop_on_phone,0,0,7891,phone,resource_insufficient,,,0.000000,1.000000,0,none,,8.086602,8.086602,completed,0,5,clear,17.000000
17,1127,3448270137,250,Day 6 11:31,none,,8.086602,8.086602,completed,0.183333,0.004000,0.094523,0.825164,0.083333,0.157333,1.000000,0.000000,0.385800,10,1,1,1,0,0,0,1,1,1,1,1,0,0,0,1,1,0.214796,0.250829,0.191439,0.000000,0.000000,0.000000,0.000000,0.000000,0.186249,0.000000,0.000000,0.000000,0.000000,0.000000,0.000000,0.156686,use_phone,1,25,7916,phone,none,,,0.000000,1.000000,0,none,,8.086602,8.086602,completed,0,5,clear,17.000000
17,1127,3448270137,251,Day 6 11:56,none,,8.086602,8.086602,completed,0.000000,0.102403,0.094523,0.856831,0.104167,0.174000,1.000000,0.095000,0.470800,10,1,1,1,0,0,0,1,1,1,1,1,0,0,0,1,1,0.178375,0.281152,0.000000,0.000000,0.000000,0.000000,0.188722,0.000000,0.195124,0.000000,0.000000,0.000000,0.000000,0.000000,0.000000,0.156626,idle,1,10,7926,,none,,,0.000000,1.000000,0,none,,8.086602,8.086602,completed,0,5,clear,17.000000
17,1127,3448270137,252,Day 6 12:06,none,,8.086602,8.086602,completed,0.123333,0.106403,0.094523,0.803497,0.112500,0.180667,1.000000,0.085000,0.464800,10,1,1,1,0,0,0,1,1,1,1,1,0,0,0,1,1,0.164565,0.233395,0.151548,0.000000,0.000000,0.000000,0.155779,0.000000,0.162970,0.000000,0.000000,0.000000,0.000000,0.000000,0.000000,0.131743,shop_on_phone,0,0,7926,phone,resource_insufficient,,,0.000000,1.000000,0,none,,8.086602,8.086602,completed,0,5,clear,17.000000
17,1127,3448270137,253,Day 6 12:06,none,,8.086602,8.086602,completed,0.123333,0.106403,0.094523,0.773497,0.112500,0.180667,1.000000,0.085000,0.464800,10,1,1,1,0,0,0,1,1,1,1,1,0,0,0,1,1,0.164565,0.233395,0.151548,0.000000,0.000000,0.000000,0.155779,0.000000,0.162970,0.000000,0.000000,0.000000,0.000000,0.000000,0.000000,0.131743,rest_at_bed,1,60,7986,bed,none,weather-clear,,0.000000,1.000000,0,none,,8.086602,8.086602,completed,0,5,clear,17.000000
17,1127,3448270137,254,Day 6 13:06,none,,8.086602,8.086602,completed,0.183333,0.000000,0.094523,0.803497,0.162500,0.220667,1.000000,0.000000,0.428800,10,1,1,1,0,0,0,1,1,1,1,1,0,0,0,1,1,0.176481,0.217311,0.157191,0.000000,0.000000,0.000000,0.000000,0.000000,0.166805,0.153556,0.000000,0.000000,0.000000,0.000000,0.000000,0.128656,get_meal,1,35,8021,door,none,room-temperature-shift,,0.000000,1.000000,0,none,,8.086602,8.086602,completed,0,5,clear,17.000000
17,1127,3448270137,255,Day 6 13:41,none,,8.086602,8.086602,completed,0.155000,0.014000,0.094523,0.930597,0.000000,0.244000,1.000000,0.000000,0.407800,10,1,1,1,0,0,0,1,1,1,1,1,0,0,0,1,1,0.205125,0.252020,0.184352,0.000000,0.000000,0.000000,0.000000,0.000000,0.205537,0.000000,0.000000,0.000000,0.000000,0.000000,0.000000,0.152967,use_phone,1,25,8046,phone,none,,,0.000000,1.000000,0,none,,8.086602,8.086602,completed,0,5,clear,17.000000
17,1127,3448270137,256,Day 6 14:06,none,,8.086602,8.086602,completed,0.000000,0.112403,0.094523,0.962263,0.020833,0.260667,1.000000,0.095000,0.492800,10,1,1,1,0,0,0,1,1,1,1,1,0,0,0,1,1,0.172232,0.279466,0.000000,0.000000,0.000000,0.000000,0.184317,0.000000,0.212514,0.000000,0.000000,0.000000,0.000000,0.000000,0.000000,0.151470,go_to_bathroom,1,15,8061,door,none,,,0.000000,1.000000,0,none,,8.086602,8.086602,completed,0,5,clear,17.000000
