personality_index,scenario_seed,action_seed,step,decision_time,pre_commitment_status,pre_commitment_task_id,pre_task_effort,pre_task_effort_target,pre_task_status,pre_boredom,pre_fatigue,pre_task_pressure,pre_satisfaction,pre_hunger,pre_bathroom_urge,pre_anxiety,pre_screen_strain,pre_purchase_urge,known_action_count,known_use_phone,known_shop_on_phone,known_use_computer,known_study_at_computer,known_study_focused,known_study_halfhearted,known_rest_at_bed,known_sleep_at_bed,known_go_to_bathroom,known_get_meal,known_turn_light_on,known_turn_light_off,known_turn_off_alarm,known_open_curtain,known_close_curtain,known_idle,p_use_phone,p_shop_on_phone,p_use_computer,p_study_at_computer,p_study_focused,p_study_halfhearted,p_rest_at_bed,p_sleep_at_bed,p_go_to_bathroom,p_get_meal,p_turn_light_on,p_turn_light_off,p_turn_off_alarm,p_open_curtain,p_close_curtain,p_idle,chosen_action,accepted,elapsed_minutes,simulation_total_minutes,target_object_id,failure_reason,event_ids,outcome_task_id,outcome_task_effort_gained,outcome_task_settlement_variation,outcome_task_session_interrupted,post_commitment_status,post_commitment_task_id,post_task_effort,post_task_effort_target,post_task_status,post_wallet,post_unread_messages,post_weather,post_temperature_celsius
23,1124,3448252434,1,Day 1 08:00,none,,0.000000,8.262116,active,0.550000,0.150000,0.550000,0.450000,0.250000,0.150000,0.200000,0.050000,0.100000,13,1,1,1,1,1,1,1,1,1,1,0,1,0,0,1,1,0.123223,0.084453,0.107173,0.121555,0.124849,0.106927,0.083051,0.000000,0.083093,0.088233,0.000000,0.000000,0.000000,0.000000,0.000000,0.077444,rest_at_bed,1,60,540,bed,none,alarm-rings,,0.000000,1.000000,0,none,,0.000000,8.262116,active,120,0,clear,23.000000
23,1124,3448252434,2,Day 1 09:00,none,,0.000000,8.262116,active,0.640000,0.000000,0.630276,0.480000,0.300000,0.190000,0.246283,0.000000,0.064000,14,1,1,1,1,1,1,1,1,1,1,0,1,1,0,1,1,0.131981,0.000000,0.111985,0.137034,0.141043,0.116862,0.000000,0.000000,0.085734,0.091525,0.000000,0.000000,0.105801,0.000000,0.000000,0.078035,use_phone,1,25,565,phone,none,,,0.000000,1.000000,0,none,,0.000000,8.262116,active,120,0,clear,23.000000
23,1124,3448252434,3,Day 1 09:25,none,,0.000000,8.262116,active,0.428333,0.092549,0.750552,0.511667,0.320833,0.206667,0.262448,0.095000,0.149000,14,1,1,1,1,1,1,1,1,1,1,0,1,1,0,1,1,0.106305,0.079475,0.093508,0.139414,0.143810,0.107417,0.000000,0.000000,0.079034,0.084561,0.000000,0.000000,0.096731,0.000000,0.000000,0.069746,get_meal,1,35,600,door,none,,,0.000000,1.000000,0,none,,0.000000,8.262116,active,120,0,clear,23.000000
23,1124,3448252434,4,Day 1 10:00,none,,0.000000,8.262116,active,0.400000,0.106549,0.750552,0.620268,0.000000,0.230000,0.267914,0.060000,0.128000,14,1,1,1,1,1,1,1,1,1,1,0,1,1,0,1,1,0.115496,0.085613,0.102030,0.152231,0.158229,0.116567,0.000000,0.000000,0.087797,0.000000,0.000000,0.000000,0.105903,0.000000,0.000000,0.076135,go_to_bathroom,1,15,615,door,none,,,0.000000,1.000000,0,none,,0.000000,8.262116,active,120,0,clear,23.000000
23,1124,3448252434,5,Day 1 10:15,none,,0.000000,8.262116,active,0.405000,0.112549,0.750552,0.695536,0.012500,0.000000,0.270257,0.045000,0.119000,14,1,1,1,1,1,1,1,1,1,1,0,1,1,0,1,1,0.127050,0.093178,0.112198,0.166519,0.173992,0.127719,0.000000,0.000000,0.000000,0.000000,0.000000,0.000000,0.115973,0.000000,0.000000,0.083370,study_at_computer,1,35,650,computer,none,,coursework,0.767565,0.902536,0,active,coursework,0.767565,8.262116,active,120,0,clear,23.000000
23,1124,3448252434,6,Day 1 10:50,active,coursework,0.767565,8.262116,active,0.436667,0.237757,0.602253,0.763869,0.041667,0.023333,0.225724,0.090000,0.098000,14,1,1,1,1,1,1,1,1,1,1,0,1,1,0,1,1,0.117455,0.085544,0.104464,0.144532,0.151742,0.121383,0.089744,0.000000,0.000000,0.000000,0.000000,0.000000,0.106976,0.000000,0.000000,0.078159,shop_on_phone,1,20,670,phone,none,,,0.000000,1.000000,0,active,coursework,0.767565,8.262116,active,90,0,clear,23.000000
23,1124,3448252434,7,Day 1 11:10,active,coursework,0.767565,8.262116,active,0.443333,0.247367,0.682529,0.857202,0.058333,0.036667,0.241139,0.150000,0.000000,14,1,1,1,1,1,1,1,1,1,1,0,1,1,0,1,1,0.122726,0.000000,0.109240,0.165791,0.175201,0.134376,0.097141,0.000000,0.000000,0.000000,0.000000,0.000000,0.113246,0.000000,0.000000,0.082279,use_phone,1,25,695,phone,none,,,0.000000,1.000000,0,active,coursework,0.767565,8.262116,active,90,0,clear,23.000000
23,1124,3448252434,8,Day 1 11:35,active,coursework,0.767565,8.262116,active,0.231667,0.339916,0.802805,0.888869,0.079167,0.053333,0.258321,0.245000,0.085000,14,1,1,1,1,1,1,1,1,1,1,0,1,1,0,1,1,0.105832,0.000000,0.097658,0.180609,0.191283,0.132248,0.102769,0.000000,0.000000,0.000000,0.000000,0.000000,0.110869,0.000000,0.000000,0.078732,study_at_computer,1,35,730,computer,none,,coursework,0.792801,0.932211,0,active,coursework,1.560366,8.262116,active,90,0,clear,23.000000
23,1124,3448252434,9,Day 1 12:10,active,coursework,1.560366,8.262116,active,0.263333,0.465123,0.654507,0.957202,0.108333,0.076667,0.215212,0.290000,0.064000,14,1,1,1,1,1,1,1,1,1,1,0,1,1,0,1,1,0.091909,0.000000,0.085415,0.131700,0.140152,0.105585,0.097650,0.102015,0.000000,0.000000,0.000000,0.080145,0.096092,0.000000,0.000000,0.069337,study_focused,1,35,765,desk,none,room-temperature-shift,coursework,0.411365,0.973278,0,active,coursework,1.971731,8.262116,active,90,0,clear,24.000000
23,1124,3448252434,10,Day 1 12:45,active,coursework,1.971731,8.262116,active,0.295000,0.589123,0.506209,1.000000,0.137500,0.100000,0.168061,0.255000,0.043000,14,1,1,1,1,1,1,1,1,1,1,0,1,1,0,1,1,0.096329,0.000000,0.090050,0.113921,0.121595,0.100011,0.107029,0.114793,0.000000,0.000000,0.000000,0.085049,0.098761,0.000000,0.000000,0.072461,sleep_at_bed,1,480,1245,bed,none,message-study-group|weather-rain|task-reminder|evening|task-deadline,,0.000000,1.000000,0,suspended,coursework,1.971731,8.262116,active,90,1,rain,24.000000
23,1124,3448252434,11,Day 1 20:45,suspended,coursework,1.971731,8.262116,active,0.375000,0.314631,0.836485,0.920000,0.537500,0.420000,0.316025,0.000000,0.000000,14,1,1,1,1,1,1,1,1,1,1,0,1,1,0,1,1,0.094767,0.000000,0.085391,0.150557,0.159803,0.111862,0.073734,0.000000,0.083081,0.088589,0.000000,0.000000,0.089063,0.000000,0.000000,0.063154,use_phone,1,25,1270,phone,none,,,0.000000,1.000000,0,suspended,coursework,1.971731,8.262116,active,90,1,rain,24.000000
23,1124,3448252434,12,Day 1 21:10,suspended,coursework,1.971731,8.262116,active,0.163333,0.407180,0.956760,0.951667,0.558333,0.436667,0.336205,0.095000,0.085000,14,1,1,1,1,1,1,1,1,1,1,0,1,1,0,1,1,0.081362,0.000000,0.076002,0.163359,0.173776,0.111955,0.077646,0.000000,0.081636,0.087243,0.000000,0.000000,0.086855,0.000000,0.000000,0.060165,use_computer,1,30,1300,computer,none,,,0.000000,1.000000,0,suspended,coursework,1.971731,8.262116,active,90,1,rain,24.000000
23,1124,3448252434,13,Day 1 21:40,suspended,coursework,1.971731,8.262116,active,0.013333,0.521327,1.000000,0.941667,0.583333,0.456667,0.360310,0.175000,0.067000,14,1,1,1,1,1,1,1,1,1,1,0,1,1,0,1,1,0.063428,0.000000,0.061041,0.143931,0.153002,0.095925,0.072518,0.077163,0.070889,0.075960,0.000000,0.060481,0.074738,0.000000,0.000000,0.050924,use_computer,1,30,1330,computer,none,,,0.000000,1.000000,0,suspended,coursework,1.971731,8.262116,active,90,1,rain,24.000000
23,1124,3448252434,14,Day 1 22:10,suspended,coursework,1.971731,8.262116,active,0.000000,0.635473,1.000000,0.931667,0.608333,0.476667,0.385425,0.255000,0.049000,14,1,1,1,1,1,1,1,1,1,1,0,1,1,0,1,1,0.063112,0.000000,0.061494,0.130119,0.138222,0.089041,0.081232,0.089504,0.073835,0.079329,0.000000,0.064668,0.077154,0.000000,0.000000,0.052291,turn_light_off,1,1,1331,light,none,,,0.000000,1.000000,0,suspended,coursework,1.971731,8.262116,active,90,1,rain,24.000000
23,1124,3448252434,15,Day 1 22:11,suspended,coursework,1.971731,8.262116,active,0.000333,0.635873,1.000000,0.951333,0.609167,0.477333,0.385776,0.254000,0.048400,11,1,1,1,0,0,0,1,1,1,1,1,0,1,0,1,1,0.093551,0.000000,0.091151,0.000000,0.000000,0.000000,0.120351,0.132616,0.109458,0.117613,0.143438,0.000000,0.114334,0.000000,0.000000,0.077487,get_meal,1,35,1366,door,none,,,0.000000,1.000000,0,suspended,coursework,1.971731,8.262116,active,90,1,rain,24.000000
23,1124,3448252434,16,Day 1 22:46,suspended,coursework,1.971731,8.262116,active,0.000000,0.649873,1.000000,1.000000,0.088333,0.500667,0.398041,0.219000,0.027400,11,1,1,1,0,0,0,1,1,1,1,1,0,1,0,1,1,0.106400,0.000000,0.103745,0.000000,0.000000,0.000000,0.135279,0.149450,0.125680,0.000000,0.162313,0.000000,0.129535,0.000000,0.000000,0.087598,turn_light_on,1,1,1367,light,none,,,0.000000,1.000000,0,suspended,coursework,1.971731,8.262116,active,90,1,rain,24.000000
23,1124,3448252434,17,Day 1 22:47,suspended,coursework,1.971731,8.262116,active,0.000333,0.650273,1.000000,1.000000,0.089167,0.501333,0.398392,0.218000,0.026800,14,1,1,1,1,1,1,1,1,1,1,0,1,1,0,1,1,0.068448,0.000000,0.066738,0.140072,0.149508,0.102139,0.086983,0.096101,0.080860,0.000000,0.000000,0.069506,0.083308,0.000000,0.000000,0.056335,study_halfhearted,1,35,1402,desk,none,,coursework,0.250483,0.987726,0,active,coursework,2.222214,8.262116,active,90,1,rain,24.000000
23,1124,3448252434,18,Day 1 23:22,active,coursework,2.222214,8.262116,active,0.062000,0.744273,0.920908,1.000000,0.118333,0.524667,0.390657,0.183000,0.005800,14,1,1,1,1,1,1,1,1,1,1,0,1,1,0,1,1,0.069360,0.000000,0.067598,0.139910,0.149335,0.095627,0.089039,0.100506,0.080964,0.000000,0.000000,0.069676,0.082020,0.000000,0.000000,0.055964,turn_light_off,1,1,1403,light,none,,,0.000000,1.000000,0,active,coursework,2.222214,8.262116,active,90,1,rain,24.000000
23,1124,3448252434,19,Day 1 23:23,active,coursework,2.222214,8.262116,active,0.062333,0.744673,0.920908,1.000000,0.119167,0.525333,0.390946,0.182000,0.005200,11,1,1,1,0,0,0,1,1,1,1,1,0,1,0,1,1,0.107760,0.000000,0.105019,0.000000,0.000000,0.000000,0.138266,0.156083,0.125802,0.000000,0.152756,0.000000,0.127393,0.000000,0.000000,0.086921,idle,1,10,1413,,none,,,0.000000,1.000000,0,active,coursework,2.222214,8.262116,active,90,1,rain,24.000000
23,1124,3448252434,20,Day 1 23:33,active,coursework,2.222214,8.262116,active,0.185667,0.748673,1.000000,0.946667,0.127500,0.532000,0.408436,0.172000,0.000000,11,1,1,1,0,0,0,1,1,1,1,1,0,1,0,1,1,0.112038,0.000000,0.107509,0.000000,0.000000,0.000000,0.135325,0.153025,0.123998,0.000000,0.156963,0.000000,0.125393,0.000000,0.000000,0.085749,turn_off_alarm,1,1,1414,alarm,none,,,0.000000,1.000000,0,active,coursework,2.222214,8.262116,active,90,1,rain,24.000000
23,1124,3448252434,21,Day 1 23:34,active,coursework,2.222214,8.262116,active,0.186000,0.749073,1.000000,0.976333,0.128333,0.532667,0.388787,0.171000,0.000000,10,1,1,1,0,0,0,1,1,1,1,1,0,0,0,1,1,0.128136,0.000000,0.122954,0.000000,0.000000,0.000000,0.154910,0.174939,0.141832,0.000000,0.179187,0.000000,0.000000,0.000000,0.000000,0.098041,use_computer,1,30,1444,computer,none,,,0.000000,1.000000,0,active,coursework,2.222214,8.262116,active,90,1,rain,24.000000
23,1124,3448252434,22,Day 2 00:04,active,coursework,2.222214,8.262116,active,0.036000,0.863220,1.000000,0.966333,0.153333,0.552667,0.413902,0.251000,0.000000,10,1,1,1,0,0,0,1,1,1,1,1,0,0,0,1,1,0.093993,0.000000,0.092918,0.000000,0.000000,0.000000,0.136123,0.159180,0.115885,0.088500,0.144750,0.000000,0.000000,0.000000,0.090429,0.078222,idle,1,10,1454,,none,,,0.000000,1.000000,0,active,coursework,2.222214,8.262116,active,90,1,rain,24.000000
23,1124,3448252434,23,Day 2 00:14,active,coursework,2.222214,8.262116,active,0.159333,0.867220,1.000000,0.913000,0.161667,0.559333,0.432008,0.241000,0.000000,10,1,1,1,0,0,0,1,1,1,1,1,0,0,0,1,1,0.098509,0.000000,0.095885,0.000000,0.000000,0.000000,0.134292,0.157314,0.115140,0.088009,0.143383,0.000000,0.000000,0.000000,0.089423,0.078045,turn_light_on,1,1,1455,light,none,,,0.000000,1.000000,0,active,coursework,2.222214,8.262116,active,90,1,rain,24.000000
23,1124,3448252434,24,Day 2 00:15,active,coursework,2.222214,8.262116,active,0.159667,0.867620,1.000000,0.932667,0.162500,0.560000,0.432359,0.240000,0.000000,13,1,1,1,1,1,1,1,1,1,1,0,1,0,0,1,1,0.064537,0.000000,0.062817,0.135965,0.144443,0.092615,0.087937,0.103020,0.075442,0.057670,0.000000,0.065876,0.000000,0.000000,0.058564,0.051115,study_focused,1,35,1490,desk,none,,coursework,0.385005,0.910909,0,active,coursework,2.607219,8.262116,active,90,1,rain,24.000000
23,1124,3448252434,25,Day 2 00:50,active,coursework,2.607219,8.262116,active,0.191333,0.991620,0.851702,1.000000,0.191667,0.583333,0.394624,0.205000,0.000000,13,1,1,1,1,1,1,1,1,1,1,0,1,0,0,1,1,0.067480,0.000000,0.066069,0.117486,0.125401,0.087581,0.096092,0.115649,0.079213,0.060743,0.000000,0.069742,0.000000,0.000000,0.061252,0.053291,sleep_at_bed,1,480,1970,bed,none,alarm-rings,,0.000000,1.000000,0,suspended,coursework,2.607219,8.262116,active,90,1,rain,24.000000
23,1124,3448252434,26,Day 2 08:50,suspended,coursework,2.607219,8.262116,active,0.301333,0.717127,0.961978,0.920000,0.591667,0.903333,0.553686,0.000000,0.000000,14,1,1,1,1,1,1,1,1,1,1,0,1,1,0,1,1,0.073486,0.000000,0.069135,0.122392,0.129908,0.086074,0.074278,0.083419,0.095033,0.076062,0.000000,0.061376,0.077000,0.000000,0.000000,0.051836,use_computer,1,30,2000,computer,none,,,0.000000,1.000000,0,suspended,coursework,2.607219,8.262116,active,90,1,rain,24.000000
23,1124,3448252434,27,Day 2 09:20,suspended,coursework,2.607219,8.262116,active,0.151333,0.831274,1.000000,0.910000,0.616667,0.923333,0.577913,0.080000,0.000000,14,1,1,1,1,1,1,1,1,1,1,0,1,1,0,1,1,0.065772,0.000000,0.063748,0.123145,0.130616,0.084422,0.079644,0.092615,0.094741,0.076032,0.000000,0.062813,0.076071,0.000000,0.000000,0.050381,idle,1,10,2010,,none,,,0.000000,1.000000,0,suspended,coursework,2.607219,8.262116,active,90,1,rain,24.000000
23,1124,3448252434,28,Day 2 09:30,suspended,coursework,2.607219,8.262116,active,0.274667,0.835274,1.000000,0.856667,0.625000,0.930000,0.596019,0.070000,0.000000,14,1,1,1,1,1,1,1,1,1,1,0,1,1,0,1,1,0.068831,0.000000,0.065688,0.121858,0.128769,0.087932,0.078458,0.091396,0.093995,0.075500,0.000000,0.062003,0.075376,0.000000,0.000000,0.050194,study_halfhearted,1,35,2045,desk,none,,coursework,0.248375,0.979415,0,active,coursework,2.855594,8.262116,active,90,1,rain,24.000000
23,1124,3448252434,29,Day 2 10:05,active,coursework,2.855594,8.262116,active,0.336333,0.929274,0.920908,0.865000,0.654167,0.953333,0.588285,0.035000,0.000000,14,1,1,1,1,1,1,1,1,1,1,0,1,1,0,1,1,0.069175,0.000000,0.065986,0.120715,0.127636,0.088794,0.079651,0.094797,0.093341,0.075209,0.000000,0.061643,0.073599,0.000000,0.000000,0.049453,study_halfhearted,1,35,2080,desk,none,,coursework,0.251769,0.992798,0,active,coursework,3.107364,8.262116,active,90,1,rain,24.000000
23,1124,3448252434,30,Day 2 10:40,active,coursework,3.107364,8.262116,active,0.398000,1.000000,0.841815,0.873333,0.683333,0.976667,0.578394,0.000000,0.000000,14,1,1,1,1,1,1,1,1,1,1,0,1,1,0,1,1,0.068255,0.000000,0.064952,0.105172,0.111267,0.082075,0.078288,0.094620,0.090828,0.073413,0.000000,0.059724,0.070393,0.000000,0.053271,0.047743,turn_light_off,1,1,2081,light,none,,,0.000000,1.000000,0,active,coursework,3.107364,8.262116,active,90,1,rain,24.000000
23,1124,3448252434,31,Day 2 10:41,active,coursework,3.107364,8.262116,active,0.398333,1.000000,0.841815,0.893000,0.684167,0.977333,0.578622,0.000000,0.000000,11,1,1,1,0,0,0,1,1,1,1,1,0,1,0,1,1,0.094667,0.000000,0.090082,0.000000,0.000000,0.000000,0.108563,0.131214,0.126011,0.101859,0.109902,0.000000,0.097621,0.000000,0.073873,0.066209,use_computer,1,30,2111,computer,none,,,0.000000,1.000000,0,active,coursework,3.107364,8.262116,active,90,1,rain,24.000000
23,1124,3448252434,32,Day 2 11:11,active,coursework,3.107364,8.262116,active,0.248333,1.000000,0.942091,0.883000,0.709167,0.997333,0.600041,0.080000,0.000000,11,1,1,1,0,0,0,1,1,1,1,1,0,1,0,1,1,0.086643,0.000000,0.084130,0.000000,0.000000,0.000000,0.111072,0.135012,0.127236,0.103126,0.116080,0.000000,0.097633,0.000000,0.074061,0.065008,rest_at_bed,1,60,2171,bed,none,,,0.000000,1.000000,0,suspended,coursework,3.107364,8.262116,active,90,1,rain,24.000000
23,1124,3448252434,33,Day 2 12:11,suspended,coursework,3.107364,8.262116,active,0.308333,0.790593,1.000000,0.913000,0.759167,1.000000,0.632964,0.000000,0.000000,11,1,1,1,0,0,0,1,1,1,1,1,0,1,0,1,1,0.101885,0.000000,0.096360,0.000000,0.000000,0.000000,0.106755,0.122825,0.140929,0.117724,0.132951,0.000000,0.108570,0.000000,0.000000,0.072003,use_computer,1,30,2201,computer,none,,,0.000000,1.000000,0,suspended,coursework,3.107364,8.262116,active,90,1,rain,24.000000
23,1124,3448252434,34,Day 2 12:41,suspended,coursework,3.107364,8.262116,active,0.158333,0.904740,1.000000,0.903000,0.784167,1.000000,0.658079,0.080000,0.000000,11,1,1,1,0,0,0,1,1,1,1,1,0,1,0,1,1,0.091593,0.000000,0.089245,0.000000,0.000000,0.000000,0.114966,0.136967,0.139253,0.118197,0.131624,0.000000,0.107751,0.000000,0.000000,0.070404,get_meal,1,35,2236,door,none,weather-rain,,0.000000,1.000000,0,suspended,coursework,3.107364,8.262116,active,90,1,rain,24.000000
23,1124,3448252434,35,Day 2 13:16,suspended,coursework,3.107364,8.262116,active,0.130000,0.918740,1.000000,1.000000,0.263333,1.000000,0.670345,0.045000,0.000000,11,1,1,1,0,0,0,1,1,1,1,1,0,1,0,1,1,0.094297,0.000000,0.092275,0.000000,0.000000,0.000000,0.118474,0.141510,0.144330,0.087818,0.136551,0.000000,0.111919,0.000000,0.000000,0.072827,turn_light_on,1,1,2237,light,none,,,0.000000,1.000000,0,suspended,coursework,3.107364,8.262116,active,90,1,rain,24.000000
23,1124,3448252434,36,Day 2 13:17,suspended,coursework,3.107364,8.262116,active,0.130333,0.919140,1.000000,1.000000,0.264167,1.000000,0.670695,0.044000,0.000000,14,1,1,1,1,1,1,1,1,1,1,0,1,1,0,1,1,0.065042,0.000000,0.063645,0.122631,0.130892,0.087397,0.081678,0.097566,0.099519,0.060585,0.000000,0.063652,0.077176,0.000000,0.000000,0.050217,study_at_computer,1,35,2272,computer,none,,coursework,0.844180,0.992624,0,active,coursework,3.951544,8.262116,active,90,1,rain,24.000000
23,1124,3448252434,37,Day 2 13:52,active,coursework,3.951544,8.262116,active,0.162000,1.000000,0.851702,1.000000,0.293333,1.000000,0.632961,0.089000,0.000000,14,1,1,1,1,1,1,1,1,1,1,0,1,1,0,1,1,0.061477,0.000000,0.060361,0.109368,0.116735,0.079785,0.082188,0.100181,0.094237,0.058449,0.000000,0.061871,0.072599,0.000000,0.054793,0.047955,study_focused,1,35,2307,desk,none,,coursework,0.416636,0.985748,0,active,coursework,4.368179,8.262116,active,90,1,rain,24.000000
23,1124,3448252434,38,Day 2 14:27,active,coursework,4.368179,8.262116,active,0.193667,1.000000,0.703403,1.000000,0.322500,1.000000,0.591184,0.054000,0.000000,14,1,1,1,1,1,1,1,1,1,1,0,1,1,0,1,1,0.065338,0.000000,0.063863,0.097093,0.103633,0.076667,0.084680,0.102729,0.098003,0.061929,0.000000,0.063991,0.074951,0.000000,0.056830,0.050293,close_curtain,1,1,2308,window,none,,,0.000000,1.000000,0,active,coursework,4.368179,8.262116,active,90,1,rain,24.000000
23,1124,3448252434,39,Day 2 14:28,active,coursework,4.368179,8.262116,active,0.194000,1.000000,0.703403,1.000000,0.323333,1.000000,0.591303,0.053000,0.000000,14,1,1,1,1,1,1,1,1,1,1,0,1,1,1,0,1,0.069300,0.000000,0.067731,0.102944,0.109878,0.081293,0.089750,0.108874,0.103907,0.065695,0.000000,0.067835,0.079469,0.000000,0.000000,0.053325,study_halfhearted,1,35,2343,desk,none,,coursework,0.274683,1.083153,0,active,coursework,4.642862,8.262116,active,90,1,rain,24.000000
23,1124,3448252434,40,Day 2 15:03,active,coursework,4.642862,8.262116,active,0.255667,1.000000,0.624311,1.000000,0.352500,1.000000,0.575485,0.018000,0.000000,14,1,1,1,1,1,1,1,1,1,1,0,1,1,1,0,1,0.073006,0.000000,0.070761,0.096296,0.102783,0.080190,0.090254,0.109164,0.105660,0.068060,0.000000,0.068601,0.080586,0.000000,0.000000,0.054640,turn_light_off,1,1,2344,light,none,,,0.000000,1.000000,0,active,coursework,4.642862,8.262116,active,90,1,rain,24.000000
23,1124,3448252434,41,Day 2 15:04,active,coursework,4.642862,8.262116,active,0.256000,1.000000,0.624311,1.000000,0.353333,1.000000,0.575543,0.017000,0.000000,11,1,1,1,0,0,0,1,1,1,1,1,0,1,1,0,1,0.099717,0.000000,0.096645,0.000000,0.000000,0.000000,0.123188,0.148990,0.144267,0.092978,0.109578,0.000000,0.110032,0.000000,0.000000,0.074606,use_computer,1,30,2374,computer,none,,,0.000000,1.000000,0,active,coursework,4.642862,8.262116,active,90,1,rain,24.000000
23,1124,3448252434,42,Day 2 15:34,active,coursework,4.642862,8.262116,active,0.106000,1.000000,0.724587,0.990000,0.378333,1.000000,0.591881,0.097000,0.000000,11,1,1,1,0,0,0,1,1,1,1,1,0,1,1,0,1,0.091477,0.000000,0.090469,0.000000,0.000000,0.000000,0.126373,0.153660,0.144080,0.094353,0.115963,0.000000,0.110204,0.000000,0.000000,0.073422,use_phone,1,25,2399,phone,none,,,0.000000,1.000000,0,active,coursework,4.642862,8.262116,active,90,1,rain,24.000000
23,1124,3448252434,43,Day 2 15:59,active,coursework,4.642862,8.262116,active,0.000000,1.000000,0.844863,1.000000,0.399167,1.000000,0.609881,0.192000,0.085000,11,1,1,1,0,0,0,1,1,1,1,1,0,1,1,0,1,0.084743,0.000000,0.085060,0.000000,0.000000,0.000000,0.129389,0.158313,0.142879,0.094821,0.123257,0.000000,0.109630,0.000000,0.000000,0.071909,turn_off_alarm,1,1,2400,alarm,none,,,0.000000,1.000000,0,active,coursework,4.642862,8.262116,active,90,1,rain,24.000000
23,1124,3448252434,44,Day 2 16:00,active,coursework,4.642862,8.262116,active,0.000333,1.000000,0.844863,1.000000,0.400000,1.000000,0.590111,0.191000,0.084400,10,1,1,1,0,0,0,1,1,1,1,1,0,0,1,0,1,0.095213,0.000000,0.095563,0.000000,0.000000,0.000000,0.145472,0.177736,0.160473,0.106554,0.138224,0.000000,0.000000,0.000000,0.000000,0.080766,get_meal,1,35,2435,door,none,,,0.000000,1.000000,0,suspended,coursework,4.642862,8.262116,active,90,1,rain,24.000000
23,1124,3448252434,45,Day 2 16:35,suspended,coursework,4.642862,8.262116,active,0.000000,1.000000,0.844863,1.000000,0.000000,1.000000,0.598148,0.156000,0.063400,10,1,1,1,0,0,0,1,1,1,1,1,0,0,1,0,1,0.107688,0.000000,0.108037,0.000000,0.000000,0.000000,0.161277,0.196795,0.180200,0.000000,0.155311,0.000000,0.000000,0.000000,0.000000,0.090692,sleep_at_bed,1,480,2915,bed,none,room-temperature-shift|message-study-group|task-reminder|evening,,0.000000,1.000000,0,suspended,coursework,4.642862,8.262116,active,90,2,rain,24.000000
23,1124,3448252434,46,Day 3 00:35,suspended,coursework,4.642862,8.262116,active,0.080000,0.725507,1.000000,0.920000,0.400000,1.000000,0.772972,0.000000,0.000000,10,1,1,1,0,0,0,1,1,1,1,1,0,0,1,0,1,0.109875,0.000000,0.106398,0.000000,0.000000,0.000000,0.121563,0.138926,0.167682,0.111340,0.159901,0.000000,0.000000,0.000000,0.000000,0.084314,use_computer,1,30,2945,computer,none,,,0.000000,1.000000,0,suspended,coursework,4.642862,8.262116,active,90,2,rain,24.000000
23,1124,3448252434,47,Day 3 01:05,suspended,coursework,4.642862,8.262116,active,0.000000,0.839654,1.000000,0.910000,0.425000,1.000000,0.798087,0.080000,0.000000,10,1,1,1,0,0,0,1,1,1,1,1,0,0,1,0,1,0.101235,0.000000,0.100098,0.000000,0.000000,0.000000,0.129970,0.153807,0.164494,0.110983,0.157165,0.000000,0.000000,0.000000,0.000000,0.082250,get_meal,1,35,2980,door,none,,,0.000000,1.000000,0,suspended,coursework,4.642862,8.262116,active,90,2,rain,24.000000
23,1124,3448252434,48,Day 3 01:40,suspended,coursework,4.642862,8.262116,active,0.000000,0.853654,1.000000,1.000000,0.000000,1.000000,0.810353,0.045000,0.000000,10,1,1,1,0,0,0,1,1,1,1,1,0,0,1,0,1,0.114547,0.000000,0.113339,0.000000,0.000000,0.000000,0.145319,0.172414,0.184981,0.000000,0.176906,0.000000,0.000000,0.000000,0.000000,0.092494,sleep_at_bed,1,480,3460,bed,none,alarm-rings,,0.000000,1.000000,0,suspended,coursework,4.642862,8.262116,active,90,2,rain,24.000000
23,1124,3448252434,49,Day 3 09:40,suspended,coursework,4.642862,8.262116,active,0.110000,0.579161,1.000000,0.920000,0.400000,1.000000,1.000000,0.000000,0.000000,11,1,1,1,0,0,0,1,1,1,1,1,0,1,1,0,1,0.113328,0.000000,0.107989,0.000000,0.000000,0.000000,0.111368,0.000000,0.168526,0.111901,0.163538,0.000000,0.138433,0.000000,0.000000,0.084917,turn_light_on,1,1,3461,light,none,,,0.000000,1.000000,0,suspended,coursework,4.642862,8.262116,active,90,2,rain,24.000000
23,1124,3448252434,50,Day 3 09:41,suspended,coursework,4.642862,8.262116,active,0.110333,0.579561,1.000000,0.939667,0.400833,1.000000,1.000000,0.000000,0.000000,14,1,1,1,1,1,1,1,1,1,1,0,1,1,1,0,1,0.072034,0.000000,0.068640,0.146653,0.155873,0.102995,0.070795,0.000000,0.107107,0.071157,0.000000,0.062794,0.087982,0.000000,0.000000,0.053971,get_meal,1,35,3496,door,none,,,0.000000,1.000000,0,suspended,coursework,4.642862,8.262116,active,90,2,rain,24.000000
23,1124,3448252434,51,Day 3 10:16,suspended,coursework,4.642862,8.262116,active,0.082000,0.593561,1.000000,1.000000,0.000000,1.000000,1.000000,0.000000,0.000000,14,1,1,1,1,1,1,1,1,1,1,0,1,1,1,0,1,0.076453,0.000000,0.073199,0.157465,0.168072,0.112273,0.076762,0.000000,0.115286,0.000000,0.000000,0.067813,0.094700,0.000000,0.000000,0.057977,turn_light_off,1,1,3497,light,none,,,0.000000,1.000000,0,suspended,coursework,4.642862,8.262116,active,90,2,rain,24.000000
23,1124,3448252434,52,Day 3 10:17,suspended,coursework,4.642862,8.262116,active,0.082333,0.593961,1.000000,1.000000,0.000833,1.000000,1.000000,0.000000,0.000000,11,1,1,1,0,0,0,1,1,1,1,1,0,1,1,0,1,0.126115,0.000000,0.120748,0.000000,0.000000,0.000000,0.126638,0.000000,0.190151,0.000000,0.184522,0.000000,0.156197,0.000000,0.000000,0.095628,turn_light_on,1,1,3498,light,none,,,0.000000,1.000000,0,suspended,coursework,4.642862,8.262116,active,90,2,rain,24.000000
23,1124,3448252434,53,Day 3 10:18,suspended,coursework,4.642862,8.262116,active,0.082667,0.594361,1.000000,1.000000,0.001667,1.000000,1.000000,0.000000,0.000000,14,1,1,1,1,1,1,1,1,1,1,0,1,1,1,0,1,0.076101,0.000000,0.072861,0.156682,0.167237,0.116528,0.076423,0.000000,0.114728,0.000000,0.000000,0.067498,0.094242,0.000000,0.000000,0.057699,use_computer,1,30,3528,computer,none,,,0.000000,1.000000,0,suspended,coursework,4.642862,8.262116,active,90,2,rain,24.000000
23,1124,3448252434,54,Day 3 10:48,suspended,coursework,4.642862,8.262116,active,0.000000,0.708508,1.000000,0.990000,0.026667,1.000000,1.000000,0.080000,0.000000,14,1,1,1,1,1,1,1,1,1,1,0,1,1,1,0,1,0.065439,0.000000,0.063997,0.140788,0.150166,0.105817,0.076485,0.088799,0.105167,0.000000,0.000000,0.064367,0.086388,0.000000,0.000000,0.052586,study_at_computer,1,35,3563,computer,none,,coursework,0.814685,0.957942,0,active,coursework,5.457547,8.262116,active,90,2,rain,24.000000
23,1124,3448252434,55,Day 3 11:23,active,coursework,5.457547,8.262116,active,0.031667,0.833715,0.851702,1.000000,0.055833,1.000000,0.962266,0.125000,0.000000,14,1,1,1,1,1,1,1,1,1,1,0,1,1,1,0,1,0.066105,0.000000,0.065109,0.133652,0.142656,0.091034,0.084504,0.101243,0.106829,0.000000,0.000000,0.067823,0.087176,0.000000,0.000000,0.053869,study_focused,1,35,3598,desk,none,,coursework,0.460631,1.089839,0,active,coursework,5.918178,8.262116,active,90,2,rain,24.000000
23,1124,3448252434,56,Day 3 11:58,active,coursework,5.918178,8.262116,active,0.063333,0.957715,0.703403,1.000000,0.085000,1.000000,0.920489,0.090000,0.000000,14,1,1,1,1,1,1,1,1,1,1,0,1,1,1,0,1,0.069385,0.000000,0.068743,0.115866,0.123671,0.086389,0.092721,0.114091,0.110866,0.000000,0.000000,0.072078,0.089812,0.000000,0.000000,0.056378,study_focused,1,35,3633,desk,none,message-study-group,coursework,0.452745,1.071182,0,active,coursework,6.370923,8.262116,active,90,3,rain,24.000000
23,1124,3448252434,57,Day 3 12:33,active,coursework,6.370923,8.262116,active,0.095000,1.000000,0.634198,1.000000,0.114167,1.000000,0.924670,0.055000,0.000000,14,1,1,1,1,1,1,1,1,1,1,0,1,1,1,0,1,0.071710,0.000000,0.070977,0.108775,0.116102,0.084713,0.095013,0.117989,0.112516,0.000000,0.000000,0.073478,0.091216,0.000000,0.000000,0.057511,study_halfhearted,1,35,3668,desk,none,,coursework,0.277131,1.092806,0,active,coursework,6.648054,8.262116,active,90,3,rain,24.000000
23,1124,3448252434,58,Day 3 13:08,active,coursework,6.648054,8.262116,active,0.156667,1.000000,0.555105,1.000000,0.143333,1.000000,0.906965,0.020000,0.000000,14,1,1,1,1,1,1,1,1,1,1,0,1,1,1,0,1,0.071134,0.000000,0.069823,0.095785,0.102237,0.078673,0.089980,0.111396,0.107734,0.060712,0.000000,0.069969,0.087069,0.000000,0.000000,0.055489,get_meal,1,35,3703,door,none,weather-clear,,0.000000,1.000000,0,suspended,coursework,6.648054,8.262116,active,90,3,clear,24.000000
23,1124,3448252434,59,Day 3 13:43,suspended,coursework,6.648054,8.262116,active,0.128333,1.000000,0.555105,1.000000,0.000000,1.000000,0.907104,0.000000,0.000000,14,1,1,1,1,1,1,1,1,1,1,0,1,1,1,0,1,0.077778,0.000000,0.076598,0.094465,0.100828,0.077037,0.098550,0.121878,0.118824,0.000000,0.000000,0.076929,0.096034,0.000000,0.000000,0.061079,study_at_computer,1,35,3738,computer,none,,coursework,0.777836,0.914614,0,active,coursework,7.425890,8.262116,active,90,3,clear,24.000000
23,1124,3448252434,60,Day 3 14:18,active,coursework,7.425890,8.262116,active,0.160000,1.000000,0.406807,1.000000,0.029167,1.000000,0.857244,0.045000,0.000000,14,1,1,1,1,1,1,1,1,1,1,0,1,1,1,0,1,0.078294,0.000000,0.076845,0.090233,0.096312,0.079689,0.100630,0.124310,0.119022,0.000000,0.000000,0.077605,0.095359,0.000000,0.000000,0.061699,study_halfhearted,1,35,3773,desk,none,,coursework,0.236253,0.931611,0,active,coursework,7.662143,8.262116,active,90,3,clear,24.000000
23,1124,3448252434,61,Day 3 14:53,active,coursework,7.662143,8.262116,active,0.221667,1.000000,0.327715,1.000000,0.058333,1.000000,0.837244,0.010000,0.000000,14,1,1,1,1,1,1,1,1,1,1,0,1,1,1,0,1,0.082401,0.000000,0.080205,0.084275,0.089952,0.078506,0.101126,0.124521,0.120913,0.000000,0.000000,0.078405,0.096536,0.000000,0.000000,0.063159,study_focused,1,35,3808,desk,none,,coursework,0.457539,1.082523,0,active,coursework,8.119682,8.262116,active,90,3,clear,24.000000
23,1124,3448252434,62,Day 3 15:28,active,coursework,8.119682,8.262116,active,0.253333,1.000000,0.179416,1.000000,0.087500,1.000000,0.787244,0.000000,0.000000,14,1,1,1,1,1,1,1,1,1,1,0,1,1,1,0,1,0.086384,0.000000,0.083732,0.074100,0.079092,0.074754,0.104280,0.127889,0.124684,0.000000,0.000000,0.080723,0.098681,0.000000,0.000000,0.065681,sleep_at_bed,1,111,3919,bed,none,task-reminder|room-temperature-shift,,0.000000,1.000000,0,suspended,coursework,8.119682,8.262116,active,90,3,clear,17.000000
23,1124,3448252434,63,Day 3 17:19,suspended,coursework,8.119682,8.262116,active,0.210333,0.649385,0.289692,0.983000,0.180000,1.000000,0.801845,0.000000,0.000000,14,1,1,1,1,1,1,1,1,1,1,0,1,1,1,0,1,0.085131,0.000000,0.080565,0.077147,0.082246,0.070802,0.084582,0.095008,0.121668,0.070190,0.000000,0.072516,0.096540,0.000000,0.000000,0.063605,go_to_bathroom,1,15,3934,door,none,,,0.000000,1.000000,0,suspended,coursework,8.119682,8.262116,active,90,3,clear,17.000000
23,1124,3448252434,64,Day 3 17:34,suspended,coursework,8.119682,8.262116,active,0.215333,0.655385,0.289692,1.000000,0.192500,0.390000,0.801845,0.000000,0.000000,14,1,1,1,1,1,1,1,1,1,1,0,1,1,1,0,1,0.088596,0.000000,0.083833,0.080061,0.085454,0.075170,0.088146,0.099162,0.084241,0.073503,0.000000,0.075441,0.100292,0.000000,0.000000,0.066100,use_computer,1,30,3964,computer,none,evening,,0.000000,1.000000,0,suspended,coursework,8.119682,8.262116,active,90,3,clear,17.000000
23,1124,3448252434,65,Day 3 18:04,suspended,coursework,8.119682,8.262116,active,0.065333,0.769532,0.389968,0.990000,0.217500,0.410000,0.816447,0.080000,0.000000,14,1,1,1,1,1,1,1,1,1,1,0,1,1,1,0,1,0.078320,0.000000,0.076349,0.084704,0.090346,0.075371,0.093413,0.108738,0.082949,0.072569,0.000000,0.076256,0.097697,0.000000,0.000000,0.063289,use_phone,1,25,3989,phone,none,,,0.000000,1.000000,0,suspended,coursework,8.119682,8.262116,active,90,3,clear,17.000000
23,1124,3448252434,66,Day 3 18:29,suspended,coursework,8.119682,8.262116,active,0.000000,0.862081,0.510244,1.000000,0.238333,0.426667,0.831049,0.175000,0.085000,14,1,1,1,1,1,1,1,1,1,1,0,1,1,1,0,1,0.070903,0.000000,0.070332,0.090605,0.096708,0.077183,0.097090,0.116397,0.080415,0.070509,0.000000,0.075851,0.093908,0.000000,0.000000,0.060099,study_at_computer,1,35,4024,computer,none,task-completed,coursework,0.833405,0.979954,0,none,,8.262116,8.262116,completed,90,3,clear,17.000000
23,1124,3448252434,67,Day 3 19:04,none,,8.262116,8.262116,completed,0.031667,0.987288,0.000000,1.000000,0.267500,0.450000,0.231049,0.220000,0.064000,11,1,1,1,0,0,0,1,1,1,1,0,1,1,1,0,1,0.092811,0.000000,0.092721,0.000000,0.000000,0.000000,0.144574,0.171967,0.107505,0.094556,0.000000,0.103566,0.111303,0.000000,0.000000,0.080997,use_computer,1,30,4054,computer,none,,,0.000000,1.000000,0,none,,8.262116,8.262116,completed,90,3,clear,17.000000
23,1124,3448252434,68,Day 3 19:34,none,,8.262116,8.262116,completed,0.000000,1.000000,0.000000,0.990000,0.292500,0.470000,0.231049,0.300000,0.046000,11,1,1,1,0,0,0,1,1,1,1,0,1,1,1,0,1,0.088840,0.000000,0.089307,0.000000,0.000000,0.000000,0.147958,0.177301,0.107699,0.094981,0.000000,0.103990,0.110030,0.000000,0.000000,0.079894,rest_at_bed,1,60,4114,bed,none,,,0.000000,1.000000,0,none,,8.262116,8.262116,completed,90,3,clear,17.000000
23,1124,3448252434,69,Day 3 20:34,none,,8.262116,8.262116,completed,0.060000,0.790593,0.000000,1.000000,0.342500,0.510000,0.231049,0.100000,0.010000,11,1,1,1,0,0,0,1,1,1,1,0,1,1,1,0,1,0.102093,0.000000,0.099796,0.000000,0.000000,0.000000,0.130251,0.146471,0.116537,0.103327,0.000000,0.101057,0.115934,0.000000,0.000000,0.084535,get_meal,1,35,4149,door,none,,,0.000000,1.000000,0,none,,8.262116,8.262116,completed,90,3,clear,17.000000
23,1124,3448252434,70,Day 3 21:09,none,,8.262116,8.262116,completed,0.031667,0.804593,0.000000,1.000000,0.000000,0.533333,0.231049,0.065000,0.000000,11,1,1,1,0,0,0,1,1,1,1,0,1,1,1,0,1,0.113171,0.000000,0.111100,0.000000,0.000000,0.000000,0.144647,0.162939,0.132086,0.000000,0.000000,0.112529,0.129379,0.000000,0.000000,0.094152,turn_off_alarm,1,1,4150,alarm,none,,,0.000000,1.000000,0,none,,8.262116,8.262116,completed,90,3,clear,17.000000
23,1124,3448252434,71,Day 3 21:10,none,,8.262116,8.262116,completed,0.032000,0.804993,0.000000,1.000000,0.000833,0.534000,0.211049,0.064000,0.000000,10,1,1,1,0,0,0,1,1,1,1,0,1,0,1,0,1,0.129987,0.000000,0.127606,0.000000,0.000000,0.000000,0.166295,0.187072,0.151731,0.000000,0.000000,0.129199,0.000000,0.000000,0.000000,0.108109,go_to_bathroom,1,15,4165,door,none,,,0.000000,1.000000,0,none,,8.262116,8.262116,completed,90,3,clear,17.000000
23,1124,3448252434,72,Day 3 21:25,none,,8.262116,8.262116,completed,0.037000,0.810993,0.000000,1.000000,0.013333,0.000000,0.211049,0.049000,0.000000,10,1,1,1,0,0,0,1,1,1,1,0,1,0,1,0,1,0.153896,0.000000,0.151024,0.000000,0.000000,0.000000,0.195506,0.220094,0.000000,0.000000,0.000000,0.152069,0.000000,0.000000,0.000000,0.127411,turn_light_off,1,1,4166,light,none,,,0.000000,1.000000,0,none,,8.262116,8.262116,completed,90,3,clear,17.000000
23,1124,3448252434,73,Day 3 21:26,none,,8.262116,8.262116,completed,0.037333,0.811393,0.000000,1.000000,0.014167,0.000667,0.211049,0.048000,0.000000,10,1,1,1,0,0,0,1,1,1,1,1,0,0,1,0,1,0.181544,0.000000,0.178153,0.000000,0.000000,0.000000,0.230522,0.259526,0.000000,0.000000,0.000000,0.000000,0.000000,0.000000,0.000000,0.150255,sleep_at_bed,1,480,4646,bed,none,,,0.000000,1.000000,0,none,,8.262116,8.262116,completed,90,3,clear,17.000000
23,1124,3448252434,74,Day 4 05:26,none,,8.262116,8.262116,completed,0.117333,0.536900,0.000000,0.920000,0.414167,0.320667,0.211049,0.000000,0.000000,10,1,1,1,0,0,0,1,1,1,1,1,0,0,1,0,1,0.176575,0.000000,0.167504,0.000000,0.000000,0.000000,0.178114,0.000000,0.165973,0.174732,0.000000,0.000000,0.000000,0.000000,0.000000,0.137102,use_computer,1,30,4676,computer,none,,,0.000000,1.000000,0,none,,8.262116,8.262116,completed,90,3,clear,17.000000
23,1124,3448252434,75,Day 4 05:56,none,,8.262116,8.262116,completed,0.000000,0.651047,0.000000,0.910000,0.439167,0.340667,0.211049,0.080000,0.000000,10,1,1,1,0,0,0,1,1,1,1,1,0,0,1,0,1,0.134921,0.000000,0.131313,0.000000,0.000000,0.000000,0.160914,0.174238,0.139178,0.146915,0.000000,0.000000,0.000000,0.000000,0.000000,0.112521,sleep_at_bed,1,480,5156,bed,none,alarm-rings|weather-clear,,0.000000,1.000000,0,none,,8.262116,8.262116,completed,90,3,clear,17.000000
23,1124,3448252434,76,Day 4 13:56,none,,8.262116,8.262116,completed,0.110000,0.376554,0.000000,0.830000,0.839167,0.660667,0.242731,0.000000,0.000000,11,1,1,1,0,0,0,1,1,1,1,1,0,1,1,0,1,0.140349,0.000000,0.131483,0.000000,0.000000,0.000000,0.128560,0.000000,0.163733,0.180397,0.000000,0.000000,0.147655,0.000000,0.000000,0.107822,rest_at_bed,1,60,5216,bed,none,,,0.000000,1.000000,0,none,,8.262116,8.262116,completed,90,3,clear,17.000000
23,1124,3448252434,77,Day 4 14:56,none,,8.262116,8.262116,completed,0.170000,0.167147,0.000000,0.860000,0.889167,0.700667,0.242731,0.000000,0.000000,11,1,1,1,0,0,0,1,1,1,1,1,0,1,1,0,1,0.164704,0.000000,0.150459,0.000000,0.000000,0.000000,0.000000,0.000000,0.188674,0.208992,0.000000,0.000000,0.165679,0.000000,0.000000,0.121492,idle,1,10,5226,,none,message-study-group,,0.000000,1.000000,0,none,,8.262116,8.262116,completed,90,4,clear,17.000000
23,1124,3448252434,78,Day 4 15:06,none,,8.262116,8.262116,completed,0.293333,0.171147,0.000000,0.806667,0.897500,0.707333,0.242731,0.000000,0.000000,11,1,1,1,0,0,0,1,1,1,1,1,0,1,1,0,1,0.170954,0.000000,0.153788,0.000000,0.000000,0.000000,0.000000,0.000000,0.186045,0.206263,0.000000,0.000000,0.162648,0.000000,0.000000,0.120302,turn_off_alarm,1,1,5227,alarm,none,,,0.000000,1.000000,0,none,,8.262116,8.262116,completed,90,4,clear,17.000000
23,1124,3448252434,79,Day 4 15:07,none,,8.262116,8.262116,completed,0.293667,0.171547,0.000000,0.836333,0.898333,0.708000,0.222731,0.000000,0.000000,10,1,1,1,0,0,0,1,1,1,1,1,0,0,1,0,1,0.177186,0.000000,0.159393,0.000000,0.000000,0.000000,0.131985,0.000000,0.192890,0.213871,0.000000,0.000000,0.000000,0.000000,0.000000,0.124675,use_phone,1,25,5252,phone,none,room-temperature-shift,,0.000000,1.000000,0,none,,8.262116,8.262116,completed,90,4,clear,24.000000
23,1124,3448252434,80,Day 4 15:32,none,,8.262116,8.262116,completed,0.082000,0.264097,0.000000,0.868000,0.919167,0.724667,0.222731,0.095000,0.085000,10,1,1,1,0,0,0,1,1,1,1,1,0,0,1,0,1,0.159674,0.000000,0.148909,0.000000,0.000000,0.000000,0.146094,0.000000,0.198944,0.221076,0.000000,0.000000,0.000000,0.000000,0.000000,0.125303,rest_at_bed,1,60,5312,bed,none,,,0.000000,1.000000,0,none,,8.262116,8.262116,completed,90,4,clear,24.000000
23,1124,3448252434,81,Day 4 16:32,none,,8.262116,8.262116,completed,0.142000,0.054690,0.000000,0.898000,0.969167,0.764667,0.222731,0.000000,0.049000,10,1,1,1,0,0,0,1,1,1,1,1,0,0,1,0,1,0.192829,0.000000,0.175120,0.000000,0.000000,0.000000,0.000000,0.000000,0.231258,0.258365,0.000000,0.000000,0.000000,0.000000,0.000000,0.142428,go_to_bathroom,1,15,5327,door,none,,,0.000000,1.000000,0,none,,8.262116,8.262116,completed,90,4,clear,24.000000
23,1124,3448252434,82,Day 4 16:47,none,,8.262116,8.262116,completed,0.147000,0.060690,0.000000,0.973268,0.981667,0.154667,0.222731,0.000000,0.040000,10,1,1,1,0,0,0,1,1,1,1,1,0,0,1,0,1,0.208692,0.000000,0.189501,0.000000,0.000000,0.000000,0.000000,0.000000,0.166516,0.281365,0.000000,0.000000,0.000000,0.000000,0.000000,0.153926,get_meal,1,35,5362,door,none,,,0.000000,1.000000,0,none,,8.262116,8.262116,completed,90,4,clear,24.000000
23,1124,3448252434,83,Day 4 17:22,none,,8.262116,8.262116,completed,0.118667,0.074690,0.000000,1.000000,0.460833,0.178000,0.222731,0.000000,0.019000,10,1,1,1,0,0,0,1,1,1,1,1,0,0,1,0,1,0.224169,0.000000,0.204530,0.000000,0.000000,0.000000,0.000000,0.000000,0.184233,0.219719,0.000000,0.000000,0.000000,0.000000,0.000000,0.167349,use_phone,1,25,5387,phone,none,,,0.000000,1.000000,0,none,,8.262116,8.262116,completed,90,4,clear,24.000000
23,1124,3448252434,84,Day 4 17:47,none,,8.262116,8.262116,completed,0.000000,0.167239,0.000000,1.000000,0.481667,0.194667,0.222731,0.095000,0.104000,10,1,1,1,0,0,0,1,1,1,1,1,0,0,1,0,1,0.178162,0.000000,0.166535,0.000000,0.000000,0.000000,0.159519,0.000000,0.160645,0.192016,0.000000,0.000000,0.000000,0.000000,0.000000,0.143123,use_phone,1,25,5412,phone,none,evening,,0.000000,1.000000,0,none,,8.262116,8.262116,completed,90,4,clear,24.000000
23,1124,3448252434,85,Day 4 18:12,none,,8.262116,8.262116,completed,0.000000,0.259788,0.000000,1.000000,0.502500,0.211333,0.222731,0.190000,0.189000,10,1,1,1,0,0,0,1,1,1,1,1,0,0,1,0,1,0.147610,0.139689,0.139237,0.000000,0.000000,0.000000,0.147448,0.000000,0.138360,0.165747,0.000000,0.000000,0.000000,0.000000,0.000000,0.121909,use_phone,1,25,5437,phone,none,,,0.000000,1.000000,0,none,,8.262116,8.262116,completed,90,4,clear,24.000000
23,1124,3448252434,86,Day 4 18:37,none,,8.262116,8.262116,completed,0.000000,0.352337,0.000000,1.000000,0.523333,0.228000,0.222731,0.285000,0.274000,10,1,1,1,0,0,0,1,1,1,1,1,0,0,1,0,1,0.141062,0.145212,0.134276,0.000000,0.000000,0.000000,0.157202,0.000000,0.137450,0.165025,0.000000,0.000000,0.000000,0.000000,0.000000,0.119772,rest_at_bed,1,60,5497,bed,none,,,0.000000,1.000000,0,none,,8.262116,8.262116,completed,90,4,clear,24.000000
23,1124,3448252434,87,Day 4 19:37,none,,8.262116,8.262116,completed,0.060000,0.142931,0.000000,1.000000,0.573333,0.268000,0.222731,0.085000,0.238000,10,1,1,1,0,0,0,1,1,1,1,1,0,0,1,0,1,0.153608,0.141943,0.142181,0.000000,0.000000,0.000000,0.131135,0.000000,0.140933,0.170115,0.000000,0.000000,0.000000,0.000000,0.000000,0.120085,get_meal,1,35,5532,door,none,,,0.000000,1.000000,0,none,,8.262116,8.262116,completed,90,4,clear,24.000000
23,1124,3448252434,88,Day 4 20:12,none,,8.262116,8.262116,completed,0.031667,0.156931,0.000000,1.000000,0.052500,0.291333,0.222731,0.050000,0.217000,10,1,1,1,0,0,0,1,1,1,1,1,0,0,1,0,1,0.184345,0.168899,0.171364,0.000000,0.000000,0.000000,0.157660,0.000000,0.172934,0.000000,0.000000,0.000000,0.000000,0.000000,0.000000,0.144797,idle,1,10,5542,,none,,,0.000000,1.000000,0,none,,8.262116,8.262116,completed,90,4,clear,24.000000
23,1124,3448252434,89,Day 4 20:22,none,,8.262116,8.262116,completed,0.155000,0.160931,0.000000,0.946667,0.060833,0.298000,0.222731,0.040000,0.211000,10,1,1,1,0,0,0,1,1,1,1,1,0,0,1,0,1,0.191401,0.165782,0.175188,0.000000,0.000000,0.000000,0.154284,0.000000,0.170221,0.000000,0.000000,0.000000,0.000000,0.000000,0.000000,0.143124,rest_at_bed,1,60,5602,bed,none,,,0.000000,1.000000,0,none,,8.262116,8.262116,completed,90,4,clear,24.000000
23,1124,3448252434,90,Day 4 21:22,none,,8.262116,8.262116,completed,0.215000,0.000000,0.000000,0.976667,0.110833,0.338000,0.222731,0.000000,0.175000,10,1,1,1,0,0,0,1,1,1,1,1,0,0,1,0,1,0.233244,0.188301,0.208904,0.000000,0.000000,0.000000,0.000000,0.000000,0.202808,0.000000,0.000000,0.000000,0.000000,0.000000,0.000000,0.166743,use_computer,1,30,5632,computer,none,,,0.000000,1.000000,0,none,,8.262116,8.262116,completed,90,4,clear,24.000000
23,1124,3448252434,91,Day 4 21:52,none,,8.262116,8.262116,completed,0.065000,0.114147,0.000000,0.966667,0.135833,0.358000,0.222731,0.080000,0.157000,10,1,1,1,0,0,0,1,1,1,1,1,0,0,1,0,1,0.220282,0.191832,0.203259,0.000000,0.000000,0.000000,0.000000,0.000000,0.213345,0.000000,0.000000,0.000000,0.000000,0.000000,0.000000,0.171283,go_to_bathroom,1,15,5647,door,none,,,0.000000,1.000000,0,none,,8.262116,8.262116,completed,90,4,clear,24.000000
23,1124,3448252434,92,Day 4 22:07,none,,8.262116,8.262116,completed,0.070000,0.120147,0.000000,1.000000,0.148333,0.000000,0.222731,0.065000,0.148000,10,1,1,1,0,0,0,1,1,1,1,1,0,0,1,0,1,0.227629,0.196127,0.209966,0.000000,0.000000,0.000000,0.000000,0.000000,0.000000,0.190089,0.000000,0.000000,0.000000,0.000000,0.000000,0.176190,get_meal,1,35,5682,door,none,,,0.000000,1.000000,0,none,,8.262116,8.262116,completed,90,4,clear,24.000000
23,1124,3448252434,93,Day 4 22:42,none,,8.262116,8.262116,completed,0.041667,0.134147,0.000000,1.000000,0.000000,0.023333,0.222731,0.030000,0.127000,10,1,1,1,0,0,0,1,1,1,1,1,0,0,1,0,1,0.281029,0.240081,0.260337,0.000000,0.000000,0.000000,0.000000,0.000000,0.000000,0.000000,0.000000,0.000000,0.000000,0.000000,0.000000,0.218553,use_phone,1,25,5707,phone,none,,,0.000000,1.000000,0,none,,8.262116,8.262116,completed,90,4,clear,24.000000
23,1124,3448252434,94,Day 4 23:07,none,,8.262116,8.262116,completed,0.000000,0.226696,0.000000,1.000000,0.020833,0.040000,0.222731,0.125000,0.212000,10,1,1,1,0,0,0,1,1,1,1,1,0,0,1,0,1,0.215445,0.203653,0.202476,0.000000,0.000000,0.000000,0.203389,0.000000,0.000000,0.000000,0.000000,0.000000,0.000000,0.000000,0.000000,0.175036,idle,1,10,5717,,none,,,0.000000,1.000000,0,none,,8.262116,8.262116,completed,90,4,clear,24.000000
23,1124,3448252434,95,Day 4 23:17,none,,8.262116,8.262116,completed,0.123333,0.230696,0.000000,0.946667,0.029167,0.046667,0.222731,0.115000,0.206000,10,1,1,1,0,0,0,1,1,1,1,1,0,0,1,0,1,0.223106,0.199371,0.206451,0.000000,0.000000,0.000000,0.198512,0.000000,0.000000,0.000000,0.000000,0.000000,0.000000,0.000000,0.000000,0.172560,use_computer,1,30,5747,computer,none,,,0.000000,1.000000,0,none,,8.262116,8.262116,completed,90,4,clear,24.000000
23,1124,3448252434,96,Day 4 23:47,none,,8.262116,8.262116,completed,0.000000,0.344843,0.000000,0.936667,0.054167,0.066667,0.222731,0.195000,0.188000,10,1,1,1,0,0,0,1,1,1,1,1,0,0,1,0,1,0.208719,0.199010,0.198303,0.000000,0.000000,0.000000,0.220174,0.000000,0.000000,0.000000,0.000000,0.000000,0.000000,0.000000,0.000000,0.173794,shop_on_phone,1,20,5767,phone,none,,,0.000000,1.000000,0,none,,8.262116,8.262116,completed,60,4,clear,24.000000
23,1124,3448252434,97,Day 5 00:07,none,,8.262116,8.262116,completed,0.006667,0.354453,0.000000,1.000000,0.070833,0.080000,0.222731,0.255000,0.000000,10,1,1,1,0,0,0,1,1,1,1,1,0,0,1,0,1,0.257298,0.000000,0.244652,0.000000,0.000000,0.000000,0.281474,0.000000,0.000000,0.000000,0.000000,0.000000,0.000000,0.000000,0.000000,0.216576,use_computer,1,30,5797,computer,none,,,0.000000,1.000000,0,none,,8.262116,8.262116,completed,60,4,clear,24.000000
23,1124,3448252434,98,Day 5 00:37,none,,8.262116,8.262116,completed,0.000000,0.468599,0.000000,0.990000,0.095833,0.100000,0.222731,0.335000,0.000000,10,1,1,1,0,0,0,1,1,1,1,1,0,0,1,0,1,0.186980,0.000000,0.179855,0.000000,0.000000,0.000000,0.229986,0.241173,0.000000,0.000000,0.000000,0.000000,0.000000,0.000000,0.000000,0.162006,use_computer,1,30,5827,computer,none,,,0.000000,1.000000,0,none,,8.262116,8.262116,completed,60,4,clear,24.000000
23,1124,3448252434,99,Day 5 01:07,none,,8.262116,8.262116,completed,0.000000,0.582746,0.000000,0.980000,0.120833,0.120000,0.222731,0.415000,0.000000,10,1,1,1,0,0,0,1,1,1,1,1,0,0,1,0,1,0.174364,0.000000,0.169523,0.000000,0.000000,0.000000,0.240409,0.260594,0.000000,0.000000,0.000000,0.000000,0.000000,0.000000,0.000000,0.155110,idle,1,10,5837,,none,,,0.000000,1.000000,0,none,,8.262116,8.262116,completed,60,4,clear,24.000000
23,1124,3448252434,100,Day 5 01:17,none,,8.262116,8.262116,completed,0.123333,0.586746,0.000000,0.926667,0.129167,0.126667,0.222731,0.405000,0.000000,10,1,1,1,0,0,0,1,1,1,1,1,0,0,1,0,1,0.181390,0.000000,0.173642,0.000000,0.000000,0.000000,0.235718,0.255634,0.000000,0.000000,0.000000,0.000000,0.000000,0.000000,0.000000,0.153615,sleep_at_bed,1,480,6317,bed,none,alarm-rings,,0.000000,1.000000,0,none,,8.262116,8.262116,completed,60,4,clear,24.000000
23,1124,3448252434,101,Day 5 09:17,none,,8.262116,8.262116,completed,0.233333,0.312253,0.000000,0.846667,0.529167,0.446667,0.254412,0.000000,0.000000,11,1,1,1,0,0,0,1,1,1,1,1,0,1,1,0,1,0.155944,0.000000,0.143044,0.000000,0.000000,0.000000,0.129772,0.000000,0.148386,0.154616,0.000000,0.000000,0.154600,0.000000,0.000000,0.113638,use_phone,1,25,6342,phone,none,message-study-group,,0.000000,1.000000,0,none,,8.262116,8.262116,completed,60,5,clear,24.000000
23,1124,3448252434,102,Day 5 09:42,none,,8.262116,8.262116,completed,0.021667,0.404802,0.000000,0.878333,0.550000,0.463333,0.254412,0.095000,0.085000,11,1,1,1,0,0,0,1,1,1,1,1,0,1,1,0,1,0.140170,0.000000,0.133291,0.000000,0.000000,0.000000,0.143274,0.000000,0.152649,0.159413,0.000000,0.000000,0.157288,0.000000,0.000000,0.113916,use_phone,1,25,6367,phone,none,,,0.000000,1.000000,0,none,,8.262116,8.262116,completed,60,5,clear,24.000000
23,1124,3448252434,103,Day 5 10:07,none,,8.262116,8.262116,completed,0.000000,0.497352,0.000000,0.910000,0.570833,0.480000,0.254412,0.190000,0.170000,11,1,1,1,0,0,0,1,1,1,1,1,0,1,1,0,1,0.118840,0.113288,0.114356,0.000000,0.000000,0.000000,0.136861,0.000000,0.135869,0.142206,0.000000,0.000000,0.138455,0.000000,0.000000,0.100124,go_to_bathroom,1,15,6382,door,none,,,0.000000,1.000000,0,none,,8.262116,8.262116,completed,60,5,clear,24.000000
23,1124,3448252434,104,Day 5 10:22,none,,8.262116,8.262116,completed,0.005000,0.503352,0.000000,0.985268,0.583333,0.000000,0.254412,0.175000,0.161000,11,1,1,1,0,0,0,1,1,1,1,1,0,1,1,0,1,0.137988,0.130146,0.132735,0.000000,0.000000,0.000000,0.157802,0.000000,0.000000,0.165627,0.000000,0.000000,0.159975,0.000000,0.000000,0.115727,use_computer,1,30,6412,computer,none,,,0.000000,1.000000,0,none,,8.262116,8.262116,completed,60,5,clear,24.000000
23,1124,3448252434,105,Day 5 10:52,none,,8.262116,8.262116,completed,0.000000,0.617498,0.000000,0.975268,0.608333,0.020000,0.254412,0.255000,0.143000,11,1,1,1,0,0,0,1,1,1,1,1,0,1,1,0,1,0.112061,0.107445,0.109024,0.000000,0.000000,0.000000,0.143979,0.156480,0.000000,0.140643,0.000000,0.000000,0.133690,0.000000,0.000000,0.096678,shop_on_phone,1,20,6432,phone,none,,,0.000000,1.000000,0,none,,8.262116,8.262116,completed,30,5,clear,24.000000
23,1124,3448252434,106,Day 5 11:12,none,,8.262116,8.262116,completed,0.006667,0.627108,0.000000,1.000000,0.625000,0.033333,0.254412,0.315000,0.000000,11,1,1,1,0,0,0,1,1,1,1,1,0,1,1,0,1,0.123129,0.000000,0.119887,0.000000,0.000000,0.000000,0.164060,0.179302,0.000000,0.157815,0.000000,0.000000,0.148424,0.000000,0.000000,0.107383,idle,1,10,6442,,none,,,0.000000,1.000000,0,none,,8.262116,8.262116,completed,30,5,clear,24.000000
23,1124,3448252434,107,Day 5 11:22,none,,8.262116,8.262116,completed,0.130000,0.631108,0.000000,0.946667,0.633333,0.040000,0.254412,0.305000,0.000000,11,1,1,1,0,0,0,1,1,1,1,1,0,1,1,0,1,0.128670,0.000000,0.123355,0.000000,0.000000,0.000000,0.161586,0.176685,0.000000,0.156485,0.000000,0.000000,0.146390,0.000000,0.000000,0.106829,sleep_at_bed,1,64,6506,bed,none,weather-clear|room-temperature-shift,,0.000000,1.000000,0,none,,8.262116,8.262116,completed,30,5,clear,17.000000
23,1124,3448252434,108,Day 5 12:26,none,,8.262116,8.262116,completed,0.071333,0.267193,0.000000,0.945333,0.686667,0.082667,0.254412,0.000000,0.000000,11,1,1,1,0,0,0,1,1,1,1,1,0,1,1,0,1,0.171942,0.000000,0.160396,0.000000,0.000000,0.000000,0.149853,0.000000,0.000000,0.202171,0.000000,0.000000,0.182791,0.000000,0.000000,0.132847,turn_off_alarm,1,1,6507,alarm,none,,,0.000000,1.000000,0,none,,8.262116,8.262116,completed,30,5,clear,17.000000
23,1124,3448252434,109,Day 5 12:27,none,,8.262116,8.262116,completed,0.071667,0.267593,0.000000,0.975000,0.687500,0.083333,0.234412,0.000000,0.000000,10,1,1,1,0,0,0,1,1,1,1,1,0,0,1,0,1,0.210326,0.000000,0.196201,0.000000,0.000000,0.000000,0.183580,0.000000,0.000000,0.247405,0.000000,0.000000,0.000000,0.000000,0.000000,0.162488,use_phone,1,25,6532,phone,none,,,0.000000,1.000000,0,none,,8.262116,8.262116,completed,30,5,clear,17.000000
23,1124,3448252434,110,Day 5 12:52,none,,8.262116,8.262116,completed,0.000000,0.360142,0.000000,1.000000,0.708333,0.100000,0.234412,0.095000,0.085000,10,1,1,1,0,0,0,1,1,1,1,1,0,0,1,0,1,0.198471,0.000000,0.188544,0.000000,0.000000,0.000000,0.199663,0.000000,0.000000,0.251284,0.000000,0.000000,0.000000,0.000000,0.000000,0.162038,rest_at_bed,1,60,6592,bed,none,,,0.000000,1.000000,0,none,,8.262116,8.262116,completed,30,5,clear,17.000000
23,1124,3448252434,111,Day 5 13:52,none,,8.262116,8.262116,completed,0.060000,0.150736,0.000000,1.000000,0.758333,0.140000,0.234412,0.000000,0.049000,10,1,1,1,0,0,0,1,1,1,1,1,0,0,1,0,1,0.210657,0.000000,0.194881,0.000000,0.000000,0.000000,0.000000,0.000000,0.174477,0.258105,0.000000,0.000000,0.000000,0.000000,0.000000,0.161880,get_meal,1,35,6627,door,none,,,0.000000,1.000000,0,none,,8.262116,8.262116,completed,30,5,clear,17.000000
23,1124,3448252434,112,Day 5 14:27,none,,8.262116,8.262116,completed,0.031667,0.164736,0.000000,1.000000,0.237500,0.163333,0.234412,0.000000,0.028000,10,1,1,1,0,0,0,1,1,1,1,1,0,0,1,0,1,0.224660,0.000000,0.208831,0.000000,0.000000,0.000000,0.000000,0.000000,0.191660,0.200113,0.000000,0.000000,0.000000,0.000000,0.000000,0.174737,go_to_bathroom,1,15,6642,door,none,,,0.000000,1.000000,0,none,,8.262116,8.262116,completed,30,5,clear,17.000000
23,1124,3448252434,113,Day 5 14:42,none,,8.262116,8.262116,completed,0.036667,0.170736,0.000000,1.000000,0.250000,0.000000,0.234412,0.000000,0.019000,10,1,1,1,0,0,0,1,1,1,1,1,0,0,1,0,1,0.277593,0.000000,0.258001,0.000000,0.000000,0.000000,0.000000,0.000000,0.000000,0.248805,0.000000,0.000000,0.000000,0.000000,0.000000,0.215601,idle,1,10,6652,,none,,,0.000000,1.000000,0,none,,8.262116,8.262116,completed,30,5,clear,17.000000
23,1124,3448252434,114,Day 5 14:52,none,,8.262116,8.262116,completed,0.160000,0.174736,0.000000,0.946667,0.258333,0.006667,0.234412,0.000000,0.013000,10,1,1,1,0,0,0,1,1,1,1,1,0,0,1,0,1,0.232509,0.000000,0.212806,0.000000,0.000000,0.000000,0.184250,0.000000,0.000000,0.198157,0.000000,0.000000,0.000000,0.000000,0.000000,0.172279,rest_at_bed,1,60,6712,bed,none,,,0.000000,1.000000,0,none,,8.262116,8.262116,completed,30,5,clear,17.000000
23,1124,3448252434,115,Day 5 15:52,none,,8.262116,8.262116,completed,0.220000,0.000000,0.000000,0.976667,0.308333,0.046667,0.234412,0.000000,0.000000,10,1,1,1,0,0,0,1,1,1,1,1,0,0,1,0,1,0.289654,0.000000,0.259263,0.000000,0.000000,0.000000,0.000000,0.000000,0.000000,0.244410,0.000000,0.000000,0.000000,0.000000,0.000000,0.206673,idle,1,10,6722,,none,,,0.000000,1.000000,0,none,,8.262116,8.262116,completed,30,5,clear,17.000000
23,1124,3448252434,116,Day 5 16:02,none,,8.262116,8.262116,completed,0.343333,0.004000,0.000000,0.923333,0.316667,0.053333,0.234412,0.000000,0.000000,10,1,1,1,0,0,0,1,1,1,1,1,0,0,1,0,1,0.297224,0.000000,0.261984,0.000000,0.000000,0.000000,0.000000,0.000000,0.000000,0.238473,0.000000,0.000000,0.000000,0.000000,0.000000,0.202319,use_computer,1,30,6752,computer,none,,,0.000000,1.000000,0,none,,8.262116,8.262116,completed,30,5,clear,17.000000
23,1124,3448252434,117,Day 5 16:32,none,,8.262116,8.262116,completed,0.193333,0.118147,0.000000,0.913333,0.341667,0.073333,0.234412,0.080000,0.000000,10,1,1,1,0,0,0,1,1,1,1,1,0,0,1,0,1,0.282125,0.000000,0.256192,0.000000,0.000000,0.000000,0.000000,0.000000,0.000000,0.252806,0.000000,0.000000,0.000000,0.000000,0.000000,0.208877,use_phone,1,25,6777,phone,none,,,0.000000,1.000000,0,none,,8.262116,8.262116,completed,30,5,clear,17.000000
23,1124,3448252434,118,Day 5 16:57,none,,8.262116,8.262116,completed,0.000000,0.210696,0.000000,0.945000,0.362500,0.090000,0.234412,0.175000,0.085000,10,1,1,1,0,0,0,1,1,1,1,1,0,0,1,0,1,0.211012,0.000000,0.198183,0.000000,0.000000,0.000000,0.202704,0.000000,0.000000,0.215091,0.000000,0.000000,0.000000,0.000000,0.000000,0.173010,get_meal,1,35,6812,door,none,,,0.000000,1.000000,0,none,,8.262116,8.262116,completed,30,5,clear,17.000000
23,1124,3448252434,119,Day 5 17:32,none,,8.262116,8.262116,completed,0.000000,0.224696,0.000000,1.000000,0.000000,0.113333,0.234412,0.140000,0.064000,10,1,1,1,0,0,0,1,1,1,1,1,0,0,1,0,1,0.269923,0.000000,0.253685,0.000000,0.000000,0.000000,0.256442,0.000000,0.000000,0.000000,0.000000,0.000000,0.000000,0.000000,0.000000,0.219950,use_computer,1,30,6842,computer,none,evening,,0.000000,1.000000,0,none,,8.262116,8.262116,completed,30,5,clear,17.000000
23,1124,3448252434,120,Day 5 18:02,none,,8.262116,8.262116,completed,0.000000,0.338843,0.000000,0.990000,0.025000,0.133333,0.234412,0.220000,0.046000,10,1,1,1,0,0,0,1,1,1,1,1,0,0,1,0,1,0.259636,0.000000,0.246641,0.000000,0.000000,0.000000,0.276505,0.000000,0.000000,0.000000,0.000000,0.000000,0.000000,0.000000,0.000000,0.217218,idle,1,10,6852,,none,,,0.000000,1.000000,0,none,,8.262116,8.262116,completed,30,5,clear,17.000000
23,1124,3448252434,121,Day 5 18:12,none,,8.262116,8.262116,completed,0.123333,0.342843,0.000000,0.936667,0.033333,0.140000,0.234412,0.210000,0.040000,10,1,1,1,0,0,0,1,1,1,1,1,0,0,1,0,1,0.217855,0.000000,0.203768,0.000000,0.000000,0.000000,0.218671,0.000000,0.186192,0.000000,0.000000,0.000000,0.000000,0.000000,0.000000,0.173515,use_computer,1,30,6882,computer,none,,,0.000000,1.000000,0,none,,8.262116,8.262116,completed,30,5,clear,17.000000
23,1124,3448252434,122,Day 5 18:42,none,,8.262116,8.262116,completed,0.000000,0.456989,0.000000,0.926667,0.058333,0.160000,0.234412,0.290000,0.022000,10,1,1,1,0,0,0,1,1,1,1,1,0,0,1,0,1,0.161534,0.000000,0.155130,0.000000,0.000000,0.000000,0.192228,0.200677,0.151923,0.000000,0.000000,0.000000,0.000000,0.000000,0.000000,0.138509,use_computer,1,30,6912,computer,none,,,0.000000,1.000000,0,none,,8.262116,8.262116,completed,30,5,clear,17.000000
23,1124,3448252434,123,Day 5 19:12,none,,8.262116,8.262116,completed,0.000000,0.571136,0.000000,0.916667,0.083333,0.180000,0.234412,0.370000,0.004000,10,1,1,1,0,0,0,1,1,1,1,1,0,0,1,0,1,0.151446,0.000000,0.147005,0.000000,0.000000,0.000000,0.202021,0.218004,0.148197,0.000000,0.000000,0.000000,0.000000,0.000000,0.000000,0.133327,use_computer,1,30,6942,computer,none,,,0.000000,1.000000,0,none,,8.262116,8.262116,completed,30,5,clear,17.000000
23,1124,3448252434,124,Day 5 19:42,none,,8.262116,8.262116,completed,0.000000,0.685283,0.000000,0.906667,0.108333,0.200000,0.234412,0.450000,0.000000,10,1,1,1,0,0,0,1,1,1,1,1,0,0,1,0,1,0.141516,0.000000,0.138843,0.000000,0.000000,0.000000,0.211608,0.236039,0.144082,0.000000,0.000000,0.000000,0.000000,0.000000,0.000000,0.127912,sleep_at_bed,1,480,7422,bed,none,,,0.000000,1.000000,0,none,,8.262116,8.262116,completed,30,5,clear,17.000000
23,1124,3448252434,125,Day 6 03:42,none,,8.262116,8.262116,completed,0.080000,0.410790,0.000000,0.826667,0.508333,0.520000,0.234412,0.000000,0.000000,10,1,1,1,0,0,0,1,1,1,1,1,0,0,1,0,1,0.172148,0.000000,0.162356,0.000000,0.000000,0.000000,0.163311,0.000000,0.185936,0.182078,0.000000,0.000000,0.000000,0.000000,0.000000,0.134170,go_to_bathroom,1,15,7437,door,none,,,0.000000,1.000000,0,none,,8.262116,8.262116,completed,30,5,clear,17.000000
23,1124,3448252434,126,Day 6 03:57,none,,8.262116,8.262116,completed,0.085000,0.416790,0.000000,0.901934,0.520833,0.000000,0.234412,0.000000,0.000000,10,1,1,1,0,0,0,1,1,1,1,1,0,0,1,0,1,0.211170,0.000000,0.199131,0.000000,0.000000,0.000000,0.200606,0.000000,0.000000,0.224744,0.000000,0.000000,0.000000,0.000000,0.000000,0.164349,get_meal,1,35,7472,door,none,,,0.000000,1.000000,0,none,,8.262116,8.262116,completed,30,5,clear,17.000000
23,1124,3448252434,127,Day 6 04:32,none,,8.262116,8.262116,completed,0.056667,0.430790,0.000000,1.000000,0.000000,0.023333,0.234412,0.000000,0.000000,10,1,1,1,0,0,0,1,1,1,1,1,0,0,1,0,1,0.269851,0.000000,0.255686,0.000000,0.000000,0.000000,0.261894,0.000000,0.000000,0.000000,0.000000,0.000000,0.000000,0.000000,0.000000,0.212570,idle,1,10,7482,,none,,,0.000000,1.000000,0,none,,8.262116,8.262116,completed,30,5,clear,17.000000
23,1124,3448252434,128,Day 6 04:42,none,,8.262116,8.262116,completed,0.180000,0.434790,0.000000,0.946667,0.008333,0.030000,0.234412,0.000000,0.000000,10,1,1,1,0,0,0,1,1,1,1,1,0,0,1,0,1,0.277438,0.000000,0.258868,0.000000,0.000000,0.000000,0.255201,0.000000,0.000000,0.000000,0.000000,0.000000,0.000000,0.000000,0.000000,0.208493,idle,1,10,7492,,none,,,0.000000,1.000000,0,none,,8.262116,8.262116,completed,30,5,clear,17.000000
23,1124,3448252434,129,Day 6 04:52,none,,8.262116,8.262116,completed,0.303333,0.438790,0.000000,0.893333,0.016667,0.036667,0.234412,0.000000,0.000000,10,1,1,1,0,0,0,1,1,1,1,1,0,0,1,0,1,0.285095,0.000000,0.261958,0.000000,0.000000,0.000000,0.248554,0.000000,0.000000,0.000000,0.000000,0.000000,0.000000,0.000000,0.000000,0.204392,use_phone,1,25,7517,phone,none,,,0.000000,1.000000,0,none,,8.262116,8.262116,completed,30,5,clear,17.000000
23,1124,3448252434,130,Day 6 05:17,none,,8.262116,8.262116,completed,0.091667,0.531339,0.000000,0.925000,0.037500,0.053333,0.234412,0.095000,0.085000,10,1,1,1,0,0,0,1,1,1,1,1,0,0,1,0,1,0.261576,0.000000,0.249166,0.000000,0.000000,0.000000,0.280112,0.000000,0.000000,0.000000,0.000000,0.000000,0.000000,0.000000,0.000000,0.209146,use_phone,1,25,7542,phone,none,,,0.000000,1.000000,0,none,,8.262116,8.262116,completed,30,5,clear,17.000000
23,1124,3448252434,131,Day 6 05:42,none,,8.262116,8.262116,completed,0.000000,0.623888,0.000000,0.956667,0.058333,0.070000,0.234412,0.190000,0.170000,10,1,1,1,0,0,0,1,1,1,1,1,0,0,1,0,1,0.156682,0.150956,0.152378,0.000000,0.000000,0.000000,0.195150,0.211419,0.000000,0.000000,0.000000,0.000000,0.000000,0.000000,0.000000,0.133415,sleep_at_bed,1,480,8022,bed,none,alarm-rings|message-study-group,,0.000000,1.000000,0,none,,8.262116,8.262116,completed,30,6,clear,17.000000
23,1124,3448252434,132,Day 6 13:42,none,,8.262116,8.262116,completed,0.110000,0.349396,0.000000,0.876667,0.458333,0.390000,0.266094,0.000000,0.000000,11,1,1,1,0,0,0,1,1,1,1,1,0,1,1,0,1,0.150780,0.000000,0.140933,0.000000,0.000000,0.000000,0.135630,0.000000,0.146586,0.151586,0.000000,0.000000,0.158915,0.000000,0.000000,0.115571,idle,1,10,8032,,none,,,0.000000,1.000000,0,none,,8.262116,8.262116,completed,30,6,clear,17.000000
23,1124,3448252434,133,Day 6 13:52,none,,8.262116,8.262116,completed,0.233333,0.353396,0.000000,0.823333,0.466667,0.396667,0.266094,0.000000,0.000000,11,1,1,1,0,0,0,1,1,1,1,1,0,1,1,0,1,0.156725,0.000000,0.144257,0.000000,0.000000,0.000000,0.133618,0.000000,0.144749,0.149821,0.000000,0.000000,0.156229,0.000000,0.000000,0.114602,use_phone,1,25,8057,phone,none,,,0.000000,1.000000,0,none,,8.262116,8.262116,completed,30,6,clear,17.000000
23,1124,3448252434,134,Day 6 14:17,none,,8.262116,8.262116,completed,0.021667,0.445945,0.000000,0.855000,0.487500,0.413333,0.266094,0.095000,0.085000,11,1,1,1,0,0,0,1,1,1,1,1,0,1,1,0,1,0.140869,0.000000,0.134419,0.000000,0.000000,0.000000,0.147517,0.000000,0.148906,0.154466,0.000000,0.000000,0.158943,0.000000,0.000000,0.114880,turn_off_alarm,1,1,8058,alarm,none,,,0.000000,1.000000,0,none,,8.262116,8.262116,completed,30,6,clear,17.000000
23,1124,3448252434,135,Day 6 14:18,none,,8.262116,8.262116,completed,0.022000,0.446345,0.000000,0.884667,0.488333,0.414000,0.246094,0.094000,0.084400,10,1,1,1,0,0,0,1,1,1,1,1,0,0,1,0,1,0.167461,0.000000,0.159790,0.000000,0.000000,0.000000,0.175528,0.000000,0.177035,0.183663,0.000000,0.000000,0.000000,0.000000,0.000000,0.136524,use_computer,1,30,8088,computer,none,,,0.000000,1.000000,0,none,,8.262116,8.262116,completed,30,6,clear,17.000000
23,1124,3448252434,136,Day 6 14:48,none,,8.262116,8.262116,completed,0.000000,0.560491,0.000000,0.874667,0.513333,0.434000,0.246094,0.174000,0.066400,10,1,1,1,0,0,0,1,1,1,1,1,0,0,1,0,1,0.132804,0.000000,0.128442,0.000000,0.000000,0.000000,0.157606,0.168019,0.147545,0.153478,0.000000,0.000000,0.000000,0.000000,0.000000,0.112106,go_to_bathroom,1,15,8103,door,none,weather-rain,,0.000000,1.000000,0,none,,8.262116,8.262116,completed,30,6,rain,17.000000
23,1124,3448252434,137,Day 6 15:03,none,,8.262116,8.262116,completed,0.005000,0.566491,0.000000,0.949934,0.525833,0.000000,0.246094,0.159000,0.057400,10,1,1,1,0,0,0,1,1,1,1,1,0,0,1,0,1,0.156199,0.000000,0.151018,0.000000,0.000000,0.000000,0.184075,0.196381,0.000000,0.181072,0.000000,0.000000,0.000000,0.000000,0.000000,0.131254,rest_at_bed,1,60,8163,bed,none,,,0.000000,1.000000,0,none,,8.262116,8.262116,completed,30,6,rain,17.000000
23,1124,3448252434,138,Day 6 16:03,none,,8.262116,8.262116,completed,0.065000,0.357085,0.000000,0.979934,0.575833,0.040000,0.246094,0.000000,0.021400,10,1,1,1,0,0,0,1,1,1,1,1,0,0,1,0,1,0.210455,0.000000,0.197969,0.000000,0.000000,0.000000,0.194398,0.000000,0.000000,0.232945,0.000000,0.000000,0.000000,0.000000,0.000000,0.164233,use_computer,1,30,8193,computer,none,,,0.000000,1.000000,0,none,,8.262116,8.262116,completed,30,6,rain,17.000000
23,1124,3448252434,139,Day 6 16:33,none,,8.262116,8.262116,completed,0.000000,0.471231,0.000000,0.969934,0.600833,0.060000,0.246094,0.080000,0.003400,10,1,1,1,0,0,0,1,1,1,1,1,0,0,1,0,1,0.198571,0.000000,0.190366,0.000000,0.000000,0.000000,0.211769,0.000000,0.000000,0.236170,0.000000,0.000000,0.000000,0.000000,0.000000,0.163124,idle,1,10,8203,,none,,,0.000000,1.000000,0,none,,8.262116,8.262116,completed,30,6,rain,17.000000
23,1124,3448252434,140,Day 6 16:43,none,,8.262116,8.262116,completed,0.123333,0.475231,0.000000,0.916601,0.609167,0.066667,0.246094,0.070000,0.000000,10,1,1,1,0,0,0,1,1,1,1,1,0,0,1,0,1,0.205774,0.000000,0.194238,0.000000,0.000000,0.000000,0.206835,0.000000,0.000000,0.232224,0.000000,0.000000,0.000000,0.000000,0.000000,0.160928,use_phone,1,25,8228,phone,none,,,0.000000,1.000000,0,none,,8.262116,8.262116,completed,30,6,rain,17.000000
23,1124,3448252434,141,Day 6 17:08,none,,8.262116,8.262116,completed,0.000000,0.567780,0.000000,0.948268,0.630000,0.083333,0.246094,0.165000,0.085000,10,1,1,1,0,0,0,1,1,1,1,1,0,0,1,0,1,0.153694,0.000000,0.148718,0.000000,0.000000,0.000000,0.182288,0.194599,0.000000,0.191127,0.000000,0.000000,0.000000,0.000000,0.000000,0.129574,sleep_at_bed,1,51,8279,bed,none,room-temperature-shift,,0.000000,1.000000,0,none,,8.262116,8.262116,completed,30,6,rain,17.000000
23,1124,3448252434,142,Day 6 17:59,none,,8.262116,8.262116,completed,0.000000,0.171888,0.000000,1.000000,0.672500,0.117333,0.246094,0.000000,0.054400,10,1,1,1,0,0,0,1,1,1,1,1,0,0,1,0,1,0.255385,0.000000,0.238493,0.000000,0.000000,0.000000,0.000000,0.000000,0.000000,0.304933,0.000000,0.000000,0.000000,0.000000,0.000000,0.201189,get_meal,1,35,8314,door,none,,,0.000000,1.000000,0,none,,8.262116,8.262116,completed,30,6,rain,17.000000
23,1124,3448252434,143,Day 6 18:34,none,,8.262116,8.262116,completed,0.000000,0.185888,0.000000,1.000000,0.151667,0.140667,0.246094,0.000000,0.033400,10,1,1,1,0,0,0,1,1,1,1,1,0,0,1,0,1,0.188966,0.000000,0.176675,0.000000,0.000000,0.000000,0.162002,0.000000,0.161385,0.161931,0.000000,0.000000,0.000000,0.000000,0.000000,0.149040,idle,1,10,8324,,none,,,0.000000,1.000000,0,none,,8.262116,8.262116,completed,30,6,rain,17.000000
23,1124,3448252434,144,Day 6 18:44,none,,8.262116,8.262116,completed,0.123333,0.189888,0.000000,0.946667,0.160000,0.147333,0.246094,0.000000,0.027400,10,1,1,1,0,0,0,1,1,1,1,1,0,0,1,0,1,0.195624,0.000000,0.180112,0.000000,0.000000,0.000000,0.158954,0.000000,0.158719,0.159398,0.000000,0.000000,0.000000,0.000000,0.000000,0.147193,use_phone,1,25,8349,phone,none,,,0.000000,1.000000,0,none,,8.262116,8.262116,completed,30,6,rain,17.000000
23,1124,3448252434,145,Day 6 19:09,none,,8.262116,8.262116,completed,0.000000,0.282438,0.000000,0.978333,0.180833,0.164000,0.246094,0.095000,0.112400,10,1,1,1,0,0,0,1,1,1,1,1,0,0,1,0,1,0.181698,0.000000,0.171489,0.000000,0.000000,0.000000,0.174208,0.000000,0.162084,0.163141,0.000000,0.000000,0.000000,0.000000,0.000000,0.147380,rest_at_bed,1,60,8409,bed,none,evening,,0.000000,1.000000,0,none,,8.262116,8.262116,completed,30,6,rain,17.000000
23,1124,3448252434,146,Day 6 20:09,none,,8.262116,8.262116,completed,0.060000,0.073031,0.000000,1.000000,0.230833,0.204000,0.246094,0.000000,0.076400,10,1,1,1,0,0,0,1,1,1,1,1,0,0,1,0,1,0.226752,0.000000,0.208408,0.000000,0.000000,0.000000,0.000000,0.000000,0.194702,0.197023,0.000000,0.000000,0.000000,0.000000,0.000000,0.173116,use_computer,1,30,8439,computer,none,,,0.000000,1.000000,0,none,,8.262116,8.262116,completed,30,6,rain,17.000000
23,1124,3448252434,147,Day 6 20:39,none,,8.262116,8.262116,completed,0.000000,0.187177,0.000000,0.990000,0.255833,0.224000,0.246094,0.080000,0.058400,10,1,1,1,0,0,0,1,1,1,1,1,0,0,1,0,1,0.182312,0.000000,0.170663,0.000000,0.000000,0.000000,0.163578,0.000000,0.167379,0.169828,0.000000,0.000000,0.000000,0.000000,0.000000,0.146240,idle,1,10,8449,,none,,,0.000000,1.000000,0,none,,8.262116,8.262116,completed,30,6,rain,17.000000
23,1124,3448252434,148,Day 6 20:49,none,,8.262116,8.262116,completed,0.123333,0.191177,0.000000,0.936667,0.264167,0.230667,0.246094,0.070000,0.052400,10,1,1,1,0,0,0,1,1,1,1,1,0,0,1,0,1,0.189205,0.000000,0.174392,0.000000,0.000000,0.000000,0.160003,0.000000,0.164678,0.167237,0.000000,0.000000,0.000000,0.000000,0.000000,0.144485,use_computer,1,30,8479,computer,none,,,0.000000,1.000000,0,none,,8.262116,8.262116,completed,30,6,rain,17.000000
23,1124,3448252434,149,Day 6 21:19,none,,8.262116,8.262116,completed,0.000000,0.305324,0.000000,0.926667,0.289167,0.250667,0.246094,0.150000,0.034400,10,1,1,1,0,0,0,1,1,1,1,1,0,0,1,0,1,0.175312,0.000000,0.165907,0.000000,0.000000,0.000000,0.175766,0.000000,0.167912,0.170977,0.000000,0.000000,0.000000,0.000000,0.000000,0.144127,rest_at_bed,1,60,8539,bed,none,,,0.000000,1.000000,0,none,,8.262116,8.262116,completed,30,6,rain,17.000000
23,1124,3448252434,150,Day 6 22:19,none,,8.262116,8.262116,completed,0.060000,0.095917,0.000000,0.956667,0.339167,0.290667,0.246094,0.000000,0.000000,10,1,1,1,0,0,0,1,1,1,1,1,0,0,1,0,1,0.220744,0.000000,0.203276,0.000000,0.000000,0.000000,0.000000,0.000000,0.201177,0.205949,0.000000,0.000000,0.000000,0.000000,0.000000,0.168853,idle,1,10,8549,,none,,,0.000000,1.000000,0,none,,8.262116,8.262116,completed,30,6,rain,17.000000
23,1124,3448252434,151,Day 6 22:29,none,,8.262116,8.262116,completed,0.183333,0.099917,0.000000,0.903333,0.347500,0.297333,0.246094,0.000000,0.000000,10,1,1,1,0,0,0,1,1,1,1,1,0,0,1,0,1,0.227816,0.000000,0.206591,0.000000,0.000000,0.000000,0.000000,0.000000,0.197243,0.202103,0.000000,0.000000,0.000000,0.000000,0.000000,0.166247,get_meal,1,35,8584,door,none,,,0.000000,1.000000,0,none,,8.262116,8.262116,completed,30,6,rain,17.000000
23,1124,3448252434,152,Day 6 23:04,none,,8.262116,8.262116,completed,0.155000,0.113917,0.000000,1.000000,0.000000,0.320667,0.246094,0.000000,0.000000,10,1,1,1,0,0,0,1,1,1,1,1,0,0,1,0,1,0.282361,0.000000,0.257281,0.000000,0.000000,0.000000,0.000000,0.000000,0.251806,0.000000,0.000000,0.000000,0.000000,0.000000,0.000000,0.208552,go_to_bathroom,1,15,8599,door,none,,,0.000000,1.000000,0,none,,8.262116,8.262116,completed,30,6,rain,17.000000
23,1124,3448252434,153,Day 6 23:19,none,,8.262116,8.262116,completed,0.160000,0.119917,0.000000,1.000000,0.012500,0.000000,0.246094,0.000000,0.000000,10,1,1,1,0,0,0,1,1,1,1,1,0,0,1,0,1,0.377557,0.000000,0.343975,0.000000,0.000000,0.000000,0.000000,0.000000,0.000000,0.000000,0.000000,0.000000,0.000000,0.000000,0.000000,0.278468,use_computer,1,30,8629,computer,none,,,0.000000,1.000000,0,none,,8.262116,8.262116,completed,30,6,rain,17.000000
23,1124,3448252434,154,Day 6 23:49,none,,8.262116,8.262116,completed,0.010000,0.234064,0.000000,0.990000,0.037500,0.020000,0.246094,0.080000,0.000000,10,1,1,1,0,0,0,1,1,1,1,1,0,0,1,0,1,0.273237,0.000000,0.256460,0.000000,0.000000,0.000000,0.251109,0.000000,0.000000,0.000000,0.000000,0.000000,0.000000,0.000000,0.000000,0.219195,use_computer,1,30,8659,computer,none,,,0.000000,1.000000,0,none,,8.262116,8.262116,completed,30,6,rain,17.000000
23,1124,3448252434,155,Day 7 00:19,none,,8.262116,8.262116,completed,0.000000,0.348211,0.000000,0.980000,0.062500,0.040000,0.246094,0.160000,0.000000,10,1,1,1,0,0,0,1,1,1,1,1,0,0,1,0,1,0.262359,0.000000,0.249214,0.000000,0.000000,0.000000,0.271505,0.000000,0.000000,0.000000,0.000000,0.000000,0.000000,0.000000,0.000000,0.216922,use_phone,1,25,8684,phone,none,,,0.000000,1.000000,0,none,,8.262116,8.262116,completed,30,6,rain,17.000000
23,1124,3448252434,156,Day 7 00:44,none,,8.262116,8.262116,completed,0.000000,0.440760,0.000000,1.000000,0.083333,0.056667,0.246094,0.255000,0.085000,10,1,1,1,0,0,0,1,1,1,1,1,0,0,1,0,1,0.252325,0.000000,0.241873,0.000000,0.000000,0.000000,0.291319,0.000000,0.000000,0.000000,0.000000,0.000000,0.000000,0.000000,0.000000,0.214483,rest_at_bed,1,60,8744,bed,none,,,0.000000,1.000000,0,none,,8.262116,8.262116,completed,30,6,rain,17.000000
23,1124,3448252434,157,Day 7 01:44,none,,8.262116,8.262116,completed,0.060000,0.231353,0.000000,1.000000,0.133333,0.096667,0.246094,0.055000,0.049000,10,1,1,1,0,0,0,1,1,1,1,1,0,0,1,0,1,0.277841,0.000000,0.258977,0.000000,0.000000,0.000000,0.245731,0.000000,0.000000,0.000000,0.000000,0.000000,0.000000,0.000000,0.000000,0.217450,rest_at_bed,1,60,8804,bed,none,,,0.000000,1.000000,0,none,,8.262116,8.262116,completed,30,6,rain,17.000000
23,1124,3448252434,158,Day 7 02:44,none,,8.262116,8.262116,completed,0.120000,0.021946,0.000000,1.000000,0.183333,0.136667,0.246094,0.000000,0.013000,10,1,1,1,0,0,0,1,1,1,1,1,0,0,1,0,1,0.234558,0.000000,0.213028,0.000000,0.000000,0.000000,0.000000,0.000000,0.186602,0.191570,0.000000,0.000000,0.000000,0.000000,0.000000,0.174242,idle,1,10,8814,,none,,,0.000000,1.000000,0,none,,8.262116,8.262116,completed,30,6,rain,17.000000
23,1124,3448252434,159,Day 7 02:54,none,,8.262116,8.262116,completed,0.243333,0.025946,0.000000,0.946667,0.191667,0.143333,0.246094,0.000000,0.007000,10,1,1,1,0,0,0,1,1,1,1,1,0,0,1,0,1,0.241813,0.000000,0.216270,0.000000,0.000000,0.000000,0.000000,0.000000,0.182757,0.187791,0.000000,0.000000,0.000000,0.000000,0.000000,0.171369,get_meal,1,35,8849,door,none,,,0.000000,1.000000,0,none,,8.262116,8.262116,completed,30,6,rain,17.000000
23,1124,3448252434,160,Day 7 03:29,none,,8.262116,8.262116,completed,0.215000,0.039946,0.000000,1.000000,0.000000,0.166667,0.246094,0.000000,0.000000,10,1,1,1,0,0,0,1,1,1,1,1,0,0,1,0,1,0.294602,0.000000,0.264745,0.000000,0.000000,0.000000,0.000000,0.000000,0.229337,0.000000,0.000000,0.000000,0.000000,0.000000,0.000000,0.211315,use_computer,1,30,8879,computer,none,,,0.000000,1.000000,0,none,,8.262116,8.262116,completed,30,6,rain,17.000000
23,1124,3448252434,161,Day 7 03:59,none,,8.262116,8.262116,completed,0.065000,0.154093,0.000000,0.990000,0.025000,0.186667,0.246094,0.080000,0.000000,10,1,1,1,0,0,0,1,1,1,1,1,0,0,1,0,1,0.225894,0.000000,0.209137,0.000000,0.000000,0.000000,0.192861,0.000000,0.195871,0.000000,0.000000,0.000000,0.000000,0.000000,0.000000,0.176236,idle,1,10,8889,,none,,,0.000000,1.000000,0,none,,8.262116,8.262116,completed,30,6,rain,17.000000
23,1124,3448252434,162,Day 7 04:09,none,,8.262116,8.262116,completed,0.188333,0.158093,0.000000,0.936667,0.033333,0.193333,0.246094,0.070000,0.000000,10,1,1,1,0,0,0,1,1,1,1,1,0,0,1,0,1,0.233589,0.000000,0.212936,0.000000,0.000000,0.000000,0.187966,0.000000,0.192016,0.000000,0.000000,0.000000,0.000000,0.000000,0.000000,0.173493,rest_at_bed,1,60,8949,bed,none,,,0.000000,1.000000,0,none,,8.262116,8.262116,completed,30,6,rain,17.000000
23,1124,3448252434,163,Day 7 05:09,none,,8.262116,8.262116,completed,0.248333,0.000000,0.000000,0.966667,0.083333,0.233333,0.246094,0.000000,0.000000,10,1,1,1,0,0,0,1,1,1,1,1,0,0,1,0,1,0.294422,0.000000,0.262582,0.000000,0.000000,0.000000,0.000000,0.000000,0.235197,0.000000,0.000000,0.000000,0.000000,0.000000,0.000000,0.207799,use_phone,1,25,8974,phone,none,,,0.000000,1.000000,0,none,,8.262116,8.262116,completed,30,6,rain,17.000000
23,1124,3448252434,164,Day 7 05:34,none,,8.262116,8.262116,completed,0.036667,0.092549,0.000000,0.998333,0.104167,0.250000,0.246094,0.095000,0.085000,10,1,1,1,0,0,0,1,1,1,1,1,0,0,1,0,1,0.275788,0.000000,0.254985,0.000000,0.000000,0.000000,0.000000,0.000000,0.252146,0.000000,0.000000,0.000000,0.000000,0.000000,0.000000,0.217081,use_computer,1,30,9004,computer,none,,,0.000000,1.000000,0,none,,8.262116,8.262116,completed,30,6,rain,17.000000
23,1124,3448252434,165,Day 7 06:04,none,,8.262116,8.262116,completed,0.000000,0.206696,0.000000,0.988333,0.129167,0.270000,0.246094,0.175000,0.067000,10,1,1,1,0,0,0,1,1,1,1,1,0,0,1,0,1,0.213526,0.000000,0.200476,0.000000,0.000000,0.000000,0.204453,0.000000,0.206533,0.000000,0.000000,0.000000,0.000000,0.000000,0.000000,0.175012,use_phone,1,25,9029,phone,none,,,0.000000,1.000000,0,none,,8.262116,8.262116,completed,30,6,rain,17.000000
23,1124,3448252434,166,Day 7 06:29,none,,8.262116,8.262116,completed,0.000000,0.299245,0.000000,1.000000,0.150000,0.286667,0.246094,0.270000,0.152000,10,1,1,1,0,0,0,1,1,1,1,1,0,0,1,0,1,0.148799,0.140184,0.140981,0.000000,0.000000,0.000000,0.158953,0.000000,0.149616,0.136084,0.000000,0.000000,0.000000,0.000000,0.000000,0.125384,go_to_bathroom,1,15,9044,door,none,,,0.000000,1.000000,0,none,,8.262116,8.262116,completed,30,6,rain,17.000000
23,1124,3448252434,167,Day 7 06:44,none,,8.262116,8.262116,completed,0.005000,0.305245,0.000000,1.000000,0.162500,0.000000,0.246094,0.255000,0.143000,10,1,1,1,0,0,0,1,1,1,1,1,0,0,1,0,1,0.175556,0.163637,0.166275,0.000000,0.000000,0.000000,0.186225,0.000000,0.000000,0.161049,0.000000,0.000000,0.000000,0.000000,0.000000,0.147257,idle,1,10,9054,,none,,,0.000000,1.000000,0,none,,8.262116,8.262116,completed,30,6,rain,17.000000
23,1124,3448252434,168,Day 7 06:54,none,,8.262116,8.262116,completed,0.128333,0.309245,0.000000,0.946667,0.170833,0.006667,0.246094,0.245000,0.137000,10,1,1,1,0,0,0,1,1,1,1,1,0,0,1,0,1,0.182397,0.160724,0.170098,0.000000,0.000000,0.000000,0.182359,0.000000,0.000000,0.158770,0.000000,0.000000,0.000000,0.000000,0.000000,0.145652,use_computer,1,30,9084,computer,none,,,0.000000,1.000000,0,none,,8.262116,8.262116,completed,30,6,rain,17.000000
23,1124,3448252434,169,Day 7 07:24,none,,8.262116,8.262116,completed,0.000000,0.423392,0.000000,0.936667,0.195833,0.026667,0.246094,0.325000,0.119000,10,1,1,1,0,0,0,1,1,1,1,1,0,0,1,0,1,0.201202,0.000000,0.192775,0.000000,0.000000,0.000000,0.239033,0.000000,0.000000,0.193685,0.000000,0.000000,0.000000,0.000000,0.000000,0.173304,rest_at_bed,1,60,9144,bed,none,,,0.000000,1.000000,0,none,,8.262116,8.262116,completed,30,6,rain,17.000000
23,1124,3448252434,170,Day 7 08:24,none,,8.262116,8.262116,completed,0.060000,0.213985,0.000000,0.966667,0.245833,0.066667,0.246094,0.125000,0.083000,10,1,1,1,0,0,0,1,1,1,1,1,0,0,1,0,1,0.219969,0.000000,0.204937,0.000000,0.000000,0.000000,0.200190,0.000000,0.000000,0.200454,0.000000,0.000000,0.000000,0.000000,0.000000,0.174450,use_computer,1,30,9174,computer,none,alarm-rings,,0.000000,1.000000,0,none,,8.262116,8.262116,completed,30,6,rain,17.000000
23,1124,3448252434,171,Day 7 08:54,none,,8.262116,8.262116,completed,0.000000,0.328132,0.000000,0.956667,0.270833,0.086667,0.277775,0.205000,0.065000,11,1,1,1,0,0,0,1,1,1,1,1,0,1,1,0,1,0.167726,0.000000,0.159154,0.000000,0.000000,0.000000,0.175448,0.000000,0.000000,0.163863,0.000000,0.000000,0.194052,0.000000,0.000000,0.139757,use_phone,1,25,9199,phone,none,,,0.000000,1.000000,0,none,,8.262116,8.262116,completed,30,6,rain,17.000000
23,1124,3448252434,172,Day 7 09:19,none,,8.262116,8.262116,completed,0.000000,0.420681,0.000000,0.988333,0.291667,0.103333,0.277775,0.300000,0.150000,11,1,1,1,0,0,0,1,1,1,1,1,0,1,1,0,1,0.139958,0.133868,0.134019,0.000000,0.000000,0.000000,0.163332,0.000000,0.000000,0.142458,0.000000,0.000000,0.166472,0.000000,0.000000,0.119894,rest_at_bed,1,60,9259,bed,none,,,0.000000,1.000000,0,none,,8.262116,8.262116,completed,30,6,rain,17.000000
23,1124,3448252434,173,Day 7 10:19,none,,8.262116,8.262116,completed,0.060000,0.211274,0.000000,1.000000,0.341667,0.143333,0.277775,0.100000,0.114000,11,1,1,1,0,0,0,1,1,1,1,1,0,1,1,0,1,0.153375,0.000000,0.142811,0.000000,0.000000,0.000000,0.137115,0.000000,0.130676,0.147785,0.000000,0.000000,0.167266,0.000000,0.000000,0.120972,go_to_bathroom,1,15,9274,door,none,,,0.000000,1.000000,0,none,,8.262116,8.262116,completed,30,6,rain,17.000000
23,1124,3448252434,174,Day 7 10:34,none,,8.262116,8.262116,completed,0.065000,0.217274,0.000000,1.000000,0.354167,0.000000,0.277775,0.085000,0.105000,11,1,1,1,0,0,0,1,1,1,1,1,0,1,1,0,1,0.176821,0.000000,0.164586,0.000000,0.000000,0.000000,0.156971,0.000000,0.000000,0.170902,0.000000,0.000000,0.191890,0.000000,0.000000,0.138830,idle,1,10,9284,,none,,,0.000000,1.000000,0,none,,8.262116,8.262116,completed,30,6,rain,17.000000
23,1124,3448252434,175,Day 7 10:44,none,,8.262116,8.262116,completed,0.188333,0.221274,0.000000,0.946667,0.362500,0.006667,0.277775,0.075000,0.099000,11,1,1,1,0,0,0,1,1,1,1,1,0,1,1,0,1,0.183755,0.000000,0.168410,0.000000,0.000000,0.000000,0.153748,0.000000,0.000000,0.168523,0.000000,0.000000,0.188214,0.000000,0.000000,0.137350,idle,1,10,9294,,none,,,0.000000,1.000000,0,none,,8.262116,8.262116,completed,30,6,rain,17.000000
23,1124,3448252434,176,Day 7 10:54,none,,8.262116,8.262116,completed,0.311667,0.225274,0.000000,0.893333,0.370833,0.013333,0.277775,0.065000,0.093000,11,1,1,1,0,0,0,1,1,1,1,1,0,1,1,0,1,0.190857,0.000000,0.172229,0.000000,0.000000,0.000000,0.150510,0.000000,0.000000,0.166086,0.000000,0.000000,0.184507,0.000000,0.000000,0.135811,turn_off_alarm,1,1,9295,alarm,none,,,0.000000,1.000000,0,none,,8.262116,8.262116,completed,30,6,rain,17.000000
23,1124,3448252434,177,Day 7 10:55,none,,8.262116,8.262116,completed,0.312000,0.225674,0.000000,0.923000,0.371667,0.014000,0.257775,0.064000,0.092400,10,1,1,1,0,0,0,1,1,1,1,1,0,0,1,0,1,0.234002,0.000000,0.211158,0.000000,0.000000,0.000000,0.184705,0.000000,0.000000,0.203673,0.000000,0.000000,0.000000,0.000000,0.000000,0.166461,rest_at_bed,1,60,9355,bed,none,,,0.000000,1.000000,0,none,,8.262116,8.262116,completed,30,6,rain,17.000000
23,1124,3448252434,178,Day 7 11:55,none,,8.262116,8.262116,completed,0.372000,0.016267,0.000000,0.953000,0.421667,0.054000,0.257775,0.000000,0.056400,10,1,1,1,0,0,0,1,1,1,1,1,0,0,1,0,1,0.294044,0.000000,0.258503,0.000000,0.000000,0.000000,0.000000,0.000000,0.000000,0.249289,0.000000,0.000000,0.000000,0.000000,0.000000,0.198164,use_phone,1,25,9380,phone,none,,,0.000000,1.000000,0,none,,8.262116,8.262116,completed,30,6,rain,17.000000
23,1124,3448252434,179,Day 7 12:20,none,,8.262116,8.262116,completed,0.160333,0.108816,0.000000,0.984667,0.442500,0.070667,0.257775,0.095000,0.141400,10,1,1,1,0,0,0,1,1,1,1,1,0,0,1,0,1,0.223884,0.186082,0.204043,0.000000,0.000000,0.000000,0.000000,0.000000,0.000000,0.217720,0.000000,0.000000,0.000000,0.000000,0.000000,0.168271,shop_on_phone,1,20,9400,phone,none,,,0.000000,1.000000,0,none,,8.262116,8.262116,completed,0,6,rain,17.000000
23,1124,3448252434,180,Day 7 12:40,none,,8.262116,8.262116,completed,0.167000,0.118426,0.000000,1.000000,0.459167,0.084000,0.257775,0.155000,0.000000,10,1,1,1,0,0,0,1,1,1,1,1,0,0,1,0,1,0.222415,0.000000,0.202866,0.000000,0.000000,0.000000,0.184848,0.000000,0.000000,0.220885,0.000000,0.000000,0.000000,0.000000,0.000000,0.168987,idle,1,10,9410,,none,,,0.000000,1.000000,0,none,,8.262116,8.262116,completed,0,6,rain,17.000000
23,1124,3448252434,181,Day 7 12:50,none,,8.262116,8.262116,completed,0.290333,0.122426,0.000000,0.946667,0.467500,0.090667,0.257775,0.145000,0.000000,10,1,1,1,0,0,0,1,1,1,1,1,0,0,1,0,1,0.230041,0.000000,0.206595,0.000000,0.000000,0.000000,0.180195,0.000000,0.000000,0.216777,0.000000,0.000000,0.000000,0.000000,0.000000,0.166392,use_computer,1,30,9440,computer,none,weather-rain,,0.000000,1.000000,0,none,,8.262116,8.262116,completed,0,6,rain,17.000000
23,1124,3448252434,182,Day 7 13:20,none,,8.262116,8.262116,completed,0.140333,0.236573,0.000000,0.936667,0.492500,0.110667,0.257775,0.225000,0.000000,10,1,1,1,0,0,0,1,1,1,1,1,0,0,1,0,1,0.212567,0.000000,0.196673,0.000000,0.000000,0.000000,0.199813,0.000000,0.000000,0.223715,0.000000,0.000000,0.000000,0.000000,0.000000,0.167232,use_computer,1,30,9470,computer,none,,,0.000000,1.000000,0,none,,8.262116,8.262116,completed,0,6,rain,17.000000
23,1124,3448252434,183,Day 7 13:50,none,,8.262116,8.262116,completed,0.000000,0.350720,0.000000,0.926667,0.517500,0.130667,0.257775,0.305000,0.000000,10,1,1,1,0,0,0,1,1,1,1,1,0,0,1,0,1,0.196159,0.000000,0.186749,0.000000,0.000000,0.000000,0.220304,0.000000,0.000000,0.229557,0.000000,0.000000,0.000000,0.000000,0.000000,0.167231,use_computer,1,30,9500,computer,none,,,0.000000,1.000000,0,none,,8.262116,8.262116,completed,0,6,rain,17.000000
23,1124,3448252434,184,Day 7 14:20,none,,8.262116,8.262116,completed,0.000000,0.464866,0.000000,0.916667,0.542500,0.150667,0.257775,0.385000,0.000000,10,1,1,1,0,0,0,1,1,1,1,1,0,0,1,0,1,0.131629,0.000000,0.126662,0.000000,0.000000,0.000000,0.165712,0.174491,0.125590,0.160702,0.000000,0.000000,0.000000,0.000000,0.000000,0.115214,use_phone,1,25,9525,phone,none,message-study-group,,0.000000,1.000000,0,none,,8.262116,8.262116,completed,0,7,rain,17.000000
23,1124,3448252434,185,Day 7 14:45,none,,8.262116,8.262116,completed,0.000000,0.557416,0.000000,0.948333,0.563333,0.167333,0.257775,0.480000,0.085000,10,1,1,1,0,0,0,1,1,1,1,1,0,0,1,0,1,0.124056,0.000000,0.120466,0.000000,0.000000,0.000000,0.174239,0.188763,0.123045,0.157797,0.000000,0.000000,0.000000,0.000000,0.000000,0.111635,go_to_bathroom,1,15,9540,door,none,,,0.000000,1.000000,0,none,,8.262116,8.262116,completed,0,7,rain,17.000000
23,1124,3448252434,186,Day 7 15:00,none,,8.262116,8.262116,completed,0.005000,0.563416,0.000000,1.000000,0.575833,0.000000,0.257775,0.465000,0.076000,10,1,1,1,0,0,0,1,1,1,1,1,0,0,1,0,1,0.141861,0.000000,0.137708,0.000000,0.000000,0.000000,0.197854,0.214503,0.000000,0.180999,0.000000,0.000000,0.000000,0.000000,0.000000,0.127075,get_meal,1,35,9575,door,none,,,0.000000,1.000000,0,none,,8.262116,8.262116,completed,0,7,rain,17.000000
23,1124,3448252434,187,Day 7 15:35,none,,8.262116,8.262116,completed,0.000000,0.577416,0.000000,1.000000,0.055000,0.023333,0.257775,0.430000,0.055000,10,1,1,1,0,0,0,1,1,1,1,1,0,0,1,0,1,0.173977,0.000000,0.169107,0.000000,0.000000,0.000000,0.240523,0.261210,0.000000,0.000000,0.000000,0.000000,0.000000,0.000000,0.000000,0.155184,use_phone,1,25,9600,phone,none,,,0.000000,1.000000,0,none,,8.262116,8.262116,completed,0,7,rain,17.000000
23,1124,3448252434,188,Day 7 16:00,none,,8.262116,8.262116,completed,0.000000,0.669965,0.000000,1.000000,0.075833,0.040000,0.257775,0.525000,0.140000,10,1,1,1,0,0,0,1,1,1,1,1,0,0,1,0,1,0.139261,0.141646,0.136599,0.000000,0.000000,0.000000,0.214793,0.239996,0.000000,0.000000,0.000000,0.000000,0.000000,0.000000,0.000000,0.127706,sleep_at_bed,1,22,9622,bed,none,room-temperature-shift,,0.000000,1.000000,0,none,,8.262116,8.262116,completed,0,7,rain,17.000000
23,1124,3448252434,189,Day 7 16:22,none,,8.262116,8.262116,completed,0.000000,0.265866,0.000000,1.000000,0.094167,0.054667,0.257775,0.203000,0.126800,10,1,1,1,0,0,0,1,1,1,1,1,0,0,1,0,1,0.213178,0.194201,0.201224,0.000000,0.000000,0.000000,0.214765,0.000000,0.000000,0.000000,0.000000,0.000000,0.000000,0.000000,0.000000,0.176631,shop_on_phone,0,0,9622,phone,resource_insufficient,,,0.000000,1.000000,0,none,,8.262116,8.262116,completed,0,7,rain,17.000000
23,1124,3448252434,190,Day 7 16:22,none,,8.262116,8.262116,completed,0.000000,0.265866,0.000000,0.970000,0.094167,0.054667,0.287775,0.203000,0.126800,10,1,1,1,0,0,0,1,1,1,1,1,0,0,1,0,1,0.213274,0.194289,0.201315,0.000000,0.000000,0.000000,0.214412,0.000000,0.000000,0.000000,0.000000,0.000000,0.000000,0.000000,0.000000,0.176710,use_computer,1,30,9652,computer,none,,,0.000000,1.000000,0,none,,8.262116,8.262116,completed,0,7,rain,17.000000
23,1124,3448252434,191,Day 7 16:52,none,,8.262116,8.262116,completed,0.000000,0.380013,0.000000,0.960000,0.119167,0.074667,0.287775,0.283000,0.108800,10,1,1,1,0,0,0,1,1,1,1,1,0,0,1,0,1,0.254343,0.000000,0.242663,0.000000,0.000000,0.000000,0.286627,0.000000,0.000000,0.000000,0.000000,0.000000,0.000000,0.000000,0.000000,0.216367,rest_at_bed,1,60,9712,bed,none,evening,,0.000000,1.000000,0,none,,8.262116,8.262116,completed,0,7,rain,17.000000
23,1124,3448252434,192,Day 7 17:52,none,,8.262116,8.262116,completed,0.060000,0.170606,0.000000,0.990000,0.169167,0.114667,0.287775,0.083000,0.072800,10,1,1,1,0,0,0,1,1,1,1,1,0,0,1,0,1,0.225671,0.000000,0.209362,0.000000,0.000000,0.000000,0.194818,0.000000,0.000000,0.193392,0.000000,0.000000,0.000000,0.000000,0.000000,0.176757,idle,1,10,9722,,none,,,0.000000,1.000000,0,none,,8.262116,8.262116,completed,0,7,rain,17.000000
23,1124,3448252434,193,Day 7 18:02,none,,8.262116,8.262116,completed,0.183333,0.174606,0.000000,0.936667,0.177500,0.121333,0.287775,0.073000,0.066800,10,1,1,1,0,0,0,1,1,1,1,1,0,0,1,0,1,0.233322,0.000000,0.213131,0.000000,0.000000,0.000000,0.189843,0.000000,0.000000,0.189726,0.000000,0.000000,0.000000,0.000000,0.000000,0.173978,use_phone,1,25,9747,phone,none,,,0.000000,1.000000,0,none,,8.262116,8.262116,completed,0,7,rain,17.000000
23,1124,3448252434,194,Day 7 18:27,none,,8.262116,8.262116,completed,0.000000,0.267155,0.000000,0.968333,0.198333,0.138000,0.287775,0.168000,0.151800,10,1,1,1,0,0,0,1,1,1,1,1,0,0,1,0,1,0.154267,0.141858,0.145561,0.000000,0.000000,0.000000,0.152202,0.000000,0.137166,0.142048,0.000000,0.000000,0.000000,0.000000,0.000000,0.126898,rest_at_bed,1,60,9807,bed,none,,,0.000000,1.000000,0,none,,8.262116,8.262116,completed,0,7,rain,17.000000
23,1124,3448252434,195,Day 7 19:27,none,,8.262116,8.262116,completed,0.060000,0.057748,0.000000,0.998333,0.248333,0.178000,0.287775,0.000000,0.115800,10,1,1,1,0,0,0,1,1,1,1,1,0,0,1,0,1,0.227232,0.000000,0.208581,0.000000,0.000000,0.000000,0.000000,0.000000,0.191523,0.199405,0.000000,0.000000,0.000000,0.000000,0.000000,0.173260,go_to_bathroom,1,15,9822,door,none,,,0.000000,1.000000,0,none,,8.262116,8.262116,completed,0,7,rain,17.000000
23,1124,3448252434,196,Day 7 19:42,none,,8.262116,8.262116,completed,0.065000,0.063748,0.000000,1.000000,0.260833,0.000000,0.287775,0.000000,0.106800,10,1,1,1,0,0,0,1,1,1,1,1,0,0,1,0,1,0.280724,0.000000,0.257649,0.000000,0.000000,0.000000,0.000000,0.000000,0.000000,0.247884,0.000000,0.000000,0.000000,0.000000,0.000000,0.213743,use_phone,1,25,9847,phone,none,,,0.000000,1.000000,0,none,,8.262116,8.262116,completed,0,7,rain,17.000000
23,1124,3448252434,197,Day 7 20:07,none,,8.262116,8.262116,completed,0.000000,0.156298,0.000000,1.000000,0.281667,0.016667,0.287775,0.095000,0.191800,10,1,1,1,0,0,0,1,1,1,1,1,0,0,1,0,1,0.182124,0.167802,0.170081,0.000000,0.000000,0.000000,0.161249,0.000000,0.000000,0.172573,0.000000,0.000000,0.000000,0.000000,0.000000,0.146171,use_phone,1,25,9872,phone,none,,,0.000000,1.000000,0,none,,8.262116,8.262116,completed,0,7,rain,17.000000
23,1124,3448252434,198,Day 7 20:32,none,,8.262116,8.262116,completed,0.000000,0.248847,0.000000,1.000000,0.302500,0.033333,0.287775,0.190000,0.276800,10,1,1,1,0,0,0,1,1,1,1,1,0,0,1,0,1,0.174071,0.174462,0.164046,0.000000,0.000000,0.000000,0.171943,0.000000,0.000000,0.171847,0.000000,0.000000,0.000000,0.000000,0.000000,0.143631,use_phone,1,25,9897,phone,none,,,0.000000,1.000000,0,none,,8.262116,8.262116,completed,0,7,rain,17.000000
23,1124,3448252434,199,Day 7 20:57,none,,8.262116,8.262116,completed,0.000000,0.341396,0.000000,1.000000,0.323333,0.050000,0.287775,0.285000,0.361800,10,1,1,1,0,0,0,1,1,1,1,1,0,0,1,0,1,0.166111,0.181099,0.157974,0.000000,0.000000,0.000000,0.183054,0.000000,0.000000,0.170852,0.000000,0.000000,0.000000,0.000000,0.000000,0.140910,idle,1,10,9907,,none,,,0.000000,1.000000,0,none,,8.262116,8.262116,completed,0,7,rain,17.000000
23,1124,3448252434,200,Day 7 21:07,none,,8.262116,8.262116,completed,0.123333,0.345396,0.000000,0.946667,0.331667,0.056667,0.287775,0.275000,0.355800,10,1,1,1,0,0,0,1,1,1,1,1,0,0,1,0,1,0.172735,0.178031,0.161747,0.000000,0.000000,0.000000,0.179410,0.000000,0.000000,0.168581,0.000000,0.000000,0.000000,0.000000,0.000000,0.139496,use_computer,1,30,9937,computer,none,,,0.000000,1.000000,0,none,,8.262116,8.262116,completed,0,7,rain,17.000000
23,1124,3448252434,201,Day 7 21:37,none,,8.262116,8.262116,completed,0.000000,0.459543,0.000000,0.936667,0.356667,0.076667,0.287775,0.355000,0.337800,10,1,1,1,0,0,0,1,1,1,1,1,0,0,1,0,1,0.132725,0.145959,0.127606,0.000000,0.000000,0.000000,0.163437,0.171954,0.000000,0.142926,0.000000,0.000000,0.000000,0.000000,0.000000,0.115393,rest_at_bed,1,60,9997,bed,none,,,0.000000,1.000000,0,none,,8.262116,8.262116,completed,0,7,rain,17.000000
23,1124,3448252434,202,Day 7 22:37,none,,8.262116,8.262116,completed,0.060000,0.250136,0.000000,0.966667,0.406667,0.116667,0.287775,0.155000,0.301800,10,1,1,1,0,0,0,1,1,1,1,1,0,0,1,0,1,0.175894,0.173635,0.164440,0.000000,0.000000,0.000000,0.165922,0.000000,0.000000,0.179307,0.000000,0.000000,0.000000,0.000000,0.000000,0.140802,rest_at_bed,1,60,10057,bed,none,,,0.000000,1.000000,0,none,,8.262116,8.262116,completed,0,7,rain,17.000000
23,1124,3448252434,203,Day 7 23:37,none,,8.262116,8.262116,completed,0.120000,0.040729,0.000000,0.996667,0.456667,0.156667,0.287775,0.000000,0.265800,10,1,1,1,0,0,0,1,1,1,1,1,0,0,1,0,1,0.187623,0.167834,0.170670,0.000000,0.000000,0.000000,0.000000,0.000000,0.151500,0.182776,0.000000,0.000000,0.000000,0.000000,0.000000,0.139596,get_meal,1,35,10092,door,none,,,0.000000,1.000000,0,none,,8.262116,8.262116,completed,0,7,rain,17.000000
23,1124,3448252434,204,Day 8 00:12,none,,8.262116,8.262116,completed,0.091667,0.054729,0.000000,1.000000,0.000000,0.180000,0.287775,0.000000,0.244800,10,1,1,1,0,0,0,1,1,1,1,1,0,0,1,0,1,0.227674,0.203420,0.208094,0.000000,0.000000,0.000000,0.000000,0.000000,0.189358,0.000000,0.000000,0.000000,0.000000,0.000000,0.000000,0.171453,use_phone,1,25,10117,phone,none,,,0.000000,1.000000,0,none,,8.262116,8.262116,completed,0,7,rain,17.000000
23,1124,3448252434,205,Day 8 00:37,none,,8.262116,8.262116,completed,0.000000,0.147278,0.000000,1.000000,0.020833,0.196667,0.287775,0.095000,0.329800,10,1,1,1,0,0,0,1,1,1,1,1,0,0,1,0,1,0.180959,0.182595,0.168866,0.000000,0.000000,0.000000,0.159342,0.000000,0.163111,0.000000,0.000000,0.000000,0.000000,0.000000,0.000000,0.145126,use_phone,1,25,10142,phone,none,,,0.000000,1.000000,0,none,,8.262116,8.262116,completed,0,7,rain,17.000000
23,1124,3448252434,206,Day 8 01:02,none,,8.262116,8.262116,completed,0.000000,0.239827,0.000000,1.000000,0.041667,0.213333,0.287775,0.190000,0.414800,10,1,1,1,0,0,0,1,1,1,1,1,0,0,1,0,1,0.172915,0.189795,0.162833,0.000000,0.000000,0.000000,0.169866,0.000000,0.162022,0.000000,0.000000,0.000000,0.000000,0.000000,0.000000,0.142568,go_to_bathroom,1,15,10157,door,none,,,0.000000,1.000000,0,none,,8.262116,8.262116,completed,0,7,rain,17.000000
23,1124,3448252434,207,Day 8 01:17,none,,8.262116,8.262116,completed,0.005000,0.245827,0.000000,1.000000,0.054167,0.000000,0.287775,0.175000,0.405800,10,1,1,1,0,0,0,1,1,1,1,1,0,0,1,0,1,0.207314,0.225139,0.195160,0.000000,0.000000,0.000000,0.202235,0.000000,0.000000,0.000000,0.000000,0.000000,0.000000,0.000000,0.000000,0.170152,use_computer,1,30,10187,computer,none,,,0.000000,1.000000,0,none,,8.262116,8.262116,completed,0,7,rain,17.000000
23,1124,3448252434,208,Day 8 01:47,none,,8.262116,8.262116,completed,0.000000,0.359974,0.000000,0.990000,0.079167,0.020000,0.287775,0.255000,0.387800,10,1,1,1,0,0,0,1,1,1,1,1,0,0,1,0,1,0.200146,0.220958,0.190559,0.000000,0.000000,0.000000,0.219356,0.000000,0.000000,0.000000,0.000000,0.000000,0.000000,0.000000,0.000000,0.168981,idle,1,10,10197,,none,,,0.000000,1.000000,0,none,,8.262116,8.262116,completed,0,7,rain,17.000000
23,1124,3448252434,209,Day 8 01:57,none,,8.262116,8.262116,completed,0.123333,0.363974,0.000000,0.936667,0.087500,0.026667,0.287775,0.245000,0.381800,10,1,1,1,0,0,0,1,1,1,1,1,0,0,1,0,1,0.207561,0.216624,0.194580,0.000000,0.000000,0.000000,0.214405,0.000000,0.000000,0.000000,0.000000,0.000000,0.000000,0.000000,0.000000,0.166830,use_phone,1,25,10222,phone,none,,,0.000000,1.000000,0,none,,8.262116,8.262116,completed,0,7,rain,17.000000
23,1124,3448252434,210,Day 8 02:22,none,,8.262116,8.262116,completed,0.000000,0.456523,0.000000,0.968333,0.108333,0.043333,0.287775,0.340000,0.466800,10,1,1,1,0,0,0,1,1,1,1,1,0,0,1,0,1,0.153357,0.183112,0.147374,0.000000,0.000000,0.000000,0.186921,0.196357,0.000000,0.000000,0.000000,0.000000,0.000000,0.000000,0.000000,0.132878,use_phone,1,25,10247,phone,none,,,0.000000,1.000000,0,none,,8.262116,8.262116,completed,0,7,rain,17.000000
23,1124,3448252434,211,Day 8 02:47,none,,8.262116,8.262116,completed,0.000000,0.549072,0.000000,1.000000,0.129167,0.060000,0.287775,0.435000,0.551800,10,1,1,1,0,0,0,1,1,1,1,1,0,0,1,0,1,0.143084,0.185845,0.138758,0.000000,0.000000,0.000000,0.194568,0.210286,0.000000,0.000000,0.000000,0.000000,0.000000,0.000000,0.000000,0.127458,rest_at_bed,1,60,10307,bed,none,,,0.000000,1.000000,0,none,,8.262116,8.262116,completed,0,7,rain,17.000000
23,1124,3448252434,212,Day 8 03:47,none,,8.262116,8.262116,completed,0.060000,0.339666,0.000000,1.000000,0.179167,0.100000,0.287775,0.235000,0.515800,10,1,1,1,0,0,0,1,1,1,1,1,0,0,1,0,1,0.170245,0.198491,0.160539,0.000000,0.000000,0.000000,0.177342,0.000000,0.000000,0.153752,0.000000,0.000000,0.000000,0.000000,0.000000,0.139631,shop_on_phone,0,0,10307,phone,resource_insufficient,,,0.000000,1.000000,0,none,,8.262116,8.262116,completed,0,7,rain,17.000000
23,1124,3448252434,213,Day 8 03:47,none,,8.262116,8.262116,completed,0.060000,0.339666,0.000000,0.970000,0.179167,0.100000,0.317775,0.235000,0.515800,10,1,1,1,0,0,0,1,1,1,1,1,0,0,1,0,1,0.170308,0.198565,0.160599,0.000000,0.000000,0.000000,0.177036,0.000000,0.000000,0.153809,0.000000,0.000000,0.000000,0.000000,0.000000,0.139683,use_computer,1,30,10337,computer,none,,,0.000000,1.000000,0,none,,8.262116,8.262116,completed,0,7,rain,17.000000
23,1124,3448252434,214,Day 8 04:17,none,,8.262116,8.262116,completed,0.000000,0.453812,0.000000,0.960000,0.204167,0.120000,0.317775,0.315000,0.497800,10,1,1,1,0,0,0,1,1,1,1,1,0,0,1,0,1,0.134083,0.162537,0.128778,0.000000,0.000000,0.000000,0.160557,0.168679,0.000000,0.129822,0.000000,0.000000,0.000000,0.000000,0.000000,0.115544,shop_on_phone,0,0,10337,phone,resource_insufficient,,,0.000000,1.000000,0,none,,8.262116,8.262116,completed,0,7,rain,17.000000
23,1124,3448252434,215,Day 8 04:17,none,,8.262116,8.262116,completed,0.000000,0.453812,0.000000,0.930000,0.204167,0.120000,0.347775,0.315000,0.497800,10,1,1,1,0,0,0,1,1,1,1,1,0,0,1,0,1,0.134128,0.162592,0.128821,0.000000,0.000000,0.000000,0.160274,0.168735,0.000000,0.129866,0.000000,0.000000,0.000000,0.000000,0.000000,0.115583,sleep_at_bed,1,480,10817,bed,none,alarm-rings|weather-clear,,0.000000,1.000000,0,none,,8.262116,8.262116,completed,0,7,clear,17.000000
23,1124,3448252434,216,Day 8 12:17,none,,8.262116,8.262116,completed,0.110000,0.179320,0.000000,0.850000,0.604167,0.440000,0.379456,0.000000,0.209800,11,1,1,1,0,0,0,1,1,1,1,1,0,1,1,0,1,0.149451,0.130847,0.137712,0.000000,0.000000,0.000000,0.000000,0.000000,0.148079,0.162592,0.000000,0.000000,0.158390,0.000000,0.000000,0.112929,shop_on_phone,0,0,10817,phone,resource_insufficient,,,0.000000,1.000000,0,none,,8.262116,8.262116,completed,0,7,clear,17.000000
23,1124,3448252434,217,Day 8 12:17,none,,8.262116,8.262116,completed,0.110000,0.179320,0.000000,0.820000,0.604167,0.440000,0.409456,0.000000,0.209800,11,1,1,1,0,0,0,1,1,1,1,1,0,1,1,0,1,0.149326,0.130739,0.137597,0.000000,0.000000,0.000000,0.000000,0.000000,0.147956,0.162457,0.000000,0.000000,0.159090,0.000000,0.000000,0.112835,get_meal,1,35,10852,door,none,,,0.000000,1.000000,0,none,,8.262116,8.262116,completed,0,7,clear,17.000000
23,1124,3448252434,218,Day 8 12:52,none,,8.262116,8.262116,completed,0.081667,0.193320,0.000000,0.928601,0.083333,0.463333,0.409456,0.000000,0.188800,11,1,1,1,0,0,0,1,1,1,1,1,0,1,1,0,1,0.176486,0.154334,0.163402,0.000000,0.000000,0.000000,0.000000,0.000000,0.180115,0.000000,0.000000,0.000000,0.190686,0.000000,0.000000,0.134977,turn_off_alarm,1,1,10853,alarm,none,,,0.000000,1.000000,0,none,,8.262116,8.262116,completed,0,7,clear,17.000000
23,1124,3448252434,219,Day 8 12:53,none,,8.262116,8.262116,completed,0.082000,0.193720,0.000000,0.958268,0.084167,0.464000,0.389456,0.000000,0.188200,10,1,1,1,0,0,0,1,1,1,1,1,0,0,1,0,1,0.184940,0.161647,0.171229,0.000000,0.000000,0.000000,0.151950,0.000000,0.188805,0.000000,0.000000,0.000000,0.000000,0.000000,0.000000,0.141430,shop_on_phone,0,0,10853,phone,resource_insufficient,,,0.000000,1.000000,0,none,,8.262116,8.262116,completed,0,7,clear,17.000000
23,1124,3448252434,220,Day 8 12:53,none,,8.262116,8.262116,completed,0.082000,0.193720,0.000000,0.928268,0.084167,0.464000,0.419456,0.000000,0.188200,10,1,1,1,0,0,0,1,1,1,1,1,0,0,1,0,1,0.218077,0.190610,0.201909,0.000000,0.000000,0.000000,0.000000,0.000000,0.222634,0.000000,0.000000,0.000000,0.000000,0.000000,0.000000,0.166771,use_computer,1,30,10883,computer,none,,,0.000000,1.000000,0,none,,8.262116,8.262116,completed,0,7,clear,17.000000
23,1124,3448252434,221,Day 8 13:23,none,,8.262116,8.262116,completed,0.000000,0.307866,0.000000,0.918268,0.109167,0.484000,0.419456,0.080000,0.170200,10,1,1,1,0,0,0,1,1,1,1,1,0,0,1,0,1,0.174539,0.160047,0.165049,0.000000,0.000000,0.000000,0.166502,0.000000,0.192433,0.000000,0.000000,0.000000,0.000000,0.000000,0.000000,0.141430,use_computer,1,30,10913,computer,none,message-study-group,,0.000000,1.000000,0,none,,8.262116,8.262116,completed,0,8,clear,17.000000
23,1124,3448252434,222,Day 8 13:53,none,,8.262116,8.262116,completed,0.000000,0.422013,0.000000,0.908268,0.134167,0.504000,0.419456,0.160000,0.152200,10,1,1,1,0,0,0,1,1,1,1,1,0,0,1,0,1,0.168507,0.156757,0.161058,0.000000,0.000000,0.000000,0.180191,0.000000,0.193299,0.000000,0.000000,0.000000,0.000000,0.000000,0.000000,0.140189,shop_on_phone,0,0,10913,phone,resource_insufficient,,,0.000000,1.000000,0,none,,8.262116,8.262116,completed,0,8,clear,17.000000
23,1124,3448252434,223,Day 8 13:53,none,,8.262116,8.262116,completed,0.000000,0.422013,0.000000,0.878268,0.134167,0.504000,0.449456,0.160000,0.152200,10,1,1,1,0,0,0,1,1,1,1,1,0,0,1,0,1,0.168570,0.156816,0.161119,0.000000,0.000000,0.000000,0.179881,0.000000,0.193372,0.000000,0.000000,0.000000,0.000000,0.000000,0.000000,0.140242,use_phone,1,25,10938,phone,none,,,0.000000,1.000000,0,none,,8.262116,8.262116,completed,0,8,clear,17.000000
23,1124,3448252434,224,Day 8 14:18,none,,8.262116,8.262116,completed,0.000000,0.514562,0.000000,0.909934,0.155000,0.520667,0.449456,0.255000,0.237200,10,1,1,1,0,0,0,1,1,1,1,1,0,0,1,0,1,0.118710,0.120127,0.114499,0.000000,0.000000,0.000000,0.141325,0.151694,0.141560,0.110551,0.000000,0.000000,0.000000,0.000000,0.000000,0.101534,get_meal,1,35,10973,door,none,,,0.000000,1.000000,0,none,,8.262116,8.262116,completed,0,8,clear,17.000000
23,1124,3448252434,225,Day 8 14:53,none,,8.262116,8.262116,completed,0.000000,0.528562,0.000000,1.000000,0.000000,0.544000,0.449456,0.220000,0.216200,10,1,1,1,0,0,0,1,1,1,1,1,0,0,1,0,1,0.134155,0.133053,0.129485,0.000000,0.000000,0.000000,0.157954,0.169834,0.161481,0.000000,0.000000,0.000000,0.000000,0.000000,0.000000,0.114038,use_phone,1,25,10998,phone,none,,,0.000000,1.000000,0,none,,8.262116,8.262116,completed,0,8,clear,17.000000
23,1124,3448252434,226,Day 8 15:18,none,,8.262116,8.262116,completed,0.000000,0.621111,0.000000,1.000000,0.020833,0.560667,0.449456,0.315000,0.301200,10,1,1,1,0,0,0,1,1,1,1,1,0,0,1,0,1,0.125870,0.135795,0.122598,0.000000,0.000000,0.000000,0.165338,0.182901,0.157498,0.000000,0.000000,0.000000,0.000000,0.000000,0.000000,0.110000,use_phone,1,25,11023,phone,none,,,0.000000,1.000000,0,none,,8.262116,8.262116,completed,0,8,clear,17.000000
23,1124,3448252434,227,Day 8 15:43,none,,8.262116,8.262116,completed,0.000000,0.713661,0.000000,1.000000,0.041667,0.577333,0.449456,0.410000,0.386200,10,1,1,1,0,0,0,1,1,1,1,1,0,0,1,0,1,0.117799,0.138245,0.115785,0.000000,0.000000,0.000000,0.172630,0.196477,0.153227,0.000000,0.000000,0.000000,0.000000,0.000000,0.000000,0.105837,sleep_at_bed,1,211,11234,bed,none,evening|room-temperature-shift,,0.000000,1.000000,0,none,,8.262116,8.262116,completed,0,8,clear,17.000000
23,1124,3448252434,228,Day 8 19:14,none,,8.262116,8.262116,completed,0.000000,0.363045,0.000000,1.000000,0.217500,0.718000,0.449456,0.000000,0.259600,10,1,1,1,0,0,0,1,1,1,1,1,0,0,1,0,1,0.146371,0.140709,0.138900,0.000000,0.000000,0.000000,0.137790,0.000000,0.186278,0.132779,0.000000,0.000000,0.000000,0.000000,0.000000,0.117173,use_computer,1,30,11264,computer,none,,,0.000000,1.000000,0,none,,8.262116,8.262116,completed,0,8,clear,17.000000
23,1124,3448252434,229,Day 8 19:44,none,,8.262116,8.262116,completed,0.000000,0.477192,0.000000,0.990000,0.242500,0.738000,0.449456,0.080000,0.241600,10,1,1,1,0,0,0,1,1,1,1,1,0,0,1,0,1,0.141202,0.137709,0.135435,0.000000,0.000000,0.000000,0.149001,0.000000,0.186970,0.133629,0.000000,0.000000,0.000000,0.000000,0.000000,0.116054,get_meal,1,35,11299,door,none,,,0.000000,1.000000,0,none,,8.262116,8.262116,completed,0,8,clear,17.000000
23,1124,3448252434,230,Day 8 20:19,none,,8.262116,8.262116,completed,0.000000,0.491192,0.000000,1.000000,0.000000,0.761333,0.449456,0.045000,0.220600,10,1,1,1,0,0,0,1,1,1,1,1,0,0,1,0,1,0.163594,0.156369,0.157020,0.000000,0.000000,0.000000,0.170730,0.000000,0.218655,0.000000,0.000000,0.000000,0.000000,0.000000,0.000000,0.133631,shop_on_phone,0,0,11299,phone,resource_insufficient,,,0.000000,1.000000,0,none,,8.262116,8.262116,completed,0,8,clear,17.000000
23,1124,3448252434,231,Day 8 20:19,none,,8.262116,8.262116,completed,0.000000,0.491192,0.000000,0.970000,0.000000,0.761333,0.479456,0.045000,0.220600,10,1,1,1,0,0,0,1,1,1,1,1,0,0,1,0,1,0.163652,0.156425,0.157076,0.000000,0.000000,0.000000,0.170434,0.000000,0.218733,0.000000,0.000000,0.000000,0.000000,0.000000,0.000000,0.133679,idle,1,10,11309,,none,,,0.000000,1.000000,0,none,,8.262116,8.262116,completed,0,8,clear,17.000000
23,1124,3448252434,232,Day 8 20:29,none,,8.262116,8.262116,completed,0.123333,0.495192,0.000000,0.916667,0.008333,0.768000,0.479456,0.035000,0.214600,10,1,1,1,0,0,0,1,1,1,1,1,0,0,1,0,1,0.170214,0.153807,0.160861,0.000000,0.000000,0.000000,0.167076,0.000000,0.215678,0.000000,0.000000,0.000000,0.000000,0.000000,0.000000,0.132365,shop_on_phone,0,0,11309,phone,resource_insufficient,,,0.000000,1.000000,0,none,,8.262116,8.262116,completed,0,8,clear,17.000000
23,1124,3448252434,233,Day 8 20:29,none,,8.262116,8.262116,completed,0.123333,0.495192,0.000000,0.886667,0.008333,0.768000,0.509456,0.035000,0.214600,10,1,1,1,0,0,0,1,1,1,1,1,0,0,1,0,1,0.170273,0.153861,0.160918,0.000000,0.000000,0.000000,0.166784,0.000000,0.215753,0.000000,0.000000,0.000000,0.000000,0.000000,0.000000,0.132411,idle,1,10,11319,,none,,,0.000000,1.000000,0,none,,8.262116,8.262116,completed,0,8,clear,17.000000
23,1124,3448252434,234,Day 8 20:39,none,,8.262116,8.262116,completed,0.246667,0.499192,0.000000,0.833333,0.016667,0.774667,0.509456,0.025000,0.208600,10,1,1,1,0,0,0,1,1,1,1,1,0,0,1,0,1,0.177007,0.151205,0.164709,0.000000,0.000000,0.000000,0.163412,0.000000,0.212627,0.000000,0.000000,0.000000,0.000000,0.000000,0.000000,0.131041,use_phone,1,25,11344,phone,none,,,0.000000,1.000000,0,none,,8.262116,8.262116,completed,0,8,clear,17.000000
23,1124,3448252434,235,Day 8 21:04,none,,8.262116,8.262116,completed,0.035000,0.591741,0.000000,0.865000,0.037500,0.791333,0.509456,0.120000,0.293600,10,1,1,1,0,0,0,1,1,1,1,1,0,0,1,0,1,0.132451,0.134207,0.127770,0.000000,0.000000,0.000000,0.150193,0.163924,0.182097,0.000000,0.000000,0.000000,0.000000,0.000000,0.000000,0.109357,rest_at_bed,1,60,11404,bed,none,,,0.000000,1.000000,0,none,,8.262116,8.262116,completed,0,8,clear,17.000000
23,1124,3448252434,236,Day 8 22:04,none,,8.262116,8.262116,completed,0.095000,0.382335,0.000000,0.895000,0.087500,0.831333,0.509456,0.000000,0.257600,10,1,1,1,0,0,0,1,1,1,1,1,0,0,1,0,1,0.170593,0.157789,0.160199,0.000000,0.000000,0.000000,0.154969,0.000000,0.224573,0.000000,0.000000,0.000000,0.000000,0.000000,0.000000,0.131877,use_phone,1,25,11429,phone,none,,,0.000000,1.000000,0,none,,8.262116,8.262116,completed,0,8,clear,17.000000
23,1124,3448252434,237,Day 8 22:29,none,,8.262116,8.262116,completed,0.000000,0.474884,0.000000,0.926667,0.108333,0.848000,0.509456,0.095000,0.342600,10,1,1,1,0,0,0,1,1,1,1,1,0,0,1,0,1,0.158314,0.165599,0.151851,0.000000,0.000000,0.000000,0.167525,0.000000,0.226208,0.000000,0.000000,0.000000,0.000000,0.000000,0.000000,0.130503,shop_on_phone,0,0,11429,phone,resource_insufficient,,,0.000000,1.000000,0,none,,8.262116,8.262116,completed,0,8,clear,17.000000
23,1124,3448252434,238,Day 8 22:29,none,,8.262116,8.262116,completed,0.000000,0.474884,0.000000,0.896667,0.108333,0.848000,0.539456,0.095000,0.342600,10,1,1,1,0,0,0,1,1,1,1,1,0,0,1,0,1,0.158370,0.165657,0.151904,0.000000,0.000000,0.000000,0.167233,0.000000,0.226287,0.000000,0.000000,0.000000,0.000000,0.000000,0.000000,0.130549,use_computer,1,30,11459,computer,none,,,0.000000,1.000000,0,none,,8.262116,8.262116,completed,0,8,clear,17.000000
23,1124,3448252434,239,Day 8 22:59,none,,8.262116,8.262116,completed,0.000000,0.589030,0.000000,0.886667,0.133333,0.868000,0.539456,0.175000,0.324600,10,1,1,1,0,0,0,1,1,1,1,1,0,0,1,0,1,0.127473,0.135272,0.123583,0.000000,0.000000,0.000000,0.150887,0.165390,0.189508,0.000000,0.000000,0.000000,0.000000,0.000000,0.000000,0.107886,use_phone,1,25,11484,phone,none,,,0.000000,1.000000,0,none,,8.262116,8.262116,completed,0,8,clear,17.000000
23,1124,3448252434,240,Day 8 23:24,none,,8.262116,8.262116,completed,0.000000,0.681580,0.000000,0.918333,0.154167,0.884667,0.539456,0.270000,0.409600,10,1,1,1,0,0,0,1,1,1,1,1,0,0,1,0,1,0.107470,0.124057,0.105142,0.000000,0.000000,0.000000,0.141921,0.160050,0.166088,0.101761,0.000000,0.000000,0.000000,0.000000,0.000000,0.093510,sleep_at_bed,1,480,11964,bed,none,alarm-rings,,0.000000,1.000000,0,none,,8.262116,8.262116,completed,0,8,clear,17.000000
23,1124,3448252434,241,Day 9 07:24,none,,8.262116,8.262116,completed,0.110000,0.407087,0.000000,0.838333,0.554167,1.000000,0.571138,0.000000,0.121600,11,1,1,1,0,0,0,1,1,1,1,1,0,1,1,0,1,0.123154,0.103651,0.115670,0.000000,0.000000,0.000000,0.112315,0.000000,0.180513,0.132272,0.000000,0.000000,0.137571,0.000000,0.000000,0.094854,shop_on_phone,0,0,11964,phone,resource_insufficient,,,0.000000,1.000000,0,none,,8.262116,8.262116,completed,0,8,clear,17.000000
23,1124,3448252434,242,Day 9 07:24,none,,8.262116,8.262116,completed,0.110000,0.407087,0.000000,0.808333,0.554167,1.000000,0.601138,0.000000,0.121600,11,1,1,1,0,0,0,1,1,1,1,1,0,1,1,0,1,0.123094,0.103600,0.115613,0.000000,0.000000,0.000000,0.112025,0.000000,0.180425,0.132208,0.000000,0.000000,0.138227,0.000000,0.000000,0.094808,use_phone,1,25,11989,phone,none,,,0.000000,1.000000,0,none,,8.262116,8.262116,completed,0,8,clear,17.000000
23,1124,3448252434,243,Day 9 07:49,none,,8.262116,8.262116,completed,0.000000,0.499636,0.000000,0.840000,0.575000,1.000000,0.601138,0.095000,0.206600,11,1,1,1,0,0,0,1,1,1,1,1,0,1,1,0,1,0.113812,0.108993,0.109393,0.000000,0.000000,0.000000,0.121480,0.000000,0.180296,0.133884,0.000000,0.000000,0.138128,0.000000,0.000000,0.094014,go_to_bathroom,1,15,12004,door,none,,,0.000000,1.000000,0,none,,8.262116,8.262116,completed,0,8,clear,17.000000
23,1124,3448252434,244,Day 9 08:04,none,,8.262116,8.262116,completed,0.005000,0.505636,0.000000,0.915268,0.587500,0.390000,0.601138,0.080000,0.197600,11,1,1,1,0,0,0,1,1,1,1,1,0,1,1,0,1,0.121524,0.115143,0.116765,0.000000,0.000000,0.000000,0.128804,0.000000,0.127678,0.143396,0.000000,0.000000,0.146764,0.000000,0.000000,0.099927,get_meal,1,35,12039,door,none,,,0.000000,1.000000,0,none,,8.262116,8.262116,completed,0,8,clear,17.000000
23,1124,3448252434,245,Day 9 08:39,none,,8.262116,8.262116,completed,0.000000,0.519636,0.000000,1.000000,0.066667,0.413333,0.601138,0.045000,0.176600,11,1,1,1,0,0,0,1,1,1,1,1,0,1,1,0,1,0.142288,0.132403,0.136897,0.000000,0.000000,0.000000,0.149493,0.000000,0.151242,0.000000,0.000000,0.000000,0.171173,0.000000,0.000000,0.116505,idle,1,10,12049,,none,,,0.000000,1.000000,0,none,,8.262116,8.262116,completed,0,8,clear,17.000000
23,1124,3448252434,246,Day 9 08:49,none,,8.262116,8.262116,completed,0.123333,0.523636,0.000000,0.946667,0.075000,0.420000,0.601138,0.035000,0.170600,11,1,1,1,0,0,0,1,1,1,1,1,0,1,1,0,1,0.148372,0.130520,0.140555,0.000000,0.000000,0.000000,0.146923,0.000000,0.149511,0.000000,0.000000,0.000000,0.168465,0.000000,0.000000,0.115655,use_computer,1,30,12079,computer,none,,,0.000000,1.000000,0,none,,8.262116,8.262116,completed,0,8,clear,17.000000
23,1124,3448252434,247,Day 9 09:19,none,,8.262116,8.262116,completed,0.000000,0.637783,0.000000,0.936667,0.100000,0.440000,0.601138,0.115000,0.152600,11,1,1,1,0,0,0,1,1,1,1,1,0,1,1,0,1,0.116677,0.109515,0.113486,0.000000,0.000000,0.000000,0.136979,0.152189,0.129382,0.000000,0.000000,0.000000,0.143858,0.000000,0.000000,0.097914,sleep_at_bed,1,480,12559,bed,none,message-study-group|weather-clear,,0.000000,1.000000,0,none,,8.262116,8.262116,completed,0,9,clear,17.000000
23,1124,3448252434,248,Day 9 17:19,none,,8.262116,8.262116,completed,0.080000,0.363290,0.000000,0.856667,0.500000,0.760000,0.601138,0.000000,0.000000,11,1,1,1,0,0,0,1,1,1,1,1,0,1,1,0,1,0.141683,0.000000,0.133092,0.000000,0.000000,0.000000,0.127276,0.000000,0.178803,0.148466,0.000000,0.000000,0.160694,0.000000,0.000000,0.109986,go_to_bathroom,1,15,12574,door,none,,,0.000000,1.000000,0,none,,8.262116,8.262116,completed,0,9,clear,17.000000
23,1124,3448252434,249,Day 9 17:34,none,,8.262116,8.262116,completed,0.085000,0.369290,0.000000,0.931934,0.512500,0.150000,0.601138,0.000000,0.000000,11,1,1,1,0,0,0,1,1,1,1,1,0,1,1,0,1,0.150598,0.000000,0.141448,0.000000,0.000000,0.000000,0.135472,0.000000,0.126445,0.158793,0.000000,0.000000,0.170504,0.000000,0.000000,0.116741,get_meal,1,35,12609,door,none,room-temperature-shift,,0.000000,1.000000,0,none,,8.262116,8.262116,completed,0,9,clear,24.000000
23,1124,3448252434,250,Day 9 18:09,none,,8.262116,8.262116,completed,0.056667,0.383290,0.000000,1.000000,0.000000,0.173333,0.601138,0.000000,0.000000,11,1,1,1,0,0,0,1,1,1,1,1,0,1,1,0,1,0.176667,0.000000,0.166728,0.000000,0.000000,0.000000,0.162359,0.000000,0.152785,0.000000,0.000000,0.000000,0.202849,0.000000,0.000000,0.138613,turn_off_alarm,1,1,12610,alarm,none,,,0.000000,1.000000,0,none,,8.262116,8.262116,completed,0,9,clear,24.000000
23,1124,3448252434,251,Day 9 18:10,none,,8.262116,8.262116,completed,0.057000,0.383690,0.000000,1.000000,0.000833,0.174000,0.581138,0.000000,0.000000,10,1,1,1,0,0,0,1,1,1,1,1,0,0,1,0,1,0.221546,0.000000,0.209080,0.000000,0.000000,0.000000,0.203906,0.000000,0.191659,0.000000,0.000000,0.000000,0.000000,0.000000,0.000000,0.173808,use_phone,1,25,12635,phone,none,,,0.000000,1.000000,0,none,,8.262116,8.262116,completed,0,9,clear,24.000000
23,1124,3448252434,252,Day 9 18:35,none,,8.262116,8.262116,completed,0.000000,0.476239,0.000000,1.000000,0.021667,0.190667,0.581138,0.095000,0.085000,10,1,1,1,0,0,0,1,1,1,1,1,0,0,1,0,1,0.210068,0.000000,0.201515,0.000000,0.000000,0.000000,0.221361,0.000000,0.193872,0.000000,0.000000,0.000000,0.000000,0.000000,0.000000,0.173185,use_phone,1,25,12660,phone,none,,,0.000000,1.000000,0,none,,8.262116,8.262116,completed,0,9,clear,24.000000
23,1124,3448252434,253,Day 9 19:00,none,,8.262116,8.262116,completed,0.000000,0.568788,0.000000,1.000000,0.042500,0.207333,0.581138,0.190000,0.170000,10,1,1,1,0,0,0,1,1,1,1,1,0,0,1,0,1,0.138958,0.133262,0.134518,0.000000,0.000000,0.000000,0.163362,0.178808,0.133315,0.000000,0.000000,0.000000,0.000000,0.000000,0.000000,0.117777,idle,1,10,12670,,none,,,0.000000,1.000000,0,none,,8.262116,8.262116,completed,0,9,clear,24.000000
23,1124,3448252434,254,Day 9 19:10,none,,8.262116,8.262116,completed,0.123333,0.572788,0.000000,0.946667,0.050833,0.214000,0.581138,0.180000,0.164000,10,1,1,1,0,0,0,1,1,1,1,1,0,0,1,0,1,0.144978,0.131438,0.138187,0.000000,0.000000,0.000000,0.160640,0.175915,0.131861,0.000000,0.000000,0.000000,0.000000,0.000000,0.000000,0.116981,use_phone,1,25,12695,phone,none,,,0.000000,1.000000,0,none,,8.262116,8.262116,completed,0,9,clear,24.000000
23,1124,3448252434,255,Day 9 19:35,none,,8.262116,8.262116,completed,0.000000,0.665338,0.000000,0.978333,0.071667,0.230667,0.581138,0.275000,0.249000,10,1,1,1,0,0,0,1,1,1,1,1,0,0,1,0,1,0.130469,0.135326,0.127479,0.000000,0.000000,0.000000,0.170580,0.192189,0.130469,0.000000,0.000000,0.000000,0.000000,0.000000,0.000000,0.113487,use_computer,1,30,12725,computer,none,evening,,0.000000,1.000000,0,none,,8.262116,8.262116,completed,0,9,clear,24.000000
23,1124,3448252434,256,Day 9 20:05,none,,8.262116,8.262116,completed,0.000000,0.779484,0.000000,0.968333,0.096667,0.250667,0.581138,0.355000,0.231000,10,1,1,1,0,0,0,1,1,1,1,1,0,0,1,0,1,0.122763,0.129180,0.121239,0.000000,0.000000,0.000000,0.179918,0.209536,0.127729,0.000000,0.000000,0.000000,0.000000,0.000000,0.000000,0.109636,use_phone,1,25,12750,phone,none,,,0.000000,1.000000,0,none,,8.262116,8.262116,completed,0,9,clear,24.000000
