personality_index,scenario_seed,action_seed,step,decision_time,pre_commitment_status,pre_commitment_task_id,pre_task_effort,pre_task_effort_target,pre_task_status,pre_boredom,pre_fatigue,pre_task_pressure,pre_satisfaction,pre_hunger,pre_bathroom_urge,pre_anxiety,pre_screen_strain,pre_purchase_urge,known_action_count,known_use_phone,known_shop_on_phone,known_use_computer,known_study_at_computer,known_study_focused,known_study_halfhearted,known_rest_at_bed,known_sleep_at_bed,known_go_to_bathroom,known_get_meal,known_turn_light_on,known_turn_light_off,known_turn_off_alarm,known_open_curtain,known_close_curtain,known_idle,p_use_phone,p_shop_on_phone,p_use_computer,p_study_at_computer,p_study_focused,p_study_halfhearted,p_rest_at_bed,p_sleep_at_bed,p_go_to_bathroom,p_get_meal,p_turn_light_on,p_turn_light_off,p_turn_off_alarm,p_open_curtain,p_close_curtain,p_idle,chosen_action,accepted,elapsed_minutes,simulation_total_minutes,target_object_id,failure_reason,event_ids,outcome_task_id,outcome_task_effort_gained,outcome_task_settlement_variation,outcome_task_session_interrupted,post_commitment_status,post_commitment_task_id,post_task_effort,post_task_effort_target,post_task_status,post_wallet,post_unread_messages,post_weather,post_temperature_celsius
32,1120,3448229839,1,Day 1 08:00,none,,0.000000,7.863635,active,0.550000,0.150000,0.550000,0.450000,0.250000,0.150000,0.200000,0.050000,0.100000,13,1,1,1,1,1,1,1,1,1,1,0,1,0,0,1,1,0.140858,0.073791,0.110101,0.129735,0.138664,0.116657,0.073729,0.000000,0.072255,0.081553,0.000000,0.000000,0.000000,0.000000,0.000000,0.062656,use_phone,1,25,505,phone,none,,,0.000000,1.000000,0,none,,0.000000,7.863635,active,120,0,clear,23.000000
32,1120,3448229839,2,Day 1 08:25,none,,0.000000,7.863635,active,0.338333,0.249410,0.645952,0.481667,0.270833,0.166667,0.248316,0.145000,0.185000,13,1,1,1,1,1,1,1,1,1,1,0,1,0,0,1,1,0.108389,0.080727,0.091337,0.146791,0.157609,0.111874,0.086693,0.000000,0.073433,0.083251,0.000000,0.000000,0.000000,0.000000,0.000000,0.059896,study_at_computer,1,35,540,computer,none,,coursework,0.857862,0.904914,0,active,coursework,0.857862,7.863635,active,120,0,clear,23.000000
32,1120,3448229839,3,Day 1 09:00,active,coursework,0.857862,7.863635,active,0.370000,0.377867,0.518400,0.550000,0.300000,0.190000,0.206971,0.190000,0.164000,13,1,1,1,1,1,1,1,1,1,1,0,1,0,0,1,1,0.104455,0.076736,0.089365,0.138950,0.150662,0.121380,0.100884,0.000000,0.073915,0.084322,0.000000,0.000000,0.000000,0.000000,0.000000,0.059331,study_focused,1,35,575,desk,none,,coursework,0.441025,0.990383,0,active,coursework,1.298887,7.863635,active,120,0,clear,23.000000
32,1120,3448229839,4,Day 1 09:35,active,coursework,1.298887,7.863635,active,0.401667,0.501867,0.390847,0.618333,0.329167,0.213333,0.156971,0.155000,0.143000,13,1,1,1,1,1,1,1,1,1,1,0,1,0,0,1,1,0.104853,0.073348,0.090797,0.105014,0.114989,0.105177,0.111065,0.000000,0.074815,0.085882,0.000000,0.074962,0.000000,0.000000,0.000000,0.059099,get_meal,1,35,610,door,none,,,0.000000,1.000000,0,suspended,coursework,1.298887,7.863635,active,120,0,clear,23.000000
32,1120,3448229839,5,Day 1 10:10,suspended,coursework,1.298887,7.863635,active,0.373333,0.515867,0.390847,0.725016,0.000000,0.236667,0.156971,0.120000,0.122000,13,1,1,1,1,1,1,1,1,1,1,0,1,0,0,1,1,0.113700,0.078156,0.099330,0.114877,0.127730,0.113678,0.120886,0.000000,0.084890,0.000000,0.000000,0.082043,0.000000,0.000000,0.000000,0.064711,use_computer,1,30,640,computer,none,,,0.000000,1.000000,0,suspended,coursework,1.298887,7.863635,active,120,0,clear,23.000000
32,1120,3448229839,6,Day 1 10:40,suspended,coursework,1.298887,7.863635,active,0.223333,0.635791,0.466800,0.715016,0.025000,0.256667,0.205287,0.200000,0.104000,13,1,1,1,1,1,1,1,1,1,1,0,1,0,0,1,1,0.083713,0.000000,0.077823,0.112590,0.125007,0.103638,0.129478,0.153537,0.078053,0.000000,0.000000,0.079854,0.000000,0.000000,0.000000,0.056308,go_to_bathroom,1,15,655,door,none,,,0.000000,1.000000,0,suspended,coursework,1.298887,7.863635,active,120,0,clear,23.000000
32,1120,3448229839,7,Day 1 10:55,suspended,coursework,1.298887,7.863635,active,0.228333,0.641791,0.466800,0.788366,0.037500,0.000000,0.205287,0.185000,0.095000,13,1,1,1,1,1,1,1,1,1,1,0,1,0,0,1,1,0.091126,0.000000,0.084655,0.121068,0.135844,0.116780,0.138928,0.164992,0.000000,0.000000,0.000000,0.085886,0.000000,0.000000,0.000000,0.060722,use_phone,1,25,680,phone,none,,,0.000000,1.000000,0,suspended,coursework,1.298887,7.863635,active,120,0,clear,23.000000
32,1120,3448229839,8,Day 1 11:20,suspended,coursework,1.298887,7.863635,active,0.016667,0.741200,0.562752,0.820032,0.058333,0.016667,0.253604,0.280000,0.180000,13,1,1,1,1,1,1,1,1,1,1,0,1,0,0,1,1,0.065851,0.073632,0.065952,0.102234,0.115235,0.087261,0.153409,0.195190,0.000000,0.000000,0.000000,0.086721,0.000000,0.000000,0.000000,0.054513,turn_light_off,1,1,681,light,none,,,0.000000,1.000000,0,suspended,coursework,1.298887,7.863635,active,120,0,clear,23.000000
32,1120,3448229839,9,Day 1 11:21,suspended,coursework,1.298887,7.863635,active,0.017000,0.741600,0.562752,0.839699,0.059167,0.017333,0.253636,0.279000,0.179400,10,1,1,1,0,0,0,1,1,1,1,1,0,0,0,1,1,0.093957,0.104905,0.094096,0.000000,0.000000,0.000000,0.218674,0.278260,0.000000,0.000000,0.132377,0.000000,0.000000,0.000000,0.000000,0.077731,rest_at_bed,1,60,741,bed,none,task-reminder|message-study-group,,0.000000,1.000000,0,suspended,coursework,1.298887,7.863635,active,120,1,clear,23.000000
32,1120,3448229839,10,Day 1 12:21,suspended,coursework,1.298887,7.863635,active,0.077000,0.525609,0.838705,0.869699,0.109167,0.057333,0.491231,0.079000,0.143400,10,1,1,1,0,0,0,1,1,1,1,1,0,0,0,1,1,0.157147,0.140399,0.148416,0.000000,0.000000,0.000000,0.202787,0.000000,0.000000,0.000000,0.244228,0.000000,0.000000,0.000000,0.000000,0.107023,shop_on_phone,1,20,761,phone,none,,,0.000000,1.000000,0,suspended,coursework,1.298887,7.863635,active,90,1,clear,23.000000
32,1120,3448229839,11,Day 1 12:41,suspended,coursework,1.298887,7.863635,active,0.083667,0.539552,0.894657,0.963032,0.125833,0.070667,0.554427,0.139000,0.000000,10,1,1,1,0,0,0,1,1,1,1,1,0,0,0,1,1,0.136192,0.000000,0.128932,0.000000,0.000000,0.000000,0.188688,0.222293,0.000000,0.000000,0.229443,0.000000,0.000000,0.000000,0.000000,0.094452,turn_light_on,1,1,762,light,none,,,0.000000,1.000000,0,suspended,coursework,1.298887,7.863635,active,90,1,clear,23.000000
32,1120,3448229839,12,Day 1 12:42,suspended,coursework,1.298887,7.863635,active,0.084000,0.539952,0.894657,0.982699,0.126667,0.071333,0.555315,0.138000,0.000000,13,1,1,1,1,1,1,1,1,1,1,0,1,0,0,1,1,0.061437,0.000000,0.058159,0.202884,0.234089,0.155821,0.085026,0.100192,0.000000,0.000000,0.000000,0.059810,0.000000,0.000000,0.000000,0.042581,turn_light_off,1,1,763,light,none,,,0.000000,1.000000,0,suspended,coursework,1.298887,7.863635,active,90,1,clear,23.000000
32,1120,3448229839,13,Day 1 12:43,suspended,coursework,1.298887,7.863635,active,0.084333,0.540352,0.894657,1.000000,0.127500,0.072000,0.556203,0.137000,0.000000,10,1,1,1,0,0,0,1,1,1,1,1,0,0,0,1,1,0.136351,0.000000,0.129071,0.000000,0.000000,0.000000,0.188498,0.222170,0.000000,0.000000,0.229466,0.000000,0.000000,0.000000,0.000000,0.094444,turn_light_on,1,1,764,light,none,,,0.000000,1.000000,0,suspended,coursework,1.298887,7.863635,active,90,1,clear,23.000000
32,1120,3448229839,14,Day 1 12:44,suspended,coursework,1.298887,7.863635,active,0.084667,0.540752,0.894657,1.000000,0.128333,0.072667,0.557091,0.136000,0.000000,13,1,1,1,1,1,1,1,1,1,1,0,1,0,0,1,1,0.060622,0.000000,0.057382,0.199966,0.231295,0.167444,0.083715,0.098692,0.000000,0.000000,0.000000,0.058922,0.000000,0.000000,0.000000,0.041963,sleep_at_bed,1,480,1244,bed,none,weather-rain|room-temperature-shift|evening|task-deadline,,0.000000,1.000000,0,suspended,coursework,1.298887,7.863635,active,90,1,rain,24.000000
32,1120,3448229839,15,Day 1 20:44,suspended,coursework,1.298887,7.863635,active,0.164667,0.257627,0.980610,0.920000,0.528333,0.392667,1.000000,0.000000,0.000000,13,1,1,1,1,1,1,1,1,1,1,0,1,0,0,1,1,0.059128,0.000000,0.051996,0.234135,0.267725,0.179753,0.042700,0.000000,0.060164,0.070143,0.000000,0.000000,0.000000,0.000000,0.000000,0.034256,study_halfhearted,1,35,1279,desk,none,,coursework,0.252094,0.943520,0,active,coursework,1.550980,7.863635,active,90,1,rain,24.000000
32,1120,3448229839,16,Day 1 21:19,active,coursework,1.550980,7.863635,active,0.226333,0.351627,0.912582,0.928333,0.557500,0.416000,1.000000,0.000000,0.000000,13,1,1,1,1,1,1,1,1,1,1,0,1,0,0,1,1,0.069978,0.000000,0.061543,0.230834,0.264266,0.127025,0.053653,0.000000,0.070508,0.082717,0.000000,0.000000,0.000000,0.000000,0.000000,0.039476,study_focused,1,35,1314,desk,none,,coursework,0.430358,0.966430,0,active,coursework,1.981338,7.863635,active,90,1,rain,24.000000
32,1120,3448229839,17,Day 1 21:54,active,coursework,1.981338,7.863635,active,0.258000,0.475627,0.785029,0.996667,0.586667,0.439333,0.982702,0.000000,0.000000,13,1,1,1,1,1,1,1,1,1,1,0,1,0,0,1,1,0.078951,0.000000,0.070349,0.200938,0.232309,0.126240,0.068789,0.000000,0.081430,0.096127,0.000000,0.000000,0.000000,0.000000,0.000000,0.044866,study_at_computer,1,35,1349,computer,none,,coursework,0.975965,1.029495,0,active,coursework,2.957304,7.863635,active,90,1,rain,24.000000
32,1120,3448229839,18,Day 1 22:29,active,coursework,2.957304,7.863635,active,0.289667,0.604084,0.657477,1.000000,0.615833,0.462667,0.953899,0.045000,0.000000,13,1,1,1,1,1,1,1,1,1,1,0,1,0,0,1,1,0.072715,0.000000,0.065782,0.144984,0.167700,0.104235,0.076367,0.097543,0.078335,0.093052,0.000000,0.056812,0.000000,0.000000,0.000000,0.042475,idle,1,10,1359,,none,,,0.000000,1.000000,0,active,coursework,2.957304,7.863635,active,90,1,rain,24.000000
32,1120,3448229839,19,Day 1 22:39,active,coursework,2.957304,7.863635,active,0.413000,0.608084,0.763429,0.946667,0.624167,0.469333,1.000000,0.035000,0.000000,13,1,1,1,1,1,1,1,1,1,1,0,1,0,0,1,1,0.074812,0.000000,0.065559,0.158480,0.181912,0.112036,0.069112,0.088952,0.072218,0.085939,0.000000,0.051838,0.000000,0.000000,0.000000,0.039142,sleep_at_bed,1,480,1839,bed,none,,,0.000000,1.000000,0,suspended,coursework,2.957304,7.863635,active,90,1,rain,24.000000
32,1120,3448229839,20,Day 2 06:39,suspended,coursework,2.957304,7.863635,active,0.493000,0.324960,0.849382,0.866667,1.000000,0.789333,1.000000,0.000000,0.000000,13,1,1,1,1,1,1,1,1,1,1,0,1,0,0,1,1,0.091201,0.000000,0.074464,0.169513,0.192353,0.111438,0.052730,0.000000,0.118157,0.148431,0.000000,0.000000,0.000000,0.000000,0.000000,0.041713,study_focused,1,35,1874,desk,none,,coursework,0.479201,1.076113,0,active,coursework,3.436504,7.863635,active,90,1,rain,24.000000
32,1120,3448229839,21,Day 2 07:14,active,coursework,3.436504,7.863635,active,0.524667,0.448960,0.721829,0.935000,1.000000,0.812667,0.977001,0.000000,0.000000,13,1,1,1,1,1,1,1,1,1,1,0,1,0,0,1,1,0.090048,0.000000,0.074492,0.162228,0.185902,0.121849,0.059212,0.000000,0.119421,0.145359,0.000000,0.000000,0.000000,0.000000,0.000000,0.041489,study_at_computer,1,35,1909,computer,none,alarm-rings,coursework,1.021275,1.077290,0,active,coursework,4.457780,7.863635,active,90,1,rain,24.000000
32,1120,3448229839,22,Day 2 07:49,active,coursework,4.457780,7.863635,active,0.586333,0.577417,0.594277,1.000000,1.000000,0.836000,1.000000,0.045000,0.000000,14,1,1,1,1,1,1,1,1,1,1,0,1,1,0,1,1,0.077528,0.000000,0.064606,0.107994,0.124914,0.093644,0.059309,0.075207,0.104426,0.123157,0.000000,0.045122,0.088236,0.000000,0.000000,0.035857,study_halfhearted,1,35,1944,desk,none,,coursework,0.286593,1.072641,0,active,coursework,4.744373,7.863635,active,90,1,rain,24.000000
32,1120,3448229839,23,Day 2 08:24,active,coursework,4.744373,7.863635,active,0.648000,0.671417,0.526249,1.000000,1.000000,0.859333,0.983993,0.010000,0.000000,14,1,1,1,1,1,1,1,1,1,1,0,1,1,0,1,1,0.082705,0.000000,0.068856,0.094101,0.108844,0.090170,0.064674,0.085602,0.108660,0.124170,0.000000,0.047079,0.088452,0.000000,0.000000,0.036688,turn_off_alarm,1,1,1945,alarm,none,,,0.000000,1.000000,0,active,coursework,4.744373,7.863635,active,90,1,rain,24.000000
32,1120,3448229839,24,Day 2 08:25,active,coursework,4.744373,7.863635,active,0.648333,0.671817,0.526249,1.000000,1.000000,0.860000,0.963993,0.009000,0.000000,13,1,1,1,1,1,1,1,1,1,1,0,1,0,0,1,1,0.090903,0.000000,0.075678,0.102752,0.118851,0.098739,0.071221,0.094007,0.119459,0.136387,0.000000,0.051704,0.000000,0.000000,0.000000,0.040299,idle,1,10,1955,,none,,,0.000000,1.000000,0,active,coursework,4.744373,7.863635,active,90,1,rain,24.000000
32,1120,3448229839,25,Day 2 08:35,active,coursework,4.744373,7.863635,active,0.771667,0.675817,0.632201,0.946667,1.000000,0.866667,1.000000,0.000000,0.000000,13,1,1,1,1,1,1,1,1,1,1,0,1,0,0,1,1,0.094923,0.000000,0.076551,0.113716,0.130529,0.107591,0.065590,0.087120,0.111826,0.126527,0.000000,0.047920,0.000000,0.000000,0.000000,0.037708,sleep_at_bed,1,480,2435,bed,none,message-study-group|task-reminder|weather-rain,,0.000000,1.000000,0,suspended,coursework,4.744373,7.863635,active,90,2,rain,24.000000
32,1120,3448229839,26,Day 2 16:35,suspended,coursework,4.744373,7.863635,active,0.851667,0.392692,0.798154,0.866667,1.000000,1.000000,1.000000,0.000000,0.000000,13,1,1,1,1,1,1,1,1,1,1,0,1,0,0,1,1,0.116697,0.000000,0.087774,0.141316,0.160357,0.117456,0.052537,0.000000,0.145521,0.137483,0.000000,0.000000,0.000000,0.000000,0.000000,0.040858,study_focused,1,35,2470,desk,none,,coursework,0.416068,0.934339,0,active,coursework,5.160440,7.863635,active,90,2,rain,24.000000
32,1120,3448229839,27,Day 2 17:10,active,coursework,5.160440,7.863635,active,0.883333,0.516692,0.670601,0.935000,1.000000,1.000000,0.972381,0.000000,0.000000,13,1,1,1,1,1,1,1,1,1,1,0,1,0,0,1,1,0.110236,0.000000,0.084007,0.129219,0.148076,0.122783,0.056481,0.000000,0.136342,0.128812,0.000000,0.045164,0.000000,0.000000,0.000000,0.038881,go_to_bathroom,1,15,2485,door,none,,,0.000000,1.000000,0,suspended,coursework,5.160440,7.863635,active,90,2,rain,24.000000
32,1120,3448229839,28,Day 2 17:25,suspended,coursework,5.160440,7.863635,active,0.888333,0.522692,0.670601,1.000000,1.000000,0.390000,0.977043,0.000000,0.000000,13,1,1,1,1,1,1,1,1,1,1,0,1,0,0,1,1,0.131150,0.000000,0.099918,0.121632,0.140689,0.115933,0.067341,0.000000,0.070828,0.152694,0.000000,0.053693,0.000000,0.000000,0.000000,0.046122,study_focused,1,35,2520,desk,none,,coursework,0.447974,1.005989,0,active,coursework,5.608414,7.863635,active,90,2,rain,24.000000
32,1120,3448229839,29,Day 2 18:00,active,coursework,5.608414,7.863635,active,0.920000,0.646692,0.543049,1.000000,1.000000,0.413333,0.937920,0.000000,0.000000,13,1,1,1,1,1,1,1,1,1,1,0,1,0,0,1,1,0.117434,0.000000,0.090647,0.105077,0.121540,0.114667,0.068737,0.089128,0.064919,0.135609,0.000000,0.050639,0.000000,0.000000,0.000000,0.041603,study_at_computer,1,35,2555,computer,none,,coursework,0.915367,0.965573,0,active,coursework,6.523782,7.863635,active,90,2,rain,24.000000
32,1120,3448229839,30,Day 2 18:35,active,coursework,6.523782,7.863635,active,0.951667,0.775150,0.415496,1.000000,1.000000,0.436667,0.887920,0.045000,0.000000,13,1,1,1,1,1,1,1,1,1,1,0,1,0,0,1,1,0.118671,0.000000,0.093000,0.082681,0.095635,0.103533,0.083981,0.116154,0.068522,0.138687,0.000000,0.055923,0.000000,0.000000,0.000000,0.043214,sleep_at_bed,1,480,3035,bed,none,room-temperature-shift|evening,,0.000000,1.000000,0,suspended,coursework,6.523782,7.863635,active,90,2,rain,24.000000
32,1120,3448229839,31,Day 3 02:35,suspended,coursework,6.523782,7.863635,active,1.000000,0.492025,0.501449,0.920000,1.000000,0.756667,0.936236,0.000000,0.000000,13,1,1,1,1,1,1,1,1,1,1,0,1,0,0,1,1,0.155438,0.000000,0.114408,0.098812,0.112988,0.112490,0.069615,0.000000,0.123536,0.162197,0.000000,0.000000,0.000000,0.000000,0.000000,0.050516,study_halfhearted,1,35,3070,desk,none,,coursework,0.250254,0.936634,0,active,coursework,6.774035,7.863635,active,90,2,rain,24.000000
32,1120,3448229839,32,Day 3 03:10,active,coursework,6.774035,7.863635,active,1.000000,0.586025,0.433421,0.928333,1.000000,0.780000,0.916236,0.000000,0.000000,13,1,1,1,1,1,1,1,1,1,1,0,1,0,0,1,1,0.138408,0.000000,0.103537,0.097136,0.111204,0.118426,0.069913,0.000000,0.115382,0.146785,0.000000,0.053224,0.000000,0.000000,0.000000,0.045985,study_focused,1,35,3105,desk,none,,coursework,0.465266,1.044822,0,active,coursework,7.239302,7.863635,active,90,2,rain,24.000000
32,1120,3448229839,33,Day 3 03:45,active,coursework,7.239302,7.863635,active,1.000000,0.710025,0.305868,0.996667,1.000000,0.803333,0.866236,0.000000,0.000000,13,1,1,1,1,1,1,1,1,1,1,0,1,0,0,1,1,0.127878,0.000000,0.097727,0.070654,0.081685,0.097158,0.075963,0.100756,0.112398,0.138548,0.000000,0.053349,0.000000,0.000000,0.000000,0.043884,use_phone,1,25,3130,phone,none,,,0.000000,1.000000,0,active,coursework,7.239302,7.863635,active,90,2,rain,24.000000
32,1120,3448229839,34,Day 3 04:10,active,coursework,7.239302,7.863635,active,0.788333,0.809435,0.401821,1.000000,1.000000,0.820000,0.914553,0.095000,0.085000,13,1,1,1,1,1,1,1,1,1,1,0,1,0,0,1,1,0.092854,0.044561,0.076502,0.075437,0.087256,0.087922,0.084284,0.119771,0.107791,0.129907,0.000000,0.054128,0.000000,0.000000,0.000000,0.039586,shop_on_phone,1,20,3150,phone,none,,,0.000000,1.000000,0,active,coursework,7.239302,7.863635,active,60,2,rain,24.000000
32,1120,3448229839,35,Day 3 04:30,active,coursework,7.239302,7.863635,active,0.795000,0.823378,0.457773,1.000000,1.000000,0.833333,0.962869,0.155000,0.000000,13,1,1,1,1,1,1,1,1,1,1,0,1,0,0,1,1,0.091718,0.000000,0.075746,0.083961,0.097115,0.094019,0.089575,0.129945,0.110823,0.131175,0.000000,0.056104,0.000000,0.000000,0.000000,0.039818,study_at_computer,1,35,3185,computer,none,task-completed,coursework,0.985929,1.040005,0,none,,7.863635,7.863635,completed,60,2,rain,24.000000
32,1120,3448229839,36,Day 3 05:05,none,,7.863635,7.863635,completed,0.826667,0.951835,0.000000,1.000000,1.000000,0.856667,0.362869,0.200000,0.000000,10,1,1,1,0,0,0,1,1,1,1,0,1,0,0,1,1,0.107576,0.000000,0.090199,0.000000,0.000000,0.000000,0.137463,0.196557,0.135767,0.155707,0.000000,0.071913,0.000000,0.000000,0.055429,0.049391,sleep_at_bed,1,480,3665,bed,none,alarm-rings|message-study-group|weather-clear,,0.000000,1.000000,0,none,,7.863635,7.863635,completed,60,3,clear,24.000000
32,1120,3448229839,37,Day 3 13:05,none,,7.863635,7.863635,completed,0.936667,0.668711,0.000000,0.920000,1.000000,1.000000,0.421523,0.000000,0.000000,11,1,1,1,0,0,0,1,1,1,1,0,1,1,0,1,1,0.142888,0.000000,0.110233,0.000000,0.000000,0.000000,0.091158,0.111017,0.172607,0.163074,0.000000,0.061549,0.094923,0.000000,0.000000,0.052551,idle,1,10,3675,,none,,,0.000000,1.000000,0,none,,7.863635,7.863635,completed,60,3,clear,24.000000
32,1120,3448229839,38,Day 3 13:15,none,,7.863635,7.863635,completed,1.000000,0.672711,0.000000,0.866667,1.000000,1.000000,0.421523,0.000000,0.000000,11,1,1,1,0,0,0,1,1,1,1,0,1,1,0,1,1,0.149233,0.000000,0.113316,0.000000,0.000000,0.000000,0.090190,0.110067,0.170040,0.160648,0.000000,0.060751,0.093511,0.000000,0.000000,0.052243,rest_at_bed,1,60,3735,bed,none,,,0.000000,1.000000,0,none,,7.863635,7.863635,completed,60,3,clear,24.000000
32,1120,3448229839,39,Day 3 14:15,none,,7.863635,7.863635,completed,1.000000,0.456719,0.000000,0.896667,1.000000,1.000000,0.421523,0.000000,0.000000,11,1,1,1,0,0,0,1,1,1,1,0,1,1,0,1,1,0.189792,0.000000,0.138847,0.000000,0.000000,0.000000,0.087573,0.000000,0.208352,0.196844,0.000000,0.000000,0.114580,0.000000,0.000000,0.064014,use_computer,1,30,3765,computer,none,,,0.000000,1.000000,0,none,,7.863635,7.863635,completed,60,3,clear,24.000000
32,1120,3448229839,40,Day 3 14:45,none,,7.863635,7.863635,completed,0.850000,0.576643,0.000000,0.886667,1.000000,1.000000,0.421523,0.080000,0.000000,11,1,1,1,0,0,0,1,1,1,1,0,1,1,0,1,1,0.134356,0.000000,0.104597,0.000000,0.000000,0.000000,0.090814,0.106333,0.179281,0.169379,0.000000,0.062739,0.098593,0.000000,0.000000,0.053908,turn_off_alarm,1,1,3766,alarm,none,,,0.000000,1.000000,0,none,,7.863635,7.863635,completed,60,3,clear,24.000000
32,1120,3448229839,41,Day 3 14:46,none,,7.863635,7.863635,completed,0.850333,0.577043,0.000000,0.916333,1.000000,1.000000,0.401523,0.079000,0.000000,10,1,1,1,0,0,0,1,1,1,1,0,1,0,0,1,1,0.149092,0.000000,0.116063,0.000000,0.000000,0.000000,0.100966,0.117894,0.198809,0.187829,0.000000,0.069564,0.000000,0.000000,0.000000,0.059783,rest_at_bed,1,60,3826,bed,none,,,0.000000,1.000000,0,none,,7.863635,7.863635,completed,60,3,clear,24.000000
32,1120,3448229839,42,Day 3 15:46,none,,7.863635,7.863635,completed,0.910333,0.361051,0.000000,0.946333,1.000000,1.000000,0.401523,0.000000,0.000000,10,1,1,1,0,0,0,1,1,1,1,0,1,0,0,1,1,0.207356,0.000000,0.152754,0.000000,0.000000,0.000000,0.092575,0.000000,0.243460,0.230013,0.000000,0.000000,0.000000,0.000000,0.000000,0.073843,use_phone,1,25,3851,phone,none,,,0.000000,1.000000,0,none,,7.863635,7.863635,completed,60,3,clear,24.000000
32,1120,3448229839,43,Day 3 16:11,none,,7.863635,7.863635,completed,0.698667,0.460460,0.000000,0.978000,1.000000,1.000000,0.401523,0.095000,0.085000,10,1,1,1,0,0,0,1,1,1,1,0,1,0,0,1,1,0.145624,0.070955,0.115655,0.000000,0.000000,0.000000,0.100039,0.000000,0.220786,0.208592,0.000000,0.073388,0.000000,0.000000,0.000000,0.064961,use_computer,1,30,3881,computer,none,,,0.000000,1.000000,0,none,,7.863635,7.863635,completed,60,3,clear,24.000000
32,1120,3448229839,44,Day 3 16:41,none,,7.863635,7.863635,completed,0.548667,0.580384,0.000000,0.968000,1.000000,1.000000,0.401523,0.175000,0.067000,10,1,1,1,0,0,0,1,1,1,1,0,1,0,0,1,1,0.113358,0.000000,0.095804,0.000000,0.000000,0.000000,0.114074,0.134818,0.208904,0.197365,0.000000,0.075521,0.000000,0.000000,0.000000,0.060155,rest_at_bed,1,60,3941,bed,none,room-temperature-shift,,0.000000,1.000000,0,none,,7.863635,7.863635,completed,60,3,clear,17.000000
32,1120,3448229839,45,Day 3 17:41,none,,7.863635,7.863635,completed,0.608667,0.393581,0.000000,0.938000,1.000000,1.000000,0.401523,0.000000,0.031000,10,1,1,1,0,0,0,1,1,1,1,0,1,0,0,1,1,0.169052,0.000000,0.135511,0.000000,0.000000,0.000000,0.104171,0.000000,0.264523,0.249913,0.000000,0.000000,0.000000,0.000000,0.000000,0.076830,rest_at_bed,1,60,4001,bed,none,,,0.000000,1.000000,0,none,,7.863635,7.863635,completed,60,3,clear,17.000000
32,1120,3448229839,46,Day 3 18:41,none,,7.863635,7.863635,completed,0.668667,0.177589,0.000000,0.968000,1.000000,1.000000,0.401523,0.000000,0.000000,10,1,1,1,0,0,0,1,1,1,1,0,1,0,0,1,1,0.185360,0.000000,0.140927,0.000000,0.000000,0.000000,0.082455,0.000000,0.264222,0.249628,0.000000,0.000000,0.000000,0.000000,0.000000,0.077407,rest_at_bed,1,60,4061,bed,none,evening,,0.000000,1.000000,0,none,,7.863635,7.863635,completed,60,3,clear,17.000000
32,1120,3448229839,47,Day 3 19:41,none,,7.863635,7.863635,completed,0.728667,0.000000,0.000000,0.998000,1.000000,1.000000,0.401523,0.000000,0.000000,10,1,1,1,0,0,0,1,1,1,1,0,1,0,0,1,1,0.214853,0.000000,0.155962,0.000000,0.000000,0.000000,0.000000,0.000000,0.280853,0.265341,0.000000,0.000000,0.000000,0.000000,0.000000,0.082991,use_phone,1,25,4086,phone,none,,,0.000000,1.000000,0,none,,7.863635,7.863635,completed,60,3,clear,17.000000
32,1120,3448229839,48,Day 3 20:06,none,,7.863635,7.863635,completed,0.517000,0.099410,0.000000,1.000000,1.000000,1.000000,0.401523,0.095000,0.085000,10,1,1,1,0,0,0,1,1,1,1,0,1,0,0,1,1,0.180208,0.000000,0.141027,0.000000,0.000000,0.000000,0.000000,0.000000,0.304186,0.287384,0.000000,0.000000,0.000000,0.000000,0.000000,0.087194,use_computer,1,30,4116,computer,none,,,0.000000,1.000000,0,none,,7.863635,7.863635,completed,60,3,clear,17.000000
32,1120,3448229839,49,Day 3 20:36,none,,7.863635,7.863635,completed,0.367000,0.219334,0.000000,0.990000,1.000000,1.000000,0.401523,0.175000,0.067000,10,1,1,1,0,0,0,1,1,1,1,0,1,0,0,1,1,0.139706,0.000000,0.116344,0.000000,0.000000,0.000000,0.106092,0.000000,0.286638,0.270806,0.000000,0.000000,0.000000,0.000000,0.000000,0.080413,use_phone,1,25,4141,phone,none,,,0.000000,1.000000,0,none,,7.863635,7.863635,completed,60,3,clear,17.000000
32,1120,3448229839,50,Day 3 21:01,none,,7.863635,7.863635,completed,0.155333,0.318743,0.000000,1.000000,1.000000,1.000000,0.401523,0.270000,0.152000,10,1,1,1,0,0,0,1,1,1,1,0,1,0,0,1,1,0.101765,0.090246,0.091365,0.000000,0.000000,0.000000,0.118911,0.000000,0.269616,0.254724,0.000000,0.000000,0.000000,0.000000,0.000000,0.073373,get_meal,1,35,4176,door,none,,,0.000000,1.000000,0,none,,7.863635,7.863635,completed,60,3,clear,17.000000
32,1120,3448229839,51,Day 3 21:36,none,,7.863635,7.863635,completed,0.127000,0.332743,0.000000,1.000000,0.479167,1.000000,0.401523,0.235000,0.131000,10,1,1,1,0,0,0,1,1,1,1,0,1,0,0,1,1,0.115519,0.100664,0.104631,0.000000,0.000000,0.000000,0.135487,0.000000,0.310303,0.149293,0.000000,0.000000,0.000000,0.000000,0.000000,0.084103,use_computer,1,30,4206,computer,none,,,0.000000,1.000000,0,none,,7.863635,7.863635,completed,60,3,clear,17.000000
32,1120,3448229839,52,Day 3 22:06,none,,7.863635,7.863635,completed,0.000000,0.452667,0.000000,0.990000,0.504167,1.000000,0.401523,0.315000,0.113000,10,1,1,1,0,0,0,1,1,1,1,0,1,0,0,1,1,0.081315,0.000000,0.077905,0.000000,0.000000,0.000000,0.136737,0.153505,0.259855,0.129138,0.000000,0.092388,0.000000,0.000000,0.000000,0.069157,get_meal,1,35,4241,door,none,,,0.000000,1.000000,0,none,,7.863635,7.863635,completed,60,3,clear,17.000000
32,1120,3448229839,53,Day 3 22:41,none,,7.863635,7.863635,completed,0.000000,0.466667,0.000000,1.000000,0.000000,1.000000,0.401523,0.280000,0.092000,10,1,1,1,0,0,0,1,1,1,1,0,1,0,0,1,1,0.094633,0.000000,0.090793,0.000000,0.000000,0.000000,0.155558,0.175249,0.298609,0.000000,0.000000,0.105688,0.000000,0.000000,0.000000,0.079471,sleep_at_bed,1,480,4721,bed,none,,,0.000000,1.000000,0,none,,7.863635,7.863635,completed,60,3,clear,17.000000
32,1120,3448229839,54,Day 4 06:41,none,,7.863635,7.863635,completed,0.080000,0.183543,0.000000,0.920000,0.400000,1.000000,0.401523,0.000000,0.000000,10,1,1,1,0,0,0,1,1,1,1,0,1,0,0,1,1,0.145456,0.000000,0.129115,0.000000,0.000000,0.000000,0.112931,0.000000,0.359567,0.156131,0.000000,0.000000,0.000000,0.000000,0.000000,0.096800,go_to_bathroom,1,15,4736,door,none,,,0.000000,1.000000,0,none,,7.863635,7.863635,completed,60,3,clear,17.000000
32,1120,3448229839,55,Day 4 06:56,none,,7.863635,7.863635,completed,0.085000,0.189543,0.000000,0.993350,0.412500,0.390000,0.401523,0.000000,0.000000,10,1,1,1,0,0,0,1,1,1,1,0,1,0,0,1,1,0.181954,0.000000,0.161469,0.000000,0.000000,0.000000,0.141668,0.000000,0.196398,0.197776,0.000000,0.000000,0.000000,0.000000,0.000000,0.120736,use_phone,1,25,4761,phone,none,alarm-rings,,0.000000,1.000000,0,none,,7.863635,7.863635,completed,60,3,clear,17.000000
32,1120,3448229839,56,Day 4 07:21,none,,7.863635,7.863635,completed,0.000000,0.288952,0.000000,1.000000,0.433333,0.406667,0.460176,0.095000,0.085000,11,1,1,1,0,0,0,1,1,1,1,0,1,1,0,1,1,0.127281,0.000000,0.117806,0.000000,0.000000,0.000000,0.134344,0.000000,0.161214,0.163070,0.000000,0.000000,0.200562,0.000000,0.000000,0.095723,turn_off_alarm,1,1,4762,alarm,none,,,0.000000,1.000000,0,none,,7.863635,7.863635,completed,60,3,clear,17.000000
32,1120,3448229839,57,Day 4 07:22,none,,7.863635,7.863635,completed,0.000333,0.289352,0.000000,1.000000,0.434167,0.407333,0.440176,0.094000,0.084400,10,1,1,1,0,0,0,1,1,1,1,0,1,0,0,1,1,0.159155,0.000000,0.147299,0.000000,0.000000,0.000000,0.168308,0.000000,0.201631,0.203989,0.000000,0.000000,0.000000,0.000000,0.000000,0.119618,rest_at_bed,1,60,4822,bed,none,,,0.000000,1.000000,0,none,,7.863635,7.863635,completed,60,3,clear,17.000000
32,1120,3448229839,58,Day 4 08:22,none,,7.863635,7.863635,completed,0.060333,0.073360,0.000000,1.000000,0.484167,0.447333,0.440176,0.000000,0.048400,10,1,1,1,0,0,0,1,1,1,1,0,1,0,0,1,1,0.203879,0.000000,0.178486,0.000000,0.000000,0.000000,0.000000,0.000000,0.238521,0.243902,0.000000,0.000000,0.000000,0.000000,0.000000,0.135212,go_to_bathroom,1,15,4837,door,none,,,0.000000,1.000000,0,none,,7.863635,7.863635,completed,60,3,clear,17.000000
32,1120,3448229839,59,Day 4 08:37,none,,7.863635,7.863635,completed,0.065333,0.079360,0.000000,1.000000,0.496667,0.000000,0.440176,0.000000,0.039400,10,1,1,1,0,0,0,1,1,1,1,0,1,0,0,1,1,0.266815,0.000000,0.233520,0.000000,0.000000,0.000000,0.000000,0.000000,0.000000,0.323228,0.000000,0.000000,0.000000,0.000000,0.000000,0.176436,get_meal,1,35,4872,door,none,,,0.000000,1.000000,0,none,,7.863635,7.863635,completed,60,3,clear,17.000000
32,1120,3448229839,60,Day 4 09:12,none,,7.863635,7.863635,completed,0.037000,0.093360,0.000000,1.000000,0.000000,0.023333,0.440176,0.000000,0.018400,10,1,1,1,0,0,0,1,1,1,1,0,1,0,0,1,1,0.390364,0.000000,0.345022,0.000000,0.000000,0.000000,0.000000,0.000000,0.000000,0.000000,0.000000,0.000000,0.000000,0.000000,0.000000,0.264614,use_computer,1,30,4902,computer,none,,,0.000000,1.000000,0,none,,7.863635,7.863635,completed,60,3,clear,17.000000
32,1120,3448229839,61,Day 4 09:42,none,,7.863635,7.863635,completed,0.000000,0.213284,0.000000,0.990000,0.025000,0.043333,0.440176,0.080000,0.000400,10,1,1,1,0,0,0,1,1,1,1,0,1,0,0,1,1,0.277988,0.000000,0.253850,0.000000,0.000000,0.000000,0.263138,0.000000,0.000000,0.000000,0.000000,0.000000,0.000000,0.000000,0.000000,0.205024,use_phone,1,25,4927,phone,none,,,0.000000,1.000000,0,none,,7.863635,7.863635,completed,60,3,clear,17.000000
32,1120,3448229839,62,Day 4 10:07,none,,7.863635,7.863635,completed,0.000000,0.312694,0.000000,1.000000,0.045833,0.060000,0.440176,0.175000,0.085400,10,1,1,1,0,0,0,1,1,1,1,0,1,0,0,1,1,0.255854,0.000000,0.238325,0.000000,0.000000,0.000000,0.305840,0.000000,0.000000,0.000000,0.000000,0.000000,0.000000,0.000000,0.000000,0.199981,idle,1,10,4937,,none,,,0.000000,1.000000,0,none,,7.863635,7.863635,completed,60,3,clear,17.000000
32,1120,3448229839,63,Day 4 10:17,none,,7.863635,7.863635,completed,0.123333,0.316694,0.000000,0.946667,0.054167,0.066667,0.440176,0.165000,0.079400,10,1,1,1,0,0,0,1,1,1,1,0,1,0,0,1,1,0.272681,0.000000,0.246040,0.000000,0.000000,0.000000,0.288628,0.000000,0.000000,0.000000,0.000000,0.000000,0.000000,0.000000,0.000000,0.192651,use_phone,1,25,4962,phone,none,,,0.000000,1.000000,0,none,,7.863635,7.863635,completed,60,3,clear,17.000000
32,1120,3448229839,64,Day 4 10:42,none,,7.863635,7.863635,completed,0.000000,0.416104,0.000000,0.978333,0.075000,0.083333,0.440176,0.260000,0.164400,10,1,1,1,0,0,0,1,1,1,1,0,1,0,0,1,1,0.156730,0.163087,0.148980,0.000000,0.000000,0.000000,0.235060,0.000000,0.000000,0.000000,0.000000,0.166786,0.000000,0.000000,0.000000,0.129358,use_phone,1,25,4987,phone,none,,,0.000000,1.000000,0,none,,7.863635,7.863635,completed,60,3,clear,17.000000
32,1120,3448229839,65,Day 4 11:07,none,,7.863635,7.863635,completed,0.000000,0.515513,0.000000,1.000000,0.095833,0.100000,0.440176,0.355000,0.249400,10,1,1,1,0,0,0,1,1,1,1,0,1,0,0,1,1,0.118399,0.146620,0.000000,0.000000,0.000000,0.000000,0.224242,0.262689,0.000000,0.000000,0.000000,0.144487,0.000000,0.000000,0.000000,0.103563,sleep_at_bed,1,480,5467,bed,none,weather-clear|message-study-group|room-temperature-shift|evening,,0.000000,1.000000,0,none,,7.863635,7.863635,completed,60,4,clear,24.000000
32,1120,3448229839,66,Day 4 19:07,none,,7.863635,7.863635,completed,0.080000,0.232389,0.000000,0.920000,0.495833,0.420000,0.440176,0.000000,0.000000,10,1,1,1,0,0,0,1,1,1,1,0,1,0,0,1,1,0.173906,0.000000,0.155674,0.000000,0.000000,0.000000,0.142722,0.000000,0.197854,0.213133,0.000000,0.000000,0.000000,0.000000,0.000000,0.116711,use_phone,1,25,5492,phone,none,,,0.000000,1.000000,0,none,,7.863635,7.863635,completed,60,4,clear,24.000000
32,1120,3448229839,67,Day 4 19:32,none,,7.863635,7.863635,completed,0.000000,0.331799,0.000000,0.951667,0.516667,0.436667,0.440176,0.095000,0.085000,10,1,1,1,0,0,0,1,1,1,1,0,1,0,0,1,1,0.152127,0.000000,0.141846,0.000000,0.000000,0.000000,0.169887,0.000000,0.202151,0.218734,0.000000,0.000000,0.000000,0.000000,0.000000,0.115256,rest_at_bed,1,60,5552,bed,none,,,0.000000,1.000000,0,none,,7.863635,7.863635,completed,60,4,clear,24.000000
32,1120,3448229839,68,Day 4 20:32,none,,7.863635,7.863635,completed,0.060000,0.115807,0.000000,0.981667,0.566667,0.476667,0.440176,0.000000,0.049000,10,1,1,1,0,0,0,1,1,1,1,0,1,0,0,1,1,0.195380,0.000000,0.172316,0.000000,0.000000,0.000000,0.000000,0.000000,0.239649,0.262094,0.000000,0.000000,0.000000,0.000000,0.000000,0.130561,get_meal,1,35,5587,door,none,,,0.000000,1.000000,0,none,,7.863635,7.863635,completed,60,4,clear,24.000000
32,1120,3448229839,69,Day 4 21:07,none,,7.863635,7.863635,completed,0.031667,0.129807,0.000000,1.000000,0.045833,0.500000,0.440176,0.000000,0.028000,10,1,1,1,0,0,0,1,1,1,1,0,1,0,0,1,1,0.257822,0.000000,0.229631,0.000000,0.000000,0.000000,0.000000,0.000000,0.335935,0.000000,0.000000,0.000000,0.000000,0.000000,0.000000,0.176612,use_phone,1,25,5612,phone,none,,,0.000000,1.000000,0,none,,7.863635,7.863635,completed,60,4,clear,24.000000
32,1120,3448229839,70,Day 4 21:32,none,,7.863635,7.863635,completed,0.000000,0.229216,0.000000,1.000000,0.066667,0.516667,0.440176,0.095000,0.113000,10,1,1,1,0,0,0,1,1,1,1,0,1,0,0,1,1,0.196173,0.000000,0.179709,0.000000,0.000000,0.000000,0.192720,0.000000,0.285376,0.000000,0.000000,0.000000,0.000000,0.000000,0.000000,0.146022,use_computer,1,30,5642,computer,none,,,0.000000,1.000000,0,none,,7.863635,7.863635,completed,60,4,clear,24.000000
32,1120,3448229839,71,Day 4 22:02,none,,7.863635,7.863635,completed,0.000000,0.349140,0.000000,0.990000,0.091667,0.536667,0.440176,0.175000,0.095000,10,1,1,1,0,0,0,1,1,1,1,0,1,0,0,1,1,0.180041,0.000000,0.168762,0.000000,0.000000,0.000000,0.225242,0.000000,0.284343,0.000000,0.000000,0.000000,0.000000,0.000000,0.000000,0.141611,go_to_bathroom,1,15,5657,door,none,,,0.000000,1.000000,0,none,,7.863635,7.863635,completed,60,4,clear,24.000000
32,1120,3448229839,72,Day 4 22:17,none,,7.863635,7.863635,completed,0.005000,0.355140,0.000000,1.000000,0.104167,0.000000,0.440176,0.160000,0.086000,10,1,1,1,0,0,0,1,1,1,1,0,1,0,0,1,1,0.253224,0.000000,0.237194,0.000000,0.000000,0.000000,0.312268,0.000000,0.000000,0.000000,0.000000,0.000000,0.000000,0.000000,0.000000,0.197313,use_computer,1,30,5687,computer,none,,,0.000000,1.000000,0,none,,7.863635,7.863635,completed,60,4,clear,24.000000
32,1120,3448229839,73,Day 4 22:47,none,,7.863635,7.863635,completed,0.000000,0.475064,0.000000,0.990000,0.129167,0.020000,0.440176,0.240000,0.068000,10,1,1,1,0,0,0,1,1,1,1,0,1,0,0,1,1,0.138099,0.000000,0.132534,0.000000,0.000000,0.000000,0.217886,0.246848,0.000000,0.000000,0.000000,0.150477,0.000000,0.000000,0.000000,0.114156,use_phone,1,25,5712,phone,none,,,0.000000,1.000000,0,none,,7.863635,7.863635,completed,60,4,clear,24.000000
32,1120,3448229839,74,Day 4 23:12,none,,7.863635,7.863635,completed,0.000000,0.574474,0.000000,1.000000,0.150000,0.036667,0.440176,0.335000,0.153000,10,1,1,1,0,0,0,1,1,1,1,0,1,0,0,1,1,0.103725,0.112793,0.000000,0.000000,0.000000,0.000000,0.206664,0.249106,0.000000,0.107235,0.000000,0.129609,0.000000,0.000000,0.000000,0.090867,use_phone,1,25,5737,phone,none,,,0.000000,1.000000,0,none,,7.863635,7.863635,completed,60,4,clear,24.000000
32,1120,3448229839,75,Day 4 23:37,none,,7.863635,7.863635,completed,0.000000,0.673884,0.000000,1.000000,0.170833,0.053333,0.440176,0.430000,0.238000,10,1,1,1,0,0,0,1,1,1,1,0,1,0,0,1,1,0.000000,0.110960,0.000000,0.000000,0.000000,0.000000,0.215731,0.276664,0.000000,0.096512,0.000000,0.122861,0.000000,0.000000,0.097668,0.079603,close_curtain,1,1,5738,window,none,,,0.000000,1.000000,0,none,,7.863635,7.863635,completed,60,4,clear,24.000000
32,1120,3448229839,76,Day 4 23:38,none,,7.863635,7.863635,completed,0.000333,0.674284,0.000000,1.000000,0.171667,0.054000,0.440176,0.429000,0.237400,10,1,1,1,0,0,0,1,1,1,1,0,1,0,1,0,1,0.000000,0.122888,0.000000,0.000000,0.000000,0.000000,0.239042,0.306590,0.000000,0.107087,0.000000,0.136159,0.000000,0.000000,0.000000,0.088234,turn_light_off,1,1,5739,light,none,,,0.000000,1.000000,0,none,,7.863635,7.863635,completed,60,4,clear,24.000000
32,1120,3448229839,77,Day 4 23:39,none,,7.863635,7.863635,completed,0.000667,0.674684,0.000000,1.000000,0.172500,0.054667,0.440176,0.428000,0.236800,10,1,1,1,0,0,0,1,1,1,1,1,0,0,1,0,1,0.000000,0.142163,0.000000,0.000000,0.000000,0.000000,0.276673,0.354891,0.000000,0.124115,0.000000,0.000000,0.000000,0.000000,0.000000,0.102159,sleep_at_bed,1,480,6219,bed,none,alarm-rings,,0.000000,1.000000,0,none,,7.863635,7.863635,completed,60,4,clear,24.000000
32,1120,3448229839,78,Day 5 07:39,none,,7.863635,7.863635,completed,0.110667,0.391559,0.000000,0.920000,0.572500,0.374667,0.498829,0.000000,0.000000,11,1,1,1,0,0,0,1,1,1,1,1,0,1,1,0,1,0.135513,0.000000,0.123684,0.000000,0.000000,0.000000,0.130748,0.000000,0.144832,0.183206,0.000000,0.000000,0.190779,0.000000,0.000000,0.091237,get_meal,1,35,6254,door,none,,,0.000000,1.000000,0,none,,7.863635,7.863635,completed,60,4,clear,24.000000
32,1120,3448229839,79,Day 5 08:14,none,,7.863635,7.863635,completed,0.082333,0.405559,0.000000,1.000000,0.051667,0.398000,0.498829,0.000000,0.000000,11,1,1,1,0,0,0,1,1,1,1,1,0,1,1,0,1,0.161175,0.000000,0.148557,0.000000,0.000000,0.000000,0.162493,0.000000,0.182986,0.000000,0.000000,0.000000,0.233550,0.000000,0.000000,0.111238,turn_off_alarm,1,1,6255,alarm,none,,,0.000000,1.000000,0,none,,7.863635,7.863635,completed,60,4,clear,24.000000
32,1120,3448229839,80,Day 5 08:15,none,,7.863635,7.863635,completed,0.082667,0.405959,0.000000,1.000000,0.052500,0.398667,0.478829,0.000000,0.000000,10,1,1,1,0,0,0,1,1,1,1,1,0,0,1,0,1,0.210124,0.000000,0.193672,0.000000,0.000000,0.000000,0.212492,0.000000,0.238718,0.000000,0.000000,0.000000,0.000000,0.000000,0.000000,0.144994,use_computer,1,30,6285,computer,none,,,0.000000,1.000000,0,none,,7.863635,7.863635,completed,60,4,clear,24.000000
32,1120,3448229839,81,Day 5 08:45,none,,7.863635,7.863635,completed,0.000000,0.525883,0.000000,0.990000,0.077500,0.418667,0.478829,0.080000,0.000000,10,1,1,1,0,0,0,1,1,1,1,1,0,0,1,0,1,0.182965,0.000000,0.176325,0.000000,0.000000,0.000000,0.254529,0.000000,0.243771,0.000000,0.000000,0.000000,0.000000,0.000000,0.000000,0.142411,use_computer,1,30,6315,computer,none,,,0.000000,1.000000,0,none,,7.863635,7.863635,completed,60,4,clear,24.000000
32,1120,3448229839,82,Day 5 09:15,none,,7.863635,7.863635,completed,0.000000,0.645807,0.000000,0.980000,0.102500,0.438667,0.478829,0.160000,0.000000,10,1,1,1,0,0,0,1,1,1,1,1,0,0,1,0,1,0.121750,0.000000,0.120058,0.000000,0.000000,0.000000,0.215690,0.266258,0.176107,0.000000,0.000000,0.000000,0.000000,0.000000,0.000000,0.100136,rest_at_bed,1,60,6375,bed,none,message-study-group,,0.000000,1.000000,0,none,,7.863635,7.863635,completed,60,5,clear,24.000000
32,1120,3448229839,83,Day 5 10:15,none,,7.863635,7.863635,completed,0.060000,0.429815,0.000000,1.000000,0.152500,0.478667,0.478829,0.000000,0.000000,10,1,1,1,0,0,0,1,1,1,1,1,0,0,1,0,1,0.171620,0.000000,0.159777,0.000000,0.000000,0.000000,0.182628,0.000000,0.222813,0.142101,0.000000,0.000000,0.000000,0.000000,0.000000,0.121060,use_phone,1,25,6400,phone,none,,,0.000000,1.000000,0,none,,7.863635,7.863635,completed,60,5,clear,24.000000
32,1120,3448229839,84,Day 5 10:40,none,,7.863635,7.863635,completed,0.000000,0.529225,0.000000,1.000000,0.173333,0.495333,0.478829,0.095000,0.085000,10,1,1,1,0,0,0,1,1,1,1,1,0,0,1,0,1,0.151250,0.000000,0.145909,0.000000,0.000000,0.000000,0.214963,0.000000,0.225112,0.144208,0.000000,0.000000,0.000000,0.000000,0.000000,0.118558,use_phone,1,25,6425,phone,none,,,0.000000,1.000000,0,none,,7.863635,7.863635,completed,60,5,clear,24.000000
32,1120,3448229839,85,Day 5 11:05,none,,7.863635,7.863635,completed,0.000000,0.628634,0.000000,1.000000,0.194167,0.512000,0.478829,0.190000,0.170000,10,1,1,1,0,0,0,1,1,1,1,1,0,0,1,0,1,0.095065,0.100326,0.093547,0.000000,0.000000,0.000000,0.170620,0.209422,0.153365,0.098685,0.000000,0.000000,0.000000,0.000000,0.000000,0.078971,sleep_at_bed,1,480,6905,bed,none,weather-rain|evening,,0.000000,1.000000,0,none,,7.863635,7.863635,completed,60,5,rain,24.000000
32,1120,3448229839,86,Day 5 19:05,none,,7.863635,7.863635,completed,0.080000,0.345510,0.000000,0.920000,0.594167,0.832000,0.478829,0.000000,0.000000,10,1,1,1,0,0,0,1,1,1,1,1,0,0,1,0,1,0.143226,0.000000,0.130735,0.000000,0.000000,0.000000,0.134638,0.000000,0.290078,0.203309,0.000000,0.000000,0.000000,0.000000,0.000000,0.098014,get_meal,1,35,6940,door,none,room-temperature-shift,,0.000000,1.000000,0,none,,7.863635,7.863635,completed,60,5,rain,17.000000
32,1120,3448229839,87,Day 5 19:40,none,,7.863635,7.863635,completed,0.051667,0.399510,0.000000,0.966683,0.073333,0.855333,0.478829,0.000000,0.000000,10,1,1,1,0,0,0,1,1,1,1,1,0,0,1,0,1,0.171425,0.000000,0.159111,0.000000,0.000000,0.000000,0.177014,0.000000,0.371363,0.000000,0.000000,0.000000,0.000000,0.000000,0.000000,0.121087,go_to_bathroom,1,15,6955,door,none,,,0.000000,1.000000,0,none,,7.863635,7.863635,completed,60,5,rain,17.000000
32,1120,3448229839,88,Day 5 19:55,none,,7.863635,7.863635,completed,0.056667,0.405510,0.000000,1.000000,0.085833,0.245333,0.478829,0.000000,0.000000,10,1,1,1,0,0,0,1,1,1,1,1,0,0,1,0,1,0.216747,0.000000,0.201123,0.000000,0.000000,0.000000,0.224449,0.000000,0.205025,0.000000,0.000000,0.000000,0.000000,0.000000,0.000000,0.152656,go_to_bathroom,1,15,6970,door,none,,,0.000000,1.000000,0,none,,7.863635,7.863635,completed,60,5,rain,17.000000
32,1120,3448229839,89,Day 5 20:10,none,,7.863635,7.863635,completed,0.061667,0.411510,0.000000,1.000000,0.098333,0.000000,0.478829,0.000000,0.000000,10,1,1,1,0,0,0,1,1,1,1,1,0,0,1,0,1,0.272600,0.000000,0.252880,0.000000,0.000000,0.000000,0.283086,0.000000,0.000000,0.000000,0.000000,0.000000,0.000000,0.000000,0.000000,0.191434,rest_at_bed,1,60,7030,bed,none,,,0.000000,1.000000,0,none,,7.863635,7.863635,completed,60,5,rain,17.000000
32,1120,3448229839,90,Day 5 21:10,none,,7.863635,7.863635,completed,0.121667,0.195518,0.000000,1.000000,0.148333,0.040000,0.478829,0.000000,0.000000,10,1,1,1,0,0,0,1,1,1,1,1,0,0,1,0,1,0.248663,0.000000,0.218788,0.000000,0.000000,0.000000,0.186414,0.000000,0.000000,0.185678,0.000000,0.000000,0.000000,0.000000,0.000000,0.160456,get_meal,1,35,7065,door,none,,,0.000000,1.000000,0,none,,7.863635,7.863635,completed,60,5,rain,17.000000
32,1120,3448229839,91,Day 5 21:45,none,,7.863635,7.863635,completed,0.093333,0.209518,0.000000,1.000000,0.000000,0.063333,0.478829,0.000000,0.000000,10,1,1,1,0,0,0,1,1,1,1,1,0,0,1,0,1,0.299998,0.000000,0.266560,0.000000,0.000000,0.000000,0.235000,0.000000,0.000000,0.000000,0.000000,0.000000,0.000000,0.000000,0.000000,0.198441,use_phone,1,25,7090,phone,none,,,0.000000,1.000000,0,none,,7.863635,7.863635,completed,60,5,rain,17.000000
32,1120,3448229839,92,Day 5 22:10,none,,7.863635,7.863635,completed,0.000000,0.308928,0.000000,1.000000,0.020833,0.080000,0.478829,0.095000,0.085000,10,1,1,1,0,0,0,1,1,1,1,1,0,0,1,0,1,0.265769,0.000000,0.246832,0.000000,0.000000,0.000000,0.286837,0.000000,0.000000,0.000000,0.000000,0.000000,0.000000,0.000000,0.000000,0.200562,rest_at_bed,1,60,7150,bed,none,,,0.000000,1.000000,0,none,,7.863635,7.863635,completed,60,5,rain,17.000000
32,1120,3448229839,93,Day 5 23:10,none,,7.863635,7.863635,completed,0.060000,0.092936,0.000000,1.000000,0.070833,0.120000,0.478829,0.000000,0.049000,10,1,1,1,0,0,0,1,1,1,1,1,0,0,1,0,1,0.393067,0.000000,0.345303,0.000000,0.000000,0.000000,0.000000,0.000000,0.000000,0.000000,0.000000,0.000000,0.000000,0.000000,0.000000,0.261630,idle,1,10,7160,,none,,,0.000000,1.000000,0,none,,7.863635,7.863635,completed,60,5,rain,17.000000
32,1120,3448229839,94,Day 5 23:20,none,,7.863635,7.863635,completed,0.183333,0.096936,0.000000,0.946667,0.079167,0.126667,0.478829,0.000000,0.043000,10,1,1,1,0,0,0,1,1,1,1,1,0,0,1,0,1,0.407257,0.000000,0.346659,0.000000,0.000000,0.000000,0.000000,0.000000,0.000000,0.000000,0.000000,0.000000,0.000000,0.000000,0.000000,0.246083,use_phone,1,25,7185,phone,none,,,0.000000,1.000000,0,none,,7.863635,7.863635,completed,60,5,rain,17.000000
32,1120,3448229839,95,Day 5 23:45,none,,7.863635,7.863635,completed,0.000000,0.196346,0.000000,0.978333,0.100000,0.143333,0.478829,0.095000,0.128000,10,1,1,1,0,0,0,1,1,1,1,1,0,0,1,0,1,0.224128,0.000000,0.204158,0.000000,0.000000,0.000000,0.210154,0.000000,0.195673,0.000000,0.000000,0.000000,0.000000,0.000000,0.000000,0.165888,use_phone,1,25,7210,phone,none,,,0.000000,1.000000,0,none,,7.863635,7.863635,completed,60,5,rain,17.000000
32,1120,3448229839,96,Day 6 00:10,none,,7.863635,7.863635,completed,0.000000,0.295755,0.000000,1.000000,0.120833,0.160000,0.478829,0.190000,0.213000,10,1,1,1,0,0,0,1,1,1,1,1,0,0,1,0,1,0.169472,0.179083,0.157468,0.000000,0.000000,0.000000,0.200669,0.000000,0.160375,0.000000,0.000000,0.000000,0.000000,0.000000,0.000000,0.132933,use_computer,1,30,7240,computer,none,,,0.000000,1.000000,0,none,,7.863635,7.863635,completed,60,5,rain,17.000000
32,1120,3448229839,97,Day 6 00:40,none,,7.863635,7.863635,completed,0.000000,0.415679,0.000000,0.990000,0.145833,0.180000,0.478829,0.270000,0.195000,10,1,1,1,0,0,0,1,1,1,1,1,0,0,1,0,1,0.135551,0.147686,0.128876,0.000000,0.000000,0.000000,0.204398,0.000000,0.139262,0.131876,0.000000,0.000000,0.000000,0.000000,0.000000,0.112352,shop_on_phone,1,20,7260,phone,none,,,0.000000,1.000000,0,none,,7.863635,7.863635,completed,30,5,rain,17.000000
32,1120,3448229839,98,Day 6 01:00,none,,7.863635,7.863635,completed,0.006667,0.429622,0.000000,1.000000,0.162500,0.193333,0.478829,0.330000,0.000000,10,1,1,1,0,0,0,1,1,1,1,1,0,0,1,0,1,0.119676,0.000000,0.114054,0.000000,0.000000,0.000000,0.195516,0.219649,0.127979,0.121624,0.000000,0.000000,0.000000,0.000000,0.000000,0.101501,sleep_at_bed,1,480,7740,bed,none,alarm-rings,,0.000000,1.000000,0,none,,7.863635,7.863635,completed,30,5,rain,17.000000
32,1120,3448229839,99,Day 6 09:00,none,,7.863635,7.863635,completed,0.116667,0.146498,0.000000,0.920000,0.562500,0.513333,0.537482,0.000000,0.000000,11,1,1,1,0,0,0,1,1,1,1,1,0,1,1,0,1,0.156788,0.000000,0.136970,0.000000,0.000000,0.000000,0.000000,0.000000,0.192695,0.199467,0.000000,0.000000,0.213362,0.000000,0.000000,0.100718,use_computer,1,30,7770,computer,none,,,0.000000,1.000000,0,none,,7.863635,7.863635,completed,30,5,rain,17.000000
32,1120,3448229839,100,Day 6 09:30,none,,7.863635,7.863635,completed,0.000000,0.266422,0.000000,0.910000,0.587500,0.533333,0.537482,0.080000,0.000000,11,1,1,1,0,0,0,1,1,1,1,1,0,1,1,0,1,0.120439,0.000000,0.110993,0.000000,0.000000,0.000000,0.120141,0.000000,0.179190,0.186480,0.000000,0.000000,0.193113,0.000000,0.000000,0.089645,turn_off_alarm,1,1,7771,alarm,none,,,0.000000,1.000000,0,none,,7.863635,7.863635,completed,30,5,rain,17.000000
32,1120,3448229839,101,Day 6 09:31,none,,7.863635,7.863635,completed,0.000333,0.266822,0.000000,0.939667,0.588333,0.534000,0.517482,0.079000,0.000000,10,1,1,1,0,0,0,1,1,1,1,1,0,0,1,0,1,0.149211,0.000000,0.137502,0.000000,0.000000,0.000000,0.149126,0.000000,0.222048,0.231123,0.000000,0.000000,0.000000,0.000000,0.000000,0.110991,use_computer,1,30,7801,computer,none,,,0.000000,1.000000,0,none,,7.863635,7.863635,completed,30,5,rain,17.000000
32,1120,3448229839,102,Day 6 10:01,none,,7.863635,7.863635,completed,0.000000,0.386745,0.000000,0.929667,0.613333,0.554000,0.517482,0.159000,0.000000,10,1,1,1,0,0,0,1,1,1,1,1,0,0,1,0,1,0.136805,0.000000,0.129009,0.000000,0.000000,0.000000,0.174173,0.000000,0.221093,0.231361,0.000000,0.000000,0.000000,0.000000,0.000000,0.107559,get_meal,1,35,7836,door,none,,,0.000000,1.000000,0,none,,7.863635,7.863635,completed,30,5,rain,17.000000
32,1120,3448229839,103,Day 6 10:36,none,,7.863635,7.863635,completed,0.000000,0.400745,0.000000,1.000000,0.092500,0.577333,0.517482,0.124000,0.000000,10,1,1,1,0,0,0,1,1,1,1,1,0,0,1,0,1,0.178185,0.000000,0.168268,0.000000,0.000000,0.000000,0.221759,0.000000,0.293459,0.000000,0.000000,0.000000,0.000000,0.000000,0.000000,0.138329,rest_at_bed,1,60,7896,bed,none,,,0.000000,1.000000,0,none,,7.863635,7.863635,completed,30,5,rain,17.000000
32,1120,3448229839,104,Day 6 11:36,none,,7.863635,7.863635,completed,0.060000,0.184754,0.000000,1.000000,0.142500,0.617333,0.517482,0.000000,0.000000,10,1,1,1,0,0,0,1,1,1,1,1,0,0,1,0,1,0.245696,0.000000,0.219283,0.000000,0.000000,0.000000,0.000000,0.000000,0.368874,0.000000,0.000000,0.000000,0.000000,0.000000,0.000000,0.166147,idle,1,10,7906,,none,,,0.000000,1.000000,0,none,,7.863635,7.863635,completed,30,5,rain,17.000000
32,1120,3448229839,105,Day 6 11:46,none,,7.863635,7.863635,completed,0.183333,0.188754,0.000000,0.946667,0.150833,0.624000,0.517482,0.000000,0.000000,10,1,1,1,0,0,0,1,1,1,1,1,0,0,1,0,1,0.220450,0.000000,0.190641,0.000000,0.000000,0.000000,0.000000,0.000000,0.297855,0.155725,0.000000,0.000000,0.000000,0.000000,0.000000,0.135330,use_phone,1,25,7931,phone,none,,,0.000000,1.000000,0,none,,7.863635,7.863635,completed,30,5,rain,17.000000
32,1120,3448229839,106,Day 6 12:11,none,,7.863635,7.863635,completed,0.000000,0.288163,0.000000,0.978333,0.171667,0.640667,0.517482,0.095000,0.085000,10,1,1,1,0,0,0,1,1,1,1,1,0,0,1,0,1,0.156893,0.000000,0.145193,0.000000,0.000000,0.000000,0.164080,0.000000,0.272665,0.143191,0.000000,0.000000,0.000000,0.000000,0.000000,0.117976,go_to_bathroom,1,15,7946,door,none,,,0.000000,1.000000,0,none,,7.863635,7.863635,completed,30,5,rain,17.000000
32,1120,3448229839,107,Day 6 12:26,none,,7.863635,7.863635,completed,0.005000,0.294163,0.000000,1.000000,0.184167,0.030667,0.517482,0.080000,0.076000,10,1,1,1,0,0,0,1,1,1,1,1,0,0,1,0,1,0.216506,0.000000,0.200219,0.000000,0.000000,0.000000,0.223186,0.000000,0.000000,0.198807,0.000000,0.000000,0.000000,0.000000,0.000000,0.161283,use_phone,1,25,7971,phone,none,weather-clear,,0.000000,1.000000,0,none,,7.863635,7.863635,completed,30,5,clear,17.000000
32,1120,3448229839,108,Day 6 12:51,none,,7.863635,7.863635,completed,0.000000,0.393573,0.000000,1.000000,0.205000,0.047333,0.517482,0.175000,0.161000,10,1,1,1,0,0,0,1,1,1,1,1,0,0,1,0,1,0.165450,0.164562,0.156278,0.000000,0.000000,0.000000,0.216389,0.000000,0.000000,0.166186,0.000000,0.000000,0.000000,0.000000,0.000000,0.131135,use_phone,1,25,7996,phone,none,,,0.000000,1.000000,0,none,,7.863635,7.863635,completed,30,5,clear,17.000000
32,1120,3448229839,109,Day 6 13:16,none,,7.863635,7.863635,completed,0.000000,0.492983,0.000000,1.000000,0.225833,0.064000,0.517482,0.270000,0.246000,10,1,1,1,0,0,0,1,1,1,1,1,0,0,1,0,1,0.115629,0.136870,0.111409,0.000000,0.000000,0.000000,0.190974,0.221540,0.000000,0.126454,0.000000,0.000000,0.000000,0.000000,0.000000,0.097125,shop_on_phone,1,20,8016,phone,none,,,0.000000,1.000000,0,none,,7.863635,7.863635,completed,0,5,clear,17.000000
32,1120,3448229839,110,Day 6 13:36,none,,7.863635,7.863635,completed,0.006667,0.506926,0.000000,1.000000,0.242500,0.077333,0.517482,0.330000,0.000000,10,1,1,1,0,0,0,1,1,1,1,1,0,0,1,0,1,0.127201,0.000000,0.122851,0.000000,0.000000,0.000000,0.227614,0.267692,0.000000,0.145312,0.000000,0.000000,0.000000,0.000000,0.000000,0.109330,rest_at_bed,1,60,8076,bed,none,,,0.000000,1.000000,0,none,,7.863635,7.863635,completed,0,5,clear,17.000000
32,1120,3448229839,111,Day 6 14:36,none,,7.863635,7.863635,completed,0.066667,0.290934,0.000000,1.000000,0.292500,0.117333,0.517482,0.130000,0.000000,10,1,1,1,0,0,0,1,1,1,1,1,0,0,1,0,1,0.213648,0.000000,0.194588,0.000000,0.000000,0.000000,0.219326,0.000000,0.000000,0.217637,0.000000,0.000000,0.000000,0.000000,0.000000,0.154802,use_phone,1,25,8101,phone,none,,,0.000000,1.000000,0,none,,7.863635,7.863635,completed,0,5,clear,17.000000
32,1120,3448229839,112,Day 6 15:01,none,,7.863635,7.863635,completed,0.000000,0.390343,0.000000,1.000000,0.313333,0.134000,0.517482,0.225000,0.085000,10,1,1,1,0,0,0,1,1,1,1,1,0,0,1,0,1,0.188156,0.000000,0.177881,0.000000,0.000000,0.000000,0.259585,0.000000,0.000000,0.222084,0.000000,0.000000,0.000000,0.000000,0.000000,0.152293,get_meal,1,35,8136,door,none,,,0.000000,1.000000,0,none,,7.863635,7.863635,completed,0,5,clear,17.000000
32,1120,3448229839,113,Day 6 15:36,none,,7.863635,7.863635,completed,0.000000,0.404343,0.000000,1.000000,0.000000,0.157333,0.517482,0.190000,0.064000,10,1,1,1,0,0,0,1,1,1,1,1,0,0,1,0,1,0.197812,0.000000,0.187273,0.000000,0.000000,0.000000,0.266777,0.000000,0.190044,0.000000,0.000000,0.000000,0.000000,0.000000,0.000000,0.158094,rest_at_bed,1,60,8196,bed,none,message-study-group,,0.000000,1.000000,0,none,,7.863635,7.863635,completed,0,6,clear,17.000000
32,1120,3448229839,114,Day 6 16:36,none,,7.863635,7.863635,completed,0.060000,0.188351,0.000000,1.000000,0.050000,0.197333,0.517482,0.000000,0.028000,10,1,1,1,0,0,0,1,1,1,1,1,0,0,1,0,1,0.292317,0.000000,0.261054,0.000000,0.000000,0.000000,0.000000,0.000000,0.248833,0.000000,0.000000,0.000000,0.000000,0.000000,0.000000,0.197796,go_to_bathroom,1,15,8211,door,none,,,0.000000,1.000000,0,none,,7.863635,7.863635,completed,0,6,clear,17.000000
32,1120,3448229839,115,Day 6 16:51,none,,7.863635,7.863635,completed,0.065000,0.194351,0.000000,1.000000,0.062500,0.000000,0.517482,0.000000,0.019000,10,1,1,1,0,0,0,1,1,1,1,1,0,0,1,0,1,0.298298,0.000000,0.266323,0.000000,0.000000,0.000000,0.234124,0.000000,0.000000,0.000000,0.000000,0.000000,0.000000,0.000000,0.000000,0.201255,use_computer,1,30,8241,computer,none,,,0.000000,1.000000,0,none,,7.863635,7.863635,completed,0,6,clear,17.000000
32,1120,3448229839,116,Day 6 17:21,none,,7.863635,7.863635,completed,0.000000,0.314275,0.000000,0.990000,0.087500,0.020000,0.517482,0.080000,0.001000,10,1,1,1,0,0,0,1,1,1,1,1,0,0,1,0,1,0.267258,0.000000,0.248336,0.000000,0.000000,0.000000,0.283836,0.000000,0.000000,0.000000,0.000000,0.000000,0.000000,0.000000,0.000000,0.200571,use_computer,1,30,8271,computer,none,room-temperature-shift,,0.000000,1.000000,0,none,,7.863635,7.863635,completed,0,6,clear,17.000000
32,1120,3448229839,117,Day 6 17:51,none,,7.863635,7.863635,completed,0.000000,0.434199,0.000000,0.980000,0.112500,0.040000,0.517482,0.160000,0.000000,10,1,1,1,0,0,0,1,1,1,1,1,0,0,1,0,1,0.244124,0.000000,0.232110,0.000000,0.000000,0.000000,0.330170,0.000000,0.000000,0.000000,0.000000,0.000000,0.000000,0.000000,0.000000,0.193595,rest_at_bed,1,60,8331,bed,none,,,0.000000,1.000000,0,none,,7.863635,7.863635,completed,0,6,clear,17.000000
32,1120,3448229839,118,Day 6 18:51,none,,7.863635,7.863635,completed,0.060000,0.218207,0.000000,1.000000,0.162500,0.080000,0.517482,0.000000,0.000000,10,1,1,1,0,0,0,1,1,1,1,1,0,0,1,0,1,0.238155,0.000000,0.213781,0.000000,0.000000,0.000000,0.193476,0.000000,0.000000,0.192610,0.000000,0.000000,0.000000,0.000000,0.000000,0.161978,rest_at_bed,1,60,8391,bed,none,evening,,0.000000,1.000000,0,none,,7.863635,7.863635,completed,0,6,clear,17.000000
32,1120,3448229839,119,Day 6 19:51,none,,7.863635,7.863635,completed,0.120000,0.002216,0.000000,1.000000,0.212500,0.120000,0.517482,0.000000,0.000000,10,1,1,1,0,0,0,1,1,1,1,1,0,0,1,0,1,0.306520,0.000000,0.260971,0.000000,0.000000,0.000000,0.000000,0.000000,0.000000,0.240947,0.000000,0.000000,0.000000,0.000000,0.000000,0.191561,idle,1,10,8401,,none,,,0.000000,1.000000,0,none,,7.863635,7.863635,completed,0,6,clear,17.000000
32,1120,3448229839,120,Day 6 20:01,none,,7.863635,7.863635,completed,0.243333,0.006216,0.000000,0.946667,0.220833,0.126667,0.517482,0.000000,0.000000,10,1,1,1,0,0,0,1,1,1,1,1,0,0,1,0,1,0.322479,0.000000,0.266032,0.000000,0.000000,0.000000,0.000000,0.000000,0.000000,0.228535,0.000000,0.000000,0.000000,0.000000,0.000000,0.182954,use_phone,1,25,8426,phone,none,,,0.000000,1.000000,0,none,,7.863635,7.863635,completed,0,6,clear,17.000000
32,1120,3448229839,121,Day 6 20:26,none,,7.863635,7.863635,completed,0.031667,0.105625,0.000000,0.978333,0.241667,0.143333,0.517482,0.095000,0.085000,10,1,1,1,0,0,0,1,1,1,1,1,0,0,1,0,1,0.228589,0.000000,0.203302,0.000000,0.000000,0.000000,0.000000,0.000000,0.190749,0.214910,0.000000,0.000000,0.000000,0.000000,0.000000,0.162451,go_to_bathroom,1,15,8441,door,none,,,0.000000,1.000000,0,none,,7.863635,7.863635,completed,0,6,clear,17.000000
32,1120,3448229839,122,Day 6 20:41,none,,7.863635,7.863635,completed,0.036667,0.111625,0.000000,1.000000,0.254167,0.000000,0.517482,0.080000,0.076000,10,1,1,1,0,0,0,1,1,1,1,1,0,0,1,0,1,0.282590,0.000000,0.251152,0.000000,0.000000,0.000000,0.000000,0.000000,0.000000,0.267305,0.000000,0.000000,0.000000,0.000000,0.000000,0.198953,get_meal,1,35,8476,door,none,,,0.000000,1.000000,0,none,,7.863635,7.863635,completed,0,6,clear,17.000000
32,1120,3448229839,123,Day 6 21:16,none,,7.863635,7.863635,completed,0.008333,0.125625,0.000000,1.000000,0.000000,0.023333,0.517482,0.045000,0.055000,10,1,1,1,0,0,0,1,1,1,1,1,0,0,1,0,1,0.383506,0.000000,0.343858,0.000000,0.000000,0.000000,0.000000,0.000000,0.000000,0.000000,0.000000,0.000000,0.000000,0.000000,0.000000,0.272636,use_computer,1,30,8506,computer,none,,,0.000000,1.000000,0,none,,7.863635,7.863635,completed,0,6,clear,17.000000
32,1120,3448229839,124,Day 6 21:46,none,,7.863635,7.863635,completed,0.000000,0.245549,0.000000,0.990000,0.025000,0.043333,0.517482,0.125000,0.037000,10,1,1,1,0,0,0,1,1,1,1,1,0,0,1,0,1,0.270127,0.000000,0.248367,0.000000,0.000000,0.000000,0.277246,0.000000,0.000000,0.000000,0.000000,0.000000,0.000000,0.000000,0.000000,0.204260,use_computer,1,30,8536,computer,none,,,0.000000,1.000000,0,none,,7.863635,7.863635,completed,0,6,clear,17.000000
32,1120,3448229839,125,Day 6 22:16,none,,7.863635,7.863635,completed,0.000000,0.365473,0.000000,0.980000,0.050000,0.063333,0.517482,0.205000,0.019000,10,1,1,1,0,0,0,1,1,1,1,1,0,0,1,0,1,0.247105,0.000000,0.232478,0.000000,0.000000,0.000000,0.322975,0.000000,0.000000,0.000000,0.000000,0.000000,0.000000,0.000000,0.000000,0.197442,idle,1,10,8546,,none,,,0.000000,1.000000,0,none,,7.863635,7.863635,completed,0,6,clear,17.000000
32,1120,3448229839,126,Day 6 22:26,none,,7.863635,7.863635,completed,0.123333,0.369473,0.000000,0.926667,0.058333,0.070000,0.517482,0.195000,0.013000,10,1,1,1,0,0,0,1,1,1,1,1,0,0,1,0,1,0.263788,0.000000,0.240397,0.000000,0.000000,0.000000,0.305298,0.000000,0.000000,0.000000,0.000000,0.000000,0.000000,0.000000,0.000000,0.190517,use_phone,1,25,8571,phone,none,,,0.000000,1.000000,0,none,,7.863635,7.863635,completed,0,6,clear,17.000000
32,1120,3448229839,127,Day 6 22:51,none,,7.863635,7.863635,completed,0.000000,0.468883,0.000000,0.958333,0.079167,0.086667,0.517482,0.290000,0.098000,10,1,1,1,0,0,0,1,1,1,1,1,0,0,1,0,1,0.158069,0.000000,0.151756,0.000000,0.000000,0.000000,0.259214,0.297593,0.000000,0.000000,0.000000,0.000000,0.000000,0.000000,0.000000,0.133368,use_phone,1,25,8596,phone,none,,,0.000000,1.000000,0,none,,7.863635,7.863635,completed,0,6,clear,17.000000
32,1120,3448229839,128,Day 6 23:16,none,,7.863635,7.863635,completed,0.000000,0.568292,0.000000,0.990000,0.100000,0.103333,0.517482,0.385000,0.183000,10,1,1,1,0,0,0,1,1,1,1,1,0,0,1,0,1,0.130704,0.151132,0.000000,0.000000,0.000000,0.000000,0.270673,0.330619,0.000000,0.000000,0.000000,0.000000,0.000000,0.000000,0.000000,0.116872,idle,1,10,8606,,none,,,0.000000,1.000000,0,none,,7.863635,7.863635,completed,0,6,clear,17.000000
32,1120,3448229839,129,Day 6 23:26,none,,7.863635,7.863635,completed,0.123333,0.572292,0.000000,0.936667,0.108333,0.110000,0.517482,0.375000,0.177000,10,1,1,1,0,0,0,1,1,1,1,1,0,0,1,0,1,0.127179,0.131025,0.120646,0.000000,0.000000,0.000000,0.233212,0.285148,0.000000,0.000000,0.000000,0.000000,0.000000,0.000000,0.000000,0.102791,use_phone,1,25,8631,phone,none,,,0.000000,1.000000,0,none,,7.863635,7.863635,completed,0,6,clear,17.000000
32,1120,3448229839,130,Day 6 23:51,none,,7.863635,7.863635,completed,0.000000,0.671702,0.000000,0.968333,0.129167,0.126667,0.517482,0.470000,0.262000,10,1,1,1,0,0,0,1,1,1,1,1,0,0,1,0,1,0.000000,0.164197,0.000000,0.000000,0.000000,0.000000,0.313706,0.408096,0.000000,0.000000,0.000000,0.000000,0.000000,0.000000,0.000000,0.114001,sleep_at_bed,1,480,9111,bed,none,alarm-rings,,0.000000,1.000000,0,none,,7.863635,7.863635,completed,0,6,clear,17.000000
32,1120,3448229839,131,Day 7 07:51,none,,7.863635,7.863635,completed,0.110000,0.388578,0.000000,0.888333,0.529167,0.446667,0.576135,0.000000,0.000000,11,1,1,1,0,0,0,1,1,1,1,1,0,1,1,0,1,0.134391,0.000000,0.122618,0.000000,0.000000,0.000000,0.127836,0.000000,0.158340,0.171787,0.000000,0.000000,0.194545,0.000000,0.000000,0.090483,use_phone,1,25,9136,phone,none,,,0.000000,1.000000,0,none,,7.863635,7.863635,completed,0,6,clear,17.000000
32,1120,3448229839,132,Day 7 08:16,none,,7.863635,7.863635,completed,0.000000,0.487987,0.000000,0.920000,0.550000,0.463333,0.576135,0.095000,0.085000,11,1,1,1,0,0,0,1,1,1,1,1,0,1,1,0,1,0.114616,0.000000,0.109785,0.000000,0.000000,0.000000,0.152569,0.000000,0.162205,0.176766,0.000000,0.000000,0.194853,0.000000,0.000000,0.089205,use_phone,1,25,9161,phone,none,,,0.000000,1.000000,0,none,,7.863635,7.863635,completed,0,6,clear,17.000000
32,1120,3448229839,133,Day 7 08:41,none,,7.863635,7.863635,completed,0.000000,0.587397,0.000000,0.951667,0.570833,0.480000,0.576135,0.190000,0.170000,11,1,1,1,0,0,0,1,1,1,1,1,0,1,1,0,1,0.079406,0.083207,0.077585,0.000000,0.000000,0.000000,0.133481,0.162614,0.121809,0.133336,0.000000,0.000000,0.143064,0.000000,0.000000,0.065496,rest_at_bed,1,60,9221,bed,none,,,0.000000,1.000000,0,none,,7.863635,7.863635,completed,0,6,clear,17.000000
32,1120,3448229839,134,Day 7 09:41,none,,7.863635,7.863635,completed,0.060000,0.371405,0.000000,0.981667,0.620833,0.520000,0.576135,0.000000,0.134000,11,1,1,1,0,0,0,1,1,1,1,1,0,1,1,0,1,0.113470,0.095554,0.104582,0.000000,0.000000,0.000000,0.110692,0.000000,0.154227,0.170635,0.000000,0.000000,0.171600,0.000000,0.000000,0.079240,use_computer,1,30,9251,computer,none,,,0.000000,1.000000,0,none,,7.863635,7.863635,completed,0,6,clear,17.000000
32,1120,3448229839,135,Day 7 10:11,none,,7.863635,7.863635,completed,0.000000,0.491329,0.000000,0.971667,0.645833,0.540000,0.576135,0.080000,0.116000,11,1,1,1,0,0,0,1,1,1,1,1,0,1,1,0,1,0.110715,0.000000,0.106064,0.000000,0.000000,0.000000,0.145465,0.000000,0.172784,0.192190,0.000000,0.000000,0.187117,0.000000,0.000000,0.085664,idle,1,10,9261,,none,,,0.000000,1.000000,0,none,,7.863635,7.863635,completed,0,6,clear,17.000000
32,1120,3448229839,136,Day 7 10:21,none,,7.863635,7.863635,completed,0.123333,0.495329,0.000000,0.918333,0.654167,0.546667,0.576135,0.070000,0.110000,11,1,1,1,0,0,0,1,1,1,1,1,0,1,1,0,1,0.121237,0.000000,0.112505,0.000000,0.000000,0.000000,0.141049,0.000000,0.169542,0.188919,0.000000,0.000000,0.181957,0.000000,0.000000,0.084790,use_phone,1,25,9286,phone,none,,,0.000000,1.000000,0,none,,7.863635,7.863635,completed,0,6,clear,17.000000
32,1120,3448229839,137,Day 7 10:46,none,,7.863635,7.863635,completed,0.000000,0.594739,0.000000,0.950000,0.675000,0.563333,0.576135,0.165000,0.195000,11,1,1,1,0,0,0,1,1,1,1,1,0,1,1,0,1,0.077420,0.083147,0.075686,0.000000,0.000000,0.000000,0.127623,0.155653,0.131673,0.147378,0.000000,0.000000,0.138166,0.000000,0.000000,0.063254,rest_at_bed,1,60,9346,bed,none,,,0.000000,1.000000,0,none,,7.863635,7.863635,completed,0,6,clear,17.000000
32,1120,3448229839,138,Day 7 11:46,none,,7.863635,7.863635,completed,0.060000,0.378747,0.000000,0.980000,0.725000,0.603333,0.576135,0.000000,0.159000,11,1,1,1,0,0,0,1,1,1,1,1,0,1,1,0,1,0.108228,0.094422,0.099877,0.000000,0.000000,0.000000,0.106552,0.000000,0.164861,0.186505,0.000000,0.000000,0.163880,0.000000,0.000000,0.075675,use_phone,1,25,9371,phone,none,,,0.000000,1.000000,0,none,,7.863635,7.863635,completed,0,6,clear,17.000000
32,1120,3448229839,139,Day 7 12:11,none,,7.863635,7.863635,completed,0.000000,0.478156,0.000000,1.000000,0.745833,0.620000,0.576135,0.095000,0.244000,11,1,1,1,0,0,0,1,1,1,1,1,0,1,1,0,1,0.094627,0.103328,0.090485,0.000000,0.000000,0.000000,0.124424,0.000000,0.165242,0.187771,0.000000,0.000000,0.160598,0.000000,0.000000,0.073524,turn_off_alarm,1,1,9372,alarm,none,,,0.000000,1.000000,0,none,,7.863635,7.863635,completed,0,6,clear,17.000000
32,1120,3448229839,140,Day 7 12:12,none,,7.863635,7.863635,completed,0.000333,0.478556,0.000000,1.000000,0.746667,0.620667,0.556135,0.094000,0.243400,10,1,1,1,0,0,0,1,1,1,1,1,0,0,1,0,1,0.112711,0.122895,0.107773,0.000000,0.000000,0.000000,0.148486,0.000000,0.196867,0.223747,0.000000,0.000000,0.000000,0.000000,0.000000,0.087520,use_computer,1,30,9402,computer,none,,,0.000000,1.000000,0,none,,7.863635,7.863635,completed,0,6,clear,17.000000
32,1120,3448229839,141,Day 7 12:42,none,,7.863635,7.863635,completed,0.000000,0.598480,0.000000,0.990000,0.771667,0.640667,0.556135,0.174000,0.225400,10,1,1,1,0,0,0,1,1,1,1,1,0,0,1,0,1,0.085375,0.096006,0.083538,0.000000,0.000000,0.000000,0.143276,0.174752,0.161943,0.185040,0.000000,0.000000,0.000000,0.000000,0.000000,0.070069,idle,1,10,9412,,none,,,0.000000,1.000000,0,none,,7.863635,7.863635,completed,0,6,clear,17.000000
32,1120,3448229839,142,Day 7 12:52,none,,7.863635,7.863635,completed,0.123333,0.602480,0.000000,0.936667,0.780000,0.647333,0.556135,0.164000,0.219400,10,1,1,1,0,0,0,1,1,1,1,1,0,0,1,0,1,0.094009,0.094192,0.089104,0.000000,0.000000,0.000000,0.139700,0.170561,0.159789,0.182904,0.000000,0.000000,0.000000,0.000000,0.000000,0.069741,go_to_bathroom,1,15,9427,door,none,,,0.000000,1.000000,0,none,,7.863635,7.863635,completed,0,6,clear,17.000000
32,1120,3448229839,143,Day 7 13:07,none,,7.863635,7.863635,completed,0.128333,0.608480,0.000000,1.000000,0.792500,0.037333,0.556135,0.149000,0.210400,10,1,1,1,0,0,0,1,1,1,1,1,0,0,1,0,1,0.112668,0.110440,0.106714,0.000000,0.000000,0.000000,0.165032,0.201795,0.000000,0.220548,0.000000,0.000000,0.000000,0.000000,0.000000,0.082803,sleep_at_bed,1,42,9469,bed,none,weather-rain|room-temperature-shift,,0.000000,1.000000,0,none,,7.863635,7.863635,completed,0,6,rain,17.000000
32,1120,3448229839,144,Day 7 13:49,none,,7.863635,7.863635,completed,0.062333,0.197512,0.000000,1.000000,0.827500,0.065333,0.556135,0.000000,0.185200,10,1,1,1,0,0,0,1,1,1,1,1,0,0,1,0,1,0.163027,0.142593,0.145733,0.000000,0.000000,0.000000,0.128068,0.000000,0.000000,0.310296,0.000000,0.000000,0.000000,0.000000,0.000000,0.110283,idle,1,10,9479,,none,,,0.000000,1.000000,0,none,,7.863635,7.863635,completed,0,6,rain,17.000000
32,1120,3448229839,145,Day 7 13:59,none,,7.863635,7.863635,completed,0.185667,0.201512,0.000000,0.946667,0.835833,0.072000,0.556135,0.000000,0.179200,10,1,1,1,0,0,0,1,1,1,1,1,0,0,1,0,1,0.175978,0.137734,0.152425,0.000000,0.000000,0.000000,0.123825,0.000000,0.000000,0.301969,0.000000,0.000000,0.000000,0.000000,0.000000,0.108068,rest_at_bed,1,60,9539,bed,none,,,0.000000,1.000000,0,none,,7.863635,7.863635,completed,0,6,rain,17.000000
32,1120,3448229839,146,Day 7 14:59,none,,7.863635,7.863635,completed,0.245667,0.000000,0.000000,0.976667,0.885833,0.112000,0.556135,0.000000,0.143200,10,1,1,1,0,0,0,1,1,1,1,1,0,0,1,0,1,0.210722,0.144207,0.173545,0.000000,0.000000,0.000000,0.000000,0.000000,0.000000,0.352323,0.000000,0.000000,0.000000,0.000000,0.000000,0.119202,use_phone,1,25,9564,phone,none,,,0.000000,1.000000,0,none,,7.863635,7.863635,completed,0,6,rain,17.000000
32,1120,3448229839,147,Day 7 15:24,none,,7.863635,7.863635,completed,0.034000,0.099410,0.000000,1.000000,0.906667,0.128667,0.556135,0.095000,0.228200,10,1,1,1,0,0,0,1,1,1,1,1,0,0,1,0,1,0.172785,0.168110,0.153413,0.000000,0.000000,0.000000,0.000000,0.000000,0.000000,0.383256,0.000000,0.000000,0.000000,0.000000,0.000000,0.122435,use_computer,1,30,9594,computer,none,message-study-group,,0.000000,1.000000,0,none,,7.863635,7.863635,completed,0,7,rain,17.000000
32,1120,3448229839,148,Day 7 15:54,none,,7.863635,7.863635,completed,0.000000,0.219334,0.000000,0.990000,0.931667,0.148667,0.556135,0.175000,0.210200,10,1,1,1,0,0,0,1,1,1,1,1,0,0,1,0,1,0.122294,0.126234,0.112096,0.000000,0.000000,0.000000,0.127942,0.000000,0.111753,0.305619,0.000000,0.000000,0.000000,0.000000,0.000000,0.094061,rest_at_bed,1,60,9654,bed,none,,,0.000000,1.000000,0,none,,7.863635,7.863635,completed,0,7,rain,17.000000
32,1120,3448229839,149,Day 7 16:54,none,,7.863635,7.863635,completed,0.060000,0.003342,0.000000,1.000000,0.981667,0.188667,0.556135,0.000000,0.174200,10,1,1,1,0,0,0,1,1,1,1,1,0,0,1,0,1,0.155694,0.129991,0.134680,0.000000,0.000000,0.000000,0.000000,0.000000,0.126879,0.350712,0.000000,0.000000,0.000000,0.000000,0.000000,0.102044,get_meal,1,35,9689,door,none,,,0.000000,1.000000,0,none,,7.863635,7.863635,completed,0,7,rain,17.000000
32,1120,3448229839,150,Day 7 17:29,none,,7.863635,7.863635,completed,0.031667,0.017342,0.000000,1.000000,0.460833,0.212000,0.556135,0.000000,0.153200,10,1,1,1,0,0,0,1,1,1,1,1,0,0,1,0,1,0.184342,0.153535,0.161034,0.000000,0.000000,0.000000,0.000000,0.000000,0.159581,0.217654,0.000000,0.000000,0.000000,0.000000,0.000000,0.123853,use_computer,1,30,9719,computer,none,,,0.000000,1.000000,0,none,,7.863635,7.863635,completed,0,7,rain,17.000000
32,1120,3448229839,151,Day 7 17:59,none,,7.863635,7.863635,completed,0.000000,0.137266,0.000000,0.990000,0.485833,0.232000,0.556135,0.080000,0.135200,10,1,1,1,0,0,0,1,1,1,1,1,0,0,1,0,1,0.172221,0.151880,0.155220,0.000000,0.000000,0.000000,0.000000,0.000000,0.166714,0.228601,0.000000,0.000000,0.000000,0.000000,0.000000,0.125365,shop_on_phone,0,0,9719,phone,resource_insufficient,,,0.000000,1.000000,0,none,,7.863635,7.863635,completed,0,7,rain,17.000000
32,1120,3448229839,152,Day 7 17:59,none,,7.863635,7.863635,completed,0.000000,0.137266,0.000000,0.960000,0.485833,0.232000,0.586135,0.080000,0.135200,10,1,1,1,0,0,0,1,1,1,1,1,0,0,1,0,1,0.172221,0.151880,0.155220,0.000000,0.000000,0.000000,0.000000,0.000000,0.166714,0.228601,0.000000,0.000000,0.000000,0.000000,0.000000,0.125365,use_phone,1,25,9744,phone,none,,,0.000000,1.000000,0,none,,7.863635,7.863635,completed,0,7,rain,17.000000
32,1120,3448229839,153,Day 7 18:24,none,,7.863635,7.863635,completed,0.000000,0.236675,0.000000,0.991667,0.506667,0.248667,0.586135,0.175000,0.220200,10,1,1,1,0,0,0,1,1,1,1,1,0,0,1,0,1,0.136999,0.143785,0.125951,0.000000,0.000000,0.000000,0.145836,0.000000,0.143750,0.197992,0.000000,0.000000,0.000000,0.000000,0.000000,0.105687,get_meal,1,35,9779,door,none,,,0.000000,1.000000,0,none,,7.863635,7.863635,completed,0,7,rain,17.000000
32,1120,3448229839,154,Day 7 18:59,none,,7.863635,7.863635,completed,0.000000,0.250675,0.000000,1.000000,0.000000,0.272000,0.586135,0.140000,0.199200,10,1,1,1,0,0,0,1,1,1,1,1,0,0,1,0,1,0.172434,0.173650,0.158752,0.000000,0.000000,0.000000,0.179434,0.000000,0.184382,0.000000,0.000000,0.000000,0.000000,0.000000,0.000000,0.131349,rest_at_bed,1,60,9839,bed,none,,,0.000000,1.000000,0,none,,7.863635,7.863635,completed,0,7,rain,17.000000
32,1120,3448229839,155,Day 7 19:59,none,,7.863635,7.863635,completed,0.060000,0.034683,0.000000,1.000000,0.050000,0.312000,0.586135,0.000000,0.163200,10,1,1,1,0,0,0,1,1,1,1,1,0,0,1,0,1,0.231285,0.191256,0.201151,0.000000,0.000000,0.000000,0.000000,0.000000,0.223899,0.000000,0.000000,0.000000,0.000000,0.000000,0.000000,0.152409,use_phone,1,25,9864,phone,none,evening,,0.000000,1.000000,0,none,,7.863635,7.863635,completed,0,7,rain,17.000000
32,1120,3448229839,156,Day 7 20:24,none,,7.863635,7.863635,completed,0.000000,0.134093,0.000000,1.000000,0.070833,0.328667,0.586135,0.095000,0.248200,10,1,1,1,0,0,0,1,1,1,1,1,0,0,1,0,1,0.209284,0.216608,0.188602,0.000000,0.000000,0.000000,0.000000,0.000000,0.232258,0.000000,0.000000,0.000000,0.000000,0.000000,0.000000,0.153248,use_phone,1,25,9889,phone,none,,,0.000000,1.000000,0,none,,7.863635,7.863635,completed,0,7,rain,17.000000
32,1120,3448229839,157,Day 7 20:49,none,,7.863635,7.863635,completed,0.000000,0.233503,0.000000,1.000000,0.091667,0.345333,0.586135,0.190000,0.333200,10,1,1,1,0,0,0,1,1,1,1,1,0,0,1,0,1,0.161065,0.198390,0.148060,0.000000,0.000000,0.000000,0.173745,0.000000,0.193750,0.000000,0.000000,0.000000,0.000000,0.000000,0.000000,0.124990,rest_at_bed,1,60,9949,bed,none,,,0.000000,1.000000,0,none,,7.863635,7.863635,completed,0,7,rain,17.000000
32,1120,3448229839,158,Day 7 21:49,none,,7.863635,7.863635,completed,0.060000,0.017511,0.000000,1.000000,0.141667,0.385333,0.586135,0.000000,0.297200,10,1,1,1,0,0,0,1,1,1,1,1,0,0,1,0,1,0.218347,0.216136,0.189337,0.000000,0.000000,0.000000,0.000000,0.000000,0.232723,0.000000,0.000000,0.000000,0.000000,0.000000,0.000000,0.143457,go_to_bathroom,1,15,9964,door,none,,,0.000000,1.000000,0,none,,7.863635,7.863635,completed,0,7,rain,17.000000
32,1120,3448229839,159,Day 7 22:04,none,,7.863635,7.863635,completed,0.065000,0.023511,0.000000,1.000000,0.154167,0.000000,0.586135,0.000000,0.288200,10,1,1,1,0,0,0,1,1,1,1,1,0,0,1,0,1,0.234369,0.228440,0.203175,0.000000,0.000000,0.000000,0.000000,0.000000,0.000000,0.180481,0.000000,0.000000,0.000000,0.000000,0.000000,0.153536,use_computer,1,30,9994,computer,none,,,0.000000,1.000000,0,none,,7.863635,7.863635,completed,0,7,rain,17.000000
32,1120,3448229839,160,Day 7 22:34,none,,7.863635,7.863635,completed,0.000000,0.143435,0.000000,0.990000,0.179167,0.020000,0.586135,0.080000,0.270200,10,1,1,1,0,0,0,1,1,1,1,1,0,0,1,0,1,0.218083,0.231467,0.196764,0.000000,0.000000,0.000000,0.000000,0.000000,0.000000,0.194767,0.000000,0.000000,0.000000,0.000000,0.000000,0.158918,use_computer,1,30,10024,computer,none,,,0.000000,1.000000,0,none,,7.863635,7.863635,completed,0,7,rain,17.000000
32,1120,3448229839,161,Day 7 23:04,none,,7.863635,7.863635,completed,0.000000,0.263359,0.000000,0.980000,0.204167,0.040000,0.586135,0.160000,0.252200,10,1,1,1,0,0,0,1,1,1,1,1,0,0,1,0,1,0.171113,0.187253,0.157971,0.000000,0.000000,0.000000,0.185108,0.000000,0.000000,0.166797,0.000000,0.000000,0.000000,0.000000,0.000000,0.131758,use_phone,1,25,10049,phone,none,,,0.000000,1.000000,0,none,,7.863635,7.863635,completed,0,7,rain,17.000000
32,1120,3448229839,162,Day 7 23:29,none,,7.863635,7.863635,completed,0.000000,0.362768,0.000000,1.000000,0.225000,0.056667,0.586135,0.255000,0.337200,10,1,1,1,0,0,0,1,1,1,1,1,0,0,1,0,1,0.154142,0.200746,0.145158,0.000000,0.000000,0.000000,0.210575,0.000000,0.000000,0.163593,0.000000,0.000000,0.000000,0.000000,0.000000,0.125786,rest_at_bed,1,60,10109,bed,none,,,0.000000,1.000000,0,none,,7.863635,7.863635,completed,0,7,rain,17.000000
32,1120,3448229839,163,Day 8 00:29,none,,7.863635,7.863635,completed,0.060000,0.146777,0.000000,1.000000,0.275000,0.096667,0.586135,0.055000,0.301200,10,1,1,1,0,0,0,1,1,1,1,1,0,0,1,0,1,0.219082,0.228309,0.194562,0.000000,0.000000,0.000000,0.000000,0.000000,0.000000,0.207335,0.000000,0.000000,0.000000,0.000000,0.000000,0.150712,shop_on_phone,0,0,10109,phone,resource_insufficient,,,0.000000,1.000000,0,none,,7.863635,7.863635,completed,0,7,rain,17.000000
32,1120,3448229839,164,Day 8 00:29,none,,7.863635,7.863635,completed,0.060000,0.146777,0.000000,0.970000,0.275000,0.096667,0.616135,0.055000,0.301200,10,1,1,1,0,0,0,1,1,1,1,1,0,0,1,0,1,0.219082,0.228309,0.194562,0.000000,0.000000,0.000000,0.000000,0.000000,0.000000,0.207335,0.000000,0.000000,0.000000,0.000000,0.000000,0.150712,use_computer,1,30,10139,computer,none,,,0.000000,1.000000,0,none,,7.863635,7.863635,completed,0,7,rain,17.000000
32,1120,3448229839,165,Day 8 00:59,none,,7.863635,7.863635,completed,0.000000,0.266700,0.000000,0.960000,0.300000,0.116667,0.616135,0.135000,0.283200,10,1,1,1,0,0,0,1,1,1,1,1,0,0,1,0,1,0.167820,0.189640,0.154910,0.000000,0.000000,0.000000,0.176382,0.000000,0.000000,0.183336,0.000000,0.000000,0.000000,0.000000,0.000000,0.127912,idle,1,10,10149,,none,,,0.000000,1.000000,0,none,,7.863635,7.863635,completed,0,7,rain,17.000000
32,1120,3448229839,166,Day 8 01:09,none,,7.863635,7.863635,completed,0.123333,0.270700,0.000000,0.906667,0.308333,0.123333,0.616135,0.125000,0.277200,10,1,1,1,0,0,0,1,1,1,1,1,0,0,1,0,1,0.181776,0.183020,0.162535,0.000000,0.000000,0.000000,0.169172,0.000000,0.000000,0.178262,0.000000,0.000000,0.000000,0.000000,0.000000,0.125235,use_computer,1,30,10179,computer,none,,,0.000000,1.000000,0,none,,7.863635,7.863635,completed,0,7,rain,17.000000
32,1120,3448229839,167,Day 8 01:39,none,,7.863635,7.863635,completed,0.000000,0.390624,0.000000,0.896667,0.333333,0.143333,0.616135,0.205000,0.259200,10,1,1,1,0,0,0,1,1,1,1,1,0,0,1,0,1,0.135572,0.156102,0.128101,0.000000,0.000000,0.000000,0.180282,0.000000,0.128330,0.162818,0.000000,0.000000,0.000000,0.000000,0.000000,0.108796,use_phone,1,25,10204,phone,none,,,0.000000,1.000000,0,none,,7.863635,7.863635,completed,0,7,rain,17.000000
32,1120,3448229839,168,Day 8 02:04,none,,7.863635,7.863635,completed,0.000000,0.490034,0.000000,0.928333,0.354167,0.160000,0.616135,0.300000,0.344200,10,1,1,1,0,0,0,1,1,1,1,1,0,0,1,0,1,0.098263,0.134651,0.094711,0.000000,0.000000,0.000000,0.165012,0.194484,0.100822,0.128488,0.000000,0.000000,0.000000,0.000000,0.000000,0.083570,sleep_at_bed,1,480,10684,bed,none,alarm-rings,,0.000000,1.000000,0,none,,7.863635,7.863635,completed,0,7,rain,17.000000
32,1120,3448229839,169,Day 8 10:04,none,,7.863635,7.863635,completed,0.110000,0.206910,0.000000,0.848333,0.754167,0.480000,0.674789,0.000000,0.056200,11,1,1,1,0,0,0,1,1,1,1,1,0,1,1,0,1,0.146133,0.000000,0.129222,0.000000,0.000000,0.000000,0.000000,0.000000,0.174562,0.242313,0.000000,0.000000,0.212414,0.000000,0.000000,0.095356,get_meal,1,35,10719,door,none,,,0.000000,1.000000,0,none,,7.863635,7.863635,completed,0,7,rain,17.000000
32,1120,3448229839,170,Day 8 10:39,none,,7.863635,7.863635,completed,0.081667,0.220910,0.000000,0.955016,0.233333,0.503333,0.674789,0.000000,0.035200,11,1,1,1,0,0,0,1,1,1,1,1,0,1,1,0,1,0.143326,0.000000,0.127990,0.000000,0.000000,0.000000,0.111934,0.000000,0.181872,0.124572,0.000000,0.000000,0.214435,0.000000,0.000000,0.095872,go_to_bathroom,1,15,10734,door,none,,,0.000000,1.000000,0,none,,7.863635,7.863635,completed,0,7,rain,17.000000
32,1120,3448229839,171,Day 8 10:54,none,,7.863635,7.863635,completed,0.086667,0.226910,0.000000,1.000000,0.245833,0.000000,0.674789,0.000000,0.026200,11,1,1,1,0,0,0,1,1,1,1,1,0,1,1,0,1,0.175016,0.000000,0.156247,0.000000,0.000000,0.000000,0.137071,0.000000,0.000000,0.154038,0.000000,0.000000,0.260898,0.000000,0.000000,0.116729,turn_off_alarm,1,1,10735,alarm,none,,,0.000000,1.000000,0,none,,7.863635,7.863635,completed,0,7,rain,17.000000
32,1120,3448229839,172,Day 8 10:55,none,,7.863635,7.863635,completed,0.087000,0.227310,0.000000,1.000000,0.246667,0.000667,0.654789,0.000000,0.025600,10,1,1,1,0,0,0,1,1,1,1,1,0,0,1,0,1,0.236628,0.000000,0.211248,0.000000,0.000000,0.000000,0.185893,0.000000,0.000000,0.208440,0.000000,0.000000,0.000000,0.000000,0.000000,0.157791,get_meal,1,35,10770,door,none,,,0.000000,1.000000,0,none,,7.863635,7.863635,completed,0,7,rain,17.000000
32,1120,3448229839,173,Day 8 11:30,none,,7.863635,7.863635,completed,0.058667,0.241310,0.000000,1.000000,0.000000,0.024000,0.654789,0.000000,0.004600,10,1,1,1,0,0,0,1,1,1,1,1,0,0,1,0,1,0.293599,0.000000,0.264695,0.000000,0.000000,0.000000,0.241010,0.000000,0.000000,0.000000,0.000000,0.000000,0.000000,0.000000,0.000000,0.200696,idle,1,10,10780,,none,,,0.000000,1.000000,0,none,,7.863635,7.863635,completed,0,7,rain,17.000000
32,1120,3448229839,174,Day 8 11:40,none,,7.863635,7.863635,completed,0.182000,0.245310,0.000000,0.946667,0.008333,0.030667,0.654789,0.000000,0.000000,10,1,1,1,0,0,0,1,1,1,1,1,0,0,1,0,1,0.309657,0.000000,0.270503,0.000000,0.000000,0.000000,0.227683,0.000000,0.000000,0.000000,0.000000,0.000000,0.000000,0.000000,0.000000,0.192157,use_phone,1,25,10805,phone,none,message-study-group,,0.000000,1.000000,0,none,,7.863635,7.863635,completed,0,8,rain,17.000000
32,1120,3448229839,175,Day 8 12:05,none,,7.863635,7.863635,completed,0.000000,0.344719,0.000000,0.978333,0.029167,0.047333,0.654789,0.095000,0.085000,10,1,1,1,0,0,0,1,1,1,1,1,0,0,1,0,1,0.263555,0.000000,0.246290,0.000000,0.000000,0.000000,0.290033,0.000000,0.000000,0.000000,0.000000,0.000000,0.000000,0.000000,0.000000,0.200122,use_phone,1,25,10830,phone,none,,,0.000000,1.000000,0,none,,7.863635,7.863635,completed,0,8,rain,17.000000
32,1120,3448229839,176,Day 8 12:30,none,,7.863635,7.863635,completed,0.000000,0.444129,0.000000,1.000000,0.050000,0.064000,0.654789,0.190000,0.170000,10,1,1,1,0,0,0,1,1,1,1,1,0,0,1,0,1,0.193425,0.197741,0.184380,0.000000,0.000000,0.000000,0.268802,0.000000,0.000000,0.000000,0.000000,0.000000,0.000000,0.000000,0.000000,0.155651,rest_at_bed,1,60,10890,bed,none,,,0.000000,1.000000,0,none,,7.863635,7.863635,completed,0,8,rain,17.000000
32,1120,3448229839,177,Day 8 13:30,none,,7.863635,7.863635,completed,0.060000,0.228137,0.000000,1.000000,0.100000,0.104000,0.654789,0.000000,0.134000,10,1,1,1,0,0,0,1,1,1,1,1,0,0,1,0,1,0.237612,0.195215,0.213659,0.000000,0.000000,0.000000,0.191628,0.000000,0.000000,0.000000,0.000000,0.000000,0.000000,0.000000,0.000000,0.161886,shop_on_phone,0,0,10890,phone,resource_insufficient,,,0.000000,1.000000,0,none,,7.863635,7.863635,completed,0,8,rain,17.000000
32,1120,3448229839,178,Day 8 13:30,none,,7.863635,7.863635,completed,0.060000,0.228137,0.000000,0.970000,0.100000,0.104000,0.684789,0.000000,0.134000,10,1,1,1,0,0,0,1,1,1,1,1,0,0,1,0,1,0.237808,0.195376,0.213835,0.000000,0.000000,0.000000,0.190962,0.000000,0.000000,0.000000,0.000000,0.000000,0.000000,0.000000,0.000000,0.162019,rest_at_bed,1,60,10950,bed,none,weather-rain|room-temperature-shift,,0.000000,1.000000,0,none,,7.863635,7.863635,completed,0,8,rain,24.000000
32,1120,3448229839,179,Day 8 14:30,none,,7.863635,7.863635,completed,0.120000,0.012145,0.000000,1.000000,0.150000,0.144000,0.684789,0.000000,0.098000,10,1,1,1,0,0,0,1,1,1,1,1,0,0,1,0,1,0.254354,0.000000,0.216928,0.000000,0.000000,0.000000,0.000000,0.000000,0.184780,0.184705,0.000000,0.000000,0.000000,0.000000,0.000000,0.159233,idle,1,10,10960,,none,,,0.000000,1.000000,0,none,,7.863635,7.863635,completed,0,8,rain,24.000000
32,1120,3448229839,180,Day 8 14:40,none,,7.863635,7.863635,completed,0.243333,0.016145,0.000000,0.946667,0.158333,0.150667,0.684789,0.000000,0.092000,10,1,1,1,0,0,0,1,1,1,1,1,0,0,1,0,1,0.270041,0.000000,0.223155,0.000000,0.000000,0.000000,0.000000,0.000000,0.176547,0.176790,0.000000,0.000000,0.000000,0.000000,0.000000,0.153467,use_phone,1,25,10985,phone,none,,,0.000000,1.000000,0,none,,7.863635,7.863635,completed,0,8,rain,24.000000
32,1120,3448229839,181,Day 8 15:05,none,,7.863635,7.863635,completed,0.031667,0.115555,0.000000,0.978333,0.179167,0.167333,0.684789,0.095000,0.177000,10,1,1,1,0,0,0,1,1,1,1,1,0,0,1,0,1,0.190608,0.173761,0.169812,0.000000,0.000000,0.000000,0.000000,0.000000,0.164584,0.165545,0.000000,0.000000,0.000000,0.000000,0.000000,0.135691,use_phone,1,25,11010,phone,none,,,0.000000,1.000000,0,none,,7.863635,7.863635,completed,0,8,rain,24.000000
32,1120,3448229839,182,Day 8 15:30,none,,7.863635,7.863635,completed,0.000000,0.214965,0.000000,1.000000,0.200000,0.184000,0.684789,0.190000,0.262000,10,1,1,1,0,0,0,1,1,1,1,1,0,0,1,0,1,0.147466,0.164299,0.135126,0.000000,0.000000,0.000000,0.153246,0.000000,0.142161,0.143629,0.000000,0.000000,0.000000,0.000000,0.000000,0.114072,shop_on_phone,0,0,11010,phone,resource_insufficient,,,0.000000,1.000000,0,none,,7.863635,7.863635,completed,0,8,rain,24.000000
32,1120,3448229839,183,Day 8 15:30,none,,7.863635,7.863635,completed,0.000000,0.214965,0.000000,0.970000,0.200000,0.184000,0.714789,0.190000,0.262000,10,1,1,1,0,0,0,1,1,1,1,1,0,0,1,0,1,0.147563,0.164408,0.135215,0.000000,0.000000,0.000000,0.152688,0.000000,0.142255,0.143724,0.000000,0.000000,0.000000,0.000000,0.000000,0.114147,shop_on_phone,0,0,11010,phone,resource_insufficient,,,0.000000,1.000000,0,none,,7.863635,7.863635,completed,0,8,rain,24.000000
32,1120,3448229839,184,Day 8 15:30,none,,7.863635,7.863635,completed,0.000000,0.214965,0.000000,0.940000,0.200000,0.184000,0.744789,0.190000,0.262000,10,1,1,1,0,0,0,1,1,1,1,1,0,0,1,0,1,0.147660,0.164516,0.135304,0.000000,0.000000,0.000000,0.152132,0.000000,0.142348,0.143819,0.000000,0.000000,0.000000,0.000000,0.000000,0.114222,idle,1,10,11020,,none,,,0.000000,1.000000,0,none,,7.863635,7.863635,completed,0,8,rain,24.000000
32,1120,3448229839,185,Day 8 15:40,none,,7.863635,7.863635,completed,0.123333,0.218965,0.000000,0.886667,0.208333,0.190667,0.744789,0.180000,0.256000,10,1,1,1,0,0,0,1,1,1,1,1,0,0,1,0,1,0.160514,0.159342,0.142474,0.000000,0.000000,0.000000,0.146437,0.000000,0.138659,0.140341,0.000000,0.000000,0.000000,0.000000,0.000000,0.112233,use_phone,1,25,11045,phone,none,,,0.000000,1.000000,0,none,,7.863635,7.863635,completed,0,8,rain,24.000000
32,1120,3448229839,186,Day 8 16:05,none,,7.863635,7.863635,completed,0.000000,0.318374,0.000000,0.918333,0.229167,0.207333,0.744789,0.275000,0.341000,10,1,1,1,0,0,0,1,1,1,1,1,0,0,1,0,1,0.133804,0.175334,0.125117,0.000000,0.000000,0.000000,0.172961,0.000000,0.140575,0.142915,0.000000,0.000000,0.000000,0.000000,0.000000,0.109295,rest_at_bed,1,60,11105,bed,none,,,0.000000,1.000000,0,none,,7.863635,7.863635,completed,0,8,rain,24.000000
32,1120,3448229839,187,Day 8 17:05,none,,7.863635,7.863635,completed,0.060000,0.102382,0.000000,0.948333,0.279167,0.247333,0.744789,0.075000,0.305000,10,1,1,1,0,0,0,1,1,1,1,1,0,0,1,0,1,0.181876,0.190705,0.160381,0.000000,0.000000,0.000000,0.000000,0.000000,0.168576,0.173223,0.000000,0.000000,0.000000,0.000000,0.000000,0.125238,use_phone,1,25,11130,phone,none,,,0.000000,1.000000,0,none,,7.863635,7.863635,completed,0,8,rain,24.000000
32,1120,3448229839,188,Day 8 17:30,none,,7.863635,7.863635,completed,0.000000,0.201792,0.000000,0.980000,0.300000,0.264000,0.744789,0.170000,0.390000,10,1,1,1,0,0,0,1,1,1,1,1,0,0,1,0,1,0.140037,0.183781,0.127954,0.000000,0.000000,0.000000,0.138699,0.000000,0.148797,0.153580,0.000000,0.000000,0.000000,0.000000,0.000000,0.107152,go_to_bathroom,1,15,11145,door,none,,,0.000000,1.000000,0,none,,7.863635,7.863635,completed,0,8,rain,24.000000
32,1120,3448229839,189,Day 8 17:45,none,,7.863635,7.863635,completed,0.005000,0.207792,0.000000,1.000000,0.312500,0.000000,0.744789,0.155000,0.381000,10,1,1,1,0,0,0,1,1,1,1,1,0,0,1,0,1,0.165707,0.212757,0.151303,0.000000,0.000000,0.000000,0.161776,0.000000,0.000000,0.182845,0.000000,0.000000,0.000000,0.000000,0.000000,0.125611,idle,1,10,11155,,none,,,0.000000,1.000000,0,none,,7.863635,7.863635,completed,0,8,rain,24.000000
32,1120,3448229839,190,Day 8 17:55,none,,7.863635,7.863635,completed,0.128333,0.211792,0.000000,0.946667,0.320833,0.006667,0.744789,0.145000,0.375000,10,1,1,1,0,0,0,1,1,1,1,1,0,0,1,0,1,0.179578,0.205433,0.158831,0.000000,0.000000,0.000000,0.155241,0.000000,0.000000,0.177874,0.000000,0.000000,0.000000,0.000000,0.000000,0.123044,get_meal,1,35,11190,door,none,,,0.000000,1.000000,0,none,,7.863635,7.863635,completed,0,8,rain,24.000000
32,1120,3448229839,191,Day 8 18:30,none,,7.863635,7.863635,completed,0.100000,0.225792,0.000000,1.000000,0.000000,0.030000,0.744789,0.110000,0.354000,10,1,1,1,0,0,0,1,1,1,1,1,0,0,1,0,1,0.218532,0.245655,0.194995,0.000000,0.000000,0.000000,0.189622,0.000000,0.000000,0.000000,0.000000,0.000000,0.000000,0.000000,0.000000,0.151196,shop_on_phone,0,0,11190,phone,resource_insufficient,,,0.000000,1.000000,0,none,,7.863635,7.863635,completed,0,8,rain,24.000000
32,1120,3448229839,192,Day 8 18:30,none,,7.863635,7.863635,completed,0.100000,0.225792,0.000000,0.970000,0.000000,0.030000,0.774789,0.110000,0.354000,10,1,1,1,0,0,0,1,1,1,1,1,0,0,1,0,1,0.218710,0.245855,0.195154,0.000000,0.000000,0.000000,0.188961,0.000000,0.000000,0.000000,0.000000,0.000000,0.000000,0.000000,0.000000,0.151319,use_phone,1,25,11215,phone,none,,,0.000000,1.000000,0,none,,7.863635,7.863635,completed,0,8,rain,24.000000
32,1120,3448229839,193,Day 8 18:55,none,,7.863635,7.863635,completed,0.000000,0.325202,0.000000,1.000000,0.020833,0.046667,0.774789,0.205000,0.439000,10,1,1,1,0,0,0,1,1,1,1,1,0,0,1,0,1,0.185851,0.270422,0.173641,0.000000,0.000000,0.000000,0.222614,0.000000,0.000000,0.000000,0.000000,0.000000,0.000000,0.000000,0.000000,0.147472,idle,1,10,11225,,none,,,0.000000,1.000000,0,none,,7.863635,7.863635,completed,0,8,rain,24.000000
32,1120,3448229839,194,Day 8 19:05,none,,7.863635,7.863635,completed,0.123333,0.329202,0.000000,0.946667,0.029167,0.053333,0.774789,0.195000,0.433000,10,1,1,1,0,0,0,1,1,1,1,1,0,0,1,0,1,0.200830,0.260362,0.181756,0.000000,0.000000,0.000000,0.213008,0.000000,0.000000,0.000000,0.000000,0.000000,0.000000,0.000000,0.000000,0.144043,shop_on_phone,0,0,11225,phone,resource_insufficient,,,0.000000,1.000000,0,none,,7.863635,7.863635,completed,0,8,rain,24.000000
32,1120,3448229839,195,Day 8 19:05,none,,7.863635,7.863635,completed,0.123333,0.329202,0.000000,0.916667,0.029167,0.053333,0.804789,0.195000,0.433000,10,1,1,1,0,0,0,1,1,1,1,1,0,0,1,0,1,0.201014,0.260601,0.181923,0.000000,0.000000,0.000000,0.212287,0.000000,0.000000,0.000000,0.000000,0.000000,0.000000,0.000000,0.000000,0.144176,use_phone,1,25,11250,phone,none,evening,,0.000000,1.000000,0,none,,7.863635,7.863635,completed,0,8,rain,24.000000
32,1120,3448229839,196,Day 8 19:30,none,,7.863635,7.863635,completed,0.000000,0.428611,0.000000,0.948333,0.050000,0.070000,0.804789,0.290000,0.518000,10,1,1,1,0,0,0,1,1,1,1,1,0,0,1,0,1,0.166694,0.285266,0.158930,0.000000,0.000000,0.000000,0.249437,0.000000,0.000000,0.000000,0.000000,0.000000,0.000000,0.000000,0.000000,0.139672,shop_on_phone,0,0,11250,phone,resource_insufficient,,,0.000000,1.000000,0,none,,7.863635,7.863635,completed,0,8,rain,24.000000
32,1120,3448229839,197,Day 8 19:30,none,,7.863635,7.863635,completed,0.000000,0.428611,0.000000,0.918333,0.050000,0.070000,0.834789,0.290000,0.518000,10,1,1,1,0,0,0,1,1,1,1,1,0,0,1,0,1,0.166873,0.285573,0.159101,0.000000,0.000000,0.000000,0.248631,0.000000,0.000000,0.000000,0.000000,0.000000,0.000000,0.000000,0.000000,0.139822,idle,1,10,11260,,none,,,0.000000,1.000000,0,none,,7.863635,7.863635,completed,0,8,rain,24.000000
32,1120,3448229839,198,Day 8 19:40,none,,7.863635,7.863635,completed,0.123333,0.432611,0.000000,0.865000,0.058333,0.076667,0.834789,0.280000,0.512000,10,1,1,1,0,0,0,1,1,1,1,1,0,0,1,0,1,0.180995,0.275975,0.167158,0.000000,0.000000,0.000000,0.238791,0.000000,0.000000,0.000000,0.000000,0.000000,0.000000,0.000000,0.000000,0.137081,use_computer,1,30,11290,computer,none,,,0.000000,1.000000,0,none,,7.863635,7.863635,completed,0,8,rain,24.000000
32,1120,3448229839,199,Day 8 20:10,none,,7.863635,7.863635,completed,0.000000,0.552535,0.000000,0.855000,0.083333,0.096667,0.834789,0.360000,0.494000,10,1,1,1,0,0,0,1,1,1,1,1,0,0,1,0,1,0.126664,0.220869,0.000000,0.000000,0.000000,0.000000,0.238777,0.301949,0.000000,0.000000,0.000000,0.000000,0.000000,0.000000,0.000000,0.111741,shop_on_phone,0,0,11290,phone,resource_insufficient,,,0.000000,1.000000,0,none,,7.863635,7.863635,completed,0,8,rain,24.000000
32,1120,3448229839,200,Day 8 20:10,none,,7.863635,7.863635,completed,0.000000,0.552535,0.000000,0.825000,0.083333,0.096667,0.864789,0.360000,0.494000,10,1,1,1,0,0,0,1,1,1,1,1,0,0,1,0,1,0.126794,0.221096,0.000000,0.000000,0.000000,0.000000,0.237995,0.302259,0.000000,0.000000,0.000000,0.000000,0.000000,0.000000,0.000000,0.111856,use_phone,1,25,11315,phone,none,,,0.000000,1.000000,0,none,,7.863635,7.863635,completed,0,8,rain,24.000000
32,1120,3448229839,201,Day 8 20:35,none,,7.863635,7.863635,completed,0.000000,0.651945,0.000000,0.856667,0.104167,0.113333,0.864789,0.455000,0.579000,10,1,1,1,0,0,0,1,1,1,1,1,0,0,1,0,1,0.000000,0.241770,0.000000,0.000000,0.000000,0.000000,0.276155,0.373152,0.000000,0.000000,0.000000,0.000000,0.000000,0.000000,0.000000,0.108923,rest_at_bed,1,60,11375,bed,none,,,0.000000,1.000000,0,none,,7.863635,7.863635,completed,0,8,rain,24.000000
32,1120,3448229839,202,Day 8 21:35,none,,7.863635,7.863635,completed,0.060000,0.435953,0.000000,0.886667,0.154167,0.153333,0.864789,0.255000,0.543000,10,1,1,1,0,0,0,1,1,1,1,1,0,0,1,0,1,0.131428,0.218242,0.123389,0.000000,0.000000,0.000000,0.178723,0.000000,0.122784,0.121850,0.000000,0.000000,0.000000,0.000000,0.000000,0.103584,go_to_bathroom,1,15,11390,door,none,,,0.000000,1.000000,0,none,,7.863635,7.863635,completed,0,8,rain,24.000000
32,1120,3448229839,203,Day 8 21:50,none,,7.863635,7.863635,completed,0.065000,0.441953,0.000000,0.960016,0.166667,0.000000,0.864789,0.240000,0.534000,10,1,1,1,0,0,0,1,1,1,1,1,0,0,1,0,1,0.151132,0.245523,0.141788,0.000000,0.000000,0.000000,0.202579,0.000000,0.000000,0.140976,0.000000,0.000000,0.000000,0.000000,0.000000,0.118002,use_computer,1,30,11420,computer,none,,,0.000000,1.000000,0,none,,7.863635,7.863635,completed,0,8,rain,24.000000
32,1120,3448229839,204,Day 8 22:20,none,,7.863635,7.863635,completed,0.000000,0.561877,0.000000,0.950016,0.191667,0.020000,0.864789,0.320000,0.516000,10,1,1,1,0,0,0,1,1,1,1,1,0,0,1,0,1,0.101892,0.180249,0.099489,0.000000,0.000000,0.000000,0.184807,0.234841,0.000000,0.110228,0.000000,0.000000,0.000000,0.000000,0.000000,0.088495,use_phone,1,25,11445,phone,none,,,0.000000,1.000000,0,none,,7.863635,7.863635,completed,0,8,rain,24.000000
32,1120,3448229839,205,Day 8 22:45,none,,7.863635,7.863635,completed,0.000000,0.661287,0.000000,0.981683,0.212500,0.036667,0.864789,0.415000,0.601000,10,1,1,1,0,0,0,1,1,1,1,1,0,0,1,0,1,0.000000,0.219513,0.000000,0.000000,0.000000,0.000000,0.238821,0.322883,0.000000,0.122812,0.000000,0.000000,0.000000,0.000000,0.000000,0.095971,sleep_at_bed,1,480,11925,bed,none,,,0.000000,1.000000,0,none,,7.863635,7.863635,completed,0,8,rain,24.000000
32,1120,3448229839,206,Day 9 06:45,none,,7.863635,7.863635,completed,0.080000,0.378162,0.000000,0.901683,0.612500,0.356667,0.864789,0.000000,0.313000,10,1,1,1,0,0,0,1,1,1,1,1,0,0,1,0,1,0.140379,0.148573,0.128859,0.000000,0.000000,0.000000,0.130045,0.000000,0.150329,0.205209,0.000000,0.000000,0.000000,0.000000,0.000000,0.096607,use_phone,1,25,11950,phone,none,,,0.000000,1.000000,0,none,,7.863635,7.863635,completed,0,8,rain,24.000000
32,1120,3448229839,207,Day 9 07:10,none,,7.863635,7.863635,completed,0.000000,0.477572,0.000000,0.933350,0.633333,0.373333,0.864789,0.095000,0.398000,10,1,1,1,0,0,0,1,1,1,1,1,0,0,1,0,1,0.120388,0.162176,0.115107,0.000000,0.000000,0.000000,0.151757,0.000000,0.150577,0.206466,0.000000,0.000000,0.000000,0.000000,0.000000,0.093530,shop_on_phone,0,0,11950,phone,resource_insufficient,,,0.000000,1.000000,0,none,,7.863635,7.863635,completed,0,8,rain,24.000000
32,1120,3448229839,208,Day 9 07:10,none,,7.863635,7.863635,completed,0.000000,0.477572,0.000000,0.903350,0.633333,0.373333,0.894789,0.095000,0.398000,10,1,1,1,0,0,0,1,1,1,1,1,0,0,1,0,1,0.120466,0.162282,0.115182,0.000000,0.000000,0.000000,0.151203,0.000000,0.150676,0.206600,0.000000,0.000000,0.000000,0.000000,0.000000,0.093591,idle,1,10,11960,,none,,,0.000000,1.000000,0,none,,7.863635,7.863635,completed,0,8,rain,24.000000
32,1120,3448229839,209,Day 9 07:20,none,,7.863635,7.863635,completed,0.123333,0.481572,0.000000,0.850016,0.641667,0.380000,0.894789,0.085000,0.392000,10,1,1,1,0,0,0,1,1,1,1,1,0,0,1,0,1,0.131572,0.157922,0.121859,0.000000,0.000000,0.000000,0.146231,0.000000,0.147464,0.202557,0.000000,0.000000,0.000000,0.000000,0.000000,0.092396,get_meal,1,35,11995,door,none,,,0.000000,1.000000,0,none,,7.863635,7.863635,completed,0,8,rain,24.000000
32,1120,3448229839,210,Day 9 07:55,none,,7.863635,7.863635,completed,0.095000,0.495572,0.000000,0.956699,0.120833,0.403333,0.894789,0.050000,0.371000,10,1,1,1,0,0,0,1,1,1,1,1,0,0,1,0,1,0.163633,0.192994,0.152894,0.000000,0.000000,0.000000,0.182544,0.000000,0.191903,0.000000,0.000000,0.000000,0.000000,0.000000,0.000000,0.116032,use_computer,1,30,12025,computer,none,alarm-rings,,0.000000,1.000000,0,none,,7.863635,7.863635,completed,0,8,rain,24.000000
32,1120,3448229839,211,Day 9 08:25,none,,7.863635,7.863635,completed,0.000000,0.615496,0.000000,0.946699,0.145833,0.423333,0.953442,0.130000,0.353000,11,1,1,1,0,0,0,1,1,1,1,1,0,1,1,0,1,0.083335,0.109760,0.081678,0.000000,0.000000,0.000000,0.128284,0.166337,0.115943,0.079005,0.000000,0.000000,0.168350,0.000000,0.000000,0.067308,shop_on_phone,0,0,12025,phone,resource_insufficient,,,0.000000,1.000000,0,none,,7.863635,7.863635,completed,0,8,rain,24.000000
32,1120,3448229839,212,Day 9 08:25,none,,7.863635,7.863635,completed,0.000000,0.615496,0.000000,0.916699,0.145833,0.423333,0.983442,0.130000,0.353000,11,1,1,1,0,0,0,1,1,1,1,1,0,1,1,0,1,0.083229,0.109620,0.081574,0.000000,0.000000,0.000000,0.127570,0.166126,0.115796,0.078904,0.000000,0.000000,0.169957,0.000000,0.000000,0.067223,turn_off_alarm,1,1,12026,alarm,none,,,0.000000,1.000000,0,none,,7.863635,7.863635,completed,0,8,rain,24.000000
32,1120,3448229839,213,Day 9 08:26,none,,7.863635,7.863635,completed,0.000333,0.615896,0.000000,0.946366,0.146667,0.424000,0.963442,0.129000,0.352400,10,1,1,1,0,0,0,1,1,1,1,1,0,0,1,0,1,0.100277,0.131880,0.098278,0.000000,0.000000,0.000000,0.153993,0.199980,0.139546,0.095104,0.000000,0.000000,0.000000,0.000000,0.000000,0.080941,shop_on_phone,0,0,12026,phone,resource_insufficient,,,0.000000,1.000000,0,none,,7.863635,7.863635,completed,0,8,rain,24.000000
32,1120,3448229839,214,Day 9 08:26,none,,7.863635,7.863635,completed,0.000333,0.615896,0.000000,0.916366,0.146667,0.424000,0.993442,0.129000,0.352400,10,1,1,1,0,0,0,1,1,1,1,1,0,0,1,0,1,0.100343,0.131968,0.098343,0.000000,0.000000,0.000000,0.153433,0.200113,0.139638,0.095167,0.000000,0.000000,0.000000,0.000000,0.000000,0.080994,sleep_at_bed,1,480,12506,bed,none,weather-rain,,0.000000,1.000000,0,none,,7.863635,7.863635,completed,0,8,rain,24.000000
32,1120,3448229839,215,Day 9 16:26,none,,7.863635,7.863635,completed,0.080333,0.332771,0.000000,0.836366,0.546667,0.744000,0.993442,0.000000,0.064400,10,1,1,1,0,0,0,1,1,1,1,1,0,0,1,0,1,0.152037,0.000000,0.138460,0.000000,0.000000,0.000000,0.130602,0.000000,0.272687,0.202426,0.000000,0.000000,0.000000,0.000000,0.000000,0.103788,idle,1,10,12516,,none,,,0.000000,1.000000,0,none,,7.863635,7.863635,completed,0,8,rain,24.000000
32,1120,3448229839,216,Day 9 16:36,none,,7.863635,7.863635,completed,0.203667,0.336771,0.000000,0.783032,0.555000,0.750667,0.993442,0.000000,0.058400,10,1,1,1,0,0,0,1,1,1,1,1,0,0,1,0,1,0.164311,0.000000,0.144992,0.000000,0.000000,0.000000,0.126427,0.000000,0.265215,0.197230,0.000000,0.000000,0.000000,0.000000,0.000000,0.101825,use_phone,1,25,12541,phone,none,,,0.000000,1.000000,0,none,,7.863635,7.863635,completed,0,8,rain,24.000000
32,1120,3448229839,217,Day 9 17:01,none,,7.863635,7.863635,completed,0.000000,0.436181,0.000000,0.814699,0.575833,0.767333,0.993442,0.095000,0.143400,10,1,1,1,0,0,0,1,1,1,1,1,0,0,1,0,1,0.117132,0.110695,0.111197,0.000000,0.000000,0.000000,0.137644,0.000000,0.247844,0.185135,0.000000,0.000000,0.000000,0.000000,0.000000,0.090353,rest_at_bed,1,60,12601,bed,none,message-study-group,,0.000000,1.000000,0,none,,7.863635,7.863635,completed,0,9,rain,24.000000
32,1120,3448229839,218,Day 9 18:01,none,,7.863635,7.863635,completed,0.060000,0.220189,0.000000,0.844699,0.625833,0.807333,0.993442,0.000000,0.107400,10,1,1,1,0,0,0,1,1,1,1,1,0,0,1,0,1,0.166497,0.000000,0.149509,0.000000,0.000000,0.000000,0.000000,0.000000,0.325192,0.245522,0.000000,0.000000,0.000000,0.000000,0.000000,0.113280,go_to_bathroom,1,15,12616,door,none,evening,,0.000000,1.000000,0,none,,7.863635,7.863635,completed,0,9,rain,24.000000
32,1120,3448229839,219,Day 9 18:16,none,,7.863635,7.863635,completed,0.065000,0.226189,0.000000,0.918049,0.638333,0.197333,0.993442,0.000000,0.098400,10,1,1,1,0,0,0,1,1,1,1,1,0,0,1,0,1,0.203161,0.000000,0.182382,0.000000,0.000000,0.000000,0.000000,0.000000,0.173261,0.303374,0.000000,0.000000,0.000000,0.000000,0.000000,0.137823,use_phone,1,25,12641,phone,none,,,0.000000,1.000000,0,none,,7.863635,7.863635,completed,0,9,rain,24.000000
32,1120,3448229839,220,Day 9 18:41,none,,7.863635,7.863635,completed,0.000000,0.325599,0.000000,0.949715,0.659167,0.214000,0.993442,0.095000,0.183400,10,1,1,1,0,0,0,1,1,1,1,1,0,0,1,0,1,0.135122,0.132314,0.125855,0.000000,0.000000,0.000000,0.138295,0.000000,0.132722,0.233429,0.000000,0.000000,0.000000,0.000000,0.000000,0.102263,go_to_bathroom,1,15,12656,door,none,,,0.000000,1.000000,0,none,,7.863635,7.863635,completed,0,9,rain,24.000000
32,1120,3448229839,221,Day 9 18:56,none,,7.863635,7.863635,completed,0.005000,0.331599,0.000000,1.000000,0.671667,0.000000,0.993442,0.080000,0.174400,10,1,1,1,0,0,0,1,1,1,1,1,0,0,1,0,1,0.156606,0.150027,0.145763,0.000000,0.000000,0.000000,0.157991,0.000000,0.000000,0.272198,0.000000,0.000000,0.000000,0.000000,0.000000,0.117416,shop_on_phone,0,0,12656,phone,resource_insufficient,,,0.000000,1.000000,0,none,,7.863635,7.863635,completed,0,9,rain,24.000000
32,1120,3448229839,222,Day 9 18:56,none,,7.863635,7.863635,completed,0.005000,0.331599,0.000000,0.970000,0.671667,0.000000,1.000000,0.080000,0.174400,10,1,1,1,0,0,0,1,1,1,1,1,0,0,1,0,1,0.156629,0.150050,0.145784,0.000000,0.000000,0.000000,0.157866,0.000000,0.000000,0.272238,0.000000,0.000000,0.000000,0.000000,0.000000,0.117433,rest_at_bed,1,60,12716,bed,none,room-temperature-shift,,0.000000,1.000000,0,none,,7.863635,7.863635,completed,0,9,rain,17.000000
32,1120,3448229839,223,Day 9 19:56,none,,7.863635,7.863635,completed,0.065000,0.144795,0.000000,0.940000,0.721667,0.040000,1.000000,0.000000,0.138400,10,1,1,1,0,0,0,1,1,1,1,1,0,0,1,0,1,0.199767,0.162075,0.176837,0.000000,0.000000,0.000000,0.000000,0.000000,0.000000,0.327689,0.000000,0.000000,0.000000,0.000000,0.000000,0.133633,use_phone,1,25,12741,phone,none,,,0.000000,1.000000,0,none,,7.863635,7.863635,completed,0,9,rain,17.000000
32,1120,3448229839,224,Day 9 20:21,none,,7.863635,7.863635,completed,0.000000,0.244205,0.000000,0.971667,0.742500,0.056667,1.000000,0.095000,0.223400,10,1,1,1,0,0,0,1,1,1,1,1,0,0,1,0,1,0.153709,0.156742,0.141173,0.000000,0.000000,0.000000,0.141973,0.000000,0.000000,0.291693,0.000000,0.000000,0.000000,0.000000,0.000000,0.114710,rest_at_bed,1,60,12801,bed,none,,,0.000000,1.000000,0,none,,7.863635,7.863635,completed,0,9,rain,17.000000
32,1120,3448229839,225,Day 9 21:21,none,,7.863635,7.863635,completed,0.060000,0.028213,0.000000,1.000000,0.792500,0.096667,1.000000,0.000000,0.187400,10,1,1,1,0,0,0,1,1,1,1,1,0,0,1,0,1,0.194129,0.165735,0.168648,0.000000,0.000000,0.000000,0.000000,0.000000,0.000000,0.343706,0.000000,0.000000,0.000000,0.000000,0.000000,0.127782,use_computer,1,30,12831,computer,none,,,0.000000,1.000000,0,none,,7.863635,7.863635,completed,0,9,rain,17.000000
32,1120,3448229839,226,Day 9 21:51,none,,7.863635,7.863635,completed,0.000000,0.148137,0.000000,0.990000,0.817500,0.116667,1.000000,0.080000,0.169400,10,1,1,1,0,0,0,1,1,1,1,1,0,0,1,0,1,0.178514,0.165260,0.161194,0.000000,0.000000,0.000000,0.000000,0.000000,0.000000,0.364843,0.000000,0.000000,0.000000,0.000000,0.000000,0.130190,get_meal,1,35,12866,door,none,,,0.000000,1.000000,0,none,,7.863635,7.863635,completed,0,9,rain,17.000000
32,1120,3448229839,227,Day 9 22:26,none,,7.863635,7.863635,completed,0.000000,0.162137,0.000000,1.000000,0.296667,0.140000,1.000000,0.045000,0.148400,10,1,1,1,0,0,0,1,1,1,1,1,0,0,1,0,1,0.185669,0.164926,0.167890,0.000000,0.000000,0.000000,0.000000,0.000000,0.157000,0.190810,0.000000,0.000000,0.000000,0.000000,0.000000,0.133704,use_computer,1,30,12896,computer,none,,,0.000000,1.000000,0,none,,7.863635,7.863635,completed,0,9,rain,17.000000
32,1120,3448229839,228,Day 9 22:56,none,,7.863635,7.863635,completed,0.000000,0.282061,0.000000,0.990000,0.321667,0.160000,1.000000,0.125000,0.130400,10,1,1,1,0,0,0,1,1,1,1,1,0,0,1,0,1,0.174574,0.000000,0.161525,0.000000,0.000000,0.000000,0.174982,0.000000,0.160262,0.195818,0.000000,0.000000,0.000000,0.000000,0.000000,0.132839,idle,1,10,12906,,none,,,0.000000,1.000000,0,none,,7.863635,7.863635,completed,0,9,rain,17.000000
32,1120,3448229839,229,Day 9 23:06,none,,7.863635,7.863635,completed,0.123333,0.286061,0.000000,0.936667,0.330000,0.166667,1.000000,0.115000,0.124400,10,1,1,1,0,0,0,1,1,1,1,1,0,0,1,0,1,0.163474,0.133399,0.146515,0.000000,0.000000,0.000000,0.145093,0.000000,0.134476,0.164604,0.000000,0.000000,0.000000,0.000000,0.000000,0.112439,shop_on_phone,0,0,12906,phone,resource_insufficient,,,0.000000,1.000000,0,none,,7.863635,7.863635,completed,0,9,rain,17.000000
32,1120,3448229839,230,Day 9 23:06,none,,7.863635,7.863635,completed,0.123333,0.286061,0.000000,0.906667,0.330000,0.166667,1.000000,0.115000,0.124400,10,1,1,1,0,0,0,1,1,1,1,1,0,0,1,0,1,0.163474,0.133399,0.146515,0.000000,0.000000,0.000000,0.145093,0.000000,0.134476,0.164604,0.000000,0.000000,0.000000,0.000000,0.000000,0.112439,shop_on_phone,0,0,12906,phone,resource_insufficient,,,0.000000,1.000000,0,none,,7.863635,7.863635,completed,0,9,rain,17.000000
32,1120,3448229839,231,Day 9 23:06,none,,7.863635,7.863635,completed,0.123333,0.286061,0.000000,0.876667,0.330000,0.166667,1.000000,0.115000,0.124400,10,1,1,1,0,0,0,1,1,1,1,1,0,0,1,0,1,0.163474,0.133399,0.146515,0.000000,0.000000,0.000000,0.145093,0.000000,0.134476,0.164604,0.000000,0.000000,0.000000,0.000000,0.000000,0.112439,use_phone,1,25,12931,phone,none,,,0.000000,1.000000,0,none,,7.863635,7.863635,completed,0,9,rain,17.000000
32,1120,3448229839,232,Day 9 23:31,none,,7.863635,7.863635,completed,0.000000,0.385470,0.000000,0.908333,0.350833,0.183333,1.000000,0.210000,0.209400,10,1,1,1,0,0,0,1,1,1,1,1,0,0,1,0,1,0.136743,0.147295,0.129111,0.000000,0.000000,0.000000,0.171967,0.000000,0.136807,0.168203,0.000000,0.000000,0.000000,0.000000,0.000000,0.109874,use_phone,1,25,12956,phone,none,,,0.000000,1.000000,0,none,,7.863635,7.863635,completed,0,9,rain,17.000000
32,1120,3448229839,233,Day 9 23:56,none,,7.863635,7.863635,completed,0.000000,0.484880,0.000000,0.940000,0.371667,0.200000,1.000000,0.305000,0.294400,10,1,1,1,0,0,0,1,1,1,1,1,0,0,1,0,1,0.099186,0.127149,0.095529,0.000000,0.000000,0.000000,0.157520,0.195754,0.107562,0.132837,0.000000,0.000000,0.000000,0.000000,0.000000,0.084462,shop_on_phone,0,0,12956,phone,resource_insufficient,,,0.000000,1.000000,0,none,,7.863635,7.863635,completed,0,9,rain,17.000000
32,1120,3448229839,234,Day 9 23:56,none,,7.863635,7.863635,completed,0.000000,0.484880,0.000000,0.910000,0.371667,0.200000,1.000000,0.305000,0.294400,10,1,1,1,0,0,0,1,1,1,1,1,0,0,1,0,1,0.099186,0.127149,0.095529,0.000000,0.000000,0.000000,0.157520,0.195754,0.107562,0.132837,0.000000,0.000000,0.000000,0.000000,0.000000,0.084462,get_meal,1,35,12991,door,none,,,0.000000,1.000000,0,none,,7.863635,7.863635,completed,0,9,rain,17.000000
32,1120,3448229839,235,Day 10 00:31,none,,7.863635,7.863635,completed,0.000000,0.498880,0.000000,1.000000,0.000000,0.223333,1.000000,0.270000,0.273400,10,1,1,1,0,0,0,1,1,1,1,1,0,0,1,0,1,0.115889,0.142547,0.111773,0.000000,0.000000,0.000000,0.179910,0.224368,0.128071,0.000000,0.000000,0.000000,0.000000,0.000000,0.000000,0.097442,sleep_at_bed,1,480,13471,bed,none,alarm-rings,,0.000000,1.000000,0,none,,7.863635,7.863635,completed,0,9,rain,17.000000
32,1120,3448229839,236,Day 10 08:31,none,,7.863635,7.863635,completed,0.110000,0.215755,0.000000,0.920000,0.400000,0.543333,1.000000,0.000000,0.000000,11,1,1,1,0,0,0,1,1,1,1,1,0,1,1,0,1,0.153183,0.000000,0.135663,0.000000,0.000000,0.000000,0.000000,0.000000,0.199652,0.160773,0.000000,0.000000,0.250621,0.000000,0.000000,0.100109,get_meal,1,35,13506,door,none,,,0.000000,1.000000,0,none,,7.863635,7.863635,completed,0,9,rain,17.000000
32,1120,3448229839,237,Day 10 09:06,none,,7.863635,7.863635,completed,0.081667,0.229755,0.000000,1.000000,0.000000,0.566667,1.000000,0.000000,0.000000,11,1,1,1,0,0,0,1,1,1,1,1,0,1,1,0,1,0.177531,0.000000,0.158777,0.000000,0.000000,0.000000,0.000000,0.000000,0.245798,0.000000,0.000000,0.000000,0.298961,0.000000,0.000000,0.118933,turn_off_alarm,1,1,13507,alarm,none,,,0.000000,1.000000,0,none,,7.863635,7.863635,completed,0,9,rain,17.000000
32,1120,3448229839,238,Day 10 09:07,none,,7.863635,7.863635,completed,0.082000,0.230155,0.000000,1.000000,0.000833,0.567333,0.980000,0.000000,0.000000,10,1,1,1,0,0,0,1,1,1,1,1,0,0,1,0,1,0.253190,0.000000,0.226441,0.000000,0.000000,0.000000,0.000000,0.000000,0.350782,0.000000,0.000000,0.000000,0.000000,0.000000,0.000000,0.169587,go_to_bathroom,1,15,13522,door,none,,,0.000000,1.000000,0,none,,7.863635,7.863635,completed,0,9,rain,17.000000
32,1120,3448229839,239,Day 10 09:22,none,,7.863635,7.863635,completed,0.087000,0.236155,0.000000,1.000000,0.013333,0.000000,0.980000,0.000000,0.000000,10,1,1,1,0,0,0,1,1,1,1,1,0,0,1,0,1,0.390327,0.000000,0.348994,0.000000,0.000000,0.000000,0.000000,0.000000,0.000000,0.000000,0.000000,0.000000,0.000000,0.000000,0.000000,0.260680,use_computer,1,30,13552,computer,none,,,0.000000,1.000000,0,none,,7.863635,7.863635,completed,0,9,rain,17.000000
32,1120,3448229839,240,Day 10 09:52,none,,7.863635,7.863635,completed,0.000000,0.356079,0.000000,0.990000,0.038333,0.020000,0.980000,0.080000,0.000000,10,1,1,1,0,0,0,1,1,1,1,1,0,0,1,0,1,0.267459,0.000000,0.250320,0.000000,0.000000,0.000000,0.280047,0.000000,0.000000,0.000000,0.000000,0.000000,0.000000,0.000000,0.000000,0.202174,use_phone,1,25,13577,phone,none,,,0.000000,1.000000,0,none,,7.863635,7.863635,completed,0,9,rain,17.000000
32,1120,3448229839,241,Day 10 10:17,none,,7.863635,7.863635,completed,0.000000,0.455489,0.000000,1.000000,0.059167,0.036667,0.980000,0.175000,0.085000,10,1,1,1,0,0,0,1,1,1,1,1,0,0,1,0,1,0.245216,0.000000,0.234105,0.000000,0.000000,0.000000,0.324238,0.000000,0.000000,0.000000,0.000000,0.000000,0.000000,0.000000,0.000000,0.196441,use_phone,1,25,13602,phone,none,,,0.000000,1.000000,0,none,,7.863635,7.863635,completed,0,9,rain,17.000000
32,1120,3448229839,242,Day 10 10:42,none,,7.863635,7.863635,completed,0.000000,0.554899,0.000000,1.000000,0.080000,0.053333,0.980000,0.270000,0.170000,10,1,1,1,0,0,0,1,1,1,1,1,0,0,1,0,1,0.129718,0.139908,0.126325,0.000000,0.000000,0.000000,0.216600,0.277320,0.000000,0.000000,0.000000,0.000000,0.000000,0.000000,0.000000,0.110128,rest_at_bed,1,60,13662,bed,none,message-study-group,,0.000000,1.000000,0,none,,7.863635,7.863635,completed,0,10,rain,17.000000
32,1120,3448229839,243,Day 10 11:42,none,,7.863635,7.863635,completed,0.060000,0.338907,0.000000,1.000000,0.130000,0.093333,0.980000,0.070000,0.134000,10,1,1,1,0,0,0,1,1,1,1,1,0,0,1,0,1,0.224464,0.193723,0.206141,0.000000,0.000000,0.000000,0.215024,0.000000,0.000000,0.000000,0.000000,0.000000,0.000000,0.000000,0.000000,0.160648,shop_on_phone,0,0,13662,phone,resource_insufficient,,,0.000000,1.000000,0,none,,7.863635,7.863635,completed,0,10,rain,17.000000
32,1120,3448229839,244,Day 10 11:42,none,,7.863635,7.863635,completed,0.060000,0.338907,0.000000,0.970000,0.130000,0.093333,1.000000,0.070000,0.134000,10,1,1,1,0,0,0,1,1,1,1,1,0,0,1,0,1,0.224603,0.193842,0.206268,0.000000,0.000000,0.000000,0.214540,0.000000,0.000000,0.000000,0.000000,0.000000,0.000000,0.000000,0.000000,0.160747,use_computer,1,30,13692,computer,none,,,0.000000,1.000000,0,none,,7.863635,7.863635,completed,0,10,rain,17.000000
32,1120,3448229839,245,Day 10 12:12,none,,7.863635,7.863635,completed,0.000000,0.458831,0.000000,0.960000,0.155000,0.113333,1.000000,0.150000,0.116000,10,1,1,1,0,0,0,1,1,1,1,1,0,0,1,0,1,0.200968,0.000000,0.191836,0.000000,0.000000,0.000000,0.258545,0.000000,0.000000,0.189290,0.000000,0.000000,0.000000,0.000000,0.000000,0.159361,use_computer,1,30,13722,computer,none,,,0.000000,1.000000,0,none,,7.863635,7.863635,completed,0,10,rain,17.000000
32,1120,3448229839,246,Day 10 12:42,none,,7.863635,7.863635,completed,0.000000,0.578755,0.000000,0.950000,0.180000,0.133333,1.000000,0.230000,0.098000,10,1,1,1,0,0,0,1,1,1,1,1,0,0,1,0,1,0.131548,0.000000,0.128488,0.000000,0.000000,0.000000,0.215518,0.278982,0.000000,0.135237,0.000000,0.000000,0.000000,0.000000,0.000000,0.110226,rest_at_bed,1,60,13782,bed,none,,,0.000000,1.000000,0,none,,7.863635,7.863635,completed,0,10,rain,17.000000
32,1120,3448229839,247,Day 10 13:42,none,,7.863635,7.863635,completed,0.060000,0.362763,0.000000,0.980000,0.230000,0.173333,1.000000,0.030000,0.062000,10,1,1,1,0,0,0,1,1,1,1,1,0,0,1,0,1,0.187115,0.000000,0.172350,0.000000,0.000000,0.000000,0.175868,0.000000,0.160965,0.171530,0.000000,0.000000,0.000000,0.000000,0.000000,0.132171,use_computer,1,30,13812,computer,none,,,0.000000,1.000000,0,none,,7.863635,7.863635,completed,0,10,rain,17.000000
32,1120,3448229839,248,Day 10 14:12,none,,7.863635,7.863635,completed,0.000000,0.482687,0.000000,0.970000,0.255000,0.193333,1.000000,0.110000,0.044000,10,1,1,1,0,0,0,1,1,1,1,1,0,0,1,0,1,0.165239,0.000000,0.158198,0.000000,0.000000,0.000000,0.209174,0.000000,0.163212,0.174856,0.000000,0.000000,0.000000,0.000000,0.000000,0.129321,use_phone,1,25,13837,phone,none,,,0.000000,1.000000,0,none,,7.863635,7.863635,completed,0,10,rain,17.000000
32,1120,3448229839,249,Day 10 14:37,none,,7.863635,7.863635,completed,0.000000,0.582096,0.000000,1.000000,0.275833,0.210000,1.000000,0.205000,0.129000,10,1,1,1,0,0,0,1,1,1,1,1,0,0,1,0,1,0.115012,0.000000,0.112320,0.000000,0.000000,0.000000,0.183857,0.237771,0.123137,0.132511,0.000000,0.000000,0.000000,0.000000,0.000000,0.095393,sleep_at_bed,1,480,14317,bed,none,weather-clear|evening|room-temperature-shift,,0.000000,1.000000,0,none,,7.863635,7.863635,completed,0,10,clear,24.000000
32,1120,3448229839,250,Day 10 22:37,none,,7.863635,7.863635,completed,0.080000,0.298972,0.000000,0.920000,0.675833,0.530000,1.000000,0.000000,0.000000,10,1,1,1,0,0,0,1,1,1,1,1,0,0,1,0,1,0.158526,0.000000,0.143544,0.000000,0.000000,0.000000,0.130464,0.000000,0.211702,0.248146,0.000000,0.000000,0.000000,0.000000,0.000000,0.107618,get_meal,1,35,14352,door,none,,,0.000000,1.000000,0,none,,7.863635,7.863635,completed,0,10,clear,24.000000
32,1120,3448229839,251,Day 10 23:12,none,,7.863635,7.863635,completed,0.051667,0.312972,0.000000,1.000000,0.155000,0.553333,1.000000,0.000000,0.000000,10,1,1,1,0,0,0,1,1,1,1,1,0,0,1,0,1,0.175151,0.000000,0.160162,0.000000,0.000000,0.000000,0.150620,0.000000,0.248471,0.143708,0.000000,0.000000,0.000000,0.000000,0.000000,0.121888,use_computer,1,30,14382,computer,none,,,0.000000,1.000000,0,none,,7.863635,7.863635,completed,0,10,clear,24.000000
32,1120,3448229839,252,Day 10 23:42,none,,7.863635,7.863635,completed,0.000000,0.432896,0.000000,0.990000,0.180000,0.573333,1.000000,0.080000,0.000000,10,1,1,1,0,0,0,1,1,1,1,1,0,0,1,0,1,0.155773,0.000000,0.147733,0.000000,0.000000,0.000000,0.179019,0.000000,0.251763,0.146393,0.000000,0.000000,0.000000,0.000000,0.000000,0.119319,idle,1,10,14392,,none,,,0.000000,1.000000,0,none,,7.863635,7.863635,completed,0,10,clear,24.000000
32,1120,3448229839,253,Day 10 23:52,none,,7.863635,7.863635,completed,0.123333,0.436896,0.000000,0.936667,0.188333,0.580000,1.000000,0.070000,0.000000,10,1,1,1,0,0,0,1,1,1,1,1,0,0,1,0,1,0.168903,0.000000,0.155167,0.000000,0.000000,0.000000,0.171881,0.000000,0.244615,0.142490,0.000000,0.000000,0.000000,0.000000,0.000000,0.116943,rest_at_bed,1,60,14452,bed,none,,,0.000000,1.000000,0,none,,7.863635,7.863635,completed,0,10,clear,24.000000
32,1120,3448229839,254,Day 11 00:52,none,,7.863635,7.863635,completed,0.183333,0.220904,0.000000,0.966667,0.238333,0.620000,1.000000,0.000000,0.000000,10,1,1,1,0,0,0,1,1,1,1,1,0,0,1,0,1,0.215807,0.000000,0.187662,0.000000,0.000000,0.000000,0.000000,0.000000,0.291620,0.171695,0.000000,0.000000,0.000000,0.000000,0.000000,0.133216,use_phone,1,25,14477,phone,none,,,0.000000,1.000000,0,none,,7.863635,7.863635,completed,0,10,clear,24.000000
32,1120,3448229839,255,Day 11 01:17,none,,7.863635,7.863635,completed,0.000000,0.320314,0.000000,0.998333,0.259167,0.636667,1.000000,0.095000,0.085000,10,1,1,1,0,0,0,1,1,1,1,1,0,0,1,0,1,0.154595,0.000000,0.143861,0.000000,0.000000,0.000000,0.157036,0.000000,0.268705,0.158909,0.000000,0.000000,0.000000,0.000000,0.000000,0.116894,go_to_bathroom,1,15,14492,door,none,,,0.000000,1.000000,0,none,,7.863635,7.863635,completed,0,10,clear,24.000000
32,1120,3448229839,256,Day 11 01:32,none,,7.863635,7.863635,completed,0.005000,0.326314,0.000000,1.000000,0.271667,0.026667,1.000000,0.080000,0.076000,10,1,1,1,0,0,0,1,1,1,1,1,0,0,1,0,1,0.212114,0.000000,0.197248,0.000000,0.000000,0.000000,0.212381,0.000000,0.000000,0.219368,0.000000,0.000000,0.000000,0.000000,0.000000,0.158889,idle,1,10,14502,,none,,,0.000000,1.000000,0,none,,7.863635,7.863635,completed,0,10,clear,24.000000
