personality_index,scenario_seed,action_seed,step,decision_time,pre_commitment_status,pre_commitment_task_id,pre_task_effort,pre_task_effort_target,pre_task_status,pre_boredom,pre_fatigue,pre_task_pressure,pre_satisfaction,pre_hunger,pre_bathroom_urge,pre_anxiety,pre_screen_strain,pre_purchase_urge,known_action_count,known_use_phone,known_shop_on_phone,known_use_computer,known_study_at_computer,known_study_focused,known_study_halfhearted,known_rest_at_bed,known_sleep_at_bed,known_go_to_bathroom,known_get_meal,known_turn_light_on,known_turn_light_off,known_turn_off_alarm,known_open_curtain,known_close_curtain,known_idle,p_use_phone,p_shop_on_phone,p_use_computer,p_study_at_computer,p_study_focused,p_study_halfhearted,p_rest_at_bed,p_sleep_at_bed,p_go_to_bathroom,p_get_meal,p_turn_light_on,p_turn_light_off,p_turn_off_alarm,p_open_curtain,p_close_curtain,p_idle,chosen_action,accepted,elapsed_minutes,simulation_total_minutes,target_object_id,failure_reason,event_ids,outcome_task_id,outcome_task_effort_gained,outcome_task_settlement_variation,outcome_task_session_interrupted,post_commitment_status,post_commitment_task_id,post_task_effort,post_task_effort_target,post_task_status,post_wallet,post_unread_messages,post_weather,post_temperature_celsius
7,1106,3448093748,1,Day 1 08:00,none,,0.000000,7.811698,active,0.550000,0.150000,0.550000,0.450000,0.250000,0.150000,0.200000,0.050000,0.100000,13,1,1,1,1,1,1,1,1,1,1,0,1,0,0,1,1,0.119519,0.089690,0.106946,0.103493,0.107093,0.109872,0.098007,0.000000,0.088672,0.093597,0.000000,0.000000,0.000000,0.000000,0.000000,0.083110,idle,1,10,490,,none,,,0.000000,1.000000,0,none,,0.000000,7.811698,active,120,0,clear,23.000000
7,1106,3448093748,2,Day 1 08:10,none,,0.000000,7.811698,active,0.673333,0.154000,0.647058,0.396667,0.258333,0.156667,0.217229,0.040000,0.094000,13,1,1,1,1,1,1,1,1,1,1,0,1,0,0,1,1,0.122933,0.087252,0.108323,0.105627,0.108898,0.113098,0.094945,0.000000,0.086483,0.091356,0.000000,0.000000,0.000000,0.000000,0.000000,0.081086,shop_on_phone,1,20,510,phone,none,,,0.000000,1.000000,0,none,,0.000000,7.811698,active,90,0,clear,23.000000
7,1106,3448093748,3,Day 1 08:30,none,,0.000000,7.811698,active,0.680000,0.163331,0.694116,0.490000,0.275000,0.170000,0.236243,0.100000,0.000000,13,1,1,1,1,1,1,1,1,1,1,0,1,0,0,1,1,0.131969,0.000000,0.116374,0.117370,0.121790,0.124529,0.105510,0.000000,0.094583,0.100064,0.000000,0.000000,0.000000,0.000000,0.000000,0.087811,study_at_computer,1,35,545,computer,none,,coursework,0.634606,0.918998,0,active,coursework,0.634606,7.811698,active,90,0,clear,23.000000
7,1106,3448093748,4,Day 1 09:05,active,coursework,0.634606,7.811698,active,0.711667,0.288330,0.588465,0.558333,0.304167,0.193333,0.190878,0.145000,0.000000,13,1,1,1,1,1,1,1,1,1,1,0,1,0,0,1,1,0.116461,0.000000,0.103423,0.107411,0.111985,0.119262,0.101802,0.000000,0.085163,0.090338,0.000000,0.085720,0.000000,0.000000,0.000000,0.078434,study_focused,1,35,580,desk,none,message-study-group,coursework,0.378027,0.912926,0,active,coursework,1.012633,7.811698,active,90,1,clear,23.000000
7,1106,3448093748,5,Day 1 09:40,active,coursework,1.012633,7.811698,active,0.743333,0.412330,0.539161,0.626667,0.333333,0.216667,0.192115,0.110000,0.000000,13,1,1,1,1,1,1,1,1,1,1,0,1,0,0,1,1,0.105768,0.000000,0.094477,0.092156,0.096536,0.105434,0.096327,0.099606,0.077605,0.082539,0.000000,0.078815,0.000000,0.000000,0.000000,0.070737,use_phone,1,25,605,phone,none,,,0.000000,1.000000,0,active,coursework,1.012633,7.811698,active,90,1,clear,23.000000
7,1106,3448093748,6,Day 1 10:05,active,coursework,1.012633,7.811698,active,0.531667,0.504437,0.626220,0.658333,0.354167,0.233333,0.209344,0.205000,0.085000,13,1,1,1,1,1,1,1,1,1,1,0,1,0,0,1,1,0.093082,0.000000,0.086166,0.094433,0.099139,0.101247,0.103795,0.110517,0.078030,0.083150,0.000000,0.081330,0.000000,0.000000,0.000000,0.069111,idle,1,10,615,,none,,,0.000000,1.000000,0,active,coursework,1.012633,7.811698,active,90,1,clear,23.000000
7,1106,3448093748,7,Day 1 10:15,active,coursework,1.012633,7.811698,active,0.655000,0.508437,0.723278,0.605000,0.362500,0.240000,0.227274,0.195000,0.079000,13,1,1,1,1,1,1,1,1,1,1,0,1,0,0,1,1,0.096137,0.000000,0.087637,0.096789,0.101238,0.104657,0.100963,0.107688,0.076420,0.081495,0.000000,0.079270,0.000000,0.000000,0.000000,0.067707,study_halfhearted,1,35,650,desk,none,,coursework,0.255095,1.026747,0,active,coursework,1.267728,7.811698,active,90,1,clear,23.000000
7,1106,3448093748,8,Day 1 10:50,active,coursework,1.267728,7.811698,active,0.716667,0.602437,0.666931,0.613333,0.391667,0.263333,0.212847,0.160000,0.058000,13,1,1,1,1,1,1,1,1,1,1,0,1,0,0,1,1,0.097820,0.000000,0.089131,0.091519,0.095781,0.102717,0.103814,0.113057,0.076781,0.082098,0.000000,0.079798,0.000000,0.000000,0.000000,0.067486,rest_at_bed,1,60,710,bed,none,weather-rain,,0.000000,1.000000,0,suspended,coursework,1.267728,7.811698,active,90,1,rain,23.000000
7,1106,3448093748,9,Day 1 11:50,suspended,coursework,1.267728,7.811698,active,0.806667,0.325026,0.713989,0.643333,0.441667,0.303333,0.236524,0.000000,0.022000,13,1,1,1,1,1,1,1,1,1,1,0,1,0,0,1,1,0.129930,0.000000,0.114127,0.118875,0.124670,0.131504,0.102329,0.000000,0.094911,0.101946,0.000000,0.000000,0.000000,0.000000,0.000000,0.081707,study_focused,1,35,745,desk,none,,coursework,0.425614,1.027847,0,active,coursework,1.693342,7.811698,active,90,1,rain,23.000000
7,1106,3448093748,10,Day 1 12:25,active,coursework,1.693342,7.811698,active,0.838333,0.449026,0.608338,0.711667,0.470833,0.326667,0.191798,0.000000,0.001000,13,1,1,1,1,1,1,1,1,1,1,0,1,0,0,1,1,0.120727,0.000000,0.106717,0.101580,0.107037,0.117582,0.101328,0.000000,0.089133,0.095995,0.000000,0.083779,0.000000,0.000000,0.000000,0.076121,turn_light_off,1,1,746,light,none,,,0.000000,1.000000,0,active,coursework,1.693342,7.811698,active,90,1,rain,23.000000
7,1106,3448093748,11,Day 1 12:26,active,coursework,1.693342,7.811698,active,0.838667,0.449426,0.608338,0.731333,0.471667,0.327333,0.191851,0.000000,0.000400,10,1,1,1,0,0,0,1,1,1,1,1,0,0,0,1,1,0.178479,0.000000,0.157765,0.000000,0.000000,0.000000,0.149813,0.000000,0.131811,0.141969,0.127641,0.000000,0.000000,0.000000,0.000000,0.112524,turn_light_on,1,1,747,light,none,,,0.000000,1.000000,0,active,coursework,1.693342,7.811698,active,90,1,rain,23.000000
7,1106,3448093748,12,Day 1 12:27,active,coursework,1.693342,7.811698,active,0.839000,0.449826,0.608338,0.751000,0.472500,0.328000,0.191905,0.000000,0.000000,13,1,1,1,1,1,1,1,1,1,1,0,1,0,0,1,1,0.120688,0.000000,0.106680,0.101511,0.107256,0.117529,0.101313,0.000000,0.089158,0.096036,0.000000,0.083747,0.000000,0.000000,0.000000,0.076082,rest_at_bed,1,60,807,bed,none,,,0.000000,1.000000,0,suspended,coursework,1.693342,7.811698,active,90,1,rain,23.000000
7,1106,3448093748,13,Day 1 13:27,suspended,coursework,1.693342,7.811698,active,0.899000,0.172415,0.655396,0.781000,0.522500,0.368000,0.212351,0.000000,0.000000,13,1,1,1,1,1,1,1,1,1,1,0,1,0,0,1,1,0.135169,0.000000,0.115874,0.116454,0.123302,0.131929,0.093293,0.000000,0.097382,0.105374,0.000000,0.000000,0.000000,0.000000,0.000000,0.081224,go_to_bathroom,1,15,822,door,none,,,0.000000,1.000000,0,suspended,coursework,1.693342,7.811698,active,90,1,rain,23.000000
7,1106,3448093748,14,Day 1 13:42,suspended,coursework,1.693342,7.811698,active,0.904000,0.178415,0.655396,0.846583,0.535000,0.000000,0.213804,0.000000,0.000000,13,1,1,1,1,1,1,1,1,1,1,0,1,0,0,1,1,0.149227,0.000000,0.127908,0.128232,0.136392,0.148578,0.103126,0.000000,0.000000,0.116991,0.000000,0.000000,0.000000,0.000000,0.000000,0.089545,get_meal,1,35,857,door,none,,,0.000000,1.000000,0,suspended,coursework,1.693342,7.811698,active,90,1,rain,23.000000
7,1106,3448093748,15,Day 1 14:17,suspended,coursework,1.693342,7.811698,active,0.875667,0.192415,0.655396,0.945500,0.014167,0.023333,0.217193,0.000000,0.000000,13,1,1,1,1,1,1,1,1,1,1,0,1,0,0,1,1,0.166725,0.000000,0.143585,0.144995,0.155282,0.170501,0.117661,0.000000,0.000000,0.000000,0.000000,0.000000,0.000000,0.000000,0.000000,0.101250,use_computer,1,30,887,computer,none,,,0.000000,1.000000,0,suspended,coursework,1.693342,7.811698,active,90,1,rain,23.000000
7,1106,3448093748,16,Day 1 14:47,suspended,coursework,1.693342,7.811698,active,0.725667,0.306190,0.722454,0.935500,0.039167,0.043333,0.237328,0.080000,0.000000,13,1,1,1,1,1,1,1,1,1,1,0,1,0,0,1,1,0.138251,0.000000,0.122629,0.134193,0.143614,0.154285,0.116715,0.000000,0.000000,0.000000,0.000000,0.099315,0.000000,0.000000,0.000000,0.090997,use_computer,1,30,917,computer,none,,,0.000000,1.000000,0,suspended,coursework,1.693342,7.811698,active,90,1,rain,23.000000
7,1106,3448093748,17,Day 1 15:17,suspended,coursework,1.693342,7.811698,active,0.575667,0.419965,0.789512,0.925500,0.064167,0.063333,0.259312,0.160000,0.000000,13,1,1,1,1,1,1,1,1,1,1,0,1,0,0,1,1,0.111465,0.000000,0.101829,0.120788,0.129178,0.135762,0.112555,0.117459,0.000000,0.000000,0.000000,0.091445,0.000000,0.000000,0.000000,0.079518,study_at_computer,1,35,952,computer,none,,coursework,0.626111,0.906696,0,active,coursework,2.319453,7.811698,active,90,1,rain,23.000000
7,1106,3448093748,18,Day 1 15:52,active,coursework,2.319453,7.811698,active,0.607333,0.544964,0.683861,0.993834,0.093333,0.086667,0.217015,0.205000,0.000000,13,1,1,1,1,1,1,1,1,1,1,0,1,0,0,1,1,0.111541,0.000000,0.102617,0.112230,0.120595,0.121448,0.123117,0.132504,0.000000,0.000000,0.000000,0.095409,0.000000,0.000000,0.000000,0.080539,idle,1,10,962,,none,,,0.000000,1.000000,0,active,coursework,2.319453,7.811698,active,90,1,rain,23.000000
7,1106,3448093748,19,Day 1 16:02,active,coursework,2.319453,7.811698,active,0.730667,0.548964,0.780919,0.940500,0.101667,0.093333,0.235475,0.195000,0.000000,13,1,1,1,1,1,1,1,1,1,1,0,1,0,0,1,1,0.114735,0.000000,0.103946,0.114572,0.122658,0.125034,0.119269,0.128588,0.000000,0.000000,0.000000,0.092616,0.000000,0.000000,0.000000,0.078583,idle,1,10,972,,none,,,0.000000,1.000000,0,active,coursework,2.319453,7.811698,active,90,1,rain,23.000000
7,1106,3448093748,20,Day 1 16:12,active,coursework,2.319453,7.811698,active,0.854000,0.552964,0.877978,0.887167,0.110000,0.100000,0.254826,0.185000,0.000000,13,1,1,1,1,1,1,1,1,1,1,0,1,0,0,1,1,0.117938,0.000000,0.105219,0.116896,0.124684,0.128645,0.115453,0.124702,0.000000,0.000000,0.000000,0.089841,0.000000,0.000000,0.000000,0.076622,use_phone,1,25,997,phone,none,room-temperature-shift|task-deadline,,0.000000,1.000000,0,active,coursework,2.319453,7.811698,active,90,1,rain,24.000000
7,1106,3448093748,21,Day 1 16:37,active,coursework,2.319453,7.811698,active,0.642333,0.645071,0.965036,0.918834,0.130833,0.116667,0.279590,0.280000,0.085000,13,1,1,1,1,1,1,1,1,1,1,0,1,0,0,1,1,0.095719,0.000000,0.088499,0.110584,0.118210,0.113994,0.114667,0.127601,0.000000,0.000000,0.000000,0.085497,0.000000,0.000000,0.076192,0.069038,use_phone,1,25,1022,phone,none,,,0.000000,1.000000,0,active,coursework,2.319453,7.811698,active,90,1,rain,24.000000
7,1106,3448093748,22,Day 1 17:02,active,coursework,2.319453,7.811698,active,0.430667,0.737179,1.000000,0.950500,0.151667,0.133333,0.306354,0.375000,0.170000,13,1,1,1,1,1,1,1,1,1,1,0,1,0,0,1,1,0.078133,0.072403,0.074864,0.102573,0.109888,0.100182,0.114527,0.131319,0.000000,0.000000,0.000000,0.081832,0.000000,0.000000,0.071582,0.062698,sleep_at_bed,1,480,1502,bed,none,task-reminder|evening,,0.000000,1.000000,0,suspended,coursework,2.319453,7.811698,active,90,1,rain,24.000000
7,1106,3448093748,23,Day 2 01:02,suspended,coursework,2.319453,7.811698,active,0.510667,0.373546,1.000000,0.870500,0.551667,0.453333,0.609634,0.000000,0.000000,13,1,1,1,1,1,1,1,1,1,1,0,1,0,0,1,1,0.100148,0.000000,0.091685,0.126417,0.134683,0.119613,0.090436,0.000000,0.092196,0.096219,0.000000,0.078650,0.000000,0.000000,0.000000,0.069952,go_to_bathroom,1,15,1517,door,none,,,0.000000,1.000000,0,suspended,coursework,2.319453,7.811698,active,90,1,rain,24.000000
7,1106,3448093748,24,Day 2 01:17,suspended,coursework,2.319453,7.811698,active,0.515667,0.379546,1.000000,0.936084,0.564167,0.000000,0.615837,0.000000,0.000000,13,1,1,1,1,1,1,1,1,1,1,0,1,0,0,1,1,0.109950,0.000000,0.100645,0.138521,0.148252,0.134009,0.099380,0.000000,0.000000,0.106235,0.000000,0.086318,0.000000,0.000000,0.000000,0.076690,turn_light_off,1,1,1518,light,none,,,0.000000,1.000000,0,suspended,coursework,2.319453,7.811698,active,90,1,rain,24.000000
7,1106,3448093748,25,Day 2 01:18,suspended,coursework,2.319453,7.811698,active,0.516000,0.379946,1.000000,0.955750,0.565000,0.000667,0.616251,0.000000,0.000000,10,1,1,1,0,0,0,1,1,1,1,1,0,0,0,1,1,0.184233,0.000000,0.168641,0.000000,0.000000,0.000000,0.166533,0.000000,0.000000,0.178075,0.174028,0.000000,0.000000,0.000000,0.000000,0.128491,use_phone,1,25,1543,phone,none,,,0.000000,1.000000,0,suspended,coursework,2.319453,7.811698,active,90,1,rain,24.000000
7,1106,3448093748,26,Day 2 01:43,suspended,coursework,2.319453,7.811698,active,0.304333,0.472054,1.000000,0.987417,0.585833,0.017333,0.643818,0.095000,0.085000,10,1,1,1,0,0,0,1,1,1,1,1,0,0,0,1,1,0.138787,0.000000,0.131657,0.000000,0.000000,0.000000,0.153493,0.166114,0.000000,0.153559,0.148542,0.000000,0.000000,0.000000,0.000000,0.107849,use_computer,1,30,1573,computer,none,,,0.000000,1.000000,0,suspended,coursework,2.319453,7.811698,active,90,1,rain,24.000000
7,1106,3448093748,27,Day 2 02:13,suspended,coursework,2.319453,7.811698,active,0.154333,0.585828,1.000000,0.977417,0.610833,0.037333,0.673452,0.175000,0.067000,10,1,1,1,0,0,0,1,1,1,1,1,0,0,0,1,1,0.124430,0.000000,0.121572,0.000000,0.000000,0.000000,0.164515,0.184349,0.000000,0.153452,0.146590,0.000000,0.000000,0.000000,0.000000,0.105093,idle,1,10,1583,,none,,,0.000000,1.000000,0,suspended,coursework,2.319453,7.811698,active,90,1,rain,24.000000
7,1106,3448093748,28,Day 2 02:23,suspended,coursework,2.319453,7.811698,active,0.277667,0.589828,1.000000,0.924084,0.619167,0.044000,0.694817,0.165000,0.061000,10,1,1,1,0,0,0,1,1,1,1,1,0,0,0,1,1,0.129976,0.000000,0.125054,0.000000,0.000000,0.000000,0.161809,0.181673,0.000000,0.152109,0.144828,0.000000,0.000000,0.000000,0.000000,0.104551,rest_at_bed,1,60,1643,bed,none,,,0.000000,1.000000,0,suspended,coursework,2.319453,7.811698,active,90,1,rain,24.000000
7,1106,3448093748,29,Day 2 03:23,suspended,coursework,2.319453,7.811698,active,0.337667,0.312417,1.000000,0.954084,0.669167,0.084000,0.736857,0.000000,0.025000,10,1,1,1,0,0,0,1,1,1,1,1,0,0,0,1,1,0.174183,0.000000,0.162156,0.000000,0.000000,0.000000,0.162450,0.000000,0.000000,0.192965,0.178943,0.000000,0.000000,0.000000,0.000000,0.129302,get_meal,1,35,1678,door,none,,,0.000000,1.000000,0,suspended,coursework,2.319453,7.811698,active,90,1,rain,24.000000
7,1106,3448093748,30,Day 2 03:58,suspended,coursework,2.319453,7.811698,active,0.309333,0.326417,1.000000,1.000000,0.148333,0.107333,0.751330,0.000000,0.004000,10,1,1,1,0,0,0,1,1,1,1,1,0,0,0,1,1,0.213619,0.000000,0.199815,0.000000,0.000000,0.000000,0.203297,0.000000,0.000000,0.000000,0.222782,0.000000,0.000000,0.000000,0.000000,0.160486,use_phone,1,25,1703,phone,none,,,0.000000,1.000000,0,suspended,coursework,2.319453,7.811698,active,90,1,rain,24.000000
7,1106,3448093748,31,Day 2 04:23,suspended,coursework,2.319453,7.811698,active,0.097667,0.418525,1.000000,1.000000,0.169167,0.124000,0.778897,0.095000,0.089000,10,1,1,1,0,0,0,1,1,1,1,1,0,0,0,1,1,0.136012,0.000000,0.131845,0.000000,0.000000,0.000000,0.158372,0.170695,0.000000,0.128506,0.160719,0.000000,0.000000,0.000000,0.000000,0.113851,use_computer,1,30,1733,computer,none,,,0.000000,1.000000,0,suspended,coursework,2.319453,7.811698,active,90,1,rain,24.000000
7,1106,3448093748,32,Day 2 04:53,suspended,coursework,2.319453,7.811698,active,0.000000,0.532300,1.000000,0.990000,0.194167,0.144000,0.808532,0.175000,0.071000,10,1,1,1,0,0,0,1,1,1,1,1,0,0,0,1,1,0.110343,0.000000,0.109440,0.000000,0.000000,0.000000,0.150017,0.167417,0.110715,0.113492,0.140173,0.000000,0.000000,0.000000,0.000000,0.098404,idle,1,10,1743,,none,,,0.000000,1.000000,0,suspended,coursework,2.319453,7.811698,active,90,1,rain,24.000000
7,1106,3448093748,33,Day 2 05:03,suspended,coursework,2.319453,7.811698,active,0.123333,0.536300,1.000000,0.936667,0.202500,0.150667,0.829896,0.165000,0.065000,10,1,1,1,0,0,0,1,1,1,1,1,0,0,0,1,1,0.115386,0.000000,0.112696,0.000000,0.000000,0.000000,0.147708,0.165165,0.109782,0.112621,0.138639,0.000000,0.000000,0.000000,0.000000,0.098003,use_computer,1,30,1773,computer,none,,,0.000000,1.000000,0,suspended,coursework,2.319453,7.811698,active,90,1,rain,24.000000
7,1106,3448093748,34,Day 2 05:33,suspended,coursework,2.319453,7.811698,active,0.000000,0.650075,1.000000,0.926667,0.227500,0.170667,0.859531,0.245000,0.047000,10,1,1,1,0,0,0,1,1,1,1,1,0,0,0,1,1,0.103548,0.000000,0.000000,0.000000,0.000000,0.000000,0.156573,0.181279,0.108252,0.111304,0.135311,0.000000,0.000000,0.000000,0.109112,0.094622,use_phone,1,25,1798,phone,none,,,0.000000,1.000000,0,suspended,coursework,2.319453,7.811698,active,90,1,rain,24.000000
7,1106,3448093748,35,Day 2 05:58,suspended,coursework,2.319453,7.811698,active,0.000000,0.742183,1.000000,0.958333,0.248333,0.187333,0.887098,0.340000,0.132000,10,1,1,1,0,0,0,1,1,1,1,1,0,0,0,1,1,0.000000,0.000000,0.000000,0.000000,0.000000,0.000000,0.181222,0.216207,0.117001,0.120528,0.145033,0.000000,0.000000,0.000000,0.118801,0.101208,sleep_at_bed,1,480,2278,bed,none,alarm-rings|weather-rain|message-study-group|task-reminder,,0.000000,1.000000,0,suspended,coursework,2.319453,7.811698,active,90,2,rain,24.000000
7,1106,3448093748,36,Day 2 13:58,suspended,coursework,2.319453,7.811698,active,0.110000,0.378549,1.000000,0.878333,0.648333,0.507333,1.000000,0.000000,0.000000,11,1,1,1,0,0,0,1,1,1,1,1,0,1,0,1,1,0.115162,0.000000,0.110943,0.000000,0.000000,0.000000,0.121613,0.000000,0.131419,0.140402,0.134487,0.000000,0.152218,0.000000,0.000000,0.093756,go_to_bathroom,1,15,2293,door,none,,,0.000000,1.000000,0,suspended,coursework,2.319453,7.811698,active,90,2,rain,24.000000
7,1106,3448093748,37,Day 2 14:13,suspended,coursework,2.319453,7.811698,active,0.115000,0.384549,1.000000,0.943917,0.660833,0.000000,1.000000,0.000000,0.000000,11,1,1,1,0,0,0,1,1,1,1,1,0,1,0,1,1,0.132538,0.000000,0.127667,0.000000,0.000000,0.000000,0.140155,0.000000,0.000000,0.162502,0.154508,0.000000,0.174879,0.000000,0.000000,0.107751,turn_light_on,1,1,2294,light,none,,,0.000000,1.000000,0,suspended,coursework,2.319453,7.811698,active,90,2,rain,24.000000
7,1106,3448093748,38,Day 2 14:14,suspended,coursework,2.319453,7.811698,active,0.115333,0.384949,1.000000,0.963583,0.661667,0.000667,1.000000,0.000000,0.000000,14,1,1,1,1,1,1,1,1,1,1,0,1,1,0,1,1,0.084029,0.000000,0.080939,0.119632,0.128280,0.136878,0.088865,0.000000,0.000000,0.103064,0.000000,0.079146,0.110859,0.000000,0.000000,0.068307,idle,1,10,2304,,none,,,0.000000,1.000000,0,suspended,coursework,2.319453,7.811698,active,90,2,rain,24.000000
7,1106,3448093748,39,Day 2 14:24,suspended,coursework,2.319453,7.811698,active,0.238667,0.388949,1.000000,0.910250,0.670000,0.007333,1.000000,0.000000,0.000000,14,1,1,1,1,1,1,1,1,1,1,0,1,1,0,1,1,0.087404,0.000000,0.082918,0.117668,0.125709,0.141809,0.087649,0.000000,0.000000,0.101944,0.000000,0.077974,0.109115,0.000000,0.000000,0.067810,study_focused,1,35,2339,desk,none,,coursework,0.426200,1.029262,0,active,coursework,2.745653,7.811698,active,90,2,rain,24.000000
7,1106,3448093748,40,Day 2 14:59,active,coursework,2.745653,7.811698,active,0.270333,0.512949,0.894349,0.978583,0.699167,0.030667,0.964473,0.000000,0.000000,14,1,1,1,1,1,1,1,1,1,1,0,1,1,0,1,1,0.080356,0.000000,0.076716,0.111300,0.119470,0.100565,0.085820,0.095473,0.000000,0.094979,0.000000,0.073505,0.099307,0.000000,0.000000,0.062506,study_at_computer,1,35,2374,computer,none,,coursework,0.688069,0.996419,0,active,coursework,3.433721,7.811698,active,90,2,rain,24.000000
7,1106,3448093748,41,Day 2 15:34,active,coursework,3.433721,7.811698,active,0.302000,0.637948,0.788698,1.000000,0.728333,0.054000,0.925548,0.045000,0.000000,14,1,1,1,1,1,1,1,1,1,1,0,1,1,0,1,1,0.079754,0.000000,0.076678,0.102618,0.110315,0.096993,0.093086,0.106822,0.000000,0.096437,0.000000,0.076066,0.098439,0.000000,0.000000,0.062792,sleep_at_bed,1,480,2854,bed,none,room-temperature-shift|evening,,0.000000,1.000000,0,suspended,coursework,3.433721,7.811698,active,90,2,rain,24.000000
7,1106,3448093748,42,Day 2 23:34,suspended,coursework,3.433721,7.811698,active,0.382000,0.274314,0.865756,0.920000,1.000000,0.374000,1.000000,0.000000,0.000000,14,1,1,1,1,1,1,1,1,1,1,0,1,1,0,1,1,0.095354,0.000000,0.087996,0.113799,0.121658,0.103908,0.083652,0.000000,0.087789,0.125543,0.000000,0.000000,0.110535,0.000000,0.000000,0.069766,get_meal,1,35,2889,door,none,,,0.000000,1.000000,0,suspended,coursework,3.433721,7.811698,active,90,2,rain,24.000000
7,1106,3448093748,43,Day 3 00:09,suspended,coursework,3.433721,7.811698,active,0.353667,0.288314,0.865756,1.000000,0.479167,0.397333,1.000000,0.000000,0.000000,14,1,1,1,1,1,1,1,1,1,1,0,1,1,0,1,1,0.093313,0.000000,0.086521,0.125868,0.135308,0.116663,0.083616,0.000000,0.088397,0.091533,0.000000,0.000000,0.109686,0.000000,0.000000,0.069095,idle,1,10,2899,,none,,,0.000000,1.000000,0,suspended,coursework,3.433721,7.811698,active,90,2,rain,24.000000
7,1106,3448093748,44,Day 3 00:19,suspended,coursework,3.433721,7.811698,active,0.477000,0.292314,0.962814,0.946667,0.487500,0.404000,1.000000,0.000000,0.000000,14,1,1,1,1,1,1,1,1,1,1,0,1,1,0,1,1,0.095588,0.000000,0.087291,0.127902,0.136987,0.122207,0.081219,0.000000,0.086043,0.089163,0.000000,0.000000,0.106321,0.000000,0.000000,0.067278,turn_off_alarm,1,1,2900,alarm,none,,,0.000000,1.000000,0,suspended,coursework,3.433721,7.811698,active,90,2,rain,24.000000
7,1106,3448093748,45,Day 3 00:20,suspended,coursework,3.433721,7.811698,active,0.477333,0.292714,0.962814,0.976333,0.488333,0.404667,0.980379,0.000000,0.000000,13,1,1,1,1,1,1,1,1,1,1,0,1,0,0,1,1,0.106715,0.000000,0.097451,0.142375,0.152802,0.139082,0.090805,0.000000,0.096088,0.099580,0.000000,0.000000,0.000000,0.000000,0.000000,0.075102,idle,1,10,2910,,none,,,0.000000,1.000000,0,suspended,coursework,3.433721,7.811698,active,90,2,rain,24.000000
7,1106,3448093748,46,Day 3 00:30,suspended,coursework,3.433721,7.811698,active,0.600667,0.296714,1.000000,0.923000,0.496667,0.411333,1.000000,0.000000,0.000000,13,1,1,1,1,1,1,1,1,1,1,0,1,0,0,1,1,0.109913,0.000000,0.098855,0.141617,0.151428,0.144342,0.088564,0.000000,0.094040,0.097532,0.000000,0.000000,0.000000,0.000000,0.000000,0.073710,rest_at_bed,1,60,2970,bed,none,,,0.000000,1.000000,0,suspended,coursework,3.433721,7.811698,active,90,2,rain,24.000000
7,1106,3448093748,47,Day 3 01:30,suspended,coursework,3.433721,7.811698,active,0.660667,0.019303,1.000000,0.953000,0.546667,0.451333,1.000000,0.000000,0.000000,13,1,1,1,1,1,1,1,1,1,1,0,1,0,0,1,1,0.121880,0.000000,0.106309,0.156716,0.167921,0.161461,0.000000,0.000000,0.101696,0.105953,0.000000,0.000000,0.000000,0.000000,0.000000,0.078064,study_halfhearted,1,35,3005,desk,none,,coursework,0.247610,0.996618,0,active,coursework,3.681331,7.811698,active,90,2,rain,24.000000
7,1106,3448093748,48,Day 3 02:05,active,coursework,3.681331,7.811698,active,0.722333,0.113303,0.943653,0.961333,0.575833,0.474667,0.994473,0.000000,0.000000,13,1,1,1,1,1,1,1,1,1,1,0,1,0,0,1,1,0.117065,0.000000,0.102113,0.141076,0.151251,0.135890,0.079972,0.000000,0.097156,0.101492,0.000000,0.000000,0.000000,0.000000,0.000000,0.073985,study_halfhearted,1,35,3040,desk,none,,coursework,0.257273,1.035512,0,active,coursework,3.938604,7.811698,active,90,2,rain,24.000000
7,1106,3448093748,49,Day 3 02:40,active,coursework,3.938604,7.811698,active,0.784000,0.207303,0.887306,0.969667,0.605000,0.498000,0.987133,0.000000,0.000000,13,1,1,1,1,1,1,1,1,1,1,0,1,0,0,1,1,0.119638,0.000000,0.104361,0.135092,0.144919,0.135009,0.084170,0.000000,0.098760,0.103442,0.000000,0.000000,0.000000,0.000000,0.000000,0.074609,use_phone,1,25,3065,phone,none,,,0.000000,1.000000,0,active,coursework,3.938604,7.811698,active,90,2,rain,24.000000
7,1106,3448093748,50,Day 3 03:05,active,coursework,3.938604,7.811698,active,0.572333,0.299411,0.974364,1.000000,0.625833,0.514667,1.000000,0.095000,0.085000,13,1,1,1,1,1,1,1,1,1,1,0,1,0,0,1,1,0.098808,0.000000,0.089322,0.129832,0.139570,0.121628,0.085139,0.000000,0.093190,0.097793,0.000000,0.076311,0.000000,0.000000,0.000000,0.068407,get_meal,1,35,3100,door,none,,,0.000000,1.000000,0,suspended,coursework,3.938604,7.811698,active,90,2,rain,24.000000
7,1106,3448093748,51,Day 3 03:40,suspended,coursework,3.938604,7.811698,active,0.544000,0.313411,0.974364,1.000000,0.105000,0.538000,1.000000,0.060000,0.064000,13,1,1,1,1,1,1,1,1,1,1,0,1,0,0,1,1,0.109016,0.000000,0.098971,0.143853,0.154642,0.133982,0.094105,0.000000,0.105028,0.000000,0.000000,0.084572,0.000000,0.000000,0.000000,0.075830,study_halfhearted,1,35,3135,desk,none,,coursework,0.252636,1.016848,0,active,coursework,4.191239,7.811698,active,90,2,rain,24.000000
7,1106,3448093748,52,Day 3 04:15,active,coursework,4.191239,7.811698,active,0.605667,0.407411,0.918016,1.000000,0.134167,0.561333,0.993648,0.025000,0.043000,13,1,1,1,1,1,1,1,1,1,1,0,1,0,0,1,1,0.112196,0.000000,0.101812,0.137733,0.148063,0.133087,0.097817,0.000000,0.106733,0.000000,0.000000,0.086111,0.000000,0.000000,0.000000,0.076448,study_at_computer,1,35,3170,computer,none,,coursework,0.715068,1.035518,0,active,coursework,4.906307,7.811698,active,90,2,rain,24.000000
7,1106,3448093748,53,Day 3 04:50,active,coursework,4.906307,7.811698,active,0.637333,0.532410,0.812365,1.000000,0.163333,0.584667,0.955484,0.070000,0.022000,13,1,1,1,1,1,1,1,1,1,1,0,1,0,0,1,1,0.093842,0.000000,0.085758,0.107029,0.115056,0.108179,0.089407,0.100252,0.091085,0.069579,0.000000,0.075096,0.000000,0.000000,0.000000,0.064719,idle,1,10,3180,,none,,,0.000000,1.000000,0,active,coursework,4.906307,7.811698,active,90,2,rain,24.000000
7,1106,3448093748,54,Day 3 05:00,active,coursework,4.906307,7.811698,active,0.760667,0.536410,0.909424,0.946667,0.171667,0.591333,0.975125,0.060000,0.016000,13,1,1,1,1,1,1,1,1,1,1,0,1,0,0,1,1,0.096742,0.000000,0.087059,0.109521,0.117300,0.111628,0.086795,0.097504,0.089039,0.068067,0.000000,0.073057,0.000000,0.000000,0.000000,0.063287,study_focused,1,35,3215,desk,none,,coursework,0.389562,0.940783,0,active,coursework,5.295870,7.811698,active,90,2,rain,24.000000
7,1106,3448093748,55,Day 3 05:35,active,coursework,5.295870,7.811698,active,0.792333,0.660410,0.803773,1.000000,0.200833,0.614667,0.936684,0.025000,0.000000,13,1,1,1,1,1,1,1,1,1,1,0,1,0,0,1,1,0.097844,0.000000,0.088567,0.101217,0.108808,0.107906,0.091712,0.105813,0.090357,0.069259,0.000000,0.074806,0.000000,0.000000,0.000000,0.063711,use_computer,1,30,3245,computer,none,,,0.000000,1.000000,0,active,coursework,5.295870,7.811698,active,90,2,rain,24.000000
7,1106,3448093748,56,Day 3 06:05,active,coursework,5.295870,7.811698,active,0.642333,0.774185,0.870831,0.990000,0.225833,0.634667,0.960910,0.105000,0.000000,13,1,1,1,1,1,1,1,1,1,1,0,1,0,0,1,1,0.082379,0.000000,0.076801,0.095168,0.102235,0.097131,0.092345,0.110276,0.084602,0.064995,0.000000,0.071927,0.000000,0.000000,0.064003,0.058139,go_to_bathroom,1,15,3260,door,none,,,0.000000,1.000000,0,suspended,coursework,5.295870,7.811698,active,90,2,rain,24.000000
7,1106,3448093748,57,Day 3 06:20,suspended,coursework,5.295870,7.811698,active,0.647333,0.780185,0.870831,1.000000,0.238333,0.024667,0.965332,0.090000,0.000000,13,1,1,1,1,1,1,1,1,1,1,0,1,0,0,1,1,0.093502,0.000000,0.087141,0.096165,0.103378,0.098297,0.104055,0.124389,0.000000,0.073957,0.000000,0.081166,0.000000,0.000000,0.072259,0.065691,use_computer,1,30,3290,computer,none,,,0.000000,1.000000,0,suspended,coursework,5.295870,7.811698,active,90,2,rain,24.000000
7,1106,3448093748,58,Day 3 06:50,suspended,coursework,5.295870,7.811698,active,0.497333,0.893960,0.937889,0.990000,0.263333,0.044667,0.991406,0.170000,0.000000,13,1,1,1,1,1,1,1,1,1,1,0,1,0,0,1,1,0.083559,0.000000,0.080206,0.095997,0.103126,0.095904,0.111194,0.137597,0.000000,0.073667,0.000000,0.082837,0.000000,0.000000,0.072287,0.063627,close_curtain,1,1,3291,window,none,,,0.000000,1.000000,0,suspended,coursework,5.295870,7.811698,active,90,2,rain,24.000000
7,1106,3448093748,59,Day 3 06:51,suspended,coursework,5.295870,7.811698,active,0.497667,0.894360,0.937889,0.999667,0.264167,0.045333,0.991762,0.169000,0.000000,13,1,1,1,1,1,1,1,1,1,1,0,1,0,1,0,1,0.089892,0.000000,0.086283,0.103237,0.110977,0.105314,0.119563,0.147963,0.000000,0.079263,0.000000,0.089080,0.000000,0.000000,0.000000,0.068428,study_halfhearted,1,35,3326,desk,none,,coursework,0.249968,1.006110,0,active,coursework,5.545837,7.811698,active,90,2,rain,24.000000
7,1106,3448093748,60,Day 3 07:26,active,coursework,5.545837,7.811698,active,0.559333,0.988360,0.881542,1.000000,0.293333,0.068667,0.984237,0.134000,0.000000,13,1,1,1,1,1,1,1,1,1,1,0,1,0,1,0,1,0.088583,0.000000,0.084988,0.105732,0.113662,0.107347,0.119008,0.150445,0.000000,0.077333,0.000000,0.086847,0.000000,0.000000,0.000000,0.066055,idle,1,10,3336,,none,alarm-rings,,0.000000,1.000000,0,active,coursework,5.545837,7.811698,active,90,2,rain,24.000000
7,1106,3448093748,61,Day 3 07:36,active,coursework,5.545837,7.811698,active,0.712667,0.992360,0.978600,0.946667,0.301667,0.075333,1.000000,0.124000,0.000000,14,1,1,1,1,1,1,1,1,1,1,0,1,1,1,0,1,0.078864,0.000000,0.074229,0.092132,0.098676,0.095058,0.098460,0.124666,0.000000,0.064457,0.000000,0.071986,0.085796,0.060527,0.000000,0.055148,turn_light_off,1,1,3337,light,none,,,0.000000,1.000000,0,active,coursework,5.545837,7.811698,active,90,2,rain,24.000000
7,1106,3448093748,62,Day 3 07:37,active,coursework,5.545837,7.811698,active,0.713000,0.992760,0.978600,0.966333,0.302500,0.076000,1.000000,0.123000,0.000000,11,1,1,1,0,0,0,1,1,1,1,1,0,1,1,0,1,0.109940,0.000000,0.103476,0.000000,0.000000,0.000000,0.137195,0.173718,0.000000,0.089871,0.105025,0.000000,0.119565,0.084354,0.000000,0.076856,rest_at_bed,1,60,3397,bed,none,,,0.000000,1.000000,0,suspended,coursework,5.545837,7.811698,active,90,2,rain,24.000000
7,1106,3448093748,63,Day 3 08:37,suspended,coursework,5.545837,7.811698,active,0.773000,0.715348,1.000000,0.996333,0.352500,0.116000,1.000000,0.000000,0.000000,11,1,1,1,0,0,0,1,1,1,1,1,0,1,1,0,1,0.124303,0.000000,0.113269,0.000000,0.000000,0.000000,0.119295,0.139982,0.000000,0.097033,0.110730,0.000000,0.125329,0.089234,0.000000,0.080825,use_computer,1,30,3427,computer,none,,,0.000000,1.000000,0,suspended,coursework,5.545837,7.811698,active,90,2,rain,24.000000
7,1106,3448093748,64,Day 3 09:07,suspended,coursework,5.545837,7.811698,active,0.623000,0.829123,1.000000,0.986333,0.377500,0.136000,1.000000,0.080000,0.000000,11,1,1,1,0,0,0,1,1,1,1,1,0,1,1,0,1,0.122782,0.000000,0.115233,0.000000,0.000000,0.000000,0.141158,0.171152,0.000000,0.106829,0.120119,0.000000,0.135956,0.000000,0.000000,0.086771,use_computer,1,30,3457,computer,none,,,0.000000,1.000000,0,suspended,coursework,5.545837,7.811698,active,90,2,rain,24.000000
7,1106,3448093748,65,Day 3 09:37,suspended,coursework,5.545837,7.811698,active,0.473000,0.942898,1.000000,0.976333,0.402500,0.156000,1.000000,0.160000,0.000000,11,1,1,1,0,0,0,1,1,1,1,1,0,1,1,0,1,0.100601,0.000000,0.097243,0.000000,0.000000,0.000000,0.138549,0.173582,0.084768,0.097561,0.108087,0.000000,0.122337,0.000000,0.000000,0.077272,get_meal,1,35,3492,door,none,,,0.000000,1.000000,0,suspended,coursework,5.545837,7.811698,active,90,2,rain,24.000000
7,1106,3448093748,66,Day 3 10:12,suspended,coursework,5.545837,7.811698,active,0.444667,0.956898,1.000000,1.000000,0.000000,0.179333,1.000000,0.125000,0.000000,11,1,1,1,0,0,0,1,1,1,1,1,0,1,1,0,1,0.110863,0.000000,0.107619,0.000000,0.000000,0.000000,0.152957,0.191960,0.095423,0.000000,0.119908,0.000000,0.135717,0.000000,0.000000,0.085554,sleep_at_bed,1,480,3972,bed,none,message-study-group|task-reminder|weather-rain|room-temperature-shift,,0.000000,1.000000,0,suspended,coursework,5.545837,7.811698,active,90,3,rain,24.000000
7,1106,3448093748,67,Day 3 18:12,suspended,coursework,5.545837,7.811698,active,0.524667,0.593265,1.000000,0.920000,0.400000,0.499333,1.000000,0.000000,0.000000,11,1,1,1,0,0,0,1,1,1,1,1,0,1,1,0,1,0.114673,0.000000,0.106731,0.000000,0.000000,0.000000,0.114347,0.130122,0.109961,0.101929,0.113093,0.000000,0.128004,0.000000,0.000000,0.081141,use_computer,1,30,4002,computer,none,,,0.000000,1.000000,0,suspended,coursework,5.545837,7.811698,active,90,3,rain,24.000000
7,1106,3448093748,68,Day 3 18:42,suspended,coursework,5.545837,7.811698,active,0.374667,0.707040,1.000000,0.910000,0.425000,0.519333,1.000000,0.080000,0.000000,11,1,1,1,0,0,0,1,1,1,1,1,0,1,1,0,1,0.103169,0.000000,0.098898,0.000000,0.000000,0.000000,0.123237,0.144908,0.110016,0.102213,0.111742,0.000000,0.126474,0.000000,0.000000,0.079342,get_meal,1,35,4037,door,none,,,0.000000,1.000000,0,suspended,coursework,5.545837,7.811698,active,90,3,rain,24.000000
7,1106,3448093748,69,Day 3 19:17,suspended,coursework,5.545837,7.811698,active,0.346333,0.721040,1.000000,1.000000,0.000000,0.542667,1.000000,0.045000,0.000000,11,1,1,1,0,0,0,1,1,1,1,1,0,1,1,0,1,0.114217,0.000000,0.109956,0.000000,0.000000,0.000000,0.136681,0.160989,0.124415,0.000000,0.124535,0.000000,0.140954,0.000000,0.000000,0.088252,idle,1,10,4047,,none,,,0.000000,1.000000,0,suspended,coursework,5.545837,7.811698,active,90,3,rain,24.000000
7,1106,3448093748,70,Day 3 19:27,suspended,coursework,5.545837,7.811698,active,0.469667,0.725040,1.000000,0.946667,0.008333,0.549333,1.000000,0.035000,0.000000,11,1,1,1,0,0,0,1,1,1,1,1,0,1,1,0,1,0.119476,0.000000,0.113264,0.000000,0.000000,0.000000,0.134820,0.158875,0.123406,0.000000,0.123010,0.000000,0.139228,0.000000,0.000000,0.087920,use_phone,1,25,4072,phone,none,evening,,0.000000,1.000000,0,suspended,coursework,5.545837,7.811698,active,90,3,rain,24.000000
7,1106,3448093748,71,Day 3 19:52,suspended,coursework,5.545837,7.811698,active,0.258000,0.817148,1.000000,0.978333,0.029167,0.566000,1.000000,0.130000,0.085000,11,1,1,1,0,0,0,1,1,1,1,1,0,1,1,0,1,0.104998,0.000000,0.103156,0.000000,0.000000,0.000000,0.145242,0.176032,0.123909,0.000000,0.122229,0.000000,0.138345,0.000000,0.000000,0.086090,turn_light_on,1,1,4073,light,none,,,0.000000,1.000000,0,suspended,coursework,5.545837,7.811698,active,90,3,rain,24.000000
7,1106,3448093748,72,Day 3 19:53,suspended,coursework,5.545837,7.811698,active,0.258333,0.817548,1.000000,0.998000,0.030000,0.566667,1.000000,0.129000,0.084400,14,1,1,1,1,1,1,1,1,1,1,0,1,1,1,0,1,0.073579,0.000000,0.072286,0.097030,0.104293,0.105591,0.101734,0.123306,0.086839,0.000000,0.000000,0.078118,0.096916,0.000000,0.000000,0.060310,sleep_at_bed,1,480,4553,bed,none,,,0.000000,1.000000,0,suspended,coursework,5.545837,7.811698,active,90,3,rain,24.000000
7,1106,3448093748,73,Day 4 03:53,suspended,coursework,5.545837,7.811698,active,0.338333,0.453914,1.000000,0.918000,0.430000,0.886667,1.000000,0.000000,0.000000,14,1,1,1,1,1,1,1,1,1,1,0,1,1,1,0,1,0.082657,0.000000,0.077855,0.105769,0.113057,0.116025,0.082415,0.000000,0.108591,0.080401,0.000000,0.071968,0.099192,0.000000,0.000000,0.062070,use_computer,1,30,4583,computer,none,,,0.000000,1.000000,0,suspended,coursework,5.545837,7.811698,active,90,3,rain,24.000000
7,1106,3448093748,74,Day 4 04:23,suspended,coursework,5.545837,7.811698,active,0.188333,0.567689,1.000000,0.908000,0.455000,0.906667,1.000000,0.080000,0.000000,14,1,1,1,1,1,1,1,1,1,1,0,1,1,1,0,1,0.068749,0.000000,0.066693,0.094727,0.101184,0.103250,0.082115,0.093232,0.100440,0.074536,0.000000,0.068359,0.090605,0.000000,0.000000,0.056110,study_at_computer,1,35,4618,computer,none,,coursework,0.672202,0.973441,0,active,coursework,6.218039,7.811698,active,90,3,rain,24.000000
7,1106,3448093748,75,Day 4 04:58,active,coursework,6.218039,7.811698,active,0.220000,0.692688,0.894349,0.976333,0.484167,0.930000,0.964473,0.125000,0.000000,14,1,1,1,1,1,1,1,1,1,1,0,1,1,1,0,1,0.067321,0.000000,0.065768,0.096323,0.103378,0.087350,0.087854,0.102919,0.100351,0.074667,0.000000,0.069794,0.088664,0.000000,0.000000,0.055613,sleep_at_bed,1,480,5098,bed,none,message-study-group,,0.000000,1.000000,0,suspended,coursework,6.218039,7.811698,active,90,4,rain,24.000000
7,1106,3448093748,76,Day 4 12:58,suspended,coursework,6.218039,7.811698,active,0.300000,0.329054,1.000000,0.896333,0.884167,1.000000,1.000000,0.000000,0.000000,14,1,1,1,1,1,1,1,1,1,1,0,1,1,1,0,1,0.087624,0.000000,0.082076,0.115370,0.123135,0.100673,0.082442,0.000000,0.124434,0.112288,0.000000,0.000000,0.105879,0.000000,0.000000,0.066079,study_focused,1,35,5133,desk,none,,coursework,0.378072,0.913034,0,active,coursework,6.596111,7.811698,active,90,4,rain,24.000000
7,1106,3448093748,77,Day 4 13:33,active,coursework,6.596111,7.811698,active,0.331667,0.453054,0.894349,0.964667,0.913333,1.000000,0.964473,0.000000,0.000000,14,1,1,1,1,1,1,1,1,1,1,0,1,1,1,0,1,0.079831,0.000000,0.075250,0.108140,0.115966,0.098683,0.079992,0.000000,0.112919,0.103671,0.000000,0.069697,0.095491,0.000000,0.000000,0.060360,go_to_bathroom,1,15,5148,door,none,,,0.000000,1.000000,0,suspended,coursework,6.596111,7.811698,active,90,4,rain,24.000000
7,1106,3448093748,78,Day 4 13:48,suspended,coursework,6.596111,7.811698,active,0.336667,0.459054,0.894349,1.000000,0.925833,0.390000,0.969219,0.000000,0.000000,14,1,1,1,1,1,1,1,1,1,1,0,1,1,1,0,1,0.085806,0.000000,0.080872,0.103808,0.111594,0.094871,0.086068,0.000000,0.082702,0.112061,0.000000,0.074887,0.102543,0.000000,0.000000,0.064787,study_halfhearted,1,35,5183,desk,none,,coursework,0.249146,1.002804,0,active,coursework,6.845257,7.811698,active,90,4,rain,24.000000
7,1106,3448093748,79,Day 4 14:23,active,coursework,6.845257,7.811698,active,0.398333,0.553054,0.838002,1.000000,0.955000,0.413333,0.960294,0.000000,0.000000,14,1,1,1,1,1,1,1,1,1,1,0,1,1,1,0,1,0.076835,0.000000,0.072420,0.097295,0.104592,0.092264,0.079380,0.089177,0.073659,0.100074,0.000000,0.067194,0.089868,0.000000,0.000000,0.057244,turn_light_off,1,1,5184,light,none,,,0.000000,1.000000,0,active,coursework,6.845257,7.811698,active,90,4,rain,24.000000
7,1106,3448093748,80,Day 4 14:24,active,coursework,6.845257,7.811698,active,0.398667,0.553454,0.838002,1.000000,0.955833,0.414000,0.960559,0.000000,0.000000,11,1,1,1,0,0,0,1,1,1,1,1,0,1,1,0,1,0.107462,0.000000,0.101286,0.000000,0.000000,0.000000,0.111029,0.124747,0.103051,0.140017,0.106673,0.000000,0.125680,0.000000,0.000000,0.080055,use_phone,1,25,5209,phone,none,weather-clear|room-temperature-shift,,0.000000,1.000000,0,active,coursework,6.845257,7.811698,active,90,4,clear,17.000000
7,1106,3448093748,81,Day 4 14:49,active,coursework,6.845257,7.811698,active,0.187000,0.685562,0.925060,0.971667,0.976667,0.430667,0.984404,0.095000,0.085000,11,1,1,1,0,0,0,1,1,1,1,1,0,1,1,0,1,0.093434,0.000000,0.091568,0.000000,0.000000,0.000000,0.121028,0.141502,0.102711,0.139819,0.107928,0.000000,0.124479,0.000000,0.000000,0.077531,sleep_at_bed,1,480,5689,bed,none,task-reminder|evening,,0.000000,1.000000,0,suspended,coursework,6.845257,7.811698,active,90,4,clear,17.000000
7,1106,3448093748,82,Day 4 22:49,suspended,coursework,6.845257,7.811698,active,0.267000,0.321929,1.000000,0.891667,1.000000,0.750667,1.000000,0.000000,0.000000,11,1,1,1,0,0,0,1,1,1,1,1,0,1,1,0,1,0.116452,0.000000,0.109469,0.000000,0.000000,0.000000,0.110729,0.000000,0.143509,0.162117,0.126109,0.000000,0.142736,0.000000,0.000000,0.088878,idle,1,10,5699,,none,,,0.000000,1.000000,0,suspended,coursework,6.845257,7.811698,active,90,4,clear,17.000000
7,1106,3448093748,83,Day 4 22:59,suspended,coursework,6.845257,7.811698,active,0.390333,0.325929,1.000000,0.838333,1.000000,0.757333,1.000000,0.000000,0.000000,11,1,1,1,0,0,0,1,1,1,1,1,0,1,1,0,1,0.121526,0.000000,0.112512,0.000000,0.000000,0.000000,0.109570,0.000000,0.142305,0.160088,0.124531,0.000000,0.140949,0.000000,0.000000,0.088519,get_meal,1,35,5734,door,none,,,0.000000,1.000000,0,suspended,coursework,6.845257,7.811698,active,90,4,clear,17.000000
7,1106,3448093748,84,Day 4 23:34,suspended,coursework,6.845257,7.811698,active,0.362000,0.339929,1.000000,0.937250,0.479167,0.780667,1.000000,0.000000,0.000000,11,1,1,1,0,0,0,1,1,1,1,1,0,1,1,0,1,0.125159,0.000000,0.116426,0.000000,0.000000,0.000000,0.115265,0.000000,0.150801,0.122837,0.130052,0.000000,0.147199,0.000000,0.000000,0.092262,get_meal,1,35,5769,door,none,,,0.000000,1.000000,0,suspended,coursework,6.845257,7.811698,active,90,4,clear,17.000000
7,1106,3448093748,85,Day 5 00:09,suspended,coursework,6.845257,7.811698,active,0.333667,0.353929,1.000000,1.000000,0.000000,0.804000,1.000000,0.000000,0.000000,11,1,1,1,0,0,0,1,1,1,1,1,0,1,1,0,1,0.140698,0.000000,0.131503,0.000000,0.000000,0.000000,0.132354,0.000000,0.174432,0.000000,0.148250,0.000000,0.167796,0.000000,0.000000,0.104966,turn_off_alarm,1,1,5770,alarm,none,,,0.000000,1.000000,0,suspended,coursework,6.845257,7.811698,active,90,4,clear,17.000000
7,1106,3448093748,86,Day 5 00:10,suspended,coursework,6.845257,7.811698,active,0.334000,0.354329,1.000000,1.000000,0.000833,0.804667,0.980414,0.000000,0.000000,10,1,1,1,0,0,0,1,1,1,1,1,0,0,1,0,1,0.169068,0.000000,0.158017,0.000000,0.000000,0.000000,0.159272,0.000000,0.209667,0.000000,0.177856,0.000000,0.000000,0.000000,0.000000,0.126119,use_phone,1,25,5795,phone,none,,,0.000000,1.000000,0,suspended,coursework,6.845257,7.811698,active,90,4,clear,17.000000
7,1106,3448093748,87,Day 5 00:35,suspended,coursework,6.845257,7.811698,active,0.122333,0.446436,1.000000,1.000000,0.021667,0.821333,1.000000,0.095000,0.085000,10,1,1,1,0,0,0,1,1,1,1,1,0,0,1,0,1,0.127678,0.000000,0.123669,0.000000,0.000000,0.000000,0.147245,0.162289,0.180906,0.000000,0.152093,0.000000,0.000000,0.000000,0.000000,0.106120,use_computer,1,30,5825,computer,none,,,0.000000,1.000000,0,suspended,coursework,6.845257,7.811698,active,90,4,clear,17.000000
7,1106,3448093748,88,Day 5 01:05,suspended,coursework,6.845257,7.811698,active,0.000000,0.560211,1.000000,0.990000,0.046667,0.841333,1.000000,0.175000,0.067000,10,1,1,1,0,0,0,1,1,1,1,1,0,0,1,0,1,0.115548,0.000000,0.114868,0.000000,0.000000,0.000000,0.157653,0.179545,0.179810,0.000000,0.149291,0.000000,0.000000,0.000000,0.000000,0.103285,sleep_at_bed,1,480,6305,bed,none,alarm-rings,,0.000000,1.000000,0,suspended,coursework,6.845257,7.811698,active,90,4,clear,17.000000
7,1106,3448093748,89,Day 5 09:05,suspended,coursework,6.845257,7.811698,active,0.110000,0.196578,1.000000,0.910000,0.446667,1.000000,1.000000,0.000000,0.000000,11,1,1,1,0,0,0,1,1,1,1,1,0,1,1,0,1,0.114350,0.000000,0.108507,0.000000,0.000000,0.000000,0.108204,0.000000,0.174965,0.121869,0.131533,0.000000,0.148875,0.000000,0.000000,0.091697,use_phone,1,25,6330,phone,none,message-study-group,,0.000000,1.000000,0,suspended,coursework,6.845257,7.811698,active,90,5,clear,17.000000
7,1106,3448093748,90,Day 5 09:30,suspended,coursework,6.845257,7.811698,active,0.000000,0.288686,1.000000,0.941667,0.467500,1.000000,1.000000,0.095000,0.085000,11,1,1,1,0,0,0,1,1,1,1,1,0,1,1,0,1,0.106330,0.000000,0.103230,0.000000,0.000000,0.000000,0.117815,0.000000,0.175715,0.123910,0.132097,0.000000,0.149513,0.000000,0.000000,0.091390,get_meal,1,35,6365,door,none,,,0.000000,1.000000,0,suspended,coursework,6.845257,7.811698,active,90,5,clear,17.000000
7,1106,3448093748,91,Day 5 10:05,suspended,coursework,6.845257,7.811698,active,0.000000,0.302686,1.000000,1.000000,0.000000,1.000000,1.000000,0.060000,0.064000,11,1,1,1,0,0,0,1,1,1,1,1,0,1,1,0,1,0.122004,0.000000,0.118527,0.000000,0.000000,0.000000,0.133707,0.000000,0.200388,0.000000,0.150645,0.000000,0.170506,0.000000,0.000000,0.104222,turn_light_on,1,1,6366,light,none,,,0.000000,1.000000,0,suspended,coursework,6.845257,7.811698,active,90,5,clear,17.000000
7,1106,3448093748,92,Day 5 10:06,suspended,coursework,6.845257,7.811698,active,0.000333,0.303086,1.000000,1.000000,0.000833,1.000000,1.000000,0.059000,0.063400,14,1,1,1,1,1,1,1,1,1,1,0,1,1,1,0,1,0.085808,0.000000,0.083360,0.131217,0.141058,0.130509,0.093996,0.000000,0.140891,0.000000,0.000000,0.000000,0.119882,0.000000,0.000000,0.073280,turn_off_alarm,1,1,6367,alarm,none,,,0.000000,1.000000,0,suspended,coursework,6.845257,7.811698,active,90,5,clear,17.000000
7,1106,3448093748,93,Day 5 10:07,suspended,coursework,6.845257,7.811698,active,0.000667,0.303486,1.000000,1.000000,0.001667,1.000000,0.980414,0.058000,0.062800,13,1,1,1,1,1,1,1,1,1,1,0,1,0,1,0,1,0.097311,0.000000,0.094533,0.148345,0.159470,0.150847,0.106691,0.000000,0.159726,0.000000,0.000000,0.000000,0.000000,0.000000,0.000000,0.083078,study_at_computer,1,35,6402,computer,none,,coursework,0.717479,1.039009,0,active,coursework,7.562736,7.811698,active,90,5,clear,17.000000
7,1106,3448093748,94,Day 5 10:42,active,coursework,7.562736,7.811698,active,0.032333,0.428484,0.894349,1.000000,0.030833,1.000000,0.944886,0.103000,0.041800,13,1,1,1,1,1,1,1,1,1,1,0,1,0,1,0,1,0.079027,0.000000,0.077312,0.125101,0.134484,0.105837,0.094667,0.103516,0.130429,0.000000,0.000000,0.081339,0.000000,0.000000,0.000000,0.068288,go_to_bathroom,1,15,6417,door,none,,,0.000000,1.000000,0,suspended,coursework,7.562736,7.811698,active,90,5,clear,17.000000
7,1106,3448093748,95,Day 5 10:57,suspended,coursework,7.562736,7.811698,active,0.037333,0.434484,0.894349,1.000000,0.043333,0.390000,0.949633,0.088000,0.032800,13,1,1,1,1,1,1,1,1,1,1,0,1,0,1,0,1,0.082814,0.000000,0.080989,0.130408,0.140189,0.110492,0.098483,0.107803,0.092842,0.000000,0.000000,0.084743,0.000000,0.000000,0.000000,0.071237,study_at_computer,1,35,6452,computer,none,task-completed,coursework,0.677429,0.981010,0,none,,7.811698,7.811698,completed,90,5,clear,17.000000
7,1106,3448093748,96,Day 5 11:32,none,,7.811698,7.811698,completed,0.069000,0.559482,0.190008,1.000000,0.072500,0.413333,0.360708,0.133000,0.011800,10,1,1,1,0,0,0,1,1,1,1,0,1,0,1,0,1,0.126488,0.000000,0.124574,0.000000,0.000000,0.000000,0.170776,0.185619,0.144683,0.000000,0.000000,0.134954,0.000000,0.000000,0.000000,0.112905,rest_at_bed,1,60,6512,bed,none,,,0.000000,1.000000,0,none,,7.811698,7.811698,completed,90,5,clear,17.000000
7,1106,3448093748,97,Day 5 12:32,none,,7.811698,7.811698,completed,0.129000,0.282071,0.190008,1.000000,0.122500,0.453333,0.360708,0.000000,0.000000,10,1,1,1,0,0,0,1,1,1,1,0,1,0,1,0,1,0.204068,0.000000,0.194555,0.000000,0.000000,0.000000,0.210720,0.000000,0.221432,0.000000,0.000000,0.000000,0.000000,0.000000,0.000000,0.169226,go_to_bathroom,1,15,6527,door,none,,,0.000000,1.000000,0,none,,7.811698,7.811698,completed,90,5,clear,17.000000
7,1106,3448093748,98,Day 5 12:47,none,,7.811698,7.811698,completed,0.134000,0.288071,0.190008,1.000000,0.135000,0.000000,0.360708,0.000000,0.000000,10,1,1,1,0,0,0,1,1,1,1,0,1,0,1,0,1,0.262099,0.000000,0.249847,0.000000,0.000000,0.000000,0.271012,0.000000,0.000000,0.000000,0.000000,0.000000,0.000000,0.000000,0.000000,0.217043,use_phone,1,25,6552,phone,none,,,0.000000,1.000000,0,none,,7.811698,7.811698,completed,90,5,clear,17.000000
7,1106,3448093748,99,Day 5 13:12,none,,7.811698,7.811698,completed,0.000000,0.380179,0.190008,1.000000,0.155833,0.016667,0.360708,0.095000,0.085000,10,1,1,1,0,0,0,1,1,1,1,0,1,0,1,0,1,0.163938,0.000000,0.160373,0.000000,0.000000,0.000000,0.200650,0.000000,0.000000,0.160076,0.000000,0.168118,0.000000,0.000000,0.000000,0.146845,get_meal,1,35,6587,door,none,,,0.000000,1.000000,0,none,,7.811698,7.811698,completed,90,5,clear,17.000000
7,1106,3448093748,100,Day 5 13:47,none,,7.811698,7.811698,completed,0.000000,0.394179,0.190008,1.000000,0.000000,0.040000,0.360708,0.060000,0.064000,10,1,1,1,0,0,0,1,1,1,1,0,1,0,1,0,1,0.196201,0.000000,0.192065,0.000000,0.000000,0.000000,0.237519,0.000000,0.000000,0.000000,0.000000,0.199541,0.000000,0.000000,0.000000,0.174673,use_phone,1,25,6612,phone,none,room-temperature-shift,,0.000000,1.000000,0,none,,7.811698,7.811698,completed,90,5,clear,24.000000
7,1106,3448093748,101,Day 5 14:12,none,,7.811698,7.811698,completed,0.000000,0.486287,0.190008,1.000000,0.020833,0.056667,0.360708,0.155000,0.149000,10,1,1,1,0,0,0,1,1,1,1,0,1,0,1,0,1,0.128285,0.130620,0.126714,0.000000,0.000000,0.000000,0.173055,0.184878,0.000000,0.000000,0.000000,0.139063,0.000000,0.000000,0.000000,0.117384,idle,1,10,6622,,none,,,0.000000,1.000000,0,none,,7.811698,7.811698,completed,90,5,clear,24.000000
7,1106,3448093748,102,Day 5 14:22,none,,7.811698,7.811698,completed,0.123333,0.490287,0.190008,0.946667,0.029167,0.063333,0.360708,0.145000,0.143000,10,1,1,1,0,0,0,1,1,1,1,0,1,0,1,0,1,0.134015,0.129059,0.130355,0.000000,0.000000,0.000000,0.170476,0.182211,0.000000,0.000000,0.000000,0.137095,0.000000,0.000000,0.000000,0.116790,rest_at_bed,1,60,6682,bed,none,,,0.000000,1.000000,0,none,,7.811698,7.811698,completed,90,5,clear,24.000000
7,1106,3448093748,103,Day 5 15:22,none,,7.811698,7.811698,completed,0.183333,0.212876,0.190008,0.976667,0.079167,0.103333,0.360708,0.000000,0.107000,10,1,1,1,0,0,0,1,1,1,1,0,1,0,1,0,1,0.269146,0.000000,0.253383,0.000000,0.000000,0.000000,0.260110,0.000000,0.000000,0.000000,0.000000,0.000000,0.000000,0.000000,0.000000,0.217361,use_phone,1,25,6707,phone,none,,,0.000000,1.000000,0,none,,7.811698,7.811698,completed,90,5,clear,24.000000
7,1106,3448093748,104,Day 5 15:47,none,,7.811698,7.811698,completed,0.000000,0.304984,0.190008,1.000000,0.100000,0.120000,0.360708,0.095000,0.192000,10,1,1,1,0,0,0,1,1,1,1,0,1,0,1,0,1,0.165227,0.168362,0.160626,0.000000,0.000000,0.000000,0.193261,0.000000,0.000000,0.000000,0.000000,0.165446,0.000000,0.000000,0.000000,0.147077,rest_at_bed,1,60,6767,bed,none,,,0.000000,1.000000,0,none,,7.811698,7.811698,completed,90,5,clear,24.000000
7,1106,3448093748,105,Day 5 16:47,none,,7.811698,7.811698,completed,0.060000,0.027573,0.190008,1.000000,0.150000,0.160000,0.360708,0.000000,0.156000,10,1,1,1,0,0,0,1,1,1,1,0,1,0,1,0,1,0.180791,0.168217,0.170227,0.000000,0.000000,0.000000,0.165175,0.000000,0.164893,0.000000,0.000000,0.000000,0.000000,0.000000,0.000000,0.150696,idle,1,10,6777,,none,weather-clear,,0.000000,1.000000,0,none,,7.811698,7.811698,completed,90,5,clear,24.000000
7,1106,3448093748,106,Day 5 16:57,none,,7.811698,7.811698,completed,0.183333,0.031573,0.190008,0.946667,0.158333,0.166667,0.360708,0.000000,0.150000,10,1,1,1,0,0,0,1,1,1,1,0,1,0,1,0,1,0.161416,0.142346,0.149688,0.000000,0.000000,0.000000,0.139838,0.000000,0.139892,0.138413,0.000000,0.000000,0.000000,0.000000,0.000000,0.128408,get_meal,1,35,6812,door,none,,,0.000000,1.000000,0,none,,7.811698,7.811698,completed,90,5,clear,24.000000
7,1106,3448093748,107,Day 5 17:32,none,,7.811698,7.811698,completed,0.155000,0.045573,0.190008,1.000000,0.000000,0.190000,0.360708,0.000000,0.129000,10,1,1,1,0,0,0,1,1,1,1,0,1,0,1,0,1,0.185382,0.163288,0.172728,0.000000,0.000000,0.000000,0.164042,0.000000,0.165313,0.000000,0.000000,0.000000,0.000000,0.000000,0.000000,0.149248,go_to_bathroom,1,15,6827,door,none,,,0.000000,1.000000,0,none,,7.811698,7.811698,completed,90,5,clear,24.000000
7,1106,3448093748,108,Day 5 17:47,none,,7.811698,7.811698,completed,0.160000,0.051573,0.190008,1.000000,0.012500,0.000000,0.360708,0.000000,0.120000,10,1,1,1,0,0,0,1,1,1,1,0,1,0,1,0,1,0.276116,0.000000,0.257235,0.000000,0.000000,0.000000,0.244666,0.000000,0.000000,0.000000,0.000000,0.000000,0.000000,0.000000,0.000000,0.221983,use_phone,1,25,6852,phone,none,,,0.000000,1.000000,0,none,,7.811698,7.811698,completed,90,5,clear,24.000000
7,1106,3448093748,109,Day 5 18:12,none,,7.811698,7.811698,completed,0.000000,0.143680,0.190008,1.000000,0.033333,0.016667,0.360708,0.095000,0.205000,10,1,1,1,0,0,0,1,1,1,1,0,1,0,1,0,1,0.203552,0.206410,0.195246,0.000000,0.000000,0.000000,0.216015,0.000000,0.000000,0.000000,0.000000,0.000000,0.000000,0.000000,0.000000,0.178777,use_computer,1,30,6882,computer,none,evening,,0.000000,1.000000,0,none,,7.811698,7.811698,completed,90,5,clear,24.000000
7,1106,3448093748,110,Day 5 18:42,none,,7.811698,7.811698,completed,0.000000,0.257455,0.190008,0.990000,0.058333,0.036667,0.360708,0.175000,0.187000,10,1,1,1,0,0,0,1,1,1,1,0,1,0,1,0,1,0.163849,0.168534,0.158834,0.000000,0.000000,0.000000,0.194683,0.000000,0.000000,0.000000,0.000000,0.166387,0.000000,0.000000,0.000000,0.147713,use_computer,1,30,6912,computer,none,,,0.000000,1.000000,0,none,,7.811698,7.811698,completed,90,5,clear,24.000000
7,1106,3448093748,111,Day 5 19:12,none,,7.811698,7.811698,completed,0.000000,0.371230,0.190008,0.980000,0.083333,0.056667,0.360708,0.255000,0.169000,10,1,1,1,0,0,0,1,1,1,1,0,1,0,1,0,1,0.147692,0.154095,0.000000,0.000000,0.000000,0.000000,0.196478,0.204982,0.000000,0.000000,0.000000,0.160085,0.000000,0.000000,0.000000,0.136668,sleep_at_bed,1,480,7392,bed,none,,,0.000000,1.000000,0,none,,7.811698,7.811698,completed,90,5,clear,24.000000
7,1106,3448093748,112,Day 6 03:12,none,,7.811698,7.811698,completed,0.080000,0.007597,0.190008,0.900000,0.483333,0.376667,0.360708,0.000000,0.000000,10,1,1,1,0,0,0,1,1,1,1,0,1,0,1,0,1,0.173063,0.000000,0.162270,0.000000,0.000000,0.000000,0.154819,0.000000,0.178854,0.188073,0.000000,0.000000,0.000000,0.000000,0.000000,0.142920,idle,1,10,7402,,none,,,0.000000,1.000000,0,none,,7.811698,7.811698,completed,90,5,clear,24.000000
7,1106,3448093748,113,Day 6 03:22,none,,7.811698,7.811698,completed,0.203333,0.011597,0.190008,0.846667,0.491667,0.383333,0.360708,0.000000,0.000000,10,1,1,1,0,0,0,1,1,1,1,0,1,0,1,0,1,0.179363,0.000000,0.165635,0.000000,0.000000,0.000000,0.152147,0.000000,0.176135,0.185355,0.000000,0.000000,0.000000,0.000000,0.000000,0.141365,use_phone,1,25,7427,phone,none,,,0.000000,1.000000,0,none,,7.811698,7.811698,completed,90,5,clear,24.000000
7,1106,3448093748,114,Day 6 03:47,none,,7.811698,7.811698,completed,0.000000,0.103705,0.190008,0.878333,0.512500,0.400000,0.360708,0.095000,0.085000,10,1,1,1,0,0,0,1,1,1,1,0,1,0,1,0,1,0.162243,0.000000,0.155106,0.000000,0.000000,0.000000,0.168075,0.000000,0.181349,0.191204,0.000000,0.000000,0.000000,0.000000,0.000000,0.142023,rest_at_bed,1,60,7487,bed,none,,,0.000000,1.000000,0,none,,7.811698,7.811698,completed,90,5,clear,24.000000
7,1106,3448093748,115,Day 6 04:47,none,,7.811698,7.811698,completed,0.060000,0.000000,0.190008,0.908333,0.562500,0.440000,0.360708,0.000000,0.049000,10,1,1,1,0,0,0,1,1,1,1,0,1,0,1,0,1,0.199849,0.000000,0.187740,0.000000,0.000000,0.000000,0.000000,0.000000,0.216697,0.229515,0.000000,0.000000,0.000000,0.000000,0.000000,0.166199,go_to_bathroom,1,15,7502,door,none,,,0.000000,1.000000,0,none,,7.811698,7.811698,completed,90,5,clear,24.000000
7,1106,3448093748,116,Day 6 05:02,none,,7.811698,7.811698,completed,0.065000,0.006000,0.190008,0.973917,0.575000,0.000000,0.360708,0.000000,0.040000,10,1,1,1,0,0,0,1,1,1,1,0,1,0,1,0,1,0.207277,0.000000,0.194692,0.000000,0.000000,0.000000,0.186504,0.000000,0.000000,0.239394,0.000000,0.000000,0.000000,0.000000,0.000000,0.172134,use_phone,1,25,7527,phone,none,,,0.000000,1.000000,0,none,,7.811698,7.811698,completed,90,5,clear,24.000000
7,1106,3448093748,117,Day 6 05:27,none,,7.811698,7.811698,completed,0.000000,0.098108,0.190008,1.000000,0.595833,0.016667,0.360708,0.095000,0.125000,10,1,1,1,0,0,0,1,1,1,1,0,1,0,1,0,1,0.196060,0.000000,0.187348,0.000000,0.000000,0.000000,0.202422,0.000000,0.000000,0.242625,0.000000,0.000000,0.000000,0.000000,0.000000,0.171545,idle,1,10,7537,,none,,,0.000000,1.000000,0,none,,7.811698,7.811698,completed,90,5,clear,24.000000
7,1106,3448093748,118,Day 6 05:37,none,,7.811698,7.811698,completed,0.123333,0.102108,0.190008,0.946667,0.604167,0.023333,0.360708,0.085000,0.119000,10,1,1,1,0,0,0,1,1,1,1,0,1,0,1,0,1,0.203160,0.000000,0.191173,0.000000,0.000000,0.000000,0.197793,0.000000,0.000000,0.238579,0.000000,0.000000,0.000000,0.000000,0.000000,0.169295,use_phone,1,25,7562,phone,none,,,0.000000,1.000000,0,none,,7.811698,7.811698,completed,90,5,clear,24.000000
7,1106,3448093748,119,Day 6 06:02,none,,7.811698,7.811698,completed,0.000000,0.194216,0.190008,0.978333,0.625000,0.040000,0.360708,0.180000,0.204000,10,1,1,1,0,0,0,1,1,1,1,0,1,0,1,0,1,0.157814,0.163463,0.152192,0.000000,0.000000,0.000000,0.180995,0.000000,0.000000,0.203864,0.000000,0.000000,0.000000,0.000000,0.000000,0.141672,idle,1,10,7572,,none,,,0.000000,1.000000,0,none,,7.811698,7.811698,completed,90,5,clear,24.000000
7,1106,3448093748,120,Day 6 06:12,none,,7.811698,7.811698,completed,0.123333,0.198216,0.190008,0.925000,0.633333,0.046667,0.360708,0.170000,0.198000,10,1,1,1,0,0,0,1,1,1,1,0,1,0,1,0,1,0.164159,0.160819,0.155896,0.000000,0.000000,0.000000,0.177536,0.000000,0.000000,0.201236,0.000000,0.000000,0.000000,0.000000,0.000000,0.140353,use_computer,1,30,7602,computer,none,,,0.000000,1.000000,0,none,,7.811698,7.811698,completed,90,5,clear,24.000000
7,1106,3448093748,121,Day 6 06:42,none,,7.811698,7.811698,completed,0.000000,0.311991,0.190008,0.915000,0.658333,0.066667,0.360708,0.250000,0.180000,10,1,1,1,0,0,0,1,1,1,1,0,1,0,1,0,1,0.150231,0.156944,0.000000,0.000000,0.000000,0.000000,0.192306,0.000000,0.000000,0.202815,0.000000,0.159515,0.000000,0.000000,0.000000,0.138190,idle,1,10,7612,,none,,,0.000000,1.000000,0,none,,7.811698,7.811698,completed,90,5,clear,24.000000
7,1106,3448093748,122,Day 6 06:52,none,,7.811698,7.811698,completed,0.123333,0.315991,0.190008,0.861667,0.666667,0.073333,0.360708,0.240000,0.174000,10,1,1,1,0,0,0,1,1,1,1,0,1,0,1,0,1,0.136719,0.135087,0.131243,0.000000,0.000000,0.000000,0.165030,0.000000,0.000000,0.175152,0.000000,0.136995,0.000000,0.000000,0.000000,0.119774,turn_light_off,1,1,7613,light,none,,,0.000000,1.000000,0,none,,7.811698,7.811698,completed,90,5,clear,24.000000
7,1106,3448093748,123,Day 6 06:53,none,,7.811698,7.811698,completed,0.123667,0.316391,0.190008,0.881333,0.667500,0.074000,0.360708,0.239000,0.173400,10,1,1,1,0,0,0,1,1,1,1,1,0,0,1,0,1,0.158455,0.156454,0.152105,0.000000,0.000000,0.000000,0.191179,0.000000,0.000000,0.203032,0.000000,0.000000,0.000000,0.000000,0.000000,0.138775,shop_on_phone,1,20,7633,phone,none,,,0.000000,1.000000,0,none,,7.811698,7.811698,completed,60,5,clear,24.000000
7,1106,3448093748,124,Day 6 07:13,none,,7.811698,7.811698,completed,0.130333,0.325722,0.190008,0.974667,0.684167,0.087333,0.360708,0.299000,0.000000,10,1,1,1,0,0,0,1,1,1,1,1,0,0,1,0,1,0.149326,0.000000,0.143452,0.000000,0.000000,0.000000,0.186751,0.193059,0.000000,0.195223,0.000000,0.000000,0.000000,0.000000,0.000000,0.132188,rest_at_bed,1,60,7693,bed,none,alarm-rings,,0.000000,1.000000,0,none,,7.811698,7.811698,completed,60,5,clear,24.000000
7,1106,3448093748,125,Day 6 08:13,none,,7.811698,7.811698,completed,0.220333,0.048311,0.190008,1.000000,0.734167,0.127333,0.394491,0.099000,0.000000,11,1,1,1,0,0,0,1,1,1,1,1,0,1,1,0,1,0.167472,0.000000,0.155007,0.000000,0.000000,0.000000,0.151911,0.000000,0.000000,0.202994,0.000000,0.000000,0.188337,0.000000,0.000000,0.134278,get_meal,1,35,7728,door,none,,,0.000000,1.000000,0,none,,7.811698,7.811698,completed,60,5,clear,24.000000
7,1106,3448093748,126,Day 6 08:48,none,,7.811698,7.811698,completed,0.192000,0.062311,0.190008,1.000000,0.213333,0.150667,0.394491,0.064000,0.000000,11,1,1,1,0,0,0,1,1,1,1,1,0,1,1,0,1,0.152887,0.000000,0.142112,0.000000,0.000000,0.000000,0.138932,0.000000,0.132758,0.137067,0.000000,0.000000,0.173084,0.000000,0.000000,0.123160,rest_at_bed,1,60,7788,bed,none,,,0.000000,1.000000,0,none,,7.811698,7.811698,completed,60,5,clear,24.000000
7,1106,3448093748,127,Day 6 09:48,none,,7.811698,7.811698,completed,0.252000,0.000000,0.190008,1.000000,0.263333,0.190667,0.394491,0.000000,0.000000,11,1,1,1,0,0,0,1,1,1,1,1,0,1,1,0,1,0.181666,0.000000,0.166574,0.000000,0.000000,0.000000,0.000000,0.000000,0.154548,0.160292,0.000000,0.000000,0.196509,0.000000,0.000000,0.140412,get_meal,1,35,7823,door,none,,,0.000000,1.000000,0,none,,7.811698,7.811698,completed,60,5,clear,24.000000
7,1106,3448093748,128,Day 6 10:23,none,,7.811698,7.811698,completed,0.223667,0.014000,0.190008,1.000000,0.000000,0.214000,0.394491,0.000000,0.000000,11,1,1,1,0,0,0,1,1,1,1,1,0,1,1,0,1,0.181307,0.000000,0.167035,0.000000,0.000000,0.000000,0.152257,0.000000,0.158708,0.000000,0.000000,0.000000,0.198873,0.000000,0.000000,0.141822,use_phone,1,25,7848,phone,none,,,0.000000,1.000000,0,none,,7.811698,7.811698,completed,60,5,clear,24.000000
7,1106,3448093748,129,Day 6 10:48,none,,7.811698,7.811698,completed,0.012000,0.106108,0.190008,1.000000,0.020833,0.230667,0.394491,0.095000,0.085000,11,1,1,1,0,0,0,1,1,1,1,1,0,1,1,0,1,0.164040,0.000000,0.156618,0.000000,0.000000,0.000000,0.168869,0.000000,0.164059,0.000000,0.000000,0.000000,0.203445,0.000000,0.000000,0.142969,use_phone,1,25,7873,phone,none,,,0.000000,1.000000,0,none,,7.811698,7.811698,completed,60,5,clear,24.000000
7,1106,3448093748,130,Day 6 11:13,none,,7.811698,7.811698,completed,0.000000,0.198216,0.190008,1.000000,0.041667,0.247333,0.394491,0.190000,0.170000,11,1,1,1,0,0,0,1,1,1,1,1,0,1,1,0,1,0.135882,0.137962,0.131103,0.000000,0.000000,0.000000,0.156720,0.000000,0.141907,0.000000,0.000000,0.000000,0.174148,0.000000,0.000000,0.122279,go_to_bathroom,1,15,7888,door,none,,,0.000000,1.000000,0,none,,7.811698,7.811698,completed,60,5,clear,24.000000
7,1106,3448093748,131,Day 6 11:28,none,,7.811698,7.811698,completed,0.005000,0.204216,0.190008,1.000000,0.054167,0.000000,0.394491,0.175000,0.161000,11,1,1,1,0,0,0,1,1,1,1,1,0,1,1,0,1,0.159092,0.159827,0.153444,0.000000,0.000000,0.000000,0.182217,0.000000,0.000000,0.000000,0.000000,0.000000,0.202902,0.000000,0.000000,0.142518,turn_off_alarm,1,1,7889,alarm,none,,,0.000000,1.000000,0,none,,7.811698,7.811698,completed,60,5,clear,24.000000
7,1106,3448093748,132,Day 6 11:29,none,,7.811698,7.811698,completed,0.005333,0.204616,0.190008,1.000000,0.055000,0.000667,0.374491,0.174000,0.160400,10,1,1,1,0,0,0,1,1,1,1,1,0,0,1,0,1,0.199587,0.200367,0.192497,0.000000,0.000000,0.000000,0.228809,0.000000,0.000000,0.000000,0.000000,0.000000,0.000000,0.000000,0.000000,0.178740,idle,1,10,7899,,none,,,0.000000,1.000000,0,none,,7.811698,7.811698,completed,60,5,clear,24.000000
7,1106,3448093748,133,Day 6 11:39,none,,7.811698,7.811698,completed,0.128667,0.208616,0.190008,0.946667,0.063333,0.007333,0.374491,0.164000,0.154400,10,1,1,1,0,0,0,1,1,1,1,1,0,0,1,0,1,0.206901,0.196453,0.196508,0.000000,0.000000,0.000000,0.223668,0.000000,0.000000,0.000000,0.000000,0.000000,0.000000,0.000000,0.000000,0.176469,use_phone,1,25,7924,phone,none,,,0.000000,1.000000,0,none,,7.811698,7.811698,completed,60,5,clear,24.000000
7,1106,3448093748,134,Day 6 12:04,none,,7.811698,7.811698,completed,0.000000,0.300723,0.190008,0.978333,0.084167,0.024000,0.374491,0.259000,0.239400,10,1,1,1,0,0,0,1,1,1,1,1,0,0,1,0,1,0.233392,0.253786,0.000000,0.000000,0.000000,0.000000,0.297935,0.000000,0.000000,0.000000,0.000000,0.000000,0.000000,0.000000,0.000000,0.214887,shop_on_phone,1,20,7944,phone,none,,,0.000000,1.000000,0,none,,7.811698,7.811698,completed,30,5,clear,24.000000
7,1106,3448093748,135,Day 6 12:24,none,,7.811698,7.811698,completed,0.006667,0.310055,0.190008,1.000000,0.100833,0.037333,0.374491,0.319000,0.000000,10,1,1,1,0,0,0,1,1,1,1,1,0,0,1,0,1,0.216493,0.000000,0.000000,0.000000,0.000000,0.000000,0.286465,0.295567,0.000000,0.000000,0.000000,0.000000,0.000000,0.000000,0.000000,0.201475,sleep_at_bed,1,480,8424,bed,none,room-temperature-shift|weather-rain|message-study-group,,0.000000,1.000000,0,none,,7.811698,7.811698,completed,30,6,rain,24.000000
7,1106,3448093748,136,Day 6 20:24,none,,7.811698,7.811698,completed,0.086667,0.000000,0.190008,0.920000,0.500833,0.357333,0.374491,0.000000,0.000000,10,1,1,1,0,0,0,1,1,1,1,1,0,0,1,0,1,0.205303,0.000000,0.192216,0.000000,0.000000,0.000000,0.000000,0.000000,0.208859,0.224614,0.000000,0.000000,0.000000,0.000000,0.000000,0.169007,go_to_bathroom,1,15,8439,door,none,evening,,0.000000,1.000000,0,none,,7.811698,7.811698,completed,30,6,rain,24.000000
7,1106,3448093748,137,Day 6 20:39,none,,7.811698,7.811698,completed,0.091667,0.006000,0.190008,0.985583,0.513333,0.000000,0.374491,0.000000,0.000000,10,1,1,1,0,0,0,1,1,1,1,1,0,0,1,0,1,0.259172,0.000000,0.242620,0.000000,0.000000,0.000000,0.000000,0.000000,0.000000,0.285155,0.000000,0.000000,0.000000,0.000000,0.000000,0.213053,get_meal,1,35,8474,door,none,,,0.000000,1.000000,0,none,,7.811698,7.811698,completed,30,6,rain,24.000000
7,1106,3448093748,138,Day 6 21:14,none,,7.811698,7.811698,completed,0.063333,0.020000,0.190008,1.000000,0.000000,0.023333,0.374491,0.000000,0.000000,10,1,1,1,0,0,0,1,1,1,1,1,0,0,1,0,1,0.271757,0.000000,0.255609,0.000000,0.000000,0.000000,0.246545,0.000000,0.000000,0.000000,0.000000,0.000000,0.000000,0.000000,0.000000,0.226088,idle,1,10,8484,,none,,,0.000000,1.000000,0,none,,7.811698,7.811698,completed,30,6,rain,24.000000
7,1106,3448093748,139,Day 6 21:24,none,,7.811698,7.811698,completed,0.186667,0.024000,0.190008,0.946667,0.008333,0.030000,0.374491,0.000000,0.000000,10,1,1,1,0,0,0,1,1,1,1,1,0,0,1,0,1,0.279282,0.000000,0.258717,0.000000,0.000000,0.000000,0.240253,0.000000,0.000000,0.000000,0.000000,0.000000,0.000000,0.000000,0.000000,0.221748,rest_at_bed,1,60,8544,bed,none,,,0.000000,1.000000,0,none,,7.811698,7.811698,completed,30,6,rain,24.000000
7,1106,3448093748,140,Day 6 22:24,none,,7.811698,7.811698,completed,0.246667,0.000000,0.190008,0.976667,0.058333,0.070000,0.374491,0.000000,0.000000,10,1,1,1,0,0,0,1,1,1,1,1,0,0,1,0,1,0.371467,0.000000,0.340837,0.000000,0.000000,0.000000,0.000000,0.000000,0.000000,0.000000,0.000000,0.000000,0.000000,0.000000,0.000000,0.287696,use_phone,1,25,8569,phone,none,,,0.000000,1.000000,0,none,,7.811698,7.811698,completed,30,6,rain,24.000000
7,1106,3448093748,141,Day 6 22:49,none,,7.811698,7.811698,completed,0.035000,0.092108,0.190008,1.000000,0.079167,0.086667,0.374491,0.095000,0.085000,10,1,1,1,0,0,0,1,1,1,1,1,0,0,1,0,1,0.261406,0.000000,0.248566,0.000000,0.000000,0.000000,0.264453,0.000000,0.000000,0.000000,0.000000,0.000000,0.000000,0.000000,0.000000,0.225575,use_phone,1,25,8594,phone,none,,,0.000000,1.000000,0,none,,7.811698,7.811698,completed,30,6,rain,24.000000
7,1106,3448093748,142,Day 6 23:14,none,,7.811698,7.811698,completed,0.000000,0.184216,0.190008,1.000000,0.100000,0.103333,0.374491,0.190000,0.170000,10,1,1,1,0,0,0,1,1,1,1,1,0,0,1,0,1,0.199128,0.201939,0.191901,0.000000,0.000000,0.000000,0.228048,0.000000,0.000000,0.000000,0.000000,0.000000,0.000000,0.000000,0.000000,0.178984,rest_at_bed,1,60,8654,bed,none,,,0.000000,1.000000,0,none,,7.811698,7.811698,completed,30,6,rain,24.000000
7,1106,3448093748,143,Day 7 00:14,none,,7.811698,7.811698,completed,0.060000,0.000000,0.190008,1.000000,0.150000,0.143333,0.374491,0.000000,0.134000,10,1,1,1,0,0,0,1,1,1,1,1,0,0,1,0,1,0.271297,0.248227,0.254859,0.000000,0.000000,0.000000,0.000000,0.000000,0.000000,0.000000,0.000000,0.000000,0.000000,0.000000,0.000000,0.225617,use_phone,1,25,8679,phone,none,,,0.000000,1.000000,0,none,,7.811698,7.811698,completed,30,6,rain,24.000000
7,1106,3448093748,144,Day 7 00:39,none,,7.811698,7.811698,completed,0.000000,0.092108,0.190008,1.000000,0.170833,0.160000,0.374491,0.095000,0.219000,10,1,1,1,0,0,0,1,1,1,1,1,0,0,1,0,1,0.147078,0.149880,0.140472,0.000000,0.000000,0.000000,0.151158,0.000000,0.141328,0.141462,0.000000,0.000000,0.000000,0.000000,0.000000,0.128623,get_meal,1,35,8714,door,none,,,0.000000,1.000000,0,none,,7.811698,7.811698,completed,30,6,rain,24.000000
7,1106,3448093748,145,Day 7 01:14,none,,7.811698,7.811698,completed,0.000000,0.106108,0.190008,1.000000,0.000000,0.183333,0.374491,0.060000,0.198000,10,1,1,1,0,0,0,1,1,1,1,1,0,0,1,0,1,0.172132,0.171947,0.164513,0.000000,0.000000,0.000000,0.174977,0.000000,0.166814,0.000000,0.000000,0.000000,0.000000,0.000000,0.000000,0.149616,idle,1,10,8724,,none,,,0.000000,1.000000,0,none,,7.811698,7.811698,completed,30,6,rain,24.000000
7,1106,3448093748,146,Day 7 01:24,none,,7.811698,7.811698,completed,0.123333,0.110108,0.190008,0.946667,0.008333,0.190000,0.374491,0.050000,0.192000,10,1,1,1,0,0,0,1,1,1,1,1,0,0,1,0,1,0.178850,0.168976,0.168327,0.000000,0.000000,0.000000,0.171440,0.000000,0.164352,0.000000,0.000000,0.000000,0.000000,0.000000,0.000000,0.148055,go_to_bathroom,1,15,8739,door,none,,,0.000000,1.000000,0,none,,7.811698,7.811698,completed,30,6,rain,24.000000
7,1106,3448093748,147,Day 7 01:39,none,,7.811698,7.811698,completed,0.128333,0.116108,0.190008,1.000000,0.020833,0.000000,0.374491,0.035000,0.183000,10,1,1,1,0,0,0,1,1,1,1,1,0,0,1,0,1,0.214976,0.200969,0.202258,0.000000,0.000000,0.000000,0.204640,0.000000,0.000000,0.000000,0.000000,0.000000,0.000000,0.000000,0.000000,0.177156,use_phone,1,25,8764,phone,none,,,0.000000,1.000000,0,none,,7.811698,7.811698,completed,30,6,rain,24.000000
7,1106,3448093748,148,Day 7 02:04,none,,7.811698,7.811698,completed,0.000000,0.208216,0.190008,1.000000,0.041667,0.016667,0.374491,0.130000,0.268000,10,1,1,1,0,0,0,1,1,1,1,1,0,0,1,0,1,0.198073,0.212028,0.191106,0.000000,0.000000,0.000000,0.222615,0.000000,0.000000,0.000000,0.000000,0.000000,0.000000,0.000000,0.000000,0.176179,rest_at_bed,1,60,8824,bed,none,,,0.000000,1.000000,0,none,,7.811698,7.811698,completed,30,6,rain,24.000000
7,1106,3448093748,149,Day 7 03:04,none,,7.811698,7.811698,completed,0.060000,0.000000,0.190008,1.000000,0.091667,0.056667,0.374491,0.000000,0.232000,10,1,1,1,0,0,0,1,1,1,1,1,0,0,1,0,1,0.266880,0.260467,0.250710,0.000000,0.000000,0.000000,0.000000,0.000000,0.000000,0.000000,0.000000,0.000000,0.000000,0.000000,0.000000,0.221943,shop_on_phone,1,20,8844,phone,none,,,0.000000,1.000000,0,none,,7.811698,7.811698,completed,0,6,rain,24.000000
7,1106,3448093748,150,Day 7 03:24,none,,7.811698,7.811698,completed,0.066667,0.009331,0.190008,1.000000,0.108333,0.070000,0.374491,0.060000,0.000000,10,1,1,1,0,0,0,1,1,1,1,1,0,0,1,0,1,0.269453,0.000000,0.253321,0.000000,0.000000,0.000000,0.250729,0.000000,0.000000,0.000000,0.000000,0.000000,0.000000,0.000000,0.000000,0.226497,rest_at_bed,1,60,8904,bed,none,,,0.000000,1.000000,0,none,,7.811698,7.811698,completed,0,6,rain,24.000000
7,1106,3448093748,151,Day 7 04:24,none,,7.811698,7.811698,completed,0.126667,0.000000,0.190008,1.000000,0.158333,0.110000,0.374491,0.000000,0.000000,10,1,1,1,0,0,0,1,1,1,1,1,0,0,1,0,1,0.276269,0.000000,0.257357,0.000000,0.000000,0.000000,0.000000,0.000000,0.000000,0.242389,0.000000,0.000000,0.000000,0.000000,0.000000,0.223985,use_computer,1,30,8934,computer,none,,,0.000000,1.000000,0,none,,7.811698,7.811698,completed,0,6,rain,24.000000
7,1106,3448093748,152,Day 7 04:54,none,,7.811698,7.811698,completed,0.000000,0.113775,0.190008,0.990000,0.183333,0.130000,0.374491,0.080000,0.000000,10,1,1,1,0,0,0,1,1,1,1,1,0,0,1,0,1,0.207026,0.000000,0.198044,0.000000,0.000000,0.000000,0.213782,0.000000,0.000000,0.200336,0.000000,0.000000,0.000000,0.000000,0.000000,0.180811,get_meal,1,35,8969,door,none,,,0.000000,1.000000,0,none,,7.811698,7.811698,completed,0,6,rain,24.000000
7,1106,3448093748,153,Day 7 05:29,none,,7.811698,7.811698,completed,0.000000,0.127775,0.190008,1.000000,0.000000,0.153333,0.374491,0.045000,0.000000,10,1,1,1,0,0,0,1,1,1,1,1,0,0,1,0,1,0.208485,0.000000,0.199575,0.000000,0.000000,0.000000,0.212940,0.000000,0.198023,0.000000,0.000000,0.000000,0.000000,0.000000,0.000000,0.180975,rest_at_bed,1,60,9029,bed,none,,,0.000000,1.000000,0,none,,7.811698,7.811698,completed,0,6,rain,24.000000
7,1106,3448093748,154,Day 7 06:29,none,,7.811698,7.811698,completed,0.060000,0.000000,0.190008,1.000000,0.050000,0.193333,0.374491,0.000000,0.000000,10,1,1,1,0,0,0,1,1,1,1,1,0,0,1,0,1,0.270256,0.000000,0.253881,0.000000,0.000000,0.000000,0.000000,0.000000,0.251112,0.000000,0.000000,0.000000,0.000000,0.000000,0.000000,0.224751,use_phone,1,25,9054,phone,none,,,0.000000,1.000000,0,none,,7.811698,7.811698,completed,0,6,rain,24.000000
7,1106,3448093748,155,Day 7 06:54,none,,7.811698,7.811698,completed,0.000000,0.092108,0.190008,1.000000,0.070833,0.210000,0.374491,0.095000,0.085000,10,1,1,1,0,0,0,1,1,1,1,1,0,0,1,0,1,0.206236,0.000000,0.196974,0.000000,0.000000,0.000000,0.211957,0.000000,0.204475,0.000000,0.000000,0.000000,0.000000,0.000000,0.000000,0.180359,idle,1,10,9064,,none,,,0.000000,1.000000,0,none,,7.811698,7.811698,completed,0,6,rain,24.000000
7,1106,3448093748,156,Day 7 07:04,none,,7.811698,7.811698,completed,0.123333,0.096108,0.190008,0.946667,0.079167,0.216667,0.374491,0.085000,0.079000,10,1,1,1,0,0,0,1,1,1,1,1,0,0,1,0,1,0.213553,0.000000,0.200851,0.000000,0.000000,0.000000,0.206961,0.000000,0.200768,0.000000,0.000000,0.000000,0.000000,0.000000,0.000000,0.177866,go_to_bathroom,1,15,9079,door,none,,,0.000000,1.000000,0,none,,7.811698,7.811698,completed,0,6,rain,24.000000
7,1106,3448093748,157,Day 7 07:19,none,,7.811698,7.811698,completed,0.128333,0.102108,0.190008,1.000000,0.091667,0.000000,0.374491,0.070000,0.070000,10,1,1,1,0,0,0,1,1,1,1,1,0,0,1,0,1,0.267971,0.000000,0.251947,0.000000,0.000000,0.000000,0.257900,0.000000,0.000000,0.000000,0.000000,0.000000,0.000000,0.000000,0.000000,0.222182,use_phone,1,25,9104,phone,none,,,0.000000,1.000000,0,none,,7.811698,7.811698,completed,0,6,rain,24.000000
7,1106,3448093748,158,Day 7 07:44,none,,7.811698,7.811698,completed,0.000000,0.194216,0.190008,1.000000,0.112500,0.016667,0.374491,0.165000,0.155000,10,1,1,1,0,0,0,1,1,1,1,1,0,0,1,0,1,0.200194,0.200148,0.193021,0.000000,0.000000,0.000000,0.227480,0.000000,0.000000,0.000000,0.000000,0.000000,0.000000,0.000000,0.000000,0.179157,use_phone,1,25,9129,phone,none,,,0.000000,1.000000,0,none,,7.811698,7.811698,completed,0,6,rain,24.000000
7,1106,3448093748,159,Day 7 08:09,none,,7.811698,7.811698,completed,0.000000,0.286323,0.190008,1.000000,0.133333,0.033333,0.374491,0.260000,0.240000,10,1,1,1,0,0,0,1,1,1,1,1,0,0,1,0,1,0.234042,0.254342,0.000000,0.000000,0.000000,0.000000,0.296345,0.000000,0.000000,0.000000,0.000000,0.000000,0.000000,0.000000,0.000000,0.215272,shop_on_phone,0,0,9129,phone,resource_insufficient,,,0.000000,1.000000,0,none,,7.811698,7.811698,completed,0,6,rain,24.000000
7,1106,3448093748,160,Day 7 08:09,none,,7.811698,7.811698,completed,0.000000,0.286323,0.190008,0.970000,0.133333,0.033333,0.404491,0.260000,0.240000,10,1,1,1,0,0,0,1,1,1,1,1,0,0,1,0,1,0.234186,0.254498,0.000000,0.000000,0.000000,0.000000,0.295911,0.000000,0.000000,0.000000,0.000000,0.000000,0.000000,0.000000,0.000000,0.215404,use_phone,1,25,9154,phone,none,alarm-rings,,0.000000,1.000000,0,none,,7.811698,7.811698,completed,0,6,rain,24.000000
7,1106,3448093748,161,Day 7 08:34,none,,7.811698,7.811698,completed,0.000000,0.378431,0.190008,1.000000,0.154167,0.050000,0.438275,0.355000,0.325000,11,1,1,1,0,0,0,1,1,1,1,1,0,1,1,0,1,0.000000,0.159601,0.000000,0.000000,0.000000,0.000000,0.189795,0.200477,0.000000,0.139100,0.000000,0.000000,0.183297,0.000000,0.000000,0.127730,sleep_at_bed,1,260,9414,bed,none,message-study-group|room-temperature-shift,,0.000000,1.000000,0,none,,7.811698,7.811698,completed,0,7,rain,17.000000
7,1106,3448093748,162,Day 7 12:54,none,,7.811698,7.811698,completed,0.006667,0.000000,0.190008,0.933333,0.370833,0.223333,0.438275,0.000000,0.169000,11,1,1,1,0,0,0,1,1,1,1,1,0,1,1,0,1,0.143089,0.136904,0.135327,0.000000,0.000000,0.000000,0.000000,0.000000,0.138769,0.150277,0.000000,0.000000,0.174192,0.000000,0.000000,0.121441,turn_off_alarm,1,1,9415,alarm,none,,,0.000000,1.000000,0,none,,7.811698,7.811698,completed,0,7,rain,17.000000
7,1106,3448093748,163,Day 7 12:55,none,,7.811698,7.811698,completed,0.007000,0.000400,0.190008,0.963000,0.371667,0.224000,0.418275,0.000000,0.168400,10,1,1,1,0,0,0,1,1,1,1,1,0,0,1,0,1,0.173268,0.165696,0.163868,0.000000,0.000000,0.000000,0.000000,0.000000,0.168087,0.182040,0.000000,0.000000,0.000000,0.000000,0.000000,0.147040,shop_on_phone,0,0,9415,phone,resource_insufficient,,,0.000000,1.000000,0,none,,7.811698,7.811698,completed,0,7,rain,17.000000
7,1106,3448093748,164,Day 7 12:55,none,,7.811698,7.811698,completed,0.007000,0.000400,0.190008,0.933000,0.371667,0.224000,0.448275,0.000000,0.168400,10,1,1,1,0,0,0,1,1,1,1,1,0,0,1,0,1,0.173268,0.165696,0.163868,0.000000,0.000000,0.000000,0.000000,0.000000,0.168087,0.182040,0.000000,0.000000,0.000000,0.000000,0.000000,0.147040,go_to_bathroom,1,15,9430,door,none,,,0.000000,1.000000,0,none,,7.811698,7.811698,completed,0,7,rain,17.000000
7,1106,3448093748,165,Day 7 13:10,none,,7.811698,7.811698,completed,0.012000,0.006400,0.190008,0.998583,0.384167,0.000000,0.448275,0.000000,0.159400,10,1,1,1,0,0,0,1,1,1,1,1,0,0,1,0,1,0.208384,0.197797,0.197053,0.000000,0.000000,0.000000,0.000000,0.000000,0.000000,0.220173,0.000000,0.000000,0.000000,0.000000,0.000000,0.176592,get_meal,1,35,9465,door,none,,,0.000000,1.000000,0,none,,7.811698,7.811698,completed,0,7,rain,17.000000
7,1106,3448093748,166,Day 7 13:45,none,,7.811698,7.811698,completed,0.000000,0.020400,0.190008,1.000000,0.000000,0.023333,0.448275,0.000000,0.138400,10,1,1,1,0,0,0,1,1,1,1,1,0,0,1,0,1,0.214076,0.201621,0.202978,0.000000,0.000000,0.000000,0.198866,0.000000,0.000000,0.000000,0.000000,0.000000,0.000000,0.000000,0.000000,0.182460,rest_at_bed,1,60,9525,bed,none,weather-clear,,0.000000,1.000000,0,none,,7.811698,7.811698,completed,0,7,clear,17.000000
7,1106,3448093748,167,Day 7 14:45,none,,7.811698,7.811698,completed,0.060000,0.000000,0.190008,1.000000,0.050000,0.063333,0.448275,0.000000,0.102400,10,1,1,1,0,0,0,1,1,1,1,1,0,0,1,0,1,0.360876,0.000000,0.339011,0.000000,0.000000,0.000000,0.000000,0.000000,0.000000,0.000000,0.000000,0.000000,0.000000,0.000000,0.000000,0.300113,idle,1,10,9535,,none,,,0.000000,1.000000,0,none,,7.811698,7.811698,completed,0,7,clear,17.000000
7,1106,3448093748,168,Day 7 14:55,none,,7.811698,7.811698,completed,0.183333,0.004000,0.190008,0.946667,0.058333,0.070000,0.448275,0.000000,0.096400,10,1,1,1,0,0,0,1,1,1,1,1,0,0,1,0,1,0.367796,0.000000,0.340290,0.000000,0.000000,0.000000,0.000000,0.000000,0.000000,0.000000,0.000000,0.000000,0.000000,0.000000,0.000000,0.291913,use_phone,1,25,9560,phone,none,,,0.000000,1.000000,0,none,,7.811698,7.811698,completed,0,7,clear,17.000000
7,1106,3448093748,169,Day 7 15:20,none,,7.811698,7.811698,completed,0.000000,0.096108,0.190008,0.978333,0.079167,0.086667,0.448275,0.095000,0.181400,10,1,1,1,0,0,0,1,1,1,1,1,0,0,1,0,1,0.206201,0.205057,0.197006,0.000000,0.000000,0.000000,0.211349,0.000000,0.000000,0.000000,0.000000,0.000000,0.000000,0.000000,0.000000,0.180388,use_computer,1,30,9590,computer,none,,,0.000000,1.000000,0,none,,7.811698,7.811698,completed,0,7,clear,17.000000
7,1106,3448093748,170,Day 7 15:50,none,,7.811698,7.811698,completed,0.000000,0.209883,0.190008,0.968333,0.104167,0.106667,0.448275,0.175000,0.163400,10,1,1,1,0,0,0,1,1,1,1,1,0,0,1,0,1,0.199210,0.200948,0.192350,0.000000,0.000000,0.000000,0.228610,0.000000,0.000000,0.000000,0.000000,0.000000,0.000000,0.000000,0.000000,0.178881,rest_at_bed,1,60,9650,bed,none,,,0.000000,1.000000,0,none,,7.811698,7.811698,completed,0,7,clear,17.000000
7,1106,3448093748,171,Day 7 16:50,none,,7.811698,7.811698,completed,0.060000,0.000000,0.190008,0.998333,0.154167,0.146667,0.448275,0.000000,0.127400,10,1,1,1,0,0,0,1,1,1,1,1,0,0,1,0,1,0.218563,0.000000,0.205321,0.000000,0.000000,0.000000,0.000000,0.000000,0.197234,0.197121,0.000000,0.000000,0.000000,0.000000,0.000000,0.181762,go_to_bathroom,1,15,9665,door,none,,,0.000000,1.000000,0,none,,7.811698,7.811698,completed,0,7,clear,17.000000
7,1106,3448093748,172,Day 7 17:05,none,,7.811698,7.811698,completed,0.065000,0.006000,0.190008,1.000000,0.166667,0.000000,0.448275,0.000000,0.118400,10,1,1,1,0,0,0,1,1,1,1,1,0,0,1,0,1,0.271980,0.000000,0.255467,0.000000,0.000000,0.000000,0.000000,0.000000,0.000000,0.246686,0.000000,0.000000,0.000000,0.000000,0.000000,0.225867,use_computer,1,30,9695,computer,none,evening,,0.000000,1.000000,0,none,,7.811698,7.811698,completed,0,7,clear,17.000000
7,1106,3448093748,173,Day 7 17:35,none,,7.811698,7.811698,completed,0.000000,0.119775,0.190008,0.990000,0.191667,0.020000,0.448275,0.080000,0.100400,10,1,1,1,0,0,0,1,1,1,1,1,0,0,1,0,1,0.206828,0.000000,0.197953,0.000000,0.000000,0.000000,0.213258,0.000000,0.000000,0.201234,0.000000,0.000000,0.000000,0.000000,0.000000,0.180728,use_computer,1,30,9725,computer,none,,,0.000000,1.000000,0,none,,7.811698,7.811698,completed,0,7,clear,17.000000
7,1106,3448093748,174,Day 7 18:05,none,,7.811698,7.811698,completed,0.000000,0.233550,0.190008,0.980000,0.216667,0.040000,0.448275,0.160000,0.082400,10,1,1,1,0,0,0,1,1,1,1,1,0,0,1,0,1,0.198720,0.000000,0.192215,0.000000,0.000000,0.000000,0.229410,0.000000,0.000000,0.201418,0.000000,0.000000,0.000000,0.000000,0.000000,0.178236,rest_at_bed,1,60,9785,bed,none,,,0.000000,1.000000,0,none,,7.811698,7.811698,completed,0,7,clear,17.000000
7,1106,3448093748,175,Day 7 19:05,none,,7.811698,7.811698,completed,0.060000,0.000000,0.190008,1.000000,0.266667,0.080000,0.448275,0.000000,0.046400,10,1,1,1,0,0,0,1,1,1,1,1,0,0,1,0,1,0.267736,0.000000,0.251514,0.000000,0.000000,0.000000,0.000000,0.000000,0.000000,0.258095,0.000000,0.000000,0.000000,0.000000,0.000000,0.222655,use_computer,1,30,9815,computer,none,,,0.000000,1.000000,0,none,,7.811698,7.811698,completed,0,7,clear,17.000000
7,1106,3448093748,176,Day 7 19:35,none,,7.811698,7.811698,completed,0.000000,0.113775,0.190008,0.990000,0.291667,0.100000,0.448275,0.080000,0.028400,10,1,1,1,0,0,0,1,1,1,1,1,0,0,1,0,1,0.204536,0.000000,0.195662,0.000000,0.000000,0.000000,0.210133,0.000000,0.000000,0.211032,0.000000,0.000000,0.000000,0.000000,0.000000,0.178637,idle,1,10,9825,,none,,,0.000000,1.000000,0,none,,7.811698,7.811698,completed,0,7,clear,17.000000
7,1106,3448093748,177,Day 7 19:45,none,,7.811698,7.811698,completed,0.123333,0.117775,0.190008,0.936667,0.300000,0.106667,0.448275,0.070000,0.022400,10,1,1,1,0,0,0,1,1,1,1,1,0,0,1,0,1,0.211788,0.000000,0.199510,0.000000,0.000000,0.000000,0.205177,0.000000,0.000000,0.207360,0.000000,0.000000,0.000000,0.000000,0.000000,0.176165,idle,1,10,9835,,none,,,0.000000,1.000000,0,none,,7.811698,7.811698,completed,0,7,clear,17.000000
7,1106,3448093748,178,Day 7 19:55,none,,7.811698,7.811698,completed,0.246667,0.121775,0.190008,0.883333,0.308333,0.113333,0.448275,0.060000,0.016400,10,1,1,1,0,0,0,1,1,1,1,1,0,0,1,0,1,0.219178,0.000000,0.203322,0.000000,0.000000,0.000000,0.200227,0.000000,0.000000,0.203641,0.000000,0.000000,0.000000,0.000000,0.000000,0.173632,idle,1,10,9845,,none,,,0.000000,1.000000,0,none,,7.811698,7.811698,completed,0,7,clear,17.000000
7,1106,3448093748,179,Day 7 20:05,none,,7.811698,7.811698,completed,0.370000,0.125775,0.190008,0.830000,0.316667,0.120000,0.448275,0.050000,0.010400,10,1,1,1,0,0,0,1,1,1,1,1,0,0,1,0,1,0.226700,0.000000,0.207092,0.000000,0.000000,0.000000,0.195289,0.000000,0.000000,0.199878,0.000000,0.000000,0.000000,0.000000,0.000000,0.171041,use_computer,1,30,9875,computer,none,,,0.000000,1.000000,0,none,,7.811698,7.811698,completed,0,7,clear,17.000000
7,1106,3448093748,180,Day 7 20:35,none,,7.811698,7.811698,completed,0.220000,0.239550,0.190008,0.820000,0.341667,0.140000,0.448275,0.130000,0.000000,10,1,1,1,0,0,0,1,1,1,1,1,0,0,1,0,1,0.209399,0.000000,0.197016,0.000000,0.000000,0.000000,0.216090,0.000000,0.000000,0.205783,0.000000,0.000000,0.000000,0.000000,0.000000,0.171713,idle,1,10,9885,,none,,,0.000000,1.000000,0,none,,7.811698,7.811698,completed,0,7,clear,17.000000
7,1106,3448093748,181,Day 7 20:45,none,,7.811698,7.811698,completed,0.343333,0.243550,0.190008,0.766667,0.350000,0.146667,0.448275,0.120000,0.000000,10,1,1,1,0,0,0,1,1,1,1,1,0,0,1,0,1,0.183683,0.000000,0.170185,0.000000,0.000000,0.000000,0.178743,0.000000,0.152638,0.171296,0.000000,0.000000,0.000000,0.000000,0.000000,0.143455,idle,1,10,9895,,none,,,0.000000,1.000000,0,none,,7.811698,7.811698,completed,0,7,clear,17.000000
7,1106,3448093748,182,Day 7 20:55,none,,7.811698,7.811698,completed,0.466667,0.247550,0.190008,0.713333,0.358333,0.153333,0.448275,0.110000,0.000000,10,1,1,1,0,0,0,1,1,1,1,1,0,0,1,0,1,0.190595,0.000000,0.173895,0.000000,0.000000,0.000000,0.174893,0.000000,0.150182,0.168669,0.000000,0.000000,0.000000,0.000000,0.000000,0.141766,rest_at_bed,1,60,9955,bed,none,,,0.000000,1.000000,0,none,,7.811698,7.811698,completed,0,7,clear,17.000000
7,1106,3448093748,183,Day 7 21:55,none,,7.811698,7.811698,completed,0.526667,0.000000,0.190008,0.743333,0.408333,0.193333,0.448275,0.000000,0.000000,10,1,1,1,0,0,0,1,1,1,1,1,0,0,1,0,1,0.238996,0.000000,0.211677,0.000000,0.000000,0.000000,0.000000,0.000000,0.179949,0.203022,0.000000,0.000000,0.000000,0.000000,0.000000,0.166355,use_computer,1,30,9985,computer,none,,,0.000000,1.000000,0,none,,7.811698,7.811698,completed,0,7,clear,17.000000
7,1106,3448093748,184,Day 7 22:25,none,,7.811698,7.811698,completed,0.376667,0.113775,0.190008,0.733333,0.433333,0.213333,0.448275,0.080000,0.000000,10,1,1,1,0,0,0,1,1,1,1,1,0,0,1,0,1,0.187975,0.000000,0.171473,0.000000,0.000000,0.000000,0.162969,0.000000,0.157395,0.177980,0.000000,0.000000,0.000000,0.000000,0.000000,0.142208,rest_at_bed,1,60,10045,bed,none,,,0.000000,1.000000,0,none,,7.811698,7.811698,completed,0,7,clear,17.000000
7,1106,3448093748,185,Day 7 23:25,none,,7.811698,7.811698,completed,0.436667,0.000000,0.190008,0.763333,0.483333,0.253333,0.448275,0.000000,0.000000,10,1,1,1,0,0,0,1,1,1,1,1,0,0,1,0,1,0.229617,0.000000,0.205693,0.000000,0.000000,0.000000,0.000000,0.000000,0.186935,0.212348,0.000000,0.000000,0.000000,0.000000,0.000000,0.165407,idle,1,10,10055,,none,,,0.000000,1.000000,0,none,,7.811698,7.811698,completed,0,7,clear,17.000000
7,1106,3448093748,186,Day 7 23:35,none,,7.811698,7.811698,completed,0.560000,0.004000,0.190008,0.710000,0.491667,0.260000,0.448275,0.000000,0.000000,10,1,1,1,0,0,0,1,1,1,1,1,0,0,1,0,1,0.236812,0.000000,0.208932,0.000000,0.000000,0.000000,0.000000,0.000000,0.183193,0.208256,0.000000,0.000000,0.000000,0.000000,0.000000,0.162807,use_computer,1,30,10085,computer,none,,,0.000000,1.000000,0,none,,7.811698,7.811698,completed,0,7,clear,17.000000
7,1106,3448093748,187,Day 8 00:05,none,,7.811698,7.811698,completed,0.410000,0.117775,0.190008,0.700000,0.516667,0.280000,0.448275,0.080000,0.000000,10,1,1,1,0,0,0,1,1,1,1,1,0,0,1,0,1,0.186829,0.000000,0.169769,0.000000,0.000000,0.000000,0.159947,0.000000,0.160724,0.183129,0.000000,0.000000,0.000000,0.000000,0.000000,0.139602,use_phone,1,25,10110,phone,none,,,0.000000,1.000000,0,none,,7.811698,7.811698,completed,0,7,clear,17.000000
7,1106,3448093748,188,Day 8 00:30,none,,7.811698,7.811698,completed,0.198333,0.209883,0.190008,0.731667,0.537500,0.296667,0.448275,0.175000,0.085000,10,1,1,1,0,0,0,1,1,1,1,1,0,0,1,0,1,0.168673,0.000000,0.158840,0.000000,0.000000,0.000000,0.177017,0.000000,0.165786,0.189256,0.000000,0.000000,0.000000,0.000000,0.000000,0.140429,use_computer,1,30,10140,computer,none,,,0.000000,1.000000,0,none,,7.811698,7.811698,completed,0,7,clear,17.000000
7,1106,3448093748,189,Day 8 01:00,none,,7.811698,7.811698,completed,0.048333,0.323658,0.190008,0.721667,0.562500,0.316667,0.448275,0.255000,0.067000,10,1,1,1,0,0,0,1,1,1,1,1,0,0,1,0,1,0.154426,0.000000,0.149777,0.000000,0.000000,0.000000,0.194142,0.000000,0.168793,0.193127,0.000000,0.000000,0.000000,0.000000,0.000000,0.139736,get_meal,1,35,10175,door,none,,,0.000000,1.000000,0,none,,7.811698,7.811698,completed,0,7,clear,17.000000
7,1106,3448093748,190,Day 8 01:35,none,,7.811698,7.811698,completed,0.020000,0.337658,0.190008,0.820583,0.041667,0.340000,0.448275,0.220000,0.046000,10,1,1,1,0,0,0,1,1,1,1,1,0,0,1,0,1,0.190146,0.000000,0.185208,0.000000,0.000000,0.000000,0.239479,0.000000,0.212302,0.000000,0.000000,0.000000,0.000000,0.000000,0.000000,0.172866,use_computer,1,30,10205,computer,none,,,0.000000,1.000000,0,none,,7.811698,7.811698,completed,0,7,clear,17.000000
7,1106,3448093748,191,Day 8 02:05,none,,7.811698,7.811698,completed,0.000000,0.451433,0.190008,0.810583,0.066667,0.360000,0.448275,0.300000,0.028000,10,1,1,1,0,0,0,1,1,1,1,1,0,0,1,0,1,0.164971,0.000000,0.000000,0.000000,0.000000,0.000000,0.234734,0.251991,0.193180,0.000000,0.000000,0.000000,0.000000,0.000000,0.000000,0.155124,sleep_at_bed,1,480,10685,bed,none,alarm-rings,,0.000000,1.000000,0,none,,7.811698,7.811698,completed,0,7,clear,17.000000
7,1106,3448093748,192,Day 8 10:05,none,,7.811698,7.811698,completed,0.110000,0.087799,0.190008,0.730583,0.466667,0.680000,0.482058,0.000000,0.000000,11,1,1,1,0,0,0,1,1,1,1,1,0,1,1,0,1,0.139470,0.000000,0.131151,0.000000,0.000000,0.000000,0.128111,0.000000,0.173089,0.149055,0.000000,0.000000,0.164493,0.000000,0.000000,0.114631,get_meal,1,35,10720,door,none,,,0.000000,1.000000,0,none,,7.811698,7.811698,completed,0,7,clear,17.000000
7,1106,3448093748,193,Day 8 10:40,none,,7.811698,7.811698,completed,0.081667,0.101799,0.190008,0.829500,0.000000,0.703333,0.482058,0.000000,0.000000,11,1,1,1,0,0,0,1,1,1,1,1,0,1,1,0,1,0.161609,0.000000,0.152690,0.000000,0.000000,0.000000,0.151629,0.000000,0.206370,0.000000,0.000000,0.000000,0.193277,0.000000,0.000000,0.134425,rest_at_bed,1,60,10780,bed,none,message-study-group,,0.000000,1.000000,0,none,,7.811698,7.811698,completed,0,8,clear,17.000000
7,1106,3448093748,194,Day 8 11:40,none,,7.811698,7.811698,completed,0.141667,0.000000,0.190008,0.859500,0.050000,0.743333,0.482058,0.000000,0.000000,11,1,1,1,0,0,0,1,1,1,1,1,0,1,1,0,1,0.194031,0.000000,0.180406,0.000000,0.000000,0.000000,0.000000,0.000000,0.245192,0.000000,0.000000,0.000000,0.223958,0.000000,0.000000,0.156413,idle,1,10,10790,,none,,,0.000000,1.000000,0,none,,7.811698,7.811698,completed,0,8,clear,17.000000
7,1106,3448093748,195,Day 8 11:50,none,,7.811698,7.811698,completed,0.265000,0.004000,0.190008,0.806167,0.058333,0.750000,0.482058,0.000000,0.000000,11,1,1,1,0,0,0,1,1,1,1,1,0,1,1,0,1,0.200883,0.000000,0.183954,0.000000,0.000000,0.000000,0.000000,0.000000,0.241211,0.000000,0.000000,0.000000,0.219404,0.000000,0.000000,0.154549,go_to_bathroom,1,15,10805,door,none,,,0.000000,1.000000,0,none,,7.811698,7.811698,completed,0,8,clear,17.000000
7,1106,3448093748,196,Day 8 12:05,none,,7.811698,7.811698,completed,0.270000,0.010000,0.190008,0.871750,0.070833,0.140000,0.482058,0.000000,0.000000,11,1,1,1,0,0,0,1,1,1,1,1,0,1,1,0,1,0.264960,0.000000,0.242599,0.000000,0.000000,0.000000,0.000000,0.000000,0.000000,0.000000,0.000000,0.000000,0.288882,0.000000,0.000000,0.203559,use_phone,1,25,10830,phone,none,,,0.000000,1.000000,0,none,,7.811698,7.811698,completed,0,8,clear,17.000000
7,1106,3448093748,197,Day 8 12:30,none,,7.811698,7.811698,completed,0.058333,0.102108,0.190008,0.903417,0.091667,0.156667,0.482058,0.095000,0.085000,11,1,1,1,0,0,0,1,1,1,1,1,0,1,1,0,1,0.167446,0.000000,0.158885,0.000000,0.000000,0.000000,0.167387,0.000000,0.156529,0.000000,0.000000,0.000000,0.206419,0.000000,0.000000,0.143334,idle,1,10,10840,,none,,,0.000000,1.000000,0,none,,7.811698,7.811698,completed,0,8,clear,17.000000
7,1106,3448093748,198,Day 8 12:40,none,,7.811698,7.811698,completed,0.181667,0.106108,0.190008,0.850084,0.100000,0.163333,0.482058,0.085000,0.079000,11,1,1,1,0,0,0,1,1,1,1,1,0,1,1,0,1,0.174132,0.000000,0.162709,0.000000,0.000000,0.000000,0.164145,0.000000,0.154352,0.000000,0.000000,0.000000,0.202701,0.000000,0.000000,0.141961,turn_off_alarm,1,1,10841,alarm,none,,,0.000000,1.000000,0,none,,7.811698,7.811698,completed,0,8,clear,17.000000
7,1106,3448093748,199,Day 8 12:41,none,,7.811698,7.811698,completed,0.182000,0.106508,0.190008,0.879750,0.100833,0.164000,0.462058,0.084000,0.078400,10,1,1,1,0,0,0,1,1,1,1,1,0,0,1,0,1,0.218369,0.000000,0.204041,0.000000,0.000000,0.000000,0.206035,0.000000,0.193583,0.000000,0.000000,0.000000,0.000000,0.000000,0.000000,0.177972,use_computer,1,30,10871,computer,none,,,0.000000,1.000000,0,none,,7.811698,7.811698,completed,0,8,clear,17.000000
7,1106,3448093748,200,Day 8 13:11,none,,7.811698,7.811698,completed,0.032000,0.220283,0.190008,0.869750,0.125833,0.184000,0.462058,0.164000,0.060400,10,1,1,1,0,0,0,1,1,1,1,1,0,0,1,0,1,0.201440,0.000000,0.193857,0.000000,0.000000,0.000000,0.227680,0.000000,0.198588,0.000000,0.000000,0.000000,0.000000,0.000000,0.000000,0.178436,use_phone,1,25,10896,phone,none,weather-clear,,0.000000,1.000000,0,none,,7.811698,7.811698,completed,0,8,clear,17.000000
7,1106,3448093748,201,Day 8 13:36,none,,7.811698,7.811698,completed,0.000000,0.312391,0.190008,0.901417,0.146667,0.200667,0.462058,0.259000,0.145400,10,1,1,1,0,0,0,1,1,1,1,1,0,0,1,0,1,0.190070,0.194459,0.000000,0.000000,0.000000,0.000000,0.242867,0.000000,0.197435,0.000000,0.000000,0.000000,0.000000,0.000000,0.000000,0.175169,shop_on_phone,0,0,10896,phone,resource_insufficient,,,0.000000,1.000000,0,none,,7.811698,7.811698,completed,0,8,clear,17.000000
7,1106,3448093748,202,Day 8 13:36,none,,7.811698,7.811698,completed,0.000000,0.312391,0.190008,0.871417,0.146667,0.200667,0.492058,0.259000,0.145400,10,1,1,1,0,0,0,1,1,1,1,1,0,0,1,0,1,0.190166,0.194558,0.000000,0.000000,0.000000,0.000000,0.242484,0.000000,0.197534,0.000000,0.000000,0.000000,0.000000,0.000000,0.000000,0.175258,go_to_bathroom,1,15,10911,door,none,,,0.000000,1.000000,0,none,,7.811698,7.811698,completed,0,8,clear,17.000000
7,1106,3448093748,203,Day 8 13:51,none,,7.811698,7.811698,completed,0.005000,0.318391,0.190008,0.937000,0.159167,0.000000,0.492058,0.244000,0.136400,10,1,1,1,0,0,0,1,1,1,1,1,0,0,1,0,1,0.192389,0.194762,0.000000,0.000000,0.000000,0.000000,0.243620,0.000000,0.000000,0.192722,0.000000,0.000000,0.000000,0.000000,0.000000,0.176506,rest_at_bed,1,60,10971,bed,none,,,0.000000,1.000000,0,none,,7.811698,7.811698,completed,0,8,clear,17.000000
7,1106,3448093748,204,Day 8 14:51,none,,7.811698,7.811698,completed,0.065000,0.040979,0.190008,0.967000,0.209167,0.040000,0.492058,0.044000,0.100400,10,1,1,1,0,0,0,1,1,1,1,1,0,0,1,0,1,0.214700,0.000000,0.202377,0.000000,0.000000,0.000000,0.200344,0.000000,0.000000,0.202117,0.000000,0.000000,0.000000,0.000000,0.000000,0.180462,idle,1,10,10981,,none,,,0.000000,1.000000,0,none,,7.811698,7.811698,completed,0,8,clear,17.000000
7,1106,3448093748,205,Day 8 15:01,none,,7.811698,7.811698,completed,0.188333,0.044979,0.190008,0.913667,0.217500,0.046667,0.492058,0.034000,0.094400,10,1,1,1,0,0,0,1,1,1,1,1,0,0,1,0,1,0.222123,0.000000,0.206180,0.000000,0.000000,0.000000,0.195452,0.000000,0.000000,0.198431,0.000000,0.000000,0.000000,0.000000,0.000000,0.177814,idle,1,10,10991,,none,,,0.000000,1.000000,0,none,,7.811698,7.811698,completed,0,8,clear,17.000000
7,1106,3448093748,206,Day 8 15:11,none,,7.811698,7.811698,completed,0.311667,0.048979,0.190008,0.860334,0.225833,0.053333,0.492058,0.024000,0.088400,10,1,1,1,0,0,0,1,1,1,1,1,0,0,1,0,1,0.229676,0.000000,0.209940,0.000000,0.000000,0.000000,0.190573,0.000000,0.000000,0.194704,0.000000,0.000000,0.000000,0.000000,0.000000,0.175107,idle,1,10,11001,,none,,,0.000000,1.000000,0,none,,7.811698,7.811698,completed,0,8,clear,17.000000
7,1106,3448093748,207,Day 8 15:21,none,,7.811698,7.811698,completed,0.435000,0.052979,0.190008,0.807000,0.234167,0.060000,0.492058,0.014000,0.082400,10,1,1,1,0,0,0,1,1,1,1,1,0,0,1,0,1,0.237353,0.000000,0.213648,0.000000,0.000000,0.000000,0.185713,0.000000,0.000000,0.190941,0.000000,0.000000,0.000000,0.000000,0.000000,0.172345,use_computer,1,30,11031,computer,none,,,0.000000,1.000000,0,none,,7.811698,7.811698,completed,0,8,clear,17.000000
7,1106,3448093748,208,Day 8 15:51,none,,7.811698,7.811698,completed,0.285000,0.166754,0.190008,0.797000,0.259167,0.080000,0.492058,0.094000,0.064400,10,1,1,1,0,0,0,1,1,1,1,1,0,0,1,0,1,0.219769,0.000000,0.203744,0.000000,0.000000,0.000000,0.205990,0.000000,0.000000,0.197057,0.000000,0.000000,0.000000,0.000000,0.000000,0.173440,rest_at_bed,1,60,11091,bed,none,,,0.000000,1.000000,0,none,,7.811698,7.811698,completed,0,8,clear,17.000000
7,1106,3448093748,209,Day 8 16:51,none,,7.811698,7.811698,completed,0.345000,0.000000,0.190008,0.827000,0.309167,0.120000,0.492058,0.000000,0.028400,10,1,1,1,0,0,0,1,1,1,1,1,0,0,1,0,1,0.283961,0.000000,0.257334,0.000000,0.000000,0.000000,0.000000,0.000000,0.000000,0.246875,0.000000,0.000000,0.000000,0.000000,0.000000,0.211830,get_meal,1,35,11126,door,none,,,0.000000,1.000000,0,none,,7.811698,7.811698,completed,0,8,clear,17.000000
7,1106,3448093748,210,Day 8 17:26,none,,7.811698,7.811698,completed,0.316667,0.014000,0.190008,0.925917,0.000000,0.143333,0.492058,0.000000,0.007400,10,1,1,1,0,0,0,1,1,1,1,1,0,0,1,0,1,0.375164,0.000000,0.341600,0.000000,0.000000,0.000000,0.000000,0.000000,0.000000,0.000000,0.000000,0.000000,0.000000,0.000000,0.000000,0.283236,idle,1,10,11136,,none,evening,,0.000000,1.000000,0,none,,7.811698,7.811698,completed,0,8,clear,17.000000
7,1106,3448093748,211,Day 8 17:36,none,,7.811698,7.811698,completed,0.440000,0.018000,0.190008,0.872584,0.008333,0.150000,0.492058,0.000000,0.001400,10,1,1,1,0,0,0,1,1,1,1,1,0,0,1,0,1,0.295822,0.000000,0.265285,0.000000,0.000000,0.000000,0.000000,0.000000,0.225746,0.000000,0.000000,0.000000,0.000000,0.000000,0.000000,0.213146,go_to_bathroom,1,15,11151,door,none,,,0.000000,1.000000,0,none,,7.811698,7.811698,completed,0,8,clear,17.000000
7,1106,3448093748,212,Day 8 17:51,none,,7.811698,7.811698,completed,0.445000,0.024000,0.190008,0.938167,0.020833,0.000000,0.492058,0.000000,0.000000,10,1,1,1,0,0,0,1,1,1,1,1,0,0,1,0,1,0.296238,0.000000,0.265623,0.000000,0.000000,0.000000,0.224992,0.000000,0.000000,0.000000,0.000000,0.000000,0.000000,0.000000,0.000000,0.213146,use_computer,1,30,11181,computer,none,,,0.000000,1.000000,0,none,,7.811698,7.811698,completed,0,8,clear,17.000000
7,1106,3448093748,213,Day 8 18:21,none,,7.811698,7.811698,completed,0.295000,0.137775,0.190008,0.928167,0.045833,0.020000,0.492058,0.080000,0.000000,10,1,1,1,0,0,0,1,1,1,1,1,0,0,1,0,1,0.276599,0.000000,0.255440,0.000000,0.000000,0.000000,0.251657,0.000000,0.000000,0.000000,0.000000,0.000000,0.000000,0.000000,0.000000,0.216304,use_computer,1,30,11211,computer,none,,,0.000000,1.000000,0,none,,7.811698,7.811698,completed,0,8,clear,17.000000
7,1106,3448093748,214,Day 8 18:51,none,,7.811698,7.811698,completed,0.145000,0.251550,0.190008,0.918167,0.070833,0.040000,0.492058,0.160000,0.000000,10,1,1,1,0,0,0,1,1,1,1,1,0,0,1,0,1,0.257003,0.000000,0.244449,0.000000,0.000000,0.000000,0.280109,0.000000,0.000000,0.000000,0.000000,0.000000,0.000000,0.000000,0.000000,0.218439,idle,1,10,11221,,none,,,0.000000,1.000000,0,none,,7.811698,7.811698,completed,0,8,clear,17.000000
7,1106,3448093748,215,Day 8 19:01,none,,7.811698,7.811698,completed,0.268333,0.255550,0.190008,0.864834,0.079167,0.046667,0.492058,0.150000,0.000000,10,1,1,1,0,0,0,1,1,1,1,1,0,0,1,0,1,0.264979,0.000000,0.248192,0.000000,0.000000,0.000000,0.272333,0.000000,0.000000,0.000000,0.000000,0.000000,0.000000,0.000000,0.000000,0.214496,idle,1,10,11231,,none,,,0.000000,1.000000,0,none,,7.811698,7.811698,completed,0,8,clear,17.000000
7,1106,3448093748,216,Day 8 19:11,none,,7.811698,7.811698,completed,0.391667,0.259550,0.190008,0.811501,0.087500,0.053333,0.492058,0.140000,0.000000,10,1,1,1,0,0,0,1,1,1,1,1,0,0,1,0,1,0.273040,0.000000,0.251842,0.000000,0.000000,0.000000,0.264617,0.000000,0.000000,0.000000,0.000000,0.000000,0.000000,0.000000,0.000000,0.210500,use_phone,1,25,11256,phone,none,room-temperature-shift,,0.000000,1.000000,0,none,,7.811698,7.811698,completed,0,8,clear,17.000000
7,1106,3448093748,217,Day 8 19:36,none,,7.811698,7.811698,completed,0.180000,0.351658,0.190008,0.843167,0.108333,0.070000,0.492058,0.235000,0.085000,10,1,1,1,0,0,0,1,1,1,1,1,0,0,1,0,1,0.190612,0.000000,0.182201,0.000000,0.000000,0.000000,0.226453,0.237000,0.000000,0.000000,0.000000,0.000000,0.000000,0.000000,0.000000,0.163734,rest_at_bed,1,60,11316,bed,none,,,0.000000,1.000000,0,none,,7.811698,7.811698,completed,0,8,clear,17.000000
7,1106,3448093748,218,Day 8 20:36,none,,7.811698,7.811698,completed,0.240000,0.074247,0.190008,0.873167,0.158333,0.110000,0.492058,0.035000,0.049000,10,1,1,1,0,0,0,1,1,1,1,1,0,0,1,0,1,0.225638,0.000000,0.208592,0.000000,0.000000,0.000000,0.197539,0.000000,0.000000,0.190658,0.000000,0.000000,0.000000,0.000000,0.000000,0.177572,get_meal,1,35,11351,door,none,,,0.000000,1.000000,0,none,,7.811698,7.811698,completed,0,8,clear,17.000000
7,1106,3448093748,219,Day 8 21:11,none,,7.811698,7.811698,completed,0.211667,0.088247,0.190008,0.972084,0.000000,0.133333,0.492058,0.000000,0.028000,10,1,1,1,0,0,0,1,1,1,1,1,0,0,1,0,1,0.278078,0.000000,0.258166,0.000000,0.000000,0.000000,0.243887,0.000000,0.000000,0.000000,0.000000,0.000000,0.000000,0.000000,0.000000,0.219869,use_phone,1,25,11376,phone,none,,,0.000000,1.000000,0,none,,7.811698,7.811698,completed,0,8,clear,17.000000
7,1106,3448093748,220,Day 8 21:36,none,,7.811698,7.811698,completed,0.000000,0.180354,0.190008,1.000000,0.020833,0.150000,0.492058,0.095000,0.113000,10,1,1,1,0,0,0,1,1,1,1,1,0,0,1,0,1,0.204911,0.000000,0.197150,0.000000,0.000000,0.000000,0.220305,0.000000,0.197113,0.000000,0.000000,0.000000,0.000000,0.000000,0.000000,0.180520,rest_at_bed,1,60,11436,bed,none,,,0.000000,1.000000,0,none,,7.811698,7.811698,completed,0,8,clear,17.000000
7,1106,3448093748,221,Day 8 22:36,none,,7.811698,7.811698,completed,0.060000,0.000000,0.190008,1.000000,0.070833,0.190000,0.492058,0.000000,0.077000,10,1,1,1,0,0,0,1,1,1,1,1,0,0,1,0,1,0.270397,0.000000,0.254014,0.000000,0.000000,0.000000,0.000000,0.000000,0.250719,0.000000,0.000000,0.000000,0.000000,0.000000,0.000000,0.224869,use_phone,1,25,11461,phone,none,,,0.000000,1.000000,0,none,,7.811698,7.811698,completed,0,8,clear,17.000000
7,1106,3448093748,222,Day 8 23:01,none,,7.811698,7.811698,completed,0.000000,0.092108,0.190008,1.000000,0.091667,0.206667,0.492058,0.095000,0.162000,10,1,1,1,0,0,0,1,1,1,1,1,0,0,1,0,1,0.171824,0.168646,0.164107,0.000000,0.000000,0.000000,0.175157,0.000000,0.170001,0.000000,0.000000,0.000000,0.000000,0.000000,0.000000,0.150264,use_computer,1,30,11491,computer,none,,,0.000000,1.000000,0,none,,7.811698,7.811698,completed,0,8,clear,17.000000
7,1106,3448093748,223,Day 8 23:31,none,,7.811698,7.811698,completed,0.000000,0.205883,0.190008,0.990000,0.116667,0.226667,0.492058,0.175000,0.144000,10,1,1,1,0,0,0,1,1,1,1,1,0,0,1,0,1,0.165887,0.165155,0.160122,0.000000,0.000000,0.000000,0.189335,0.000000,0.170591,0.000000,0.000000,0.000000,0.000000,0.000000,0.000000,0.148910,shop_on_phone,0,0,11491,phone,resource_insufficient,,,0.000000,1.000000,0,none,,7.811698,7.811698,completed,0,8,clear,17.000000
7,1106,3448093748,224,Day 8 23:31,none,,7.811698,7.811698,completed,0.000000,0.205883,0.190008,0.960000,0.116667,0.226667,0.522058,0.175000,0.144000,10,1,1,1,0,0,0,1,1,1,1,1,0,0,1,0,1,0.165953,0.165220,0.160185,0.000000,0.000000,0.000000,0.189016,0.000000,0.170658,0.000000,0.000000,0.000000,0.000000,0.000000,0.000000,0.148968,use_phone,1,25,11516,phone,none,,,0.000000,1.000000,0,none,,7.811698,7.811698,completed,0,8,clear,17.000000
7,1106,3448093748,225,Day 8 23:56,none,,7.811698,7.811698,completed,0.000000,0.297991,0.190008,0.991667,0.137500,0.243333,0.522058,0.270000,0.229000,10,1,1,1,0,0,0,1,1,1,1,1,0,0,1,0,1,0.187195,0.202580,0.000000,0.000000,0.000000,0.000000,0.237586,0.000000,0.199930,0.000000,0.000000,0.000000,0.000000,0.000000,0.000000,0.172708,use_phone,1,25,11541,phone,none,,,0.000000,1.000000,0,none,,7.811698,7.811698,completed,0,8,clear,17.000000
7,1106,3448093748,226,Day 9 00:21,none,,7.811698,7.811698,completed,0.000000,0.390098,0.190008,1.000000,0.158333,0.260000,0.522058,0.365000,0.314000,10,1,1,1,0,0,0,1,1,1,1,1,0,0,1,0,1,0.000000,0.163580,0.000000,0.000000,0.000000,0.000000,0.196671,0.209674,0.154251,0.143959,0.000000,0.000000,0.000000,0.000000,0.000000,0.131866,sleep_at_bed,1,480,12021,bed,none,,,0.000000,1.000000,0,none,,7.811698,7.811698,completed,0,8,clear,17.000000
7,1106,3448093748,227,Day 9 08:21,none,,7.811698,7.811698,completed,0.080000,0.026465,0.190008,0.920000,0.558333,0.580000,0.522058,0.000000,0.026000,10,1,1,1,0,0,0,1,1,1,1,1,0,0,1,0,1,0.196863,0.000000,0.184876,0.000000,0.000000,0.000000,0.000000,0.000000,0.231430,0.223999,0.000000,0.000000,0.000000,0.000000,0.000000,0.162831,use_phone,1,25,12046,phone,none,,,0.000000,1.000000,0,none,,7.811698,7.811698,completed,0,8,clear,17.000000
7,1106,3448093748,228,Day 9 08:46,none,,7.811698,7.811698,completed,0.000000,0.118573,0.190008,0.951667,0.579167,0.596667,0.522058,0.095000,0.111000,10,1,1,1,0,0,0,1,1,1,1,1,0,0,1,0,1,0.157220,0.000000,0.150490,0.000000,0.000000,0.000000,0.162510,0.000000,0.199004,0.192980,0.000000,0.000000,0.000000,0.000000,0.000000,0.137796,idle,1,10,12056,,none,,,0.000000,1.000000,0,none,,7.811698,7.811698,completed,0,8,clear,17.000000
7,1106,3448093748,229,Day 9 08:56,none,,7.811698,7.811698,completed,0.123333,0.122573,0.190008,0.898333,0.587500,0.603333,0.522058,0.085000,0.105000,10,1,1,1,0,0,0,1,1,1,1,1,0,0,1,0,1,0.163477,0.000000,0.154093,0.000000,0.000000,0.000000,0.159342,0.000000,0.196212,0.190417,0.000000,0.000000,0.000000,0.000000,0.000000,0.136459,use_computer,1,30,12086,computer,none,,,0.000000,1.000000,0,none,,7.811698,7.811698,completed,0,8,clear,17.000000
7,1106,3448093748,230,Day 9 09:26,none,,7.811698,7.811698,completed,0.000000,0.236348,0.190008,0.888333,0.612500,0.623333,0.522058,0.165000,0.087000,10,1,1,1,0,0,0,1,1,1,1,1,0,0,1,0,1,0.151037,0.000000,0.146137,0.000000,0.000000,0.000000,0.174249,0.000000,0.199189,0.193746,0.000000,0.000000,0.000000,0.000000,0.000000,0.135641,get_meal,1,35,12121,door,none,alarm-rings,,0.000000,1.000000,0,none,,7.811698,7.811698,completed,0,8,clear,17.000000
7,1106,3448093748,231,Day 9 10:01,none,,7.811698,7.811698,completed,0.001667,0.250348,0.190008,0.987250,0.091667,0.646667,0.555842,0.130000,0.066000,11,1,1,1,0,0,0,1,1,1,1,1,0,1,1,0,1,0.150763,0.000000,0.145940,0.000000,0.000000,0.000000,0.171503,0.000000,0.200372,0.000000,0.000000,0.000000,0.196939,0.000000,0.000000,0.134483,turn_off_alarm,1,1,12122,alarm,none,,,0.000000,1.000000,0,none,,7.811698,7.811698,completed,0,8,clear,17.000000
7,1106,3448093748,232,Day 9 10:02,none,,7.811698,7.811698,completed,0.002000,0.250748,0.190008,1.000000,0.092500,0.647333,0.535842,0.129000,0.065400,10,1,1,1,0,0,0,1,1,1,1,1,0,0,1,0,1,0.187704,0.000000,0.181695,0.000000,0.000000,0.000000,0.213724,0.000000,0.249492,0.000000,0.000000,0.000000,0.000000,0.000000,0.000000,0.167385,idle,1,10,12132,,none,,,0.000000,1.000000,0,none,,7.811698,7.811698,completed,0,8,clear,17.000000
7,1106,3448093748,233,Day 9 10:12,none,,7.811698,7.811698,completed,0.125333,0.254748,0.190008,0.946667,0.100833,0.654000,0.535842,0.119000,0.059400,10,1,1,1,0,0,0,1,1,1,1,1,0,0,1,0,1,0.194682,0.000000,0.185576,0.000000,0.000000,0.000000,0.209029,0.000000,0.245371,0.000000,0.000000,0.000000,0.000000,0.000000,0.000000,0.165343,use_computer,1,30,12162,computer,none,,,0.000000,1.000000,0,none,,7.811698,7.811698,completed,0,8,clear,17.000000
7,1106,3448093748,234,Day 9 10:42,none,,7.811698,7.811698,completed,0.000000,0.368523,0.190008,0.936667,0.125833,0.674000,0.535842,0.199000,0.041400,10,1,1,1,0,0,0,1,1,1,1,1,0,0,1,0,1,0.145144,0.000000,0.142055,0.000000,0.000000,0.000000,0.184622,0.194267,0.201188,0.000000,0.000000,0.000000,0.000000,0.000000,0.000000,0.132725,sleep_at_bed,1,380,12542,bed,none,weather-clear|message-study-group|room-temperature-shift,,0.000000,1.000000,0,none,,7.811698,7.811698,completed,0,9,clear,17.000000
7,1106,3448093748,235,Day 9 17:02,none,,7.811698,7.811698,completed,0.046667,0.000000,0.190008,0.890000,0.442500,0.927333,0.535842,0.000000,0.000000,10,1,1,1,0,0,0,1,1,1,1,1,0,0,1,0,1,0.187512,0.000000,0.176448,0.000000,0.000000,0.000000,0.000000,0.000000,0.277512,0.201793,0.000000,0.000000,0.000000,0.000000,0.000000,0.156735,go_to_bathroom,1,15,12557,door,none,,,0.000000,1.000000,0,none,,7.811698,7.811698,completed,0,9,clear,17.000000
7,1106,3448093748,236,Day 9 17:17,none,,7.811698,7.811698,completed,0.051667,0.006000,0.190008,0.955583,0.455000,0.317333,0.535842,0.000000,0.000000,10,1,1,1,0,0,0,1,1,1,1,1,0,0,1,0,1,0.205497,0.000000,0.193346,0.000000,0.000000,0.000000,0.000000,0.000000,0.207232,0.222399,0.000000,0.000000,0.000000,0.000000,0.000000,0.171526,get_meal,1,35,12592,door,none,,,0.000000,1.000000,0,none,,7.811698,7.811698,completed,0,9,clear,17.000000
7,1106,3448093748,237,Day 9 17:52,none,,7.811698,7.811698,completed,0.023333,0.020000,0.190008,1.000000,0.000000,0.340667,0.535842,0.000000,0.000000,10,1,1,1,0,0,0,1,1,1,1,1,0,0,1,0,1,0.261253,0.000000,0.246972,0.000000,0.000000,0.000000,0.000000,0.000000,0.271085,0.000000,0.000000,0.000000,0.000000,0.000000,0.000000,0.220690,use_phone,1,25,12617,phone,none,,,0.000000,1.000000,0,none,,7.811698,7.811698,completed,0,9,clear,17.000000
7,1106,3448093748,238,Day 9 18:17,none,,7.811698,7.811698,completed,0.000000,0.112108,0.190008,1.000000,0.020833,0.357333,0.535842,0.095000,0.085000,10,1,1,1,0,0,0,1,1,1,1,1,0,0,1,0,1,0.202005,0.000000,0.193254,0.000000,0.000000,0.000000,0.207791,0.000000,0.219996,0.000000,0.000000,0.000000,0.000000,0.000000,0.000000,0.176953,use_phone,1,25,12642,phone,none,evening,,0.000000,1.000000,0,none,,7.811698,7.811698,completed,0,9,clear,17.000000
7,1106,3448093748,239,Day 9 18:42,none,,7.811698,7.811698,completed,0.000000,0.204216,0.190008,1.000000,0.041667,0.374000,0.535842,0.190000,0.170000,10,1,1,1,0,0,0,1,1,1,1,1,0,0,1,0,1,0.162370,0.164937,0.156737,0.000000,0.000000,0.000000,0.186115,0.000000,0.183653,0.000000,0.000000,0.000000,0.000000,0.000000,0.000000,0.146187,rest_at_bed,1,60,12702,bed,none,,,0.000000,1.000000,0,none,,7.811698,7.811698,completed,0,9,clear,17.000000
7,1106,3448093748,240,Day 9 19:42,none,,7.811698,7.811698,completed,0.060000,0.000000,0.190008,1.000000,0.091667,0.414000,0.535842,0.000000,0.134000,10,1,1,1,0,0,0,1,1,1,1,1,0,0,1,0,1,0.210402,0.192511,0.197654,0.000000,0.000000,0.000000,0.000000,0.000000,0.224457,0.000000,0.000000,0.000000,0.000000,0.000000,0.000000,0.174975,shop_on_phone,0,0,12702,phone,resource_insufficient,,,0.000000,1.000000,0,none,,7.811698,7.811698,completed,0,9,clear,17.000000
7,1106,3448093748,241,Day 9 19:42,none,,7.811698,7.811698,completed,0.060000,0.000000,0.190008,0.970000,0.091667,0.414000,0.565842,0.000000,0.134000,10,1,1,1,0,0,0,1,1,1,1,1,0,0,1,0,1,0.210402,0.192511,0.197654,0.000000,0.000000,0.000000,0.000000,0.000000,0.224457,0.000000,0.000000,0.000000,0.000000,0.000000,0.000000,0.174975,idle,1,10,12712,,none,,,0.000000,1.000000,0,none,,7.811698,7.811698,completed,0,9,clear,17.000000
7,1106,3448093748,242,Day 9 19:52,none,,7.811698,7.811698,completed,0.183333,0.004000,0.190008,0.916667,0.100000,0.420667,0.565842,0.000000,0.128000,10,1,1,1,0,0,0,1,1,1,1,1,0,0,1,0,1,0.217403,0.188527,0.201144,0.000000,0.000000,0.000000,0.000000,0.000000,0.220378,0.000000,0.000000,0.000000,0.000000,0.000000,0.000000,0.172549,use_computer,1,30,12742,computer,none,,,0.000000,1.000000,0,none,,7.811698,7.811698,completed,0,9,clear,17.000000
7,1106,3448093748,243,Day 9 20:22,none,,7.811698,7.811698,completed,0.033333,0.117775,0.190008,0.906667,0.125000,0.440667,0.565842,0.080000,0.110000,10,1,1,1,0,0,0,1,1,1,1,1,0,0,1,0,1,0.202057,0.000000,0.192544,0.000000,0.000000,0.000000,0.203322,0.000000,0.227777,0.000000,0.000000,0.000000,0.000000,0.000000,0.000000,0.174301,rest_at_bed,1,60,12802,bed,none,,,0.000000,1.000000,0,none,,7.811698,7.811698,completed,0,9,clear,17.000000
7,1106,3448093748,244,Day 9 21:22,none,,7.811698,7.811698,completed,0.093333,0.000000,0.190008,0.936667,0.175000,0.480667,0.565842,0.000000,0.074000,10,1,1,1,0,0,0,1,1,1,1,1,0,0,1,0,1,0.210449,0.000000,0.196869,0.000000,0.000000,0.000000,0.000000,0.000000,0.230585,0.189293,0.000000,0.000000,0.000000,0.000000,0.000000,0.172804,go_to_bathroom,1,15,12817,door,none,,,0.000000,1.000000,0,none,,7.811698,7.811698,completed,0,9,clear,17.000000
7,1106,3448093748,245,Day 9 21:37,none,,7.811698,7.811698,completed,0.098333,0.006000,0.190008,1.000000,0.187500,0.000000,0.565842,0.000000,0.065000,10,1,1,1,0,0,0,1,1,1,1,1,0,0,1,0,1,0.273234,0.000000,0.255568,0.000000,0.000000,0.000000,0.000000,0.000000,0.000000,0.247157,0.000000,0.000000,0.000000,0.000000,0.000000,0.224042,idle,1,10,12827,,none,,,0.000000,1.000000,0,none,,7.811698,7.811698,completed,0,9,clear,17.000000
7,1106,3448093748,246,Day 9 21:47,none,,7.811698,7.811698,completed,0.221667,0.010000,0.190008,0.946667,0.195833,0.006667,0.565842,0.000000,0.059000,10,1,1,1,0,0,0,1,1,1,1,1,0,0,1,0,1,0.280588,0.000000,0.258480,0.000000,0.000000,0.000000,0.000000,0.000000,0.000000,0.241355,0.000000,0.000000,0.000000,0.000000,0.000000,0.219576,idle,1,10,12837,,none,,,0.000000,1.000000,0,none,,7.811698,7.811698,completed,0,9,clear,17.000000
7,1106,3448093748,247,Day 9 21:57,none,,7.811698,7.811698,completed,0.345000,0.014000,0.190008,0.893333,0.204167,0.013333,0.565842,0.000000,0.053000,10,1,1,1,0,0,0,1,1,1,1,1,0,0,1,0,1,0.288010,0.000000,0.261307,0.000000,0.000000,0.000000,0.000000,0.000000,0.000000,0.235582,0.000000,0.000000,0.000000,0.000000,0.000000,0.215101,get_meal,1,35,12872,door,none,,,0.000000,1.000000,0,none,,7.811698,7.811698,completed,0,9,clear,17.000000
7,1106,3448093748,248,Day 9 22:32,none,,7.811698,7.811698,completed,0.316667,0.028000,0.190008,0.992250,0.000000,0.036667,0.565842,0.000000,0.032000,10,1,1,1,0,0,0,1,1,1,1,1,0,0,1,0,1,0.374891,0.000000,0.341749,0.000000,0.000000,0.000000,0.000000,0.000000,0.000000,0.000000,0.000000,0.000000,0.000000,0.000000,0.000000,0.283360,idle,1,10,12882,,none,,,0.000000,1.000000,0,none,,7.811698,7.811698,completed,0,9,clear,17.000000
7,1106,3448093748,249,Day 9 22:42,none,,7.811698,7.811698,completed,0.440000,0.032000,0.190008,0.938917,0.008333,0.043333,0.565842,0.000000,0.026000,10,1,1,1,0,0,0,1,1,1,1,1,0,0,1,0,1,0.381799,0.000000,0.342786,0.000000,0.000000,0.000000,0.000000,0.000000,0.000000,0.000000,0.000000,0.000000,0.000000,0.000000,0.000000,0.275415,use_phone,1,25,12907,phone,none,,,0.000000,1.000000,0,none,,7.811698,7.811698,completed,0,9,clear,17.000000
7,1106,3448093748,250,Day 9 23:07,none,,7.811698,7.811698,completed,0.228333,0.124108,0.190008,0.970583,0.029167,0.060000,0.565842,0.095000,0.111000,10,1,1,1,0,0,0,1,1,1,1,1,0,0,1,0,1,0.272700,0.000000,0.253730,0.000000,0.000000,0.000000,0.254391,0.000000,0.000000,0.000000,0.000000,0.000000,0.000000,0.000000,0.000000,0.219180,rest_at_bed,1,60,12967,bed,none,,,0.000000,1.000000,0,none,,7.811698,7.811698,completed,0,9,clear,17.000000
7,1106,3448093748,251,Day 10 00:07,none,,7.811698,7.811698,completed,0.288333,0.000000,0.190008,1.000000,0.079167,0.100000,0.565842,0.000000,0.075000,10,1,1,1,0,0,0,1,1,1,1,1,0,0,1,0,1,0.373830,0.000000,0.341207,0.000000,0.000000,0.000000,0.000000,0.000000,0.000000,0.000000,0.000000,0.000000,0.000000,0.000000,0.000000,0.284963,use_computer,1,30,12997,computer,none,,,0.000000,1.000000,0,none,,7.811698,7.811698,completed,0,9,clear,17.000000
7,1106,3448093748,252,Day 10 00:37,none,,7.811698,7.811698,completed,0.138333,0.113775,0.190008,0.990000,0.104167,0.120000,0.565842,0.080000,0.057000,10,1,1,1,0,0,0,1,1,1,1,1,0,0,1,0,1,0.268385,0.000000,0.252298,0.000000,0.000000,0.000000,0.256962,0.000000,0.000000,0.000000,0.000000,0.000000,0.000000,0.000000,0.000000,0.222356,use_computer,1,30,13027,computer,none,,,0.000000,1.000000,0,none,,7.811698,7.811698,completed,0,9,clear,17.000000
7,1106,3448093748,253,Day 10 01:07,none,,7.811698,7.811698,completed,0.000000,0.227550,0.190008,0.980000,0.129167,0.140000,0.565842,0.160000,0.039000,10,1,1,1,0,0,0,1,1,1,1,1,0,0,1,0,1,0.249739,0.000000,0.241443,0.000000,0.000000,0.000000,0.284934,0.000000,0.000000,0.000000,0.000000,0.000000,0.000000,0.000000,0.000000,0.223884,rest_at_bed,1,60,13087,bed,none,,,0.000000,1.000000,0,none,,7.811698,7.811698,completed,0,9,clear,17.000000
7,1106,3448093748,254,Day 10 02:07,none,,7.811698,7.811698,completed,0.060000,0.000000,0.190008,1.000000,0.179167,0.180000,0.565842,0.000000,0.003000,10,1,1,1,0,0,0,1,1,1,1,1,0,0,1,0,1,0.217023,0.000000,0.203874,0.000000,0.000000,0.000000,0.000000,0.000000,0.199973,0.198649,0.000000,0.000000,0.000000,0.000000,0.000000,0.180481,use_phone,1,25,13112,phone,none,,,0.000000,1.000000,0,none,,7.811698,7.811698,completed,0,9,clear,17.000000
7,1106,3448093748,255,Day 10 02:32,none,,7.811698,7.811698,completed,0.000000,0.092108,0.190008,1.000000,0.200000,0.196667,0.565842,0.095000,0.088000,10,1,1,1,0,0,0,1,1,1,1,1,0,0,1,0,1,0.172248,0.000000,0.164512,0.000000,0.000000,0.000000,0.174693,0.000000,0.169357,0.168555,0.000000,0.000000,0.000000,0.000000,0.000000,0.150635,use_computer,1,30,13142,computer,none,,,0.000000,1.000000,0,none,,7.811698,7.811698,completed,0,9,clear,17.000000
7,1106,3448093748,256,Day 10 03:02,none,,7.811698,7.811698,completed,0.000000,0.205883,0.190008,0.990000,0.225000,0.216667,0.565842,0.175000,0.070000,10,1,1,1,0,0,0,1,1,1,1,1,0,0,1,0,1,0.165569,0.000000,0.159814,0.000000,0.000000,0.000000,0.188008,0.000000,0.169201,0.168784,0.000000,0.000000,0.000000,0.000000,0.000000,0.148624,go_to_bathroom,1,15,13157,door,none,,,0.000000,1.000000,0,none,,7.811698,7.811698,completed,0,9,clear,17.000000
