personality_index,scenario_seed,action_seed,step,decision_time,pre_commitment_status,pre_commitment_task_id,pre_task_effort,pre_task_effort_target,pre_task_status,pre_boredom,pre_fatigue,pre_task_pressure,pre_satisfaction,pre_hunger,pre_bathroom_urge,pre_anxiety,pre_screen_strain,pre_purchase_urge,known_action_count,known_use_phone,known_shop_on_phone,known_use_computer,known_study_at_computer,known_study_focused,known_study_halfhearted,known_rest_at_bed,known_sleep_at_bed,known_go_to_bathroom,known_get_meal,known_turn_light_on,known_turn_light_off,known_turn_off_alarm,known_open_curtain,known_close_curtain,known_idle,p_use_phone,p_shop_on_phone,p_use_computer,p_study_at_computer,p_study_focused,p_study_halfhearted,p_rest_at_bed,p_sleep_at_bed,p_go_to_bathroom,p_get_meal,p_turn_light_on,p_turn_light_off,p_turn_off_alarm,p_open_curtain,p_close_curtain,p_idle,chosen_action,accepted,elapsed_minutes,simulation_total_minutes,target_object_id,failure_reason,event_ids,outcome_task_id,outcome_task_effort_gained,outcome_task_settlement_variation,outcome_task_session_interrupted,post_commitment_status,post_commitment_task_id,post_task_effort,post_task_effort_target,post_task_status,post_wallet,post_unread_messages,post_weather,post_temperature_celsius
22,1103,3448085126,1,Day 1 08:00,none,,0.000000,7.513805,active,0.550000,0.150000,0.550000,0.450000,0.250000,0.150000,0.200000,0.050000,0.100000,13,1,1,1,1,1,1,1,1,1,1,0,1,0,0,1,1,0.151812,0.073472,0.115909,0.119039,0.126056,0.113627,0.080626,0.000000,0.073033,0.084442,0.000000,0.000000,0.000000,0.000000,0.000000,0.061985,study_halfhearted,1,35,515,desk,none,,coursework,0.289182,1.055906,0,active,coursework,0.289182,7.513805,active,120,0,clear,23.000000
22,1103,3448085126,2,Day 1 08:35,active,coursework,0.289182,7.513805,active,0.611667,0.244000,0.481811,0.458333,0.279167,0.173333,0.180000,0.015000,0.079000,13,1,1,1,1,1,1,1,1,1,1,0,1,0,0,1,1,0.160740,0.000000,0.122616,0.129211,0.136987,0.136056,0.087264,0.000000,0.075772,0.088337,0.000000,0.000000,0.000000,0.000000,0.000000,0.063017,get_meal,1,35,550,door,none,,,0.000000,1.000000,0,suspended,coursework,0.289182,7.513805,active,120,0,clear,23.000000
22,1103,3448085126,3,Day 1 09:10,suspended,coursework,0.289182,7.513805,active,0.583333,0.258000,0.481811,0.588999,0.000000,0.196667,0.180000,0.000000,0.058000,13,1,1,1,1,1,1,1,1,1,1,0,1,0,0,1,1,0.173128,0.000000,0.133279,0.141544,0.152830,0.147305,0.096466,0.000000,0.086353,0.000000,0.000000,0.000000,0.000000,0.000000,0.000000,0.069097,idle,1,10,560,,none,,,0.000000,1.000000,0,suspended,coursework,0.289182,7.513805,active,120,0,clear,23.000000
22,1103,3448085126,4,Day 1 09:20,suspended,coursework,0.289182,7.513805,active,0.706667,0.262000,0.603983,0.535666,0.008333,0.203333,0.222744,0.000000,0.052000,13,1,1,1,1,1,1,1,1,1,1,0,1,0,0,1,1,0.171036,0.000000,0.127684,0.152720,0.163671,0.161232,0.085096,0.000000,0.077070,0.000000,0.000000,0.000000,0.000000,0.000000,0.000000,0.061490,study_halfhearted,1,35,595,desk,none,,coursework,0.295354,1.078443,0,active,coursework,0.584536,7.513805,active,120,0,clear,23.000000
22,1103,3448085126,5,Day 1 09:55,active,coursework,0.584536,7.513805,active,0.768333,0.356000,0.535794,0.543999,0.037500,0.226667,0.207051,0.000000,0.031000,13,1,1,1,1,1,1,1,1,1,1,0,1,0,0,1,1,0.183664,0.000000,0.137121,0.136559,0.146522,0.152420,0.097080,0.000000,0.082295,0.000000,0.000000,0.000000,0.000000,0.000000,0.000000,0.064339,rest_at_bed,1,60,655,bed,none,message-study-group,,0.000000,1.000000,0,suspended,coursework,0.584536,7.513805,active,120,1,clear,23.000000
22,1103,3448085126,6,Day 1 10:55,suspended,coursework,0.584536,7.513805,active,0.828333,0.103184,0.687966,0.573999,0.087500,0.266667,0.299795,0.000000,0.000000,13,1,1,1,1,1,1,1,1,1,1,0,1,0,0,1,1,0.174209,0.000000,0.122769,0.166794,0.179716,0.162917,0.063274,0.000000,0.075178,0.000000,0.000000,0.000000,0.000000,0.000000,0.000000,0.055144,study_at_computer,1,35,690,computer,none,,coursework,0.741936,1.061638,0,active,coursework,1.326471,7.513805,active,120,1,clear,23.000000
22,1103,3448085126,7,Day 1 11:30,active,coursework,1.326471,7.513805,active,0.860000,0.228903,0.560112,0.642333,0.116667,0.290000,0.260803,0.045000,0.000000,13,1,1,1,1,1,1,1,1,1,1,0,1,0,0,1,1,0.187430,0.000000,0.133989,0.140946,0.153324,0.157215,0.081504,0.000000,0.084679,0.000000,0.000000,0.000000,0.000000,0.000000,0.000000,0.060913,study_at_computer,1,35,725,computer,none,,coursework,0.643025,0.920106,0,active,coursework,1.969496,7.513805,active,120,1,clear,23.000000
22,1103,3448085126,8,Day 1 12:05,active,coursework,1.969496,7.513805,active,0.891667,0.354621,0.432259,0.710666,0.145833,0.313333,0.211609,0.090000,0.000000,13,1,1,1,1,1,1,1,1,1,1,0,1,0,0,1,1,0.172838,0.000000,0.125337,0.101793,0.111796,0.129828,0.090111,0.000000,0.081750,0.063622,0.000000,0.065254,0.000000,0.000000,0.000000,0.057671,study_focused,1,35,760,desk,none,,coursework,0.494331,1.082988,0,active,coursework,2.463827,7.513805,active,120,1,clear,23.000000
22,1103,3448085126,9,Day 1 12:40,active,coursework,2.463827,7.513805,active,0.923333,0.478621,0.304405,0.778999,0.175000,0.336667,0.161609,0.055000,0.000000,13,1,1,1,1,1,1,1,1,1,1,0,1,0,0,1,1,0.182890,0.000000,0.134196,0.081581,0.090458,0.118948,0.104325,0.000000,0.087547,0.068699,0.000000,0.070787,0.000000,0.000000,0.000000,0.060569,study_halfhearted,1,35,795,desk,none,room-temperature-shift,coursework,0.257764,0.941189,0,active,coursework,2.721591,7.513805,active,120,1,clear,24.000000
22,1103,3448085126,10,Day 1 13:15,active,coursework,2.721591,7.513805,active,0.985000,0.572621,0.236217,0.787333,0.204167,0.360000,0.141609,0.020000,0.000000,13,1,1,1,1,1,1,1,1,1,1,0,1,0,0,1,1,0.170323,0.000000,0.124863,0.062267,0.069123,0.100151,0.099313,0.112183,0.079891,0.063212,0.000000,0.064513,0.000000,0.000000,0.000000,0.054161,rest_at_bed,1,60,855,bed,none,task-deadline,,0.000000,1.000000,0,suspended,coursework,2.721591,7.513805,active,120,1,clear,24.000000
22,1103,3448085126,11,Day 1 14:15,suspended,coursework,2.721591,7.513805,active,1.000000,0.319805,0.308388,0.817333,0.254167,0.400000,0.184353,0.000000,0.000000,13,1,1,1,1,1,1,1,1,1,1,0,1,0,0,1,1,0.209855,0.000000,0.146808,0.088921,0.099127,0.130182,0.086257,0.000000,0.097936,0.078597,0.000000,0.000000,0.000000,0.000000,0.000000,0.062318,use_phone,1,25,880,phone,none,,,0.000000,1.000000,0,suspended,coursework,2.721591,7.513805,active,120,1,clear,24.000000
22,1103,3448085126,12,Day 1 14:40,suspended,coursework,2.721591,7.513805,active,0.788333,0.413434,0.420559,0.848999,0.275000,0.416667,0.227097,0.095000,0.085000,13,1,1,1,1,1,1,1,1,1,1,0,1,0,0,1,1,0.146097,0.060744,0.109864,0.092429,0.103496,0.118692,0.090190,0.000000,0.089565,0.072305,0.000000,0.063148,0.000000,0.000000,0.000000,0.053470,idle,1,10,890,,none,,,0.000000,1.000000,0,suspended,coursework,2.721591,7.513805,active,120,1,clear,24.000000
22,1103,3448085126,13,Day 1 14:50,suspended,coursework,2.721591,7.513805,active,0.911667,0.417434,0.542731,0.795666,0.283333,0.423333,0.269840,0.085000,0.079000,13,1,1,1,1,1,1,1,1,1,1,0,1,0,0,1,1,0.149132,0.055412,0.108722,0.102612,0.114044,0.133672,0.081291,0.000000,0.082250,0.066556,0.000000,0.057346,0.000000,0.000000,0.000000,0.048961,use_phone,1,25,915,phone,none,task-reminder,,0.000000,1.000000,0,suspended,coursework,2.721591,7.513805,active,120,1,clear,24.000000
22,1103,3448085126,14,Day 1 15:15,suspended,coursework,2.721591,7.513805,active,0.700000,0.511062,0.794902,0.827333,0.304167,0.440000,0.440974,0.180000,0.164000,13,1,1,1,1,1,1,1,1,1,1,0,1,0,0,1,1,0.095815,0.050106,0.075086,0.126717,0.141459,0.129235,0.077045,0.089451,0.069417,0.056505,0.000000,0.050848,0.000000,0.000000,0.000000,0.038316,study_focused,1,35,950,desk,none,,coursework,0.488119,1.069378,0,active,coursework,3.209709,7.513805,active,120,1,clear,24.000000
22,1103,3448085126,15,Day 1 15:50,active,coursework,3.209709,7.513805,active,0.731667,0.635062,0.667048,0.895666,0.333333,0.463333,0.410514,0.145000,0.143000,13,1,1,1,1,1,1,1,1,1,1,0,1,0,0,1,1,0.103133,0.051421,0.081779,0.103872,0.117070,0.106517,0.090487,0.110991,0.075620,0.062066,0.000000,0.056109,0.000000,0.000000,0.000000,0.040934,shop_on_phone,1,20,970,phone,none,weather-clear,,0.000000,1.000000,0,active,coursework,3.209709,7.513805,active,90,1,clear,24.000000
22,1103,3448085126,16,Day 1 16:10,active,coursework,3.209709,7.513805,active,0.738333,0.645354,0.739220,0.988999,0.350000,0.476667,0.458595,0.205000,0.000000,13,1,1,1,1,1,1,1,1,1,1,0,1,0,0,1,1,0.101128,0.000000,0.080326,0.117437,0.134098,0.114431,0.094865,0.118503,0.077226,0.063684,0.000000,0.057527,0.000000,0.000000,0.000000,0.040774,use_phone,1,25,995,phone,none,,,0.000000,1.000000,0,active,coursework,3.209709,7.513805,active,90,1,clear,24.000000
22,1103,3448085126,17,Day 1 16:35,active,coursework,3.209709,7.513805,active,0.526667,0.738983,0.851391,1.000000,0.370833,0.493333,0.512122,0.300000,0.085000,13,1,1,1,1,1,1,1,1,1,1,0,1,0,0,1,1,0.071324,0.000000,0.060898,0.124040,0.141857,0.101520,0.100336,0.133745,0.071548,0.059352,0.000000,0.055994,0.000000,0.000000,0.043944,0.035443,rest_at_bed,1,60,1055,bed,none,,,0.000000,1.000000,0,suspended,coursework,3.209709,7.513805,active,90,1,clear,24.000000
22,1103,3448085126,18,Day 1 17:35,suspended,coursework,3.209709,7.513805,active,0.586667,0.486167,0.923562,1.000000,0.420833,0.533333,0.596090,0.100000,0.049000,13,1,1,1,1,1,1,1,1,1,1,0,1,0,0,1,1,0.088199,0.000000,0.070686,0.160075,0.183066,0.121352,0.068245,0.079287,0.078353,0.065924,0.000000,0.048153,0.000000,0.000000,0.000000,0.036660,study_focused,1,35,1090,desk,none,,coursework,0.492980,1.080029,0,active,coursework,3.702690,7.513805,active,90,1,clear,24.000000
22,1103,3448085126,19,Day 1 18:10,active,coursework,3.702690,7.513805,active,0.618333,0.610167,0.795709,1.000000,0.450000,0.556667,0.575896,0.065000,0.028000,13,1,1,1,1,1,1,1,1,1,1,0,1,0,0,1,1,0.095307,0.000000,0.077287,0.132107,0.151081,0.114062,0.080349,0.098764,0.085688,0.072695,0.000000,0.053343,0.000000,0.000000,0.000000,0.039318,use_computer,1,30,1120,computer,none,,,0.000000,1.000000,0,active,coursework,3.702690,7.513805,active,90,1,clear,24.000000
22,1103,3448085126,20,Day 1 18:40,active,coursework,3.702690,7.513805,active,0.468333,0.725222,0.887880,0.990000,0.475000,0.576667,0.635444,0.145000,0.010000,13,1,1,1,1,1,1,1,1,1,1,0,1,0,0,1,1,0.074444,0.000000,0.064086,0.140456,0.160405,0.106882,0.089741,0.118909,0.083316,0.071185,0.000000,0.054515,0.000000,0.000000,0.000000,0.036061,study_at_computer,1,35,1155,computer,none,,coursework,0.665694,0.952543,0,active,coursework,4.368383,7.513805,active,90,1,clear,24.000000
22,1103,3448085126,21,Day 1 19:15,active,coursework,4.368383,7.513805,active,0.500000,0.850941,0.760027,1.000000,0.504167,0.600000,0.612402,0.190000,0.000000,13,1,1,1,1,1,1,1,1,1,1,0,1,0,0,1,1,0.071804,0.000000,0.062703,0.106880,0.122232,0.092692,0.103400,0.146244,0.084131,0.072478,0.000000,0.057229,0.000000,0.000000,0.044496,0.035710,study_focused,1,35,1190,desk,none,evening,coursework,0.423528,0.927871,0,active,coursework,4.791911,7.513805,active,90,1,clear,24.000000
22,1103,3448085126,22,Day 1 19:50,active,coursework,4.791911,7.513805,active,0.531667,0.974941,0.632173,1.000000,0.533333,0.623333,0.579160,0.155000,0.000000,13,1,1,1,1,1,1,1,1,1,1,0,1,0,0,1,1,0.074082,0.000000,0.065459,0.083911,0.095963,0.083018,0.116447,0.173932,0.087847,0.076308,0.000000,0.060531,0.000000,0.000000,0.045934,0.036568,sleep_at_bed,1,480,1670,bed,none,,,0.000000,1.000000,0,suspended,coursework,4.791911,7.513805,active,90,1,clear,24.000000
22,1103,3448085126,23,Day 2 03:50,suspended,coursework,4.791911,7.513805,active,0.611667,0.643547,0.734345,0.920000,0.933333,0.943333,0.711821,0.000000,0.000000,13,1,1,1,1,1,1,1,1,1,1,0,1,0,0,1,1,0.092815,0.000000,0.075681,0.094545,0.106922,0.083977,0.074800,0.094660,0.145889,0.141951,0.000000,0.050904,0.000000,0.000000,0.000000,0.037857,sleep_at_bed,1,480,2150,bed,none,alarm-rings,,0.000000,1.000000,0,suspended,coursework,4.791911,7.513805,active,90,1,clear,24.000000
22,1103,3448085126,24,Day 2 11:50,suspended,coursework,4.791911,7.513805,active,0.721667,0.312153,0.836516,0.840000,1.000000,1.000000,1.000000,0.000000,0.000000,14,1,1,1,1,1,1,1,1,1,1,0,1,1,0,1,1,0.100154,0.000000,0.075113,0.124483,0.139211,0.103058,0.046866,0.000000,0.146563,0.144611,0.000000,0.000000,0.084740,0.000000,0.000000,0.035201,study_at_computer,1,35,2185,computer,none,,coursework,0.632636,0.905241,0,active,coursework,5.424547,7.513805,active,90,1,clear,24.000000
22,1103,3448085126,25,Day 2 12:25,active,coursework,5.424547,7.513805,active,0.753333,0.437871,0.708662,0.908333,1.000000,1.000000,0.972861,0.045000,0.000000,14,1,1,1,1,1,1,1,1,1,1,0,1,1,0,1,1,0.094137,0.000000,0.071617,0.115331,0.130216,0.104400,0.052651,0.000000,0.139309,0.137454,0.000000,0.041128,0.079785,0.000000,0.000000,0.033970,turn_off_alarm,1,1,2186,alarm,none,,,0.000000,1.000000,0,active,coursework,5.424547,7.513805,active,90,1,clear,24.000000
22,1103,3448085126,26,Day 2 12:26,active,coursework,5.424547,7.513805,active,0.753667,0.438271,0.708662,0.938000,1.000000,1.000000,0.953222,0.044000,0.000000,13,1,1,1,1,1,1,1,1,1,1,0,1,0,0,1,1,0.102468,0.000000,0.077952,0.124750,0.141436,0.113234,0.057415,0.000000,0.151538,0.149520,0.000000,0.044733,0.000000,0.000000,0.000000,0.036954,idle,1,10,2196,,none,,,0.000000,1.000000,0,active,coursework,5.424547,7.513805,active,90,1,clear,24.000000
22,1103,3448085126,27,Day 2 12:36,active,coursework,5.424547,7.513805,active,0.877000,0.442271,0.830834,0.884667,1.000000,1.000000,0.999583,0.034000,0.000000,13,1,1,1,1,1,1,1,1,1,1,0,1,0,0,1,1,0.104737,0.000000,0.077245,0.138820,0.156218,0.122516,0.051793,0.000000,0.137975,0.136137,0.000000,0.040678,0.000000,0.000000,0.000000,0.033882,get_meal,1,35,2231,door,none,,,0.000000,1.000000,0,suspended,coursework,5.424547,7.513805,active,90,1,clear,24.000000
22,1103,3448085126,28,Day 2 13:11,suspended,coursework,5.424547,7.513805,active,0.848667,0.456271,0.830834,1.000000,0.479167,1.000000,1.000000,0.000000,0.000000,13,1,1,1,1,1,1,1,1,1,1,0,1,0,0,1,1,0.122964,0.000000,0.091472,0.131482,0.150367,0.114681,0.061092,0.000000,0.164245,0.075297,0.000000,0.048225,0.000000,0.000000,0.000000,0.040174,use_computer,1,30,2261,computer,none,task-reminder,,0.000000,1.000000,0,suspended,coursework,5.424547,7.513805,active,90,1,clear,24.000000
22,1103,3448085126,29,Day 2 13:41,suspended,coursework,5.424547,7.513805,active,0.698667,0.571327,0.923005,0.990000,0.504167,1.000000,1.000000,0.080000,0.000000,13,1,1,1,1,1,1,1,1,1,1,0,1,0,0,1,1,0.091539,0.000000,0.072287,0.131028,0.149639,0.105833,0.065575,0.083994,0.147747,0.070272,0.000000,0.046971,0.000000,0.000000,0.000000,0.035115,use_computer,1,30,2291,computer,none,,,0.000000,1.000000,0,suspended,coursework,5.424547,7.513805,active,90,1,clear,24.000000
22,1103,3448085126,30,Day 2 14:11,suspended,coursework,5.424547,7.513805,active,0.548667,0.686383,1.000000,0.980000,0.529167,1.000000,1.000000,0.160000,0.000000,13,1,1,1,1,1,1,1,1,1,1,0,1,0,0,1,1,0.072771,0.000000,0.061004,0.136205,0.155333,0.102960,0.075165,0.102923,0.141929,0.070035,0.000000,0.048855,0.000000,0.000000,0.000000,0.032820,study_halfhearted,1,35,2326,desk,none,room-temperature-shift,coursework,0.264618,0.966215,0,active,coursework,5.689165,7.513805,active,90,1,clear,17.000000
22,1103,3448085126,31,Day 2 14:46,active,coursework,5.689165,7.513805,active,0.610333,0.820383,0.931811,0.928333,0.558333,1.000000,1.000000,0.125000,0.000000,13,1,1,1,1,1,1,1,1,1,1,0,1,0,0,1,1,0.068578,0.000000,0.057824,0.131364,0.148734,0.101203,0.075805,0.110691,0.127448,0.065648,0.000000,0.046223,0.000000,0.000000,0.036586,0.029897,study_at_computer,1,35,2361,computer,none,,coursework,0.666077,0.953091,0,active,coursework,6.355242,7.513805,active,90,1,clear,17.000000
22,1103,3448085126,32,Day 2 15:21,active,coursework,6.355242,7.513805,active,0.642000,0.946101,0.803958,0.996667,0.587500,1.000000,0.980464,0.170000,0.000000,13,1,1,1,1,1,1,1,1,1,1,0,1,0,0,1,1,0.069285,0.000000,0.059261,0.104809,0.119807,0.091983,0.091444,0.142599,0.130212,0.070013,0.000000,0.050828,0.000000,0.000000,0.038747,0.031012,rest_at_bed,1,60,2421,bed,none,weather-clear,,0.000000,1.000000,0,suspended,coursework,6.355242,7.513805,active,90,1,clear,17.000000
22,1103,3448085126,33,Day 2 16:21,suspended,coursework,6.355242,7.513805,active,0.702000,0.693285,0.876129,1.000000,0.637500,1.000000,1.000000,0.000000,0.000000,13,1,1,1,1,1,1,1,1,1,1,0,1,0,0,1,1,0.093352,0.000000,0.075011,0.117179,0.134010,0.096033,0.070716,0.095553,0.148262,0.085806,0.000000,0.048687,0.000000,0.000000,0.000000,0.035393,study_focused,1,35,2456,desk,none,,coursework,0.456516,1.000142,0,active,coursework,6.811757,7.513805,active,90,1,clear,17.000000
22,1103,3448085126,34,Day 2 16:56,active,coursework,6.811757,7.513805,active,0.733667,0.817285,0.748276,1.000000,0.666667,1.000000,0.976021,0.000000,0.000000,13,1,1,1,1,1,1,1,1,1,1,0,1,0,0,1,1,0.090065,0.000000,0.073299,0.109483,0.125209,0.102238,0.077346,0.110922,0.141906,0.085729,0.000000,0.049409,0.000000,0.000000,0.000000,0.034393,get_meal,1,35,2491,door,none,,,0.000000,1.000000,0,suspended,coursework,6.811757,7.513805,active,90,1,clear,17.000000
22,1103,3448085126,35,Day 2 17:31,suspended,coursework,6.811757,7.513805,active,0.705333,0.831285,0.748276,1.000000,0.145833,1.000000,0.991841,0.000000,0.000000,13,1,1,1,1,1,1,1,1,1,1,0,1,0,0,1,1,0.098941,0.000000,0.081297,0.098849,0.113046,0.091050,0.088488,0.128088,0.160335,0.045005,0.000000,0.056196,0.000000,0.000000,0.000000,0.038706,use_phone,1,25,2516,phone,none,message-study-group,,0.000000,1.000000,0,suspended,coursework,6.811757,7.513805,active,90,2,clear,17.000000
22,1103,3448085126,36,Day 2 17:56,suspended,coursework,6.811757,7.513805,active,0.493667,0.924914,0.940447,1.000000,0.166667,1.000000,1.000000,0.095000,0.085000,13,1,1,1,1,1,1,1,1,1,1,0,1,0,0,1,1,0.067932,0.000000,0.060001,0.113584,0.129899,0.087175,0.091692,0.140733,0.141075,0.040832,0.000000,0.053248,0.000000,0.000000,0.041295,0.032534,study_focused,1,35,2551,desk,none,,coursework,0.460358,1.008560,0,active,coursework,7.272115,7.513805,active,90,2,clear,17.000000
22,1103,3448085126,37,Day 2 18:31,active,coursework,7.272115,7.513805,active,0.525333,1.000000,0.812594,1.000000,0.195833,1.000000,0.981153,0.060000,0.064000,13,1,1,1,1,1,1,1,1,1,1,0,1,0,0,1,1,0.067886,0.000000,0.060174,0.109445,0.125165,0.090907,0.094049,0.149010,0.136694,0.041299,0.000000,0.052871,0.000000,0.000000,0.040493,0.032005,idle,1,10,2561,,none,,,0.000000,1.000000,0,active,coursework,7.272115,7.513805,active,90,2,clear,17.000000
22,1103,3448085126,38,Day 2 18:41,active,coursework,7.272115,7.513805,active,0.648667,1.000000,0.934765,0.946667,0.204167,1.000000,1.000000,0.050000,0.058000,13,1,1,1,1,1,1,1,1,1,1,0,1,0,0,1,1,0.070742,0.000000,0.060750,0.123300,0.139962,0.099852,0.086405,0.137116,0.126799,0.038783,0.000000,0.048890,0.000000,0.000000,0.037505,0.029897,study_halfhearted,1,35,2596,desk,none,task-completed,coursework,0.298858,1.091237,0,none,,7.513805,7.513805,completed,90,2,clear,17.000000
22,1103,3448085126,39,Day 2 19:16,none,,7.513805,7.513805,completed,0.710333,1.000000,0.142073,1.000000,0.233333,1.000000,0.460700,0.015000,0.037000,10,1,1,1,0,0,0,1,1,1,1,0,1,0,0,1,1,0.116911,0.000000,0.098737,0.000000,0.000000,0.000000,0.139997,0.205264,0.195239,0.062335,0.000000,0.074453,0.000000,0.000000,0.057437,0.049627,use_computer,1,30,2626,computer,none,,,0.000000,1.000000,0,none,,7.513805,7.513805,completed,90,2,clear,17.000000
22,1103,3448085126,40,Day 2 19:46,none,,7.513805,7.513805,completed,0.560333,1.000000,0.142073,0.990000,0.258333,1.000000,0.460700,0.095000,0.019000,10,1,1,1,0,0,0,1,1,1,1,0,1,0,0,1,1,0.099099,0.000000,0.087147,0.000000,0.000000,0.000000,0.148746,0.219930,0.196152,0.064973,0.000000,0.076709,0.000000,0.000000,0.058421,0.048824,use_computer,1,30,2656,computer,none,,,0.000000,1.000000,0,none,,7.513805,7.513805,completed,90,2,clear,17.000000
22,1103,3448085126,41,Day 2 20:16,none,,7.513805,7.513805,completed,0.410333,1.000000,0.142073,0.980000,0.283333,1.000000,0.460700,0.175000,0.001000,10,1,1,1,0,0,0,1,1,1,1,0,1,0,0,1,1,0.083509,0.000000,0.076467,0.000000,0.000000,0.000000,0.157118,0.234266,0.195916,0.067327,0.000000,0.078570,0.000000,0.000000,0.059073,0.047753,sleep_at_bed,1,480,3136,bed,none,evening,,0.000000,1.000000,0,none,,7.513805,7.513805,completed,90,2,clear,17.000000
22,1103,3448085126,42,Day 3 04:16,none,,7.513805,7.513805,completed,0.490333,0.668606,0.142073,0.900000,0.683333,1.000000,0.460700,0.000000,0.000000,10,1,1,1,0,0,0,1,1,1,1,0,1,0,0,1,1,0.122043,0.000000,0.103067,0.000000,0.000000,0.000000,0.117276,0.145123,0.233994,0.144872,0.000000,0.075949,0.000000,0.000000,0.000000,0.057676,sleep_at_bed,1,480,3616,bed,none,alarm-rings,,0.000000,1.000000,0,none,,7.513805,7.513805,completed,90,2,clear,17.000000
22,1103,3448085126,43,Day 3 12:16,none,,7.513805,7.513805,completed,0.600333,0.337212,0.142073,0.820000,1.000000,1.000000,0.514895,0.000000,0.000000,11,1,1,1,0,0,0,1,1,1,1,0,1,1,0,1,1,0.146525,0.000000,0.113815,0.000000,0.000000,0.000000,0.084474,0.000000,0.240440,0.237238,0.000000,0.000000,0.117325,0.000000,0.000000,0.060184,rest_at_bed,1,60,3676,bed,none,message-study-group,,0.000000,1.000000,0,none,,7.513805,7.513805,completed,90,3,clear,17.000000
22,1103,3448085126,44,Day 3 13:16,none,,7.513805,7.513805,completed,0.660333,0.084396,0.142073,0.850000,1.000000,1.000000,0.514895,0.000000,0.000000,11,1,1,1,0,0,0,1,1,1,1,0,1,1,0,1,1,0.172577,0.000000,0.126534,0.000000,0.000000,0.000000,0.000000,0.000000,0.257013,0.253590,0.000000,0.000000,0.125412,0.000000,0.000000,0.064874,idle,1,10,3686,,none,,,0.000000,1.000000,0,none,,7.513805,7.513805,completed,90,3,clear,17.000000
22,1103,3448085126,45,Day 3 13:26,none,,7.513805,7.513805,completed,0.783667,0.088396,0.142073,0.796667,1.000000,1.000000,0.514895,0.000000,0.000000,11,1,1,1,0,0,0,1,1,1,1,0,1,1,0,1,1,0.186923,0.000000,0.132905,0.000000,0.000000,0.000000,0.000000,0.000000,0.249015,0.245699,0.000000,0.000000,0.121509,0.000000,0.000000,0.063949,use_computer,1,30,3716,computer,none,,,0.000000,1.000000,0,none,,7.513805,7.513805,completed,90,3,clear,17.000000
22,1103,3448085126,46,Day 3 13:56,none,,7.513805,7.513805,completed,0.633667,0.203451,0.142073,0.786667,1.000000,1.000000,0.514895,0.080000,0.000000,11,1,1,1,0,0,0,1,1,1,1,0,1,1,0,1,1,0.150083,0.000000,0.113280,0.000000,0.000000,0.000000,0.078013,0.000000,0.241598,0.238380,0.000000,0.000000,0.117890,0.000000,0.000000,0.060756,get_meal,1,35,3751,door,none,,,0.000000,1.000000,0,none,,7.513805,7.513805,completed,90,3,clear,17.000000
22,1103,3448085126,47,Day 3 14:31,none,,7.513805,7.513805,completed,0.605333,0.217451,0.142073,0.917333,0.479167,1.000000,0.514895,0.045000,0.000000,11,1,1,1,0,0,0,1,1,1,1,0,1,1,0,1,1,0.170438,0.000000,0.129753,0.000000,0.000000,0.000000,0.088915,0.000000,0.278073,0.127481,0.000000,0.000000,0.135688,0.000000,0.000000,0.069652,use_phone,1,25,3776,phone,none,,,0.000000,1.000000,0,none,,7.513805,7.513805,completed,90,3,clear,17.000000
22,1103,3448085126,48,Day 3 14:56,none,,7.513805,7.513805,completed,0.393667,0.311080,0.142073,0.948999,0.500000,1.000000,0.514895,0.140000,0.085000,11,1,1,1,0,0,0,1,1,1,1,0,1,1,0,1,1,0.138611,0.000000,0.113431,0.000000,0.000000,0.000000,0.109257,0.000000,0.289811,0.136999,0.000000,0.000000,0.141416,0.000000,0.000000,0.070474,rest_at_bed,1,60,3836,bed,none,weather-rain|room-temperature-shift,,0.000000,1.000000,0,none,,7.513805,7.513805,completed,90,3,rain,24.000000
22,1103,3448085126,49,Day 3 15:56,none,,7.513805,7.513805,completed,0.453667,0.058264,0.142073,0.978999,0.550000,1.000000,0.514895,0.000000,0.049000,11,1,1,1,0,0,0,1,1,1,1,0,1,1,0,1,1,0.172981,0.000000,0.133097,0.000000,0.000000,0.000000,0.000000,0.000000,0.309510,0.157484,0.000000,0.000000,0.151029,0.000000,0.000000,0.075899,use_computer,1,30,3866,computer,none,,,0.000000,1.000000,0,none,,7.513805,7.513805,completed,90,3,rain,24.000000
22,1103,3448085126,50,Day 3 16:26,none,,7.513805,7.513805,completed,0.303667,0.173319,0.142073,0.968999,0.575000,1.000000,0.514895,0.080000,0.031000,11,1,1,1,0,0,0,1,1,1,1,0,1,1,0,1,1,0.135669,0.000000,0.110814,0.000000,0.000000,0.000000,0.091770,0.000000,0.293331,0.154845,0.000000,0.000000,0.143134,0.000000,0.000000,0.070438,turn_off_alarm,1,1,3867,alarm,none,,,0.000000,1.000000,0,none,,7.513805,7.513805,completed,90,3,rain,24.000000
22,1103,3448085126,51,Day 3 16:27,none,,7.513805,7.513805,completed,0.304000,0.173719,0.142073,0.998666,0.575833,1.000000,0.494895,0.079000,0.030400,10,1,1,1,0,0,0,1,1,1,1,0,1,0,0,1,1,0.158328,0.000000,0.129316,0.000000,0.000000,0.000000,0.107297,0.000000,0.342098,0.180810,0.000000,0.000000,0.000000,0.000000,0.000000,0.082152,idle,1,10,3877,,none,,,0.000000,1.000000,0,none,,7.513805,7.513805,completed,90,3,rain,24.000000
22,1103,3448085126,52,Day 3 16:37,none,,7.513805,7.513805,completed,0.427333,0.177719,0.142073,0.945333,0.584167,1.000000,0.494895,0.069000,0.024400,10,1,1,1,0,0,0,1,1,1,1,0,1,0,0,1,1,0.171865,0.000000,0.136086,0.000000,0.000000,0.000000,0.103459,0.000000,0.330785,0.176988,0.000000,0.000000,0.000000,0.000000,0.000000,0.080818,go_to_bathroom,1,15,3892,door,none,,,0.000000,1.000000,0,none,,7.513805,7.513805,completed,90,3,rain,24.000000
22,1103,3448085126,53,Day 3 16:52,none,,7.513805,7.513805,completed,0.432333,0.183719,0.142073,1.000000,0.596667,0.390000,0.494895,0.054000,0.015400,10,1,1,1,0,0,0,1,1,1,1,0,1,0,0,1,1,0.214602,0.000000,0.169810,0.000000,0.000000,0.000000,0.127386,0.000000,0.165306,0.222900,0.000000,0.000000,0.000000,0.000000,0.000000,0.099997,rest_at_bed,1,60,3952,bed,none,,,0.000000,1.000000,0,none,,7.513805,7.513805,completed,90,3,rain,24.000000
22,1103,3448085126,54,Day 3 17:52,none,,7.513805,7.513805,completed,0.492333,0.000000,0.142073,1.000000,0.646667,0.430000,0.494895,0.000000,0.000000,10,1,1,1,0,0,0,1,1,1,1,0,1,0,0,1,1,0.255530,0.000000,0.192792,0.000000,0.000000,0.000000,0.000000,0.000000,0.187486,0.256418,0.000000,0.000000,0.000000,0.000000,0.000000,0.107774,use_computer,1,30,3982,computer,none,,,0.000000,1.000000,0,none,,7.513805,7.513805,completed,90,3,rain,24.000000
22,1103,3448085126,55,Day 3 18:22,none,,7.513805,7.513805,completed,0.342333,0.115056,0.142073,0.990000,0.671667,0.450000,0.494895,0.080000,0.000000,10,1,1,1,0,0,0,1,1,1,1,0,1,0,0,1,1,0.196797,0.000000,0.157619,0.000000,0.000000,0.000000,0.120057,0.000000,0.179740,0.247572,0.000000,0.000000,0.000000,0.000000,0.000000,0.098215,get_meal,1,35,4017,door,none,,,0.000000,1.000000,0,none,,7.513805,7.513805,completed,90,3,rain,24.000000
22,1103,3448085126,56,Day 3 18:57,none,,7.513805,7.513805,completed,0.314000,0.129056,0.142073,1.000000,0.150833,0.473333,0.494895,0.045000,0.000000,10,1,1,1,0,0,0,1,1,1,1,0,1,0,0,1,1,0.223482,0.000000,0.180535,0.000000,0.000000,0.000000,0.136833,0.000000,0.214165,0.132393,0.000000,0.000000,0.000000,0.000000,0.000000,0.112592,use_phone,1,25,4042,phone,none,,,0.000000,1.000000,0,none,,7.513805,7.513805,completed,90,3,rain,24.000000
22,1103,3448085126,57,Day 3 19:22,none,,7.513805,7.513805,completed,0.102333,0.222684,0.142073,1.000000,0.171667,0.490000,0.494895,0.140000,0.085000,10,1,1,1,0,0,0,1,1,1,1,0,1,0,0,1,1,0.183085,0.000000,0.158984,0.000000,0.000000,0.000000,0.169372,0.000000,0.230478,0.143323,0.000000,0.000000,0.000000,0.000000,0.000000,0.114758,rest_at_bed,1,60,4102,bed,none,evening,,0.000000,1.000000,0,none,,7.513805,7.513805,completed,90,3,rain,24.000000
22,1103,3448085126,58,Day 3 20:22,none,,7.513805,7.513805,completed,0.162333,0.000000,0.142073,1.000000,0.221667,0.530000,0.494895,0.000000,0.049000,10,1,1,1,0,0,0,1,1,1,1,0,1,0,0,1,1,0.235958,0.000000,0.193628,0.000000,0.000000,0.000000,0.000000,0.000000,0.271125,0.171007,0.000000,0.000000,0.000000,0.000000,0.000000,0.128283,use_phone,1,25,4127,phone,none,,,0.000000,1.000000,0,none,,7.513805,7.513805,completed,90,3,rain,24.000000
22,1103,3448085126,59,Day 3 20:47,none,,7.513805,7.513805,completed,0.000000,0.093629,0.142073,1.000000,0.242500,0.546667,0.494895,0.095000,0.134000,10,1,1,1,0,0,0,1,1,1,1,0,1,0,0,1,1,0.153658,0.123183,0.133850,0.000000,0.000000,0.000000,0.126787,0.000000,0.221760,0.140699,0.000000,0.000000,0.000000,0.000000,0.000000,0.100062,use_computer,1,30,4157,computer,none,,,0.000000,1.000000,0,none,,7.513805,7.513805,completed,90,3,rain,24.000000
22,1103,3448085126,60,Day 3 21:17,none,,7.513805,7.513805,completed,0.000000,0.208684,0.142073,0.990000,0.267500,0.566667,0.494895,0.175000,0.116000,10,1,1,1,0,0,0,1,1,1,1,0,1,0,0,1,1,0.161716,0.000000,0.143938,0.000000,0.000000,0.000000,0.167866,0.000000,0.253482,0.161970,0.000000,0.000000,0.000000,0.000000,0.000000,0.111029,use_phone,1,25,4182,phone,none,,,0.000000,1.000000,0,none,,7.513805,7.513805,completed,90,3,rain,24.000000
22,1103,3448085126,61,Day 3 21:42,none,,7.513805,7.513805,completed,0.000000,0.302313,0.142073,1.000000,0.288333,0.583333,0.494895,0.270000,0.201000,10,1,1,1,0,0,0,1,1,1,1,0,1,0,0,1,1,0.115866,0.113169,0.105040,0.000000,0.000000,0.000000,0.149906,0.000000,0.196806,0.126500,0.000000,0.108617,0.000000,0.000000,0.000000,0.084096,use_phone,1,25,4207,phone,none,,,0.000000,1.000000,0,none,,7.513805,7.513805,completed,90,3,rain,24.000000
22,1103,3448085126,62,Day 3 22:07,none,,7.513805,7.513805,completed,0.000000,0.395941,0.142073,1.000000,0.309167,0.600000,0.494895,0.365000,0.286000,10,1,1,1,0,0,0,1,1,1,1,0,1,0,0,1,1,0.087938,0.101659,0.081200,0.000000,0.000000,0.000000,0.141808,0.159548,0.161864,0.104657,0.000000,0.093852,0.000000,0.000000,0.000000,0.067474,get_meal,1,35,4242,door,none,,,0.000000,1.000000,0,none,,7.513805,7.513805,completed,90,3,rain,24.000000
22,1103,3448085126,63,Day 3 22:42,none,,7.513805,7.513805,completed,0.000000,0.409941,0.142073,1.000000,0.000000,0.623333,0.494895,0.330000,0.265000,10,1,1,1,0,0,0,1,1,1,1,0,1,0,0,1,1,0.099180,0.110132,0.091707,0.000000,0.000000,0.000000,0.156436,0.176610,0.186676,0.000000,0.000000,0.104092,0.000000,0.000000,0.000000,0.075167,go_to_bathroom,1,15,4257,door,none,,,0.000000,1.000000,0,none,,7.513805,7.513805,completed,90,3,rain,24.000000
22,1103,3448085126,64,Day 3 22:57,none,,7.513805,7.513805,completed,0.005000,0.415941,0.142073,1.000000,0.012500,0.013333,0.494895,0.315000,0.256000,10,1,1,1,0,0,0,1,1,1,1,0,1,0,0,1,1,0.123258,0.133979,0.113892,0.000000,0.000000,0.000000,0.191705,0.216745,0.000000,0.000000,0.000000,0.127855,0.000000,0.000000,0.000000,0.092566,turn_light_off,1,1,4258,light,none,,,0.000000,1.000000,0,none,,7.513805,7.513805,completed,90,3,rain,24.000000
22,1103,3448085126,65,Day 3 22:58,none,,7.513805,7.513805,completed,0.005333,0.416341,0.142073,1.000000,0.013333,0.014000,0.494895,0.314000,0.255400,10,1,1,1,0,0,0,1,1,1,1,1,0,0,0,1,1,0.141427,0.153509,0.130674,0.000000,0.000000,0.000000,0.219757,0.248486,0.000000,0.000000,0.000000,0.000000,0.000000,0.000000,0.000000,0.106146,shop_on_phone,1,20,4278,phone,none,,,0.000000,1.000000,0,none,,7.513805,7.513805,completed,60,3,rain,24.000000
22,1103,3448085126,66,Day 3 23:18,none,,7.513805,7.513805,completed,0.012000,0.426633,0.142073,1.000000,0.030000,0.027333,0.494895,0.374000,0.000000,10,1,1,1,0,0,0,1,1,1,1,1,0,0,0,1,1,0.159280,0.000000,0.147422,0.000000,0.000000,0.000000,0.266403,0.304719,0.000000,0.000000,0.000000,0.000000,0.000000,0.000000,0.000000,0.122177,idle,1,10,4288,,none,,,0.000000,1.000000,0,none,,7.513805,7.513805,completed,60,3,rain,24.000000
22,1103,3448085126,67,Day 3 23:28,none,,7.513805,7.513805,completed,0.135333,0.430633,0.142073,0.946667,0.038333,0.034000,0.494895,0.364000,0.000000,10,1,1,1,0,0,0,1,1,1,1,1,0,0,0,1,1,0.173034,0.000000,0.155262,0.000000,0.000000,0.000000,0.257077,0.294339,0.000000,0.000000,0.000000,0.000000,0.000000,0.000000,0.000000,0.120288,sleep_at_bed,1,480,4768,bed,none,,,0.000000,1.000000,0,none,,7.513805,7.513805,completed,60,3,rain,24.000000
22,1103,3448085126,68,Day 4 07:28,none,,7.513805,7.513805,completed,0.215333,0.099239,0.142073,0.866667,0.438333,0.354000,0.494895,0.000000,0.000000,10,1,1,1,0,0,0,1,1,1,1,1,0,0,0,1,1,0.208710,0.000000,0.171811,0.000000,0.000000,0.000000,0.128181,0.000000,0.178924,0.201609,0.000000,0.000000,0.000000,0.000000,0.000000,0.110765,use_computer,1,30,4798,computer,none,,,0.000000,1.000000,0,none,,7.513805,7.513805,completed,60,3,rain,24.000000
22,1103,3448085126,69,Day 4 07:58,none,,7.513805,7.513805,completed,0.065333,0.214294,0.142073,0.856667,0.463333,0.374000,0.494895,0.080000,0.000000,10,1,1,1,0,0,0,1,1,1,1,1,0,0,0,1,1,0.176505,0.000000,0.154245,0.000000,0.000000,0.000000,0.156301,0.000000,0.188358,0.213749,0.000000,0.000000,0.000000,0.000000,0.000000,0.110842,use_computer,1,30,4828,computer,none,,,0.000000,1.000000,0,none,,7.513805,7.513805,completed,60,3,rain,24.000000
22,1103,3448085126,70,Day 4 08:28,none,,7.513805,7.513805,completed,0.000000,0.329350,0.142073,0.846667,0.488333,0.394000,0.494895,0.160000,0.000000,10,1,1,1,0,0,0,1,1,1,1,1,0,0,0,1,1,0.155715,0.000000,0.141373,0.000000,0.000000,0.000000,0.184088,0.000000,0.191524,0.218888,0.000000,0.000000,0.000000,0.000000,0.000000,0.108412,get_meal,1,35,4863,door,none,,,0.000000,1.000000,0,none,,7.513805,7.513805,completed,60,3,rain,24.000000
22,1103,3448085126,71,Day 4 09:03,none,,7.513805,7.513805,completed,0.000000,0.343350,0.142073,0.977333,0.000000,0.417333,0.494895,0.125000,0.000000,10,1,1,1,0,0,0,1,1,1,1,1,0,0,0,1,1,0.199566,0.000000,0.181434,0.000000,0.000000,0.000000,0.230765,0.000000,0.250997,0.000000,0.000000,0.000000,0.000000,0.000000,0.000000,0.137238,go_to_bathroom,1,15,4878,door,none,alarm-rings,,0.000000,1.000000,0,none,,7.513805,7.513805,completed,60,3,rain,24.000000
22,1103,3448085126,72,Day 4 09:18,none,,7.513805,7.513805,completed,0.035000,0.349350,0.142073,1.000000,0.012500,0.000000,0.549090,0.110000,0.000000,11,1,1,1,0,0,0,1,1,1,1,1,0,1,0,1,1,0.196445,0.000000,0.177116,0.000000,0.000000,0.000000,0.216319,0.000000,0.000000,0.000000,0.000000,0.000000,0.279311,0.000000,0.000000,0.130809,turn_off_alarm,1,1,4879,alarm,none,,,0.000000,1.000000,0,none,,7.513805,7.513805,completed,60,3,rain,24.000000
22,1103,3448085126,73,Day 4 09:19,none,,7.513805,7.513805,completed,0.035333,0.349750,0.142073,1.000000,0.013333,0.000667,0.529090,0.109000,0.000000,10,1,1,1,0,0,0,1,1,1,1,1,0,0,0,1,1,0.272461,0.000000,0.245641,0.000000,0.000000,0.000000,0.300583,0.000000,0.000000,0.000000,0.000000,0.000000,0.000000,0.000000,0.000000,0.181315,use_computer,1,30,4909,computer,none,,,0.000000,1.000000,0,none,,7.513805,7.513805,completed,60,3,rain,24.000000
22,1103,3448085126,74,Day 4 09:49,none,,7.513805,7.513805,completed,0.000000,0.464806,0.142073,0.990000,0.038333,0.020667,0.529090,0.189000,0.000000,10,1,1,1,0,0,0,1,1,1,1,1,0,0,0,1,1,0.174497,0.000000,0.162200,0.000000,0.000000,0.000000,0.250087,0.287413,0.000000,0.000000,0.000000,0.000000,0.000000,0.000000,0.000000,0.125803,idle,1,10,4919,,none,,,0.000000,1.000000,0,none,,7.513805,7.513805,completed,60,3,rain,24.000000
22,1103,3448085126,75,Day 4 09:59,none,,7.513805,7.513805,completed,0.123333,0.468806,0.142073,0.936667,0.046667,0.027333,0.529090,0.179000,0.000000,10,1,1,1,0,0,0,1,1,1,1,1,0,0,0,1,1,0.188960,0.000000,0.170281,0.000000,0.000000,0.000000,0.240561,0.276736,0.000000,0.000000,0.000000,0.000000,0.000000,0.000000,0.000000,0.123462,use_phone,1,25,4944,phone,none,,,0.000000,1.000000,0,none,,7.513805,7.513805,completed,60,3,rain,24.000000
22,1103,3448085126,76,Day 4 10:24,none,,7.513805,7.513805,completed,0.000000,0.562434,0.142073,0.968333,0.067500,0.044000,0.529090,0.274000,0.085000,10,1,1,1,0,0,0,1,1,1,1,1,0,0,0,1,1,0.150502,0.000000,0.142546,0.000000,0.000000,0.000000,0.267152,0.325496,0.000000,0.000000,0.000000,0.000000,0.000000,0.000000,0.000000,0.114303,sleep_at_bed,1,480,5424,bed,none,room-temperature-shift|weather-rain|message-study-group,,0.000000,1.000000,0,none,,7.513805,7.513805,completed,60,4,rain,24.000000
22,1103,3448085126,77,Day 4 18:24,none,,7.513805,7.513805,completed,0.080000,0.231040,0.142073,0.888333,0.467500,0.364000,0.529090,0.000000,0.000000,10,1,1,1,0,0,0,1,1,1,1,1,0,0,0,1,1,0.183260,0.000000,0.159642,0.000000,0.000000,0.000000,0.148721,0.000000,0.184371,0.213661,0.000000,0.000000,0.000000,0.000000,0.000000,0.110345,get_meal,1,35,5459,door,none,,,0.000000,1.000000,0,none,,7.513805,7.513805,completed,60,4,rain,24.000000
22,1103,3448085126,78,Day 4 18:59,none,,7.513805,7.513805,completed,0.051667,0.245040,0.142073,1.000000,0.000000,0.387333,0.529090,0.000000,0.000000,10,1,1,1,0,0,0,1,1,1,1,1,0,0,0,1,1,0.226522,0.000000,0.199224,0.000000,0.000000,0.000000,0.191868,0.000000,0.242657,0.000000,0.000000,0.000000,0.000000,0.000000,0.000000,0.139728,go_to_bathroom,1,15,5474,door,none,evening,,0.000000,1.000000,0,none,,7.513805,7.513805,completed,60,4,rain,24.000000
22,1103,3448085126,79,Day 4 19:14,none,,7.513805,7.513805,completed,0.056667,0.251040,0.142073,1.000000,0.012500,0.000000,0.529090,0.000000,0.000000,10,1,1,1,0,0,0,1,1,1,1,1,0,0,0,1,1,0.299069,0.000000,0.262959,0.000000,0.000000,0.000000,0.254016,0.000000,0.000000,0.000000,0.000000,0.000000,0.000000,0.000000,0.000000,0.183955,use_computer,1,30,5504,computer,none,,,0.000000,1.000000,0,none,,7.513805,7.513805,completed,60,4,rain,24.000000
22,1103,3448085126,80,Day 4 19:44,none,,7.513805,7.513805,completed,0.000000,0.366096,0.142073,0.990000,0.037500,0.020000,0.529090,0.080000,0.000000,10,1,1,1,0,0,0,1,1,1,1,1,0,0,0,1,1,0.269260,0.000000,0.245422,0.000000,0.000000,0.000000,0.302922,0.000000,0.000000,0.000000,0.000000,0.000000,0.000000,0.000000,0.000000,0.182396,use_computer,1,30,5534,computer,none,,,0.000000,1.000000,0,none,,7.513805,7.513805,completed,60,4,rain,24.000000
22,1103,3448085126,81,Day 4 20:14,none,,7.513805,7.513805,completed,0.000000,0.481151,0.142073,0.980000,0.062500,0.040000,0.529090,0.160000,0.000000,10,1,1,1,0,0,0,1,1,1,1,1,0,0,0,1,1,0.175565,0.000000,0.163508,0.000000,0.000000,0.000000,0.248477,0.287064,0.000000,0.000000,0.000000,0.000000,0.000000,0.000000,0.000000,0.125386,idle,1,10,5544,,none,,,0.000000,1.000000,0,none,,7.513805,7.513805,completed,60,4,rain,24.000000
22,1103,3448085126,82,Day 4 20:24,none,,7.513805,7.513805,completed,0.123333,0.485151,0.142073,0.926667,0.070833,0.046667,0.529090,0.150000,0.000000,10,1,1,1,0,0,0,1,1,1,1,1,0,0,0,1,1,0.190071,0.000000,0.171614,0.000000,0.000000,0.000000,0.238956,0.276335,0.000000,0.000000,0.000000,0.000000,0.000000,0.000000,0.000000,0.123023,rest_at_bed,1,60,5604,bed,none,,,0.000000,1.000000,0,none,,7.513805,7.513805,completed,60,4,rain,24.000000
22,1103,3448085126,83,Day 4 21:24,none,,7.513805,7.513805,completed,0.183333,0.232335,0.142073,0.956667,0.120833,0.086667,0.529090,0.000000,0.000000,10,1,1,1,0,0,0,1,1,1,1,1,0,0,0,1,1,0.317981,0.000000,0.269867,0.000000,0.000000,0.000000,0.235281,0.000000,0.000000,0.000000,0.000000,0.000000,0.000000,0.000000,0.000000,0.176871,use_computer,1,30,5634,computer,none,,,0.000000,1.000000,0,none,,7.513805,7.513805,completed,60,4,rain,24.000000
22,1103,3448085126,84,Day 4 21:54,none,,7.513805,7.513805,completed,0.033333,0.347391,0.142073,0.946667,0.145833,0.106667,0.529090,0.080000,0.000000,10,1,1,1,0,0,0,1,1,1,1,1,0,0,0,1,1,0.225989,0.000000,0.203602,0.000000,0.000000,0.000000,0.241100,0.000000,0.000000,0.180569,0.000000,0.000000,0.000000,0.000000,0.000000,0.148741,use_computer,1,30,5664,computer,none,,,0.000000,1.000000,0,none,,7.513805,7.513805,completed,60,4,rain,24.000000
22,1103,3448085126,85,Day 4 22:24,none,,7.513805,7.513805,completed,0.000000,0.462446,0.142073,0.936667,0.170833,0.126667,0.529090,0.160000,0.000000,10,1,1,1,0,0,0,1,1,1,1,1,0,0,0,1,1,0.135990,0.000000,0.126254,0.000000,0.000000,0.000000,0.188135,0.215300,0.114995,0.122510,0.000000,0.000000,0.000000,0.000000,0.000000,0.096817,get_meal,1,35,5699,door,none,,,0.000000,1.000000,0,none,,7.513805,7.513805,completed,60,4,rain,24.000000
22,1103,3448085126,86,Day 4 22:59,none,,7.513805,7.513805,completed,0.000000,0.476446,0.142073,1.000000,0.000000,0.150000,0.529090,0.125000,0.000000,10,1,1,1,0,0,0,1,1,1,1,1,0,0,0,1,1,0.156137,0.000000,0.145158,0.000000,0.000000,0.000000,0.211280,0.242616,0.135011,0.000000,0.000000,0.000000,0.000000,0.000000,0.000000,0.109798,go_to_bathroom,1,15,5714,door,none,,,0.000000,1.000000,0,none,,7.513805,7.513805,completed,60,4,rain,24.000000
22,1103,3448085126,87,Day 4 23:14,none,,7.513805,7.513805,completed,0.005000,0.482446,0.142073,1.000000,0.012500,0.000000,0.529090,0.110000,0.000000,10,1,1,1,0,0,0,1,1,1,1,1,0,0,0,1,1,0.181995,0.000000,0.169081,0.000000,0.000000,0.000000,0.242839,0.279266,0.000000,0.000000,0.000000,0.000000,0.000000,0.000000,0.000000,0.126818,use_phone,1,25,5739,phone,none,,,0.000000,1.000000,0,none,,7.513805,7.513805,completed,60,4,rain,24.000000
22,1103,3448085126,88,Day 4 23:39,none,,7.513805,7.513805,completed,0.000000,0.576075,0.142073,1.000000,0.033333,0.016667,0.529090,0.205000,0.085000,10,1,1,1,0,0,0,1,1,1,1,1,0,0,0,1,1,0.156433,0.000000,0.148217,0.000000,0.000000,0.000000,0.261348,0.318322,0.000000,0.000000,0.000000,0.000000,0.000000,0.000000,0.000000,0.115681,idle,1,10,5749,,none,,,0.000000,1.000000,0,none,,7.513805,7.513805,completed,60,4,rain,24.000000
22,1103,3448085126,89,Day 4 23:49,none,,7.513805,7.513805,completed,0.123333,0.580075,0.142073,0.946667,0.041667,0.023333,0.529090,0.195000,0.079000,10,1,1,1,0,0,0,1,1,1,1,1,0,0,0,1,1,0.170008,0.000000,0.156161,0.000000,0.000000,0.000000,0.252297,0.307599,0.000000,0.000000,0.000000,0.000000,0.000000,0.000000,0.000000,0.113936,sleep_at_bed,1,480,6229,bed,none,alarm-rings,,0.000000,1.000000,0,none,,7.513805,7.513805,completed,60,4,rain,24.000000
22,1103,3448085126,90,Day 5 07:49,none,,7.513805,7.513805,completed,0.233333,0.248681,0.142073,0.866667,0.441667,0.343333,0.583285,0.000000,0.000000,11,1,1,1,0,0,0,1,1,1,1,1,0,1,0,1,1,0.165255,0.000000,0.138857,0.000000,0.000000,0.000000,0.118289,0.000000,0.140665,0.161822,0.000000,0.000000,0.186419,0.000000,0.000000,0.088694,get_meal,1,35,6264,door,none,,,0.000000,1.000000,0,none,,7.513805,7.513805,completed,60,4,rain,24.000000
22,1103,3448085126,91,Day 5 08:24,none,,7.513805,7.513805,completed,0.205000,0.262681,0.142073,0.997333,0.000000,0.366667,0.583285,0.000000,0.000000,11,1,1,1,0,0,0,1,1,1,1,1,0,1,0,1,1,0.191871,0.000000,0.162770,0.000000,0.000000,0.000000,0.143346,0.000000,0.173901,0.000000,0.000000,0.000000,0.222615,0.000000,0.000000,0.105496,go_to_bathroom,1,15,6279,door,none,,,0.000000,1.000000,0,none,,7.513805,7.513805,completed,60,4,rain,24.000000
22,1103,3448085126,92,Day 5 08:39,none,,7.513805,7.513805,completed,0.210000,0.268681,0.142073,1.000000,0.012500,0.000000,0.583285,0.000000,0.000000,11,1,1,1,0,0,0,1,1,1,1,1,0,1,0,1,1,0.232468,0.000000,0.197158,0.000000,0.000000,0.000000,0.174155,0.000000,0.000000,0.000000,0.000000,0.000000,0.268764,0.000000,0.000000,0.127455,rest_at_bed,1,60,6339,bed,none,,,0.000000,1.000000,0,none,,7.513805,7.513805,completed,60,4,rain,24.000000
22,1103,3448085126,93,Day 5 09:39,none,,7.513805,7.513805,completed,0.270000,0.015865,0.142073,1.000000,0.062500,0.040000,0.583285,0.000000,0.000000,11,1,1,1,0,0,0,1,1,1,1,1,0,1,0,1,1,0.298366,0.000000,0.238855,0.000000,0.000000,0.000000,0.000000,0.000000,0.000000,0.000000,0.000000,0.000000,0.313064,0.000000,0.000000,0.149715,use_computer,1,30,6369,computer,none,,,0.000000,1.000000,0,none,,7.513805,7.513805,completed,60,4,rain,24.000000
22,1103,3448085126,94,Day 5 10:09,none,,7.513805,7.513805,completed,0.120000,0.130920,0.142073,0.990000,0.087500,0.060000,0.583285,0.080000,0.000000,11,1,1,1,0,0,0,1,1,1,1,1,0,1,0,1,1,0.224044,0.000000,0.190398,0.000000,0.000000,0.000000,0.168467,0.000000,0.000000,0.000000,0.000000,0.000000,0.284064,0.000000,0.000000,0.133026,idle,1,10,6379,,none,,,0.000000,1.000000,0,none,,7.513805,7.513805,completed,60,4,rain,24.000000
22,1103,3448085126,95,Day 5 10:19,none,,7.513805,7.513805,completed,0.243333,0.134920,0.142073,0.936667,0.095833,0.066667,0.583285,0.070000,0.000000,11,1,1,1,0,0,0,1,1,1,1,1,0,1,0,1,1,0.240424,0.000000,0.198080,0.000000,0.000000,0.000000,0.160587,0.000000,0.000000,0.000000,0.000000,0.000000,0.271536,0.000000,0.000000,0.129372,use_phone,1,25,6404,phone,none,,,0.000000,1.000000,0,none,,7.513805,7.513805,completed,60,4,rain,24.000000
22,1103,3448085126,96,Day 5 10:44,none,,7.513805,7.513805,completed,0.031667,0.228549,0.142073,0.968333,0.116667,0.083333,0.583285,0.165000,0.085000,11,1,1,1,0,0,0,1,1,1,1,1,0,1,0,1,1,0.199536,0.000000,0.176713,0.000000,0.000000,0.000000,0.201370,0.000000,0.000000,0.000000,0.000000,0.000000,0.288799,0.000000,0.000000,0.133582,idle,1,10,6414,,none,,,0.000000,1.000000,0,none,,7.513805,7.513805,completed,60,4,rain,24.000000
22,1103,3448085126,97,Day 5 10:54,none,,7.513805,7.513805,completed,0.155000,0.232549,0.142073,0.915000,0.125000,0.090000,0.583285,0.155000,0.079000,11,1,1,1,0,0,0,1,1,1,1,1,0,1,0,1,1,0.186802,0.000000,0.160384,0.000000,0.000000,0.000000,0.167459,0.000000,0.000000,0.131182,0.000000,0.000000,0.240837,0.000000,0.000000,0.113336,idle,1,10,6424,,none,,,0.000000,1.000000,0,none,,7.513805,7.513805,completed,60,4,rain,24.000000
22,1103,3448085126,98,Day 5 11:04,none,,7.513805,7.513805,completed,0.278333,0.236549,0.142073,0.861667,0.133333,0.096667,0.583285,0.145000,0.073000,11,1,1,1,0,0,0,1,1,1,1,1,0,1,0,1,1,0.201604,0.000000,0.167808,0.000000,0.000000,0.000000,0.160538,0.000000,0.000000,0.127669,0.000000,0.000000,0.231530,0.000000,0.000000,0.110852,turn_off_alarm,1,1,6425,alarm,none,,,0.000000,1.000000,0,none,,7.513805,7.513805,completed,60,4,rain,24.000000
22,1103,3448085126,99,Day 5 11:05,none,,7.513805,7.513805,completed,0.278667,0.236949,0.142073,0.891333,0.134167,0.097333,0.563285,0.144000,0.072400,10,1,1,1,0,0,0,1,1,1,1,1,0,0,0,1,1,0.262243,0.000000,0.218272,0.000000,0.000000,0.000000,0.209214,0.000000,0.000000,0.166164,0.000000,0.000000,0.000000,0.000000,0.000000,0.144107,rest_at_bed,1,60,6485,bed,none,,,0.000000,1.000000,0,none,,7.513805,7.513805,completed,60,4,rain,24.000000
22,1103,3448085126,100,Day 5 12:05,none,,7.513805,7.513805,completed,0.338667,0.000000,0.142073,0.921333,0.184167,0.137333,0.563285,0.000000,0.036400,10,1,1,1,0,0,0,1,1,1,1,1,0,0,0,1,1,0.295001,0.000000,0.231452,0.000000,0.000000,0.000000,0.000000,0.000000,0.161164,0.172347,0.000000,0.000000,0.000000,0.000000,0.000000,0.140036,go_to_bathroom,1,15,6500,door,none,,,0.000000,1.000000,0,none,,7.513805,7.513805,completed,60,4,rain,24.000000
22,1103,3448085126,101,Day 5 12:20,none,,7.513805,7.513805,completed,0.343667,0.006000,0.142073,1.000000,0.196667,0.000000,0.563285,0.000000,0.027400,10,1,1,1,0,0,0,1,1,1,1,1,0,0,0,1,1,0.350793,0.000000,0.275151,0.000000,0.000000,0.000000,0.000000,0.000000,0.000000,0.208009,0.000000,0.000000,0.000000,0.000000,0.000000,0.166048,use_computer,1,30,6530,computer,none,room-temperature-shift,,0.000000,1.000000,0,none,,7.513805,7.513805,completed,60,4,rain,24.000000
22,1103,3448085126,102,Day 5 12:50,none,,7.513805,7.513805,completed,0.193667,0.121056,0.142073,0.990000,0.221667,0.020000,0.563285,0.080000,0.009400,10,1,1,1,0,0,0,1,1,1,1,1,0,0,0,1,1,0.260898,0.000000,0.217238,0.000000,0.000000,0.000000,0.181788,0.000000,0.000000,0.193946,0.000000,0.000000,0.000000,0.000000,0.000000,0.146130,use_phone,1,25,6555,phone,none,,,0.000000,1.000000,0,none,,7.513805,7.513805,completed,60,4,rain,24.000000
22,1103,3448085126,103,Day 5 13:15,none,,7.513805,7.513805,completed,0.000000,0.214684,0.142073,1.000000,0.242500,0.036667,0.563285,0.175000,0.094400,10,1,1,1,0,0,0,1,1,1,1,1,0,0,0,1,1,0.218328,0.000000,0.194522,0.000000,0.000000,0.000000,0.226118,0.000000,0.000000,0.210985,0.000000,0.000000,0.000000,0.000000,0.000000,0.150048,use_computer,1,30,6585,computer,none,message-study-group,,0.000000,1.000000,0,none,,7.513805,7.513805,completed,60,5,rain,24.000000
22,1103,3448085126,104,Day 5 13:45,none,,7.513805,7.513805,completed,0.000000,0.329740,0.142073,0.990000,0.267500,0.056667,0.563285,0.255000,0.076400,10,1,1,1,0,0,0,1,1,1,1,1,0,0,0,1,1,0.200204,0.000000,0.182260,0.000000,0.000000,0.000000,0.260850,0.000000,0.000000,0.211622,0.000000,0.000000,0.000000,0.000000,0.000000,0.145064,get_meal,1,35,6620,door,none,,,0.000000,1.000000,0,none,,7.513805,7.513805,completed,60,5,rain,24.000000
22,1103,3448085126,105,Day 5 14:20,none,,7.513805,7.513805,completed,0.000000,0.343740,0.142073,1.000000,0.000000,0.080000,0.563285,0.220000,0.055400,10,1,1,1,0,0,0,1,1,1,1,1,0,0,0,1,1,0.256297,0.000000,0.233646,0.000000,0.000000,0.000000,0.326626,0.000000,0.000000,0.000000,0.000000,0.000000,0.000000,0.000000,0.000000,0.183431,idle,1,10,6630,,none,,,0.000000,1.000000,0,none,,7.513805,7.513805,completed,60,5,rain,24.000000
22,1103,3448085126,106,Day 5 14:30,none,,7.513805,7.513805,completed,0.123333,0.347740,0.142073,0.946667,0.008333,0.086667,0.563285,0.210000,0.049400,10,1,1,1,0,0,0,1,1,1,1,1,0,0,0,1,1,0.272893,0.000000,0.241179,0.000000,0.000000,0.000000,0.308924,0.000000,0.000000,0.000000,0.000000,0.000000,0.000000,0.000000,0.000000,0.177003,use_computer,1,30,6660,computer,none,,,0.000000,1.000000,0,none,,7.513805,7.513805,completed,60,5,rain,24.000000
22,1103,3448085126,107,Day 5 15:00,none,,7.513805,7.513805,completed,0.000000,0.462795,0.142073,0.936667,0.033333,0.106667,0.563285,0.290000,0.031400,10,1,1,1,0,0,0,1,1,1,1,1,0,0,0,1,1,0.163018,0.000000,0.151908,0.000000,0.000000,0.000000,0.259710,0.302789,0.000000,0.000000,0.000000,0.000000,0.000000,0.000000,0.000000,0.122575,use_phone,1,25,6685,phone,none,,,0.000000,1.000000,0,none,,7.513805,7.513805,completed,60,5,rain,24.000000
22,1103,3448085126,108,Day 5 15:25,none,,7.513805,7.513805,completed,0.000000,0.556424,0.142073,0.968333,0.054167,0.123333,0.563285,0.385000,0.116400,10,1,1,1,0,0,0,1,1,1,1,1,0,0,0,1,1,0.123136,0.000000,0.116872,0.000000,0.000000,0.000000,0.244509,0.301921,0.115682,0.000000,0.000000,0.000000,0.000000,0.000000,0.000000,0.097880,use_phone,1,25,6710,phone,none,,,0.000000,1.000000,0,none,,7.513805,7.513805,completed,60,5,rain,24.000000
22,1103,3448085126,109,Day 5 15:50,none,,7.513805,7.513805,completed,0.000000,0.650053,0.142073,1.000000,0.075000,0.140000,0.563285,0.480000,0.201400,10,1,1,1,0,0,0,1,1,1,1,1,0,0,0,1,1,0.085233,0.096435,0.082397,0.000000,0.000000,0.000000,0.210947,0.275879,0.086772,0.000000,0.000000,0.000000,0.000000,0.000000,0.090715,0.071623,rest_at_bed,1,60,6770,bed,none,weather-rain,,0.000000,1.000000,0,none,,7.513805,7.513805,completed,60,5,rain,24.000000
22,1103,3448085126,110,Day 5 16:50,none,,7.513805,7.513805,completed,0.060000,0.397236,0.142073,1.000000,0.125000,0.180000,0.563285,0.280000,0.165400,10,1,1,1,0,0,0,1,1,1,1,1,0,0,0,1,1,0.122255,0.110639,0.110936,0.000000,0.000000,0.000000,0.168389,0.189702,0.110220,0.101405,0.000000,0.000000,0.000000,0.000000,0.000000,0.086453,sleep_at_bed,1,480,7250,bed,none,evening,,0.000000,1.000000,0,none,,7.513805,7.513805,completed,60,5,rain,24.000000
22,1103,3448085126,111,Day 6 00:50,none,,7.513805,7.513805,completed,0.140000,0.065842,0.142073,0.920000,0.525000,0.500000,0.563285,0.000000,0.000000,10,1,1,1,0,0,0,1,1,1,1,1,0,0,0,1,1,0.212934,0.000000,0.177684,0.000000,0.000000,0.000000,0.000000,0.000000,0.241463,0.248839,0.000000,0.000000,0.000000,0.000000,0.000000,0.119081,get_meal,1,35,7285,door,none,,,0.000000,1.000000,0,none,,7.513805,7.513805,completed,60,5,rain,24.000000
22,1103,3448085126,112,Day 6 01:25,none,,7.513805,7.513805,completed,0.111667,0.079842,0.142073,1.000000,0.004167,0.523333,0.563285,0.000000,0.000000,10,1,1,1,0,0,0,1,1,1,1,1,0,0,0,1,1,0.276029,0.000000,0.232547,0.000000,0.000000,0.000000,0.000000,0.000000,0.333286,0.000000,0.000000,0.000000,0.000000,0.000000,0.000000,0.158139,go_to_bathroom,1,15,7300,door,none,,,0.000000,1.000000,0,none,,7.513805,7.513805,completed,60,5,rain,24.000000
22,1103,3448085126,113,Day 6 01:40,none,,7.513805,7.513805,completed,0.116667,0.085842,0.142073,1.000000,0.016667,0.000000,0.563285,0.000000,0.000000,10,1,1,1,0,0,0,1,1,1,1,1,0,0,0,1,1,0.414331,0.000000,0.348969,0.000000,0.000000,0.000000,0.000000,0.000000,0.000000,0.000000,0.000000,0.000000,0.000000,0.000000,0.000000,0.236700,use_phone,1,25,7325,phone,none,,,0.000000,1.000000,0,none,,7.513805,7.513805,completed,60,5,rain,24.000000
22,1103,3448085126,114,Day 6 02:05,none,,7.513805,7.513805,completed,0.000000,0.179471,0.142073,1.000000,0.037500,0.016667,0.563285,0.095000,0.085000,10,1,1,1,0,0,0,1,1,1,1,1,0,0,0,1,1,0.289717,0.000000,0.256032,0.000000,0.000000,0.000000,0.262850,0.000000,0.000000,0.000000,0.000000,0.000000,0.000000,0.000000,0.000000,0.191402,rest_at_bed,1,60,7385,bed,none,,,0.000000,1.000000,0,none,,7.513805,7.513805,completed,60,5,rain,24.000000
22,1103,3448085126,115,Day 6 03:05,none,,7.513805,7.513805,completed,0.060000,0.000000,0.142073,1.000000,0.087500,0.056667,0.563285,0.000000,0.049000,10,1,1,1,0,0,0,1,1,1,1,1,0,0,0,1,1,0.411444,0.000000,0.346544,0.000000,0.000000,0.000000,0.000000,0.000000,0.000000,0.000000,0.000000,0.000000,0.000000,0.000000,0.000000,0.242012,use_computer,1,30,7415,computer,none,,,0.000000,1.000000,0,none,,7.513805,7.513805,completed,60,5,rain,24.000000
22,1103,3448085126,116,Day 6 03:35,none,,7.513805,7.513805,completed,0.000000,0.115056,0.142073,0.990000,0.112500,0.076667,0.563285,0.080000,0.031000,10,1,1,1,0,0,0,1,1,1,1,1,0,0,0,1,1,0.298668,0.000000,0.260994,0.000000,0.000000,0.000000,0.246369,0.000000,0.000000,0.000000,0.000000,0.000000,0.000000,0.000000,0.000000,0.193968,use_phone,1,25,7440,phone,none,,,0.000000,1.000000,0,none,,7.513805,7.513805,completed,60,5,rain,24.000000
22,1103,3448085126,117,Day 6 04:00,none,,7.513805,7.513805,completed,0.000000,0.208684,0.142073,1.000000,0.133333,0.093333,0.563285,0.175000,0.116000,10,1,1,1,0,0,0,1,1,1,1,1,0,0,0,1,1,0.225893,0.000000,0.201059,0.000000,0.000000,0.000000,0.232250,0.000000,0.000000,0.185709,0.000000,0.000000,0.000000,0.000000,0.000000,0.155090,get_meal,1,35,7475,door,none,,,0.000000,1.000000,0,none,,7.513805,7.513805,completed,60,5,rain,24.000000
22,1103,3448085126,118,Day 6 04:35,none,,7.513805,7.513805,completed,0.000000,0.222684,0.142073,1.000000,0.000000,0.116667,0.563285,0.140000,0.095000,10,1,1,1,0,0,0,1,1,1,1,1,0,0,0,1,1,0.279715,0.000000,0.249305,0.000000,0.000000,0.000000,0.281293,0.000000,0.000000,0.000000,0.000000,0.000000,0.000000,0.000000,0.000000,0.189687,use_phone,1,25,7500,phone,none,,,0.000000,1.000000,0,none,,7.513805,7.513805,completed,60,5,rain,24.000000
22,1103,3448085126,119,Day 6 05:00,none,,7.513805,7.513805,completed,0.000000,0.316313,0.142073,1.000000,0.020833,0.133333,0.563285,0.235000,0.180000,10,1,1,1,0,0,0,1,1,1,1,1,0,0,0,1,1,0.176170,0.165282,0.159930,0.000000,0.000000,0.000000,0.220817,0.000000,0.151503,0.000000,0.000000,0.000000,0.000000,0.000000,0.000000,0.126298,use_phone,1,25,7525,phone,none,,,0.000000,1.000000,0,none,,7.513805,7.513805,completed,60,5,rain,24.000000
22,1103,3448085126,120,Day 6 05:25,none,,7.513805,7.513805,completed,0.000000,0.409941,0.142073,1.000000,0.041667,0.150000,0.563285,0.330000,0.265000,10,1,1,1,0,0,0,1,1,1,1,1,0,0,0,1,1,0.123949,0.137636,0.114609,0.000000,0.000000,0.000000,0.193642,0.220716,0.115510,0.000000,0.000000,0.000000,0.000000,0.000000,0.000000,0.093939,idle,1,10,7535,,none,,,0.000000,1.000000,0,none,,7.513805,7.513805,completed,60,5,rain,24.000000
22,1103,3448085126,121,Day 6 05:35,none,,7.513805,7.513805,completed,0.123333,0.413941,0.142073,0.946667,0.050000,0.156667,0.563285,0.320000,0.259000,10,1,1,1,0,0,0,1,1,1,1,1,0,0,0,1,1,0.135409,0.134372,0.121382,0.000000,0.000000,0.000000,0.187912,0.214395,0.113525,0.000000,0.000000,0.000000,0.000000,0.000000,0.000000,0.093005,sleep_at_bed,1,480,8015,bed,none,alarm-rings,,0.000000,1.000000,0,none,,7.513805,7.513805,completed,60,5,rain,24.000000
22,1103,3448085126,122,Day 6 13:35,none,,7.513805,7.513805,completed,0.233333,0.082547,0.142073,0.866667,0.450000,0.476667,0.617479,0.000000,0.000000,11,1,1,1,0,0,0,1,1,1,1,1,0,1,0,1,1,0.184419,0.000000,0.150697,0.000000,0.000000,0.000000,0.000000,0.000000,0.186090,0.177788,0.000000,0.000000,0.204749,0.000000,0.000000,0.096257,idle,1,10,8025,,none,,,0.000000,1.000000,0,none,,7.513805,7.513805,completed,60,5,rain,24.000000
22,1103,3448085126,123,Day 6 13:45,none,,7.513805,7.513805,completed,0.356667,0.086547,0.142073,0.813333,0.458333,0.483333,0.617479,0.000000,0.000000,11,1,1,1,0,0,0,1,1,1,1,1,0,1,0,1,1,0.198209,0.000000,0.157065,0.000000,0.000000,0.000000,0.000000,0.000000,0.180689,0.173037,0.000000,0.000000,0.196848,0.000000,0.000000,0.094153,use_computer,1,30,8055,computer,none,,,0.000000,1.000000,0,none,,7.513805,7.513805,completed,60,5,rain,24.000000
22,1103,3448085126,124,Day 6 14:15,none,,7.513805,7.513805,completed,0.206667,0.201603,0.142073,0.803333,0.483333,0.503333,0.617479,0.080000,0.000000,11,1,1,1,0,0,0,1,1,1,1,1,0,1,0,1,1,0.151830,0.000000,0.127719,0.000000,0.000000,0.000000,0.114445,0.000000,0.172291,0.166169,0.000000,0.000000,0.182206,0.000000,0.000000,0.085340,get_meal,1,35,8090,door,none,,,0.000000,1.000000,0,none,,7.513805,7.513805,completed,60,5,rain,24.000000
22,1103,3448085126,125,Day 6 14:50,none,,7.513805,7.513805,completed,0.178333,0.215603,0.142073,0.933999,0.000000,0.526667,0.617479,0.045000,0.000000,11,1,1,1,0,0,0,1,1,1,1,1,0,1,0,1,1,0.179233,0.000000,0.152071,0.000000,0.000000,0.000000,0.135592,0.000000,0.213404,0.000000,0.000000,0.000000,0.217999,0.000000,0.000000,0.101701,go_to_bathroom,1,15,8105,door,none,,,0.000000,1.000000,0,none,,7.513805,7.513805,completed,60,5,rain,24.000000
22,1103,3448085126,126,Day 6 15:05,none,,7.513805,7.513805,completed,0.183333,0.221603,0.142073,1.000000,0.012500,0.000000,0.617479,0.030000,0.000000,11,1,1,1,0,0,0,1,1,1,1,1,0,1,0,1,1,0.229332,0.000000,0.194444,0.000000,0.000000,0.000000,0.171075,0.000000,0.000000,0.000000,0.000000,0.000000,0.276204,0.000000,0.000000,0.128945,turn_off_alarm,1,1,8106,alarm,none,,,0.000000,1.000000,0,none,,7.513805,7.513805,completed,60,5,rain,24.000000
22,1103,3448085126,127,Day 6 15:06,none,,7.513805,7.513805,completed,0.183667,0.222003,0.142073,1.000000,0.013333,0.000667,0.597479,0.029000,0.000000,10,1,1,1,0,0,0,1,1,1,1,1,0,0,0,1,1,0.316744,0.000000,0.268547,0.000000,0.000000,0.000000,0.236724,0.000000,0.000000,0.000000,0.000000,0.000000,0.000000,0.000000,0.000000,0.177985,idle,1,10,8116,,none,,,0.000000,1.000000,0,none,,7.513805,7.513805,completed,60,5,rain,24.000000
22,1103,3448085126,128,Day 6 15:16,none,,7.513805,7.513805,completed,0.307000,0.226003,0.142073,0.946667,0.021667,0.007333,0.597479,0.019000,0.000000,10,1,1,1,0,0,0,1,1,1,1,1,0,0,0,1,1,0.333882,0.000000,0.274433,0.000000,0.000000,0.000000,0.221655,0.000000,0.000000,0.000000,0.000000,0.000000,0.000000,0.000000,0.000000,0.170031,use_phone,1,25,8141,phone,none,,,0.000000,1.000000,0,none,,7.513805,7.513805,completed,60,5,rain,24.000000
22,1103,3448085126,129,Day 6 15:41,none,,7.513805,7.513805,completed,0.095333,0.319631,0.142073,0.978333,0.042500,0.024000,0.597479,0.114000,0.085000,10,1,1,1,0,0,0,1,1,1,1,1,0,0,0,1,1,0.284077,0.000000,0.250994,0.000000,0.000000,0.000000,0.284945,0.000000,0.000000,0.000000,0.000000,0.000000,0.000000,0.000000,0.000000,0.179984,idle,1,10,8151,,none,,,0.000000,1.000000,0,none,,7.513805,7.513805,completed,60,5,rain,24.000000
22,1103,3448085126,130,Day 6 15:51,none,,7.513805,7.513805,completed,0.218667,0.323631,0.142073,0.925000,0.050833,0.030667,0.597479,0.104000,0.079000,10,1,1,1,0,0,0,1,1,1,1,1,0,0,0,1,1,0.301045,0.000000,0.257865,0.000000,0.000000,0.000000,0.268231,0.000000,0.000000,0.000000,0.000000,0.000000,0.000000,0.000000,0.000000,0.172858,idle,1,10,8161,,none,,,0.000000,1.000000,0,none,,7.513805,7.513805,completed,60,5,rain,24.000000
22,1103,3448085126,131,Day 6 16:01,none,,7.513805,7.513805,completed,0.342000,0.327631,0.142073,0.871667,0.059167,0.037333,0.597479,0.094000,0.073000,10,1,1,1,0,0,0,1,1,1,1,1,0,0,0,1,1,0.318243,0.000000,0.264274,0.000000,0.000000,0.000000,0.251877,0.000000,0.000000,0.000000,0.000000,0.000000,0.000000,0.000000,0.000000,0.165606,use_computer,1,30,8191,computer,none,room-temperature-shift|weather-clear,,0.000000,1.000000,0,none,,7.513805,7.513805,completed,60,5,clear,17.000000
22,1103,3448085126,132,Day 6 16:31,none,,7.513805,7.513805,completed,0.192000,0.482687,0.142073,0.801667,0.084167,0.057333,0.597479,0.174000,0.055000,10,1,1,1,0,0,0,1,1,1,1,1,0,0,0,1,1,0.195845,0.000000,0.173807,0.000000,0.000000,0.000000,0.234642,0.274302,0.000000,0.000000,0.000000,0.000000,0.000000,0.000000,0.000000,0.121404,sleep_at_bed,1,480,8671,bed,none,message-study-group|evening,,0.000000,1.000000,0,none,,7.513805,7.513805,completed,60,6,clear,17.000000
22,1103,3448085126,133,Day 7 00:31,none,,7.513805,7.513805,completed,0.272000,0.151293,0.142073,0.721667,0.484167,0.377333,0.597479,0.000000,0.000000,10,1,1,1,0,0,0,1,1,1,1,1,0,0,0,1,1,0.209025,0.000000,0.171094,0.000000,0.000000,0.000000,0.128051,0.000000,0.177743,0.206955,0.000000,0.000000,0.000000,0.000000,0.000000,0.107132,use_phone,1,25,8696,phone,none,,,0.000000,1.000000,0,none,,7.513805,7.513805,completed,60,6,clear,17.000000
22,1103,3448085126,134,Day 7 00:56,none,,7.513805,7.513805,completed,0.060333,0.244921,0.142073,0.753333,0.505000,0.394000,0.597479,0.095000,0.085000,10,1,1,1,0,0,0,1,1,1,1,1,0,0,0,1,1,0.170402,0.000000,0.149932,0.000000,0.000000,0.000000,0.157724,0.000000,0.190344,0.222941,0.000000,0.000000,0.000000,0.000000,0.000000,0.108657,idle,1,10,8706,,none,,,0.000000,1.000000,0,none,,7.513805,7.513805,completed,60,6,clear,17.000000
22,1103,3448085126,135,Day 7 01:06,none,,7.513805,7.513805,completed,0.183667,0.248921,0.142073,0.700000,0.513333,0.400667,0.597479,0.085000,0.079000,10,1,1,1,0,0,0,1,1,1,1,1,0,0,0,1,1,0.183897,0.000000,0.156866,0.000000,0.000000,0.000000,0.151200,0.000000,0.184802,0.216963,0.000000,0.000000,0.000000,0.000000,0.000000,0.106272,use_computer,1,30,8736,computer,none,,,0.000000,1.000000,0,none,,7.513805,7.513805,completed,60,6,clear,17.000000
22,1103,3448085126,136,Day 7 01:36,none,,7.513805,7.513805,completed,0.033667,0.363977,0.142073,0.690000,0.538333,0.420667,0.597479,0.165000,0.061000,10,1,1,1,0,0,0,1,1,1,1,1,0,0,0,1,1,0.153732,0.000000,0.139208,0.000000,0.000000,0.000000,0.182249,0.000000,0.192308,0.227381,0.000000,0.000000,0.000000,0.000000,0.000000,0.105123,rest_at_bed,1,60,8796,bed,none,,,0.000000,1.000000,0,none,,7.513805,7.513805,completed,60,6,clear,17.000000
22,1103,3448085126,137,Day 7 02:36,none,,7.513805,7.513805,completed,0.093667,0.111161,0.142073,0.720000,0.588333,0.460667,0.597479,0.000000,0.025000,10,1,1,1,0,0,0,1,1,1,1,1,0,0,0,1,1,0.178787,0.000000,0.152113,0.000000,0.000000,0.000000,0.122668,0.000000,0.200989,0.241039,0.000000,0.000000,0.000000,0.000000,0.000000,0.104404,go_to_bathroom,1,15,8811,door,none,,,0.000000,1.000000,0,none,,7.513805,7.513805,completed,60,6,clear,17.000000
22,1103,3448085126,138,Day 7 02:51,none,,7.513805,7.513805,completed,0.098667,0.117161,0.142073,0.817333,0.600833,0.000000,0.597479,0.000000,0.016000,10,1,1,1,0,0,0,1,1,1,1,1,0,0,0,1,1,0.222754,0.000000,0.189470,0.000000,0.000000,0.000000,0.153256,0.000000,0.000000,0.304810,0.000000,0.000000,0.000000,0.000000,0.000000,0.129710,idle,1,10,8821,,none,,,0.000000,1.000000,0,none,,7.513805,7.513805,completed,60,6,clear,17.000000
22,1103,3448085126,139,Day 7 03:01,none,,7.513805,7.513805,completed,0.222000,0.121161,0.142073,0.763999,0.609167,0.006667,0.597479,0.000000,0.010000,10,1,1,1,0,0,0,1,1,1,1,1,0,0,0,1,1,0.237420,0.000000,0.195833,0.000000,0.000000,0.000000,0.146731,0.000000,0.000000,0.294196,0.000000,0.000000,0.000000,0.000000,0.000000,0.125819,use_phone,1,25,8846,phone,none,,,0.000000,1.000000,0,none,,7.513805,7.513805,completed,60,6,clear,17.000000
22,1103,3448085126,140,Day 7 03:26,none,,7.513805,7.513805,completed,0.010333,0.214789,0.142073,0.795666,0.630000,0.023333,0.597479,0.095000,0.095000,10,1,1,1,0,0,0,1,1,1,1,1,0,0,0,1,1,0.195421,0.000000,0.173270,0.000000,0.000000,0.000000,0.182480,0.000000,0.000000,0.319985,0.000000,0.000000,0.000000,0.000000,0.000000,0.128844,use_computer,1,30,8876,computer,none,,,0.000000,1.000000,0,none,,7.513805,7.513805,completed,60,6,clear,17.000000
22,1103,3448085126,141,Day 7 03:56,none,,7.513805,7.513805,completed,0.000000,0.329845,0.142073,0.785666,0.655000,0.043333,0.597479,0.175000,0.077000,10,1,1,1,0,0,0,1,1,1,1,1,0,0,0,1,1,0.178483,0.000000,0.162125,0.000000,0.000000,0.000000,0.211647,0.000000,0.000000,0.322687,0.000000,0.000000,0.000000,0.000000,0.000000,0.125058,rest_at_bed,1,60,8936,bed,none,,,0.000000,1.000000,0,none,,7.513805,7.513805,completed,60,6,clear,17.000000
22,1103,3448085126,142,Day 7 04:56,none,,7.513805,7.513805,completed,0.060000,0.077029,0.142073,0.815666,0.705000,0.083333,0.597479,0.000000,0.041000,10,1,1,1,0,0,0,1,1,1,1,1,0,0,0,1,1,0.244490,0.000000,0.208605,0.000000,0.000000,0.000000,0.000000,0.000000,0.000000,0.401224,0.000000,0.000000,0.000000,0.000000,0.000000,0.145681,use_computer,1,30,8966,computer,none,,,0.000000,1.000000,0,none,,7.513805,7.513805,completed,60,6,clear,17.000000
22,1103,3448085126,143,Day 7 05:26,none,,7.513805,7.513805,completed,0.000000,0.192084,0.142073,0.805666,0.730000,0.103333,0.597479,0.080000,0.023000,10,1,1,1,0,0,0,1,1,1,1,1,0,0,0,1,1,0.187250,0.000000,0.165760,0.000000,0.000000,0.000000,0.168832,0.000000,0.000000,0.354966,0.000000,0.000000,0.000000,0.000000,0.000000,0.123191,rest_at_bed,1,60,9026,bed,none,,,0.000000,1.000000,0,none,,7.513805,7.513805,completed,60,6,clear,17.000000
22,1103,3448085126,144,Day 7 06:26,none,,7.513805,7.513805,completed,0.060000,0.000000,0.142073,0.835666,0.780000,0.143333,0.597479,0.000000,0.000000,10,1,1,1,0,0,0,1,1,1,1,1,0,0,0,1,1,0.202034,0.000000,0.170166,0.000000,0.000000,0.000000,0.000000,0.000000,0.143477,0.365486,0.000000,0.000000,0.000000,0.000000,0.000000,0.118837,use_phone,1,25,9051,phone,none,,,0.000000,1.000000,0,none,,7.513805,7.513805,completed,60,6,clear,17.000000
22,1103,3448085126,145,Day 7 06:51,none,,7.513805,7.513805,completed,0.000000,0.093629,0.142073,0.867333,0.800833,0.160000,0.597479,0.095000,0.085000,10,1,1,1,0,0,0,1,1,1,1,1,0,0,0,1,1,0.160490,0.000000,0.139801,0.000000,0.000000,0.000000,0.130537,0.000000,0.130433,0.334228,0.000000,0.000000,0.000000,0.000000,0.000000,0.104511,use_phone,1,25,9076,phone,none,,,0.000000,1.000000,0,none,,7.513805,7.513805,completed,60,6,clear,17.000000
22,1103,3448085126,146,Day 7 07:16,none,,7.513805,7.513805,completed,0.000000,0.187257,0.142073,0.898999,0.821667,0.176667,0.597479,0.190000,0.170000,10,1,1,1,0,0,0,1,1,1,1,1,0,0,0,1,1,0.131074,0.116528,0.116294,0.000000,0.000000,0.000000,0.132880,0.000000,0.115437,0.297554,0.000000,0.000000,0.000000,0.000000,0.000000,0.090234,use_computer,1,30,9106,computer,none,,,0.000000,1.000000,0,none,,7.513805,7.513805,completed,60,6,clear,17.000000
22,1103,3448085126,147,Day 7 07:46,none,,7.513805,7.513805,completed,0.000000,0.302313,0.142073,0.888999,0.846667,0.196667,0.597479,0.270000,0.152000,10,1,1,1,0,0,0,1,1,1,1,1,0,0,0,1,1,0.121029,0.110759,0.109721,0.000000,0.000000,0.000000,0.154355,0.000000,0.115766,0.300527,0.000000,0.000000,0.000000,0.000000,0.000000,0.087843,use_phone,1,25,9131,phone,none,,,0.000000,1.000000,0,none,,7.513805,7.513805,completed,60,6,clear,17.000000
22,1103,3448085126,148,Day 7 08:11,none,,7.513805,7.513805,completed,0.000000,0.395941,0.142073,0.920666,0.867500,0.213333,0.597479,0.365000,0.237000,10,1,1,1,0,0,0,1,1,1,1,1,0,0,0,1,1,0.091566,0.099180,0.084551,0.000000,0.000000,0.000000,0.145555,0.166130,0.094912,0.247849,0.000000,0.000000,0.000000,0.000000,0.000000,0.070258,use_computer,1,30,9161,computer,none,,,0.000000,1.000000,0,none,,7.513805,7.513805,completed,60,6,clear,17.000000
22,1103,3448085126,149,Day 7 08:41,none,,7.513805,7.513805,completed,0.000000,0.510997,0.142073,0.910666,0.892500,0.233333,0.597479,0.445000,0.219000,10,1,1,1,0,0,0,1,1,1,1,1,0,0,0,1,1,0.080686,0.089963,0.076127,0.000000,0.000000,0.000000,0.161354,0.196873,0.090834,0.238889,0.000000,0.000000,0.000000,0.000000,0.000000,0.065272,use_computer,1,30,9191,computer,none,,,0.000000,1.000000,0,none,,7.513805,7.513805,completed,60,6,clear,17.000000
22,1103,3448085126,150,Day 7 09:11,none,,7.513805,7.513805,completed,0.000000,0.626053,0.142073,0.900666,0.917500,0.253333,0.597479,0.525000,0.201000,10,1,1,1,0,0,0,1,1,1,1,1,0,0,0,1,1,0.069731,0.080034,0.000000,0.000000,0.000000,0.000000,0.175429,0.228817,0.085260,0.225825,0.000000,0.000000,0.000000,0.000000,0.075431,0.059474,shop_on_phone,1,20,9211,phone,none,alarm-rings,,0.000000,1.000000,0,none,,7.513805,7.513805,completed,30,6,clear,17.000000
22,1103,3448085126,151,Day 7 09:31,none,,7.513805,7.513805,completed,0.036667,0.636344,0.142073,0.993999,0.934167,0.266667,0.651674,0.585000,0.000000,11,1,1,1,0,0,0,1,1,1,1,1,0,1,0,1,1,0.064714,0.000000,0.000000,0.000000,0.000000,0.000000,0.169238,0.224998,0.080190,0.213402,0.000000,0.000000,0.121971,0.000000,0.070366,0.055122,rest_at_bed,1,60,9271,bed,none,,,0.000000,1.000000,0,none,,7.513805,7.513805,completed,30,6,clear,17.000000
22,1103,3448085126,152,Day 7 10:31,none,,7.513805,7.513805,completed,0.096667,0.383528,0.142073,1.000000,0.984167,0.306667,0.651674,0.385000,0.000000,11,1,1,1,0,0,0,1,1,1,1,1,0,1,0,1,1,0.087945,0.000000,0.079112,0.000000,0.000000,0.000000,0.127996,0.146584,0.096507,0.260493,0.000000,0.000000,0.138324,0.000000,0.000000,0.063039,turn_off_alarm,1,1,9272,alarm,none,,,0.000000,1.000000,0,none,,7.513805,7.513805,completed,30,6,clear,17.000000
22,1103,3448085126,153,Day 7 10:32,none,,7.513805,7.513805,completed,0.097000,0.383928,0.142073,1.000000,0.985000,0.307333,0.631674,0.384000,0.000000,10,1,1,1,0,0,0,1,1,1,1,1,0,0,0,1,1,0.102032,0.000000,0.091780,0.000000,0.000000,0.000000,0.148776,0.169923,0.112003,0.302393,0.000000,0.000000,0.000000,0.000000,0.000000,0.073093,rest_at_bed,1,60,9332,bed,none,,,0.000000,1.000000,0,none,,7.513805,7.513805,completed,30,6,clear,17.000000
22,1103,3448085126,154,Day 7 11:32,none,,7.513805,7.513805,completed,0.157000,0.131112,0.142073,1.000000,1.000000,0.347333,0.631674,0.184000,0.000000,10,1,1,1,0,0,0,1,1,1,1,1,0,0,0,1,1,0.147947,0.000000,0.124917,0.000000,0.000000,0.000000,0.120056,0.000000,0.143822,0.374070,0.000000,0.000000,0.000000,0.000000,0.000000,0.089189,use_phone,1,25,9357,phone,none,,,0.000000,1.000000,0,none,,7.513805,7.513805,completed,30,6,clear,17.000000
22,1103,3448085126,155,Day 7 11:57,none,,7.513805,7.513805,completed,0.000000,0.224741,0.142073,1.000000,1.000000,0.364000,0.631674,0.279000,0.085000,10,1,1,1,0,0,0,1,1,1,1,1,0,0,0,1,1,0.123778,0.000000,0.110790,0.000000,0.000000,0.000000,0.144403,0.000000,0.150400,0.381617,0.000000,0.000000,0.000000,0.000000,0.000000,0.089012,use_computer,1,30,9387,computer,none,,,0.000000,1.000000,0,none,,7.513805,7.513805,completed,30,6,clear,17.000000
22,1103,3448085126,156,Day 7 12:27,none,,7.513805,7.513805,completed,0.000000,0.339796,0.142073,0.990000,1.000000,0.384000,0.631674,0.359000,0.067000,10,1,1,1,0,0,0,1,1,1,1,1,0,0,0,1,1,0.096661,0.000000,0.088403,0.000000,0.000000,0.000000,0.141864,0.158028,0.127562,0.314196,0.000000,0.000000,0.000000,0.000000,0.000000,0.073287,get_meal,1,35,9422,door,none,,,0.000000,1.000000,0,none,,7.513805,7.513805,completed,30,6,clear,17.000000
22,1103,3448085126,157,Day 7 13:02,none,,7.513805,7.513805,completed,0.000000,0.353796,0.142073,1.000000,0.479167,0.407333,0.631674,0.324000,0.046000,10,1,1,1,0,0,0,1,1,1,1,1,0,0,0,1,1,0.117013,0.000000,0.107163,0.000000,0.000000,0.000000,0.167975,0.187757,0.157905,0.174557,0.000000,0.000000,0.000000,0.000000,0.000000,0.087629,get_meal,1,35,9457,door,none,room-temperature-shift,,0.000000,1.000000,0,none,,7.513805,7.513805,completed,30,6,clear,17.000000
22,1103,3448085126,158,Day 7 13:37,none,,7.513805,7.513805,completed,0.000000,0.367796,0.142073,1.000000,0.000000,0.430667,0.631674,0.289000,0.025000,10,1,1,1,0,0,0,1,1,1,1,1,0,0,0,1,1,0.142538,0.000000,0.130719,0.000000,0.000000,0.000000,0.200139,0.224477,0.196691,0.000000,0.000000,0.000000,0.000000,0.000000,0.000000,0.105436,use_phone,1,25,9482,phone,none,message-study-group,,0.000000,1.000000,0,none,,7.513805,7.513805,completed,30,7,clear,17.000000
22,1103,3448085126,159,Day 7 14:02,none,,7.513805,7.513805,completed,0.000000,0.461425,0.142073,1.000000,0.020833,0.447333,0.631674,0.384000,0.110000,10,1,1,1,0,0,0,1,1,1,1,1,0,0,0,1,1,0.124371,0.000000,0.116173,0.000000,0.000000,0.000000,0.217659,0.258561,0.185979,0.000000,0.000000,0.000000,0.000000,0.000000,0.000000,0.097256,go_to_bathroom,1,15,9497,door,none,,,0.000000,1.000000,0,none,,7.513805,7.513805,completed,30,7,clear,17.000000
22,1103,3448085126,160,Day 7 14:17,none,,7.513805,7.513805,completed,0.005000,0.467425,0.142073,1.000000,0.033333,0.000000,0.631674,0.369000,0.101000,10,1,1,1,0,0,0,1,1,1,1,1,0,0,0,1,1,0.154154,0.000000,0.143894,0.000000,0.000000,0.000000,0.266023,0.316478,0.000000,0.000000,0.000000,0.000000,0.000000,0.000000,0.000000,0.119450,sleep_at_bed,1,480,9977,bed,none,weather-rain|evening,,0.000000,1.000000,0,none,,7.513805,7.513805,completed,30,7,rain,17.000000
22,1103,3448085126,161,Day 7 22:17,none,,7.513805,7.513805,completed,0.085000,0.136031,0.142073,0.920000,0.433333,0.320000,0.631674,0.000000,0.000000,10,1,1,1,0,0,0,1,1,1,1,1,0,0,0,1,1,0.193593,0.000000,0.165764,0.000000,0.000000,0.000000,0.137332,0.000000,0.178745,0.210285,0.000000,0.000000,0.000000,0.000000,0.000000,0.114282,get_meal,1,35,10012,door,none,,,0.000000,1.000000,0,none,,7.513805,7.513805,completed,30,7,rain,17.000000
22,1103,3448085126,162,Day 7 22:52,none,,7.513805,7.513805,completed,0.056667,0.150031,0.142073,1.000000,0.000000,0.343333,0.631674,0.000000,0.000000,10,1,1,1,0,0,0,1,1,1,1,1,0,0,0,1,1,0.238507,0.000000,0.206184,0.000000,0.000000,0.000000,0.176592,0.000000,0.234479,0.000000,0.000000,0.000000,0.000000,0.000000,0.000000,0.144238,use_phone,1,25,10037,phone,none,,,0.000000,1.000000,0,none,,7.513805,7.513805,completed,30,7,rain,17.000000
22,1103,3448085126,163,Day 7 23:17,none,,7.513805,7.513805,completed,0.000000,0.243659,0.142073,1.000000,0.020833,0.360000,0.631674,0.095000,0.085000,10,1,1,1,0,0,0,1,1,1,1,1,0,0,0,1,1,0.214849,0.000000,0.191925,0.000000,0.000000,0.000000,0.208756,0.000000,0.240992,0.000000,0.000000,0.000000,0.000000,0.000000,0.000000,0.143478,use_computer,1,30,10067,computer,none,,,0.000000,1.000000,0,none,,7.513805,7.513805,completed,30,7,rain,17.000000
22,1103,3448085126,164,Day 7 23:47,none,,7.513805,7.513805,completed,0.000000,0.358715,0.142073,0.990000,0.045833,0.380000,0.631674,0.175000,0.067000,10,1,1,1,0,0,0,1,1,1,1,1,0,0,0,1,1,0.197728,0.000000,0.180479,0.000000,0.000000,0.000000,0.241694,0.000000,0.240883,0.000000,0.000000,0.000000,0.000000,0.000000,0.000000,0.139216,go_to_bathroom,1,15,10082,door,none,,,0.000000,1.000000,0,none,,7.513805,7.513805,completed,30,7,rain,17.000000
22,1103,3448085126,165,Day 8 00:02,none,,7.513805,7.513805,completed,0.005000,0.364715,0.142073,1.000000,0.058333,0.000000,0.631674,0.160000,0.058000,10,1,1,1,0,0,0,1,1,1,1,1,0,0,0,1,1,0.262114,0.000000,0.239084,0.000000,0.000000,0.000000,0.315931,0.000000,0.000000,0.000000,0.000000,0.000000,0.000000,0.000000,0.000000,0.182870,use_phone,1,25,10107,phone,none,,,0.000000,1.000000,0,none,,7.513805,7.513805,completed,30,7,rain,17.000000
22,1103,3448085126,166,Day 8 00:27,none,,7.513805,7.513805,completed,0.000000,0.458343,0.142073,1.000000,0.079167,0.016667,0.631674,0.255000,0.143000,10,1,1,1,0,0,0,1,1,1,1,1,0,0,0,1,1,0.145600,0.134308,0.135443,0.000000,0.000000,0.000000,0.219733,0.257114,0.000000,0.000000,0.000000,0.000000,0.000000,0.000000,0.000000,0.107802,idle,1,10,10117,,none,,,0.000000,1.000000,0,none,,7.513805,7.513805,completed,30,7,rain,17.000000
22,1103,3448085126,167,Day 8 00:37,none,,7.513805,7.513805,completed,0.123333,0.462343,0.142073,0.946667,0.087500,0.023333,0.631674,0.245000,0.137000,10,1,1,1,0,0,0,1,1,1,1,1,0,0,0,1,1,0.158531,0.130686,0.142969,0.000000,0.000000,0.000000,0.212521,0.248918,0.000000,0.000000,0.000000,0.000000,0.000000,0.000000,0.000000,0.106375,sleep_at_bed,1,480,10597,bed,none,alarm-rings,,0.000000,1.000000,0,none,,7.513805,7.513805,completed,30,7,rain,17.000000
22,1103,3448085126,168,Day 8 08:37,none,,7.513805,7.513805,completed,0.233333,0.130949,0.142073,0.866667,0.487500,0.343333,0.685869,0.000000,0.000000,11,1,1,1,0,0,0,1,1,1,1,1,0,1,0,1,1,0.167520,0.000000,0.138006,0.000000,0.000000,0.000000,0.102423,0.000000,0.139803,0.172053,0.000000,0.000000,0.192044,0.000000,0.000000,0.088150,rest_at_bed,1,60,10657,bed,none,,,0.000000,1.000000,0,none,,7.513805,7.513805,completed,30,7,rain,17.000000
22,1103,3448085126,169,Day 8 09:37,none,,7.513805,7.513805,completed,0.293333,0.000000,0.142073,0.896667,0.537500,0.383333,0.685869,0.000000,0.000000,11,1,1,1,0,0,0,1,1,1,1,1,0,1,0,1,1,0.192621,0.000000,0.152880,0.000000,0.000000,0.000000,0.000000,0.000000,0.158020,0.197249,0.000000,0.000000,0.204548,0.000000,0.000000,0.094682,turn_off_alarm,1,1,10658,alarm,none,,,0.000000,1.000000,0,none,,7.513805,7.513805,completed,30,7,rain,17.000000
22,1103,3448085126,170,Day 8 09:38,none,,7.513805,7.513805,completed,0.293667,0.000400,0.142073,0.926333,0.538333,0.384000,0.665869,0.000000,0.000000,10,1,1,1,0,0,0,1,1,1,1,1,0,0,0,1,1,0.242063,0.000000,0.192119,0.000000,0.000000,0.000000,0.000000,0.000000,0.198731,0.248126,0.000000,0.000000,0.000000,0.000000,0.000000,0.118962,go_to_bathroom,1,15,10673,door,none,,,0.000000,1.000000,0,none,,7.513805,7.513805,completed,30,7,rain,17.000000
22,1103,3448085126,171,Day 8 09:53,none,,7.513805,7.513805,completed,0.298667,0.006400,0.142073,1.000000,0.550833,0.000000,0.665869,0.000000,0.000000,10,1,1,1,0,0,0,1,1,1,1,1,0,0,0,1,1,0.300851,0.000000,0.238713,0.000000,0.000000,0.000000,0.000000,0.000000,0.000000,0.313002,0.000000,0.000000,0.000000,0.000000,0.000000,0.147434,idle,1,10,10683,,none,,,0.000000,1.000000,0,none,,7.513805,7.513805,completed,30,7,rain,17.000000
22,1103,3448085126,172,Day 8 10:03,none,,7.513805,7.513805,completed,0.422000,0.010400,0.142073,0.946667,0.559167,0.006667,0.665869,0.000000,0.000000,10,1,1,1,0,0,0,1,1,1,1,1,0,0,0,1,1,0.316699,0.000000,0.243684,0.000000,0.000000,0.000000,0.000000,0.000000,0.000000,0.298372,0.000000,0.000000,0.000000,0.000000,0.000000,0.141246,get_meal,1,35,10718,door,none,weather-rain,,0.000000,1.000000,0,none,,7.513805,7.513805,completed,30,7,rain,17.000000
22,1103,3448085126,173,Day 8 10:38,none,,7.513805,7.513805,completed,0.393667,0.024400,0.142073,1.000000,0.038333,0.030000,0.665869,0.000000,0.000000,10,1,1,1,0,0,0,1,1,1,1,1,0,0,0,1,1,0.447680,0.000000,0.347777,0.000000,0.000000,0.000000,0.000000,0.000000,0.000000,0.000000,0.000000,0.000000,0.000000,0.000000,0.000000,0.204543,use_phone,1,25,10743,phone,none,,,0.000000,1.000000,0,none,,7.513805,7.513805,completed,30,7,rain,17.000000
22,1103,3448085126,174,Day 8 11:03,none,,7.513805,7.513805,completed,0.182000,0.118029,0.142073,1.000000,0.059167,0.046667,0.665869,0.095000,0.085000,10,1,1,1,0,0,0,1,1,1,1,1,0,0,0,1,1,0.321872,0.000000,0.268782,0.000000,0.000000,0.000000,0.226382,0.000000,0.000000,0.000000,0.000000,0.000000,0.000000,0.000000,0.000000,0.182963,use_phone,1,25,10768,phone,none,,,0.000000,1.000000,0,none,,7.513805,7.513805,completed,30,7,rain,17.000000
22,1103,3448085126,175,Day 8 11:28,none,,7.513805,7.513805,completed,0.000000,0.211657,0.142073,1.000000,0.080000,0.063333,0.665869,0.190000,0.170000,10,1,1,1,0,0,0,1,1,1,1,1,0,0,0,1,1,0.221770,0.197967,0.197570,0.000000,0.000000,0.000000,0.229396,0.000000,0.000000,0.000000,0.000000,0.000000,0.000000,0.000000,0.000000,0.153297,use_phone,1,25,10793,phone,none,,,0.000000,1.000000,0,none,,7.513805,7.513805,completed,30,7,rain,17.000000
22,1103,3448085126,176,Day 8 11:53,none,,7.513805,7.513805,completed,0.000000,0.305286,0.142073,1.000000,0.100833,0.080000,0.665869,0.285000,0.255000,10,1,1,1,0,0,0,1,1,1,1,1,0,0,0,1,1,0.200644,0.211989,0.182065,0.000000,0.000000,0.000000,0.258682,0.000000,0.000000,0.000000,0.000000,0.000000,0.000000,0.000000,0.000000,0.146621,use_phone,1,25,10818,phone,none,,,0.000000,1.000000,0,none,,7.513805,7.513805,completed,30,7,rain,17.000000
22,1103,3448085126,177,Day 8 12:18,none,,7.513805,7.513805,completed,0.000000,0.398914,0.142073,1.000000,0.121667,0.096667,0.665869,0.380000,0.340000,10,1,1,1,0,0,0,1,1,1,1,1,0,0,0,1,1,0.134923,0.168722,0.124700,0.000000,0.000000,0.000000,0.216812,0.250611,0.000000,0.000000,0.000000,0.000000,0.000000,0.000000,0.000000,0.104232,sleep_at_bed,1,480,11298,bed,none,room-temperature-shift|message-study-group|evening,,0.000000,1.000000,0,none,,7.513805,7.513805,completed,30,8,rain,24.000000
22,1103,3448085126,178,Day 8 20:18,none,,7.513805,7.513805,completed,0.080000,0.067520,0.142073,0.920000,0.521667,0.416667,0.665869,0.000000,0.052000,10,1,1,1,0,0,0,1,1,1,1,1,0,0,0,1,1,0.211853,0.000000,0.179553,0.000000,0.000000,0.000000,0.000000,0.000000,0.224236,0.260250,0.000000,0.000000,0.000000,0.000000,0.000000,0.124108,idle,1,10,11308,,none,,,0.000000,1.000000,0,none,,7.513805,7.513805,completed,30,8,rain,24.000000
22,1103,3448085126,179,Day 8 20:28,none,,7.513805,7.513805,completed,0.203333,0.071520,0.142073,0.866667,0.530000,0.423333,0.665869,0.000000,0.046000,10,1,1,1,0,0,0,1,1,1,1,1,0,0,0,1,1,0.226055,0.000000,0.185793,0.000000,0.000000,0.000000,0.000000,0.000000,0.216160,0.251471,0.000000,0.000000,0.000000,0.000000,0.000000,0.120521,go_to_bathroom,1,15,11323,door,none,,,0.000000,1.000000,0,none,,7.513805,7.513805,completed,30,8,rain,24.000000
22,1103,3448085126,180,Day 8 20:43,none,,7.513805,7.513805,completed,0.208333,0.077520,0.142073,0.963999,0.542500,0.000000,0.665869,0.000000,0.037000,10,1,1,1,0,0,0,1,1,1,1,1,0,0,0,1,1,0.287159,0.000000,0.235951,0.000000,0.000000,0.000000,0.000000,0.000000,0.000000,0.324226,0.000000,0.000000,0.000000,0.000000,0.000000,0.152664,use_phone,1,25,11348,phone,none,,,0.000000,1.000000,0,none,,7.513805,7.513805,completed,30,8,rain,24.000000
22,1103,3448085126,181,Day 8 21:08,none,,7.513805,7.513805,completed,0.000000,0.171149,0.142073,0.995666,0.563333,0.016667,0.665869,0.095000,0.122000,10,1,1,1,0,0,0,1,1,1,1,1,0,0,0,1,1,0.203458,0.000000,0.179551,0.000000,0.000000,0.000000,0.180127,0.000000,0.000000,0.302637,0.000000,0.000000,0.000000,0.000000,0.000000,0.134227,idle,1,10,11358,,none,,,0.000000,1.000000,0,none,,7.513805,7.513805,completed,30,8,rain,24.000000
22,1103,3448085126,182,Day 8 21:18,none,,7.513805,7.513805,completed,0.123333,0.175149,0.142073,0.942333,0.571667,0.023333,0.665869,0.085000,0.116000,10,1,1,1,0,0,0,1,1,1,1,1,0,0,0,1,1,0.188838,0.134892,0.161561,0.000000,0.000000,0.000000,0.148506,0.000000,0.000000,0.253297,0.000000,0.000000,0.000000,0.000000,0.000000,0.112905,rest_at_bed,1,60,11418,bed,none,,,0.000000,1.000000,0,none,,7.513805,7.513805,completed,30,8,rain,24.000000
22,1103,3448085126,183,Day 8 22:18,none,,7.513805,7.513805,completed,0.183333,0.000000,0.142073,0.972333,0.621667,0.063333,0.665869,0.000000,0.080000,10,1,1,1,0,0,0,1,1,1,1,1,0,0,0,1,1,0.275318,0.000000,0.224722,0.000000,0.000000,0.000000,0.000000,0.000000,0.000000,0.352678,0.000000,0.000000,0.000000,0.000000,0.000000,0.147282,get_meal,1,35,11453,door,none,,,0.000000,1.000000,0,none,,7.513805,7.513805,completed,30,8,rain,24.000000
22,1103,3448085126,184,Day 8 22:53,none,,7.513805,7.513805,completed,0.155000,0.014000,0.142073,1.000000,0.100833,0.086667,0.665869,0.000000,0.059000,10,1,1,1,0,0,0,1,1,1,1,1,0,0,0,1,1,0.421567,0.000000,0.347401,0.000000,0.000000,0.000000,0.000000,0.000000,0.000000,0.000000,0.000000,0.000000,0.000000,0.000000,0.000000,0.231032,use_computer,1,30,11483,computer,none,,,0.000000,1.000000,0,none,,7.513805,7.513805,completed,30,8,rain,24.000000
22,1103,3448085126,185,Day 8 23:23,none,,7.513805,7.513805,completed,0.005000,0.129056,0.142073,0.990000,0.125833,0.106667,0.665869,0.080000,0.041000,10,1,1,1,0,0,0,1,1,1,1,1,0,0,0,1,1,0.243068,0.000000,0.212636,0.000000,0.000000,0.000000,0.200133,0.000000,0.000000,0.186540,0.000000,0.000000,0.000000,0.000000,0.000000,0.157623,get_meal,1,35,11518,door,none,,,0.000000,1.000000,0,none,,7.513805,7.513805,completed,30,8,rain,24.000000
22,1103,3448085126,186,Day 8 23:58,none,,7.513805,7.513805,completed,0.000000,0.143056,0.142073,1.000000,0.000000,0.130000,0.665869,0.045000,0.020000,10,1,1,1,0,0,0,1,1,1,1,1,0,0,0,1,1,0.244104,0.000000,0.214107,0.000000,0.000000,0.000000,0.197483,0.000000,0.187350,0.000000,0.000000,0.000000,0.000000,0.000000,0.000000,0.156956,use_phone,1,25,11543,phone,none,,,0.000000,1.000000,0,none,,7.513805,7.513805,completed,30,8,rain,24.000000
22,1103,3448085126,187,Day 9 00:23,none,,7.513805,7.513805,completed,0.000000,0.236684,0.142073,1.000000,0.020833,0.146667,0.665869,0.140000,0.105000,10,1,1,1,0,0,0,1,1,1,1,1,0,0,0,1,1,0.226594,0.000000,0.202435,0.000000,0.000000,0.000000,0.228486,0.000000,0.188459,0.000000,0.000000,0.000000,0.000000,0.000000,0.000000,0.154026,idle,1,10,11553,,none,,,0.000000,1.000000,0,none,,7.513805,7.513805,completed,30,8,rain,24.000000
22,1103,3448085126,188,Day 9 00:33,none,,7.513805,7.513805,completed,0.123333,0.240684,0.142073,0.946667,0.029167,0.153333,0.665869,0.130000,0.099000,10,1,1,1,0,0,0,1,1,1,1,1,0,0,0,1,1,0.242361,0.000000,0.209911,0.000000,0.000000,0.000000,0.217083,0.000000,0.181342,0.000000,0.000000,0.000000,0.000000,0.000000,0.000000,0.149303,go_to_bathroom,1,15,11568,door,none,,,0.000000,1.000000,0,none,,7.513805,7.513805,completed,30,8,rain,24.000000
22,1103,3448085126,189,Day 9 00:48,none,,7.513805,7.513805,completed,0.128333,0.246684,0.142073,1.000000,0.041667,0.000000,0.665869,0.115000,0.090000,10,1,1,1,0,0,0,1,1,1,1,1,0,0,0,1,1,0.297693,0.000000,0.257657,0.000000,0.000000,0.000000,0.262929,0.000000,0.000000,0.000000,0.000000,0.000000,0.000000,0.000000,0.000000,0.181721,use_computer,1,30,11598,computer,none,,,0.000000,1.000000,0,none,,7.513805,7.513805,completed,30,8,rain,24.000000
22,1103,3448085126,190,Day 9 01:18,none,,7.513805,7.513805,completed,0.000000,0.361740,0.142073,0.990000,0.066667,0.020000,0.665869,0.195000,0.072000,10,1,1,1,0,0,0,1,1,1,1,1,0,0,0,1,1,0.258214,0.000000,0.235941,0.000000,0.000000,0.000000,0.322417,0.000000,0.000000,0.000000,0.000000,0.000000,0.000000,0.000000,0.000000,0.183428,use_computer,1,30,11628,computer,none,,,0.000000,1.000000,0,none,,7.513805,7.513805,completed,30,8,rain,24.000000
22,1103,3448085126,191,Day 9 01:48,none,,7.513805,7.513805,completed,0.000000,0.476795,0.142073,0.980000,0.091667,0.040000,0.665869,0.275000,0.054000,10,1,1,1,0,0,0,1,1,1,1,1,0,0,0,1,1,0.163357,0.000000,0.152517,0.000000,0.000000,0.000000,0.256605,0.305175,0.000000,0.000000,0.000000,0.000000,0.000000,0.000000,0.000000,0.122346,rest_at_bed,1,60,11688,bed,none,,,0.000000,1.000000,0,none,,7.513805,7.513805,completed,30,8,rain,24.000000
22,1103,3448085126,192,Day 9 02:48,none,,7.513805,7.513805,completed,0.060000,0.223979,0.142073,1.000000,0.141667,0.080000,0.665869,0.075000,0.018000,10,1,1,1,0,0,0,1,1,1,1,1,0,0,0,1,1,0.241636,0.000000,0.211762,0.000000,0.000000,0.000000,0.211239,0.000000,0.000000,0.183069,0.000000,0.000000,0.000000,0.000000,0.000000,0.152295,rest_at_bed,1,60,11748,bed,none,,,0.000000,1.000000,0,none,,7.513805,7.513805,completed,30,8,rain,24.000000
22,1103,3448085126,193,Day 9 03:48,none,,7.513805,7.513805,completed,0.120000,0.000000,0.142073,1.000000,0.191667,0.120000,0.665869,0.000000,0.000000,10,1,1,1,0,0,0,1,1,1,1,1,0,0,0,1,1,0.321357,0.000000,0.266564,0.000000,0.000000,0.000000,0.000000,0.000000,0.000000,0.231584,0.000000,0.000000,0.000000,0.000000,0.000000,0.180495,use_phone,1,25,11773,phone,none,,,0.000000,1.000000,0,none,,7.513805,7.513805,completed,30,8,rain,24.000000
22,1103,3448085126,194,Day 9 04:13,none,,7.513805,7.513805,completed,0.000000,0.093629,0.142073,1.000000,0.212500,0.136667,0.665869,0.095000,0.085000,10,1,1,1,0,0,0,1,1,1,1,1,0,0,0,1,1,0.200439,0.000000,0.174600,0.000000,0.000000,0.000000,0.161478,0.000000,0.157351,0.175607,0.000000,0.000000,0.000000,0.000000,0.000000,0.130526,idle,1,10,11783,,none,,,0.000000,1.000000,0,none,,7.513805,7.513805,completed,30,8,rain,24.000000
22,1103,3448085126,195,Day 9 04:23,none,,7.513805,7.513805,completed,0.123333,0.097629,0.142073,0.946667,0.220833,0.143333,0.665869,0.085000,0.079000,10,1,1,1,0,0,0,1,1,1,1,1,0,0,0,1,1,0.215212,0.000000,0.181745,0.000000,0.000000,0.000000,0.154010,0.000000,0.151993,0.170029,0.000000,0.000000,0.000000,0.000000,0.000000,0.127011,go_to_bathroom,1,15,11798,door,none,,,0.000000,1.000000,0,none,,7.513805,7.513805,completed,30,8,rain,24.000000
22,1103,3448085126,196,Day 9 04:38,none,,7.513805,7.513805,completed,0.128333,0.103629,0.142073,1.000000,0.233333,0.000000,0.665869,0.070000,0.070000,10,1,1,1,0,0,0,1,1,1,1,1,0,0,0,1,1,0.254375,0.000000,0.214670,0.000000,0.000000,0.000000,0.179500,0.000000,0.000000,0.202697,0.000000,0.000000,0.000000,0.000000,0.000000,0.148758,use_phone,1,25,11823,phone,none,,,0.000000,1.000000,0,none,,7.513805,7.513805,completed,30,8,rain,24.000000
22,1103,3448085126,197,Day 9 05:03,none,,7.513805,7.513805,completed,0.000000,0.197257,0.142073,1.000000,0.254167,0.016667,0.665869,0.165000,0.155000,10,1,1,1,0,0,0,1,1,1,1,1,0,0,0,1,1,0.185226,0.160003,0.164501,0.000000,0.000000,0.000000,0.183073,0.000000,0.000000,0.180803,0.000000,0.000000,0.000000,0.000000,0.000000,0.126394,use_computer,1,30,11853,computer,none,,,0.000000,1.000000,0,none,,7.513805,7.513805,completed,30,8,rain,24.000000
22,1103,3448085126,198,Day 9 05:33,none,,7.513805,7.513805,completed,0.000000,0.312313,0.142073,0.990000,0.279167,0.036667,0.665869,0.245000,0.137000,10,1,1,1,0,0,0,1,1,1,1,1,0,0,0,1,1,0.171608,0.152597,0.155727,0.000000,0.000000,0.000000,0.213379,0.000000,0.000000,0.183227,0.000000,0.000000,0.000000,0.000000,0.000000,0.123462,shop_on_phone,1,20,11873,phone,none,,,0.000000,1.000000,0,none,,7.513805,7.513805,completed,0,8,rain,24.000000
22,1103,3448085126,199,Day 9 05:53,none,,7.513805,7.513805,completed,0.006667,0.322604,0.142073,1.000000,0.295833,0.050000,0.665869,0.305000,0.000000,10,1,1,1,0,0,0,1,1,1,1,1,0,0,0,1,1,0.196081,0.000000,0.178239,0.000000,0.000000,0.000000,0.262432,0.000000,0.000000,0.219074,0.000000,0.000000,0.000000,0.000000,0.000000,0.144174,rest_at_bed,1,60,11933,bed,none,,,0.000000,1.000000,0,none,,7.513805,7.513805,completed,0,8,rain,24.000000
22,1103,3448085126,200,Day 9 06:53,none,,7.513805,7.513805,completed,0.066667,0.069788,0.142073,1.000000,0.345833,0.090000,0.665869,0.105000,0.000000,10,1,1,1,0,0,0,1,1,1,1,1,0,0,0,1,1,0.236944,0.000000,0.202172,0.000000,0.000000,0.000000,0.176486,0.000000,0.000000,0.237786,0.000000,0.000000,0.000000,0.000000,0.000000,0.146612,use_computer,1,30,11963,computer,none,,,0.000000,1.000000,0,none,,7.513805,7.513805,completed,0,8,rain,24.000000
22,1103,3448085126,201,Day 9 07:23,none,,7.513805,7.513805,completed,0.000000,0.184844,0.142073,0.990000,0.370833,0.110000,0.665869,0.185000,0.000000,10,1,1,1,0,0,0,1,1,1,1,1,0,0,0,1,1,0.211177,0.000000,0.187263,0.000000,0.000000,0.000000,0.210247,0.000000,0.000000,0.246297,0.000000,0.000000,0.000000,0.000000,0.000000,0.145015,rest_at_bed,1,60,12023,bed,none,,,0.000000,1.000000,0,none,,7.513805,7.513805,completed,0,8,rain,24.000000
22,1103,3448085126,202,Day 9 08:23,none,,7.513805,7.513805,completed,0.060000,0.000000,0.142073,1.000000,0.420833,0.150000,0.665869,0.000000,0.000000,10,1,1,1,0,0,0,1,1,1,1,1,0,0,0,1,1,0.237304,0.000000,0.199872,0.000000,0.000000,0.000000,0.000000,0.000000,0.170200,0.253040,0.000000,0.000000,0.000000,0.000000,0.000000,0.139583,go_to_bathroom,1,15,12038,door,none,,,0.000000,1.000000,0,none,,7.513805,7.513805,completed,0,8,rain,24.000000
22,1103,3448085126,203,Day 9 08:38,none,,7.513805,7.513805,completed,0.065000,0.006000,0.142073,1.000000,0.433333,0.000000,0.665869,0.000000,0.000000,10,1,1,1,0,0,0,1,1,1,1,1,0,0,0,1,1,0.284832,0.000000,0.239839,0.000000,0.000000,0.000000,0.000000,0.000000,0.000000,0.308266,0.000000,0.000000,0.000000,0.000000,0.000000,0.167063,use_computer,1,30,12068,computer,none,,,0.000000,1.000000,0,none,,7.513805,7.513805,completed,0,8,rain,24.000000
22,1103,3448085126,204,Day 9 09:08,none,,7.513805,7.513805,completed,0.000000,0.121056,0.142073,0.990000,0.458333,0.020000,0.665869,0.080000,0.000000,10,1,1,1,0,0,0,1,1,1,1,1,0,0,0,1,1,0.217400,0.000000,0.190168,0.000000,0.000000,0.000000,0.178072,0.000000,0.000000,0.273029,0.000000,0.000000,0.000000,0.000000,0.000000,0.141331,use_phone,1,25,12093,phone,none,alarm-rings,,0.000000,1.000000,0,none,,7.513805,7.513805,completed,0,8,rain,24.000000
22,1103,3448085126,205,Day 9 09:33,none,,7.513805,7.513805,completed,0.000000,0.214684,0.142073,1.000000,0.479167,0.036667,0.720064,0.175000,0.085000,11,1,1,1,0,0,0,1,1,1,1,1,0,1,0,1,1,0.153234,0.000000,0.136525,0.000000,0.000000,0.000000,0.155259,0.000000,0.000000,0.209778,0.000000,0.000000,0.239893,0.000000,0.000000,0.105311,get_meal,1,35,12128,door,none,,,0.000000,1.000000,0,none,,7.513805,7.513805,completed,0,8,rain,24.000000
22,1103,3448085126,206,Day 9 10:08,none,,7.513805,7.513805,completed,0.000000,0.228684,0.142073,1.000000,0.000000,0.060000,0.720064,0.140000,0.064000,11,1,1,1,0,0,0,1,1,1,1,1,0,1,0,1,1,0.195756,0.000000,0.174650,0.000000,0.000000,0.000000,0.194002,0.000000,0.000000,0.000000,0.000000,0.000000,0.302706,0.000000,0.000000,0.132885,rest_at_bed,1,60,12188,bed,none,message-study-group,,0.000000,1.000000,0,none,,7.513805,7.513805,completed,0,9,rain,24.000000
22,1103,3448085126,207,Day 9 11:08,none,,7.513805,7.513805,completed,0.060000,0.000000,0.142073,1.000000,0.050000,0.100000,0.720064,0.000000,0.028000,11,1,1,1,0,0,0,1,1,1,1,1,0,1,0,1,1,0.266017,0.000000,0.224056,0.000000,0.000000,0.000000,0.000000,0.000000,0.000000,0.000000,0.000000,0.000000,0.353455,0.000000,0.000000,0.156472,turn_off_alarm,1,1,12189,alarm,none,,,0.000000,1.000000,0,none,,7.513805,7.513805,completed,0,9,rain,24.000000
22,1103,3448085126,208,Day 9 11:09,none,,7.513805,7.513805,completed,0.060333,0.000400,0.142073,1.000000,0.050833,0.100667,0.700064,0.000000,0.027400,10,1,1,1,0,0,0,1,1,1,1,1,0,0,0,1,1,0.411465,0.000000,0.346556,0.000000,0.000000,0.000000,0.000000,0.000000,0.000000,0.000000,0.000000,0.000000,0.000000,0.000000,0.000000,0.241979,use_computer,1,30,12219,computer,none,,,0.000000,1.000000,0,none,,7.513805,7.513805,completed,0,9,rain,24.000000
22,1103,3448085126,209,Day 9 11:39,none,,7.513805,7.513805,completed,0.000000,0.115456,0.142073,0.990000,0.075833,0.120667,0.700064,0.080000,0.009400,10,1,1,1,0,0,0,1,1,1,1,1,0,0,0,1,1,0.300025,0.000000,0.262197,0.000000,0.000000,0.000000,0.242916,0.000000,0.000000,0.000000,0.000000,0.000000,0.000000,0.000000,0.000000,0.194862,use_computer,1,30,12249,computer,none,,,0.000000,1.000000,0,none,,7.513805,7.513805,completed,0,9,rain,24.000000
22,1103,3448085126,210,Day 9 12:09,none,,7.513805,7.513805,completed,0.000000,0.230511,0.142073,0.980000,0.100833,0.140667,0.700064,0.160000,0.000000,10,1,1,1,0,0,0,1,1,1,1,1,0,0,0,1,1,0.225902,0.000000,0.201721,0.000000,0.000000,0.000000,0.230097,0.000000,0.187592,0.000000,0.000000,0.000000,0.000000,0.000000,0.000000,0.154689,rest_at_bed,1,60,12309,bed,none,weather-rain,,0.000000,1.000000,0,none,,7.513805,7.513805,completed,0,9,rain,24.000000
22,1103,3448085126,211,Day 9 13:09,none,,7.513805,7.513805,completed,0.060000,0.000000,0.142073,1.000000,0.150833,0.180667,0.700064,0.000000,0.000000,10,1,1,1,0,0,0,1,1,1,1,1,0,0,0,1,1,0.256557,0.000000,0.216088,0.000000,0.000000,0.000000,0.000000,0.000000,0.192583,0.183865,0.000000,0.000000,0.000000,0.000000,0.000000,0.150907,use_phone,1,25,12334,phone,none,,,0.000000,1.000000,0,none,,7.513805,7.513805,completed,0,9,rain,24.000000
22,1103,3448085126,212,Day 9 13:34,none,,7.513805,7.513805,completed,0.000000,0.093629,0.142073,1.000000,0.171667,0.197333,0.700064,0.095000,0.085000,10,1,1,1,0,0,0,1,1,1,1,1,0,0,0,1,1,0.199675,0.000000,0.173935,0.000000,0.000000,0.000000,0.160095,0.000000,0.171530,0.164736,0.000000,0.000000,0.000000,0.000000,0.000000,0.130029,idle,1,10,12344,,none,,,0.000000,1.000000,0,none,,7.513805,7.513805,completed,0,9,rain,24.000000
22,1103,3448085126,213,Day 9 13:44,none,,7.513805,7.513805,completed,0.123333,0.097629,0.142073,0.946667,0.180000,0.204000,0.700064,0.085000,0.079000,10,1,1,1,0,0,0,1,1,1,1,1,0,0,0,1,1,0.214424,0.000000,0.181079,0.000000,0.000000,0.000000,0.152714,0.000000,0.165713,0.159525,0.000000,0.000000,0.000000,0.000000,0.000000,0.126545,use_computer,1,30,12374,computer,none,,,0.000000,1.000000,0,none,,7.513805,7.513805,completed,0,9,rain,24.000000
22,1103,3448085126,214,Day 9 14:14,none,,7.513805,7.513805,completed,0.000000,0.212684,0.142073,0.936667,0.205000,0.224000,0.700064,0.165000,0.061000,10,1,1,1,0,0,0,1,1,1,1,1,0,0,0,1,1,0.184292,0.000000,0.164096,0.000000,0.000000,0.000000,0.184716,0.000000,0.173045,0.167769,0.000000,0.000000,0.000000,0.000000,0.000000,0.126083,use_phone,1,25,12399,phone,none,,,0.000000,1.000000,0,none,,7.513805,7.513805,completed,0,9,rain,24.000000
22,1103,3448085126,215,Day 9 14:39,none,,7.513805,7.513805,completed,0.000000,0.306313,0.142073,0.968333,0.225833,0.240667,0.700064,0.260000,0.146000,10,1,1,1,0,0,0,1,1,1,1,1,0,0,0,1,1,0.147189,0.133160,0.133489,0.000000,0.000000,0.000000,0.183878,0.000000,0.149767,0.146061,0.000000,0.000000,0.000000,0.000000,0.000000,0.106455,use_phone,1,25,12424,phone,none,room-temperature-shift,,0.000000,1.000000,0,none,,7.513805,7.513805,completed,0,9,rain,24.000000
22,1103,3448085126,216,Day 9 15:04,none,,7.513805,7.513805,completed,0.000000,0.399941,0.142073,1.000000,0.246667,0.257333,0.700064,0.355000,0.231000,10,1,1,1,0,0,0,1,1,1,1,1,0,0,0,1,1,0.107467,0.115072,0.099272,0.000000,0.000000,0.000000,0.167335,0.193940,0.118497,0.116249,0.000000,0.000000,0.000000,0.000000,0.000000,0.082168,idle,1,10,12434,,none,,,0.000000,1.000000,0,none,,7.513805,7.513805,completed,0,9,rain,24.000000
22,1103,3448085126,217,Day 9 15:14,none,,7.513805,7.513805,completed,0.123333,0.403941,0.142073,0.946667,0.255000,0.264000,0.700064,0.345000,0.225000,10,1,1,1,0,0,0,1,1,1,1,1,0,0,0,1,1,0.117640,0.112570,0.105351,0.000000,0.000000,0.000000,0.162711,0.188766,0.116695,0.114752,0.000000,0.000000,0.000000,0.000000,0.000000,0.081516,sleep_at_bed,1,480,12914,bed,none,evening,,0.000000,1.000000,0,none,,7.513805,7.513805,completed,0,9,rain,24.000000
22,1103,3448085126,218,Day 9 23:14,none,,7.513805,7.513805,completed,0.203333,0.072547,0.142073,0.866667,0.655000,0.584000,0.700064,0.000000,0.000000,10,1,1,1,0,0,0,1,1,1,1,1,0,0,0,1,1,0.203802,0.000000,0.167531,0.000000,0.000000,0.000000,0.000000,0.000000,0.247440,0.272552,0.000000,0.000000,0.000000,0.000000,0.000000,0.108675,go_to_bathroom,1,15,12929,door,none,,,0.000000,1.000000,0,none,,7.513805,7.513805,completed,0,9,rain,24.000000
22,1103,3448085126,219,Day 9 23:29,none,,7.513805,7.513805,completed,0.208333,0.078547,0.142073,0.963999,0.667500,0.000000,0.700064,0.000000,0.000000,10,1,1,1,0,0,0,1,1,1,1,1,0,0,0,1,1,0.269477,0.000000,0.221459,0.000000,0.000000,0.000000,0.000000,0.000000,0.000000,0.365775,0.000000,0.000000,0.000000,0.000000,0.000000,0.143288,get_meal,1,35,12964,door,none,,,0.000000,1.000000,0,none,,7.513805,7.513805,completed,0,9,rain,24.000000
22,1103,3448085126,220,Day 10 00:04,none,,7.513805,7.513805,completed,0.180000,0.092547,0.142073,1.000000,0.146667,0.023333,0.700064,0.000000,0.000000,10,1,1,1,0,0,0,1,1,1,1,1,0,0,0,1,1,0.330788,0.000000,0.274458,0.000000,0.000000,0.000000,0.000000,0.000000,0.000000,0.214566,0.000000,0.000000,0.000000,0.000000,0.000000,0.180188,use_phone,1,25,12989,phone,none,,,0.000000,1.000000,0,none,,7.513805,7.513805,completed,0,9,rain,24.000000
22,1103,3448085126,221,Day 10 00:29,none,,7.513805,7.513805,completed,0.000000,0.186176,0.142073,1.000000,0.167500,0.040000,0.700064,0.095000,0.085000,10,1,1,1,0,0,0,1,1,1,1,1,0,0,0,1,1,0.233847,0.000000,0.206891,0.000000,0.000000,0.000000,0.209846,0.000000,0.000000,0.194751,0.000000,0.000000,0.000000,0.000000,0.000000,0.154665,use_phone,1,25,13014,phone,none,,,0.000000,1.000000,0,none,,7.513805,7.513805,completed,0,9,rain,24.000000
22,1103,3448085126,222,Day 10 00:54,none,,7.513805,7.513805,completed,0.000000,0.279804,0.142073,1.000000,0.188333,0.056667,0.700064,0.190000,0.170000,10,1,1,1,0,0,0,1,1,1,1,1,0,0,0,1,1,0.180846,0.163293,0.162966,0.000000,0.000000,0.000000,0.202271,0.000000,0.000000,0.164176,0.000000,0.000000,0.000000,0.000000,0.000000,0.126447,rest_at_bed,1,60,13074,bed,none,,,0.000000,1.000000,0,none,,7.513805,7.513805,completed,0,9,rain,24.000000
22,1103,3448085126,223,Day 10 01:54,none,,7.513805,7.513805,completed,0.060000,0.026988,0.142073,1.000000,0.238333,0.096667,0.700064,0.000000,0.134000,10,1,1,1,0,0,0,1,1,1,1,1,0,0,0,1,1,0.251188,0.182179,0.212527,0.000000,0.000000,0.000000,0.000000,0.000000,0.000000,0.205687,0.000000,0.000000,0.000000,0.000000,0.000000,0.148420,get_meal,1,35,13109,door,none,,,0.000000,1.000000,0,none,,7.513805,7.513805,completed,0,9,rain,24.000000
22,1103,3448085126,224,Day 10 02:29,none,,7.513805,7.513805,completed,0.031667,0.040988,0.142073,1.000000,0.000000,0.120000,0.700064,0.000000,0.113000,10,1,1,1,0,0,0,1,1,1,1,1,0,0,0,1,1,0.406581,0.000000,0.347309,0.000000,0.000000,0.000000,0.000000,0.000000,0.000000,0.000000,0.000000,0.000000,0.000000,0.000000,0.000000,0.246110,use_phone,1,25,13134,phone,none,,,0.000000,1.000000,0,none,,7.513805,7.513805,completed,0,9,rain,24.000000
22,1103,3448085126,225,Day 10 02:54,none,,7.513805,7.513805,completed,0.000000,0.134617,0.142073,1.000000,0.020833,0.136667,0.700064,0.095000,0.198000,10,1,1,1,0,0,0,1,1,1,1,1,0,0,0,1,1,0.198220,0.174208,0.173859,0.000000,0.000000,0.000000,0.167057,0.000000,0.156684,0.000000,0.000000,0.000000,0.000000,0.000000,0.000000,0.129972,rest_at_bed,1,60,13194,bed,none,,,0.000000,1.000000,0,none,,7.513805,7.513805,completed,0,9,rain,24.000000
22,1103,3448085126,226,Day 10 03:54,none,,7.513805,7.513805,completed,0.060000,0.000000,0.142073,1.000000,0.070833,0.176667,0.700064,0.000000,0.162000,10,1,1,1,0,0,0,1,1,1,1,1,0,0,0,1,1,0.254710,0.190871,0.214533,0.000000,0.000000,0.000000,0.000000,0.000000,0.190065,0.000000,0.000000,0.000000,0.000000,0.000000,0.000000,0.149821,use_phone,1,25,13219,phone,none,,,0.000000,1.000000,0,none,,7.513805,7.513805,completed,0,9,rain,24.000000
22,1103,3448085126,227,Day 10 04:19,none,,7.513805,7.513805,completed,0.000000,0.093629,0.142073,1.000000,0.091667,0.193333,0.700064,0.095000,0.247000,10,1,1,1,0,0,0,1,1,1,1,1,0,0,0,1,1,0.195711,0.182317,0.170481,0.000000,0.000000,0.000000,0.156916,0.000000,0.167129,0.000000,0.000000,0.000000,0.000000,0.000000,0.000000,0.127447,use_computer,1,30,13249,computer,none,,,0.000000,1.000000,0,none,,7.513805,7.513805,completed,0,9,rain,24.000000
22,1103,3448085126,228,Day 10 04:49,none,,7.513805,7.513805,completed,0.000000,0.208684,0.142073,0.990000,0.116667,0.213333,0.700064,0.175000,0.229000,10,1,1,1,0,0,0,1,1,1,1,1,0,0,0,1,1,0.182758,0.175254,0.162667,0.000000,0.000000,0.000000,0.184341,0.000000,0.169504,0.000000,0.000000,0.000000,0.000000,0.000000,0.000000,0.125475,use_computer,1,30,13279,computer,none,,,0.000000,1.000000,0,none,,7.513805,7.513805,completed,0,9,rain,24.000000
22,1103,3448085126,229,Day 10 05:19,none,,7.513805,7.513805,completed,0.000000,0.323740,0.142073,0.980000,0.141667,0.233333,0.700064,0.255000,0.211000,10,1,1,1,0,0,0,1,1,1,1,1,0,0,0,1,1,0.147620,0.145719,0.134254,0.000000,0.000000,0.000000,0.187319,0.000000,0.148702,0.129530,0.000000,0.000000,0.000000,0.000000,0.000000,0.106855,shop_on_phone,0,0,13279,phone,resource_insufficient,,,0.000000,1.000000,0,none,,7.513805,7.513805,completed,0,9,rain,24.000000
22,1103,3448085126,230,Day 10 05:19,none,,7.513805,7.513805,completed,0.000000,0.323740,0.142073,0.950000,0.141667,0.233333,0.730064,0.255000,0.211000,10,1,1,1,0,0,0,1,1,1,1,1,0,0,0,1,1,0.147736,0.145834,0.134359,0.000000,0.000000,0.000000,0.186681,0.000000,0.148819,0.129632,0.000000,0.000000,0.000000,0.000000,0.000000,0.106939,use_phone,1,25,13304,phone,none,,,0.000000,1.000000,0,none,,7.513805,7.513805,completed,0,9,rain,24.000000
22,1103,3448085126,231,Day 10 05:44,none,,7.513805,7.513805,completed,0.000000,0.417368,0.142073,0.981667,0.162500,0.250000,0.730064,0.350000,0.296000,10,1,1,1,0,0,0,1,1,1,1,1,0,0,0,1,1,0.107167,0.125206,0.099271,0.000000,0.000000,0.000000,0.168783,0.198081,0.116982,0.102504,0.000000,0.000000,0.000000,0.000000,0.000000,0.082007,rest_at_bed,1,60,13364,bed,none,,,0.000000,1.000000,0,none,,7.513805,7.513805,completed,0,9,rain,24.000000
22,1103,3448085126,232,Day 10 06:44,none,,7.513805,7.513805,completed,0.060000,0.164552,0.142073,1.000000,0.212500,0.290000,0.730064,0.150000,0.260000,10,1,1,1,0,0,0,1,1,1,1,1,0,0,0,1,1,0.162594,0.151946,0.141374,0.000000,0.000000,0.000000,0.142514,0.000000,0.157177,0.139690,0.000000,0.000000,0.000000,0.000000,0.000000,0.104704,rest_at_bed,1,60,13424,bed,none,,,0.000000,1.000000,0,none,,7.513805,7.513805,completed,0,9,rain,24.000000
22,1103,3448085126,233,Day 10 07:44,none,,7.513805,7.513805,completed,0.120000,0.000000,0.142073,1.000000,0.262500,0.330000,0.730064,0.000000,0.224000,10,1,1,1,0,0,0,1,1,1,1,1,0,0,0,1,1,0.206059,0.159640,0.170925,0.000000,0.000000,0.000000,0.000000,0.000000,0.182830,0.164810,0.000000,0.000000,0.000000,0.000000,0.000000,0.115736,shop_on_phone,0,0,13424,phone,resource_insufficient,,,0.000000,1.000000,0,none,,7.513805,7.513805,completed,0,9,rain,24.000000
22,1103,3448085126,234,Day 10 07:44,none,,7.513805,7.513805,completed,0.120000,0.000000,0.142073,0.970000,0.262500,0.330000,0.760064,0.000000,0.224000,10,1,1,1,0,0,0,1,1,1,1,1,0,0,0,1,1,0.206059,0.159640,0.170925,0.000000,0.000000,0.000000,0.000000,0.000000,0.182830,0.164810,0.000000,0.000000,0.000000,0.000000,0.000000,0.115736,use_computer,1,30,13454,computer,none,alarm-rings,,0.000000,1.000000,0,none,,7.513805,7.513805,completed,0,9,rain,24.000000
22,1103,3448085126,235,Day 10 08:14,none,,7.513805,7.513805,completed,0.000000,0.115056,0.142073,0.960000,0.287500,0.350000,0.814259,0.080000,0.206000,11,1,1,1,0,0,0,1,1,1,1,1,0,1,0,1,1,0.128552,0.113098,0.112336,0.000000,0.000000,0.000000,0.102383,0.000000,0.138162,0.125431,0.000000,0.000000,0.196549,0.000000,0.000000,0.083487,turn_off_alarm,1,1,13455,alarm,none,,,0.000000,1.000000,0,none,,7.513805,7.513805,completed,0,9,rain,24.000000
22,1103,3448085126,236,Day 10 08:15,none,,7.513805,7.513805,completed,0.000333,0.115456,0.142073,0.989667,0.288333,0.350667,0.794259,0.079000,0.205400,10,1,1,1,0,0,0,1,1,1,1,1,0,0,0,1,1,0.159982,0.140550,0.139795,0.000000,0.000000,0.000000,0.127653,0.000000,0.171999,0.156187,0.000000,0.000000,0.000000,0.000000,0.000000,0.103836,use_phone,1,25,13480,phone,none,,,0.000000,1.000000,0,none,,7.513805,7.513805,completed,0,9,rain,24.000000
22,1103,3448085126,237,Day 10 08:40,none,,7.513805,7.513805,completed,0.000000,0.209084,0.142073,1.000000,0.309167,0.367333,0.794259,0.174000,0.290400,10,1,1,1,0,0,0,1,1,1,1,1,0,0,0,1,1,0.146171,0.152032,0.130107,0.000000,0.000000,0.000000,0.145415,0.000000,0.170349,0.155605,0.000000,0.000000,0.000000,0.000000,0.000000,0.100321,rest_at_bed,1,60,13540,bed,none,,,0.000000,1.000000,0,none,,7.513805,7.513805,completed,0,9,rain,24.000000
22,1103,3448085126,238,Day 10 09:40,none,,7.513805,7.513805,completed,0.060000,0.000000,0.142073,1.000000,0.359167,0.407333,0.794259,0.000000,0.254400,10,1,1,1,0,0,0,1,1,1,1,1,0,0,0,1,1,0.188587,0.159783,0.158840,0.000000,0.000000,0.000000,0.000000,0.000000,0.198216,0.183646,0.000000,0.000000,0.000000,0.000000,0.000000,0.110927,idle,1,10,13550,,none,,,0.000000,1.000000,0,none,,7.513805,7.513805,completed,0,9,rain,24.000000
22,1103,3448085126,239,Day 10 09:50,none,,7.513805,7.513805,completed,0.183333,0.004000,0.142073,0.946667,0.367500,0.414000,0.794259,0.000000,0.248400,10,1,1,1,0,0,0,1,1,1,1,1,0,0,0,1,1,0.202273,0.153799,0.165211,0.000000,0.000000,0.000000,0.000000,0.000000,0.192068,0.178371,0.000000,0.000000,0.000000,0.000000,0.000000,0.108279,go_to_bathroom,1,15,13565,door,none,,,0.000000,1.000000,0,none,,7.513805,7.513805,completed,0,9,rain,24.000000
22,1103,3448085126,240,Day 10 10:05,none,,7.513805,7.513805,completed,0.188333,0.010000,0.142073,1.000000,0.380000,0.000000,0.794259,0.000000,0.239400,10,1,1,1,0,0,0,1,1,1,1,1,0,0,0,1,1,0.250351,0.187513,0.204426,0.000000,0.000000,0.000000,0.000000,0.000000,0.000000,0.224072,0.000000,0.000000,0.000000,0.000000,0.000000,0.133636,use_phone,1,25,13590,phone,none,,,0.000000,1.000000,0,none,,7.513805,7.513805,completed,0,9,rain,24.000000
22,1103,3448085126,241,Day 10 10:30,none,,7.513805,7.513805,completed,0.000000,0.103629,0.142073,1.000000,0.400833,0.016667,0.794259,0.095000,0.324400,10,1,1,1,0,0,0,1,1,1,1,1,0,0,0,1,1,0.181228,0.187429,0.158131,0.000000,0.000000,0.000000,0.145158,0.000000,0.000000,0.209840,0.000000,0.000000,0.000000,0.000000,0.000000,0.118214,shop_on_phone,0,0,13590,phone,resource_insufficient,,,0.000000,1.000000,0,none,,7.513805,7.513805,completed,0,9,rain,24.000000
22,1103,3448085126,242,Day 10 10:30,none,,7.513805,7.513805,completed,0.000000,0.103629,0.142073,0.970000,0.400833,0.016667,0.824259,0.095000,0.324400,10,1,1,1,0,0,0,1,1,1,1,1,0,0,0,1,1,0.181338,0.187543,0.158227,0.000000,0.000000,0.000000,0.144638,0.000000,0.000000,0.209968,0.000000,0.000000,0.000000,0.000000,0.000000,0.118286,shop_on_phone,0,0,13590,phone,resource_insufficient,,,0.000000,1.000000,0,none,,7.513805,7.513805,completed,0,9,rain,24.000000
22,1103,3448085126,243,Day 10 10:30,none,,7.513805,7.513805,completed,0.000000,0.103629,0.142073,0.940000,0.400833,0.016667,0.854259,0.095000,0.324400,10,1,1,1,0,0,0,1,1,1,1,1,0,0,0,1,1,0.158080,0.163489,0.137933,0.000000,0.000000,0.000000,0.125559,0.000000,0.000000,0.183037,0.128788,0.000000,0.000000,0.000000,0.000000,0.103114,shop_on_phone,0,0,13590,phone,resource_insufficient,,,0.000000,1.000000,0,none,,7.513805,7.513805,completed,0,9,rain,24.000000
22,1103,3448085126,244,Day 10 10:30,none,,7.513805,7.513805,completed,0.000000,0.103629,0.142073,0.910000,0.400833,0.016667,0.884259,0.095000,0.324400,10,1,1,1,0,0,0,1,1,1,1,1,0,0,0,1,1,0.158069,0.163477,0.137923,0.000000,0.000000,0.000000,0.125024,0.000000,0.000000,0.183025,0.129375,0.000000,0.000000,0.000000,0.000000,0.103107,use_phone,1,25,13615,phone,none,,,0.000000,1.000000,0,none,,7.513805,7.513805,completed,0,9,rain,24.000000
22,1103,3448085126,245,Day 10 10:55,none,,7.513805,7.513805,completed,0.000000,0.197257,0.142073,0.941667,0.421667,0.033333,0.884259,0.190000,0.409400,10,1,1,1,0,0,0,1,1,1,1,1,0,0,0,1,1,0.144600,0.177000,0.128510,0.000000,0.000000,0.000000,0.142552,0.000000,0.000000,0.182510,0.125116,0.000000,0.000000,0.000000,0.000000,0.099713,turn_light_on,1,1,13616,light,none,,,0.000000,1.000000,0,none,,7.513805,7.513805,completed,0,9,rain,24.000000
22,1103,3448085126,246,Day 10 10:56,none,,7.513805,7.513805,completed,0.000333,0.197657,0.142073,0.961333,0.422500,0.034000,0.884259,0.189000,0.408800,10,1,1,1,0,0,0,1,1,1,1,0,1,0,0,1,1,0.165344,0.202106,0.146940,0.000000,0.000000,0.000000,0.162850,0.000000,0.000000,0.208812,0.000000,0.000000,0.000000,0.000000,0.000000,0.113948,idle,1,10,13626,,none,,,0.000000,1.000000,0,none,,7.513805,7.513805,completed,0,9,rain,24.000000
22,1103,3448085126,247,Day 10 11:06,none,,7.513805,7.513805,completed,0.123667,0.201657,0.142073,0.908000,0.430833,0.040667,0.884259,0.179000,0.402800,10,1,1,1,0,0,0,1,1,1,1,0,1,0,0,1,1,0.178821,0.195336,0.154064,0.000000,0.000000,0.000000,0.156448,0.000000,0.000000,0.203647,0.000000,0.000000,0.000000,0.000000,0.000000,0.111685,idle,1,10,13636,,none,message-study-group,,0.000000,1.000000,0,none,,7.513805,7.513805,completed,0,10,rain,24.000000
22,1103,3448085126,248,Day 10 11:16,none,,7.513805,7.513805,completed,0.247000,0.205657,0.142073,0.854667,0.439167,0.047333,0.884259,0.169000,0.396800,10,1,1,1,0,0,0,1,1,1,1,0,1,0,0,1,1,0.192991,0.188398,0.161196,0.000000,0.000000,0.000000,0.149982,0.000000,0.000000,0.198194,0.000000,0.000000,0.000000,0.000000,0.000000,0.109238,get_meal,1,35,13671,door,none,,,0.000000,1.000000,0,none,,7.513805,7.513805,completed,0,10,rain,24.000000
22,1103,3448085126,249,Day 10 11:51,none,,7.513805,7.513805,completed,0.218667,0.219657,0.142073,0.985333,0.000000,0.070667,0.884259,0.134000,0.375800,10,1,1,1,0,0,0,1,1,1,1,0,1,0,0,1,1,0.240760,0.231054,0.202829,0.000000,0.000000,0.000000,0.187786,0.000000,0.000000,0.000000,0.000000,0.000000,0.000000,0.000000,0.000000,0.137572,rest_at_bed,1,60,13731,bed,none,weather-clear|room-temperature-shift,,0.000000,1.000000,0,none,,7.513805,7.513805,completed,0,10,clear,24.000000
22,1103,3448085126,250,Day 10 12:51,none,,7.513805,7.513805,completed,0.278667,0.000000,0.142073,1.000000,0.050000,0.110667,0.884259,0.000000,0.339800,10,1,1,1,0,0,0,1,1,1,1,0,1,0,0,1,1,0.323901,0.257043,0.258037,0.000000,0.000000,0.000000,0.000000,0.000000,0.000000,0.000000,0.000000,0.000000,0.000000,0.000000,0.000000,0.161018,idle,1,10,13741,,none,,,0.000000,1.000000,0,none,,7.513805,7.513805,completed,0,10,clear,24.000000
22,1103,3448085126,251,Day 10 13:01,none,,7.513805,7.513805,completed,0.402000,0.004000,0.142073,0.946667,0.058333,0.117333,0.884259,0.000000,0.333800,10,1,1,1,0,0,0,1,1,1,1,0,1,0,0,1,1,0.340466,0.242473,0.263026,0.000000,0.000000,0.000000,0.000000,0.000000,0.000000,0.000000,0.000000,0.000000,0.000000,0.000000,0.000000,0.154035,use_phone,1,25,13766,phone,none,,,0.000000,1.000000,0,none,,7.513805,7.513805,completed,0,10,clear,24.000000
22,1103,3448085126,252,Day 10 13:26,none,,7.513805,7.513805,completed,0.190333,0.097629,0.142073,0.978333,0.079167,0.134000,0.884259,0.095000,0.418800,10,1,1,1,0,0,0,1,1,1,1,0,1,0,0,1,1,0.212126,0.212621,0.176158,0.000000,0.000000,0.000000,0.140092,0.000000,0.139603,0.000000,0.000000,0.000000,0.000000,0.000000,0.000000,0.119400,rest_at_bed,1,60,13826,bed,none,,,0.000000,1.000000,0,none,,7.513805,7.513805,completed,0,10,clear,24.000000
22,1103,3448085126,253,Day 10 14:26,none,,7.513805,7.513805,completed,0.250333,0.000000,0.142073,1.000000,0.129167,0.174000,0.884259,0.000000,0.382800,10,1,1,1,0,0,0,1,1,1,1,0,1,0,0,1,1,0.228339,0.196363,0.183224,0.000000,0.000000,0.000000,0.000000,0.000000,0.142743,0.133317,0.000000,0.000000,0.000000,0.000000,0.000000,0.116014,shop_on_phone,0,0,13826,phone,resource_insufficient,,,0.000000,1.000000,0,none,,7.513805,7.513805,completed,0,10,clear,24.000000
22,1103,3448085126,254,Day 10 14:26,none,,7.513805,7.513805,completed,0.250333,0.000000,0.142073,0.970000,0.129167,0.174000,0.914259,0.000000,0.382800,10,1,1,1,0,0,0,1,1,1,1,0,1,0,0,1,1,0.228339,0.196363,0.183224,0.000000,0.000000,0.000000,0.000000,0.000000,0.142743,0.133317,0.000000,0.000000,0.000000,0.000000,0.000000,0.116014,use_phone,1,25,13851,phone,none,,,0.000000,1.000000,0,none,,7.513805,7.513805,completed,0,10,clear,24.000000
22,1103,3448085126,255,Day 10 14:51,none,,7.513805,7.513805,completed,0.038667,0.093629,0.142073,1.000000,0.150000,0.190667,0.914259,0.095000,0.467800,10,1,1,1,0,0,0,1,1,1,1,0,1,0,0,1,1,0.165318,0.200089,0.142596,0.000000,0.000000,0.000000,0.124192,0.000000,0.135759,0.127546,0.000000,0.000000,0.000000,0.000000,0.000000,0.104500,get_meal,1,35,13886,door,none,,,0.000000,1.000000,0,none,,7.513805,7.513805,completed,0,10,clear,24.000000
22,1103,3448085126,256,Day 10 15:26,none,,7.513805,7.513805,completed,0.010333,0.107629,0.142073,1.000000,0.000000,0.214000,0.914259,0.060000,0.446800,10,1,1,1,0,0,0,1,1,1,1,0,1,0,0,1,1,0.188197,0.223927,0.163730,0.000000,0.000000,0.000000,0.141894,0.000000,0.162159,0.000000,0.000000,0.000000,0.000000,0.000000,0.000000,0.120093,use_phone,1,25,13911,phone,none,,,0.000000,1.000000,0,none,,7.513805,7.513805,completed,0,10,clear,24.000000
