personality_index,scenario_seed,action_seed,step,decision_time,pre_commitment_status,pre_commitment_task_id,pre_task_effort,pre_task_effort_target,pre_task_status,pre_boredom,pre_fatigue,pre_task_pressure,pre_satisfaction,pre_hunger,pre_bathroom_urge,pre_anxiety,pre_screen_strain,pre_purchase_urge,known_action_count,known_use_phone,known_shop_on_phone,known_use_computer,known_study_at_computer,known_study_focused,known_study_halfhearted,known_rest_at_bed,known_sleep_at_bed,known_go_to_bathroom,known_get_meal,known_turn_light_on,known_turn_light_off,known_turn_off_alarm,known_open_curtain,known_close_curtain,known_idle,p_use_phone,p_shop_on_phone,p_use_computer,p_study_at_computer,p_study_focused,p_study_halfhearted,p_rest_at_bed,p_sleep_at_bed,p_go_to_bathroom,p_get_meal,p_turn_light_on,p_turn_light_off,p_turn_off_alarm,p_open_curtain,p_close_curtain,p_idle,chosen_action,accepted,elapsed_minutes,simulation_total_minutes,target_object_id,failure_reason,event_ids,outcome_task_id,outcome_task_effort_gained,outcome_task_settlement_variation,outcome_task_session_interrupted,post_commitment_status,post_commitment_task_id,post_task_effort,post_task_effort_target,post_task_status,post_wallet,post_unread_messages,post_weather,post_temperature_celsius
16,1107,3448110748,1,Day 1 08:00,none,,0.000000,8.672197,active,0.550000,0.150000,0.550000,0.450000,0.250000,0.150000,0.200000,0.050000,0.100000,13,1,1,1,1,1,1,1,1,1,1,0,1,0,0,1,1,0.122260,0.000000,0.104724,0.155060,0.162893,0.121025,0.082938,0.000000,0.083739,0.093282,0.000000,0.000000,0.000000,0.000000,0.000000,0.074080,study_focused,1,35,515,desk,none,alarm-rings,coursework,0.390615,1.016981,0,active,coursework,0.390615,8.672197,active,120,0,clear,23.000000
16,1107,3448110748,2,Day 1 08:35,active,coursework,0.390615,8.672197,active,0.611667,0.274000,0.403417,0.518333,0.279167,0.173333,0.201894,0.015000,0.079000,14,1,1,1,1,1,1,1,1,1,1,0,1,1,0,1,1,0.113298,0.000000,0.097354,0.126755,0.134135,0.114063,0.080183,0.000000,0.076666,0.085922,0.000000,0.000000,0.104481,0.000000,0.000000,0.067144,study_at_computer,1,35,550,computer,none,,coursework,1.044396,1.050114,0,active,coursework,1.435011,8.672197,active,120,0,clear,23.000000
16,1107,3448110748,3,Day 1 09:10,active,coursework,1.435011,8.672197,active,0.643333,0.398467,0.256834,0.586667,0.308333,0.196667,0.151894,0.060000,0.058000,14,1,1,1,1,1,1,1,1,1,1,0,1,1,0,1,1,0.119588,0.000000,0.103872,0.103041,0.109840,0.106213,0.097122,0.000000,0.083758,0.094443,0.000000,0.000000,0.109734,0.000000,0.000000,0.072389,turn_off_alarm,1,1,551,alarm,none,,,0.000000,1.000000,0,active,coursework,1.435011,8.672197,active,120,0,clear,23.000000
16,1107,3448110748,4,Day 1 09:11,active,coursework,1.435011,8.672197,active,0.643667,0.398867,0.256834,0.616333,0.309167,0.197333,0.131894,0.059000,0.057400,13,1,1,1,1,1,1,1,1,1,1,0,1,0,0,1,1,0.134452,0.000000,0.116779,0.115285,0.123282,0.119084,0.109349,0.000000,0.094192,0.106227,0.000000,0.000000,0.000000,0.000000,0.000000,0.081349,study_halfhearted,1,35,586,desk,none,,coursework,0.220123,0.955165,0,active,coursework,1.655134,8.672197,active,120,0,clear,23.000000
16,1107,3448110748,5,Day 1 09:46,active,coursework,1.655134,8.672197,active,0.705333,0.492867,0.178656,0.624667,0.338333,0.220667,0.111894,0.024000,0.036400,13,1,1,1,1,1,1,1,1,1,1,0,1,0,0,1,1,0.142421,0.000000,0.123615,0.100810,0.107899,0.114266,0.117791,0.000000,0.098193,0.111415,0.000000,0.000000,0.000000,0.000000,0.000000,0.083589,get_meal,1,35,621,door,none,message-study-group,,0.000000,1.000000,0,suspended,coursework,1.655134,8.672197,active,120,1,clear,23.000000
16,1107,3448110748,6,Day 1 10:21,suspended,coursework,1.655134,8.672197,active,0.677000,0.506867,0.285391,0.751827,0.000000,0.244000,0.201762,0.000000,0.015400,13,1,1,1,1,1,1,1,1,1,1,0,1,0,0,1,1,0.149495,0.000000,0.130641,0.128412,0.139324,0.132822,0.123961,0.000000,0.107260,0.000000,0.000000,0.000000,0.000000,0.000000,0.000000,0.088085,study_halfhearted,1,35,656,desk,none,,coursework,0.225918,0.980309,0,active,coursework,1.881052,8.672197,active,120,1,clear,23.000000
16,1107,3448110748,7,Day 1 10:56,active,coursework,1.881052,8.672197,active,0.738667,0.600867,0.207213,0.760160,0.029167,0.267333,0.181762,0.000000,0.000000,13,1,1,1,1,1,1,1,1,1,1,0,1,0,0,1,1,0.125739,0.000000,0.109887,0.090167,0.097916,0.102340,0.109249,0.119965,0.089788,0.000000,0.000000,0.082269,0.000000,0.000000,0.000000,0.072679,go_to_bathroom,1,15,671,door,none,,,0.000000,1.000000,0,suspended,coursework,1.881052,8.672197,active,120,1,clear,23.000000
16,1107,3448110748,8,Day 1 11:11,suspended,coursework,1.881052,8.672197,active,0.743667,0.606867,0.207213,0.853986,0.041667,0.000000,0.181762,0.000000,0.000000,13,1,1,1,1,1,1,1,1,1,1,0,1,0,0,1,1,0.138058,0.000000,0.120629,0.098576,0.108127,0.112193,0.120206,0.132304,0.000000,0.000000,0.000000,0.090281,0.000000,0.000000,0.000000,0.079627,study_focused,1,35,706,desk,none,,coursework,0.396419,1.032093,0,active,coursework,2.277471,8.672197,active,120,1,clear,23.000000
16,1107,3448110748,9,Day 1 11:46,active,coursework,2.277471,8.672197,active,0.775333,0.730867,0.060630,0.922320,0.070833,0.023333,0.131762,0.000000,0.000000,13,1,1,1,1,1,1,1,1,1,1,0,1,0,0,1,1,0.169085,0.000000,0.149186,0.000000,0.000000,0.119483,0.162491,0.186651,0.000000,0.000000,0.000000,0.114928,0.000000,0.000000,0.000000,0.098177,turn_light_off,1,1,707,light,none,,,0.000000,1.000000,0,active,coursework,2.277471,8.672197,active,120,1,clear,23.000000
16,1107,3448110748,10,Day 1 11:47,active,coursework,2.277471,8.672197,active,0.775667,0.731267,0.060630,0.941986,0.071667,0.024000,0.131762,0.000000,0.000000,10,1,1,1,0,0,0,1,1,1,1,1,0,0,0,1,1,0.220838,0.000000,0.194845,0.000000,0.000000,0.000000,0.212256,0.243853,0.000000,0.000000,0.000000,0.000000,0.000000,0.000000,0.000000,0.128208,idle,1,10,717,,none,,,0.000000,1.000000,0,active,coursework,2.277471,8.672197,active,120,1,clear,23.000000
16,1107,3448110748,11,Day 1 11:57,active,coursework,2.277471,8.672197,active,0.899000,0.735267,0.167365,0.888653,0.080000,0.030667,0.171629,0.000000,0.000000,10,1,1,1,0,0,0,1,1,1,1,1,0,0,0,1,1,0.232618,0.000000,0.200474,0.000000,0.000000,0.000000,0.205099,0.237005,0.000000,0.000000,0.000000,0.000000,0.000000,0.000000,0.000000,0.124805,use_computer,1,30,747,computer,none,,,0.000000,1.000000,0,active,coursework,2.277471,8.672197,active,120,1,clear,23.000000
16,1107,3448110748,12,Day 1 12:27,active,coursework,2.277471,8.672197,active,0.749000,0.848097,0.244100,0.878653,0.105000,0.050667,0.211497,0.080000,0.000000,10,1,1,1,0,0,0,1,1,1,1,1,0,0,0,1,1,0.173113,0.000000,0.156118,0.000000,0.000000,0.000000,0.200624,0.244797,0.000000,0.000000,0.120267,0.000000,0.000000,0.000000,0.000000,0.105081,use_phone,1,25,772,phone,none,,,0.000000,1.000000,0,active,coursework,2.277471,8.672197,active,120,1,clear,23.000000
16,1107,3448110748,13,Day 1 12:52,active,coursework,2.277471,8.672197,active,0.537333,0.939083,0.340834,0.910320,0.125833,0.067333,0.251364,0.175000,0.085000,10,1,1,1,0,0,0,1,1,1,1,1,0,0,0,1,1,0.125150,0.000000,0.119233,0.000000,0.000000,0.000000,0.197505,0.252626,0.000000,0.000000,0.114563,0.000000,0.000000,0.000000,0.101738,0.089186,close_curtain,1,1,773,window,none,,,0.000000,1.000000,0,active,coursework,2.277471,8.672197,active,120,1,clear,23.000000
16,1107,3448110748,14,Day 1 12:53,active,coursework,2.277471,8.672197,active,0.537667,0.939483,0.340834,0.919986,0.126667,0.068000,0.251364,0.174000,0.084400,10,1,1,1,0,0,0,1,1,1,1,1,0,0,1,0,1,0.125820,0.000000,0.119868,0.000000,0.000000,0.000000,0.198421,0.253818,0.000000,0.097332,0.115119,0.000000,0.000000,0.000000,0.000000,0.089623,sleep_at_bed,1,46,819,bed,none,weather-clear|task-reminder|room-temperature-shift,,0.000000,1.000000,0,suspended,coursework,2.277471,8.672197,active,120,1,clear,17.000000
16,1107,3448110748,15,Day 1 13:39,suspended,coursework,2.277471,8.672197,active,0.473000,0.565562,0.567569,0.924653,0.165000,0.098667,0.415020,0.000000,0.056800,10,1,1,1,0,0,0,1,1,1,1,1,0,0,1,0,1,0.185661,0.000000,0.170092,0.000000,0.000000,0.000000,0.183132,0.000000,0.000000,0.141255,0.197818,0.000000,0.000000,0.000000,0.000000,0.122042,use_phone,1,25,844,phone,none,,,0.000000,1.000000,0,suspended,coursework,2.277471,8.672197,active,120,1,clear,17.000000
16,1107,3448110748,16,Day 1 14:04,suspended,coursework,2.277471,8.672197,active,0.261333,0.656548,0.664304,0.956320,0.185833,0.115333,0.455822,0.095000,0.141800,10,1,1,1,0,0,0,1,1,1,1,1,0,0,1,0,1,0.112262,0.102913,0.108652,0.000000,0.000000,0.000000,0.150774,0.175539,0.000000,0.105604,0.157623,0.000000,0.000000,0.000000,0.000000,0.086635,rest_at_bed,1,60,904,bed,none,,,0.000000,1.000000,0,suspended,coursework,2.277471,8.672197,active,120,1,clear,17.000000
16,1107,3448110748,17,Day 1 15:04,suspended,coursework,2.277471,8.672197,active,0.321333,0.444353,0.721039,0.986320,0.235833,0.155333,0.510272,0.000000,0.105800,10,1,1,1,0,0,0,1,1,1,1,1,0,0,1,0,1,0.150002,0.000000,0.139356,0.000000,0.000000,0.000000,0.145388,0.000000,0.123820,0.134987,0.201350,0.000000,0.000000,0.000000,0.000000,0.105097,rest_at_bed,1,60,964,bed,none,,,0.000000,1.000000,0,suspended,coursework,2.277471,8.672197,active,120,1,clear,17.000000
16,1107,3448110748,18,Day 1 16:04,suspended,coursework,2.277471,8.672197,active,0.381333,0.232158,0.777774,1.000000,0.285833,0.195333,0.571960,0.000000,0.069800,10,1,1,1,0,0,0,1,1,1,1,1,0,0,1,0,1,0.158109,0.000000,0.141282,0.000000,0.000000,0.000000,0.119862,0.000000,0.127382,0.140325,0.209354,0.000000,0.000000,0.000000,0.000000,0.103686,go_to_bathroom,1,15,979,door,none,,,0.000000,1.000000,0,suspended,coursework,2.277471,8.672197,active,120,1,clear,17.000000
16,1107,3448110748,19,Day 1 16:19,suspended,coursework,2.277471,8.672197,active,0.386333,0.238158,0.777774,1.000000,0.298333,0.000000,0.579224,0.000000,0.060800,10,1,1,1,0,0,0,1,1,1,1,1,0,0,1,0,1,0.180965,0.000000,0.161673,0.000000,0.000000,0.000000,0.137372,0.000000,0.000000,0.162398,0.239175,0.000000,0.000000,0.000000,0.000000,0.118417,turn_light_on,1,1,980,light,none,,,0.000000,1.000000,0,suspended,coursework,2.277471,8.672197,active,120,1,clear,17.000000
16,1107,3448110748,20,Day 1 16:20,suspended,coursework,2.277471,8.672197,active,0.386667,0.238558,0.777774,1.000000,0.299167,0.000667,0.579709,0.000000,0.060200,13,1,1,1,1,1,1,1,1,1,1,0,1,0,1,0,1,0.088104,0.000000,0.078711,0.222336,0.247715,0.159480,0.066887,0.000000,0.000000,0.079123,0.000000,0.000000,0.000000,0.000000,0.000000,0.057644,study_focused,1,35,1015,desk,none,,coursework,0.414531,1.079246,0,active,coursework,2.692001,8.672197,active,120,1,clear,17.000000
16,1107,3448110748,21,Day 1 16:55,active,coursework,2.692001,8.672197,active,0.418333,0.362558,0.631191,1.000000,0.328333,0.024000,0.546659,0.000000,0.039200,13,1,1,1,1,1,1,1,1,1,1,0,1,0,1,0,1,0.102803,0.000000,0.092742,0.197665,0.220229,0.138108,0.085984,0.000000,0.000000,0.094758,0.000000,0.000000,0.000000,0.000000,0.000000,0.067712,rest_at_bed,1,60,1075,bed,none,,,0.000000,1.000000,0,suspended,coursework,2.692001,8.672197,active,120,1,clear,17.000000
16,1107,3448110748,22,Day 1 17:55,suspended,coursework,2.692001,8.672197,active,0.478333,0.150363,0.687926,1.000000,0.378333,0.064000,0.596885,0.000000,0.003200,13,1,1,1,1,1,1,1,1,1,1,0,1,0,1,0,1,0.108526,0.000000,0.094169,0.227375,0.253330,0.151038,0.000000,0.000000,0.000000,0.098657,0.000000,0.000000,0.000000,0.000000,0.000000,0.066906,use_phone,1,25,1100,phone,none,,,0.000000,1.000000,0,suspended,coursework,2.692001,8.672197,active,120,1,clear,17.000000
16,1107,3448110748,23,Day 1 18:20,suspended,coursework,2.692001,8.672197,active,0.266667,0.241349,0.784661,1.000000,0.399167,0.080667,0.644084,0.095000,0.088200,13,1,1,1,1,1,1,1,1,1,1,0,1,0,1,0,1,0.079961,0.000000,0.073299,0.231612,0.258051,0.138063,0.071265,0.000000,0.000000,0.089875,0.000000,0.000000,0.000000,0.000000,0.000000,0.057874,get_meal,1,35,1135,door,none,,,0.000000,1.000000,0,suspended,coursework,2.692001,8.672197,active,120,1,clear,17.000000
16,1107,3448110748,24,Day 1 18:55,suspended,coursework,2.692001,8.672197,active,0.238333,0.255349,0.784661,1.000000,0.000000,0.104000,0.661548,0.060000,0.067200,13,1,1,1,1,1,1,1,1,1,1,0,1,0,1,0,1,0.086859,0.000000,0.080146,0.254186,0.283201,0.154802,0.077483,0.000000,0.000000,0.000000,0.000000,0.000000,0.000000,0.000000,0.000000,0.063323,study_at_computer,1,35,1170,computer,none,evening,coursework,1.076886,1.082783,0,active,coursework,3.768888,8.672197,active,120,1,clear,17.000000
16,1107,3448110748,25,Day 1 19:30,active,coursework,3.768888,8.672197,active,0.270000,0.379816,0.638077,1.000000,0.029167,0.127333,0.629011,0.105000,0.046200,13,1,1,1,1,1,1,1,1,1,1,0,1,0,1,0,1,0.092508,0.000000,0.086283,0.209275,0.233164,0.136690,0.094521,0.000000,0.078673,0.000000,0.000000,0.000000,0.000000,0.000000,0.000000,0.068886,study_focused,1,35,1205,desk,none,,coursework,0.418673,1.090031,0,active,coursework,4.187561,8.672197,active,120,1,clear,17.000000
16,1107,3448110748,26,Day 1 20:05,active,coursework,4.187561,8.672197,active,0.301667,0.503816,0.491494,1.000000,0.058333,0.150667,0.585566,0.070000,0.025200,13,1,1,1,1,1,1,1,1,1,1,0,1,0,1,0,1,0.096338,0.000000,0.090667,0.163835,0.182537,0.122492,0.105365,0.000000,0.082647,0.000000,0.000000,0.084707,0.000000,0.000000,0.000000,0.071413,rest_at_bed,1,60,1265,bed,none,,,0.000000,1.000000,0,suspended,coursework,4.187561,8.672197,active,120,1,clear,17.000000
16,1107,3448110748,27,Day 1 21:05,suspended,coursework,4.187561,8.672197,active,0.361667,0.291621,0.548229,1.000000,0.108333,0.190667,0.625433,0.000000,0.000000,13,1,1,1,1,1,1,1,1,1,1,0,1,0,1,0,1,0.107328,0.000000,0.097011,0.194041,0.216191,0.138065,0.086679,0.000000,0.087872,0.000000,0.000000,0.000000,0.000000,0.000000,0.000000,0.072813,study_focused,1,35,1300,desk,none,,coursework,0.364898,0.950026,0,active,coursework,4.552459,8.672197,active,120,1,clear,17.000000
16,1107,3448110748,28,Day 1 21:40,active,coursework,4.552459,8.672197,active,0.393333,0.415621,0.401646,1.000000,0.137500,0.214000,0.575433,0.000000,0.000000,13,1,1,1,1,1,1,1,1,1,1,0,1,0,1,0,1,0.109795,0.000000,0.100213,0.150696,0.167898,0.122815,0.097869,0.000000,0.091704,0.084024,0.000000,0.000000,0.000000,0.000000,0.000000,0.074987,study_halfhearted,1,35,1335,desk,none,,coursework,0.246931,1.071491,0,active,coursework,4.799390,8.672197,active,120,1,clear,17.000000
16,1107,3448110748,29,Day 1 22:15,active,coursework,4.799390,8.672197,active,0.455000,0.509621,0.323468,1.000000,0.166667,0.237333,0.555433,0.000000,0.000000,13,1,1,1,1,1,1,1,1,1,1,0,1,0,1,0,1,0.116802,0.000000,0.106614,0.133835,0.149112,0.119688,0.109095,0.000000,0.097094,0.089505,0.000000,0.000000,0.000000,0.000000,0.000000,0.078256,rest_at_bed,1,60,1395,bed,none,,,0.000000,1.000000,0,suspended,coursework,4.799390,8.672197,active,120,1,clear,17.000000
16,1107,3448110748,30,Day 1 23:15,suspended,coursework,4.799390,8.672197,active,0.515000,0.297427,0.380203,1.000000,0.216667,0.277333,0.595301,0.000000,0.000000,13,1,1,1,1,1,1,1,1,1,1,0,1,0,1,0,1,0.117669,0.000000,0.103307,0.146590,0.163323,0.124760,0.086164,0.000000,0.095469,0.088928,0.000000,0.000000,0.000000,0.000000,0.000000,0.073790,study_halfhearted,1,35,1430,desk,none,,coursework,0.246955,1.071594,0,active,coursework,5.046345,8.672197,active,120,1,clear,17.000000
16,1107,3448110748,31,Day 1 23:50,active,coursework,5.046345,8.672197,active,0.576667,0.391427,0.302025,1.000000,0.245833,0.300667,0.575301,0.000000,0.000000,13,1,1,1,1,1,1,1,1,1,1,0,1,0,1,0,1,0.125081,0.000000,0.109822,0.130088,0.144938,0.121491,0.095973,0.000000,0.101003,0.094657,0.000000,0.000000,0.000000,0.000000,0.000000,0.076948,idle,1,10,1440,,none,,,0.000000,1.000000,0,active,coursework,5.046345,8.672197,active,120,1,clear,17.000000
16,1107,3448110748,32,Day 2 00:00,active,coursework,5.046345,8.672197,active,0.700000,0.395427,0.408760,0.946667,0.254167,0.307333,0.615168,0.000000,0.000000,13,1,1,1,1,1,1,1,1,1,1,0,1,0,1,0,1,0.115895,0.000000,0.099394,0.131426,0.145596,0.119146,0.081575,0.000000,0.086583,0.081284,0.000000,0.000000,0.000000,0.073210,0.000000,0.065890,study_focused,1,35,1475,desk,none,,coursework,0.395703,1.030228,0,active,coursework,5.442048,8.672197,active,120,1,clear,17.000000
16,1107,3448110748,33,Day 2 00:35,active,coursework,5.442048,8.672197,active,0.731667,0.519427,0.262177,1.000000,0.283333,0.330667,0.565168,0.000000,0.000000,13,1,1,1,1,1,1,1,1,1,1,0,1,0,1,0,1,0.124319,0.000000,0.107663,0.107027,0.119244,0.111134,0.096581,0.000000,0.094748,0.089491,0.000000,0.000000,0.000000,0.078638,0.000000,0.071154,get_meal,1,35,1510,door,none,,,0.000000,1.000000,0,suspended,coursework,5.442048,8.672197,active,120,1,clear,17.000000
16,1107,3448110748,34,Day 2 01:10,suspended,coursework,5.442048,8.672197,active,0.703333,0.533427,0.262177,1.000000,0.000000,0.354000,0.565168,0.000000,0.000000,13,1,1,1,1,1,1,1,1,1,1,0,1,0,1,0,1,0.123417,0.000000,0.107666,0.108152,0.120498,0.111301,0.099068,0.000000,0.098640,0.000000,0.000000,0.080072,0.000000,0.079233,0.000000,0.071953,study_focused,1,35,1545,desk,none,,coursework,0.403613,1.050823,0,active,coursework,5.845661,8.672197,active,120,1,clear,17.000000
16,1107,3448110748,35,Day 2 01:45,active,coursework,5.845661,8.672197,active,0.735000,0.657427,0.115594,1.000000,0.029167,0.377333,0.515168,0.000000,0.000000,13,1,1,1,1,1,1,1,1,1,1,0,1,0,1,0,1,0.114842,0.000000,0.101167,0.076402,0.085123,0.090058,0.101747,0.118349,0.093636,0.000000,0.000000,0.077445,0.000000,0.073827,0.000000,0.067403,sleep_at_bed,1,480,2025,bed,none,alarm-rings|task-deadline,,0.000000,1.000000,0,suspended,coursework,5.845661,8.672197,active,120,1,clear,17.000000
16,1107,3448110748,36,Day 2 09:45,suspended,coursework,5.845661,8.672197,active,0.845000,0.379279,0.202329,0.920000,0.429167,0.697333,0.606930,0.000000,0.000000,14,1,1,1,1,1,1,1,1,1,1,0,1,1,1,0,1,0.120674,0.000000,0.100405,0.075927,0.083873,0.083848,0.075717,0.000000,0.125723,0.092598,0.000000,0.000000,0.106364,0.071165,0.000000,0.063706,idle,1,10,2035,,none,,,0.000000,1.000000,0,suspended,coursework,5.845661,8.672197,active,120,1,clear,17.000000
16,1107,3448110748,37,Day 2 09:55,suspended,coursework,5.845661,8.672197,active,0.968333,0.383279,0.309063,0.866667,0.437500,0.704000,0.646797,0.000000,0.000000,14,1,1,1,1,1,1,1,1,1,1,0,1,1,1,0,1,0.123064,0.000000,0.100016,0.084428,0.092734,0.093455,0.070835,0.000000,0.118621,0.087519,0.000000,0.000000,0.100679,0.068608,0.000000,0.060041,use_computer,1,30,2065,computer,none,,,0.000000,1.000000,0,suspended,coursework,5.845661,8.672197,active,120,1,clear,17.000000
16,1107,3448110748,38,Day 2 10:25,suspended,coursework,5.845661,8.672197,active,0.818333,0.496110,0.385798,0.856667,0.462500,0.724000,0.686665,0.080000,0.000000,14,1,1,1,1,1,1,1,1,1,1,0,1,1,1,0,1,0.099316,0.000000,0.084464,0.086692,0.095118,0.089746,0.075140,0.000000,0.113099,0.083881,0.000000,0.061093,0.094878,0.061752,0.000000,0.054821,get_meal,1,35,2100,door,none,message-study-group,,0.000000,1.000000,0,suspended,coursework,5.845661,8.672197,active,120,2,clear,17.000000
16,1107,3448110748,39,Day 2 11:00,suspended,coursework,5.845661,8.672197,active,0.790000,0.510110,0.492533,0.983827,0.000000,0.747333,0.776533,0.045000,0.000000,14,1,1,1,1,1,1,1,1,1,1,0,1,1,1,0,1,0.101711,0.000000,0.087070,0.107359,0.119408,0.104728,0.076428,0.000000,0.120109,0.000000,0.000000,0.062999,0.100555,0.063469,0.000000,0.056164,study_at_computer,1,35,2135,computer,none,,coursework,1.056348,1.062132,0,active,coursework,6.902009,8.672197,active,120,2,clear,17.000000
16,1107,3448110748,40,Day 2 11:35,active,coursework,6.902009,8.672197,active,0.821667,0.634577,0.345950,1.000000,0.029167,0.770667,0.726533,0.090000,0.000000,14,1,1,1,1,1,1,1,1,1,1,0,1,1,1,0,1,0.092297,0.000000,0.079866,0.089031,0.099194,0.090356,0.079587,0.094533,0.112812,0.000000,0.000000,0.060955,0.090796,0.058515,0.000000,0.052057,use_phone,1,25,2160,phone,none,,,0.000000,1.000000,0,active,coursework,6.902009,8.672197,active,120,2,clear,17.000000
16,1107,3448110748,41,Day 2 12:00,active,coursework,6.902009,8.672197,active,0.610000,0.725563,0.442685,1.000000,0.050000,0.787333,0.766400,0.185000,0.085000,14,1,1,1,1,1,1,1,1,1,1,0,1,1,1,0,1,0.078415,0.000000,0.071683,0.104411,0.116329,0.092152,0.092076,0.114648,0.117990,0.000000,0.000000,0.066161,0.094211,0.000000,0.000000,0.051924,use_phone,1,25,2185,phone,none,,,0.000000,1.000000,0,active,coursework,6.902009,8.672197,active,120,2,clear,17.000000
16,1107,3448110748,42,Day 2 12:25,active,coursework,6.902009,8.672197,active,0.398333,0.816549,0.539420,1.000000,0.070833,0.804000,0.806268,0.280000,0.170000,14,1,1,1,1,1,1,1,1,1,1,0,1,1,1,0,1,0.058613,0.054972,0.056605,0.107728,0.120026,0.082686,0.093720,0.122329,0.108572,0.000000,0.000000,0.063180,0.086004,0.000000,0.000000,0.045565,study_focused,1,35,2220,desk,none,,coursework,0.401368,1.044976,0,active,coursework,7.303377,8.672197,active,120,2,clear,17.000000
16,1107,3448110748,43,Day 2 13:00,active,coursework,7.303377,8.672197,active,0.430000,0.940549,0.392837,1.000000,0.100000,0.827333,0.756268,0.245000,0.149000,14,1,1,1,1,1,1,1,1,1,1,0,1,1,1,0,1,0.061682,0.055779,0.060107,0.085106,0.094821,0.074820,0.105646,0.143511,0.115258,0.000000,0.000000,0.067764,0.087772,0.000000,0.000000,0.047734,use_phone,1,25,2245,phone,none,,,0.000000,1.000000,0,active,coursework,7.303377,8.672197,active,120,2,clear,17.000000
16,1107,3448110748,44,Day 2 13:25,active,coursework,7.303377,8.672197,active,0.218333,1.000000,0.489571,1.000000,0.120833,0.844000,0.796135,0.340000,0.234000,14,1,1,1,1,1,1,1,1,1,1,0,1,1,1,0,1,0.048889,0.057158,0.050126,0.093520,0.104196,0.071188,0.110729,0.155762,0.112007,0.000000,0.000000,0.067567,0.084621,0.000000,0.000000,0.044238,study_focused,1,35,2280,desk,none,weather-clear,coursework,0.390956,1.017869,0,active,coursework,7.694333,8.672197,active,120,2,clear,17.000000
16,1107,3448110748,45,Day 2 14:00,active,coursework,7.694333,8.672197,active,0.250000,1.000000,0.342988,1.000000,0.150000,0.867333,0.746135,0.305000,0.213000,14,1,1,1,1,1,1,1,1,1,1,0,1,1,1,0,1,0.050494,0.056022,0.051415,0.073771,0.082192,0.063221,0.109156,0.152303,0.114856,0.051447,0.000000,0.066938,0.083419,0.000000,0.000000,0.044765,study_halfhearted,1,35,2315,desk,none,,coursework,0.252756,1.096766,0,active,coursework,7.947088,8.672197,active,120,2,clear,17.000000
16,1107,3448110748,46,Day 2 14:35,active,coursework,7.947088,8.672197,active,0.311667,1.000000,0.264810,1.000000,0.179167,0.890667,0.726135,0.270000,0.192000,14,1,1,1,1,1,1,1,1,1,1,0,1,1,1,0,1,0.054267,0.056075,0.054557,0.066311,0.073880,0.061548,0.109310,0.151765,0.120026,0.054091,0.000000,0.067581,0.084480,0.000000,0.000000,0.046110,rest_at_bed,1,60,2375,bed,none,room-temperature-shift,,0.000000,1.000000,0,suspended,coursework,7.947088,8.672197,active,120,2,clear,17.000000
16,1107,3448110748,47,Day 2 15:35,suspended,coursework,7.947088,8.672197,active,0.371667,0.787805,0.321545,1.000000,0.229167,0.930667,0.766003,0.070000,0.156000,14,1,1,1,1,1,1,1,1,1,1,0,1,1,1,0,1,0.066530,0.058261,0.064059,0.069858,0.077833,0.061708,0.088541,0.111897,0.134695,0.061337,0.000000,0.064025,0.091635,0.000000,0.000000,0.049622,turn_off_alarm,1,1,2376,alarm,none,,,0.000000,1.000000,0,suspended,coursework,7.947088,8.672197,active,120,2,clear,17.000000
16,1107,3448110748,48,Day 2 15:36,suspended,coursework,7.947088,8.672197,active,0.372000,0.788205,0.321545,1.000000,0.230000,0.931333,0.746003,0.069000,0.155400,13,1,1,1,1,1,1,1,1,1,1,0,1,0,1,0,1,0.073152,0.063991,0.070433,0.076438,0.085164,0.069868,0.097493,0.122958,0.148139,0.067471,0.000000,0.070356,0.000000,0.000000,0.000000,0.054537,go_to_bathroom,1,15,2391,door,none,,,0.000000,1.000000,0,suspended,coursework,7.947088,8.672197,active,120,2,clear,17.000000
16,1107,3448110748,49,Day 2 15:51,suspended,coursework,7.947088,8.672197,active,0.377000,0.794205,0.321545,1.000000,0.242500,0.321333,0.746003,0.054000,0.146400,13,1,1,1,1,1,1,1,1,1,1,0,1,0,1,0,1,0.079276,0.068226,0.076289,0.082085,0.091455,0.077690,0.104528,0.131978,0.080639,0.073578,0.000000,0.075566,0.000000,0.000000,0.000000,0.058691,rest_at_bed,1,60,2451,bed,none,,,0.000000,1.000000,0,suspended,coursework,7.947088,8.672197,active,120,2,clear,17.000000
16,1107,3448110748,50,Day 2 16:51,suspended,coursework,7.947088,8.672197,active,0.437000,0.582010,0.378280,1.000000,0.292500,0.361333,0.785870,0.000000,0.110400,13,1,1,1,1,1,1,1,1,1,1,0,1,0,1,0,1,0.097426,0.000000,0.090074,0.127908,0.142509,0.118965,0.096164,0.000000,0.095063,0.087647,0.000000,0.077893,0.000000,0.000000,0.000000,0.066351,idle,1,10,2461,,none,,,0.000000,1.000000,0,suspended,coursework,7.947088,8.672197,active,120,2,clear,17.000000
16,1107,3448110748,51,Day 2 17:01,suspended,coursework,7.947088,8.672197,active,0.560333,0.586010,0.485015,0.946667,0.300833,0.368000,0.825738,0.000000,0.104400,13,1,1,1,1,1,1,1,1,1,1,0,1,0,1,0,1,0.091197,0.064169,0.082358,0.130550,0.144625,0.121708,0.082576,0.000000,0.082327,0.076037,0.000000,0.067054,0.000000,0.000000,0.000000,0.057399,use_phone,1,25,2486,phone,none,,,0.000000,1.000000,0,suspended,coursework,7.947088,8.672197,active,120,2,clear,17.000000
16,1107,3448110748,52,Day 2 17:26,suspended,coursework,7.947088,8.672197,active,0.348667,0.676996,0.581750,0.978333,0.321667,0.384667,0.865606,0.095000,0.189400,13,1,1,1,1,1,1,1,1,1,1,0,1,0,1,0,1,0.069720,0.063681,0.066515,0.116102,0.129056,0.097199,0.085965,0.105400,0.077481,0.071873,0.000000,0.065491,0.000000,0.000000,0.000000,0.051517,sleep_at_bed,1,480,2966,bed,none,task-reminder|evening,,0.000000,1.000000,0,suspended,coursework,7.947088,8.672197,active,120,2,clear,17.000000
16,1107,3448110748,53,Day 3 01:26,suspended,coursework,7.947088,8.672197,active,0.428667,0.398849,0.668485,0.898333,0.721667,0.704667,0.937878,0.000000,0.000000,13,1,1,1,1,1,1,1,1,1,1,0,1,0,1,0,1,0.086491,0.000000,0.078233,0.159421,0.175698,0.127871,0.071246,0.000000,0.121644,0.122645,0.000000,0.000000,0.000000,0.000000,0.000000,0.056752,use_computer,1,30,2996,computer,none,,,0.000000,1.000000,0,suspended,coursework,7.947088,8.672197,active,120,2,clear,17.000000
16,1107,3448110748,54,Day 3 01:56,suspended,coursework,7.947088,8.672197,active,0.278667,0.511679,0.745220,0.888333,0.746667,0.724667,0.985303,0.080000,0.000000,13,1,1,1,1,1,1,1,1,1,1,0,1,0,1,0,1,0.067962,0.000000,0.064327,0.159641,0.175753,0.119668,0.073525,0.000000,0.112926,0.114450,0.000000,0.061297,0.000000,0.000000,0.000000,0.050452,study_at_computer,1,35,3031,computer,none,task-completed,coursework,0.978189,0.983545,0,none,,8.672197,8.672197,completed,120,2,clear,17.000000
16,1107,3448110748,55,Day 3 02:31,none,,8.672197,8.672197,completed,0.310333,0.636146,0.000000,1.000000,0.775833,0.748000,0.399831,0.125000,0.000000,10,1,1,1,0,0,0,1,1,1,1,0,1,0,1,0,1,0.099924,0.000000,0.095603,0.000000,0.000000,0.000000,0.131363,0.151193,0.171853,0.175235,0.000000,0.096095,0.000000,0.000000,0.000000,0.078734,use_computer,1,30,3061,computer,none,,,0.000000,1.000000,0,none,,8.672197,8.672197,completed,120,2,clear,17.000000
16,1107,3448110748,56,Day 3 03:01,none,,8.672197,8.672197,completed,0.160333,0.748977,0.000000,0.990000,0.800833,0.768000,0.399831,0.205000,0.000000,10,1,1,1,0,0,0,1,1,1,1,0,1,0,1,0,1,0.083148,0.000000,0.083246,0.000000,0.000000,0.000000,0.144292,0.174614,0.168946,0.173171,0.000000,0.098093,0.000000,0.000000,0.000000,0.074489,go_to_bathroom,1,15,3076,door,none,,,0.000000,1.000000,0,none,,8.672197,8.672197,completed,120,2,clear,17.000000
16,1107,3448110748,57,Day 3 03:16,none,,8.672197,8.672197,completed,0.165333,0.754977,0.000000,1.000000,0.813333,0.158000,0.399831,0.190000,0.000000,10,1,1,1,0,0,0,1,1,1,1,0,1,0,1,0,1,0.091136,0.000000,0.091196,0.000000,0.000000,0.000000,0.156466,0.189559,0.093013,0.190997,0.000000,0.106557,0.000000,0.000000,0.000000,0.081077,sleep_at_bed,1,480,3556,bed,none,alarm-rings,,0.000000,1.000000,0,none,,8.672197,8.672197,completed,120,2,clear,17.000000
16,1107,3448110748,58,Day 3 11:16,none,,8.672197,8.672197,completed,0.275333,0.476829,0.000000,0.920000,1.000000,0.478000,0.451725,0.000000,0.000000,11,1,1,1,0,0,0,1,1,1,1,0,1,1,1,0,1,0.119041,0.000000,0.112052,0.000000,0.000000,0.000000,0.123552,0.000000,0.146062,0.257727,0.000000,0.000000,0.151443,0.000000,0.000000,0.090123,idle,1,10,3566,,none,,,0.000000,1.000000,0,none,,8.672197,8.672197,completed,120,2,clear,17.000000
16,1107,3448110748,59,Day 3 11:26,none,,8.672197,8.672197,completed,0.398667,0.480829,0.000000,0.866667,1.000000,0.484667,0.451725,0.000000,0.000000,11,1,1,1,0,0,0,1,1,1,1,0,1,1,1,0,1,0.127036,0.000000,0.116802,0.000000,0.000000,0.000000,0.121471,0.000000,0.144210,0.252572,0.000000,0.000000,0.148415,0.000000,0.000000,0.089494,get_meal,1,35,3601,door,none,,,0.000000,1.000000,0,none,,8.672197,8.672197,completed,120,2,clear,17.000000
16,1107,3448110748,60,Day 3 12:01,none,,8.672197,8.672197,completed,0.370333,0.494829,0.000000,0.993827,0.479167,0.508000,0.451725,0.000000,0.000000,11,1,1,1,0,0,0,1,1,1,1,0,1,1,1,0,1,0.139656,0.000000,0.129348,0.000000,0.000000,0.000000,0.137979,0.000000,0.166256,0.159841,0.000000,0.000000,0.166703,0.000000,0.000000,0.100217,use_phone,1,25,3626,phone,none,room-temperature-shift,,0.000000,1.000000,0,none,,8.672197,8.672197,completed,120,2,clear,24.000000
16,1107,3448110748,61,Day 3 12:26,none,,8.672197,8.672197,completed,0.158667,0.585815,0.000000,1.000000,0.500000,0.524667,0.451725,0.095000,0.085000,11,1,1,1,0,0,0,1,1,1,1,0,1,1,1,0,1,0.090454,0.000000,0.088505,0.000000,0.000000,0.000000,0.122215,0.138380,0.132563,0.128002,0.000000,0.092733,0.130469,0.000000,0.000000,0.076679,get_meal,1,35,3661,door,none,,,0.000000,1.000000,0,none,,8.672197,8.672197,completed,120,2,clear,24.000000
16,1107,3448110748,62,Day 3 13:01,none,,8.672197,8.672197,completed,0.130333,0.599815,0.000000,1.000000,0.000000,0.548000,0.451725,0.060000,0.064000,11,1,1,1,0,0,0,1,1,1,1,0,1,1,1,0,1,0.102658,0.000000,0.101108,0.000000,0.000000,0.000000,0.139091,0.157901,0.156013,0.000000,0.000000,0.105973,0.149600,0.000000,0.000000,0.087657,use_computer,1,30,3691,computer,none,,,0.000000,1.000000,0,none,,8.672197,8.672197,completed,120,2,clear,24.000000
16,1107,3448110748,63,Day 3 13:31,none,,8.672197,8.672197,completed,0.000000,0.712646,0.000000,0.990000,0.025000,0.568000,0.451725,0.140000,0.046000,11,1,1,1,0,0,0,1,1,1,1,0,1,1,1,0,1,0.000000,0.000000,0.000000,0.000000,0.000000,0.000000,0.185498,0.221415,0.186220,0.000000,0.000000,0.131343,0.174622,0.000000,0.000000,0.100902,turn_off_alarm,1,1,3692,alarm,none,,,0.000000,1.000000,0,none,,8.672197,8.672197,completed,120,2,clear,24.000000
16,1107,3448110748,64,Day 3 13:32,none,,8.672197,8.672197,completed,0.000333,0.713046,0.000000,1.000000,0.025833,0.568667,0.431725,0.139000,0.045400,10,1,1,1,0,0,0,1,1,1,1,0,1,0,1,0,1,0.000000,0.000000,0.000000,0.000000,0.000000,0.000000,0.225052,0.268074,0.225661,0.000000,0.000000,0.159027,0.000000,0.000000,0.000000,0.122187,turn_light_off,1,1,3693,light,none,,,0.000000,1.000000,0,none,,8.672197,8.672197,completed,120,2,clear,24.000000
16,1107,3448110748,65,Day 3 13:33,none,,8.672197,8.672197,completed,0.000667,0.713446,0.000000,1.000000,0.026667,0.569333,0.431725,0.138000,0.044800,10,1,1,1,0,0,0,1,1,1,1,1,0,0,1,0,1,0.000000,0.000000,0.000000,0.000000,0.000000,0.000000,0.267524,0.318689,0.268505,0.000000,0.000000,0.000000,0.000000,0.000000,0.000000,0.145282,go_to_bathroom,1,15,3708,door,none,,,0.000000,1.000000,0,none,,8.672197,8.672197,completed,120,2,clear,24.000000
16,1107,3448110748,66,Day 3 13:48,none,,8.672197,8.672197,completed,0.005667,0.719446,0.000000,1.000000,0.039167,0.000000,0.431725,0.123000,0.035800,10,1,1,1,0,0,0,1,1,1,1,1,0,0,1,0,1,0.000000,0.000000,0.000000,0.000000,0.000000,0.000000,0.365272,0.435620,0.000000,0.000000,0.000000,0.000000,0.000000,0.000000,0.000000,0.199109,rest_at_bed,1,60,3768,bed,none,message-study-group,,0.000000,1.000000,0,none,,8.672197,8.672197,completed,120,3,clear,24.000000
16,1107,3448110748,67,Day 3 14:48,none,,8.672197,8.672197,completed,0.065667,0.507251,0.000000,1.000000,0.089167,0.040000,0.431725,0.000000,0.000000,10,1,1,1,0,0,0,1,1,1,1,1,0,0,1,0,1,0.244981,0.000000,0.241142,0.000000,0.000000,0.000000,0.303247,0.000000,0.000000,0.000000,0.000000,0.000000,0.000000,0.000000,0.000000,0.210631,rest_at_bed,1,60,3828,bed,none,weather-rain,,0.000000,1.000000,0,none,,8.672197,8.672197,completed,120,3,rain,24.000000
16,1107,3448110748,68,Day 3 15:48,none,,8.672197,8.672197,completed,0.125667,0.295056,0.000000,1.000000,0.139167,0.080000,0.431725,0.000000,0.000000,10,1,1,1,0,0,0,1,1,1,1,1,0,0,1,0,1,0.215596,0.000000,0.204119,0.000000,0.000000,0.000000,0.210118,0.000000,0.000000,0.196035,0.000000,0.000000,0.000000,0.000000,0.000000,0.174133,get_meal,1,35,3863,door,none,,,0.000000,1.000000,0,none,,8.672197,8.672197,completed,120,3,rain,24.000000
16,1107,3448110748,69,Day 3 16:23,none,,8.672197,8.672197,completed,0.097333,0.309056,0.000000,1.000000,0.000000,0.103333,0.431725,0.000000,0.000000,10,1,1,1,0,0,0,1,1,1,1,1,0,0,1,0,1,0.264309,0.000000,0.252076,0.000000,0.000000,0.000000,0.266160,0.000000,0.000000,0.000000,0.000000,0.000000,0.000000,0.000000,0.000000,0.217455,use_phone,1,25,3888,phone,none,,,0.000000,1.000000,0,none,,8.672197,8.672197,completed,120,3,rain,24.000000
16,1107,3448110748,70,Day 3 16:48,none,,8.672197,8.672197,completed,0.000000,0.400042,0.000000,1.000000,0.020833,0.120000,0.431725,0.095000,0.085000,10,1,1,1,0,0,0,1,1,1,1,1,0,0,1,0,1,0.314402,0.000000,0.000000,0.000000,0.000000,0.000000,0.399899,0.000000,0.000000,0.000000,0.000000,0.000000,0.000000,0.000000,0.000000,0.285699,rest_at_bed,1,60,3948,bed,none,,,0.000000,1.000000,0,none,,8.672197,8.672197,completed,120,3,rain,24.000000
16,1107,3448110748,71,Day 3 17:48,none,,8.672197,8.672197,completed,0.060000,0.187847,0.000000,1.000000,0.070833,0.160000,0.431725,0.000000,0.049000,10,1,1,1,0,0,0,1,1,1,1,1,0,0,1,0,1,0.267617,0.000000,0.253125,0.000000,0.000000,0.000000,0.000000,0.000000,0.257667,0.000000,0.000000,0.000000,0.000000,0.000000,0.000000,0.221591,use_computer,1,30,3978,computer,none,,,0.000000,1.000000,0,none,,8.672197,8.672197,completed,120,3,rain,24.000000
16,1107,3448110748,72,Day 3 18:18,none,,8.672197,8.672197,completed,0.000000,0.300678,0.000000,0.990000,0.095833,0.180000,0.431725,0.080000,0.031000,10,1,1,1,0,0,0,1,1,1,1,1,0,0,1,0,1,0.243531,0.000000,0.000000,0.000000,0.000000,0.000000,0.278805,0.000000,0.260220,0.000000,0.000000,0.000000,0.000000,0.000000,0.000000,0.217445,idle,1,10,3988,,none,,,0.000000,1.000000,0,none,,8.672197,8.672197,completed,120,3,rain,24.000000
16,1107,3448110748,73,Day 3 18:28,none,,8.672197,8.672197,completed,0.123333,0.304678,0.000000,0.936667,0.104167,0.186667,0.431725,0.070000,0.025000,10,1,1,1,0,0,0,1,1,1,1,1,0,0,1,0,1,0.207938,0.000000,0.197498,0.000000,0.000000,0.000000,0.217447,0.000000,0.204906,0.000000,0.000000,0.000000,0.000000,0.000000,0.000000,0.172210,go_to_bathroom,1,15,4003,door,none,,,0.000000,1.000000,0,none,,8.672197,8.672197,completed,120,3,rain,24.000000
16,1107,3448110748,74,Day 3 18:43,none,,8.672197,8.672197,completed,0.128333,0.310678,0.000000,1.000000,0.116667,0.000000,0.431725,0.055000,0.016000,10,1,1,1,0,0,0,1,1,1,1,1,0,0,1,0,1,0.262723,0.000000,0.249401,0.000000,0.000000,0.000000,0.271807,0.000000,0.000000,0.000000,0.000000,0.000000,0.000000,0.000000,0.000000,0.216068,idle,1,10,4013,,none,evening,,0.000000,1.000000,0,none,,8.672197,8.672197,completed,120,3,rain,24.000000
16,1107,3448110748,75,Day 3 18:53,none,,8.672197,8.672197,completed,0.251667,0.314678,0.000000,0.946667,0.125000,0.006667,0.431725,0.045000,0.010000,10,1,1,1,0,0,0,1,1,1,1,1,0,0,1,0,1,0.275112,0.000000,0.255045,0.000000,0.000000,0.000000,0.259983,0.000000,0.000000,0.000000,0.000000,0.000000,0.000000,0.000000,0.000000,0.209861,use_phone,1,25,4038,phone,none,,,0.000000,1.000000,0,none,,8.672197,8.672197,completed,120,3,rain,24.000000
16,1107,3448110748,76,Day 3 19:18,none,,8.672197,8.672197,completed,0.040000,0.405663,0.000000,0.978333,0.145833,0.023333,0.431725,0.140000,0.095000,10,1,1,1,0,0,0,1,1,1,1,1,0,0,1,0,1,0.192152,0.000000,0.188189,0.000000,0.000000,0.000000,0.248327,0.000000,0.000000,0.198177,0.000000,0.000000,0.000000,0.000000,0.000000,0.173154,get_meal,1,35,4073,door,none,,,0.000000,1.000000,0,none,,8.672197,8.672197,completed,120,3,rain,24.000000
16,1107,3448110748,77,Day 3 19:53,none,,8.672197,8.672197,completed,0.011667,0.419663,0.000000,1.000000,0.000000,0.046667,0.431725,0.105000,0.074000,10,1,1,1,0,0,0,1,1,1,1,1,0,0,1,0,1,0.312147,0.000000,0.000000,0.000000,0.000000,0.000000,0.404525,0.000000,0.000000,0.000000,0.000000,0.000000,0.000000,0.000000,0.000000,0.283328,rest_at_bed,1,60,4133,bed,none,,,0.000000,1.000000,0,none,,8.672197,8.672197,completed,120,3,rain,24.000000
16,1107,3448110748,78,Day 3 20:53,none,,8.672197,8.672197,completed,0.071667,0.207469,0.000000,1.000000,0.050000,0.086667,0.431725,0.000000,0.038000,10,1,1,1,0,0,0,1,1,1,1,1,0,0,1,0,1,0.270037,0.000000,0.255477,0.000000,0.000000,0.000000,0.251860,0.000000,0.000000,0.000000,0.000000,0.000000,0.000000,0.000000,0.000000,0.222626,idle,1,10,4143,,none,,,0.000000,1.000000,0,none,,8.672197,8.672197,completed,120,3,rain,24.000000
16,1107,3448110748,79,Day 3 21:03,none,,8.672197,8.672197,completed,0.195000,0.211469,0.000000,0.946667,0.058333,0.093333,0.431725,0.000000,0.032000,10,1,1,1,0,0,0,1,1,1,1,1,0,0,1,0,1,0.281650,0.000000,0.260277,0.000000,0.000000,0.000000,0.242010,0.000000,0.000000,0.000000,0.000000,0.000000,0.000000,0.000000,0.000000,0.216064,use_computer,1,30,4173,computer,none,,,0.000000,1.000000,0,none,,8.672197,8.672197,completed,120,3,rain,24.000000
16,1107,3448110748,80,Day 3 21:33,none,,8.672197,8.672197,completed,0.045000,0.324299,0.000000,0.936667,0.083333,0.113333,0.431725,0.080000,0.014000,10,1,1,1,0,0,0,1,1,1,1,1,0,0,1,0,1,0.251669,0.000000,0.243369,0.000000,0.000000,0.000000,0.285455,0.000000,0.000000,0.000000,0.000000,0.000000,0.000000,0.000000,0.000000,0.219507,use_phone,1,25,4198,phone,none,,,0.000000,1.000000,0,none,,8.672197,8.672197,completed,120,3,rain,24.000000
16,1107,3448110748,81,Day 3 21:58,none,,8.672197,8.672197,completed,0.000000,0.415285,0.000000,0.968333,0.104167,0.130000,0.431725,0.175000,0.099000,10,1,1,1,0,0,0,1,1,1,1,1,0,0,1,0,1,0.000000,0.000000,0.000000,0.000000,0.000000,0.000000,0.409588,0.000000,0.313450,0.000000,0.000000,0.000000,0.000000,0.000000,0.000000,0.276962,go_to_bathroom,1,15,4213,door,none,,,0.000000,1.000000,0,none,,8.672197,8.672197,completed,120,3,rain,24.000000
16,1107,3448110748,82,Day 3 22:13,none,,8.672197,8.672197,completed,0.005000,0.421285,0.000000,1.000000,0.116667,0.000000,0.431725,0.160000,0.090000,10,1,1,1,0,0,0,1,1,1,1,1,0,0,1,0,1,0.303546,0.000000,0.000000,0.000000,0.000000,0.000000,0.414869,0.000000,0.000000,0.000000,0.000000,0.000000,0.000000,0.000000,0.000000,0.281585,rest_at_bed,1,60,4273,bed,none,,,0.000000,1.000000,0,none,,8.672197,8.672197,completed,120,3,rain,24.000000
16,1107,3448110748,83,Day 3 23:13,none,,8.672197,8.672197,completed,0.065000,0.209090,0.000000,1.000000,0.166667,0.040000,0.431725,0.000000,0.054000,10,1,1,1,0,0,0,1,1,1,1,1,0,0,1,0,1,0.213646,0.000000,0.202430,0.000000,0.000000,0.000000,0.200492,0.000000,0.000000,0.206569,0.000000,0.000000,0.000000,0.000000,0.000000,0.176864,use_computer,1,30,4303,computer,none,,,0.000000,1.000000,0,none,,8.672197,8.672197,completed,120,3,rain,24.000000
16,1107,3448110748,84,Day 3 23:43,none,,8.672197,8.672197,completed,0.000000,0.321920,0.000000,0.990000,0.191667,0.060000,0.431725,0.080000,0.036000,10,1,1,1,0,0,0,1,1,1,1,1,0,0,1,0,1,0.241231,0.000000,0.000000,0.000000,0.000000,0.000000,0.281684,0.000000,0.000000,0.261106,0.000000,0.000000,0.000000,0.000000,0.000000,0.215979,rest_at_bed,1,60,4363,bed,none,,,0.000000,1.000000,0,none,,8.672197,8.672197,completed,120,3,rain,24.000000
16,1107,3448110748,85,Day 4 00:43,none,,8.672197,8.672197,completed,0.060000,0.109726,0.000000,1.000000,0.241667,0.100000,0.431725,0.000000,0.000000,10,1,1,1,0,0,0,1,1,1,1,1,0,0,1,0,1,0.263392,0.000000,0.246643,0.000000,0.000000,0.000000,0.000000,0.000000,0.000000,0.274047,0.000000,0.000000,0.000000,0.000000,0.000000,0.215917,use_computer,1,30,4393,computer,none,,,0.000000,1.000000,0,none,,8.672197,8.672197,completed,120,3,rain,24.000000
16,1107,3448110748,86,Day 4 01:13,none,,8.672197,8.672197,completed,0.000000,0.222556,0.000000,0.990000,0.266667,0.120000,0.431725,0.080000,0.000000,10,1,1,1,0,0,0,1,1,1,1,1,0,0,1,0,1,0.243351,0.000000,0.000000,0.000000,0.000000,0.000000,0.259070,0.000000,0.000000,0.282462,0.000000,0.000000,0.000000,0.000000,0.000000,0.215117,idle,1,10,4403,,none,,,0.000000,1.000000,0,none,,8.672197,8.672197,completed,120,3,rain,24.000000
16,1107,3448110748,87,Day 4 01:23,none,,8.672197,8.672197,completed,0.123333,0.226556,0.000000,0.936667,0.275000,0.126667,0.431725,0.070000,0.000000,10,1,1,1,0,0,0,1,1,1,1,1,0,0,1,0,1,0.174907,0.000000,0.164468,0.000000,0.000000,0.000000,0.170084,0.000000,0.159581,0.187552,0.000000,0.000000,0.000000,0.000000,0.000000,0.143409,rest_at_bed,1,60,4463,bed,none,,,0.000000,1.000000,0,none,,8.672197,8.672197,completed,120,3,rain,24.000000
16,1107,3448110748,88,Day 4 02:23,none,,8.672197,8.672197,completed,0.183333,0.014361,0.000000,0.966667,0.325000,0.166667,0.431725,0.000000,0.000000,10,1,1,1,0,0,0,1,1,1,1,1,0,0,1,0,1,0.219250,0.000000,0.198001,0.000000,0.000000,0.000000,0.000000,0.000000,0.190907,0.226718,0.000000,0.000000,0.000000,0.000000,0.000000,0.165124,idle,1,10,4473,,none,,,0.000000,1.000000,0,none,,8.672197,8.672197,completed,120,3,rain,24.000000
16,1107,3448110748,89,Day 4 02:33,none,,8.672197,8.672197,completed,0.306667,0.018361,0.000000,0.913333,0.333333,0.173333,0.431725,0.000000,0.000000,10,1,1,1,0,0,0,1,1,1,1,1,0,0,1,0,1,0.230052,0.000000,0.202933,0.000000,0.000000,0.000000,0.000000,0.000000,0.185325,0.220472,0.000000,0.000000,0.000000,0.000000,0.000000,0.161219,use_computer,1,30,4503,computer,none,,,0.000000,1.000000,0,none,,8.672197,8.672197,completed,120,3,rain,24.000000
16,1107,3448110748,90,Day 4 03:03,none,,8.672197,8.672197,completed,0.156667,0.131191,0.000000,0.903333,0.358333,0.193333,0.431725,0.080000,0.000000,10,1,1,1,0,0,0,1,1,1,1,1,0,0,1,0,1,0.207912,0.000000,0.191918,0.000000,0.000000,0.000000,0.000000,0.000000,0.197877,0.236634,0.000000,0.000000,0.000000,0.000000,0.000000,0.165659,use_phone,1,25,4528,phone,none,,,0.000000,1.000000,0,none,,8.672197,8.672197,completed,120,3,rain,24.000000
16,1107,3448110748,91,Day 4 03:28,none,,8.672197,8.672197,completed,0.000000,0.222177,0.000000,0.935000,0.379167,0.210000,0.431725,0.175000,0.085000,10,1,1,1,0,0,0,1,1,1,1,1,0,0,1,0,1,0.180253,0.000000,0.000000,0.000000,0.000000,0.000000,0.208070,0.000000,0.203272,0.244142,0.000000,0.000000,0.000000,0.000000,0.000000,0.164263,idle,1,10,4538,,none,,,0.000000,1.000000,0,none,,8.672197,8.672197,completed,120,3,rain,24.000000
16,1107,3448110748,92,Day 4 03:38,none,,8.672197,8.672197,completed,0.123333,0.226177,0.000000,0.881667,0.387500,0.216667,0.431725,0.165000,0.079000,10,1,1,1,0,0,0,1,1,1,1,1,0,0,1,0,1,0.163051,0.000000,0.153624,0.000000,0.000000,0.000000,0.171918,0.000000,0.169570,0.204019,0.000000,0.000000,0.000000,0.000000,0.000000,0.137819,use_phone,1,25,4563,phone,none,,,0.000000,1.000000,0,none,,8.672197,8.672197,completed,120,3,rain,24.000000
16,1107,3448110748,93,Day 4 04:03,none,,8.672197,8.672197,completed,0.000000,0.317163,0.000000,0.913333,0.408333,0.233333,0.431725,0.260000,0.164000,10,1,1,1,0,0,0,1,1,1,1,1,0,0,1,0,1,0.000000,0.183388,0.000000,0.000000,0.000000,0.000000,0.223125,0.000000,0.198113,0.239397,0.000000,0.000000,0.000000,0.000000,0.000000,0.155977,go_to_bathroom,1,15,4578,door,none,,,0.000000,1.000000,0,none,,8.672197,8.672197,completed,120,3,rain,24.000000
16,1107,3448110748,94,Day 4 04:18,none,,8.672197,8.672197,completed,0.005000,0.323163,0.000000,1.000000,0.420833,0.000000,0.431725,0.245000,0.155000,10,1,1,1,0,0,0,1,1,1,1,1,0,0,1,0,1,0.000000,0.226387,0.000000,0.000000,0.000000,0.000000,0.276985,0.000000,0.000000,0.302273,0.000000,0.000000,0.000000,0.000000,0.000000,0.194354,get_meal,1,35,4613,door,none,,,0.000000,1.000000,0,none,,8.672197,8.672197,completed,120,3,rain,24.000000
16,1107,3448110748,95,Day 4 04:53,none,,8.672197,8.672197,completed,0.000000,0.337163,0.000000,1.000000,0.000000,0.023333,0.431725,0.210000,0.134000,10,1,1,1,0,0,0,1,1,1,1,1,0,0,1,0,1,0.000000,0.000000,0.000000,0.000000,0.000000,0.000000,0.585970,0.000000,0.000000,0.000000,0.000000,0.000000,0.000000,0.000000,0.000000,0.414030,idle,1,10,4623,,none,,,0.000000,1.000000,0,none,,8.672197,8.672197,completed,120,3,rain,24.000000
16,1107,3448110748,96,Day 4 05:03,none,,8.672197,8.672197,completed,0.123333,0.341163,0.000000,0.946667,0.008333,0.030000,0.431725,0.200000,0.128000,10,1,1,1,0,0,0,1,1,1,1,1,0,0,1,0,1,0.247924,0.000000,0.237240,0.000000,0.000000,0.000000,0.299762,0.000000,0.000000,0.000000,0.000000,0.000000,0.000000,0.000000,0.000000,0.215074,use_phone,1,25,4648,phone,none,,,0.000000,1.000000,0,none,,8.672197,8.672197,completed,120,3,rain,24.000000
16,1107,3448110748,97,Day 4 05:28,none,,8.672197,8.672197,completed,0.000000,0.432149,0.000000,0.978333,0.029167,0.046667,0.431725,0.295000,0.213000,10,1,1,1,0,0,0,1,1,1,1,1,0,0,1,0,1,0.000000,0.322306,0.000000,0.000000,0.000000,0.000000,0.416874,0.000000,0.000000,0.000000,0.000000,0.000000,0.000000,0.000000,0.000000,0.260820,rest_at_bed,1,60,4708,bed,none,,,0.000000,1.000000,0,none,,8.672197,8.672197,completed,120,3,rain,24.000000
16,1107,3448110748,98,Day 4 06:28,none,,8.672197,8.672197,completed,0.060000,0.219954,0.000000,1.000000,0.079167,0.086667,0.431725,0.095000,0.177000,10,1,1,1,0,0,0,1,1,1,1,1,0,0,1,0,1,0.205781,0.209670,0.195838,0.000000,0.000000,0.000000,0.212324,0.000000,0.000000,0.000000,0.000000,0.000000,0.000000,0.000000,0.000000,0.176387,rest_at_bed,1,60,4768,bed,none,,,0.000000,1.000000,0,none,,8.672197,8.672197,completed,120,3,rain,24.000000
16,1107,3448110748,99,Day 4 07:28,none,,8.672197,8.672197,completed,0.120000,0.007760,0.000000,1.000000,0.129167,0.126667,0.431725,0.000000,0.141000,10,1,1,1,0,0,0,1,1,1,1,1,0,0,1,0,1,0.187714,0.167644,0.171479,0.000000,0.000000,0.000000,0.000000,0.000000,0.163205,0.163345,0.000000,0.000000,0.000000,0.000000,0.000000,0.146614,use_phone,1,25,4793,phone,none,alarm-rings,,0.000000,1.000000,0,none,,8.672197,8.672197,completed,120,3,rain,24.000000
16,1107,3448110748,100,Day 4 07:53,none,,8.672197,8.672197,completed,0.000000,0.098746,0.000000,1.000000,0.150000,0.143333,0.483619,0.095000,0.226000,11,1,1,1,0,0,0,1,1,1,1,1,0,1,1,0,1,0.153642,0.168192,0.000000,0.000000,0.000000,0.000000,0.000000,0.000000,0.154296,0.155101,0.000000,0.000000,0.234447,0.000000,0.000000,0.134321,shop_on_phone,1,20,4813,phone,none,,,0.000000,1.000000,0,none,,8.672197,8.672197,completed,90,3,rain,24.000000
16,1107,3448110748,101,Day 4 08:13,none,,8.672197,8.672197,completed,0.006667,0.107368,0.000000,1.000000,0.166667,0.156667,0.483619,0.155000,0.000000,11,1,1,1,0,0,0,1,1,1,1,1,0,1,1,0,1,0.153180,0.000000,0.000000,0.000000,0.000000,0.000000,0.154629,0.000000,0.158613,0.159995,0.000000,0.000000,0.237446,0.000000,0.000000,0.136136,rest_at_bed,1,60,4873,bed,none,,,0.000000,1.000000,0,none,,8.672197,8.672197,completed,90,3,rain,24.000000
16,1107,3448110748,102,Day 4 09:13,none,,8.672197,8.672197,completed,0.066667,0.000000,0.000000,1.000000,0.216667,0.196667,0.483619,0.000000,0.000000,11,1,1,1,0,0,0,1,1,1,1,1,0,1,1,0,1,0.164187,0.000000,0.151400,0.000000,0.000000,0.000000,0.000000,0.000000,0.160022,0.163107,0.000000,0.000000,0.229092,0.000000,0.000000,0.132192,use_phone,1,25,4898,phone,none,,,0.000000,1.000000,0,none,,8.672197,8.672197,completed,90,3,rain,24.000000
16,1107,3448110748,103,Day 4 09:38,none,,8.672197,8.672197,completed,0.000000,0.090986,0.000000,1.000000,0.237500,0.213333,0.483619,0.095000,0.085000,11,1,1,1,0,0,0,1,1,1,1,1,0,1,1,0,1,0.178791,0.000000,0.000000,0.000000,0.000000,0.000000,0.000000,0.000000,0.193954,0.198553,0.000000,0.000000,0.272550,0.000000,0.000000,0.156151,go_to_bathroom,1,15,4913,door,none,,,0.000000,1.000000,0,none,,8.672197,8.672197,completed,90,3,rain,24.000000
16,1107,3448110748,104,Day 4 09:53,none,,8.672197,8.672197,completed,0.005000,0.096986,0.000000,1.000000,0.250000,0.000000,0.483619,0.080000,0.076000,11,1,1,1,0,0,0,1,1,1,1,1,0,1,1,0,1,0.183677,0.000000,0.173861,0.000000,0.000000,0.000000,0.000000,0.000000,0.000000,0.205258,0.000000,0.000000,0.277902,0.000000,0.000000,0.159302,use_computer,1,30,4943,computer,none,,,0.000000,1.000000,0,none,,8.672197,8.672197,completed,90,3,rain,24.000000
16,1107,3448110748,105,Day 4 10:23,none,,8.672197,8.672197,completed,0.000000,0.209816,0.000000,0.990000,0.275000,0.020000,0.483619,0.160000,0.058000,11,1,1,1,0,0,0,1,1,1,1,1,0,1,1,0,1,0.172231,0.000000,0.000000,0.000000,0.000000,0.000000,0.192956,0.000000,0.000000,0.206661,0.000000,0.000000,0.272201,0.000000,0.000000,0.155951,get_meal,1,35,4978,door,none,,,0.000000,1.000000,0,none,,8.672197,8.672197,completed,90,3,rain,24.000000
16,1107,3448110748,106,Day 4 10:58,none,,8.672197,8.672197,completed,0.000000,0.223816,0.000000,1.000000,0.000000,0.043333,0.483619,0.125000,0.037000,11,1,1,1,0,0,0,1,1,1,1,1,0,1,1,0,1,0.219100,0.000000,0.000000,0.000000,0.000000,0.000000,0.241348,0.000000,0.000000,0.000000,0.000000,0.000000,0.343024,0.000000,0.000000,0.196528,rest_at_bed,1,60,5038,bed,none,,,0.000000,1.000000,0,none,,8.672197,8.672197,completed,90,3,rain,24.000000
16,1107,3448110748,107,Day 4 11:58,none,,8.672197,8.672197,completed,0.060000,0.011621,0.000000,1.000000,0.050000,0.083333,0.483619,0.000000,0.001000,11,1,1,1,0,0,0,1,1,1,1,1,0,1,1,0,1,0.241658,0.000000,0.223460,0.000000,0.000000,0.000000,0.000000,0.000000,0.000000,0.000000,0.000000,0.000000,0.339260,0.000000,0.000000,0.195622,use_phone,1,25,5063,phone,none,,,0.000000,1.000000,0,none,,8.672197,8.672197,completed,90,3,rain,24.000000
16,1107,3448110748,108,Day 4 12:23,none,,8.672197,8.672197,completed,0.000000,0.102607,0.000000,1.000000,0.070833,0.100000,0.483619,0.095000,0.086000,11,1,1,1,0,0,0,1,1,1,1,1,0,1,1,0,1,0.294000,0.000000,0.000000,0.000000,0.000000,0.000000,0.000000,0.000000,0.000000,0.000000,0.000000,0.000000,0.448845,0.000000,0.000000,0.257155,turn_off_alarm,1,1,5064,alarm,none,,,0.000000,1.000000,0,none,,8.672197,8.672197,completed,90,3,rain,24.000000
16,1107,3448110748,109,Day 4 12:24,none,,8.672197,8.672197,completed,0.000333,0.103007,0.000000,1.000000,0.071667,0.100667,0.463619,0.094000,0.085400,10,1,1,1,0,0,0,1,1,1,1,1,0,0,1,0,1,0.533541,0.000000,0.000000,0.000000,0.000000,0.000000,0.000000,0.000000,0.000000,0.000000,0.000000,0.000000,0.000000,0.000000,0.000000,0.466459,use_phone,1,25,5089,phone,none,,,0.000000,1.000000,0,none,,8.672197,8.672197,completed,90,3,rain,24.000000
16,1107,3448110748,110,Day 4 12:49,none,,8.672197,8.672197,completed,0.000000,0.193993,0.000000,1.000000,0.092500,0.117333,0.463619,0.189000,0.170400,10,1,1,1,0,0,0,1,1,1,1,1,0,0,1,0,1,0.242391,0.261629,0.000000,0.000000,0.000000,0.000000,0.274900,0.000000,0.000000,0.000000,0.000000,0.000000,0.000000,0.000000,0.000000,0.221081,rest_at_bed,1,60,5149,bed,none,,,0.000000,1.000000,0,none,,8.672197,8.672197,completed,90,3,rain,24.000000
16,1107,3448110748,111,Day 4 13:49,none,,8.672197,8.672197,completed,0.060000,0.000000,0.000000,1.000000,0.142500,0.157333,0.463619,0.000000,0.134400,10,1,1,1,0,0,0,1,1,1,1,1,0,0,1,0,1,0.217938,0.000000,0.201227,0.000000,0.000000,0.000000,0.000000,0.000000,0.204229,0.200448,0.000000,0.000000,0.000000,0.000000,0.000000,0.176158,use_phone,1,25,5174,phone,none,message-study-group,,0.000000,1.000000,0,none,,8.672197,8.672197,completed,90,4,rain,24.000000
16,1107,3448110748,112,Day 4 14:14,none,,8.672197,8.672197,completed,0.000000,0.090986,0.000000,1.000000,0.163333,0.174000,0.463619,0.095000,0.219400,10,1,1,1,0,0,0,1,1,1,1,1,0,0,1,0,1,0.199152,0.216339,0.000000,0.000000,0.000000,0.000000,0.000000,0.000000,0.206760,0.203814,0.000000,0.000000,0.000000,0.000000,0.000000,0.173934,go_to_bathroom,1,15,5189,door,none,,,0.000000,1.000000,0,none,,8.672197,8.672197,completed,90,4,rain,24.000000
16,1107,3448110748,113,Day 4 14:29,none,,8.672197,8.672197,completed,0.005000,0.096986,0.000000,1.000000,0.175833,0.000000,0.463619,0.080000,0.210400,10,1,1,1,0,0,0,1,1,1,1,1,0,0,1,0,1,0.203566,0.217556,0.192687,0.000000,0.000000,0.000000,0.000000,0.000000,0.000000,0.209638,0.000000,0.000000,0.000000,0.000000,0.000000,0.176552,use_computer,1,30,5219,computer,none,,,0.000000,1.000000,0,none,,8.672197,8.672197,completed,90,4,rain,24.000000
16,1107,3448110748,114,Day 4 14:59,none,,8.672197,8.672197,completed,0.000000,0.209816,0.000000,0.990000,0.200833,0.020000,0.463619,0.160000,0.192400,10,1,1,1,0,0,0,1,1,1,1,1,0,0,1,0,1,0.191214,0.209525,0.000000,0.000000,0.000000,0.000000,0.214682,0.000000,0.000000,0.211440,0.000000,0.000000,0.000000,0.000000,0.000000,0.173140,get_meal,1,35,5254,door,none,,,0.000000,1.000000,0,none,,8.672197,8.672197,completed,90,4,rain,24.000000
16,1107,3448110748,115,Day 4 15:34,none,,8.672197,8.672197,completed,0.000000,0.223816,0.000000,1.000000,0.000000,0.043333,0.463619,0.125000,0.171400,10,1,1,1,0,0,0,1,1,1,1,1,0,0,1,0,1,0.246097,0.261494,0.000000,0.000000,0.000000,0.000000,0.271666,0.000000,0.000000,0.000000,0.000000,0.000000,0.000000,0.000000,0.000000,0.220743,idle,1,10,5264,,none,,,0.000000,1.000000,0,none,,8.672197,8.672197,completed,90,4,rain,24.000000
16,1107,3448110748,116,Day 4 15:44,none,,8.672197,8.672197,completed,0.123333,0.227816,0.000000,0.946667,0.008333,0.050000,0.463619,0.115000,0.165400,10,1,1,1,0,0,0,1,1,1,1,1,0,0,1,0,1,0.210228,0.204986,0.197903,0.000000,0.000000,0.000000,0.211979,0.000000,0.000000,0.000000,0.000000,0.000000,0.000000,0.000000,0.000000,0.174904,use_phone,1,25,5289,phone,none,weather-rain|room-temperature-shift,,0.000000,1.000000,0,none,,8.672197,8.672197,completed,90,4,rain,17.000000
16,1107,3448110748,117,Day 4 16:09,none,,8.672197,8.672197,completed,0.000000,0.358802,0.000000,0.918333,0.029167,0.066667,0.463619,0.210000,0.250400,10,1,1,1,0,0,0,1,1,1,1,1,0,0,1,0,1,0.000000,0.345167,0.000000,0.000000,0.000000,0.000000,0.385925,0.000000,0.000000,0.000000,0.000000,0.000000,0.000000,0.000000,0.000000,0.268908,shop_on_phone,1,20,5309,phone,none,,,0.000000,1.000000,0,none,,8.672197,8.672197,completed,60,4,rain,17.000000
16,1107,3448110748,118,Day 4 16:29,none,,8.672197,8.672197,completed,0.006667,0.367425,0.000000,1.000000,0.045833,0.080000,0.463619,0.270000,0.000000,10,1,1,1,0,0,0,1,1,1,1,1,0,0,1,0,1,0.000000,0.000000,0.000000,0.000000,0.000000,0.000000,0.598581,0.000000,0.000000,0.000000,0.000000,0.000000,0.000000,0.000000,0.000000,0.401419,rest_at_bed,1,60,5369,bed,none,,,0.000000,1.000000,0,none,,8.672197,8.672197,completed,60,4,rain,17.000000
16,1107,3448110748,119,Day 4 17:29,none,,8.672197,8.672197,completed,0.066667,0.155230,0.000000,1.000000,0.095833,0.120000,0.463619,0.070000,0.000000,10,1,1,1,0,0,0,1,1,1,1,1,0,0,1,0,1,0.268428,0.000000,0.252881,0.000000,0.000000,0.000000,0.253216,0.000000,0.000000,0.000000,0.000000,0.000000,0.000000,0.000000,0.000000,0.225474,use_phone,1,25,5394,phone,none,,,0.000000,1.000000,0,none,,8.672197,8.672197,completed,60,4,rain,17.000000
16,1107,3448110748,120,Day 4 17:54,none,,8.672197,8.672197,completed,0.000000,0.246216,0.000000,1.000000,0.116667,0.136667,0.463619,0.165000,0.085000,10,1,1,1,0,0,0,1,1,1,1,1,0,0,1,0,1,0.242926,0.000000,0.000000,0.000000,0.000000,0.000000,0.283345,0.000000,0.252381,0.000000,0.000000,0.000000,0.000000,0.000000,0.000000,0.221349,use_phone,1,25,5419,phone,none,evening,,0.000000,1.000000,0,none,,8.672197,8.672197,completed,60,4,rain,17.000000
16,1107,3448110748,121,Day 4 18:19,none,,8.672197,8.672197,completed,0.000000,0.337202,0.000000,1.000000,0.137500,0.153333,0.463619,0.260000,0.170000,10,1,1,1,0,0,0,1,1,1,1,1,0,0,1,0,1,0.000000,0.199408,0.000000,0.000000,0.000000,0.000000,0.244215,0.000000,0.195815,0.191990,0.000000,0.000000,0.000000,0.000000,0.000000,0.168572,idle,1,10,5429,,none,,,0.000000,1.000000,0,none,,8.672197,8.672197,completed,60,4,rain,17.000000
16,1107,3448110748,122,Day 4 18:29,none,,8.672197,8.672197,completed,0.123333,0.341202,0.000000,0.946667,0.145833,0.160000,0.463619,0.250000,0.164000,10,1,1,1,0,0,0,1,1,1,1,1,0,0,1,0,1,0.139921,0.144352,0.134035,0.000000,0.000000,0.000000,0.175974,0.000000,0.142457,0.139917,0.000000,0.000000,0.000000,0.000000,0.000000,0.123344,idle,1,10,5439,,none,,,0.000000,1.000000,0,none,,8.672197,8.672197,completed,60,4,rain,17.000000
16,1107,3448110748,123,Day 4 18:39,none,,8.672197,8.672197,completed,0.246667,0.345202,0.000000,0.893333,0.154167,0.166667,0.463619,0.240000,0.158000,10,1,1,1,0,0,0,1,1,1,1,1,0,0,1,0,1,0.149001,0.141061,0.139389,0.000000,0.000000,0.000000,0.171170,0.000000,0.139902,0.137646,0.000000,0.000000,0.000000,0.000000,0.000000,0.121830,get_meal,1,35,5474,door,none,,,0.000000,1.000000,0,none,,8.672197,8.672197,completed,60,4,rain,17.000000
16,1107,3448110748,124,Day 4 19:14,none,,8.672197,8.672197,completed,0.218333,0.359202,0.000000,1.000000,0.000000,0.190000,0.463619,0.205000,0.137000,10,1,1,1,0,0,0,1,1,1,1,1,0,0,1,0,1,0.171664,0.160412,0.161648,0.000000,0.000000,0.000000,0.197754,0.000000,0.167142,0.000000,0.000000,0.000000,0.000000,0.000000,0.000000,0.141379,use_computer,1,30,5504,computer,none,,,0.000000,1.000000,0,none,,8.672197,8.672197,completed,60,4,rain,17.000000
16,1107,3448110748,125,Day 4 19:44,none,,8.672197,8.672197,completed,0.068333,0.472032,0.000000,0.990000,0.025000,0.210000,0.463619,0.285000,0.119000,10,1,1,1,0,0,0,1,1,1,1,1,0,0,1,0,1,0.000000,0.000000,0.000000,0.000000,0.000000,0.000000,0.287879,0.317084,0.217769,0.000000,0.000000,0.000000,0.000000,0.000000,0.000000,0.177268,go_to_bathroom,1,15,5519,door,none,,,0.000000,1.000000,0,none,,8.672197,8.672197,completed,60,4,rain,17.000000
16,1107,3448110748,126,Day 4 19:59,none,,8.672197,8.672197,completed,0.073333,0.478032,0.000000,1.000000,0.037500,0.000000,0.463619,0.270000,0.110000,10,1,1,1,0,0,0,1,1,1,1,1,0,0,1,0,1,0.196340,0.000000,0.000000,0.000000,0.000000,0.000000,0.295379,0.325711,0.000000,0.000000,0.000000,0.000000,0.000000,0.000000,0.000000,0.182569,idle,1,10,5529,,none,,,0.000000,1.000000,0,none,,8.672197,8.672197,completed,60,4,rain,17.000000
16,1107,3448110748,127,Day 4 20:09,none,,8.672197,8.672197,completed,0.196667,0.482032,0.000000,0.946667,0.045833,0.006667,0.463619,0.260000,0.104000,10,1,1,1,0,0,0,1,1,1,1,1,0,0,1,0,1,0.174982,0.000000,0.168295,0.000000,0.000000,0.000000,0.240457,0.265348,0.000000,0.000000,0.000000,0.000000,0.000000,0.000000,0.000000,0.150918,rest_at_bed,1,60,5589,bed,none,,,0.000000,1.000000,0,none,,8.672197,8.672197,completed,60,4,rain,17.000000
16,1107,3448110748,128,Day 4 21:09,none,,8.672197,8.672197,completed,0.256667,0.269837,0.000000,0.976667,0.095833,0.046667,0.463619,0.060000,0.068000,10,1,1,1,0,0,0,1,1,1,1,1,0,0,1,0,1,0.278334,0.000000,0.256384,0.000000,0.000000,0.000000,0.253786,0.000000,0.000000,0.000000,0.000000,0.000000,0.000000,0.000000,0.000000,0.211496,rest_at_bed,1,60,5649,bed,none,,,0.000000,1.000000,0,none,,8.672197,8.672197,completed,60,4,rain,17.000000
16,1107,3448110748,129,Day 4 22:09,none,,8.672197,8.672197,completed,0.316667,0.057643,0.000000,1.000000,0.145833,0.086667,0.463619,0.000000,0.032000,10,1,1,1,0,0,0,1,1,1,1,1,0,0,1,0,1,0.297345,0.000000,0.263107,0.000000,0.000000,0.000000,0.000000,0.000000,0.000000,0.231345,0.000000,0.000000,0.000000,0.000000,0.000000,0.208203,idle,1,10,5659,,none,,,0.000000,1.000000,0,none,,8.672197,8.672197,completed,60,4,rain,17.000000
16,1107,3448110748,130,Day 4 22:19,none,,8.672197,8.672197,completed,0.440000,0.061643,0.000000,0.946667,0.154167,0.093333,0.463619,0.000000,0.026000,10,1,1,1,0,0,0,1,1,1,1,1,0,0,1,0,1,0.308934,0.000000,0.267015,0.000000,0.000000,0.000000,0.000000,0.000000,0.000000,0.222764,0.000000,0.000000,0.000000,0.000000,0.000000,0.201286,get_meal,1,35,5694,door,none,,,0.000000,1.000000,0,none,,8.672197,8.672197,completed,60,4,rain,17.000000
16,1107,3448110748,131,Day 4 22:54,none,,8.672197,8.672197,completed,0.411667,0.075643,0.000000,1.000000,0.000000,0.116667,0.463619,0.000000,0.005000,10,1,1,1,0,0,0,1,1,1,1,1,0,0,1,0,1,0.394580,0.000000,0.343542,0.000000,0.000000,0.000000,0.000000,0.000000,0.000000,0.000000,0.000000,0.000000,0.000000,0.000000,0.000000,0.261878,use_phone,1,25,5719,phone,none,,,0.000000,1.000000,0,none,,8.672197,8.672197,completed,60,4,rain,17.000000
16,1107,3448110748,132,Day 4 23:19,none,,8.672197,8.672197,completed,0.200000,0.166629,0.000000,1.000000,0.020833,0.133333,0.463619,0.095000,0.090000,10,1,1,1,0,0,0,1,1,1,1,1,0,0,1,0,1,0.224045,0.000000,0.206074,0.000000,0.000000,0.000000,0.198905,0.000000,0.195318,0.000000,0.000000,0.000000,0.000000,0.000000,0.000000,0.175658,rest_at_bed,1,60,5779,bed,none,,,0.000000,1.000000,0,none,,8.672197,8.672197,completed,60,4,rain,17.000000
16,1107,3448110748,133,Day 5 00:19,none,,8.672197,8.672197,completed,0.260000,0.000000,0.000000,1.000000,0.070833,0.173333,0.463619,0.000000,0.054000,10,1,1,1,0,0,0,1,1,1,1,1,0,0,1,0,1,0.290964,0.000000,0.258397,0.000000,0.000000,0.000000,0.000000,0.000000,0.241552,0.000000,0.000000,0.000000,0.000000,0.000000,0.000000,0.209087,use_computer,1,30,5809,computer,none,,,0.000000,1.000000,0,none,,8.672197,8.672197,completed,60,4,rain,17.000000
16,1107,3448110748,134,Day 5 00:49,none,,8.672197,8.672197,completed,0.110000,0.112830,0.000000,0.990000,0.095833,0.193333,0.463619,0.080000,0.036000,10,1,1,1,0,0,0,1,1,1,1,1,0,0,1,0,1,0.268304,0.000000,0.249335,0.000000,0.000000,0.000000,0.000000,0.000000,0.263152,0.000000,0.000000,0.000000,0.000000,0.000000,0.000000,0.219209,use_computer,1,30,5839,computer,none,,,0.000000,1.000000,0,none,,8.672197,8.672197,completed,60,4,rain,17.000000
16,1107,3448110748,135,Day 5 01:19,none,,8.672197,8.672197,completed,0.000000,0.225661,0.000000,0.980000,0.120833,0.213333,0.463619,0.160000,0.018000,10,1,1,1,0,0,0,1,1,1,1,1,0,0,1,0,1,0.239596,0.000000,0.000000,0.000000,0.000000,0.000000,0.272997,0.000000,0.270018,0.000000,0.000000,0.000000,0.000000,0.000000,0.000000,0.217390,rest_at_bed,1,60,5899,bed,none,,,0.000000,1.000000,0,none,,8.672197,8.672197,completed,60,4,rain,17.000000
16,1107,3448110748,136,Day 5 02:19,none,,8.672197,8.672197,completed,0.060000,0.013466,0.000000,1.000000,0.170833,0.253333,0.463619,0.000000,0.000000,10,1,1,1,0,0,0,1,1,1,1,1,0,0,1,0,1,0.211413,0.000000,0.195540,0.000000,0.000000,0.000000,0.000000,0.000000,0.220910,0.200958,0.000000,0.000000,0.000000,0.000000,0.000000,0.171180,get_meal,1,35,5934,door,none,,,0.000000,1.000000,0,none,,8.672197,8.672197,completed,60,4,rain,17.000000
16,1107,3448110748,137,Day 5 02:54,none,,8.672197,8.672197,completed,0.031667,0.027466,0.000000,1.000000,0.000000,0.276667,0.463619,0.000000,0.000000,10,1,1,1,0,0,0,1,1,1,1,1,0,0,1,0,1,0.259587,0.000000,0.241858,0.000000,0.000000,0.000000,0.000000,0.000000,0.284454,0.000000,0.000000,0.000000,0.000000,0.000000,0.000000,0.214102,idle,1,10,5944,,none,,,0.000000,1.000000,0,none,,8.672197,8.672197,completed,60,4,rain,17.000000
16,1107,3448110748,138,Day 5 03:04,none,,8.672197,8.672197,completed,0.155000,0.031466,0.000000,0.946667,0.008333,0.283333,0.463619,0.000000,0.000000,10,1,1,1,0,0,0,1,1,1,1,1,0,0,1,0,1,0.270904,0.000000,0.246542,0.000000,0.000000,0.000000,0.000000,0.000000,0.274645,0.000000,0.000000,0.000000,0.000000,0.000000,0.000000,0.207909,go_to_bathroom,1,15,5959,door,none,,,0.000000,1.000000,0,none,,8.672197,8.672197,completed,60,4,rain,17.000000
16,1107,3448110748,139,Day 5 03:19,none,,8.672197,8.672197,completed,0.160000,0.037466,0.000000,1.000000,0.020833,0.000000,0.463619,0.000000,0.000000,10,1,1,1,0,0,0,1,1,1,1,1,0,0,1,0,1,0.373735,0.000000,0.340057,0.000000,0.000000,0.000000,0.000000,0.000000,0.000000,0.000000,0.000000,0.000000,0.000000,0.000000,0.000000,0.286207,use_phone,1,25,5984,phone,none,,,0.000000,1.000000,0,none,,8.672197,8.672197,completed,60,4,rain,17.000000
16,1107,3448110748,140,Day 5 03:44,none,,8.672197,8.672197,completed,0.000000,0.128452,0.000000,1.000000,0.041667,0.016667,0.463619,0.095000,0.085000,10,1,1,1,0,0,0,1,1,1,1,1,0,0,1,0,1,0.532600,0.000000,0.000000,0.000000,0.000000,0.000000,0.000000,0.000000,0.000000,0.000000,0.000000,0.000000,0.000000,0.000000,0.000000,0.467400,use_phone,1,25,6009,phone,none,,,0.000000,1.000000,0,none,,8.672197,8.672197,completed,60,4,rain,17.000000
16,1107,3448110748,141,Day 5 04:09,none,,8.672197,8.672197,completed,0.000000,0.219438,0.000000,1.000000,0.062500,0.033333,0.463619,0.190000,0.170000,10,1,1,1,0,0,0,1,1,1,1,1,0,0,1,0,1,0.240359,0.260262,0.000000,0.000000,0.000000,0.000000,0.279364,0.000000,0.000000,0.000000,0.000000,0.000000,0.000000,0.000000,0.000000,0.220016,shop_on_phone,1,20,6029,phone,none,,,0.000000,1.000000,0,none,,8.672197,8.672197,completed,30,4,rain,17.000000
16,1107,3448110748,142,Day 5 04:29,none,,8.672197,8.672197,completed,0.006667,0.228060,0.000000,1.000000,0.079167,0.046667,0.463619,0.250000,0.000000,10,1,1,1,0,0,0,1,1,1,1,1,0,0,1,0,1,0.000000,0.000000,0.000000,0.000000,0.000000,0.000000,0.568834,0.000000,0.000000,0.000000,0.000000,0.000000,0.000000,0.000000,0.000000,0.431166,idle,1,10,6039,,none,,,0.000000,1.000000,0,none,,8.672197,8.672197,completed,30,4,rain,17.000000
16,1107,3448110748,143,Day 5 04:39,none,,8.672197,8.672197,completed,0.130000,0.232060,0.000000,0.946667,0.087500,0.053333,0.463619,0.240000,0.000000,10,1,1,1,0,0,0,1,1,1,1,1,0,0,1,0,1,0.254606,0.000000,0.240140,0.000000,0.000000,0.000000,0.285504,0.000000,0.000000,0.000000,0.000000,0.000000,0.000000,0.000000,0.000000,0.219749,use_phone,1,25,6064,phone,none,,,0.000000,1.000000,0,none,,8.672197,8.672197,completed,30,4,rain,17.000000
16,1107,3448110748,144,Day 5 05:04,none,,8.672197,8.672197,completed,0.000000,0.323046,0.000000,0.978333,0.108333,0.070000,0.463619,0.335000,0.085000,10,1,1,1,0,0,0,1,1,1,1,1,0,0,1,0,1,0.000000,0.000000,0.000000,0.000000,0.000000,0.000000,0.598551,0.000000,0.000000,0.000000,0.000000,0.000000,0.000000,0.000000,0.000000,0.401449,rest_at_bed,1,60,6124,bed,none,,,0.000000,1.000000,0,none,,8.672197,8.672197,completed,30,4,rain,17.000000
16,1107,3448110748,145,Day 5 06:04,none,,8.672197,8.672197,completed,0.060000,0.110852,0.000000,1.000000,0.158333,0.110000,0.463619,0.135000,0.049000,10,1,1,1,0,0,0,1,1,1,1,1,0,0,1,0,1,0.210609,0.000000,0.197815,0.000000,0.000000,0.000000,0.202475,0.000000,0.000000,0.208787,0.000000,0.000000,0.000000,0.000000,0.000000,0.180315,idle,1,10,6134,,none,,,0.000000,1.000000,0,none,,8.672197,8.672197,completed,30,4,rain,17.000000
16,1107,3448110748,146,Day 5 06:14,none,,8.672197,8.672197,completed,0.183333,0.114852,0.000000,0.946667,0.166667,0.116667,0.463619,0.125000,0.043000,10,1,1,1,0,0,0,1,1,1,1,1,0,0,1,0,1,0.221959,0.000000,0.203592,0.000000,0.000000,0.000000,0.194912,0.000000,0.000000,0.203276,0.000000,0.000000,0.000000,0.000000,0.000000,0.176261,use_computer,1,30,6164,computer,none,,,0.000000,1.000000,0,none,,8.672197,8.672197,completed,30,4,rain,17.000000
16,1107,3448110748,147,Day 5 06:44,none,,8.672197,8.672197,completed,0.033333,0.227682,0.000000,0.936667,0.191667,0.136667,0.463619,0.205000,0.025000,10,1,1,1,0,0,0,1,1,1,1,1,0,0,1,0,1,0.193218,0.000000,0.000000,0.000000,0.000000,0.000000,0.223975,0.000000,0.198202,0.210152,0.000000,0.000000,0.000000,0.000000,0.000000,0.174452,idle,1,10,6174,,none,,,0.000000,1.000000,0,none,,8.672197,8.672197,completed,30,4,rain,17.000000
16,1107,3448110748,148,Day 5 06:54,none,,8.672197,8.672197,completed,0.156667,0.231682,0.000000,0.883333,0.200000,0.143333,0.463619,0.195000,0.019000,10,1,1,1,0,0,0,1,1,1,1,1,0,0,1,0,1,0.172878,0.000000,0.162048,0.000000,0.000000,0.000000,0.183048,0.000000,0.163544,0.173706,0.000000,0.000000,0.000000,0.000000,0.000000,0.144776,use_phone,1,25,6199,phone,none,,,0.000000,1.000000,0,none,,8.672197,8.672197,completed,30,4,rain,17.000000
16,1107,3448110748,149,Day 5 07:19,none,,8.672197,8.672197,completed,0.000000,0.322668,0.000000,0.915000,0.220833,0.160000,0.463619,0.290000,0.104000,10,1,1,1,0,0,0,1,1,1,1,1,0,0,1,0,1,0.000000,0.000000,0.000000,0.000000,0.000000,0.000000,0.298554,0.000000,0.240119,0.256148,0.000000,0.000000,0.000000,0.000000,0.000000,0.205179,idle,1,10,6209,,none,,,0.000000,1.000000,0,none,,8.672197,8.672197,completed,30,4,rain,17.000000
16,1107,3448110748,150,Day 5 07:29,none,,8.672197,8.672197,completed,0.123333,0.326668,0.000000,0.861667,0.229167,0.166667,0.463619,0.280000,0.098000,10,1,1,1,0,0,0,1,1,1,1,1,0,0,1,0,1,0.159832,0.000000,0.152921,0.000000,0.000000,0.000000,0.203472,0.000000,0.165222,0.176558,0.000000,0.000000,0.000000,0.000000,0.000000,0.141994,go_to_bathroom,1,15,6224,door,none,,,0.000000,1.000000,0,none,,8.672197,8.672197,completed,30,4,rain,17.000000
16,1107,3448110748,151,Day 5 07:44,none,,8.672197,8.672197,completed,0.128333,0.332668,0.000000,0.955493,0.241667,0.000000,0.463619,0.265000,0.089000,10,1,1,1,0,0,0,1,1,1,1,1,0,0,1,0,1,0.191957,0.000000,0.183561,0.000000,0.000000,0.000000,0.241761,0.000000,0.000000,0.213374,0.000000,0.000000,0.000000,0.000000,0.000000,0.169347,rest_at_bed,1,60,6284,bed,none,alarm-rings,,0.000000,1.000000,0,none,,8.672197,8.672197,completed,30,4,rain,17.000000
16,1107,3448110748,152,Day 5 08:44,none,,8.672197,8.672197,completed,0.218333,0.120473,0.000000,0.985493,0.291667,0.040000,0.515513,0.065000,0.053000,11,1,1,1,0,0,0,1,1,1,1,1,0,1,1,0,1,0.200224,0.000000,0.182307,0.000000,0.000000,0.000000,0.000000,0.000000,0.000000,0.201613,0.000000,0.000000,0.262954,0.000000,0.000000,0.152902,use_phone,1,25,6309,phone,none,,,0.000000,1.000000,0,none,,8.672197,8.672197,completed,30,4,rain,17.000000
16,1107,3448110748,153,Day 5 09:09,none,,8.672197,8.672197,completed,0.006667,0.211459,0.000000,1.000000,0.312500,0.056667,0.515513,0.160000,0.138000,11,1,1,1,0,0,0,1,1,1,1,1,0,1,1,0,1,0.171024,0.000000,0.000000,0.000000,0.000000,0.000000,0.190360,0.000000,0.000000,0.212924,0.000000,0.000000,0.271406,0.000000,0.000000,0.154285,use_phone,1,25,6334,phone,none,,,0.000000,1.000000,0,none,,8.672197,8.672197,completed,30,4,rain,17.000000
16,1107,3448110748,154,Day 5 09:34,none,,8.672197,8.672197,completed,0.000000,0.302445,0.000000,1.000000,0.333333,0.073333,0.515513,0.255000,0.223000,11,1,1,1,0,0,0,1,1,1,1,1,0,1,1,0,1,0.000000,0.183065,0.000000,0.000000,0.000000,0.000000,0.204916,0.000000,0.000000,0.207226,0.000000,0.000000,0.258149,0.000000,0.000000,0.146645,rest_at_bed,1,60,6394,bed,none,,,0.000000,1.000000,0,none,,8.672197,8.672197,completed,30,4,rain,17.000000
16,1107,3448110748,155,Day 5 10:34,none,,8.672197,8.672197,completed,0.060000,0.090250,0.000000,1.000000,0.383333,0.113333,0.515513,0.055000,0.187000,11,1,1,1,0,0,0,1,1,1,1,1,0,1,1,0,1,0.154863,0.154772,0.144824,0.000000,0.000000,0.000000,0.000000,0.000000,0.000000,0.191215,0.000000,0.000000,0.225439,0.000000,0.000000,0.128887,use_computer,1,30,6424,computer,none,,,0.000000,1.000000,0,none,,8.672197,8.672197,completed,30,4,rain,17.000000
16,1107,3448110748,156,Day 5 11:04,none,,8.672197,8.672197,completed,0.000000,0.203080,0.000000,0.990000,0.408333,0.133333,0.515513,0.135000,0.169000,11,1,1,1,0,0,0,1,1,1,1,1,0,1,1,0,1,0.124674,0.132224,0.000000,0.000000,0.000000,0.000000,0.135405,0.000000,0.127104,0.171732,0.000000,0.000000,0.196970,0.000000,0.000000,0.111891,turn_off_alarm,1,1,6425,alarm,none,,,0.000000,1.000000,0,none,,8.672197,8.672197,completed,30,4,rain,17.000000
16,1107,3448110748,157,Day 5 11:05,none,,8.672197,8.672197,completed,0.000333,0.203480,0.000000,1.000000,0.409167,0.134000,0.495513,0.134000,0.168400,10,1,1,1,0,0,0,1,1,1,1,1,0,0,1,0,1,0.155235,0.164457,0.000000,0.000000,0.000000,0.000000,0.168837,0.000000,0.158299,0.213918,0.000000,0.000000,0.000000,0.000000,0.000000,0.139254,get_meal,1,35,6460,door,none,,,0.000000,1.000000,0,none,,8.672197,8.672197,completed,30,4,rain,17.000000
16,1107,3448110748,158,Day 5 11:40,none,,8.672197,8.672197,completed,0.000000,0.217480,0.000000,1.000000,0.000000,0.157333,0.495513,0.099000,0.147400,10,1,1,1,0,0,0,1,1,1,1,1,0,0,1,0,1,0.199083,0.204563,0.000000,0.000000,0.000000,0.000000,0.212944,0.000000,0.206463,0.000000,0.000000,0.000000,0.000000,0.000000,0.000000,0.176946,shop_on_phone,1,20,6480,phone,none,,,0.000000,1.000000,0,none,,8.672197,8.672197,completed,0,4,rain,17.000000
16,1107,3448110748,159,Day 5 12:00,none,,8.672197,8.672197,completed,0.006667,0.226103,0.000000,1.000000,0.016667,0.170667,0.495513,0.159000,0.000000,10,1,1,1,0,0,0,1,1,1,1,1,0,0,1,0,1,0.243748,0.000000,0.000000,0.000000,0.000000,0.000000,0.275380,0.000000,0.260639,0.000000,0.000000,0.000000,0.000000,0.000000,0.000000,0.220233,use_phone,1,25,6505,phone,none,,,0.000000,1.000000,0,none,,8.672197,8.672197,completed,0,4,rain,17.000000
16,1107,3448110748,160,Day 5 12:25,none,,8.672197,8.672197,completed,0.000000,0.317089,0.000000,1.000000,0.037500,0.187333,0.495513,0.254000,0.085000,10,1,1,1,0,0,0,1,1,1,1,1,0,0,1,0,1,0.000000,0.000000,0.000000,0.000000,0.000000,0.000000,0.390908,0.000000,0.333054,0.000000,0.000000,0.000000,0.000000,0.000000,0.000000,0.276038,go_to_bathroom,1,15,6520,door,none,message-study-group,,0.000000,1.000000,0,none,,8.672197,8.672197,completed,0,5,rain,17.000000
16,1107,3448110748,161,Day 5 12:40,none,,8.672197,8.672197,completed,0.005000,0.323089,0.000000,1.000000,0.050000,0.000000,0.495513,0.239000,0.076000,10,1,1,1,0,0,0,1,1,1,1,1,0,0,1,0,1,0.000000,0.000000,0.000000,0.000000,0.000000,0.000000,0.585209,0.000000,0.000000,0.000000,0.000000,0.000000,0.000000,0.000000,0.000000,0.414791,rest_at_bed,1,60,6580,bed,none,,,0.000000,1.000000,0,none,,8.672197,8.672197,completed,0,5,rain,17.000000
16,1107,3448110748,162,Day 5 13:40,none,,8.672197,8.672197,completed,0.065000,0.110894,0.000000,1.000000,0.100000,0.040000,0.495513,0.039000,0.040000,10,1,1,1,0,0,0,1,1,1,1,1,0,0,1,0,1,0.361770,0.000000,0.338770,0.000000,0.000000,0.000000,0.000000,0.000000,0.000000,0.000000,0.000000,0.000000,0.000000,0.000000,0.000000,0.299460,idle,1,10,6590,,none,,,0.000000,1.000000,0,none,,8.672197,8.672197,completed,0,5,rain,17.000000
16,1107,3448110748,163,Day 5 13:50,none,,8.672197,8.672197,completed,0.188333,0.114894,0.000000,0.946667,0.108333,0.046667,0.495513,0.029000,0.034000,10,1,1,1,0,0,0,1,1,1,1,1,0,0,1,0,1,0.372820,0.000000,0.340938,0.000000,0.000000,0.000000,0.000000,0.000000,0.000000,0.000000,0.000000,0.000000,0.000000,0.000000,0.000000,0.286242,use_computer,1,30,6620,computer,none,,,0.000000,1.000000,0,none,,8.672197,8.672197,completed,0,5,rain,17.000000
16,1107,3448110748,164,Day 5 14:20,none,,8.672197,8.672197,completed,0.038333,0.227725,0.000000,0.936667,0.133333,0.066667,0.495513,0.109000,0.016000,10,1,1,1,0,0,0,1,1,1,1,1,0,0,1,0,1,0.205087,0.000000,0.196257,0.000000,0.000000,0.000000,0.217496,0.000000,0.000000,0.202133,0.000000,0.000000,0.000000,0.000000,0.000000,0.179027,get_meal,1,35,6655,door,none,,,0.000000,1.000000,0,none,,8.672197,8.672197,completed,0,5,rain,17.000000
16,1107,3448110748,165,Day 5 14:55,none,,8.672197,8.672197,completed,0.010000,0.241725,0.000000,1.000000,0.000000,0.090000,0.495513,0.074000,0.000000,10,1,1,1,0,0,0,1,1,1,1,1,0,0,1,0,1,0.256019,0.000000,0.246608,0.000000,0.000000,0.000000,0.272264,0.000000,0.000000,0.000000,0.000000,0.000000,0.000000,0.000000,0.000000,0.225109,idle,1,10,6665,,none,,,0.000000,1.000000,0,none,,8.672197,8.672197,completed,0,5,rain,17.000000
16,1107,3448110748,166,Day 5 15:05,none,,8.672197,8.672197,completed,0.133333,0.245725,0.000000,0.946667,0.008333,0.096667,0.495513,0.064000,0.000000,10,1,1,1,0,0,0,1,1,1,1,1,0,0,1,0,1,0.268268,0.000000,0.252354,0.000000,0.000000,0.000000,0.260592,0.000000,0.000000,0.000000,0.000000,0.000000,0.000000,0.000000,0.000000,0.218785,use_computer,1,30,6695,computer,none,,,0.000000,1.000000,0,none,,8.672197,8.672197,completed,0,5,rain,17.000000
16,1107,3448110748,167,Day 5 15:35,none,,8.672197,8.672197,completed,0.000000,0.358555,0.000000,0.936667,0.033333,0.116667,0.495513,0.144000,0.000000,10,1,1,1,0,0,0,1,1,1,1,1,0,0,1,0,1,0.313904,0.000000,0.000000,0.000000,0.000000,0.000000,0.397870,0.000000,0.000000,0.000000,0.000000,0.000000,0.000000,0.000000,0.000000,0.288226,use_phone,1,25,6720,phone,none,room-temperature-shift,,0.000000,1.000000,0,none,,8.672197,8.672197,completed,0,5,rain,24.000000
16,1107,3448110748,168,Day 5 16:00,none,,8.672197,8.672197,completed,0.000000,0.449541,0.000000,0.968333,0.054167,0.133333,0.495513,0.239000,0.085000,10,1,1,1,0,0,0,1,1,1,1,1,0,0,1,0,1,0.000000,0.000000,0.000000,0.000000,0.000000,0.000000,0.422437,0.000000,0.307163,0.000000,0.000000,0.000000,0.000000,0.000000,0.000000,0.270400,rest_at_bed,1,60,6780,bed,none,weather-rain,,0.000000,1.000000,0,none,,8.672197,8.672197,completed,0,5,rain,24.000000
16,1107,3448110748,169,Day 5 17:00,none,,8.672197,8.672197,completed,0.060000,0.237346,0.000000,0.998333,0.104167,0.173333,0.495513,0.039000,0.049000,10,1,1,1,0,0,0,1,1,1,1,1,0,0,1,0,1,0.208982,0.000000,0.199090,0.000000,0.000000,0.000000,0.207474,0.000000,0.208119,0.000000,0.000000,0.000000,0.000000,0.000000,0.000000,0.176335,rest_at_bed,1,60,6840,bed,none,,,0.000000,1.000000,0,none,,8.672197,8.672197,completed,0,5,rain,24.000000
16,1107,3448110748,170,Day 5 18:00,none,,8.672197,8.672197,completed,0.120000,0.025151,0.000000,1.000000,0.154167,0.213333,0.495513,0.000000,0.013000,10,1,1,1,0,0,0,1,1,1,1,1,0,0,1,0,1,0.219552,0.000000,0.201011,0.000000,0.000000,0.000000,0.000000,0.000000,0.210749,0.196823,0.000000,0.000000,0.000000,0.000000,0.000000,0.171864,get_meal,1,35,6875,door,none,,,0.000000,1.000000,0,none,,8.672197,8.672197,completed,0,5,rain,24.000000
16,1107,3448110748,171,Day 5 18:35,none,,8.672197,8.672197,completed,0.091667,0.039151,0.000000,1.000000,0.000000,0.236667,0.495513,0.000000,0.000000,10,1,1,1,0,0,0,1,1,1,1,1,0,0,1,0,1,0.268364,0.000000,0.247503,0.000000,0.000000,0.000000,0.000000,0.000000,0.270146,0.000000,0.000000,0.000000,0.000000,0.000000,0.000000,0.213987,go_to_bathroom,1,15,6890,door,none,,,0.000000,1.000000,0,none,,8.672197,8.672197,completed,0,5,rain,24.000000
16,1107,3448110748,172,Day 5 18:50,none,,8.672197,8.672197,completed,0.096667,0.045151,0.000000,1.000000,0.012500,0.000000,0.495513,0.000000,0.000000,10,1,1,1,0,0,0,1,1,1,1,1,0,0,1,0,1,0.367954,0.000000,0.339284,0.000000,0.000000,0.000000,0.000000,0.000000,0.000000,0.000000,0.000000,0.000000,0.000000,0.000000,0.000000,0.292762,use_phone,1,25,6915,phone,none,,,0.000000,1.000000,0,none,,8.672197,8.672197,completed,0,5,rain,24.000000
16,1107,3448110748,173,Day 5 19:15,none,,8.672197,8.672197,completed,0.000000,0.136137,0.000000,1.000000,0.033333,0.016667,0.495513,0.095000,0.085000,10,1,1,1,0,0,0,1,1,1,1,1,0,0,1,0,1,0.348830,0.000000,0.000000,0.000000,0.000000,0.000000,0.344742,0.000000,0.000000,0.000000,0.000000,0.000000,0.000000,0.000000,0.000000,0.306429,idle,1,10,6925,,none,,,0.000000,1.000000,0,none,,8.672197,8.672197,completed,0,5,rain,24.000000
16,1107,3448110748,174,Day 5 19:25,none,,8.672197,8.672197,completed,0.123333,0.140137,0.000000,0.946667,0.041667,0.023333,0.495513,0.085000,0.079000,10,1,1,1,0,0,0,1,1,1,1,1,0,0,1,0,1,0.364294,0.000000,0.338883,0.000000,0.000000,0.000000,0.000000,0.000000,0.000000,0.000000,0.000000,0.000000,0.000000,0.000000,0.000000,0.296823,use_computer,1,30,6955,computer,none,,,0.000000,1.000000,0,none,,8.672197,8.672197,completed,0,5,rain,24.000000
16,1107,3448110748,175,Day 5 19:55,none,,8.672197,8.672197,completed,0.000000,0.252967,0.000000,0.936667,0.066667,0.043333,0.495513,0.165000,0.061000,10,1,1,1,0,0,0,1,1,1,1,1,0,0,1,0,1,0.324496,0.000000,0.000000,0.000000,0.000000,0.000000,0.379574,0.000000,0.000000,0.000000,0.000000,0.000000,0.000000,0.000000,0.000000,0.295929,idle,1,10,6965,,none,,,0.000000,1.000000,0,none,,8.672197,8.672197,completed,0,5,rain,24.000000
16,1107,3448110748,176,Day 5 20:05,none,,8.672197,8.672197,completed,0.123333,0.256967,0.000000,0.883333,0.075000,0.050000,0.495513,0.155000,0.055000,10,1,1,1,0,0,0,1,1,1,1,1,0,0,1,0,1,0.259064,0.000000,0.245000,0.000000,0.000000,0.000000,0.276800,0.000000,0.000000,0.000000,0.000000,0.000000,0.000000,0.000000,0.000000,0.219136,use_phone,1,25,6990,phone,none,evening,,0.000000,1.000000,0,none,,8.672197,8.672197,completed,0,5,rain,24.000000
16,1107,3448110748,177,Day 5 20:30,none,,8.672197,8.672197,completed,0.000000,0.347953,0.000000,0.915000,0.095833,0.066667,0.495513,0.250000,0.140000,10,1,1,1,0,0,0,1,1,1,1,1,0,0,1,0,1,0.000000,0.000000,0.000000,0.000000,0.000000,0.000000,0.591592,0.000000,0.000000,0.000000,0.000000,0.000000,0.000000,0.000000,0.000000,0.408408,idle,1,10,7000,,none,,,0.000000,1.000000,0,none,,8.672197,8.672197,completed,0,5,rain,24.000000
16,1107,3448110748,178,Day 5 20:40,none,,8.672197,8.672197,completed,0.123333,0.351953,0.000000,0.861667,0.104167,0.073333,0.495513,0.240000,0.134000,10,1,1,1,0,0,0,1,1,1,1,1,0,0,1,0,1,0.196346,0.196126,0.188306,0.000000,0.000000,0.000000,0.246454,0.000000,0.000000,0.000000,0.000000,0.000000,0.000000,0.000000,0.000000,0.172769,shop_on_phone,0,0,7000,phone,resource_insufficient,,,0.000000,1.000000,0,none,,8.672197,8.672197,completed,0,5,rain,24.000000
16,1107,3448110748,179,Day 5 20:40,none,,8.672197,8.672197,completed,0.123333,0.351953,0.000000,0.831667,0.104167,0.073333,0.525513,0.240000,0.134000,10,1,1,1,0,0,0,1,1,1,1,1,0,0,1,0,1,0.196501,0.196281,0.188454,0.000000,0.000000,0.000000,0.245859,0.000000,0.000000,0.000000,0.000000,0.000000,0.000000,0.000000,0.000000,0.172905,use_computer,1,30,7030,computer,none,,,0.000000,1.000000,0,none,,8.672197,8.672197,completed,0,5,rain,24.000000
16,1107,3448110748,180,Day 5 21:10,none,,8.672197,8.672197,completed,0.000000,0.464784,0.000000,0.821667,0.129167,0.093333,0.525513,0.320000,0.116000,10,1,1,1,0,0,0,1,1,1,1,1,0,0,1,0,1,0.000000,0.000000,0.000000,0.000000,0.000000,0.000000,0.293966,0.325938,0.000000,0.201522,0.000000,0.000000,0.000000,0.000000,0.000000,0.178574,rest_at_bed,1,60,7090,bed,none,,,0.000000,1.000000,0,none,,8.672197,8.672197,completed,0,5,rain,24.000000
16,1107,3448110748,181,Day 5 22:10,none,,8.672197,8.672197,completed,0.060000,0.252589,0.000000,0.851667,0.179167,0.133333,0.525513,0.120000,0.080000,10,1,1,1,0,0,0,1,1,1,1,1,0,0,1,0,1,0.169291,0.000000,0.161873,0.000000,0.000000,0.000000,0.182115,0.000000,0.165796,0.174034,0.000000,0.000000,0.000000,0.000000,0.000000,0.146891,get_meal,1,35,7125,door,none,,,0.000000,1.000000,0,none,,8.672197,8.672197,completed,0,5,rain,24.000000
16,1107,3448110748,182,Day 5 22:45,none,,8.672197,8.672197,completed,0.031667,0.266589,0.000000,0.978827,0.000000,0.156667,0.525513,0.085000,0.059000,10,1,1,1,0,0,0,1,1,1,1,1,0,0,1,0,1,0.202808,0.000000,0.195198,0.000000,0.000000,0.000000,0.218777,0.000000,0.205966,0.000000,0.000000,0.000000,0.000000,0.000000,0.000000,0.177251,use_computer,1,30,7155,computer,none,,,0.000000,1.000000,0,none,,8.672197,8.672197,completed,0,5,rain,24.000000
16,1107,3448110748,183,Day 5 23:15,none,,8.672197,8.672197,completed,0.000000,0.379419,0.000000,0.968827,0.025000,0.176667,0.525513,0.165000,0.041000,10,1,1,1,0,0,0,1,1,1,1,1,0,0,1,0,1,0.230228,0.000000,0.000000,0.000000,0.000000,0.000000,0.301954,0.000000,0.254424,0.000000,0.000000,0.000000,0.000000,0.000000,0.000000,0.213394,go_to_bathroom,1,15,7170,door,none,,,0.000000,1.000000,0,none,,8.672197,8.672197,completed,0,5,rain,24.000000
16,1107,3448110748,184,Day 5 23:30,none,,8.672197,8.672197,completed,0.005000,0.385419,0.000000,1.000000,0.037500,0.000000,0.525513,0.150000,0.032000,10,1,1,1,0,0,0,1,1,1,1,1,0,0,1,0,1,0.310753,0.000000,0.000000,0.000000,0.000000,0.000000,0.403219,0.000000,0.000000,0.000000,0.000000,0.000000,0.000000,0.000000,0.000000,0.286028,rest_at_bed,1,60,7230,bed,none,,,0.000000,1.000000,0,none,,8.672197,8.672197,completed,0,5,rain,24.000000
16,1107,3448110748,185,Day 6 00:30,none,,8.672197,8.672197,completed,0.065000,0.173224,0.000000,1.000000,0.087500,0.040000,0.525513,0.000000,0.000000,10,1,1,1,0,0,0,1,1,1,1,1,0,0,1,0,1,0.361378,0.000000,0.340835,0.000000,0.000000,0.000000,0.000000,0.000000,0.000000,0.000000,0.000000,0.000000,0.000000,0.000000,0.000000,0.297788,idle,1,10,7240,,none,,,0.000000,1.000000,0,none,,8.672197,8.672197,completed,0,5,rain,24.000000
16,1107,3448110748,186,Day 6 00:40,none,,8.672197,8.672197,completed,0.188333,0.177224,0.000000,0.946667,0.095833,0.046667,0.525513,0.000000,0.000000,10,1,1,1,0,0,0,1,1,1,1,1,0,0,1,0,1,0.372019,0.000000,0.342726,0.000000,0.000000,0.000000,0.000000,0.000000,0.000000,0.000000,0.000000,0.000000,0.000000,0.000000,0.000000,0.285255,use_phone,1,25,7265,phone,none,,,0.000000,1.000000,0,none,,8.672197,8.672197,completed,0,5,rain,24.000000
16,1107,3448110748,187,Day 6 01:05,none,,8.672197,8.672197,completed,0.000000,0.268210,0.000000,0.978333,0.116667,0.063333,0.525513,0.095000,0.085000,10,1,1,1,0,0,0,1,1,1,1,1,0,0,1,0,1,0.332517,0.000000,0.000000,0.000000,0.000000,0.000000,0.370391,0.000000,0.000000,0.000000,0.000000,0.000000,0.000000,0.000000,0.000000,0.297091,use_phone,1,25,7290,phone,none,,,0.000000,1.000000,0,none,,8.672197,8.672197,completed,0,5,rain,24.000000
16,1107,3448110748,188,Day 6 01:30,none,,8.672197,8.672197,completed,0.000000,0.359196,0.000000,1.000000,0.137500,0.080000,0.525513,0.190000,0.170000,10,1,1,1,0,0,0,1,1,1,1,1,0,0,1,0,1,0.000000,0.249941,0.000000,0.000000,0.000000,0.000000,0.298126,0.000000,0.000000,0.240642,0.000000,0.000000,0.000000,0.000000,0.000000,0.211291,rest_at_bed,1,60,7350,bed,none,,,0.000000,1.000000,0,none,,8.672197,8.672197,completed,0,5,rain,24.000000
16,1107,3448110748,189,Day 6 02:30,none,,8.672197,8.672197,completed,0.060000,0.147001,0.000000,1.000000,0.187500,0.120000,0.525513,0.000000,0.134000,10,1,1,1,0,0,0,1,1,1,1,1,0,0,1,0,1,0.266704,0.000000,0.250942,0.000000,0.000000,0.000000,0.000000,0.000000,0.000000,0.262674,0.000000,0.000000,0.000000,0.000000,0.000000,0.219680,get_meal,1,35,7385,door,none,,,0.000000,1.000000,0,none,,8.672197,8.672197,completed,0,5,rain,24.000000
16,1107,3448110748,190,Day 6 03:05,none,,8.672197,8.672197,completed,0.031667,0.161001,0.000000,1.000000,0.000000,0.143333,0.525513,0.000000,0.113000,10,1,1,1,0,0,0,1,1,1,1,1,0,0,1,0,1,0.266853,0.000000,0.252924,0.000000,0.000000,0.000000,0.000000,0.000000,0.256325,0.000000,0.000000,0.000000,0.000000,0.000000,0.000000,0.223898,go_to_bathroom,1,15,7400,door,none,,,0.000000,1.000000,0,none,,8.672197,8.672197,completed,0,5,rain,24.000000
16,1107,3448110748,191,Day 6 03:20,none,,8.672197,8.672197,completed,0.036667,0.167001,0.000000,1.000000,0.012500,0.000000,0.525513,0.000000,0.104000,10,1,1,1,0,0,0,1,1,1,1,1,0,0,1,0,1,0.359089,0.000000,0.340277,0.000000,0.000000,0.000000,0.000000,0.000000,0.000000,0.000000,0.000000,0.000000,0.000000,0.000000,0.000000,0.300634,use_phone,1,25,7425,phone,none,,,0.000000,1.000000,0,none,,8.672197,8.672197,completed,0,5,rain,24.000000
16,1107,3448110748,192,Day 6 03:45,none,,8.672197,8.672197,completed,0.000000,0.257987,0.000000,1.000000,0.033333,0.016667,0.525513,0.095000,0.189000,10,1,1,1,0,0,0,1,1,1,1,1,0,0,1,0,1,0.245596,0.264281,0.000000,0.000000,0.000000,0.000000,0.270980,0.000000,0.000000,0.000000,0.000000,0.000000,0.000000,0.000000,0.000000,0.219143,shop_on_phone,0,0,7425,phone,resource_insufficient,,,0.000000,1.000000,0,none,,8.672197,8.672197,completed,0,5,rain,24.000000
16,1107,3448110748,193,Day 6 03:45,none,,8.672197,8.672197,completed,0.000000,0.257987,0.000000,0.970000,0.033333,0.016667,0.555513,0.095000,0.189000,10,1,1,1,0,0,0,1,1,1,1,1,0,0,1,0,1,0.245809,0.264511,0.000000,0.000000,0.000000,0.000000,0.270347,0.000000,0.000000,0.000000,0.000000,0.000000,0.000000,0.000000,0.000000,0.219333,rest_at_bed,1,60,7485,bed,none,,,0.000000,1.000000,0,none,,8.672197,8.672197,completed,0,5,rain,24.000000
16,1107,3448110748,194,Day 6 04:45,none,,8.672197,8.672197,completed,0.060000,0.045793,0.000000,1.000000,0.083333,0.056667,0.555513,0.000000,0.153000,10,1,1,1,0,0,0,1,1,1,1,1,0,0,1,0,1,0.271369,0.255955,0.252037,0.000000,0.000000,0.000000,0.000000,0.000000,0.000000,0.000000,0.000000,0.000000,0.000000,0.000000,0.000000,0.220639,use_phone,1,25,7510,phone,none,,,0.000000,1.000000,0,none,,8.672197,8.672197,completed,0,5,rain,24.000000
16,1107,3448110748,195,Day 6 05:10,none,,8.672197,8.672197,completed,0.000000,0.136779,0.000000,1.000000,0.104167,0.073333,0.555513,0.095000,0.238000,10,1,1,1,0,0,0,1,1,1,1,1,0,0,1,0,1,0.334217,0.372166,0.000000,0.000000,0.000000,0.000000,0.000000,0.000000,0.000000,0.000000,0.000000,0.000000,0.000000,0.000000,0.000000,0.293617,shop_on_phone,0,0,7510,phone,resource_insufficient,,,0.000000,1.000000,0,none,,8.672197,8.672197,completed,0,5,rain,24.000000
16,1107,3448110748,196,Day 6 05:10,none,,8.672197,8.672197,completed,0.000000,0.136779,0.000000,0.970000,0.104167,0.073333,0.585513,0.095000,0.238000,10,1,1,1,0,0,0,1,1,1,1,1,0,0,1,0,1,0.334217,0.372166,0.000000,0.000000,0.000000,0.000000,0.000000,0.000000,0.000000,0.000000,0.000000,0.000000,0.000000,0.000000,0.000000,0.293617,shop_on_phone,0,0,7510,phone,resource_insufficient,,,0.000000,1.000000,0,none,,8.672197,8.672197,completed,0,5,rain,24.000000
16,1107,3448110748,197,Day 6 05:10,none,,8.672197,8.672197,completed,0.000000,0.136779,0.000000,0.940000,0.104167,0.073333,0.615513,0.095000,0.238000,10,1,1,1,0,0,0,1,1,1,1,1,0,0,1,0,1,0.334217,0.372166,0.000000,0.000000,0.000000,0.000000,0.000000,0.000000,0.000000,0.000000,0.000000,0.000000,0.000000,0.000000,0.000000,0.293617,use_phone,1,25,7535,phone,none,,,0.000000,1.000000,0,none,,8.672197,8.672197,completed,0,5,rain,24.000000
16,1107,3448110748,198,Day 6 05:35,none,,8.672197,8.672197,completed,0.000000,0.227764,0.000000,0.971667,0.125000,0.090000,0.615513,0.190000,0.323000,10,1,1,1,0,0,0,1,1,1,1,1,0,0,1,0,1,0.230680,0.292094,0.000000,0.000000,0.000000,0.000000,0.265846,0.000000,0.000000,0.000000,0.000000,0.000000,0.000000,0.000000,0.000000,0.211381,shop_on_phone,0,0,7535,phone,resource_insufficient,,,0.000000,1.000000,0,none,,8.672197,8.672197,completed,0,5,rain,24.000000
16,1107,3448110748,199,Day 6 05:35,none,,8.672197,8.672197,completed,0.000000,0.227764,0.000000,0.941667,0.125000,0.090000,0.645513,0.190000,0.323000,10,1,1,1,0,0,0,1,1,1,1,1,0,0,1,0,1,0.230876,0.292342,0.000000,0.000000,0.000000,0.000000,0.265220,0.000000,0.000000,0.000000,0.000000,0.000000,0.000000,0.000000,0.000000,0.211561,rest_at_bed,1,60,7595,bed,none,,,0.000000,1.000000,0,none,,8.672197,8.672197,completed,0,5,rain,24.000000
16,1107,3448110748,200,Day 6 06:35,none,,8.672197,8.672197,completed,0.060000,0.015570,0.000000,0.971667,0.175000,0.130000,0.645513,0.000000,0.287000,10,1,1,1,0,0,0,1,1,1,1,1,0,0,1,0,1,0.176132,0.189616,0.162952,0.000000,0.000000,0.000000,0.000000,0.000000,0.160412,0.168237,0.000000,0.000000,0.000000,0.000000,0.000000,0.142651,shop_on_phone,0,0,7595,phone,resource_insufficient,,,0.000000,1.000000,0,none,,8.672197,8.672197,completed,0,5,rain,24.000000
16,1107,3448110748,201,Day 6 06:35,none,,8.672197,8.672197,completed,0.060000,0.015570,0.000000,0.941667,0.175000,0.130000,0.675513,0.000000,0.287000,10,1,1,1,0,0,0,1,1,1,1,1,0,0,1,0,1,0.176132,0.189616,0.162952,0.000000,0.000000,0.000000,0.000000,0.000000,0.160412,0.168237,0.000000,0.000000,0.000000,0.000000,0.000000,0.142651,use_computer,1,30,7625,computer,none,,,0.000000,1.000000,0,none,,8.672197,8.672197,completed,0,5,rain,24.000000
16,1107,3448110748,202,Day 6 07:05,none,,8.672197,8.672197,completed,0.000000,0.128400,0.000000,0.931667,0.200000,0.150000,0.675513,0.080000,0.269000,10,1,1,1,0,0,0,1,1,1,1,1,0,0,1,0,1,0.196382,0.224352,0.000000,0.000000,0.000000,0.000000,0.000000,0.000000,0.198491,0.209261,0.000000,0.000000,0.000000,0.000000,0.000000,0.171513,go_to_bathroom,1,15,7640,door,none,,,0.000000,1.000000,0,none,,8.672197,8.672197,completed,0,5,rain,24.000000
16,1107,3448110748,203,Day 6 07:20,none,,8.672197,8.672197,completed,0.005000,0.134400,0.000000,1.000000,0.212500,0.000000,0.675513,0.065000,0.260000,10,1,1,1,0,0,0,1,1,1,1,1,0,0,1,0,1,0.199430,0.224147,0.189620,0.000000,0.000000,0.000000,0.000000,0.000000,0.000000,0.213841,0.000000,0.000000,0.000000,0.000000,0.000000,0.172963,shop_on_phone,0,0,7640,phone,resource_insufficient,,,0.000000,1.000000,0,none,,8.672197,8.672197,completed,0,5,rain,24.000000
16,1107,3448110748,204,Day 6 07:20,none,,8.672197,8.672197,completed,0.005000,0.134400,0.000000,0.970000,0.212500,0.000000,0.705513,0.065000,0.260000,10,1,1,1,0,0,0,1,1,1,1,1,0,0,1,0,1,0.199430,0.224147,0.189620,0.000000,0.000000,0.000000,0.000000,0.000000,0.000000,0.213841,0.000000,0.000000,0.000000,0.000000,0.000000,0.172963,use_phone,1,25,7665,phone,none,,,0.000000,1.000000,0,none,,8.672197,8.672197,completed,0,5,rain,24.000000
16,1107,3448110748,205,Day 6 07:45,none,,8.672197,8.672197,completed,0.000000,0.225386,0.000000,1.000000,0.233333,0.016667,0.705513,0.160000,0.345000,10,1,1,1,0,0,0,1,1,1,1,1,0,0,1,0,1,0.183562,0.235337,0.000000,0.000000,0.000000,0.000000,0.203759,0.000000,0.000000,0.210798,0.000000,0.000000,0.000000,0.000000,0.000000,0.166544,idle,1,10,7675,,none,,,0.000000,1.000000,0,none,,8.672197,8.672197,completed,0,5,rain,24.000000
16,1107,3448110748,206,Day 6 07:55,none,,8.672197,8.672197,completed,0.123333,0.229386,0.000000,0.946667,0.241667,0.023333,0.705513,0.150000,0.339000,10,1,1,1,0,0,0,1,1,1,1,1,0,0,1,0,1,0.165697,0.194939,0.156131,0.000000,0.000000,0.000000,0.168005,0.000000,0.000000,0.175787,0.000000,0.000000,0.000000,0.000000,0.000000,0.139441,get_meal,1,35,7710,door,none,,,0.000000,1.000000,0,none,,8.672197,8.672197,completed,0,5,rain,24.000000
16,1107,3448110748,207,Day 6 08:30,none,,8.672197,8.672197,completed,0.095000,0.243386,0.000000,1.000000,0.000000,0.046667,0.705513,0.115000,0.318000,10,1,1,1,0,0,0,1,1,1,1,1,0,0,1,0,1,0.201041,0.233456,0.190682,0.000000,0.000000,0.000000,0.204408,0.000000,0.000000,0.000000,0.000000,0.000000,0.000000,0.000000,0.000000,0.170412,shop_on_phone,0,0,7710,phone,resource_insufficient,,,0.000000,1.000000,0,none,,8.672197,8.672197,completed,0,5,rain,24.000000
16,1107,3448110748,208,Day 6 08:30,none,,8.672197,8.672197,completed,0.095000,0.243386,0.000000,0.970000,0.000000,0.046667,0.735513,0.115000,0.318000,10,1,1,1,0,0,0,1,1,1,1,1,0,0,1,0,1,0.201173,0.233609,0.190807,0.000000,0.000000,0.000000,0.203887,0.000000,0.000000,0.000000,0.000000,0.000000,0.000000,0.000000,0.000000,0.170524,shop_on_phone,0,0,7710,phone,resource_insufficient,,,0.000000,1.000000,0,none,,8.672197,8.672197,completed,0,5,rain,24.000000
16,1107,3448110748,209,Day 6 08:30,none,,8.672197,8.672197,completed,0.095000,0.243386,0.000000,0.940000,0.000000,0.046667,0.765513,0.115000,0.318000,10,1,1,1,0,0,0,1,1,1,1,1,0,0,1,0,1,0.201304,0.233762,0.190932,0.000000,0.000000,0.000000,0.203367,0.000000,0.000000,0.000000,0.000000,0.000000,0.000000,0.000000,0.000000,0.170635,use_phone,1,25,7735,phone,none,alarm-rings,,0.000000,1.000000,0,none,,8.672197,8.672197,completed,0,5,rain,24.000000
16,1107,3448110748,210,Day 6 08:55,none,,8.672197,8.672197,completed,0.000000,0.334372,0.000000,0.971667,0.020833,0.063333,0.817407,0.210000,0.403000,11,1,1,1,0,0,0,1,1,1,1,1,0,1,1,0,1,0.000000,0.260111,0.000000,0.000000,0.000000,0.000000,0.235165,0.000000,0.000000,0.000000,0.000000,0.000000,0.331180,0.000000,0.000000,0.173544,turn_off_alarm,1,1,7736,alarm,none,,,0.000000,1.000000,0,none,,8.672197,8.672197,completed,0,5,rain,24.000000
16,1107,3448110748,211,Day 6 08:56,none,,8.672197,8.672197,completed,0.000333,0.334772,0.000000,1.000000,0.021667,0.064000,0.797407,0.209000,0.402400,10,1,1,1,0,0,0,1,1,1,1,1,0,0,1,0,1,0.000000,0.388505,0.000000,0.000000,0.000000,0.000000,0.352127,0.000000,0.000000,0.000000,0.000000,0.000000,0.000000,0.000000,0.000000,0.259369,rest_at_bed,1,60,7796,bed,none,,,0.000000,1.000000,0,none,,8.672197,8.672197,completed,0,5,rain,24.000000
16,1107,3448110748,212,Day 6 09:56,none,,8.672197,8.672197,completed,0.060333,0.122577,0.000000,1.000000,0.071667,0.104000,0.797407,0.009000,0.366400,10,1,1,1,0,0,0,1,1,1,1,1,0,0,1,0,1,0.253313,0.300502,0.237627,0.000000,0.000000,0.000000,0.000000,0.000000,0.000000,0.000000,0.000000,0.000000,0.000000,0.000000,0.000000,0.208558,shop_on_phone,0,0,7796,phone,resource_insufficient,,,0.000000,1.000000,0,none,,8.672197,8.672197,completed,0,5,rain,24.000000
16,1107,3448110748,213,Day 6 09:56,none,,8.672197,8.672197,completed,0.060333,0.122577,0.000000,0.970000,0.071667,0.104000,0.827407,0.009000,0.366400,10,1,1,1,0,0,0,1,1,1,1,1,0,0,1,0,1,0.253313,0.300502,0.237627,0.000000,0.000000,0.000000,0.000000,0.000000,0.000000,0.000000,0.000000,0.000000,0.000000,0.000000,0.000000,0.208558,shop_on_phone,0,0,7796,phone,resource_insufficient,,,0.000000,1.000000,0,none,,8.672197,8.672197,completed,0,5,rain,24.000000
16,1107,3448110748,214,Day 6 09:56,none,,8.672197,8.672197,completed,0.060333,0.122577,0.000000,0.940000,0.071667,0.104000,0.857407,0.009000,0.366400,10,1,1,1,0,0,0,1,1,1,1,1,0,0,1,0,1,0.253313,0.300502,0.237627,0.000000,0.000000,0.000000,0.000000,0.000000,0.000000,0.000000,0.000000,0.000000,0.000000,0.000000,0.000000,0.208558,use_phone,1,25,7821,phone,none,,,0.000000,1.000000,0,none,,8.672197,8.672197,completed,0,5,rain,24.000000
16,1107,3448110748,215,Day 6 10:21,none,,8.672197,8.672197,completed,0.000000,0.213563,0.000000,0.971667,0.092500,0.120667,0.857407,0.104000,0.451400,10,1,1,1,0,0,0,1,1,1,1,1,0,0,1,0,1,0.231466,0.324245,0.000000,0.000000,0.000000,0.000000,0.238334,0.000000,0.000000,0.000000,0.000000,0.000000,0.000000,0.000000,0.000000,0.205955,shop_on_phone,0,0,7821,phone,resource_insufficient,,,0.000000,1.000000,0,none,,8.672197,8.672197,completed,0,5,rain,24.000000
16,1107,3448110748,216,Day 6 10:21,none,,8.672197,8.672197,completed,0.000000,0.213563,0.000000,0.941667,0.092500,0.120667,0.887407,0.104000,0.451400,10,1,1,1,0,0,0,1,1,1,1,1,0,0,1,0,1,0.231643,0.324493,0.000000,0.000000,0.000000,0.000000,0.237753,0.000000,0.000000,0.000000,0.000000,0.000000,0.000000,0.000000,0.000000,0.206112,shop_on_phone,0,0,7821,phone,resource_insufficient,,,0.000000,1.000000,0,none,,8.672197,8.672197,completed,0,5,rain,24.000000
16,1107,3448110748,217,Day 6 10:21,none,,8.672197,8.672197,completed,0.000000,0.213563,0.000000,0.911667,0.092500,0.120667,0.917407,0.104000,0.451400,10,1,1,1,0,0,0,1,1,1,1,1,0,0,1,0,1,0.231819,0.324740,0.000000,0.000000,0.000000,0.000000,0.237172,0.000000,0.000000,0.000000,0.000000,0.000000,0.000000,0.000000,0.000000,0.206269,shop_on_phone,0,0,7821,phone,resource_insufficient,,,0.000000,1.000000,0,none,,8.672197,8.672197,completed,0,5,rain,24.000000
16,1107,3448110748,218,Day 6 10:21,none,,8.672197,8.672197,completed,0.000000,0.213563,0.000000,0.881667,0.092500,0.120667,0.947407,0.104000,0.451400,10,1,1,1,0,0,0,1,1,1,1,1,0,0,1,0,1,0.231996,0.324987,0.000000,0.000000,0.000000,0.000000,0.236592,0.000000,0.000000,0.000000,0.000000,0.000000,0.000000,0.000000,0.000000,0.206426,shop_on_phone,0,0,7821,phone,resource_insufficient,,,0.000000,1.000000,0,none,,8.672197,8.672197,completed,0,5,rain,24.000000
16,1107,3448110748,219,Day 6 10:21,none,,8.672197,8.672197,completed,0.000000,0.213563,0.000000,0.851667,0.092500,0.120667,0.977407,0.104000,0.451400,10,1,1,1,0,0,0,1,1,1,1,1,0,0,1,0,1,0.232171,0.325233,0.000000,0.000000,0.000000,0.000000,0.236013,0.000000,0.000000,0.000000,0.000000,0.000000,0.000000,0.000000,0.000000,0.206582,shop_on_phone,0,0,7821,phone,resource_insufficient,,,0.000000,1.000000,0,none,,8.672197,8.672197,completed,0,5,rain,24.000000
16,1107,3448110748,220,Day 6 10:21,none,,8.672197,8.672197,completed,0.000000,0.213563,0.000000,0.821667,0.092500,0.120667,1.000000,0.104000,0.451400,10,1,1,1,0,0,0,1,1,1,1,1,0,0,1,0,1,0.232304,0.325418,0.000000,0.000000,0.000000,0.000000,0.235578,0.000000,0.000000,0.000000,0.000000,0.000000,0.000000,0.000000,0.000000,0.206700,shop_on_phone,0,0,7821,phone,resource_insufficient,,,0.000000,1.000000,0,none,,8.672197,8.672197,completed,0,5,rain,24.000000
16,1107,3448110748,221,Day 6 10:21,none,,8.672197,8.672197,completed,0.000000,0.213563,0.000000,0.791667,0.092500,0.120667,1.000000,0.104000,0.451400,10,1,1,1,0,0,0,1,1,1,1,1,0,0,1,0,1,0.232304,0.325418,0.000000,0.000000,0.000000,0.000000,0.235578,0.000000,0.000000,0.000000,0.000000,0.000000,0.000000,0.000000,0.000000,0.206700,use_phone,1,25,7846,phone,none,,,0.000000,1.000000,0,none,,8.672197,8.672197,completed,0,5,rain,24.000000
16,1107,3448110748,222,Day 6 10:46,none,,8.672197,8.672197,completed,0.000000,0.304549,0.000000,0.823333,0.113333,0.137333,1.000000,0.199000,0.536400,10,1,1,1,0,0,0,1,1,1,1,1,0,0,1,0,1,0.000000,0.333447,0.000000,0.000000,0.000000,0.000000,0.250592,0.000000,0.221681,0.000000,0.000000,0.000000,0.000000,0.000000,0.000000,0.194279,rest_at_bed,1,60,7906,bed,none,,,0.000000,1.000000,0,none,,8.672197,8.672197,completed,0,5,rain,24.000000
16,1107,3448110748,223,Day 6 11:46,none,,8.672197,8.672197,completed,0.060000,0.092354,0.000000,0.853333,0.163333,0.177333,1.000000,0.000000,0.500400,10,1,1,1,0,0,0,1,1,1,1,1,0,0,1,0,1,0.165985,0.224145,0.155084,0.000000,0.000000,0.000000,0.000000,0.000000,0.160952,0.158070,0.000000,0.000000,0.000000,0.000000,0.000000,0.135764,go_to_bathroom,1,15,7921,door,none,,,0.000000,1.000000,0,none,,8.672197,8.672197,completed,0,5,rain,24.000000
16,1107,3448110748,224,Day 6 12:01,none,,8.672197,8.672197,completed,0.065000,0.098354,0.000000,0.947160,0.175833,0.000000,1.000000,0.000000,0.491400,10,1,1,1,0,0,0,1,1,1,1,1,0,0,1,0,1,0.198092,0.264443,0.185045,0.000000,0.000000,0.000000,0.000000,0.000000,0.000000,0.190745,0.000000,0.000000,0.000000,0.000000,0.000000,0.161674,shop_on_phone,0,0,7921,phone,resource_insufficient,,,0.000000,1.000000,0,none,,8.672197,8.672197,completed,0,5,rain,24.000000
16,1107,3448110748,225,Day 6 12:01,none,,8.672197,8.672197,completed,0.065000,0.098354,0.000000,0.917160,0.175833,0.000000,1.000000,0.000000,0.491400,10,1,1,1,0,0,0,1,1,1,1,1,0,0,1,0,1,0.198092,0.264443,0.185045,0.000000,0.000000,0.000000,0.000000,0.000000,0.000000,0.190745,0.000000,0.000000,0.000000,0.000000,0.000000,0.161674,shop_on_phone,0,0,7921,phone,resource_insufficient,,,0.000000,1.000000,0,none,,8.672197,8.672197,completed,0,5,rain,24.000000
16,1107,3448110748,226,Day 6 12:01,none,,8.672197,8.672197,completed,0.065000,0.098354,0.000000,0.887160,0.175833,0.000000,1.000000,0.000000,0.491400,10,1,1,1,0,0,0,1,1,1,1,1,0,0,1,0,1,0.198092,0.264443,0.185045,0.000000,0.000000,0.000000,0.000000,0.000000,0.000000,0.190745,0.000000,0.000000,0.000000,0.000000,0.000000,0.161674,get_meal,1,35,7956,door,none,weather-rain,,0.000000,1.000000,0,none,,8.672197,8.672197,completed,0,5,rain,24.000000
16,1107,3448110748,227,Day 6 12:36,none,,8.672197,8.672197,completed,0.036667,0.112354,0.000000,1.000000,0.000000,0.023333,1.000000,0.000000,0.470400,10,1,1,1,0,0,0,1,1,1,1,1,0,0,1,0,1,0.243612,0.324621,0.229237,0.000000,0.000000,0.000000,0.000000,0.000000,0.000000,0.000000,0.000000,0.000000,0.000000,0.000000,0.000000,0.202530,idle,1,10,7966,,none,,,0.000000,1.000000,0,none,,8.672197,8.672197,completed,0,5,rain,24.000000
16,1107,3448110748,228,Day 6 12:46,none,,8.672197,8.672197,completed,0.160000,0.116354,0.000000,0.946667,0.008333,0.030000,1.000000,0.000000,0.464400,10,1,1,1,0,0,0,1,1,1,1,1,0,0,1,0,1,0.255137,0.312984,0.234508,0.000000,0.000000,0.000000,0.000000,0.000000,0.000000,0.000000,0.000000,0.000000,0.000000,0.000000,0.000000,0.197372,idle,1,10,7976,,none,,,0.000000,1.000000,0,none,,8.672197,8.672197,completed,0,5,rain,24.000000
16,1107,3448110748,229,Day 6 12:56,none,,8.672197,8.672197,completed,0.283333,0.120354,0.000000,0.893333,0.016667,0.036667,1.000000,0.000000,0.458400,10,1,1,1,0,0,0,1,1,1,1,1,0,0,1,0,1,0.266882,0.301397,0.239609,0.000000,0.000000,0.000000,0.000000,0.000000,0.000000,0.000000,0.000000,0.000000,0.000000,0.000000,0.000000,0.192112,idle,1,10,7986,,none,,,0.000000,1.000000,0,none,,8.672197,8.672197,completed,0,5,rain,24.000000
16,1107,3448110748,230,Day 6 13:06,none,,8.672197,8.672197,completed,0.406667,0.124354,0.000000,0.840000,0.025000,0.043333,1.000000,0.000000,0.452400,10,1,1,1,0,0,0,1,1,1,1,1,0,0,1,0,1,0.278828,0.289885,0.244522,0.000000,0.000000,0.000000,0.000000,0.000000,0.000000,0.000000,0.000000,0.000000,0.000000,0.000000,0.000000,0.186764,use_phone,1,25,8011,phone,none,,,0.000000,1.000000,0,none,,8.672197,8.672197,completed,0,5,rain,24.000000
16,1107,3448110748,231,Day 6 13:31,none,,8.672197,8.672197,completed,0.195000,0.215340,0.000000,0.871667,0.045833,0.060000,1.000000,0.095000,0.537400,10,1,1,1,0,0,0,1,1,1,1,1,0,0,1,0,1,0.202122,0.272778,0.187257,0.000000,0.000000,0.000000,0.177911,0.000000,0.000000,0.000000,0.000000,0.000000,0.000000,0.000000,0.000000,0.159933,use_phone,1,25,8036,phone,none,message-study-group,,0.000000,1.000000,0,none,,8.672197,8.672197,completed,0,6,rain,24.000000
16,1107,3448110748,232,Day 6 13:56,none,,8.672197,8.672197,completed,0.000000,0.306326,0.000000,0.903333,0.066667,0.076667,1.000000,0.190000,0.622400,10,1,1,1,0,0,0,1,1,1,1,1,0,0,1,0,1,0.206219,0.357523,0.000000,0.000000,0.000000,0.000000,0.245377,0.000000,0.000000,0.000000,0.000000,0.000000,0.000000,0.000000,0.000000,0.190881,idle,1,10,8046,,none,,,0.000000,1.000000,0,none,,8.672197,8.672197,completed,0,6,rain,24.000000
16,1107,3448110748,233,Day 6 14:06,none,,8.672197,8.672197,completed,0.123333,0.310326,0.000000,0.850000,0.075000,0.083333,1.000000,0.180000,0.616400,10,1,1,1,0,0,0,1,1,1,1,1,0,0,1,0,1,0.182180,0.289837,0.173566,0.000000,0.000000,0.000000,0.198006,0.000000,0.000000,0.000000,0.000000,0.000000,0.000000,0.000000,0.000000,0.156410,use_computer,1,30,8076,computer,none,,,0.000000,1.000000,0,none,,8.672197,8.672197,completed,0,6,rain,24.000000
16,1107,3448110748,234,Day 6 14:36,none,,8.672197,8.672197,completed,0.000000,0.423156,0.000000,0.840000,0.100000,0.103333,1.000000,0.260000,0.598400,10,1,1,1,0,0,0,1,1,1,1,1,0,0,1,0,1,0.000000,0.425737,0.000000,0.000000,0.000000,0.000000,0.341353,0.000000,0.000000,0.000000,0.000000,0.000000,0.000000,0.000000,0.000000,0.232910,idle,1,10,8086,,none,,,0.000000,1.000000,0,none,,8.672197,8.672197,completed,0,6,rain,24.000000
16,1107,3448110748,235,Day 6 14:46,none,,8.672197,8.672197,completed,0.123333,0.427156,0.000000,0.786667,0.108333,0.110000,1.000000,0.250000,0.592400,10,1,1,1,0,0,0,1,1,1,1,1,0,0,1,0,1,0.173667,0.279927,0.168206,0.000000,0.000000,0.000000,0.223410,0.000000,0.000000,0.000000,0.000000,0.000000,0.000000,0.000000,0.000000,0.154790,use_computer,1,30,8116,computer,none,,,0.000000,1.000000,0,none,,8.672197,8.672197,completed,0,6,rain,24.000000
16,1107,3448110748,236,Day 6 15:16,none,,8.672197,8.672197,completed,0.000000,0.539987,0.000000,0.776667,0.133333,0.130000,1.000000,0.330000,0.574400,10,1,1,1,0,0,0,1,1,1,1,1,0,0,1,0,1,0.000000,0.204371,0.000000,0.000000,0.000000,0.000000,0.191432,0.230089,0.129659,0.129883,0.000000,0.000000,0.000000,0.000000,0.000000,0.114566,idle,1,10,8126,,none,,,0.000000,1.000000,0,none,,8.672197,8.672197,completed,0,6,rain,24.000000
16,1107,3448110748,237,Day 6 15:26,none,,8.672197,8.672197,completed,0.123333,0.543987,0.000000,0.723333,0.141667,0.136667,1.000000,0.320000,0.568400,10,1,1,1,0,0,0,1,1,1,1,1,0,0,1,0,1,0.111130,0.181481,0.000000,0.000000,0.000000,0.000000,0.169208,0.203529,0.115710,0.116112,0.000000,0.000000,0.000000,0.000000,0.000000,0.102830,rest_at_bed,1,60,8186,bed,none,,,0.000000,1.000000,0,none,,8.672197,8.672197,completed,0,6,rain,24.000000
16,1107,3448110748,238,Day 6 16:26,none,,8.672197,8.672197,completed,0.183333,0.331792,0.000000,0.753333,0.191667,0.176667,1.000000,0.120000,0.532400,10,1,1,1,0,0,0,1,1,1,1,1,0,0,1,0,1,0.141401,0.195698,0.133348,0.000000,0.000000,0.000000,0.142857,0.000000,0.134769,0.136653,0.000000,0.000000,0.000000,0.000000,0.000000,0.115274,use_phone,1,25,8211,phone,none,,,0.000000,1.000000,0,none,,8.672197,8.672197,completed,0,6,rain,24.000000
16,1107,3448110748,239,Day 6 16:51,none,,8.672197,8.672197,completed,0.000000,0.422778,0.000000,0.785000,0.212500,0.193333,1.000000,0.215000,0.617400,10,1,1,1,0,0,0,1,1,1,1,1,0,0,1,0,1,0.000000,0.276261,0.000000,0.000000,0.000000,0.000000,0.212040,0.000000,0.180070,0.183382,0.000000,0.000000,0.000000,0.000000,0.000000,0.148247,get_meal,1,35,8246,door,none,,,0.000000,1.000000,0,none,,8.672197,8.672197,completed,0,6,rain,24.000000
16,1107,3448110748,240,Day 6 17:26,none,,8.672197,8.672197,completed,0.000000,0.436778,0.000000,0.912160,0.000000,0.216667,1.000000,0.180000,0.596400,10,1,1,1,0,0,0,1,1,1,1,1,0,0,1,0,1,0.000000,0.332241,0.000000,0.000000,0.000000,0.000000,0.258563,0.000000,0.227066,0.000000,0.000000,0.000000,0.000000,0.000000,0.000000,0.182130,idle,1,10,8256,,none,,,0.000000,1.000000,0,none,,8.672197,8.672197,completed,0,6,rain,24.000000
16,1107,3448110748,241,Day 6 17:36,none,,8.672197,8.672197,completed,0.123333,0.440778,0.000000,0.858827,0.008333,0.223333,1.000000,0.170000,0.590400,10,1,1,1,0,0,0,1,1,1,1,1,0,0,1,0,1,0.149147,0.234247,0.144462,0.000000,0.000000,0.000000,0.181460,0.000000,0.160890,0.000000,0.000000,0.000000,0.000000,0.000000,0.000000,0.129794,rest_at_bed,1,60,8316,bed,none,room-temperature-shift,,0.000000,1.000000,0,none,,8.672197,8.672197,completed,0,6,rain,24.000000
16,1107,3448110748,242,Day 6 18:36,none,,8.672197,8.672197,completed,0.183333,0.228583,0.000000,0.888827,0.058333,0.263333,1.000000,0.000000,0.554400,10,1,1,1,0,0,0,1,1,1,1,1,0,0,1,0,1,0.198284,0.266475,0.184058,0.000000,0.000000,0.000000,0.000000,0.000000,0.197687,0.000000,0.000000,0.000000,0.000000,0.000000,0.000000,0.153495,shop_on_phone,0,0,8316,phone,resource_insufficient,,,0.000000,1.000000,0,none,,8.672197,8.672197,completed,0,6,rain,24.000000
16,1107,3448110748,243,Day 6 18:36,none,,8.672197,8.672197,completed,0.183333,0.228583,0.000000,0.858827,0.058333,0.263333,1.000000,0.000000,0.554400,10,1,1,1,0,0,0,1,1,1,1,1,0,0,1,0,1,0.198284,0.266475,0.184058,0.000000,0.000000,0.000000,0.000000,0.000000,0.197687,0.000000,0.000000,0.000000,0.000000,0.000000,0.000000,0.153495,use_computer,1,30,8346,computer,none,evening,,0.000000,1.000000,0,none,,8.672197,8.672197,completed,0,6,rain,24.000000
16,1107,3448110748,244,Day 6 19:06,none,,8.672197,8.672197,completed,0.033333,0.341413,0.000000,0.848827,0.083333,0.283333,1.000000,0.080000,0.536400,10,1,1,1,0,0,0,1,1,1,1,1,0,0,1,0,1,0.150797,0.227512,0.146476,0.000000,0.000000,0.000000,0.164872,0.000000,0.177620,0.000000,0.000000,0.000000,0.000000,0.000000,0.000000,0.132723,shop_on_phone,0,0,8346,phone,resource_insufficient,,,0.000000,1.000000,0,none,,8.672197,8.672197,completed,0,6,rain,24.000000
16,1107,3448110748,245,Day 6 19:06,none,,8.672197,8.672197,completed,0.033333,0.341413,0.000000,0.818827,0.083333,0.283333,1.000000,0.080000,0.536400,10,1,1,1,0,0,0,1,1,1,1,1,0,0,1,0,1,0.150797,0.227512,0.146476,0.000000,0.000000,0.000000,0.164872,0.000000,0.177620,0.000000,0.000000,0.000000,0.000000,0.000000,0.000000,0.132723,idle,1,10,8356,,none,,,0.000000,1.000000,0,none,,8.672197,8.672197,completed,0,6,rain,24.000000
16,1107,3448110748,246,Day 6 19:16,none,,8.672197,8.672197,completed,0.156667,0.345413,0.000000,0.765493,0.091667,0.290000,1.000000,0.070000,0.530400,10,1,1,1,0,0,0,1,1,1,1,1,0,0,1,0,1,0.160401,0.222073,0.152156,0.000000,0.000000,0.000000,0.160189,0.000000,0.174237,0.000000,0.000000,0.000000,0.000000,0.000000,0.000000,0.130945,use_computer,1,30,8386,computer,none,,,0.000000,1.000000,0,none,,8.672197,8.672197,completed,0,6,rain,24.000000
16,1107,3448110748,247,Day 6 19:46,none,,8.672197,8.672197,completed,0.006667,0.458244,0.000000,0.755493,0.116667,0.310000,1.000000,0.150000,0.512400,10,1,1,1,0,0,0,1,1,1,1,1,0,0,1,0,1,0.164364,0.255467,0.000000,0.000000,0.000000,0.000000,0.216678,0.000000,0.210934,0.000000,0.000000,0.000000,0.000000,0.000000,0.000000,0.152557,rest_at_bed,1,60,8446,bed,none,,,0.000000,1.000000,0,none,,8.672197,8.672197,completed,0,6,rain,24.000000
16,1107,3448110748,248,Day 6 20:46,none,,8.672197,8.672197,completed,0.066667,0.246049,0.000000,0.785493,0.166667,0.350000,1.000000,0.000000,0.476400,10,1,1,1,0,0,0,1,1,1,1,1,0,0,1,0,1,0.159103,0.212962,0.151418,0.000000,0.000000,0.000000,0.000000,0.000000,0.189924,0.154385,0.000000,0.000000,0.000000,0.000000,0.000000,0.132207,idle,1,10,8456,,none,,,0.000000,1.000000,0,none,,8.672197,8.672197,completed,0,6,rain,24.000000
16,1107,3448110748,249,Day 6 20:56,none,,8.672197,8.672197,completed,0.190000,0.250049,0.000000,0.732160,0.175000,0.356667,1.000000,0.000000,0.470400,10,1,1,1,0,0,0,1,1,1,1,1,0,0,1,0,1,0.168385,0.207491,0.156531,0.000000,0.000000,0.000000,0.000000,0.000000,0.185966,0.151430,0.000000,0.000000,0.000000,0.000000,0.000000,0.130198,idle,1,10,8466,,none,,,0.000000,1.000000,0,none,,8.672197,8.672197,completed,0,6,rain,24.000000
16,1107,3448110748,250,Day 6 21:06,none,,8.672197,8.672197,completed,0.313333,0.254049,0.000000,0.678827,0.183333,0.363333,1.000000,0.000000,0.464400,10,1,1,1,0,0,0,1,1,1,1,1,0,0,1,0,1,0.178026,0.201953,0.161652,0.000000,0.000000,0.000000,0.000000,0.000000,0.181903,0.148379,0.000000,0.000000,0.000000,0.000000,0.000000,0.128087,use_phone,1,25,8491,phone,none,,,0.000000,1.000000,0,none,,8.672197,8.672197,completed,0,6,rain,24.000000
16,1107,3448110748,251,Day 6 21:31,none,,8.672197,8.672197,completed,0.101667,0.345035,0.000000,0.710493,0.204167,0.380000,1.000000,0.095000,0.549400,10,1,1,1,0,0,0,1,1,1,1,1,0,0,1,0,1,0.131065,0.193001,0.125726,0.000000,0.000000,0.000000,0.138883,0.000000,0.164863,0.135064,0.000000,0.000000,0.000000,0.000000,0.000000,0.111398,shop_on_phone,0,0,8491,phone,resource_insufficient,,,0.000000,1.000000,0,none,,8.672197,8.672197,completed,0,6,rain,24.000000
16,1107,3448110748,252,Day 6 21:31,none,,8.672197,8.672197,completed,0.101667,0.345035,0.000000,0.680493,0.204167,0.380000,1.000000,0.095000,0.549400,10,1,1,1,0,0,0,1,1,1,1,1,0,0,1,0,1,0.131065,0.193001,0.125726,0.000000,0.000000,0.000000,0.138883,0.000000,0.164863,0.135064,0.000000,0.000000,0.000000,0.000000,0.000000,0.111398,use_computer,1,30,8521,computer,none,,,0.000000,1.000000,0,none,,8.672197,8.672197,completed,0,6,rain,24.000000
16,1107,3448110748,253,Day 6 22:01,none,,8.672197,8.672197,completed,0.000000,0.457865,0.000000,0.670493,0.229167,0.400000,1.000000,0.175000,0.531400,10,1,1,1,0,0,0,1,1,1,1,1,0,0,1,0,1,0.000000,0.246146,0.000000,0.000000,0.000000,0.000000,0.207570,0.000000,0.220528,0.181611,0.000000,0.000000,0.000000,0.000000,0.000000,0.144145,idle,1,10,8531,,none,,,0.000000,1.000000,0,none,,8.672197,8.672197,completed,0,6,rain,24.000000
16,1107,3448110748,254,Day 6 22:11,none,,8.672197,8.672197,completed,0.123333,0.461865,0.000000,0.617160,0.237500,0.406667,1.000000,0.165000,0.525400,10,1,1,1,0,0,0,1,1,1,1,1,0,0,1,0,1,0.125500,0.184717,0.121875,0.000000,0.000000,0.000000,0.155051,0.000000,0.166316,0.137204,0.000000,0.000000,0.000000,0.000000,0.000000,0.109336,go_to_bathroom,1,15,8546,door,none,,,0.000000,1.000000,0,none,,8.672197,8.672197,completed,0,6,rain,24.000000
16,1107,3448110748,255,Day 6 22:26,none,,8.672197,8.672197,completed,0.128333,0.467865,0.000000,0.710986,0.250000,0.000000,1.000000,0.150000,0.516400,10,1,1,1,0,0,0,1,1,1,1,1,0,0,1,0,1,0.151374,0.219194,0.146924,0.000000,0.000000,0.000000,0.185021,0.000000,0.000000,0.166528,0.000000,0.000000,0.000000,0.000000,0.000000,0.130959,get_meal,1,35,8581,door,none,,,0.000000,1.000000,0,none,,8.672197,8.672197,completed,0,6,rain,24.000000
16,1107,3448110748,256,Day 6 23:01,none,,8.672197,8.672197,completed,0.100000,0.481865,0.000000,0.838146,0.000000,0.023333,1.000000,0.115000,0.495400,10,1,1,1,0,0,0,1,1,1,1,1,0,0,1,0,1,0.181707,0.259709,0.177527,0.000000,0.000000,0.000000,0.222715,0.000000,0.000000,0.000000,0.000000,0.000000,0.000000,0.000000,0.000000,0.158343,use_computer,1,30,8611,computer,none,,,0.000000,1.000000,0,none,,8.672197,8.672197,completed,0,6,rain,24.000000
