personality_index,scenario_seed,action_seed,step,decision_time,pre_commitment_status,pre_commitment_task_id,pre_task_effort,pre_task_effort_target,pre_task_status,pre_boredom,pre_fatigue,pre_task_pressure,pre_satisfaction,pre_hunger,pre_bathroom_urge,pre_anxiety,pre_screen_strain,pre_purchase_urge,known_action_count,known_use_phone,known_shop_on_phone,known_use_computer,known_study_at_computer,known_study_focused,known_study_halfhearted,known_rest_at_bed,known_sleep_at_bed,known_go_to_bathroom,known_get_meal,known_turn_light_on,known_turn_light_off,known_turn_off_alarm,known_open_curtain,known_close_curtain,known_idle,p_use_phone,p_shop_on_phone,p_use_computer,p_study_at_computer,p_study_focused,p_study_halfhearted,p_rest_at_bed,p_sleep_at_bed,p_go_to_bathroom,p_get_meal,p_turn_light_on,p_turn_light_off,p_turn_off_alarm,p_open_curtain,p_close_curtain,p_idle,chosen_action,accepted,elapsed_minutes,simulation_total_minutes,target_object_id,failure_reason,event_ids,outcome_task_id,outcome_task_effort_gained,outcome_task_settlement_variation,outcome_task_session_interrupted,post_commitment_status,post_commitment_task_id,post_task_effort,post_task_effort_target,post_task_status,post_wallet,post_unread_messages,post_weather,post_temperature_celsius
7,1128,3448267966,1,Day 1 08:00,none,,0.000000,8.804782,active,0.550000,0.150000,0.550000,0.450000,0.250000,0.150000,0.200000,0.050000,0.100000,13,1,1,1,1,1,1,1,1,1,1,0,1,0,0,1,1,0.119519,0.089690,0.106946,0.103493,0.107093,0.109872,0.098007,0.000000,0.088672,0.093597,0.000000,0.000000,0.000000,0.000000,0.000000,0.083110,use_phone,1,25,505,phone,none,,,0.000000,1.000000,0,none,,0.000000,8.804782,active,120,0,clear,23.000000
7,1128,3448267966,2,Day 1 08:25,none,,0.000000,8.804782,active,0.338333,0.242108,0.637058,0.481667,0.270833,0.166667,0.217229,0.145000,0.185000,13,1,1,1,1,1,1,1,1,1,1,0,1,0,0,1,1,0.106461,0.094624,0.098722,0.107339,0.111316,0.106790,0.106888,0.000000,0.090241,0.095434,0.000000,0.000000,0.000000,0.000000,0.000000,0.082185,go_to_bathroom,1,15,520,door,none,,,0.000000,1.000000,0,none,,0.000000,8.804782,active,120,0,clear,23.000000
7,1128,3448267966,3,Day 1 08:40,none,,0.000000,8.804782,active,0.343333,0.248108,0.637058,0.547250,0.283333,0.000000,0.218429,0.130000,0.176000,13,1,1,1,1,1,1,1,1,1,1,0,1,0,0,1,1,0.117419,0.103266,0.108847,0.117709,0.122627,0.117309,0.117064,0.000000,0.000000,0.105524,0.000000,0.000000,0.000000,0.000000,0.000000,0.090235,shop_on_phone,1,20,540,phone,none,,,0.000000,1.000000,0,none,,0.000000,8.804782,active,90,0,clear,23.000000
7,1128,3448267966,4,Day 1 09:00,none,,0.000000,8.804782,active,0.350000,0.257439,0.684116,0.640583,0.300000,0.013333,0.237259,0.190000,0.000000,13,1,1,1,1,1,1,1,1,1,1,0,1,0,0,1,1,0.115283,0.000000,0.106948,0.119619,0.125426,0.118130,0.118980,0.000000,0.000000,0.105709,0.000000,0.100533,0.000000,0.000000,0.000000,0.089372,use_phone,1,25,565,phone,none,,,0.000000,1.000000,0,none,,0.000000,8.804782,active,90,0,clear,23.000000
7,1128,3448267966,5,Day 1 09:25,none,,0.000000,8.804782,active,0.138333,0.349547,0.771175,0.672250,0.320833,0.030000,0.257569,0.285000,0.085000,13,1,1,1,1,1,1,1,1,1,1,0,1,0,0,1,1,0.090429,0.000000,0.086939,0.109300,0.114858,0.101135,0.114246,0.117882,0.000000,0.094917,0.000000,0.092466,0.000000,0.000000,0.000000,0.077828,use_computer,1,30,595,computer,none,,,0.000000,1.000000,0,none,,0.000000,8.804782,active,90,0,clear,23.000000
7,1128,3448267966,6,Day 1 09:55,none,,0.000000,8.804782,active,0.000000,0.463322,0.838233,0.662250,0.345833,0.050000,0.280896,0.365000,0.067000,13,1,1,1,1,1,1,1,1,1,1,0,1,0,0,1,1,0.000000,0.000000,0.000000,0.130250,0.136778,0.115723,0.145823,0.155726,0.000000,0.112907,0.000000,0.112697,0.000000,0.000000,0.000000,0.090097,study_halfhearted,1,35,630,desk,none,,coursework,0.216245,0.946568,0,active,coursework,0.216245,8.804782,active,90,0,clear,23.000000
7,1128,3448267966,7,Day 1 10:30,active,coursework,0.216245,8.804782,active,0.061667,0.557322,0.781886,0.670583,0.375000,0.073333,0.270166,0.330000,0.046000,13,1,1,1,1,1,1,1,1,1,1,0,1,0,0,1,1,0.086716,0.000000,0.000000,0.120942,0.127077,0.111508,0.131681,0.143617,0.000000,0.099916,0.000000,0.099658,0.000000,0.000000,0.000000,0.078886,get_meal,1,35,665,door,none,,,0.000000,1.000000,0,suspended,coursework,0.216245,8.804782,active,90,0,clear,23.000000
7,1128,3448267966,8,Day 1 11:05,suspended,coursework,0.216245,8.804782,active,0.033333,0.571322,0.781886,0.769500,0.000000,0.096667,0.277624,0.295000,0.025000,13,1,1,1,1,1,1,1,1,1,1,0,1,0,0,1,1,0.095962,0.000000,0.000000,0.134543,0.142341,0.123272,0.145909,0.159487,0.000000,0.000000,0.000000,0.110778,0.000000,0.000000,0.000000,0.087708,use_phone,1,25,690,phone,none,message-study-group,,0.000000,1.000000,0,suspended,coursework,0.216245,8.804782,active,90,1,clear,23.000000
7,1128,3448267966,9,Day 1 11:30,suspended,coursework,0.216245,8.804782,active,0.000000,0.663430,0.948944,0.801167,0.020833,0.113333,0.350181,0.390000,0.110000,13,1,1,1,1,1,1,1,1,1,1,0,1,0,0,1,1,0.000000,0.000000,0.000000,0.127101,0.134763,0.114052,0.153898,0.173884,0.000000,0.000000,0.000000,0.112327,0.000000,0.000000,0.099009,0.084967,close_curtain,1,1,691,window,none,,,0.000000,1.000000,0,suspended,coursework,0.216245,8.804782,active,90,1,clear,23.000000
7,1128,3448267966,10,Day 1 11:31,suspended,coursework,0.216245,8.804782,active,0.000333,0.663830,0.948944,0.810834,0.021667,0.114000,0.350547,0.389000,0.109400,13,1,1,1,1,1,1,1,1,1,1,0,1,0,1,0,1,0.000000,0.000000,0.000000,0.140683,0.149264,0.128906,0.170319,0.192452,0.000000,0.000000,0.000000,0.124325,0.000000,0.000000,0.000000,0.094051,sleep_at_bed,1,75,766,bed,none,room-temperature-shift,,0.000000,1.000000,0,suspended,coursework,0.216245,8.804782,active,90,1,clear,17.000000
7,1128,3448267966,11,Day 1 12:46,suspended,coursework,0.216245,8.804782,active,0.000000,0.185858,1.000000,0.805834,0.084167,0.164000,0.395271,0.014000,0.064400,13,1,1,1,1,1,1,1,1,1,1,0,1,0,1,0,1,0.106110,0.000000,0.102023,0.166942,0.177063,0.147485,0.110169,0.000000,0.101296,0.000000,0.000000,0.000000,0.000000,0.000000,0.000000,0.088913,rest_at_bed,1,60,826,bed,none,,,0.000000,1.000000,0,suspended,coursework,0.216245,8.804782,active,90,1,clear,17.000000
7,1128,3448267966,12,Day 1 13:46,suspended,coursework,0.216245,8.804782,active,0.060000,0.000000,1.000000,0.835834,0.134167,0.204000,0.437311,0.000000,0.028400,13,1,1,1,1,1,1,1,1,1,1,0,1,0,1,0,1,0.120438,0.000000,0.113141,0.188093,0.199912,0.168919,0.000000,0.000000,0.112656,0.000000,0.000000,0.000000,0.000000,0.000000,0.000000,0.096841,go_to_bathroom,1,15,841,door,none,,,0.000000,1.000000,0,suspended,coursework,0.216245,8.804782,active,90,1,clear,17.000000
7,1128,3448267966,13,Day 1 14:01,suspended,coursework,0.216245,8.804782,active,0.065000,0.006000,1.000000,0.901417,0.146667,0.000000,0.443514,0.000000,0.019400,13,1,1,1,1,1,1,1,1,1,1,0,1,0,1,0,1,0.135201,0.000000,0.126992,0.210740,0.225003,0.193506,0.000000,0.000000,0.000000,0.000000,0.000000,0.000000,0.000000,0.000000,0.000000,0.108558,study_focused,1,35,876,desk,none,weather-clear,coursework,0.360305,0.946296,0,active,coursework,0.576550,8.804782,active,90,1,clear,17.000000
7,1128,3448267966,14,Day 1 14:36,active,coursework,0.576550,8.804782,active,0.096667,0.130000,0.894349,0.969750,0.175833,0.023333,0.407986,0.000000,0.000000,13,1,1,1,1,1,1,1,1,1,1,0,1,0,1,0,1,0.113269,0.000000,0.107067,0.162575,0.174402,0.140692,0.107922,0.000000,0.000000,0.102886,0.000000,0.000000,0.000000,0.000000,0.000000,0.091188,use_computer,1,30,906,computer,none,,,0.000000,1.000000,0,active,coursework,0.576550,8.804782,active,90,1,clear,17.000000
7,1128,3448267966,15,Day 1 15:06,active,coursework,0.576550,8.804782,active,0.000000,0.243775,0.961407,0.959750,0.200833,0.043333,0.434709,0.080000,0.000000,13,1,1,1,1,1,1,1,1,1,1,0,1,0,1,0,1,0.105484,0.000000,0.102005,0.165120,0.177009,0.138612,0.117321,0.000000,0.000000,0.104260,0.000000,0.000000,0.000000,0.000000,0.000000,0.090188,use_computer,1,30,936,computer,none,,,0.000000,1.000000,0,active,coursework,0.576550,8.804782,active,90,1,clear,17.000000
7,1128,3448267966,16,Day 1 15:36,active,coursework,0.576550,8.804782,active,0.000000,0.357550,1.000000,0.949750,0.225833,0.063333,0.463279,0.160000,0.000000,13,1,1,1,1,1,1,1,1,1,1,0,1,0,1,0,1,0.092076,0.000000,0.089986,0.148430,0.159008,0.124590,0.114433,0.000000,0.000000,0.094807,0.000000,0.095993,0.000000,0.000000,0.000000,0.080677,study_focused,1,35,971,desk,none,,coursework,0.375075,0.985088,0,active,coursework,0.951625,8.804782,active,90,1,clear,17.000000
7,1128,3448267966,17,Day 1 16:11,active,coursework,0.951625,8.804782,active,0.031667,0.481550,0.894349,1.000000,0.255000,0.086667,0.427752,0.125000,0.000000,13,1,1,1,1,1,1,1,1,1,1,0,1,0,1,0,1,0.083435,0.000000,0.082018,0.122951,0.132172,0.107926,0.108311,0.115930,0.000000,0.086428,0.000000,0.088062,0.000000,0.000000,0.000000,0.072766,rest_at_bed,1,60,1031,bed,none,,,0.000000,1.000000,0,suspended,coursework,0.951625,8.804782,active,90,1,clear,17.000000
7,1128,3448267966,18,Day 1 17:11,suspended,coursework,0.951625,8.804782,active,0.091667,0.204139,0.941407,1.000000,0.305000,0.126667,0.463967,0.000000,0.000000,13,1,1,1,1,1,1,1,1,1,1,0,1,0,1,0,1,0.110274,0.000000,0.104947,0.162535,0.174725,0.139466,0.109695,0.000000,0.000000,0.109038,0.000000,0.000000,0.000000,0.000000,0.000000,0.089322,study_halfhearted,1,35,1066,desk,none,task-reminder,coursework,0.223848,0.979849,0,active,coursework,1.175473,8.804782,active,90,1,clear,17.000000
7,1128,3448267966,19,Day 1 17:46,active,coursework,1.175473,8.804782,active,0.153333,0.298139,1.000000,1.000000,0.334167,0.150000,0.561352,0.000000,0.000000,13,1,1,1,1,1,1,1,1,1,1,0,1,0,1,0,1,0.100050,0.000000,0.095221,0.148375,0.159503,0.127926,0.101754,0.000000,0.088927,0.098661,0.000000,0.000000,0.000000,0.000000,0.000000,0.079584,study_halfhearted,1,35,1101,desk,none,,coursework,0.224379,0.982173,0,active,coursework,1.399852,8.804782,active,90,1,clear,17.000000
7,1128,3448267966,20,Day 1 18:21,active,coursework,1.399852,8.804782,active,0.215000,0.392139,0.943653,1.000000,0.363333,0.173333,0.555825,0.000000,0.000000,13,1,1,1,1,1,1,1,1,1,1,0,1,0,1,0,1,0.093622,0.000000,0.089106,0.130126,0.139886,0.116389,0.098047,0.000000,0.082768,0.092072,0.000000,0.084501,0.000000,0.000000,0.000000,0.073483,study_focused,1,35,1136,desk,none,,coursework,0.410769,1.078835,0,active,coursework,1.810621,8.804782,active,90,1,clear,17.000000
7,1128,3448267966,21,Day 1 18:56,active,coursework,1.810621,8.804782,active,0.246667,0.516139,0.838002,1.000000,0.392500,0.196667,0.518486,0.000000,0.000000,13,1,1,1,1,1,1,1,1,1,1,0,1,0,1,0,1,0.085237,0.000000,0.081640,0.109063,0.117243,0.102025,0.095081,0.102637,0.076162,0.084949,0.000000,0.078885,0.000000,0.000000,0.000000,0.067078,study_focused,1,35,1171,desk,none,evening,coursework,0.363440,0.954530,0,active,coursework,2.174061,8.804782,active,90,1,clear,17.000000
7,1128,3448267966,22,Day 1 19:31,active,coursework,2.174061,8.804782,active,0.278333,0.640139,0.732351,1.000000,0.421667,0.220000,0.477748,0.000000,0.000000,13,1,1,1,1,1,1,1,1,1,1,0,1,0,1,0,1,0.085336,0.000000,0.082253,0.100472,0.108007,0.098322,0.101417,0.112623,0.077068,0.086187,0.000000,0.080981,0.000000,0.000000,0.000000,0.067334,use_phone,1,25,1196,phone,none,,,0.000000,1.000000,0,active,coursework,2.174061,8.804782,active,90,1,clear,17.000000
7,1128,3448267966,23,Day 1 19:56,active,coursework,2.174061,8.804782,active,0.066667,0.732247,0.819409,1.000000,0.442500,0.236667,0.499167,0.095000,0.085000,13,1,1,1,1,1,1,1,1,1,1,0,1,0,1,0,1,0.074638,0.000000,0.074556,0.102380,0.110059,0.093866,0.108575,0.124191,0.077013,0.086290,0.000000,0.083051,0.000000,0.000000,0.000000,0.065381,sleep_at_bed,1,480,1676,bed,none,task-deadline,,0.000000,1.000000,0,suspended,coursework,2.174061,8.804782,active,90,1,clear,17.000000
7,1128,3448267966,24,Day 2 03:56,suspended,coursework,2.174061,8.804782,active,0.146667,0.368613,0.896467,0.920000,0.842500,0.556667,0.635226,0.000000,0.000000,13,1,1,1,1,1,1,1,1,1,1,0,1,0,1,0,1,0.090947,0.000000,0.087139,0.115496,0.123472,0.101902,0.096308,0.000000,0.105200,0.122243,0.000000,0.084025,0.000000,0.000000,0.000000,0.073269,study_halfhearted,1,35,1711,desk,none,,coursework,0.239725,1.049347,0,active,coursework,2.413786,8.804782,active,90,1,clear,17.000000
7,1128,3448267966,25,Day 2 04:31,active,coursework,2.413786,8.804782,active,0.208333,0.462613,0.840120,0.928333,0.871667,0.580000,0.626369,0.000000,0.000000,13,1,1,1,1,1,1,1,1,1,1,0,1,0,1,0,1,0.089059,0.000000,0.085334,0.118380,0.126628,0.108375,0.097135,0.000000,0.102465,0.119382,0.000000,0.082447,0.000000,0.000000,0.000000,0.070796,turn_light_off,1,1,1712,light,none,,,0.000000,1.000000,0,active,coursework,2.413786,8.804782,active,90,1,clear,17.000000
7,1128,3448267966,26,Day 2 04:32,active,coursework,2.413786,8.804782,active,0.208667,0.463013,0.840120,0.948000,0.872500,0.580667,0.626635,0.000000,0.000000,10,1,1,1,0,0,0,1,1,1,1,1,0,0,1,0,1,0.135455,0.000000,0.129787,0.000000,0.000000,0.000000,0.147749,0.000000,0.155891,0.181643,0.141808,0.000000,0.000000,0.000000,0.000000,0.107668,turn_light_on,1,1,1713,light,none,,,0.000000,1.000000,0,active,coursework,2.413786,8.804782,active,90,1,clear,17.000000
7,1128,3448267966,27,Day 2 04:33,active,coursework,2.413786,8.804782,active,0.209000,0.463413,0.840120,0.967667,0.873333,0.581333,0.626902,0.000000,0.000000,13,1,1,1,1,1,1,1,1,1,1,0,1,0,1,0,1,0.089022,0.000000,0.085297,0.118296,0.126884,0.108321,0.097109,0.000000,0.102484,0.119423,0.000000,0.082410,0.000000,0.000000,0.000000,0.070754,get_meal,1,35,1748,door,none,,,0.000000,1.000000,0,suspended,coursework,2.413786,8.804782,active,90,1,clear,17.000000
7,1128,3448267966,28,Day 2 05:08,suspended,coursework,2.413786,8.804782,active,0.180667,0.477413,0.840120,1.000000,0.352500,0.604667,0.636233,0.000000,0.000000,13,1,1,1,1,1,1,1,1,1,1,0,1,0,1,0,1,0.084731,0.000000,0.081571,0.102069,0.109724,0.092866,0.094348,0.101686,0.100368,0.084685,0.000000,0.079798,0.000000,0.000000,0.000000,0.068154,turn_light_off,1,1,1749,light,none,,,0.000000,1.000000,0,suspended,coursework,2.413786,8.804782,active,90,1,clear,17.000000
7,1128,3448267966,29,Day 2 05:09,suspended,coursework,2.413786,8.804782,active,0.181000,0.477813,0.840120,1.000000,0.353333,0.605333,0.636499,0.000000,0.000000,10,1,1,1,0,0,0,1,1,1,1,1,0,0,1,0,1,0.120080,0.000000,0.115600,0.000000,0.000000,0.000000,0.133719,0.144137,0.142283,0.120061,0.127542,0.000000,0.000000,0.000000,0.000000,0.096578,go_to_bathroom,1,15,1764,door,none,,,0.000000,1.000000,0,suspended,coursework,2.413786,8.804782,active,90,1,clear,17.000000
7,1128,3448267966,30,Day 2 05:24,suspended,coursework,2.413786,8.804782,active,0.186000,0.483813,0.840120,1.000000,0.365833,0.000000,0.640498,0.000000,0.000000,10,1,1,1,0,0,0,1,1,1,1,1,0,0,1,0,1,0.139852,0.000000,0.134617,0.000000,0.000000,0.000000,0.155907,0.168353,0.000000,0.140621,0.148328,0.000000,0.000000,0.000000,0.000000,0.112322,use_phone,1,25,1789,phone,none,,,0.000000,1.000000,0,suspended,coursework,2.413786,8.804782,active,90,1,clear,17.000000
7,1128,3448267966,31,Day 2 05:49,suspended,coursework,2.413786,8.804782,active,0.000000,0.575921,0.927178,1.000000,0.386667,0.016667,0.664392,0.095000,0.085000,10,1,1,1,0,0,0,1,1,1,1,1,0,0,1,0,1,0.123765,0.000000,0.123061,0.000000,0.000000,0.000000,0.166912,0.185679,0.000000,0.140814,0.150492,0.000000,0.000000,0.000000,0.000000,0.109278,turn_light_on,1,1,1790,light,none,,,0.000000,1.000000,0,suspended,coursework,2.413786,8.804782,active,90,1,clear,17.000000
7,1128,3448267966,32,Day 2 05:50,suspended,coursework,2.413786,8.804782,active,0.000333,0.576321,0.927178,1.000000,0.387500,0.017333,0.664739,0.094000,0.084400,13,1,1,1,1,1,1,1,1,1,1,0,1,0,1,0,1,0.079327,0.000000,0.078875,0.122669,0.131869,0.114548,0.106931,0.118962,0.000000,0.090270,0.000000,0.086527,0.000000,0.000000,0.000000,0.070021,study_at_computer,1,35,1825,computer,none,,coursework,0.719024,0.955367,0,active,coursework,3.132810,8.804782,active,90,1,clear,17.000000
7,1128,3448267966,33,Day 2 06:25,active,coursework,3.132810,8.804782,active,0.032000,0.701319,0.821527,1.000000,0.416667,0.040667,0.626870,0.139000,0.063400,13,1,1,1,1,1,1,1,1,1,1,0,1,0,1,0,1,0.079163,0.000000,0.079266,0.113734,0.122264,0.102224,0.116608,0.133830,0.000000,0.092156,0.000000,0.090030,0.000000,0.000000,0.000000,0.070725,study_focused,1,35,1860,desk,none,,coursework,0.361839,0.950326,0,active,coursework,3.494649,8.804782,active,90,1,clear,17.000000
7,1128,3448267966,34,Day 2 07:00,active,coursework,3.494649,8.804782,active,0.063667,0.825319,0.715876,1.000000,0.445833,0.064000,0.585603,0.104000,0.042400,13,1,1,1,1,1,1,1,1,1,1,0,1,0,1,0,1,0.079814,0.000000,0.080386,0.104741,0.112596,0.098484,0.122852,0.144780,0.000000,0.093476,0.000000,0.091895,0.000000,0.000000,0.000000,0.070976,study_halfhearted,1,35,1895,desk,none,,coursework,0.212346,0.929501,0,active,coursework,3.706995,8.804782,active,90,1,clear,17.000000
7,1128,3448267966,35,Day 2 07:35,active,coursework,3.706995,8.804782,active,0.125333,0.919319,0.659529,1.000000,0.475000,0.087333,0.570937,0.069000,0.021400,13,1,1,1,1,1,1,1,1,1,1,0,1,0,1,0,1,0.081141,0.000000,0.081686,0.098949,0.106370,0.096573,0.126215,0.151867,0.000000,0.094086,0.000000,0.092428,0.000000,0.000000,0.000000,0.070683,sleep_at_bed,1,349,2244,bed,none,alarm-rings|room-temperature-shift,,0.000000,1.000000,0,suspended,coursework,3.706995,8.804782,active,90,1,clear,17.000000
7,1128,3448267966,36,Day 2 13:24,suspended,coursework,3.706995,8.804782,active,0.191667,0.506577,0.736587,0.963667,0.765833,0.320000,0.657076,0.000000,0.000000,14,1,1,1,1,1,1,1,1,1,1,0,1,1,1,0,1,0.077116,0.000000,0.074317,0.087857,0.094209,0.082128,0.086835,0.094414,0.076244,0.098187,0.000000,0.072939,0.093569,0.000000,0.000000,0.062186,turn_off_alarm,1,1,2245,alarm,none,,,0.000000,1.000000,0,suspended,coursework,3.706995,8.804782,active,90,1,clear,17.000000
7,1128,3448267966,37,Day 2 13:25,suspended,coursework,3.706995,8.804782,active,0.192000,0.506977,0.736587,0.993333,0.766667,0.320667,0.637248,0.000000,0.000000,13,1,1,1,1,1,1,1,1,1,1,0,1,0,1,0,1,0.084940,0.000000,0.081857,0.096488,0.103676,0.092217,0.095786,0.104013,0.084005,0.108190,0.000000,0.080338,0.000000,0.000000,0.000000,0.068490,use_phone,1,25,2270,phone,none,,,0.000000,1.000000,0,suspended,coursework,3.706995,8.804782,active,90,1,clear,17.000000
7,1128,3448267966,38,Day 2 13:50,suspended,coursework,3.706995,8.804782,active,0.000000,0.599084,0.823645,1.000000,0.787500,0.337333,0.658763,0.095000,0.085000,13,1,1,1,1,1,1,1,1,1,1,0,1,0,1,0,1,0.074769,0.000000,0.074487,0.098080,0.105436,0.090109,0.102294,0.114415,0.083740,0.108052,0.000000,0.082188,0.000000,0.000000,0.000000,0.066430,study_halfhearted,1,35,2305,desk,none,message-study-group,coursework,0.220497,0.965182,0,active,coursework,3.927493,8.804782,active,90,2,clear,17.000000
7,1128,3448267966,39,Day 2 14:25,active,coursework,3.927493,8.804782,active,0.061667,0.693084,0.823645,1.000000,0.816667,0.360667,0.697564,0.060000,0.064000,13,1,1,1,1,1,1,1,1,1,1,0,1,0,1,0,1,0.073301,0.000000,0.072993,0.103412,0.111168,0.093112,0.100971,0.115736,0.081065,0.104879,0.000000,0.079716,0.000000,0.000000,0.000000,0.063647,go_to_bathroom,1,15,2320,door,none,weather-rain,,0.000000,1.000000,0,suspended,coursework,3.927493,8.804782,active,90,2,rain,17.000000
7,1128,3448267966,40,Day 2 14:40,suspended,coursework,3.927493,8.804782,active,0.066667,0.699084,0.823645,1.000000,0.829167,0.000000,0.701336,0.045000,0.055000,13,1,1,1,1,1,1,1,1,1,1,0,1,0,1,0,1,0.082983,0.000000,0.082606,0.104216,0.112033,0.093982,0.113486,0.130210,0.000000,0.119032,0.000000,0.089723,0.000000,0.000000,0.000000,0.071728,study_halfhearted,1,35,2355,desk,none,,coursework,0.233790,1.023367,0,active,coursework,4.161282,8.804782,active,90,2,rain,17.000000
7,1128,3448267966,41,Day 2 15:15,active,coursework,4.161282,8.804782,active,0.128333,0.793084,0.767298,1.000000,0.858333,0.023333,0.690137,0.010000,0.034000,13,1,1,1,1,1,1,1,1,1,1,0,1,0,1,0,1,0.081565,0.000000,0.081158,0.106407,0.114387,0.099581,0.112699,0.132054,0.000000,0.115835,0.000000,0.087250,0.000000,0.000000,0.000000,0.069063,study_halfhearted,1,35,2390,desk,none,task-reminder,coursework,0.212891,0.931889,0,active,coursework,4.374174,8.804782,active,90,2,rain,17.000000
7,1128,3448267966,42,Day 2 15:50,active,coursework,4.374174,8.804782,active,0.190000,0.887084,0.710950,1.000000,0.887500,0.046667,0.677126,0.000000,0.013000,13,1,1,1,1,1,1,1,1,1,1,0,1,0,1,0,1,0.082409,0.000000,0.081989,0.100445,0.107978,0.097563,0.116660,0.139765,0.000000,0.116474,0.000000,0.088010,0.000000,0.000000,0.000000,0.068709,get_meal,1,35,2425,door,none,,,0.000000,1.000000,0,suspended,coursework,4.374174,8.804782,active,90,2,rain,17.000000
7,1128,3448267966,43,Day 2 16:25,suspended,coursework,4.374174,8.804782,active,0.161667,0.901084,0.710950,1.000000,0.366667,0.070000,0.682302,0.000000,0.000000,13,1,1,1,1,1,1,1,1,1,1,0,1,0,1,0,1,0.086773,0.000000,0.086741,0.095823,0.103010,0.092505,0.125427,0.150851,0.000000,0.091373,0.000000,0.094279,0.000000,0.000000,0.000000,0.073218,idle,1,10,2435,,none,,,0.000000,1.000000,0,suspended,coursework,4.374174,8.804782,active,90,2,rain,17.000000
7,1128,3448267966,44,Day 2 16:35,suspended,coursework,4.374174,8.804782,active,0.285000,0.905084,0.808009,0.946667,0.375000,0.076667,0.701011,0.000000,0.000000,13,1,1,1,1,1,1,1,1,1,1,0,1,0,1,0,1,0.089268,0.000000,0.087887,0.098042,0.105006,0.097454,0.122194,0.147302,0.000000,0.089388,0.000000,0.091863,0.000000,0.000000,0.000000,0.071598,idle,1,10,2445,,none,,,0.000000,1.000000,0,suspended,coursework,4.374174,8.804782,active,90,2,rain,17.000000
7,1128,3448267966,45,Day 2 16:45,suspended,coursework,4.374174,8.804782,active,0.408333,0.909084,0.905067,0.893333,0.383333,0.083333,0.720611,0.000000,0.000000,13,1,1,1,1,1,1,1,1,1,1,0,1,0,1,0,1,0.091764,0.000000,0.088979,0.100246,0.106971,0.102595,0.118945,0.143724,0.000000,0.087378,0.000000,0.089440,0.000000,0.000000,0.000000,0.069959,sleep_at_bed,1,480,2925,bed,none,evening,,0.000000,1.000000,0,suspended,coursework,4.374174,8.804782,active,90,2,rain,17.000000
7,1128,3448267966,46,Day 3 00:45,suspended,coursework,4.374174,8.804782,active,0.488333,0.545451,0.982125,0.813333,0.783333,0.403333,0.894452,0.000000,0.000000,13,1,1,1,1,1,1,1,1,1,1,0,1,0,1,0,1,0.089466,0.000000,0.083320,0.103660,0.110001,0.103991,0.088753,0.099064,0.081794,0.101020,0.000000,0.074949,0.000000,0.000000,0.000000,0.063981,study_focused,1,35,2960,desk,none,,coursework,0.415088,1.090177,0,active,coursework,4.789262,8.804782,active,90,2,rain,17.000000
7,1128,3448267966,47,Day 3 01:20,active,coursework,4.789262,8.804782,active,0.520000,0.669451,0.876474,0.881667,0.812500,0.426667,0.858350,0.000000,0.000000,13,1,1,1,1,1,1,1,1,1,1,0,1,0,1,0,1,0.087036,0.000000,0.081571,0.103744,0.110614,0.102260,0.091960,0.105627,0.080424,0.099593,0.000000,0.074764,0.000000,0.000000,0.000000,0.062407,use_computer,1,30,2990,computer,none,,,0.000000,1.000000,0,active,coursework,4.789262,8.804782,active,90,2,rain,17.000000
7,1128,3448267966,48,Day 3 01:50,active,coursework,4.789262,8.804782,active,0.370000,0.783226,0.943532,0.871667,0.837500,0.446667,0.884579,0.080000,0.000000,13,1,1,1,1,1,1,1,1,1,1,0,1,0,1,0,1,0.078134,0.000000,0.075420,0.104036,0.110848,0.098161,0.098714,0.117374,0.080289,0.099653,0.000000,0.076649,0.000000,0.000000,0.000000,0.060721,study_halfhearted,1,35,3025,desk,none,,coursework,0.206549,0.904124,0,active,coursework,4.995810,8.804782,active,90,2,rain,17.000000
7,1128,3448267966,49,Day 3 02:25,active,coursework,4.995810,8.804782,active,0.431667,0.877226,0.887185,0.880000,0.866667,0.470000,0.877236,0.045000,0.000000,13,1,1,1,1,1,1,1,1,1,1,0,1,0,1,0,1,0.079544,0.000000,0.076748,0.098521,0.105032,0.096445,0.101507,0.123292,0.080712,0.100443,0.000000,0.077201,0.000000,0.000000,0.000000,0.060555,go_to_bathroom,1,15,3040,door,none,,,0.000000,1.000000,0,suspended,coursework,4.995810,8.804782,active,90,2,rain,17.000000
7,1128,3448267966,50,Day 3 02:40,suspended,coursework,4.995810,8.804782,active,0.436667,0.883226,0.887185,0.945583,0.879167,0.000000,0.881883,0.030000,0.000000,13,1,1,1,1,1,1,1,1,1,1,0,1,0,1,0,1,0.089887,0.000000,0.086697,0.099117,0.106150,0.097175,0.113873,0.138458,0.000000,0.113790,0.000000,0.086734,0.000000,0.000000,0.000000,0.068120,sleep_at_bed,1,480,3520,bed,none,alarm-rings,,0.000000,1.000000,0,suspended,coursework,4.995810,8.804782,active,90,2,rain,17.000000
7,1128,3448267966,51,Day 3 10:40,suspended,coursework,4.995810,8.804782,active,0.546667,0.519593,0.964243,0.865583,1.000000,0.320000,1.000000,0.000000,0.000000,14,1,1,1,1,1,1,1,1,1,1,0,1,1,1,0,1,0.082820,0.000000,0.076401,0.094234,0.100362,0.091560,0.078216,0.087374,0.069854,0.103330,0.000000,0.067030,0.090977,0.000000,0.000000,0.057844,use_computer,1,30,3550,computer,none,,,0.000000,1.000000,0,suspended,coursework,4.995810,8.804782,active,90,2,rain,17.000000
7,1128,3448267966,52,Day 3 11:10,suspended,coursework,4.995810,8.804782,active,0.396667,0.633368,1.000000,0.855583,1.000000,0.340000,1.000000,0.080000,0.000000,14,1,1,1,1,1,1,1,1,1,1,0,1,1,1,0,1,0.074892,0.000000,0.071155,0.093389,0.099393,0.089448,0.084727,0.097799,0.070246,0.102616,0.000000,0.069221,0.090348,0.000000,0.000000,0.056765,turn_light_off,1,1,3551,light,none,,,0.000000,1.000000,0,suspended,coursework,4.995810,8.804782,active,90,2,rain,17.000000
7,1128,3448267966,53,Day 3 11:11,suspended,coursework,4.995810,8.804782,active,0.397000,0.633768,1.000000,0.875250,1.000000,0.340667,1.000000,0.079000,0.000000,11,1,1,1,0,0,0,1,1,1,1,1,0,1,1,0,1,0.102846,0.000000,0.097713,0.000000,0.000000,0.000000,0.116299,0.134248,0.096475,0.140873,0.109584,0.000000,0.124032,0.000000,0.000000,0.077931,idle,1,10,3561,,none,,,0.000000,1.000000,0,suspended,coursework,4.995810,8.804782,active,90,2,rain,17.000000
7,1128,3448267966,54,Day 3 11:21,suspended,coursework,4.995810,8.804782,active,0.520333,0.637768,1.000000,0.821917,1.000000,0.347333,1.000000,0.069000,0.000000,11,1,1,1,0,0,0,1,1,1,1,1,0,1,1,0,1,0.107724,0.000000,0.100787,0.000000,0.000000,0.000000,0.114869,0.132661,0.095820,0.139334,0.108387,0.000000,0.122677,0.000000,0.000000,0.077741,go_to_bathroom,1,15,3576,door,none,,,0.000000,1.000000,0,suspended,coursework,4.995810,8.804782,active,90,2,rain,17.000000
7,1128,3448267966,55,Day 3 11:36,suspended,coursework,4.995810,8.804782,active,0.525333,0.643768,1.000000,0.887500,1.000000,0.000000,1.000000,0.054000,0.000000,11,1,1,1,0,0,0,1,1,1,1,1,0,1,1,0,1,0.119644,0.000000,0.111900,0.000000,0.000000,0.000000,0.126695,0.146426,0.000000,0.153999,0.119794,0.000000,0.135589,0.000000,0.000000,0.085953,turn_light_on,1,1,3577,light,none,,,0.000000,1.000000,0,suspended,coursework,4.995810,8.804782,active,90,2,rain,17.000000
7,1128,3448267966,56,Day 3 11:37,suspended,coursework,4.995810,8.804782,active,0.525667,0.644168,1.000000,0.907167,1.000000,0.000667,1.000000,0.053000,0.000000,14,1,1,1,1,1,1,1,1,1,1,0,1,1,1,0,1,0.084060,0.000000,0.078617,0.098252,0.104943,0.105719,0.088972,0.102833,0.000000,0.108162,0.000000,0.072839,0.095231,0.000000,0.000000,0.060371,study_at_computer,1,35,3612,computer,none,,coursework,0.750735,0.997502,0,active,coursework,5.746546,8.804782,active,90,2,rain,17.000000
7,1128,3448267966,57,Day 3 12:12,active,coursework,5.746546,8.804782,active,0.557333,0.769166,0.894349,0.975500,1.000000,0.024000,0.964473,0.098000,0.000000,14,1,1,1,1,1,1,1,1,1,1,0,1,1,1,0,1,0.081595,0.000000,0.076850,0.099036,0.106283,0.098374,0.094359,0.112527,0.000000,0.105568,0.000000,0.073719,0.092377,0.000000,0.000000,0.059313,study_at_computer,1,35,3647,computer,none,,coursework,0.757738,1.006806,0,active,coursework,6.504284,8.804782,active,90,2,rain,17.000000
7,1128,3448267966,58,Day 3 12:47,active,coursework,6.504284,8.804782,active,0.589000,0.894164,0.788698,1.000000,1.000000,0.047333,0.925548,0.143000,0.000000,14,1,1,1,1,1,1,1,1,1,1,0,1,1,1,0,1,0.080726,0.000000,0.076568,0.091020,0.097847,0.094579,0.102022,0.125502,0.000000,0.105019,0.000000,0.076044,0.091278,0.000000,0.000000,0.059394,study_focused,1,35,3682,desk,none,room-temperature-shift|task-reminder,coursework,0.406016,1.066351,0,active,coursework,6.910300,8.804782,active,90,2,rain,17.000000
7,1128,3448267966,59,Day 3 13:22,active,coursework,6.910300,8.804782,active,0.620667,1.000000,0.683047,1.000000,1.000000,0.070667,0.883225,0.108000,0.000000,14,1,1,1,1,1,1,1,1,1,1,0,1,1,1,0,1,0.081745,0.000000,0.077871,0.084314,0.090637,0.091509,0.106786,0.134263,0.000000,0.104998,0.000000,0.077510,0.090593,0.000000,0.000000,0.059775,use_phone,1,25,3707,phone,none,,,0.000000,1.000000,0,active,coursework,6.910300,8.804782,active,90,2,rain,17.000000
7,1128,3448267966,60,Day 3 13:47,active,coursework,6.910300,8.804782,active,0.409000,1.000000,0.770105,1.000000,1.000000,0.087333,0.903510,0.203000,0.085000,14,1,1,1,1,1,1,1,1,1,1,0,1,1,1,0,1,0.072905,0.000000,0.071424,0.088323,0.094947,0.089074,0.110283,0.139543,0.000000,0.105071,0.000000,0.078722,0.090976,0.000000,0.000000,0.058732,use_computer,1,30,3737,computer,none,,,0.000000,1.000000,0,active,coursework,6.910300,8.804782,active,90,2,rain,17.000000
7,1128,3448267966,61,Day 3 14:17,active,coursework,6.910300,8.804782,active,0.259000,1.000000,0.837163,0.990000,1.000000,0.107333,0.926808,0.283000,0.067000,14,1,1,1,1,1,1,1,1,1,1,0,1,1,1,0,1,0.066824,0.000000,0.066791,0.091328,0.098110,0.087282,0.112878,0.143653,0.000000,0.104771,0.000000,0.079483,0.091083,0.000000,0.000000,0.057797,sleep_at_bed,1,480,4217,bed,none,weather-clear|message-study-group|evening,,0.000000,1.000000,0,suspended,coursework,6.910300,8.804782,active,90,3,clear,17.000000
7,1128,3448267966,62,Day 3 22:17,suspended,coursework,6.910300,8.804782,active,0.339000,0.636367,0.994221,0.910000,1.000000,0.427333,1.000000,0.000000,0.000000,14,1,1,1,1,1,1,1,1,1,1,0,1,1,1,0,1,0.074801,0.000000,0.071527,0.093859,0.100271,0.085135,0.083234,0.095748,0.074818,0.103481,0.000000,0.068987,0.091110,0.000000,0.000000,0.057029,study_halfhearted,1,35,4252,desk,none,,coursework,0.242898,1.063236,0,active,coursework,7.153198,8.804782,active,90,3,clear,17.000000
7,1128,3448267966,63,Day 3 22:52,active,coursework,7.153198,8.804782,active,0.400667,0.730367,0.937874,0.918333,1.000000,0.450667,0.994287,0.000000,0.000000,14,1,1,1,1,1,1,1,1,1,1,0,1,1,1,0,1,0.073388,0.000000,0.070178,0.096428,0.103075,0.090738,0.084090,0.099006,0.073012,0.099519,0.000000,0.067821,0.087534,0.000000,0.000000,0.055210,turn_light_off,1,1,4253,light,none,,,0.000000,1.000000,0,active,coursework,7.153198,8.804782,active,90,3,clear,17.000000
7,1128,3448267966,64,Day 3 22:53,active,coursework,7.153198,8.804782,active,0.401000,0.730767,0.937874,0.938000,1.000000,0.451333,0.994643,0.000000,0.000000,11,1,1,1,0,0,0,1,1,1,1,1,0,1,1,0,1,0.102206,0.000000,0.097735,0.000000,0.000000,0.000000,0.117118,0.137910,0.101713,0.138581,0.105956,0.000000,0.121900,0.000000,0.000000,0.076882,idle,1,10,4263,,none,,,0.000000,1.000000,0,active,coursework,7.153198,8.804782,active,90,3,clear,17.000000
7,1128,3448267966,65,Day 3 23:03,active,coursework,7.153198,8.804782,active,0.524333,0.734767,1.000000,0.884667,1.000000,0.458000,1.000000,0.000000,0.000000,11,1,1,1,0,0,0,1,1,1,1,1,0,1,1,0,1,0.106597,0.000000,0.100393,0.000000,0.000000,0.000000,0.115782,0.136525,0.100801,0.136767,0.106389,0.000000,0.120416,0.000000,0.000000,0.076330,use_phone,1,25,4288,phone,none,,,0.000000,1.000000,0,active,coursework,7.153198,8.804782,active,90,3,clear,17.000000
7,1128,3448267966,66,Day 3 23:28,active,coursework,7.153198,8.804782,active,0.312667,0.826874,1.000000,0.916333,1.000000,0.474667,1.000000,0.095000,0.085000,11,1,1,1,0,0,0,1,1,1,1,1,0,1,1,0,1,0.093836,0.000000,0.091586,0.000000,0.000000,0.000000,0.124941,0.151521,0.101381,0.136126,0.105891,0.000000,0.119852,0.000000,0.000000,0.074865,turn_light_on,1,1,4289,light,none,,,0.000000,1.000000,0,active,coursework,7.153198,8.804782,active,90,3,clear,17.000000
7,1128,3448267966,67,Day 3 23:29,active,coursework,7.153198,8.804782,active,0.313000,0.827274,1.000000,0.936000,1.000000,0.475333,1.000000,0.094000,0.084400,14,1,1,1,1,1,1,1,1,1,1,0,1,1,1,0,1,0.067524,0.000000,0.065903,0.096282,0.103045,0.088161,0.089865,0.108989,0.072960,0.097924,0.000000,0.069273,0.086217,0.000000,0.000000,0.053856,study_halfhearted,1,35,4324,desk,none,,coursework,0.239501,1.048368,0,active,coursework,7.392700,8.804782,active,90,3,clear,17.000000
7,1128,3448267966,68,Day 4 00:04,active,coursework,7.392700,8.804782,active,0.374667,0.921274,0.943653,0.944333,1.000000,0.498667,0.994473,0.059000,0.063400,14,1,1,1,1,1,1,1,1,1,1,0,1,1,1,0,1,0.068926,0.000000,0.067241,0.091444,0.097923,0.086862,0.092641,0.114788,0.073538,0.097269,0.000000,0.069957,0.085559,0.000000,0.000000,0.053852,turn_off_alarm,1,1,4325,alarm,none,,,0.000000,1.000000,0,active,coursework,7.392700,8.804782,active,90,3,clear,17.000000
7,1128,3448267966,69,Day 4 00:05,active,coursework,7.392700,8.804782,active,0.375000,0.921674,0.943653,0.974000,1.000000,0.499333,0.974835,0.058000,0.062800,13,1,1,1,1,1,1,1,1,1,1,0,1,0,1,0,1,0.075422,0.000000,0.073577,0.099751,0.107039,0.094881,0.101464,0.125555,0.080477,0.106403,0.000000,0.076522,0.000000,0.000000,0.000000,0.058910,sleep_at_bed,1,480,4805,bed,none,alarm-rings,,0.000000,1.000000,0,suspended,coursework,7.392700,8.804782,active,90,3,clear,17.000000
7,1128,3448267966,70,Day 4 08:05,suspended,coursework,7.392700,8.804782,active,0.485000,0.558041,1.000000,0.894000,1.000000,0.819333,1.000000,0.000000,0.000000,14,1,1,1,1,1,1,1,1,1,1,0,1,1,1,0,1,0.078278,0.000000,0.073008,0.092883,0.099118,0.086651,0.077793,0.087744,0.093090,0.100736,0.000000,0.065938,0.088693,0.000000,0.000000,0.056068,use_computer,1,30,4835,computer,none,,,0.000000,1.000000,0,suspended,coursework,7.392700,8.804782,active,90,3,clear,17.000000
7,1128,3448267966,71,Day 4 08:35,suspended,coursework,7.392700,8.804782,active,0.335000,0.671816,1.000000,0.884000,1.000000,0.839333,1.000000,0.080000,0.000000,14,1,1,1,1,1,1,1,1,1,1,0,1,1,1,0,1,0.071003,0.000000,0.068206,0.090720,0.096743,0.084095,0.084529,0.098518,0.093902,0.100350,0.000000,0.068305,0.088353,0.000000,0.000000,0.055275,study_at_computer,1,35,4870,computer,none,,coursework,0.691836,0.919243,0,active,coursework,8.084536,8.804782,active,90,3,clear,17.000000
7,1128,3448267966,72,Day 4 09:10,active,coursework,8.084536,8.804782,active,0.366667,0.796814,0.894349,0.952333,1.000000,0.862667,0.964473,0.125000,0.000000,14,1,1,1,1,1,1,1,1,1,1,0,1,1,1,0,1,0.068281,0.000000,0.066053,0.090594,0.097068,0.086021,0.088815,0.106802,0.092135,0.097034,0.000000,0.068487,0.084909,0.000000,0.000000,0.053802,idle,1,10,4880,,none,,,0.000000,1.000000,0,active,coursework,8.084536,8.804782,active,90,3,clear,17.000000
7,1128,3448267966,73,Day 4 09:20,active,coursework,8.084536,8.804782,active,0.490000,0.800814,0.991407,0.899000,1.000000,0.869333,0.984867,0.115000,0.000000,14,1,1,1,1,1,1,1,1,1,1,0,1,1,1,0,1,0.070766,0.000000,0.067413,0.093207,0.099499,0.089242,0.086675,0.104428,0.090544,0.094962,0.000000,0.066983,0.083390,0.000000,0.000000,0.052891,turn_off_alarm,1,1,4881,alarm,none,,,0.000000,1.000000,0,active,coursework,8.084536,8.804782,active,90,3,clear,17.000000
7,1128,3448267966,74,Day 4 09:21,active,coursework,8.084536,8.804782,active,0.490333,0.801214,0.991407,0.928667,1.000000,0.870000,0.965272,0.114000,0.000000,13,1,1,1,1,1,1,1,1,1,1,0,1,0,1,0,1,0.077253,0.000000,0.073591,0.101436,0.108505,0.097251,0.094706,0.113954,0.098854,0.103634,0.000000,0.073095,0.000000,0.000000,0.000000,0.057723,study_at_computer,1,35,4916,computer,none,task-completed,coursework,0.822597,1.092985,0,none,,8.804782,8.804782,completed,90,3,clear,17.000000
7,1128,3448267966,75,Day 4 09:56,none,,8.804782,8.804782,completed,0.522000,0.926213,0.287067,1.000000,1.000000,0.893333,0.379469,0.159000,0.000000,10,1,1,1,0,0,0,1,1,1,1,0,1,0,1,0,1,0.106044,0.000000,0.101730,0.000000,0.000000,0.000000,0.147561,0.176338,0.138450,0.143040,0.000000,0.104615,0.000000,0.000000,0.000000,0.082220,sleep_at_bed,1,480,5396,bed,none,weather-rain|room-temperature-shift|message-study-group|evening,,0.000000,1.000000,0,none,,8.804782,8.804782,completed,90,4,rain,24.000000
7,1128,3448267966,76,Day 4 17:56,none,,8.804782,8.804782,completed,0.602000,0.562579,0.287067,0.920000,1.000000,1.000000,0.379469,0.000000,0.000000,10,1,1,1,0,0,0,1,1,1,1,0,1,0,1,0,1,0.125551,0.000000,0.115426,0.000000,0.000000,0.000000,0.123907,0.134025,0.158660,0.153332,0.000000,0.100472,0.000000,0.000000,0.000000,0.088627,use_phone,1,25,5421,phone,none,,,0.000000,1.000000,0,none,,8.804782,8.804782,completed,90,4,rain,24.000000
7,1128,3448267966,77,Day 4 18:21,none,,8.804782,8.804782,completed,0.390333,0.654687,0.287067,0.951667,1.000000,1.000000,0.379469,0.095000,0.085000,10,1,1,1,0,0,0,1,1,1,1,0,1,0,1,0,1,0.110583,0.000000,0.105359,0.000000,0.000000,0.000000,0.133783,0.148831,0.158006,0.152700,0.000000,0.103763,0.000000,0.000000,0.000000,0.086975,use_computer,1,30,5451,computer,none,,,0.000000,1.000000,0,none,,8.804782,8.804782,completed,90,4,rain,24.000000
7,1128,3448267966,78,Day 4 18:51,none,,8.804782,8.804782,completed,0.240333,0.768462,0.287067,0.941667,1.000000,1.000000,0.379469,0.175000,0.067000,10,1,1,1,0,0,0,1,1,1,1,0,1,0,1,0,1,0.098926,0.000000,0.097074,0.000000,0.000000,0.000000,0.143368,0.164804,0.155234,0.150021,0.000000,0.106008,0.000000,0.000000,0.000000,0.084565,get_meal,1,35,5486,door,none,,,0.000000,1.000000,0,none,,8.804782,8.804782,completed,90,4,rain,24.000000
7,1128,3448267966,79,Day 4 19:26,none,,8.804782,8.804782,completed,0.212000,0.782462,0.287067,1.000000,0.479167,1.000000,0.379469,0.140000,0.046000,10,1,1,1,0,0,0,1,1,1,1,0,1,0,1,0,1,0.102610,0.000000,0.101118,0.000000,0.000000,0.000000,0.148974,0.171540,0.162089,0.115093,0.000000,0.110448,0.000000,0.000000,0.000000,0.088127,use_computer,1,30,5516,computer,none,,,0.000000,1.000000,0,none,,8.804782,8.804782,completed,90,4,rain,24.000000
7,1128,3448267966,80,Day 4 19:56,none,,8.804782,8.804782,completed,0.062000,0.896237,0.287067,0.990000,0.504167,1.000000,0.379469,0.220000,0.028000,10,1,1,1,0,0,0,1,1,1,1,0,1,0,1,0,1,0.091147,0.000000,0.092511,0.000000,0.000000,0.000000,0.158524,0.188615,0.158125,0.113952,0.000000,0.112044,0.000000,0.000000,0.000000,0.085082,turn_light_off,1,1,5517,light,none,,,0.000000,1.000000,0,none,,8.804782,8.804782,completed,90,4,rain,24.000000
7,1128,3448267966,81,Day 4 19:57,none,,8.804782,8.804782,completed,0.062333,0.896637,0.287067,1.000000,0.505000,1.000000,0.379469,0.219000,0.027400,10,1,1,1,0,0,0,1,1,1,1,1,0,0,1,0,1,0.102672,0.000000,0.104207,0.000000,0.000000,0.000000,0.178487,0.212377,0.178063,0.128383,0.000000,0.000000,0.000000,0.000000,0.000000,0.095812,use_computer,1,30,5547,computer,none,,,0.000000,1.000000,0,none,,8.804782,8.804782,completed,90,4,rain,24.000000
7,1128,3448267966,82,Day 4 20:27,none,,8.804782,8.804782,completed,0.000000,1.000000,0.287067,0.990000,0.530000,1.000000,0.379469,0.299000,0.009400,10,1,1,1,0,0,0,1,1,1,1,1,0,0,1,0,1,0.000000,0.000000,0.000000,0.000000,0.000000,0.000000,0.231944,0.284428,0.213287,0.156071,0.000000,0.000000,0.000000,0.000000,0.000000,0.114270,sleep_at_bed,1,480,6027,bed,none,,,0.000000,1.000000,0,none,,8.804782,8.804782,completed,90,4,rain,24.000000
7,1128,3448267966,83,Day 5 04:27,none,,8.804782,8.804782,completed,0.080000,0.636367,0.287067,0.910000,0.930000,1.000000,0.379469,0.000000,0.000000,10,1,1,1,0,0,0,1,1,1,1,1,0,0,1,0,1,0.114957,0.000000,0.113576,0.000000,0.000000,0.000000,0.150072,0.165366,0.184931,0.171468,0.000000,0.000000,0.000000,0.000000,0.000000,0.099630,go_to_bathroom,1,15,6042,door,none,,,0.000000,1.000000,0,none,,8.804782,8.804782,completed,90,4,rain,24.000000
7,1128,3448267966,84,Day 5 04:42,none,,8.804782,8.804782,completed,0.085000,0.642367,0.287067,0.975583,0.942500,0.390000,0.379469,0.000000,0.000000,10,1,1,1,0,0,0,1,1,1,1,1,0,0,1,0,1,0.121960,0.000000,0.120480,0.000000,0.000000,0.000000,0.159432,0.175945,0.133688,0.182944,0.000000,0.000000,0.000000,0.000000,0.000000,0.105551,idle,1,10,6052,,none,,,0.000000,1.000000,0,none,,8.804782,8.804782,completed,90,4,rain,24.000000
7,1128,3448267966,85,Day 5 04:52,none,,8.804782,8.804782,completed,0.208333,0.646367,0.287067,0.922250,0.950833,0.396667,0.379469,0.000000,0.000000,10,1,1,1,0,0,0,1,1,1,1,1,0,0,1,0,1,0.126971,0.000000,0.123534,0.000000,0.000000,0.000000,0.157389,0.173865,0.132252,0.181115,0.000000,0.000000,0.000000,0.000000,0.000000,0.104874,use_computer,1,30,6082,computer,none,,,0.000000,1.000000,0,none,,8.804782,8.804782,completed,90,4,rain,24.000000
7,1128,3448267966,86,Day 5 05:22,none,,8.804782,8.804782,completed,0.058333,0.760142,0.287067,0.912250,0.975833,0.416667,0.379469,0.080000,0.000000,10,1,1,1,0,0,0,1,1,1,1,1,0,0,1,0,1,0.113278,0.000000,0.113511,0.000000,0.000000,0.000000,0.168207,0.192002,0.131211,0.180100,0.000000,0.000000,0.000000,0.000000,0.000000,0.101692,sleep_at_bed,1,480,6562,bed,none,alarm-rings|room-temperature-shift,,0.000000,1.000000,0,none,,8.804782,8.804782,completed,90,4,rain,24.000000
7,1128,3448267966,87,Day 5 13:22,none,,8.804782,8.804782,completed,0.168333,0.396508,0.287067,0.832250,1.000000,0.736667,0.413252,0.000000,0.000000,11,1,1,1,0,0,0,1,1,1,1,1,0,1,1,0,1,0.128594,0.000000,0.123159,0.000000,0.000000,0.000000,0.139266,0.000000,0.165253,0.188324,0.000000,0.000000,0.149776,0.000000,0.000000,0.105628,rest_at_bed,1,60,6622,bed,none,,,0.000000,1.000000,0,none,,8.804782,8.804782,completed,90,4,rain,24.000000
7,1128,3448267966,88,Day 5 14:22,none,,8.804782,8.804782,completed,0.228333,0.119097,0.287067,0.862250,1.000000,0.776667,0.413252,0.000000,0.000000,11,1,1,1,0,0,0,1,1,1,1,1,0,1,1,0,1,0.135889,0.000000,0.126217,0.000000,0.000000,0.000000,0.121171,0.000000,0.170303,0.189279,0.000000,0.000000,0.150536,0.000000,0.000000,0.106606,go_to_bathroom,1,15,6637,door,none,,,0.000000,1.000000,0,none,,8.804782,8.804782,completed,90,4,rain,24.000000
7,1128,3448267966,89,Day 5 14:37,none,,8.804782,8.804782,completed,0.233333,0.125097,0.287067,0.927834,1.000000,0.166667,0.413252,0.000000,0.000000,11,1,1,1,0,0,0,1,1,1,1,1,0,1,1,0,1,0.143775,0.000000,0.133525,0.000000,0.000000,0.000000,0.128379,0.000000,0.122779,0.199914,0.000000,0.000000,0.158994,0.000000,0.000000,0.112635,use_phone,1,25,6662,phone,none,,,0.000000,1.000000,0,none,,8.804782,8.804782,completed,90,4,rain,24.000000
7,1128,3448267966,90,Day 5 15:02,none,,8.804782,8.804782,completed,0.021667,0.217205,0.287067,0.959500,1.000000,0.183333,0.413252,0.095000,0.085000,11,1,1,1,0,0,0,1,1,1,1,1,0,1,1,0,1,0.129399,0.000000,0.124539,0.000000,0.000000,0.000000,0.141636,0.000000,0.126251,0.203434,0.000000,0.000000,0.161793,0.000000,0.000000,0.112948,get_meal,1,35,6697,door,none,message-study-group,,0.000000,1.000000,0,none,,8.804782,8.804782,completed,90,5,rain,24.000000
7,1128,3448267966,91,Day 5 15:37,none,,8.804782,8.804782,completed,0.000000,0.231205,0.287067,1.000000,0.479167,0.206667,0.413252,0.060000,0.064000,11,1,1,1,0,0,0,1,1,1,1,1,0,1,1,0,1,0.136209,0.000000,0.131542,0.000000,0.000000,0.000000,0.148912,0.000000,0.135344,0.157912,0.000000,0.000000,0.170932,0.000000,0.000000,0.119149,rest_at_bed,1,60,6757,bed,none,weather-rain,,0.000000,1.000000,0,none,,8.804782,8.804782,completed,90,5,rain,24.000000
7,1128,3448267966,92,Day 5 16:37,none,,8.804782,8.804782,completed,0.060000,0.000000,0.287067,1.000000,0.529167,0.246667,0.413252,0.000000,0.028000,11,1,1,1,0,0,0,1,1,1,1,1,0,1,1,0,1,0.165626,0.000000,0.155591,0.000000,0.000000,0.000000,0.000000,0.000000,0.159118,0.186496,0.000000,0.000000,0.195987,0.000000,0.000000,0.137183,use_computer,1,30,6787,computer,none,,,0.000000,1.000000,0,none,,8.804782,8.804782,completed,90,5,rain,24.000000
7,1128,3448267966,93,Day 5 17:07,none,,8.804782,8.804782,completed,0.000000,0.113775,0.287067,0.990000,0.554167,0.266667,0.413252,0.080000,0.010000,11,1,1,1,0,0,0,1,1,1,1,1,0,1,1,0,1,0.136327,0.000000,0.130412,0.000000,0.000000,0.000000,0.140398,0.000000,0.139859,0.164297,0.000000,0.000000,0.170122,0.000000,0.000000,0.118585,get_meal,1,35,6822,door,none,,,0.000000,1.000000,0,none,,8.804782,8.804782,completed,90,5,rain,24.000000
7,1128,3448267966,94,Day 5 17:42,none,,8.804782,8.804782,completed,0.000000,0.127775,0.287067,1.000000,0.033333,0.290000,0.413252,0.045000,0.000000,11,1,1,1,0,0,0,1,1,1,1,1,0,1,1,0,1,0.163522,0.000000,0.156534,0.000000,0.000000,0.000000,0.166568,0.000000,0.169189,0.000000,0.000000,0.000000,0.202815,0.000000,0.000000,0.141373,turn_off_alarm,1,1,6823,alarm,none,,,0.000000,1.000000,0,none,,8.804782,8.804782,completed,90,5,rain,24.000000
7,1128,3448267966,95,Day 5 17:43,none,,8.804782,8.804782,completed,0.000333,0.128175,0.287067,1.000000,0.034167,0.290667,0.393252,0.044000,0.000000,10,1,1,1,0,0,0,1,1,1,1,1,0,0,1,0,1,0.205092,0.000000,0.196323,0.000000,0.000000,0.000000,0.209106,0.000000,0.212220,0.000000,0.000000,0.000000,0.000000,0.000000,0.000000,0.177259,go_to_bathroom,1,15,6838,door,none,,,0.000000,1.000000,0,none,,8.804782,8.804782,completed,90,5,rain,24.000000
7,1128,3448267966,96,Day 5 17:58,none,,8.804782,8.804782,completed,0.005333,0.134175,0.287067,1.000000,0.046667,0.000000,0.393252,0.029000,0.000000,10,1,1,1,0,0,0,1,1,1,1,1,0,0,1,0,1,0.261110,0.000000,0.249860,0.000000,0.000000,0.000000,0.264375,0.000000,0.000000,0.000000,0.000000,0.000000,0.000000,0.000000,0.000000,0.224655,use_phone,1,25,6863,phone,none,,,0.000000,1.000000,0,none,,8.804782,8.804782,completed,90,5,rain,24.000000
7,1128,3448267966,97,Day 5 18:23,none,,8.804782,8.804782,completed,0.000000,0.226283,0.287067,1.000000,0.067500,0.016667,0.393252,0.124000,0.085000,10,1,1,1,0,0,0,1,1,1,1,1,0,0,1,0,1,0.251050,0.000000,0.242564,0.000000,0.000000,0.000000,0.283930,0.000000,0.000000,0.000000,0.000000,0.000000,0.000000,0.000000,0.000000,0.222457,use_computer,1,30,6893,computer,none,,,0.000000,1.000000,0,none,,8.804782,8.804782,completed,90,5,rain,24.000000
7,1128,3448267966,98,Day 5 18:53,none,,8.804782,8.804782,completed,0.000000,0.340058,0.287067,0.990000,0.092500,0.036667,0.393252,0.204000,0.067000,10,1,1,1,0,0,0,1,1,1,1,1,0,0,1,0,1,0.240831,0.000000,0.235165,0.000000,0.000000,0.000000,0.304957,0.000000,0.000000,0.000000,0.000000,0.000000,0.000000,0.000000,0.000000,0.219047,rest_at_bed,1,60,6953,bed,none,,,0.000000,1.000000,0,none,,8.804782,8.804782,completed,90,5,rain,24.000000
7,1128,3448267966,99,Day 5 19:53,none,,8.804782,8.804782,completed,0.060000,0.062647,0.287067,1.000000,0.142500,0.076667,0.393252,0.004000,0.031000,10,1,1,1,0,0,0,1,1,1,1,1,0,0,1,0,1,0.269485,0.000000,0.254494,0.000000,0.000000,0.000000,0.251462,0.000000,0.000000,0.000000,0.000000,0.000000,0.000000,0.000000,0.000000,0.224560,use_computer,1,30,6983,computer,none,evening,,0.000000,1.000000,0,none,,8.804782,8.804782,completed,90,5,rain,24.000000
7,1128,3448267966,100,Day 5 20:23,none,,8.804782,8.804782,completed,0.000000,0.176422,0.287067,0.990000,0.167500,0.096667,0.393252,0.084000,0.013000,10,1,1,1,0,0,0,1,1,1,1,1,0,0,1,0,1,0.205143,0.000000,0.197279,0.000000,0.000000,0.000000,0.220197,0.000000,0.000000,0.197854,0.000000,0.000000,0.000000,0.000000,0.000000,0.179526,use_computer,1,30,7013,computer,none,,,0.000000,1.000000,0,none,,8.804782,8.804782,completed,90,5,rain,24.000000
7,1128,3448267966,101,Day 5 20:53,none,,8.804782,8.804782,completed,0.000000,0.290197,0.287067,0.980000,0.192500,0.116667,0.393252,0.164000,0.000000,10,1,1,1,0,0,0,1,1,1,1,1,0,0,1,0,1,0.196979,0.000000,0.191441,0.000000,0.000000,0.000000,0.236728,0.000000,0.000000,0.197911,0.000000,0.000000,0.000000,0.000000,0.000000,0.176941,idle,1,10,7023,,none,,,0.000000,1.000000,0,none,,8.804782,8.804782,completed,90,5,rain,24.000000
7,1128,3448267966,102,Day 5 21:03,none,,8.804782,8.804782,completed,0.123333,0.294197,0.287067,0.926667,0.200833,0.123333,0.393252,0.154000,0.000000,10,1,1,1,0,0,0,1,1,1,1,1,0,0,1,0,1,0.204111,0.000000,0.195348,0.000000,0.000000,0.000000,0.231312,0.000000,0.000000,0.194609,0.000000,0.000000,0.000000,0.000000,0.000000,0.174619,use_computer,1,30,7053,computer,none,,,0.000000,1.000000,0,none,,8.804782,8.804782,completed,90,5,rain,24.000000
7,1128,3448267966,103,Day 5 21:33,none,,8.804782,8.804782,completed,0.000000,0.407972,0.287067,0.916667,0.225833,0.143333,0.393252,0.234000,0.000000,10,1,1,1,0,0,0,1,1,1,1,1,0,0,1,0,1,0.174647,0.000000,0.000000,0.000000,0.000000,0.000000,0.234263,0.246957,0.000000,0.183383,0.000000,0.000000,0.000000,0.000000,0.000000,0.160749,idle,1,10,7063,,none,,,0.000000,1.000000,0,none,,8.804782,8.804782,completed,90,5,rain,24.000000
7,1128,3448267966,104,Day 5 21:43,none,,8.804782,8.804782,completed,0.123333,0.411972,0.287067,0.863333,0.234167,0.150000,0.393252,0.224000,0.000000,10,1,1,1,0,0,0,1,1,1,1,1,0,0,1,0,1,0.135277,0.000000,0.130871,0.000000,0.000000,0.000000,0.171107,0.180466,0.128902,0.134793,0.000000,0.000000,0.000000,0.000000,0.000000,0.118584,sleep_at_bed,1,480,7543,bed,none,,,0.000000,1.000000,0,none,,8.804782,8.804782,completed,90,5,rain,24.000000
7,1128,3448267966,105,Day 6 05:43,none,,8.804782,8.804782,completed,0.203333,0.048338,0.287067,0.783333,0.634167,0.470000,0.393252,0.000000,0.000000,10,1,1,1,0,0,0,1,1,1,1,1,0,0,1,0,1,0.174013,0.000000,0.161187,0.000000,0.000000,0.000000,0.150576,0.000000,0.180961,0.196249,0.000000,0.000000,0.000000,0.000000,0.000000,0.137014,idle,1,10,7553,,none,,,0.000000,1.000000,0,none,,8.804782,8.804782,completed,90,5,rain,24.000000
7,1128,3448267966,106,Day 6 05:53,none,,8.804782,8.804782,completed,0.326667,0.052338,0.287067,0.730000,0.642500,0.476667,0.393252,0.000000,0.000000,10,1,1,1,0,0,0,1,1,1,1,1,0,0,1,0,1,0.180348,0.000000,0.164530,0.000000,0.000000,0.000000,0.147977,0.000000,0.178210,0.193413,0.000000,0.000000,0.000000,0.000000,0.000000,0.135523,use_phone,1,25,7578,phone,none,,,0.000000,1.000000,0,none,,8.804782,8.804782,completed,90,5,rain,24.000000
7,1128,3448267966,107,Day 6 06:18,none,,8.804782,8.804782,completed,0.115000,0.144446,0.287067,0.761667,0.663333,0.493333,0.393252,0.095000,0.085000,10,1,1,1,0,0,0,1,1,1,1,1,0,0,1,0,1,0.162730,0.000000,0.153851,0.000000,0.000000,0.000000,0.163678,0.000000,0.183720,0.199771,0.000000,0.000000,0.000000,0.000000,0.000000,0.136249,use_computer,1,30,7608,computer,none,,,0.000000,1.000000,0,none,,8.804782,8.804782,completed,90,5,rain,24.000000
7,1128,3448267966,108,Day 6 06:48,none,,8.804782,8.804782,completed,0.000000,0.258221,0.287067,0.751667,0.688333,0.513333,0.393252,0.175000,0.067000,10,1,1,1,0,0,0,1,1,1,1,1,0,0,1,0,1,0.150689,0.000000,0.146086,0.000000,0.000000,0.000000,0.178724,0.000000,0.186230,0.202962,0.000000,0.000000,0.000000,0.000000,0.000000,0.135309,go_to_bathroom,1,15,7623,door,none,,,0.000000,1.000000,0,none,,8.804782,8.804782,completed,90,5,rain,24.000000
7,1128,3448267966,109,Day 6 07:03,none,,8.804782,8.804782,completed,0.005000,0.264221,0.287067,0.817250,0.700833,0.000000,0.393252,0.160000,0.058000,10,1,1,1,0,0,0,1,1,1,1,1,0,0,1,0,1,0.185489,0.000000,0.179763,0.000000,0.000000,0.000000,0.218475,0.000000,0.000000,0.250467,0.000000,0.000000,0.000000,0.000000,0.000000,0.165806,use_computer,1,30,7653,computer,none,,,0.000000,1.000000,0,none,,8.804782,8.804782,completed,90,5,rain,24.000000
7,1128,3448267966,110,Day 6 07:33,none,,8.804782,8.804782,completed,0.000000,0.377996,0.287067,0.807250,0.725833,0.020000,0.393252,0.240000,0.040000,10,1,1,1,0,0,0,1,1,1,1,1,0,0,1,0,1,0.165724,0.000000,0.000000,0.000000,0.000000,0.000000,0.219039,0.229246,0.000000,0.233645,0.000000,0.000000,0.000000,0.000000,0.000000,0.152346,use_phone,1,25,7678,phone,none,alarm-rings,,0.000000,1.000000,0,none,,8.804782,8.804782,completed,90,5,rain,24.000000
7,1128,3448267966,111,Day 6 07:58,none,,8.804782,8.804782,completed,0.000000,0.470104,0.287067,0.838917,0.746667,0.036667,0.427036,0.335000,0.125000,11,1,1,1,0,0,0,1,1,1,1,1,0,1,1,0,1,0.000000,0.000000,0.000000,0.000000,0.000000,0.000000,0.215283,0.232277,0.000000,0.214939,0.000000,0.000000,0.199070,0.000000,0.000000,0.138431,sleep_at_bed,1,480,8158,bed,none,message-study-group|weather-rain,,0.000000,1.000000,0,none,,8.804782,8.804782,completed,90,6,rain,24.000000
7,1128,3448267966,112,Day 6 15:58,none,,8.804782,8.804782,completed,0.080000,0.106470,0.287067,0.758917,1.000000,0.356667,0.427036,0.000000,0.000000,11,1,1,1,0,0,0,1,1,1,1,1,0,1,1,0,1,0.134726,0.000000,0.127367,0.000000,0.000000,0.000000,0.127342,0.000000,0.138637,0.200422,0.000000,0.000000,0.159779,0.000000,0.000000,0.111727,idle,1,10,8168,,none,,,0.000000,1.000000,0,none,,8.804782,8.804782,completed,90,6,rain,24.000000
7,1128,3448267966,113,Day 6 16:08,none,,8.804782,8.804782,completed,0.203333,0.110470,0.287067,0.705583,1.000000,0.363333,0.427036,0.000000,0.000000,11,1,1,1,0,0,0,1,1,1,1,1,0,1,1,0,1,0.140322,0.000000,0.130652,0.000000,0.000000,0.000000,0.125764,0.000000,0.137206,0.197527,0.000000,0.000000,0.157471,0.000000,0.000000,0.111059,turn_off_alarm,1,1,8169,alarm,none,,,0.000000,1.000000,0,none,,8.804782,8.804782,completed,90,6,rain,24.000000
7,1128,3448267966,114,Day 6 16:09,none,,8.804782,8.804782,completed,0.203667,0.110870,0.287067,0.735250,1.000000,0.364000,0.407036,0.000000,0.000000,10,1,1,1,0,0,0,1,1,1,1,1,0,0,1,0,1,0.166510,0.000000,0.155035,0.000000,0.000000,0.000000,0.149456,0.000000,0.162862,0.234364,0.000000,0.000000,0.000000,0.000000,0.000000,0.131773,rest_at_bed,1,60,8229,bed,none,room-temperature-shift,,0.000000,1.000000,0,none,,8.804782,8.804782,completed,90,6,rain,17.000000
7,1128,3448267966,115,Day 6 17:09,none,,8.804782,8.804782,completed,0.263667,0.000000,0.287067,0.705250,1.000000,0.404000,0.407036,0.000000,0.000000,10,1,1,1,0,0,0,1,1,1,1,1,0,0,1,0,1,0.199740,0.000000,0.182877,0.000000,0.000000,0.000000,0.000000,0.000000,0.193183,0.271123,0.000000,0.000000,0.000000,0.000000,0.000000,0.153077,use_computer,1,30,8259,computer,none,,,0.000000,1.000000,0,none,,8.804782,8.804782,completed,90,6,rain,17.000000
7,1128,3448267966,116,Day 6 17:39,none,,8.804782,8.804782,completed,0.113667,0.113775,0.287067,0.695250,1.000000,0.424000,0.407036,0.080000,0.000000,10,1,1,1,0,0,0,1,1,1,1,1,0,0,1,0,1,0.158201,0.000000,0.149182,0.000000,0.000000,0.000000,0.154856,0.000000,0.170155,0.235833,0.000000,0.000000,0.000000,0.000000,0.000000,0.131774,get_meal,1,35,8294,door,none,,,0.000000,1.000000,0,none,,8.804782,8.804782,completed,90,6,rain,17.000000
7,1128,3448267966,117,Day 6 18:14,none,,8.804782,8.804782,completed,0.085333,0.127775,0.287067,0.794167,0.479167,0.447333,0.407036,0.045000,0.000000,10,1,1,1,0,0,0,1,1,1,1,1,0,0,1,0,1,0.167623,0.000000,0.158741,0.000000,0.000000,0.000000,0.164375,0.000000,0.184163,0.184820,0.000000,0.000000,0.000000,0.000000,0.000000,0.140279,go_to_bathroom,1,15,8309,door,none,,,0.000000,1.000000,0,none,,8.804782,8.804782,completed,90,6,rain,17.000000
7,1128,3448267966,118,Day 6 18:29,none,,8.804782,8.804782,completed,0.090333,0.133775,0.287067,0.859750,0.491667,0.000000,0.407036,0.030000,0.000000,10,1,1,1,0,0,0,1,1,1,1,1,0,0,1,0,1,0.205804,0.000000,0.194833,0.000000,0.000000,0.000000,0.200418,0.000000,0.000000,0.227492,0.000000,0.000000,0.000000,0.000000,0.000000,0.171454,idle,1,10,8319,,none,,,0.000000,1.000000,0,none,,8.804782,8.804782,completed,90,6,rain,17.000000
7,1128,3448267966,119,Day 6 18:39,none,,8.804782,8.804782,completed,0.213667,0.137775,0.287067,0.806417,0.500000,0.006667,0.407036,0.020000,0.000000,10,1,1,1,0,0,0,1,1,1,1,1,0,0,1,0,1,0.213086,0.000000,0.198650,0.000000,0.000000,0.000000,0.195676,0.000000,0.000000,0.223518,0.000000,0.000000,0.000000,0.000000,0.000000,0.169070,get_meal,1,35,8354,door,none,,,0.000000,1.000000,0,none,,8.804782,8.804782,completed,90,6,rain,17.000000
7,1128,3448267966,120,Day 6 19:14,none,,8.804782,8.804782,completed,0.185333,0.151775,0.287067,0.905334,0.000000,0.030000,0.407036,0.000000,0.000000,10,1,1,1,0,0,0,1,1,1,1,1,0,0,1,0,1,0.272947,0.000000,0.255594,0.000000,0.000000,0.000000,0.253196,0.000000,0.000000,0.000000,0.000000,0.000000,0.000000,0.000000,0.000000,0.218263,use_phone,1,25,8379,phone,none,evening,,0.000000,1.000000,0,none,,8.804782,8.804782,completed,90,6,rain,17.000000
7,1128,3448267966,121,Day 6 19:39,none,,8.804782,8.804782,completed,0.000000,0.243883,0.287067,0.937000,0.020833,0.046667,0.407036,0.095000,0.085000,10,1,1,1,0,0,0,1,1,1,1,1,0,0,1,0,1,0.251697,0.000000,0.243448,0.000000,0.000000,0.000000,0.282840,0.000000,0.000000,0.000000,0.000000,0.000000,0.000000,0.000000,0.000000,0.222015,idle,1,10,8389,,none,,,0.000000,1.000000,0,none,,8.804782,8.804782,completed,90,6,rain,17.000000
7,1128,3448267966,122,Day 6 19:49,none,,8.804782,8.804782,completed,0.123333,0.247883,0.287067,0.883667,0.029167,0.053333,0.407036,0.085000,0.079000,10,1,1,1,0,0,0,1,1,1,1,1,0,0,1,0,1,0.259592,0.000000,0.247255,0.000000,0.000000,0.000000,0.275077,0.000000,0.000000,0.000000,0.000000,0.000000,0.000000,0.000000,0.000000,0.218077,use_phone,1,25,8414,phone,none,,,0.000000,1.000000,0,none,,8.804782,8.804782,completed,90,6,rain,17.000000
7,1128,3448267966,123,Day 6 20:14,none,,8.804782,8.804782,completed,0.000000,0.339991,0.287067,0.915334,0.050000,0.070000,0.407036,0.180000,0.164000,10,1,1,1,0,0,0,1,1,1,1,1,0,0,1,0,1,0.194152,0.198262,0.189520,0.000000,0.000000,0.000000,0.242356,0.000000,0.000000,0.000000,0.000000,0.000000,0.000000,0.000000,0.000000,0.175710,shop_on_phone,1,20,8434,phone,none,,,0.000000,1.000000,0,none,,8.804782,8.804782,completed,60,6,rain,17.000000
7,1128,3448267966,124,Day 6 20:34,none,,8.804782,8.804782,completed,0.006667,0.349322,0.287067,1.000000,0.066667,0.083333,0.407036,0.240000,0.000000,10,1,1,1,0,0,0,1,1,1,1,1,0,0,1,0,1,0.219566,0.000000,0.000000,0.000000,0.000000,0.000000,0.284099,0.295485,0.000000,0.000000,0.000000,0.000000,0.000000,0.000000,0.000000,0.200850,rest_at_bed,1,60,8494,bed,none,,,0.000000,1.000000,0,none,,8.804782,8.804782,completed,60,6,rain,17.000000
7,1128,3448267966,125,Day 6 21:34,none,,8.804782,8.804782,completed,0.066667,0.071911,0.287067,1.000000,0.116667,0.123333,0.407036,0.040000,0.000000,10,1,1,1,0,0,0,1,1,1,1,1,0,0,1,0,1,0.267642,0.000000,0.252862,0.000000,0.000000,0.000000,0.255194,0.000000,0.000000,0.000000,0.000000,0.000000,0.000000,0.000000,0.000000,0.224303,use_phone,1,25,8519,phone,none,,,0.000000,1.000000,0,none,,8.804782,8.804782,completed,60,6,rain,17.000000
7,1128,3448267966,126,Day 6 21:59,none,,8.804782,8.804782,completed,0.000000,0.164018,0.287067,1.000000,0.137500,0.140000,0.407036,0.135000,0.085000,10,1,1,1,0,0,0,1,1,1,1,1,0,0,1,0,1,0.253820,0.000000,0.244010,0.000000,0.000000,0.000000,0.277908,0.000000,0.000000,0.000000,0.000000,0.000000,0.000000,0.000000,0.000000,0.224262,use_phone,1,25,8544,phone,none,,,0.000000,1.000000,0,none,,8.804782,8.804782,completed,60,6,rain,17.000000
7,1128,3448267966,127,Day 6 22:24,none,,8.804782,8.804782,completed,0.000000,0.256126,0.287067,1.000000,0.158333,0.156667,0.407036,0.230000,0.170000,10,1,1,1,0,0,0,1,1,1,1,1,0,0,1,0,1,0.162547,0.167216,0.000000,0.000000,0.000000,0.000000,0.198319,0.000000,0.162508,0.161800,0.000000,0.000000,0.000000,0.000000,0.000000,0.147610,shop_on_phone,1,20,8564,phone,none,,,0.000000,1.000000,0,none,,8.804782,8.804782,completed,30,6,rain,17.000000
7,1128,3448267966,128,Day 6 22:44,none,,8.804782,8.804782,completed,0.006667,0.265457,0.287067,1.000000,0.175000,0.170000,0.407036,0.290000,0.000000,10,1,1,1,0,0,0,1,1,1,1,1,0,0,1,0,1,0.191691,0.000000,0.000000,0.000000,0.000000,0.000000,0.242427,0.000000,0.195243,0.194687,0.000000,0.000000,0.000000,0.000000,0.000000,0.175952,rest_at_bed,1,60,8624,bed,none,,,0.000000,1.000000,0,none,,8.804782,8.804782,completed,30,6,rain,17.000000
7,1128,3448267966,129,Day 6 23:44,none,,8.804782,8.804782,completed,0.066667,0.000000,0.287067,1.000000,0.225000,0.210000,0.407036,0.090000,0.000000,10,1,1,1,0,0,0,1,1,1,1,1,0,0,1,0,1,0.177637,0.000000,0.166942,0.000000,0.000000,0.000000,0.166747,0.000000,0.169427,0.169716,0.000000,0.000000,0.000000,0.000000,0.000000,0.149532,idle,1,10,8634,,none,,,0.000000,1.000000,0,none,,8.804782,8.804782,completed,30,6,rain,17.000000
7,1128,3448267966,130,Day 6 23:54,none,,8.804782,8.804782,completed,0.190000,0.004000,0.287067,0.946667,0.233333,0.216667,0.407036,0.080000,0.000000,10,1,1,1,0,0,0,1,1,1,1,1,0,0,1,0,1,0.184387,0.000000,0.170643,0.000000,0.000000,0.000000,0.163213,0.000000,0.166761,0.167172,0.000000,0.000000,0.000000,0.000000,0.000000,0.147824,rest_at_bed,1,60,8694,bed,none,,,0.000000,1.000000,0,none,,8.804782,8.804782,completed,30,6,rain,17.000000
7,1128,3448267966,131,Day 7 00:54,none,,8.804782,8.804782,completed,0.250000,0.000000,0.287067,0.976667,0.283333,0.256667,0.407036,0.000000,0.000000,10,1,1,1,0,0,0,1,1,1,1,1,0,0,1,0,1,0.223783,0.000000,0.205244,0.000000,0.000000,0.000000,0.000000,0.000000,0.198587,0.199985,0.000000,0.000000,0.000000,0.000000,0.000000,0.172399,go_to_bathroom,1,15,8709,door,none,,,0.000000,1.000000,0,none,,8.804782,8.804782,completed,30,6,rain,17.000000
7,1128,3448267966,132,Day 7 01:09,none,,8.804782,8.804782,completed,0.255000,0.006000,0.287067,1.000000,0.295833,0.000000,0.407036,0.000000,0.000000,10,1,1,1,0,0,0,1,1,1,1,1,0,0,1,0,1,0.278936,0.000000,0.255794,0.000000,0.000000,0.000000,0.000000,0.000000,0.000000,0.250684,0.000000,0.000000,0.000000,0.000000,0.000000,0.214586,use_computer,1,30,8739,computer,none,,,0.000000,1.000000,0,none,,8.804782,8.804782,completed,30,6,rain,17.000000
7,1128,3448267966,133,Day 7 01:39,none,,8.804782,8.804782,completed,0.105000,0.119775,0.287067,0.990000,0.320833,0.020000,0.407036,0.080000,0.000000,10,1,1,1,0,0,0,1,1,1,1,1,0,0,1,0,1,0.209706,0.000000,0.198066,0.000000,0.000000,0.000000,0.206823,0.000000,0.000000,0.210064,0.000000,0.000000,0.000000,0.000000,0.000000,0.175342,get_meal,1,35,8774,door,none,,,0.000000,1.000000,0,none,,8.804782,8.804782,completed,30,6,rain,17.000000
7,1128,3448267966,134,Day 7 02:14,none,,8.804782,8.804782,completed,0.076667,0.133775,0.287067,1.000000,0.000000,0.043333,0.407036,0.045000,0.000000,10,1,1,1,0,0,0,1,1,1,1,1,0,0,1,0,1,0.264788,0.000000,0.251157,0.000000,0.000000,0.000000,0.261618,0.000000,0.000000,0.000000,0.000000,0.000000,0.000000,0.000000,0.000000,0.222438,idle,1,10,8784,,none,,,0.000000,1.000000,0,none,,8.804782,8.804782,completed,30,6,rain,17.000000
7,1128,3448267966,135,Day 7 02:24,none,,8.804782,8.804782,completed,0.200000,0.137775,0.287067,0.946667,0.008333,0.050000,0.407036,0.035000,0.000000,10,1,1,1,0,0,0,1,1,1,1,1,0,0,1,0,1,0.272791,0.000000,0.254802,0.000000,0.000000,0.000000,0.254156,0.000000,0.000000,0.000000,0.000000,0.000000,0.000000,0.000000,0.000000,0.218252,rest_at_bed,1,60,8844,bed,none,,,0.000000,1.000000,0,none,,8.804782,8.804782,completed,30,6,rain,17.000000
7,1128,3448267966,136,Day 7 03:24,none,,8.804782,8.804782,completed,0.260000,0.000000,0.287067,0.976667,0.058333,0.090000,0.407036,0.000000,0.000000,10,1,1,1,0,0,0,1,1,1,1,1,0,0,1,0,1,0.372654,0.000000,0.341351,0.000000,0.000000,0.000000,0.000000,0.000000,0.000000,0.000000,0.000000,0.000000,0.000000,0.000000,0.000000,0.285995,idle,1,10,8854,,none,,,0.000000,1.000000,0,none,,8.804782,8.804782,completed,30,6,rain,17.000000
7,1128,3448267966,137,Day 7 03:34,none,,8.804782,8.804782,completed,0.383333,0.004000,0.287067,0.923333,0.066667,0.096667,0.407036,0.000000,0.000000,10,1,1,1,0,0,0,1,1,1,1,1,0,0,1,0,1,0.379565,0.000000,0.342427,0.000000,0.000000,0.000000,0.000000,0.000000,0.000000,0.000000,0.000000,0.000000,0.000000,0.000000,0.000000,0.278009,idle,1,10,8864,,none,,,0.000000,1.000000,0,none,,8.804782,8.804782,completed,30,6,rain,17.000000
7,1128,3448267966,138,Day 7 03:44,none,,8.804782,8.804782,completed,0.506667,0.008000,0.287067,0.870000,0.075000,0.103333,0.407036,0.000000,0.000000,10,1,1,1,0,0,0,1,1,1,1,1,0,0,1,0,1,0.386467,0.000000,0.343384,0.000000,0.000000,0.000000,0.000000,0.000000,0.000000,0.000000,0.000000,0.000000,0.000000,0.000000,0.000000,0.270150,use_phone,1,25,8889,phone,none,,,0.000000,1.000000,0,none,,8.804782,8.804782,completed,30,6,rain,17.000000
7,1128,3448267966,139,Day 7 04:09,none,,8.804782,8.804782,completed,0.295000,0.100108,0.287067,0.901667,0.095833,0.120000,0.407036,0.095000,0.085000,10,1,1,1,0,0,0,1,1,1,1,1,0,0,1,0,1,0.277641,0.000000,0.255653,0.000000,0.000000,0.000000,0.250465,0.000000,0.000000,0.000000,0.000000,0.000000,0.000000,0.000000,0.000000,0.216241,idle,1,10,8899,,none,,,0.000000,1.000000,0,none,,8.804782,8.804782,completed,30,6,rain,17.000000
7,1128,3448267966,140,Day 7 04:19,none,,8.804782,8.804782,completed,0.418333,0.104108,0.287067,0.848333,0.104167,0.126667,0.407036,0.085000,0.079000,10,1,1,1,0,0,0,1,1,1,1,1,0,0,1,0,1,0.285779,0.000000,0.259133,0.000000,0.000000,0.000000,0.243105,0.000000,0.000000,0.000000,0.000000,0.000000,0.000000,0.000000,0.000000,0.211983,use_phone,1,25,8924,phone,none,,,0.000000,1.000000,0,none,,8.804782,8.804782,completed,30,6,rain,17.000000
7,1128,3448267966,141,Day 7 04:44,none,,8.804782,8.804782,completed,0.206667,0.196216,0.287067,0.880000,0.125000,0.143333,0.407036,0.180000,0.164000,10,1,1,1,0,0,0,1,1,1,1,1,0,0,1,0,1,0.211109,0.195888,0.198380,0.000000,0.000000,0.000000,0.220145,0.000000,0.000000,0.000000,0.000000,0.000000,0.000000,0.000000,0.000000,0.174478,shop_on_phone,1,20,8944,phone,none,,,0.000000,1.000000,0,none,,8.804782,8.804782,completed,0,6,rain,17.000000
7,1128,3448267966,142,Day 7 05:04,none,,8.804782,8.804782,completed,0.213333,0.205547,0.287067,0.973333,0.141667,0.156667,0.407036,0.240000,0.000000,10,1,1,1,0,0,0,1,1,1,1,1,0,0,1,0,1,0.209955,0.000000,0.197447,0.000000,0.000000,0.000000,0.226945,0.000000,0.190259,0.000000,0.000000,0.000000,0.000000,0.000000,0.000000,0.175393,rest_at_bed,1,60,9004,bed,none,,,0.000000,1.000000,0,none,,8.804782,8.804782,completed,0,6,rain,17.000000
7,1128,3448267966,143,Day 7 06:04,none,,8.804782,8.804782,completed,0.273333,0.000000,0.287067,1.000000,0.191667,0.196667,0.407036,0.040000,0.000000,10,1,1,1,0,0,0,1,1,1,1,1,0,0,1,0,1,0.191785,0.000000,0.175477,0.000000,0.000000,0.000000,0.159532,0.000000,0.163559,0.161984,0.000000,0.000000,0.000000,0.000000,0.000000,0.147663,get_meal,1,35,9039,door,none,,,0.000000,1.000000,0,none,,8.804782,8.804782,completed,0,6,rain,17.000000
7,1128,3448267966,144,Day 7 06:39,none,,8.804782,8.804782,completed,0.245000,0.014000,0.287067,1.000000,0.000000,0.220000,0.407036,0.005000,0.000000,10,1,1,1,0,0,0,1,1,1,1,1,0,0,1,0,1,0.227433,0.000000,0.208981,0.000000,0.000000,0.000000,0.189525,0.000000,0.198128,0.000000,0.000000,0.000000,0.000000,0.000000,0.000000,0.175933,rest_at_bed,1,60,9099,bed,none,alarm-rings,,0.000000,1.000000,0,none,,8.804782,8.804782,completed,0,6,rain,17.000000
7,1128,3448267966,145,Day 7 07:39,none,,8.804782,8.804782,completed,0.335000,0.000000,0.287067,1.000000,0.050000,0.260000,0.440819,0.000000,0.000000,11,1,1,1,0,0,0,1,1,1,1,1,0,1,1,0,1,0.219326,0.000000,0.199010,0.000000,0.000000,0.000000,0.000000,0.000000,0.187709,0.000000,0.000000,0.000000,0.230379,0.000000,0.000000,0.163577,use_phone,1,25,9124,phone,none,,,0.000000,1.000000,0,none,,8.804782,8.804782,completed,0,6,rain,17.000000
7,1128,3448267966,146,Day 7 08:04,none,,8.804782,8.804782,completed,0.123333,0.092108,0.287067,1.000000,0.070833,0.276667,0.440819,0.095000,0.085000,11,1,1,1,0,0,0,1,1,1,1,1,0,1,1,0,1,0.169362,0.000000,0.159258,0.000000,0.000000,0.000000,0.163894,0.000000,0.165606,0.000000,0.000000,0.000000,0.201143,0.000000,0.000000,0.140737,rest_at_bed,1,60,9184,bed,none,,,0.000000,1.000000,0,none,,8.804782,8.804782,completed,0,6,rain,17.000000
7,1128,3448267966,147,Day 7 09:04,none,,8.804782,8.804782,completed,0.183333,0.000000,0.287067,1.000000,0.120833,0.316667,0.440819,0.000000,0.049000,11,1,1,1,0,0,0,1,1,1,1,1,0,1,1,0,1,0.208799,0.000000,0.193119,0.000000,0.000000,0.000000,0.000000,0.000000,0.198249,0.000000,0.000000,0.000000,0.234836,0.000000,0.000000,0.164997,turn_off_alarm,1,1,9185,alarm,none,,,0.000000,1.000000,0,none,,8.804782,8.804782,completed,0,6,rain,17.000000
7,1128,3448267966,148,Day 7 09:05,none,,8.804782,8.804782,completed,0.183667,0.000400,0.287067,1.000000,0.121667,0.317333,0.420819,0.000000,0.048400,10,1,1,1,0,0,0,1,1,1,1,1,0,0,1,0,1,0.272866,0.000000,0.252373,0.000000,0.000000,0.000000,0.000000,0.000000,0.259157,0.000000,0.000000,0.000000,0.000000,0.000000,0.000000,0.215604,use_computer,1,30,9215,computer,none,,,0.000000,1.000000,0,none,,8.804782,8.804782,completed,0,6,rain,17.000000
7,1128,3448267966,149,Day 7 09:35,none,,8.804782,8.804782,completed,0.033667,0.114175,0.287067,0.990000,0.146667,0.337333,0.420819,0.080000,0.030400,10,1,1,1,0,0,0,1,1,1,1,1,0,0,1,0,1,0.204849,0.000000,0.195137,0.000000,0.000000,0.000000,0.207731,0.000000,0.216361,0.000000,0.000000,0.000000,0.000000,0.000000,0.000000,0.175922,idle,1,10,9225,,none,,,0.000000,1.000000,0,none,,8.804782,8.804782,completed,0,6,rain,17.000000
7,1128,3448267966,150,Day 7 09:45,none,,8.804782,8.804782,completed,0.157000,0.118175,0.287067,0.936667,0.155000,0.344000,0.420819,0.070000,0.024400,10,1,1,1,0,0,0,1,1,1,1,1,0,0,1,0,1,0.178609,0.000000,0.167547,0.000000,0.000000,0.000000,0.170794,0.000000,0.178882,0.158083,0.000000,0.000000,0.000000,0.000000,0.000000,0.146085,use_phone,1,25,9250,phone,none,,,0.000000,1.000000,0,none,,8.804782,8.804782,completed,0,6,rain,17.000000
7,1128,3448267966,151,Day 7 10:10,none,,8.804782,8.804782,completed,0.000000,0.210283,0.287067,0.968333,0.175833,0.360667,0.420819,0.165000,0.109400,10,1,1,1,0,0,0,1,1,1,1,1,0,0,1,0,1,0.163758,0.000000,0.158102,0.000000,0.000000,0.000000,0.187288,0.000000,0.182824,0.161873,0.000000,0.000000,0.000000,0.000000,0.000000,0.146155,go_to_bathroom,1,15,9265,door,none,,,0.000000,1.000000,0,none,,8.804782,8.804782,completed,0,6,rain,17.000000
7,1128,3448267966,152,Day 7 10:25,none,,8.804782,8.804782,completed,0.005000,0.216283,0.287067,1.000000,0.188333,0.000000,0.420819,0.150000,0.100400,10,1,1,1,0,0,0,1,1,1,1,1,0,0,1,0,1,0.200789,0.000000,0.193788,0.000000,0.000000,0.000000,0.228048,0.000000,0.000000,0.198979,0.000000,0.000000,0.000000,0.000000,0.000000,0.178396,use_computer,1,30,9295,computer,none,,,0.000000,1.000000,0,none,,8.804782,8.804782,completed,0,6,rain,17.000000
7,1128,3448267966,153,Day 7 10:55,none,,8.804782,8.804782,completed,0.000000,0.330058,0.287067,0.990000,0.213333,0.020000,0.420819,0.230000,0.082400,10,1,1,1,0,0,0,1,1,1,1,1,0,0,1,0,1,0.236804,0.000000,0.000000,0.000000,0.000000,0.000000,0.301807,0.000000,0.000000,0.245018,0.000000,0.000000,0.000000,0.000000,0.000000,0.216372,rest_at_bed,1,60,9355,bed,none,,,0.000000,1.000000,0,none,,8.804782,8.804782,completed,0,6,rain,17.000000
7,1128,3448267966,154,Day 7 11:55,none,,8.804782,8.804782,completed,0.060000,0.052647,0.287067,1.000000,0.263333,0.060000,0.420819,0.030000,0.046400,10,1,1,1,0,0,0,1,1,1,1,1,0,0,1,0,1,0.213102,0.000000,0.201153,0.000000,0.000000,0.000000,0.200142,0.000000,0.000000,0.207212,0.000000,0.000000,0.000000,0.000000,0.000000,0.178391,get_meal,1,35,9390,door,none,,,0.000000,1.000000,0,none,,8.804782,8.804782,completed,0,6,rain,17.000000
7,1128,3448267966,155,Day 7 12:30,none,,8.804782,8.804782,completed,0.031667,0.066647,0.287067,1.000000,0.000000,0.083333,0.420819,0.000000,0.025400,10,1,1,1,0,0,0,1,1,1,1,1,0,0,1,0,1,0.267850,0.000000,0.253927,0.000000,0.000000,0.000000,0.252714,0.000000,0.000000,0.000000,0.000000,0.000000,0.000000,0.000000,0.000000,0.225510,use_phone,1,25,9415,phone,none,,,0.000000,1.000000,0,none,,8.804782,8.804782,completed,0,6,rain,17.000000
7,1128,3448267966,156,Day 7 12:55,none,,8.804782,8.804782,completed,0.000000,0.158754,0.287067,1.000000,0.020833,0.100000,0.420819,0.095000,0.110400,10,1,1,1,0,0,0,1,1,1,1,1,0,0,1,0,1,0.256232,0.000000,0.246085,0.000000,0.000000,0.000000,0.273263,0.000000,0.000000,0.000000,0.000000,0.000000,0.000000,0.000000,0.000000,0.224419,rest_at_bed,1,60,9475,bed,none,room-temperature-shift,,0.000000,1.000000,0,none,,8.804782,8.804782,completed,0,6,rain,17.000000
7,1128,3448267966,157,Day 7 13:55,none,,8.804782,8.804782,completed,0.060000,0.000000,0.287067,1.000000,0.070833,0.140000,0.420819,0.000000,0.074400,10,1,1,1,0,0,0,1,1,1,1,1,0,0,1,0,1,0.361313,0.000000,0.339422,0.000000,0.000000,0.000000,0.000000,0.000000,0.000000,0.000000,0.000000,0.000000,0.000000,0.000000,0.000000,0.299266,idle,1,10,9485,,none,weather-rain,,0.000000,1.000000,0,none,,8.804782,8.804782,completed,0,6,rain,17.000000
7,1128,3448267966,158,Day 7 14:05,none,,8.804782,8.804782,completed,0.183333,0.004000,0.287067,0.946667,0.079167,0.146667,0.420819,0.000000,0.068400,10,1,1,1,0,0,0,1,1,1,1,1,0,0,1,0,1,0.280143,0.000000,0.259192,0.000000,0.000000,0.000000,0.000000,0.000000,0.239216,0.000000,0.000000,0.000000,0.000000,0.000000,0.000000,0.221449,go_to_bathroom,1,15,9500,door,none,,,0.000000,1.000000,0,none,,8.804782,8.804782,completed,0,6,rain,17.000000
7,1128,3448267966,159,Day 7 14:20,none,,8.804782,8.804782,completed,0.188333,0.010000,0.287067,1.000000,0.091667,0.000000,0.420819,0.000000,0.059400,10,1,1,1,0,0,0,1,1,1,1,1,0,0,1,0,1,0.368397,0.000000,0.340801,0.000000,0.000000,0.000000,0.000000,0.000000,0.000000,0.000000,0.000000,0.000000,0.000000,0.000000,0.000000,0.290802,idle,1,10,9510,,none,,,0.000000,1.000000,0,none,,8.804782,8.804782,completed,0,6,rain,17.000000
7,1128,3448267966,160,Day 7 14:30,none,,8.804782,8.804782,completed,0.311667,0.014000,0.287067,0.946667,0.100000,0.006667,0.420819,0.000000,0.053400,10,1,1,1,0,0,0,1,1,1,1,1,0,0,1,0,1,0.288175,0.000000,0.262558,0.000000,0.000000,0.000000,0.232168,0.000000,0.000000,0.000000,0.000000,0.000000,0.000000,0.000000,0.000000,0.217099,idle,1,10,9520,,none,,,0.000000,1.000000,0,none,,8.804782,8.804782,completed,0,6,rain,17.000000
7,1128,3448267966,161,Day 7 14:40,none,,8.804782,8.804782,completed,0.435000,0.018000,0.287067,0.893333,0.108333,0.013333,0.420819,0.000000,0.047400,10,1,1,1,0,0,0,1,1,1,1,1,0,0,1,0,1,0.295835,0.000000,0.265464,0.000000,0.000000,0.000000,0.225999,0.000000,0.000000,0.000000,0.000000,0.000000,0.000000,0.000000,0.000000,0.212702,use_phone,1,25,9545,phone,none,,,0.000000,1.000000,0,none,,8.804782,8.804782,completed,0,6,rain,17.000000
7,1128,3448267966,162,Day 7 15:05,none,,8.804782,8.804782,completed,0.223333,0.110108,0.287067,0.925000,0.129167,0.030000,0.420819,0.095000,0.132400,10,1,1,1,0,0,0,1,1,1,1,1,0,0,1,0,1,0.219876,0.193604,0.204472,0.000000,0.000000,0.000000,0.205907,0.000000,0.000000,0.000000,0.000000,0.000000,0.000000,0.000000,0.000000,0.176141,rest_at_bed,1,60,9605,bed,none,,,0.000000,1.000000,0,none,,8.804782,8.804782,completed,0,6,rain,17.000000
7,1128,3448267966,163,Day 7 16:05,none,,8.804782,8.804782,completed,0.283333,0.000000,0.287067,0.955000,0.179167,0.070000,0.420819,0.000000,0.096400,10,1,1,1,0,0,0,1,1,1,1,1,0,0,1,0,1,0.285579,0.000000,0.260821,0.000000,0.000000,0.000000,0.000000,0.000000,0.000000,0.236373,0.000000,0.000000,0.000000,0.000000,0.000000,0.217227,use_phone,1,25,9630,phone,none,message-study-group,,0.000000,1.000000,0,none,,8.804782,8.804782,completed,0,7,rain,17.000000
7,1128,3448267966,164,Day 7 16:30,none,,8.804782,8.804782,completed,0.071667,0.092108,0.287067,0.986667,0.200000,0.086667,0.420819,0.095000,0.181400,10,1,1,1,0,0,0,1,1,1,1,1,0,0,1,0,1,0.175469,0.169441,0.166080,0.000000,0.000000,0.000000,0.174046,0.000000,0.000000,0.166251,0.000000,0.000000,0.000000,0.000000,0.000000,0.148714,idle,1,10,9640,,none,,,0.000000,1.000000,0,none,,8.804782,8.804782,completed,0,7,rain,17.000000
7,1128,3448267966,165,Day 7 16:40,none,,8.804782,8.804782,completed,0.195000,0.096108,0.287067,0.933333,0.208333,0.093333,0.420819,0.085000,0.175400,10,1,1,1,0,0,0,1,1,1,1,1,0,0,1,0,1,0.182250,0.166451,0.169867,0.000000,0.000000,0.000000,0.170463,0.000000,0.000000,0.163861,0.000000,0.000000,0.000000,0.000000,0.000000,0.147108,get_meal,1,35,9675,door,none,,,0.000000,1.000000,0,none,,8.804782,8.804782,completed,0,7,rain,17.000000
7,1128,3448267966,166,Day 7 17:15,none,,8.804782,8.804782,completed,0.166667,0.110108,0.287067,1.000000,0.000000,0.116667,0.420819,0.050000,0.154400,10,1,1,1,0,0,0,1,1,1,1,1,0,0,1,0,1,0.217882,0.197319,0.203945,0.000000,0.000000,0.000000,0.204159,0.000000,0.000000,0.000000,0.000000,0.000000,0.000000,0.000000,0.000000,0.176696,use_phone,1,25,9700,phone,none,,,0.000000,1.000000,0,none,,8.804782,8.804782,completed,0,7,rain,17.000000
7,1128,3448267966,167,Day 7 17:40,none,,8.804782,8.804782,completed,0.000000,0.202216,0.287067,1.000000,0.020833,0.133333,0.420819,0.145000,0.239400,10,1,1,1,0,0,0,1,1,1,1,1,0,0,1,0,1,0.198745,0.209326,0.191699,0.000000,0.000000,0.000000,0.223703,0.000000,0.000000,0.000000,0.000000,0.000000,0.000000,0.000000,0.000000,0.176527,idle,1,10,9710,,none,,,0.000000,1.000000,0,none,,8.804782,8.804782,completed,0,7,rain,17.000000
7,1128,3448267966,168,Day 7 17:50,none,,8.804782,8.804782,completed,0.123333,0.206216,0.287067,0.946667,0.029167,0.140000,0.420819,0.135000,0.233400,10,1,1,1,0,0,0,1,1,1,1,1,0,0,1,0,1,0.206045,0.205253,0.195709,0.000000,0.000000,0.000000,0.218695,0.000000,0.000000,0.000000,0.000000,0.000000,0.000000,0.000000,0.000000,0.174298,shop_on_phone,0,0,9710,phone,resource_insufficient,,,0.000000,1.000000,0,none,,8.804782,8.804782,completed,0,7,rain,17.000000
7,1128,3448267966,169,Day 7 17:50,none,,8.804782,8.804782,completed,0.123333,0.206216,0.287067,0.916667,0.029167,0.140000,0.450819,0.135000,0.233400,10,1,1,1,0,0,0,1,1,1,1,1,0,0,1,0,1,0.206139,0.205346,0.195798,0.000000,0.000000,0.000000,0.218340,0.000000,0.000000,0.000000,0.000000,0.000000,0.000000,0.000000,0.000000,0.174377,use_phone,1,25,9735,phone,none,evening,,0.000000,1.000000,0,none,,8.804782,8.804782,completed,0,7,rain,17.000000
7,1128,3448267966,170,Day 7 18:15,none,,8.804782,8.804782,completed,0.000000,0.298323,0.287067,0.948333,0.050000,0.156667,0.450819,0.230000,0.318400,10,1,1,1,0,0,0,1,1,1,1,1,0,0,1,0,1,0.188656,0.214755,0.000000,0.000000,0.000000,0.000000,0.235393,0.000000,0.189274,0.000000,0.000000,0.000000,0.000000,0.000000,0.000000,0.171923,rest_at_bed,1,60,9795,bed,none,,,0.000000,1.000000,0,none,,8.804782,8.804782,completed,0,7,rain,17.000000
7,1128,3448267966,171,Day 7 19:15,none,,8.804782,8.804782,completed,0.060000,0.020912,0.287067,0.978333,0.100000,0.196667,0.450819,0.030000,0.282400,10,1,1,1,0,0,0,1,1,1,1,1,0,0,1,0,1,0.176948,0.179955,0.166586,0.000000,0.000000,0.000000,0.162698,0.000000,0.166077,0.000000,0.000000,0.000000,0.000000,0.000000,0.000000,0.147736,use_phone,1,25,9820,phone,none,,,0.000000,1.000000,0,none,,8.804782,8.804782,completed,0,7,rain,17.000000
7,1128,3448267966,172,Day 7 19:40,none,,8.804782,8.804782,completed,0.000000,0.113020,0.287067,1.000000,0.120833,0.213333,0.450819,0.125000,0.367400,10,1,1,1,0,0,0,1,1,1,1,1,0,0,1,0,1,0.166059,0.188092,0.158943,0.000000,0.000000,0.000000,0.174804,0.000000,0.166306,0.000000,0.000000,0.000000,0.000000,0.000000,0.000000,0.145796,use_computer,1,30,9850,computer,none,,,0.000000,1.000000,0,none,,8.804782,8.804782,completed,0,7,rain,17.000000
7,1128,3448267966,173,Day 7 20:10,none,,8.804782,8.804782,completed,0.000000,0.226795,0.287067,0.990000,0.145833,0.233333,0.450819,0.205000,0.349400,10,1,1,1,0,0,0,1,1,1,1,1,0,0,1,0,1,0.160334,0.184214,0.155095,0.000000,0.000000,0.000000,0.188968,0.000000,0.166896,0.000000,0.000000,0.000000,0.000000,0.000000,0.000000,0.144493,shop_on_phone,0,0,9850,phone,resource_insufficient,,,0.000000,1.000000,0,none,,8.804782,8.804782,completed,0,7,rain,17.000000
7,1128,3448267966,174,Day 7 20:10,none,,8.804782,8.804782,completed,0.000000,0.226795,0.287067,0.960000,0.145833,0.233333,0.480819,0.205000,0.349400,10,1,1,1,0,0,0,1,1,1,1,1,0,0,1,0,1,0.160397,0.184287,0.155156,0.000000,0.000000,0.000000,0.188650,0.000000,0.166962,0.000000,0.000000,0.000000,0.000000,0.000000,0.000000,0.144550,use_computer,1,30,9880,computer,none,,,0.000000,1.000000,0,none,,8.804782,8.804782,completed,0,7,rain,17.000000
7,1128,3448267966,175,Day 7 20:40,none,,8.804782,8.804782,completed,0.000000,0.340570,0.287067,0.950000,0.170833,0.253333,0.480819,0.285000,0.331400,10,1,1,1,0,0,0,1,1,1,1,1,0,0,1,0,1,0.126782,0.147756,0.000000,0.000000,0.000000,0.000000,0.166952,0.174559,0.137168,0.129506,0.000000,0.000000,0.000000,0.000000,0.000000,0.117278,go_to_bathroom,1,15,9895,door,none,,,0.000000,1.000000,0,none,,8.804782,8.804782,completed,0,7,rain,17.000000
7,1128,3448267966,176,Day 7 20:55,none,,8.804782,8.804782,completed,0.005000,0.346570,0.287067,1.000000,0.183333,0.000000,0.480819,0.270000,0.322400,10,1,1,1,0,0,0,1,1,1,1,1,0,0,1,0,1,0.147621,0.170232,0.000000,0.000000,0.000000,0.000000,0.193047,0.201989,0.000000,0.151174,0.000000,0.000000,0.000000,0.000000,0.000000,0.135938,rest_at_bed,1,60,9955,bed,none,,,0.000000,1.000000,0,none,,8.804782,8.804782,completed,0,7,rain,17.000000
7,1128,3448267966,177,Day 7 21:55,none,,8.804782,8.804782,completed,0.065000,0.069159,0.287067,1.000000,0.233333,0.040000,0.480819,0.070000,0.286400,10,1,1,1,0,0,0,1,1,1,1,1,0,0,1,0,1,0.174061,0.179325,0.164515,0.000000,0.000000,0.000000,0.167737,0.000000,0.000000,0.167514,0.000000,0.000000,0.000000,0.000000,0.000000,0.146848,shop_on_phone,0,0,9955,phone,resource_insufficient,,,0.000000,1.000000,0,none,,8.804782,8.804782,completed,0,7,rain,17.000000
7,1128,3448267966,178,Day 7 21:55,none,,8.804782,8.804782,completed,0.065000,0.069159,0.287067,0.970000,0.233333,0.040000,0.510819,0.070000,0.286400,10,1,1,1,0,0,0,1,1,1,1,1,0,0,1,0,1,0.174122,0.179387,0.164572,0.000000,0.000000,0.000000,0.167447,0.000000,0.000000,0.167572,0.000000,0.000000,0.000000,0.000000,0.000000,0.146900,rest_at_bed,1,60,10015,bed,none,,,0.000000,1.000000,0,none,,8.804782,8.804782,completed,0,7,rain,17.000000
7,1128,3448267966,179,Day 7 22:55,none,,8.804782,8.804782,completed,0.125000,0.000000,0.287067,1.000000,0.283333,0.080000,0.510819,0.000000,0.250400,10,1,1,1,0,0,0,1,1,1,1,1,0,0,1,0,1,0.215177,0.207036,0.200488,0.000000,0.000000,0.000000,0.000000,0.000000,0.000000,0.203437,0.000000,0.000000,0.000000,0.000000,0.000000,0.173862,shop_on_phone,0,0,10015,phone,resource_insufficient,,,0.000000,1.000000,0,none,,8.804782,8.804782,completed,0,7,rain,17.000000
7,1128,3448267966,180,Day 7 22:55,none,,8.804782,8.804782,completed,0.125000,0.000000,0.287067,0.970000,0.283333,0.080000,0.540819,0.000000,0.250400,10,1,1,1,0,0,0,1,1,1,1,1,0,0,1,0,1,0.215177,0.207036,0.200488,0.000000,0.000000,0.000000,0.000000,0.000000,0.000000,0.203437,0.000000,0.000000,0.000000,0.000000,0.000000,0.173862,get_meal,1,35,10050,door,none,,,0.000000,1.000000,0,none,,8.804782,8.804782,completed,0,7,rain,17.000000
7,1128,3448267966,181,Day 7 23:30,none,,8.804782,8.804782,completed,0.096667,0.014000,0.287067,1.000000,0.000000,0.103333,0.540819,0.000000,0.229400,10,1,1,1,0,0,0,1,1,1,1,1,0,0,1,0,1,0.269184,0.258696,0.252001,0.000000,0.000000,0.000000,0.000000,0.000000,0.000000,0.000000,0.000000,0.000000,0.000000,0.000000,0.000000,0.220119,use_phone,1,25,10075,phone,none,,,0.000000,1.000000,0,none,,8.804782,8.804782,completed,0,7,rain,17.000000
7,1128,3448267966,182,Day 7 23:55,none,,8.804782,8.804782,completed,0.000000,0.106108,0.287067,1.000000,0.020833,0.120000,0.540819,0.095000,0.314400,10,1,1,1,0,0,0,1,1,1,1,1,0,0,1,0,1,0.202462,0.219955,0.193595,0.000000,0.000000,0.000000,0.207437,0.000000,0.000000,0.000000,0.000000,0.000000,0.000000,0.000000,0.000000,0.176550,use_phone,1,25,10100,phone,none,,,0.000000,1.000000,0,none,,8.804782,8.804782,completed,0,7,rain,17.000000
7,1128,3448267966,183,Day 8 00:20,none,,8.804782,8.804782,completed,0.000000,0.198216,0.287067,1.000000,0.041667,0.136667,0.540819,0.190000,0.399400,10,1,1,1,0,0,0,1,1,1,1,1,0,0,1,0,1,0.192913,0.227810,0.186128,0.000000,0.000000,0.000000,0.220250,0.000000,0.000000,0.000000,0.000000,0.000000,0.000000,0.000000,0.000000,0.172900,use_computer,1,30,10130,computer,none,,,0.000000,1.000000,0,none,,8.804782,8.804782,completed,0,7,rain,17.000000
7,1128,3448267966,184,Day 8 00:50,none,,8.804782,8.804782,completed,0.000000,0.311991,0.287067,0.990000,0.066667,0.156667,0.540819,0.270000,0.381400,10,1,1,1,0,0,0,1,1,1,1,1,0,0,1,0,1,0.184880,0.221458,0.000000,0.000000,0.000000,0.000000,0.236330,0.000000,0.187248,0.000000,0.000000,0.000000,0.000000,0.000000,0.000000,0.170083,use_phone,1,25,10155,phone,none,,,0.000000,1.000000,0,none,,8.804782,8.804782,completed,0,7,rain,17.000000
7,1128,3448267966,185,Day 8 01:15,none,,8.804782,8.804782,completed,0.000000,0.404098,0.287067,1.000000,0.087500,0.173333,0.540819,0.365000,0.466400,10,1,1,1,0,0,0,1,1,1,1,1,0,0,1,0,1,0.000000,0.208332,0.000000,0.000000,0.000000,0.000000,0.227915,0.244156,0.168306,0.000000,0.000000,0.000000,0.000000,0.000000,0.000000,0.151291,shop_on_phone,0,0,10155,phone,resource_insufficient,,,0.000000,1.000000,0,none,,8.804782,8.804782,completed,0,7,rain,17.000000
7,1128,3448267966,186,Day 8 01:15,none,,8.804782,8.804782,completed,0.000000,0.404098,0.287067,0.970000,0.087500,0.173333,0.570819,0.365000,0.466400,10,1,1,1,0,0,0,1,1,1,1,1,0,0,1,0,1,0.000000,0.208431,0.000000,0.000000,0.000000,0.000000,0.227549,0.244272,0.168386,0.000000,0.000000,0.000000,0.000000,0.000000,0.000000,0.151362,rest_at_bed,1,60,10215,bed,none,,,0.000000,1.000000,0,none,,8.804782,8.804782,completed,0,7,rain,17.000000
7,1128,3448267966,187,Day 8 02:15,none,,8.804782,8.804782,completed,0.060000,0.126687,0.287067,1.000000,0.137500,0.213333,0.570819,0.165000,0.430400,10,1,1,1,0,0,0,1,1,1,1,1,0,0,1,0,1,0.166318,0.193468,0.158258,0.000000,0.000000,0.000000,0.174216,0.000000,0.163663,0.000000,0.000000,0.000000,0.000000,0.000000,0.000000,0.144077,rest_at_bed,1,60,10275,bed,none,,,0.000000,1.000000,0,none,,8.804782,8.804782,completed,0,7,rain,17.000000
7,1128,3448267966,188,Day 8 03:15,none,,8.804782,8.804782,completed,0.120000,0.000000,0.287067,1.000000,0.187500,0.253333,0.570819,0.000000,0.394400,10,1,1,1,0,0,0,1,1,1,1,1,0,0,1,0,1,0.177424,0.188076,0.165417,0.000000,0.000000,0.000000,0.000000,0.000000,0.166599,0.158852,0.000000,0.000000,0.000000,0.000000,0.000000,0.143631,idle,1,10,10285,,none,,,0.000000,1.000000,0,none,,8.804782,8.804782,completed,0,7,rain,17.000000
7,1128,3448267966,189,Day 8 03:25,none,,8.804782,8.804782,completed,0.243333,0.004000,0.287067,0.946667,0.195833,0.260000,0.570819,0.000000,0.388400,10,1,1,1,0,0,0,1,1,1,1,1,0,0,1,0,1,0.183853,0.184712,0.168820,0.000000,0.000000,0.000000,0.000000,0.000000,0.164040,0.156531,0.000000,0.000000,0.000000,0.000000,0.000000,0.142045,go_to_bathroom,1,15,10300,door,none,,,0.000000,1.000000,0,none,,8.804782,8.804782,completed,0,7,rain,17.000000
7,1128,3448267966,190,Day 8 03:40,none,,8.804782,8.804782,completed,0.248333,0.010000,0.287067,1.000000,0.208333,0.000000,0.570819,0.000000,0.379400,10,1,1,1,0,0,0,1,1,1,1,1,0,0,1,0,1,0.220116,0.219502,0.202092,0.000000,0.000000,0.000000,0.000000,0.000000,0.000000,0.188466,0.000000,0.000000,0.000000,0.000000,0.000000,0.169824,idle,1,10,10310,,none,,,0.000000,1.000000,0,none,,8.804782,8.804782,completed,0,7,rain,17.000000
7,1128,3448267966,191,Day 8 03:50,none,,8.804782,8.804782,completed,0.371667,0.014000,0.287067,0.946667,0.216667,0.006667,0.570819,0.000000,0.373400,10,1,1,1,0,0,0,1,1,1,1,1,0,0,1,0,1,0.227279,0.214808,0.205514,0.000000,0.000000,0.000000,0.000000,0.000000,0.000000,0.185050,0.000000,0.000000,0.000000,0.000000,0.000000,0.167350,use_computer,1,30,10340,computer,none,,,0.000000,1.000000,0,none,,8.804782,8.804782,completed,0,7,rain,17.000000
7,1128,3448267966,192,Day 8 04:20,none,,8.804782,8.804782,completed,0.221667,0.127775,0.287067,0.936667,0.241667,0.026667,0.570819,0.080000,0.355400,10,1,1,1,0,0,0,1,1,1,1,1,0,0,1,0,1,0.178968,0.182338,0.166675,0.000000,0.000000,0.000000,0.166378,0.000000,0.000000,0.162415,0.000000,0.000000,0.000000,0.000000,0.000000,0.143225,rest_at_bed,1,60,10400,bed,none,,,0.000000,1.000000,0,none,,8.804782,8.804782,completed,0,7,rain,17.000000
7,1128,3448267966,193,Day 8 05:20,none,,8.804782,8.804782,completed,0.281667,0.000000,0.287067,0.966667,0.291667,0.066667,0.570819,0.000000,0.319400,10,1,1,1,0,0,0,1,1,1,1,1,0,0,1,0,1,0.221980,0.209752,0.202779,0.000000,0.000000,0.000000,0.000000,0.000000,0.000000,0.196530,0.000000,0.000000,0.000000,0.000000,0.000000,0.168958,idle,1,10,10410,,none,,,0.000000,1.000000,0,none,,8.804782,8.804782,completed,0,7,rain,17.000000
7,1128,3448267966,194,Day 8 05:30,none,,8.804782,8.804782,completed,0.405000,0.004000,0.287067,0.913333,0.300000,0.073333,0.570819,0.000000,0.313400,10,1,1,1,0,0,0,1,1,1,1,1,0,0,1,0,1,0.229170,0.205236,0.206183,0.000000,0.000000,0.000000,0.000000,0.000000,0.000000,0.192939,0.000000,0.000000,0.000000,0.000000,0.000000,0.166472,shop_on_phone,0,0,10410,phone,resource_insufficient,,,0.000000,1.000000,0,none,,8.804782,8.804782,completed,0,7,rain,17.000000
7,1128,3448267966,195,Day 8 05:30,none,,8.804782,8.804782,completed,0.405000,0.004000,0.287067,0.883333,0.300000,0.073333,0.600819,0.000000,0.313400,10,1,1,1,0,0,0,1,1,1,1,1,0,0,1,0,1,0.229170,0.205236,0.206183,0.000000,0.000000,0.000000,0.000000,0.000000,0.000000,0.192939,0.000000,0.000000,0.000000,0.000000,0.000000,0.166472,idle,1,10,10420,,none,,,0.000000,1.000000,0,none,,8.804782,8.804782,completed,0,7,rain,17.000000
7,1128,3448267966,196,Day 8 05:40,none,,8.804782,8.804782,completed,0.528333,0.008000,0.287067,0.830000,0.308333,0.080000,0.600819,0.000000,0.307400,10,1,1,1,0,0,0,1,1,1,1,1,0,0,1,0,1,0.236476,0.200719,0.209541,0.000000,0.000000,0.000000,0.000000,0.000000,0.000000,0.189321,0.000000,0.000000,0.000000,0.000000,0.000000,0.163943,get_meal,1,35,10455,door,none,,,0.000000,1.000000,0,none,,8.804782,8.804782,completed,0,7,rain,17.000000
7,1128,3448267966,197,Day 8 06:15,none,,8.804782,8.804782,completed,0.500000,0.022000,0.287067,0.928917,0.000000,0.103333,0.600819,0.000000,0.286400,10,1,1,1,0,0,0,1,1,1,1,1,0,0,1,0,1,0.290722,0.246471,0.258831,0.000000,0.000000,0.000000,0.000000,0.000000,0.000000,0.000000,0.000000,0.000000,0.000000,0.000000,0.000000,0.203976,use_computer,1,30,10485,computer,none,,,0.000000,1.000000,0,none,,8.804782,8.804782,completed,0,7,rain,17.000000
7,1128,3448267966,198,Day 8 06:45,none,,8.804782,8.804782,completed,0.350000,0.135775,0.287067,0.918917,0.025000,0.123333,0.600819,0.080000,0.268400,10,1,1,1,0,0,0,1,1,1,1,1,0,0,1,0,1,0.223551,0.204303,0.204988,0.000000,0.000000,0.000000,0.196685,0.000000,0.000000,0.000000,0.000000,0.000000,0.000000,0.000000,0.000000,0.170473,shop_on_phone,0,0,10485,phone,resource_insufficient,,,0.000000,1.000000,0,none,,8.804782,8.804782,completed,0,7,rain,17.000000
7,1128,3448267966,199,Day 8 06:45,none,,8.804782,8.804782,completed,0.350000,0.135775,0.287067,0.888917,0.025000,0.123333,0.630819,0.080000,0.268400,10,1,1,1,0,0,0,1,1,1,1,1,0,0,1,0,1,0.188387,0.172167,0.172744,0.000000,0.000000,0.000000,0.165403,0.000000,0.000000,0.000000,0.157640,0.000000,0.000000,0.000000,0.000000,0.143659,rest_at_bed,1,60,10545,bed,none,,,0.000000,1.000000,0,none,,8.804782,8.804782,completed,0,7,rain,17.000000
7,1128,3448267966,200,Day 8 07:45,none,,8.804782,8.804782,completed,0.410000,0.000000,0.287067,0.918917,0.075000,0.163333,0.630819,0.000000,0.232400,10,1,1,1,0,0,0,1,1,1,1,1,0,0,1,0,1,0.198354,0.168012,0.178286,0.000000,0.000000,0.000000,0.000000,0.000000,0.154481,0.000000,0.157102,0.000000,0.000000,0.000000,0.000000,0.143765,shop_on_phone,0,0,10545,phone,resource_insufficient,,,0.000000,1.000000,0,none,,8.804782,8.804782,completed,0,7,rain,17.000000
7,1128,3448267966,201,Day 8 07:45,none,,8.804782,8.804782,completed,0.410000,0.000000,0.287067,0.888917,0.075000,0.163333,0.660819,0.000000,0.232400,10,1,1,1,0,0,0,1,1,1,1,1,0,0,1,0,1,0.198282,0.167952,0.178222,0.000000,0.000000,0.000000,0.000000,0.000000,0.154426,0.000000,0.157405,0.000000,0.000000,0.000000,0.000000,0.143713,shop_on_phone,0,0,10545,phone,resource_insufficient,,,0.000000,1.000000,0,none,,8.804782,8.804782,completed,0,7,rain,17.000000
7,1128,3448267966,202,Day 8 07:45,none,,8.804782,8.804782,completed,0.410000,0.000000,0.287067,0.858917,0.075000,0.163333,0.690819,0.000000,0.232400,10,1,1,1,0,0,0,1,1,1,1,1,0,0,1,0,1,0.198211,0.167891,0.178157,0.000000,0.000000,0.000000,0.000000,0.000000,0.154370,0.000000,0.157709,0.000000,0.000000,0.000000,0.000000,0.143661,use_computer,1,30,10575,computer,none,,,0.000000,1.000000,0,none,,8.804782,8.804782,completed,0,7,rain,17.000000
7,1128,3448267966,203,Day 8 08:15,none,,8.804782,8.804782,completed,0.260000,0.113775,0.287067,0.848917,0.100000,0.183333,0.690819,0.080000,0.214400,10,1,1,1,0,0,0,1,1,1,1,1,0,0,1,0,1,0.159616,0.145743,0.147763,0.000000,0.000000,0.000000,0.143421,0.000000,0.138243,0.000000,0.139476,0.000000,0.000000,0.000000,0.000000,0.125738,idle,1,10,10585,,none,,,0.000000,1.000000,0,none,,8.804782,8.804782,completed,0,7,rain,17.000000
7,1128,3448267966,204,Day 8 08:25,none,,8.804782,8.804782,completed,0.383333,0.117775,0.287067,0.795583,0.108333,0.190000,0.690819,0.070000,0.208400,10,1,1,1,0,0,0,1,1,1,1,1,0,0,1,0,1,0.166136,0.143475,0.151453,0.000000,0.000000,0.000000,0.140767,0.000000,0.136442,0.000000,0.137085,0.000000,0.000000,0.000000,0.000000,0.124644,idle,1,10,10595,,none,alarm-rings,,0.000000,1.000000,0,none,,8.804782,8.804782,completed,0,7,rain,17.000000
7,1128,3448267966,205,Day 8 08:35,none,,8.804782,8.804782,completed,0.536667,0.121775,0.287067,0.742250,0.116667,0.196667,0.724603,0.060000,0.202400,11,1,1,1,0,0,0,1,1,1,1,1,0,1,1,0,1,0.147851,0.119303,0.132227,0.000000,0.000000,0.000000,0.116271,0.000000,0.113593,0.000000,0.113946,0.000000,0.152366,0.000000,0.000000,0.104443,go_to_bathroom,1,15,10610,door,none,,,0.000000,1.000000,0,none,,8.804782,8.804782,completed,0,7,rain,17.000000
7,1128,3448267966,206,Day 8 08:50,none,,8.804782,8.804782,completed,0.541667,0.127775,0.287067,0.807834,0.129167,0.000000,0.724603,0.045000,0.193400,11,1,1,1,0,0,0,1,1,1,1,1,0,1,1,0,1,0.167530,0.133760,0.149775,0.000000,0.000000,0.000000,0.130834,0.000000,0.000000,0.000000,0.128485,0.000000,0.171807,0.000000,0.000000,0.117810,use_computer,1,30,10640,computer,none,,,0.000000,1.000000,0,none,,8.804782,8.804782,completed,0,7,rain,17.000000
7,1128,3448267966,207,Day 8 09:20,none,,8.804782,8.804782,completed,0.391667,0.241550,0.287067,0.797834,0.154167,0.020000,0.724603,0.125000,0.175400,11,1,1,1,0,0,0,1,1,1,1,1,0,1,1,0,1,0.137681,0.118500,0.126775,0.000000,0.000000,0.000000,0.128805,0.000000,0.000000,0.111979,0.115965,0.000000,0.155066,0.000000,0.000000,0.105230,idle,1,10,10650,,none,,,0.000000,1.000000,0,none,,8.804782,8.804782,completed,0,7,rain,17.000000
7,1128,3448267966,208,Day 8 09:30,none,,8.804782,8.804782,completed,0.515000,0.245550,0.287067,0.744500,0.162500,0.026667,0.724603,0.115000,0.169400,11,1,1,1,0,0,0,1,1,1,1,1,0,1,1,0,1,0.143646,0.116933,0.130250,0.000000,0.000000,0.000000,0.126723,0.000000,0.000000,0.110867,0.114248,0.000000,0.152770,0.000000,0.000000,0.104563,shop_on_phone,0,0,10650,phone,resource_insufficient,,,0.000000,1.000000,0,none,,8.804782,8.804782,completed,0,7,rain,17.000000
7,1128,3448267966,209,Day 8 09:30,none,,8.804782,8.804782,completed,0.515000,0.245550,0.287067,0.714500,0.162500,0.026667,0.754603,0.115000,0.169400,11,1,1,1,0,0,0,1,1,1,1,1,0,1,1,0,1,0.143532,0.116840,0.130147,0.000000,0.000000,0.000000,0.126359,0.000000,0.000000,0.110779,0.114419,0.000000,0.153445,0.000000,0.000000,0.104479,idle,1,10,10660,,none,,,0.000000,1.000000,0,none,,8.804782,8.804782,completed,0,7,rain,17.000000
7,1128,3448267966,210,Day 8 09:40,none,,8.804782,8.804782,completed,0.638333,0.249550,0.287067,0.661167,0.170833,0.033333,0.754603,0.105000,0.163400,11,1,1,1,0,0,0,1,1,1,1,1,0,1,1,0,1,0.134849,0.103823,0.120410,0.000000,0.000000,0.000000,0.111946,0.000000,0.000000,0.098765,0.101509,0.000000,0.136131,0.099081,0.000000,0.093487,turn_off_alarm,1,1,10661,alarm,none,,,0.000000,1.000000,0,none,,8.804782,8.804782,completed,0,7,rain,17.000000
7,1128,3448267966,211,Day 8 09:41,none,,8.804782,8.804782,completed,0.638667,0.249950,0.287067,0.690834,0.171667,0.034000,0.734603,0.104000,0.162800,10,1,1,1,0,0,0,1,1,1,1,1,0,0,1,0,1,0.156135,0.120127,0.139413,0.000000,0.000000,0.000000,0.129736,0.000000,0.000000,0.114374,0.117314,0.000000,0.000000,0.114689,0.000000,0.108211,use_computer,1,30,10691,computer,none,,,0.000000,1.000000,0,none,,8.804782,8.804782,completed,0,7,rain,17.000000
7,1128,3448267966,212,Day 8 10:11,none,,8.804782,8.804782,completed,0.488667,0.363725,0.287067,0.680834,0.196667,0.054000,0.734603,0.184000,0.144800,10,1,1,1,0,0,0,1,1,1,1,1,0,0,1,0,1,0.162885,0.135092,0.149794,0.000000,0.000000,0.000000,0.162133,0.000000,0.000000,0.132993,0.134408,0.000000,0.000000,0.000000,0.000000,0.122695,idle,1,10,10701,,none,,,0.000000,1.000000,0,none,,8.804782,8.804782,completed,0,7,rain,17.000000
7,1128,3448267966,213,Day 8 10:21,none,,8.804782,8.804782,completed,0.612000,0.367725,0.287067,0.627500,0.205000,0.060667,0.734603,0.174000,0.138800,10,1,1,1,0,0,0,1,1,1,1,1,0,0,1,0,1,0.169490,0.132952,0.153491,0.000000,0.000000,0.000000,0.159087,0.000000,0.000000,0.131321,0.132066,0.000000,0.000000,0.000000,0.000000,0.121593,rest_at_bed,1,60,10761,bed,none,message-study-group,,0.000000,1.000000,0,none,,8.804782,8.804782,completed,0,8,rain,17.000000
7,1128,3448267966,214,Day 8 11:21,none,,8.804782,8.804782,completed,0.672000,0.090314,0.287067,0.657500,0.255000,0.100667,0.734603,0.000000,0.102800,10,1,1,1,0,0,0,1,1,1,1,1,0,0,1,0,1,0.164136,0.115651,0.143809,0.000000,0.000000,0.000000,0.115179,0.000000,0.000000,0.120161,0.117319,0.000000,0.000000,0.115278,0.000000,0.108466,open_curtain,1,1,10762,window,none,,,0.000000,1.000000,0,none,,8.804782,8.804782,completed,0,8,rain,17.000000
7,1128,3448267966,215,Day 8 11:22,none,,8.804782,8.804782,completed,0.702333,0.090714,0.287067,0.667167,0.255833,0.101333,0.734603,0.000000,0.102200,10,1,1,1,0,0,0,1,1,1,1,1,0,0,0,1,1,0.187203,0.130244,0.163398,0.000000,0.000000,0.000000,0.129613,0.000000,0.000000,0.135259,0.131994,0.000000,0.000000,0.000000,0.000000,0.122290,use_phone,1,25,10787,phone,none,weather-rain,,0.000000,1.000000,0,none,,8.804782,8.804782,completed,0,8,rain,17.000000
7,1128,3448267966,216,Day 8 11:47,none,,8.804782,8.804782,completed,0.490667,0.182822,0.287067,0.698834,0.276667,0.118000,0.734603,0.095000,0.187200,10,1,1,1,0,0,0,1,1,1,1,1,0,0,0,1,1,0.168649,0.138974,0.152552,0.000000,0.000000,0.000000,0.143139,0.000000,0.000000,0.139485,0.134450,0.000000,0.000000,0.000000,0.000000,0.122751,shop_on_phone,0,0,10787,phone,resource_insufficient,,,0.000000,1.000000,0,none,,8.804782,8.804782,completed,0,8,rain,17.000000
7,1128,3448267966,217,Day 8 11:47,none,,8.804782,8.804782,completed,0.490667,0.182822,0.287067,0.668834,0.276667,0.118000,0.764603,0.095000,0.187200,10,1,1,1,0,0,0,1,1,1,1,1,0,0,0,1,1,0.168647,0.138973,0.152550,0.000000,0.000000,0.000000,0.142840,0.000000,0.000000,0.139483,0.134757,0.000000,0.000000,0.000000,0.000000,0.122749,use_phone,1,25,10812,phone,none,,,0.000000,1.000000,0,none,,8.804782,8.804782,completed,0,8,rain,17.000000
7,1128,3448267966,218,Day 8 12:12,none,,8.804782,8.804782,completed,0.279000,0.274929,0.287067,0.700500,0.297500,0.134667,0.764603,0.190000,0.272200,10,1,1,1,0,0,0,1,1,1,1,1,0,0,0,1,1,0.151221,0.147593,0.141757,0.000000,0.000000,0.000000,0.157007,0.000000,0.000000,0.143167,0.136621,0.000000,0.000000,0.000000,0.000000,0.122635,shop_on_phone,0,0,10812,phone,resource_insufficient,,,0.000000,1.000000,0,none,,8.804782,8.804782,completed,0,8,rain,17.000000
7,1128,3448267966,219,Day 8 12:12,none,,8.804782,8.804782,completed,0.279000,0.274929,0.287067,0.670500,0.297500,0.134667,0.794603,0.190000,0.272200,10,1,1,1,0,0,0,1,1,1,1,1,0,0,0,1,1,0.151223,0.147595,0.141758,0.000000,0.000000,0.000000,0.156683,0.000000,0.000000,0.143169,0.136936,0.000000,0.000000,0.000000,0.000000,0.122636,use_computer,1,30,10842,computer,none,,,0.000000,1.000000,0,none,,8.804782,8.804782,completed,0,8,rain,17.000000
7,1128,3448267966,220,Day 8 12:42,none,,8.804782,8.804782,completed,0.129000,0.388704,0.287067,0.660500,0.322500,0.154667,0.794603,0.270000,0.254200,10,1,1,1,0,0,0,1,1,1,1,1,0,0,0,1,1,0.105354,0.110845,0.101718,0.000000,0.000000,0.000000,0.130763,0.141318,0.101195,0.111174,0.104772,0.000000,0.000000,0.000000,0.000000,0.092860,get_meal,1,35,10877,door,none,,,0.000000,1.000000,0,none,,8.804782,8.804782,completed,0,8,rain,17.000000
7,1128,3448267966,221,Day 8 13:17,none,,8.804782,8.804782,completed,0.100667,0.402704,0.287067,0.759417,0.000000,0.178000,0.794603,0.235000,0.233200,10,1,1,1,0,0,0,1,1,1,1,1,0,0,0,1,1,0.118061,0.123169,0.114472,0.000000,0.000000,0.000000,0.146799,0.158918,0.115837,0.000000,0.118193,0.000000,0.000000,0.000000,0.000000,0.104550,sleep_at_bed,1,101,10978,bed,none,room-temperature-shift,,0.000000,1.000000,0,none,,8.804782,8.804782,completed,0,8,rain,17.000000
7,1128,3448267966,222,Day 8 14:58,none,,8.804782,8.804782,completed,0.054333,0.000000,0.287067,0.805750,0.084167,0.245333,0.794603,0.000000,0.172600,10,1,1,1,0,0,0,1,1,1,1,1,0,0,0,1,1,0.178107,0.167543,0.167436,0.000000,0.000000,0.000000,0.000000,0.000000,0.171403,0.000000,0.167670,0.000000,0.000000,0.000000,0.000000,0.147840,turn_light_on,1,1,10979,light,none,,,0.000000,1.000000,0,none,,8.804782,8.804782,completed,0,8,rain,17.000000
7,1128,3448267966,223,Day 8 14:59,none,,8.804782,8.804782,completed,0.054667,0.000400,0.287067,0.825417,0.085000,0.246000,0.794603,0.000000,0.172000,10,1,1,1,0,0,0,1,1,1,1,0,1,0,0,1,1,0.213999,0.201205,0.201175,0.000000,0.000000,0.000000,0.000000,0.000000,0.206006,0.000000,0.000000,0.000000,0.000000,0.000000,0.000000,0.177616,use_computer,1,30,11009,computer,none,,,0.000000,1.000000,0,none,,8.804782,8.804782,completed,0,8,rain,17.000000
7,1128,3448267966,224,Day 8 15:29,none,,8.804782,8.804782,completed,0.000000,0.114175,0.287067,0.815417,0.110000,0.266000,0.794603,0.080000,0.154000,10,1,1,1,0,0,0,1,1,1,1,0,1,0,0,1,1,0.171516,0.167244,0.164080,0.000000,0.000000,0.000000,0.172070,0.000000,0.175892,0.000000,0.000000,0.000000,0.000000,0.000000,0.000000,0.149199,shop_on_phone,0,0,11009,phone,resource_insufficient,,,0.000000,1.000000,0,none,,8.804782,8.804782,completed,0,8,rain,17.000000
7,1128,3448267966,225,Day 8 15:29,none,,8.804782,8.804782,completed,0.000000,0.114175,0.287067,0.785417,0.110000,0.266000,0.824603,0.080000,0.154000,10,1,1,1,0,0,0,1,1,1,1,0,1,0,0,1,1,0.171577,0.167303,0.164138,0.000000,0.000000,0.000000,0.171774,0.000000,0.175955,0.000000,0.000000,0.000000,0.000000,0.000000,0.000000,0.149252,rest_at_bed,1,60,11069,bed,none,,,0.000000,1.000000,0,none,,8.804782,8.804782,completed,0,8,rain,17.000000
7,1128,3448267966,226,Day 8 16:29,none,,8.804782,8.804782,completed,0.060000,0.000000,0.287067,0.815417,0.160000,0.306000,0.824603,0.000000,0.118000,10,1,1,1,0,0,0,1,1,1,1,0,1,0,0,1,1,0.214144,0.000000,0.201169,0.000000,0.000000,0.000000,0.000000,0.000000,0.213514,0.193803,0.000000,0.000000,0.000000,0.000000,0.000000,0.177369,use_phone,1,25,11094,phone,none,,,0.000000,1.000000,0,none,,8.804782,8.804782,completed,0,8,rain,17.000000
7,1128,3448267966,227,Day 8 16:54,none,,8.804782,8.804782,completed,0.000000,0.092108,0.287067,0.847084,0.180833,0.322667,0.824603,0.095000,0.203000,10,1,1,1,0,0,0,1,1,1,1,0,1,0,0,1,1,0.145729,0.146948,0.139184,0.000000,0.000000,0.000000,0.145170,0.000000,0.155042,0.140996,0.000000,0.000000,0.000000,0.000000,0.000000,0.126930,use_computer,1,30,11124,computer,none,,,0.000000,1.000000,0,none,,8.804782,8.804782,completed,0,8,rain,17.000000
7,1128,3448267966,228,Day 8 17:24,none,,8.804782,8.804782,completed,0.000000,0.205883,0.287067,0.837084,0.205833,0.342667,0.824603,0.175000,0.185000,10,1,1,1,0,0,0,1,1,1,1,0,1,0,0,1,1,0.140624,0.143835,0.135736,0.000000,0.000000,0.000000,0.156842,0.000000,0.155503,0.141737,0.000000,0.000000,0.000000,0.000000,0.000000,0.125723,go_to_bathroom,1,15,11139,door,none,,,0.000000,1.000000,0,none,,8.804782,8.804782,completed,0,8,rain,17.000000
7,1128,3448267966,229,Day 8 17:39,none,,8.804782,8.804782,completed,0.005000,0.211883,0.287067,0.902667,0.218333,0.000000,0.824603,0.160000,0.176000,10,1,1,1,0,0,0,1,1,1,1,0,1,0,0,1,1,0.167083,0.169101,0.161220,0.000000,0.000000,0.000000,0.185061,0.000000,0.000000,0.168831,0.000000,0.000000,0.000000,0.000000,0.000000,0.148703,shop_on_phone,0,0,11139,phone,resource_insufficient,,,0.000000,1.000000,0,none,,8.804782,8.804782,completed,0,8,rain,17.000000
7,1128,3448267966,230,Day 8 17:39,none,,8.804782,8.804782,completed,0.005000,0.211883,0.287067,0.872667,0.218333,0.000000,0.854603,0.160000,0.176000,10,1,1,1,0,0,0,1,1,1,1,0,1,0,0,1,1,0.167147,0.169166,0.161283,0.000000,0.000000,0.000000,0.184748,0.000000,0.000000,0.168896,0.000000,0.000000,0.000000,0.000000,0.000000,0.148761,rest_at_bed,1,60,11199,bed,none,evening,,0.000000,1.000000,0,none,,8.804782,8.804782,completed,0,8,rain,17.000000
7,1128,3448267966,231,Day 8 18:39,none,,8.804782,8.804782,completed,0.065000,0.000000,0.287067,0.902667,0.268333,0.040000,0.854603,0.000000,0.140000,10,1,1,1,0,0,0,1,1,1,1,0,1,0,0,1,1,0.215285,0.197357,0.202113,0.000000,0.000000,0.000000,0.000000,0.000000,0.000000,0.207270,0.000000,0.000000,0.000000,0.000000,0.000000,0.177975,idle,1,10,11209,,none,,,0.000000,1.000000,0,none,,8.804782,8.804782,completed,0,8,rain,17.000000
7,1128,3448267966,232,Day 8 18:49,none,,8.804782,8.804782,completed,0.188333,0.004000,0.287067,0.849334,0.276667,0.046667,0.854603,0.000000,0.134000,10,1,1,1,0,0,0,1,1,1,1,0,1,0,0,1,1,0.222322,0.193164,0.205565,0.000000,0.000000,0.000000,0.000000,0.000000,0.000000,0.203541,0.000000,0.000000,0.000000,0.000000,0.000000,0.175407,use_phone,1,25,11234,phone,none,,,0.000000,1.000000,0,none,,8.804782,8.804782,completed,0,8,rain,17.000000
7,1128,3448267966,233,Day 8 19:14,none,,8.804782,8.804782,completed,0.000000,0.096108,0.287067,0.881000,0.297500,0.063333,0.854603,0.095000,0.219000,10,1,1,1,0,0,0,1,1,1,1,0,1,0,0,1,1,0.170079,0.173377,0.162495,0.000000,0.000000,0.000000,0.169483,0.000000,0.000000,0.176378,0.000000,0.000000,0.000000,0.000000,0.000000,0.148188,use_phone,1,25,11259,phone,none,,,0.000000,1.000000,0,none,,8.804782,8.804782,completed,0,8,rain,17.000000
7,1128,3448267966,234,Day 8 19:39,none,,8.804782,8.804782,completed,0.000000,0.188216,0.287067,0.912667,0.318333,0.080000,0.854603,0.190000,0.304000,10,1,1,1,0,0,0,1,1,1,1,0,1,0,0,1,1,0.162414,0.179964,0.156571,0.000000,0.000000,0.000000,0.180347,0.000000,0.000000,0.175259,0.000000,0.000000,0.000000,0.000000,0.000000,0.145444,shop_on_phone,0,0,11259,phone,resource_insufficient,,,0.000000,1.000000,0,none,,8.804782,8.804782,completed,0,8,rain,17.000000
7,1128,3448267966,235,Day 8 19:39,none,,8.804782,8.804782,completed,0.000000,0.188216,0.287067,0.882667,0.318333,0.080000,0.884603,0.190000,0.304000,10,1,1,1,0,0,0,1,1,1,1,0,1,0,0,1,1,0.162475,0.180032,0.156630,0.000000,0.000000,0.000000,0.180040,0.000000,0.000000,0.175325,0.000000,0.000000,0.000000,0.000000,0.000000,0.145498,use_computer,1,30,11289,computer,none,,,0.000000,1.000000,0,none,,8.804782,8.804782,completed,0,8,rain,17.000000
7,1128,3448267966,236,Day 8 20:09,none,,8.804782,8.804782,completed,0.000000,0.301991,0.287067,0.872667,0.343333,0.100000,0.884603,0.270000,0.286000,10,1,1,1,0,0,0,1,1,1,1,0,1,0,0,1,1,0.154460,0.173608,0.000000,0.000000,0.000000,0.000000,0.191635,0.000000,0.000000,0.173636,0.000000,0.164681,0.000000,0.000000,0.000000,0.141980,rest_at_bed,1,60,11349,bed,none,,,0.000000,1.000000,0,none,,8.804782,8.804782,completed,0,8,rain,17.000000
7,1128,3448267966,237,Day 8 21:09,none,,8.804782,8.804782,completed,0.060000,0.024579,0.287067,0.902667,0.393333,0.140000,0.884603,0.070000,0.250000,10,1,1,1,0,0,0,1,1,1,1,0,1,0,0,1,1,0.206400,0.207255,0.194480,0.000000,0.000000,0.000000,0.000000,0.000000,0.000000,0.218047,0.000000,0.000000,0.000000,0.000000,0.000000,0.173818,use_computer,1,30,11379,computer,none,,,0.000000,1.000000,0,none,,8.804782,8.804782,completed,0,8,rain,17.000000
7,1128,3448267966,238,Day 8 21:39,none,,8.804782,8.804782,completed,0.000000,0.138354,0.287067,0.892667,0.418333,0.160000,0.884603,0.150000,0.232000,10,1,1,1,0,0,0,1,1,1,1,0,1,0,0,1,1,0.141931,0.148126,0.136183,0.000000,0.000000,0.000000,0.149267,0.000000,0.138484,0.160481,0.000000,0.000000,0.000000,0.000000,0.000000,0.125527,go_to_bathroom,1,15,11394,door,none,,,0.000000,1.000000,0,none,,8.804782,8.804782,completed,0,8,rain,17.000000
7,1128,3448267966,239,Day 8 21:54,none,,8.804782,8.804782,completed,0.005000,0.144354,0.287067,0.958251,0.430833,0.000000,0.884603,0.135000,0.223000,10,1,1,1,0,0,0,1,1,1,1,0,1,0,0,1,1,0.165283,0.170682,0.158536,0.000000,0.000000,0.000000,0.172622,0.000000,0.000000,0.187358,0.000000,0.000000,0.000000,0.000000,0.000000,0.145519,idle,1,10,11404,,none,,,0.000000,1.000000,0,none,,8.804782,8.804782,completed,0,8,rain,17.000000
7,1128,3448267966,240,Day 8 22:04,none,,8.804782,8.804782,completed,0.128333,0.148354,0.287067,0.904917,0.439167,0.006667,0.884603,0.125000,0.217000,10,1,1,1,0,0,0,1,1,1,1,0,1,0,0,1,1,0.171813,0.167809,0.162285,0.000000,0.000000,0.000000,0.169209,0.000000,0.000000,0.184817,0.000000,0.000000,0.000000,0.000000,0.000000,0.144067,idle,1,10,11414,,none,,,0.000000,1.000000,0,none,,8.804782,8.804782,completed,0,8,rain,17.000000
7,1128,3448267966,241,Day 8 22:14,none,,8.804782,8.804782,completed,0.251667,0.152354,0.287067,0.851584,0.447500,0.013333,0.884603,0.115000,0.211000,10,1,1,1,0,0,0,1,1,1,1,0,1,0,0,1,1,0.178509,0.164900,0.166039,0.000000,0.000000,0.000000,0.165778,0.000000,0.000000,0.182218,0.000000,0.000000,0.000000,0.000000,0.000000,0.142556,use_computer,1,30,11444,computer,none,,,0.000000,1.000000,0,none,,8.804782,8.804782,completed,0,8,rain,17.000000
7,1128,3448267966,242,Day 8 22:44,none,,8.804782,8.804782,completed,0.101667,0.266129,0.287067,0.841584,0.472500,0.033333,0.884603,0.195000,0.193000,10,1,1,1,0,0,0,1,1,1,1,0,1,0,0,1,1,0.141807,0.141212,0.135851,0.000000,0.000000,0.000000,0.157761,0.000000,0.000000,0.161344,0.000000,0.138942,0.000000,0.000000,0.000000,0.123084,get_meal,1,35,11479,door,none,,,0.000000,1.000000,0,none,,8.804782,8.804782,completed,0,8,rain,17.000000
7,1128,3448267966,243,Day 8 23:19,none,,8.804782,8.804782,completed,0.073333,0.280129,0.287067,0.940501,0.000000,0.056667,0.884603,0.160000,0.172000,10,1,1,1,0,0,0,1,1,1,1,0,1,0,0,1,1,0.168913,0.166787,0.162507,0.000000,0.000000,0.000000,0.188254,0.000000,0.000000,0.000000,0.000000,0.166240,0.000000,0.000000,0.000000,0.147300,shop_on_phone,0,0,11479,phone,resource_insufficient,,,0.000000,1.000000,0,none,,8.804782,8.804782,completed,0,8,rain,17.000000
7,1128,3448267966,244,Day 8 23:19,none,,8.804782,8.804782,completed,0.073333,0.280129,0.287067,0.910501,0.000000,0.056667,0.914603,0.160000,0.172000,10,1,1,1,0,0,0,1,1,1,1,0,1,0,0,1,1,0.168979,0.166852,0.162571,0.000000,0.000000,0.000000,0.187936,0.000000,0.000000,0.000000,0.000000,0.166305,0.000000,0.000000,0.000000,0.147357,use_computer,1,30,11509,computer,none,,,0.000000,1.000000,0,none,,8.804782,8.804782,completed,0,8,rain,17.000000
7,1128,3448267966,245,Day 8 23:49,none,,8.804782,8.804782,completed,0.000000,0.393904,0.287067,0.900501,0.025000,0.076667,0.914603,0.240000,0.154000,10,1,1,1,0,0,0,1,1,1,1,0,1,0,0,1,1,0.148645,0.153376,0.000000,0.000000,0.000000,0.000000,0.191318,0.208436,0.000000,0.000000,0.000000,0.161398,0.000000,0.000000,0.000000,0.136827,use_phone,1,25,11534,phone,none,,,0.000000,1.000000,0,none,,8.804782,8.804782,completed,0,8,rain,17.000000
7,1128,3448267966,246,Day 9 00:14,none,,8.804782,8.804782,completed,0.000000,0.486012,0.287067,0.932167,0.045833,0.093333,0.914603,0.335000,0.239000,10,1,1,1,0,0,0,1,1,1,1,0,1,0,0,1,1,0.000000,0.178986,0.000000,0.000000,0.000000,0.000000,0.228881,0.256462,0.000000,0.000000,0.000000,0.184690,0.000000,0.000000,0.000000,0.150981,sleep_at_bed,1,480,12014,bed,none,alarm-rings,,0.000000,1.000000,0,none,,8.804782,8.804782,completed,0,8,rain,17.000000
7,1128,3448267966,247,Day 9 08:14,none,,8.804782,8.804782,completed,0.110000,0.122379,0.287067,0.852167,0.445833,0.413333,0.948387,0.000000,0.000000,11,1,1,1,0,0,0,1,1,1,1,0,1,1,0,1,1,0.141515,0.000000,0.133457,0.000000,0.000000,0.000000,0.128506,0.000000,0.149053,0.149817,0.000000,0.000000,0.181476,0.000000,0.000000,0.116176,turn_off_alarm,1,1,12015,alarm,none,,,0.000000,1.000000,0,none,,8.804782,8.804782,completed,0,8,rain,17.000000
7,1128,3448267966,248,Day 9 08:15,none,,8.804782,8.804782,completed,0.110333,0.122779,0.287067,0.881834,0.446667,0.414000,0.928387,0.000000,0.000000,10,1,1,1,0,0,0,1,1,1,1,0,1,0,0,1,1,0.172831,0.000000,0.162988,0.000000,0.000000,0.000000,0.157176,0.000000,0.182092,0.183040,0.000000,0.000000,0.000000,0.000000,0.000000,0.141872,idle,1,10,12025,,none,,,0.000000,1.000000,0,none,,8.804782,8.804782,completed,0,8,rain,17.000000
7,1128,3448267966,249,Day 9 08:25,none,,8.804782,8.804782,completed,0.233667,0.126779,0.287067,0.828501,0.455000,0.420667,0.928387,0.000000,0.000000,10,1,1,1,0,0,0,1,1,1,1,0,1,0,0,1,1,0.179123,0.000000,0.166368,0.000000,0.000000,0.000000,0.154463,0.000000,0.179324,0.180394,0.000000,0.000000,0.000000,0.000000,0.000000,0.140328,go_to_bathroom,1,15,12040,door,none,,,0.000000,1.000000,0,none,,8.804782,8.804782,completed,0,8,rain,17.000000
7,1128,3448267966,250,Day 9 08:40,none,,8.804782,8.804782,completed,0.238667,0.132779,0.287067,0.894084,0.467500,0.000000,0.928387,0.000000,0.000000,10,1,1,1,0,0,0,1,1,1,1,0,1,0,0,1,1,0.217993,0.000000,0.202444,0.000000,0.000000,0.000000,0.188239,0.000000,0.000000,0.220783,0.000000,0.000000,0.000000,0.000000,0.000000,0.170540,use_phone,1,25,12065,phone,none,,,0.000000,1.000000,0,none,,8.804782,8.804782,completed,0,8,rain,17.000000
7,1128,3448267966,251,Day 9 09:05,none,,8.804782,8.804782,completed,0.027000,0.224886,0.287067,0.925751,0.488333,0.016667,0.928387,0.095000,0.085000,10,1,1,1,0,0,0,1,1,1,1,0,1,0,0,1,1,0.197944,0.000000,0.190504,0.000000,0.000000,0.000000,0.209529,0.000000,0.000000,0.229485,0.000000,0.000000,0.000000,0.000000,0.000000,0.172539,idle,1,10,12075,,none,,,0.000000,1.000000,0,none,,8.804782,8.804782,completed,0,8,rain,17.000000
7,1128,3448267966,252,Day 9 09:15,none,,8.804782,8.804782,completed,0.150333,0.228886,0.287067,0.872417,0.496667,0.023333,0.928387,0.085000,0.079000,10,1,1,1,0,0,0,1,1,1,1,0,1,0,0,1,1,0.205076,0.000000,0.194358,0.000000,0.000000,0.000000,0.204701,0.000000,0.000000,0.225618,0.000000,0.000000,0.000000,0.000000,0.000000,0.170246,use_computer,1,30,12105,computer,none,message-study-group,,0.000000,1.000000,0,none,,8.804782,8.804782,completed,0,9,rain,17.000000
7,1128,3448267966,253,Day 9 09:45,none,,8.804782,8.804782,completed,0.000333,0.342661,0.287067,0.862417,0.521667,0.043333,0.928387,0.165000,0.061000,10,1,1,1,0,0,0,1,1,1,1,0,1,0,0,1,1,0.157735,0.000000,0.153968,0.000000,0.000000,0.000000,0.188610,0.000000,0.000000,0.193423,0.000000,0.163944,0.000000,0.000000,0.000000,0.142321,turn_light_off,1,1,12106,light,none,,,0.000000,1.000000,0,none,,8.804782,8.804782,completed,0,9,rain,17.000000
7,1128,3448267966,254,Day 9 09:46,none,,8.804782,8.804782,completed,0.000667,0.343061,0.287067,0.882084,0.522500,0.044000,0.928387,0.164000,0.060400,10,1,1,1,0,0,0,1,1,1,1,1,0,0,0,1,1,0.157802,0.000000,0.154029,0.000000,0.000000,0.000000,0.188602,0.000000,0.000000,0.193537,0.163693,0.000000,0.000000,0.000000,0.000000,0.142338,rest_at_bed,1,60,12166,bed,none,,,0.000000,1.000000,0,none,,8.804782,8.804782,completed,0,9,rain,17.000000
7,1128,3448267966,255,Day 9 10:46,none,,8.804782,8.804782,completed,0.060667,0.065650,0.287067,0.912084,0.572500,0.084000,0.928387,0.000000,0.024400,10,1,1,1,0,0,0,1,1,1,1,1,0,0,0,1,1,0.204421,0.000000,0.193071,0.000000,0.000000,0.000000,0.000000,0.000000,0.000000,0.237383,0.194924,0.000000,0.000000,0.000000,0.000000,0.170201,use_computer,1,30,12196,computer,none,,,0.000000,1.000000,0,none,,8.804782,8.804782,completed,0,9,rain,17.000000
7,1128,3448267966,256,Day 9 11:16,none,,8.804782,8.804782,completed,0.000000,0.179425,0.287067,0.902084,0.597500,0.104000,0.928387,0.080000,0.006400,10,1,1,1,0,0,0,1,1,1,1,1,0,0,0,1,1,0.163413,0.000000,0.157179,0.000000,0.000000,0.000000,0.168947,0.000000,0.000000,0.203163,0.164374,0.000000,0.000000,0.000000,0.000000,0.142924,get_meal,1,35,12231,door,none,,,0.000000,1.000000,0,none,,8.804782,8.804782,completed,0,9,rain,17.000000
