personality_index,scenario_seed,action_seed,steps,final_time,coursework_effort_done,coursework_effort_target,coursework_status,coursework_completed_at,coursework_execution_count,final_commitment_status,final_commitment_task_id,wallet,unread_messages,weather,temperature_celsius,phone_uses,computer_uses,study_sessions,rest_sessions,bathroom_visits,meals_collected,online_orders,final_boredom,final_fatigue,final_task_pressure,final_satisfaction,final_hunger,final_bathroom_urge,final_anxiety,final_screen_strain,final_purchase_urge
1,1101,3448048099,256,"Day 9 17:16",8.581926,8.581926,completed,4606,18,none,"",0,9,"clear",17.000000,47,41,18,47,20,24,4,0.008667,0.209419,0.092137,0.970000,0.000000,0.127333,0.692730,0.060000,0.136400
1,1102,3448056018,256,"Day 9 10:47",8.054472,8.054472,completed,3074,15,none,"",0,8,"clear",17.000000,48,39,15,50,19,24,4,0.061667,0.167781,0.155687,1.000000,0.050000,0.160000,0.221931,0.000000,0.061000
1,1103,3448063937,256,"Day 10 01:48",7.513805,7.513805,completed,4341,15,none,"",0,9,"rain",24.000000,48,41,15,51,22,23,4,0.503333,0.263110,0.155687,0.831475,0.120833,0.116667,0.632730,0.020000,0.000000
1,1104,3448071856,256,"Day 9 18:39",9.109269,9.109269,completed,2525,15,none,"",0,9,"rain",24.000000,54,35,15,50,21,25,4,0.000000,0.138602,0.000000,1.000000,0.000000,0.043333,0.261931,0.045000,0.014000
1,1105,3448079775,256,"Day 8 16:57",7.532776,7.532776,completed,2590,14,none,"",0,8,"rain",17.000000,48,37,14,53,21,26,4,0.000000,0.103839,0.000000,1.000000,0.229167,0.016667,0.558982,0.095000,0.165400
1,1106,3448087694,256,"Day 10 15:08",7.811698,7.811698,completed,4772,19,none,"",0,10,"clear",17.000000,45,36,19,45,22,26,4,0.238333,0.124624,0.000000,0.953269,0.441667,0.000000,0.938319,0.000000,0.093600
1,1107,3448095613,256,"Day 9 01:22",8.672197,8.672197,completed,3181,16,none,"",0,8,"clear",24.000000,42,46,16,53,19,23,4,0.000000,0.340281,0.000000,0.889936,0.041667,0.260000,0.898144,0.215000,0.187000
1,1108,3448103532,256,"Day 10 05:24",8.124156,8.124156,completed,4298,18,none,"",0,9,"rain",24.000000,43,42,18,45,21,24,4,0.000000,0.526651,0.051907,1.000000,0.116667,0.036667,0.562295,0.300000,0.242000
1,1109,3448111451,256,"Day 9 18:57",7.926921,7.926921,completed,2523,14,none,"",0,9,"rain",24.000000,51,35,14,48,23,27,4,0.070000,0.132602,0.000000,0.990000,0.025000,0.090000,0.414705,0.080000,0.000000
1,1110,3448119370,256,"Day 9 17:43",8.043010,8.043010,completed,4691,16,none,"",0,9,"rain",24.000000,49,34,16,43,18,23,4,0.285000,0.105839,0.000000,0.820000,0.125000,0.304000,0.981892,0.085000,0.333000
1,1111,3448127289,256,"Day 10 02:10",8.628988,8.628988,completed,3783,18,none,"",0,9,"rain",17.000000,50,34,18,48,22,26,4,0.220000,0.020000,0.000000,1.000000,0.000000,0.023333,0.668221,0.000000,0.000000
1,1112,3448135208,256,"Day 9 11:53",7.479986,7.479986,completed,2605,15,none,"",0,8,"rain",17.000000,47,40,15,50,19,25,4,0.061667,0.314303,0.000000,0.954936,0.020833,0.480000,0.221931,0.130000,0.085000
1,1113,3448143127,256,"Day 9 18:33",8.617556,8.617556,completed,3195,15,none,"",0,9,"clear",24.000000,50,40,15,46,20,23,4,0.053667,0.214597,0.019508,0.856667,0.930000,0.380667,0.980000,0.080000,0.031800
1,1114,3448151046,256,"Day 9 19:11",7.418126,7.418126,completed,3838,17,none,"",0,9,"clear",17.000000,50,39,17,50,22,25,4,0.000000,0.216441,0.000000,0.970000,0.212500,0.270000,0.456638,0.175000,0.213400
1,1115,3448158965,256,"Day 8 12:24",7.451636,7.451636,completed,2674,13,none,"",0,7,"clear",17.000000,48,41,13,53,20,23,4,0.000000,0.328681,0.045184,0.967872,0.247500,0.117333,0.379951,0.234000,0.130400
1,1116,3448166884,256,"Day 9 03:01",7.490629,7.490629,completed,4079,13,none,"",0,8,"rain",24.000000,48,35,13,44,18,24,4,0.000000,0.583484,0.092137,0.936539,0.050000,0.086667,0.986740,0.360000,0.860800
1,1117,3448174803,256,"Day 9 00:47",8.406654,8.406654,completed,3556,17,none,"",0,8,"clear",24.000000,48,34,17,43,20,23,4,0.000000,0.208864,0.000000,0.918269,0.117500,0.403333,1.000000,0.060000,0.064000
1,1118,3448182722,256,"Day 10 04:17",7.580903,7.580903,completed,2932,13,none,"",0,9,"rain",17.000000,40,50,13,50,23,27,4,0.031667,0.101839,0.000000,0.958333,0.212500,0.143333,0.462127,0.095000,0.133000
1,1119,3448190641,256,"Day 9 04:14",7.234534,7.234534,completed,2172,15,none,"",0,8,"clear",17.000000,43,43,15,49,24,24,4,0.000000,0.314281,0.000000,0.871667,0.116667,0.150000,0.515941,0.270000,0.265000
1,1120,3448198560,256,"Day 9 23:44",7.863635,7.863635,completed,4999,14,none,"",0,9,"rain",17.000000,49,40,14,47,18,24,4,0.000000,0.320187,0.065184,0.973333,0.179167,0.133333,0.999118,0.230000,0.274000
1,1121,3448206479,256,"Day 8 02:07",7.839967,7.839967,completed,3026,15,none,"",0,7,"clear",24.000000,46,40,15,50,16,24,4,0.123333,0.329349,0.000000,0.883000,0.238333,0.290667,0.673009,0.194000,0.077400
1,1122,3448214398,256,"Day 9 15:34",7.307408,7.307408,completed,2147,15,none,"",0,9,"clear",24.000000,48,39,15,54,25,23,4,0.000000,0.097839,0.000000,1.000000,0.091667,0.180000,0.111931,0.095000,0.162000
1,1123,3448222317,256,"Day 9 17:30",8.072416,8.072416,completed,4306,15,none,"",0,9,"clear",24.000000,43,39,15,49,20,26,4,0.000000,0.251203,0.000000,0.966603,0.220833,1.000000,0.659029,0.160000,0.000000
1,1124,3448230236,256,"Day 9 06:13",8.262116,8.262116,completed,3313,14,none,"",0,8,"clear",17.000000,53,34,14,48,21,24,4,0.123333,0.363043,0.000000,0.896667,0.058333,0.086667,0.911427,0.210000,0.233000
1,1125,3448238155,256,"Day 10 18:58",7.977912,7.977912,completed,3676,15,none,"",0,10,"rain",24.000000,44,42,15,47,25,28,4,0.151667,0.064644,0.000000,1.000000,0.000000,0.030000,0.588058,0.000000,0.097400
1,1126,3448246074,256,"Day 9 12:29",7.457611,7.457611,completed,4556,13,none,"",0,9,"rain",24.000000,45,43,13,47,22,26,4,0.060000,0.193004,0.000000,1.000000,0.012500,0.043333,0.521577,0.045000,0.000000
1,1127,3448253993,256,"Day 10 05:18",8.086602,8.086602,completed,2987,14,none,"",0,9,"rain",24.000000,45,48,14,51,24,26,4,0.000000,0.118602,0.000000,0.976603,0.162500,0.060000,0.411487,0.080000,0.252000
1,1128,3448261912,256,"Day 10 06:16",8.804782,8.804782,completed,3326,18,none,"",0,9,"clear",17.000000,43,45,18,48,22,27,4,0.060000,0.289331,0.000000,1.000000,0.120833,0.120000,0.095941,0.145000,0.142000
2,1101,3448049108,256,"Day 10 05:27",8.581926,8.581926,completed,2947,13,none,"",0,9,"clear",17.000000,45,44,13,49,24,24,4,0.065000,0.032540,0.106304,1.000000,0.191667,0.003333,0.617127,0.000000,0.015000
2,1102,3448057027,256,"Day 8 20:10",8.054472,8.054472,completed,4318,17,none,"",30,8,"clear",17.000000,32,48,17,50,20,22,3,0.000000,0.207994,0.196706,1.000000,0.170833,0.186667,0.489069,0.190000,0.177000
2,1103,3448064946,256,"Day 8 22:39",7.513805,7.513805,completed,3168,19,none,"",0,8,"rain",24.000000,55,33,19,46,21,20,4,0.005000,0.270383,0.086801,0.970000,0.179167,0.000000,0.820100,0.184000,0.702400
2,1104,3448072865,256,"Day 10 10:40",9.109269,9.109269,completed,4073,16,none,"",0,9,"rain",17.000000,53,39,16,44,23,23,4,0.058667,0.287390,0.218444,1.000000,0.038333,0.080667,0.731018,0.095000,0.085000
2,1105,3448080784,256,"Day 9 12:06",7.532776,7.532776,completed,5189,15,none,"",0,9,"rain",17.000000,47,40,15,44,21,23,4,0.123333,0.118087,0.085138,0.926807,0.400000,0.066667,0.594844,0.070000,0.362400
2,1106,3448088703,256,"Day 10 08:12",7.811698,7.811698,completed,5181,19,none,"",0,9,"clear",17.000000,40,39,19,43,21,25,4,0.668333,0.235845,0.201313,0.601947,0.591667,0.070000,0.810380,0.175000,0.085000
2,1107,3448096622,256,"Day 9 08:57",8.672197,8.672197,completed,4375,17,none,"",0,8,"clear",24.000000,49,37,17,46,21,22,4,0.000000,0.206566,0.196706,1.000000,0.325000,0.176667,0.616953,0.175000,0.294000
2,1108,3448104541,256,"Day 9 20:24",8.124156,8.124156,completed,3157,17,none,"",0,9,"rain",24.000000,50,37,17,48,19,26,4,0.160333,0.024400,0.256210,0.946667,0.021667,0.006667,0.448576,0.000000,0.336400
2,1109,3448112460,256,"Day 10 04:06",7.926921,7.926921,completed,4616,20,none,"",0,9,"rain",24.000000,45,41,20,48,21,23,4,0.000000,0.565851,0.256210,1.000000,0.087500,0.116667,0.512423,0.395000,0.095000
2,1110,3448120379,256,"Day 9 10:42",8.043010,8.043010,completed,3302,14,none,"",0,8,"clear",24.000000,51,42,14,45,21,20,4,0.083333,0.206797,0.196706,0.763333,0.616667,0.426667,0.722899,0.080000,0.020000
2,1111,3448128298,256,"Day 9 18:00",8.628988,8.628988,completed,6229,21,none,"",0,9,"rain",17.000000,38,41,21,44,23,22,4,0.120000,0.000000,0.196706,0.955000,0.225000,0.170000,0.521006,0.000000,0.198400
2,1112,3448136217,256,"Day 9 17:55",7.479986,7.479986,completed,2367,16,none,"",0,9,"rain",17.000000,45,51,16,50,21,23,4,0.010000,0.162155,0.206879,1.000000,0.304167,0.000000,0.171626,0.144000,0.308400
2,1113,3448144136,256,"Day 11 00:01",8.617556,8.617556,completed,4538,18,none,"",0,10,"clear",24.000000,43,48,18,50,20,24,4,0.123333,0.420181,0.132957,0.926667,0.212500,0.046667,0.500261,0.225000,0.100400
2,1114,3448152055,256,"Day 9 02:46",7.418126,7.418126,completed,4522,14,none,"",0,8,"clear",24.000000,48,43,14,46,20,22,4,0.060000,0.000000,0.010128,0.966667,0.083333,0.090000,0.406904,0.000000,0.063000
2,1115,3448159974,256,"Day 10 12:56",7.451636,7.451636,completed,4136,17,none,"",30,9,"rain",17.000000,39,51,17,50,20,27,3,0.000000,0.613566,0.256210,0.990000,0.575000,0.227333,0.508370,0.439000,0.067000
2,1116,3448167893,256,"Day 9 14:02",7.490629,7.490629,completed,3947,15,none,"",0,8,"clear",24.000000,39,44,15,45,23,23,4,0.116667,0.118087,0.000000,0.675000,0.612500,0.446667,0.623559,0.080000,0.000000
2,1117,3448175812,256,"Day 9 20:53",8.406654,8.406654,completed,4934,18,none,"",0,9,"clear",24.000000,55,33,18,47,20,22,4,0.000000,0.597913,0.256210,0.914807,0.590000,0.036667,0.856477,0.229000,0.394400
2,1118,3448183731,256,"Day 9 11:37",7.580903,7.580903,completed,2383,14,none,"",0,8,"rain",24.000000,42,51,14,54,22,27,4,0.060000,0.000000,0.144641,0.970000,0.155000,0.097333,0.184483,0.000000,0.120400
2,1119,3448191650,256,"Day 8 17:14",7.234534,7.234534,completed,4311,17,none,"",0,8,"clear",17.000000,43,40,17,47,20,23,4,0.000000,0.516012,0.146304,0.970000,0.184167,0.077333,0.687686,0.419000,0.246200
2,1120,3448199569,256,"Day 10 18:50",7.863635,7.863635,completed,3906,15,none,"",0,10,"clear",24.000000,46,55,15,51,20,27,4,0.068333,0.000000,0.256210,1.000000,0.075000,0.386667,0.508370,0.000000,0.000000
2,1121,3448207488,256,"Day 9 08:40",7.839967,7.839967,completed,2778,14,none,"",0,8,"clear",17.000000,47,41,14,48,24,26,4,0.188333,0.062966,0.000000,1.000000,0.070833,0.000000,0.485183,0.000000,0.000000
2,1122,3448215407,256,"Day 9 23:31",7.307408,7.307408,completed,4499,13,none,"",0,9,"clear",24.000000,42,52,13,47,23,25,4,0.183333,0.136493,0.144641,0.840000,0.150000,0.253333,0.595016,0.020000,0.025000
2,1123,3448223326,256,"Day 10 15:02",8.072416,8.072416,completed,4507,16,none,"",0,9,"rain",17.000000,46,43,16,46,22,20,4,0.005000,0.226966,0.129765,0.998281,0.155000,0.000000,0.595606,0.160000,0.058000
2,1124,3448231245,256,"Day 9 15:31",8.262116,8.262116,completed,4084,15,none,"",0,9,"clear",17.000000,40,41,15,47,21,24,4,0.183333,0.083527,0.269938,0.896667,0.108333,0.317333,0.850997,0.010000,0.189200
2,1125,3448239164,256,"Day 9 04:52",7.977912,7.977912,completed,2990,14,none,"",0,8,"rain",24.000000,52,38,14,44,24,24,4,0.123667,0.281515,0.237873,0.956333,0.101667,0.044000,0.781741,0.164000,0.060400
2,1126,3448247083,256,"Day 10 01:36",7.457611,7.457611,completed,2409,15,none,"",0,9,"rain",17.000000,48,43,15,50,22,23,4,0.060000,0.042310,0.000000,1.000000,0.050000,0.096667,0.351626,0.035000,0.238000
2,1127,3448255002,256,"Day 9 21:32",8.086602,8.086602,completed,3222,14,none,"",0,9,"rain",24.000000,39,47,14,45,20,23,4,0.400000,0.179028,0.164526,0.880281,0.062500,0.026667,0.439375,0.070000,0.000000
2,1128,3448262921,256,"Day 9 23:21",8.804782,8.804782,completed,3660,18,none,"",0,9,"clear",17.000000,52,41,18,51,21,25,4,0.000000,0.324654,0.144641,0.905000,0.350000,0.438667,0.665375,0.245000,0.193000
3,1101,3448050117,256,"Day 9 00:16",8.581926,8.581926,completed,2995,10,none,"",0,8,"rain",24.000000,49,44,10,50,21,22,4,0.060000,0.000000,0.234678,1.000000,0.250000,0.116667,0.732662,0.000000,0.290800
3,1102,3448058036,256,"Day 8 18:27",8.054472,8.054472,completed,3954,16,none,"",0,8,"clear",17.000000,50,37,16,46,21,22,4,0.000333,0.540916,0.173453,0.979667,0.100833,0.111333,1.000000,0.339000,0.443600
3,1103,3448065955,256,"Day 9 13:27",7.513805,7.513805,completed,3176,12,none,"",0,9,"rain",24.000000,50,38,12,50,21,22,4,0.000000,0.206081,0.005082,0.990772,0.100833,0.667333,0.959431,0.155000,0.149000
3,1104,3448073874,256,"Day 10 06:19",9.109269,9.109269,completed,4012,15,none,"",0,9,"rain",17.000000,56,44,15,46,19,26,4,0.080000,0.252552,0.234678,0.920000,0.560833,0.505333,0.980000,0.000000,0.289200
3,1105,3448081793,256,"Day 9 05:46",7.532776,7.532776,completed,4853,14,none,"",0,8,"rain",17.000000,54,35,14,48,19,26,4,0.203333,0.004000,0.000000,0.782220,0.654167,0.363333,0.940885,0.000000,0.539400
3,1106,3448089712,256,"Day 9 14:16",7.811698,7.811698,completed,4453,16,none,"",0,8,"clear",17.000000,41,46,16,48,22,23,4,0.060333,0.000400,0.234678,1.000000,0.050833,0.144000,0.701119,0.000000,0.227400
3,1107,3448097631,256,"Day 9 08:21",8.672197,8.672197,completed,4021,16,none,"",0,8,"clear",24.000000,42,38,16,45,24,23,4,0.000000,0.188826,0.234678,0.930000,0.134167,0.097333,1.000000,0.089000,0.768000
3,1108,3448105550,256,"Day 10 03:40",8.124156,8.124156,completed,2147,14,none,"",0,9,"rain",24.000000,51,45,14,48,20,24,4,0.123333,0.120918,0.142072,0.936667,0.083333,0.130000,0.921266,0.070000,0.004000
3,1109,3448113469,256,"Day 9 14:52",7.926921,7.926921,completed,2403,13,none,"",0,9,"rain",24.000000,52,35,13,44,24,23,4,0.128333,0.179348,0.103814,0.936667,0.083333,0.113333,1.000000,0.095000,0.159000
3,1110,3448121388,256,"Day 10 00:19",8.043010,8.043010,completed,3446,18,none,"",0,9,"rain",24.000000,49,42,18,49,22,26,4,0.060000,0.294267,0.173453,1.000000,0.120833,0.143333,0.885625,0.160000,0.132000
3,1111,3448129307,256,"Day 8 23:01",8.628988,8.628988,completed,4527,15,none,"",0,8,"rain",17.000000,50,39,15,48,19,23,4,0.042333,0.020000,0.173453,1.000000,0.000000,0.023333,1.000000,0.000000,0.402400
3,1112,3448137226,256,"Day 11 01:38",7.479986,7.479986,completed,4711,17,none,"",0,10,"rain",24.000000,46,45,17,50,24,24,4,0.263333,0.004000,0.000000,0.896667,0.659167,0.574000,0.683751,0.000000,0.000000
3,1113,3448145145,256,"Day 11 16:26",8.617556,8.617556,completed,3512,17,none,"",0,10,"clear",17.000000,47,42,17,48,22,26,4,0.000000,0.116641,0.234678,1.000000,0.349167,0.041333,0.729186,0.095000,0.116600
3,1114,3448153064,256,"Day 10 17:02",7.418126,7.418126,completed,4895,19,none,"",0,10,"clear",24.000000,45,42,19,49,20,28,4,0.000000,0.354769,0.087964,0.978333,0.029167,0.150667,0.847954,0.130000,0.085000
3,1115,3448160983,256,"Day 9 18:24",7.451636,7.451636,completed,1839,11,none,"",0,9,"rain",17.000000,54,43,11,51,23,25,4,0.005000,0.209362,0.049858,1.000000,0.465833,0.000000,0.715544,0.106000,0.298000
3,1116,3448168902,256,"Day 10 06:55",7.490629,7.490629,completed,3386,14,none,"",0,9,"clear",24.000000,54,39,14,47,22,23,4,0.060000,0.261023,0.140303,1.000000,0.130000,0.150000,0.997843,0.225000,0.265000
3,1117,3448176821,256,"Day 9 07:16",8.406654,8.406654,completed,2558,15,none,"",0,8,"clear",24.000000,57,36,15,49,21,21,4,0.080000,0.210194,0.000000,0.910000,0.671667,0.356667,0.980000,0.000000,0.000000
3,1118,3448184740,256,"Day 9 12:39",7.580903,7.580903,completed,3400,15,none,"",0,8,"rain",24.000000,51,41,15,46,20,22,4,0.060000,0.136492,0.288251,1.000000,0.120833,0.120000,0.981119,0.074000,0.310400
3,1119,3448192659,256,"Day 9 18:49",7.234534,7.234534,completed,3437,15,none,"",0,9,"rain",17.000000,49,35,15,46,22,26,4,0.036667,0.014000,0.228613,0.970000,0.000000,0.063333,1.000000,0.000000,0.156600
3,1120,3448200578,256,"Day 11 05:26",7.863635,7.863635,completed,2341,15,none,"",0,10,"clear",24.000000,51,38,15,46,24,24,4,0.000000,0.226759,0.000000,1.000000,0.045833,0.400000,0.857929,0.175000,0.085000
3,1121,3448208497,256,"Day 8 20:05",7.839967,7.839967,completed,3464,15,none,"",0,8,"clear",17.000000,47,37,15,45,19,22,4,0.096667,0.234759,0.000000,0.883333,0.062500,0.113333,1.000000,0.155000,0.212000
3,1122,3448216416,256,"Day 11 03:36",7.307408,7.307408,completed,3776,14,none,"",30,10,"clear",24.000000,41,56,14,54,25,28,3,0.060000,0.199434,0.000000,1.000000,0.208333,0.593333,0.671876,0.165000,0.250000
3,1123,3448224335,256,"Day 9 09:25",8.072416,8.072416,completed,3740,15,none,"",0,8,"clear",17.000000,51,35,15,49,19,25,4,0.000000,0.436442,0.198613,0.990000,0.127500,0.132000,0.957883,0.167000,0.042200
3,1124,3448232254,256,"Day 9 02:35",8.262116,8.262116,completed,4897,17,none,"",0,8,"clear",17.000000,46,39,17,45,22,21,4,0.000000,0.109841,0.000000,1.000000,0.020833,0.096667,1.000000,0.095000,0.516400
3,1125,3448240173,256,"Day 10 03:49",7.977912,7.977912,completed,4105,15,none,"",0,9,"clear",17.000000,49,40,15,47,21,24,4,0.036667,0.040664,0.234678,1.000000,0.185833,0.023333,0.761119,0.000000,0.104000
3,1126,3448248092,256,"Day 10 00:15",7.457611,7.457611,completed,3125,16,none,"",0,9,"rain",17.000000,43,48,16,50,21,22,4,0.080000,0.085120,0.234894,0.901667,0.671667,0.561333,0.944788,0.000000,0.046000
3,1127,3448256011,256,"Day 8 13:41",8.086602,8.086602,completed,3150,16,none,"",0,7,"rain",24.000000,50,32,16,47,18,22,4,0.000000,0.230333,0.107602,0.764106,0.385000,0.227333,1.000000,0.189000,0.499200
3,1128,3448263930,256,"Day 9 02:17",8.804782,8.804782,completed,3936,20,none,"",0,8,"rain",17.000000,48,41,20,48,20,24,4,0.000000,0.266029,0.119880,1.000000,0.125000,0.016667,0.912741,0.175000,0.384000
4,1101,3448051126,256,"Day 8 14:35",8.581926,8.581926,completed,3770,22,none,"",0,7,"rain",24.000000,43,32,22,49,19,20,4,0.155000,0.220493,0.190273,0.940304,0.232500,0.572667,1.000000,0.022000,0.179400
4,1102,3448059045,256,"Day 11 03:35",8.054472,8.054472,completed,4336,20,none,"",0,10,"clear",24.000000,44,45,20,52,25,31,4,0.000000,0.192513,0.043667,0.990000,0.146667,0.160667,0.531268,0.080000,0.030400
4,1103,3448066964,256,"Day 9 23:05",7.513805,7.513805,completed,4411,16,none,"",0,9,"rain",24.000000,49,38,16,46,22,25,4,0.000000,0.146902,0.345178,0.910000,0.070833,0.186667,0.909367,0.095000,0.294000
4,1104,3448074883,256,"Day 9 20:44",9.109269,9.109269,completed,3790,16,none,"",0,9,"rain",17.000000,48,41,16,51,24,25,4,0.128333,0.250845,0.132326,0.823319,0.175000,0.220000,0.750284,0.085000,0.228400
4,1105,3448082802,256,"Day 9 20:16",7.532776,7.532776,completed,3553,16,none,"",0,9,"rain",17.000000,47,41,16,56,26,27,4,0.060000,0.000000,0.112326,1.000000,0.075000,0.123333,0.600900,0.000000,0.203400
4,1106,3448090721,256,"Day 8 21:20",7.811698,7.811698,completed,5329,18,none,"",0,8,"clear",17.000000,43,34,18,50,20,25,4,0.000000,0.250710,0.190273,0.933319,0.025000,0.216667,1.000000,0.125000,0.326800
4,1107,3448098640,256,"Day 7 23:24",8.672197,8.672197,completed,2688,15,none,"",0,7,"clear",17.000000,47,40,15,52,20,26,4,0.306667,0.254388,0.077616,0.923333,0.066667,0.256667,0.864397,0.000000,0.000000
4,1108,3448106559,256,"Day 7 11:53",8.124156,8.124156,completed,1795,18,none,"",0,6,"rain",17.000000,50,38,18,52,20,20,4,0.000000,0.168706,0.027338,1.000000,0.246667,0.134000,0.348475,0.124000,0.265400
4,1109,3448114478,256,"Day 7 23:08",7.926921,7.926921,completed,3894,18,none,"",0,7,"clear",24.000000,43,38,18,53,18,22,4,0.435000,0.038593,0.345178,0.944971,0.112500,0.000000,1.000000,0.000000,0.193800
4,1110,3448122397,256,"Day 9 06:19",8.043010,8.043010,completed,2722,13,none,"",0,8,"clear",24.000000,51,44,13,55,21,29,4,0.060000,0.082760,0.285081,0.960000,0.075000,0.470000,0.409112,0.000000,0.167400
4,1111,3448130316,256,"Day 10 04:49",8.628988,8.628988,completed,4939,24,none,"",0,9,"rain",17.000000,43,40,24,53,21,25,4,0.155000,0.096153,0.116094,0.946667,0.008333,0.283333,0.634383,0.025000,0.170000
4,1112,3448138235,256,"Day 9 12:27",7.479986,7.479986,completed,3856,18,none,"",0,8,"rain",17.000000,49,42,18,52,21,23,4,0.175000,0.033462,0.295890,1.000000,0.631667,0.040000,0.869960,0.000000,0.142000
4,1113,3448146154,256,"Day 8 15:32",8.617556,8.617556,completed,4287,17,none,"",0,8,"rain",17.000000,51,32,17,48,22,24,4,0.000000,0.215902,0.084657,1.000000,0.340833,0.148667,0.986497,0.175000,0.506400
4,1114,3448154073,256,"Day 10 04:47",7.418126,7.418126,completed,4127,19,none,"",0,9,"clear",17.000000,49,43,19,53,20,26,4,0.123333,0.223093,0.190273,0.946667,0.008333,0.070000,0.535252,0.135000,0.156000
4,1115,3448161992,256,"Day 9 11:23",7.451636,7.451636,completed,3164,16,none,"",0,8,"clear",24.000000,44,46,16,47,23,25,4,0.000000,0.482367,0.239561,0.960000,0.025000,0.123333,0.886537,0.205000,0.164600
4,1116,3448169911,256,"Day 9 11:20",7.490629,7.490629,completed,2801,13,none,"",0,8,"clear",24.000000,50,43,13,53,22,27,4,0.128333,0.372434,0.178655,1.000000,0.041667,0.000000,0.527023,0.114000,0.070000
4,1117,3448177830,256,"Day 11 14:25",8.406654,8.406654,completed,4413,15,none,"",0,10,"rain",17.000000,50,39,15,50,23,29,4,0.086667,0.193891,0.295081,0.944985,0.543333,0.056667,0.638866,0.095000,0.085000
4,1118,3448185749,256,"Day 9 06:08",7.580903,7.580903,completed,2947,14,none,"",0,8,"rain",24.000000,51,37,14,52,24,26,4,0.000000,0.115547,0.190273,0.978333,0.029167,0.160000,0.595252,0.095000,0.156000
4,1119,3448193668,256,"Day 9 19:22",7.234534,7.234534,completed,4065,17,none,"",0,9,"rain",17.000000,43,44,17,55,22,28,4,0.318667,0.122355,0.000000,0.913319,0.221667,0.133333,0.390858,0.070000,0.000000
4,1120,3448201587,256,"Day 10 00:24",7.863635,7.863635,completed,3938,15,none,"",0,9,"rain",17.000000,44,46,15,52,22,25,4,0.000000,0.213093,0.295890,1.000000,0.000000,0.183333,0.599367,0.155000,0.192000
4,1121,3448209506,256,"Day 11 00:12",7.839967,7.839967,completed,3778,15,none,"",0,10,"clear",24.000000,48,41,15,47,24,26,4,0.000000,0.154706,0.345178,0.990000,0.142500,0.104000,0.569135,0.080000,0.013000
4,1122,3448217425,256,"Day 9 21:16",7.307408,7.307408,completed,2366,14,none,"",0,9,"clear",24.000000,48,44,14,52,22,25,4,0.000000,0.215902,0.028328,0.900000,0.150000,0.076667,0.690566,0.175000,0.371000
4,1123,3448225344,256,"Day 7 17:17",8.072416,8.072416,completed,2628,14,none,"",0,6,"rain",17.000000,42,37,14,47,20,23,4,0.060000,0.100962,0.295890,0.870000,0.296667,0.060000,1.000000,0.040000,0.423000
4,1124,3448233263,256,"Day 9 17:15",8.262116,8.262116,completed,3985,17,none,"",0,9,"clear",17.000000,50,34,17,47,21,23,4,0.000000,0.118755,0.295890,0.990000,0.146667,0.140667,0.879367,0.080000,0.051800
4,1125,3448241182,256,"Day 8 06:58",7.977912,7.977912,completed,3306,14,none,"",0,7,"clear",17.000000,51,37,14,46,18,24,4,0.000000,0.332633,0.295890,0.950000,0.050000,0.103333,0.909599,0.160000,0.338000
4,1126,3448249101,256,"Day 9 18:02",7.457611,7.457611,completed,3131,12,none,"",0,9,"rain",17.000000,54,40,12,50,23,26,4,0.000000,0.372310,0.295890,1.000000,0.105000,0.434000,0.799135,0.095000,0.088400
4,1127,3448257020,256,"Day 10 06:32",8.086602,8.086602,completed,3349,18,none,"",0,9,"rain",24.000000,49,38,18,47,20,25,4,0.123333,0.408862,0.159284,0.946667,0.008333,0.050000,0.813066,0.210000,0.135000
4,1128,3448264939,256,"Day 9 22:55",8.804782,8.804782,completed,5576,17,none,"",0,9,"clear",17.000000,42,43,17,52,24,26,4,0.036667,0.026022,0.295890,1.000000,0.012500,0.000000,0.729599,0.000000,0.056000
5,1101,3448052135,256,"Day 9 07:17",8.581926,8.581926,completed,2603,13,none,"",0,8,"rain",24.000000,52,36,13,52,21,24,4,0.288333,0.096770,0.000000,0.945000,0.112500,0.153333,0.312277,0.085000,0.089000
5,1102,3448060054,256,"Day 10 04:29",8.054472,8.054472,completed,3653,16,none,"",0,9,"clear",17.000000,51,47,16,53,19,23,4,0.065000,0.057546,0.000000,1.000000,0.271667,0.000000,0.669072,0.000000,0.000000
5,1103,3448067973,256,"Day 10 20:25",7.513805,7.513805,completed,2840,14,none,"",0,10,"clear",24.000000,51,43,14,50,21,25,4,0.000000,0.310858,0.000000,1.000000,0.070833,0.480667,0.594035,0.095000,0.085000
5,1104,3448075892,256,"Day 9 11:19",9.109269,9.109269,completed,2959,13,none,"",0,8,"rain",24.000000,45,48,13,53,22,24,4,0.000000,0.472866,0.000000,1.000000,0.000000,0.220667,0.342277,0.314000,0.247800
5,1105,3448083811,256,"Day 9 13:29",7.532776,7.532776,completed,3135,13,none,"",0,9,"rain",17.000000,52,36,13,43,19,22,4,0.059333,0.313185,0.000000,1.000000,0.365000,0.000000,0.868099,0.000000,0.089400
5,1106,3448091730,256,"Day 10 01:42",7.811698,7.811698,completed,6863,18,none,"",0,9,"clear",17.000000,46,38,18,51,22,27,4,0.000000,0.235670,0.000000,1.000000,0.020833,0.240000,0.400026,0.155000,0.149000
5,1107,3448099649,256,"Day 8 22:13",8.672197,8.672197,completed,2429,11,none,"",90,8,"clear",24.000000,43,53,11,55,20,24,1,0.380000,0.223102,0.000000,0.776667,0.255000,0.103333,0.102277,0.135000,0.043000
5,1108,3448107568,256,"Day 10 07:03",8.124156,8.124156,completed,3437,19,none,"",0,9,"rain",24.000000,52,36,19,44,20,26,4,0.000000,0.440012,0.000000,1.000000,0.100833,0.056667,0.851794,0.155000,0.149000
5,1109,3448115487,256,"Day 9 14:24",7.926921,7.926921,completed,2378,15,none,"",0,9,"rain",24.000000,48,37,15,48,20,25,4,0.000000,0.340255,0.111421,1.000000,0.084167,0.457333,0.785931,0.059000,0.112400
5,1110,3448123406,256,"Day 8 20:42",8.043010,8.043010,completed,2321,10,none,"",0,8,"clear",24.000000,48,41,10,51,21,22,4,0.366667,0.087689,0.000000,0.893333,0.275000,0.153333,0.312277,0.000000,0.356400
5,1111,3448131325,256,"Day 10 05:09",8.628988,8.628988,completed,3731,17,none,"",0,9,"rain",17.000000,45,40,17,46,21,20,4,0.060000,0.129469,0.224837,0.998333,0.116667,0.083333,0.610175,0.000000,0.049000
5,1112,3448139244,256,"Day 10 11:02",7.479986,7.479986,completed,3286,17,none,"",0,9,"rain",17.000000,57,35,17,48,21,25,4,0.000000,0.589800,0.044599,1.000000,0.045833,0.190000,0.685122,0.175000,0.085000
5,1113,3448147163,256,"Day 9 20:43",8.617556,8.617556,completed,3552,15,none,"",0,9,"clear",24.000000,50,34,15,48,16,28,4,0.183333,0.014821,0.041465,0.875000,0.509167,0.560667,0.763101,0.000000,0.093400
5,1114,3448155082,256,"Day 10 20:23",7.418126,7.418126,completed,2696,12,none,"",0,10,"clear",24.000000,46,43,12,48,27,26,4,0.000000,0.367972,0.000000,1.000000,0.125833,0.016667,0.311661,0.160000,0.102400
5,1115,3448163001,256,"Day 9 11:51",7.451636,7.451636,completed,2628,13,none,"",0,8,"clear",24.000000,45,42,13,52,23,24,4,0.003667,0.180951,0.000000,1.000000,0.238333,0.137333,0.509323,0.095000,0.326200
5,1116,3448170920,256,"Day 9 22:44",7.490629,7.490629,completed,2863,14,none,"",0,9,"clear",24.000000,47,42,14,48,20,25,4,0.000000,0.536856,0.000000,0.955806,0.609167,0.016667,0.646600,0.150000,0.085000
5,1117,3448178839,256,"Day 11 08:07",8.406654,8.406654,completed,3029,16,none,"",0,10,"rain",24.000000,49,40,16,50,22,28,4,0.203333,0.134585,0.000000,0.866667,0.484167,0.427333,0.306235,0.000000,0.000000
5,1118,3448186758,256,"Day 9 23:28",7.580903,7.580903,completed,1999,15,none,"",0,9,"rain",17.000000,41,50,15,56,23,27,4,0.000000,0.325872,0.000000,0.978333,0.029167,0.136667,0.282544,0.205000,0.143000
5,1119,3448194677,256,"Day 9 23:54",7.234534,7.234534,completed,3049,12,none,"",0,9,"rain",17.000000,44,45,12,47,20,28,4,0.186667,0.147275,0.000000,1.000000,0.070833,0.246667,0.421079,0.000000,0.151600
5,1120,3448202596,256,"Day 10 14:42",7.863635,7.863635,completed,3495,15,none,"",0,10,"rain",17.000000,42,49,15,52,20,28,4,0.000000,0.201857,0.064740,0.990000,0.133333,0.250667,0.200053,0.190000,0.031000
5,1121,3448210515,256,"Day 8 18:07",7.839967,7.839967,completed,2057,14,none,"",0,8,"clear",17.000000,50,35,14,42,20,21,4,0.366667,0.154095,0.224837,0.810806,0.166667,0.364667,0.889231,0.000000,0.252600
5,1122,3448218434,256,"Day 9 06:52",7.307408,7.307408,completed,3683,13,none,"",0,8,"clear",24.000000,40,46,13,51,21,23,4,0.123333,0.225102,0.222716,0.906667,0.054167,0.260667,0.498497,0.165000,0.119400
5,1123,3448226353,256,"Day 11 15:34",8.072416,8.072416,completed,5641,18,none,"",90,11,"rain",17.000000,36,53,18,47,23,26,1,0.000000,0.644631,0.166491,0.922029,0.696667,0.107333,0.500175,0.439000,0.309400
5,1124,3448234272,256,"Day 10 14:08",8.262116,8.262116,completed,3754,18,none,"",0,10,"rain",24.000000,40,45,18,54,26,31,4,0.000000,0.257190,0.000000,1.000000,0.020833,0.064000,0.179323,0.095000,0.085000
5,1125,3448242191,256,"Day 7 21:28",7.977912,7.977912,completed,2716,14,none,"",0,7,"clear",17.000000,42,40,14,51,22,23,4,0.128667,0.159005,0.166491,0.962139,0.025000,0.270667,0.843641,0.080000,0.240800
5,1126,3448250110,256,"Day 10 22:19",7.457611,7.457611,completed,4320,14,none,"",0,10,"rain",17.000000,38,53,14,50,23,24,4,0.060000,0.224369,0.054555,1.000000,0.141667,0.136667,0.562769,0.150000,0.116000
5,1127,3448258029,256,"Day 10 10:29",8.086602,8.086602,completed,4081,15,none,"",0,9,"rain",24.000000,53,38,15,47,17,26,4,0.000000,0.554363,0.099810,0.932139,0.070833,0.140667,0.662467,0.255000,0.292800
5,1128,3448265948,256,"Day 10 04:41",8.804782,8.804782,completed,3921,21,none,"",0,9,"clear",17.000000,39,51,21,54,20,25,4,0.151667,0.000842,0.158156,0.930806,0.645833,0.262000,0.725421,0.000000,0.125000
6,1101,3448053144,256,"Day 9 09:37",8.581926,8.581926,completed,3983,18,none,"",0,9,"rain",24.000000,42,42,18,48,19,23,4,0.158333,0.267704,0.234399,0.999795,0.297500,0.000000,0.711073,0.078000,0.118800
6,1102,3448061063,256,"Day 9 15:46",8.054472,8.054472,completed,3054,14,none,"",0,9,"clear",17.000000,48,40,14,49,22,23,4,0.006000,0.305059,0.234399,1.000000,0.231667,0.000667,0.751073,0.267000,0.342200
6,1103,3448068982,256,"Day 8 21:04",7.513805,7.513805,completed,4379,18,none,"",0,8,"rain",24.000000,48,32,18,49,21,19,4,0.183333,0.116250,0.234399,0.895000,0.226667,0.171333,1.000000,0.000000,0.304200
6,1104,3448076901,256,"Day 9 07:18",9.109269,9.109269,completed,3053,15,none,"",0,8,"rain",24.000000,49,33,15,47,20,25,4,0.183333,0.196015,0.102087,0.968795,0.058333,0.570667,0.818764,0.000000,0.000000
6,1105,3448084820,256,"Day 9 05:30",7.532776,7.532776,completed,4044,18,none,"",0,8,"rain",17.000000,44,31,18,47,22,25,4,0.000000,0.105286,0.000000,0.955462,0.220833,0.016667,0.909411,0.095000,0.217400
6,1106,3448092739,256,"Day 9 19:12",7.811698,7.811698,completed,4329,19,none,"",0,9,"clear",17.000000,44,37,19,49,20,22,4,0.311667,0.049269,0.000000,0.893333,0.525833,0.013333,0.980000,0.000000,0.028000
6,1107,3448100658,256,"Day 9 06:25",8.672197,8.672197,completed,4286,17,none,"",30,8,"clear",24.000000,44,41,17,49,20,24,3,0.188333,0.010000,0.234399,1.000000,0.091667,0.000000,0.641204,0.000000,0.126800
6,1108,3448108577,256,"Day 8 11:03",8.124156,8.124156,completed,4715,16,none,"",0,7,"rain",17.000000,40,37,16,47,18,24,4,0.000000,0.333592,0.233194,0.970000,0.000000,0.152000,1.000000,0.233000,0.263200
6,1109,3448116496,256,"Day 8 20:23",7.926921,7.926921,completed,2426,16,none,"",0,8,"rain",24.000000,43,36,16,50,21,23,4,0.060000,0.297489,0.000000,0.936667,0.158333,0.250000,0.729211,0.175000,0.437000
6,1110,3448124415,256,"Day 9 16:02",8.043010,8.043010,completed,1811,16,none,"",0,9,"rain",24.000000,46,32,16,44,22,23,4,0.000000,0.380541,0.000000,0.867129,0.950000,0.113333,1.000000,0.145000,0.000000
6,1111,3448132334,256,"Day 9 10:24",8.628988,8.628988,completed,5321,22,none,"",0,8,"rain",17.000000,40,38,22,49,23,26,4,0.000333,0.371890,0.211835,1.000000,0.038333,0.020667,0.909105,0.193000,0.404200
6,1112,3448140253,256,"Day 8 21:05",7.479986,7.479986,completed,3886,15,none,"",30,8,"rain",17.000000,36,50,15,54,24,24,3,0.000000,0.275541,0.234399,0.980000,0.133333,0.040000,0.641204,0.160000,0.004000
6,1113,3448148172,256,"Day 9 08:39",8.617556,8.617556,completed,3907,16,none,"",0,8,"clear",17.000000,36,39,16,45,18,24,4,0.256667,0.256422,0.000000,0.916876,0.033333,0.053333,0.966610,0.070000,0.000000
6,1114,3448156091,256,"Day 10 08:34",7.418126,7.418126,completed,4807,17,none,"",0,9,"clear",17.000000,38,47,17,51,26,24,4,0.080000,0.254477,0.234399,0.813333,0.620833,0.393333,0.601204,0.000000,0.000000
6,1115,3448164010,256,"Day 9 01:54",7.451636,7.451636,completed,2808,11,none,"",0,8,"clear",24.000000,49,33,11,48,21,27,4,0.000000,0.290434,0.000000,0.985924,0.000000,0.603333,0.881343,0.045000,0.122800
6,1116,3448171929,256,"Day 10 08:19",7.490629,7.490629,completed,3276,15,none,"",0,9,"clear",24.000000,50,35,15,46,24,26,4,0.133333,0.239188,0.146047,0.946667,0.020833,0.006667,0.862722,0.080000,0.285000
6,1117,3448179848,256,"Day 10 10:19",8.406654,8.406654,completed,5896,20,none,"",0,9,"clear",24.000000,44,36,20,46,23,22,4,0.000000,0.338926,0.198243,1.000000,0.154167,0.113333,0.707709,0.255000,0.098000
6,1118,3448187767,256,"Day 8 22:28",7.580903,7.580903,completed,2575,15,none,"",0,8,"rain",24.000000,50,33,15,47,19,19,4,0.000000,0.462597,0.000000,0.925590,0.055000,0.083333,0.944642,0.225000,0.572400
6,1119,3448195686,256,"Day 9 14:34",7.234534,7.234534,completed,3291,16,none,"",0,8,"clear",17.000000,39,38,16,47,20,27,4,0.123333,0.209724,0.000000,0.813181,0.163333,0.030000,0.980000,0.020000,0.000000
6,1120,3448203605,256,"Day 7 13:19",7.863635,7.863635,completed,2008,12,none,"",0,6,"clear",17.000000,42,43,12,52,22,21,4,0.317000,0.014400,0.000000,1.000000,0.105000,0.000000,0.598632,0.000000,0.000000
6,1121,3448211524,256,"Day 9 12:56",7.839967,7.839967,completed,3110,15,none,"",0,8,"clear",17.000000,42,39,15,46,23,26,4,0.000000,0.566568,0.287991,0.926667,0.071667,0.047333,0.870941,0.160000,0.000000
6,1122,3448219443,256,"Day 9 17:06",7.307408,7.307408,completed,4966,14,none,"",0,9,"clear",24.000000,53,36,14,50,22,26,4,0.210000,0.374202,0.064616,1.000000,0.000000,0.023333,0.702906,0.000000,0.000000
6,1123,3448227362,256,"Day 9 03:53",8.072416,8.072416,completed,4879,20,none,"",0,8,"clear",17.000000,39,43,20,52,20,25,4,0.240000,0.018000,0.000000,0.946667,0.020833,0.390000,0.703371,0.000000,0.103000
6,1124,3448235281,256,"Day 10 13:25",8.262116,8.262116,completed,4932,18,none,"",0,10,"rain",24.000000,44,39,18,49,24,25,4,0.270000,0.083298,0.119559,1.000000,0.029167,0.023333,0.892252,0.000000,0.000000
6,1125,3448243200,256,"Day 9 14:01",7.977912,7.977912,completed,3071,11,none,"",0,8,"rain",17.000000,41,48,11,49,22,24,4,0.000000,0.403876,0.119559,0.940000,0.175833,0.060000,0.702120,0.260000,0.186000
6,1126,3448251119,256,"Day 9 15:46",7.457611,7.457611,completed,2401,13,none,"",0,9,"rain",17.000000,46,42,13,51,19,26,4,0.000000,0.397663,0.000000,0.859333,0.799167,0.385333,0.419699,0.080000,0.000000
6,1127,3448259038,256,"Day 7 12:25",8.086602,8.086602,completed,3033,14,none,"",0,6,"clear",17.000000,44,40,14,49,17,24,4,0.123333,0.381065,0.000000,0.843333,0.100833,0.053333,0.942929,0.219000,0.273600
6,1128,3448266957,256,"Day 10 05:06",8.804782,8.804782,completed,4747,20,none,"",0,9,"clear",17.000000,40,35,20,45,26,27,4,0.160000,0.142696,0.040839,1.000000,0.000000,0.023333,0.677606,0.010000,0.123000
7,1101,3448054153,256,"Day 8 23:52",8.581926,8.581926,completed,4562,19,none,"",30,8,"rain",24.000000,34,39,19,53,22,25,3,0.782000,0.131775,0.190008,0.946667,0.008333,0.176667,0.444466,0.035000,0.000000
7,1102,3448062072,256,"Day 9 11:50",8.054472,8.054472,completed,3704,18,none,"",0,8,"clear",17.000000,53,31,18,47,20,24,4,0.000000,0.106108,0.282141,1.000000,0.043333,0.561333,0.805154,0.095000,0.085000
7,1103,3448069991,256,"Day 9 00:24",7.513805,7.513805,completed,2661,15,none,"",0,8,"rain",24.000000,40,42,15,57,21,19,4,0.060000,0.000000,0.000000,0.981667,0.492500,0.434000,0.262702,0.000000,0.049000
7,1104,3448077910,256,"Day 9 07:04",9.109269,9.109269,completed,6707,16,none,"",0,8,"rain",24.000000,40,34,16,45,20,22,4,0.055000,0.116108,0.295659,0.978333,0.041667,0.023333,0.645824,0.095000,0.183000
7,1105,3448085829,256,"Day 9 22:16",7.532776,7.532776,completed,3471,14,none,"",0,9,"rain",17.000000,49,38,14,54,22,23,4,0.123333,0.433765,0.061280,0.946667,0.075000,0.263333,0.374165,0.305000,0.207400
7,1106,3448093748,256,"Day 10 13:57",7.811698,7.811698,completed,3786,17,none,"",0,10,"clear",17.000000,41,39,17,49,21,25,4,0.060000,0.163554,0.308489,1.000000,0.173333,0.128667,0.546047,0.148000,0.128200
7,1107,3448101667,256,"Day 11 04:26",8.672197,8.672197,completed,3172,15,none,"",0,10,"clear",17.000000,47,35,15,49,25,25,4,0.123333,0.184240,0.113210,0.741667,0.620833,0.607333,0.380269,0.070000,0.000000
7,1108,3448109586,256,"Day 10 11:30",8.124156,8.124156,completed,3166,17,none,"",0,9,"rain",24.000000,46,39,17,52,18,24,4,0.542000,0.215947,0.085652,1.000000,0.037500,0.130667,0.110269,0.205000,0.085000
7,1109,3448117505,256,"Day 8 18:11",7.926921,7.926921,completed,2574,16,none,"",0,8,"rain",24.000000,40,44,16,54,19,21,4,0.290333,0.000400,0.000000,0.740834,0.550833,0.400667,0.172702,0.000000,0.000000
7,1110,3448125424,256,"Day 9 03:38",8.043010,8.043010,completed,3066,13,none,"",0,8,"clear",24.000000,43,37,13,60,20,25,4,0.006667,0.196216,0.142823,0.873333,0.137500,0.160000,0.435877,0.190000,0.231400
7,1111,3448133343,256,"Day 10 03:19",8.628988,8.628988,completed,5532,25,none,"",0,9,"rain",17.000000,39,42,25,56,18,25,4,0.183333,0.000000,0.118481,0.966667,0.212500,0.520667,0.477692,0.000000,0.025000
7,1112,3448141262,256,"Day 8 19:16",7.479986,7.479986,completed,3439,18,none,"",0,8,"rain",17.000000,37,35,18,60,22,21,4,0.055333,0.092108,0.009432,1.000000,0.130833,0.160667,0.223975,0.095000,0.085000
7,1113,3448149181,256,"Day 8 03:19",8.617556,8.617556,completed,3540,19,none,"",0,7,"rain",17.000000,35,41,19,56,22,18,4,0.128333,0.242795,0.295659,1.000000,0.187500,0.000000,0.115134,0.225000,0.265000
7,1114,3448157100,256,"Day 9 17:47",7.418126,7.418126,completed,6777,18,none,"",0,9,"clear",17.000000,41,42,18,57,19,25,4,0.000000,0.198216,0.190008,1.000000,0.000000,0.153333,0.410998,0.155000,0.162400
7,1115,3448165019,256,"Day 8 18:14",7.451636,7.451636,completed,2839,11,none,"",60,8,"clear",24.000000,41,40,11,58,20,23,2,0.220000,0.000000,0.295659,1.000000,0.050000,0.110000,0.497174,0.000000,0.000000
7,1116,3448172938,256,"Day 9 19:30",7.490629,7.490629,completed,4298,16,none,"",0,9,"clear",24.000000,39,38,16,51,20,23,4,0.183667,0.098108,0.211430,0.955084,0.116667,0.016667,0.586176,0.095000,0.170400
7,1117,3448180857,256,"Day 9 21:26",8.406654,8.406654,completed,3493,16,none,"",0,9,"clear",24.000000,43,39,16,56,18,21,4,0.000000,0.347325,0.030128,0.980000,0.445833,0.040000,0.714632,0.225000,0.017000
7,1118,3448188776,256,"Day 9 04:49",7.580903,7.580903,completed,3815,15,none,"",0,8,"rain",24.000000,48,35,15,50,20,24,4,0.000000,0.098108,0.295659,1.000000,0.183333,0.016667,0.643391,0.095000,0.166400
7,1119,3448196695,256,"Day 9 17:05",7.234534,7.234534,completed,4682,18,none,"",0,9,"rain",17.000000,42,38,18,55,17,22,4,0.280000,0.000000,0.000000,0.975000,0.480000,0.294000,0.437508,0.000000,0.049000
7,1120,3448204614,256,"Day 9 14:21",7.863635,7.863635,completed,3813,14,none,"",0,8,"rain",24.000000,46,34,14,54,17,23,4,0.188333,0.006000,0.030113,0.969167,0.070833,0.000000,0.703897,0.000000,0.090400
7,1121,3448212533,256,"Day 9 01:59",7.839967,7.839967,completed,2344,14,none,"",0,8,"clear",17.000000,53,27,14,56,18,22,4,0.091667,0.000000,0.061295,1.000000,0.050000,0.196667,0.518918,0.000000,0.595400
7,1122,3448220452,256,"Day 8 23:40",7.307408,7.307408,completed,3076,15,none,"",0,8,"clear",24.000000,43,38,15,47,20,18,4,0.058667,0.119775,0.295659,0.834917,1.000000,0.271333,0.757174,0.080000,0.018200
7,1123,3448228371,256,"Day 10 16:53",8.072416,8.072416,completed,3710,16,none,"",0,9,"rain",17.000000,48,34,16,49,20,21,4,0.060000,0.074979,0.344963,0.991667,0.139167,0.177333,0.630958,0.070000,0.116000
7,1124,3448236290,256,"Day 10 09:05",8.262116,8.262116,completed,5455,18,none,"",60,9,"clear",24.000000,41,45,18,52,22,24,2,0.131667,0.241550,0.169432,0.938917,0.500000,0.006667,0.478345,0.125000,0.000000
7,1125,3448244209,256,"Day 7 19:44",7.977912,7.977912,completed,4044,11,none,"",0,7,"clear",17.000000,54,27,11,40,17,21,4,0.100000,0.225667,0.287067,0.990583,0.145833,0.016667,1.000000,0.139000,0.447600
7,1126,3448252128,256,"Day 10 07:53",7.457611,7.457611,completed,2439,15,none,"",0,9,"rain",17.000000,45,43,15,49,23,23,4,0.038333,0.119775,0.000000,0.942250,0.116667,0.020000,0.216485,0.080000,0.115000
7,1127,3448260047,256,"Day 9 11:49",8.086602,8.086602,completed,3876,18,none,"",30,9,"rain",17.000000,39,38,18,60,21,26,3,0.172000,0.113775,0.272126,0.990000,0.075833,0.090667,0.476417,0.080000,0.000000
7,1128,3448267966,256,"Day 9 10:08",8.804782,8.804782,completed,5835,22,none,"",0,9,"rain",17.000000,44,38,22,51,19,22,4,0.060000,0.168046,0.295659,0.983417,0.100000,0.126667,0.563391,0.010000,0.000000
8,1101,3448055162,256,"Day 7 13:06",8.581926,8.581926,completed,3572,14,none,"",0,7,"rain",17.000000,46,29,14,44,21,19,4,0.123667,0.311166,0.252072,0.756388,0.250833,0.120667,1.000000,0.239000,0.985400
8,1102,3448063081,256,"Day 7 16:35",8.054472,8.054472,completed,4278,15,none,"",0,7,"clear",17.000000,47,25,15,45,19,20,4,0.005000,0.299566,0.252072,0.994421,0.242500,0.000000,1.000000,0.160000,0.986000
8,1103,3448071000,256,"Day 8 00:28",7.513805,7.513805,completed,3491,15,none,"",0,7,"rain",17.000000,37,36,15,46,20,22,4,0.005000,0.189739,0.304427,1.000000,0.155000,0.000000,0.585063,0.080000,0.375800
8,1104,3448078919,256,"Day 7 20:42",9.109269,9.109269,completed,4142,14,none,"",0,7,"rain",17.000000,40,31,14,43,19,25,4,0.000000,0.319865,0.027694,0.970000,0.195833,0.050000,0.985018,0.285000,0.709800
8,1105,3448086838,256,"Day 7 12:14",7.532776,7.532776,completed,2822,16,none,"",0,6,"clear",17.000000,45,36,16,54,26,22,4,0.246667,0.100520,0.079354,0.838333,0.129167,0.184000,0.293924,0.075000,0.116400
8,1106,3448094757,256,"Day 8 13:45",7.811698,7.811698,completed,4926,18,none,"",30,8,"clear",17.000000,35,40,18,49,22,25,3,0.366667,0.000000,0.000000,0.923333,0.234167,0.210667,0.471596,0.000000,0.032400
8,1107,3448102676,256,"Day 8 02:44",8.672197,8.672197,completed,3197,16,none,"",0,7,"clear",17.000000,38,37,16,48,23,26,4,0.183333,0.004800,0.000000,0.946667,0.058333,0.110000,0.963824,0.000000,0.343400
8,1108,3448110595,256,"Day 8 17:19",8.124156,8.124156,completed,3644,18,none,"",0,8,"rain",24.000000,43,34,18,47,22,26,4,0.306667,0.041693,0.156049,0.828333,0.300000,0.280000,0.722743,0.000000,0.081400
8,1109,3448118514,256,"Day 8 04:07",7.926921,7.926921,completed,4907,18,none,"",0,7,"clear",24.000000,43,33,18,46,20,21,4,0.361667,0.042101,0.083132,0.711388,0.175000,0.103333,1.000000,0.000000,0.277800
8,1110,3448126433,256,"Day 8 06:26",8.043010,8.043010,completed,3354,15,none,"",0,7,"rain",24.000000,50,35,15,52,23,21,4,0.000000,0.297961,0.231321,1.000000,0.020833,0.074000,0.703960,0.249000,0.693400
8,1111,3448134352,256,"Day 8 10:03",8.628988,8.628988,completed,5108,15,none,"",0,7,"rain",24.000000,44,28,15,45,22,25,4,0.060000,0.097700,0.222436,1.000000,0.092500,0.157333,0.933488,0.000000,0.134000
8,1112,3448142271,256,"Day 7 11:34",7.479986,7.479986,completed,3443,16,none,"",0,6,"clear",17.000000,46,26,16,44,18,20,4,0.000000,0.345573,0.072768,0.831022,0.020833,0.344000,1.000000,0.214000,0.896200
8,1113,3448150190,256,"Day 8 18:42",8.617556,8.617556,completed,4275,18,none,"",30,8,"clear",17.000000,40,39,18,49,23,23,3,0.183333,0.238183,0.252072,0.976667,0.091667,0.063333,0.518532,0.010000,0.098000
8,1114,3448158109,256,"Day 7 18:05",7.418126,7.418126,completed,3469,15,none,"",0,7,"rain",24.000000,50,25,15,45,21,20,4,0.000000,0.250049,0.000000,0.819667,0.675833,0.620667,1.000000,0.189000,0.735800
8,1115,3448166028,256,"Day 8 05:39",7.451636,7.451636,completed,2617,11,none,"",0,7,"rain",17.000000,46,33,11,44,20,25,4,0.231667,0.485289,0.166413,0.564689,0.070833,0.093333,1.000000,0.210000,0.391400
8,1116,3448173947,256,"Day 8 14:22",7.490629,7.490629,completed,2462,13,none,"",0,7,"clear",17.000000,48,36,13,52,24,27,4,0.110000,0.137922,0.000000,0.856667,0.433333,0.443333,0.246709,0.000000,0.227200
8,1117,3448181866,256,"Day 9 21:53",8.406654,8.406654,completed,4816,17,none,"",30,9,"clear",24.000000,43,35,17,46,23,25,3,0.000000,0.406016,0.110247,0.912344,0.650833,0.020000,0.487523,0.080000,0.000000
8,1118,3448189785,256,"Day 7 00:14",7.580903,7.580903,completed,2254,15,none,"",0,6,"clear",24.000000,47,25,15,45,21,22,4,0.000000,0.446085,0.000000,0.923022,0.033333,0.016667,1.000000,0.225000,0.639800
8,1119,3448197704,256,"Day 8 18:38",7.234534,7.234534,completed,3451,17,none,"",0,8,"clear",17.000000,33,35,17,45,21,25,4,0.000000,0.237850,0.019694,0.960000,0.025000,0.320000,0.805824,0.080000,0.396400
8,1120,3448205623,256,"Day 8 20:34",7.863635,7.863635,completed,3751,17,none,"",0,8,"rain",24.000000,39,32,17,45,20,24,4,0.375000,0.239617,0.049884,0.780000,0.141667,0.020000,0.856238,0.120000,0.147000
8,1121,3448213542,256,"Day 7 09:16",7.839967,7.839967,completed,2827,14,none,"",0,6,"clear",17.000000,42,30,14,43,16,22,4,0.061667,0.121169,0.000000,0.910000,0.000000,0.163333,1.000000,0.000000,0.510000
8,1122,3448221461,256,"Day 7 06:10",7.307408,7.307408,completed,3771,14,none,"",0,6,"rain",17.000000,48,32,14,49,21,24,4,0.031667,0.155731,0.080049,1.000000,0.000000,0.203333,0.993876,0.000000,0.822400
8,1123,3448229380,256,"Day 8 13:21",8.072416,8.072416,completed,4104,17,none,"",0,7,"clear",17.000000,36,39,17,49,22,27,4,0.123333,0.279133,0.054777,0.897377,0.242500,0.087333,0.553257,0.085000,0.197400
8,1124,3448237299,256,"Day 8 20:04",8.262116,8.262116,completed,5634,17,none,"",0,8,"clear",17.000000,46,23,17,38,19,19,4,0.000000,0.301117,0.139883,0.810110,0.360000,0.218000,1.000000,0.095000,0.515200
8,1125,3448245218,256,"Day 8 01:06",7.977912,7.977912,completed,4140,15,none,"",0,7,"clear",17.000000,39,35,15,49,23,25,4,0.098333,0.016005,0.244593,0.977689,0.166667,0.100000,0.732475,0.000000,0.331800
8,1126,3448253137,256,"Day 7 15:20",7.457611,7.457611,completed,2124,12,none,"",0,7,"clear",17.000000,47,29,12,46,21,21,4,0.000000,0.240413,0.083170,1.000000,0.000000,0.164000,0.671792,0.060000,0.313800
8,1127,3448261056,256,"Day 8 04:10",8.086602,8.086602,completed,2576,15,none,"",0,7,"clear",24.000000,48,28,15,44,19,19,4,0.311667,0.011888,0.166611,0.752700,0.470000,0.000000,1.000000,0.000000,0.272400
8,1128,3448268975,256,"Day 9 01:48",8.804782,8.804782,completed,3760,21,none,"",0,8,"rain",17.000000,41,32,21,46,17,26,4,0.000000,0.226643,0.000000,0.940000,0.000000,0.043333,0.864922,0.125000,0.334000
9,1101,3448056171,256,"Day 8 17:04",8.581926,8.581926,completed,3751,19,none,"",0,8,"rain",24.000000,39,36,19,49,20,24,4,0.000000,0.369687,0.000000,0.893928,0.446667,0.414000,0.517895,0.175000,0.150400
9,1102,3448064090,256,"Day 8 16:16",8.054472,8.054472,completed,4874,17,none,"",0,8,"clear",17.000000,39,35,17,44,18,21,4,0.000000,0.423912,0.000000,0.832119,0.000000,0.210667,0.980000,0.140000,0.046000
9,1103,3448072009,256,"Day 8 14:18",7.513805,7.513805,completed,3943,16,none,"",0,8,"rain",24.000000,44,30,16,45,22,24,4,0.000000,0.306499,0.000000,0.896065,0.196667,0.026667,0.837906,0.245000,0.437800
9,1104,3448079928,256,"Day 7 09:36",9.109269,9.109269,completed,2916,17,none,"",0,6,"rain",24.000000,46,34,17,53,17,23,4,0.000000,0.227732,0.000000,0.979399,0.000000,0.260000,0.728316,0.105000,0.800400
9,1105,3448087847,256,"Day 8 02:30",7.532776,7.532776,completed,3176,15,none,"",0,7,"clear",17.000000,45,31,15,47,21,23,4,0.183333,0.112373,0.000000,0.946667,0.304167,0.226667,0.656084,0.060000,0.239600
9,1106,3448095766,256,"Day 9 20:56",7.811698,7.811698,completed,3243,17,none,"",0,9,"clear",17.000000,43,37,17,46,22,25,4,0.000000,0.256045,0.000000,0.948333,0.141667,0.040000,0.484793,0.180000,0.251400
9,1107,3448103685,256,"Day 6 09:13",8.672197,8.672197,completed,2963,14,none,"",0,5,"rain",24.000000,41,24,14,40,15,20,4,0.005333,0.353688,0.000000,0.748792,0.055000,0.000667,0.980000,0.174000,0.752800
9,1108,3448111604,256,"Day 8 00:27",8.124156,8.124156,completed,3625,16,none,"",0,7,"rain",17.000000,44,29,16,47,22,22,4,0.000000,0.173787,0.000000,1.000000,0.020833,0.350000,0.528316,0.125000,0.563400
9,1109,3448119523,256,"Day 8 07:59",7.926921,7.926921,completed,3055,14,none,"",0,7,"clear",24.000000,41,39,14,52,21,21,4,0.000333,0.184751,0.000000,0.941798,0.238333,0.180667,0.387473,0.189000,0.364800
9,1110,3448127442,256,"Day 7 22:13",8.043010,8.043010,completed,2357,13,none,"",0,7,"rain",24.000000,48,31,13,47,15,22,4,0.060000,0.137025,0.000000,0.713333,0.637500,0.580667,0.547895,0.000000,0.521800
9,1111,3448135361,256,"Day 7 20:35",8.628988,8.628988,completed,3889,18,none,"",0,7,"rain",24.000000,47,27,18,44,19,21,4,0.000000,0.337743,0.079789,0.797262,0.083333,0.147333,0.926252,0.260000,0.463400
9,1112,3448143280,256,"Day 8 10:05",7.479986,7.479986,completed,3914,15,none,"",0,7,"clear",24.000000,40,34,15,44,21,23,4,0.100333,0.371940,0.000000,1.000000,0.000833,0.024000,0.980000,0.114000,0.030400
9,1113,3448151199,256,"Day 9 14:15",8.617556,8.617556,completed,4621,18,none,"",0,8,"clear",17.000000,41,32,18,45,22,26,4,0.000333,0.221595,0.000000,1.000000,0.138333,0.017333,0.560741,0.094000,0.126400
9,1114,3448159118,256,"Day 8 01:40",7.418126,7.418126,completed,5090,17,none,"",0,7,"rain",17.000000,48,29,17,48,17,19,4,0.060000,0.074572,0.000000,0.826667,0.434167,0.246667,0.734455,0.000000,0.723800
9,1115,3448167037,256,"Day 8 13:23",7.451636,7.451636,completed,2776,10,none,"",0,7,"clear",17.000000,41,41,10,48,19,21,4,0.000000,0.203540,0.000000,0.574065,0.175000,0.320667,0.967930,0.175000,0.352400
9,1116,3448174956,256,"Day 8 06:40",7.490629,7.490629,completed,3688,15,none,"",0,7,"clear",17.000000,47,33,15,46,19,22,4,0.000000,0.270527,0.000000,0.939399,0.504167,0.236667,0.708316,0.285000,0.587800
9,1117,3448182875,256,"Day 7 19:17",8.406654,8.406654,completed,3895,16,none,"",0,7,"rain",24.000000,43,27,16,46,19,22,4,0.000000,0.200576,0.000000,1.000000,0.000000,0.023333,0.528316,0.105000,0.354400
9,1118,3448190794,256,"Day 8 02:33",7.580903,7.580903,completed,3543,14,none,"",0,7,"rain",17.000000,46,33,14,46,24,22,4,0.100000,0.142922,0.000000,0.970000,0.012500,0.000000,0.883268,0.035000,0.456400
9,1119,3448198713,256,"Day 8 09:39",7.234534,7.234534,completed,4493,17,none,"",0,7,"clear",17.000000,42,36,17,46,21,23,4,0.115000,0.315337,0.043580,0.804399,0.500000,0.000000,0.894177,0.000000,0.000000
9,1120,3448206632,256,"Day 9 08:50",7.863635,7.863635,completed,4704,13,none,"",0,8,"rain",24.000000,45,32,13,44,21,24,4,0.000000,0.268377,0.020463,0.835458,0.000000,0.170000,0.843121,0.060000,0.107000
9,1121,3448214551,256,"Day 8 00:05",7.839967,7.839967,completed,2768,14,none,"",0,7,"clear",24.000000,45,32,14,44,19,21,4,0.100000,0.193982,0.000000,0.895000,0.129167,0.070000,0.697895,0.000000,0.113000
9,1122,3448222470,256,"Day 8 23:35",7.307408,7.307408,completed,3510,15,none,"",0,8,"clear",24.000000,43,38,15,48,20,23,4,0.123333,0.286191,0.000000,0.937732,0.029167,0.393333,0.187895,0.085000,0.079000
9,1123,3448230389,256,"Day 8 00:40",8.072416,8.072416,completed,3945,15,none,"",0,7,"rain",17.000000,45,25,15,41,17,20,4,0.123333,0.152406,0.000000,0.660458,0.029167,0.223333,1.000000,0.085000,0.645800
9,1124,3448238308,256,"Day 8 08:17",8.262116,8.262116,completed,3881,17,none,"",0,7,"rain",17.000000,47,31,17,48,19,22,4,0.071667,0.333709,0.000000,0.936393,0.012500,0.000000,0.555875,0.000000,0.028400
9,1125,3448246227,256,"Day 9 04:30",7.977912,7.977912,completed,3847,14,none,"",0,8,"rain",24.000000,49,33,14,47,19,23,4,0.160000,0.066136,0.053441,1.000000,0.000000,0.023333,0.874627,0.000000,0.258000
9,1126,3448254146,256,"Day 7 18:36",7.457611,7.457611,completed,3367,14,none,"",0,7,"clear",17.000000,41,30,14,43,19,21,4,0.370000,0.102176,0.000000,0.840000,0.095833,0.140000,0.810318,0.065000,0.539600
9,1127,3448262065,256,"Day 8 15:41",8.086602,8.086602,completed,4742,18,none,"",0,8,"rain",17.000000,43,34,18,48,20,24,4,0.156667,0.248504,0.000000,0.793333,0.091667,0.113333,0.487895,0.080000,0.270400
9,1128,3448269984,256,"Day 9 14:34",8.804782,8.804782,completed,4626,21,none,"",0,9,"clear",17.000000,38,39,21,46,19,25,4,0.000000,0.252696,0.000000,0.873333,0.196667,0.077333,0.684500,0.150000,0.086400
10,1101,3448057180,256,"Day 8 04:56",8.581926,8.581926,completed,2477,13,none,"",0,7,"rain",17.000000,50,27,13,52,18,23,4,0.065000,0.000000,0.000000,1.000000,0.175000,0.040000,1.000000,0.000000,0.491400
10,1102,3448065099,256,"Day 8 16:49",8.054472,8.054472,completed,3575,16,none,"",0,8,"clear",17.000000,44,32,16,56,22,21,4,0.183333,0.000000,0.000000,0.968333,0.154167,0.233333,0.762167,0.000000,0.335400
10,1103,3448073018,256,"Day 9 06:42",7.513805,7.513805,completed,2664,13,none,"",0,8,"rain",24.000000,45,39,13,55,20,25,4,0.183333,0.000000,0.000000,0.956667,0.383333,0.166667,0.750558,0.000000,0.000000
10,1104,3448080937,256,"Day 9 20:34",9.109269,9.109269,completed,3646,15,none,"",0,9,"rain",17.000000,49,37,15,50,24,26,4,0.000000,0.122948,0.000000,1.000000,0.041667,0.016667,0.934928,0.095000,0.085000
10,1105,3448088856,256,"Day 9 00:20",7.532776,7.532776,completed,3104,15,none,"",0,8,"rain",17.000000,49,34,15,51,19,21,4,0.501667,0.012000,0.000000,0.836792,0.116667,0.083333,0.965565,0.000000,0.372400
10,1106,3448096775,256,"Day 10 05:12",7.811698,7.811698,completed,3510,20,none,"",0,9,"clear",17.000000,45,29,20,53,19,27,4,0.080000,0.000000,0.000000,0.875125,0.441667,0.453333,0.743998,0.000000,0.037400
10,1107,3448104694,256,"Day 9 07:55",8.672197,8.672197,completed,3524,17,none,"",0,8,"clear",24.000000,39,39,17,54,24,27,4,0.000000,0.310845,0.000000,1.000000,0.041667,0.243333,0.639689,0.250000,0.368000
10,1108,3448112613,256,"Day 8 01:27",8.124156,8.124156,completed,4044,17,none,"",0,7,"rain",17.000000,39,40,17,46,19,19,4,0.246667,0.127535,0.000000,0.883333,0.133333,0.090000,0.940536,0.060000,0.019000
10,1109,3448120532,256,"Day 8 08:48",7.926921,7.926921,completed,2927,16,none,"",0,7,"clear",24.000000,41,31,16,63,20,22,4,0.115333,0.000400,0.000000,0.924761,0.550833,0.320667,0.867672,0.000000,0.208800
10,1110,3448128451,256,"Day 9 23:08",8.043010,8.043010,completed,2280,12,none,"",0,9,"rain",24.000000,46,34,12,66,24,23,4,0.101667,0.444380,0.000000,0.883333,0.116667,0.033333,0.303648,0.330000,0.221400
10,1111,3448136370,256,"Day 10 17:00",8.628988,8.628988,completed,5163,19,none,"",0,10,"rain",17.000000,48,32,19,44,21,28,4,0.000000,0.098948,0.000000,0.947063,0.270000,0.165333,0.907653,0.095000,0.141200
10,1112,3448144289,256,"Day 8 23:04",7.479986,7.479986,completed,2922,16,none,"",0,8,"rain",17.000000,48,35,16,52,21,25,4,0.005000,0.217897,0.000000,1.000000,0.095833,0.000000,0.635698,0.175000,0.226000
10,1113,3448152208,256,"Day 9 07:37",8.617556,8.617556,completed,3241,15,none,"",0,8,"clear",17.000000,46,36,15,50,20,23,4,0.125000,0.006000,0.000000,0.998365,0.241667,0.000000,0.944304,0.000000,0.000000
10,1114,3448160127,256,"Day 9 14:41",7.418126,7.418126,completed,3194,17,none,"",0,9,"clear",17.000000,44,35,17,53,20,26,4,0.000000,0.000000,0.000000,0.912333,0.257500,0.192667,0.704272,0.000000,0.149600
10,1115,3448168046,256,"Day 9 01:04",7.451636,7.451636,completed,2536,13,none,"",0,8,"clear",24.000000,51,28,13,67,23,25,4,0.123333,0.203666,0.000000,0.946667,0.100000,0.450000,0.495952,0.190000,0.476200
10,1116,3448175965,256,"Day 9 02:50",7.490629,7.490629,completed,2695,15,none,"",0,8,"rain",24.000000,46,35,15,58,21,24,4,0.123333,0.123535,0.000000,0.908396,0.116667,0.136667,0.752587,0.070000,0.054400
10,1117,3448183884,256,"Day 9 16:03",8.406654,8.406654,completed,4115,17,none,"",0,9,"clear",24.000000,44,34,17,51,23,24,4,0.000000,0.119535,0.000000,0.718365,0.330000,0.096667,1.000000,0.080000,0.319400
10,1118,3448191803,256,"Day 8 16:12",7.580903,7.580903,completed,2414,12,none,"",0,8,"rain",24.000000,46,32,12,53,18,23,4,0.128333,0.119535,0.000000,0.691667,0.270833,0.240000,1.000000,0.080000,0.289400
10,1119,3448199722,256,"Day 9 16:40",7.234534,7.234534,completed,4396,18,none,"",0,9,"rain",17.000000,50,27,18,44,21,18,4,0.067000,0.116948,0.000000,1.000000,0.134167,0.110667,0.980000,0.095000,0.107400
10,1120,3448207641,256,"Day 9 09:29",7.863635,7.863635,completed,2575,13,none,"",0,8,"rain",24.000000,48,33,13,55,18,22,4,0.021667,0.173655,0.000000,0.868333,0.520833,0.493333,0.942718,0.095000,0.085000
10,1121,3448215560,256,"Day 9 00:30",7.839967,7.839967,completed,2767,14,none,"",0,8,"clear",17.000000,41,40,14,61,24,24,4,0.163333,0.000000,0.000000,1.000000,0.162500,0.120000,0.535936,0.000000,0.253000
10,1122,3448223479,256,"Day 8 07:22",7.307408,7.307408,completed,2815,14,none,"",0,7,"rain",24.000000,50,34,14,56,23,23,4,0.038333,0.211481,0.000000,0.936667,0.166667,0.026667,0.943590,0.110000,0.068800
10,1123,3448231398,256,"Day 8 09:05",8.072416,8.072416,completed,2863,16,none,"",0,7,"rain",17.000000,53,25,16,58,22,21,4,0.090333,0.000400,0.000000,1.000000,0.213333,0.114000,0.821202,0.000000,0.264200
10,1124,3448239317,256,"Day 9 02:04",8.262116,8.262116,completed,3315,17,none,"",0,8,"clear",17.000000,40,37,17,46,22,25,4,0.000000,0.122948,0.000000,0.918333,0.041667,0.023333,0.935469,0.095000,0.248000
10,1125,3448247236,256,"Day 9 03:09",7.977912,7.977912,completed,2444,13,none,"",0,8,"rain",24.000000,53,31,13,55,20,23,4,0.060000,0.116533,0.000000,0.786761,0.050000,0.143333,0.703703,0.000000,0.166000
10,1126,3448255155,256,"Day 7 21:51",7.457611,7.457611,completed,2612,14,none,"",0,7,"clear",17.000000,49,21,14,50,21,26,4,0.000000,0.218484,0.000000,0.908333,0.104167,0.130000,1.000000,0.175000,0.500400
10,1127,3448263074,256,"Day 9 02:11",8.086602,8.086602,completed,2669,16,none,"",0,8,"rain",17.000000,53,30,16,50,21,23,4,0.161667,0.127535,0.000000,0.823333,0.258333,0.073333,1.000000,0.080000,0.733400
10,1128,3448270993,256,"Day 9 09:38",8.804782,8.804782,completed,3963,19,none,"",0,9,"rain",17.000000,45,36,19,62,23,24,4,0.061667,0.014000,0.000000,1.000000,0.000000,0.146667,0.783556,0.000000,0.044000
11,1101,3448058189,256,"Day 10 18:35",8.581926,8.581926,completed,4854,18,none,"",0,10,"rain",24.000000,49,36,18,49,20,27,4,0.080000,0.100031,0.000000,0.896333,0.525833,0.404000,0.098952,0.000000,0.000000
11,1102,3448066108,256,"Day 9 22:59",8.054472,8.054472,completed,3785,18,none,"",30,9,"clear",17.000000,51,48,18,61,21,27,3,0.060000,0.000000,0.171989,1.000000,0.200000,0.356667,0.008952,0.000000,0.134000
11,1103,3448074027,256,"Day 10 11:34",7.513805,7.513805,completed,3680,17,none,"",0,10,"rain",24.000000,51,43,17,55,22,28,4,0.430000,0.012000,0.000000,0.840000,0.146667,0.237333,0.010444,0.000000,0.040400
11,1104,3448081946,256,"Day 10 22:30",9.109269,9.109269,completed,3618,16,none,"",0,10,"rain",24.000000,47,48,16,53,23,25,4,0.057000,0.020400,0.171989,1.000000,0.030000,0.000000,0.008952,0.000000,0.000000
11,1105,3448089865,256,"Day 10 06:13",7.532776,7.532776,completed,4169,17,none,"",0,9,"rain",17.000000,53,34,17,59,20,24,4,0.060000,0.050662,0.229950,1.000000,0.070833,0.080000,0.248952,0.035000,0.216400
11,1106,3448097784,256,"Day 10 17:49",7.811698,7.811698,completed,5083,21,none,"",30,10,"clear",24.000000,44,47,21,52,25,26,3,0.123333,0.207925,0.000000,0.936667,0.033333,0.167333,0.008952,0.070000,0.049400
11,1107,3448105703,256,"Day 11 02:50",8.672197,8.672197,completed,2568,14,none,"",0,10,"clear",17.000000,39,50,14,65,23,28,4,0.060000,0.000000,0.171989,1.000000,0.283333,0.060000,0.071935,0.000000,0.000000
11,1108,3448113622,256,"Day 10 19:50",8.124156,8.124156,completed,2586,16,none,"",0,10,"rain",24.000000,47,41,16,60,22,27,4,0.080000,0.130264,0.148214,0.880000,0.695833,0.440000,0.151935,0.000000,0.000000
11,1109,3448121541,256,"Day 10 11:57",7.926921,7.926921,completed,3693,14,none,"",0,10,"rain",24.000000,47,40,14,55,23,28,4,0.000000,0.335192,0.171989,1.000000,0.050833,0.247333,0.100444,0.179000,0.181400
11,1110,3448129460,256,"Day 8 16:20",8.043010,8.043010,completed,2388,11,none,"",0,8,"clear",24.000000,54,36,11,56,20,20,4,0.000000,0.357293,0.000000,0.940000,0.000000,0.126667,0.547460,0.190000,0.630400
11,1111,3448137379,256,"Day 10 03:46",8.628988,8.628988,completed,5089,19,none,"",0,9,"rain",17.000000,40,47,19,58,22,26,4,0.123333,0.406429,0.047788,0.903333,0.195833,0.086667,0.007460,0.350000,0.372000
11,1112,3448145298,256,"Day 9 16:52",7.479986,7.479986,completed,3033,16,none,"",0,9,"rain",17.000000,51,37,16,50,22,22,4,0.000000,0.131985,0.000000,1.000000,0.125833,0.170667,0.640444,0.045000,0.168400
11,1113,3448153217,256,"Day 9 07:08",8.617556,8.617556,completed,4474,17,none,"",0,8,"clear",17.000000,43,38,17,57,20,25,4,0.038333,0.219092,0.150802,0.900000,0.337500,0.260000,0.367460,0.175000,0.085000
11,1114,3448161136,256,"Day 11 06:50",7.418126,7.418126,completed,4147,17,none,"",0,10,"clear",24.000000,55,41,17,53,22,28,4,0.056667,0.103107,0.105748,1.000000,0.554167,0.000000,0.038952,0.080000,0.076000
11,1115,3448169055,256,"Day 10 18:35",7.451636,7.451636,completed,2913,13,none,"",30,10,"rain",24.000000,45,42,13,66,26,25,3,0.005000,0.201616,0.073205,0.980003,0.816667,0.000000,0.031935,0.065000,0.000000
11,1116,3448176974,256,"Day 9 09:27",7.490629,7.490629,completed,3130,15,none,"",0,8,"rain",24.000000,55,32,15,49,21,22,4,0.175333,0.000000,0.105748,1.000000,0.463333,0.040000,0.720444,0.000000,0.000000
11,1117,3448184893,256,"Day 9 11:52",8.406654,8.406654,completed,3038,17,none,"",0,8,"clear",24.000000,43,48,17,64,23,23,4,0.000000,0.235970,0.171989,0.920000,0.250833,0.096667,0.070444,0.160000,0.138400
11,1118,3448192812,256,"Day 10 05:35",7.580903,7.580903,completed,2659,16,none,"",60,9,"rain",17.000000,45,39,16,64,25,28,2,0.331667,0.014000,0.047788,0.883336,0.645833,0.013333,0.010444,0.000000,0.000000
11,1119,3448200731,256,"Day 9 13:50",7.234534,7.234534,completed,2658,13,none,"",0,8,"clear",17.000000,55,41,13,63,21,25,4,0.371667,0.025972,0.000000,0.996670,0.455000,0.000000,0.160444,0.010000,0.276400
11,1120,3448208650,256,"Day 10 19:08",7.863635,7.863635,completed,3009,14,none,"",0,10,"clear",24.000000,58,39,14,54,22,25,4,0.005000,0.103107,0.156555,0.963003,1.000000,0.197333,0.281935,0.080000,0.076000
11,1121,3448216569,256,"Day 9 01:16",7.839967,7.839967,completed,1862,14,none,"",0,8,"clear",17.000000,52,40,14,57,22,27,4,0.000000,0.097107,0.034880,1.000000,0.358333,0.270000,0.220444,0.095000,0.510200
11,1122,3448224488,256,"Day 10 01:40",7.307408,7.307408,completed,3130,15,none,"",0,9,"clear",24.000000,49,42,15,62,21,22,4,0.000000,0.097107,0.047788,1.000000,0.325833,0.116667,0.130444,0.095000,0.095000
11,1123,3448232407,256,"Day 9 05:07",8.072416,8.072416,completed,4366,15,none,"",0,8,"clear",17.000000,45,39,15,55,21,25,4,0.000000,0.221092,0.171989,0.991667,0.108333,0.036667,0.127460,0.175000,0.268400
11,1124,3448240326,256,"Day 11 14:57",8.262116,8.262116,completed,4094,17,none,"",0,11,"clear",24.000000,55,33,17,51,22,28,4,0.081667,0.091847,0.000000,0.950003,0.033333,0.620000,0.211935,0.000000,0.212000
11,1125,3448248245,256,"Day 9 23:06",7.977912,7.977912,completed,3826,16,none,"",30,9,"clear",17.000000,43,49,16,65,20,25,3,0.006667,0.340848,0.128275,1.000000,0.375000,0.490000,0.008952,0.330000,0.000000
11,1126,3448256164,256,"Day 9 16:49",7.457611,7.457611,completed,2820,15,none,"",0,9,"rain",17.000000,44,44,15,55,22,24,4,0.123333,0.101107,0.000000,0.938333,0.238333,0.544000,0.038952,0.085000,0.079000
11,1127,3448264083,256,"Day 10 03:27",8.086602,8.086602,completed,3323,17,none,"",0,9,"rain",24.000000,51,34,17,62,18,25,4,0.003333,0.097107,0.000000,1.000000,0.079167,0.203333,0.128952,0.095000,0.176000
11,1128,3448272002,256,"Day 9 17:31",8.804782,8.804782,completed,3727,22,none,"",0,9,"clear",17.000000,47,36,22,61,21,26,4,0.000000,0.328507,0.000000,1.000000,0.201667,0.040000,0.008952,0.234000,0.224400
12,1101,3448059198,256,"Day 10 03:56",8.581926,8.581926,completed,3852,17,none,"",0,9,"clear",17.000000,58,36,17,64,22,24,4,0.000000,0.125747,0.175169,0.990000,0.087500,0.020000,0.097655,0.080000,0.213400
12,1102,3448067117,256,"Day 10 10:29",8.054472,8.054472,completed,3586,15,none,"",0,9,"clear",17.000000,48,41,15,57,18,27,4,0.123333,0.612231,0.000000,0.915000,0.266667,0.676667,0.090717,0.390000,0.249400
12,1103,3448075036,256,"Day 10 11:43",7.513805,7.513805,completed,3185,14,none,"",30,10,"rain",24.000000,58,33,14,63,20,25,3,0.403667,0.001249,0.014145,1.000000,0.535000,0.207333,0.012247,0.000000,0.245400
12,1104,3448082955,256,"Day 9 03:51",9.109269,9.109269,completed,3089,14,none,"",0,8,"rain",24.000000,52,33,14,67,24,24,4,0.000000,0.441345,0.000000,1.000000,0.066667,0.036667,0.099186,0.305000,0.368400
12,1105,3448090874,256,"Day 10 14:11",7.532776,7.532776,completed,3120,15,none,"",0,10,"clear",17.000000,49,48,15,57,22,25,4,0.005000,0.453338,0.000000,1.000000,0.175000,0.000000,0.192247,0.335000,0.174000
12,1106,3448098793,256,"Day 10 03:13",7.811698,7.811698,completed,4751,17,none,"",0,9,"clear",17.000000,53,39,17,56,23,21,4,0.000000,0.099199,0.165023,0.921667,0.462500,0.413333,0.217655,0.095000,0.124400
12,1107,3448106712,256,"Day 9 23:33",8.672197,8.672197,completed,4426,15,none,"",0,9,"clear",24.000000,46,40,15,56,21,26,4,0.000000,0.354283,0.175169,0.935000,0.195833,0.110000,0.187655,0.195000,0.059000
12,1108,3448114631,256,"Day 10 13:30",8.124156,8.124156,completed,4148,14,none,"",0,9,"rain",24.000000,54,39,14,57,22,27,4,0.082000,0.014400,0.051445,1.000000,0.000833,0.584000,0.100717,0.000000,0.000000
12,1109,3448122550,256,"Day 9 06:41",7.926921,7.926921,completed,2409,13,none,"",0,8,"rain",24.000000,54,38,13,59,21,20,4,0.005000,0.242149,0.000000,1.000000,0.041667,0.000000,0.369186,0.215000,0.616000
12,1110,3448130469,256,"Day 10 12:58",8.043010,8.043010,completed,3490,17,none,"",0,9,"clear",24.000000,52,31,17,54,24,25,4,0.000000,0.113199,0.000000,1.000000,0.020833,0.110000,0.310717,0.095000,0.107000
12,1111,3448138388,256,"Day 9 12:59",8.628988,8.628988,completed,3626,17,none,"",0,8,"rain",17.000000,53,43,17,57,21,23,4,0.005000,0.137747,0.000000,0.990000,0.169167,0.110000,0.149186,0.080000,0.064000
12,1112,3448146307,256,"Day 9 09:27",7.479986,7.479986,completed,4019,18,none,"",0,8,"rain",17.000000,50,40,18,60,22,21,4,0.123667,0.138147,0.000000,0.946667,0.009167,0.324000,0.339186,0.034000,0.259200
12,1113,3448154226,256,"Day 10 07:31",8.617556,8.617556,completed,2583,17,none,"",60,9,"clear",24.000000,43,51,17,60,20,24,2,0.021667,0.140668,0.005897,0.898333,0.588333,0.521333,0.032247,0.095000,0.085000
12,1114,3448162145,256,"Day 9 15:56",7.418126,7.418126,completed,3371,15,none,"",0,9,"clear",17.000000,52,34,15,52,18,23,4,0.183333,0.004000,0.000000,0.832000,0.170000,0.783333,0.279186,0.000000,0.523400
12,1115,3448170064,256,"Day 9 19:20",7.451636,7.451636,completed,2105,13,none,"",0,9,"rain",17.000000,54,31,13,57,22,25,4,0.005000,0.218399,0.000000,1.000000,0.329167,0.000000,0.210717,0.140000,0.140000
12,1116,3448177983,256,"Day 11 15:15",7.490629,7.490629,completed,4275,15,none,"",0,10,"clear",17.000000,50,45,15,55,23,24,4,0.000000,0.014769,0.051445,1.000000,0.000000,0.352667,0.102247,0.000000,0.000000
12,1117,3448185902,256,"Day 10 00:19",8.406654,8.406654,completed,3021,16,none,"",0,9,"clear",24.000000,49,46,16,63,20,22,4,0.000000,0.344739,0.000000,0.936667,0.066667,0.026667,0.279186,0.150000,0.052000
12,1118,3448193821,256,"Day 9 23:39",7.580903,7.580903,completed,5618,15,none,"",0,9,"rain",17.000000,56,32,15,59,23,24,4,0.005000,0.105199,0.175169,0.970000,0.480000,0.000000,0.157655,0.080000,0.453400
12,1119,3448201740,256,"Day 10 21:07",7.234534,7.234534,completed,3121,19,none,"",0,10,"clear",24.000000,51,39,19,64,21,25,4,0.060000,0.000000,0.175169,1.000000,0.755000,0.187333,0.070717,0.000000,0.098000
12,1120,3448209659,256,"Day 11 13:04",7.863635,7.863635,completed,4200,17,none,"",0,10,"clear",24.000000,52,46,17,57,23,23,4,0.006667,0.119009,0.000000,1.000000,0.217500,0.030000,0.012247,0.155000,0.000000
12,1121,3448217578,256,"Day 11 08:13",7.839967,7.839967,completed,2777,15,none,"",0,10,"clear",24.000000,60,36,15,52,23,25,4,0.000000,0.356693,0.175169,0.926667,0.120833,0.126667,0.102247,0.245000,0.043000
12,1122,3448225497,256,"Day 10 16:57",7.307408,7.307408,completed,3348,12,none,"",0,10,"clear",24.000000,55,42,12,61,19,25,4,0.060000,0.057501,0.175169,1.000000,0.070833,0.267333,0.012247,0.125000,0.460000
12,1123,3448233416,256,"Day 11 03:32",8.072416,8.072416,completed,4504,20,none,"",0,10,"rain",17.000000,48,45,20,55,19,23,4,0.033333,0.119747,0.175169,0.886667,0.700833,0.463333,0.160717,0.080000,0.025000
12,1124,3448241335,256,"Day 10 00:26",8.262116,8.262116,completed,4719,19,none,"",0,9,"clear",24.000000,46,43,19,58,24,24,4,0.060000,0.000000,0.166921,1.000000,0.200000,0.563333,0.039186,0.000000,0.010000
12,1125,3448249254,256,"Day 9 15:52",7.977912,7.977912,completed,2234,13,none,"",0,9,"clear",17.000000,54,47,13,59,21,24,4,0.060000,0.159897,0.000000,0.990000,0.130000,0.094000,0.159186,0.114000,0.170400
12,1126,3448257173,256,"Day 9 17:11",7.457611,7.457611,completed,2378,11,none,"",0,9,"rain",17.000000,50,41,11,62,20,25,4,0.000000,0.202399,0.086846,0.906667,0.412500,0.303333,0.250717,0.190000,0.170000
12,1127,3448265092,256,"Day 9 11:27",8.086602,8.086602,completed,2740,17,none,"",0,9,"rain",17.000000,55,45,17,54,21,23,4,0.000000,0.138385,0.007138,0.969667,0.550833,0.480667,0.280717,0.095000,0.133400
12,1128,3448273011,256,"Day 11 08:06",8.804782,8.804782,completed,5129,25,none,"",0,10,"clear",24.000000,51,36,25,54,21,22,4,0.000000,0.358296,0.037794,0.970000,0.209167,0.056667,0.129186,0.304000,0.340400
13,1101,3448060207,256,"Day 8 00:06",8.581926,8.581926,completed,4134,15,none,"",0,7,"rain",17.000000,38,38,15,54,23,25,4,0.093333,0.000000,0.000000,0.936667,0.154167,0.186667,0.567964,0.000000,0.250000
13,1102,3448068126,256,"Day 8 15:50",8.054472,8.054472,completed,2606,19,none,"",0,7,"clear",17.000000,42,29,19,61,23,25,4,0.120333,0.000000,0.000000,1.000000,0.100833,0.104000,0.082828,0.000000,0.067400
13,1103,3448076045,256,"Day 8 21:58",7.513805,7.513805,completed,3446,16,none,"",0,8,"rain",24.000000,42,33,16,61,23,22,4,0.215000,0.004000,0.000000,0.946667,0.058333,0.126667,0.069023,0.000000,0.033400
13,1104,3448083964,256,"Day 8 04:16",9.109269,9.109269,completed,4701,13,none,"",0,7,"rain",17.000000,44,27,13,49,23,25,4,0.000000,0.098397,0.000000,0.970000,0.158333,0.016667,1.000000,0.095000,0.170600
13,1105,3448091883,256,"Day 8 04:13",7.532776,7.532776,completed,1795,15,none,"",60,7,"clear",17.000000,39,35,15,59,21,23,2,0.280000,0.004000,0.000000,0.946667,0.108333,0.110000,0.082828,0.000000,0.000000
13,1106,3448099802,256,"Day 8 15:01",7.811698,7.811698,completed,5336,18,none,"",0,8,"clear",17.000000,42,30,18,42,21,22,4,0.123333,0.230416,0.000000,0.916667,0.029167,0.046667,0.975326,0.115000,0.861800
13,1107,3448107721,256,"Day 8 12:30",8.672197,8.672197,completed,3423,16,none,"",0,7,"clear",17.000000,41,31,16,63,25,23,4,0.065000,0.006000,0.000000,1.000000,0.133333,0.000000,0.159023,0.000000,0.120400
13,1108,3448115640,256,"Day 7 17:03",8.124156,8.124156,completed,3292,14,none,"",0,7,"rain",17.000000,47,27,14,57,17,21,4,0.000000,0.198794,0.000000,1.000000,0.041667,0.113333,0.369023,0.190000,0.237400
13,1109,3448123559,256,"Day 7 19:28",7.926921,7.926921,completed,2462,12,none,"",0,7,"clear",24.000000,38,34,12,53,19,25,4,0.256667,0.146019,0.000000,0.916667,0.008333,0.050000,0.549023,0.035000,0.157400
13,1110,3448131478,256,"Day 9 04:25",8.043010,8.043010,completed,3874,13,none,"",0,8,"clear",24.000000,39,35,13,59,22,23,4,0.000000,0.120019,0.000000,0.990000,0.183333,0.020000,0.219023,0.080000,0.000000
13,1111,3448139397,256,"Day 8 08:48",8.628988,8.628988,completed,2621,16,none,"",0,7,"rain",24.000000,43,24,16,60,19,27,4,0.625333,0.008246,0.000000,0.920000,0.420833,0.408000,0.102828,0.000000,0.000000
13,1112,3448147316,256,"Day 8 08:04",7.479986,7.479986,completed,2727,15,none,"",0,7,"clear",24.000000,39,34,15,56,19,23,4,0.000333,0.212816,0.000000,0.977537,0.555000,0.037333,0.153477,0.174000,0.084400
13,1113,3448155235,256,"Day 7 13:43",8.617556,8.617556,completed,4799,17,none,"",0,7,"rain",17.000000,43,30,17,52,19,22,4,0.188333,0.004000,0.045604,0.755741,0.341667,0.046667,0.951368,0.000000,0.592400
13,1114,3448163154,256,"Day 8 06:14",7.418126,7.418126,completed,2577,15,none,"",0,7,"rain",17.000000,43,30,15,70,25,26,4,0.000000,0.184794,0.000000,1.000000,0.362500,0.216667,0.099023,0.190000,0.268000
13,1115,3448171073,256,"Day 6 07:02",7.451636,7.451636,completed,2238,12,none,"",0,5,"clear",17.000000,42,25,12,49,17,17,4,0.000000,0.206416,0.000000,0.845000,0.137500,0.133333,1.000000,0.175000,0.515800
13,1116,3448178992,256,"Day 8 10:01",7.490629,7.490629,completed,2758,13,none,"",0,7,"clear",17.000000,40,37,13,62,20,24,4,0.123667,0.000000,0.000000,1.000000,0.159167,0.327333,0.172828,0.000000,0.000000
13,1117,3448186911,256,"Day 8 19:31",8.406654,8.406654,completed,3329,15,none,"",0,8,"clear",24.000000,35,30,15,63,23,25,4,0.183333,0.000000,0.000000,0.916667,0.162500,0.063333,0.342951,0.000000,0.161400
13,1118,3448194830,256,"Day 9 06:30",7.580903,7.580903,completed,2468,12,none,"",0,8,"rain",24.000000,45,28,12,65,25,26,4,0.000000,0.120397,0.000000,1.000000,0.000000,0.170000,0.082828,0.025000,0.043000
13,1119,3448202749,256,"Day 8 22:24",7.234534,7.234534,completed,4459,18,none,"",0,8,"clear",17.000000,33,40,18,57,24,23,4,0.060000,0.000000,0.027888,1.000000,0.166667,0.176667,0.249023,0.000000,0.080000
13,1120,3448210668,256,"Day 8 10:10",7.863635,7.863635,completed,3560,13,none,"",0,7,"rain",17.000000,48,24,13,49,21,25,4,0.095333,0.230816,0.000000,0.835407,0.046667,0.067333,0.489023,0.129000,0.150800
13,1121,3448218587,256,"Day 9 11:03",7.839967,7.839967,completed,3491,16,none,"",90,8,"clear",17.000000,37,33,16,72,23,25,1,0.066667,0.148803,0.000000,1.000000,0.050000,0.063333,0.102828,0.000000,0.036000
13,1122,3448226506,256,"Day 8 03:34",7.307408,7.307408,completed,2291,14,none,"",0,7,"rain",24.000000,42,26,14,63,24,23,4,0.060000,0.000000,0.000000,0.956204,0.200000,0.076667,0.369023,0.000000,0.268400
13,1123,3448234425,256,"Day 8 17:56",8.072416,8.072416,completed,3599,21,none,"",0,8,"clear",17.000000,35,39,21,61,20,27,4,0.306667,0.000000,0.000000,0.923333,0.066667,0.136667,0.069023,0.000000,0.000000
13,1124,3448242344,256,"Day 9 10:51",8.262116,8.262116,completed,4054,17,none,"",0,8,"clear",17.000000,38,32,17,54,24,26,4,0.196667,0.115911,0.000000,0.946667,0.266667,0.006667,0.089023,0.130000,0.070000
13,1125,3448250263,256,"Day 7 22:08",7.977912,7.977912,completed,2623,12,none,"",0,7,"clear",17.000000,47,23,12,55,22,23,4,0.000000,0.212794,0.000000,0.970000,0.041667,0.056667,0.599426,0.190000,0.185000
13,1126,3448258182,256,"Day 8 17:06",7.457611,7.457611,completed,3325,15,none,"",60,8,"clear",24.000000,43,32,15,66,24,23,2,0.170000,0.000000,0.000000,0.928333,0.587500,0.460000,0.122454,0.000000,0.000000
13,1127,3448266101,256,"Day 8 16:18",8.086602,8.086602,completed,3607,14,none,"",0,8,"rain",17.000000,42,31,14,74,23,28,4,0.000000,0.190794,0.000000,0.970000,0.104167,0.016667,0.099023,0.175000,0.216400
13,1128,3448274020,256,"Day 8 08:47",8.804782,8.804782,completed,5082,25,none,"",0,7,"rain",17.000000,40,26,25,52,21,24,4,0.253333,0.090212,0.000000,0.843333,0.116667,0.116667,0.397061,0.000000,0.082000
14,1101,3448061216,256,"Day 7 10:41",8.581926,8.581926,completed,3125,17,none,"",0,7,"rain",17.000000,40,25,17,70,23,25,4,0.005000,0.116923,0.000000,1.000000,0.012500,0.000000,0.173769,0.045000,0.208000
14,1102,3448069135,256,"Day 8 08:31",8.054472,8.054472,completed,3275,12,none,"",0,7,"clear",17.000000,36,30,12,60,22,24,4,0.123333,0.217846,0.000000,0.946667,0.083333,0.063333,0.240523,0.180000,0.164000
14,1103,3448077054,256,"Day 7 19:36",7.513805,7.513805,completed,2773,16,none,"",30,7,"rain",17.000000,40,26,16,66,23,26,3,0.033333,0.117830,0.000000,0.986667,0.420833,0.326667,0.033769,0.080000,0.000000
14,1104,3448084973,256,"Day 7 18:21",9.109269,9.109269,completed,2839,13,none,"",0,7,"rain",17.000000,39,23,13,56,20,22,4,0.123333,0.100923,0.000000,0.657447,0.291667,0.120000,0.513769,0.085000,0.366400
14,1105,3448092892,256,"Day 8 21:00",7.532776,7.532776,completed,3793,15,none,"",0,8,"rain",17.000000,38,23,15,63,23,30,4,0.080000,0.000000,0.000000,0.898333,0.430000,0.447333,0.033769,0.000000,0.017400
14,1106,3448100811,256,"Day 8 13:59",7.811698,7.811698,completed,3002,17,none,"",90,8,"clear",17.000000,34,28,17,73,25,25,1,0.065000,0.000000,0.000000,1.000000,0.380000,0.040000,0.040523,0.000000,0.125000
14,1107,3448108730,256,"Day 9 07:38",8.672197,8.672197,completed,3003,15,none,"",90,8,"clear",24.000000,35,30,15,76,22,27,1,0.063333,0.117830,0.000000,0.966667,0.175000,0.203333,0.067277,0.080000,0.074000
14,1108,3448116649,256,"Day 8 04:17",8.124156,8.124156,completed,2686,16,none,"",0,7,"rain",17.000000,40,26,16,60,22,23,4,0.190000,0.117830,0.000000,0.990000,0.225000,0.203333,0.033769,0.080000,0.019000
14,1109,3448124568,256,"Day 8 22:54",7.926921,7.926921,completed,4575,20,none,"",30,8,"rain",24.000000,38,26,20,61,21,23,3,0.167000,0.000000,0.000000,0.921482,0.083333,0.460000,0.033769,0.000000,0.000000
14,1110,3448132487,256,"Day 8 06:20",8.043010,8.043010,completed,3132,14,none,"",0,7,"rain",24.000000,41,18,14,68,25,27,4,0.000000,0.110923,0.000000,1.000000,0.020833,0.080000,0.183769,0.095000,0.214400
14,1111,3448140406,256,"Day 7 13:35",8.628988,8.628988,completed,2924,19,none,"",30,6,"rain",24.000000,42,24,19,69,22,21,3,0.220333,0.014000,0.000000,1.000000,0.000000,0.110000,0.033769,0.000000,0.025400
14,1112,3448148325,256,"Day 8 11:00",7.479986,7.479986,completed,3629,17,none,"",0,7,"clear",24.000000,39,25,17,62,22,24,4,0.060000,0.000000,0.000000,0.940000,0.083333,0.056667,0.273769,0.000000,0.186400
14,1113,3448156244,256,"Day 8 11:17",8.617556,8.617556,completed,4691,18,none,"",0,7,"rain",17.000000,37,25,18,58,22,23,4,0.410333,0.000000,0.000000,0.923333,0.117500,0.117333,0.273769,0.000000,0.000000
14,1114,3448164163,256,"Day 8 15:10",7.418126,7.418126,completed,3633,19,none,"",30,7,"clear",24.000000,33,30,19,67,23,22,3,0.272000,0.132230,0.000000,0.886149,0.538333,0.034000,0.033769,0.070000,0.000000
14,1115,3448172082,256,"Day 7 16:56",7.451636,7.451636,completed,2589,13,none,"",0,7,"rain",17.000000,37,30,13,64,22,25,4,0.137000,0.000000,0.000000,0.900000,0.263333,0.200000,0.033769,0.000000,0.000000
14,1116,3448180001,256,"Day 8 15:14",7.490629,7.490629,completed,2685,14,none,"",0,7,"clear",17.000000,35,25,14,74,22,28,4,0.000000,0.116923,0.000000,1.000000,0.000000,0.023333,0.100523,0.045000,0.055000
14,1117,3448187920,256,"Day 8 23:09",8.406654,8.406654,completed,4198,16,none,"",30,8,"clear",24.000000,37,26,16,59,22,27,3,0.000000,0.096923,0.000000,1.000000,0.179167,0.266667,0.033769,0.095000,0.310400
14,1118,3448195839,256,"Day 8 16:25",7.580903,7.580903,completed,3268,14,none,"",30,8,"rain",24.000000,36,30,14,67,25,24,3,0.477333,0.329141,0.050057,0.943333,0.392500,0.073333,0.040523,0.280000,0.079000
14,1119,3448203758,256,"Day 7 23:29",7.234534,7.234534,completed,3403,17,none,"",0,7,"clear",17.000000,40,27,17,65,22,24,4,0.070000,0.006000,0.000000,1.000000,0.062500,0.000000,0.027015,0.000000,0.008000
14,1120,3448211677,256,"Day 8 08:16",7.863635,7.863635,completed,2360,14,none,"",0,7,"rain",17.000000,44,22,14,67,23,24,4,0.000000,0.207846,0.000000,0.970000,0.020833,0.113333,0.093769,0.155000,0.316400
14,1121,3448219596,256,"Day 9 14:51",7.839967,7.839967,completed,4160,14,none,"",0,8,"clear",17.000000,41,21,14,70,24,28,4,0.000000,0.217846,0.000000,1.000000,0.000000,0.046667,0.210523,0.130000,0.211000
14,1122,3448227515,256,"Day 8 10:10",7.307408,7.307408,completed,3195,16,none,"",0,7,"rain",24.000000,38,26,16,65,21,21,4,0.000333,0.097323,0.000000,1.000000,0.313333,0.057333,0.160523,0.094000,0.225400
14,1123,3448235434,256,"Day 8 13:12",8.072416,8.072416,completed,3966,16,none,"",0,7,"clear",17.000000,44,20,16,64,25,25,4,0.156667,0.121830,0.000000,0.913333,0.112500,0.114000,0.123769,0.070000,0.112400
14,1124,3448243353,256,"Day 8 21:41",8.262116,8.262116,completed,4770,16,none,"",0,8,"clear",17.000000,37,29,16,65,24,24,4,0.000000,0.117830,0.000000,0.990000,0.458333,0.270000,0.033769,0.080000,0.146400
14,1125,3448251272,256,"Day 7 23:51",7.977912,7.977912,completed,2399,10,none,"",0,7,"clear",17.000000,44,19,10,61,22,26,4,0.445000,0.014000,0.007647,1.000000,0.000000,0.150000,0.363769,0.000000,0.000000
14,1126,3448259191,256,"Day 9 04:24",7.457611,7.457611,completed,3197,13,none,"",0,8,"clear",24.000000,39,26,13,69,23,27,4,0.218667,0.000000,0.000000,1.000000,0.150000,0.206667,0.100523,0.000000,0.028400
14,1127,3448267110,256,"Day 8 14:01",8.086602,8.086602,completed,2795,14,none,"",0,7,"rain",24.000000,36,29,14,72,24,26,4,0.378667,0.018000,0.000000,1.000000,0.000000,0.086667,0.040523,0.000000,0.022000
14,1128,3448275029,256,"Day 8 11:41",8.804782,8.804782,completed,3930,19,none,"",60,8,"rain",17.000000,36,27,19,69,21,28,2,0.557000,0.018400,0.000000,0.946667,0.009167,0.110667,0.033769,0.000000,0.056400
15,1101,3448062225,256,"Day 7 00:42",8.581926,8.581926,completed,2877,16,none,"",0,6,"rain",17.000000,51,13,16,58,23,23,4,0.038333,0.123291,0.000000,0.936667,0.166667,0.026667,0.478389,0.080000,0.468400
15,1102,3448070144,256,"Day 7 23:25",8.054472,8.054472,completed,3513,17,none,"",0,7,"clear",17.000000,45,19,17,52,21,25,4,0.065000,0.000000,0.000000,0.883400,0.062500,0.040000,0.771292,0.000000,0.251800
15,1103,3448078063,256,"Day 6 17:29",7.513805,7.513805,completed,2639,17,none,"",0,6,"clear",17.000000,39,27,17,55,21,22,4,0.188333,0.000000,0.000000,0.886667,0.091667,0.046667,0.508389,0.000000,0.135000
15,1104,3448085982,256,"Day 7 09:08",9.109269,9.109269,completed,3232,14,none,"",0,6,"rain",24.000000,49,18,14,58,21,24,4,0.213667,0.004400,0.000000,0.916667,0.142500,0.104000,0.425486,0.000000,0.413800
15,1105,3448093901,256,"Day 7 08:09",7.532776,7.532776,completed,2983,16,none,"",0,6,"clear",17.000000,42,26,16,55,22,22,4,0.000333,0.091933,0.000000,0.848000,0.105000,0.107333,0.275486,0.094000,0.420800
15,1106,3448101820,256,"Day 8 02:45",7.811698,7.811698,completed,3963,18,none,"",0,7,"clear",17.000000,47,17,18,50,21,21,4,0.000000,0.091533,0.000000,0.740533,0.133333,0.080000,0.688389,0.095000,0.275000
15,1107,3448109739,256,"Day 7 19:17",8.672197,8.672197,completed,4058,18,none,"",0,7,"clear",17.000000,43,26,18,55,24,25,4,0.060000,0.000000,0.000000,0.985066,0.070833,0.186667,0.058389,0.000000,0.049000
15,1108,3448117658,256,"Day 7 11:53",8.124156,8.124156,completed,2372,17,none,"",0,6,"rain",17.000000,47,15,17,57,21,24,4,0.060000,0.000000,0.000000,1.000000,0.050000,0.063333,0.785486,0.000000,0.322800
15,1109,3448125577,256,"Day 8 10:12",7.926921,7.926921,completed,4047,17,none,"",0,7,"clear",24.000000,41,29,17,57,23,22,4,0.097000,0.095933,0.000000,0.954667,0.088333,0.224000,0.065486,0.095000,0.198400
15,1110,3448133496,256,"Day 7 00:34",8.043010,8.043010,completed,3104,14,none,"",0,6,"clear",24.000000,46,18,14,51,21,22,4,0.177000,0.338515,0.000000,0.674667,0.192500,0.177333,0.598389,0.224000,0.419200
15,1111,3448141415,256,"Day 7 15:01",8.628988,8.628988,completed,4575,19,none,"",0,6,"rain",24.000000,43,15,19,52,20,24,4,0.000000,0.091533,0.000000,1.000000,0.216667,0.317333,0.778389,0.095000,0.448200
15,1112,3448149334,256,"Day 7 07:13",7.479986,7.479986,completed,3964,14,none,"",0,6,"clear",17.000000,43,18,14,49,20,18,4,0.188333,0.000000,0.000000,0.461732,0.225000,0.046667,1.000000,0.000000,0.434400
15,1113,3448157253,256,"Day 7 04:37",8.617556,8.617556,completed,3553,14,none,"",0,6,"rain",24.000000,39,27,14,49,22,22,4,0.188333,0.117291,0.000000,0.508466,0.220833,0.250000,0.621292,0.070000,0.261400
15,1114,3448165172,256,"Day 7 17:53",7.418126,7.418126,completed,4128,18,none,"",0,7,"rain",24.000000,40,23,18,51,23,20,4,0.183333,0.000000,0.000000,0.649733,0.129167,0.166667,0.688389,0.000000,0.422400
15,1115,3448173091,256,"Day 6 06:09",7.451636,7.451636,completed,2604,13,none,"",0,5,"clear",17.000000,43,14,13,49,18,17,4,0.000000,0.095533,0.000000,0.710065,0.100000,0.170000,1.000000,0.095000,0.693800
15,1116,3448181010,256,"Day 6 21:28",7.490629,7.490629,completed,2423,13,none,"",0,6,"rain",17.000000,45,18,13,57,21,21,4,0.086667,0.218712,0.000000,0.706733,0.145833,0.140000,0.778389,0.080000,0.581800
15,1117,3448188929,256,"Day 7 13:13",8.406654,8.406654,completed,3362,16,none,"",0,6,"rain",24.000000,41,25,16,54,22,23,4,0.070000,0.000000,0.000000,0.936667,0.083333,0.090000,0.328389,0.000000,0.291400
15,1118,3448196848,256,"Day 7 12:00",7.580903,7.580903,completed,2340,13,none,"",0,7,"clear",24.000000,43,27,13,57,22,23,4,0.000000,0.095533,0.000000,0.956667,0.108333,0.134000,0.095486,0.095000,0.256800
15,1119,3448204767,256,"Day 7 02:07",7.234534,7.234534,completed,3724,16,none,"",0,6,"clear",24.000000,45,17,16,51,20,21,4,0.000000,0.091533,0.000000,1.000000,0.070833,0.153333,0.861292,0.095000,0.718400
15,1120,3448212686,256,"Day 6 16:00",7.863635,7.863635,completed,2090,13,none,"",0,6,"clear",17.000000,43,27,13,61,23,23,4,0.406667,0.032000,0.000000,0.976733,0.012500,0.000000,0.268389,0.000000,0.334800
15,1121,3448220605,256,"Day 5 16:25",7.839967,7.839967,completed,1921,11,none,"",0,4,"clear",24.000000,42,11,11,42,14,18,4,0.060000,0.000000,0.000000,0.299999,0.154167,0.113333,1.000000,0.000000,0.566200
15,1122,3448228524,256,"Day 6 18:33",7.307408,7.307408,completed,2403,13,none,"",0,6,"rain",17.000000,42,23,13,53,21,17,4,0.000000,0.097533,0.000000,0.778199,0.266667,0.016667,0.688389,0.095000,0.545400
15,1123,3448236443,256,"Day 8 10:47",8.072416,8.072416,completed,4695,21,none,"",30,7,"rain",17.000000,36,33,21,56,21,24,3,0.000000,0.091533,0.000000,1.000000,0.105000,0.074000,0.035486,0.095000,0.133400
15,1124,3448244362,256,"Day 7 04:26",8.262116,8.262116,completed,3651,14,none,"",0,6,"rain",17.000000,45,18,14,50,20,22,4,0.000000,0.091533,0.000000,0.776766,0.100000,0.103333,0.861292,0.095000,0.570400
15,1125,3448252281,256,"Day 6 21:44",7.977912,7.977912,completed,2659,12,none,"",0,6,"clear",24.000000,44,22,12,54,22,23,4,0.065000,0.006000,0.000000,0.961766,0.091667,0.000000,0.388389,0.000000,0.207800
15,1126,3448260200,256,"Day 6 09:50",7.457611,7.457611,completed,2569,12,none,"",0,6,"clear",24.000000,42,18,12,49,18,19,4,0.061667,0.000000,0.000000,0.603466,0.050000,0.126667,1.000000,0.000000,0.613400
15,1127,3448268119,256,"Day 7 22:10",8.086602,8.086602,completed,3749,16,none,"",0,7,"clear",24.000000,45,23,16,59,21,23,4,0.000000,0.091533,0.000000,0.940000,0.300000,0.140000,0.268389,0.095000,0.258400
15,1128,3448276038,256,"Day 6 15:22",8.804782,8.804782,completed,3252,19,none,"",0,6,"rain",24.000000,42,16,19,51,19,19,4,0.408333,0.125291,0.000000,0.776667,0.191667,0.086667,1.000000,0.070000,0.256800
16,1101,3448063234,256,"Day 8 09:09",8.581926,8.581926,completed,3887,15,none,"",0,7,"rain",17.000000,36,34,15,43,18,23,4,0.000000,0.243215,0.000000,1.000000,0.000000,0.120000,1.000000,0.155000,0.683400
16,1102,3448071153,256,"Day 9 06:35",8.054472,8.054472,completed,3831,17,none,"",0,8,"clear",17.000000,42,35,17,44,24,24,4,0.033333,0.163819,0.000000,0.780000,0.150000,0.200000,0.992532,0.080000,0.242400
16,1103,3448079072,256,"Day 8 01:26",7.513805,7.513805,completed,2990,15,none,"",0,7,"rain",17.000000,43,37,15,48,23,23,4,0.095000,0.288653,0.000000,1.000000,0.000000,0.373333,0.677701,0.050000,0.175000
16,1104,3448086991,256,"Day 6 17:30",9.109269,9.109269,completed,1816,15,none,"",0,6,"rain",24.000000,42,35,15,44,18,22,4,0.123333,0.433052,0.000000,0.809320,0.079167,0.126667,0.950783,0.245000,0.894800
16,1105,3448094910,256,"Day 7 22:49",7.532776,7.532776,completed,3284,16,none,"",0,7,"clear",17.000000,44,34,16,48,21,23,4,0.000000,0.191749,0.000000,0.853333,0.187500,0.133333,1.000000,0.190000,0.421400
16,1106,3448102829,256,"Day 7 16:54",7.811698,7.811698,completed,3849,16,none,"",0,7,"clear",17.000000,42,31,16,45,21,19,4,0.000000,0.397911,0.000000,0.900493,0.212500,0.040000,1.000000,0.160000,0.671800
16,1107,3448110748,256,"Day 9 06:26",8.672197,8.672197,completed,3708,17,none,"",0,8,"clear",24.000000,40,35,17,43,22,24,4,0.263333,0.433249,0.000000,0.938799,0.000000,0.110000,0.980000,0.095000,0.019000
16,1108,3448118667,256,"Day 8 03:52",8.124156,8.124156,completed,3164,16,none,"",0,7,"rain",17.000000,38,39,16,48,25,24,4,0.406667,0.124607,0.000000,0.933827,0.037500,0.000000,0.613582,0.000000,0.136000
16,1109,3448126586,256,"Day 7 21:29",7.926921,7.926921,completed,2005,13,none,"",0,7,"clear",24.000000,51,32,13,50,20,24,4,0.000000,0.111872,0.000000,0.940000,0.245833,0.226667,0.612624,0.095000,0.716800
16,1110,3448134505,256,"Day 8 09:12",8.043010,8.043010,completed,3806,13,none,"",0,7,"rain",24.000000,46,34,13,42,23,24,4,0.045000,0.353897,0.000000,0.788639,0.083333,0.050000,1.000000,0.175000,0.252400
16,1111,3448142424,256,"Day 8 22:25",8.628988,8.628988,completed,3727,23,none,"",0,8,"rain",17.000000,38,37,23,48,26,28,4,0.005000,0.191715,0.000000,0.998827,0.212500,0.000000,0.559470,0.065000,0.054000
16,1112,3448150343,256,"Day 7 20:40",7.479986,7.479986,completed,3282,15,none,"",0,7,"clear",24.000000,46,22,15,43,19,22,4,0.648333,0.058284,0.000000,0.496973,0.083333,0.120000,1.000000,0.000000,0.728800
16,1113,3448158262,256,"Day 8 05:09",8.617556,8.617556,completed,3265,17,none,"",0,7,"rain",17.000000,47,27,17,45,18,19,4,0.000000,0.248553,0.000000,1.000000,0.033333,0.016667,1.000000,0.130000,0.787400
16,1114,3448166181,256,"Day 8 20:12",7.418126,7.418126,completed,4732,17,none,"",0,8,"clear",24.000000,46,31,17,44,22,22,4,0.183333,0.194371,0.000000,0.946667,0.058333,0.176667,0.954872,0.000000,0.111400
16,1115,3448174100,256,"Day 7 20:43",7.451636,7.451636,completed,2490,14,none,"",0,7,"rain",17.000000,46,28,14,45,22,23,4,0.000000,0.387589,0.022779,0.686160,0.827500,0.505333,0.901065,0.080000,0.177200
16,1116,3448182019,256,"Day 8 06:57",7.490629,7.490629,completed,3221,14,none,"",0,7,"clear",17.000000,51,34,14,46,20,23,4,0.060000,0.169404,0.000000,0.888333,0.079167,0.086667,0.989143,0.000000,0.484000
16,1117,3448189938,256,"Day 9 08:52",8.406654,8.406654,completed,4686,18,none,"",0,8,"clear",24.000000,46,28,18,43,21,26,4,0.000000,0.452647,0.000000,0.963146,0.045833,0.213333,0.876387,0.235000,0.339000
16,1118,3448197857,256,"Day 9 07:47",7.580903,7.580903,completed,3537,14,none,"",0,8,"rain",24.000000,39,39,14,47,23,27,4,0.060000,0.146073,0.022779,0.966667,0.233333,0.103333,0.682959,0.045000,0.094000
16,1119,3448205776,256,"Day 9 17:25",7.234534,7.234534,completed,3363,15,none,"",0,9,"rain",17.000000,42,38,15,45,25,26,4,0.306667,0.325299,0.000000,0.860000,0.133333,0.096667,0.827695,0.000000,0.199800
16,1120,3448213695,256,"Day 6 22:46",7.863635,7.863635,completed,2341,13,none,"",0,6,"clear",17.000000,52,23,13,43,21,24,4,0.006667,0.269667,0.000000,0.858333,0.029167,0.116667,1.000000,0.135000,1.000000
16,1121,3448221614,256,"Day 8 08:04",7.839967,7.839967,completed,2133,11,none,"",0,7,"clear",24.000000,49,36,11,51,26,25,4,0.031667,0.122452,0.000000,1.000000,0.000000,0.166667,0.619890,0.020000,0.124000
16,1122,3448229533,256,"Day 9 05:34",7.307408,7.307408,completed,2857,13,none,"",0,8,"clear",24.000000,44,36,13,48,23,25,4,0.161667,0.215593,0.000000,0.948827,0.166667,0.020000,0.748320,0.130000,0.234000
16,1123,3448237452,256,"Day 9 17:17",8.072416,8.072416,completed,3690,19,none,"",0,9,"clear",24.000000,44,31,19,48,21,26,4,0.128333,0.186527,0.000000,0.965493,0.000000,0.330000,0.279470,0.045000,0.006400
16,1124,3448245371,256,"Day 8 13:14",8.262116,8.262116,completed,3491,16,none,"",0,7,"clear",17.000000,38,37,16,45,21,21,4,0.060000,0.100995,0.000000,0.970000,0.050000,0.103333,0.681216,0.000000,0.303400
16,1125,3448253290,256,"Day 6 21:32",7.977912,7.977912,completed,2452,13,none,"",0,6,"clear",24.000000,47,21,13,43,19,20,4,0.760000,0.021777,0.000000,0.242653,0.170833,0.126667,1.000000,0.000000,0.861800
16,1126,3448261209,256,"Day 7 19:45",7.457611,7.457611,completed,2078,13,none,"",0,7,"clear",17.000000,46,34,13,48,22,23,4,0.000000,0.231081,0.000000,0.948827,0.237500,0.020000,0.859797,0.160000,0.683400
16,1127,3448269128,256,"Day 8 19:30",8.086602,8.086602,completed,4980,17,none,"",0,8,"rain",17.000000,42,29,17,42,22,19,4,0.000000,0.128452,0.000000,1.000000,0.000000,0.126667,1.000000,0.045000,0.126800
16,1128,3448277047,256,"Day 8 23:53",8.804782,8.804782,completed,5500,23,none,"",0,8,"rain",17.000000,42,36,23,46,23,24,4,0.000000,0.272356,0.000000,0.981667,0.237500,0.096667,0.697958,0.190000,0.551600
17,1101,3448064243,256,"Day 9 05:04",8.581926,8.581926,completed,3262,14,none,"",30,8,"rain",24.000000,41,31,14,63,20,27,3,0.490000,0.012000,0.000000,0.840000,0.187500,0.123333,0.003067,0.000000,0.065000
17,1102,3448072162,256,"Day 8 15:42",8.054472,8.054472,completed,3961,14,none,"",0,7,"clear",17.000000,43,28,14,64,21,28,4,0.123333,0.133059,0.321205,0.873333,0.116667,0.196667,0.092556,0.070000,0.147400
17,1103,3448080081,256,"Day 8 02:47",7.513805,7.513805,completed,2720,15,none,"",0,7,"rain",17.000000,40,30,15,59,22,22,4,0.071667,0.000000,0.102239,0.903333,0.179167,0.133333,0.092556,0.000000,0.167800
17,1104,3448088000,256,"Day 8 21:48",9.109269,9.109269,completed,3866,16,none,"",0,8,"rain",24.000000,43,26,16,58,24,27,4,0.130000,0.222805,0.051147,0.894199,0.037500,0.116667,0.452556,0.125000,0.287400
17,1105,3448095919,256,"Day 8 12:45",7.532776,7.532776,completed,3170,15,none,"",0,8,"rain",17.000000,45,21,15,53,23,23,4,0.246667,0.225479,0.047103,0.803333,0.112500,0.176667,0.483067,0.155000,0.397400
17,1106,3448103838,256,"Day 7 14:59",7.811698,7.811698,completed,3217,20,none,"",0,7,"clear",17.000000,43,21,20,52,18,22,4,0.000000,0.104403,0.000000,1.000000,0.216667,0.016667,0.962556,0.095000,0.365200
17,1107,3448111757,256,"Day 9 15:33",8.672197,8.672197,completed,4414,17,none,"",0,9,"clear",24.000000,39,31,17,63,25,27,4,0.000000,0.340515,0.130287,0.978333,0.066667,0.093333,0.003067,0.300000,0.085000
17,1108,3448119676,256,"Day 7 23:37",8.124156,8.124156,completed,2755,16,none,"",0,7,"rain",17.000000,46,30,16,54,23,26,4,0.095000,0.098403,0.008151,0.955000,0.087500,0.113333,0.122556,0.095000,0.085000
17,1109,3448127595,256,"Day 8 13:13",7.926921,7.926921,completed,2848,15,none,"",0,8,"clear",24.000000,42,28,15,60,24,25,4,0.098667,0.000000,0.000000,1.000000,0.367500,0.100000,0.213067,0.000000,0.000000
17,1110,3448135514,256,"Day 8 13:37",8.043010,8.043010,completed,3741,12,none,"",30,8,"clear",24.000000,44,30,12,62,22,27,3,0.460333,0.000000,0.211722,0.943333,0.250833,0.144000,0.002556,0.000000,0.000000
17,1111,3448143433,256,"Day 9 08:24",8.628988,8.628988,completed,5963,22,none,"",0,8,"rain",17.000000,40,26,22,67,22,25,4,0.036667,0.346495,0.141036,1.000000,0.158333,0.166667,0.022556,0.380000,0.000000
17,1112,3448151352,256,"Day 9 18:54",7.479986,7.479986,completed,4026,15,none,"",0,9,"rain",17.000000,39,31,15,53,22,30,4,0.060000,0.000000,0.102239,1.000000,0.050000,0.063333,0.002556,0.000000,0.019000
17,1113,3448159271,256,"Day 8 16:27",8.617556,8.617556,completed,3383,17,none,"",0,8,"rain",17.000000,46,24,17,50,20,23,4,0.294000,0.134403,0.000000,0.863333,0.066667,0.030000,0.542556,0.075000,0.152200
17,1114,3448167190,256,"Day 9 16:27",7.418126,7.418126,completed,4142,17,none,"",0,9,"clear",17.000000,38,32,17,61,26,26,4,0.096667,0.000000,0.110553,1.000000,0.050000,0.103333,0.213067,0.000000,0.092400
17,1115,3448175109,256,"Day 7 23:13",7.451636,7.451636,completed,3013,16,none,"",0,7,"rain",17.000000,39,37,16,60,26,23,4,0.188333,0.060789,0.270113,0.976667,0.070833,0.046667,0.092556,0.015000,0.343400
17,1116,3448183028,256,"Day 7 23:08",7.490629,7.490629,completed,2691,14,none,"",0,7,"clear",17.000000,42,29,14,58,19,22,4,0.000000,0.244152,0.192165,0.980000,0.216667,0.040000,0.362556,0.160000,0.051000
17,1117,3448190947,256,"Day 8 15:54",8.406654,8.406654,completed,3836,16,none,"",0,8,"clear",24.000000,44,29,16,58,20,24,4,0.000000,0.119076,0.100287,0.930000,0.187500,0.076667,0.242556,0.080000,0.397400
17,1118,3448198866,256,"Day 8 07:16",7.580903,7.580903,completed,1764,14,none,"",0,7,"rain",17.000000,43,30,14,57,21,26,4,0.230000,0.225479,0.000000,0.915000,0.133333,0.260000,0.183067,0.165000,0.104000
17,1119,3448206785,256,"Day 7 17:28",7.234534,7.234534,completed,3077,18,none,"",0,7,"clear",17.000000,39,27,18,58,22,24,4,0.311667,0.000000,0.227899,0.837099,0.066667,0.200000,0.422556,0.000000,0.137400
17,1120,3448214704,256,"Day 8 20:35",7.863635,7.863635,completed,2288,14,none,"",0,8,"rain",24.000000,44,27,14,70,23,26,4,0.095000,0.126403,0.270113,1.000000,0.063333,0.053333,0.033067,0.050000,0.058000
17,1121,3448222623,256,"Day 9 07:45",7.839967,7.839967,completed,2199,12,none,"",60,8,"clear",17.000000,38,37,12,63,25,27,2,0.000000,0.262152,0.000000,0.936667,0.033333,0.050000,0.003067,0.100000,0.000000
17,1122,3448230542,256,"Day 8 10:23",7.307408,7.307408,completed,3591,14,none,"",0,7,"rain",24.000000,45,21,14,68,21,28,4,0.065333,0.006000,0.051147,1.000000,0.200833,0.000000,0.032556,0.000000,0.147400
17,1123,3448238461,256,"Day 9 16:26",8.072416,8.072416,completed,4636,19,none,"",0,9,"clear",24.000000,37,29,19,63,26,25,4,0.303333,0.000000,0.120694,1.000000,0.254167,0.287333,0.003067,0.000000,0.000000
17,1124,3448246380,256,"Day 8 12:32",8.262116,8.262116,completed,3989,21,none,"",0,7,"clear",17.000000,38,33,21,62,22,25,4,0.000000,0.210805,0.224015,1.000000,0.041667,0.143333,0.062556,0.190000,0.266400
17,1125,3448254299,256,"Day 7 15:11",7.977912,7.977912,completed,2234,12,none,"",0,7,"clear",17.000000,44,24,12,65,23,23,4,0.000000,0.236805,0.000000,0.811667,0.330000,0.176667,0.212556,0.190000,0.292400
17,1126,3448262218,256,"Day 8 08:28",7.457611,7.457611,completed,2652,14,none,"",0,7,"clear",17.000000,42,33,14,62,20,28,4,0.133333,0.137076,0.234866,1.000000,0.000000,0.096667,0.032556,0.045000,0.011000
17,1127,3448270137,256,"Day 7 23:27",8.086602,8.086602,completed,3186,15,none,"",0,7,"clear",24.000000,39,31,15,56,21,26,4,0.123333,0.245479,0.156475,0.946667,0.008333,0.030000,0.482556,0.105000,0.087400
17,1128,3448278056,256,"Day 9 05:51",8.804782,8.804782,completed,4111,19,none,"",30,8,"rain",17.000000,39,31,19,65,23,28,3,0.356667,0.124403,0.000000,0.946667,0.008333,0.346667,0.002556,0.040000,0.052000
18,1101,3448065252,256,"Day 10 10:52",8.581926,8.581926,completed,3509,15,none,"",0,10,"clear",17.000000,50,43,15,52,21,26,4,0.000000,0.275736,0.000000,0.978333,0.113333,0.064000,0.536552,0.095000,0.118400
18,1102,3448073171,256,"Day 10 10:50",8.054472,8.054472,completed,3950,15,none,"",0,9,"clear",17.000000,52,39,15,53,21,25,4,0.000000,0.097894,0.000000,0.970000,0.071667,0.174000,0.664044,0.095000,0.334800
18,1103,3448081090,256,"Day 8 20:29",7.513805,7.513805,completed,3537,14,none,"",0,8,"rain",24.000000,47,46,14,57,19,23,4,0.123333,0.183798,0.000000,0.946667,0.008333,0.146667,0.583555,0.000000,0.345400
18,1104,3448089009,256,"Day 10 14:30",9.109269,9.109269,completed,3446,15,none,"",0,9,"rain",17.000000,50,35,15,48,21,25,4,0.000000,0.195789,0.000000,1.000000,0.175000,0.184000,0.980000,0.190000,0.170000
18,1105,3448096928,256,"Day 10 13:28",7.532776,7.532776,completed,4035,14,none,"",0,9,"clear",17.000000,60,29,14,50,21,25,4,0.000000,0.097894,0.000000,0.970000,0.730833,0.144000,0.844064,0.095000,0.233400
18,1106,3448104847,256,"Day 10 11:18",7.811698,7.811698,completed,3740,17,none,"",0,9,"clear",17.000000,51,47,17,52,22,23,4,0.000000,0.308996,0.000000,0.990000,0.275833,0.214000,0.696819,0.174000,0.183400
18,1107,3448112766,256,"Day 10 07:04",8.672197,8.672197,completed,3786,18,none,"",0,9,"clear",24.000000,56,32,18,49,24,24,4,0.188333,0.004000,0.022187,0.834561,0.291667,0.046667,0.740371,0.000000,0.225400
18,1108,3448120685,256,"Day 10 14:19",8.124156,8.124156,completed,3754,16,none,"",0,9,"rain",24.000000,48,43,16,50,22,23,4,0.183667,0.112294,0.000000,0.884227,0.534167,0.000000,0.389092,0.069000,0.146800
18,1109,3448128604,256,"Day 9 12:21",7.926921,7.926921,completed,2303,15,none,"",0,9,"rain",24.000000,49,49,15,61,21,24,4,0.222000,0.000000,0.000000,0.943333,0.263333,0.113333,0.179092,0.000000,0.000000
18,1110,3448136523,256,"Day 9 14:48",8.043010,8.043010,completed,2569,14,none,"",0,9,"clear",24.000000,57,33,14,54,22,24,4,0.060333,0.105519,0.000000,0.970000,0.596667,0.057333,0.464689,0.154000,0.428400
18,1111,3448144442,256,"Day 11 06:30",8.628988,8.628988,completed,3958,16,none,"",0,10,"rain",17.000000,56,43,16,55,17,21,4,0.000000,0.375996,0.000000,1.000000,0.165000,0.288000,0.568516,0.320000,0.556000
18,1112,3448152361,256,"Day 9 20:05",7.479986,7.479986,completed,4014,17,none,"",0,9,"rain",17.000000,55,35,17,48,16,23,4,0.000000,0.514031,0.000000,0.970000,0.066667,0.804000,1.000000,0.315000,0.681400
18,1113,3448160280,256,"Day 9 02:14",8.617556,8.617556,completed,2726,15,none,"",0,8,"clear",17.000000,56,36,15,49,16,24,4,0.000000,0.437119,0.000000,1.000000,0.020833,0.040000,0.727923,0.125000,0.085000
18,1114,3448168199,256,"Day 9 06:38",7.418126,7.418126,completed,4162,13,none,"",0,8,"clear",24.000000,46,45,13,53,21,25,4,0.000000,0.207604,0.000000,0.951667,0.520833,0.336667,0.595733,0.095000,0.249400
18,1115,3448176118,256,"Day 9 19:51",7.451636,7.451636,completed,2592,13,none,"",0,9,"rain",17.000000,48,45,13,48,20,24,4,0.060333,0.092004,0.000000,0.985016,0.292500,0.714000,0.980000,0.000000,0.000000
18,1116,3448184037,256,"Day 10 05:10",7.490629,7.490629,completed,3913,15,none,"",0,9,"clear",24.000000,57,39,15,51,22,25,4,0.133333,0.138648,0.000000,1.000000,0.037500,0.000000,0.669140,0.065000,0.020000
18,1117,3448191956,256,"Day 10 14:38",8.406654,8.406654,completed,4460,16,none,"",0,9,"rain",24.000000,54,40,16,50,21,22,4,0.005000,0.298661,0.000000,0.970000,0.033333,0.000000,1.000000,0.080000,0.161800
18,1118,3448199875,256,"Day 9 22:05",7.580903,7.580903,completed,2961,14,none,"",0,9,"rain",17.000000,54,36,14,47,22,25,4,0.060000,0.367695,0.022187,1.000000,0.137500,0.140000,1.000000,0.200000,0.293000
18,1119,3448207794,256,"Day 10 14:41",7.234534,7.234534,completed,4233,16,none,"",0,9,"clear",17.000000,51,47,16,50,20,22,4,0.123333,0.122648,0.000000,0.936667,0.083333,0.210000,0.604295,0.070000,0.000000
18,1120,3448215713,256,"Day 8 22:55",7.863635,7.863635,completed,2558,13,none,"",0,8,"rain",24.000000,57,43,13,55,16,21,4,0.000000,0.298855,0.007469,1.000000,0.162500,0.924000,0.683119,0.245000,0.627400
18,1121,3448223632,256,"Day 10 06:31",7.839967,7.839967,completed,3734,15,none,"",0,9,"clear",24.000000,54,44,15,54,22,22,4,0.000000,0.349190,0.000000,1.000000,0.041667,0.126667,0.375883,0.220000,0.100000
18,1122,3448231551,256,"Day 10 20:48",7.307408,7.307408,completed,3213,14,none,"",0,10,"clear",24.000000,55,44,14,50,22,26,4,0.096667,0.033150,0.000000,0.970000,0.000000,0.023333,0.324677,0.000000,0.191000
18,1123,3448239470,256,"Day 10 19:11",8.072416,8.072416,completed,3603,15,none,"",0,10,"rain",17.000000,50,44,15,52,21,26,4,0.060000,0.000000,0.000000,0.912894,0.070833,0.330000,0.673555,0.000000,0.344400
18,1124,3448247389,256,"Day 11 06:30",8.262116,8.262116,completed,4542,17,none,"",0,10,"rain",24.000000,57,35,17,50,21,25,4,0.000000,0.350362,0.000000,0.978333,0.154167,0.146667,0.912921,0.160000,0.314400
18,1125,3448255308,256,"Day 10 15:48",7.977912,7.977912,completed,3461,15,none,"",0,10,"rain",24.000000,53,51,15,57,18,24,4,0.000000,0.220542,0.000000,0.906667,0.129167,0.320667,0.644785,0.165000,0.094400
18,1126,3448263227,256,"Day 9 14:50",7.457611,7.457611,completed,2990,15,none,"",0,9,"rain",17.000000,48,37,15,50,21,27,4,0.005000,0.215789,0.000000,1.000000,0.012500,0.000000,1.000000,0.140000,0.296800
18,1127,3448271146,256,"Day 10 06:02",8.086602,8.086602,completed,2880,15,none,"",0,9,"rain",24.000000,53,46,15,53,23,22,4,0.000000,0.203305,0.000000,0.990000,0.075000,0.180000,0.603848,0.080000,0.000000
18,1128,3448279065,256,"Day 10 09:36",8.804782,8.804782,completed,3725,18,none,"",0,9,"clear",17.000000,52,44,18,49,20,22,4,0.060000,0.351465,0.000000,1.000000,0.167500,0.637333,0.747409,0.000000,0.230800
19,1101,3448066261,256,"Day 9 10:37",8.581926,8.581926,completed,3805,17,none,"",0,9,"rain",24.000000,46,39,17,46,22,26,4,0.000000,0.314297,0.030594,0.980000,0.050833,0.077333,0.544063,0.204000,0.313400
19,1102,3448074180,256,"Day 9 14:38",8.054472,8.054472,completed,3573,14,none,"",0,8,"clear",17.000000,51,32,14,44,20,25,4,0.233333,0.141538,0.039322,0.866667,0.408333,0.350000,1.000000,0.000000,0.041000
19,1103,3448082099,256,"Day 9 23:41",7.513805,7.513805,completed,3393,15,none,"",0,9,"rain",24.000000,41,54,15,52,21,26,4,0.123333,0.335001,0.000000,0.856667,0.554167,0.400000,0.241332,0.070000,0.001000
19,1104,3448090018,256,"Day 11 07:40",9.109269,9.109269,completed,4563,16,none,"",0,10,"rain",24.000000,48,40,16,50,23,29,4,0.000000,0.438610,0.025443,1.000000,0.045833,0.096667,0.492252,0.315000,0.147000
19,1105,3448097937,256,"Day 10 21:15",7.532776,7.532776,completed,4395,16,none,"",0,10,"clear",24.000000,43,45,16,49,23,29,4,0.033667,0.328410,0.000000,0.909383,0.155000,0.587333,0.501616,0.089000,0.004000
19,1106,3448105856,256,"Day 10 09:46",7.811698,7.811698,completed,5234,18,none,"",0,9,"clear",17.000000,46,50,18,54,19,26,4,0.000000,0.570222,0.019456,0.970000,0.075000,0.083333,0.606245,0.250000,0.190400
19,1107,3448113775,256,"Day 8 20:57",8.672197,8.672197,completed,3393,16,none,"",0,8,"clear",24.000000,46,40,16,46,19,21,4,0.000000,0.412919,0.016777,0.959148,0.025000,0.043333,1.000000,0.280000,0.479600
19,1108,3448121694,256,"Day 9 03:07",8.124156,8.124156,completed,2598,16,none,"",0,8,"rain",24.000000,45,50,16,56,19,23,4,0.060000,0.091807,0.000000,1.000000,0.188333,0.184000,0.207922,0.035000,0.144000
19,1109,3448129613,256,"Day 8 08:42",7.926921,7.926921,completed,2605,17,none,"",0,7,"clear",24.000000,47,43,17,53,16,22,4,0.000000,0.187931,0.000000,0.905000,0.187500,0.606667,0.549026,0.190000,0.476000
19,1110,3448137532,256,"Day 9 18:54",8.043010,8.043010,completed,3846,14,none,"",0,9,"rain",24.000000,56,30,14,47,21,23,4,0.120000,0.059658,0.079365,0.970000,0.583333,0.540000,0.989782,0.000000,0.000000
19,1111,3448145451,256,"Day 10 02:34",8.628988,8.628988,completed,2998,15,none,"",0,9,"rain",17.000000,49,38,15,51,21,28,4,0.000000,0.314771,0.000000,1.000000,0.091667,0.050000,0.567555,0.285000,0.255000
19,1112,3448153370,256,"Day 9 02:31",7.479986,7.479986,completed,3170,16,none,"",0,8,"rain",17.000000,50,40,16,55,22,22,4,0.000000,0.307105,0.000000,0.958049,0.312500,0.016667,0.675410,0.270000,0.381000
19,1113,3448161289,256,"Day 9 22:34",8.617556,8.617556,completed,3889,17,none,"",0,9,"clear",24.000000,46,37,17,49,21,26,4,0.000000,0.257577,0.090772,0.869716,0.095833,0.243333,0.727982,0.175000,0.137400
19,1114,3448169208,256,"Day 11 12:04",7.418126,7.418126,completed,4124,16,none,"",0,10,"rain",24.000000,47,41,16,51,22,30,4,0.245333,0.018000,0.000000,0.916667,0.008333,0.127333,0.723932,0.000000,0.146400
19,1115,3448177127,256,"Day 9 10:49",7.451636,7.451636,completed,2567,12,none,"",0,8,"clear",24.000000,62,34,12,48,20,22,4,0.000000,0.312367,0.000000,0.901667,0.470833,0.476667,0.731424,0.190000,0.170000
19,1116,3448185046,256,"Day 9 11:55",7.490629,7.490629,completed,3203,16,none,"",0,8,"clear",24.000000,49,45,16,55,21,24,4,0.233333,0.132285,0.145023,0.856667,0.650000,0.606667,0.400557,0.000000,0.000000
19,1117,3448192965,256,"Day 12 00:40",8.406654,8.406654,completed,4085,16,none,"",0,11,"rain",17.000000,47,43,16,47,25,27,4,0.000000,0.117966,0.000000,0.978333,0.041667,0.023333,0.470152,0.095000,0.295000
19,1118,3448200884,256,"Day 9 03:58",7.580903,7.580903,completed,2744,13,none,"",0,8,"rain",24.000000,51,38,13,49,20,24,4,0.000000,0.195931,0.000000,0.956667,0.345833,0.086667,0.215507,0.190000,0.529000
19,1119,3448208803,256,"Day 9 20:13",7.234534,7.234534,completed,4108,19,none,"",0,9,"rain",17.000000,42,50,19,54,21,25,4,0.000000,0.121339,0.143306,0.960000,0.341667,0.020000,0.155507,0.080000,0.154000
19,1120,3448216722,256,"Day 10 00:29",7.863635,7.863635,completed,3543,11,none,"",0,9,"rain",17.000000,51,41,11,47,20,25,4,0.165000,0.078249,0.016777,0.946667,0.008333,0.070000,0.980000,0.000000,0.004000
19,1121,3448224641,256,"Day 8 18:23",7.839967,7.839967,completed,2435,13,none,"",0,8,"clear",17.000000,54,33,13,51,21,28,4,0.000000,0.470303,0.000000,1.000000,0.033333,0.016667,0.544152,0.305000,0.250000
19,1122,3448232560,256,"Day 9 18:06",7.307408,7.307408,completed,3749,15,none,"",0,9,"clear",24.000000,48,47,15,54,22,26,4,0.005000,0.406919,0.117898,0.970000,0.012500,0.000000,0.574185,0.305000,0.371400
19,1123,3448240479,256,"Day 9 14:59",8.072416,8.072416,completed,3450,15,none,"",0,9,"clear",17.000000,41,45,15,50,23,21,4,0.000000,0.275738,0.042818,1.000000,0.567500,0.090000,0.390156,0.245000,0.295000
19,1124,3448248398,256,"Day 9 23:17",8.262116,8.262116,completed,4848,19,none,"",0,9,"clear",24.000000,40,48,19,47,20,27,4,0.215000,0.096805,0.204872,1.000000,0.000000,0.200667,0.596302,0.000000,0.219400
19,1125,3448256317,256,"Day 10 04:07",7.977912,7.977912,completed,3814,16,none,"",0,9,"clear",17.000000,46,47,16,52,22,26,4,0.000000,0.619005,0.000000,0.930000,0.025000,0.083333,0.301779,0.290000,0.131000
19,1126,3448264236,256,"Day 10 17:08",7.457611,7.457611,completed,3064,13,none,"",0,9,"rain",17.000000,44,48,13,55,20,27,4,0.243333,0.004000,0.000000,0.935000,0.291667,0.150000,0.326771,0.000000,0.143400
19,1127,3448272155,256,"Day 9 14:43",8.086602,8.086602,completed,4112,18,none,"",0,9,"rain",17.000000,56,30,18,48,21,25,4,0.000000,0.337627,0.000000,0.978333,0.062500,0.040000,0.689424,0.180000,0.164000
19,1128,3448280074,256,"Day 10 06:45",8.804782,8.804782,completed,4158,22,none,"",0,9,"clear",17.000000,42,44,22,51,23,26,4,0.406667,0.418859,0.000000,0.726098,0.224167,0.103333,0.418986,0.015000,0.000000
20,1101,3448067270,256,"Day 10 06:53",8.581926,8.581926,completed,3652,16,none,"",0,9,"clear",17.000000,48,36,16,57,20,28,4,0.000000,0.317749,0.000000,1.000000,0.041667,0.163333,0.101255,0.235000,0.227000
20,1102,3448075189,256,"Day 9 08:28",8.054472,8.054472,completed,3141,15,none,"",0,8,"clear",17.000000,44,33,15,60,21,23,4,0.000000,0.254222,0.000000,0.951667,0.545833,0.436667,0.311255,0.095000,0.085000
20,1103,3448083108,256,"Day 9 04:43",7.513805,7.513805,completed,2203,17,none,"",0,8,"rain",24.000000,45,40,17,51,20,24,4,0.370000,0.018000,0.000000,0.946667,0.008333,0.396667,0.371255,0.000000,0.000000
20,1104,3448091027,256,"Day 9 09:48",9.109269,9.109269,completed,4169,13,none,"",0,8,"rain",24.000000,50,36,13,52,22,24,4,0.000000,0.533365,0.172224,1.000000,0.041667,0.076667,0.511968,0.395000,0.689400
20,1105,3448098946,256,"Day 11 06:28",7.532776,7.532776,completed,4365,15,none,"",0,10,"clear",24.000000,46,45,15,53,25,29,4,0.000000,0.419451,0.152224,0.990000,0.025000,0.086667,0.150771,0.220000,0.046000
20,1106,3448106865,256,"Day 10 13:12",7.811698,7.811698,completed,4744,17,none,"",0,10,"clear",17.000000,40,43,17,51,22,26,4,0.128667,0.298391,0.131729,0.946667,0.046667,0.006667,0.288476,0.144000,0.055400
20,1107,3448114784,256,"Day 9 11:42",8.672197,8.672197,completed,3350,17,none,"",0,8,"clear",24.000000,44,48,17,65,19,23,4,0.123333,0.253546,0.196046,0.946667,0.271667,0.023333,0.061255,0.175000,0.159000
20,1108,3448122703,256,"Day 8 21:17",8.124156,8.124156,completed,4204,20,none,"",0,8,"rain",24.000000,42,38,20,52,19,23,4,0.000000,0.188268,0.003097,1.000000,0.234167,0.150667,0.283180,0.190000,0.170000
20,1109,3448130622,256,"Day 9 17:14",7.926921,7.926921,completed,2265,14,none,"",0,9,"rain",24.000000,49,35,14,51,23,24,4,0.000000,0.094134,0.000000,1.000000,0.133333,0.096667,0.258131,0.095000,0.085000
20,1110,3448138541,256,"Day 10 05:28",8.043010,8.043010,completed,2478,11,none,"",0,9,"rain",24.000000,55,36,11,47,21,30,4,0.123333,0.122134,0.075453,0.925000,0.050000,0.030000,0.221255,0.085000,0.079000
20,1111,3448146460,256,"Day 8 18:05",8.628988,8.628988,completed,3708,17,none,"",0,8,"rain",24.000000,50,36,17,49,18,25,4,0.060000,0.000000,0.000000,1.000000,0.050000,0.163333,0.694379,0.000000,0.053000
20,1112,3448154379,256,"Day 9 10:43",7.479986,7.479986,completed,5034,18,none,"",0,8,"rain",17.000000,46,37,18,57,20,22,4,0.342000,0.138534,0.000000,0.970631,0.000000,0.130667,0.367801,0.029000,0.045800
20,1113,3448162298,256,"Day 9 15:48",8.617556,8.617556,completed,4099,19,none,"",0,8,"clear",17.000000,49,41,19,47,20,27,4,0.000000,0.405451,0.000000,0.990000,0.038333,0.027333,0.221255,0.080000,0.095400
20,1114,3448170217,256,"Day 9 00:10",7.418126,7.418126,completed,3452,17,none,"",0,8,"clear",24.000000,48,35,17,52,20,24,4,0.005000,0.331097,0.000000,1.000000,0.483333,0.000000,0.304379,0.240000,0.071400
20,1115,3448178136,256,"Day 9 08:34",7.451636,7.451636,completed,2529,15,none,"",0,8,"clear",24.000000,44,35,15,58,21,25,4,0.233333,0.069723,0.000000,0.856667,0.583333,0.656667,0.608131,0.000000,0.000000
20,1116,3448186055,256,"Day 10 04:34",7.490629,7.490629,completed,2783,14,none,"",0,9,"clear",24.000000,47,44,14,51,23,27,4,0.060000,0.149412,0.071631,0.956667,0.129167,0.290000,0.168131,0.105000,0.186400
20,1117,3448193974,256,"Day 10 04:16",8.406654,8.406654,completed,3138,16,none,"",0,9,"clear",24.000000,45,39,16,52,21,25,4,0.000000,0.128134,0.011136,1.000000,0.000000,0.023333,0.228131,0.010000,0.034000
20,1118,3448201893,256,"Day 9 13:48",7.580903,7.580903,completed,2219,13,none,"",0,9,"rain",24.000000,48,40,13,60,22,23,4,0.000000,0.254963,0.000000,0.990000,0.114167,0.020000,0.288131,0.110000,0.000000
20,1119,3448209812,256,"Day 10 04:20",7.234534,7.234534,completed,3659,18,none,"",0,9,"rain",17.000000,49,35,18,65,19,21,4,0.000000,0.327680,0.252322,0.826667,0.533333,0.450000,0.341255,0.330000,0.440400
20,1120,3448217731,256,"Day 8 13:56",7.863635,7.863635,completed,2496,13,none,"",0,8,"rain",17.000000,51,29,13,51,20,17,4,0.067000,0.188268,0.131729,0.903000,0.489167,0.294000,0.581255,0.190000,0.311400
20,1121,3448225650,256,"Day 10 07:12",7.839967,7.839967,completed,4990,17,none,"",0,9,"clear",24.000000,48,40,17,52,20,24,4,0.000000,0.601806,0.067413,0.936333,0.521667,0.047333,0.642540,0.339000,0.000000
20,1122,3448233569,256,"Day 10 06:09",7.307408,7.307408,completed,3063,15,none,"",0,9,"clear",24.000000,42,44,15,60,24,26,4,0.000000,0.098134,0.178403,0.898333,0.466667,0.530000,0.048131,0.095000,0.085000
20,1123,3448241488,256,"Day 10 07:36",8.072416,8.072416,completed,3432,18,none,"",0,9,"clear",24.000000,47,33,18,57,22,28,4,0.000000,0.209615,0.172224,1.000000,0.095833,0.100000,0.251255,0.175000,0.085000
20,1124,3448249407,256,"Day 9 10:38",8.262116,8.262116,completed,2625,17,none,"",0,8,"clear",17.000000,42,46,17,57,22,25,4,0.110000,0.000000,0.075453,0.920000,0.441667,0.536667,0.068131,0.000000,0.000000
20,1125,3448257326,256,"Day 10 08:42",7.977912,7.977912,completed,2635,15,none,"",0,9,"clear",17.000000,49,34,15,53,20,27,4,0.181667,0.000000,0.000000,1.000000,0.100000,0.220000,0.165007,0.000000,0.048000
20,1126,3448265245,256,"Day 9 15:10",7.457611,7.457611,completed,2128,12,none,"",0,9,"rain",17.000000,51,44,12,55,22,23,4,0.155000,0.018000,0.000000,1.000000,0.000000,0.107333,0.348131,0.000000,0.022000
20,1127,3448273164,256,"Day 9 01:42",8.086602,8.086602,completed,3641,13,none,"",0,8,"rain",17.000000,49,35,13,60,19,22,4,0.006667,0.129481,0.075453,1.000000,0.000000,0.123333,0.376489,0.045000,0.063000
20,1128,3448281083,256,"Day 9 18:46",8.804782,8.804782,completed,3069,22,none,"",0,9,"clear",17.000000,48,38,22,53,23,23,4,0.125000,0.006000,0.000000,1.000000,0.112500,0.000000,0.398131,0.000000,0.098200
21,1101,3448068279,256,"Day 9 18:37",8.581926,8.581926,completed,2377,13,none,"",0,9,"clear",17.000000,48,43,13,50,22,23,4,0.000000,0.390677,0.063359,0.907000,0.379167,0.770000,0.530634,0.180000,0.164000
21,1102,3448076198,256,"Day 9 11:26",8.054472,8.054472,completed,3207,13,none,"",0,8,"clear",17.000000,46,42,13,55,23,26,4,0.170000,0.000000,0.000000,0.898333,0.554167,0.416667,0.585554,0.000000,0.133000
21,1103,3448084117,256,"Day 10 20:23",7.513805,7.513805,completed,4446,15,none,"",0,10,"clear",24.000000,49,40,15,47,24,26,4,0.006667,0.425978,0.121563,1.000000,0.621667,0.417333,0.516959,0.250000,0.000000
21,1104,3448092036,256,"Day 9 18:27",9.109269,9.109269,completed,4986,18,none,"",0,9,"rain",24.000000,37,40,18,47,17,24,4,0.123333,0.149966,0.000000,0.916667,0.091667,0.023333,0.957675,0.085000,0.441400
21,1105,3448099955,256,"Day 9 17:45",7.532776,7.532776,completed,2432,15,none,"",0,9,"rain",17.000000,44,41,15,46,20,28,4,0.215000,0.377089,0.000000,0.798333,0.150000,0.083333,0.091761,0.245000,0.085000
21,1106,3448107874,256,"Day 9 20:37",7.811698,7.811698,completed,4815,19,none,"",0,9,"clear",17.000000,46,34,19,48,22,25,4,0.188333,0.114209,0.000000,0.946667,0.210000,0.046667,0.710887,0.000000,0.104800
21,1107,3448115793,256,"Day 10 13:20",8.672197,8.672197,completed,3729,16,none,"",0,9,"clear",24.000000,44,48,16,54,18,24,4,0.000000,0.244447,0.074864,0.960010,0.012500,0.644000,0.561891,0.060000,0.064000
21,1108,3448123712,256,"Day 9 05:00",8.124156,8.124156,completed,3227,16,none,"",0,8,"rain",24.000000,49,37,16,52,18,26,4,0.406667,0.004000,0.000000,0.860000,0.100000,0.517333,0.526508,0.000000,0.000000
21,1109,3448131631,256,"Day 9 10:33",7.926921,7.926921,completed,3095,13,none,"",0,9,"rain",24.000000,50,35,13,48,24,24,4,0.306667,0.301340,0.143393,0.923333,0.141667,0.086667,0.773840,0.205000,0.347000
21,1110,3448139550,256,"Day 8 23:30",8.043010,8.043010,completed,2066,13,none,"",0,8,"clear",24.000000,47,37,13,48,20,24,4,0.000000,0.562339,0.143393,0.980000,0.050000,0.103333,0.526468,0.315000,0.329400
21,1111,3448147469,256,"Day 10 13:56",8.628988,8.628988,completed,3751,14,none,"",0,10,"rain",17.000000,44,40,14,47,22,21,4,0.120000,0.000000,0.093359,0.988010,0.388333,0.120000,0.536055,0.000000,0.213400
21,1112,3448155388,256,"Day 9 06:51",7.479986,7.479986,completed,2536,15,none,"",0,8,"rain",17.000000,50,39,15,47,20,22,4,0.123333,0.416015,0.143393,0.853343,0.200000,0.080000,0.519530,0.360000,0.494400
21,1113,3448163307,256,"Day 10 18:48",8.617556,8.617556,completed,4329,17,none,"",30,10,"clear",24.000000,38,46,17,51,21,27,3,0.066667,0.006000,0.074864,1.000000,0.062500,0.000000,0.536726,0.000000,0.000000
21,1114,3448171226,256,"Day 9 01:40",7.418126,7.418126,completed,3583,17,none,"",0,8,"clear",24.000000,51,40,17,51,22,27,4,0.065000,0.385429,0.000000,1.000000,0.083333,0.000000,0.466835,0.150000,0.406000
21,1115,3448179145,256,"Day 9 11:24",7.451636,7.451636,completed,2603,12,none,"",0,8,"clear",24.000000,42,50,12,52,22,22,4,0.000000,0.501762,0.014902,0.976667,0.705833,0.127333,0.484586,0.209000,0.161400
21,1116,3448187064,256,"Day 10 10:39",7.490629,7.490629,completed,5373,14,none,"",30,9,"clear",24.000000,37,54,14,52,20,25,3,0.115000,0.165271,0.123321,0.946677,0.533333,0.000000,0.507542,0.000000,0.000000
21,1117,3448194983,256,"Day 10 09:42",8.406654,8.406654,completed,3463,17,none,"",0,9,"clear",24.000000,41,43,17,51,22,25,4,0.000000,0.168573,0.000000,1.000000,0.070833,0.166667,0.474762,0.095000,0.085000
21,1118,3448202902,256,"Day 9 21:47",7.580903,7.580903,completed,2826,15,none,"",0,9,"rain",17.000000,46,39,15,47,25,25,4,0.161667,0.133244,0.143393,0.973343,0.201667,0.000000,0.651495,0.055000,0.000000
21,1119,3448210821,256,"Day 10 01:44",7.234534,7.234534,completed,3900,19,none,"",30,9,"rain",17.000000,43,43,19,51,23,25,3,0.090000,0.110210,0.143393,1.000000,0.153333,0.203333,0.507820,0.005000,0.107000
21,1120,3448218740,256,"Day 9 14:47",7.863635,7.863635,completed,4090,16,none,"",0,8,"rain",24.000000,42,36,16,48,20,26,4,0.367000,0.151644,0.143393,0.936667,0.054167,0.026667,0.627820,0.070000,0.000000
21,1121,3448226659,256,"Day 10 07:21",7.839967,7.839967,completed,2985,16,none,"",0,9,"clear",24.000000,50,41,16,50,21,27,4,0.005000,0.314834,0.054793,1.000000,0.062500,0.014000,0.497720,0.165000,0.183000
21,1122,3448234578,256,"Day 9 09:29",7.307408,7.307408,completed,2943,14,none,"",0,8,"clear",24.000000,42,43,14,47,23,22,4,0.218667,0.233710,0.054793,0.976333,0.342500,0.047333,0.748163,0.004000,0.048400
21,1123,3448242497,256,"Day 8 06:56",8.072416,8.072416,completed,2977,21,none,"",0,7,"rain",17.000000,45,29,21,46,21,21,4,0.098333,0.145101,0.000000,0.936677,0.233333,0.000000,0.705715,0.065000,0.606200
21,1124,3448250416,256,"Day 9 15:59",8.262116,8.262116,completed,4977,16,none,"",0,9,"clear",17.000000,44,37,16,46,22,25,4,0.338333,0.147852,0.143393,0.893333,0.066667,0.133333,0.772526,0.000000,0.110800
21,1125,3448258335,256,"Day 12 02:09",7.977912,7.977912,completed,4083,12,none,"",0,11,"rain",17.000000,43,48,12,49,22,25,4,0.000000,0.479691,0.014902,0.871343,0.755000,0.120000,0.499880,0.340000,0.168000
21,1126,3448266254,256,"Day 9 23:02",7.457611,7.457611,completed,2993,14,none,"",0,9,"rain",17.000000,53,44,14,53,23,26,4,0.000000,0.301414,0.143393,0.970000,0.083333,0.016667,0.383293,0.210000,0.424800
21,1127,3448274173,256,"Day 10 09:39",8.086602,8.086602,completed,3231,14,none,"",30,9,"rain",24.000000,48,41,14,49,20,27,3,0.270333,0.018137,0.123321,1.000000,0.080833,0.430667,0.537617,0.000000,0.000000
21,1128,3448282092,256,"Day 10 00:26",8.804782,8.804782,completed,4211,20,none,"",0,9,"clear",17.000000,41,40,20,46,23,25,4,0.000000,0.351841,0.014902,0.966677,0.675000,0.016667,0.469293,0.165000,0.155000
22,1101,3448069288,256,"Day 10 02:16",8.581926,8.581926,completed,4645,18,none,"",0,9,"clear",17.000000,43,48,18,48,26,27,4,0.038333,0.125056,0.000000,1.000000,0.225000,0.000000,0.688082,0.065000,0.016000
22,1102,3448077207,256,"Day 10 18:14",8.054472,8.054472,completed,4286,18,none,"",0,10,"clear",24.000000,46,42,18,50,23,27,4,0.065000,0.000000,0.147644,0.940000,0.804167,0.040000,0.791074,0.000000,0.157000
22,1103,3448085126,256,"Day 9 19:04",7.513805,7.513805,completed,2656,16,none,"",0,9,"rain",24.000000,42,50,16,47,19,24,4,0.000000,0.320313,0.082409,1.000000,0.000000,0.123333,0.910064,0.235000,0.353400
22,1104,3448093045,256,"Day 10 11:29",9.109269,9.109269,completed,3400,17,none,"",0,9,"rain",17.000000,48,42,17,45,21,26,4,0.137000,0.231166,0.000000,0.936667,0.033333,0.117333,0.980000,0.080000,0.000000
22,1105,3448100964,256,"Day 9 11:22",7.532776,7.532776,completed,3503,14,none,"",0,9,"rain",17.000000,46,44,14,50,20,25,4,0.120333,0.133056,0.000000,1.000000,0.047500,0.410667,0.902006,0.035000,0.000000
22,1106,3448108883,256,"Day 9 16:31",7.811698,7.811698,completed,4655,17,none,"",0,8,"clear",17.000000,45,42,17,47,25,28,4,0.188333,0.302864,0.000000,0.946667,0.138333,0.006667,0.857041,0.104000,0.299400
22,1107,3448116802,256,"Day 11 04:19",8.672197,8.672197,completed,5393,18,none,"",0,10,"clear",17.000000,48,40,18,46,24,25,4,0.000000,0.218684,0.000000,1.000000,0.304167,0.036667,0.754678,0.175000,0.236800
22,1108,3448124721,256,"Day 9 11:04",8.124156,8.124156,completed,2251,17,none,"",0,8,"rain",24.000000,43,50,17,50,20,27,4,0.110000,0.574597,0.000000,0.920000,0.496667,0.420667,0.623774,0.000000,0.000000
22,1109,3448132640,256,"Day 9 08:39",7.926921,7.926921,completed,2331,13,none,"",0,8,"rain",24.000000,63,35,13,48,22,20,4,0.000000,0.240754,0.000000,0.970000,0.292500,0.173333,1.000000,0.260000,0.613800
22,1110,3448140559,256,"Day 9 18:12",8.043010,8.043010,completed,2662,16,none,"",0,9,"rain",24.000000,51,38,16,45,21,25,4,0.000000,0.340864,0.000000,0.908333,0.054167,0.193333,1.000000,0.165000,0.233400
22,1111,3448148478,256,"Day 10 09:09",8.628988,8.628988,completed,4842,21,none,"",0,9,"rain",17.000000,47,45,21,53,24,25,4,0.066667,0.000000,0.147644,1.000000,0.179167,0.040000,0.695269,0.000000,0.156000
22,1112,3448156397,256,"Day 11 08:40",7.479986,7.479986,completed,4486,16,none,"",0,10,"rain",24.000000,51,45,16,48,22,26,4,0.123667,0.342140,0.000000,0.946667,0.034167,0.127333,0.727332,0.209000,0.021400
22,1113,3448164316,256,"Day 9 21:28",8.617556,8.617556,completed,3678,17,none,"",0,9,"clear",24.000000,49,38,17,49,25,22,4,0.005000,0.100029,0.000000,1.000000,0.975833,0.000000,0.920438,0.080000,0.248200
22,1114,3448172235,256,"Day 9 12:38",7.418126,7.418126,completed,2563,15,none,"",0,9,"clear",24.000000,49,39,15,51,21,24,4,0.120000,0.000000,0.000000,0.952333,0.620833,0.096667,0.679647,0.000000,0.013000
22,1115,3448180154,256,"Day 11 00:35",7.451636,7.451636,completed,2635,13,none,"",0,10,"rain",24.000000,47,48,13,47,24,29,4,0.000000,0.421368,0.000000,0.960000,0.291667,0.120000,0.651638,0.350000,0.168000
22,1116,3448188073,256,"Day 10 00:56",7.490629,7.490629,completed,2978,15,none,"",0,9,"clear",24.000000,46,46,15,46,20,24,4,0.060000,0.194593,0.000000,0.981998,0.259167,0.166667,0.806327,0.000000,0.026000
22,1117,3448195992,256,"Day 9 06:34",8.406654,8.406654,completed,3037,17,none,"",0,8,"clear",24.000000,42,45,17,49,20,29,4,0.000000,0.267517,0.000000,0.990000,0.112500,0.084000,0.319584,0.145000,0.032000
22,1118,3448203911,256,"Day 8 16:08",7.580903,7.580903,completed,2461,13,none,"",0,8,"rain",24.000000,52,40,13,51,20,26,4,0.000000,0.398514,0.147644,1.000000,0.062500,0.096667,0.791074,0.345000,0.609400
22,1119,3448211830,256,"Day 8 00:54",7.234534,7.234534,completed,1866,13,none,"",0,7,"clear",17.000000,47,36,13,47,21,24,4,0.430000,0.251744,0.000000,0.828333,0.166667,0.123333,0.775170,0.060000,0.481800
22,1120,3448219749,256,"Day 9 22:44",7.863635,7.863635,completed,2929,17,none,"",0,9,"rain",17.000000,50,42,17,48,20,25,4,0.060000,0.104349,0.000000,0.990000,0.108333,0.076667,0.922077,0.020000,0.240600
22,1121,3448227668,256,"Day 9 00:15",7.839967,7.839967,completed,2527,12,none,"",0,8,"clear",17.000000,47,49,12,51,20,24,4,0.000000,0.202039,0.073490,0.943333,1.000000,0.604667,0.689919,0.095000,0.097800
22,1122,3448235587,256,"Day 9 02:18",7.307408,7.307408,completed,2949,14,none,"",0,8,"clear",24.000000,52,30,14,42,20,20,4,0.005000,0.217030,0.000000,0.909665,0.834167,0.000000,1.000000,0.080000,0.400200
22,1123,3448243506,256,"Day 8 23:09",8.072416,8.072416,completed,2789,17,none,"",0,8,"clear",17.000000,40,45,17,44,16,23,4,0.477000,0.111629,0.030597,0.585333,0.000000,0.294000,1.000000,0.050000,0.076800
22,1124,3448251425,256,"Day 9 06:23",8.262116,8.262116,completed,3819,15,none,"",30,8,"clear",17.000000,45,42,15,49,22,24,3,0.175000,0.022346,0.000000,0.848999,0.075000,0.483333,0.526312,0.000000,0.000000
22,1125,3448259344,256,"Day 9 15:16",7.977912,7.977912,completed,2676,13,none,"",0,9,"clear",17.000000,47,44,13,50,21,24,4,0.295333,0.000000,0.000000,0.955000,0.171667,0.070000,0.851544,0.000000,0.186800
22,1126,3448267263,256,"Day 8 18:17",7.457611,7.457611,completed,2087,13,none,"",0,8,"clear",24.000000,48,47,13,52,20,24,4,0.000000,0.478543,0.000000,1.000000,0.313333,0.067333,0.780024,0.449000,0.409400
22,1127,3448275182,256,"Day 8 15:11",8.086602,8.086602,completed,2342,16,none,"",0,8,"rain",17.000000,41,44,16,44,21,23,4,0.000000,0.511671,0.000000,0.910000,0.580833,0.060667,0.980000,0.240000,0.000000
22,1128,3448283101,256,"Day 10 15:54",8.804782,8.804782,completed,5615,23,none,"",0,10,"clear",24.000000,47,39,23,47,25,27,4,0.116667,0.022637,0.011266,0.920000,0.487500,0.413333,0.650193,0.000000,0.000000
23,1101,3448070297,256,"Day 9 00:56",8.581926,8.581926,completed,2476,15,none,"",0,8,"rain",24.000000,46,37,15,49,19,21,4,0.000000,0.190993,0.000000,0.971667,0.166667,0.186667,0.448407,0.095000,0.271800
23,1102,3448078216,256,"Day 10 11:01",8.054472,8.054472,completed,4740,16,none,"",0,9,"clear",17.000000,49,45,16,53,21,23,4,0.110333,0.285034,0.000000,0.939667,0.475833,0.478667,0.452259,0.000000,0.000000
23,1103,3448086135,256,"Day 9 07:12",7.513805,7.513805,completed,3545,16,none,"",30,8,"rain",24.000000,39,47,16,50,18,20,3,0.033333,0.125046,0.000000,0.936667,0.400000,0.310000,0.447481,0.105000,0.000000
23,1104,3448094054,256,"Day 10 03:39",9.109269,9.109269,completed,3634,15,none,"",0,9,"rain",17.000000,39,44,15,50,22,25,4,0.388333,0.020000,0.011345,1.000000,0.012500,0.000000,0.070089,0.000000,0.000000
23,1105,3448101973,256,"Day 9 05:30",7.532776,7.532776,completed,2426,14,none,"",0,8,"rain",17.000000,48,37,14,48,22,23,4,0.306667,0.123906,0.000000,0.893333,0.154167,0.113333,0.250089,0.000000,0.000000
23,1106,3448109892,256,"Day 8 18:26",7.811698,7.811698,completed,4180,19,none,"",0,8,"clear",17.000000,42,35,19,48,17,22,4,0.023333,0.195974,0.000000,1.000000,0.000000,0.420000,1.000000,0.000000,0.000000
23,1107,3448117811,256,"Day 10 14:58",8.672197,8.672197,completed,3880,14,none,"",0,9,"clear",24.000000,40,48,14,48,22,26,4,0.060000,0.420800,0.011345,1.000000,0.095833,0.220667,0.524036,0.090000,0.108000
23,1108,3448125730,256,"Day 8 10:03",8.124156,8.124156,completed,3589,18,none,"",0,7,"rain",17.000000,43,41,18,50,19,21,4,0.005000,0.570384,0.000000,1.000000,0.238333,0.000000,0.788887,0.384000,0.228400
23,1109,3448133649,256,"Day 10 11:27",7.926921,7.926921,completed,3662,18,none,"",0,10,"rain",24.000000,43,38,18,47,20,25,4,0.206667,0.100513,0.000000,1.000000,0.054167,0.223333,0.422059,0.000000,0.000000
23,1110,3448141568,256,"Day 8 23:08",8.043010,8.043010,completed,3981,15,none,"",0,8,"clear",24.000000,40,43,15,46,25,23,4,0.123333,0.460647,0.000000,0.926667,0.058333,0.070000,0.797834,0.150000,0.004400
23,1111,3448149487,256,"Day 10 01:48",8.628988,8.628988,completed,4986,23,none,"",0,9,"rain",17.000000,39,43,23,47,22,25,4,0.091667,0.097426,0.000000,0.978333,0.400833,0.236667,0.456704,0.095000,0.123000
23,1112,3448157406,256,"Day 8 12:15",7.479986,7.479986,completed,2815,17,none,"",0,7,"clear",24.000000,45,48,17,47,20,20,4,0.000000,0.230696,0.000000,0.906667,0.259167,0.026667,0.531217,0.115000,0.129000
23,1113,3448165325,256,"Day 9 15:58",8.617556,8.617556,completed,2446,15,none,"",0,8,"clear",17.000000,38,47,15,50,21,26,4,0.447000,0.207098,0.000000,0.925000,0.058333,0.124000,0.081770,0.170000,0.158000
23,1114,3448173244,256,"Day 10 04:42",7.418126,7.418126,completed,3278,17,none,"",0,9,"clear",17.000000,42,43,17,50,20,25,4,0.000000,0.343624,0.011345,0.990000,0.087500,0.083333,0.316551,0.080000,0.000000
23,1115,3448181163,256,"Day 9 18:50",7.451636,7.451636,completed,2603,13,none,"",0,9,"rain",17.000000,53,35,13,50,20,25,4,0.005000,0.239970,0.000000,1.000000,0.000000,0.110000,0.471770,0.045000,0.000000
23,1116,3448189082,256,"Day 8 18:35",7.490629,7.490629,completed,3092,14,none,"",0,8,"rain",24.000000,42,33,14,42,20,22,4,0.000000,0.891991,0.000000,0.990000,0.025000,0.107333,0.970358,0.289000,0.076600
23,1117,3448197001,256,"Day 9 12:09",8.406654,8.406654,completed,3951,17,none,"",0,9,"clear",24.000000,44,45,17,51,18,25,4,0.000000,0.455705,0.000000,0.990000,0.093333,0.020000,0.593502,0.080000,0.000000
23,1118,3448204920,256,"Day 12 09:07",7.580903,7.580903,completed,3661,14,none,"",0,11,"rain",24.000000,47,52,14,49,19,28,4,0.192000,0.158949,0.000000,1.000000,0.479167,1.000000,0.452259,0.000000,0.000000
23,1119,3448212839,256,"Day 9 16:30",7.234534,7.234534,completed,6179,19,none,"",0,9,"rain",17.000000,47,29,19,44,19,24,4,0.000000,0.418517,0.080551,0.970000,0.095833,0.016667,0.620673,0.365000,0.359000
23,1120,3448220758,256,"Day 11 13:46",7.863635,7.863635,completed,2754,13,none,"",30,10,"clear",24.000000,36,52,13,45,22,26,3,0.188333,0.334784,0.000000,0.946667,0.246667,0.046667,0.284006,0.175000,0.000000
23,1121,3448228677,256,"Day 9 17:01",7.839967,7.839967,completed,3731,13,none,"",0,9,"clear",17.000000,37,53,13,52,22,24,4,0.183667,0.260292,0.000000,0.976667,0.167500,0.684000,0.400808,0.000000,0.003400
23,1122,3448236596,256,"Day 8 12:12",7.307408,7.307408,completed,2549,15,none,"",0,7,"rain",24.000000,44,31,15,45,20,24,4,0.123667,0.632271,0.011345,0.924667,0.084167,0.090667,0.280089,0.389000,0.482800
23,1123,3448244515,256,"Day 9 23:48",8.072416,8.072416,completed,3771,17,none,"",0,9,"clear",24.000000,44,43,17,50,18,23,4,0.140000,0.197634,0.000000,0.920000,0.500000,0.680667,0.387702,0.000000,0.248000
23,1124,3448252434,256,"Day 8 21:31",8.262116,8.262116,completed,3294,14,none,"",0,8,"clear",17.000000,52,34,14,46,20,23,4,0.000000,0.899722,0.000000,0.968333,0.096667,0.120667,0.466317,0.464000,0.518800
23,1125,3448260353,256,"Day 10 02:47",7.977912,7.977912,completed,4003,13,none,"",0,9,"clear",17.000000,47,47,13,52,17,24,4,0.060000,0.161353,0.000000,1.000000,0.133333,0.080000,0.570500,0.060000,0.204000
23,1126,3448268272,256,"Day 10 20:25",7.457611,7.457611,completed,3171,15,none,"",0,10,"rain",17.000000,51,34,15,48,23,24,4,0.183333,0.345512,0.000000,0.825000,0.154167,0.230000,0.201770,0.190000,0.240400
23,1127,3448276191,256,"Day 9 01:36",8.086602,8.086602,completed,3546,15,none,"",0,8,"rain",17.000000,33,50,15,51,22,26,4,0.160000,0.117556,0.000000,0.946667,0.008333,0.070000,0.096830,0.000000,0.062000
23,1128,3448284110,256,"Day 8 06:00",8.804782,8.804782,completed,3054,20,none,"",0,7,"rain",17.000000,37,42,20,49,20,22,4,0.315000,0.004000,0.000000,0.871667,0.095833,0.100000,0.088407,0.000000,0.279000
24,1101,3448071306,256,"Day 9 11:13",8.581926,8.581926,completed,3706,14,none,"",0,9,"rain",24.000000,43,38,14,46,22,24,4,0.000000,0.090554,0.168665,0.961667,0.604167,0.416667,0.536565,0.095000,0.085000
24,1102,3448079225,256,"Day 8 11:29",8.054472,8.054472,completed,2586,14,none,"",0,7,"clear",17.000000,56,32,14,47,19,27,4,0.000000,0.233296,0.000000,1.000000,0.041667,0.336667,0.557148,0.190000,0.946400
24,1103,3448087144,256,"Day 10 00:35",7.513805,7.513805,completed,3772,16,none,"",0,9,"rain",24.000000,46,38,16,49,20,26,4,0.000000,0.112467,0.000000,0.990000,0.150000,0.223333,0.807275,0.080000,0.075000
24,1104,3448095063,256,"Day 8 21:27",9.109269,9.109269,completed,3544,14,none,"",0,8,"rain",24.000000,52,34,14,48,22,23,4,0.311667,0.019246,0.135453,0.863333,0.079167,0.053333,0.946611,0.000000,0.155600
24,1105,3448102982,256,"Day 8 07:51",7.532776,7.532776,completed,3309,15,none,"",0,7,"clear",17.000000,40,43,15,51,20,25,4,0.090333,0.071869,0.000000,1.000000,0.142500,0.350667,0.681577,0.000000,0.133400
24,1106,3448110901,256,"Day 8 21:25",7.811698,7.811698,completed,4718,19,none,"",0,8,"clear",17.000000,47,36,19,46,18,26,4,0.095000,0.221021,0.000000,1.000000,0.000000,0.267333,0.714686,0.130000,0.287400
24,1107,3448118820,256,"Day 9 00:22",8.672197,8.672197,completed,3608,17,none,"",0,8,"clear",24.000000,42,46,17,50,20,23,4,0.006667,0.500857,0.043965,0.948333,0.029167,0.070000,0.572944,0.304000,0.274400
24,1108,3448126739,256,"Day 9 00:33",8.124156,8.124156,completed,4189,16,none,"",0,8,"rain",24.000000,40,46,16,52,23,25,4,0.005000,0.096554,0.000000,1.000000,0.091667,0.000000,0.097623,0.080000,0.076000
24,1109,3448134658,256,"Day 10 14:15",7.926921,7.926921,completed,4888,16,none,"",0,10,"rain",17.000000,49,39,16,49,23,28,4,0.230000,0.026263,0.142694,0.949254,0.358333,0.040000,0.656465,0.000000,0.000000
24,1110,3448142577,256,"Day 9 03:58",8.043010,8.043010,completed,2140,17,none,"",0,8,"clear",24.000000,53,33,17,46,22,24,4,0.000000,0.424889,0.000000,0.968333,0.108333,0.106667,0.207148,0.165000,0.085000
24,1111,3448150496,256,"Day 10 08:22",8.628988,8.628988,completed,4264,17,none,"",0,9,"rain",17.000000,42,41,17,50,24,26,4,0.000000,0.224934,0.075993,0.898333,0.462500,0.273333,0.462551,0.160000,0.154000
24,1112,3448158415,256,"Day 10 09:45",7.479986,7.479986,completed,4512,17,none,"",0,9,"rain",17.000000,40,41,17,45,23,25,4,0.020333,0.112282,0.000000,0.970000,0.105000,0.074000,0.770323,0.095000,0.188400
24,1113,3448166334,256,"Day 9 14:19",8.617556,8.617556,completed,4027,16,none,"",0,8,"clear",17.000000,43,35,16,48,22,27,4,0.058667,0.114954,0.035652,1.000000,0.030000,0.047333,0.676409,0.095000,0.085000
24,1114,3448174253,256,"Day 9 01:06",7.418126,7.418126,completed,3155,18,none,"",0,8,"clear",24.000000,48,33,18,44,20,23,4,0.180000,0.149062,0.000000,0.991841,0.088333,0.023333,1.000000,0.000000,0.000000
24,1115,3448182172,256,"Day 8 10:24",7.451636,7.451636,completed,2648,14,none,"",0,7,"rain",17.000000,50,37,14,44,20,24,4,0.000000,0.287105,0.000000,0.880587,0.605000,0.104000,0.980000,0.175000,0.380800
24,1116,3448190091,256,"Day 8 11:33",7.490629,7.490629,completed,3252,12,none,"",0,7,"clear",17.000000,45,36,12,43,22,21,4,0.060000,0.028663,0.168665,0.940000,0.371667,0.114000,0.987649,0.000000,0.324200
24,1117,3448198010,256,"Day 10 23:29",8.406654,8.406654,completed,4415,17,none,"",0,10,"rain",24.000000,47,42,17,50,24,23,4,0.123333,0.510597,0.000000,0.946667,0.334167,0.023333,0.611132,0.410000,0.247000
24,1118,3448205929,256,"Day 8 08:19",7.580903,7.580903,completed,3054,15,none,"",0,7,"rain",17.000000,50,38,15,48,17,21,4,0.065000,0.058499,0.168665,1.000000,0.158333,0.000000,1.000000,0.000000,0.907000
24,1119,3448213848,256,"Day 8 17:44",7.234534,7.234534,completed,2379,16,none,"",0,8,"clear",17.000000,55,30,16,49,20,24,4,0.000000,0.049065,0.000000,0.970000,0.087500,0.814000,0.477148,0.000000,0.777000
24,1120,3448221767,256,"Day 8 12:09",7.863635,7.863635,completed,3053,13,none,"",0,8,"rain",17.000000,50,37,13,51,25,24,4,0.128333,0.343888,0.000000,0.946667,0.075833,0.006667,0.842663,0.184000,0.154800
24,1121,3448229686,256,"Day 9 00:38",7.839967,7.839967,completed,3607,15,none,"",0,8,"clear",17.000000,57,30,15,46,20,21,4,0.000000,0.391673,0.000000,0.990000,0.045833,0.213333,1.000000,0.239000,0.665200
24,1122,3448237605,256,"Day 7 19:14",7.307408,7.307408,completed,3243,12,none,"",0,7,"rain",24.000000,46,36,12,51,21,24,4,0.123333,0.094554,0.000000,0.916667,0.120833,0.120000,0.616532,0.085000,0.575400
24,1123,3448245524,256,"Day 8 15:57",8.072416,8.072416,completed,2404,16,none,"",0,8,"clear",17.000000,45,43,16,53,19,21,4,0.060000,0.094239,0.000000,0.935000,0.296667,0.207333,0.147148,0.055000,0.124400
24,1124,3448253443,256,"Day 9 02:17",8.262116,8.262116,completed,4215,17,none,"",0,8,"clear",17.000000,49,41,17,54,23,25,4,0.128333,0.317576,0.000000,0.946667,0.066667,0.006667,0.486884,0.210000,0.116000
24,1125,3448261362,256,"Day 9 05:37",7.977912,7.977912,completed,3200,13,none,"",0,8,"rain",24.000000,47,43,13,51,22,23,4,0.080000,0.107313,0.168665,0.910000,0.725833,0.456667,0.597649,0.000000,0.000000
24,1126,3448269281,256,"Day 9 04:19",7.457611,7.457611,completed,2347,12,none,"",0,8,"clear",24.000000,42,45,12,50,20,24,4,0.080000,0.131541,0.000000,0.832587,0.400000,0.510000,0.207148,0.000000,0.000000
24,1127,3448277200,256,"Day 8 13:52",8.086602,8.086602,completed,3642,15,none,"",0,7,"rain",24.000000,54,35,15,46,21,22,4,0.000000,0.378350,0.000000,0.990000,0.163333,0.036667,0.599845,0.269000,0.742800
24,1128,3448285119,256,"Day 8 15:23",8.804782,8.804782,completed,3434,20,none,"",0,8,"rain",17.000000,50,36,20,48,18,21,4,0.000000,0.000000,0.000000,1.000000,0.151667,0.584667,0.752185,0.000000,0.277200
25,1101,3448072315,256,"Day 10 22:43",8.581926,8.581926,completed,3364,17,none,"",0,10,"rain",24.000000,37,42,17,55,24,27,4,0.000000,0.263077,0.000000,0.926667,0.421667,0.070000,0.148671,0.160000,0.000000
25,1102,3448080234,256,"Day 9 17:55",8.054472,8.054472,completed,4173,19,none,"",0,9,"clear",17.000000,44,36,19,62,22,23,4,0.000000,0.197904,0.000000,1.000000,0.563333,0.216667,0.379853,0.190000,0.193400
25,1103,3448088153,256,"Day 9 09:01",7.513805,7.513805,completed,3019,16,none,"",0,8,"rain",24.000000,49,40,16,56,24,22,4,0.000000,0.098952,0.025782,1.000000,0.312500,0.133333,0.250392,0.125000,0.156000
25,1104,3448096072,256,"Day 9 07:55",9.109269,9.109269,completed,4553,14,none,"",0,8,"rain",24.000000,38,33,14,58,20,28,4,0.000000,0.119539,0.000000,0.990000,0.120833,0.133333,0.406382,0.080000,0.039000
25,1105,3448103991,256,"Day 9 17:37",7.532776,7.532776,completed,4239,15,none,"",0,9,"rain",17.000000,39,41,15,57,24,26,4,0.060000,0.000000,0.152823,1.000000,0.075000,0.160000,0.534579,0.000000,0.052400
25,1106,3448111910,256,"Day 9 05:46",7.811698,7.811698,completed,4243,18,none,"",0,8,"clear",17.000000,46,36,18,50,21,23,4,0.000000,0.098952,0.000000,1.000000,0.283333,0.153333,0.651632,0.095000,0.473400
25,1107,3448119829,256,"Day 9 03:24",8.672197,8.672197,completed,2620,18,none,"",0,8,"clear",24.000000,51,37,18,65,21,24,4,0.123333,0.102952,0.000000,0.946667,0.541667,0.593333,0.209004,0.085000,0.213000
25,1108,3448127748,256,"Day 9 12:12",8.124156,8.124156,completed,4431,18,none,"",0,8,"rain",24.000000,52,29,18,56,22,25,4,0.005000,0.118952,0.000000,1.000000,0.012500,0.000000,0.609463,0.045000,0.068000
25,1109,3448135667,256,"Day 10 00:45",7.926921,7.926921,completed,3771,20,none,"",0,9,"rain",24.000000,34,40,20,62,26,24,4,0.000000,0.098952,0.056529,0.955000,0.605000,0.170000,0.119004,0.095000,0.091000
25,1110,3448143586,256,"Day 10 08:44",8.043010,8.043010,completed,2711,14,none,"",60,9,"rain",24.000000,38,44,14,53,25,28,2,0.210000,0.358627,0.000000,0.944436,0.110000,0.030000,0.138671,0.000000,0.000000
25,1111,3448151505,256,"Day 9 05:15",8.628988,8.628988,completed,2609,19,none,"",30,8,"rain",17.000000,40,29,19,59,20,23,3,0.272000,0.000000,0.000000,1.000000,0.095833,0.290667,0.089004,0.000000,0.049000
25,1112,3448159424,256,"Day 10 13:54",7.479986,7.479986,completed,2460,16,none,"",0,10,"rain",24.000000,49,39,16,57,25,24,4,0.000000,0.247881,0.000000,0.959667,0.450833,0.417333,0.118671,0.179000,0.179400
25,1113,3448167343,256,"Day 9 16:09",8.617556,8.617556,completed,2945,19,none,"",0,8,"clear",17.000000,53,31,19,57,19,26,4,0.000000,0.126952,0.000000,1.000000,0.000000,0.103333,0.309646,0.060000,0.064000
25,1114,3448175262,256,"Day 9 15:16",7.418126,7.418126,completed,3535,17,none,"",0,9,"clear",17.000000,37,41,17,64,23,23,4,0.000000,0.057428,0.000000,0.968276,0.000000,0.286000,0.438168,0.000000,0.000000
25,1115,3448183181,256,"Day 10 20:25",7.451636,7.451636,completed,2741,14,none,"",0,10,"rain",24.000000,46,42,14,53,24,28,4,0.000000,0.338430,0.000000,0.980000,0.134167,0.097333,0.118671,0.254000,0.048400
25,1116,3448191100,256,"Day 8 05:22",7.490629,7.490629,completed,3165,13,none,"",0,7,"clear",17.000000,46,33,13,59,21,25,4,0.065000,0.000000,0.000000,0.970000,0.062500,0.040000,0.623331,0.000000,0.179800
25,1117,3448199019,256,"Day 11 02:43",8.406654,8.406654,completed,4114,17,none,"",0,10,"rain",24.000000,45,37,17,57,25,21,4,0.125000,0.119539,0.000000,0.831045,0.725833,0.160000,0.514788,0.080000,0.000000
25,1118,3448206938,256,"Day 8 13:42",7.580903,7.580903,completed,1952,14,none,"",0,8,"rain",17.000000,47,34,14,60,23,20,4,0.031667,0.014000,0.000000,1.000000,0.134167,0.083333,0.239004,0.000000,0.001000
25,1119,3448214857,256,"Day 9 18:34",7.234534,7.234534,completed,4321,14,none,"",0,9,"rain",17.000000,49,32,14,55,20,22,4,0.296333,0.137658,0.016182,0.796667,0.525000,0.106667,0.557632,0.000000,0.000000
25,1120,3448222776,256,"Day 9 18:16",7.863635,7.863635,completed,2886,13,none,"",60,9,"rain",24.000000,41,40,13,62,19,25,2,0.251667,0.232491,0.008066,0.946667,0.175000,0.334000,0.273923,0.140000,0.046000
25,1121,3448230695,256,"Day 8 04:43",7.839967,7.839967,completed,2482,17,none,"",0,7,"clear",24.000000,37,35,17,64,22,22,4,0.348333,0.102952,0.000000,0.946667,0.229167,0.126667,0.224170,0.085000,0.092000
25,1122,3448238614,256,"Day 10 06:35",7.307408,7.307408,completed,3968,15,none,"",0,9,"clear",24.000000,43,40,15,54,22,26,4,0.183333,0.000000,0.000000,0.966667,0.229167,0.246667,0.499695,0.000000,0.025000
25,1123,3448246533,256,"Day 9 07:02",8.072416,8.072416,completed,3760,15,none,"",0,8,"clear",17.000000,40,40,15,48,21,23,4,0.360000,0.004000,0.000000,0.896667,0.230000,0.086667,0.626708,0.000000,0.348000
25,1124,3448254452,256,"Day 10 09:45",8.262116,8.262116,completed,4212,17,none,"",0,9,"clear",24.000000,45,39,17,65,20,28,4,0.150000,0.000000,0.089057,1.000000,0.245833,0.220000,0.639413,0.000000,0.034000
25,1125,3448262371,256,"Day 9 20:53",7.977912,7.977912,completed,3620,14,none,"",0,9,"clear",17.000000,34,44,14,56,20,25,4,0.371667,0.000000,0.000000,0.976667,0.179167,0.086667,0.405904,0.000000,0.000000
25,1126,3448270290,256,"Day 8 19:33",7.457611,7.457611,completed,1862,13,none,"",0,8,"clear",24.000000,49,36,13,51,23,22,4,0.000000,0.337443,0.000000,1.000000,0.045833,0.060000,0.253837,0.220000,0.376400
25,1127,3448278209,256,"Day 11 07:04",8.086602,8.086602,completed,3336,15,none,"",30,10,"rain",17.000000,43,42,15,61,22,25,3,0.203667,0.080217,0.000000,0.866667,0.525833,0.410667,0.103837,0.000000,0.000000
25,1128,3448286128,256,"Day 10 16:02",8.804782,8.804782,completed,3690,18,none,"",0,10,"clear",24.000000,39,44,18,55,26,25,4,0.555000,0.010000,0.000000,0.946667,0.291667,0.006667,0.443609,0.000000,0.048400
26,1101,3448073324,256,"Day 9 16:52",8.581926,8.581926,completed,3777,18,none,"",0,9,"clear",17.000000,46,42,18,50,26,28,4,0.005000,0.006000,0.063445,1.000000,0.225000,0.000000,0.719093,0.000000,0.247600
26,1102,3448081243,256,"Day 9 19:49",8.054472,8.054472,completed,2293,15,none,"",0,9,"clear",17.000000,42,51,15,56,21,27,4,0.183333,0.004000,0.000000,0.946667,0.058333,0.270000,0.620922,0.000000,0.069000
26,1103,3448089162,256,"Day 10 23:35",7.513805,7.513805,completed,4583,15,none,"",0,10,"clear",24.000000,50,37,15,45,22,28,4,0.065000,0.000000,0.183419,1.000000,0.154167,0.040000,0.889817,0.000000,0.349400
26,1104,3448097081,256,"Day 9 17:49",9.109269,9.109269,completed,3149,13,none,"",60,9,"rain",24.000000,45,50,13,54,23,27,2,0.075000,0.006000,0.000000,1.000000,0.117500,0.000000,0.689684,0.000000,0.000000
26,1105,3448105000,256,"Day 9 15:36",7.532776,7.532776,completed,1827,13,none,"",0,9,"rain",17.000000,53,42,13,49,21,25,4,0.000000,0.092754,0.000000,1.000000,0.617500,0.056667,0.980000,0.095000,0.085000
26,1106,3448112919,256,"Day 10 10:52",7.811698,7.811698,completed,2900,15,none,"",30,9,"clear",17.000000,44,55,15,56,23,28,3,0.000000,0.288261,0.000000,1.000000,0.159167,0.056667,0.672012,0.275000,0.249000
26,1107,3448120838,256,"Day 11 07:55",8.672197,8.672197,completed,2607,14,none,"",30,10,"clear",17.000000,53,42,14,50,25,25,3,0.051667,0.014000,0.000000,1.000000,0.000000,0.617333,0.562502,0.000000,0.000000
26,1108,3448128757,256,"Day 9 01:49",8.124156,8.124156,completed,3410,16,none,"",0,8,"rain",24.000000,54,35,16,52,21,26,4,0.000000,0.319826,0.000000,0.961667,0.045833,0.060000,0.948149,0.220000,0.321800
26,1109,3448136676,256,"Day 9 06:20",7.926921,7.926921,completed,3358,15,none,"",0,8,"rain",24.000000,48,44,15,52,21,25,4,0.036667,0.020000,0.105601,1.000000,0.000000,0.023333,0.812991,0.000000,0.208000
26,1110,3448144595,256,"Day 9 03:11",8.043010,8.043010,completed,3775,17,none,"",0,8,"clear",24.000000,53,28,17,47,21,23,4,0.060000,0.042168,0.000000,0.928333,0.141667,0.103333,1.000000,0.075000,0.564800
26,1111,3448152514,256,"Day 9 18:31",8.628988,8.628988,completed,3388,17,none,"",0,9,"rain",17.000000,45,37,17,50,24,28,4,0.003333,0.028000,0.017819,1.000000,0.000000,0.106667,0.980000,0.000000,0.000000
26,1112,3448160433,256,"Day 9 18:44",7.479986,7.479986,completed,3525,16,none,"",0,9,"rain",17.000000,52,39,16,53,24,28,4,0.031667,0.096030,0.065018,1.000000,0.000000,0.216667,0.929239,0.020000,0.130200
26,1113,3448168352,256,"Day 8 01:09",8.617556,8.617556,completed,2542,17,none,"",0,7,"rain",17.000000,51,31,17,51,18,21,4,0.000000,0.278261,0.000000,0.970000,0.112500,0.203333,1.000000,0.285000,0.527400
26,1114,3448176271,256,"Day 9 16:27",7.418126,7.418126,completed,3040,15,none,"",0,9,"clear",17.000000,57,36,15,61,21,25,4,0.218333,0.229472,0.000000,0.946667,0.008333,0.170000,0.555887,0.120000,0.105000
26,1115,3448184190,256,"Day 9 10:46",7.451636,7.451636,completed,2604,13,none,"",0,8,"clear",24.000000,42,46,13,53,24,27,4,0.000000,0.229038,0.000000,0.980000,0.288333,0.260667,0.307408,0.160000,0.236400
26,1116,3448192109,256,"Day 10 02:03",7.490629,7.490629,completed,3384,14,none,"",0,9,"clear",24.000000,55,34,14,48,22,28,4,0.000000,0.434748,0.000000,0.876667,0.187500,0.116667,0.957316,0.380000,0.475400
26,1117,3448200028,256,"Day 10 19:04",8.406654,8.406654,completed,5101,20,none,"",0,10,"rain",24.000000,54,34,20,49,25,28,4,0.000000,0.114319,0.171739,0.990000,0.108333,0.076667,0.799107,0.080000,0.078000
26,1118,3448207947,256,"Day 7 20:40",7.580903,7.580903,completed,2006,13,none,"",0,7,"rain",17.000000,56,29,13,52,22,27,4,0.120000,0.000000,0.000000,1.000000,0.179167,0.116667,0.803968,0.000000,0.457400
26,1119,3448215866,256,"Day 9 15:08",7.234534,7.234534,completed,3817,17,none,"",0,8,"clear",17.000000,55,34,17,56,21,25,4,0.000000,0.349391,0.070897,0.930291,0.095833,0.043333,1.000000,0.185000,0.361400
26,1120,3448223785,256,"Day 10 17:37",7.863635,7.863635,completed,4231,15,none,"",0,10,"clear",17.000000,42,48,15,50,24,28,4,0.123333,0.116754,0.282940,0.946667,0.041667,0.023333,0.779019,0.085000,0.254000
26,1121,3448231704,256,"Day 9 07:00",7.839967,7.839967,completed,3351,12,none,"",0,8,"clear",17.000000,57,31,12,50,25,27,4,0.000000,0.130922,0.000000,1.000000,0.000000,0.023333,1.000000,0.120000,0.611200
26,1122,3448239623,256,"Day 9 12:24",7.307408,7.307408,completed,3455,13,none,"",0,9,"clear",24.000000,40,52,13,51,21,25,4,0.123333,0.207507,0.000000,0.946667,0.008333,0.116667,0.856678,0.135000,0.403400
26,1123,3448247542,256,"Day 8 07:09",8.072416,8.072416,completed,3638,20,none,"",0,7,"rain",17.000000,49,27,20,49,19,22,4,0.311667,0.014000,0.000000,0.880146,0.300000,0.013333,1.000000,0.000000,0.420400
26,1124,3448255461,256,"Day 9 05:29",8.262116,8.262116,completed,4554,19,none,"",0,8,"clear",17.000000,51,36,19,51,24,22,4,0.188333,0.004000,0.000000,0.946667,0.058333,0.153333,1.000000,0.000000,0.603400
26,1125,3448263380,256,"Day 9 00:24",7.977912,7.977912,completed,2611,14,none,"",0,8,"rain",24.000000,51,38,14,53,24,24,4,0.000000,0.278261,0.000000,0.980000,0.350000,0.326667,0.763349,0.285000,0.354000
26,1126,3448271299,256,"Day 9 11:44",7.457611,7.457611,completed,3165,16,none,"",0,9,"rain",24.000000,50,36,16,55,18,27,4,0.000333,0.114719,0.000000,0.989667,0.167500,0.177333,0.980000,0.079000,0.454400
26,1127,3448279218,256,"Day 8 07:55",8.086602,8.086602,completed,4000,15,none,"",0,7,"clear",24.000000,43,46,15,50,19,24,4,0.413333,0.024714,0.017106,0.851812,0.145833,0.000000,0.875549,0.000000,0.084000
26,1128,3448287137,256,"Day 9 14:08",8.804782,8.804782,completed,4256,22,none,"",0,9,"clear",17.000000,45,41,22,54,23,25,4,0.060000,0.000000,0.000000,1.000000,0.417500,0.136667,0.577542,0.000000,0.000000
27,1101,3448074333,256,"Day 8 11:00",8.581926,8.581926,completed,3427,16,none,"",0,7,"rain",17.000000,42,43,16,57,20,25,4,0.000000,0.228878,0.000000,0.926667,0.130000,0.194000,0.181202,0.150000,0.007000
27,1102,3448082252,256,"Day 8 19:41",8.054472,8.054472,completed,2791,14,none,"",0,8,"clear",17.000000,40,48,14,47,21,23,4,0.060000,0.203670,0.000000,0.933943,0.734167,0.190000,0.498779,0.080000,0.165000
27,1103,3448090171,256,"Day 9 01:59",7.513805,7.513805,completed,2877,16,none,"",0,8,"rain",24.000000,52,34,16,48,21,24,4,0.306667,0.004000,0.000000,0.743333,0.120833,0.086667,0.851616,0.000000,0.434400
27,1104,3448098090,256,"Day 8 19:47",9.109269,9.109269,completed,2353,15,none,"",0,8,"rain",24.000000,44,43,15,53,21,22,4,0.000000,0.284023,0.000000,0.876667,0.266667,0.083333,0.452130,0.165000,0.193400
27,1105,3448106009,256,"Day 9 07:45",7.532776,7.532776,completed,2671,14,none,"",0,8,"rain",17.000000,52,44,14,51,25,20,4,0.060000,0.053623,0.005110,1.000000,0.725000,0.133333,0.850264,0.030000,0.234400
27,1106,3448113928,256,"Day 11 05:43",7.811698,7.811698,completed,3320,21,none,"",0,10,"clear",24.000000,47,42,21,49,22,26,4,0.188333,0.010000,0.000000,1.000000,0.291667,0.000000,0.157683,0.000000,0.034000
27,1107,3448121847,256,"Day 9 14:43",8.672197,8.672197,completed,2795,11,none,"",0,9,"clear",24.000000,50,45,11,52,22,26,4,0.060000,0.000000,0.000000,1.000000,0.262500,0.073333,0.505415,0.029000,0.275000
27,1108,3448129766,256,"Day 9 22:05",8.124156,8.124156,completed,3839,15,none,"",0,9,"rain",24.000000,54,40,15,47,21,25,4,0.000000,0.216961,0.039647,0.915000,0.150000,0.050000,0.679377,0.175000,0.151400
27,1109,3448137685,256,"Day 11 04:51",7.926921,7.926921,completed,3630,20,none,"",0,10,"rain",17.000000,53,39,20,47,23,28,4,0.065000,0.017728,0.000000,1.000000,0.137500,0.000000,0.406176,0.000000,0.000000
27,1110,3448145604,256,"Day 8 19:08",8.043010,8.043010,completed,3026,14,none,"",0,8,"clear",24.000000,41,46,14,55,22,24,4,0.065000,0.163542,0.000000,0.970000,0.112500,0.000000,0.289443,0.045000,0.312400
27,1111,3448153523,256,"Day 9 08:20",8.628988,8.628988,completed,3890,18,none,"",0,8,"rain",17.000000,46,28,18,51,23,27,4,0.123333,0.112522,0.000000,0.925000,0.037500,0.170000,0.511202,0.085000,0.208000
27,1112,3448161442,256,"Day 8 03:12",7.479986,7.479986,completed,3470,16,none,"",0,7,"clear",24.000000,45,33,16,51,22,23,4,0.042000,0.094522,0.000000,0.978333,0.079167,0.153333,0.642962,0.095000,0.518400
27,1113,3448169361,256,"Day 10 10:00",8.617556,8.617556,completed,4128,18,none,"",0,9,"clear",24.000000,49,44,18,50,20,24,4,0.110000,0.056355,0.000000,0.920000,1.000000,0.336667,0.735918,0.000000,0.000000
27,1114,3448177280,256,"Day 9 10:31",7.418126,7.418126,completed,2723,15,none,"",0,8,"clear",24.000000,49,43,15,55,17,25,4,0.060333,0.018377,0.000000,0.970000,0.459167,0.154000,0.389131,0.074000,0.392800
27,1115,3448185199,256,"Day 8 03:18",7.451636,7.451636,completed,2075,12,none,"",0,7,"rain",17.000000,56,34,12,43,21,22,4,0.128333,0.416004,0.039647,0.946667,0.041667,0.006667,0.451202,0.305000,0.396800
27,1116,3448193118,256,"Day 9 04:44",7.490629,7.490629,completed,2767,13,none,"",0,8,"rain",24.000000,47,41,13,60,24,27,4,0.253333,0.122439,0.000000,1.000000,0.095833,0.000000,0.109443,0.065000,0.000000
27,1117,3448201037,256,"Day 10 12:18",8.406654,8.406654,completed,3439,15,none,"",30,9,"clear",24.000000,40,51,15,47,23,28,3,0.110333,0.016128,0.000000,0.949667,0.467500,0.497333,0.511970,0.000000,0.000000
27,1118,3448208956,256,"Day 8 19:48",7.580903,7.580903,completed,3009,13,none,"",0,8,"rain",24.000000,43,42,13,47,21,24,4,0.155000,0.078747,0.000000,0.999276,0.000000,0.360000,0.379443,0.025000,0.478400
27,1119,3448216875,256,"Day 9 17:27",7.234534,7.234534,completed,2678,15,none,"",0,9,"rain",17.000000,52,38,15,48,20,24,4,0.218333,0.099480,0.000000,0.768333,0.166667,0.123333,0.581414,0.095000,0.149400
27,1120,3448224794,256,"Day 10 20:55",7.863635,7.863635,completed,5284,18,none,"",0,10,"clear",24.000000,36,55,18,52,19,26,4,0.067000,0.112439,0.039647,0.903333,0.192500,0.177333,0.528595,0.080000,0.000000
27,1121,3448232713,256,"Day 9 17:00",7.839967,7.839967,completed,3180,13,none,"",0,9,"clear",17.000000,55,34,13,44,22,23,4,0.040000,0.307482,0.000000,0.974276,0.158333,0.016667,0.774836,0.235000,0.192800
27,1122,3448240632,256,"Day 9 04:43",7.307408,7.307408,completed,3001,12,none,"",0,8,"clear",24.000000,42,45,12,54,19,23,4,0.000000,0.118439,0.000000,0.990000,0.087500,0.020000,0.379443,0.080000,0.001000
27,1123,3448248551,256,"Day 9 11:26",8.072416,8.072416,completed,3537,13,none,"",0,8,"clear",17.000000,47,47,13,57,19,23,4,0.000000,0.343800,0.039647,0.926667,0.058333,0.093333,0.259443,0.210000,0.217400
27,1124,3448256470,256,"Day 9 20:45",8.262116,8.262116,completed,3611,16,none,"",0,9,"clear",24.000000,42,41,16,48,20,22,4,0.157000,0.120439,0.000000,0.883333,0.092500,0.117333,0.663029,0.070000,0.000000
27,1125,3448264389,256,"Day 9 04:25",7.977912,7.977912,completed,3930,15,none,"",0,8,"rain",24.000000,52,39,15,45,21,20,4,0.000000,0.299565,0.039647,1.000000,0.212500,0.116667,1.000000,0.215000,0.555800
27,1126,3448272308,256,"Day 9 19:47",7.457611,7.457611,completed,3436,14,none,"",0,9,"rain",17.000000,42,47,14,51,24,26,4,0.031667,0.120601,0.030043,1.000000,0.000000,0.153333,0.380413,0.000000,0.000000
27,1127,3448280227,256,"Day 9 01:36",8.086602,8.086602,completed,2744,15,none,"",0,8,"rain",17.000000,49,35,15,52,20,22,4,0.080000,0.163812,0.000000,0.828333,0.475000,0.403333,0.619443,0.000000,0.000000
27,1128,3448288146,256,"Day 10 08:25",8.804782,8.804782,completed,4127,20,none,"",0,9,"clear",17.000000,45,42,20,49,23,24,4,0.000000,0.399755,0.000000,0.970000,0.062500,0.450000,0.679429,0.345000,0.319000
28,1101,3448075342,256,"Day 9 17:42",8.581926,8.581926,completed,2951,14,none,"",0,9,"clear",17.000000,47,40,14,54,23,27,4,0.123333,0.127483,0.000000,0.767690,0.475000,0.530000,0.780901,0.070000,0.033000
28,1102,3448083261,256,"Day 9 16:44",8.054472,8.054472,completed,2690,16,none,"",0,9,"clear",17.000000,56,29,16,48,20,24,4,0.000000,0.116207,0.000000,0.930000,0.416667,0.060000,1.000000,0.080000,0.276400
28,1103,3448091180,256,"Day 8 16:08",7.513805,7.513805,completed,2564,16,none,"",0,8,"rain",24.000000,50,31,16,45,15,21,4,0.000000,0.319054,0.064064,0.705381,0.566667,0.671333,1.000000,0.160000,0.000000
28,1104,3448099099,256,"Day 10 13:52",9.109269,9.109269,completed,4084,14,none,"",0,9,"rain",17.000000,52,37,14,48,25,24,4,0.123333,0.154207,0.000000,0.934095,0.033333,0.073333,1.000000,0.070000,0.000000
28,1105,3448107018,256,"Day 11 14:22",7.532776,7.532776,completed,3933,15,none,"",0,10,"clear",24.000000,56,39,15,50,24,29,4,0.123333,0.250414,0.081990,0.926667,0.058333,0.166667,0.760272,0.150000,0.025400
28,1106,3448114937,256,"Day 10 06:26",7.811698,7.811698,completed,3449,19,none,"",0,9,"clear",17.000000,56,36,19,54,20,26,4,0.000000,0.311421,0.000000,1.000000,0.550000,0.150667,0.651642,0.095000,0.176400
28,1107,3448122856,256,"Day 10 13:09",8.672197,8.672197,completed,2643,16,none,"",0,9,"clear",24.000000,55,40,16,51,21,25,4,0.000000,0.119396,0.000000,1.000000,0.118333,0.040000,0.801095,0.095000,0.085000
28,1108,3448130775,256,"Day 9 22:04",8.124156,8.124156,completed,4044,16,none,"",0,9,"rain",24.000000,55,34,16,49,20,26,4,0.000000,0.209991,0.143203,0.970000,0.041667,0.056667,0.963417,0.190000,0.328400
28,1109,3448138694,256,"Day 10 04:25",7.926921,7.926921,completed,2557,13,none,"",0,9,"rain",24.000000,54,38,13,55,21,27,4,0.236667,0.000000,0.000000,0.833333,0.570833,0.430000,0.747470,0.000000,0.000000
28,1110,3448146613,256,"Day 10 12:49",8.043010,8.043010,completed,2844,14,none,"",0,9,"clear",24.000000,55,30,14,47,23,25,4,0.000000,0.211202,0.000000,0.868333,0.209167,0.297333,1.000000,0.175000,0.228400
28,1111,3448154532,256,"Day 9 15:23",8.628988,8.628988,completed,4216,17,none,"",0,9,"rain",17.000000,49,35,17,52,23,23,4,0.264667,0.076390,0.143203,0.858357,0.165000,0.040667,0.913417,0.012000,0.234000
28,1112,3448162451,256,"Day 10 04:28",7.479986,7.479986,completed,4004,14,none,"",0,9,"rain",17.000000,50,32,14,45,24,24,4,0.000000,0.108996,0.000000,1.000000,0.017500,0.080000,0.980000,0.060000,0.064000
28,1113,3448170370,256,"Day 9 01:47",8.617556,8.617556,completed,3236,16,none,"",0,8,"clear",17.000000,44,44,16,56,24,22,4,0.000000,0.583823,0.022633,0.980000,0.095833,0.126667,0.714102,0.370000,0.049000
28,1114,3448178289,256,"Day 11 15:27",7.418126,7.418126,completed,2975,15,none,"",0,11,"rain",24.000000,46,49,15,47,23,26,4,0.005000,0.100996,0.000000,1.000000,0.475000,0.000000,0.860908,0.080000,0.076000
28,1115,3448186208,256,"Day 10 00:29",7.451636,7.451636,completed,3340,14,none,"",0,9,"rain",17.000000,47,55,14,50,26,26,4,0.120000,0.000000,0.040806,1.000000,0.250000,0.096667,0.743981,0.000000,0.174000
28,1116,3448194127,256,"Day 10 12:53",7.490629,7.490629,completed,3191,14,none,"",0,10,"clear",24.000000,50,42,14,46,22,26,4,0.123333,0.201419,0.000000,0.883333,0.216667,0.196667,0.809377,0.100000,0.025000
28,1117,3448202046,256,"Day 11 03:40",8.406654,8.406654,completed,3836,17,none,"",0,10,"rain",24.000000,59,28,17,48,20,27,4,0.000000,0.094996,0.014683,0.951667,0.420833,0.656667,0.892354,0.095000,0.340400
28,1118,3448209965,256,"Day 9 17:41",7.580903,7.580903,completed,2525,14,none,"",0,9,"rain",17.000000,44,47,14,54,20,24,4,0.000000,0.347809,0.000000,1.000000,0.394167,0.080667,0.891591,0.219000,0.061200
28,1119,3448217884,256,"Day 10 14:05",7.234534,7.234534,completed,4057,19,none,"",0,9,"clear",17.000000,45,51,19,51,19,25,4,0.188667,0.000400,0.000000,0.937357,0.517500,0.067333,0.677223,0.000000,0.000000
28,1120,3448225803,256,"Day 10 11:01",7.863635,7.863635,completed,3329,15,none,"",30,9,"rain",17.000000,46,41,15,52,23,26,3,0.110000,0.000000,0.000000,0.853333,0.641667,0.576667,0.659377,0.000000,0.000000
28,1121,3448233722,256,"Day 9 16:51",7.839967,7.839967,completed,2879,14,none,"",0,9,"clear",17.000000,59,32,14,49,20,24,4,0.000000,0.415194,0.000000,0.937690,0.346667,0.033333,0.915879,0.330000,0.395400
28,1122,3448241641,256,"Day 10 16:22",7.307408,7.307408,completed,3754,14,none,"",0,10,"clear",24.000000,45,45,14,51,23,24,4,0.183333,0.004000,0.000000,0.946667,0.625833,0.087333,0.651894,0.000000,0.128000
28,1123,3448249560,256,"Day 11 17:31",8.072416,8.072416,completed,5910,16,none,"",0,11,"clear",17.000000,48,38,16,43,25,28,4,0.278333,0.102401,0.000000,0.893333,0.016667,0.120000,0.993102,0.000000,0.070000
28,1124,3448257479,256,"Day 7 03:50",8.262116,8.262116,completed,2869,16,none,"",0,6,"rain",17.000000,47,27,16,47,20,20,4,0.000000,0.217202,0.143203,0.884024,0.180833,0.016667,1.000000,0.160000,0.699200
28,1125,3448265398,256,"Day 10 09:18",7.977912,7.977912,completed,3076,14,none,"",0,9,"clear",17.000000,53,42,14,54,21,26,4,0.000000,0.130607,0.000000,0.990000,0.025833,0.107333,0.717731,0.080000,0.000000
28,1126,3448273317,256,"Day 10 07:17",7.457611,7.457611,completed,2229,13,none,"",0,9,"rain",17.000000,49,45,13,55,22,26,4,0.000000,0.136207,0.000000,0.990000,0.037500,0.020000,0.231761,0.080000,0.000000
28,1127,3448281236,256,"Day 10 19:49",8.086602,8.086602,completed,4060,19,none,"",0,10,"rain",17.000000,47,40,19,47,22,30,4,0.060000,0.143512,0.074659,1.000000,0.221667,0.076667,0.701230,0.040000,0.031400
28,1128,3448289155,256,"Day 8 09:20",8.804782,8.804782,completed,2632,16,none,"",0,7,"rain",17.000000,48,40,16,51,20,22,4,0.210000,0.075645,0.000000,0.946667,0.020833,0.006667,1.000000,0.000000,0.000000
29,1101,3448076351,256,"Day 9 18:26",8.581926,8.581926,completed,2506,12,none,"",0,9,"clear",17.000000,49,45,12,62,23,24,4,0.000000,0.343836,0.000000,0.895860,0.559167,0.016667,0.602917,0.245000,0.233400
29,1102,3448084270,256,"Day 10 10:39",8.054472,8.054472,completed,3276,13,none,"",0,9,"clear",17.000000,53,46,13,60,21,23,4,0.060000,0.213420,0.000000,1.000000,0.395833,0.176667,0.735051,0.245000,0.679400
29,1103,3448092189,256,"Day 9 23:36",7.513805,7.513805,completed,2618,16,none,"",0,9,"rain",24.000000,56,34,16,57,20,26,4,0.000000,0.225088,0.000000,0.980000,0.166667,0.100000,0.651814,0.160000,0.000000
29,1104,3448100108,256,"Day 10 04:09",9.109269,9.109269,completed,2877,13,none,"",0,9,"rain",17.000000,55,36,13,57,20,27,4,0.000000,0.241420,0.000000,1.000000,0.000000,0.216667,0.684390,0.175000,0.270000
29,1105,3448108027,256,"Day 10 22:42",7.532776,7.532776,completed,3249,16,none,"",0,10,"clear",24.000000,49,41,16,58,24,24,4,0.195000,0.116544,0.047707,0.927526,0.083333,0.250000,0.735030,0.080000,0.000000
29,1106,3448115946,256,"Day 9 16:39",7.811698,7.811698,completed,3356,16,none,"",0,8,"clear",17.000000,55,37,16,54,20,23,4,0.065000,0.006000,0.000000,1.000000,0.108333,0.000000,0.862629,0.000000,0.228800
29,1107,3448123865,256,"Day 10 19:54",8.672197,8.672197,completed,3164,16,none,"",0,10,"clear",17.000000,44,41,16,57,23,27,4,0.000000,0.442482,0.000000,0.971667,0.095833,0.140000,0.481818,0.355000,0.255000
29,1108,3448131784,256,"Day 9 22:53",8.124156,8.124156,completed,1925,16,none,"",0,9,"rain",24.000000,51,38,16,60,23,24,4,0.236667,0.000000,0.000000,1.000000,0.167500,0.160667,0.297766,0.000000,0.000000
29,1109,3448139703,256,"Day 10 11:16",7.926921,7.926921,completed,2857,15,none,"",0,10,"rain",24.000000,48,48,15,51,21,24,4,0.123333,0.221590,0.000000,0.946667,0.008333,0.107333,0.769203,0.129000,0.039400
29,1110,3448147622,256,"Day 10 17:04",8.043010,8.043010,completed,3405,13,none,"",0,10,"clear",17.000000,53,36,13,56,21,27,4,0.060333,0.068630,0.000000,1.000000,0.117500,0.264000,0.874131,0.069000,0.133400
29,1111,3448155541,256,"Day 10 20:30",8.628988,8.628988,completed,3393,14,none,"",0,10,"rain",17.000000,52,31,14,52,23,29,4,0.000000,0.317836,0.000000,0.990000,0.079167,0.053333,0.573226,0.270000,0.246600
29,1112,3448163460,256,"Day 11 08:53",7.479986,7.479986,completed,3744,17,none,"",0,10,"rain",24.000000,58,37,17,54,23,23,4,0.060333,0.000000,0.000000,0.969667,0.430000,0.210667,0.484236,0.000000,0.418400
29,1113,3448171379,256,"Day 10 23:26",8.617556,8.617556,completed,2752,15,none,"",30,10,"clear",24.000000,44,47,15,62,21,26,3,0.080000,0.094924,0.000000,0.900000,0.470833,0.430000,0.516609,0.000000,0.000000
29,1114,3448179298,256,"Day 10 07:33",7.418126,7.418126,completed,2987,13,none,"",0,9,"clear",17.000000,49,42,13,57,20,22,4,0.128333,0.219292,0.074971,0.970000,0.020833,0.000000,0.865766,0.095000,0.113000
29,1115,3448187217,256,"Day 9 00:49",7.451636,7.451636,completed,2517,12,none,"",0,8,"clear",24.000000,53,39,12,58,23,24,4,0.060000,0.000000,0.000000,0.970000,0.204167,0.190000,0.720977,0.025000,0.247000
29,1116,3448195136,256,"Day 9 05:42",7.490629,7.490629,completed,2447,15,none,"",0,8,"rain",24.000000,49,38,15,53,21,22,4,0.000000,0.259318,0.000000,0.960000,0.234167,0.096667,0.363631,0.205000,0.135400
29,1117,3448203055,256,"Day 10 17:16",8.406654,8.406654,completed,2837,16,none,"",0,10,"rain",24.000000,57,37,16,58,19,27,4,0.000000,0.129276,0.000000,0.960000,0.025000,0.657333,0.574841,0.095000,0.251800
29,1118,3448210974,256,"Day 9 14:57",7.580903,7.580903,completed,2101,15,none,"",0,9,"rain",24.000000,51,34,15,61,22,25,4,0.000000,0.090646,0.000000,1.000000,0.405000,0.347333,0.274236,0.095000,0.312400
29,1119,3448218893,256,"Day 12 04:10",7.234534,7.234534,completed,3441,17,none,"",30,11,"rain",17.000000,46,50,17,57,24,27,3,0.203333,0.033878,0.000000,0.723333,0.491667,0.416667,0.264841,0.000000,0.000000
29,1120,3448226812,256,"Day 10 01:30",7.863635,7.863635,completed,3798,16,none,"",0,9,"rain",17.000000,60,27,16,47,18,23,4,0.000000,0.120757,0.000000,0.990000,0.317500,0.060000,1.000000,0.080000,0.225800
29,1121,3448234731,256,"Day 10 03:51",7.839967,7.839967,completed,2802,14,none,"",0,9,"clear",24.000000,59,30,14,64,20,24,4,0.275000,0.000000,0.000000,1.000000,0.050000,0.166667,0.363631,0.000000,0.121800
29,1122,3448242650,256,"Day 10 20:57",7.307408,7.307408,completed,3774,14,none,"",0,10,"clear",24.000000,45,51,14,53,26,26,4,0.057000,0.020000,0.000000,1.000000,0.012500,0.000000,0.892815,0.000000,0.000400
29,1123,3448250569,256,"Day 9 17:36",8.072416,8.072416,completed,3826,18,none,"",0,9,"clear",24.000000,50,40,18,53,21,24,4,0.000000,0.428380,0.000000,1.000000,0.020833,0.206667,0.793194,0.305000,0.214000
29,1124,3448258488,256,"Day 10 04:45",8.262116,8.262116,completed,3770,18,none,"",30,9,"clear",24.000000,44,45,18,60,21,26,3,0.160000,0.074128,0.000000,1.000000,0.000000,0.070000,0.192832,0.000000,0.118000
29,1125,3448266407,256,"Day 9 20:47",7.977912,7.977912,completed,2793,16,none,"",0,9,"clear",17.000000,47,39,16,50,22,25,4,0.060000,0.078026,0.018376,0.875052,0.145833,0.100000,1.000000,0.040000,0.371800
29,1126,3448274326,256,"Day 9 11:29",7.457611,7.457611,completed,2034,13,none,"",0,9,"clear",24.000000,59,33,13,55,18,21,4,0.000333,0.097046,0.000000,1.000000,0.288333,0.017333,0.698440,0.094000,0.213400
29,1127,3448282245,256,"Day 9 14:46",8.086602,8.086602,completed,3026,15,none,"",0,9,"rain",17.000000,59,36,15,59,22,25,4,0.110000,0.000000,0.000000,0.910000,0.445833,0.396667,0.593373,0.000000,0.000000
29,1128,3448290164,256,"Day 9 13:30",8.804782,8.804782,completed,3599,19,none,"",0,9,"clear",17.000000,48,42,19,53,21,27,4,0.060000,0.072426,0.000000,1.000000,0.076667,0.210667,0.503560,0.005000,0.048800
30,1101,3448077360,256,"Day 8 06:16",8.581926,8.581926,completed,4114,19,none,"",0,7,"rain",17.000000,48,27,19,51,22,28,4,0.128333,0.233612,0.117692,1.000000,0.066667,0.000000,0.541132,0.150000,0.083000
30,1102,3448085279,256,"Day 9 00:29",8.054472,8.054472,completed,4157,15,none,"",0,8,"clear",17.000000,42,36,15,52,24,25,4,0.345000,0.006000,0.000000,0.984959,0.187500,0.000000,0.346555,0.000000,0.000000
30,1103,3448093198,256,"Day 6 20:09",7.513805,7.513805,completed,3074,15,none,"",0,6,"clear",17.000000,43,22,15,45,21,23,4,0.123333,0.192265,0.000000,0.766667,0.166667,0.123333,0.901000,0.180000,0.736400
30,1104,3448101117,256,"Day 8 12:33",9.109269,9.109269,completed,4128,15,none,"",0,8,"rain",17.000000,43,31,15,53,22,27,4,0.141667,0.113589,0.060506,0.914917,0.208333,0.086667,0.486250,0.010000,0.162400
30,1105,3448109036,256,"Day 8 14:54",7.532776,7.532776,completed,2541,13,none,"",0,8,"rain",17.000000,46,26,13,49,24,25,4,0.000000,0.202265,0.000000,1.000000,0.020833,0.187333,0.271500,0.155000,0.296400
30,1106,3448116955,256,"Day 8 11:02",7.811698,7.811698,completed,4307,20,none,"",0,7,"clear",17.000000,35,37,20,55,26,26,4,0.123333,0.233612,0.000000,0.946667,0.041667,0.023333,0.336250,0.115000,0.268000
30,1107,3448124874,256,"Day 7 10:26",8.672197,8.672197,completed,3353,20,none,"",0,6,"rain",24.000000,38,35,20,50,18,22,4,0.100333,0.096120,0.000000,0.894667,0.155000,0.070667,0.661000,0.034000,0.190400
30,1108,3448132793,256,"Day 6 19:06",8.124156,8.124156,completed,2076,15,none,"",0,6,"rain",17.000000,50,30,15,56,20,23,4,0.031667,0.014000,0.000000,1.000000,0.000000,0.150000,0.841000,0.000000,0.408800
30,1109,3448140712,256,"Day 7 19:36",7.926921,7.926921,completed,3095,14,none,"",0,7,"clear",24.000000,48,22,14,46,24,26,4,0.095000,0.310397,0.000000,1.000000,0.000000,0.053333,0.766250,0.215000,0.670400
30,1110,3448148631,256,"Day 8 18:03",8.043010,8.043010,completed,3856,13,none,"",0,8,"clear",24.000000,42,38,13,55,25,26,4,0.000000,0.213612,0.000000,0.968333,0.229167,0.173333,0.106250,0.165000,0.246400
30,1111,3448156550,256,"Day 8 03:49",8.628988,8.628988,completed,4724,19,none,"",0,7,"rain",24.000000,44,25,19,49,23,23,4,0.430000,0.049870,0.000000,0.771501,0.075000,0.083333,0.991000,0.000000,0.493400
30,1112,3448164469,256,"Day 7 14:51",7.479986,7.479986,completed,3746,15,none,"",0,6,"clear",17.000000,46,25,15,47,23,24,4,0.223333,0.237612,0.000000,0.991625,0.020833,0.000000,0.961925,0.105000,0.615200
30,1113,3448172388,256,"Day 8 06:06",8.617556,8.617556,completed,3440,16,none,"",0,7,"rain",17.000000,49,23,16,51,24,25,4,0.000000,0.213612,0.000000,0.751667,0.312500,0.233333,0.601000,0.175000,0.741400
30,1114,3448180307,256,"Day 8 12:33",7.418126,7.418126,completed,4092,17,none,"",0,7,"rain",17.000000,42,28,17,48,25,30,4,0.000000,0.219612,0.000000,0.906667,0.205000,0.026667,0.338804,0.150000,0.320400
30,1115,3448188226,256,"Day 7 13:01",7.451636,7.451636,completed,2553,13,none,"",0,7,"rain",17.000000,43,26,13,45,19,25,4,0.188333,0.058360,0.000000,0.789959,0.100000,0.046667,0.706250,0.000000,0.517800
30,1116,3448196145,256,"Day 7 09:04",7.490629,7.490629,completed,2764,15,none,"",0,6,"rain",17.000000,40,34,15,52,22,26,4,0.123333,0.212265,0.000000,0.886667,0.008333,0.030000,0.481000,0.130000,0.375400
30,1117,3448204064,256,"Day 7 13:26",8.406654,8.406654,completed,3385,16,none,"",0,6,"rain",24.000000,46,26,16,49,22,27,4,0.060000,0.000000,0.000000,0.940000,0.104167,0.056667,0.391000,0.000000,0.535800
30,1118,3448211983,256,"Day 7 14:15",7.580903,7.580903,completed,2390,12,none,"",0,7,"rain",17.000000,45,32,12,52,22,26,4,0.188333,0.008676,0.000000,0.961625,0.070833,0.000000,0.406250,0.000000,0.402400
30,1119,3448219902,256,"Day 8 05:38",7.234534,7.234534,completed,4367,17,none,"",0,7,"clear",17.000000,39,31,17,48,21,25,4,0.123333,0.187852,0.000000,0.843292,0.116667,0.270000,0.428972,0.090000,0.368400
30,1120,3448227821,256,"Day 7 06:31",7.863635,7.863635,completed,2317,13,none,"",0,6,"clear",17.000000,47,24,13,45,23,25,4,0.013333,0.429877,0.000000,0.825000,0.083333,0.050000,0.541000,0.285000,0.632400
30,1121,3448235740,256,"Day 7 15:47",7.839967,7.839967,completed,2185,13,none,"",0,7,"clear",24.000000,47,26,13,48,24,25,4,0.000000,0.094132,0.000000,1.000000,0.070833,0.080000,0.436250,0.095000,0.416800
30,1122,3448243659,256,"Day 7 08:12",7.307408,7.307408,completed,2175,13,none,"",0,6,"rain",17.000000,45,34,13,54,23,23,4,0.183333,0.099067,0.000000,0.883333,0.200000,0.090000,0.481000,0.020000,0.175400
30,1123,3448251578,256,"Day 7 22:05",8.072416,8.072416,completed,4832,22,none,"",0,7,"rain",17.000000,45,18,22,44,22,21,4,0.221667,0.000000,0.183048,0.853333,0.154167,0.113333,1.000000,0.000000,0.534000
30,1124,3448259497,256,"Day 7 23:58",8.262116,8.262116,completed,4047,16,none,"",0,7,"rain",17.000000,39,29,16,49,23,26,4,0.100000,0.212265,0.000000,0.970000,0.000000,0.030000,0.721000,0.130000,0.270400
30,1125,3448267416,256,"Day 7 06:59",7.977912,7.977912,completed,2053,12,none,"",0,6,"clear",24.000000,41,30,12,55,23,24,4,0.123333,0.098132,0.000000,0.946667,0.354167,0.140000,0.601000,0.085000,0.319400
30,1126,3448275335,256,"Day 7 23:00",7.457611,7.457611,completed,2589,13,none,"",0,7,"clear",17.000000,42,37,13,50,23,26,4,0.095000,0.193852,0.183048,0.831667,0.120833,0.120000,0.151000,0.095000,0.305000
30,1127,3448283254,256,"Day 7 04:20",8.086602,8.086602,completed,2395,15,none,"",0,6,"clear",17.000000,42,30,15,54,20,25,4,0.123333,0.098132,0.000000,0.895000,0.325000,0.086667,0.331000,0.085000,0.324400
30,1128,3448291173,256,"Day 8 10:29",8.804782,8.804782,completed,4669,25,none,"",0,8,"rain",17.000000,47,20,25,49,24,28,4,0.133333,0.000000,0.084473,0.873333,0.166667,0.196667,0.704179,0.000000,0.195000
31,1101,3448078369,256,"Day 10 11:29",8.581926,8.581926,completed,4397,17,none,"",0,10,"clear",17.000000,44,37,17,51,22,22,4,0.065333,0.006400,0.000000,1.000000,0.084167,0.000667,0.649268,0.000000,0.039400
31,1102,3448086288,256,"Day 10 02:13",8.054472,8.054472,completed,3591,16,none,"",0,9,"clear",17.000000,40,45,16,50,24,26,4,0.000000,0.157572,0.000000,0.951667,0.559167,0.430667,0.678179,0.095000,0.085000
31,1103,3448094207,256,"Day 10 21:29",7.513805,7.513805,completed,3030,15,none,"",0,10,"clear",24.000000,49,43,15,52,24,23,4,0.060000,0.065141,0.000000,0.981667,0.595833,0.466667,0.402740,0.000000,0.049000
31,1104,3448102126,256,"Day 10 18:50",9.109269,9.109269,completed,4004,15,none,"",0,10,"rain",24.000000,43,37,15,55,24,29,4,0.158333,0.014000,0.000000,1.000000,0.000000,0.213333,0.529264,0.000000,0.030400
31,1105,3448110045,256,"Day 10 05:21",7.532776,7.532776,completed,2143,13,none,"",0,9,"rain",17.000000,51,28,13,53,23,27,4,0.135000,0.000000,0.000000,1.000000,0.337500,0.040000,0.188267,0.000000,0.083000
31,1106,3448117964,256,"Day 11 02:18",7.811698,7.811698,completed,3976,18,none,"",0,10,"clear",24.000000,57,31,18,48,23,26,4,0.000000,0.131573,0.000000,1.000000,0.000000,0.400000,0.570703,0.045000,0.000000
31,1107,3448125883,256,"Day 10 09:01",8.672197,8.672197,completed,3719,17,none,"",0,9,"clear",24.000000,47,37,17,48,23,25,4,0.000000,0.418780,0.000000,0.885832,0.625000,0.066667,0.473744,0.230000,0.000000
31,1108,3448133802,256,"Day 8 23:54",8.124156,8.124156,completed,2452,16,none,"",0,8,"rain",24.000000,48,41,16,59,20,25,4,0.005000,0.230163,0.000000,1.000000,0.291667,0.000000,0.084229,0.245000,0.277000
31,1109,3448141721,256,"Day 9 20:46",7.926921,7.926921,completed,3428,17,none,"",0,9,"rain",24.000000,38,44,17,62,21,24,4,0.036667,0.100618,0.000000,0.978333,0.166667,0.063333,0.214058,0.095000,0.085000
31,1110,3448149640,256,"Day 10 00:33",8.043010,8.043010,completed,2724,17,none,"",0,9,"rain",24.000000,47,38,17,52,21,26,4,0.000000,0.564145,0.000000,0.990000,0.245833,0.220000,0.296592,0.390000,0.159000
31,1111,3448157559,256,"Day 10 19:32",8.628988,8.628988,completed,3765,16,none,"",0,10,"rain",17.000000,49,39,16,58,24,23,4,0.000000,0.096618,0.000000,1.000000,0.401667,0.233333,0.486263,0.095000,0.183000
31,1112,3448165478,256,"Day 11 12:04",7.479986,7.479986,completed,3462,16,none,"",30,10,"rain",24.000000,45,45,16,54,25,26,3,0.000000,0.469339,0.000000,0.970000,0.116667,0.076667,0.118267,0.335000,0.031000
31,1113,3448173397,256,"Day 10 03:08",8.617556,8.617556,completed,4466,16,none,"",0,9,"clear",24.000000,44,46,16,48,19,24,4,0.080000,0.205082,0.057622,0.733333,0.650833,0.600667,0.652613,0.000000,0.000000
31,1114,3448181316,256,"Day 10 23:28",7.418126,7.418126,completed,3561,18,none,"",0,10,"clear",24.000000,47,34,18,55,25,25,4,0.448333,0.008000,0.000000,0.893333,0.212500,0.073333,0.098267,0.000000,0.000000
31,1115,3448189235,256,"Day 9 19:49",7.451636,7.451636,completed,3644,12,none,"",0,9,"rain",17.000000,43,47,12,50,20,30,4,0.000000,0.096618,0.000000,1.000000,0.070833,0.193333,0.689467,0.095000,0.326400
31,1116,3448197154,256,"Day 9 04:24",7.490629,7.490629,completed,2560,13,none,"",0,8,"rain",24.000000,48,37,13,57,22,25,4,0.060000,0.083852,0.000000,0.970000,0.091667,0.280000,0.271236,0.085000,0.334000
31,1117,3448205073,256,"Day 10 00:58",8.406654,8.406654,completed,3455,20,none,"",0,9,"clear",24.000000,40,33,20,64,23,28,4,0.306667,0.014588,0.000000,0.893333,0.170833,0.070000,0.234229,0.000000,0.113000
31,1118,3448212992,256,"Day 10 02:28",7.580903,7.580903,completed,3183,15,none,"",0,9,"rain",17.000000,48,44,15,49,21,24,4,0.000000,0.360720,0.000000,0.720000,0.304167,0.120000,0.746222,0.240000,0.247400
31,1119,3448220911,256,"Day 10 07:55",7.234534,7.234534,completed,2695,15,none,"",0,9,"rain",17.000000,46,44,15,56,23,22,4,0.405000,0.000000,0.000000,0.966667,0.337500,0.106667,0.222305,0.000000,0.000000
31,1120,3448228830,256,"Day 10 08:46",7.863635,7.863635,completed,3041,12,none,"",0,9,"rain",17.000000,49,38,12,55,20,27,4,0.000333,0.207637,0.000000,1.000000,0.318333,0.137333,0.546601,0.189000,0.169400
31,1121,3448236749,256,"Day 11 03:13",7.839967,7.839967,completed,4059,15,none,"",0,10,"clear",24.000000,47,33,15,56,23,27,4,0.243333,0.000000,0.000000,0.976667,0.266667,0.203333,0.341510,0.000000,0.250000
31,1122,3448244668,256,"Day 10 05:50",7.307408,7.307408,completed,3209,12,none,"",0,9,"clear",24.000000,46,42,12,54,22,26,4,0.060000,0.000000,0.076835,0.998333,0.179167,0.166667,0.535352,0.000000,0.031000
31,1123,3448252587,256,"Day 11 13:22",8.072416,8.072416,completed,3414,16,none,"",0,11,"rain",17.000000,47,39,16,61,23,29,4,0.102000,0.325210,0.012853,0.913000,0.150833,0.177333,0.475204,0.234000,0.130400
31,1124,3448260506,256,"Day 11 11:51",8.262116,8.262116,completed,5074,18,none,"",0,11,"rain",24.000000,45,40,18,53,19,26,4,0.187000,0.006400,0.000000,1.000000,0.113333,0.000000,0.375784,0.000000,0.000000
31,1125,3448268425,256,"Day 9 14:17",7.977912,7.977912,completed,2878,12,none,"",0,8,"rain",17.000000,48,41,12,59,20,23,4,0.000000,0.239547,0.000000,0.830000,0.425000,0.414667,0.398267,0.149000,0.000000
31,1126,3448276344,256,"Day 9 09:04",7.457611,7.457611,completed,3361,12,none,"",0,8,"clear",24.000000,47,40,12,55,21,28,4,0.273667,0.004000,0.000000,0.946667,0.263333,0.107333,0.454986,0.069000,0.068400
31,1127,3448284263,256,"Day 9 07:02",8.086602,8.086602,completed,2335,14,none,"",0,8,"rain",17.000000,37,52,14,61,25,23,4,0.060000,0.069881,0.000000,0.998333,0.213333,0.166667,0.144996,0.010000,0.049000
31,1128,3448292182,256,"Day 11 06:31",8.804782,8.804782,completed,5825,21,none,"",60,10,"clear",24.000000,31,47,21,54,28,25,2,0.005000,0.135573,0.085975,1.000000,0.000000,0.126667,0.498969,0.045000,0.000000
32,1101,3448079378,256,"Day 11 06:25",8.581926,8.581926,completed,4324,17,none,"",0,10,"rain",24.000000,46,43,17,50,25,27,4,0.123333,0.415163,0.000000,0.946667,0.008333,0.090000,0.784973,0.035000,0.053000
32,1102,3448087297,256,"Day 9 16:50",8.054472,8.054472,completed,3697,16,none,"",0,9,"clear",17.000000,42,43,16,51,21,26,4,0.096667,0.522434,0.000000,0.763333,0.154167,0.066667,1.000000,0.250000,0.490800
32,1103,3448095216,256,"Day 8 07:43",7.513805,7.513805,completed,2552,15,none,"",0,7,"rain",17.000000,53,31,15,50,17,19,4,0.123333,0.512367,0.000000,0.906667,0.333333,0.043333,1.000000,0.325000,0.199000
32,1104,3448103135,256,"Day 10 17:10",9.109269,9.109269,completed,2882,17,none,"",0,10,"rain",24.000000,52,42,17,53,21,24,4,0.033333,0.363423,0.000000,0.923333,0.350833,0.270000,0.784140,0.114000,0.289400
32,1105,3448111054,256,"Day 11 15:59",7.532776,7.532776,completed,2966,15,none,"",0,10,"clear",24.000000,49,45,15,51,22,27,4,0.033333,0.123924,0.000000,0.936667,0.238333,0.123333,0.808172,0.080000,0.025000
32,1106,3448118973,256,"Day 9 07:05",7.811698,7.811698,completed,3450,18,none,"",0,8,"clear",17.000000,51,32,18,48,18,23,4,0.306667,0.044359,0.000000,0.775032,0.179167,0.113333,1.000000,0.000000,0.200000
32,1107,3448126892,256,"Day 9 10:06",8.672197,8.672197,completed,3447,17,none,"",0,8,"clear",24.000000,51,33,17,53,20,25,4,0.465333,0.036978,0.000000,0.848016,0.150833,0.284000,0.658749,0.000000,0.326400
32,1108,3448134811,256,"Day 9 23:13",8.124156,8.124156,completed,2626,16,none,"",0,9,"rain",24.000000,42,46,16,50,24,22,4,0.000000,0.482802,0.036366,0.930000,0.613333,0.460000,0.725572,0.180000,0.192000
32,1109,3448142730,256,"Day 9 03:53",7.926921,7.926921,completed,3486,13,none,"",0,8,"rain",24.000000,43,45,13,52,21,22,4,0.000000,0.235123,0.000000,0.990000,0.162500,0.060000,0.886905,0.080000,0.000000
32,1110,3448150649,256,"Day 10 14:30",8.043010,8.043010,completed,2877,13,none,"",0,10,"clear",17.000000,50,39,13,51,22,29,4,0.000000,0.596727,0.000000,0.875016,1.000000,0.373333,0.419226,0.175000,0.085000
32,1111,3448158568,256,"Day 11 07:55",8.628988,8.628988,completed,4391,18,none,"",0,10,"rain",17.000000,37,46,18,51,24,27,4,0.096667,0.175652,0.132864,0.925000,0.037500,0.120000,0.948297,0.095000,0.085000
32,1112,3448166487,256,"Day 10 17:22",7.479986,7.479986,completed,3744,15,none,"",0,10,"rain",24.000000,50,39,15,51,21,27,4,0.545333,0.090229,0.047490,0.818016,0.600833,0.054000,0.791944,0.000000,0.000000
32,1113,3448174406,256,"Day 9 22:13",8.617556,8.617556,completed,4059,19,none,"",0,9,"clear",24.000000,45,42,19,51,22,23,4,0.000000,0.252160,0.017283,0.966667,0.229167,0.230000,0.712065,0.190000,0.335000
32,1114,3448182325,256,"Day 10 15:32",7.418126,7.418126,completed,4915,19,none,"",0,10,"clear",17.000000,44,45,19,52,21,24,4,0.000000,0.219334,0.011748,1.000000,0.116667,0.174000,0.664699,0.175000,0.179400
32,1115,3448190244,256,"Day 10 06:24",7.451636,7.451636,completed,3500,13,none,"",0,9,"rain",17.000000,49,44,13,52,21,26,4,0.000000,0.547281,0.000000,1.000000,0.020833,0.163333,0.784533,0.140000,0.085000
32,1116,3448198163,256,"Day 10 16:05",7.490629,7.490629,completed,3321,14,none,"",0,10,"clear",24.000000,46,46,14,54,20,28,4,0.000000,0.708611,0.000000,0.948333,0.154167,0.080000,0.471445,0.535000,0.489000
32,1117,3448206082,256,"Day 11 02:24",8.406654,8.406654,completed,4811,18,none,"",60,10,"rain",24.000000,45,48,18,56,24,29,2,0.123333,0.240284,0.000000,0.936667,0.083333,0.090000,0.605468,0.070000,0.000000
32,1118,3448214001,256,"Day 9 13:21",7.580903,7.580903,completed,3558,15,none,"",0,9,"rain",24.000000,38,53,15,58,21,22,4,0.031667,0.390575,0.000000,1.000000,0.000000,0.137333,0.578153,0.114000,0.076400
32,1119,3448221920,256,"Day 9 15:44",7.234534,7.234534,completed,2681,13,none,"",0,9,"rain",17.000000,45,44,13,50,24,24,4,0.248667,0.103360,0.000000,0.946667,0.088333,0.047333,0.677190,0.000000,0.000000
32,1120,3448229839,256,"Day 11 06:46",7.863635,7.863635,completed,3180,14,none,"",0,10,"clear",24.000000,49,46,14,53,21,25,4,0.025000,0.427669,0.000000,0.953350,0.096667,0.810667,0.725628,0.045000,0.000000
32,1121,3448237758,256,"Day 10 08:17",7.839967,7.839967,completed,3811,14,none,"",0,9,"clear",24.000000,44,52,14,54,22,24,4,0.000000,0.293636,0.026679,0.836667,0.679167,0.486667,0.731414,0.080000,0.000000
32,1122,3448245677,256,"Day 8 19:48",7.307408,7.307408,completed,2483,15,none,"",0,8,"clear",24.000000,46,46,15,56,23,20,4,0.138333,0.265848,0.000000,0.820000,0.075000,0.140000,0.355206,0.150000,0.000000
32,1123,3448253596,256,"Day 10 21:33",8.072416,8.072416,completed,4939,15,none,"",0,10,"rain",17.000000,54,36,15,51,20,26,4,0.005000,0.386117,0.076450,0.970000,0.041667,0.000000,0.735903,0.130000,0.325400
32,1124,3448261515,256,"Day 9 07:14",8.262116,8.262116,completed,4595,20,none,"",0,8,"clear",17.000000,48,41,20,53,20,23,4,0.128333,0.253848,0.000000,0.886683,0.585833,0.000000,0.774400,0.135000,0.332600
32,1125,3448269434,256,"Day 9 12:01",7.977912,7.977912,completed,2656,12,none,"",0,8,"rain",24.000000,51,41,12,56,25,22,4,0.183333,0.004000,0.094478,0.946667,0.192500,0.144000,0.736182,0.000000,0.117400
32,1126,3448277353,256,"Day 8 14:34",7.457611,7.457611,completed,3842,14,none,"",0,8,"clear",17.000000,47,38,14,50,19,20,4,0.242000,0.259602,0.040355,1.000000,0.020833,0.297333,0.980000,0.000000,0.076200
32,1127,3448285272,256,"Day 9 04:22",8.086602,8.086602,completed,2622,15,none,"",0,8,"rain",17.000000,43,45,15,53,21,23,4,0.060000,0.050539,0.000000,1.000000,0.183333,0.096667,0.682595,0.000000,0.049000
32,1128,3448293191,256,"Day 10 15:18",8.804782,8.804782,completed,4586,20,none,"",0,10,"clear",24.000000,39,52,20,55,24,27,4,0.183333,0.161780,0.000000,0.946667,0.108333,0.170000,0.697384,0.000000,0.000000
