scenario_seed,branch,step,simulation_total_minutes,deadline_fact,deadline_source,remaining_minutes,urgency,deadline_pressure_contribution,appraisal_pressure_delta,pre_task_pressure,post_task_pressure,shared_executed_action,policy_tv_vs_control,study_probability,observation_summary,discovery_event
1,control,1,505,"1124","initial_calendar",644,0.105556,0.000000,0.000000,0.550000,0.550000,"use_phone",0.000000,0.314872,"O{visible_objects=[phone, computer, desk with study materials, bed, room door, room light, alarm clock, window with curtains], A^O=[idle, use_phone, shop_on_phone, use_computer, study_at_computer, study_focused, study_halfhearted, rest_at_bed, sleep_at_bed, go_to_bathroom, get_meal, turn_light_off, close_curtain], updates=[object.phone=present{known, direct_room_visual}, object.computer=present{known, direct_room_visual}, object.desk=present{known, direct_room_visual}, object.bed=present{known, direct_room_visual}, object.door=present{known, direct_room_visual}, object.light=present{known, direct_room_visual}, object.alarm=present{known, direct_room_visual}, object.window=present{known, direct_room_visual}, room.light=on{known, direct_room_visual}, room.curtain=open{known, direct_room_visual}, room.alarm=silent{known, direct_room_visual}, task.coursework.status=active{known, initial_task_brief}, task.coursework.deadline_at_total_minutes=1124{known, initial_calendar}, message.unread_count=0{known, phone_notification_state}, clock.time=Day 1 08:00{known, internal_clock}, clock.total_minutes=480{known, internal_clock}, room.temperature_celsius=23.000000{known, direct_room_thermal}, outside.weather=clear{known, direct_window_visual}], temperature_celsius=23.000000, time=Day 1 08:00, light=on, coursework_effort=unknown, coursework_status=active, unread_messages=0, self_action=none}",0
1,hidden,1,505,"1124","initial_calendar",644,0.105556,0.000000,0.000000,0.550000,0.550000,"use_phone",0.000000,0.314872,"O{visible_objects=[phone, computer, desk with study materials, bed, room door, room light, alarm clock, window with curtains], A^O=[idle, use_phone, shop_on_phone, use_computer, study_at_computer, study_focused, study_halfhearted, rest_at_bed, sleep_at_bed, go_to_bathroom, get_meal, turn_light_off, close_curtain], updates=[object.phone=present{known, direct_room_visual}, object.computer=present{known, direct_room_visual}, object.desk=present{known, direct_room_visual}, object.bed=present{known, direct_room_visual}, object.door=present{known, direct_room_visual}, object.light=present{known, direct_room_visual}, object.alarm=present{known, direct_room_visual}, object.window=present{known, direct_room_visual}, room.light=on{known, direct_room_visual}, room.curtain=open{known, direct_room_visual}, room.alarm=silent{known, direct_room_visual}, task.coursework.status=active{known, initial_task_brief}, task.coursework.deadline_at_total_minutes=1124{known, initial_calendar}, message.unread_count=0{known, phone_notification_state}, clock.time=Day 1 08:00{known, internal_clock}, clock.total_minutes=480{known, internal_clock}, room.temperature_celsius=23.000000{known, direct_room_thermal}, outside.weather=clear{known, direct_window_visual}], temperature_celsius=23.000000, time=Day 1 08:00, light=on, coursework_effort=unknown, coursework_status=active, unread_messages=0, self_action=none}",0
1,visible,1,505,"1124","initial_calendar",644,0.105556,0.000000,0.000000,0.550000,0.550000,"use_phone",0.000000,0.314872,"O{visible_objects=[phone, computer, desk with study materials, bed, room door, room light, alarm clock, window with curtains], A^O=[idle, use_phone, shop_on_phone, use_computer, study_at_computer, study_focused, study_halfhearted, rest_at_bed, sleep_at_bed, go_to_bathroom, get_meal, turn_light_off, close_curtain], updates=[object.phone=present{known, direct_room_visual}, object.computer=present{known, direct_room_visual}, object.desk=present{known, direct_room_visual}, object.bed=present{known, direct_room_visual}, object.door=present{known, direct_room_visual}, object.light=present{known, direct_room_visual}, object.alarm=present{known, direct_room_visual}, object.window=present{known, direct_room_visual}, room.light=on{known, direct_room_visual}, room.curtain=open{known, direct_room_visual}, room.alarm=silent{known, direct_room_visual}, task.coursework.status=active{known, initial_task_brief}, task.coursework.deadline_at_total_minutes=1124{known, initial_calendar}, message.unread_count=0{known, phone_notification_state}, clock.time=Day 1 08:00{known, internal_clock}, clock.total_minutes=480{known, internal_clock}, room.temperature_celsius=23.000000{known, direct_room_thermal}, outside.weather=clear{known, direct_window_visual}], temperature_celsius=23.000000, time=Day 1 08:00, light=on, coursework_effort=unknown, coursework_status=active, unread_messages=0, self_action=none}",0
1,control,2,540,"1124","internal_calendar",619,0.140278,0.000000,0.070000,0.671000,0.671000,"study_at_computer",0.000000,0.297089,"O{visible_objects=[phone, computer, desk with study materials, bed, room door, room light, alarm clock, window with curtains], A^O=[idle, use_phone, shop_on_phone, use_computer, study_at_computer, study_focused, study_halfhearted, rest_at_bed, sleep_at_bed, go_to_bathroom, get_meal, turn_light_off, turn_off_alarm, close_curtain], updates=[room.alarm=ringing{known, direct_room_auditory}, clock.time=Day 1 08:25{known, internal_clock}, clock.total_minutes=505{known, internal_clock}], temperature_celsius=23.000000, time=Day 1 08:25, light=on, coursework_effort=unknown, coursework_status=active, unread_messages=0, self_action=use_phone{accepted, self_action_feedback}}",0
1,hidden,2,540,"1124","initial_calendar",619,0.140278,0.000000,0.070000,0.671000,0.671000,"study_at_computer",0.000000,0.297089,"O{visible_objects=[phone, computer, desk with study materials, bed, room door, room light, alarm clock, window with curtains], A^O=[idle, use_phone, shop_on_phone, use_computer, study_at_computer, study_focused, study_halfhearted, rest_at_bed, sleep_at_bed, go_to_bathroom, get_meal, turn_light_off, turn_off_alarm, close_curtain], updates=[room.alarm=ringing{known, direct_room_auditory}, clock.time=Day 1 08:25{known, internal_clock}, clock.total_minutes=505{known, internal_clock}], temperature_celsius=23.000000, time=Day 1 08:25, light=on, coursework_effort=unknown, coursework_status=active, unread_messages=0, self_action=use_phone{accepted, self_action_feedback}}",0
1,visible,2,540,"685","internal_calendar",180,0.750000,0.150000,0.220000,0.821000,0.821000,"study_at_computer",0.021727,0.318816,"O{visible_objects=[phone, computer, desk with study materials, bed, room door, room light, alarm clock, window with curtains], A^O=[idle, use_phone, shop_on_phone, use_computer, study_at_computer, study_focused, study_halfhearted, rest_at_bed, sleep_at_bed, go_to_bathroom, get_meal, turn_light_off, turn_off_alarm, close_curtain], updates=[room.alarm=ringing{known, direct_room_auditory}, task.coursework.deadline_at_total_minutes=685{known, internal_calendar}, clock.time=Day 1 08:25{known, internal_clock}, clock.total_minutes=505{known, internal_clock}], temperature_celsius=23.000000, time=Day 1 08:25, light=on, coursework_effort=unknown, coursework_status=active, unread_messages=0, self_action=use_phone{accepted, self_action_feedback}}",1
1,control,3,575,"1124","internal_calendar",584,0.188889,0.000000,-0.150000,0.557000,0.557000,"get_meal",0.000000,0.281060,"O{visible_objects=[phone, computer, desk with study materials, bed, room door, room light, alarm clock, window with curtains], A^O=[idle, use_phone, shop_on_phone, use_computer, study_at_computer, study_focused, study_halfhearted, rest_at_bed, sleep_at_bed, go_to_bathroom, get_meal, turn_light_off, turn_off_alarm, close_curtain], updates=[clock.time=Day 1 09:00{known, internal_clock}, clock.total_minutes=540{known, internal_clock}], temperature_celsius=23.000000, time=Day 1 09:00, light=on, coursework_effort=unknown, coursework_status=active, unread_messages=0, self_action=study_at_computer{accepted, self_action_feedback}}",0
1,hidden,3,575,"1124","initial_calendar",584,0.188889,0.000000,-0.150000,0.557000,0.557000,"get_meal",0.000000,0.281060,"O{visible_objects=[phone, computer, desk with study materials, bed, room door, room light, alarm clock, window with curtains], A^O=[idle, use_phone, shop_on_phone, use_computer, study_at_computer, study_focused, study_halfhearted, rest_at_bed, sleep_at_bed, go_to_bathroom, get_meal, turn_light_off, turn_off_alarm, close_curtain], updates=[clock.time=Day 1 09:00{known, internal_clock}, clock.total_minutes=540{known, internal_clock}], temperature_celsius=23.000000, time=Day 1 09:00, light=on, coursework_effort=unknown, coursework_status=active, unread_messages=0, self_action=study_at_computer{accepted, self_action_feedback}}",0
1,visible,3,575,"685","internal_calendar",145,0.798611,0.000000,-0.150000,0.707000,0.707000,"get_meal",0.021188,0.302248,"O{visible_objects=[phone, computer, desk with study materials, bed, room door, room light, alarm clock, window with curtains], A^O=[idle, use_phone, shop_on_phone, use_computer, study_at_computer, study_focused, study_halfhearted, rest_at_bed, sleep_at_bed, go_to_bathroom, get_meal, turn_light_off, turn_off_alarm, close_curtain], updates=[clock.time=Day 1 09:00{known, internal_clock}, clock.total_minutes=540{known, internal_clock}], temperature_celsius=23.000000, time=Day 1 09:00, light=on, coursework_effort=unknown, coursework_status=active, unread_messages=0, self_action=study_at_computer{accepted, self_action_feedback}}",0
1,control,4,605,"1124","internal_calendar",549,0.237500,0.000000,0.000000,0.557000,0.557000,"use_computer",0.000000,0.304970,"O{visible_objects=[phone, computer, desk with study materials, bed, room door, room light, alarm clock, window with curtains], A^O=[idle, use_phone, shop_on_phone, use_computer, study_at_computer, study_focused, study_halfhearted, rest_at_bed, sleep_at_bed, go_to_bathroom, get_meal, turn_light_off, turn_off_alarm, close_curtain], updates=[clock.time=Day 1 09:35{known, internal_clock}, clock.total_minutes=575{known, internal_clock}], temperature_celsius=23.000000, time=Day 1 09:35, light=on, coursework_effort=unknown, coursework_status=active, unread_messages=0, self_action=get_meal{accepted, self_action_feedback}}",0
1,hidden,4,605,"685","internal_calendar",110,0.847222,0.169444,0.169444,0.777444,0.777444,"use_computer",0.033135,0.338105,"O{visible_objects=[phone, computer, desk with study materials, bed, room door, room light, alarm clock, window with curtains], A^O=[idle, use_phone, shop_on_phone, use_computer, study_at_computer, study_focused, study_halfhearted, rest_at_bed, sleep_at_bed, go_to_bathroom, get_meal, turn_light_off, turn_off_alarm, close_curtain], updates=[task.coursework.deadline_at_total_minutes=685{known, internal_calendar}, clock.time=Day 1 09:35{known, internal_clock}, clock.total_minutes=575{known, internal_clock}], temperature_celsius=23.000000, time=Day 1 09:35, light=on, coursework_effort=unknown, coursework_status=active, unread_messages=0, self_action=get_meal{accepted, self_action_feedback}}",1
1,visible,4,605,"685","internal_calendar",110,0.847222,0.000000,0.000000,0.707000,0.707000,"use_computer",0.022476,0.327445,"O{visible_objects=[phone, computer, desk with study materials, bed, room door, room light, alarm clock, window with curtains], A^O=[idle, use_phone, shop_on_phone, use_computer, study_at_computer, study_focused, study_halfhearted, rest_at_bed, sleep_at_bed, go_to_bathroom, get_meal, turn_light_off, turn_off_alarm, close_curtain], updates=[clock.time=Day 1 09:35{known, internal_clock}, clock.total_minutes=575{known, internal_clock}], temperature_celsius=23.000000, time=Day 1 09:35, light=on, coursework_effort=unknown, coursework_status=active, unread_messages=0, self_action=get_meal{accepted, self_action_feedback}}",0
1,control,5,640,"1124","internal_calendar",519,0.279167,0.000000,0.050000,0.658000,0.658000,"study_at_computer",0.000000,0.282320,"O{visible_objects=[phone, computer, desk with study materials, bed, room door, room light, alarm clock, window with curtains], A^O=[idle, use_phone, shop_on_phone, use_computer, study_at_computer, study_focused, study_halfhearted, rest_at_bed, sleep_at_bed, go_to_bathroom, get_meal, turn_light_off, turn_off_alarm, close_curtain], updates=[clock.time=Day 1 10:05{known, internal_clock}, clock.total_minutes=605{known, internal_clock}], temperature_celsius=23.000000, time=Day 1 10:05, light=on, coursework_effort=unknown, coursework_status=active, unread_messages=0, self_action=use_computer{accepted, self_action_feedback}}",0
1,hidden,5,640,"685","internal_calendar",80,0.888889,0.000000,0.050000,0.878444,0.878444,"study_at_computer",0.032338,0.314658,"O{visible_objects=[phone, computer, desk with study materials, bed, room door, room light, alarm clock, window with curtains], A^O=[idle, use_phone, shop_on_phone, use_computer, study_at_computer, study_focused, study_halfhearted, rest_at_bed, sleep_at_bed, go_to_bathroom, get_meal, turn_light_off, turn_off_alarm, close_curtain], updates=[clock.time=Day 1 10:05{known, internal_clock}, clock.total_minutes=605{known, internal_clock}], temperature_celsius=23.000000, time=Day 1 10:05, light=on, coursework_effort=unknown, coursework_status=active, unread_messages=0, self_action=use_computer{accepted, self_action_feedback}}",0
1,visible,5,640,"685","internal_calendar",80,0.888889,0.000000,0.050000,0.808000,0.808000,"study_at_computer",0.021910,0.304230,"O{visible_objects=[phone, computer, desk with study materials, bed, room door, room light, alarm clock, window with curtains], A^O=[idle, use_phone, shop_on_phone, use_computer, study_at_computer, study_focused, study_halfhearted, rest_at_bed, sleep_at_bed, go_to_bathroom, get_meal, turn_light_off, turn_off_alarm, close_curtain], updates=[clock.time=Day 1 10:05{known, internal_clock}, clock.total_minutes=605{known, internal_clock}], temperature_celsius=23.000000, time=Day 1 10:05, light=on, coursework_effort=unknown, coursework_status=active, unread_messages=0, self_action=use_computer{accepted, self_action_feedback}}",0
1,control,6,655,"1124","internal_calendar",484,0.327778,0.000000,-0.150000,0.544000,0.544000,"go_to_bathroom",0.000000,0.253738,"O{visible_objects=[phone, computer, desk with study materials, bed, room door, room light, alarm clock, window with curtains], A^O=[idle, use_phone, shop_on_phone, use_computer, study_at_computer, study_focused, study_halfhearted, rest_at_bed, sleep_at_bed, go_to_bathroom, get_meal, turn_light_off, turn_off_alarm, close_curtain], updates=[clock.time=Day 1 10:40{known, internal_clock}, clock.total_minutes=640{known, internal_clock}], temperature_celsius=23.000000, time=Day 1 10:40, light=on, coursework_effort=unknown, coursework_status=active, unread_messages=0, self_action=study_at_computer{accepted, self_action_feedback}}",0
1,hidden,6,655,"685","internal_calendar",45,0.937500,0.000000,-0.150000,0.764444,0.764444,"go_to_bathroom",0.030657,0.284395,"O{visible_objects=[phone, computer, desk with study materials, bed, room door, room light, alarm clock, window with curtains], A^O=[idle, use_phone, shop_on_phone, use_computer, study_at_computer, study_focused, study_halfhearted, rest_at_bed, sleep_at_bed, go_to_bathroom, get_meal, turn_light_off, turn_off_alarm, close_curtain], updates=[clock.time=Day 1 10:40{known, internal_clock}, clock.total_minutes=640{known, internal_clock}], temperature_celsius=23.000000, time=Day 1 10:40, light=on, coursework_effort=unknown, coursework_status=active, unread_messages=0, self_action=study_at_computer{accepted, self_action_feedback}}",0
1,visible,6,655,"685","internal_calendar",45,0.937500,0.000000,-0.150000,0.694000,0.694000,"go_to_bathroom",0.020738,0.274476,"O{visible_objects=[phone, computer, desk with study materials, bed, room door, room light, alarm clock, window with curtains], A^O=[idle, use_phone, shop_on_phone, use_computer, study_at_computer, study_focused, study_halfhearted, rest_at_bed, sleep_at_bed, go_to_bathroom, get_meal, turn_light_off, turn_off_alarm, close_curtain], updates=[clock.time=Day 1 10:40{known, internal_clock}, clock.total_minutes=640{known, internal_clock}], temperature_celsius=23.000000, time=Day 1 10:40, light=on, coursework_effort=unknown, coursework_status=active, unread_messages=0, self_action=study_at_computer{accepted, self_action_feedback}}",0
1,control,7,715,"1124","internal_calendar",469,0.348611,0.000000,0.000000,0.544000,0.544000,"rest_at_bed",0.000000,0.294895,"O{visible_objects=[phone, computer, desk with study materials, bed, room door, room light, alarm clock, window with curtains], A^O=[idle, use_phone, shop_on_phone, use_computer, study_at_computer, study_focused, study_halfhearted, rest_at_bed, sleep_at_bed, go_to_bathroom, get_meal, turn_light_off, turn_off_alarm, close_curtain], updates=[clock.time=Day 1 10:55{known, internal_clock}, clock.total_minutes=655{known, internal_clock}], temperature_celsius=23.000000, time=Day 1 10:55, light=on, coursework_effort=unknown, coursework_status=active, unread_messages=0, self_action=go_to_bathroom{accepted, self_action_feedback}}",0
1,hidden,7,715,"685","internal_calendar",30,0.958333,0.000000,0.000000,0.764444,0.764444,"rest_at_bed",0.033593,0.328488,"O{visible_objects=[phone, computer, desk with study materials, bed, room door, room light, alarm clock, window with curtains], A^O=[idle, use_phone, shop_on_phone, use_computer, study_at_computer, study_focused, study_halfhearted, rest_at_bed, sleep_at_bed, go_to_bathroom, get_meal, turn_light_off, turn_off_alarm, close_curtain], updates=[clock.time=Day 1 10:55{known, internal_clock}, clock.total_minutes=655{known, internal_clock}], temperature_celsius=23.000000, time=Day 1 10:55, light=on, coursework_effort=unknown, coursework_status=active, unread_messages=0, self_action=go_to_bathroom{accepted, self_action_feedback}}",0
1,visible,7,715,"685","internal_calendar",30,0.958333,0.000000,0.000000,0.694000,0.694000,"rest_at_bed",0.022766,0.317661,"O{visible_objects=[phone, computer, desk with study materials, bed, room door, room light, alarm clock, window with curtains], A^O=[idle, use_phone, shop_on_phone, use_computer, study_at_computer, study_focused, study_halfhearted, rest_at_bed, sleep_at_bed, go_to_bathroom, get_meal, turn_light_off, turn_off_alarm, close_curtain], updates=[clock.time=Day 1 10:55{known, internal_clock}, clock.total_minutes=655{known, internal_clock}], temperature_celsius=23.000000, time=Day 1 10:55, light=on, coursework_effort=unknown, coursework_status=active, unread_messages=0, self_action=go_to_bathroom{accepted, self_action_feedback}}",0
1,control,8,716,"1124","internal_calendar",409,0.431944,0.000000,0.030000,0.625000,0.625000,"turn_off_alarm",0.000000,0.377645,"O{visible_objects=[phone, computer, desk with study materials, bed, room door, room light, alarm clock, window with curtains], A^O=[idle, use_phone, shop_on_phone, use_computer, study_at_computer, study_focused, study_halfhearted, rest_at_bed, sleep_at_bed, go_to_bathroom, get_meal, turn_light_off, turn_off_alarm, close_curtain], updates=[clock.time=Day 1 11:55{known, internal_clock}, clock.total_minutes=715{known, internal_clock}], temperature_celsius=23.000000, time=Day 1 11:55, light=on, coursework_effort=unknown, coursework_status=active, unread_messages=0, self_action=rest_at_bed{accepted, self_action_feedback}}",0
1,hidden,8,716,"685","internal_calendar",-30,1.000000,0.000000,0.030000,0.845444,0.845444,"turn_off_alarm",0.038063,0.415707,"O{visible_objects=[phone, computer, desk with study materials, bed, room door, room light, alarm clock, window with curtains], A^O=[idle, use_phone, shop_on_phone, use_computer, study_at_computer, study_focused, study_halfhearted, rest_at_bed, sleep_at_bed, go_to_bathroom, get_meal, turn_light_off, turn_off_alarm, close_curtain], updates=[clock.time=Day 1 11:55{known, internal_clock}, clock.total_minutes=715{known, internal_clock}], temperature_celsius=23.000000, time=Day 1 11:55, light=on, coursework_effort=unknown, coursework_status=active, unread_messages=0, self_action=rest_at_bed{accepted, self_action_feedback}}",0
1,visible,8,716,"685","internal_calendar",-30,1.000000,0.000000,0.030000,0.775000,0.775000,"turn_off_alarm",0.025884,0.403529,"O{visible_objects=[phone, computer, desk with study materials, bed, room door, room light, alarm clock, window with curtains], A^O=[idle, use_phone, shop_on_phone, use_computer, study_at_computer, study_focused, study_halfhearted, rest_at_bed, sleep_at_bed, go_to_bathroom, get_meal, turn_light_off, turn_off_alarm, close_curtain], updates=[clock.time=Day 1 11:55{known, internal_clock}, clock.total_minutes=715{known, internal_clock}], temperature_celsius=23.000000, time=Day 1 11:55, light=on, coursework_effort=unknown, coursework_status=active, unread_messages=0, self_action=rest_at_bed{accepted, self_action_feedback}}",0
1,control,9,746,"1124","internal_calendar",408,0.433333,0.000000,0.000000,0.625000,0.625000,"use_computer",0.000000,0.429108,"O{visible_objects=[phone, computer, desk with study materials, bed, room door, room light, alarm clock, window with curtains], A^O=[idle, use_phone, shop_on_phone, use_computer, study_at_computer, study_focused, study_halfhearted, rest_at_bed, sleep_at_bed, go_to_bathroom, get_meal, turn_light_off, close_curtain], updates=[room.alarm=silent{known, direct_room_visual}, clock.time=Day 1 11:56{known, internal_clock}, clock.total_minutes=716{known, internal_clock}], temperature_celsius=23.000000, time=Day 1 11:56, light=on, coursework_effort=unknown, coursework_status=active, unread_messages=0, self_action=turn_off_alarm{accepted, self_action_feedback}}",0
1,hidden,9,746,"685","internal_calendar",-31,1.000000,0.000000,0.000000,0.845444,0.845444,"use_computer",0.040880,0.469988,"O{visible_objects=[phone, computer, desk with study materials, bed, room door, room light, alarm clock, window with curtains], A^O=[idle, use_phone, shop_on_phone, use_computer, study_at_computer, study_focused, study_halfhearted, rest_at_bed, sleep_at_bed, go_to_bathroom, get_meal, turn_light_off, close_curtain], updates=[room.alarm=silent{known, direct_room_visual}, clock.time=Day 1 11:56{known, internal_clock}, clock.total_minutes=716{known, internal_clock}], temperature_celsius=23.000000, time=Day 1 11:56, light=on, coursework_effort=unknown, coursework_status=active, unread_messages=0, self_action=turn_off_alarm{accepted, self_action_feedback}}",0
1,visible,9,746,"685","internal_calendar",-31,1.000000,0.000000,0.000000,0.775000,0.775000,"use_computer",0.027920,0.457028,"O{visible_objects=[phone, computer, desk with study materials, bed, room door, room light, alarm clock, window with curtains], A^O=[idle, use_phone, shop_on_phone, use_computer, study_at_computer, study_focused, study_halfhearted, rest_at_bed, sleep_at_bed, go_to_bathroom, get_meal, turn_light_off, close_curtain], updates=[room.alarm=silent{known, direct_room_visual}, clock.time=Day 1 11:56{known, internal_clock}, clock.total_minutes=716{known, internal_clock}], temperature_celsius=23.000000, time=Day 1 11:56, light=on, coursework_effort=unknown, coursework_status=active, unread_messages=0, self_action=turn_off_alarm{accepted, self_action_feedback}}",0
1,control,10,806,"1124","internal_calendar",378,0.475000,0.000000,0.050000,0.726000,0.726000,"rest_at_bed",0.000000,0.356336,"O{visible_objects=[phone, computer, desk with study materials, bed, room door, room light, alarm clock, window with curtains], A^O=[idle, use_phone, shop_on_phone, use_computer, study_at_computer, study_focused, study_halfhearted, rest_at_bed, sleep_at_bed, go_to_bathroom, get_meal, turn_light_off, close_curtain], updates=[clock.time=Day 1 12:26{known, internal_clock}, clock.total_minutes=746{known, internal_clock}], temperature_celsius=23.000000, time=Day 1 12:26, light=on, coursework_effort=unknown, coursework_status=active, unread_messages=0, self_action=use_computer{accepted, self_action_feedback}}",0
1,hidden,10,806,"685","internal_calendar",-61,1.000000,0.000000,0.050000,0.946444,0.946444,"rest_at_bed",0.039165,0.395501,"O{visible_objects=[phone, computer, desk with study materials, bed, room door, room light, alarm clock, window with curtains], A^O=[idle, use_phone, shop_on_phone, use_computer, study_at_computer, study_focused, study_halfhearted, rest_at_bed, sleep_at_bed, go_to_bathroom, get_meal, turn_light_off, close_curtain], updates=[clock.time=Day 1 12:26{known, internal_clock}, clock.total_minutes=746{known, internal_clock}], temperature_celsius=23.000000, time=Day 1 12:26, light=on, coursework_effort=unknown, coursework_status=active, unread_messages=0, self_action=use_computer{accepted, self_action_feedback}}",0
1,visible,10,806,"685","internal_calendar",-61,1.000000,0.000000,0.050000,0.876000,0.876000,"rest_at_bed",0.026638,0.382974,"O{visible_objects=[phone, computer, desk with study materials, bed, room door, room light, alarm clock, window with curtains], A^O=[idle, use_phone, shop_on_phone, use_computer, study_at_computer, study_focused, study_halfhearted, rest_at_bed, sleep_at_bed, go_to_bathroom, get_meal, turn_light_off, close_curtain], updates=[clock.time=Day 1 12:26{known, internal_clock}, clock.total_minutes=746{known, internal_clock}], temperature_celsius=23.000000, time=Day 1 12:26, light=on, coursework_effort=unknown, coursework_status=active, unread_messages=0, self_action=use_computer{accepted, self_action_feedback}}",0
1,control,11,841,"1124","internal_calendar",318,0.558333,0.000000,0.030000,0.807000,0.807000,"get_meal",0.000000,0.475584,"O{visible_objects=[phone, computer, desk with study materials, bed, room door, room light, alarm clock, window with curtains], A^O=[idle, use_phone, shop_on_phone, use_computer, study_at_computer, study_focused, study_halfhearted, rest_at_bed, sleep_at_bed, go_to_bathroom, get_meal, turn_light_off, close_curtain], updates=[clock.time=Day 1 13:26{known, internal_clock}, clock.total_minutes=806{known, internal_clock}, room.temperature_celsius=17.000000{known, direct_room_thermal}], temperature_celsius=17.000000, time=Day 1 13:26, light=on, coursework_effort=unknown, coursework_status=active, unread_messages=0, self_action=rest_at_bed{accepted, self_action_feedback}}",0
1,hidden,11,841,"685","internal_calendar",-121,1.000000,0.000000,0.030000,1.000000,1.000000,"get_meal",0.038595,0.514178,"O{visible_objects=[phone, computer, desk with study materials, bed, room door, room light, alarm clock, window with curtains], A^O=[idle, use_phone, shop_on_phone, use_computer, study_at_computer, study_focused, study_halfhearted, rest_at_bed, sleep_at_bed, go_to_bathroom, get_meal, turn_light_off, close_curtain], updates=[clock.time=Day 1 13:26{known, internal_clock}, clock.total_minutes=806{known, internal_clock}, room.temperature_celsius=17.000000{known, direct_room_thermal}], temperature_celsius=17.000000, time=Day 1 13:26, light=on, coursework_effort=unknown, coursework_status=active, unread_messages=0, self_action=rest_at_bed{accepted, self_action_feedback}}",0
1,visible,11,841,"685","internal_calendar",-121,1.000000,0.000000,0.030000,0.957000,0.957000,"get_meal",0.029472,0.505056,"O{visible_objects=[phone, computer, desk with study materials, bed, room door, room light, alarm clock, window with curtains], A^O=[idle, use_phone, shop_on_phone, use_computer, study_at_computer, study_focused, study_halfhearted, rest_at_bed, sleep_at_bed, go_to_bathroom, get_meal, turn_light_off, close_curtain], updates=[clock.time=Day 1 13:26{known, internal_clock}, clock.total_minutes=806{known, internal_clock}, room.temperature_celsius=17.000000{known, direct_room_thermal}], temperature_celsius=17.000000, time=Day 1 13:26, light=on, coursework_effort=unknown, coursework_status=active, unread_messages=0, self_action=rest_at_bed{accepted, self_action_feedback}}",0
1,control,12,876,"1124","internal_calendar",283,0.606944,0.000000,0.000000,0.807000,0.807000,"study_focused",0.000000,0.530446,"O{visible_objects=[phone, computer, desk with study materials, bed, room door, room light, alarm clock, window with curtains], A^O=[idle, use_phone, shop_on_phone, use_computer, study_at_computer, study_focused, study_halfhearted, rest_at_bed, sleep_at_bed, go_to_bathroom, get_meal, turn_light_off, close_curtain], updates=[clock.time=Day 1 14:01{known, internal_clock}, clock.total_minutes=841{known, internal_clock}], temperature_celsius=17.000000, time=Day 1 14:01, light=on, coursework_effort=unknown, coursework_status=active, unread_messages=0, self_action=get_meal{accepted, self_action_feedback}}",0
1,hidden,12,876,"685","internal_calendar",-156,1.000000,0.000000,0.000000,1.000000,1.000000,"study_focused",0.038969,0.569415,"O{visible_objects=[phone, computer, desk with study materials, bed, room door, room light, alarm clock, window with curtains], A^O=[idle, use_phone, shop_on_phone, use_computer, study_at_computer, study_focused, study_halfhearted, rest_at_bed, sleep_at_bed, go_to_bathroom, get_meal, turn_light_off, close_curtain], updates=[clock.time=Day 1 14:01{known, internal_clock}, clock.total_minutes=841{known, internal_clock}], temperature_celsius=17.000000, time=Day 1 14:01, light=on, coursework_effort=unknown, coursework_status=active, unread_messages=0, self_action=get_meal{accepted, self_action_feedback}}",0
1,visible,12,876,"685","internal_calendar",-156,1.000000,0.000000,0.000000,0.957000,0.957000,"study_focused",0.029816,0.560263,"O{visible_objects=[phone, computer, desk with study materials, bed, room door, room light, alarm clock, window with curtains], A^O=[idle, use_phone, shop_on_phone, use_computer, study_at_computer, study_focused, study_halfhearted, rest_at_bed, sleep_at_bed, go_to_bathroom, get_meal, turn_light_off, close_curtain], updates=[clock.time=Day 1 14:01{known, internal_clock}, clock.total_minutes=841{known, internal_clock}], temperature_celsius=17.000000, time=Day 1 14:01, light=on, coursework_effort=unknown, coursework_status=active, unread_messages=0, self_action=get_meal{accepted, self_action_feedback}}",0
2,control,1,490,"1620","initial_calendar",1140,0.000000,0.000000,0.000000,0.550000,0.550000,"idle",0.000000,0.314872,"O{visible_objects=[phone, computer, desk with study materials, bed, room door, room light, alarm clock, window with curtains], A^O=[idle, use_phone, shop_on_phone, use_computer, study_at_computer, study_focused, study_halfhearted, rest_at_bed, sleep_at_bed, go_to_bathroom, get_meal, turn_light_off, close_curtain], updates=[object.phone=present{known, direct_room_visual}, object.computer=present{known, direct_room_visual}, object.desk=present{known, direct_room_visual}, object.bed=present{known, direct_room_visual}, object.door=present{known, direct_room_visual}, object.light=present{known, direct_room_visual}, object.alarm=present{known, direct_room_visual}, object.window=present{known, direct_room_visual}, room.light=on{known, direct_room_visual}, room.curtain=open{known, direct_room_visual}, room.alarm=silent{known, direct_room_visual}, task.coursework.status=active{known, initial_task_brief}, task.coursework.deadline_at_total_minutes=1620{known, initial_calendar}, message.unread_count=0{known, phone_notification_state}, clock.time=Day 1 08:00{known, internal_clock}, clock.total_minutes=480{known, internal_clock}, room.temperature_celsius=23.000000{known, direct_room_thermal}, outside.weather=clear{known, direct_window_visual}], temperature_celsius=23.000000, time=Day 1 08:00, light=on, coursework_effort=unknown, coursework_status=active, unread_messages=0, self_action=none}",0
2,hidden,1,490,"1620","initial_calendar",1140,0.000000,0.000000,0.000000,0.550000,0.550000,"idle",0.000000,0.314872,"O{visible_objects=[phone, computer, desk with study materials, bed, room door, room light, alarm clock, window with curtains], A^O=[idle, use_phone, shop_on_phone, use_computer, study_at_computer, study_focused, study_halfhearted, rest_at_bed, sleep_at_bed, go_to_bathroom, get_meal, turn_light_off, close_curtain], updates=[object.phone=present{known, direct_room_visual}, object.computer=present{known, direct_room_visual}, object.desk=present{known, direct_room_visual}, object.bed=present{known, direct_room_visual}, object.door=present{known, direct_room_visual}, object.light=present{known, direct_room_visual}, object.alarm=present{known, direct_room_visual}, object.window=present{known, direct_room_visual}, room.light=on{known, direct_room_visual}, room.curtain=open{known, direct_room_visual}, room.alarm=silent{known, direct_room_visual}, task.coursework.status=active{known, initial_task_brief}, task.coursework.deadline_at_total_minutes=1620{known, initial_calendar}, message.unread_count=0{known, phone_notification_state}, clock.time=Day 1 08:00{known, internal_clock}, clock.total_minutes=480{known, internal_clock}, room.temperature_celsius=23.000000{known, direct_room_thermal}, outside.weather=clear{known, direct_window_visual}], temperature_celsius=23.000000, time=Day 1 08:00, light=on, coursework_effort=unknown, coursework_status=active, unread_messages=0, self_action=none}",0
2,visible,1,490,"1620","initial_calendar",1140,0.000000,0.000000,0.000000,0.550000,0.550000,"idle",0.000000,0.314872,"O{visible_objects=[phone, computer, desk with study materials, bed, room door, room light, alarm clock, window with curtains], A^O=[idle, use_phone, shop_on_phone, use_computer, study_at_computer, study_focused, study_halfhearted, rest_at_bed, sleep_at_bed, go_to_bathroom, get_meal, turn_light_off, close_curtain], updates=[object.phone=present{known, direct_room_visual}, object.computer=present{known, direct_room_visual}, object.desk=present{known, direct_room_visual}, object.bed=present{known, direct_room_visual}, object.door=present{known, direct_room_visual}, object.light=present{known, direct_room_visual}, object.alarm=present{known, direct_room_visual}, object.window=present{known, direct_room_visual}, room.light=on{known, direct_room_visual}, room.curtain=open{known, direct_room_visual}, room.alarm=silent{known, direct_room_visual}, task.coursework.status=active{known, initial_task_brief}, task.coursework.deadline_at_total_minutes=1620{known, initial_calendar}, message.unread_count=0{known, phone_notification_state}, clock.time=Day 1 08:00{known, internal_clock}, clock.total_minutes=480{known, internal_clock}, room.temperature_celsius=23.000000{known, direct_room_thermal}, outside.weather=clear{known, direct_window_visual}], temperature_celsius=23.000000, time=Day 1 08:00, light=on, coursework_effort=unknown, coursework_status=active, unread_messages=0, self_action=none}",0
2,control,2,515,"1620","internal_calendar",1130,0.000000,0.000000,0.080000,0.681000,0.681000,"use_phone",0.000000,0.330896,"O{visible_objects=[phone, computer, desk with study materials, bed, room door, room light, alarm clock, window with curtains], A^O=[idle, use_phone, shop_on_phone, use_computer, study_at_computer, study_focused, study_halfhearted, rest_at_bed, sleep_at_bed, go_to_bathroom, get_meal, turn_light_off, close_curtain], updates=[clock.time=Day 1 08:10{known, internal_clock}, clock.total_minutes=490{known, internal_clock}], temperature_celsius=23.000000, time=Day 1 08:10, light=on, coursework_effort=unknown, coursework_status=active, unread_messages=0, self_action=idle{accepted, self_action_feedback}}",0
2,hidden,2,515,"1620","initial_calendar",1130,0.000000,0.000000,0.080000,0.681000,0.681000,"use_phone",0.000000,0.330896,"O{visible_objects=[phone, computer, desk with study materials, bed, room door, room light, alarm clock, window with curtains], A^O=[idle, use_phone, shop_on_phone, use_computer, study_at_computer, study_focused, study_halfhearted, rest_at_bed, sleep_at_bed, go_to_bathroom, get_meal, turn_light_off, close_curtain], updates=[clock.time=Day 1 08:10{known, internal_clock}, clock.total_minutes=490{known, internal_clock}], temperature_celsius=23.000000, time=Day 1 08:10, light=on, coursework_effort=unknown, coursework_status=active, unread_messages=0, self_action=idle{accepted, self_action_feedback}}",0
2,visible,2,515,"670","internal_calendar",180,0.750000,0.150000,0.230000,0.831000,0.831000,"use_phone",0.023041,0.353937,"O{visible_objects=[phone, computer, desk with study materials, bed, room door, room light, alarm clock, window with curtains], A^O=[idle, use_phone, shop_on_phone, use_computer, study_at_computer, study_focused, study_halfhearted, rest_at_bed, sleep_at_bed, go_to_bathroom, get_meal, turn_light_off, close_curtain], updates=[task.coursework.deadline_at_total_minutes=670{known, internal_calendar}, clock.time=Day 1 08:10{known, internal_clock}, clock.total_minutes=490{known, internal_clock}], temperature_celsius=23.000000, time=Day 1 08:10, light=on, coursework_effort=unknown, coursework_status=active, unread_messages=0, self_action=idle{accepted, self_action_feedback}}",1
2,control,3,535,"1620","internal_calendar",1105,0.000000,0.000000,0.070000,0.802000,0.802000,"shop_on_phone",0.000000,0.346748,"O{visible_objects=[phone, computer, desk with study materials, bed, room door, room light, alarm clock, window with curtains], A^O=[idle, use_phone, shop_on_phone, use_computer, study_at_computer, study_focused, study_halfhearted, rest_at_bed, sleep_at_bed, go_to_bathroom, get_meal, turn_light_off, close_curtain], updates=[clock.time=Day 1 08:35{known, internal_clock}, clock.total_minutes=515{known, internal_clock}], temperature_celsius=23.000000, time=Day 1 08:35, light=on, coursework_effort=unknown, coursework_status=active, unread_messages=0, self_action=use_phone{accepted, self_action_feedback}}",0
2,hidden,3,535,"1620","initial_calendar",1105,0.000000,0.000000,0.070000,0.802000,0.802000,"shop_on_phone",0.000000,0.346748,"O{visible_objects=[phone, computer, desk with study materials, bed, room door, room light, alarm clock, window with curtains], A^O=[idle, use_phone, shop_on_phone, use_computer, study_at_computer, study_focused, study_halfhearted, rest_at_bed, sleep_at_bed, go_to_bathroom, get_meal, turn_light_off, close_curtain], updates=[clock.time=Day 1 08:35{known, internal_clock}, clock.total_minutes=515{known, internal_clock}], temperature_celsius=23.000000, time=Day 1 08:35, light=on, coursework_effort=unknown, coursework_status=active, unread_messages=0, self_action=use_phone{accepted, self_action_feedback}}",0
2,visible,3,535,"670","internal_calendar",155,0.784722,0.000000,0.070000,0.952000,0.952000,"shop_on_phone",0.024094,0.370842,"O{visible_objects=[phone, computer, desk with study materials, bed, room door, room light, alarm clock, window with curtains], A^O=[idle, use_phone, shop_on_phone, use_computer, study_at_computer, study_focused, study_halfhearted, rest_at_bed, sleep_at_bed, go_to_bathroom, get_meal, turn_light_off, close_curtain], updates=[clock.time=Day 1 08:35{known, internal_clock}, clock.total_minutes=515{known, internal_clock}], temperature_celsius=23.000000, time=Day 1 08:35, light=on, coursework_effort=unknown, coursework_status=active, unread_messages=0, self_action=use_phone{accepted, self_action_feedback}}",0
2,control,4,570,"1620","internal_calendar",1085,0.000000,0.000000,0.030000,0.883000,0.883000,"get_meal",0.000000,0.393128,"O{visible_objects=[phone, computer, desk with study materials, bed, room door, room light, alarm clock, window with curtains], A^O=[idle, use_phone, shop_on_phone, use_computer, study_at_computer, study_focused, study_halfhearted, rest_at_bed, sleep_at_bed, go_to_bathroom, get_meal, turn_light_off, close_curtain], updates=[clock.time=Day 1 08:55{known, internal_clock}, clock.total_minutes=535{known, internal_clock}], temperature_celsius=23.000000, time=Day 1 08:55, light=on, coursework_effort=unknown, coursework_status=active, unread_messages=0, self_action=shop_on_phone{accepted, self_action_feedback}}",0
2,hidden,4,570,"1620","initial_calendar",1085,0.000000,0.000000,0.030000,0.883000,0.883000,"get_meal",0.000000,0.393128,"O{visible_objects=[phone, computer, desk with study materials, bed, room door, room light, alarm clock, window with curtains], A^O=[idle, use_phone, shop_on_phone, use_computer, study_at_computer, study_focused, study_halfhearted, rest_at_bed, sleep_at_bed, go_to_bathroom, get_meal, turn_light_off, close_curtain], updates=[clock.time=Day 1 08:55{known, internal_clock}, clock.total_minutes=535{known, internal_clock}], temperature_celsius=23.000000, time=Day 1 08:55, light=on, coursework_effort=unknown, coursework_status=active, unread_messages=0, self_action=shop_on_phone{accepted, self_action_feedback}}",0
2,visible,4,570,"670","internal_calendar",135,0.812500,0.000000,0.030000,1.000000,1.000000,"get_meal",0.020412,0.413540,"O{visible_objects=[phone, computer, desk with study materials, bed, room door, room light, alarm clock, window with curtains], A^O=[idle, use_phone, shop_on_phone, use_computer, study_at_computer, study_focused, study_halfhearted, rest_at_bed, sleep_at_bed, go_to_bathroom, get_meal, turn_light_off, close_curtain], updates=[clock.time=Day 1 08:55{known, internal_clock}, clock.total_minutes=535{known, internal_clock}], temperature_celsius=23.000000, time=Day 1 08:55, light=on, coursework_effort=unknown, coursework_status=active, unread_messages=0, self_action=shop_on_phone{accepted, self_action_feedback}}",0
2,control,5,571,"1620","internal_calendar",1050,0.000000,0.000000,0.000000,0.883000,0.883000,"turn_off_alarm",0.000000,0.386741,"O{visible_objects=[phone, computer, desk with study materials, bed, room door, room light, alarm clock, window with curtains], A^O=[idle, use_phone, shop_on_phone, use_computer, study_at_computer, study_focused, study_halfhearted, rest_at_bed, sleep_at_bed, go_to_bathroom, get_meal, turn_light_off, turn_off_alarm, close_curtain], updates=[room.alarm=ringing{known, direct_room_auditory}, clock.time=Day 1 09:30{known, internal_clock}, clock.total_minutes=570{known, internal_clock}], temperature_celsius=23.000000, time=Day 1 09:30, light=on, coursework_effort=unknown, coursework_status=active, unread_messages=0, self_action=get_meal{accepted, self_action_feedback}}",0
2,hidden,5,571,"670","internal_calendar",100,0.861111,0.172222,0.172222,1.000000,1.000000,"turn_off_alarm",0.020610,0.407351,"O{visible_objects=[phone, computer, desk with study materials, bed, room door, room light, alarm clock, window with curtains], A^O=[idle, use_phone, shop_on_phone, use_computer, study_at_computer, study_focused, study_halfhearted, rest_at_bed, sleep_at_bed, go_to_bathroom, get_meal, turn_light_off, turn_off_alarm, close_curtain], updates=[room.alarm=ringing{known, direct_room_auditory}, task.coursework.deadline_at_total_minutes=670{known, internal_calendar}, clock.time=Day 1 09:30{known, internal_clock}, clock.total_minutes=570{known, internal_clock}], temperature_celsius=23.000000, time=Day 1 09:30, light=on, coursework_effort=unknown, coursework_status=active, unread_messages=0, self_action=get_meal{accepted, self_action_feedback}}",1
2,visible,5,571,"670","internal_calendar",100,0.861111,0.000000,0.000000,1.000000,1.000000,"turn_off_alarm",0.019990,0.406731,"O{visible_objects=[phone, computer, desk with study materials, bed, room door, room light, alarm clock, window with curtains], A^O=[idle, use_phone, shop_on_phone, use_computer, study_at_computer, study_focused, study_halfhearted, rest_at_bed, sleep_at_bed, go_to_bathroom, get_meal, turn_light_off, turn_off_alarm, close_curtain], updates=[room.alarm=ringing{known, direct_room_auditory}, clock.time=Day 1 09:30{known, internal_clock}, clock.total_minutes=570{known, internal_clock}], temperature_celsius=23.000000, time=Day 1 09:30, light=on, coursework_effort=unknown, coursework_status=active, unread_messages=0, self_action=get_meal{accepted, self_action_feedback}}",0
2,control,6,596,"1620","internal_calendar",1049,0.000000,0.000000,0.000000,0.883000,0.883000,"use_phone",0.000000,0.436506,"O{visible_objects=[phone, computer, desk with study materials, bed, room door, room light, alarm clock, window with curtains], A^O=[idle, use_phone, shop_on_phone, use_computer, study_at_computer, study_focused, study_halfhearted, rest_at_bed, sleep_at_bed, go_to_bathroom, get_meal, turn_light_off, close_curtain], updates=[room.alarm=silent{known, direct_room_visual}, clock.time=Day 1 09:31{known, internal_clock}, clock.total_minutes=571{known, internal_clock}], temperature_celsius=23.000000, time=Day 1 09:31, light=on, coursework_effort=unknown, coursework_status=active, unread_messages=0, self_action=turn_off_alarm{accepted, self_action_feedback}}",0
2,hidden,6,596,"670","internal_calendar",99,0.862500,0.000000,0.000000,1.000000,1.000000,"use_phone",0.022254,0.458761,"O{visible_objects=[phone, computer, desk with study materials, bed, room door, room light, alarm clock, window with curtains], A^O=[idle, use_phone, shop_on_phone, use_computer, study_at_computer, study_focused, study_halfhearted, rest_at_bed, sleep_at_bed, go_to_bathroom, get_meal, turn_light_off, close_curtain], updates=[room.alarm=silent{known, direct_room_visual}, clock.time=Day 1 09:31{known, internal_clock}, clock.total_minutes=571{known, internal_clock}], temperature_celsius=23.000000, time=Day 1 09:31, light=on, coursework_effort=unknown, coursework_status=active, unread_messages=0, self_action=turn_off_alarm{accepted, self_action_feedback}}",0
2,visible,6,596,"670","internal_calendar",99,0.862500,0.000000,0.000000,1.000000,1.000000,"use_phone",0.021383,0.457889,"O{visible_objects=[phone, computer, desk with study materials, bed, room door, room light, alarm clock, window with curtains], A^O=[idle, use_phone, shop_on_phone, use_computer, study_at_computer, study_focused, study_halfhearted, rest_at_bed, sleep_at_bed, go_to_bathroom, get_meal, turn_light_off, close_curtain], updates=[room.alarm=silent{known, direct_room_visual}, clock.time=Day 1 09:31{known, internal_clock}, clock.total_minutes=571{known, internal_clock}], temperature_celsius=23.000000, time=Day 1 09:31, light=on, coursework_effort=unknown, coursework_status=active, unread_messages=0, self_action=turn_off_alarm{accepted, self_action_feedback}}",0
2,control,7,597,"1620","internal_calendar",1024,0.000000,0.000000,0.070000,1.000000,1.000000,"turn_light_off",0.000000,0.415939,"O{visible_objects=[phone, computer, desk with study materials, bed, room door, room light, alarm clock, window with curtains], A^O=[idle, use_phone, shop_on_phone, use_computer, study_at_computer, study_focused, study_halfhearted, rest_at_bed, sleep_at_bed, go_to_bathroom, get_meal, turn_light_off, close_curtain], updates=[clock.time=Day 1 09:56{known, internal_clock}, clock.total_minutes=596{known, internal_clock}], temperature_celsius=23.000000, time=Day 1 09:56, light=on, coursework_effort=unknown, coursework_status=active, unread_messages=0, self_action=use_phone{accepted, self_action_feedback}}",0
2,hidden,7,597,"670","internal_calendar",74,0.897222,0.000000,0.070000,1.000000,1.000000,"turn_light_off",0.003628,0.419567,"O{visible_objects=[phone, computer, desk with study materials, bed, room door, room light, alarm clock, window with curtains], A^O=[idle, use_phone, shop_on_phone, use_computer, study_at_computer, study_focused, study_halfhearted, rest_at_bed, sleep_at_bed, go_to_bathroom, get_meal, turn_light_off, close_curtain], updates=[clock.time=Day 1 09:56{known, internal_clock}, clock.total_minutes=596{known, internal_clock}], temperature_celsius=23.000000, time=Day 1 09:56, light=on, coursework_effort=unknown, coursework_status=active, unread_messages=0, self_action=use_phone{accepted, self_action_feedback}}",0
2,visible,7,597,"670","internal_calendar",74,0.897222,0.000000,0.070000,1.000000,1.000000,"turn_light_off",0.002771,0.418710,"O{visible_objects=[phone, computer, desk with study materials, bed, room door, room light, alarm clock, window with curtains], A^O=[idle, use_phone, shop_on_phone, use_computer, study_at_computer, study_focused, study_halfhearted, rest_at_bed, sleep_at_bed, go_to_bathroom, get_meal, turn_light_off, close_curtain], updates=[clock.time=Day 1 09:56{known, internal_clock}, clock.total_minutes=596{known, internal_clock}], temperature_celsius=23.000000, time=Day 1 09:56, light=on, coursework_effort=unknown, coursework_status=active, unread_messages=0, self_action=use_phone{accepted, self_action_feedback}}",0
2,control,8,622,"1620","internal_calendar",1023,0.000000,0.000000,0.000000,1.000000,1.000000,"use_phone",0.000000,0.000000,"O{visible_objects=[phone, computer, desk with study materials, bed, room door, room light, alarm clock, window with curtains], A^O=[idle, use_phone, shop_on_phone, use_computer, rest_at_bed, sleep_at_bed, go_to_bathroom, get_meal, turn_light_on, close_curtain], updates=[room.light=off{known, direct_room_visual}, clock.time=Day 1 09:57{known, internal_clock}, clock.total_minutes=597{known, internal_clock}], temperature_celsius=23.000000, time=Day 1 09:57, light=off, coursework_effort=unknown, coursework_status=active, unread_messages=0, self_action=turn_light_off{accepted, self_action_feedback}}",0
2,hidden,8,622,"670","internal_calendar",73,0.898611,0.000000,0.000000,1.000000,1.000000,"use_phone",0.001608,0.000000,"O{visible_objects=[phone, computer, desk with study materials, bed, room door, room light, alarm clock, window with curtains], A^O=[idle, use_phone, shop_on_phone, use_computer, rest_at_bed, sleep_at_bed, go_to_bathroom, get_meal, turn_light_on, close_curtain], updates=[room.light=off{known, direct_room_visual}, clock.time=Day 1 09:57{known, internal_clock}, clock.total_minutes=597{known, internal_clock}], temperature_celsius=23.000000, time=Day 1 09:57, light=off, coursework_effort=unknown, coursework_status=active, unread_messages=0, self_action=turn_light_off{accepted, self_action_feedback}}",0
2,visible,8,622,"670","internal_calendar",73,0.898611,0.000000,0.000000,1.000000,1.000000,"use_phone",0.001228,0.000000,"O{visible_objects=[phone, computer, desk with study materials, bed, room door, room light, alarm clock, window with curtains], A^O=[idle, use_phone, shop_on_phone, use_computer, rest_at_bed, sleep_at_bed, go_to_bathroom, get_meal, turn_light_on, close_curtain], updates=[room.light=off{known, direct_room_visual}, clock.time=Day 1 09:57{known, internal_clock}, clock.total_minutes=597{known, internal_clock}], temperature_celsius=23.000000, time=Day 1 09:57, light=off, coursework_effort=unknown, coursework_status=active, unread_messages=0, self_action=turn_light_off{accepted, self_action_feedback}}",0
2,control,9,928,"1620","internal_calendar",998,0.000000,0.000000,0.070000,1.000000,1.000000,"sleep_at_bed",0.000000,0.000000,"O{visible_objects=[phone, computer, desk with study materials, bed, room door, room light, alarm clock, window with curtains], A^O=[idle, use_phone, shop_on_phone, use_computer, rest_at_bed, sleep_at_bed, go_to_bathroom, get_meal, turn_light_on, close_curtain], updates=[clock.time=Day 1 10:22{known, internal_clock}, clock.total_minutes=622{known, internal_clock}], temperature_celsius=23.000000, time=Day 1 10:22, light=off, coursework_effort=unknown, coursework_status=active, unread_messages=0, self_action=use_phone{accepted, self_action_feedback}}",0
2,hidden,9,928,"670","internal_calendar",48,0.933333,0.000000,0.070000,1.000000,1.000000,"sleep_at_bed",0.001218,0.000000,"O{visible_objects=[phone, computer, desk with study materials, bed, room door, room light, alarm clock, window with curtains], A^O=[idle, use_phone, shop_on_phone, use_computer, rest_at_bed, sleep_at_bed, go_to_bathroom, get_meal, turn_light_on, close_curtain], updates=[clock.time=Day 1 10:22{known, internal_clock}, clock.total_minutes=622{known, internal_clock}], temperature_celsius=23.000000, time=Day 1 10:22, light=off, coursework_effort=unknown, coursework_status=active, unread_messages=0, self_action=use_phone{accepted, self_action_feedback}}",0
2,visible,9,928,"670","internal_calendar",48,0.933333,0.000000,0.070000,1.000000,1.000000,"sleep_at_bed",0.000930,0.000000,"O{visible_objects=[phone, computer, desk with study materials, bed, room door, room light, alarm clock, window with curtains], A^O=[idle, use_phone, shop_on_phone, use_computer, rest_at_bed, sleep_at_bed, go_to_bathroom, get_meal, turn_light_on, close_curtain], updates=[clock.time=Day 1 10:22{known, internal_clock}, clock.total_minutes=622{known, internal_clock}], temperature_celsius=23.000000, time=Day 1 10:22, light=off, coursework_effort=unknown, coursework_status=active, unread_messages=0, self_action=use_phone{accepted, self_action_feedback}}",0
2,control,10,929,"1620","internal_calendar",692,0.038889,0.000000,0.280000,1.000000,1.000000,"turn_light_on",0.000000,0.000000,"O{visible_objects=[phone, computer, desk with study materials, bed, room door, room light, alarm clock, window with curtains], A^O=[idle, use_phone, shop_on_phone, use_computer, rest_at_bed, sleep_at_bed, go_to_bathroom, get_meal, turn_light_on, close_curtain], updates=[message.unread_count=1{known, phone_notification_state}, clock.time=Day 1 15:28{known, internal_clock}, clock.total_minutes=928{known, internal_clock}, room.temperature_celsius=17.000000{known, direct_room_thermal}, outside.weather=rain{known, direct_window_visual}, calendar.task_due=today{known, calendar_notification}], temperature_celsius=17.000000, time=Day 1 15:28, light=off, coursework_effort=unknown, coursework_status=active, unread_messages=1, self_action=sleep_at_bed{accepted, self_action_feedback}}",0
2,hidden,10,929,"670","internal_calendar",-258,1.000000,0.000000,0.280000,1.000000,1.000000,"turn_light_on",0.000981,0.000000,"O{visible_objects=[phone, computer, desk with study materials, bed, room door, room light, alarm clock, window with curtains], A^O=[idle, use_phone, shop_on_phone, use_computer, rest_at_bed, sleep_at_bed, go_to_bathroom, get_meal, turn_light_on, close_curtain], updates=[message.unread_count=1{known, phone_notification_state}, clock.time=Day 1 15:28{known, internal_clock}, clock.total_minutes=928{known, internal_clock}, room.temperature_celsius=17.000000{known, direct_room_thermal}, outside.weather=rain{known, direct_window_visual}, calendar.task_due=today{known, calendar_notification}], temperature_celsius=17.000000, time=Day 1 15:28, light=off, coursework_effort=unknown, coursework_status=active, unread_messages=1, self_action=sleep_at_bed{accepted, self_action_feedback}}",0
2,visible,10,929,"670","internal_calendar",-258,1.000000,0.000000,0.280000,1.000000,1.000000,"turn_light_on",0.000981,0.000000,"O{visible_objects=[phone, computer, desk with study materials, bed, room door, room light, alarm clock, window with curtains], A^O=[idle, use_phone, shop_on_phone, use_computer, rest_at_bed, sleep_at_bed, go_to_bathroom, get_meal, turn_light_on, close_curtain], updates=[message.unread_count=1{known, phone_notification_state}, clock.time=Day 1 15:28{known, internal_clock}, clock.total_minutes=928{known, internal_clock}, room.temperature_celsius=17.000000{known, direct_room_thermal}, outside.weather=rain{known, direct_window_visual}, calendar.task_due=today{known, calendar_notification}], temperature_celsius=17.000000, time=Day 1 15:28, light=off, coursework_effort=unknown, coursework_status=active, unread_messages=1, self_action=sleep_at_bed{accepted, self_action_feedback}}",0
2,control,11,954,"1620","internal_calendar",691,0.040278,0.000000,0.000000,1.000000,1.000000,"use_phone",0.000000,0.485852,"O{visible_objects=[phone, computer, desk with study materials, bed, room door, room light, alarm clock, window with curtains], A^O=[idle, use_phone, shop_on_phone, use_computer, study_at_computer, study_focused, study_halfhearted, rest_at_bed, sleep_at_bed, go_to_bathroom, get_meal, turn_light_off, close_curtain], updates=[room.light=on{known, direct_room_visual}, clock.time=Day 1 15:29{known, internal_clock}, clock.total_minutes=929{known, internal_clock}], temperature_celsius=17.000000, time=Day 1 15:29, light=on, coursework_effort=unknown, coursework_status=active, unread_messages=1, self_action=turn_light_on{accepted, self_action_feedback}}",0
2,hidden,11,954,"670","internal_calendar",-259,1.000000,0.000000,0.000000,1.000000,1.000000,"use_phone",0.002399,0.488251,"O{visible_objects=[phone, computer, desk with study materials, bed, room door, room light, alarm clock, window with curtains], A^O=[idle, use_phone, shop_on_phone, use_computer, study_at_computer, study_focused, study_halfhearted, rest_at_bed, sleep_at_bed, go_to_bathroom, get_meal, turn_light_off, close_curtain], updates=[room.light=on{known, direct_room_visual}, clock.time=Day 1 15:29{known, internal_clock}, clock.total_minutes=929{known, internal_clock}], temperature_celsius=17.000000, time=Day 1 15:29, light=on, coursework_effort=unknown, coursework_status=active, unread_messages=1, self_action=turn_light_on{accepted, self_action_feedback}}",0
2,visible,11,954,"670","internal_calendar",-259,1.000000,0.000000,0.000000,1.000000,1.000000,"use_phone",0.002399,0.488251,"O{visible_objects=[phone, computer, desk with study materials, bed, room door, room light, alarm clock, window with curtains], A^O=[idle, use_phone, shop_on_phone, use_computer, study_at_computer, study_focused, study_halfhearted, rest_at_bed, sleep_at_bed, go_to_bathroom, get_meal, turn_light_off, close_curtain], updates=[room.light=on{known, direct_room_visual}, clock.time=Day 1 15:29{known, internal_clock}, clock.total_minutes=929{known, internal_clock}], temperature_celsius=17.000000, time=Day 1 15:29, light=on, coursework_effort=unknown, coursework_status=active, unread_messages=1, self_action=turn_light_on{accepted, self_action_feedback}}",0
2,control,12,1014,"1620","internal_calendar",666,0.075000,0.000000,0.070000,1.000000,1.000000,"rest_at_bed",0.000000,0.444326,"O{visible_objects=[phone, computer, desk with study materials, bed, room door, room light, alarm clock, window with curtains], A^O=[idle, use_phone, shop_on_phone, use_computer, study_at_computer, study_focused, study_halfhearted, rest_at_bed, sleep_at_bed, go_to_bathroom, get_meal, turn_light_off, close_curtain], updates=[clock.time=Day 1 15:54{known, internal_clock}, clock.total_minutes=954{known, internal_clock}], temperature_celsius=17.000000, time=Day 1 15:54, light=on, coursework_effort=unknown, coursework_status=active, unread_messages=1, self_action=use_phone{accepted, self_action_feedback}}",0
2,hidden,12,1014,"670","internal_calendar",-284,1.000000,0.000000,0.070000,1.000000,1.000000,"rest_at_bed",0.000282,0.444607,"O{visible_objects=[phone, computer, desk with study materials, bed, room door, room light, alarm clock, window with curtains], A^O=[idle, use_phone, shop_on_phone, use_computer, study_at_computer, study_focused, study_halfhearted, rest_at_bed, sleep_at_bed, go_to_bathroom, get_meal, turn_light_off, close_curtain], updates=[clock.time=Day 1 15:54{known, internal_clock}, clock.total_minutes=954{known, internal_clock}], temperature_celsius=17.000000, time=Day 1 15:54, light=on, coursework_effort=unknown, coursework_status=active, unread_messages=1, self_action=use_phone{accepted, self_action_feedback}}",0
2,visible,12,1014,"670","internal_calendar",-284,1.000000,0.000000,0.070000,1.000000,1.000000,"rest_at_bed",0.000282,0.444607,"O{visible_objects=[phone, computer, desk with study materials, bed, room door, room light, alarm clock, window with curtains], A^O=[idle, use_phone, shop_on_phone, use_computer, study_at_computer, study_focused, study_halfhearted, rest_at_bed, sleep_at_bed, go_to_bathroom, get_meal, turn_light_off, close_curtain], updates=[clock.time=Day 1 15:54{known, internal_clock}, clock.total_minutes=954{known, internal_clock}], temperature_celsius=17.000000, time=Day 1 15:54, light=on, coursework_effort=unknown, coursework_status=active, unread_messages=1, self_action=use_phone{accepted, self_action_feedback}}",0
3,control,1,500,"1318","initial_calendar",838,0.000000,0.000000,0.000000,0.550000,0.550000,"shop_on_phone",0.000000,0.314872,"O{visible_objects=[phone, computer, desk with study materials, bed, room door, room light, alarm clock, window with curtains], A^O=[idle, use_phone, shop_on_phone, use_computer, study_at_computer, study_focused, study_halfhearted, rest_at_bed, sleep_at_bed, go_to_bathroom, get_meal, turn_light_off, close_curtain], updates=[object.phone=present{known, direct_room_visual}, object.computer=present{known, direct_room_visual}, object.desk=present{known, direct_room_visual}, object.bed=present{known, direct_room_visual}, object.door=present{known, direct_room_visual}, object.light=present{known, direct_room_visual}, object.alarm=present{known, direct_room_visual}, object.window=present{known, direct_room_visual}, room.light=on{known, direct_room_visual}, room.curtain=open{known, direct_room_visual}, room.alarm=silent{known, direct_room_visual}, task.coursework.status=active{known, initial_task_brief}, task.coursework.deadline_at_total_minutes=1318{known, initial_calendar}, message.unread_count=0{known, phone_notification_state}, clock.time=Day 1 08:00{known, internal_clock}, clock.total_minutes=480{known, internal_clock}, room.temperature_celsius=23.000000{known, direct_room_thermal}, outside.weather=clear{known, direct_window_visual}], temperature_celsius=23.000000, time=Day 1 08:00, light=on, coursework_effort=unknown, coursework_status=active, unread_messages=0, self_action=none}",0
3,hidden,1,500,"1318","initial_calendar",838,0.000000,0.000000,0.000000,0.550000,0.550000,"shop_on_phone",0.000000,0.314872,"O{visible_objects=[phone, computer, desk with study materials, bed, room door, room light, alarm clock, window with curtains], A^O=[idle, use_phone, shop_on_phone, use_computer, study_at_computer, study_focused, study_halfhearted, rest_at_bed, sleep_at_bed, go_to_bathroom, get_meal, turn_light_off, close_curtain], updates=[object.phone=present{known, direct_room_visual}, object.computer=present{known, direct_room_visual}, object.desk=present{known, direct_room_visual}, object.bed=present{known, direct_room_visual}, object.door=present{known, direct_room_visual}, object.light=present{known, direct_room_visual}, object.alarm=present{known, direct_room_visual}, object.window=present{known, direct_room_visual}, room.light=on{known, direct_room_visual}, room.curtain=open{known, direct_room_visual}, room.alarm=silent{known, direct_room_visual}, task.coursework.status=active{known, initial_task_brief}, task.coursework.deadline_at_total_minutes=1318{known, initial_calendar}, message.unread_count=0{known, phone_notification_state}, clock.time=Day 1 08:00{known, internal_clock}, clock.total_minutes=480{known, internal_clock}, room.temperature_celsius=23.000000{known, direct_room_thermal}, outside.weather=clear{known, direct_window_visual}], temperature_celsius=23.000000, time=Day 1 08:00, light=on, coursework_effort=unknown, coursework_status=active, unread_messages=0, self_action=none}",0
3,visible,1,500,"1318","initial_calendar",838,0.000000,0.000000,0.000000,0.550000,0.550000,"shop_on_phone",0.000000,0.314872,"O{visible_objects=[phone, computer, desk with study materials, bed, room door, room light, alarm clock, window with curtains], A^O=[idle, use_phone, shop_on_phone, use_computer, study_at_computer, study_focused, study_halfhearted, rest_at_bed, sleep_at_bed, go_to_bathroom, get_meal, turn_light_off, close_curtain], updates=[object.phone=present{known, direct_room_visual}, object.computer=present{known, direct_room_visual}, object.desk=present{known, direct_room_visual}, object.bed=present{known, direct_room_visual}, object.door=present{known, direct_room_visual}, object.light=present{known, direct_room_visual}, object.alarm=present{known, direct_room_visual}, object.window=present{known, direct_room_visual}, room.light=on{known, direct_room_visual}, room.curtain=open{known, direct_room_visual}, room.alarm=silent{known, direct_room_visual}, task.coursework.status=active{known, initial_task_brief}, task.coursework.deadline_at_total_minutes=1318{known, initial_calendar}, message.unread_count=0{known, phone_notification_state}, clock.time=Day 1 08:00{known, internal_clock}, clock.total_minutes=480{known, internal_clock}, room.temperature_celsius=23.000000{known, direct_room_thermal}, outside.weather=clear{known, direct_window_visual}], temperature_celsius=23.000000, time=Day 1 08:00, light=on, coursework_effort=unknown, coursework_status=active, unread_messages=0, self_action=none}",0
3,control,2,515,"1318","internal_calendar",818,0.000000,0.000000,0.030000,0.631000,0.631000,"go_to_bathroom",0.000000,0.356953,"O{visible_objects=[phone, computer, desk with study materials, bed, room door, room light, alarm clock, window with curtains], A^O=[idle, use_phone, shop_on_phone, use_computer, study_at_computer, study_focused, study_halfhearted, rest_at_bed, sleep_at_bed, go_to_bathroom, get_meal, turn_light_off, close_curtain], updates=[clock.time=Day 1 08:20{known, internal_clock}, clock.total_minutes=500{known, internal_clock}], temperature_celsius=23.000000, time=Day 1 08:20, light=on, coursework_effort=unknown, coursework_status=active, unread_messages=0, self_action=shop_on_phone{accepted, self_action_feedback}}",0
3,hidden,2,515,"1318","initial_calendar",818,0.000000,0.000000,0.030000,0.631000,0.631000,"go_to_bathroom",0.000000,0.356953,"O{visible_objects=[phone, computer, desk with study materials, bed, room door, room light, alarm clock, window with curtains], A^O=[idle, use_phone, shop_on_phone, use_computer, study_at_computer, study_focused, study_halfhearted, rest_at_bed, sleep_at_bed, go_to_bathroom, get_meal, turn_light_off, close_curtain], updates=[clock.time=Day 1 08:20{known, internal_clock}, clock.total_minutes=500{known, internal_clock}], temperature_celsius=23.000000, time=Day 1 08:20, light=on, coursework_effort=unknown, coursework_status=active, unread_messages=0, self_action=shop_on_phone{accepted, self_action_feedback}}",0
3,visible,2,515,"680","internal_calendar",180,0.750000,0.150000,0.180000,0.781000,0.781000,"go_to_bathroom",0.023951,0.380904,"O{visible_objects=[phone, computer, desk with study materials, bed, room door, room light, alarm clock, window with curtains], A^O=[idle, use_phone, shop_on_phone, use_computer, study_at_computer, study_focused, study_halfhearted, rest_at_bed, sleep_at_bed, go_to_bathroom, get_meal, turn_light_off, close_curtain], updates=[task.coursework.deadline_at_total_minutes=680{known, internal_calendar}, clock.time=Day 1 08:20{known, internal_clock}, clock.total_minutes=500{known, internal_clock}], temperature_celsius=23.000000, time=Day 1 08:20, light=on, coursework_effort=unknown, coursework_status=active, unread_messages=0, self_action=shop_on_phone{accepted, self_action_feedback}}",1
3,control,3,550,"1318","internal_calendar",803,0.000000,0.000000,0.000000,0.631000,0.631000,"study_halfhearted",0.000000,0.392483,"O{visible_objects=[phone, computer, desk with study materials, bed, room door, room light, alarm clock, window with curtains], A^O=[idle, use_phone, shop_on_phone, use_computer, study_at_computer, study_focused, study_halfhearted, rest_at_bed, sleep_at_bed, go_to_bathroom, get_meal, turn_light_off, close_curtain], updates=[clock.time=Day 1 08:35{known, internal_clock}, clock.total_minutes=515{known, internal_clock}], temperature_celsius=23.000000, time=Day 1 08:35, light=on, coursework_effort=unknown, coursework_status=active, unread_messages=0, self_action=go_to_bathroom{accepted, self_action_feedback}}",0
3,hidden,3,550,"1318","initial_calendar",803,0.000000,0.000000,0.000000,0.631000,0.631000,"study_halfhearted",0.000000,0.392483,"O{visible_objects=[phone, computer, desk with study materials, bed, room door, room light, alarm clock, window with curtains], A^O=[idle, use_phone, shop_on_phone, use_computer, study_at_computer, study_focused, study_halfhearted, rest_at_bed, sleep_at_bed, go_to_bathroom, get_meal, turn_light_off, close_curtain], updates=[clock.time=Day 1 08:35{known, internal_clock}, clock.total_minutes=515{known, internal_clock}], temperature_celsius=23.000000, time=Day 1 08:35, light=on, coursework_effort=unknown, coursework_status=active, unread_messages=0, self_action=go_to_bathroom{accepted, self_action_feedback}}",0
3,visible,3,550,"680","internal_calendar",165,0.770833,0.000000,0.000000,0.781000,0.781000,"study_halfhearted",0.025022,0.417505,"O{visible_objects=[phone, computer, desk with study materials, bed, room door, room light, alarm clock, window with curtains], A^O=[idle, use_phone, shop_on_phone, use_computer, study_at_computer, study_focused, study_halfhearted, rest_at_bed, sleep_at_bed, go_to_bathroom, get_meal, turn_light_off, close_curtain], updates=[clock.time=Day 1 08:35{known, internal_clock}, clock.total_minutes=515{known, internal_clock}], temperature_celsius=23.000000, time=Day 1 08:35, light=on, coursework_effort=unknown, coursework_status=active, unread_messages=0, self_action=go_to_bathroom{accepted, self_action_feedback}}",0
3,control,4,585,"1318","internal_calendar",768,0.000000,0.000000,-0.080000,0.570200,0.570200,"study_halfhearted",0.000000,0.406360,"O{visible_objects=[phone, computer, desk with study materials, bed, room door, room light, alarm clock, window with curtains], A^O=[idle, use_phone, shop_on_phone, use_computer, study_at_computer, study_focused, study_halfhearted, rest_at_bed, sleep_at_bed, go_to_bathroom, get_meal, turn_light_off, close_curtain], updates=[clock.time=Day 1 09:10{known, internal_clock}, clock.total_minutes=550{known, internal_clock}], temperature_celsius=23.000000, time=Day 1 09:10, light=on, coursework_effort=unknown, coursework_status=active, unread_messages=0, self_action=study_halfhearted{accepted, self_action_feedback}}",0
3,hidden,4,585,"1318","initial_calendar",768,0.000000,0.000000,-0.080000,0.570200,0.570200,"study_halfhearted",0.000000,0.406360,"O{visible_objects=[phone, computer, desk with study materials, bed, room door, room light, alarm clock, window with curtains], A^O=[idle, use_phone, shop_on_phone, use_computer, study_at_computer, study_focused, study_halfhearted, rest_at_bed, sleep_at_bed, go_to_bathroom, get_meal, turn_light_off, close_curtain], updates=[clock.time=Day 1 09:10{known, internal_clock}, clock.total_minutes=550{known, internal_clock}], temperature_celsius=23.000000, time=Day 1 09:10, light=on, coursework_effort=unknown, coursework_status=active, unread_messages=0, self_action=study_halfhearted{accepted, self_action_feedback}}",0
3,visible,4,585,"680","internal_calendar",130,0.819444,0.000000,-0.080000,0.720200,0.720200,"study_halfhearted",0.025514,0.431874,"O{visible_objects=[phone, computer, desk with study materials, bed, room door, room light, alarm clock, window with curtains], A^O=[idle, use_phone, shop_on_phone, use_computer, study_at_computer, study_focused, study_halfhearted, rest_at_bed, sleep_at_bed, go_to_bathroom, get_meal, turn_light_off, close_curtain], updates=[clock.time=Day 1 09:10{known, internal_clock}, clock.total_minutes=550{known, internal_clock}], temperature_celsius=23.000000, time=Day 1 09:10, light=on, coursework_effort=unknown, coursework_status=active, unread_messages=0, self_action=study_halfhearted{accepted, self_action_feedback}}",0
3,control,5,620,"1318","internal_calendar",733,0.000000,0.000000,-0.080000,0.509400,0.509400,"get_meal",0.000000,0.386870,"O{visible_objects=[phone, computer, desk with study materials, bed, room door, room light, alarm clock, window with curtains], A^O=[idle, use_phone, shop_on_phone, use_computer, study_at_computer, study_focused, study_halfhearted, rest_at_bed, sleep_at_bed, go_to_bathroom, get_meal, turn_light_off, close_curtain], updates=[clock.time=Day 1 09:45{known, internal_clock}, clock.total_minutes=585{known, internal_clock}], temperature_celsius=23.000000, time=Day 1 09:45, light=on, coursework_effort=unknown, coursework_status=active, unread_messages=0, self_action=study_halfhearted{accepted, self_action_feedback}}",0
3,hidden,5,620,"680","internal_calendar",95,0.868056,0.173611,0.093611,0.714811,0.714811,"get_meal",0.034649,0.421519,"O{visible_objects=[phone, computer, desk with study materials, bed, room door, room light, alarm clock, window with curtains], A^O=[idle, use_phone, shop_on_phone, use_computer, study_at_computer, study_focused, study_halfhearted, rest_at_bed, sleep_at_bed, go_to_bathroom, get_meal, turn_light_off, close_curtain], updates=[task.coursework.deadline_at_total_minutes=680{known, internal_calendar}, clock.time=Day 1 09:45{known, internal_clock}, clock.total_minutes=585{known, internal_clock}], temperature_celsius=23.000000, time=Day 1 09:45, light=on, coursework_effort=unknown, coursework_status=active, unread_messages=0, self_action=study_halfhearted{accepted, self_action_feedback}}",1
3,visible,5,620,"680","internal_calendar",95,0.868056,0.000000,-0.080000,0.659400,0.659400,"get_meal",0.025366,0.412236,"O{visible_objects=[phone, computer, desk with study materials, bed, room door, room light, alarm clock, window with curtains], A^O=[idle, use_phone, shop_on_phone, use_computer, study_at_computer, study_focused, study_halfhearted, rest_at_bed, sleep_at_bed, go_to_bathroom, get_meal, turn_light_off, close_curtain], updates=[clock.time=Day 1 09:45{known, internal_clock}, clock.total_minutes=585{known, internal_clock}], temperature_celsius=23.000000, time=Day 1 09:45, light=on, coursework_effort=unknown, coursework_status=active, unread_messages=0, self_action=study_halfhearted{accepted, self_action_feedback}}",0
3,control,6,630,"1318","internal_calendar",698,0.030556,0.000000,0.000000,0.509400,0.509400,"idle",0.000000,0.435751,"O{visible_objects=[phone, computer, desk with study materials, bed, room door, room light, alarm clock, window with curtains], A^O=[idle, use_phone, shop_on_phone, use_computer, study_at_computer, study_focused, study_halfhearted, rest_at_bed, sleep_at_bed, go_to_bathroom, get_meal, turn_light_off, close_curtain], updates=[clock.time=Day 1 10:20{known, internal_clock}, clock.total_minutes=620{known, internal_clock}], temperature_celsius=23.000000, time=Day 1 10:20, light=on, coursework_effort=unknown, coursework_status=active, unread_messages=0, self_action=get_meal{accepted, self_action_feedback}}",0
3,hidden,6,630,"680","internal_calendar",60,0.916667,0.000000,0.000000,0.714811,0.714811,"idle",0.036323,0.472074,"O{visible_objects=[phone, computer, desk with study materials, bed, room door, room light, alarm clock, window with curtains], A^O=[idle, use_phone, shop_on_phone, use_computer, study_at_computer, study_focused, study_halfhearted, rest_at_bed, sleep_at_bed, go_to_bathroom, get_meal, turn_light_off, close_curtain], updates=[clock.time=Day 1 10:20{known, internal_clock}, clock.total_minutes=620{known, internal_clock}], temperature_celsius=23.000000, time=Day 1 10:20, light=on, coursework_effort=unknown, coursework_status=active, unread_messages=0, self_action=get_meal{accepted, self_action_feedback}}",0
3,visible,6,630,"680","internal_calendar",60,0.916667,0.000000,0.000000,0.659400,0.659400,"idle",0.026613,0.462365,"O{visible_objects=[phone, computer, desk with study materials, bed, room door, room light, alarm clock, window with curtains], A^O=[idle, use_phone, shop_on_phone, use_computer, study_at_computer, study_focused, study_halfhearted, rest_at_bed, sleep_at_bed, go_to_bathroom, get_meal, turn_light_off, close_curtain], updates=[clock.time=Day 1 10:20{known, internal_clock}, clock.total_minutes=620{known, internal_clock}], temperature_celsius=23.000000, time=Day 1 10:20, light=on, coursework_effort=unknown, coursework_status=active, unread_messages=0, self_action=get_meal{accepted, self_action_feedback}}",0
3,control,7,665,"1318","internal_calendar",688,0.044444,0.000000,0.080000,0.640400,0.640400,"study_at_computer",0.000000,0.453322,"O{visible_objects=[phone, computer, desk with study materials, bed, room door, room light, alarm clock, window with curtains], A^O=[idle, use_phone, shop_on_phone, use_computer, study_at_computer, study_focused, study_halfhearted, rest_at_bed, sleep_at_bed, go_to_bathroom, get_meal, turn_light_off, close_curtain], updates=[clock.time=Day 1 10:30{known, internal_clock}, clock.total_minutes=630{known, internal_clock}], temperature_celsius=23.000000, time=Day 1 10:30, light=on, coursework_effort=unknown, coursework_status=active, unread_messages=0, self_action=idle{accepted, self_action_feedback}}",0
3,hidden,7,665,"680","internal_calendar",50,0.930556,0.000000,0.080000,0.845811,0.845811,"study_at_computer",0.036520,0.489842,"O{visible_objects=[phone, computer, desk with study materials, bed, room door, room light, alarm clock, window with curtains], A^O=[idle, use_phone, shop_on_phone, use_computer, study_at_computer, study_focused, study_halfhearted, rest_at_bed, sleep_at_bed, go_to_bathroom, get_meal, turn_light_off, close_curtain], updates=[clock.time=Day 1 10:30{known, internal_clock}, clock.total_minutes=630{known, internal_clock}], temperature_celsius=23.000000, time=Day 1 10:30, light=on, coursework_effort=unknown, coursework_status=active, unread_messages=0, self_action=idle{accepted, self_action_feedback}}",0
3,visible,7,665,"680","internal_calendar",50,0.930556,0.000000,0.080000,0.790400,0.790400,"study_at_computer",0.026766,0.480089,"O{visible_objects=[phone, computer, desk with study materials, bed, room door, room light, alarm clock, window with curtains], A^O=[idle, use_phone, shop_on_phone, use_computer, study_at_computer, study_focused, study_halfhearted, rest_at_bed, sleep_at_bed, go_to_bathroom, get_meal, turn_light_off, close_curtain], updates=[clock.time=Day 1 10:30{known, internal_clock}, clock.total_minutes=630{known, internal_clock}], temperature_celsius=23.000000, time=Day 1 10:30, light=on, coursework_effort=unknown, coursework_status=active, unread_messages=0, self_action=idle{accepted, self_action_feedback}}",0
3,control,8,700,"1318","internal_calendar",653,0.093056,0.000000,-0.150000,0.526400,0.526400,"study_halfhearted",0.000000,0.336226,"O{visible_objects=[phone, computer, desk with study materials, bed, room door, room light, alarm clock, window with curtains], A^O=[idle, use_phone, shop_on_phone, use_computer, study_at_computer, study_focused, study_halfhearted, rest_at_bed, sleep_at_bed, go_to_bathroom, get_meal, turn_light_off, close_curtain], updates=[clock.time=Day 1 11:05{known, internal_clock}, clock.total_minutes=665{known, internal_clock}], temperature_celsius=23.000000, time=Day 1 11:05, light=on, coursework_effort=unknown, coursework_status=active, unread_messages=0, self_action=study_at_computer{accepted, self_action_feedback}}",0
3,hidden,8,700,"680","internal_calendar",15,0.979167,0.000000,-0.150000,0.731811,0.731811,"study_halfhearted",0.033575,0.369800,"O{visible_objects=[phone, computer, desk with study materials, bed, room door, room light, alarm clock, window with curtains], A^O=[idle, use_phone, shop_on_phone, use_computer, study_at_computer, study_focused, study_halfhearted, rest_at_bed, sleep_at_bed, go_to_bathroom, get_meal, turn_light_off, close_curtain], updates=[clock.time=Day 1 11:05{known, internal_clock}, clock.total_minutes=665{known, internal_clock}], temperature_celsius=23.000000, time=Day 1 11:05, light=on, coursework_effort=unknown, coursework_status=active, unread_messages=0, self_action=study_at_computer{accepted, self_action_feedback}}",0
3,visible,8,700,"680","internal_calendar",15,0.979167,0.000000,-0.150000,0.676400,0.676400,"study_halfhearted",0.024486,0.360712,"O{visible_objects=[phone, computer, desk with study materials, bed, room door, room light, alarm clock, window with curtains], A^O=[idle, use_phone, shop_on_phone, use_computer, study_at_computer, study_focused, study_halfhearted, rest_at_bed, sleep_at_bed, go_to_bathroom, get_meal, turn_light_off, close_curtain], updates=[clock.time=Day 1 11:05{known, internal_clock}, clock.total_minutes=665{known, internal_clock}], temperature_celsius=23.000000, time=Day 1 11:05, light=on, coursework_effort=unknown, coursework_status=active, unread_messages=0, self_action=study_at_computer{accepted, self_action_feedback}}",0
3,control,9,730,"1318","internal_calendar",618,0.141667,0.000000,-0.080000,0.465600,0.465600,"use_computer",0.000000,0.316875,"O{visible_objects=[phone, computer, desk with study materials, bed, room door, room light, alarm clock, window with curtains], A^O=[idle, use_phone, shop_on_phone, use_computer, study_at_computer, study_focused, study_halfhearted, rest_at_bed, sleep_at_bed, go_to_bathroom, get_meal, turn_light_off, close_curtain], updates=[clock.time=Day 1 11:40{known, internal_clock}, clock.total_minutes=700{known, internal_clock}], temperature_celsius=23.000000, time=Day 1 11:40, light=on, coursework_effort=unknown, coursework_status=active, unread_messages=0, self_action=study_halfhearted{accepted, self_action_feedback}}",0
3,hidden,9,730,"680","internal_calendar",-20,1.000000,0.000000,-0.080000,0.671011,0.671011,"use_computer",0.032872,0.349747,"O{visible_objects=[phone, computer, desk with study materials, bed, room door, room light, alarm clock, window with curtains], A^O=[idle, use_phone, shop_on_phone, use_computer, study_at_computer, study_focused, study_halfhearted, rest_at_bed, sleep_at_bed, go_to_bathroom, get_meal, turn_light_off, close_curtain], updates=[clock.time=Day 1 11:40{known, internal_clock}, clock.total_minutes=700{known, internal_clock}], temperature_celsius=23.000000, time=Day 1 11:40, light=on, coursework_effort=unknown, coursework_status=active, unread_messages=0, self_action=study_halfhearted{accepted, self_action_feedback}}",0
3,visible,9,730,"680","internal_calendar",-20,1.000000,0.000000,-0.080000,0.615600,0.615600,"use_computer",0.023936,0.340811,"O{visible_objects=[phone, computer, desk with study materials, bed, room door, room light, alarm clock, window with curtains], A^O=[idle, use_phone, shop_on_phone, use_computer, study_at_computer, study_focused, study_halfhearted, rest_at_bed, sleep_at_bed, go_to_bathroom, get_meal, turn_light_off, close_curtain], updates=[clock.time=Day 1 11:40{known, internal_clock}, clock.total_minutes=700{known, internal_clock}], temperature_celsius=23.000000, time=Day 1 11:40, light=on, coursework_effort=unknown, coursework_status=active, unread_messages=0, self_action=study_halfhearted{accepted, self_action_feedback}}",0
3,control,10,760,"1318","internal_calendar",588,0.183333,0.000000,0.130000,0.646600,0.646600,"use_computer",0.000000,0.309107,"O{visible_objects=[phone, computer, desk with study materials, bed, room door, room light, alarm clock, window with curtains], A^O=[idle, use_phone, shop_on_phone, use_computer, study_at_computer, study_focused, study_halfhearted, rest_at_bed, sleep_at_bed, go_to_bathroom, get_meal, turn_light_off, close_curtain], updates=[message.unread_count=1{known, phone_notification_state}, clock.time=Day 1 12:10{known, internal_clock}, clock.total_minutes=730{known, internal_clock}], temperature_celsius=23.000000, time=Day 1 12:10, light=on, coursework_effort=unknown, coursework_status=active, unread_messages=1, self_action=use_computer{accepted, self_action_feedback}}",0
3,hidden,10,760,"680","internal_calendar",-50,1.000000,0.000000,0.130000,0.852011,0.852011,"use_computer",0.033086,0.342193,"O{visible_objects=[phone, computer, desk with study materials, bed, room door, room light, alarm clock, window with curtains], A^O=[idle, use_phone, shop_on_phone, use_computer, study_at_computer, study_focused, study_halfhearted, rest_at_bed, sleep_at_bed, go_to_bathroom, get_meal, turn_light_off, close_curtain], updates=[message.unread_count=1{known, phone_notification_state}, clock.time=Day 1 12:10{known, internal_clock}, clock.total_minutes=730{known, internal_clock}], temperature_celsius=23.000000, time=Day 1 12:10, light=on, coursework_effort=unknown, coursework_status=active, unread_messages=1, self_action=use_computer{accepted, self_action_feedback}}",0
3,visible,10,760,"680","internal_calendar",-50,1.000000,0.000000,0.130000,0.796600,0.796600,"use_computer",0.024036,0.333143,"O{visible_objects=[phone, computer, desk with study materials, bed, room door, room light, alarm clock, window with curtains], A^O=[idle, use_phone, shop_on_phone, use_computer, study_at_computer, study_focused, study_halfhearted, rest_at_bed, sleep_at_bed, go_to_bathroom, get_meal, turn_light_off, close_curtain], updates=[message.unread_count=1{known, phone_notification_state}, clock.time=Day 1 12:10{known, internal_clock}, clock.total_minutes=730{known, internal_clock}], temperature_celsius=23.000000, time=Day 1 12:10, light=on, coursework_effort=unknown, coursework_status=active, unread_messages=1, self_action=use_computer{accepted, self_action_feedback}}",0
3,control,11,795,"1318","internal_calendar",558,0.225000,0.000000,0.050000,0.747600,0.747600,"study_halfhearted",0.000000,0.289933,"O{visible_objects=[phone, computer, desk with study materials, bed, room door, room light, alarm clock, window with curtains], A^O=[idle, use_phone, shop_on_phone, use_computer, study_at_computer, study_focused, study_halfhearted, rest_at_bed, sleep_at_bed, go_to_bathroom, get_meal, turn_light_off, close_curtain], updates=[clock.time=Day 1 12:40{known, internal_clock}, clock.total_minutes=760{known, internal_clock}], temperature_celsius=23.000000, time=Day 1 12:40, light=on, coursework_effort=unknown, coursework_status=active, unread_messages=1, self_action=use_computer{accepted, self_action_feedback}}",0
3,hidden,11,795,"680","internal_calendar",-80,1.000000,0.000000,0.050000,0.953011,0.953011,"study_halfhearted",0.032638,0.322571,"O{visible_objects=[phone, computer, desk with study materials, bed, room door, room light, alarm clock, window with curtains], A^O=[idle, use_phone, shop_on_phone, use_computer, study_at_computer, study_focused, study_halfhearted, rest_at_bed, sleep_at_bed, go_to_bathroom, get_meal, turn_light_off, close_curtain], updates=[clock.time=Day 1 12:40{known, internal_clock}, clock.total_minutes=760{known, internal_clock}], temperature_celsius=23.000000, time=Day 1 12:40, light=on, coursework_effort=unknown, coursework_status=active, unread_messages=1, self_action=use_computer{accepted, self_action_feedback}}",0
3,visible,11,795,"680","internal_calendar",-80,1.000000,0.000000,0.050000,0.897600,0.897600,"study_halfhearted",0.023688,0.313621,"O{visible_objects=[phone, computer, desk with study materials, bed, room door, room light, alarm clock, window with curtains], A^O=[idle, use_phone, shop_on_phone, use_computer, study_at_computer, study_focused, study_halfhearted, rest_at_bed, sleep_at_bed, go_to_bathroom, get_meal, turn_light_off, close_curtain], updates=[clock.time=Day 1 12:40{known, internal_clock}, clock.total_minutes=760{known, internal_clock}], temperature_celsius=23.000000, time=Day 1 12:40, light=on, coursework_effort=unknown, coursework_status=active, unread_messages=1, self_action=use_computer{accepted, self_action_feedback}}",0
3,control,12,820,"1318","internal_calendar",523,0.273611,0.000000,-0.080000,0.686800,0.686800,"use_phone",0.000000,0.256116,"O{visible_objects=[phone, computer, desk with study materials, bed, room door, room light, alarm clock, window with curtains], A^O=[idle, use_phone, shop_on_phone, use_computer, study_at_computer, study_focused, study_halfhearted, rest_at_bed, sleep_at_bed, go_to_bathroom, get_meal, turn_light_off, close_curtain], updates=[clock.time=Day 1 13:15{known, internal_clock}, clock.total_minutes=795{known, internal_clock}], temperature_celsius=23.000000, time=Day 1 13:15, light=on, coursework_effort=unknown, coursework_status=active, unread_messages=1, self_action=study_halfhearted{accepted, self_action_feedback}}",0
3,hidden,12,820,"680","internal_calendar",-115,1.000000,0.000000,-0.080000,0.892211,0.892211,"use_phone",0.030570,0.286686,"O{visible_objects=[phone, computer, desk with study materials, bed, room door, room light, alarm clock, window with curtains], A^O=[idle, use_phone, shop_on_phone, use_computer, study_at_computer, study_focused, study_halfhearted, rest_at_bed, sleep_at_bed, go_to_bathroom, get_meal, turn_light_off, close_curtain], updates=[clock.time=Day 1 13:15{known, internal_clock}, clock.total_minutes=795{known, internal_clock}], temperature_celsius=23.000000, time=Day 1 13:15, light=on, coursework_effort=unknown, coursework_status=active, unread_messages=1, self_action=study_halfhearted{accepted, self_action_feedback}}",0
3,visible,12,820,"680","internal_calendar",-115,1.000000,0.000000,-0.080000,0.836800,0.836800,"use_phone",0.022151,0.278266,"O{visible_objects=[phone, computer, desk with study materials, bed, room door, room light, alarm clock, window with curtains], A^O=[idle, use_phone, shop_on_phone, use_computer, study_at_computer, study_focused, study_halfhearted, rest_at_bed, sleep_at_bed, go_to_bathroom, get_meal, turn_light_off, close_curtain], updates=[clock.time=Day 1 13:15{known, internal_clock}, clock.total_minutes=795{known, internal_clock}], temperature_celsius=23.000000, time=Day 1 13:15, light=on, coursework_effort=unknown, coursework_status=active, unread_messages=1, self_action=study_halfhearted{accepted, self_action_feedback}}",0
4,control,1,510,"913","initial_calendar",433,0.398611,0.000000,0.000000,0.550000,0.550000,"use_computer",0.000000,0.314872,"O{visible_objects=[phone, computer, desk with study materials, bed, room door, room light, alarm clock, window with curtains], A^O=[idle, use_phone, shop_on_phone, use_computer, study_at_computer, study_focused, study_halfhearted, rest_at_bed, sleep_at_bed, go_to_bathroom, get_meal, turn_light_off, close_curtain], updates=[object.phone=present{known, direct_room_visual}, object.computer=present{known, direct_room_visual}, object.desk=present{known, direct_room_visual}, object.bed=present{known, direct_room_visual}, object.door=present{known, direct_room_visual}, object.light=present{known, direct_room_visual}, object.alarm=present{known, direct_room_visual}, object.window=present{known, direct_room_visual}, room.light=on{known, direct_room_visual}, room.curtain=open{known, direct_room_visual}, room.alarm=silent{known, direct_room_visual}, task.coursework.status=active{known, initial_task_brief}, task.coursework.deadline_at_total_minutes=913{known, initial_calendar}, message.unread_count=0{known, phone_notification_state}, clock.time=Day 1 08:00{known, internal_clock}, clock.total_minutes=480{known, internal_clock}, room.temperature_celsius=23.000000{known, direct_room_thermal}, outside.weather=clear{known, direct_window_visual}], temperature_celsius=23.000000, time=Day 1 08:00, light=on, coursework_effort=unknown, coursework_status=active, unread_messages=0, self_action=none}",0
4,hidden,1,510,"913","initial_calendar",433,0.398611,0.000000,0.000000,0.550000,0.550000,"use_computer",0.000000,0.314872,"O{visible_objects=[phone, computer, desk with study materials, bed, room door, room light, alarm clock, window with curtains], A^O=[idle, use_phone, shop_on_phone, use_computer, study_at_computer, study_focused, study_halfhearted, rest_at_bed, sleep_at_bed, go_to_bathroom, get_meal, turn_light_off, close_curtain], updates=[object.phone=present{known, direct_room_visual}, object.computer=present{known, direct_room_visual}, object.desk=present{known, direct_room_visual}, object.bed=present{known, direct_room_visual}, object.door=present{known, direct_room_visual}, object.light=present{known, direct_room_visual}, object.alarm=present{known, direct_room_visual}, object.window=present{known, direct_room_visual}, room.light=on{known, direct_room_visual}, room.curtain=open{known, direct_room_visual}, room.alarm=silent{known, direct_room_visual}, task.coursework.status=active{known, initial_task_brief}, task.coursework.deadline_at_total_minutes=913{known, initial_calendar}, message.unread_count=0{known, phone_notification_state}, clock.time=Day 1 08:00{known, internal_clock}, clock.total_minutes=480{known, internal_clock}, room.temperature_celsius=23.000000{known, direct_room_thermal}, outside.weather=clear{known, direct_window_visual}], temperature_celsius=23.000000, time=Day 1 08:00, light=on, coursework_effort=unknown, coursework_status=active, unread_messages=0, self_action=none}",0
4,visible,1,510,"913","initial_calendar",433,0.398611,0.000000,0.000000,0.550000,0.550000,"use_computer",0.000000,0.314872,"O{visible_objects=[phone, computer, desk with study materials, bed, room door, room light, alarm clock, window with curtains], A^O=[idle, use_phone, shop_on_phone, use_computer, study_at_computer, study_focused, study_halfhearted, rest_at_bed, sleep_at_bed, go_to_bathroom, get_meal, turn_light_off, close_curtain], updates=[object.phone=present{known, direct_room_visual}, object.computer=present{known, direct_room_visual}, object.desk=present{known, direct_room_visual}, object.bed=present{known, direct_room_visual}, object.door=present{known, direct_room_visual}, object.light=present{known, direct_room_visual}, object.alarm=present{known, direct_room_visual}, object.window=present{known, direct_room_visual}, room.light=on{known, direct_room_visual}, room.curtain=open{known, direct_room_visual}, room.alarm=silent{known, direct_room_visual}, task.coursework.status=active{known, initial_task_brief}, task.coursework.deadline_at_total_minutes=913{known, initial_calendar}, message.unread_count=0{known, phone_notification_state}, clock.time=Day 1 08:00{known, internal_clock}, clock.total_minutes=480{known, internal_clock}, room.temperature_celsius=23.000000{known, direct_room_thermal}, outside.weather=clear{known, direct_window_visual}], temperature_celsius=23.000000, time=Day 1 08:00, light=on, coursework_effort=unknown, coursework_status=active, unread_messages=0, self_action=none}",0
4,control,2,545,"913","internal_calendar",403,0.440278,0.000000,0.050000,0.651000,0.651000,"study_focused",0.000000,0.356297,"O{visible_objects=[phone, computer, desk with study materials, bed, room door, room light, alarm clock, window with curtains], A^O=[idle, use_phone, shop_on_phone, use_computer, study_at_computer, study_focused, study_halfhearted, rest_at_bed, sleep_at_bed, go_to_bathroom, get_meal, turn_light_off, close_curtain], updates=[clock.time=Day 1 08:30{known, internal_clock}, clock.total_minutes=510{known, internal_clock}], temperature_celsius=23.000000, time=Day 1 08:30, light=on, coursework_effort=unknown, coursework_status=active, unread_messages=0, self_action=use_computer{accepted, self_action_feedback}}",0
4,hidden,2,545,"913","initial_calendar",403,0.440278,0.000000,0.050000,0.651000,0.651000,"study_focused",0.000000,0.356297,"O{visible_objects=[phone, computer, desk with study materials, bed, room door, room light, alarm clock, window with curtains], A^O=[idle, use_phone, shop_on_phone, use_computer, study_at_computer, study_focused, study_halfhearted, rest_at_bed, sleep_at_bed, go_to_bathroom, get_meal, turn_light_off, close_curtain], updates=[clock.time=Day 1 08:30{known, internal_clock}, clock.total_minutes=510{known, internal_clock}], temperature_celsius=23.000000, time=Day 1 08:30, light=on, coursework_effort=unknown, coursework_status=active, unread_messages=0, self_action=use_computer{accepted, self_action_feedback}}",0
4,visible,2,545,"690","internal_calendar",180,0.750000,0.150000,0.200000,0.801000,0.801000,"study_focused",0.024060,0.380357,"O{visible_objects=[phone, computer, desk with study materials, bed, room door, room light, alarm clock, window with curtains], A^O=[idle, use_phone, shop_on_phone, use_computer, study_at_computer, study_focused, study_halfhearted, rest_at_bed, sleep_at_bed, go_to_bathroom, get_meal, turn_light_off, close_curtain], updates=[task.coursework.deadline_at_total_minutes=690{known, internal_calendar}, clock.time=Day 1 08:30{known, internal_clock}, clock.total_minutes=510{known, internal_clock}], temperature_celsius=23.000000, time=Day 1 08:30, light=on, coursework_effort=unknown, coursework_status=active, unread_messages=0, self_action=use_computer{accepted, self_action_feedback}}",1
4,control,3,546,"913","internal_calendar",368,0.488889,0.000000,-0.150000,0.537000,0.537000,"turn_light_off",0.000000,0.298438,"O{visible_objects=[phone, computer, desk with study materials, bed, room door, room light, alarm clock, window with curtains], A^O=[idle, use_phone, shop_on_phone, use_computer, study_at_computer, study_focused, study_halfhearted, rest_at_bed, sleep_at_bed, go_to_bathroom, get_meal, turn_light_off, turn_off_alarm, close_curtain], updates=[room.alarm=ringing{known, direct_room_auditory}, clock.time=Day 1 09:05{known, internal_clock}, clock.total_minutes=545{known, internal_clock}], temperature_celsius=23.000000, time=Day 1 09:05, light=on, coursework_effort=unknown, coursework_status=active, unread_messages=0, self_action=study_focused{accepted, self_action_feedback}}",0
4,hidden,3,546,"913","initial_calendar",368,0.488889,0.000000,-0.150000,0.537000,0.537000,"turn_light_off",0.000000,0.298438,"O{visible_objects=[phone, computer, desk with study materials, bed, room door, room light, alarm clock, window with curtains], A^O=[idle, use_phone, shop_on_phone, use_computer, study_at_computer, study_focused, study_halfhearted, rest_at_bed, sleep_at_bed, go_to_bathroom, get_meal, turn_light_off, turn_off_alarm, close_curtain], updates=[room.alarm=ringing{known, direct_room_auditory}, clock.time=Day 1 09:05{known, internal_clock}, clock.total_minutes=545{known, internal_clock}], temperature_celsius=23.000000, time=Day 1 09:05, light=on, coursework_effort=unknown, coursework_status=active, unread_messages=0, self_action=study_focused{accepted, self_action_feedback}}",0
4,visible,3,546,"690","internal_calendar",145,0.798611,0.000000,-0.150000,0.687000,0.687000,"turn_light_off",0.021827,0.320265,"O{visible_objects=[phone, computer, desk with study materials, bed, room door, room light, alarm clock, window with curtains], A^O=[idle, use_phone, shop_on_phone, use_computer, study_at_computer, study_focused, study_halfhearted, rest_at_bed, sleep_at_bed, go_to_bathroom, get_meal, turn_light_off, turn_off_alarm, close_curtain], updates=[room.alarm=ringing{known, direct_room_auditory}, clock.time=Day 1 09:05{known, internal_clock}, clock.total_minutes=545{known, internal_clock}], temperature_celsius=23.000000, time=Day 1 09:05, light=on, coursework_effort=unknown, coursework_status=active, unread_messages=0, self_action=study_focused{accepted, self_action_feedback}}",0
4,control,4,547,"913","internal_calendar",367,0.490278,0.000000,0.000000,0.537000,0.537000,"turn_off_alarm",0.000000,0.000000,"O{visible_objects=[phone, computer, desk with study materials, bed, room door, room light, alarm clock, window with curtains], A^O=[idle, use_phone, shop_on_phone, use_computer, rest_at_bed, sleep_at_bed, go_to_bathroom, get_meal, turn_light_on, turn_off_alarm, close_curtain], updates=[room.light=off{known, direct_room_visual}, clock.time=Day 1 09:06{known, internal_clock}, clock.total_minutes=546{known, internal_clock}], temperature_celsius=23.000000, time=Day 1 09:06, light=off, coursework_effort=unknown, coursework_status=active, unread_messages=0, self_action=turn_light_off{accepted, self_action_feedback}}",0
4,hidden,4,547,"913","initial_calendar",367,0.490278,0.000000,0.000000,0.537000,0.537000,"turn_off_alarm",0.000000,0.000000,"O{visible_objects=[phone, computer, desk with study materials, bed, room door, room light, alarm clock, window with curtains], A^O=[idle, use_phone, shop_on_phone, use_computer, rest_at_bed, sleep_at_bed, go_to_bathroom, get_meal, turn_light_on, turn_off_alarm, close_curtain], updates=[room.light=off{known, direct_room_visual}, clock.time=Day 1 09:06{known, internal_clock}, clock.total_minutes=546{known, internal_clock}], temperature_celsius=23.000000, time=Day 1 09:06, light=off, coursework_effort=unknown, coursework_status=active, unread_messages=0, self_action=turn_light_off{accepted, self_action_feedback}}",0
4,visible,4,547,"690","internal_calendar",144,0.800000,0.000000,0.000000,0.687000,0.687000,"turn_off_alarm",0.007391,0.000000,"O{visible_objects=[phone, computer, desk with study materials, bed, room door, room light, alarm clock, window with curtains], A^O=[idle, use_phone, shop_on_phone, use_computer, rest_at_bed, sleep_at_bed, go_to_bathroom, get_meal, turn_light_on, turn_off_alarm, close_curtain], updates=[room.light=off{known, direct_room_visual}, clock.time=Day 1 09:06{known, internal_clock}, clock.total_minutes=546{known, internal_clock}], temperature_celsius=23.000000, time=Day 1 09:06, light=off, coursework_effort=unknown, coursework_status=active, unread_messages=0, self_action=turn_light_off{accepted, self_action_feedback}}",0
4,control,5,548,"913","internal_calendar",366,0.491667,0.000000,0.000000,0.537000,0.537000,"turn_light_on",0.000000,0.000000,"O{visible_objects=[phone, computer, desk with study materials, bed, room door, room light, alarm clock, window with curtains], A^O=[idle, use_phone, shop_on_phone, use_computer, rest_at_bed, sleep_at_bed, go_to_bathroom, get_meal, turn_light_on, close_curtain], updates=[room.alarm=silent{known, direct_room_visual}, clock.time=Day 1 09:07{known, internal_clock}, clock.total_minutes=547{known, internal_clock}], temperature_celsius=23.000000, time=Day 1 09:07, light=off, coursework_effort=unknown, coursework_status=active, unread_messages=0, self_action=turn_off_alarm{accepted, self_action_feedback}}",0
4,hidden,5,548,"913","initial_calendar",366,0.491667,0.000000,0.000000,0.537000,0.537000,"turn_light_on",0.000000,0.000000,"O{visible_objects=[phone, computer, desk with study materials, bed, room door, room light, alarm clock, window with curtains], A^O=[idle, use_phone, shop_on_phone, use_computer, rest_at_bed, sleep_at_bed, go_to_bathroom, get_meal, turn_light_on, close_curtain], updates=[room.alarm=silent{known, direct_room_visual}, clock.time=Day 1 09:07{known, internal_clock}, clock.total_minutes=547{known, internal_clock}], temperature_celsius=23.000000, time=Day 1 09:07, light=off, coursework_effort=unknown, coursework_status=active, unread_messages=0, self_action=turn_off_alarm{accepted, self_action_feedback}}",0
4,visible,5,548,"690","internal_calendar",143,0.801389,0.000000,0.000000,0.687000,0.687000,"turn_light_on",0.008132,0.000000,"O{visible_objects=[phone, computer, desk with study materials, bed, room door, room light, alarm clock, window with curtains], A^O=[idle, use_phone, shop_on_phone, use_computer, rest_at_bed, sleep_at_bed, go_to_bathroom, get_meal, turn_light_on, close_curtain], updates=[room.alarm=silent{known, direct_room_visual}, clock.time=Day 1 09:07{known, internal_clock}, clock.total_minutes=547{known, internal_clock}], temperature_celsius=23.000000, time=Day 1 09:07, light=off, coursework_effort=unknown, coursework_status=active, unread_messages=0, self_action=turn_off_alarm{accepted, self_action_feedback}}",0
4,control,6,583,"913","internal_calendar",365,0.493056,0.000000,0.000000,0.537000,0.537000,"study_halfhearted",0.000000,0.330373,"O{visible_objects=[phone, computer, desk with study materials, bed, room door, room light, alarm clock, window with curtains], A^O=[idle, use_phone, shop_on_phone, use_computer, study_at_computer, study_focused, study_halfhearted, rest_at_bed, sleep_at_bed, go_to_bathroom, get_meal, turn_light_off, close_curtain], updates=[room.light=on{known, direct_room_visual}, clock.time=Day 1 09:08{known, internal_clock}, clock.total_minutes=548{known, internal_clock}], temperature_celsius=23.000000, time=Day 1 09:08, light=on, coursework_effort=unknown, coursework_status=active, unread_messages=0, self_action=turn_light_on{accepted, self_action_feedback}}",0
4,hidden,6,583,"913","initial_calendar",365,0.493056,0.000000,0.000000,0.537000,0.537000,"study_halfhearted",0.000000,0.330373,"O{visible_objects=[phone, computer, desk with study materials, bed, room door, room light, alarm clock, window with curtains], A^O=[idle, use_phone, shop_on_phone, use_computer, study_at_computer, study_focused, study_halfhearted, rest_at_bed, sleep_at_bed, go_to_bathroom, get_meal, turn_light_off, close_curtain], updates=[room.light=on{known, direct_room_visual}, clock.time=Day 1 09:08{known, internal_clock}, clock.total_minutes=548{known, internal_clock}], temperature_celsius=23.000000, time=Day 1 09:08, light=on, coursework_effort=unknown, coursework_status=active, unread_messages=0, self_action=turn_light_on{accepted, self_action_feedback}}",0
4,visible,6,583,"690","internal_calendar",142,0.802778,0.000000,0.000000,0.687000,0.687000,"study_halfhearted",0.023429,0.353802,"O{visible_objects=[phone, computer, desk with study materials, bed, room door, room light, alarm clock, window with curtains], A^O=[idle, use_phone, shop_on_phone, use_computer, study_at_computer, study_focused, study_halfhearted, rest_at_bed, sleep_at_bed, go_to_bathroom, get_meal, turn_light_off, close_curtain], updates=[room.light=on{known, direct_room_visual}, clock.time=Day 1 09:08{known, internal_clock}, clock.total_minutes=548{known, internal_clock}], temperature_celsius=23.000000, time=Day 1 09:08, light=on, coursework_effort=unknown, coursework_status=active, unread_messages=0, self_action=turn_light_on{accepted, self_action_feedback}}",0
4,control,7,1063,"913","internal_calendar",330,0.541667,0.000000,-0.080000,0.476200,0.476200,"sleep_at_bed",0.000000,0.280605,"O{visible_objects=[phone, computer, desk with study materials, bed, room door, room light, alarm clock, window with curtains], A^O=[idle, use_phone, shop_on_phone, use_computer, study_at_computer, study_focused, study_halfhearted, rest_at_bed, sleep_at_bed, go_to_bathroom, get_meal, turn_light_off, close_curtain], updates=[clock.time=Day 1 09:43{known, internal_clock}, clock.total_minutes=583{known, internal_clock}], temperature_celsius=23.000000, time=Day 1 09:43, light=on, coursework_effort=unknown, coursework_status=active, unread_messages=0, self_action=study_halfhearted{accepted, self_action_feedback}}",0
4,hidden,7,1063,"690","internal_calendar",107,0.851389,0.170278,0.090278,0.678278,0.678278,"sleep_at_bed",0.029353,0.309958,"O{visible_objects=[phone, computer, desk with study materials, bed, room door, room light, alarm clock, window with curtains], A^O=[idle, use_phone, shop_on_phone, use_computer, study_at_computer, study_focused, study_halfhearted, rest_at_bed, sleep_at_bed, go_to_bathroom, get_meal, turn_light_off, close_curtain], updates=[task.coursework.deadline_at_total_minutes=690{known, internal_calendar}, clock.time=Day 1 09:43{known, internal_clock}, clock.total_minutes=583{known, internal_clock}], temperature_celsius=23.000000, time=Day 1 09:43, light=on, coursework_effort=unknown, coursework_status=active, unread_messages=0, self_action=study_halfhearted{accepted, self_action_feedback}}",1
4,visible,7,1063,"690","internal_calendar",107,0.851389,0.000000,-0.080000,0.626200,0.626200,"sleep_at_bed",0.021607,0.302212,"O{visible_objects=[phone, computer, desk with study materials, bed, room door, room light, alarm clock, window with curtains], A^O=[idle, use_phone, shop_on_phone, use_computer, study_at_computer, study_focused, study_halfhearted, rest_at_bed, sleep_at_bed, go_to_bathroom, get_meal, turn_light_off, close_curtain], updates=[clock.time=Day 1 09:43{known, internal_clock}, clock.total_minutes=583{known, internal_clock}], temperature_celsius=23.000000, time=Day 1 09:43, light=on, coursework_effort=unknown, coursework_status=active, unread_messages=0, self_action=study_halfhearted{accepted, self_action_feedback}}",0
4,control,8,1098,"913","internal_calendar",-150,1.000000,0.000000,0.280000,0.807200,0.807200,"study_at_computer",0.000000,0.358748,"O{visible_objects=[phone, computer, desk with study materials, bed, room door, room light, alarm clock, window with curtains], A^O=[idle, use_phone, shop_on_phone, use_computer, study_at_computer, study_focused, study_halfhearted, rest_at_bed, sleep_at_bed, go_to_bathroom, get_meal, turn_light_off, close_curtain], updates=[message.unread_count=1{known, phone_notification_state}, clock.time=Day 1 17:43{known, internal_clock}, clock.total_minutes=1063{known, internal_clock}, calendar.task_due=today{known, calendar_notification}], temperature_celsius=23.000000, time=Day 1 17:43, light=on, coursework_effort=unknown, coursework_status=active, unread_messages=1, self_action=sleep_at_bed{accepted, self_action_feedback}}",0
4,hidden,8,1098,"690","internal_calendar",-373,1.000000,0.000000,0.280000,1.000000,1.000000,"study_at_computer",0.036613,0.395361,"O{visible_objects=[phone, computer, desk with study materials, bed, room door, room light, alarm clock, window with curtains], A^O=[idle, use_phone, shop_on_phone, use_computer, study_at_computer, study_focused, study_halfhearted, rest_at_bed, sleep_at_bed, go_to_bathroom, get_meal, turn_light_off, close_curtain], updates=[message.unread_count=1{known, phone_notification_state}, clock.time=Day 1 17:43{known, internal_clock}, clock.total_minutes=1063{known, internal_clock}, calendar.task_due=today{known, calendar_notification}], temperature_celsius=23.000000, time=Day 1 17:43, light=on, coursework_effort=unknown, coursework_status=active, unread_messages=1, self_action=sleep_at_bed{accepted, self_action_feedback}}",0
4,visible,8,1098,"690","internal_calendar",-373,1.000000,0.000000,0.280000,0.957200,0.957200,"study_at_computer",0.027430,0.386178,"O{visible_objects=[phone, computer, desk with study materials, bed, room door, room light, alarm clock, window with curtains], A^O=[idle, use_phone, shop_on_phone, use_computer, study_at_computer, study_focused, study_halfhearted, rest_at_bed, sleep_at_bed, go_to_bathroom, get_meal, turn_light_off, close_curtain], updates=[message.unread_count=1{known, phone_notification_state}, clock.time=Day 1 17:43{known, internal_clock}, clock.total_minutes=1063{known, internal_clock}, calendar.task_due=today{known, calendar_notification}], temperature_celsius=23.000000, time=Day 1 17:43, light=on, coursework_effort=unknown, coursework_status=active, unread_messages=1, self_action=sleep_at_bed{accepted, self_action_feedback}}",0
4,control,9,1158,"913","internal_calendar",-185,1.000000,0.000000,-0.150000,0.693200,0.693200,"rest_at_bed",0.000000,0.363898,"O{visible_objects=[phone, computer, desk with study materials, bed, room door, room light, alarm clock, window with curtains], A^O=[idle, use_phone, shop_on_phone, use_computer, study_at_computer, study_focused, study_halfhearted, rest_at_bed, sleep_at_bed, go_to_bathroom, get_meal, turn_light_off, close_curtain], updates=[clock.time=Day 1 18:18{known, internal_clock}, clock.total_minutes=1098{known, internal_clock}, room.temperature_celsius=24.000000{known, direct_room_thermal}], temperature_celsius=24.000000, time=Day 1 18:18, light=on, coursework_effort=unknown, coursework_status=active, unread_messages=1, self_action=study_at_computer{accepted, self_action_feedback}}",0
4,hidden,9,1158,"690","internal_calendar",-408,1.000000,0.000000,-0.150000,0.886000,0.886000,"rest_at_bed",0.037072,0.400970,"O{visible_objects=[phone, computer, desk with study materials, bed, room door, room light, alarm clock, window with curtains], A^O=[idle, use_phone, shop_on_phone, use_computer, study_at_computer, study_focused, study_halfhearted, rest_at_bed, sleep_at_bed, go_to_bathroom, get_meal, turn_light_off, close_curtain], updates=[clock.time=Day 1 18:18{known, internal_clock}, clock.total_minutes=1098{known, internal_clock}, room.temperature_celsius=24.000000{known, direct_room_thermal}], temperature_celsius=24.000000, time=Day 1 18:18, light=on, coursework_effort=unknown, coursework_status=active, unread_messages=1, self_action=study_at_computer{accepted, self_action_feedback}}",0
4,visible,9,1158,"690","internal_calendar",-408,1.000000,0.000000,-0.150000,0.843200,0.843200,"rest_at_bed",0.027784,0.391683,"O{visible_objects=[phone, computer, desk with study materials, bed, room door, room light, alarm clock, window with curtains], A^O=[idle, use_phone, shop_on_phone, use_computer, study_at_computer, study_focused, study_halfhearted, rest_at_bed, sleep_at_bed, go_to_bathroom, get_meal, turn_light_off, close_curtain], updates=[clock.time=Day 1 18:18{known, internal_clock}, clock.total_minutes=1098{known, internal_clock}, room.temperature_celsius=24.000000{known, direct_room_thermal}], temperature_celsius=24.000000, time=Day 1 18:18, light=on, coursework_effort=unknown, coursework_status=active, unread_messages=1, self_action=study_at_computer{accepted, self_action_feedback}}",0
4,control,10,1193,"913","internal_calendar",-245,1.000000,0.000000,0.030000,0.774200,0.774200,"study_focused",0.000000,0.382606,"O{visible_objects=[phone, computer, desk with study materials, bed, room door, room light, alarm clock, window with curtains], A^O=[idle, use_phone, shop_on_phone, use_computer, study_at_computer, study_focused, study_halfhearted, rest_at_bed, sleep_at_bed, go_to_bathroom, get_meal, turn_light_off, close_curtain], updates=[clock.time=Day 1 19:18{known, internal_clock}, clock.total_minutes=1158{known, internal_clock}], temperature_celsius=24.000000, time=Day 1 19:18, light=on, coursework_effort=unknown, coursework_status=active, unread_messages=1, self_action=rest_at_bed{accepted, self_action_feedback}}",0
4,hidden,10,1193,"690","internal_calendar",-468,1.000000,0.000000,0.030000,0.967000,0.967000,"study_focused",0.038109,0.420715,"O{visible_objects=[phone, computer, desk with study materials, bed, room door, room light, alarm clock, window with curtains], A^O=[idle, use_phone, shop_on_phone, use_computer, study_at_computer, study_focused, study_halfhearted, rest_at_bed, sleep_at_bed, go_to_bathroom, get_meal, turn_light_off, close_curtain], updates=[clock.time=Day 1 19:18{known, internal_clock}, clock.total_minutes=1158{known, internal_clock}], temperature_celsius=24.000000, time=Day 1 19:18, light=on, coursework_effort=unknown, coursework_status=active, unread_messages=1, self_action=rest_at_bed{accepted, self_action_feedback}}",0
4,visible,10,1193,"690","internal_calendar",-468,1.000000,0.000000,0.030000,0.924200,0.924200,"study_focused",0.028655,0.411261,"O{visible_objects=[phone, computer, desk with study materials, bed, room door, room light, alarm clock, window with curtains], A^O=[idle, use_phone, shop_on_phone, use_computer, study_at_computer, study_focused, study_halfhearted, rest_at_bed, sleep_at_bed, go_to_bathroom, get_meal, turn_light_off, close_curtain], updates=[clock.time=Day 1 19:18{known, internal_clock}, clock.total_minutes=1158{known, internal_clock}], temperature_celsius=24.000000, time=Day 1 19:18, light=on, coursework_effort=unknown, coursework_status=active, unread_messages=1, self_action=rest_at_bed{accepted, self_action_feedback}}",0
4,control,11,1228,"913","internal_calendar",-280,1.000000,0.000000,-0.150000,0.660200,0.660200,"study_at_computer",0.000000,0.359816,"O{visible_objects=[phone, computer, desk with study materials, bed, room door, room light, alarm clock, window with curtains], A^O=[idle, use_phone, shop_on_phone, use_computer, study_at_computer, study_focused, study_halfhearted, rest_at_bed, sleep_at_bed, go_to_bathroom, get_meal, turn_light_off, close_curtain], updates=[clock.time=Day 1 19:53{known, internal_clock}, clock.total_minutes=1193{known, internal_clock}], temperature_celsius=24.000000, time=Day 1 19:53, light=on, coursework_effort=unknown, coursework_status=active, unread_messages=1, self_action=study_focused{accepted, self_action_feedback}}",0
4,hidden,11,1228,"690","internal_calendar",-503,1.000000,0.000000,-0.150000,0.853000,0.853000,"study_at_computer",0.038041,0.397857,"O{visible_objects=[phone, computer, desk with study materials, bed, room door, room light, alarm clock, window with curtains], A^O=[idle, use_phone, shop_on_phone, use_computer, study_at_computer, study_focused, study_halfhearted, rest_at_bed, sleep_at_bed, go_to_bathroom, get_meal, turn_light_off, close_curtain], updates=[clock.time=Day 1 19:53{known, internal_clock}, clock.total_minutes=1193{known, internal_clock}], temperature_celsius=24.000000, time=Day 1 19:53, light=on, coursework_effort=unknown, coursework_status=active, unread_messages=1, self_action=study_focused{accepted, self_action_feedback}}",0
4,visible,11,1228,"690","internal_calendar",-503,1.000000,0.000000,-0.150000,0.810200,0.810200,"study_at_computer",0.028540,0.388356,"O{visible_objects=[phone, computer, desk with study materials, bed, room door, room light, alarm clock, window with curtains], A^O=[idle, use_phone, shop_on_phone, use_computer, study_at_computer, study_focused, study_halfhearted, rest_at_bed, sleep_at_bed, go_to_bathroom, get_meal, turn_light_off, close_curtain], updates=[clock.time=Day 1 19:53{known, internal_clock}, clock.total_minutes=1193{known, internal_clock}], temperature_celsius=24.000000, time=Day 1 19:53, light=on, coursework_effort=unknown, coursework_status=active, unread_messages=1, self_action=study_focused{accepted, self_action_feedback}}",0
4,control,12,1263,"913","internal_calendar",-315,1.000000,0.000000,-0.150000,0.546200,0.546200,"study_halfhearted",0.000000,0.333431,"O{visible_objects=[phone, computer, desk with study materials, bed, room door, room light, alarm clock, window with curtains], A^O=[idle, use_phone, shop_on_phone, use_computer, study_at_computer, study_focused, study_halfhearted, rest_at_bed, sleep_at_bed, go_to_bathroom, get_meal, turn_light_off, close_curtain], updates=[clock.time=Day 1 20:28{known, internal_clock}, clock.total_minutes=1228{known, internal_clock}], temperature_celsius=24.000000, time=Day 1 20:28, light=on, coursework_effort=unknown, coursework_status=active, unread_messages=1, self_action=study_at_computer{accepted, self_action_feedback}}",0
4,hidden,12,1263,"690","internal_calendar",-538,1.000000,0.000000,-0.150000,0.739000,0.739000,"study_halfhearted",0.037099,0.370530,"O{visible_objects=[phone, computer, desk with study materials, bed, room door, room light, alarm clock, window with curtains], A^O=[idle, use_phone, shop_on_phone, use_computer, study_at_computer, study_focused, study_halfhearted, rest_at_bed, sleep_at_bed, go_to_bathroom, get_meal, turn_light_off, close_curtain], updates=[clock.time=Day 1 20:28{known, internal_clock}, clock.total_minutes=1228{known, internal_clock}], temperature_celsius=24.000000, time=Day 1 20:28, light=on, coursework_effort=unknown, coursework_status=active, unread_messages=1, self_action=study_at_computer{accepted, self_action_feedback}}",0
4,visible,12,1263,"690","internal_calendar",-538,1.000000,0.000000,-0.150000,0.696200,0.696200,"study_halfhearted",0.027807,0.361239,"O{visible_objects=[phone, computer, desk with study materials, bed, room door, room light, alarm clock, window with curtains], A^O=[idle, use_phone, shop_on_phone, use_computer, study_at_computer, study_focused, study_halfhearted, rest_at_bed, sleep_at_bed, go_to_bathroom, get_meal, turn_light_off, close_curtain], updates=[clock.time=Day 1 20:28{known, internal_clock}, clock.total_minutes=1228{known, internal_clock}], temperature_celsius=24.000000, time=Day 1 20:28, light=on, coursework_effort=unknown, coursework_status=active, unread_messages=1, self_action=study_at_computer{accepted, self_action_feedback}}",0
5,control,1,505,"909","initial_calendar",429,0.404167,0.000000,0.000000,0.550000,0.550000,"use_phone",0.000000,0.314872,"O{visible_objects=[phone, computer, desk with study materials, bed, room door, room light, alarm clock, window with curtains], A^O=[idle, use_phone, shop_on_phone, use_computer, study_at_computer, study_focused, study_halfhearted, rest_at_bed, sleep_at_bed, go_to_bathroom, get_meal, turn_light_off, close_curtain], updates=[object.phone=present{known, direct_room_visual}, object.computer=present{known, direct_room_visual}, object.desk=present{known, direct_room_visual}, object.bed=present{known, direct_room_visual}, object.door=present{known, direct_room_visual}, object.light=present{known, direct_room_visual}, object.alarm=present{known, direct_room_visual}, object.window=present{known, direct_room_visual}, room.light=on{known, direct_room_visual}, room.curtain=open{known, direct_room_visual}, room.alarm=silent{known, direct_room_visual}, task.coursework.status=active{known, initial_task_brief}, task.coursework.deadline_at_total_minutes=909{known, initial_calendar}, message.unread_count=0{known, phone_notification_state}, clock.time=Day 1 08:00{known, internal_clock}, clock.total_minutes=480{known, internal_clock}, room.temperature_celsius=23.000000{known, direct_room_thermal}, outside.weather=clear{known, direct_window_visual}], temperature_celsius=23.000000, time=Day 1 08:00, light=on, coursework_effort=unknown, coursework_status=active, unread_messages=0, self_action=none}",0
5,hidden,1,505,"909","initial_calendar",429,0.404167,0.000000,0.000000,0.550000,0.550000,"use_phone",0.000000,0.314872,"O{visible_objects=[phone, computer, desk with study materials, bed, room door, room light, alarm clock, window with curtains], A^O=[idle, use_phone, shop_on_phone, use_computer, study_at_computer, study_focused, study_halfhearted, rest_at_bed, sleep_at_bed, go_to_bathroom, get_meal, turn_light_off, close_curtain], updates=[object.phone=present{known, direct_room_visual}, object.computer=present{known, direct_room_visual}, object.desk=present{known, direct_room_visual}, object.bed=present{known, direct_room_visual}, object.door=present{known, direct_room_visual}, object.light=present{known, direct_room_visual}, object.alarm=present{known, direct_room_visual}, object.window=present{known, direct_room_visual}, room.light=on{known, direct_room_visual}, room.curtain=open{known, direct_room_visual}, room.alarm=silent{known, direct_room_visual}, task.coursework.status=active{known, initial_task_brief}, task.coursework.deadline_at_total_minutes=909{known, initial_calendar}, message.unread_count=0{known, phone_notification_state}, clock.time=Day 1 08:00{known, internal_clock}, clock.total_minutes=480{known, internal_clock}, room.temperature_celsius=23.000000{known, direct_room_thermal}, outside.weather=clear{known, direct_window_visual}], temperature_celsius=23.000000, time=Day 1 08:00, light=on, coursework_effort=unknown, coursework_status=active, unread_messages=0, self_action=none}",0
5,visible,1,505,"909","initial_calendar",429,0.404167,0.000000,0.000000,0.550000,0.550000,"use_phone",0.000000,0.314872,"O{visible_objects=[phone, computer, desk with study materials, bed, room door, room light, alarm clock, window with curtains], A^O=[idle, use_phone, shop_on_phone, use_computer, study_at_computer, study_focused, study_halfhearted, rest_at_bed, sleep_at_bed, go_to_bathroom, get_meal, turn_light_off, close_curtain], updates=[object.phone=present{known, direct_room_visual}, object.computer=present{known, direct_room_visual}, object.desk=present{known, direct_room_visual}, object.bed=present{known, direct_room_visual}, object.door=present{known, direct_room_visual}, object.light=present{known, direct_room_visual}, object.alarm=present{known, direct_room_visual}, object.window=present{known, direct_room_visual}, room.light=on{known, direct_room_visual}, room.curtain=open{known, direct_room_visual}, room.alarm=silent{known, direct_room_visual}, task.coursework.status=active{known, initial_task_brief}, task.coursework.deadline_at_total_minutes=909{known, initial_calendar}, message.unread_count=0{known, phone_notification_state}, clock.time=Day 1 08:00{known, internal_clock}, clock.total_minutes=480{known, internal_clock}, room.temperature_celsius=23.000000{known, direct_room_thermal}, outside.weather=clear{known, direct_window_visual}], temperature_celsius=23.000000, time=Day 1 08:00, light=on, coursework_effort=unknown, coursework_status=active, unread_messages=0, self_action=none}",0
5,control,2,525,"909","internal_calendar",404,0.438889,0.000000,0.070000,0.671000,0.671000,"shop_on_phone",0.000000,0.297089,"O{visible_objects=[phone, computer, desk with study materials, bed, room door, room light, alarm clock, window with curtains], A^O=[idle, use_phone, shop_on_phone, use_computer, study_at_computer, study_focused, study_halfhearted, rest_at_bed, sleep_at_bed, go_to_bathroom, get_meal, turn_light_off, turn_off_alarm, close_curtain], updates=[room.alarm=ringing{known, direct_room_auditory}, clock.time=Day 1 08:25{known, internal_clock}, clock.total_minutes=505{known, internal_clock}], temperature_celsius=23.000000, time=Day 1 08:25, light=on, coursework_effort=unknown, coursework_status=active, unread_messages=0, self_action=use_phone{accepted, self_action_feedback}}",0
5,hidden,2,525,"909","initial_calendar",404,0.438889,0.000000,0.070000,0.671000,0.671000,"shop_on_phone",0.000000,0.297089,"O{visible_objects=[phone, computer, desk with study materials, bed, room door, room light, alarm clock, window with curtains], A^O=[idle, use_phone, shop_on_phone, use_computer, study_at_computer, study_focused, study_halfhearted, rest_at_bed, sleep_at_bed, go_to_bathroom, get_meal, turn_light_off, turn_off_alarm, close_curtain], updates=[room.alarm=ringing{known, direct_room_auditory}, clock.time=Day 1 08:25{known, internal_clock}, clock.total_minutes=505{known, internal_clock}], temperature_celsius=23.000000, time=Day 1 08:25, light=on, coursework_effort=unknown, coursework_status=active, unread_messages=0, self_action=use_phone{accepted, self_action_feedback}}",0
5,visible,2,525,"685","internal_calendar",180,0.750000,0.150000,0.220000,0.821000,0.821000,"shop_on_phone",0.021727,0.318816,"O{visible_objects=[phone, computer, desk with study materials, bed, room door, room light, alarm clock, window with curtains], A^O=[idle, use_phone, shop_on_phone, use_computer, study_at_computer, study_focused, study_halfhearted, rest_at_bed, sleep_at_bed, go_to_bathroom, get_meal, turn_light_off, turn_off_alarm, close_curtain], updates=[room.alarm=ringing{known, direct_room_auditory}, task.coursework.deadline_at_total_minutes=685{known, internal_calendar}, clock.time=Day 1 08:25{known, internal_clock}, clock.total_minutes=505{known, internal_clock}], temperature_celsius=23.000000, time=Day 1 08:25, light=on, coursework_effort=unknown, coursework_status=active, unread_messages=0, self_action=use_phone{accepted, self_action_feedback}}",1
5,control,3,560,"909","internal_calendar",384,0.466667,0.000000,0.030000,0.752000,0.752000,"study_halfhearted",0.000000,0.335458,"O{visible_objects=[phone, computer, desk with study materials, bed, room door, room light, alarm clock, window with curtains], A^O=[idle, use_phone, shop_on_phone, use_computer, study_at_computer, study_focused, study_halfhearted, rest_at_bed, sleep_at_bed, go_to_bathroom, get_meal, turn_light_off, turn_off_alarm, close_curtain], updates=[clock.time=Day 1 08:45{known, internal_clock}, clock.total_minutes=525{known, internal_clock}], temperature_celsius=23.000000, time=Day 1 08:45, light=on, coursework_effort=unknown, coursework_status=active, unread_messages=0, self_action=shop_on_phone{accepted, self_action_feedback}}",0
5,hidden,3,560,"909","initial_calendar",384,0.466667,0.000000,0.030000,0.752000,0.752000,"study_halfhearted",0.000000,0.335458,"O{visible_objects=[phone, computer, desk with study materials, bed, room door, room light, alarm clock, window with curtains], A^O=[idle, use_phone, shop_on_phone, use_computer, study_at_computer, study_focused, study_halfhearted, rest_at_bed, sleep_at_bed, go_to_bathroom, get_meal, turn_light_off, turn_off_alarm, close_curtain], updates=[clock.time=Day 1 08:45{known, internal_clock}, clock.total_minutes=525{known, internal_clock}], temperature_celsius=23.000000, time=Day 1 08:45, light=on, coursework_effort=unknown, coursework_status=active, unread_messages=0, self_action=shop_on_phone{accepted, self_action_feedback}}",0
5,visible,3,560,"685","internal_calendar",160,0.777778,0.000000,0.030000,0.902000,0.902000,"study_halfhearted",0.023345,0.358803,"O{visible_objects=[phone, computer, desk with study materials, bed, room door, room light, alarm clock, window with curtains], A^O=[idle, use_phone, shop_on_phone, use_computer, study_at_computer, study_focused, study_halfhearted, rest_at_bed, sleep_at_bed, go_to_bathroom, get_meal, turn_light_off, turn_off_alarm, close_curtain], updates=[clock.time=Day 1 08:45{known, internal_clock}, clock.total_minutes=525{known, internal_clock}], temperature_celsius=23.000000, time=Day 1 08:45, light=on, coursework_effort=unknown, coursework_status=active, unread_messages=0, self_action=shop_on_phone{accepted, self_action_feedback}}",0
5,control,4,595,"909","internal_calendar",349,0.515278,0.000000,-0.080000,0.691200,0.691200,"study_at_computer",0.000000,0.324185,"O{visible_objects=[phone, computer, desk with study materials, bed, room door, room light, alarm clock, window with curtains], A^O=[idle, use_phone, shop_on_phone, use_computer, study_at_computer, study_focused, study_halfhearted, rest_at_bed, sleep_at_bed, go_to_bathroom, get_meal, turn_light_off, turn_off_alarm, close_curtain], updates=[clock.time=Day 1 09:20{known, internal_clock}, clock.total_minutes=560{known, internal_clock}], temperature_celsius=23.000000, time=Day 1 09:20, light=on, coursework_effort=unknown, coursework_status=active, unread_messages=0, self_action=study_halfhearted{accepted, self_action_feedback}}",0
5,hidden,4,595,"909","initial_calendar",349,0.515278,0.000000,-0.080000,0.691200,0.691200,"study_at_computer",0.000000,0.324185,"O{visible_objects=[phone, computer, desk with study materials, bed, room door, room light, alarm clock, window with curtains], A^O=[idle, use_phone, shop_on_phone, use_computer, study_at_computer, study_focused, study_halfhearted, rest_at_bed, sleep_at_bed, go_to_bathroom, get_meal, turn_light_off, turn_off_alarm, close_curtain], updates=[clock.time=Day 1 09:20{known, internal_clock}, clock.total_minutes=560{known, internal_clock}], temperature_celsius=23.000000, time=Day 1 09:20, light=on, coursework_effort=unknown, coursework_status=active, unread_messages=0, self_action=study_halfhearted{accepted, self_action_feedback}}",0
5,visible,4,595,"685","internal_calendar",125,0.826389,0.000000,-0.080000,0.841200,0.841200,"study_at_computer",0.023137,0.347322,"O{visible_objects=[phone, computer, desk with study materials, bed, room door, room light, alarm clock, window with curtains], A^O=[idle, use_phone, shop_on_phone, use_computer, study_at_computer, study_focused, study_halfhearted, rest_at_bed, sleep_at_bed, go_to_bathroom, get_meal, turn_light_off, turn_off_alarm, close_curtain], updates=[clock.time=Day 1 09:20{known, internal_clock}, clock.total_minutes=560{known, internal_clock}], temperature_celsius=23.000000, time=Day 1 09:20, light=on, coursework_effort=unknown, coursework_status=active, unread_messages=0, self_action=study_halfhearted{accepted, self_action_feedback}}",0
5,control,5,596,"909","internal_calendar",314,0.563889,0.000000,-0.150000,0.577200,0.577200,"turn_off_alarm",0.000000,0.269024,"O{visible_objects=[phone, computer, desk with study materials, bed, room door, room light, alarm clock, window with curtains], A^O=[idle, use_phone, shop_on_phone, use_computer, study_at_computer, study_focused, study_halfhearted, rest_at_bed, sleep_at_bed, go_to_bathroom, get_meal, turn_light_off, turn_off_alarm, close_curtain], updates=[clock.time=Day 1 09:55{known, internal_clock}, clock.total_minutes=595{known, internal_clock}], temperature_celsius=23.000000, time=Day 1 09:55, light=on, coursework_effort=unknown, coursework_status=active, unread_messages=0, self_action=study_at_computer{accepted, self_action_feedback}}",0
5,hidden,5,596,"685","internal_calendar",90,0.875000,0.175000,0.025000,0.767200,0.767200,"turn_off_alarm",0.026789,0.295813,"O{visible_objects=[phone, computer, desk with study materials, bed, room door, room light, alarm clock, window with curtains], A^O=[idle, use_phone, shop_on_phone, use_computer, study_at_computer, study_focused, study_halfhearted, rest_at_bed, sleep_at_bed, go_to_bathroom, get_meal, turn_light_off, turn_off_alarm, close_curtain], updates=[task.coursework.deadline_at_total_minutes=685{known, internal_calendar}, clock.time=Day 1 09:55{known, internal_clock}, clock.total_minutes=595{known, internal_clock}], temperature_celsius=23.000000, time=Day 1 09:55, light=on, coursework_effort=unknown, coursework_status=active, unread_messages=0, self_action=study_at_computer{accepted, self_action_feedback}}",1
5,visible,5,596,"685","internal_calendar",90,0.875000,0.000000,-0.150000,0.727200,0.727200,"turn_off_alarm",0.021028,0.290052,"O{visible_objects=[phone, computer, desk with study materials, bed, room door, room light, alarm clock, window with curtains], A^O=[idle, use_phone, shop_on_phone, use_computer, study_at_computer, study_focused, study_halfhearted, rest_at_bed, sleep_at_bed, go_to_bathroom, get_meal, turn_light_off, turn_off_alarm, close_curtain], updates=[clock.time=Day 1 09:55{known, internal_clock}, clock.total_minutes=595{known, internal_clock}], temperature_celsius=23.000000, time=Day 1 09:55, light=on, coursework_effort=unknown, coursework_status=active, unread_messages=0, self_action=study_at_computer{accepted, self_action_feedback}}",0
5,control,6,597,"909","internal_calendar",313,0.565278,0.000000,0.000000,0.577200,0.577200,"turn_light_off",0.000000,0.294195,"O{visible_objects=[phone, computer, desk with study materials, bed, room door, room light, alarm clock, window with curtains], A^O=[idle, use_phone, shop_on_phone, use_computer, study_at_computer, study_focused, study_halfhearted, rest_at_bed, sleep_at_bed, go_to_bathroom, get_meal, turn_light_off, close_curtain], updates=[room.alarm=silent{known, direct_room_visual}, clock.time=Day 1 09:56{known, internal_clock}, clock.total_minutes=596{known, internal_clock}], temperature_celsius=23.000000, time=Day 1 09:56, light=on, coursework_effort=unknown, coursework_status=active, unread_messages=0, self_action=turn_off_alarm{accepted, self_action_feedback}}",0
5,hidden,6,597,"685","internal_calendar",89,0.876389,0.000000,0.000000,0.767200,0.767200,"turn_light_off",0.028732,0.322927,"O{visible_objects=[phone, computer, desk with study materials, bed, room door, room light, alarm clock, window with curtains], A^O=[idle, use_phone, shop_on_phone, use_computer, study_at_computer, study_focused, study_halfhearted, rest_at_bed, sleep_at_bed, go_to_bathroom, get_meal, turn_light_off, close_curtain], updates=[room.alarm=silent{known, direct_room_visual}, clock.time=Day 1 09:56{known, internal_clock}, clock.total_minutes=596{known, internal_clock}], temperature_celsius=23.000000, time=Day 1 09:56, light=on, coursework_effort=unknown, coursework_status=active, unread_messages=0, self_action=turn_off_alarm{accepted, self_action_feedback}}",0
5,visible,6,597,"685","internal_calendar",89,0.876389,0.000000,0.000000,0.727200,0.727200,"turn_light_off",0.022572,0.316767,"O{visible_objects=[phone, computer, desk with study materials, bed, room door, room light, alarm clock, window with curtains], A^O=[idle, use_phone, shop_on_phone, use_computer, study_at_computer, study_focused, study_halfhearted, rest_at_bed, sleep_at_bed, go_to_bathroom, get_meal, turn_light_off, close_curtain], updates=[room.alarm=silent{known, direct_room_visual}, clock.time=Day 1 09:56{known, internal_clock}, clock.total_minutes=596{known, internal_clock}], temperature_celsius=23.000000, time=Day 1 09:56, light=on, coursework_effort=unknown, coursework_status=active, unread_messages=0, self_action=turn_off_alarm{accepted, self_action_feedback}}",0
5,control,7,657,"909","internal_calendar",312,0.566667,0.000000,0.000000,0.577200,0.577200,"rest_at_bed",0.000000,0.000000,"O{visible_objects=[phone, computer, desk with study materials, bed, room door, room light, alarm clock, window with curtains], A^O=[idle, use_phone, shop_on_phone, use_computer, rest_at_bed, sleep_at_bed, go_to_bathroom, get_meal, turn_light_on, close_curtain], updates=[room.light=off{known, direct_room_visual}, clock.time=Day 1 09:57{known, internal_clock}, clock.total_minutes=597{known, internal_clock}], temperature_celsius=23.000000, time=Day 1 09:57, light=off, coursework_effort=unknown, coursework_status=active, unread_messages=0, self_action=turn_light_off{accepted, self_action_feedback}}",0
5,hidden,7,657,"685","internal_calendar",88,0.877778,0.000000,0.000000,0.767200,0.767200,"rest_at_bed",0.009205,0.000000,"O{visible_objects=[phone, computer, desk with study materials, bed, room door, room light, alarm clock, window with curtains], A^O=[idle, use_phone, shop_on_phone, use_computer, rest_at_bed, sleep_at_bed, go_to_bathroom, get_meal, turn_light_on, close_curtain], updates=[room.light=off{known, direct_room_visual}, clock.time=Day 1 09:57{known, internal_clock}, clock.total_minutes=597{known, internal_clock}], temperature_celsius=23.000000, time=Day 1 09:57, light=off, coursework_effort=unknown, coursework_status=active, unread_messages=0, self_action=turn_light_off{accepted, self_action_feedback}}",0
5,visible,7,657,"685","internal_calendar",88,0.877778,0.000000,0.000000,0.727200,0.727200,"rest_at_bed",0.007226,0.000000,"O{visible_objects=[phone, computer, desk with study materials, bed, room door, room light, alarm clock, window with curtains], A^O=[idle, use_phone, shop_on_phone, use_computer, rest_at_bed, sleep_at_bed, go_to_bathroom, get_meal, turn_light_on, close_curtain], updates=[room.light=off{known, direct_room_visual}, clock.time=Day 1 09:57{known, internal_clock}, clock.total_minutes=597{known, internal_clock}], temperature_celsius=23.000000, time=Day 1 09:57, light=off, coursework_effort=unknown, coursework_status=active, unread_messages=0, self_action=turn_light_off{accepted, self_action_feedback}}",0
5,control,8,667,"909","internal_calendar",252,0.650000,0.000000,0.030000,0.658200,0.658200,"idle",0.000000,0.000000,"O{visible_objects=[phone, computer, desk with study materials, bed, room door, room light, alarm clock, window with curtains], A^O=[idle, use_phone, shop_on_phone, use_computer, rest_at_bed, sleep_at_bed, go_to_bathroom, get_meal, turn_light_on, close_curtain], updates=[clock.time=Day 1 10:57{known, internal_clock}, clock.total_minutes=657{known, internal_clock}], temperature_celsius=23.000000, time=Day 1 10:57, light=off, coursework_effort=unknown, coursework_status=active, unread_messages=0, self_action=rest_at_bed{accepted, self_action_feedback}}",0
5,hidden,8,667,"685","internal_calendar",28,0.961111,0.000000,0.030000,0.848200,0.848200,"idle",0.011151,0.000000,"O{visible_objects=[phone, computer, desk with study materials, bed, room door, room light, alarm clock, window with curtains], A^O=[idle, use_phone, shop_on_phone, use_computer, rest_at_bed, sleep_at_bed, go_to_bathroom, get_meal, turn_light_on, close_curtain], updates=[clock.time=Day 1 10:57{known, internal_clock}, clock.total_minutes=657{known, internal_clock}], temperature_celsius=23.000000, time=Day 1 10:57, light=off, coursework_effort=unknown, coursework_status=active, unread_messages=0, self_action=rest_at_bed{accepted, self_action_feedback}}",0
5,visible,8,667,"685","internal_calendar",28,0.961111,0.000000,0.030000,0.808200,0.808200,"idle",0.008755,0.000000,"O{visible_objects=[phone, computer, desk with study materials, bed, room door, room light, alarm clock, window with curtains], A^O=[idle, use_phone, shop_on_phone, use_computer, rest_at_bed, sleep_at_bed, go_to_bathroom, get_meal, turn_light_on, close_curtain], updates=[clock.time=Day 1 10:57{known, internal_clock}, clock.total_minutes=657{known, internal_clock}], temperature_celsius=23.000000, time=Day 1 10:57, light=off, coursework_effort=unknown, coursework_status=active, unread_messages=0, self_action=rest_at_bed{accepted, self_action_feedback}}",0
5,control,9,682,"909","internal_calendar",242,0.663889,0.000000,0.080000,0.789200,0.789200,"go_to_bathroom",0.000000,0.000000,"O{visible_objects=[phone, computer, desk with study materials, bed, room door, room light, alarm clock, window with curtains], A^O=[idle, use_phone, shop_on_phone, use_computer, rest_at_bed, sleep_at_bed, go_to_bathroom, get_meal, turn_light_on, close_curtain], updates=[clock.time=Day 1 11:07{known, internal_clock}, clock.total_minutes=667{known, internal_clock}], temperature_celsius=23.000000, time=Day 1 11:07, light=off, coursework_effort=unknown, coursework_status=active, unread_messages=0, self_action=idle{accepted, self_action_feedback}}",0
5,hidden,9,682,"685","internal_calendar",18,0.975000,0.000000,0.080000,0.979200,0.979200,"go_to_bathroom",0.011426,0.000000,"O{visible_objects=[phone, computer, desk with study materials, bed, room door, room light, alarm clock, window with curtains], A^O=[idle, use_phone, shop_on_phone, use_computer, rest_at_bed, sleep_at_bed, go_to_bathroom, get_meal, turn_light_on, close_curtain], updates=[clock.time=Day 1 11:07{known, internal_clock}, clock.total_minutes=667{known, internal_clock}], temperature_celsius=23.000000, time=Day 1 11:07, light=off, coursework_effort=unknown, coursework_status=active, unread_messages=0, self_action=idle{accepted, self_action_feedback}}",0
5,visible,9,682,"685","internal_calendar",18,0.975000,0.000000,0.080000,0.939200,0.939200,"go_to_bathroom",0.008972,0.000000,"O{visible_objects=[phone, computer, desk with study materials, bed, room door, room light, alarm clock, window with curtains], A^O=[idle, use_phone, shop_on_phone, use_computer, rest_at_bed, sleep_at_bed, go_to_bathroom, get_meal, turn_light_on, close_curtain], updates=[clock.time=Day 1 11:07{known, internal_clock}, clock.total_minutes=667{known, internal_clock}], temperature_celsius=23.000000, time=Day 1 11:07, light=off, coursework_effort=unknown, coursework_status=active, unread_messages=0, self_action=idle{accepted, self_action_feedback}}",0
5,control,10,683,"909","internal_calendar",227,0.684722,0.000000,0.000000,0.789200,0.789200,"turn_light_on",0.000000,0.000000,"O{visible_objects=[phone, computer, desk with study materials, bed, room door, room light, alarm clock, window with curtains], A^O=[idle, use_phone, shop_on_phone, use_computer, rest_at_bed, sleep_at_bed, go_to_bathroom, get_meal, turn_light_on, close_curtain], updates=[clock.time=Day 1 11:22{known, internal_clock}, clock.total_minutes=682{known, internal_clock}], temperature_celsius=23.000000, time=Day 1 11:22, light=off, coursework_effort=unknown, coursework_status=active, unread_messages=0, self_action=go_to_bathroom{accepted, self_action_feedback}}",0
5,hidden,10,683,"685","internal_calendar",3,0.995833,0.000000,0.000000,0.979200,0.979200,"turn_light_on",0.012870,0.000000,"O{visible_objects=[phone, computer, desk with study materials, bed, room door, room light, alarm clock, window with curtains], A^O=[idle, use_phone, shop_on_phone, use_computer, rest_at_bed, sleep_at_bed, go_to_bathroom, get_meal, turn_light_on, close_curtain], updates=[clock.time=Day 1 11:22{known, internal_clock}, clock.total_minutes=682{known, internal_clock}], temperature_celsius=23.000000, time=Day 1 11:22, light=off, coursework_effort=unknown, coursework_status=active, unread_messages=0, self_action=go_to_bathroom{accepted, self_action_feedback}}",0
5,visible,10,683,"685","internal_calendar",3,0.995833,0.000000,0.000000,0.939200,0.939200,"turn_light_on",0.010109,0.000000,"O{visible_objects=[phone, computer, desk with study materials, bed, room door, room light, alarm clock, window with curtains], A^O=[idle, use_phone, shop_on_phone, use_computer, rest_at_bed, sleep_at_bed, go_to_bathroom, get_meal, turn_light_on, close_curtain], updates=[clock.time=Day 1 11:22{known, internal_clock}, clock.total_minutes=682{known, internal_clock}], temperature_celsius=23.000000, time=Day 1 11:22, light=off, coursework_effort=unknown, coursework_status=active, unread_messages=0, self_action=go_to_bathroom{accepted, self_action_feedback}}",0
5,control,11,718,"909","internal_calendar",226,0.686111,0.000000,0.000000,0.789200,0.789200,"study_halfhearted",0.000000,0.448460,"O{visible_objects=[phone, computer, desk with study materials, bed, room door, room light, alarm clock, window with curtains], A^O=[idle, use_phone, shop_on_phone, use_computer, study_at_computer, study_focused, study_halfhearted, rest_at_bed, sleep_at_bed, go_to_bathroom, get_meal, turn_light_off, close_curtain], updates=[room.light=on{known, direct_room_visual}, clock.time=Day 1 11:23{known, internal_clock}, clock.total_minutes=683{known, internal_clock}], temperature_celsius=23.000000, time=Day 1 11:23, light=on, coursework_effort=unknown, coursework_status=active, unread_messages=0, self_action=turn_light_on{accepted, self_action_feedback}}",0
5,hidden,11,718,"685","internal_calendar",2,0.997222,0.000000,0.000000,0.979200,0.979200,"study_halfhearted",0.034821,0.483282,"O{visible_objects=[phone, computer, desk with study materials, bed, room door, room light, alarm clock, window with curtains], A^O=[idle, use_phone, shop_on_phone, use_computer, study_at_computer, study_focused, study_halfhearted, rest_at_bed, sleep_at_bed, go_to_bathroom, get_meal, turn_light_off, close_curtain], updates=[room.light=on{known, direct_room_visual}, clock.time=Day 1 11:23{known, internal_clock}, clock.total_minutes=683{known, internal_clock}], temperature_celsius=23.000000, time=Day 1 11:23, light=on, coursework_effort=unknown, coursework_status=active, unread_messages=0, self_action=turn_light_on{accepted, self_action_feedback}}",0
5,visible,11,718,"685","internal_calendar",2,0.997222,0.000000,0.000000,0.939200,0.939200,"study_halfhearted",0.027477,0.475937,"O{visible_objects=[phone, computer, desk with study materials, bed, room door, room light, alarm clock, window with curtains], A^O=[idle, use_phone, shop_on_phone, use_computer, study_at_computer, study_focused, study_halfhearted, rest_at_bed, sleep_at_bed, go_to_bathroom, get_meal, turn_light_off, close_curtain], updates=[room.light=on{known, direct_room_visual}, clock.time=Day 1 11:23{known, internal_clock}, clock.total_minutes=683{known, internal_clock}], temperature_celsius=23.000000, time=Day 1 11:23, light=on, coursework_effort=unknown, coursework_status=active, unread_messages=0, self_action=turn_light_on{accepted, self_action_feedback}}",0
5,control,12,753,"909","internal_calendar",191,0.734722,0.000000,-0.080000,0.728400,0.728400,"study_at_computer",0.000000,0.422612,"O{visible_objects=[phone, computer, desk with study materials, bed, room door, room light, alarm clock, window with curtains], A^O=[idle, use_phone, shop_on_phone, use_computer, study_at_computer, study_focused, study_halfhearted, rest_at_bed, sleep_at_bed, go_to_bathroom, get_meal, turn_light_off, close_curtain], updates=[clock.time=Day 1 11:58{known, internal_clock}, clock.total_minutes=718{known, internal_clock}], temperature_celsius=23.000000, time=Day 1 11:58, light=on, coursework_effort=unknown, coursework_status=active, unread_messages=0, self_action=study_halfhearted{accepted, self_action_feedback}}",0
5,hidden,12,753,"685","internal_calendar",-33,1.000000,0.000000,-0.080000,0.918400,0.918400,"study_at_computer",0.035101,0.457714,"O{visible_objects=[phone, computer, desk with study materials, bed, room door, room light, alarm clock, window with curtains], A^O=[idle, use_phone, shop_on_phone, use_computer, study_at_computer, study_focused, study_halfhearted, rest_at_bed, sleep_at_bed, go_to_bathroom, get_meal, turn_light_off, close_curtain], updates=[clock.time=Day 1 11:58{known, internal_clock}, clock.total_minutes=718{known, internal_clock}], temperature_celsius=23.000000, time=Day 1 11:58, light=on, coursework_effort=unknown, coursework_status=active, unread_messages=0, self_action=study_halfhearted{accepted, self_action_feedback}}",0
5,visible,12,753,"685","internal_calendar",-33,1.000000,0.000000,-0.080000,0.878400,0.878400,"study_at_computer",0.027675,0.450288,"O{visible_objects=[phone, computer, desk with study materials, bed, room door, room light, alarm clock, window with curtains], A^O=[idle, use_phone, shop_on_phone, use_computer, study_at_computer, study_focused, study_halfhearted, rest_at_bed, sleep_at_bed, go_to_bathroom, get_meal, turn_light_off, close_curtain], updates=[clock.time=Day 1 11:58{known, internal_clock}, clock.total_minutes=718{known, internal_clock}], temperature_celsius=23.000000, time=Day 1 11:58, light=on, coursework_effort=unknown, coursework_status=active, unread_messages=0, self_action=study_halfhearted{accepted, self_action_feedback}}",0
6,control,1,515,"1720","initial_calendar",1240,0.000000,0.000000,0.000000,0.550000,0.550000,"study_focused",0.000000,0.314872,"O{visible_objects=[phone, computer, desk with study materials, bed, room door, room light, alarm clock, window with curtains], A^O=[idle, use_phone, shop_on_phone, use_computer, study_at_computer, study_focused, study_halfhearted, rest_at_bed, sleep_at_bed, go_to_bathroom, get_meal, turn_light_off, close_curtain], updates=[object.phone=present{known, direct_room_visual}, object.computer=present{known, direct_room_visual}, object.desk=present{known, direct_room_visual}, object.bed=present{known, direct_room_visual}, object.door=present{known, direct_room_visual}, object.light=present{known, direct_room_visual}, object.alarm=present{known, direct_room_visual}, object.window=present{known, direct_room_visual}, room.light=on{known, direct_room_visual}, room.curtain=open{known, direct_room_visual}, room.alarm=silent{known, direct_room_visual}, task.coursework.status=active{known, initial_task_brief}, task.coursework.deadline_at_total_minutes=1720{known, initial_calendar}, message.unread_count=0{known, phone_notification_state}, clock.time=Day 1 08:00{known, internal_clock}, clock.total_minutes=480{known, internal_clock}, room.temperature_celsius=23.000000{known, direct_room_thermal}, outside.weather=clear{known, direct_window_visual}], temperature_celsius=23.000000, time=Day 1 08:00, light=on, coursework_effort=unknown, coursework_status=active, unread_messages=0, self_action=none}",0
6,hidden,1,515,"1720","initial_calendar",1240,0.000000,0.000000,0.000000,0.550000,0.550000,"study_focused",0.000000,0.314872,"O{visible_objects=[phone, computer, desk with study materials, bed, room door, room light, alarm clock, window with curtains], A^O=[idle, use_phone, shop_on_phone, use_computer, study_at_computer, study_focused, study_halfhearted, rest_at_bed, sleep_at_bed, go_to_bathroom, get_meal, turn_light_off, close_curtain], updates=[object.phone=present{known, direct_room_visual}, object.computer=present{known, direct_room_visual}, object.desk=present{known, direct_room_visual}, object.bed=present{known, direct_room_visual}, object.door=present{known, direct_room_visual}, object.light=present{known, direct_room_visual}, object.alarm=present{known, direct_room_visual}, object.window=present{known, direct_room_visual}, room.light=on{known, direct_room_visual}, room.curtain=open{known, direct_room_visual}, room.alarm=silent{known, direct_room_visual}, task.coursework.status=active{known, initial_task_brief}, task.coursework.deadline_at_total_minutes=1720{known, initial_calendar}, message.unread_count=0{known, phone_notification_state}, clock.time=Day 1 08:00{known, internal_clock}, clock.total_minutes=480{known, internal_clock}, room.temperature_celsius=23.000000{known, direct_room_thermal}, outside.weather=clear{known, direct_window_visual}], temperature_celsius=23.000000, time=Day 1 08:00, light=on, coursework_effort=unknown, coursework_status=active, unread_messages=0, self_action=none}",0
6,visible,1,515,"1720","initial_calendar",1240,0.000000,0.000000,0.000000,0.550000,0.550000,"study_focused",0.000000,0.314872,"O{visible_objects=[phone, computer, desk with study materials, bed, room door, room light, alarm clock, window with curtains], A^O=[idle, use_phone, shop_on_phone, use_computer, study_at_computer, study_focused, study_halfhearted, rest_at_bed, sleep_at_bed, go_to_bathroom, get_meal, turn_light_off, close_curtain], updates=[object.phone=present{known, direct_room_visual}, object.computer=present{known, direct_room_visual}, object.desk=present{known, direct_room_visual}, object.bed=present{known, direct_room_visual}, object.door=present{known, direct_room_visual}, object.light=present{known, direct_room_visual}, object.alarm=present{known, direct_room_visual}, object.window=present{known, direct_room_visual}, room.light=on{known, direct_room_visual}, room.curtain=open{known, direct_room_visual}, room.alarm=silent{known, direct_room_visual}, task.coursework.status=active{known, initial_task_brief}, task.coursework.deadline_at_total_minutes=1720{known, initial_calendar}, message.unread_count=0{known, phone_notification_state}, clock.time=Day 1 08:00{known, internal_clock}, clock.total_minutes=480{known, internal_clock}, room.temperature_celsius=23.000000{known, direct_room_thermal}, outside.weather=clear{known, direct_window_visual}], temperature_celsius=23.000000, time=Day 1 08:00, light=on, coursework_effort=unknown, coursework_status=active, unread_messages=0, self_action=none}",0
6,control,2,575,"1720","internal_calendar",1205,0.000000,0.000000,-0.150000,0.436000,0.436000,"rest_at_bed",0.000000,0.348450,"O{visible_objects=[phone, computer, desk with study materials, bed, room door, room light, alarm clock, window with curtains], A^O=[idle, use_phone, shop_on_phone, use_computer, study_at_computer, study_focused, study_halfhearted, rest_at_bed, sleep_at_bed, go_to_bathroom, get_meal, turn_light_off, close_curtain], updates=[clock.time=Day 1 08:35{known, internal_clock}, clock.total_minutes=515{known, internal_clock}], temperature_celsius=23.000000, time=Day 1 08:35, light=on, coursework_effort=unknown, coursework_status=active, unread_messages=0, self_action=study_focused{accepted, self_action_feedback}}",0
6,hidden,2,575,"1720","initial_calendar",1205,0.000000,0.000000,-0.150000,0.436000,0.436000,"rest_at_bed",0.000000,0.348450,"O{visible_objects=[phone, computer, desk with study materials, bed, room door, room light, alarm clock, window with curtains], A^O=[idle, use_phone, shop_on_phone, use_computer, study_at_computer, study_focused, study_halfhearted, rest_at_bed, sleep_at_bed, go_to_bathroom, get_meal, turn_light_off, close_curtain], updates=[clock.time=Day 1 08:35{known, internal_clock}, clock.total_minutes=515{known, internal_clock}], temperature_celsius=23.000000, time=Day 1 08:35, light=on, coursework_effort=unknown, coursework_status=active, unread_messages=0, self_action=study_focused{accepted, self_action_feedback}}",0
6,visible,2,575,"695","internal_calendar",180,0.750000,0.150000,0.000000,0.601000,0.601000,"rest_at_bed",0.026987,0.375437,"O{visible_objects=[phone, computer, desk with study materials, bed, room door, room light, alarm clock, window with curtains], A^O=[idle, use_phone, shop_on_phone, use_computer, study_at_computer, study_focused, study_halfhearted, rest_at_bed, sleep_at_bed, go_to_bathroom, get_meal, turn_light_off, close_curtain], updates=[task.coursework.deadline_at_total_minutes=695{known, internal_calendar}, clock.time=Day 1 08:35{known, internal_clock}, clock.total_minutes=515{known, internal_clock}], temperature_celsius=23.000000, time=Day 1 08:35, light=on, coursework_effort=unknown, coursework_status=active, unread_messages=0, self_action=study_focused{accepted, self_action_feedback}}",1
6,control,3,585,"1720","internal_calendar",1145,0.000000,0.000000,0.030000,0.517000,0.517000,"idle",0.000000,0.361629,"O{visible_objects=[phone, computer, desk with study materials, bed, room door, room light, alarm clock, window with curtains], A^O=[idle, use_phone, shop_on_phone, use_computer, study_at_computer, study_focused, study_halfhearted, rest_at_bed, sleep_at_bed, go_to_bathroom, get_meal, turn_light_off, turn_off_alarm, close_curtain], updates=[room.alarm=ringing{known, direct_room_auditory}, clock.time=Day 1 09:35{known, internal_clock}, clock.total_minutes=575{known, internal_clock}], temperature_celsius=23.000000, time=Day 1 09:35, light=on, coursework_effort=unknown, coursework_status=active, unread_messages=0, self_action=rest_at_bed{accepted, self_action_feedback}}",0
6,hidden,3,585,"695","internal_calendar",120,0.833333,0.166667,0.196667,0.683667,0.683667,"idle",0.026028,0.387657,"O{visible_objects=[phone, computer, desk with study materials, bed, room door, room light, alarm clock, window with curtains], A^O=[idle, use_phone, shop_on_phone, use_computer, study_at_computer, study_focused, study_halfhearted, rest_at_bed, sleep_at_bed, go_to_bathroom, get_meal, turn_light_off, turn_off_alarm, close_curtain], updates=[room.alarm=ringing{known, direct_room_auditory}, task.coursework.deadline_at_total_minutes=695{known, internal_calendar}, clock.time=Day 1 09:35{known, internal_clock}, clock.total_minutes=575{known, internal_clock}], temperature_celsius=23.000000, time=Day 1 09:35, light=on, coursework_effort=unknown, coursework_status=active, unread_messages=0, self_action=rest_at_bed{accepted, self_action_feedback}}",1
6,visible,3,585,"695","internal_calendar",120,0.833333,0.000000,0.030000,0.682000,0.682000,"idle",0.026710,0.388340,"O{visible_objects=[phone, computer, desk with study materials, bed, room door, room light, alarm clock, window with curtains], A^O=[idle, use_phone, shop_on_phone, use_computer, study_at_computer, study_focused, study_halfhearted, rest_at_bed, sleep_at_bed, go_to_bathroom, get_meal, turn_light_off, turn_off_alarm, close_curtain], updates=[room.alarm=ringing{known, direct_room_auditory}, clock.time=Day 1 09:35{known, internal_clock}, clock.total_minutes=575{known, internal_clock}], temperature_celsius=23.000000, time=Day 1 09:35, light=on, coursework_effort=unknown, coursework_status=active, unread_messages=0, self_action=rest_at_bed{accepted, self_action_feedback}}",0
6,control,4,620,"1720","internal_calendar",1135,0.000000,0.000000,0.080000,0.648000,0.648000,"get_meal",0.000000,0.379966,"O{visible_objects=[phone, computer, desk with study materials, bed, room door, room light, alarm clock, window with curtains], A^O=[idle, use_phone, shop_on_phone, use_computer, study_at_computer, study_focused, study_halfhearted, rest_at_bed, sleep_at_bed, go_to_bathroom, get_meal, turn_light_off, turn_off_alarm, close_curtain], updates=[clock.time=Day 1 09:45{known, internal_clock}, clock.total_minutes=585{known, internal_clock}], temperature_celsius=23.000000, time=Day 1 09:45, light=on, coursework_effort=unknown, coursework_status=active, unread_messages=0, self_action=idle{accepted, self_action_feedback}}",0
6,hidden,4,620,"695","internal_calendar",110,0.847222,0.000000,0.080000,0.814667,0.814667,"get_meal",0.026509,0.406475,"O{visible_objects=[phone, computer, desk with study materials, bed, room door, room light, alarm clock, window with curtains], A^O=[idle, use_phone, shop_on_phone, use_computer, study_at_computer, study_focused, study_halfhearted, rest_at_bed, sleep_at_bed, go_to_bathroom, get_meal, turn_light_off, turn_off_alarm, close_curtain], updates=[clock.time=Day 1 09:45{known, internal_clock}, clock.total_minutes=585{known, internal_clock}], temperature_celsius=23.000000, time=Day 1 09:45, light=on, coursework_effort=unknown, coursework_status=active, unread_messages=0, self_action=idle{accepted, self_action_feedback}}",0
6,visible,4,620,"695","internal_calendar",110,0.847222,0.000000,0.080000,0.813000,0.813000,"get_meal",0.027206,0.407171,"O{visible_objects=[phone, computer, desk with study materials, bed, room door, room light, alarm clock, window with curtains], A^O=[idle, use_phone, shop_on_phone, use_computer, study_at_computer, study_focused, study_halfhearted, rest_at_bed, sleep_at_bed, go_to_bathroom, get_meal, turn_light_off, turn_off_alarm, close_curtain], updates=[clock.time=Day 1 09:45{known, internal_clock}, clock.total_minutes=585{known, internal_clock}], temperature_celsius=23.000000, time=Day 1 09:45, light=on, coursework_effort=unknown, coursework_status=active, unread_messages=0, self_action=idle{accepted, self_action_feedback}}",0
6,control,5,655,"1720","internal_calendar",1100,0.000000,0.000000,0.000000,0.648000,0.648000,"study_focused",0.000000,0.421149,"O{visible_objects=[phone, computer, desk with study materials, bed, room door, room light, alarm clock, window with curtains], A^O=[idle, use_phone, shop_on_phone, use_computer, study_at_computer, study_focused, study_halfhearted, rest_at_bed, sleep_at_bed, go_to_bathroom, get_meal, turn_light_off, turn_off_alarm, close_curtain], updates=[clock.time=Day 1 10:20{known, internal_clock}, clock.total_minutes=620{known, internal_clock}], temperature_celsius=23.000000, time=Day 1 10:20, light=on, coursework_effort=unknown, coursework_status=active, unread_messages=0, self_action=get_meal{accepted, self_action_feedback}}",0
6,hidden,5,655,"695","internal_calendar",75,0.895833,0.000000,0.000000,0.814667,0.814667,"study_focused",0.027500,0.448649,"O{visible_objects=[phone, computer, desk with study materials, bed, room door, room light, alarm clock, window with curtains], A^O=[idle, use_phone, shop_on_phone, use_computer, study_at_computer, study_focused, study_halfhearted, rest_at_bed, sleep_at_bed, go_to_bathroom, get_meal, turn_light_off, turn_off_alarm, close_curtain], updates=[clock.time=Day 1 10:20{known, internal_clock}, clock.total_minutes=620{known, internal_clock}], temperature_celsius=23.000000, time=Day 1 10:20, light=on, coursework_effort=unknown, coursework_status=active, unread_messages=0, self_action=get_meal{accepted, self_action_feedback}}",0
6,visible,5,655,"695","internal_calendar",75,0.895833,0.000000,0.000000,0.813000,0.813000,"study_focused",0.028150,0.449299,"O{visible_objects=[phone, computer, desk with study materials, bed, room door, room light, alarm clock, window with curtains], A^O=[idle, use_phone, shop_on_phone, use_computer, study_at_computer, study_focused, study_halfhearted, rest_at_bed, sleep_at_bed, go_to_bathroom, get_meal, turn_light_off, turn_off_alarm, close_curtain], updates=[clock.time=Day 1 10:20{known, internal_clock}, clock.total_minutes=620{known, internal_clock}], temperature_celsius=23.000000, time=Day 1 10:20, light=on, coursework_effort=unknown, coursework_status=active, unread_messages=0, self_action=get_meal{accepted, self_action_feedback}}",0
6,control,6,690,"1720","internal_calendar",1065,0.000000,0.000000,-0.150000,0.534000,0.534000,"study_focused",0.000000,0.358393,"O{visible_objects=[phone, computer, desk with study materials, bed, room door, room light, alarm clock, window with curtains], A^O=[idle, use_phone, shop_on_phone, use_computer, study_at_computer, study_focused, study_halfhearted, rest_at_bed, sleep_at_bed, go_to_bathroom, get_meal, turn_light_off, turn_off_alarm, close_curtain], updates=[clock.time=Day 1 10:55{known, internal_clock}, clock.total_minutes=655{known, internal_clock}], temperature_celsius=23.000000, time=Day 1 10:55, light=on, coursework_effort=unknown, coursework_status=active, unread_messages=0, self_action=study_focused{accepted, self_action_feedback}}",0
6,hidden,6,690,"695","internal_calendar",40,0.944444,0.000000,-0.150000,0.700667,0.700667,"study_focused",0.026621,0.385014,"O{visible_objects=[phone, computer, desk with study materials, bed, room door, room light, alarm clock, window with curtains], A^O=[idle, use_phone, shop_on_phone, use_computer, study_at_computer, study_focused, study_halfhearted, rest_at_bed, sleep_at_bed, go_to_bathroom, get_meal, turn_light_off, turn_off_alarm, close_curtain], updates=[clock.time=Day 1 10:55{known, internal_clock}, clock.total_minutes=655{known, internal_clock}], temperature_celsius=23.000000, time=Day 1 10:55, light=on, coursework_effort=unknown, coursework_status=active, unread_messages=0, self_action=study_focused{accepted, self_action_feedback}}",0
6,visible,6,690,"695","internal_calendar",40,0.944444,0.000000,-0.150000,0.699000,0.699000,"study_focused",0.027392,0.385786,"O{visible_objects=[phone, computer, desk with study materials, bed, room door, room light, alarm clock, window with curtains], A^O=[idle, use_phone, shop_on_phone, use_computer, study_at_computer, study_focused, study_halfhearted, rest_at_bed, sleep_at_bed, go_to_bathroom, get_meal, turn_light_off, turn_off_alarm, close_curtain], updates=[clock.time=Day 1 10:55{known, internal_clock}, clock.total_minutes=655{known, internal_clock}], temperature_celsius=23.000000, time=Day 1 10:55, light=on, coursework_effort=unknown, coursework_status=active, unread_messages=0, self_action=study_focused{accepted, self_action_feedback}}",0
6,control,7,720,"1720","internal_calendar",1030,0.000000,0.000000,-0.150000,0.420000,0.420000,"use_computer",0.000000,0.333093,"O{visible_objects=[phone, computer, desk with study materials, bed, room door, room light, alarm clock, window with curtains], A^O=[idle, use_phone, shop_on_phone, use_computer, study_at_computer, study_focused, study_halfhearted, rest_at_bed, sleep_at_bed, go_to_bathroom, get_meal, turn_light_off, turn_off_alarm, close_curtain], updates=[clock.time=Day 1 11:30{known, internal_clock}, clock.total_minutes=690{known, internal_clock}], temperature_celsius=23.000000, time=Day 1 11:30, light=on, coursework_effort=unknown, coursework_status=active, unread_messages=0, self_action=study_focused{accepted, self_action_feedback}}",0
6,hidden,7,720,"695","internal_calendar",5,0.993056,0.000000,-0.150000,0.586667,0.586667,"use_computer",0.025888,0.358981,"O{visible_objects=[phone, computer, desk with study materials, bed, room door, room light, alarm clock, window with curtains], A^O=[idle, use_phone, shop_on_phone, use_computer, study_at_computer, study_focused, study_halfhearted, rest_at_bed, sleep_at_bed, go_to_bathroom, get_meal, turn_light_off, turn_off_alarm, close_curtain], updates=[clock.time=Day 1 11:30{known, internal_clock}, clock.total_minutes=690{known, internal_clock}], temperature_celsius=23.000000, time=Day 1 11:30, light=on, coursework_effort=unknown, coursework_status=active, unread_messages=0, self_action=study_focused{accepted, self_action_feedback}}",0
6,visible,7,720,"695","internal_calendar",5,0.993056,0.000000,-0.150000,0.585000,0.585000,"use_computer",0.026642,0.359735,"O{visible_objects=[phone, computer, desk with study materials, bed, room door, room light, alarm clock, window with curtains], A^O=[idle, use_phone, shop_on_phone, use_computer, study_at_computer, study_focused, study_halfhearted, rest_at_bed, sleep_at_bed, go_to_bathroom, get_meal, turn_light_off, turn_off_alarm, close_curtain], updates=[clock.time=Day 1 11:30{known, internal_clock}, clock.total_minutes=690{known, internal_clock}], temperature_celsius=23.000000, time=Day 1 11:30, light=on, coursework_effort=unknown, coursework_status=active, unread_messages=0, self_action=study_focused{accepted, self_action_feedback}}",0
6,control,8,745,"1720","internal_calendar",1000,0.000000,0.000000,0.050000,0.521000,0.521000,"use_phone",0.000000,0.317682,"O{visible_objects=[phone, computer, desk with study materials, bed, room door, room light, alarm clock, window with curtains], A^O=[idle, use_phone, shop_on_phone, use_computer, study_at_computer, study_focused, study_halfhearted, rest_at_bed, sleep_at_bed, go_to_bathroom, get_meal, turn_light_off, turn_off_alarm, close_curtain], updates=[clock.time=Day 1 12:00{known, internal_clock}, clock.total_minutes=720{known, internal_clock}], temperature_celsius=23.000000, time=Day 1 12:00, light=on, coursework_effort=unknown, coursework_status=active, unread_messages=0, self_action=use_computer{accepted, self_action_feedback}}",0
6,hidden,8,745,"695","internal_calendar",-25,1.000000,0.000000,0.050000,0.687667,0.687667,"use_phone",0.025627,0.343310,"O{visible_objects=[phone, computer, desk with study materials, bed, room door, room light, alarm clock, window with curtains], A^O=[idle, use_phone, shop_on_phone, use_computer, study_at_computer, study_focused, study_halfhearted, rest_at_bed, sleep_at_bed, go_to_bathroom, get_meal, turn_light_off, turn_off_alarm, close_curtain], updates=[clock.time=Day 1 12:00{known, internal_clock}, clock.total_minutes=720{known, internal_clock}], temperature_celsius=23.000000, time=Day 1 12:00, light=on, coursework_effort=unknown, coursework_status=active, unread_messages=0, self_action=use_computer{accepted, self_action_feedback}}",0
6,visible,8,745,"695","internal_calendar",-25,1.000000,0.000000,0.050000,0.686000,0.686000,"use_phone",0.026398,0.344081,"O{visible_objects=[phone, computer, desk with study materials, bed, room door, room light, alarm clock, window with curtains], A^O=[idle, use_phone, shop_on_phone, use_computer, study_at_computer, study_focused, study_halfhearted, rest_at_bed, sleep_at_bed, go_to_bathroom, get_meal, turn_light_off, turn_off_alarm, close_curtain], updates=[clock.time=Day 1 12:00{known, internal_clock}, clock.total_minutes=720{known, internal_clock}], temperature_celsius=23.000000, time=Day 1 12:00, light=on, coursework_effort=unknown, coursework_status=active, unread_messages=0, self_action=use_computer{accepted, self_action_feedback}}",0
6,control,9,780,"1720","internal_calendar",975,0.000000,0.000000,0.070000,0.642000,0.642000,"study_focused",0.000000,0.296855,"O{visible_objects=[phone, computer, desk with study materials, bed, room door, room light, alarm clock, window with curtains], A^O=[idle, use_phone, shop_on_phone, use_computer, study_at_computer, study_focused, study_halfhearted, rest_at_bed, sleep_at_bed, go_to_bathroom, get_meal, turn_light_off, turn_off_alarm, close_curtain], updates=[clock.time=Day 1 12:25{known, internal_clock}, clock.total_minutes=745{known, internal_clock}, outside.weather=rain{known, direct_window_visual}], temperature_celsius=23.000000, time=Day 1 12:25, light=on, coursework_effort=unknown, coursework_status=active, unread_messages=0, self_action=use_phone{accepted, self_action_feedback}}",0
6,hidden,9,780,"695","internal_calendar",-50,1.000000,0.000000,0.070000,0.808667,0.808667,"study_focused",0.025241,0.322095,"O{visible_objects=[phone, computer, desk with study materials, bed, room door, room light, alarm clock, window with curtains], A^O=[idle, use_phone, shop_on_phone, use_computer, study_at_computer, study_focused, study_halfhearted, rest_at_bed, sleep_at_bed, go_to_bathroom, get_meal, turn_light_off, turn_off_alarm, close_curtain], updates=[clock.time=Day 1 12:25{known, internal_clock}, clock.total_minutes=745{known, internal_clock}, outside.weather=rain{known, direct_window_visual}], temperature_celsius=23.000000, time=Day 1 12:25, light=on, coursework_effort=unknown, coursework_status=active, unread_messages=0, self_action=use_phone{accepted, self_action_feedback}}",0
6,visible,9,780,"695","internal_calendar",-50,1.000000,0.000000,0.070000,0.807000,0.807000,"study_focused",0.026023,0.322878,"O{visible_objects=[phone, computer, desk with study materials, bed, room door, room light, alarm clock, window with curtains], A^O=[idle, use_phone, shop_on_phone, use_computer, study_at_computer, study_focused, study_halfhearted, rest_at_bed, sleep_at_bed, go_to_bathroom, get_meal, turn_light_off, turn_off_alarm, close_curtain], updates=[clock.time=Day 1 12:25{known, internal_clock}, clock.total_minutes=745{known, internal_clock}, outside.weather=rain{known, direct_window_visual}], temperature_celsius=23.000000, time=Day 1 12:25, light=on, coursework_effort=unknown, coursework_status=active, unread_messages=0, self_action=use_phone{accepted, self_action_feedback}}",0
6,control,10,815,"1720","internal_calendar",940,0.000000,0.000000,-0.150000,0.528000,0.528000,"get_meal",0.000000,0.253259,"O{visible_objects=[phone, computer, desk with study materials, bed, room door, room light, alarm clock, window with curtains], A^O=[idle, use_phone, shop_on_phone, use_computer, study_at_computer, study_focused, study_halfhearted, rest_at_bed, sleep_at_bed, go_to_bathroom, get_meal, turn_light_off, turn_off_alarm, close_curtain], updates=[clock.time=Day 1 13:00{known, internal_clock}, clock.total_minutes=780{known, internal_clock}, room.temperature_celsius=24.000000{known, direct_room_thermal}], temperature_celsius=24.000000, time=Day 1 13:00, light=on, coursework_effort=unknown, coursework_status=active, unread_messages=0, self_action=study_focused{accepted, self_action_feedback}}",0
6,hidden,10,815,"695","internal_calendar",-85,1.000000,0.000000,-0.150000,0.694667,0.694667,"get_meal",0.023137,0.276396,"O{visible_objects=[phone, computer, desk with study materials, bed, room door, room light, alarm clock, window with curtains], A^O=[idle, use_phone, shop_on_phone, use_computer, study_at_computer, study_focused, study_halfhearted, rest_at_bed, sleep_at_bed, go_to_bathroom, get_meal, turn_light_off, turn_off_alarm, close_curtain], updates=[clock.time=Day 1 13:00{known, internal_clock}, clock.total_minutes=780{known, internal_clock}, room.temperature_celsius=24.000000{known, direct_room_thermal}], temperature_celsius=24.000000, time=Day 1 13:00, light=on, coursework_effort=unknown, coursework_status=active, unread_messages=0, self_action=study_focused{accepted, self_action_feedback}}",0
6,visible,10,815,"695","internal_calendar",-85,1.000000,0.000000,-0.150000,0.693000,0.693000,"get_meal",0.023866,0.277125,"O{visible_objects=[phone, computer, desk with study materials, bed, room door, room light, alarm clock, window with curtains], A^O=[idle, use_phone, shop_on_phone, use_computer, study_at_computer, study_focused, study_halfhearted, rest_at_bed, sleep_at_bed, go_to_bathroom, get_meal, turn_light_off, turn_off_alarm, close_curtain], updates=[clock.time=Day 1 13:00{known, internal_clock}, clock.total_minutes=780{known, internal_clock}, room.temperature_celsius=24.000000{known, direct_room_thermal}], temperature_celsius=24.000000, time=Day 1 13:00, light=on, coursework_effort=unknown, coursework_status=active, unread_messages=0, self_action=study_focused{accepted, self_action_feedback}}",0
6,control,11,845,"1720","internal_calendar",905,0.000000,0.000000,0.000000,0.528000,0.528000,"use_computer",0.000000,0.270252,"O{visible_objects=[phone, computer, desk with study materials, bed, room door, room light, alarm clock, window with curtains], A^O=[idle, use_phone, shop_on_phone, use_computer, study_at_computer, study_focused, study_halfhearted, rest_at_bed, sleep_at_bed, go_to_bathroom, get_meal, turn_light_off, turn_off_alarm, close_curtain], updates=[clock.time=Day 1 13:35{known, internal_clock}, clock.total_minutes=815{known, internal_clock}], temperature_celsius=24.000000, time=Day 1 13:35, light=on, coursework_effort=unknown, coursework_status=active, unread_messages=0, self_action=get_meal{accepted, self_action_feedback}}",0
6,hidden,11,845,"695","internal_calendar",-120,1.000000,0.000000,0.000000,0.694667,0.694667,"use_computer",0.024359,0.294611,"O{visible_objects=[phone, computer, desk with study materials, bed, room door, room light, alarm clock, window with curtains], A^O=[idle, use_phone, shop_on_phone, use_computer, study_at_computer, study_focused, study_halfhearted, rest_at_bed, sleep_at_bed, go_to_bathroom, get_meal, turn_light_off, turn_off_alarm, close_curtain], updates=[clock.time=Day 1 13:35{known, internal_clock}, clock.total_minutes=815{known, internal_clock}], temperature_celsius=24.000000, time=Day 1 13:35, light=on, coursework_effort=unknown, coursework_status=active, unread_messages=0, self_action=get_meal{accepted, self_action_feedback}}",0
6,visible,11,845,"695","internal_calendar",-120,1.000000,0.000000,0.000000,0.693000,0.693000,"use_computer",0.025104,0.295356,"O{visible_objects=[phone, computer, desk with study materials, bed, room door, room light, alarm clock, window with curtains], A^O=[idle, use_phone, shop_on_phone, use_computer, study_at_computer, study_focused, study_halfhearted, rest_at_bed, sleep_at_bed, go_to_bathroom, get_meal, turn_light_off, turn_off_alarm, close_curtain], updates=[clock.time=Day 1 13:35{known, internal_clock}, clock.total_minutes=815{known, internal_clock}], temperature_celsius=24.000000, time=Day 1 13:35, light=on, coursework_effort=unknown, coursework_status=active, unread_messages=0, self_action=get_meal{accepted, self_action_feedback}}",0
6,control,12,875,"1720","internal_calendar",875,0.000000,0.000000,0.050000,0.629000,0.629000,"use_computer",0.000000,0.230632,"O{visible_objects=[phone, computer, desk with study materials, bed, room door, room light, alarm clock, window with curtains], A^O=[idle, use_phone, shop_on_phone, use_computer, study_at_computer, study_focused, study_halfhearted, rest_at_bed, sleep_at_bed, go_to_bathroom, get_meal, turn_light_off, turn_off_alarm, close_curtain], updates=[clock.time=Day 1 14:05{known, internal_clock}, clock.total_minutes=845{known, internal_clock}], temperature_celsius=24.000000, time=Day 1 14:05, light=on, coursework_effort=unknown, coursework_status=active, unread_messages=0, self_action=use_computer{accepted, self_action_feedback}}",0
6,hidden,12,875,"695","internal_calendar",-150,1.000000,0.000000,0.050000,0.795667,0.795667,"use_computer",0.022391,0.253023,"O{visible_objects=[phone, computer, desk with study materials, bed, room door, room light, alarm clock, window with curtains], A^O=[idle, use_phone, shop_on_phone, use_computer, study_at_computer, study_focused, study_halfhearted, rest_at_bed, sleep_at_bed, go_to_bathroom, get_meal, turn_light_off, turn_off_alarm, close_curtain], updates=[clock.time=Day 1 14:05{known, internal_clock}, clock.total_minutes=845{known, internal_clock}], temperature_celsius=24.000000, time=Day 1 14:05, light=on, coursework_effort=unknown, coursework_status=active, unread_messages=0, self_action=use_computer{accepted, self_action_feedback}}",0
6,visible,12,875,"695","internal_calendar",-150,1.000000,0.000000,0.050000,0.794000,0.794000,"use_computer",0.023217,0.253720,"O{visible_objects=[phone, computer, desk with study materials, bed, room door, room light, alarm clock, window with curtains], A^O=[idle, use_phone, shop_on_phone, use_computer, study_at_computer, study_focused, study_halfhearted, rest_at_bed, sleep_at_bed, go_to_bathroom, get_meal, turn_light_off, turn_off_alarm, close_curtain], updates=[clock.time=Day 1 14:05{known, internal_clock}, clock.total_minutes=845{known, internal_clock}], temperature_celsius=24.000000, time=Day 1 14:05, light=on, coursework_effort=unknown, coursework_status=active, unread_messages=0, self_action=use_computer{accepted, self_action_feedback}}",0
7,control,1,515,"1529","initial_calendar",1049,0.000000,0.000000,0.000000,0.550000,0.550000,"study_halfhearted",0.000000,0.314872,"O{visible_objects=[phone, computer, desk with study materials, bed, room door, room light, alarm clock, window with curtains], A^O=[idle, use_phone, shop_on_phone, use_computer, study_at_computer, study_focused, study_halfhearted, rest_at_bed, sleep_at_bed, go_to_bathroom, get_meal, turn_light_off, close_curtain], updates=[object.phone=present{known, direct_room_visual}, object.computer=present{known, direct_room_visual}, object.desk=present{known, direct_room_visual}, object.bed=present{known, direct_room_visual}, object.door=present{known, direct_room_visual}, object.light=present{known, direct_room_visual}, object.alarm=present{known, direct_room_visual}, object.window=present{known, direct_room_visual}, room.light=on{known, direct_room_visual}, room.curtain=open{known, direct_room_visual}, room.alarm=silent{known, direct_room_visual}, task.coursework.status=active{known, initial_task_brief}, task.coursework.deadline_at_total_minutes=1529{known, initial_calendar}, message.unread_count=0{known, phone_notification_state}, clock.time=Day 1 08:00{known, internal_clock}, clock.total_minutes=480{known, internal_clock}, room.temperature_celsius=23.000000{known, direct_room_thermal}, outside.weather=clear{known, direct_window_visual}], temperature_celsius=23.000000, time=Day 1 08:00, light=on, coursework_effort=unknown, coursework_status=active, unread_messages=0, self_action=none}",0
7,hidden,1,515,"1529","initial_calendar",1049,0.000000,0.000000,0.000000,0.550000,0.550000,"study_halfhearted",0.000000,0.314872,"O{visible_objects=[phone, computer, desk with study materials, bed, room door, room light, alarm clock, window with curtains], A^O=[idle, use_phone, shop_on_phone, use_computer, study_at_computer, study_focused, study_halfhearted, rest_at_bed, sleep_at_bed, go_to_bathroom, get_meal, turn_light_off, close_curtain], updates=[object.phone=present{known, direct_room_visual}, object.computer=present{known, direct_room_visual}, object.desk=present{known, direct_room_visual}, object.bed=present{known, direct_room_visual}, object.door=present{known, direct_room_visual}, object.light=present{known, direct_room_visual}, object.alarm=present{known, direct_room_visual}, object.window=present{known, direct_room_visual}, room.light=on{known, direct_room_visual}, room.curtain=open{known, direct_room_visual}, room.alarm=silent{known, direct_room_visual}, task.coursework.status=active{known, initial_task_brief}, task.coursework.deadline_at_total_minutes=1529{known, initial_calendar}, message.unread_count=0{known, phone_notification_state}, clock.time=Day 1 08:00{known, internal_clock}, clock.total_minutes=480{known, internal_clock}, room.temperature_celsius=23.000000{known, direct_room_thermal}, outside.weather=clear{known, direct_window_visual}], temperature_celsius=23.000000, time=Day 1 08:00, light=on, coursework_effort=unknown, coursework_status=active, unread_messages=0, self_action=none}",0
7,visible,1,515,"1529","initial_calendar",1049,0.000000,0.000000,0.000000,0.550000,0.550000,"study_halfhearted",0.000000,0.314872,"O{visible_objects=[phone, computer, desk with study materials, bed, room door, room light, alarm clock, window with curtains], A^O=[idle, use_phone, shop_on_phone, use_computer, study_at_computer, study_focused, study_halfhearted, rest_at_bed, sleep_at_bed, go_to_bathroom, get_meal, turn_light_off, close_curtain], updates=[object.phone=present{known, direct_room_visual}, object.computer=present{known, direct_room_visual}, object.desk=present{known, direct_room_visual}, object.bed=present{known, direct_room_visual}, object.door=present{known, direct_room_visual}, object.light=present{known, direct_room_visual}, object.alarm=present{known, direct_room_visual}, object.window=present{known, direct_room_visual}, room.light=on{known, direct_room_visual}, room.curtain=open{known, direct_room_visual}, room.alarm=silent{known, direct_room_visual}, task.coursework.status=active{known, initial_task_brief}, task.coursework.deadline_at_total_minutes=1529{known, initial_calendar}, message.unread_count=0{known, phone_notification_state}, clock.time=Day 1 08:00{known, internal_clock}, clock.total_minutes=480{known, internal_clock}, room.temperature_celsius=23.000000{known, direct_room_thermal}, outside.weather=clear{known, direct_window_visual}], temperature_celsius=23.000000, time=Day 1 08:00, light=on, coursework_effort=unknown, coursework_status=active, unread_messages=0, self_action=none}",0
7,control,2,575,"1529","internal_calendar",1014,0.000000,0.000000,-0.080000,0.489200,0.489200,"rest_at_bed",0.000000,0.328897,"O{visible_objects=[phone, computer, desk with study materials, bed, room door, room light, alarm clock, window with curtains], A^O=[idle, use_phone, shop_on_phone, use_computer, study_at_computer, study_focused, study_halfhearted, rest_at_bed, sleep_at_bed, go_to_bathroom, get_meal, turn_light_off, close_curtain], updates=[clock.time=Day 1 08:35{known, internal_clock}, clock.total_minutes=515{known, internal_clock}], temperature_celsius=23.000000, time=Day 1 08:35, light=on, coursework_effort=unknown, coursework_status=active, unread_messages=0, self_action=study_halfhearted{accepted, self_action_feedback}}",0
7,hidden,2,575,"1529","initial_calendar",1014,0.000000,0.000000,-0.080000,0.489200,0.489200,"rest_at_bed",0.000000,0.328897,"O{visible_objects=[phone, computer, desk with study materials, bed, room door, room light, alarm clock, window with curtains], A^O=[idle, use_phone, shop_on_phone, use_computer, study_at_computer, study_focused, study_halfhearted, rest_at_bed, sleep_at_bed, go_to_bathroom, get_meal, turn_light_off, close_curtain], updates=[clock.time=Day 1 08:35{known, internal_clock}, clock.total_minutes=515{known, internal_clock}], temperature_celsius=23.000000, time=Day 1 08:35, light=on, coursework_effort=unknown, coursework_status=active, unread_messages=0, self_action=study_halfhearted{accepted, self_action_feedback}}",0
7,visible,2,575,"695","internal_calendar",180,0.750000,0.150000,0.070000,0.671000,0.671000,"rest_at_bed",0.028724,0.357621,"O{visible_objects=[phone, computer, desk with study materials, bed, room door, room light, alarm clock, window with curtains], A^O=[idle, use_phone, shop_on_phone, use_computer, study_at_computer, study_focused, study_halfhearted, rest_at_bed, sleep_at_bed, go_to_bathroom, get_meal, turn_light_off, close_curtain], updates=[task.coursework.deadline_at_total_minutes=695{known, internal_calendar}, clock.time=Day 1 08:35{known, internal_clock}, clock.total_minutes=515{known, internal_clock}], temperature_celsius=23.000000, time=Day 1 08:35, light=on, coursework_effort=unknown, coursework_status=active, unread_messages=0, self_action=study_halfhearted{accepted, self_action_feedback}}",1
7,control,3,600,"1529","internal_calendar",954,0.000000,0.000000,0.030000,0.570200,0.570200,"use_phone",0.000000,0.413995,"O{visible_objects=[phone, computer, desk with study materials, bed, room door, room light, alarm clock, window with curtains], A^O=[idle, use_phone, shop_on_phone, use_computer, study_at_computer, study_focused, study_halfhearted, rest_at_bed, sleep_at_bed, go_to_bathroom, get_meal, turn_light_off, close_curtain], updates=[clock.time=Day 1 09:35{known, internal_clock}, clock.total_minutes=575{known, internal_clock}], temperature_celsius=23.000000, time=Day 1 09:35, light=on, coursework_effort=unknown, coursework_status=active, unread_messages=0, self_action=rest_at_bed{accepted, self_action_feedback}}",0
7,hidden,3,600,"695","internal_calendar",120,0.833333,0.166667,0.196667,0.736867,0.736867,"use_phone",0.027730,0.441725,"O{visible_objects=[phone, computer, desk with study materials, bed, room door, room light, alarm clock, window with curtains], A^O=[idle, use_phone, shop_on_phone, use_computer, study_at_computer, study_focused, study_halfhearted, rest_at_bed, sleep_at_bed, go_to_bathroom, get_meal, turn_light_off, close_curtain], updates=[task.coursework.deadline_at_total_minutes=695{known, internal_calendar}, clock.time=Day 1 09:35{known, internal_clock}, clock.total_minutes=575{known, internal_clock}], temperature_celsius=23.000000, time=Day 1 09:35, light=on, coursework_effort=unknown, coursework_status=active, unread_messages=0, self_action=rest_at_bed{accepted, self_action_feedback}}",1
7,visible,3,600,"695","internal_calendar",120,0.833333,0.000000,0.030000,0.752000,0.752000,"use_phone",0.031722,0.445717,"O{visible_objects=[phone, computer, desk with study materials, bed, room door, room light, alarm clock, window with curtains], A^O=[idle, use_phone, shop_on_phone, use_computer, study_at_computer, study_focused, study_halfhearted, rest_at_bed, sleep_at_bed, go_to_bathroom, get_meal, turn_light_off, close_curtain], updates=[clock.time=Day 1 09:35{known, internal_clock}, clock.total_minutes=575{known, internal_clock}], temperature_celsius=23.000000, time=Day 1 09:35, light=on, coursework_effort=unknown, coursework_status=active, unread_messages=0, self_action=rest_at_bed{accepted, self_action_feedback}}",0
7,control,4,610,"1529","internal_calendar",929,0.000000,0.000000,0.150000,0.771200,0.771200,"idle",0.000000,0.384432,"O{visible_objects=[phone, computer, desk with study materials, bed, room door, room light, alarm clock, window with curtains], A^O=[idle, use_phone, shop_on_phone, use_computer, study_at_computer, study_focused, study_halfhearted, rest_at_bed, sleep_at_bed, go_to_bathroom, get_meal, turn_light_off, close_curtain], updates=[message.unread_count=1{known, phone_notification_state}, clock.time=Day 1 10:00{known, internal_clock}, clock.total_minutes=600{known, internal_clock}], temperature_celsius=23.000000, time=Day 1 10:00, light=on, coursework_effort=unknown, coursework_status=active, unread_messages=1, self_action=use_phone{accepted, self_action_feedback}}",0
7,hidden,4,610,"695","internal_calendar",95,0.868056,0.000000,0.150000,0.937867,0.937867,"idle",0.027840,0.412271,"O{visible_objects=[phone, computer, desk with study materials, bed, room door, room light, alarm clock, window with curtains], A^O=[idle, use_phone, shop_on_phone, use_computer, study_at_computer, study_focused, study_halfhearted, rest_at_bed, sleep_at_bed, go_to_bathroom, get_meal, turn_light_off, close_curtain], updates=[message.unread_count=1{known, phone_notification_state}, clock.time=Day 1 10:00{known, internal_clock}, clock.total_minutes=600{known, internal_clock}], temperature_celsius=23.000000, time=Day 1 10:00, light=on, coursework_effort=unknown, coursework_status=active, unread_messages=1, self_action=use_phone{accepted, self_action_feedback}}",0
7,visible,4,610,"695","internal_calendar",95,0.868056,0.000000,0.150000,0.953000,0.953000,"idle",0.031954,0.416385,"O{visible_objects=[phone, computer, desk with study materials, bed, room door, room light, alarm clock, window with curtains], A^O=[idle, use_phone, shop_on_phone, use_computer, study_at_computer, study_focused, study_halfhearted, rest_at_bed, sleep_at_bed, go_to_bathroom, get_meal, turn_light_off, close_curtain], updates=[message.unread_count=1{known, phone_notification_state}, clock.time=Day 1 10:00{known, internal_clock}, clock.total_minutes=600{known, internal_clock}], temperature_celsius=23.000000, time=Day 1 10:00, light=on, coursework_effort=unknown, coursework_status=active, unread_messages=1, self_action=use_phone{accepted, self_action_feedback}}",0
7,control,5,635,"1529","internal_calendar",919,0.000000,0.000000,0.080000,0.902200,0.902200,"use_phone",0.000000,0.404433,"O{visible_objects=[phone, computer, desk with study materials, bed, room door, room light, alarm clock, window with curtains], A^O=[idle, use_phone, shop_on_phone, use_computer, study_at_computer, study_focused, study_halfhearted, rest_at_bed, sleep_at_bed, go_to_bathroom, get_meal, turn_light_off, close_curtain], updates=[clock.time=Day 1 10:10{known, internal_clock}, clock.total_minutes=610{known, internal_clock}], temperature_celsius=23.000000, time=Day 1 10:10, light=on, coursework_effort=unknown, coursework_status=active, unread_messages=1, self_action=idle{accepted, self_action_feedback}}",0
7,hidden,5,635,"695","internal_calendar",85,0.881944,0.000000,0.080000,1.000000,1.000000,"use_phone",0.017452,0.421885,"O{visible_objects=[phone, computer, desk with study materials, bed, room door, room light, alarm clock, window with curtains], A^O=[idle, use_phone, shop_on_phone, use_computer, study_at_computer, study_focused, study_halfhearted, rest_at_bed, sleep_at_bed, go_to_bathroom, get_meal, turn_light_off, close_curtain], updates=[clock.time=Day 1 10:10{known, internal_clock}, clock.total_minutes=610{known, internal_clock}], temperature_celsius=23.000000, time=Day 1 10:10, light=on, coursework_effort=unknown, coursework_status=active, unread_messages=1, self_action=idle{accepted, self_action_feedback}}",0
7,visible,5,635,"695","internal_calendar",85,0.881944,0.000000,0.080000,1.000000,1.000000,"use_phone",0.019197,0.423630,"O{visible_objects=[phone, computer, desk with study materials, bed, room door, room light, alarm clock, window with curtains], A^O=[idle, use_phone, shop_on_phone, use_computer, study_at_computer, study_focused, study_halfhearted, rest_at_bed, sleep_at_bed, go_to_bathroom, get_meal, turn_light_off, close_curtain], updates=[clock.time=Day 1 10:10{known, internal_clock}, clock.total_minutes=610{known, internal_clock}], temperature_celsius=23.000000, time=Day 1 10:10, light=on, coursework_effort=unknown, coursework_status=active, unread_messages=1, self_action=idle{accepted, self_action_feedback}}",0
7,control,6,650,"1529","internal_calendar",894,0.000000,0.000000,0.070000,1.000000,1.000000,"go_to_bathroom",0.000000,0.420052,"O{visible_objects=[phone, computer, desk with study materials, bed, room door, room light, alarm clock, window with curtains], A^O=[idle, use_phone, shop_on_phone, use_computer, study_at_computer, study_focused, study_halfhearted, rest_at_bed, sleep_at_bed, go_to_bathroom, get_meal, turn_light_off, close_curtain], updates=[clock.time=Day 1 10:35{known, internal_clock}, clock.total_minutes=635{known, internal_clock}], temperature_celsius=23.000000, time=Day 1 10:35, light=on, coursework_effort=unknown, coursework_status=active, unread_messages=1, self_action=use_phone{accepted, self_action_feedback}}",0
7,hidden,6,650,"695","internal_calendar",60,0.916667,0.000000,0.070000,1.000000,1.000000,"go_to_bathroom",0.002444,0.422495,"O{visible_objects=[phone, computer, desk with study materials, bed, room door, room light, alarm clock, window with curtains], A^O=[idle, use_phone, shop_on_phone, use_computer, study_at_computer, study_focused, study_halfhearted, rest_at_bed, sleep_at_bed, go_to_bathroom, get_meal, turn_light_off, close_curtain], updates=[clock.time=Day 1 10:35{known, internal_clock}, clock.total_minutes=635{known, internal_clock}], temperature_celsius=23.000000, time=Day 1 10:35, light=on, coursework_effort=unknown, coursework_status=active, unread_messages=1, self_action=use_phone{accepted, self_action_feedback}}",0
7,visible,6,650,"695","internal_calendar",60,0.916667,0.000000,0.070000,1.000000,1.000000,"go_to_bathroom",0.004211,0.424263,"O{visible_objects=[phone, computer, desk with study materials, bed, room door, room light, alarm clock, window with curtains], A^O=[idle, use_phone, shop_on_phone, use_computer, study_at_computer, study_focused, study_halfhearted, rest_at_bed, sleep_at_bed, go_to_bathroom, get_meal, turn_light_off, close_curtain], updates=[clock.time=Day 1 10:35{known, internal_clock}, clock.total_minutes=635{known, internal_clock}], temperature_celsius=23.000000, time=Day 1 10:35, light=on, coursework_effort=unknown, coursework_status=active, unread_messages=1, self_action=use_phone{accepted, self_action_feedback}}",0
7,control,7,685,"1529","internal_calendar",879,0.000000,0.000000,0.000000,1.000000,1.000000,"study_focused",0.000000,0.458279,"O{visible_objects=[phone, computer, desk with study materials, bed, room door, room light, alarm clock, window with curtains], A^O=[idle, use_phone, shop_on_phone, use_computer, study_at_computer, study_focused, study_halfhearted, rest_at_bed, sleep_at_bed, go_to_bathroom, get_meal, turn_light_off, close_curtain], updates=[clock.time=Day 1 10:50{known, internal_clock}, clock.total_minutes=650{known, internal_clock}], temperature_celsius=23.000000, time=Day 1 10:50, light=on, coursework_effort=unknown, coursework_status=active, unread_messages=1, self_action=go_to_bathroom{accepted, self_action_feedback}}",0
7,hidden,7,685,"695","internal_calendar",45,0.937500,0.000000,0.000000,1.000000,1.000000,"study_focused",0.002512,0.460790,"O{visible_objects=[phone, computer, desk with study materials, bed, room door, room light, alarm clock, window with curtains], A^O=[idle, use_phone, shop_on_phone, use_computer, study_at_computer, study_focused, study_halfhearted, rest_at_bed, sleep_at_bed, go_to_bathroom, get_meal, turn_light_off, close_curtain], updates=[clock.time=Day 1 10:50{known, internal_clock}, clock.total_minutes=650{known, internal_clock}], temperature_celsius=23.000000, time=Day 1 10:50, light=on, coursework_effort=unknown, coursework_status=active, unread_messages=1, self_action=go_to_bathroom{accepted, self_action_feedback}}",0
7,visible,7,685,"695","internal_calendar",45,0.937500,0.000000,0.000000,1.000000,1.000000,"study_focused",0.004327,0.462606,"O{visible_objects=[phone, computer, desk with study materials, bed, room door, room light, alarm clock, window with curtains], A^O=[idle, use_phone, shop_on_phone, use_computer, study_at_computer, study_focused, study_halfhearted, rest_at_bed, sleep_at_bed, go_to_bathroom, get_meal, turn_light_off, close_curtain], updates=[clock.time=Day 1 10:50{known, internal_clock}, clock.total_minutes=650{known, internal_clock}], temperature_celsius=23.000000, time=Day 1 10:50, light=on, coursework_effort=unknown, coursework_status=active, unread_messages=1, self_action=go_to_bathroom{accepted, self_action_feedback}}",0
7,control,8,686,"1529","internal_calendar",844,0.000000,0.000000,-0.150000,0.886000,0.886000,"turn_light_off",0.000000,0.389845,"O{visible_objects=[phone, computer, desk with study materials, bed, room door, room light, alarm clock, window with curtains], A^O=[idle, use_phone, shop_on_phone, use_computer, study_at_computer, study_focused, study_halfhearted, rest_at_bed, sleep_at_bed, go_to_bathroom, get_meal, turn_light_off, close_curtain], updates=[clock.time=Day 1 11:25{known, internal_clock}, clock.total_minutes=685{known, internal_clock}], temperature_celsius=23.000000, time=Day 1 11:25, light=on, coursework_effort=unknown, coursework_status=active, unread_messages=1, self_action=study_focused{accepted, self_action_feedback}}",0
7,hidden,8,686,"695","internal_calendar",10,0.986111,0.000000,-0.150000,0.886000,0.886000,"turn_light_off",0.002402,0.392247,"O{visible_objects=[phone, computer, desk with study materials, bed, room door, room light, alarm clock, window with curtains], A^O=[idle, use_phone, shop_on_phone, use_computer, study_at_computer, study_focused, study_halfhearted, rest_at_bed, sleep_at_bed, go_to_bathroom, get_meal, turn_light_off, close_curtain], updates=[clock.time=Day 1 11:25{known, internal_clock}, clock.total_minutes=685{known, internal_clock}], temperature_celsius=23.000000, time=Day 1 11:25, light=on, coursework_effort=unknown, coursework_status=active, unread_messages=1, self_action=study_focused{accepted, self_action_feedback}}",0
7,visible,8,686,"695","internal_calendar",10,0.986111,0.000000,-0.150000,0.886000,0.886000,"turn_light_off",0.004140,0.393985,"O{visible_objects=[phone, computer, desk with study materials, bed, room door, room light, alarm clock, window with curtains], A^O=[idle, use_phone, shop_on_phone, use_computer, study_at_computer, study_focused, study_halfhearted, rest_at_bed, sleep_at_bed, go_to_bathroom, get_meal, turn_light_off, close_curtain], updates=[clock.time=Day 1 11:25{known, internal_clock}, clock.total_minutes=685{known, internal_clock}], temperature_celsius=23.000000, time=Day 1 11:25, light=on, coursework_effort=unknown, coursework_status=active, unread_messages=1, self_action=study_focused{accepted, self_action_feedback}}",0
7,control,9,706,"1529","internal_calendar",843,0.000000,0.000000,0.000000,0.886000,0.886000,"shop_on_phone",0.000000,0.000000,"O{visible_objects=[phone, computer, desk with study materials, bed, room door, room light, alarm clock, window with curtains], A^O=[idle, use_phone, shop_on_phone, use_computer, rest_at_bed, sleep_at_bed, go_to_bathroom, get_meal, turn_light_on, close_curtain], updates=[room.light=off{known, direct_room_visual}, clock.time=Day 1 11:26{known, internal_clock}, clock.total_minutes=686{known, internal_clock}], temperature_celsius=23.000000, time=Day 1 11:26, light=off, coursework_effort=unknown, coursework_status=active, unread_messages=1, self_action=turn_light_off{accepted, self_action_feedback}}",0
7,hidden,9,706,"695","internal_calendar",9,0.987500,0.000000,0.000000,0.886000,0.886000,"shop_on_phone",0.000894,0.000000,"O{visible_objects=[phone, computer, desk with study materials, bed, room door, room light, alarm clock, window with curtains], A^O=[idle, use_phone, shop_on_phone, use_computer, rest_at_bed, sleep_at_bed, go_to_bathroom, get_meal, turn_light_on, close_curtain], updates=[room.light=off{known, direct_room_visual}, clock.time=Day 1 11:26{known, internal_clock}, clock.total_minutes=686{known, internal_clock}], temperature_celsius=23.000000, time=Day 1 11:26, light=off, coursework_effort=unknown, coursework_status=active, unread_messages=1, self_action=turn_light_off{accepted, self_action_feedback}}",0
7,visible,9,706,"695","internal_calendar",9,0.987500,0.000000,0.000000,0.886000,0.886000,"shop_on_phone",0.001542,0.000000,"O{visible_objects=[phone, computer, desk with study materials, bed, room door, room light, alarm clock, window with curtains], A^O=[idle, use_phone, shop_on_phone, use_computer, rest_at_bed, sleep_at_bed, go_to_bathroom, get_meal, turn_light_on, close_curtain], updates=[room.light=off{known, direct_room_visual}, clock.time=Day 1 11:26{known, internal_clock}, clock.total_minutes=686{known, internal_clock}], temperature_celsius=23.000000, time=Day 1 11:26, light=off, coursework_effort=unknown, coursework_status=active, unread_messages=1, self_action=turn_light_off{accepted, self_action_feedback}}",0
7,control,10,707,"1529","internal_calendar",823,0.000000,0.000000,0.030000,0.967000,0.967000,"turn_light_on",0.000000,0.000000,"O{visible_objects=[phone, computer, desk with study materials, bed, room door, room light, alarm clock, window with curtains], A^O=[idle, use_phone, shop_on_phone, use_computer, rest_at_bed, sleep_at_bed, go_to_bathroom, get_meal, turn_light_on, close_curtain], updates=[clock.time=Day 1 11:46{known, internal_clock}, clock.total_minutes=706{known, internal_clock}], temperature_celsius=23.000000, time=Day 1 11:46, light=off, coursework_effort=unknown, coursework_status=active, unread_messages=1, self_action=shop_on_phone{accepted, self_action_feedback}}",0
7,hidden,10,707,"695","internal_calendar",-11,1.000000,0.000000,0.030000,0.967000,0.967000,"turn_light_on",0.001047,0.000000,"O{visible_objects=[phone, computer, desk with study materials, bed, room door, room light, alarm clock, window with curtains], A^O=[idle, use_phone, shop_on_phone, use_computer, rest_at_bed, sleep_at_bed, go_to_bathroom, get_meal, turn_light_on, close_curtain], updates=[clock.time=Day 1 11:46{known, internal_clock}, clock.total_minutes=706{known, internal_clock}], temperature_celsius=23.000000, time=Day 1 11:46, light=off, coursework_effort=unknown, coursework_status=active, unread_messages=1, self_action=shop_on_phone{accepted, self_action_feedback}}",0
7,visible,10,707,"695","internal_calendar",-11,1.000000,0.000000,0.030000,0.967000,0.967000,"turn_light_on",0.001807,0.000000,"O{visible_objects=[phone, computer, desk with study materials, bed, room door, room light, alarm clock, window with curtains], A^O=[idle, use_phone, shop_on_phone, use_computer, rest_at_bed, sleep_at_bed, go_to_bathroom, get_meal, turn_light_on, close_curtain], updates=[clock.time=Day 1 11:46{known, internal_clock}, clock.total_minutes=706{known, internal_clock}], temperature_celsius=23.000000, time=Day 1 11:46, light=off, coursework_effort=unknown, coursework_status=active, unread_messages=1, self_action=shop_on_phone{accepted, self_action_feedback}}",0
7,control,11,742,"1529","internal_calendar",822,0.000000,0.000000,0.000000,0.967000,0.967000,"study_focused",0.000000,0.437715,"O{visible_objects=[phone, computer, desk with study materials, bed, room door, room light, alarm clock, window with curtains], A^O=[idle, use_phone, shop_on_phone, use_computer, study_at_computer, study_focused, study_halfhearted, rest_at_bed, sleep_at_bed, go_to_bathroom, get_meal, turn_light_off, close_curtain], updates=[room.light=on{known, direct_room_visual}, clock.time=Day 1 11:47{known, internal_clock}, clock.total_minutes=707{known, internal_clock}], temperature_celsius=23.000000, time=Day 1 11:47, light=on, coursework_effort=unknown, coursework_status=active, unread_messages=1, self_action=turn_light_on{accepted, self_action_feedback}}",0
7,hidden,11,742,"695","internal_calendar",-12,1.000000,0.000000,0.000000,0.967000,0.967000,"study_focused",0.002528,0.440242,"O{visible_objects=[phone, computer, desk with study materials, bed, room door, room light, alarm clock, window with curtains], A^O=[idle, use_phone, shop_on_phone, use_computer, study_at_computer, study_focused, study_halfhearted, rest_at_bed, sleep_at_bed, go_to_bathroom, get_meal, turn_light_off, close_curtain], updates=[room.light=on{known, direct_room_visual}, clock.time=Day 1 11:47{known, internal_clock}, clock.total_minutes=707{known, internal_clock}], temperature_celsius=23.000000, time=Day 1 11:47, light=on, coursework_effort=unknown, coursework_status=active, unread_messages=1, self_action=turn_light_on{accepted, self_action_feedback}}",0
7,visible,11,742,"695","internal_calendar",-12,1.000000,0.000000,0.000000,0.967000,0.967000,"study_focused",0.004356,0.442070,"O{visible_objects=[phone, computer, desk with study materials, bed, room door, room light, alarm clock, window with curtains], A^O=[idle, use_phone, shop_on_phone, use_computer, study_at_computer, study_focused, study_halfhearted, rest_at_bed, sleep_at_bed, go_to_bathroom, get_meal, turn_light_off, close_curtain], updates=[room.light=on{known, direct_room_visual}, clock.time=Day 1 11:47{known, internal_clock}, clock.total_minutes=707{known, internal_clock}], temperature_celsius=23.000000, time=Day 1 11:47, light=on, coursework_effort=unknown, coursework_status=active, unread_messages=1, self_action=turn_light_on{accepted, self_action_feedback}}",0
7,control,12,743,"1529","internal_calendar",787,0.000000,0.000000,-0.150000,0.853000,0.853000,"turn_light_off",0.000000,0.365087,"O{visible_objects=[phone, computer, desk with study materials, bed, room door, room light, alarm clock, window with curtains], A^O=[idle, use_phone, shop_on_phone, use_computer, study_at_computer, study_focused, study_halfhearted, rest_at_bed, sleep_at_bed, go_to_bathroom, get_meal, turn_light_off, close_curtain], updates=[clock.time=Day 1 12:22{known, internal_clock}, clock.total_minutes=742{known, internal_clock}], temperature_celsius=23.000000, time=Day 1 12:22, light=on, coursework_effort=unknown, coursework_status=active, unread_messages=1, self_action=study_focused{accepted, self_action_feedback}}",0
7,hidden,12,743,"695","internal_calendar",-47,1.000000,0.000000,-0.150000,0.853000,0.853000,"turn_light_off",0.002338,0.367425,"O{visible_objects=[phone, computer, desk with study materials, bed, room door, room light, alarm clock, window with curtains], A^O=[idle, use_phone, shop_on_phone, use_computer, study_at_computer, study_focused, study_halfhearted, rest_at_bed, sleep_at_bed, go_to_bathroom, get_meal, turn_light_off, close_curtain], updates=[clock.time=Day 1 12:22{known, internal_clock}, clock.total_minutes=742{known, internal_clock}], temperature_celsius=23.000000, time=Day 1 12:22, light=on, coursework_effort=unknown, coursework_status=active, unread_messages=1, self_action=study_focused{accepted, self_action_feedback}}",0
7,visible,12,743,"695","internal_calendar",-47,1.000000,0.000000,-0.150000,0.853000,0.853000,"turn_light_off",0.004032,0.369118,"O{visible_objects=[phone, computer, desk with study materials, bed, room door, room light, alarm clock, window with curtains], A^O=[idle, use_phone, shop_on_phone, use_computer, study_at_computer, study_focused, study_halfhearted, rest_at_bed, sleep_at_bed, go_to_bathroom, get_meal, turn_light_off, close_curtain], updates=[clock.time=Day 1 12:22{known, internal_clock}, clock.total_minutes=742{known, internal_clock}], temperature_celsius=23.000000, time=Day 1 12:22, light=on, coursework_effort=unknown, coursework_status=active, unread_messages=1, self_action=study_focused{accepted, self_action_feedback}}",0
8,control,1,495,"803","initial_calendar",323,0.551389,0.000000,0.000000,0.550000,0.550000,"go_to_bathroom",0.000000,0.314872,"O{visible_objects=[phone, computer, desk with study materials, bed, room door, room light, alarm clock, window with curtains], A^O=[idle, use_phone, shop_on_phone, use_computer, study_at_computer, study_focused, study_halfhearted, rest_at_bed, sleep_at_bed, go_to_bathroom, get_meal, turn_light_off, close_curtain], updates=[object.phone=present{known, direct_room_visual}, object.computer=present{known, direct_room_visual}, object.desk=present{known, direct_room_visual}, object.bed=present{known, direct_room_visual}, object.door=present{known, direct_room_visual}, object.light=present{known, direct_room_visual}, object.alarm=present{known, direct_room_visual}, object.window=present{known, direct_room_visual}, room.light=on{known, direct_room_visual}, room.curtain=open{known, direct_room_visual}, room.alarm=silent{known, direct_room_visual}, task.coursework.status=active{known, initial_task_brief}, task.coursework.deadline_at_total_minutes=803{known, initial_calendar}, message.unread_count=0{known, phone_notification_state}, clock.time=Day 1 08:00{known, internal_clock}, clock.total_minutes=480{known, internal_clock}, room.temperature_celsius=23.000000{known, direct_room_thermal}, outside.weather=clear{known, direct_window_visual}], temperature_celsius=23.000000, time=Day 1 08:00, light=on, coursework_effort=unknown, coursework_status=active, unread_messages=0, self_action=none}",0
8,hidden,1,495,"803","initial_calendar",323,0.551389,0.000000,0.000000,0.550000,0.550000,"go_to_bathroom",0.000000,0.314872,"O{visible_objects=[phone, computer, desk with study materials, bed, room door, room light, alarm clock, window with curtains], A^O=[idle, use_phone, shop_on_phone, use_computer, study_at_computer, study_focused, study_halfhearted, rest_at_bed, sleep_at_bed, go_to_bathroom, get_meal, turn_light_off, close_curtain], updates=[object.phone=present{known, direct_room_visual}, object.computer=present{known, direct_room_visual}, object.desk=present{known, direct_room_visual}, object.bed=present{known, direct_room_visual}, object.door=present{known, direct_room_visual}, object.light=present{known, direct_room_visual}, object.alarm=present{known, direct_room_visual}, object.window=present{known, direct_room_visual}, room.light=on{known, direct_room_visual}, room.curtain=open{known, direct_room_visual}, room.alarm=silent{known, direct_room_visual}, task.coursework.status=active{known, initial_task_brief}, task.coursework.deadline_at_total_minutes=803{known, initial_calendar}, message.unread_count=0{known, phone_notification_state}, clock.time=Day 1 08:00{known, internal_clock}, clock.total_minutes=480{known, internal_clock}, room.temperature_celsius=23.000000{known, direct_room_thermal}, outside.weather=clear{known, direct_window_visual}], temperature_celsius=23.000000, time=Day 1 08:00, light=on, coursework_effort=unknown, coursework_status=active, unread_messages=0, self_action=none}",0
8,visible,1,495,"803","initial_calendar",323,0.551389,0.000000,0.000000,0.550000,0.550000,"go_to_bathroom",0.000000,0.314872,"O{visible_objects=[phone, computer, desk with study materials, bed, room door, room light, alarm clock, window with curtains], A^O=[idle, use_phone, shop_on_phone, use_computer, study_at_computer, study_focused, study_halfhearted, rest_at_bed, sleep_at_bed, go_to_bathroom, get_meal, turn_light_off, close_curtain], updates=[object.phone=present{known, direct_room_visual}, object.computer=present{known, direct_room_visual}, object.desk=present{known, direct_room_visual}, object.bed=present{known, direct_room_visual}, object.door=present{known, direct_room_visual}, object.light=present{known, direct_room_visual}, object.alarm=present{known, direct_room_visual}, object.window=present{known, direct_room_visual}, room.light=on{known, direct_room_visual}, room.curtain=open{known, direct_room_visual}, room.alarm=silent{known, direct_room_visual}, task.coursework.status=active{known, initial_task_brief}, task.coursework.deadline_at_total_minutes=803{known, initial_calendar}, message.unread_count=0{known, phone_notification_state}, clock.time=Day 1 08:00{known, internal_clock}, clock.total_minutes=480{known, internal_clock}, room.temperature_celsius=23.000000{known, direct_room_thermal}, outside.weather=clear{known, direct_window_visual}], temperature_celsius=23.000000, time=Day 1 08:00, light=on, coursework_effort=unknown, coursework_status=active, unread_messages=0, self_action=none}",0
8,control,2,530,"803","internal_calendar",308,0.572222,0.000000,0.000000,0.550000,0.550000,"study_at_computer",0.000000,0.343812,"O{visible_objects=[phone, computer, desk with study materials, bed, room door, room light, alarm clock, window with curtains], A^O=[idle, use_phone, shop_on_phone, use_computer, study_at_computer, study_focused, study_halfhearted, rest_at_bed, sleep_at_bed, go_to_bathroom, get_meal, turn_light_off, close_curtain], updates=[clock.time=Day 1 08:15{known, internal_clock}, clock.total_minutes=495{known, internal_clock}], temperature_celsius=23.000000, time=Day 1 08:15, light=on, coursework_effort=unknown, coursework_status=active, unread_messages=0, self_action=go_to_bathroom{accepted, self_action_feedback}}",0
8,hidden,2,530,"803","initial_calendar",308,0.572222,0.000000,0.000000,0.550000,0.550000,"study_at_computer",0.000000,0.343812,"O{visible_objects=[phone, computer, desk with study materials, bed, room door, room light, alarm clock, window with curtains], A^O=[idle, use_phone, shop_on_phone, use_computer, study_at_computer, study_focused, study_halfhearted, rest_at_bed, sleep_at_bed, go_to_bathroom, get_meal, turn_light_off, close_curtain], updates=[clock.time=Day 1 08:15{known, internal_clock}, clock.total_minutes=495{known, internal_clock}], temperature_celsius=23.000000, time=Day 1 08:15, light=on, coursework_effort=unknown, coursework_status=active, unread_messages=0, self_action=go_to_bathroom{accepted, self_action_feedback}}",0
8,visible,2,530,"675","internal_calendar",180,0.750000,0.150000,0.150000,0.751000,0.751000,"study_at_computer",0.032442,0.376253,"O{visible_objects=[phone, computer, desk with study materials, bed, room door, room light, alarm clock, window with curtains], A^O=[idle, use_phone, shop_on_phone, use_computer, study_at_computer, study_focused, study_halfhearted, rest_at_bed, sleep_at_bed, go_to_bathroom, get_meal, turn_light_off, close_curtain], updates=[task.coursework.deadline_at_total_minutes=675{known, internal_calendar}, clock.time=Day 1 08:15{known, internal_clock}, clock.total_minutes=495{known, internal_clock}], temperature_celsius=23.000000, time=Day 1 08:15, light=on, coursework_effort=unknown, coursework_status=active, unread_messages=0, self_action=go_to_bathroom{accepted, self_action_feedback}}",1
8,control,3,565,"803","internal_calendar",273,0.620833,0.000000,-0.150000,0.436000,0.436000,"study_focused",0.000000,0.383638,"O{visible_objects=[phone, computer, desk with study materials, bed, room door, room light, alarm clock, window with curtains], A^O=[idle, use_phone, shop_on_phone, use_computer, study_at_computer, study_focused, study_halfhearted, rest_at_bed, sleep_at_bed, go_to_bathroom, get_meal, turn_light_off, close_curtain], updates=[clock.time=Day 1 08:50{known, internal_clock}, clock.total_minutes=530{known, internal_clock}], temperature_celsius=23.000000, time=Day 1 08:50, light=on, coursework_effort=unknown, coursework_status=active, unread_messages=0, self_action=study_at_computer{accepted, self_action_feedback}}",0
8,hidden,3,565,"803","initial_calendar",273,0.620833,0.000000,-0.150000,0.436000,0.436000,"study_focused",0.000000,0.383638,"O{visible_objects=[phone, computer, desk with study materials, bed, room door, room light, alarm clock, window with curtains], A^O=[idle, use_phone, shop_on_phone, use_computer, study_at_computer, study_focused, study_halfhearted, rest_at_bed, sleep_at_bed, go_to_bathroom, get_meal, turn_light_off, close_curtain], updates=[clock.time=Day 1 08:50{known, internal_clock}, clock.total_minutes=530{known, internal_clock}], temperature_celsius=23.000000, time=Day 1 08:50, light=on, coursework_effort=unknown, coursework_status=active, unread_messages=0, self_action=study_at_computer{accepted, self_action_feedback}}",0
8,visible,3,565,"675","internal_calendar",145,0.798611,0.000000,-0.150000,0.637000,0.637000,"study_focused",0.034185,0.417823,"O{visible_objects=[phone, computer, desk with study materials, bed, room door, room light, alarm clock, window with curtains], A^O=[idle, use_phone, shop_on_phone, use_computer, study_at_computer, study_focused, study_halfhearted, rest_at_bed, sleep_at_bed, go_to_bathroom, get_meal, turn_light_off, close_curtain], updates=[clock.time=Day 1 08:50{known, internal_clock}, clock.total_minutes=530{known, internal_clock}], temperature_celsius=23.000000, time=Day 1 08:50, light=on, coursework_effort=unknown, coursework_status=active, unread_messages=0, self_action=study_at_computer{accepted, self_action_feedback}}",0
8,control,4,590,"803","internal_calendar",238,0.669444,0.000000,-0.150000,0.322000,0.322000,"use_phone",0.000000,0.322034,"O{visible_objects=[phone, computer, desk with study materials, bed, room door, room light, alarm clock, window with curtains], A^O=[idle, use_phone, shop_on_phone, use_computer, study_at_computer, study_focused, study_halfhearted, rest_at_bed, sleep_at_bed, go_to_bathroom, get_meal, turn_light_off, close_curtain], updates=[clock.time=Day 1 09:25{known, internal_clock}, clock.total_minutes=565{known, internal_clock}], temperature_celsius=23.000000, time=Day 1 09:25, light=on, coursework_effort=unknown, coursework_status=active, unread_messages=0, self_action=study_focused{accepted, self_action_feedback}}",0
8,hidden,4,590,"675","internal_calendar",110,0.847222,0.169444,0.019444,0.506444,0.506444,"use_phone",0.028840,0.350875,"O{visible_objects=[phone, computer, desk with study materials, bed, room door, room light, alarm clock, window with curtains], A^O=[idle, use_phone, shop_on_phone, use_computer, study_at_computer, study_focused, study_halfhearted, rest_at_bed, sleep_at_bed, go_to_bathroom, get_meal, turn_light_off, close_curtain], updates=[task.coursework.deadline_at_total_minutes=675{known, internal_calendar}, clock.time=Day 1 09:25{known, internal_clock}, clock.total_minutes=565{known, internal_clock}], temperature_celsius=23.000000, time=Day 1 09:25, light=on, coursework_effort=unknown, coursework_status=active, unread_messages=0, self_action=study_focused{accepted, self_action_feedback}}",1
8,visible,4,590,"675","internal_calendar",110,0.847222,0.000000,-0.150000,0.523000,0.523000,"use_phone",0.031718,0.353753,"O{visible_objects=[phone, computer, desk with study materials, bed, room door, room light, alarm clock, window with curtains], A^O=[idle, use_phone, shop_on_phone, use_computer, study_at_computer, study_focused, study_halfhearted, rest_at_bed, sleep_at_bed, go_to_bathroom, get_meal, turn_light_off, close_curtain], updates=[clock.time=Day 1 09:25{known, internal_clock}, clock.total_minutes=565{known, internal_clock}], temperature_celsius=23.000000, time=Day 1 09:25, light=on, coursework_effort=unknown, coursework_status=active, unread_messages=0, self_action=study_focused{accepted, self_action_feedback}}",0
8,control,5,1070,"803","internal_calendar",213,0.704167,0.000000,0.070000,0.443000,0.443000,"sleep_at_bed",0.000000,0.250588,"O{visible_objects=[phone, computer, desk with study materials, bed, room door, room light, alarm clock, window with curtains], A^O=[idle, use_phone, shop_on_phone, use_computer, study_at_computer, study_focused, study_halfhearted, rest_at_bed, sleep_at_bed, go_to_bathroom, get_meal, turn_light_off, turn_off_alarm, close_curtain], updates=[room.alarm=ringing{known, direct_room_auditory}, clock.time=Day 1 09:50{known, internal_clock}, clock.total_minutes=590{known, internal_clock}], temperature_celsius=23.000000, time=Day 1 09:50, light=on, coursework_effort=unknown, coursework_status=active, unread_messages=0, self_action=use_phone{accepted, self_action_feedback}}",0
8,hidden,5,1070,"675","internal_calendar",85,0.881944,0.000000,0.070000,0.627444,0.627444,"sleep_at_bed",0.024769,0.275357,"O{visible_objects=[phone, computer, desk with study materials, bed, room door, room light, alarm clock, window with curtains], A^O=[idle, use_phone, shop_on_phone, use_computer, study_at_computer, study_focused, study_halfhearted, rest_at_bed, sleep_at_bed, go_to_bathroom, get_meal, turn_light_off, turn_off_alarm, close_curtain], updates=[room.alarm=ringing{known, direct_room_auditory}, clock.time=Day 1 09:50{known, internal_clock}, clock.total_minutes=590{known, internal_clock}], temperature_celsius=23.000000, time=Day 1 09:50, light=on, coursework_effort=unknown, coursework_status=active, unread_messages=0, self_action=use_phone{accepted, self_action_feedback}}",0
8,visible,5,1070,"675","internal_calendar",85,0.881944,0.000000,0.070000,0.644000,0.644000,"sleep_at_bed",0.027233,0.277821,"O{visible_objects=[phone, computer, desk with study materials, bed, room door, room light, alarm clock, window with curtains], A^O=[idle, use_phone, shop_on_phone, use_computer, study_at_computer, study_focused, study_halfhearted, rest_at_bed, sleep_at_bed, go_to_bathroom, get_meal, turn_light_off, turn_off_alarm, close_curtain], updates=[room.alarm=ringing{known, direct_room_auditory}, clock.time=Day 1 09:50{known, internal_clock}, clock.total_minutes=590{known, internal_clock}], temperature_celsius=23.000000, time=Day 1 09:50, light=on, coursework_effort=unknown, coursework_status=active, unread_messages=0, self_action=use_phone{accepted, self_action_feedback}}",0
8,control,6,1071,"803","internal_calendar",-267,1.000000,0.000000,0.280000,0.774000,0.774000,"turn_off_alarm",0.000000,0.323252,"O{visible_objects=[phone, computer, desk with study materials, bed, room door, room light, alarm clock, window with curtains], A^O=[idle, use_phone, shop_on_phone, use_computer, study_at_computer, study_focused, study_halfhearted, rest_at_bed, sleep_at_bed, go_to_bathroom, get_meal, turn_light_off, turn_off_alarm, close_curtain], updates=[message.unread_count=1{known, phone_notification_state}, clock.time=Day 1 17:50{known, internal_clock}, clock.total_minutes=1070{known, internal_clock}, room.temperature_celsius=24.000000{known, direct_room_thermal}, outside.weather=rain{known, direct_window_visual}, calendar.task_due=today{known, calendar_notification}], temperature_celsius=24.000000, time=Day 1 17:50, light=on, coursework_effort=unknown, coursework_status=active, unread_messages=1, self_action=sleep_at_bed{accepted, self_action_feedback}}",0
8,hidden,6,1071,"675","internal_calendar",-395,1.000000,0.000000,0.280000,0.958444,0.958444,"turn_off_alarm",0.030907,0.354160,"O{visible_objects=[phone, computer, desk with study materials, bed, room door, room light, alarm clock, window with curtains], A^O=[idle, use_phone, shop_on_phone, use_computer, study_at_computer, study_focused, study_halfhearted, rest_at_bed, sleep_at_bed, go_to_bathroom, get_meal, turn_light_off, turn_off_alarm, close_curtain], updates=[message.unread_count=1{known, phone_notification_state}, clock.time=Day 1 17:50{known, internal_clock}, clock.total_minutes=1070{known, internal_clock}, room.temperature_celsius=24.000000{known, direct_room_thermal}, outside.weather=rain{known, direct_window_visual}, calendar.task_due=today{known, calendar_notification}], temperature_celsius=24.000000, time=Day 1 17:50, light=on, coursework_effort=unknown, coursework_status=active, unread_messages=1, self_action=sleep_at_bed{accepted, self_action_feedback}}",0
8,visible,6,1071,"675","internal_calendar",-395,1.000000,0.000000,0.280000,0.975000,0.975000,"turn_off_alarm",0.034179,0.357431,"O{visible_objects=[phone, computer, desk with study materials, bed, room door, room light, alarm clock, window with curtains], A^O=[idle, use_phone, shop_on_phone, use_computer, study_at_computer, study_focused, study_halfhearted, rest_at_bed, sleep_at_bed, go_to_bathroom, get_meal, turn_light_off, turn_off_alarm, close_curtain], updates=[message.unread_count=1{known, phone_notification_state}, clock.time=Day 1 17:50{known, internal_clock}, clock.total_minutes=1070{known, internal_clock}, room.temperature_celsius=24.000000{known, direct_room_thermal}, outside.weather=rain{known, direct_window_visual}, calendar.task_due=today{known, calendar_notification}], temperature_celsius=24.000000, time=Day 1 17:50, light=on, coursework_effort=unknown, coursework_status=active, unread_messages=1, self_action=sleep_at_bed{accepted, self_action_feedback}}",0
8,control,7,1106,"803","internal_calendar",-268,1.000000,0.000000,0.000000,0.774000,0.774000,"study_focused",0.000000,0.360784,"O{visible_objects=[phone, computer, desk with study materials, bed, room door, room light, alarm clock, window with curtains], A^O=[idle, use_phone, shop_on_phone, use_computer, study_at_computer, study_focused, study_halfhearted, rest_at_bed, sleep_at_bed, go_to_bathroom, get_meal, turn_light_off, close_curtain], updates=[room.alarm=silent{known, direct_room_visual}, clock.time=Day 1 17:51{known, internal_clock}, clock.total_minutes=1071{known, internal_clock}], temperature_celsius=24.000000, time=Day 1 17:51, light=on, coursework_effort=unknown, coursework_status=active, unread_messages=1, self_action=turn_off_alarm{accepted, self_action_feedback}}",0
8,hidden,7,1106,"675","internal_calendar",-396,1.000000,0.000000,0.000000,0.958444,0.958444,"study_focused",0.033614,0.394398,"O{visible_objects=[phone, computer, desk with study materials, bed, room door, room light, alarm clock, window with curtains], A^O=[idle, use_phone, shop_on_phone, use_computer, study_at_computer, study_focused, study_halfhearted, rest_at_bed, sleep_at_bed, go_to_bathroom, get_meal, turn_light_off, close_curtain], updates=[room.alarm=silent{known, direct_room_visual}, clock.time=Day 1 17:51{known, internal_clock}, clock.total_minutes=1071{known, internal_clock}], temperature_celsius=24.000000, time=Day 1 17:51, light=on, coursework_effort=unknown, coursework_status=active, unread_messages=1, self_action=turn_off_alarm{accepted, self_action_feedback}}",0
8,visible,7,1106,"675","internal_calendar",-396,1.000000,0.000000,0.000000,0.975000,0.975000,"study_focused",0.037260,0.398044,"O{visible_objects=[phone, computer, desk with study materials, bed, room door, room light, alarm clock, window with curtains], A^O=[idle, use_phone, shop_on_phone, use_computer, study_at_computer, study_focused, study_halfhearted, rest_at_bed, sleep_at_bed, go_to_bathroom, get_meal, turn_light_off, close_curtain], updates=[room.alarm=silent{known, direct_room_visual}, clock.time=Day 1 17:51{known, internal_clock}, clock.total_minutes=1071{known, internal_clock}], temperature_celsius=24.000000, time=Day 1 17:51, light=on, coursework_effort=unknown, coursework_status=active, unread_messages=1, self_action=turn_off_alarm{accepted, self_action_feedback}}",0
8,control,8,1121,"803","internal_calendar",-303,1.000000,0.000000,-0.150000,0.660000,0.660000,"go_to_bathroom",0.000000,0.363490,"O{visible_objects=[phone, computer, desk with study materials, bed, room door, room light, alarm clock, window with curtains], A^O=[idle, use_phone, shop_on_phone, use_computer, study_at_computer, study_focused, study_halfhearted, rest_at_bed, sleep_at_bed, go_to_bathroom, get_meal, turn_light_off, close_curtain], updates=[clock.time=Day 1 18:26{known, internal_clock}, clock.total_minutes=1106{known, internal_clock}], temperature_celsius=24.000000, time=Day 1 18:26, light=on, coursework_effort=unknown, coursework_status=active, unread_messages=1, self_action=study_focused{accepted, self_action_feedback}}",0
8,hidden,8,1121,"675","internal_calendar",-431,1.000000,0.000000,-0.150000,0.844444,0.844444,"go_to_bathroom",0.034054,0.397544,"O{visible_objects=[phone, computer, desk with study materials, bed, room door, room light, alarm clock, window with curtains], A^O=[idle, use_phone, shop_on_phone, use_computer, study_at_computer, study_focused, study_halfhearted, rest_at_bed, sleep_at_bed, go_to_bathroom, get_meal, turn_light_off, close_curtain], updates=[clock.time=Day 1 18:26{known, internal_clock}, clock.total_minutes=1106{known, internal_clock}], temperature_celsius=24.000000, time=Day 1 18:26, light=on, coursework_effort=unknown, coursework_status=active, unread_messages=1, self_action=study_focused{accepted, self_action_feedback}}",0
8,visible,8,1121,"675","internal_calendar",-431,1.000000,0.000000,-0.150000,0.861000,0.861000,"go_to_bathroom",0.037742,0.401232,"O{visible_objects=[phone, computer, desk with study materials, bed, room door, room light, alarm clock, window with curtains], A^O=[idle, use_phone, shop_on_phone, use_computer, study_at_computer, study_focused, study_halfhearted, rest_at_bed, sleep_at_bed, go_to_bathroom, get_meal, turn_light_off, close_curtain], updates=[clock.time=Day 1 18:26{known, internal_clock}, clock.total_minutes=1106{known, internal_clock}], temperature_celsius=24.000000, time=Day 1 18:26, light=on, coursework_effort=unknown, coursework_status=active, unread_messages=1, self_action=study_focused{accepted, self_action_feedback}}",0
8,control,9,1156,"803","internal_calendar",-318,1.000000,0.000000,0.000000,0.660000,0.660000,"study_at_computer",0.000000,0.369989,"O{visible_objects=[phone, computer, desk with study materials, bed, room door, room light, alarm clock, window with curtains], A^O=[idle, use_phone, shop_on_phone, use_computer, study_at_computer, study_focused, study_halfhearted, rest_at_bed, sleep_at_bed, go_to_bathroom, get_meal, turn_light_off, close_curtain], updates=[clock.time=Day 1 18:41{known, internal_clock}, clock.total_minutes=1121{known, internal_clock}], temperature_celsius=24.000000, time=Day 1 18:41, light=on, coursework_effort=unknown, coursework_status=active, unread_messages=1, self_action=go_to_bathroom{accepted, self_action_feedback}}",0
8,hidden,9,1156,"675","internal_calendar",-446,1.000000,0.000000,0.000000,0.844444,0.844444,"study_at_computer",0.034621,0.404610,"O{visible_objects=[phone, computer, desk with study materials, bed, room door, room light, alarm clock, window with curtains], A^O=[idle, use_phone, shop_on_phone, use_computer, study_at_computer, study_focused, study_halfhearted, rest_at_bed, sleep_at_bed, go_to_bathroom, get_meal, turn_light_off, close_curtain], updates=[clock.time=Day 1 18:41{known, internal_clock}, clock.total_minutes=1121{known, internal_clock}], temperature_celsius=24.000000, time=Day 1 18:41, light=on, coursework_effort=unknown, coursework_status=active, unread_messages=1, self_action=go_to_bathroom{accepted, self_action_feedback}}",0
8,visible,9,1156,"675","internal_calendar",-446,1.000000,0.000000,0.000000,0.861000,0.861000,"study_at_computer",0.038370,0.408359,"O{visible_objects=[phone, computer, desk with study materials, bed, room door, room light, alarm clock, window with curtains], A^O=[idle, use_phone, shop_on_phone, use_computer, study_at_computer, study_focused, study_halfhearted, rest_at_bed, sleep_at_bed, go_to_bathroom, get_meal, turn_light_off, close_curtain], updates=[clock.time=Day 1 18:41{known, internal_clock}, clock.total_minutes=1121{known, internal_clock}], temperature_celsius=24.000000, time=Day 1 18:41, light=on, coursework_effort=unknown, coursework_status=active, unread_messages=1, self_action=go_to_bathroom{accepted, self_action_feedback}}",0
8,control,10,1191,"803","internal_calendar",-353,1.000000,0.000000,-0.150000,0.546000,0.546000,"get_meal",0.000000,0.342989,"O{visible_objects=[phone, computer, desk with study materials, bed, room door, room light, alarm clock, window with curtains], A^O=[idle, use_phone, shop_on_phone, use_computer, study_at_computer, study_focused, study_halfhearted, rest_at_bed, sleep_at_bed, go_to_bathroom, get_meal, turn_light_off, close_curtain], updates=[clock.time=Day 1 19:16{known, internal_clock}, clock.total_minutes=1156{known, internal_clock}], temperature_celsius=24.000000, time=Day 1 19:16, light=on, coursework_effort=unknown, coursework_status=active, unread_messages=1, self_action=study_at_computer{accepted, self_action_feedback}}",0
8,hidden,10,1191,"675","internal_calendar",-481,1.000000,0.000000,-0.150000,0.730444,0.730444,"get_meal",0.033737,0.376726,"O{visible_objects=[phone, computer, desk with study materials, bed, room door, room light, alarm clock, window with curtains], A^O=[idle, use_phone, shop_on_phone, use_computer, study_at_computer, study_focused, study_halfhearted, rest_at_bed, sleep_at_bed, go_to_bathroom, get_meal, turn_light_off, close_curtain], updates=[clock.time=Day 1 19:16{known, internal_clock}, clock.total_minutes=1156{known, internal_clock}], temperature_celsius=24.000000, time=Day 1 19:16, light=on, coursework_effort=unknown, coursework_status=active, unread_messages=1, self_action=study_at_computer{accepted, self_action_feedback}}",0
8,visible,10,1191,"675","internal_calendar",-481,1.000000,0.000000,-0.150000,0.747000,0.747000,"get_meal",0.037398,0.380388,"O{visible_objects=[phone, computer, desk with study materials, bed, room door, room light, alarm clock, window with curtains], A^O=[idle, use_phone, shop_on_phone, use_computer, study_at_computer, study_focused, study_halfhearted, rest_at_bed, sleep_at_bed, go_to_bathroom, get_meal, turn_light_off, close_curtain], updates=[clock.time=Day 1 19:16{known, internal_clock}, clock.total_minutes=1156{known, internal_clock}], temperature_celsius=24.000000, time=Day 1 19:16, light=on, coursework_effort=unknown, coursework_status=active, unread_messages=1, self_action=study_at_computer{accepted, self_action_feedback}}",0
8,control,11,1251,"803","internal_calendar",-388,1.000000,0.000000,0.000000,0.546000,0.546000,"rest_at_bed",0.000000,0.362243,"O{visible_objects=[phone, computer, desk with study materials, bed, room door, room light, alarm clock, window with curtains], A^O=[idle, use_phone, shop_on_phone, use_computer, study_at_computer, study_focused, study_halfhearted, rest_at_bed, sleep_at_bed, go_to_bathroom, get_meal, turn_light_off, close_curtain], updates=[clock.time=Day 1 19:51{known, internal_clock}, clock.total_minutes=1191{known, internal_clock}], temperature_celsius=24.000000, time=Day 1 19:51, light=on, coursework_effort=unknown, coursework_status=active, unread_messages=1, self_action=get_meal{accepted, self_action_feedback}}",0
8,hidden,11,1251,"675","internal_calendar",-516,1.000000,0.000000,0.000000,0.730444,0.730444,"rest_at_bed",0.035071,0.397314,"O{visible_objects=[phone, computer, desk with study materials, bed, room door, room light, alarm clock, window with curtains], A^O=[idle, use_phone, shop_on_phone, use_computer, study_at_computer, study_focused, study_halfhearted, rest_at_bed, sleep_at_bed, go_to_bathroom, get_meal, turn_light_off, close_curtain], updates=[clock.time=Day 1 19:51{known, internal_clock}, clock.total_minutes=1191{known, internal_clock}], temperature_celsius=24.000000, time=Day 1 19:51, light=on, coursework_effort=unknown, coursework_status=active, unread_messages=1, self_action=get_meal{accepted, self_action_feedback}}",0
8,visible,11,1251,"675","internal_calendar",-516,1.000000,0.000000,0.000000,0.747000,0.747000,"rest_at_bed",0.038862,0.401105,"O{visible_objects=[phone, computer, desk with study materials, bed, room door, room light, alarm clock, window with curtains], A^O=[idle, use_phone, shop_on_phone, use_computer, study_at_computer, study_focused, study_halfhearted, rest_at_bed, sleep_at_bed, go_to_bathroom, get_meal, turn_light_off, close_curtain], updates=[clock.time=Day 1 19:51{known, internal_clock}, clock.total_minutes=1191{known, internal_clock}], temperature_celsius=24.000000, time=Day 1 19:51, light=on, coursework_effort=unknown, coursework_status=active, unread_messages=1, self_action=get_meal{accepted, self_action_feedback}}",0
8,control,12,1286,"803","internal_calendar",-448,1.000000,0.000000,0.030000,0.627000,0.627000,"study_halfhearted",0.000000,0.426291,"O{visible_objects=[phone, computer, desk with study materials, bed, room door, room light, alarm clock, window with curtains], A^O=[idle, use_phone, shop_on_phone, use_computer, study_at_computer, study_focused, study_halfhearted, rest_at_bed, sleep_at_bed, go_to_bathroom, get_meal, turn_light_off, close_curtain], updates=[clock.time=Day 1 20:51{known, internal_clock}, clock.total_minutes=1251{known, internal_clock}], temperature_celsius=24.000000, time=Day 1 20:51, light=on, coursework_effort=unknown, coursework_status=active, unread_messages=1, self_action=rest_at_bed{accepted, self_action_feedback}}",0
8,hidden,12,1286,"675","internal_calendar",-576,1.000000,0.000000,0.030000,0.811444,0.811444,"study_halfhearted",0.037678,0.463969,"O{visible_objects=[phone, computer, desk with study materials, bed, room door, room light, alarm clock, window with curtains], A^O=[idle, use_phone, shop_on_phone, use_computer, study_at_computer, study_focused, study_halfhearted, rest_at_bed, sleep_at_bed, go_to_bathroom, get_meal, turn_light_off, close_curtain], updates=[clock.time=Day 1 20:51{known, internal_clock}, clock.total_minutes=1251{known, internal_clock}], temperature_celsius=24.000000, time=Day 1 20:51, light=on, coursework_effort=unknown, coursework_status=active, unread_messages=1, self_action=rest_at_bed{accepted, self_action_feedback}}",0
8,visible,12,1286,"675","internal_calendar",-576,1.000000,0.000000,0.030000,0.828000,0.828000,"study_halfhearted",0.041695,0.467986,"O{visible_objects=[phone, computer, desk with study materials, bed, room door, room light, alarm clock, window with curtains], A^O=[idle, use_phone, shop_on_phone, use_computer, study_at_computer, study_focused, study_halfhearted, rest_at_bed, sleep_at_bed, go_to_bathroom, get_meal, turn_light_off, close_curtain], updates=[clock.time=Day 1 20:51{known, internal_clock}, clock.total_minutes=1251{known, internal_clock}], temperature_celsius=24.000000, time=Day 1 20:51, light=on, coursework_effort=unknown, coursework_status=active, unread_messages=1, self_action=rest_at_bed{accepted, self_action_feedback}}",0
